tree
version=v4
num_class=1
num_tree_per_iteration=1
label_index=0
max_feature_idx=30
objective=binary sigmoid:1
feature_names=lead_day forecast_rain fc_log1p fc_clim_ratio fc_minus_rain_threshold fc_jump fc_jump_abs fc_jump_gap fc_neighbor_std fc_spread fc_spread_rel fc_region_mean fc_region_dev mslp_z surface_pressure_z mslp_region_z mslp_tendency dewpoint_z dewpoint_depression dewpoint_depression_z temp_z wind_u_z wind_v_z wind_speed_z era5_tp_rel hist_bust_rate bust_threshold_mm clim_wet_frac month_sin month_cos region_id
feature_infos=[1:10] [0:147.4310302734375] [0:5.0001206398010254] [-3.0372314453125:4.2817873954772949] [-2.5:144.9310302734375] [-122.50345611572266:105.34930419921875] [0:122.50345611572266] [1:1] [0:81.108245849609375] none none [0:48.698654174804688] [-41.725673675537109:117.58931732177734] [-3.8352363109588623:3.8336741924285889] [-3.8307363986968994:3.4036271572113037] [-2.8655672073364258:3.1152551174163818] [-2.9951744079589844:3.3524715900421143] [-4.4516005516052246:3.5300943851470947] [0.374969482421875:30.09368896484375] [-3.7838811874389648:5.1205744743347168] [-4.0042018890380859:3.5564045906066895] [-5.1364312171936035:5.2599472999572754] [-5.018951416015625:6.3132047653198242] [-3.8072113990783691:5.7722959518432617] [0:4.3258748054504395] [0.026925018057227135:0.49697798490524292] [25:27.303686141967773] [0:0.98924732208251953] [-0.99999940395355225:0.99998557567596436] [-0.99997919797897339:0.99999076128005981] [0:3]
tree_sizes=3413 3492 3490 3510 3503 3512 3512 3516 3488 3505 3511 3516 3526 3516 3516 3527 3511 3515 3520 3510 3518 3528 3529 3530 3528 3528 3522 3529 3517 3540 3536 3537 3550 3546 3544 3547 3525 3538 3542 3552 3554 3550 3567 3560 3541 3548 3565 3540 3551 3542 3550 3540 3558 3551 3556 3548 3560 3553 3565 3547 3575 3568 3555 3564 3554 3546 3557 3551 3560 3571 3561 3537 3562 3562 3551 3569 3575 3551 3562 3540 3573 3558 3535 3563 3545 3571 3540 3562 3552 3537 3550 3560 3564 3565 3545 3547 3555 3547 3567 3549 3534 3557 3539 3574 3556 3571 3532 3531 3558 3546 3563 3552 3556 3541 3576 3534 3545 3557 3549 3560 3550 3559 3565 3554 3562 3553 3551 3600 3568 3559 3533 3532 3573 3531 3567 3568 3557 3561 3530 3521 3552 3525 3524 3537 3533 3597 3535 3573 3579 3557 3538 3532 3546 3567 3557 3514 3541 3533 3559 3559 3542 3520 3545 3514 3589 3519 3532 3555 3563 3552

Tree=0
num_leaves=31
num_cat=0
split_feature=1 4 4 27 27 4 1 27 27 0 1 1 1 29 6 27 25 27 12 12 3 27 0 6 0 18 27 29 28 28
split_gain=38662.9 5616.19 5147.81 2622.15 2174.33 2002.61 1706.26 1593.98 1481.23 1174.4 1135.91 982.165 747.348 532.665 431.047 425.839 395.93 366.338 354.124 324.27 322.703 297.507 291.843 219.818 209.544 193.984 180.635 169.814 163.228 151.629
threshold=0.66245207190513622 5.7000002861022958 -0.54763150215148915 0.32795698940753942 0.48082436621189123 1.0000000180025095e-35 35.575925827026374 0.32795698940753942 0.50824373960495006 5.5000000000000009 3.9227485656738286 4.9186432361602792 0.033831289038062103 -0.59867820143699635 1.164174020290375 0.81953403353691112 0.24097617715597155 0.24718532711267474 -1.0344175100326536 -0.33531193435192103 1.2372741103172304 0.1637992858886719 4.5000000000000009 0.25777128338813787 4.5000000000000009 7.7660980224609384 0.25681003928184515 0.24997577071189883 0.81428062915802013 0.65233618021011364
decision_type=2 2 2 2 2 2 2 2 2 2 2 2 2 2 8 2 2 2 2 2 2 2 2 8 2 10 2 2 2 2
left_child=3 2 7 12 5 27 8 19 9 -3 -6 17 -1 23 25 -12 -10 28 -14 -2 -8 -11 -13 29 -22 -9 -24 -4 -7 -5
right_child=1 6 4 13 10 11 20 14 16 21 15 22 18 -15 -16 -17 -18 -19 -20 -21 24 -23 26 -25 -26 -27 -28 -29 -30 -31
leaf_value=-1.7711633151546908 -1.7216563816690857 -1.7301558735540883 -1.6919799104686284 -1.7330009163806013 -1.665304801916023 -1.6002997528249792 -1.6851730830786633 -1.7142027606815196 -1.7440838329075086 -1.6232368647949964 -1.6949991500094488 -1.6870448555837132 -1.7440317830810792 -1.7476265466292904 -1.6744261562541594 -1.7267965355222459 -1.7252852357181048 -1.6398683668202583 -1.7625287958703222 -1.7456302379478876 -1.6690325803303561 -1.681318955595736 -1.6321067929767772 -1.6975453690681475 -1.5912141347386479 -1.6806767463019308 -1.6668116714592929 -1.7259466545316982 -1.6377995410168817 -1.6812540452568285
leaf_weight=14712.307896018028 925.70395839214325 633.54375058412552 397.34805798530579 437.28637111186981 1144.3471439480782 483.45709615945816 154.91995346546173 739.87632948160172 2861.1858400702477 92.977410495281219 1623.7340935468674 366.56757462024689 1300.6662102937698 727.53869771957397 596.91243153810501 495.54034376144409 1555.8135228157043 835.01600533723831 3288.2968447804451 1122.3429141044617 54.565402328968048 566.38633233308792 236.32288467884064 426.60223639011383 82.547659933567047 196.89333987236023 346.59841805696487 199.81875771284103 151.99453562498093 56.727667689323425
leaf_count=115670 7278 4981 3124 3438 8997 3801 1218 5817 22495 731 12766 2882 10226 5720 4693 3896 12232 6565 25853 8824 429 4453 1858 3354 649 1548 2725 1571 1195 446
internal_value=-1.73801 -1.70268 -1.68876 -1.76476 -1.67239 -1.65403 -1.72557 -1.71747 -1.72919 -1.70096 -1.68939 -1.64189 -1.76787 -1.72845 -1.69435 -1.70243 -1.73746 -1.62649 -1.75729 -1.73479 -1.65496 -1.67297 -1.66582 -1.7133 -1.62146 -1.7071 -1.65258 -1.70331 -1.6091 -1.72696
internal_weight=36813.8 15864.4 9862.47 20949.4 6280.74 3017.12 6001.94 3581.73 5709.91 1292.91 3263.62 2419.96 19301.3 1648.15 1533.68 2119.27 4417 1470.47 4588.96 2048.05 292.033 659.364 949.489 920.616 137.113 936.77 582.921 597.167 635.452 494.014
internal_count=289435 124728 77540 164707 49380 23721 47188 28160 44892 10165 25659 19026 151749 12958 12058 16662 34727 11561 36079 16102 2296 5184 7465 7238 1078 7365 4583 4695 4996 3884
is_linear=0
shrinkage=1


Tree=1
num_leaves=31
num_cat=0
split_feature=1 4 1 27 4 27 4 27 27 0 1 1 1 8 29 0 27 11 27 11 27 8 27 11 11 1 0 28 29 8
split_gain=36046.6 5032.34 4208.09 2595.93 1553.98 1452.74 2017.38 1408.26 1353.34 967.877 960.772 747.73 744.003 435.588 421.022 396.785 384.492 357.248 356.461 297.99 264.04 246.657 238.82 223.843 202.536 200.734 195.92 193.543 181.31 168.932
threshold=0.66245207190513622 5.7000002861022958 1.8416667580604555 0.32795698940753942 33.26420974731446 0.48082436621189123 1.0000000180025095e-35 0.50824373960495006 0.32795698940753942 5.5000000000000009 4.2039761543273935 4.3065295219421396 0.033831289038062103 1.0039523243904116 -0.59867820143699635 4.5000000000000009 0.81953403353691112 1.3113456368446352 0.79032260179519664 1.2704867720603945 0.043727599084377296 0.20549450814723971 0.1637992858886719 1.794275224208832 1.744554936885834 47.646572113037116 4.5000000000000009 -0.031173458322882649 -0.63919836282730091 0.93729010224342357
decision_type=2 2 2 2 2 2 2 2 2 2 2 2 2 2 2 2 2 2 2 2 2 2 2 2 2 2 2 2 2 2
left_child=3 2 8 12 7 6 24 9 19 -3 -7 23 -1 27 21 -9 -12 -14 -17 -2 -13 -5 -11 -8 -4 -6 -22 -10 -15 -21
right_child=1 4 5 14 25 10 11 15 13 22 16 20 17 28 -16 18 -18 -19 -20 29 26 -23 -24 -25 -26 -27 -28 -29 -30 -31
leaf_value=-0.032899394307864288 -0.0088884097053057356 0.0084659239538772118 0.011168600491031817 0.0051621861929567539 0.059147881570511381 0.065221599767974647 0.12234526479804587 -0.011275027893331999 0.014588919108527281 0.10233566543469186 0.040178435301297749 0.12666941866978551 -0.024186437515282752 0.073800131167100533 -0.0075486365495950041 0.017542911922967079 0.0092340857697687326 -0.0053951515842694297 -0.0041628461829148851 0.0050509090580272706 0.051617638617067335 0.036293761494552407 0.052203282879417202 0.094413773254092781 0.043156333240515397 0.11071212620377854 0.076579936433149531 0.044399014783184115 0.041126979136221813 0.031017459785312756
leaf_weight=14357.300694957376 978.31611059606075 637.71276253461838 290.91905577480793 403.06198234856129 195.77522519230843 1408.8259033560753 387.18759889900684 1691.3869449496269 491.58718827366829 100.59542867541313 1526.2953076958656 71.402252465486526 3263.7988686412573 358.76163065433502 727.59224212169647 1429.8082118630409 474.33060705661774 1263.6584597378969 1298.6679313182831 616.92891190946102 468.46025389432907 530.71842512488365 601.19774009287357 905.28473471105099 462.25126788020134 108.17105466127396 758.98173102736473 326.76125472784042 275.02690581977367 354.83084972202778
leaf_count=115545 7730 4986 2250 3123 1459 10570 2806 13323 3763 731 11646 524 26099 2728 5759 11178 3700 9981 10233 4803 3526 4092 4544 6606 3543 797 5610 2489 2097 2763
internal_value=1.6442e-07 0.0334323 0.0463431 -0.0263921 0.0118026 0.0600477 0.0741041 0.00830665 0.0191274 0.035241 0.0462416 0.0866644 -0.0295549 0.0410431 0.00955503 0.000137646 0.0328501 -0.018944 0.00721392 0.00279513 0.0704722 0.0228759 0.0595247 0.102869 0.030832 0.0778019 0.0671027 0.0265316 0.059709 0.0145545
internal_weight=36765.6 16219.5 10156.2 20546.1 6063.32 6753.94 3344.49 5759.37 3402.21 1339.51 3409.45 2591.32 18884.8 1452.14 1661.37 4419.86 2000.63 4527.46 2728.48 1950.08 1298.84 933.78 701.793 1292.47 753.17 303.946 1227.44 818.348 633.789 971.76
internal_count=289004 124405 77154 164599 47251 50781 24865 44995 26373 10261 25916 19072 151625 11077 12974 34734 15346 36080 21411 15296 9660 7215 5275 9412 5793 2256 9136 6252 4825 7566
is_linear=0
shrinkage=0.03


Tree=2
num_leaves=31
num_cat=0
split_feature=1 4 4 27 27 4 27 4 27 0 2 1 1 27 29 5 0 11 27 27 29 0 27 3 27 11 6 0 23 27
split_gain=33847.4 4193.3 4055.09 2307.79 1435.53 1386.48 1311.7 1286 1291.9 898.788 842.998 660.618 597.923 413.954 397.432 368.18 362.522 348.514 346.635 321.464 235.867 225.662 211.58 195.708 194.61 183.916 174.433 169.485 167.715 166.008
threshold=0.61638876795768749 5.7000002861022958 -0.54763150215148915 0.32795698940753942 0.48082436621189123 1.0000000180025095e-35 0.32795698940753942 33.26420974731446 0.50824373960495006 5.5000000000000009 1.537159323692322 0.033831289038062103 4.3065295219421396 0.81953403353691112 -0.59867820143699635 -2.1445131301879878 4.5000000000000009 1.3113456368446352 0.80878135561943065 0.1037634424865246 -0.43733099102973932 4.5000000000000009 0.1637992858886719 1.1842601895332339 0.32795698940753942 6.0303273200988778 0.33957192301750189 3.5000000000000004 0.61400938034057628 0.18817204236984256
decision_type=2 2 2 2 2 2 2 2 2 2 2 2 2 2 2 10 2 2 2 2 2 2 2 2 2 2 8 2 10 2
left_child=3 2 6 11 5 -4 17 8 9 -3 -6 -1 24 25 -5 -8 -10 -2 -18 -13 28 -14 -11 -9 -7 -12 -16 -25 -17 -23
right_child=1 7 4 14 10 12 15 23 16 22 13 19 21 -15 26 20 18 -19 -20 -21 -22 29 -24 27 -26 -27 -28 -29 -30 -31
leaf_value=-0.032627581066103528 -0.0089473858632677893 0.007824378279799718 0.029966780768137406 0.021224715825917041 0.064857944104364351 0.10174106672412682 0.061378344290824109 0.044999069780102562 -0.010537380184756938 0.095490237784728038 0.050875910616884575 -0.025488800230195091 0.049639641785541866 0.0098998681903081347 -0.019748225374295828 0.046453189858258921 0.016361596968297646 0.014940937285241073 -0.0051073374112521599 -0.0085407849861469376 0.0081627815698594175 0.097276614541522588 0.049741122675051978 0.045848367035465652 0.077298925775855037 0.031590004902042654 0.011783313124331443 0.11244315018569509 0.018730045066834882 0.066761131601997148
leaf_weight=14045.31472375989 1113.9577480703592 637.50274381041527 621.90624389052391 902.41707803308964 1085.625140786171 917.41438435018063 445.71282351016998 155.80197206139565 1688.5782687664032 107.87561529874802 774.58913618326187 2716.3814566209912 517.12430556118488 543.04134431481361 457.94208061695099 613.0103495568037 1569.1410639882088 1083.1557367518544 1189.0493512898684 1602.7503269761801 338.4438618272543 226.54708445072174 614.66186386346817 51.747661858797073 462.03753048181534 1066.7818374931812 239.90434464812279 115.42843888700008 291.7323589771986 619.43065954744816
leaf_count=115718 8865 4955 4672 6868 7768 6208 3255 1126 13406 733 5723 21992 3747 4183 3644 4552 12137 8353 9398 12897 2554 1558 4484 366 3182 7895 1909 786 2174 4368
internal_value=-3.45745e-05 0.0312756 0.0425914 -0.0264607 0.0565031 0.0704731 0.018116 0.0114815 0.00823451 0.0338096 0.0429417 -0.0294715 0.0796441 0.0329402 0.00808744 0.0379874 0.000406564 0.00283077 0.00710789 -0.0192031 0.0295586 0.0654461 0.0566941 0.0696526 0.0936163 0.039726 -0.00890702 0.0922246 0.0375445 0.0750382
internal_weight=36815 16850.3 10720.5 19964.7 6834.5 3364.46 3886.01 6129.79 5806.81 1360.04 3470.04 18364.4 2742.55 2384.41 1600.26 1688.9 4446.77 2197.11 2758.19 4319.13 1243.19 1363.1 722.537 322.978 1379.45 1841.37 697.846 167.176 904.743 845.978
internal_count=289476 126448 79057 163028 49304 23735 29753 47391 45113 10172 25569 150607 19063 17801 12421 12535 34941 17218 21535 34889 9280 9673 5217 2278 9390 13618 5553 1152 6726 5926
is_linear=0
shrinkage=0.03


Tree=3
num_leaves=31
num_cat=0
split_feature=1 2 4 27 27 1 4 27 4 27 27 27 27 8 5 27 6 29 27 27 6 27 5 12 12 28 5 8 27 8
split_gain=31543.9 3397.31 3802.84 1919.27 1284.72 1208.59 1192.66 1051.72 767.312 1118.59 724.105 559.143 540.057 432.62 349.933 344.951 338.073 323.296 320.353 266.89 251.561 229.642 224.151 210.828 189.779 183.257 180.295 174.909 165.378 156.231
threshold=0.51418277621269237 2.2901022434234624 -0.74779009819030751 0.32795698940753942 0.32795698940753942 32.497514724731452 2.506853580474854 0.50824373960495006 1.0000000180025095e-35 0.36612904071807867 0.48082436621189123 0.098387096077203764 0.48637992143630987 0.91711968183517467 14.881246566772463 0.81953403353691112 0.071328688412904753 -0.59867820143699635 0.078104577958583846 0.81953403353691112 23.045776367187504 0.87634408473968517 4.4101769924163827 0.32078063488006597 -2.7749723196029659 -0.031173458322882649 -0.85336589813232411 0.45253856480121618 0.043727599084377296 1.1483345031738283
decision_type=2 2 2 2 2 2 2 2 2 2 2 2 2 2 8 2 8 2 2 2 8 2 8 2 2 2 8 2 2 2
left_child=3 2 4 11 18 7 8 14 12 28 22 -1 23 25 -3 26 -13 27 -2 -12 -7 -9 -8 -4 -15 -6 -11 -5 -10 -20
right_child=1 5 6 17 13 20 10 21 9 15 19 16 -14 24 -16 -17 -18 -19 29 -21 -22 -23 -24 -25 -26 -27 -28 -29 -30 -31
leaf_value=-0.032262572863172238 -0.01383987247541032 0.022978526916433182 0.038419875136457213 0.0082881521005263477 0.0090925366082189995 0.040188953747930467 0.046281109426796641 0.0022482326797123504 0.117721773915323 0.045286531689065546 0.030630652216121528 -0.026825761285192585 0.06563529066983903 0.065205978702857131 0.066460543641220018 0.020212217313007267 -0.0081594386644500728 -0.0099492532234504577 0.0022491978203086987 0.0049157166621924091 0.087489633104659792 -0.014808535609493099 0.076344743256721068 0.008855930584627577 0.034795887911991563 0.036303519667681423 0.06531517682488569 0.0370730336762247 0.084374800791489693 0.024222978312801385
leaf_weight=14058.721239700913 941.51118941605091 1033.5168086290359 571.33676043152809 531.79974170029163 542.19211766123772 287.13272020965815 898.3591530919075 3123.9242706820369 158.78280104696751 665.90877185761929 1463.1975069120526 2077.8928079903126 512.58347901701927 398.83069262653589 198.22043946385384 254.19631603360176 1507.808178819716 626.86349103599787 974.9468711540103 483.67247979342937 158.46030557155609 918.42199756205082 301.5924624055624 350.95845317840576 352.09010268002748 378.18665336072445 1082.4267947077751 295.28742361068726 1188.9106774926186 414.37826604396105
leaf_count=118136 7483 7620 4180 4021 4042 2051 6225 24438 1000 4597 10689 17385 3552 2844 1391 1837 12348 5022 7659 3747 1069 7320 2046 2661 2541 2743 7445 2189 7657 3221
internal_value=-0.000114165 0.028793 0.0379034 -0.0268348 0.0140577 0.00978086 0.0499317 0.00576716 0.0593694 0.0672389 0.0355663 -0.0295647 0.0409611 0.034122 0.0300242 0.0529686 -0.0189809 0.00629123 -0.00033769 0.0242479 0.0571681 -0.00162977 0.0538945 0.0271918 0.0510126 0.0203009 0.0577169 0.0185973 0.0883881 0.00881578
internal_weight=36752.1 17653.7 11934.1 19098.4 4002.14 5719.68 7931.93 5274.08 4785.1 3350.23 3146.82 17644.4 1434.88 1671.3 1231.74 2002.53 3585.7 1453.95 2330.84 1946.87 445.593 4042.35 1199.95 922.295 750.921 920.379 1748.34 827.087 1347.69 1389.33
internal_count=289159 130058 86169 159101 30533 43889 55636 40769 32929 22536 22707 147869 10393 12170 9011 13879 29733 11232 18363 14436 3120 31758 8271 6841 5385 6785 12042 6210 8657 10880
is_linear=0
shrinkage=0.03


Tree=4
num_leaves=31
num_cat=0
split_feature=2 2 4 27 27 2 27 27 4 0 11 2 2 8 0 27 27 11 5 11 11 8 27 29 27 2 4 18 3 27
split_gain=29766.7 3079.83 3854.75 1877.81 1131.6 1106.75 1097.86 801.76 1076.59 762.195 606.694 580.376 504.18 367.316 334.828 327.652 325.048 317.242 313.16 298.733 266.981 227.872 225.728 214.489 190.662 187.915 180.636 176.223 171.728 156.647
threshold=0.41487587988376623 2.1924964189529423 -0.74779009819030751 0.32795698940753942 0.32795698940753942 3.5994379520416264 0.50824373960495006 0.58333334326744091 1.0000000180025095e-35 5.5000000000000009 3.6050454378128056 0.033271599560976035 1.3723313808441164 1.4825848340988161 3.5000000000000004 0.91254481673240673 0.79032260179519664 1.3113456368446352 -0.66428560018539418 0.6761092245578767 2.5008794069290166 1.050246059894562 0.48637992143630987 -0.59867820143699635 0.1637992858886719 1.537159323692322 2.9862594604492192 7.0907745361328134 1.3612816333770754 0.67204302549362194
decision_type=2 2 2 2 2 2 2 2 2 2 2 2 2 2 2 2 2 2 10 2 2 2 2 2 2 2 2 10 2 2
left_child=3 2 4 11 19 6 9 8 20 -3 26 -1 -9 27 -8 -14 -16 -13 -5 -2 -4 -21 25 -20 -11 -12 -10 29 -7 -6
right_child=1 5 7 18 13 28 14 12 10 24 22 17 15 -15 16 -17 -18 -19 23 21 -22 -23 -24 -25 -26 -27 -28 -29 -30 -31
leaf_value=-0.032196143810727974 -0.015153305648247802 0.006871810312184712 0.014528374093111437 0.028692020329488921 0.0090863629284094003 0.044676358820995112 -0.012564201184764296 0.062266953982830095 0.084209342025314382 0.08395316578183698 0.075362596873490437 -0.024223491272271313 0.033052896491029507 0.052052155440478115 0.014404187675931086 -0.0066558789992258354 -0.0045237005079267114 -0.0048855374384575833 0.0095989711222953574 -0.00022180400808374207 0.043700395853808603 0.025233337511075454 0.039198112840031767 -0.017403438725919537 0.043502045962200725 0.053431402261928967 0.058178218568321075 0.04000793147572871 0.087559272681376643 0.045999004987353091
leaf_weight=13409.038393847644 815.32129964232445 687.10734196007252 506.15720717608929 399.81218652427197 703.03812605142593 212.09636442363262 1274.6199356094003 514.16178295016289 1197.8956824839115 125.02545908093452 516.12796770036221 2830.7749645039439 1836.3195141255856 540.35855174064636 1744.471864759922 207.87239269912243 1533.64197678864 1046.1667051911354 595.21623711287975 1061.8707318082452 641.69778177142143 449.8936460018158 647.44015300273895 475.24865874648094 681.69105760753155 1174.6040609627962 313.4091562628746 348.01408720016479 143.59392201900482 120.50950276851654
leaf_count=115682 6588 5188 3733 3019 5120 1422 10172 3414 7439 781 3203 23819 12978 3735 13315 1555 12187 8511 4442 8318 4497 3431 4471 3853 4687 7636 2090 2465 894 868
internal_value=-2.56445e-05 0.0275357 0.0367572 -0.0264713 0.0130942 0.0108321 0.00780149 0.0494032 0.0564005 0.0301087 0.0640061 -0.0292395 0.0357184 0.0316002 0.000477125 0.0290137 0.00555023 -0.0190079 0.00607283 -0.000527542 0.0308606 0.00736519 0.0543799 -0.0023942 0.0498674 0.0601669 0.0788531 0.0221309 0.0621853 0.014537
internal_weight=36753.2 17996.9 11594.7 18756.3 4039.01 6402.25 6046.56 7555.69 4997.33 1493.82 3849.48 17286 2558.35 1711.92 4552.73 2044.19 3278.11 3876.94 1470.28 2327.09 1147.85 1511.76 2338.17 1070.46 806.717 1690.73 1511.3 1171.56 355.69 823.548
internal_count=289513 130187 81541 159326 30525 48646 46330 51016 33069 10656 24839 148012 17947 12188 35674 14533 25502 32330 11314 18337 8230 11749 15310 8295 5468 10839 9529 8453 2316 5988
is_linear=0
shrinkage=0.03


Tree=5
num_leaves=31
num_cat=0
split_feature=1 1 4 27 27 2 27 27 4 0 2 11 4 4 0 11 8 27 27 6 27 11 11 3 27 5 0 18 11 11
split_gain=28105.1 2848.28 3172.24 1849.61 1066.85 925.547 924.036 798.686 1076.47 629.947 595.153 541.405 437.565 366.773 313.629 305.891 305.627 265.215 263.713 256.68 239.317 220.608 189.092 187.824 176.162 164.068 161.387 155.9 146.316 141.766
threshold=0.51418277621269237 8.4103074073791522 -0.74779009819030751 0.23494623601436618 0.32795698940753942 3.5116205215454106 0.50824373960495006 0.53548389673233043 1.0000000180025095e-35 6.5000000000000009 1.537159323692322 2.7917732000350957 2.9862594604492192 -2.4915955066680904 4.5000000000000009 0.87095120549201976 1.050246059894562 0.91254481673240673 0.80878135561943065 0.29169571399688726 0.1637992858886719 1.0158385038375857 0.89554148912429821 1.1842601895332339 0.057189542800188072 -0.85336589813232411 3.5000000000000004 7.0907745361328134 2.8680136203765874 6.3234589099884042
decision_type=2 2 2 2 2 2 2 2 2 2 2 2 2 2 2 2 2 2 2 8 2 2 2 2 2 10 2 10 2 2
left_child=3 2 4 13 15 6 9 8 21 -3 -9 19 20 -1 -8 -2 27 29 -16 -5 -10 -4 -15 -7 -17 -13 -25 -6 -18 -12
right_child=1 5 7 11 16 23 14 10 12 -11 17 25 -14 22 18 24 28 -19 -20 -21 -22 -23 -24 26 -26 -27 -28 -29 -30 -31
leaf_value=-0.032930562020703207 -0.013141396852660322 0.0095188852596185015 0.0021695183890648308 -0.020047365445586864 0.012242350171922286 0.031039300491780591 -0.01114890514506766 0.052549281596886377 0.083549934296881664 0.050186284053848444 0.037594830806038142 0.036828173183028869 0.045724328956435752 -0.026654128654468399 0.013689063667924965 -0.010178912528106486 0.026833950424137141 -0.0072499811008294619 -0.0053908841416392553 0.004664580752620876 0.062577113186034997 0.034534631271725888 -0.012638084126266325 0.030981264075982905 0.014998716902330246 0.0078957469593080865 0.085569370593288133 0.037575205409241211 0.055481494129010607 0.021926906471193983
leaf_weight=11459.239573530853 961.71352054178715 775.31750808656216 247.01453103125095 1286.8734223023057 696.88634605705738 239.95440973341465 1597.2063537836075 1113.8572700023651 689.10649713873863 614.36785824596882 945.92720399051905 239.52984742820263 1120.7116748392582 2955.4530491828918 1546.177928507328 328.71815203130245 246.44285388290882 198.89533401280642 1126.0206930190325 535.14902537316084 1817.9152472615242 815.66743697226048 1229.5206711143255 71.805258065462112 1037.0054682418704 664.70010616630316 162.08871360123158 318.72978413105011 476.69744604825974 1168.0138863176107
leaf_count=101268 7833 5727 1842 10694 5054 1658 12857 7174 3984 4040 6555 1803 7280 25601 11688 2577 1691 1522 8999 4256 11097 5682 10312 468 7935 5187 980 2207 3174 8221
internal_value=3.93024e-05 0.0263353 0.0347285 -0.0261791 0.0130955 0.00965909 0.00628227 0.0455623 0.0536111 0.0275207 0.0345329 -0.00337449 0.0613907 -0.0301527 -0.000635647 -0.000188462 0.0308669 0.0258373 0.00565008 -0.0127906 0.0683729 0.0270207 -0.0225403 0.0498897 0.00893566 0.0155921 0.0690141 0.0202217 0.0457691 0.0289523
internal_weight=36686.7 18316.2 12183.3 18370.5 4066.19 6132.94 5659.09 8117.11 4690.42 1389.69 3426.69 2726.25 3627.73 15644.2 4269.4 2327.44 1738.76 2312.84 2672.2 1822.02 2507.02 1062.68 4184.97 473.848 1365.72 904.23 233.894 1015.62 723.14 2113.94
internal_count=289366 130245 83828 159121 30471 46417 43311 53357 29885 9767 23472 21940 22361 137181 33544 18345 12126 16298 20687 14950 15081 7524 35913 3106 10512 6990 1448 7261 4865 14776
is_linear=0
shrinkage=0.03


Tree=6
num_leaves=31
num_cat=0
split_feature=2 2 4 25 4 1 11 0 11 4 29 29 5 1 29 29 5 28 29 6 5 29 25 5 6 29 11 28 2 11
split_gain=26681.4 2400.87 2755.32 1588.06 1048.09 923.964 884.795 674.507 526.712 438.984 549.235 375.323 356.609 347.186 336.615 305.583 257.367 238.533 223.636 204.315 197.958 193.857 192.695 181.712 180.445 179.377 167.526 129.666 128 127.293
threshold=0.39027087390422827 2.3728451728820805 -0.74779009819030751 0.17763364315032962 2.9862594604492192 32.497514724731452 3.2650753259658818 5.5000000000000009 2.8680136203765874 -1.0000000180025095e-35 0.19969739764928821 0.18281312286853793 3.5654684305191044 0.033831289038062103 0.046214086934924133 0.65720760822296154 -0.85336589813232411 0.79904097318649303 0.19969739764928821 0.72087419033050548 -0.69999957084655751 0.24997577071189883 0.24097617715597155 23.231354713439945 0.29169571399688726 -0.88620507717132557 0.95282191038131725 0.10837544873356821 1.537159323692322 6.3234589099884042
decision_type=2 2 2 2 2 2 2 2 2 2 2 2 8 2 2 2 8 2 2 8 10 2 2 8 8 2 2 2 2 2
left_child=3 2 6 13 9 7 15 -3 24 11 16 20 29 -1 22 25 -11 -10 19 27 -4 -14 -9 -7 -5 -2 -15 -8 -18 -6
right_child=1 5 4 8 12 23 18 14 17 10 -12 -13 21 26 -16 -17 28 -19 -20 -21 -22 -23 -24 -25 -26 -27 -28 -29 -30 -31
leaf_value=-0.032426477109608401 0.027519163635981812 -0.0081311147259602399 0.0569418430031325 -0.020685334167248607 0.029658512675053612 0.033622038750063005 0.012871134608409815 0.00081214074959039425 0.020866021353178627 0.037073799251364808 0.075199222829271856 0.0088589450477592428 0.037316232035044833 -0.02586768054482742 0.043161555606778951 -0.016635918519784413 0.062308748432209474 -0.025462940929676828 -0.0022464047084680798 0.044740937227164705 0.032099135968154772 0.074328232055218491 0.018392901279707122 0.072271517576596125 -0.0012692137778768839 0.0033756680187447098 -0.01074520055794204 0.042305035273109838 0.047547453272122793 0.015806070682984747
leaf_weight=12024.091738268733 326.55882324278355 2251.7230589985847 529.7000485509634 1256.1427604332566 1035.9878623634577 317.45057144761086 457.03066755831242 1044.5309630855918 723.05525460094213 1209.6940490156412 855.60331915318966 375.74289584159851 768.23251616954803 2085.7968081757426 318.66220447421074 632.75973754376173 1009.3049050867558 115.1821843162179 172.75337718427181 737.38474223762751 646.81632159650326 153.62487026304007 1211.5735195577145 169.31899632513523 655.56726030260324 1795.3840035274625 966.95006559044123 190.89907030761242 1169.5711369663477 1419.8458282575011
leaf_count=108770 2334 17839 3448 10710 7069 2092 3285 8159 5510 7642 4850 2698 5250 18240 2081 5141 5962 973 1308 5050 4313 958 8838 1006 5365 13745 7999 1356 7393 10018
internal_value=-1.32857e-05 0.0249194 0.0316481 -0.0263073 0.0409446 0.00783703 0.0118677 0.00385953 -0.00533923 0.0486871 0.0536867 0.0349915 0.0276472 -0.0301312 0.0143448 0.00164567 0.0482343 0.0144772 0.0299277 0.0339387 0.0433229 0.043558 0.0102573 0.0471866 -0.0140313 0.00710247 -0.0210828 0.0215951 0.0544107 0.0216594
internal_weight=36626.9 18800.2 13486.9 17826.8 9174.12 5313.26 4312.77 4826.49 2749.95 5796.43 4244.17 1552.26 3377.69 15076.8 2574.77 2754.7 3388.57 838.237 1558.07 1385.31 1176.52 921.857 2256.1 486.77 1911.71 2121.94 3052.75 647.93 2178.88 2455.83
internal_count=289402 131835 91820 157567 59601 40015 32219 36917 22558 36306 25847 10459 23295 135009 19078 21220 20997 6483 10999 9691 7761 6208 16997 3098 16075 16079 26239 4641 13355 17087
is_linear=0
shrinkage=0.03


Tree=7
num_leaves=31
num_cat=0
split_feature=1 2 4 27 0 27 27 27 1 27 6 1 2 8 1 4 1 12 11 27 0 27 18 11 27 27 27 25 27 8
split_gain=24899.6 2254.95 2458.38 1801.09 821.338 817.619 718.318 537.789 544.54 667.231 501.872 419.605 394.679 350.877 350.335 333.794 312.217 288.591 252.729 235.565 220.387 197.103 186.243 186.204 183.32 161.09 160.432 159.13 158.062 139.043
threshold=0.51418277621269237 2.2418624162673955 -0.96178573369979847 0.23494623601436618 6.5000000000000009 0.24050179123878482 0.46451613306999212 0.74731183052062999 2.338678359985352 0.36612904071807867 0.29169571399688726 32.497514724731452 3.5994379520416264 1.4532284140586855 0.033831289038062103 1.0000000180025095e-35 3.9227485656738286 0.28339231014251715 3.0101814270019536 0.81953403353691112 3.5000000000000004 0.51666668057441723 6.9975891113281259 0.89554148912429821 0.043727599084377296 0.56827956438064586 0.043727599084377296 0.090892907232046141 0.91254481673240673 1.1483345031738283
decision_type=2 2 2 2 2 2 2 2 2 2 8 2 2 2 2 2 2 2 2 2 2 2 10 2 2 2 2 2 2 2
left_child=3 2 5 14 12 26 -6 8 17 24 18 19 20 22 -1 -9 -11 29 -5 -8 -3 -22 -7 -16 -10 -12 -2 -26 -17 -4
right_child=1 4 7 10 6 13 11 15 9 16 25 -13 -14 -15 23 28 -18 -19 -20 -21 21 -23 -24 -25 27 -27 -28 -29 -30 -31
leaf_value=-0.032101640957863942 -0.022035930006734945 -0.011139208832403723 0.025246005432015821 -0.01966765745368464 0.051492552911585034 0.0066661201007128237 0.016910354105588499 0.068064994348658481 0.081860526070165404 0.049663507062087414 0.0087116316626203311 0.054700058838692105 0.039030810427250734 0.041198806241143512 -0.025747842273208876 0.021454337220154131 0.031379535913602576 0.0086467200026873869 0.0053950930556730297 -0.0050168973946206523 0.022217256591368598 -0.0014782472276880505 0.029087810544473229 -0.009750407197975151 0.03618666994202048 0.040977803211823358 -0.00041881047584719643 0.058613552003071716 -0.0059048545368264125 0.046073866425977418
leaf_weight=11945.113623410463 429.07146573066711 1597.0405511185527 596.0831431299448 1272.9337539002299 564.8385367244482 972.83036800473928 1241.6624092757702 117.73340383172035 265.4536499530077 1330.7902664542198 760.8255874440074 199.94036994874477 211.57085421681404 623.30499043315649 2056.1516028121114 798.61669878661633 2309.8545989245176 525.9104380980134 505.40167935937643 682.88142846524715 418.88256086409092 1275.8091486543417 506.94948434084654 963.20979405194521 340.54982744157314 169.71406685560942 1097.5980865731835 1957.2131896615028 248.81429212540388 568.0492250174284
leaf_count=110712 3500 12763 4002 10896 3499 7044 9106 717 1442 7934 5935 1224 1279 4143 18353 5463 14938 3830 3918 5454 2991 9970 3544 8105 1940 1223 8673 11266 1818 3667
internal_value=-0.000126844 0.023827 0.0310694 -0.025718 0.00898471 0.0102046 0.0214513 0.0394273 0.0422364 0.0463515 -0.00320715 0.0134437 -0.000588675 0.0223315 -0.0297925 0.020376 0.0380748 0.0271124 -0.0125458 0.00913139 -0.00314623 0.0043883 0.0143619 -0.0206494 0.0580877 0.0146341 -0.00650476 0.0553069 0.0149558 0.03544
internal_weight=36554.8 18881.4 12688.8 17673.4 6192.63 3629.75 2689.32 9059.07 7893.9 6203.86 2708.88 2124.48 3503.3 2103.08 14964.5 1165.16 3640.64 1690.04 1778.34 1924.54 3291.73 1694.69 1479.78 3019.36 2563.22 930.54 1526.67 2297.76 1047.43 1164.13
internal_count=289349 130207 83921 159142 46286 26904 19283 57017 49019 37520 21972 15784 27003 14731 137170 7998 22872 11499 14814 14560 25724 12961 10588 26458 14648 7158 12173 13206 7281 7669
is_linear=0
shrinkage=0.03


Tree=8
num_leaves=31
num_cat=0
split_feature=1 1 2 25 2 1 11 0 2 11 12 11 8 5 1 29 29 2 25 8 11 1 5 29 8 11 8 29 2 18
split_gain=23842.8 1741.9 2868.25 1223.97 827.047 730.963 726.422 583.479 580.784 441.031 417.654 401.733 334.976 287.165 269.661 226.57 203.135 179.831 176.655 156.102 139.378 139.289 131.846 131.768 128.059 123.61 121.939 109.586 145.458 109.207
threshold=0.36249999701976782 9.9208822250366229 0.8724389672279359 0.17594589293003085 3.5994379520416264 6.4357738494873056 2.6477600336074834 4.5000000000000009 1.2057914733886721 4.143972873687745 -2.7749723196029659 3.2650753259658818 0.89678794145584118 3.5654684305191044 0.0086021511815488356 -0.11692317575216292 -0.12545862048864362 1.537159323692322 0.23220069706439975 1.2029765844345095 1.2704867720603945 47.646572113037116 -0.48368930816650385 0.24997577071189883 0.32721486687660223 0.87095120549201976 0.17074571549892428 0.24997577071189883 1.2601816654205324 7.8794403076171884
decision_type=2 2 2 2 2 2 2 2 2 2 2 2 2 8 2 2 2 2 2 2 2 2 8 2 2 2 2 2 2 10
left_child=3 2 6 14 7 8 15 -3 11 27 24 25 29 -7 -1 -2 18 -11 -9 -13 -16 -6 -19 -15 -5 -4 -12 -10 -29 -8
right_child=1 4 5 10 21 13 12 16 9 17 26 19 -14 23 20 -17 -18 22 -20 -21 -22 -23 -24 -25 -26 -27 -28 28 -30 -31
leaf_value=-0.032586098426930422 0.0058659376089640067 -0.010088815916721896 0.0013042710708913593 0.0023673937709013607 0.034994239351890104 0.015336030750902637 0.0027804329890617516 -0.00090817096576260327 0.050068676348945206 0.047074358581392486 -0.021021528308653854 0.028503354483398323 0.038047283926209471 0.03159299385300781 -0.026325853646302664 -0.012189910721578132 0.027401047665378375 0.023802328379417637 0.015094937735577491 0.05144741993818059 -0.012347895682378492 0.072005874778190593 0.038971828158479278 0.065371314216839449 0.02856666900348671 0.021903204268542531 -0.0043532291943382765 0.021099847573716773 0.067441647774798136 0.024415971720147707
leaf_weight=10460.454442568123 1143.5383544713259 1755.6868547797203 413.99028661102057 463.09119510650635 259.14006254076958 1853.283116094768 612.97689256817102 1137.4224479272962 1617.0515124350786 1230.994864910841 1131.8677976951003 540.39982591569424 667.35182444751263 651.06268307566643 2700.9689875543118 1378.4057046696544 588.89839932322502 895.9540429264307 1365.556992828846 537.24795053899288 845.77727423608303 144.27432072162628 1237.9431616514921 124.35525408387184 262.6039015725255 714.62646776437759 607.42854138463736 67.505689844489098 759.56110836565495 318.6081313341856
leaf_count=99416 8654 14148 3089 3626 1534 12800 4475 8931 9424 7039 9954 3551 4441 4352 24759 11331 3902 5679 9825 3328 7207 795 7604 732 1936 4885 5060 442 4048 2310
internal_value=1.94538e-06 0.022001 0.0272786 -0.0267295 0.00715905 0.0355053 0.00602603 0.00371969 0.0400087 0.0449881 -0.00723209 0.0268835 0.0218381 0.0217639 -0.0301599 -0.00400367 0.0115614 0.0379183 0.00782523 0.0399789 -0.022997 0.0483761 0.0326168 0.0370873 0.0118743 0.0143551 -0.0152062 0.0547019 0.0636893 0.0101982
internal_weight=36488 20015.8 14764.9 16472.2 5250.98 10644 4120.88 4847.56 8015.27 5809.01 2464.99 2206.26 1598.94 2628.7 14007.2 2521.94 3091.88 3364.89 2502.98 1077.65 3546.75 403.414 2133.9 775.418 725.695 1128.62 1739.3 2444.12 827.067 931.585
internal_count=289277 137319 98184 151958 39135 66973 31211 36806 49089 34236 20576 14853 11226 17884 131382 19985 22658 20322 18756 6879 31966 2329 13283 5084 5562 7974 15014 13914 4490 6785
is_linear=0
shrinkage=0.03


Tree=9
num_leaves=31
num_cat=0
split_feature=4 2 4 27 27 2 27 27 2 4 11 4 27 27 27 4 27 6 6 6 25 29 28 27 3 8 4 11 28 25
split_gain=22495.9 1631.86 2453.2 1401.37 805.359 777.923 717.546 546.489 449.988 730.299 409.4 408.821 367.891 299.072 279.592 258.82 238.486 217.41 201.998 198.256 198.16 159.996 153.601 151.278 149.912 147.639 143.984 139.566 121.761 105.759
threshold=-2.1279646158218379 2.3908109664916997 -1.0959337949752805 0.23494623601436618 0.32795698940753942 3.5116205215454106 0.81953403353691112 0.50824373960495006 1.2234708070755007 2.506853580474854 2.8680136203765874 1.0000000180025095e-35 0.24050179123878482 0.36057348549366003 0.25681003928184515 -2.4956743717193599 0.067647062242031111 1.164174020290375 0.58921822905540477 9.2285242080688494 0.22789522260427478 -0.43733099102973932 0.091259401291608824 0.098387096077203764 1.1343008279800417 1.0039523243904116 1.0000000180025095e-35 0.42385190725326544 0.78857997059822094 0.23751845955848697
decision_type=2 2 2 2 2 2 2 2 2 2 2 2 2 2 2 2 2 8 8 8 2 2 2 2 2 2 2 2 2 2
left_child=3 2 4 15 16 7 8 19 12 13 18 -8 28 26 -11 -1 -2 21 -5 -3 -9 22 -6 -17 -7 -14 -10 -18 -4 -16
right_child=1 5 6 10 17 24 11 20 9 14 -12 -13 25 -15 29 23 27 -19 -20 -21 -22 -23 -24 -25 -26 -27 -28 -29 -30 -31
leaf_value=-0.032416809967612807 -0.016355985690455613 0.011623287664013576 -0.0014758076438991683 -0.019156921884000522 0.0097808473768185075 0.024248036238112575 0.068432143160766137 -0.0086677077178166414 0.019918489767109953 0.04742357130591298 0.013361678444737561 0.0041124015719213817 0.022328018847457162 0.041306343181059878 0.019124667470034239 -0.02664325017249965 -0.014312931779800142 0.037706159262789765 0.0074282390607633567 0.037704343026572919 0.0054791591910851832 -0.0039847798446544635 0.036544091998050199 -0.012835492920622363 0.056519582841871099 0.041103992504287312 0.059923574512030418 0.0075919058146417017 0.026558034267291607 0.030740085664915071
leaf_weight=10006.150177635252 922.83035070449114 711.23241786658764 504.0680224224925 1207.9275858253241 426.95256509631872 245.87717480957508 97.126316770911217 2085.114406786859 86.461474969983101 666.80781351029873 763.95901266485453 951.63623901456594 695.339879386127 2245.7746112942696 1224.9688392207026 2928.359493739903 332.29637190699577 572.27039612829685 326.1619586572051 415.91374738514423 1554.755004785955 295.51192387193441 352.77020458877087 948.30475943535566 279.0044079720974 835.09580710530281 1652.4008338600397 1219.4478490427136 191.71297784149647 1688.5076987147331
leaf_count=97462 7789 4957 3649 10599 2923 1557 561 16917 561 3854 5742 6787 4563 12974 8027 27374 2781 3690 2603 2648 11668 2154 2337 8500 1552 5162 8495 9345 1363 10824
internal_value=9.99794e-05 0.0211694 0.0262335 -0.0262726 0.00653229 0.00684925 0.0337239 0.00302859 0.03625 0.039741 -0.00457057 0.0101286 0.0243746 0.0485809 0.029892 -0.0298644 -0.00428793 0.0227771 -0.0135035 0.021272 -0.00262509 0.0148038 0.0219206 -0.0232698 0.0414771 0.0325934 0.057947 0.00289492 0.00627557 0.0258646
internal_weight=36434.7 20253.9 14962 16180.9 4122.08 5291.9 10839.9 4767.02 9791.14 7564.92 2298.05 1048.76 2226.22 3984.64 3580.28 13882.8 2474.57 1647.51 1534.09 1127.15 3639.87 1075.23 779.723 3876.66 524.882 1530.44 1738.86 1551.74 695.781 2913.48
internal_count=289418 137138 97839 152280 31019 39299 66820 36190 59472 44735 18944 7348 14737 22030 22705 133336 19915 11104 13202 7605 28585 7414 5260 35874 3109 9725 9056 12126 5012 18851
is_linear=0
shrinkage=0.03


Tree=10
num_leaves=31
num_cat=0
split_feature=4 4 2 27 27 1 4 0 27 4 27 29 27 27 27 27 29 30 27 28 27 27 11 11 0 0 27 27 1 11
split_gain=21196.1 1472.4 2336.83 1230.15 849.126 697.665 617.014 549.818 524.389 488.542 614.12 415.848 393.039 306.22 257.653 236.367 231.45 227.128 193.403 201.083 173.411 166.673 161.703 150.239 147.631 143.79 142.046 135.89 133.813 130.52
threshold=-2.1618784666061397 7.3989768028259286 0.8724389672279359 0.10931899771094324 0.32795698940753942 32.497514724731452 3.8775615692138676 6.5000000000000009 0.46451613306999212 -0.098450779914855943 0.48637992143630987 -0.61236745119094838 0.48637992143630987 0.48082436621189123 0.067647062242031111 0.81953403353691112 -0.53495380282402027 2.5000000000000004 0.67759856581687938 0.022575936280190948 0.79032260179519664 0.080392159521579756 4.891698122024537 0.43831375241279608 3.5000000000000004 6.5000000000000009 0.49713261425495153 0.91254481673240673 47.646572113037116 2.0409314632415776
decision_type=2 2 2 2 2 2 2 2 2 2 2 2 2 2 2 2 2 2 2 2 2 2 2 2 2 2 2 2 2 2
left_child=3 2 4 -1 14 7 9 24 -9 12 29 17 21 -8 -2 22 18 26 19 -6 -10 -4 -12 -16 -3 -13 -5 -15 -7 -11
right_child=1 5 6 11 16 28 13 8 20 10 15 25 -14 27 23 -17 -18 -19 -20 -21 -22 -23 -24 -25 -26 -27 -28 -29 -30 -31
leaf_value=-0.030993763782490143 -0.017366852417043065 -0.013542057701789172 -0.0026703507083675926 -0.0092087855139074276 0.011174866079550443 0.029272014977949606 0.033152313065396712 0.043260517006952055 0.014896616649790738 0.059362612318850351 0.044305515992258307 -0.02419045662925455 0.041391800494363237 0.014949571682838352 -0.014526617261068346 0.010950690605531187 0.0065798599685545278 0.0286461984874666 0.059918856623407825 0.038490742567814498 -0.0046172707525441621 0.020951181936120753 0.027831721184442743 0.0072737518670617654 0.00051802995654936818 -0.0092643021359493441 0.019131200407236728 -0.01329592476953116 0.062777311868365507 0.045781830558074936
leaf_weight=12030.56851926446 961.96461687982082 1302.9487855359912 344.49998364597559 774.89499647170305 485.86726578325033 391.2682259529829 979.89202181994915 439.90967793762684 947.80141791701317 920.32721735537052 890.52816021442413 1470.6121179312468 820.94899587333202 1620.7626421824098 368.49996161460876 471.37565556168556 570.07624571025372 249.15612722188234 165.69791225343943 485.61258883774281 720.88493025302887 1219.6841383948922 1372.3855634182692 1236.1384252160788 1386.9274079278111 962.76105494052172 199.27877803146839 168.52981764823198 149.1858232319355 2210.0491895228624
leaf_count=118857 8264 10652 2526 6547 3233 2367 5854 2597 6744 4691 5137 13556 4842 11122 3129 3142 4019 1805 1047 3113 5756 8118 8219 9474 10620 8642 1468 1297 776 11779
internal_value=-8.01258e-05 0.0199037 0.0246388 -0.0263623 0.005807 0.00633836 0.0319418 0.00269522 0.0141614 0.0360557 0.0407139 -0.0111204 0.0245896 0.0196772 -0.00509916 0.0303062 0.0221962 0.00314666 0.0300121 0.0248548 0.00646876 0.0157503 0.0343314 0.00226144 -0.00629504 -0.0182912 -0.00339783 0.0122832 0.0386196 0.0497922
internal_weight=36319 20631.8 15292.8 15687.3 4273.86 5338.93 11019 4798.47 2108.6 8249.8 5864.67 3656.7 2385.13 2769.18 2566.6 2734.29 1707.25 1223.33 1137.18 971.48 1668.69 1564.18 2262.91 1604.64 2689.88 2433.37 974.174 1789.29 540.454 3130.38
internal_count=289393 138518 99006 150875 32279 39512 66727 36369 15097 48454 32968 32018 15486 18273 20867 16498 11412 9820 7393 6346 12500 10644 13356 12603 21272 22198 8015 12419 3143 16470
is_linear=0
shrinkage=0.03


Tree=11
num_leaves=31
num_cat=0
split_feature=1 1 4 27 27 1 27 11 0 27 1 1 4 27 27 27 0 6 5 6 29 27 3 28 29 8 8 6 5 0
split_gain=19989.4 1276.02 2115.42 1163.86 768.766 744.229 680.8 444.308 410.609 391.226 378.688 319.352 587.705 420.551 331.011 244.182 237.544 230.581 191.476 174.085 159.836 157.598 157.548 155.286 151.464 148.651 128.858 122.559 115.812 115.308
threshold=0.32185153663158422 11.009984016418459 -1.1258304715156553 0.10931899771094324 0.32795698940753942 32.497514724731452 0.81953403353691112 1.9137818217277529 6.5000000000000009 0.53548389673233043 2.8733105659484868 6.6932580471038827 -0.098450779914855943 0.32795698940753942 0.24050179123878482 0.067647062242031111 5.5000000000000009 1.1106908321380617 -0.14027778059244153 0.061904767528176315 -0.43733099102973932 0.49713261425495153 1.2932864427566531 1.0000000180025095e-35 -0.90161547064781178 2.5737705230712895 1.0039523243904116 0.011904762592166664 -0.89619526267051686 3.5000000000000004
decision_type=2 2 2 2 2 2 2 2 2 2 2 2 2 2 2 2 2 8 10 8 2 2 2 2 2 2 2 8 10 2
left_child=3 2 4 27 15 8 11 18 29 -10 -8 12 14 -14 -4 -2 -13 20 -5 -9 23 -18 -7 -6 -16 -15 -17 -1 -26 -3
right_child=1 5 6 7 17 22 10 19 9 -11 -12 16 13 25 24 26 21 -19 -20 -21 -22 -23 -24 -25 28 -27 -28 -29 -30 -31
leaf_value=-0.032973215046729377 -0.017098851844416032 -0.014564884598851554 0.0053548214788639754 -0.0049490283672012497 0.0061050607270482591 0.02370014970662342 0.054065601096765233 -0.0098893766278203427 0.034181185485089249 0.0030041737998149453 0.0016870419295936037 0.012441076646007758 0.050280658326335763 0.038276841109009037 0.043353744323231309 -0.0036490458783358846 0.042549348421766185 0.035268412526127169 -0.02394293195677677 0.013599150944076037 -0.006296678015519191 0.021926767791259724 0.056206295167963632 0.032129181656394112 0.035296903879197664 0.025713500997013972 0.014824751171184312 -0.02636102136512733 0.015903036662375546 -0.0011726246003779155
leaf_weight=7949.826726898551 987.07827783375978 1118.3626122549176 735.37681034207344 661.64018107205629 411.5190139785409 311.12269508838654 139.83495776355267 483.05298116058111 492.47385621070862 1363.0328077152371 1054.0878121778369 1163.9881689175963 2163.6086473464966 2263.7008683681488 499.8069677054882 1152.6985866203904 592.3930456340313 609.01650603115559 1722.6961668282747 686.23037450760603 302.24031897634268 772.30442902445793 238.59821014106274 414.0916111767292 458.73111368715763 1371.9103732556105 480.71078860759735 3741.4391593262553 706.0837899595499 1198.1619724407792
leaf_count=81314 8619 9240 5265 5722 2793 1876 778 4114 2930 10314 7651 7957 10922 12724 2985 9205 3360 3813 16304 5291 2226 5188 1241 2649 2757 7895 3659 37030 4480 9187
internal_value=-0.000142032 0.0188393 0.0228217 -0.0262897 0.00493219 0.0051072 0.0293593 -0.0112504 0.00078019 0.0112929 0.00786185 0.0317508 0.0346275 0.0397961 0.022127 -0.00532662 0.0224132 0.0204043 -0.0186765 0.00389544 0.0123538 0.0309033 0.0378854 0.0191807 0.0295287 0.0335444 0.00179352 -0.0308596 0.0235645 -0.00764158
internal_weight=36245.8 21000.9 16279.2 15244.9 4357.36 4721.75 11921.8 3553.62 4172.03 1855.51 1193.92 10727.9 8199.22 5799.22 2400 2620.49 2528.69 1736.87 2384.34 1169.28 1127.85 1364.7 549.721 825.611 1664.62 3635.61 1633.41 11691.3 1164.81 2316.52
internal_count=289489 139714 104926 149775 32964 34788 71962 31431 31671 13244 8429 63533 47028 31541 15487 21483 16505 11481 22026 9405 7668 8548 3117 5442 10222 20619 12864 118344 7237 18427
is_linear=0
shrinkage=0.03


Tree=12
num_leaves=31
num_cat=0
split_feature=1 4 1 27 0 27 4 27 27 6 27 1 4 11 12 1 27 27 8 27 4 27 29 29 12 27 1 8 27 11
split_gain=18808 1201.49 2041.85 1141.74 671.864 669.717 547.515 526.115 471.157 463.719 404.657 370.92 293.962 317.508 230.073 225.146 185.534 178.749 174.242 166.063 151.284 148.543 143.05 135.38 134.409 126.035 122.459 108.599 108.421 104.278
threshold=0.32185153663158422 -1.4806742668151853 7.9557693004608163 0.1037634424865246 4.5000000000000009 0.51666668057441723 -0.54763150215148915 0.32795698940753942 0.58333334326744091 0.061904767528176315 0.24050179123878482 32.497514724731452 -1.0000000180025095e-35 4.891698122024537 -2.3687171936035152 3.3203133344650273 0.80878135561943065 0.067647062242031111 1.050246059894562 0.91254481673240673 40.890956878662116 0.1637992858886719 -0.53495380282402027 -0.50557503104209889 1.0630083680152895 0.48637992143630987 12.963003635406496 0.043482134118676193 0.86111110448837291 0.50328534841537487
decision_type=2 2 2 2 2 2 2 2 2 8 2 2 2 2 2 2 2 2 2 2 2 2 2 2 2 2 2 2 2 2
left_child=3 7 6 27 20 21 10 17 12 23 -3 16 24 -14 -11 -10 -7 -2 -12 -17 26 -6 28 -5 -8 -15 -4 -1 -9 -19
right_child=1 2 4 9 5 11 8 22 15 14 18 -13 13 25 -16 19 -18 29 -20 -21 -22 -23 -24 -25 -26 -27 -28 -29 -30 -31
leaf_value=-0.032320726285836619 -0.019245530914371693 7.3988137357770676e-05 0.0014300266102447202 -0.0099151781258331982 0.059390585849984426 0.010718668157187384 0.028315029400534722 0.022266331288383834 0.037189627141429905 0.014194829419587034 0.01632858091016965 0.03932633514012096 0.048087320196589789 0.036874240875251464 -0.0084498543171132433 0.020423881217854847 -0.0048997322186271801 -0.015069787747872298 0.035416391592428244 -0.0080869141406948244 0.035703152604340496 0.029658855248113156 0.0020488645947245167 -0.026952516362291207 0.0012253751366393371 0.021113968388767293 -0.012458905772617488 -0.025141298145236513 0.09673372497592872 0.004371889773802113
leaf_weight=8793.035348109901 794.24903356283903 865.47807810455561 1036.1216072440147 612.54616931080818 178.69608581066132 1680.1259806603193 718.58023829758167 802.83065845072269 714.09051048755646 625.06906341761351 932.12747049331665 301.19289802014828 2455.6298134624958 1672.7432072013617 1136.460597127676 1939.5024011731148 1153.9363340884447 342.46619134396315 803.92740408331156 202.57969437539577 79.146135851740837 1009.0851667523384 399.90313443541527 1344.1909417659044 213.94424039125443 635.12201370298862 1272.1540171280503 2446.3982421159744 17.098015815019608 895.10456977039576
leaf_count=92007 7092 6641 7978 5345 956 11985 4298 5131 3882 4745 6171 1674 12391 8771 10031 11926 9221 2959 4814 1472 417 6065 2870 13226 1437 3712 10290 24593 104 6916
internal_value=-0.000256448 0.0179749 0.0210278 -0.0259932 0.00795019 0.0150033 0.0288944 0.00120122 0.032561 -0.0115787 0.016833 0.00773046 0.0375495 0.0405671 -0.000411019 0.0226028 0.00435989 -0.00814793 0.025183 0.0177251 -0.00482223 0.0341781 0.0167676 -0.0216269 0.022108 0.0325481 -0.00622663 -0.0307604 0.0239351 -0.00101592
internal_weight=36073.5 21115.8 17864.2 14957.7 6710.46 4323.04 11153.7 3251.65 8552.19 3718.27 2601.53 3135.26 5696.02 4763.5 1761.53 2856.17 2834.06 2031.82 1736.05 2142.08 2387.42 1187.78 1219.83 1956.74 932.524 2307.87 2308.28 11239.4 819.929 1237.57
internal_count=289120 139173 114101 149947 48586 29901 65515 25072 47889 33347 17626 22880 30609 24874 14776 17280 21206 16967 10985 13398 18685 7021 8105 18571 5735 12483 18268 116600 5235 9875
is_linear=0
shrinkage=0.03


Tree=13
num_leaves=31
num_cat=0
split_feature=4 27 4 1 27 2 27 1 27 27 6 5 5 27 12 1 29 4 4 27 1 12 28 27 29 28 1 8 27 5
split_gain=17857.2 1128.23 1108.26 1822.56 644.928 540.331 508.495 505.56 463.841 459.117 449.227 245.636 241.758 224.31 219.497 189.36 183.303 169.462 157.923 185.657 174.429 147.078 145.781 141.835 134.905 126.489 124.408 117.465 116.851 103.468
threshold=-2.1828078031539913 0.1037634424865246 -1.4806742668151853 7.3630783557891855 0.51666668057441723 1.1698340177536013 0.48637992143630987 32.497514724731452 0.29516129195690161 0.087455198168754592 0.064903844147920622 17.730406761169437 -0.66428560018539418 0.86881721019744884 -1.430660545825958 3.565481543540955 -0.89404255151748646 13.097260475158693 1.0000000180025095e-35 0.043727599084377296 3.7345237731933598 0.16007731109857562 0.90162119269371044 0.91254481673240673 -0.50557503104209889 -0.013976118760183452 12.71649217605591 0.057827647775411613 0.67759856581687938 -2.1445131301879878
decision_type=2 2 2 2 2 2 2 2 2 2 8 8 10 2 2 2 2 2 2 2 2 2 2 2 2 2 2 2 2 10
left_child=1 27 9 5 11 8 18 13 22 -2 24 26 -11 17 -12 -8 28 -6 -7 -20 -21 25 -4 -17 -3 -14 -5 -1 -10 -18
right_child=2 10 3 4 7 6 15 -9 16 12 14 -13 21 -15 -16 23 29 -19 19 20 -22 -23 -24 -25 -26 -27 -28 -29 -30 -31
leaf_value=-0.032096550020833434 -0.016312789897475928 -0.00953097730521155 0.00062596987475210743 0.02459777574459578 0.0083031271948118632 0.02113311568498711 0.034370356938767478 0.032086834660490622 0.034872339614066335 0.021334671511757115 0.011414365778732056 0.046106291189174031 -0.0042161561775338309 -0.011678715463135113 -0.0100862531103534 0.021459228594237829 0.034615948689858643 -0.0053847275974435119 0.06564045391269413 0.048053998967997821 0.033989511215546116 -0.019178019082811283 0.026129354905203087 -0.00764548972259089 -0.026590092405387161 0.015017424134284908 0.0078870064835446299 -0.024197838187788024 0.06920147787156293 0.01546124192299435
leaf_weight=8817.7727729380131 950.96528974175453 611.16097700595856 1185.7880810573697 1048.411143489182 2393.8490354940295 371.1456528455019 1138.8431852608919 486.95120108127594 511.51612003147602 834.77836199849844 794.63042229413986 340.875976331532 606.60959737747908 1124.6405193731189 922.17329609394073 2303.7382881641388 357.47445072978735 1232.3870882615447 272.64927867054939 1362.0268790274858 1945.2515863627195 262.1570575684309 242.08183669298887 160.75475169718266 1324.4534402862191 622.87100775539875 650.99559576809406 2119.5149173289537 109.1474537551403 882.49357288330793
leaf_count=94538 8532 5363 8713 6512 17605 2270 6088 2723 2990 5706 6136 1854 4450 9244 8269 13776 2063 9586 1251 6504 10011 2136 1751 1178 13297 4475 4339 21710 591 5479
internal_value=-0.000155699 -0.0257474 0.0172934 0.0201968 0.00858239 0.0279912 0.0324107 0.00300717 0.017832 0.00123908 -0.0113067 0.0228866 0.00841765 2.0465e-05 -0.000133742 0.024248 0.0276982 0.00365107 0.039847 0.0417807 0.0397944 0.00117934 0.00496509 0.0195584 -0.0212115 0.00553211 0.0182047 -0.0305682 0.0410109 0.0210069
internal_weight=35988.1 14589.7 21398.4 18121 7278.11 10842.9 7554.41 5237.83 3288.5 3277.38 3652.42 2040.28 2326.42 4750.88 1716.8 3603.34 1860.63 3626.24 3951.07 3579.93 3307.28 1491.64 1427.87 2464.49 1935.61 1229.48 1699.41 10937.3 620.664 1239.97
internal_count=289140 149313 139827 114528 51863 62665 41078 39158 21587 25299 33065 12705 16767 36435 14405 21042 11123 27191 20036 17766 16515 11061 10464 14954 18660 8925 10851 116248 3581 7542
is_linear=0
shrinkage=0.03


Tree=14
num_leaves=31
num_cat=0
split_feature=1 27 4 1 0 2 3 27 27 27 11 27 4 27 2 1 8 8 27 5 1 27 27 2 4 12 5 2 11 28
split_gain=17150 1134.93 986.769 1750.88 609.301 534.644 491.811 471.035 469.567 428.162 401.809 261.941 224.096 209.203 202.314 264.28 181.562 167.794 163.252 162.766 149.493 135.114 133.204 132.311 131.665 131.254 131.084 130.013 113.96 108.761
threshold=0.32185153663158422 0.11469534039497377 -1.4806742668151853 7.2271785736083993 6.5000000000000009 1.1698340177536013 1.4404339194297793 0.32795698940753942 0.36612904071807867 0.48637992143630987 1.3113456368446352 0.68853047490119945 1.0000000180025095e-35 0.81953403353691112 3.5994379520416264 12.963003635406496 2.0671471357345585 0.20549450814723971 0.067647062242031111 -0.14027778059244153 3.7345237731933598 0.043727599084377296 0.81953403353691112 1.537159323692322 -2.4956743717193599 -3.0495036840438838 -2.7833315134048457 3.4440749883651738 0.87095120549201976 0.022575936280190948
decision_type=2 2 2 2 2 2 2 2 2 2 2 2 2 2 2 2 2 2 2 10 2 2 2 2 2 2 10 2 2 2
left_child=1 24 7 5 14 9 11 18 12 16 19 -6 -7 20 15 22 28 -12 -2 -3 -10 -14 -5 -23 -1 -11 -9 -13 -4 -30
right_child=2 10 3 4 6 8 -8 26 13 25 17 27 21 -15 -16 -17 -18 -19 -20 -21 -22 23 -24 -25 -26 -27 -28 -29 29 -31
leaf_value=-0.032110846364006622 -0.018131178982586031 -0.0051241119413945333 -0.0067555231515360548 0.010309537724215534 0.022942937850905076 0.015115897911935242 0.049256185808778087 0.035455488831087366 0.035446541331939453 0.044758243551541677 -0.0068896832638330073 0.0015231521043004568 0.063732528183612636 0.0095489581739385109 0.027074796910304001 -0.0093409307586700824 0.02671798380289293 0.014170705290421973 -0.0005877676605786894 -0.024337606423464851 0.023600771753815777 0.050202379288806033 -0.0084881842063008403 0.035483828157812987 -0.024496021971668076 0.02344225813472588 0.011213113715305974 0.027763672082447895 0.0021208694103618387 0.019460157137953411
leaf_weight=8225.2727445214987 775.12832028418779 550.72548026591539 493.66206981986761 1611.4949071407318 1403.5691482275724 268.87959584593773 395.41433155536652 252.16433590650558 1590.478413105011 469.33428026735783 800.76686615496874 1310.9747446775436 280.2873676866293 620.82223279774189 243.43215307593346 1830.2735171243548 454.68106857687235 590.81014794111252 1240.4492400512099 1424.798126719892 2447.2985213547945 943.86514544487 428.8598814457655 1359.6667645275593 2745.9998642876744 592.34150701761246 978.99625171720982 194.2691105902195 703.72947050631046 605.33356370776892
leaf_count=90773 7113 4875 3824 11175 8775 1654 2067 1533 8226 2588 6797 9946 1255 4050 1284 14658 2924 4561 9887 14230 13880 4348 3416 6735 28487 3450 6517 1137 4670 4099
internal_value=-0.000121245 -0.0255317 0.016829 0.0195401 0.0083105 0.0272304 0.0179021 0.00158974 0.031662 0.0171947 -0.0102922 0.0136245 0.0412527 0.0257816 0.000604487 -0.00106685 0.00979769 0.0020555 -0.00734006 -0.0189867 0.0282744 0.0439657 0.00635624 0.0415339 -0.0302073 0.0328987 0.0162031 0.00492598 0.00551763 0.0101476
internal_weight=35833.8 14338.4 21495.4 18248.7 7418.29 10830.4 3304.23 3246.74 7511.3 3319.08 3367.1 2908.81 2852.7 4658.6 4114.06 3870.63 2257.41 1391.58 2015.58 1975.52 4037.78 2583.82 2040.35 2303.53 10971.3 1061.68 1231.16 1505.24 1802.73 1309.06
internal_count=288934 149723 139211 114161 52458 61703 21925 25050 40148 21555 30463 19858 13992 26156 30533 29249 15517 11358 17000 19105 22106 12338 14591 11083 119260 6038 8050 11083 12593 8769
is_linear=0
shrinkage=0.03


Tree=15
num_leaves=31
num_cat=0
split_feature=1 25 1 4 29 5 4 8 29 0 3 2 8 5 5 12 30 3 12 5 4 29 29 29 5 8 1 8 30 29
split_gain=16258.7 1088.57 985.053 1598.01 565.666 518.891 455.938 408.052 333.752 308.699 286.488 270.373 234.903 208.749 180.528 170.187 157.094 150.526 139.899 136.07 125.094 181.216 122.897 122.369 116.503 99.4927 96.8621 93.2485 90.0968 95.0905
threshold=0.32185153663158422 0.16826327145099643 9.9208822250366229 -0.96178573369979847 0.19969739764928821 14.881246566772463 2.9862594604492192 0.89678794145584118 -0.59867820143699635 3.5000000000000004 1.2932864427566531 1.1698340177536013 0.06448786705732347 3.5654684305191044 -0.85336589813232411 -0.86357074975967396 2.5000000000000004 1.0495780110359194 -1.5366601347923277 -0.2485726326704025 -1.0000000180025095e-35 0.19969739764928821 -0.10837475582957266 0.18281312286853793 -0.66428560018539418 2.1028304100036626 3.1691458225250249 0.70417299866676342 2.5000000000000004 -0.65233206748962391
decision_type=2 2 2 2 2 8 2 2 2 2 2 2 2 8 8 2 2 2 2 10 2 2 2 2 10 2 2 2 2 2
left_child=1 12 3 4 7 9 11 24 16 -4 -7 15 -1 -8 26 -5 27 -11 -9 -10 -16 -22 -14 -15 -2 -6 -13 -3 -26 -30
right_child=2 8 5 6 25 10 13 18 19 17 -12 14 22 23 20 -17 -18 -19 -20 -21 21 -23 -24 -25 28 -27 -28 -29 29 -31
leaf_value=-0.031314188995141427 0.015002144600873537 -0.0056084651467751935 -0.011596417586799124 0.028092959993441947 -0.012764418556207748 0.012773668118843142 0.013413484862866032 0.033758436869146875 -0.0032967806337105754 0.0020829043713794316 0.046292257248037282 0.034968108513212415 -0.010211129474429106 0.023721133097747031 0.021622892027597464 0.0090323183477022864 0.027044422520975143 0.017798985511669169 0.012652606194384842 -0.022889948582214849 0.035162711295030617 0.051362843048690425 -0.025038253756607159 0.048631643411843124 -0.0030543668181525416 0.0092704403107997067 0.020664529499458337 0.021578398776678907 0.043681799354100069 -0.0010723235092394714
leaf_weight=9118.7723668962717 638.74815374612808 599.90659485757351 1317.4956264123321 977.15841925144196 1316.2039057314396 668.94126506894827 2851.5799927487969 780.10153668373823 484.21844045072794 2336.605338126421 349.29593578726053 665.37989628314972 696.25644363462925 894.59322164207697 420.77910405397415 743.30399443954229 248.86542748659849 715.86138886958361 445.69867176562548 936.09311331808567 2630.6165872216225 822.54149676859379 1832.0075025185943 222.41189908981323 1292.2703623175621 213.70804259181023 1205.9761571288109 138.99824084341526 80.06191024184227 90.255542896687984
leaf_count=102199 4403 5052 10812 5583 11290 4614 17728 4670 4243 17503 1835 3387 6931 5358 2411 4914 1764 4433 3075 9285 13403 3750 19272 1141 9721 1656 6472 1039 493 663
internal_value=-0.000141645 -0.0252726 0.0161515 0.0198289 0.00541129 0.00503084 0.0259522 0.0123526 -0.00690779 0.000535028 0.024306 0.0303211 -0.0290687 0.0177279 0.0334473 0.0198681 0.00648102 0.00577325 0.026101 -0.0162172 0.0371501 0.0390353 -0.0209607 0.0287202 0.00432402 -0.0096824 0.0257663 -0.000471987 -0.000346441 0.0200976
internal_weight=35734.7 14055.1 21679.6 16291.4 4857.05 5388.2 11434.3 3327.14 2408.08 4369.96 1018.24 7465.76 11647 3968.59 5745.29 1720.46 987.77 3052.47 1225.8 1420.31 3873.94 3453.16 2528.26 1117.01 2101.34 1529.91 1871.36 738.905 1462.59 170.317
internal_count=289100 149785 139315 100118 35971 39197 64147 23025 21383 32748 6449 39920 128402 24227 29423 10497 7855 21936 7745 13528 19564 17153 26203 6499 15280 12946 9859 6091 10877 1156
is_linear=0
shrinkage=0.03


Tree=16
num_leaves=31
num_cat=0
split_feature=4 3 1 1 1 3 0 12 4 1 12 3 5 5 5 1 6 29 1 29 4 4 3 0 29 29 5 30 6 0
split_gain=15544.7 998.673 861.18 1458.66 477.265 425.844 381.958 375.965 340.196 356.652 258.869 254.483 254.012 203.586 195.773 191.233 175.79 148.854 121.522 111.746 227.941 108.335 106.33 101.982 100.33 93.7135 93.1047 90.7988 89.8101 85.3737
threshold=-2.1828078031539913 -0.7895296812057494 10.279356956481935 1.2088397145271303 32.497514724731452 -0.22706304490566251 4.5000000000000009 -2.7749723196029659 3.8775615692138676 2.2209209203720097 -1.430660545825958 1.4404339194297793 -1.2013246417045591 4.4101769924163827 -0.77395465970039357 0.026573427952826027 0.14404762536287311 -0.46800559759140009 3.4843152761459355 0.18281312286853793 1.0000000180025095e-35 13.097260475158693 1.1343008279800417 4.5000000000000009 0.76556760072708141 -0.15101602673530576 -0.63091459870338429 2.5000000000000004 0.38040582835674291 3.5000000000000004
decision_type=2 2 2 2 2 2 2 2 2 2 2 2 10 8 8 2 8 2 2 2 2 2 2 2 2 2 10 2 8 2
left_child=1 7 3 5 6 12 -4 28 9 10 26 21 -2 29 18 -3 -9 27 -11 -16 -21 -8 -6 -24 -12 -17 -5 -14 -1 -10
right_child=2 15 4 8 22 -7 11 16 13 14 24 -13 17 -15 19 25 -18 -19 -20 20 -22 -23 23 -25 -26 -27 -28 -29 -30 -31
leaf_value=0.00062225136770140523 0.023397791628502772 -0.031291419933878607 -0.010249093446254345 0.034533637360396184 0.016655094411250779 -0.012020784022741173 0.010327697850899244 -0.022336761794681838 0.0024731641795606679 0.031637938015985939 0.011525202307574759 0.031947975608821448 0.0069629848644562438 0.028476209386895598 0.031219423626321914 -0.010379271501451088 -0.0040904627105827008 -0.0068381208803038511 0.017568322614266094 0.001382674135494782 0.047013796902956449 -0.0017999026525250467 0.019484874375523847 0.055655545757107711 -0.011134857812701071 -0.025008407663884347 0.018906432721408208 0.031993089019002253 0.021811965054842172 0.01469903414922087
leaf_weight=538.8265667706728 816.49764935672283 8860.9411006942391 1597.4825284853578 671.93361841887236 266.98930142819881 1202.3482661694288 1435.5248132422566 1434.7855159789324 751.23691081255674 916.55109333992004 1142.5460372716188 348.85681676864624 1001.0748819187284 783.50710878521204 3439.7980937063694 549.78658071160316 711.09080854058266 764.24065183848143 1404.8998455107212 109.77996696531773 965.19380970299244 1230.5129927024245 111.50206190347672 195.47114904224873 206.98584827780724 1409.9253582283854 711.18530555814505 149.17581611126661 269.38274898380041 1630.3524223938584
leaf_count=4283 5266 102374 13353 3743 1542 10699 10158 14639 4960 4588 7510 1952 6863 4601 17720 5608 6196 6040 7695 683 4386 9173 587 924 1596 14864 4256 903 1902 10285
internal_value=-0.000234809 -0.0251932 0.0154973 0.0188192 0.00482016 0.0028497 0.00160698 -0.00972902 0.0237514 0.0265723 0.0174007 0.0078904 0.00939859 0.0152173 0.0302354 -0.0294137 -0.0162951 0.00341908 0.0231345 0.0338807 0.0423594 0.00473161 0.0305936 0.0426232 0.00804402 -0.0209117 0.0265178 0.0102341 0.00770318 0.0108452
internal_weight=35628.4 13774.7 21853.6 16667.3 5186.34 3933.34 4612.38 2954.09 12734 9568.87 2732.65 3014.89 2730.99 3165.1 6836.22 10820.7 2145.88 1914.49 2321.45 4514.77 1074.97 2666.04 573.963 306.973 1349.53 1959.71 1383.12 1150.25 808.209 2381.59
internal_count=289349 149866 139483 101794 37689 29771 34636 27020 72023 52177 17105 21283 19072 19846 35072 122846 20835 13806 12283 22789 5069 19331 3053 1511 9106 20472 7999 7766 6185 15245
is_linear=0
shrinkage=0.03


Tree=17
num_leaves=31
num_cat=0
split_feature=1 27 2 2 27 1 27 5 4 27 1 1 27 27 27 11 8 5 28 5 28 27 8 25 8 3 12 28 8 18
split_gain=14771.9 1103.94 808.149 1274.76 481.802 475.54 407.263 388.849 330.956 305.455 280.064 414.428 218.993 180.686 179.603 175.178 162.464 129.675 126.157 122.485 121.009 117.937 113.18 109.56 106.2 105.713 102.416 101.755 98.8155 87.4792
threshold=0.32185153663158422 0.1037634424865246 2.4859274625778203 0.79256674647331249 0.32795698940753942 32.497514724731452 0.81953403353691112 -0.14027778059244153 1.0000000180025095e-35 0.50824373960495006 2.1653846502304082 5.0216891765594491 0.24050179123878482 0.067647062242031111 0.48082436621189123 2.8680136203765874 1.6379523873329165 4.4101769924163827 -0.031173458322882649 10.079683780670168 0.78857997059822094 0.46451613306999212 0.043482134118676193 0.23511925339698794 1.7733241319656374 1.1842601895332339 1.9564474225044253 0.86548283696174633 1.050246059894562 8.0742034912109393
decision_type=2 2 2 2 2 2 2 10 2 2 2 2 2 2 2 2 2 8 2 8 2 2 2 2 2 2 2 2 2 10
left_child=1 22 3 4 13 9 10 21 -8 19 12 26 20 -2 17 -9 18 -13 -6 -4 -5 -3 -1 -11 29 -7 -12 -20 -15 -14
right_child=2 7 5 6 16 25 8 15 -10 23 11 14 24 28 -16 -17 -18 -19 27 -21 -22 -23 -24 -25 -26 -27 -28 -29 -30 -31
leaf_value=-0.031657179066579 -0.016664476904985594 -0.0014307521755374446 0.0075840687013178287 -0.0051275528497776932 0.0015571778381132939 0.016488231255411573 0.051685870332445122 -0.022004246595270859 0.00089521092334386243 -0.0084675266355874624 0.030427526442481392 0.021506291394927903 0.011736617070534285 -0.0041688768196181262 0.014315452074482083 -0.0026810868891557708 0.03271614453425184 0.038297160003118669 0.02660766187543151 0.029853321027881703 0.021075718525709771 0.021365046739507464 -0.023922733802240602 0.0029056357209533102 0.031900605979934125 0.042059918625452539 0.042001872012206398 -0.010545092949632481 0.013179466824435552 0.031733023826887079
leaf_weight=7774.1210484579206 857.27301101386547 914.16321017593145 670.98774066567421 571.4985419511795 664.09609245508909 291.03220884501934 127.72551727294922 1797.216813005507 1121.0939994305372 1935.0623692274094 4269.7689942717552 1422.6192827224731 922.89550594985485 1060.6538999155164 2445.8045986667275 552.21761937439442 383.32873627543449 587.61014074087143 452.22264234721661 332.17297264933586 218.41851185262203 261.99221594631672 2203.8735815808177 1256.7468599528074 563.12630032002926 294.24487219750881 830.28627999126911 77.169968716800213 408.46741134673357 250.26413929462433
leaf_count=92270 7990 7886 4465 4195 4467 1660 639 18735 7818 16078 21186 7707 5572 8498 15244 4637 2209 3003 2713 1872 1516 1872 24452 9204 3087 1414 3809 546 3049 1468
internal_value=-0.000151137 -0.0248528 0.0150012 0.0180282 0.00294869 0.00408611 0.0224428 -0.0104186 0.00612713 0.000549007 0.0241285 0.0264778 0.0152349 -0.0057283 0.0197858 -0.0174656 0.015746 0.026431 0.0102726 0.0149804 0.00213535 0.00366092 -0.0299514 -0.00398994 0.0211898 0.0293941 0.0323197 0.0211822 0.000660257 0.0160257
internal_weight=35518.2 13503.6 22014.6 17234.3 3903.21 4780.25 13331.1 3525.59 1248.82 4194.97 12082.3 9556.09 2526.2 2326.39 4456.03 2349.43 1576.82 2010.23 1193.49 1003.16 789.917 1176.16 9977.99 3191.81 1736.29 585.277 5100.06 529.393 1469.12 1173.16
internal_count=289261 149852 139409 104716 29472 34693 75244 33130 8457 31619 66787 50949 15838 19537 25954 23372 9935 10710 7726 6337 5711 9758 116722 25282 10127 3074 24995 3259 11547 7040
is_linear=0
shrinkage=0.03


Tree=18
num_leaves=31
num_cat=0
split_feature=4 4 4 27 27 0 27 4 27 29 4 2 29 6 2 6 5 8 27 27 11 29 28 27 2 6 11 27 28 4
split_gain=13923 1004.48 1360.08 874.083 465.967 456.597 476.413 332.559 311.736 297.111 287.958 250.113 248.671 200.452 187.514 185.863 181.439 143.847 142.129 140.356 135.912 133.186 140.836 128.077 123.878 119.845 117.055 115.017 100.755 93.9935
threshold=-2.2775962352752681 -1.4806742668151853 5.2670695781707773 0.11469534039497377 0.24050179123878482 3.5000000000000004 0.68853047490119945 -0.54763150215148915 0.48082436621189123 -0.50557503104209889 -1.0000000180025095e-35 3.5994379520416264 0.19969739764928821 2.7292337417602544 1.4824849963188174 0.6856183409690858 7.263301134109498 1.9920063614845278 0.043727599084377296 0.52455195784568798 0.74096044898033153 -0.49812626838684076 0.022575936280190948 0.92903226613998424 1.537159323692322 0.011904762592166664 7.5757217407226571 0.17491039633750918 0.65233618021011364 33.26420974731446
decision_type=2 2 2 2 2 2 2 2 2 2 2 2 2 8 2 8 8 2 2 2 2 2 2 2 2 8 2 2 2 2
left_child=3 4 7 25 20 29 16 12 10 19 -9 -8 17 21 -10 -11 -7 -3 -12 28 -2 22 -6 26 -20 -1 -16 -18 -5 -4
right_child=1 2 5 9 13 6 11 8 14 15 18 -13 -14 -15 23 -17 27 -19 24 -21 -22 -23 -24 -25 -26 -27 -28 -29 -30 -31
leaf_value=-0.032074788335207625 -0.018994507965657319 0.014333525149944805 -0.008509181212098425 -0.010985083646835671 -0.00059079299352063439 0.013430628758119493 -0.0017534263506772019 0.014448065444167643 0.029092738655952563 -0.02352316822242791 0.053837695193311622 0.030293183416160028 -0.0018297936357296839 0.028572495235241652 0.022259866482485294 0.0016461365225114385 0.056476646150073008 0.032562178904393814 0.039766252802198532 0.022085695813834905 -0.0027138933409687756 -0.006142446245196582 0.021060883875493725 -0.011030574240964583 0.028298086811632466 -0.024816296655729236 0.0099115893947207146 0.025708563531824779 0.010584746768606722 0.017916944840461444
leaf_weight=6686.2585485801101 930.64332629740238 1539.0229064971209 1703.8686984404922 627.07101712375879 487.77979000657797 1657.989347435534 2256.3016169965267 792.8554063886404 1360.5850119888783 1402.4022626802325 309.77431838214397 241.7612442523241 690.51509466767311 407.97412671148777 1652.0248654484749 325.09715211391449 124.71681858599186 522.50868596881628 1368.1332473307848 225.75322636216879 915.23599646240473 603.03573940694332 605.49833648651838 152.98086407780647 2281.4802292734385 2984.7331773340702 1191.7262516468763 896.17713705450296 281.67849226295948 129.47444704174995
leaf_count=81544 9122 9668 13732 5413 3272 10565 17291 4673 6763 14813 1324 1209 5169 2550 9169 2860 599 2863 6080 1640 7821 4741 3949 1085 11028 34451 6928 5330 2496 668
internal_value=-0.000124136 0.0138269 0.0167063 -0.0255276 7.01322e-05 0.00622897 0.0107847 0.0228974 0.025659 -0.0109588 0.0309759 0.00135891 0.0137503 0.00971828 0.0198544 -0.0187884 0.0195704 0.0189672 0.0342811 0.000969324 -0.010928 0.00516956 0.011409 0.0156516 0.0326069 -0.0298374 0.0170904 0.0295189 -0.00429495 -0.00663416
internal_weight=35355.1 22822.1 18871.9 12533 3950.17 7010.29 5176.95 11861.6 9109.56 2862 4752.24 2498.06 2752.05 2104.29 4357.32 1727.5 2678.88 2061.53 3959.39 1134.5 1845.88 1696.31 1093.28 2996.73 3649.61 9670.99 2843.75 1020.89 908.75 1833.34
internal_count=288816 145599 114144 143217 31455 49394 34994 64750 47050 27222 23105 18500 17700 14512 23945 17673 16494 12531 18432 9549 16943 11962 7221 17182 17108 115995 16097 5929 7909 14400
is_linear=0
shrinkage=0.03


Tree=19
num_leaves=31
num_cat=0
split_feature=1 4 4 27 27 0 27 5 4 27 1 27 11 29 27 0 4 27 27 4 11 5 3 28 3 28 18 28 28 27
split_gain=13350.2 1049.58 1158 819.271 486.425 466.707 454.448 294.389 289.083 294.235 276.194 253.795 220.613 184.474 169.929 136.403 131.348 141.132 130.797 126.749 213.97 125.684 123.661 118.398 116.715 112.298 98.8903 98.545 97.4127 97.2008
threshold=0.20477821677923205 -1.4806742668151853 5.2670695781707773 0.1037634424865246 0.087455198168754592 3.5000000000000004 0.51666668057441723 -0.20138891041278836 -0.41782200336456293 0.58333334326744091 30.305106163024906 0.29516129195690161 4.143972873687745 -0.59867820143699635 0.81953403353691112 4.5000000000000009 0.1978482007980347 0.92903226613998424 0.1637992858886719 -1.0000000180025095e-35 4.2402455806732187 -2.1445131301879878 1.1842601895332339 0.90162119269371044 -0.30778346955776209 0.3903625756502152 7.7660980224609384 0.056951373815536506 0.73865729570388805 0.39784945547580725
decision_type=2 2 2 2 2 2 2 10 2 2 2 2 2 2 2 2 2 2 2 2 2 10 2 2 2 2 10 2 2 2
left_child=3 4 8 -1 -2 -4 18 -5 11 19 14 23 15 -9 -8 -6 -11 24 -7 -10 28 -13 -12 -3 -18 -16 -23 -14 -21 -17
right_child=1 2 5 7 12 6 10 13 9 16 22 21 27 -15 25 29 17 -19 -20 20 -22 26 -24 -25 -26 -27 -28 -29 -30 -31
leaf_value=-0.029929324463190136 -0.016598504990931129 0.00019129512595366578 -0.0063705612602763407 0.0032727427567757696 -0.0087629884641822892 0.046334958440954713 0.007890921880007274 -0.0045815840730762314 0.017120623338267631 0.033788582876035783 0.015502555694000926 0.033840334422740141 0.010532791841991213 -0.023605366966496504 -0.0087413105107679769 0.0015154620064115989 0.021267038528998628 -0.011462208248567782 0.021442508241849654 0.040703243144753709 0.024588136638241376 0.011904122866223587 0.048727273154820824 0.023860526408089826 0.0073199214609777005 0.025968595566554037 0.03247343727318093 0.030811156366704881 0.027253667406197831 0.020499004068036064
leaf_weight=9164.5727106630802 1189.2980091050267 1109.356517881155 1826.69527002424 836.57615864276886 823.27400247752666 223.56957511603832 2104.0691512227058 665.70800147205591 759.59959228336811 365.61736014485359 263.56384046375751 526.94918894767761 558.58170185983181 1478.763763435185 1131.317417897284 809.89508101344109 1569.5928810536861 174.03573796153069 1276.7631090432405 1710.0766765922308 2772.4617593437433 979.39918981492519 163.80208502709866 228.56809011101723 825.20579347014427 89.638855084776878 267.84443774819374 352.12889232486486 689.89415553212166 345.76132029294968
leaf_count=112955 11746 8067 14409 7011 6376 1109 14730 5930 4282 1774 1561 2784 3684 16146 9163 6480 8707 1195 7234 7771 13591 5713 776 1586 4703 704 1481 2215 3139 2275
internal_value=-1.68127e-05 0.0133534 0.0163093 -0.0254855 -0.000458061 0.00668872 0.0112306 -0.0118186 0.021994 0.0247559 0.00564783 0.01412 0.00618835 -0.0177047 0.002726 0.000562666 0.0169755 0.0145703 0.0251802 0.0286012 0.0302836 0.0215566 0.028321 0.0042497 0.0164662 -0.00617385 0.0163438 0.0183987 0.03685 0.00720797
internal_weight=35282.6 23137 19058 12145.6 4078.94 7079.42 5252.72 2981.05 11978.6 8866.48 3752.39 3112.12 2889.64 2144.47 3325.03 1978.93 2934.45 2568.83 1500.33 5932.03 5172.43 1774.19 427.366 1337.92 2394.8 1220.96 1247.24 910.711 2399.97 1155.66
internal_count=289297 147255 114479 142042 32776 49686 35277 29087 64793 45162 26934 19631 21030 22076 24597 15131 16379 14605 8343 28783 24501 9978 2337 9653 13410 9867 7194 5899 10910 8755
is_linear=0
shrinkage=0.03


Tree=20
num_leaves=31
num_cat=0
split_feature=1 11 27 2 2 5 8 1 6 27 0 2 27 27 29 28 27 1 5 29 29 1 27 5 6 1 27 6 27 27
split_gain=12694.8 866.98 831.645 816.45 640.852 389.021 373.575 289.022 280.914 243.051 235.675 196.631 213.711 194.382 191.78 173.485 170.362 166.82 149.966 141.224 126.123 123.7 119.178 113.6 109.147 102.535 98.8876 92.8019 92.0403 89.5821
threshold=0.22493146359920504 0.42385190725326544 0.1037634424865246 2.3728451728820805 0.8724389672279359 14.881246566772463 0.89678794145584118 5.0216891765594491 0.016116104088723663 0.81953403353691112 3.5000000000000004 1.2234708070755007 0.48082436621189123 0.054659498855471618 0.19969739764928821 0.022575936280190948 0.46451613306999212 2.4607234001159672 3.416471123695374 -0.61236745119094838 0.19969739764928821 47.646572113037116 0.59014335274696361 -0.69999957084655751 0.012980769854038956 32.497514724731452 0.32795698940753942 1.1106908321380617 0.37706093490123754 0.56827956438064586
decision_type=2 2 2 2 2 8 2 2 8 2 2 2 2 2 2 2 2 2 8 2 2 2 2 10 8 2 2 10 2 2
left_child=2 17 24 4 6 10 13 11 -4 18 -5 14 -13 -3 23 -15 -12 28 -9 29 -8 22 -7 -6 -1 -18 -17 -21 -2 -10
right_child=1 3 8 5 7 21 20 9 19 -11 16 12 -14 15 -16 26 25 -19 -20 27 -22 -23 -24 -25 -26 -27 -28 -29 -30 -31
leaf_value=-0.031838736457378398 -0.016116809927660479 -0.017301964364323266 -0.022745227347786955 -0.010165107649188604 0.030095264996888509 0.030052002288968409 0.024418005801154236 0.014308144089716528 0.0011108320124945379 -0.0016068684752285468 0.018912211193703697 0.033788106730593744 0.021281393179293943 -0.0039776918305791976 0.0011416931534876515 0.0053777592692697143 -0.00023968289428312746 0.045275394224194361 0.027070164774543267 -0.013648443003034052 0.0031363143113548432 0.048734482471982449 0.0084591038319170933 0.015543835926552757 -0.024615721753304069 0.022566307577328356 0.023639750123151792 0.015807460713344261 0.006327864149592642 0.028110945667116704
leaf_weight=6297.3560374900699 1083.4294922277331 443.94737310707569 1208.5578976646066 1314.6746042594314 879.79092395305634 375.37050785124302 1131.5303735658526 2795.1641023606062 588.88068599253893 655.68761905282736 628.31273050606251 2796.8672193139791 2209.1574553698301 1104.4364721477032 492.13264345377684 655.48642697185278 2354.0234755501151 45.295637190341949 1180.8095382153988 1005.0411400422454 322.26266972720623 122.83214582502842 594.75518325716257 1079.0662701800466 2719.1889442652464 190.8863217830658 450.04491444677114 105.61263362318277 193.27078073471785 135.19304583221674
leaf_count=80873 10073 4245 13320 11019 4647 2004 6891 15676 4892 4653 3601 12445 11283 8034 3263 5278 17719 196 6227 9857 2563 545 4104 6153 32939 1016 2695 895 1321 925
internal_value=-0.000139346 0.0128858 -0.0250866 0.0143178 0.0177275 0.00442121 0.00748786 0.021206 -0.0115211 0.015314 0.000510911 0.024863 0.0282742 0.000790031 0.0178871 0.00443061 0.00493582 -0.0106971 0.0181041 -0.00411926 0.0197059 0.0204625 0.0168364 0.0220914 -0.0296634 0.00147912 0.0128266 -0.0108358 -0.0127168 0.00618389
internal_weight=35159.1 23099.2 12059.8 21777.2 16196.4 5580.85 4107.71 12088.7 3043.29 4631.66 4487.9 7457.01 5006.02 2653.92 2450.99 2209.97 3173.22 1322 3975.97 1834.73 1453.79 1092.96 970.126 1958.86 9016.54 2544.91 1105.53 1110.65 1276.7 724.074
internal_count=289352 145651 143701 134061 94053 40008 29706 64347 29889 26556 33355 37791 23728 20252 14063 16007 22336 11590 21903 16569 9454 6653 6108 10800 113812 18735 7973 10752 11394 5817
is_linear=0
shrinkage=0.03


Tree=21
num_leaves=31
num_cat=0
split_feature=4 4 1 3 12 0 3 4 12 8 5 2 5 6 5 29 4 2 29 12 4 2 2 3 28 29 3 29 5 0
split_gain=12103.4 958.312 1054.03 661.45 464.823 399.344 335.854 276.78 249.802 239.061 213.673 168.027 144.086 128.315 126.678 124.382 120.334 120.592 102.85 101.404 101.233 90.5447 143.251 89.8539 81.6468 98.7262 79.4308 76.7959 76.1692 72.9297
threshold=-2.3358500003814693 -1.4806742668151853 7.2271785736083993 -0.7895296812057494 -0.68970131874084462 4.5000000000000009 1.2932864427566531 -0.41782200336456293 -2.0075032711029048 0.81679067015647899 -0.63091459870338429 1.6691628098487856 1.2093989849090578 0.011904762592166664 -0.21586062014102933 -0.13398942351341245 13.097260475158693 3.4440749883651738 -0.78324955701827992 2.0771338939666752 40.890956878662116 2.6019275188446049 3.5116205215454106 -0.25934340059757227 0.022575936280190948 -0.16799793392419812 0.43017786741256719 0.19969739764928821 -0.99038445949554432 8.5000000000000018
decision_type=2 2 2 2 2 2 2 2 2 2 10 2 8 8 10 2 2 2 2 2 2 2 2 2 2 2 2 2 10 2
left_child=3 4 7 8 9 21 16 10 -1 24 27 19 -13 -5 -10 -6 26 -18 -12 -9 29 -4 -23 -15 -2 -26 -7 -3 -17 -8
right_child=1 2 5 13 15 6 20 11 14 -11 18 12 -14 23 -16 28 17 -19 -20 -21 -22 22 -24 -25 25 -27 -28 -29 -30 -31
leaf_value=0.0037132087517762948 -0.0054868997719958509 0.025939409553714734 0.0027391188462905845 -0.031655626788939815 -0.0015363422570292904 0.0072005375740863097 0.017908876838115362 0.025592809071837103 -0.0029305558457467375 0.021143708585176446 0.016917307132782486 0.01337916776939845 0.025305662511191793 -0.018263520981873831 -0.022651651639122423 -0.0022099111277421668 -0.0037048453807229605 0.018550420191571441 0.0017661576525416142 0.039348861145582038 0.059733983575395229 -0.012500499563026929 0.013934249451004032 -0.029212412509756733 0.014967528159195668 -0.0094047730479435276 0.017364520035045961 0.007144914506083495 -0.020449770287008666 0.038043806003706208
leaf_weight=699.67938569188118 770.81040097773075 1049.4598172232509 1258.6828284785151 6294.5316174477339 782.56922207027674 1647.073463357985 438.23265273869038 4250.5102400034666 388.9670734256506 860.85251595824957 588.54194823652506 2068.4914724379778 1636.3568013608456 1338.2386097535491 1192.9999195560813 258.98161190748215 1109.5044957697392 271.9968713670969 1276.8365088403225 547.97297479212284 87.054883003234863 1175.3413156345487 217.9571737498045 1377.6208472698927 551.8511268645525 204.28911868482828 1195.6493795886636 241.61045652627945 1012.2150941044092 259.43473869562149
leaf_count=5684 5872 5780 9008 82792 6493 11542 2358 20410 3468 5660 3420 11114 8266 16051 13291 2385 8317 1543 8716 2382 366 10128 1188 17233 3960 1871 7043 1731 10137 1276
internal_value=-7.42739e-05 0.0120776 0.0149661 -0.0256448 -0.000487635 0.00632044 0.0113035 0.0206456 -0.0112094 0.00851139 0.0130523 0.0234624 0.0186523 -0.0292986 -0.0178076 -0.0109494 0.00795135 0.000687131 0.00655297 0.0271716 0.0293157 -0.00309215 -0.00835822 -0.0238261 0.00138046 0.00837905 0.0114801 0.0224305 -0.0167384 0.02544
internal_weight=35054.3 23762.3 19320.7 11292 4441.57 7660.93 5008.95 11659.8 2281.65 2387.8 3156.45 8503.33 3704.85 9010.39 1581.97 2053.77 4224.22 1381.5 1865.38 4798.48 784.722 2651.98 1393.3 2715.86 1526.95 756.14 2842.72 1291.07 1271.2 697.667
internal_count=289485 150966 114588 138519 36378 52769 32445 61819 22443 17363 19647 42172 19380 116076 16759 19015 28445 9860 12136 22792 4000 20324 11316 33284 11703 5831 18585 7511 12522 3634
is_linear=0
shrinkage=0.03


Tree=22
num_leaves=31
num_cat=0
split_feature=1 11 2 27 1 1 27 27 0 27 1 5 11 0 3 28 1 5 6 27 2 6 27 27 1 27 27 27 27 3
split_gain=11487.1 963.034 673.066 647.519 637.624 349.502 345.035 312.051 265.907 275.325 260.856 255.907 230.778 159.824 158.425 150.034 135.322 116.125 99.8413 97.435 96.9631 96.5706 90.9523 84.8283 83.8493 82.2593 78.3765 75.3712 74.236 73.7294
threshold=0.16055197268724444 0.39590407907962805 2.4859274625778203 0.11469534039497377 1.2088397145271303 32.497514724731452 0.054659498855471618 0.81953403353691112 3.5000000000000004 0.50824373960495006 2.5251827239990239 -1.0936909914016721 2.2909681797027592 4.5000000000000009 1.1842601895332339 -0.013976118760183452 6.176544427871705 -0.32166647911071772 0.011904762592166664 0.32795698940753942 1.0977542996406557 0.63571417331695568 0.032795699313282974 0.48082436621189123 47.646572113037116 0.071948137134313597 0.87634408473968517 0.91254481673240673 0.043727599084377296 -0.34750548005104059
decision_type=2 2 2 2 2 2 2 2 2 2 2 10 2 2 2 2 2 10 8 2 2 8 2 2 2 2 2 2 2 2
left_child=3 21 4 18 6 8 -3 13 -4 25 -9 23 17 16 22 -13 20 -5 -1 -17 -6 -2 -15 -8 -7 -10 -11 29 -16 -12
right_child=1 2 5 12 7 24 11 10 9 26 27 15 -14 14 28 19 -18 -19 -20 -21 -22 -23 -24 -25 -26 -27 -28 -29 -30 -31
leaf_value=-0.03160769472364771 -0.018663901275683698 -0.016324794810077901 -0.01319620815998423 -0.0033140888834323448 0.0098834837090751772 0.016979821781422311 0.014515110469059303 0.044396910543517319 0.061689083421569521 0.0020234853814291207 0.012263487674058658 -0.0045840299189605568 0.0023846851795398735 -0.0069196187345630777 0.05585720104779722 0.0035681690469568646 0.0069827077218860599 -0.021989516348111006 -0.024474399511882419 0.020504184373262572 0.021452108304359667 -0.0020637533500202977 0.022176904852645101 0.032309130345296914 0.041486079921521798 0.017348165459514207 -0.011159443634636919 -0.010813998035725804 0.030615633960031929 -0.0074709930695738055
leaf_weight=6031.9852595701814 899.49926842004061 577.39935863763094 1047.3175481334329 384.47710045427084 855.21154276281595 435.1803869754076 647.13597018271685 131.50464704632759 38.866888344287872 1857.1025599911809 492.83880741149187 1133.372937425971 710.57638420909643 97.613970413804054 168.41635556519032 755.47071135789156 1166.4204067587852 1363.6746730431914 2530.0816111266613 513.16414437443018 2780.3973970115185 485.83970152586699 7021.9547798186541 386.57059788703918 177.42260737717152 747.18468855321407 518.33669226616621 387.20291735231876 292.11719641089439 259.31714295595884
leaf_count=81622 8870 5742 9211 3438 5177 2291 4466 619 186 13667 3079 8418 5853 643 708 6184 7269 15382 31929 3107 13323 4025 36510 2155 790 4168 4330 2800 1360 1927
internal_value=-0.000273676 0.0114215 0.0129171 -0.025606 0.0156284 0.00298146 0.00511428 0.0187183 -0.000102261 0.00423822 0.00455719 0.00872099 -0.0120294 0.0201712 0.0228861 0.00334653 0.0158818 -0.0178864 -0.0295029 0.0104296 0.0187343 -0.0128479 0.0217771 0.0211943 0.0241334 0.0196162 -0.000856603 -7.59998e-05 0.0399475 0.00545884
internal_weight=34893.7 23872.9 22487.5 11020.8 17666.1 4821.41 4013.11 13653 4208.81 3161.49 1270.86 3435.71 2458.73 12382.1 7580.1 2402.01 4802.03 1748.15 8562.07 1268.63 3635.61 1385.34 7119.57 1033.71 612.603 786.052 2375.44 1139.36 460.534 752.156
internal_count=289249 151025 138130 138224 103487 34643 30072 73415 31562 22351 8425 24330 24673 64990 39221 17709 25769 18820 113551 9291 18500 12895 37153 6621 3081 4354 17997 7806 2068 5006
is_linear=0
shrinkage=0.03


Tree=23
num_leaves=31
num_cat=0
split_feature=1 4 1 27 27 0 29 3 5 1 27 27 1 4 27 27 3 27 1 29 12 6 2 30 8 29 2 0 25 4
split_gain=11068.4 884.828 888.755 667.007 440.698 392.965 272.372 259.139 232.106 221.642 310.005 267.88 158.178 145.535 142.821 138.501 161.89 127.403 125.709 123.713 122.97 122.352 121.451 120.478 115.661 109.353 105.559 94.2979 90.8134 88.969
threshold=0.16055197268724444 -1.4806742668151853 7.9557693004608163 0.1037634424865246 0.087455198168754592 6.5000000000000009 -0.59867820143699635 1.5261604189872744 -1.1480768322944639 2.1653846502304082 0.48082436621189123 0.48637992143630987 39.90080642700196 1.0000000180025095e-35 0.68853047490119945 0.91254481673240673 -0.34750548005104059 0.043727599084377296 12.963003635406496 0.51849433779716503 -0.00021367520821513605 0.65233638882637035 1.537159323692322 2.5000000000000004 0.60612452030181896 -0.71502926945686329 3.4440749883651738 4.5000000000000009 0.051764089614152915 1.0000000180025095e-35
decision_type=2 2 2 2 2 2 2 2 10 2 2 2 2 2 2 2 2 2 2 2 2 8 2 2 2 2 2 2 2 2
left_child=3 4 9 -1 -2 12 23 14 -6 11 13 19 18 -11 -7 16 -12 -15 -4 28 24 -8 -19 -5 -10 -13 -16 -24 -3 -17
right_child=1 2 5 6 8 7 21 -9 20 10 15 25 -14 17 26 29 -18 22 -20 -21 -22 -23 27 -25 -26 -27 -28 -29 -30 -31
leaf_value=-0.029595232091277401 -0.015500879782034099 0.039801576985321142 0.0033108793254259168 -0.004627941834463958 0.018074831657603756 0.017043197896859968 -0.022761178872119186 0.037454262445549766 -0.0026171275119614085 0.011195425716642284 0.022442275881995287 0.032836852132612948 0.026186046602440529 0.046681459212934415 0.00022168483916241492 0.066734134913500581 0.010621917986496032 0.033796077995499954 -0.0079215531266682727 -0.0075139227208954528 -0.01397928302192636 -0.0024254301078008894 0.015162887809482233 0.021826325346260313 0.012782317911513286 0.013777599672407412 0.022918412004400101 0.02735328423450838 0.0083772916322792379 -0.010138303788669803
leaf_weight=8157.7983579859138 1302.1319544017315 85.954270586371422 1716.7502635419369 674.86665338277817 902.95816837996244 1378.1993457973003 1445.4312551766634 349.92378050088882 1094.2609262540936 498.49110026657581 2187.0218812227249 611.33756077289581 180.03745345771313 317.07844820618629 1246.0806559771299 13.353057160973547 1998.7193072885275 1438.0403765588999 1875.3853664845228 460.02316324412823 447.15665470063686 326.6706253439188 920.00418193638325 200.02597218751907 731.68269769847393 490.21910457313061 215.46256259083748 1526.6195324808359 1761.6048524454236 243.06961493194103
leaf_count=111183 13598 605 12352 6177 5881 8068 16686 1615 8402 2735 11171 3070 851 1309 9414 60 10621 6124 15107 3544 3938 2954 4350 1405 5007 2650 1151 6968 10899 1657
internal_value=-0.000138049 0.0112166 0.0139765 -0.0253493 -0.000809692 0.0053787 -0.0122574 0.013128 0.00521644 0.0187445 0.0211796 0.01221 -0.00117566 0.0265515 0.0101183 0.0154909 0.0168019 0.0283702 -0.00255393 0.00639469 0.000102914 -0.019016 0.026864 0.00143829 0.00355728 0.0243752 0.00358105 0.0227774 0.00985999 -0.00589153
internal_weight=34796.4 23991.6 19513.4 10804.8 4478.19 6961.84 2646.99 3189.67 3176.06 12551.5 9142.4 3409.14 3772.17 4700.23 2839.74 4442.16 4185.74 4201.74 3592.14 2307.58 2273.1 1772.1 3884.66 874.893 1825.94 1101.56 1461.54 2446.62 1847.56 256.423
internal_count=289552 151147 114321 138405 36826 48558 27222 20248 23228 65763 44995 20768 28310 21486 18633 23509 21792 18751 27459 15048 17347 19640 17442 7582 13409 5720 10565 11318 11504 1717
is_linear=0
shrinkage=0.03


Tree=24
num_leaves=31
num_cat=0
split_feature=1 11 27 4 4 0 27 27 5 6 27 1 4 28 5 2 2 1 4 27 27 0 27 6 11 4 11 27 27 27
split_gain=10690.6 842.035 666.696 608.754 522.688 327.277 307.496 248.514 220.596 219.63 202.99 174.105 157.861 154.261 153.592 150.99 142.862 127.47 112.387 161.487 102.771 100.8 98.7428 98.2143 98.038 89.5806 87.6208 85.3887 83.8613 79.2235
threshold=0.16906548291444781 0.42385190725326544 0.10931899771094324 7.1308398246765146 -1.0959337949752805 6.5000000000000009 0.054659498855471618 0.81953403353691112 -1.1480768322944639 0.051141556352376945 0.46451613306999212 2.9435752630233769 1.0000000180025095e-35 0.022575936280190948 1.2675762176513674 3.5116205215454106 3.711634755134583 6.4357738494873056 1.0000000180025095e-35 0.24050179123878482 0.81953403353691112 2.5000000000000004 0.72114697098732006 0.0095169404521584528 2.0974640846252446 2.506853580474854 3.4365879297256474 0.50824373960495006 0.065591398626565947 0.048039216548204429
decision_type=2 2 2 2 2 2 2 2 10 8 2 2 2 2 8 2 2 2 2 2 2 2 2 8 2 2 2 2 2 2
left_child=2 12 23 4 6 15 -3 14 -8 -4 -7 -9 -2 22 17 21 20 -6 28 -20 -12 -5 -10 -1 -11 -21 -15 -23 -16 -25
right_child=1 3 9 5 7 10 8 11 13 24 16 -13 -14 26 18 -17 -18 -19 19 25 -22 27 -24 29 -26 -27 -28 -29 -30 -31
leaf_value=-0.031484043973415719 -0.012956522112819923 -0.013489339911701108 -0.019622237075718345 -0.013577098467020998 0.01889819832960719 0.027255687618987799 0.020351631191058969 0.032632295518914216 -0.0045349426208505204 -0.0087939172209686983 0.010284902218375828 -0.00026439505384563499 0.044630094549036631 0.0066410933372601164 -0.013755555328598875 0.016352911596956024 0.036942775965608445 0.008105284954503288 0.036779330440155515 0.028682937436472621 -0.0042606033014608077 0.010101001331763677 0.030861451018454701 -0.028651958778372736 0.0092751993833149211 0.017766055914330406 0.022873753773811588 -0.0048318030959897378 0.016988521109932805 -0.017750029151383125
leaf_weight=5603.4929434210062 1397.1698041558266 597.72325989603996 1396.6251513883471 858.69573202729225 5785.8746835663915 585.86305682361126 1191.2175475507975 170.54542803764343 1238.2701151743531 705.91864679008722 1225.9709643721581 928.40121567249298 43.236865252256393 931.00329504907131 94.954656809568405 330.7965149730444 134.93663077056408 1189.476001098752 961.60686787962914 1196.4000059068203 678.46521446853876 456.62337607890368 74.241792343556881 1518.7022284343839 436.52945844084024 1576.6005775183439 440.98989716917276 1394.9416723176837 480.16042882204056 1003.8558967038989
leaf_count=79913 13219 5946 15854 7528 28731 2855 7316 798 9048 6863 8061 6190 179 6996 621 1715 608 6839 4166 5419 5323 2999 462 20360 3321 8405 2749 11300 2615 13041
internal_value=-8.66137e-05 0.0110333 -0.0250713 0.0124554 0.0153147 0.0039477 0.00652343 0.0184896 0.00961253 -0.0116465 0.0117056 0.00486587 -0.0111982 0.00484138 0.0198157 -0.00275103 0.00722722 0.0170592 0.0242723 0.0261743 0.00510347 -0.0050879 -0.00251079 -0.0292641 -0.00188763 0.0224847 0.0118715 -0.00114569 0.0118974 -0.0243223
internal_weight=34629.3 23964.2 10665.1 22523.8 16857.5 5666.29 4473.45 12384 3875.72 2539.07 2625.24 1098.95 1440.41 2684.51 11285.1 3041.06 2039.37 6975.35 4309.72 3734.61 1904.44 2710.26 1312.51 8126.05 1142.45 2773 1371.99 1851.57 575.115 2522.56
internal_count=289440 150088 139352 136690 96301 40389 32517 63784 26571 26038 16847 6988 13398 19255 56796 23542 13992 35570 21226 17990 13384 21827 9510 113314 10184 13824 9745 14299 3236 33401
is_linear=0
shrinkage=0.03


Tree=25
num_leaves=31
num_cat=0
split_feature=1 1 2 27 27 27 2 2 27 27 6 29 27 29 2 8 27 25 1 27 27 27 6 5 28 29 30 8 27 23
split_gain=10042.8 869.031 745.602 527.645 486.484 397.614 250.115 242.933 234.695 230.559 200.237 194.553 167.918 145.851 131.102 123.132 121.917 131.037 111.451 111.307 106.026 103.203 102.243 94.2795 93.5916 91.6505 84.9301 83.9995 82.8293 80.5616
threshold=0.12194791436195375 1.0130103230476382 2.0065031051635747 0.1037634424865246 0.087455198168754592 0.48082436621189123 1.1698340177536013 3.711634755134583 0.32795698940753942 0.48637992143630987 2.7292337417602544 -0.59867820143699635 0.86881721019744884 -0.44505782425403589 1.2417131066322329 2.0671471357345585 0.043727599084377296 0.24895898997783664 15.685224533081056 0.67759856581687938 0.85250896215438854 0.81953403353691112 0.6856183409690858 14.881246566772463 0.022575936280190948 0.29958851635456091 2.5000000000000004 1.6379523873329165 0.86111110448837291 0.25596135854721075
decision_type=2 2 2 2 2 2 2 2 2 2 10 2 2 2 2 2 2 2 2 2 2 2 8 8 2 2 2 2 2 10
left_child=3 4 6 -1 -2 16 9 12 14 15 13 26 18 19 -8 25 -4 -18 28 24 -11 29 -13 -20 27 -3 -5 -6 -7 -10
right_child=1 2 5 11 10 7 8 -9 21 20 -12 22 -14 -15 -16 -17 17 -19 23 -21 -22 -23 -24 -25 -26 -27 -28 -29 -30 -31
leaf_value=-0.029482263795226806 -0.016102022033667354 0.00683635802403053 0.050387143016105272 -0.0065092167408474979 -0.0078476187109426752 0.006061303250840454 0.0073528062091319608 0.028723942634556819 0.015460446385267878 0.01989088946560295 0.029583915305231769 -0.02273478549451801 -0.008723600812524681 -0.0049235893934568434 0.030425062517135667 0.019399872182275721 0.0093631242751877376 0.024069459753507945 -0.0074518347945770336 0.033162011671127388 0.056273169388191602 0.0050690702772015995 -0.0031458754871620388 0.011470886253521313 0.01138522720979703 -0.0076700760077509028 0.016767657261495459 0.023590142251875432 0.047268925797587846 0.02386175081407927
leaf_weight=7591.294857673347 1418.3072126433253 1380.2987172827125 91.991370506584644 587.53818480670452 528.74103238433599 3180.4928561523557 245.03877215087414 295.51397414505482 2635.7952674478292 1119.9105703234673 269.15501995384693 1334.8198952153325 1278.8998274877667 1319.9021861851215 2398.2101884633303 501.34329213202 1354.9198058098555 914.11810150742531 1119.9993313103914 146.46317474544048 76.472309678792953 561.13177548348904 292.70156852900982 299.54413453489542 1056.1525998786092 546.341583378613 184.55831824243069 88.416159398853779 43.541546367108822 1695.2844451665878
leaf_count=109024 15422 8561 439 5528 3688 21470 1359 1357 12617 5723 1611 16004 10442 11234 10226 2932 7751 4734 8719 848 352 3308 2679 1976 7322 4154 1292 515 330 8102
internal_value=-0.000247478 0.0100663 0.0128565 -0.0256058 -0.00134355 0.00620543 0.0179685 0.00222466 0.0210838 0.0114873 0.00479992 -0.0133353 0.000897799 0.00266651 0.0282898 0.00617143 0.0166838 0.0152958 0.00354896 0.00817138 0.0222615 0.0171854 -0.0192159 -0.0034536 0.00596548 0.00272089 -0.00093073 -0.00331286 0.00663231 0.0187537
internal_weight=34556.9 24566 19738.8 9990.91 4827.14 8579.02 11159.8 6217.99 7535.46 3624.37 3408.83 2399.62 5922.48 3139.68 2643.25 2427.98 2361.03 2269.04 4643.58 1819.77 1196.38 4892.21 1627.52 1419.54 1673.31 1926.64 772.097 617.157 3224.03 4331.08
internal_count=289719 155192 114552 134527 40640 57218 57334 44294 35612 21722 25218 25503 42937 23607 11585 15647 12924 12485 32495 12373 6075 24027 18683 10695 11525 12715 6820 4203 21800 20719
is_linear=0
shrinkage=0.03


Tree=26
num_leaves=31
num_cat=0
split_feature=4 11 27 1 4 2 27 27 29 4 0 6 27 0 4 27 27 4 6 1 2 30 28 19 6 27 27 27 3 0
split_gain=9590.69 830.405 672.954 532.771 456.358 307.079 263.986 243.417 228.396 218.121 197.318 178.174 174.192 153.798 146.048 290.303 158.406 137.75 110.497 110.205 109.534 107.38 102.098 86.4509 86.2925 85.5537 80.7397 79.1042 76.7987 74.3
threshold=-2.3423521518707271 0.42385190725326544 0.1037634424865246 11.211647510528566 -1.428033113479614 3.4440749883651738 0.051391525194048888 0.81953403353691112 -0.59867820143699635 1.0000000180025095e-35 3.5000000000000004 0.96402227878570568 0.53548389673233043 4.5000000000000009 1.0000000180025095e-35 0.36612904071807867 0.30053764581680303 1.0000000180025095e-35 0.29169571399688726 5.0216891765594491 1.0977542996406557 2.5000000000000004 0.022575936280190948 -0.19282070547342298 0.0054263577330857524 0.043727599084377296 0.94551971554756176 0.49713261425495153 1.0890932083129885 2.5000000000000004
decision_type=2 2 2 2 2 2 2 2 2 2 2 8 2 2 2 2 2 2 8 2 2 2 2 10 8 2 2 2 2 2
left_child=2 17 24 4 6 10 -3 13 21 -9 -5 22 -12 19 16 25 -15 -2 -10 20 -6 27 -8 -18 -1 -16 -11 -4 -7 -30
right_child=1 3 8 5 7 28 11 9 18 26 12 -13 -14 14 15 -17 23 -19 -20 -21 -22 -23 -24 -25 -26 -27 -28 -29 29 -31
leaf_value=-0.031447346317008656 -0.013334843293209022 -0.018314440165898695 -0.0098333314086418971 -0.012463272506959479 0.0083493402217972093 0.0096313472520935511 -0.0047059895568032032 0.037775159389581085 -0.022032113139408938 0.0026845704996460731 0.014466797627126516 0.017564672430659834 -0.0014648088400669313 0.0034228582921082052 0.048791085483248155 0.01726236134293958 0.011292258871167481 0.041047760608102828 -0.003960387287936783 0.007233796806799038 0.020149148748894608 0.019827361541445598 0.0084288426865730803 0.026983948858033471 -0.024588877767423332 0.028979675157932545 -0.020354109486811132 0.016604118439906085 0.0048953901553653112 0.036041289915693032
leaf_weight=5056.8328062519431 1429.6313311606646 412.95257565379143 535.45296406745911 973.24760141968727 1023.2116138115525 329.746676184237 1002.8167335316539 151.08362907171249 1299.4255140423775 1021.942689679563 860.94595333188772 1007.5435080602765 2178.881009735167 872.4505357965827 219.1879016906023 3717.627891689539 572.81842136383057 42.23431259393692 398.26324366033077 1750.8998382166028 2313.0688840299845 208.50507526099682 1133.7682641670108 710.34534235298634 2490.345039114356 2026.2261908054352 157.05714924633503 124.78421867638826 88.743087731301785 313.29751361906528
leaf_count=76081 13792 4363 5227 8751 6128 1931 7676 682 15942 6893 4725 6385 16603 5622 893 19165 2941 173 3653 10122 10595 1436 8428 3622 34770 8913 1171 938 462 1451
internal_value=-0.000126315 0.0100874 -0.0246752 0.0114951 0.0138415 0.00254679 0.00420852 0.0161983 -0.0113986 0.00396221 -0.000713944 0.00717159 0.00305065 0.0174303 0.0199945 0.022415 0.0132913 -0.0117476 -0.0177975 0.013335 0.0165338 0.00111223 0.00226463 0.0199933 -0.0291878 0.0309344 -0.000399111 -0.00481912 0.020405 0.0291956
internal_weight=34423.3 24309.7 10113.6 22837.9 18093 4744.86 3557.08 14535.9 2566.43 1330.08 4013.07 3144.13 3039.83 13205.8 8118.66 5963.04 2155.61 1471.87 1697.69 5087.18 3336.28 868.742 2136.58 1283.16 7547.18 2245.41 1179 660.237 731.787 402.041
internal_count=289534 151487 138047 137522 103599 33923 26852 76747 27196 8746 30079 22489 21328 68001 41156 28971 12185 13965 19595 26845 16723 7601 16104 6563 110851 9806 8064 6165 3844 1913
is_linear=0
shrinkage=0.03


Tree=27
num_leaves=31
num_cat=0
split_feature=4 11 27 2 4 0 27 3 29 6 4 27 4 11 28 1 27 6 27 4 27 6 30 27 6 3 0 28 18 27
split_gain=9256.94 737.214 632.491 507.17 476.89 320.707 282.832 223.924 220.721 185.11 162.325 145.555 249.565 132.471 131.952 127.085 117.866 110.295 95.4186 94.8663 92.9603 92.1692 89.2448 83.4039 82.0658 80.9402 79.8968 79.176 75.4294 72.0718
threshold=-2.3423521518707271 0.43831375241279608 0.1037634424865246 2.2247965335845952 -1.0959337949752805 5.5000000000000009 0.051391525194048888 1.5261604189872744 -0.59867820143699635 0.66876727342605602 1.0000000180025095e-35 0.53548389673233043 1.0000000180025095e-35 2.6477600336074834 -0.013976118760183452 4.5019807815551767 0.68853047490119945 0.043510690331459052 0.051391525194048888 40.890956878662116 0.85250896215438854 0.012980769854038956 2.5000000000000004 0.043727599084377296 3.2372264862060551 1.1343008279800417 2.5000000000000004 0.73865729570388805 5.8065185546875009 0.72114697098732006
decision_type=2 2 2 2 2 2 2 2 2 8 2 2 2 2 2 2 2 8 2 2 2 8 2 2 10 2 2 2 8 2
left_child=2 10 21 4 6 19 -3 16 22 14 -2 12 18 27 29 -13 -7 -10 -6 26 24 -1 -4 -15 -11 -18 -5 -14 -20 -8
right_child=1 3 8 5 11 7 9 -9 17 20 -12 15 13 23 -16 -17 25 -19 28 -21 -22 -23 -24 -25 -26 -27 -28 -29 -30 -31
leaf_value=-0.031147134626019164 -0.012416444934814308 -0.016024851884958387 -0.0045905047661373771 -0.010652940342735541 -0.0095211273340318498 0.013203674724959369 -0.0069018603171849807 0.030249656426207947 -0.024424257111521037 0.011698349740517134 0.040699984011217667 0.018117401827733456 0.035548509999974685 0.042431245836834219 0.0095284601608314097 0.0082038521729778553 0.00067562908149189664 -0.008763563231408698 0.0069824819996515191 0.023476582806000932 0.067602982213273793 -0.023715166201545079 0.018203109631005094 0.01934554645612719 0.028674872503305578 0.031438056770177247 -0.00025898925503000872 0.020831464474722648 0.019459542965780452 0.026994931555685331
leaf_weight=5231.4182670488954 1445.6311328336596 474.39318950474262 656.9418678805232 1085.749045483768 183.95824982970953 1642.5274042934179 1003.6814556494355 434.57223154604435 979.42591647803783 1478.8327728062868 52.745284423232079 2375.0220558196306 1069.4479754716158 147.14593362808228 1193.3436861634254 2287.0055073648691 1703.8971620202065 692.11028869450092 883.96222813427448 114.33506651222706 29.438139006495476 2135.4877933785319 201.08048468083143 3215.7907457500696 310.0428110435605 79.622688807547092 1717.6443916037679 483.27261713147163 863.02218305319548 58.838852211833
leaf_count=80684 14012 4903 6147 9094 1224 9538 7622 1980 12643 9439 215 11355 4529 603 8655 12891 12574 6945 4931 517 141 30267 1367 14554 1746 373 13084 2068 4797 364
internal_value=-9.03084e-05 0.00985878 -0.0245522 0.0111964 0.0141011 0.00431435 0.00587566 0.00998623 -0.011603 0.00842904 -0.0105208 0.0173513 0.0201369 0.023727 0.00268578 0.013257 0.00740786 -0.017949 0.0109898 -0.00319129 0.015549 -0.0289963 0.000766229 0.020368 0.014655 0.00206582 -0.00428691 0.0309843 0.0131538 -0.00500115
internal_weight=34230.4 24333.9 9896.46 22835.5 16057.2 6778.35 4548.57 3860.62 2529.56 4074.18 1498.38 11508.6 6846.6 4915.66 2255.86 4662.03 3426.05 1671.54 1930.94 2917.73 1818.31 7366.91 858.022 3362.94 1788.88 1783.52 2803.39 1552.72 1746.98 1062.52
internal_count=289262 151209 138053 136982 89822 47160 32870 24465 27102 27967 14227 56952 32706 21754 16641 24246 22485 19588 10952 22695 11326 110951 7514 15157 11185 12947 22178 6597 9728 7986
is_linear=0
shrinkage=0.03


Tree=28
num_leaves=31
num_cat=0
split_feature=1 11 27 1 8 2 1 0 0 6 27 1 2 27 27 1 3 27 28 2 11 8 6 0 28 8 27 27 6 5
split_gain=8779.2 844.794 511.657 452.226 489.352 301.886 217.799 207.308 188.122 174.958 154.75 238.546 144.812 135.208 127.617 124.605 120.215 164.431 105.377 102.636 95.4654 84.3689 80.4334 80.3965 72.3561 68.8103 65.1307 64.9242 63.5988 61.837
threshold=0.1152777746319771 0.40824441611766821 0.1037634424865246 12.049646854400637 0.45253856480121618 3.4440749883651738 1.7931002974510195 4.5000000000000009 3.5000000000000004 0.010169503744691612 0.74731183052062999 2.5918904542922978 1.8656760454177859 0.50824373960495006 0.098387096077203764 1.1747617721557619 1.1842601895332339 0.030834914185106758 0.022575936280190948 0.990696281194687 3.9652520418167119 18.712434768676761 0.0039190880488604316 5.5000000000000009 -0.31799228489398951 0.19769934564828875 0.020556610077619556 0.043727599084377296 2.6194986104965214 10.899037361145021
decision_type=2 2 2 2 2 2 2 2 2 8 2 2 2 2 2 2 2 2 2 2 2 2 8 2 2 2 2 2 8 8
left_child=2 15 22 4 6 8 14 12 -5 -4 16 -12 19 29 -3 -2 17 -9 28 20 -6 -7 -1 -11 -22 -25 -24 -18 -16 -10
right_child=1 3 9 5 7 21 -8 10 13 23 11 -13 -14 -15 18 -17 27 -19 -20 -21 24 -23 26 25 -26 -27 -28 -29 -30 -31
leaf_value=-0.031344256322904288 -0.016439290329271165 -0.015276118991546822 -0.022625219991302181 -0.014099748590298705 0.00044068716012731515 0.013372199014599644 0.015990265377032721 -0.016069558448372337 0.006283524859122991 -0.014394979886086685 0.042751231628355195 0.0028936488157412818 0.0035394257289709037 -0.0018284442416631583 -0.010043600737123263 0.0052538232083723015 0.047525629670702535 0.018498866368067163 0.0086695383175722403 0.016703914660125167 0.0051621077988202877 0.036858720986105355 -0.031275140510812288 -0.0054924596473657416 0.026899736072319248 0.013728540716579094 -0.020715949703394035 0.025031441904342241 0.0099221857329778 0.024795668485364384
leaf_weight=4675.9587518423796 1252.1540604233742 569.10948576033115 941.36282347142696 853.30902639776468 845.20930410176516 571.59992321580648 713.91894664615393 125.10988888889551 411.63743695616722 562.82738727331161 152.56631054729223 1128.0406443551183 1923.0673667192459 2036.535941876471 720.6153387799859 293.75619101524353 178.94461388885975 7829.8444307893515 845.61454881727695 2869.3508202508092 265.72281175851822 181.36163454502821 822.00564297288656 539.67733588069677 286.61253659427166 241.94978937506676 1496.4244162365794 338.54316346347332 178.40126769244671 268.25736984610558
leaf_count=74279 13417 6033 11849 7838 6048 3096 3568 1045 2298 5739 715 7372 12131 15474 5379 2046 730 41128 5894 13502 1570 820 12298 5341 1626 2195 21764 1533 1120 1293
internal_value=-0.000147923 0.0091537 -0.0250428 0.0105791 0.0125743 0.00182175 0.00151713 0.0146739 -0.00182086 -0.0127128 0.0173998 0.00767177 0.0103768 0.00204006 -0.00295362 -0.0123164 0.0188691 0.0179532 0.0010725 0.0134569 0.0067831 0.0190706 -0.02907 -0.00576057 0.0164702 0.000467269 -0.0244716 0.0328865 -0.00607496 0.0136133
internal_weight=34119.5 24839.3 9280.21 23293.4 18970.7 4322.7 3027.66 15943 3569.74 2285.82 9753.05 1280.61 6189.96 2716.43 2313.74 1545.91 8472.44 7954.95 1744.63 4266.9 1397.54 752.962 6994.39 1344.45 552.335 781.627 2318.43 517.488 899.017 679.895
internal_count=289141 155676 133465 140213 109394 30819 21994 87400 26903 25124 52523 8087 34877 19065 18426 15463 44436 42173 12393 22746 9244 3916 108341 13275 3196 7536 34062 2263 6499 3591
is_linear=0
shrinkage=0.03


Tree=29
num_leaves=31
num_cat=0
split_feature=4 11 27 0 4 8 27 4 27 27 4 1 4 4 6 6 8 3 12 11 13 29 30 27 6 29 27 29 5 19
split_gain=8371.37 911.709 452.052 394.406 386.523 339.437 179.33 222.757 290.614 267.769 202.025 173.546 164.18 155.992 144.423 112.38 106.479 106.228 102.004 186.632 90.1614 88.1711 100.523 86.7604 81.9981 79.3622 77.6048 124.681 76.4328 72.0708
threshold=-2.4071859121322627 0.39590407907962805 0.10931899771094324 6.5000000000000009 9.678965091705324 0.45253856480121618 0.74731183052062999 -1.0000000180025095e-35 0.19677419215440753 0.18028674274683001 1.0000000180025095e-35 6.4357738494873056 -0.78439092636108387 29.089617729187015 0.010169503744691612 0.55974081158638012 1.7733241319656374 1.1343008279800417 1.8382933139801028 0.78942346572875988 -0.25605075061321253 -0.16799793392419812 2.5000000000000004 0.043727599084377296 0.0039190880488604316 -0.61236745119094838 0.48637992143630987 -0.75013810396194447 5.3312211036682138 -0.19282070547342298
decision_type=2 2 2 2 2 2 2 2 2 2 2 2 2 2 8 8 2 2 2 2 10 2 2 2 8 2 2 2 10 10
left_child=2 15 24 4 5 12 7 9 -9 23 -8 18 21 -6 -4 -2 29 -12 19 -7 -10 22 -3 -5 -1 -16 -22 -28 -13 -11
right_child=1 3 14 6 13 11 10 8 20 16 17 28 -14 -15 25 -17 -18 -19 -20 -21 26 -23 -24 -25 -26 -27 27 -29 -30 -31
leaf_value=-0.031188258803554723 -0.019246677765288035 -0.0060326383046658593 -0.022004049469976319 -0.017590689976366244 -0.007956176079530029 -0.0082834455870458186 0.04475851197209043 0.037745907418614499 0.022581859468945985 0.0045013184837748221 0.001900504417091341 0.0026704537923075561 0.014140635112053723 0.013454740470725644 0.0044319098722201758 -0.0025721178906493612 0.027820455099907198 0.044660408510501313 0.02336389053211951 0.013702798033435014 0.019800053105462383 -0.018211791256963095 0.022620481657144163 0.0026130304112468709 -0.024106148174976375 -0.011841011127161242 -0.00038966334149282073 0.017197279748780801 0.020776657927574566 0.017730426461300023
leaf_weight=4602.1022753790021 1014.3471998944879 839.9720516949892 853.80495294928551 265.14626080542803 1871.6726333498955 368.27275983989239 112.34744775295258 746.0801133364439 1844.9289927482605 639.11652453988791 1568.3112720549107 2162.0211061835289 406.84628392010927 365.18433236330748 432.40981172770262 567.39072791486979 528.80243457108736 53.09756575524807 873.91399738192558 5979.3338859155774 1130.6239204108715 461.55196081846952 125.82008641213179 679.46110361069441 2197.8196040019393 714.06559912115335 656.38191545009613 809.99048192799091 231.44504474848509 884.16543483734131
leaf_count=75052 11321 6438 10867 2612 15662 2829 525 3102 9283 3878 10948 13905 2079 1909 3627 5040 2736 229 3904 31552 5095 4623 787 5463 32962 7743 3644 4470 1450 5339
internal_value=-2.8292e-05 0.00877277 -0.0252151 0.0102504 0.00694832 0.00917665 0.0148056 0.0166622 0.0204241 0.010145 0.00603645 0.0114326 -0.0026489 -0.00445623 -0.0126696 -0.0132707 0.0162268 0.00332746 0.0137528 0.0124261 0.0175068 -0.0074411 -0.00228027 -0.00307065 -0.0289031 -0.00570493 0.0138941 0.00933006 0.00442925 0.0121865
internal_weight=33986.4 25186.2 8800.2 23604.5 13686 11449.2 9918.45 8184.7 5188.01 2996.69 1733.76 9614.99 1834.19 2236.86 2000.28 1581.74 2052.08 1621.41 7221.52 6347.61 4441.93 1427.34 965.792 944.607 6799.92 1146.48 2597 1466.37 2393.47 1523.28
internal_count=289074 158823 130251 142462 85138 67567 57324 45622 25594 20028 11702 53640 13927 17571 22237 16361 11953 11177 38285 34381 22492 11848 7225 8075 108014 11370 13209 8114 15355 9217
is_linear=0
shrinkage=0.03


Tree=30
num_leaves=31
num_cat=0
split_feature=1 11 3 1 4 29 5 6 4 11 3 6 5 23 11 6 12 4 1 11 3 6 28 29 6 25 6 25 5 29
split_gain=7884.56 743.711 534.257 375.444 462.93 323.011 231.863 189.993 186.873 177.756 139.126 121.138 114.502 107.732 107.175 87.9619 87.7563 84.6038 139.112 82.3733 81.8327 66.4349 65.2546 64.4342 63.5832 58.8844 57.0746 55.9074 54.515 50.4914
threshold=0.1152777746319771 0.39590407907962805 -0.83008018136024464 9.0434455871582049 -0.70808821916580189 0.19969739764928821 8.7344632148742694 1.1106908321380617 2.506853580474854 0.98395305871963512 1.5261604189872744 0.0054263577330857524 1.2093989849090578 0.69896212220191967 3.2650753259658818 0.63571417331695568 1.8382933139801028 13.097260475158693 30.305106163024906 0.78942346572875988 -0.2397152706980705 0.65233638882637035 1.0000000180025095e-35 -0.84313312172889698 3.2372264862060551 0.21912641078233722 0.81578379869461071 0.22227527946233752 2.1356720924377446 -0.66527268290519703
decision_type=2 2 2 2 2 2 8 8 2 2 2 8 8 10 2 8 2 2 2 2 2 8 2 2 10 2 8 2 8 2
left_child=2 15 9 4 5 7 17 13 16 21 -8 -4 25 14 -3 -2 19 27 -19 -6 23 -1 -15 -13 -9 29 -11 -5 -21 -10
right_child=1 3 11 6 8 -7 10 24 12 26 -12 20 -14 22 -16 -17 -18 18 -20 28 -22 -23 -24 -25 -26 -27 -28 -29 -30 -31
leaf_value=-0.022079290945822328 -0.017652193352045643 0.0021260662149851979 -0.031008753571188073 -0.0011946808311022173 -0.0048071851204069599 -0.0075253094918115559 0.007993916769078421 0.01393020445395747 -0.0059499096866072639 -0.0037354885171631399 0.028169175152414721 0.04991028726484998 0.015902407297677622 -0.012169620274904057 0.015497796168680121 -0.0021650221277405269 0.026932904283830428 -0.0096987752600317841 0.013253090154802787 0.016346933585504396 -0.028594670013832792 -0.0025350237465239221 0.0044999377030599365 -0.018018939851522992 0.027782623022853579 0.010905993688267706 0.015733628527452803 0.0074840270557136523 0.023641361128191745 0.0066869722556205718
leaf_weight=833.57345804572105 958.18317686766386 1199.9961128160357 4698.6437388136983 1419.8905387967825 148.1429131925106 1373.3541228994727 1430.171565182507 1206.8909263461828 484.75678054243326 651.64244969934225 391.44851482659578 11.76312731951475 2070.5029637664557 455.57102666050196 979.60345195233822 503.69293101131916 986.86869819462299 1372.7147842645645 286.4803369268775 4604.8017381578684 1102.5461513437331 193.01205733418465 392.76016083359718 1233.254983112216 397.76061645895243 1202.3318989574909 170.03011833131313 1260.2153111547232 1161.2569016814232 686.12375553697348
leaf_count=10747 10590 9101 78370 10947 882 12162 9333 7081 3055 6276 1856 167 10535 3125 6075 4412 4192 11137 1601 21436 17109 1811 2719 17785 2055 6337 1277 8311 5190 3595
internal_value=-0.000203698 0.0084348 -0.0244568 0.00972581 0.0119847 0.00524869 0.00336319 0.00903642 0.01555 -0.0100936 0.0123425 -0.0282223 0.0107476 0.00461093 0.00814023 -0.0123212 0.0186404 -0.000408241 -0.00573026 0.0172523 -0.0226345 -0.0184107 -0.00445574 -0.0173376 0.0173791 0.00624548 0.000307517 0.00288741 0.0178198 0.00145456
internal_weight=33868 24973.5 8894.47 23511.6 17350.7 6005.94 6160.92 4632.58 11344.8 1848.26 1821.62 7046.21 4443.72 3027.93 2179.6 1461.88 6901.07 4339.3 1659.2 5914.2 2347.56 1026.59 848.331 1245.02 1604.65 2373.21 821.673 2680.11 5766.06 1170.88
internal_count=289269 155727 133542 140725 97540 42318 43185 30156 55222 20111 11189 113431 23522 21020 15176 15002 31700 31996 12738 27508 35061 12558 5844 17952 9136 12987 7553 19258 26626 6650
is_linear=0
shrinkage=0.03


Tree=31
num_leaves=31
num_cat=0
split_feature=4 11 3 4 8 0 4 11 3 0 4 6 27 3 27 1 2 11 28 23 4 6 27 28 0 18 27 27 6 27
split_gain=7663.3 703.747 473.79 369.893 477.957 238.075 187.284 181.658 156.11 145.047 141.74 119.671 115.164 106.909 136.738 106.13 120.904 151.627 103.859 101.732 92.4075 87.9582 84.7392 82.4904 82.4763 80.5821 77.6288 74.0514 65.6139 64.5427
threshold=-2.389207005500793 0.39590407907962805 -0.7895296812057494 7.3989768028259286 0.45253856480121618 7.5000000000000009 -0.41782200336456293 2.0409314632415776 1.5261604189872744 6.5000000000000009 29.089617729187015 0.0039190880488604316 0.098387096077203764 1.0890932083129885 0.032795699313282974 5.0216891765594491 1.1159401535987856 3.9652520418167119 0.091259401291608824 0.57437908649444591 -1.3262019753456114 0.30132913589477545 0.030834914185106758 0.022575936280190948 2.5000000000000004 7.0907745361328134 0.86881721019744884 0.91254481673240673 0.55974081158638012 0.76523298025131237
decision_type=2 2 2 2 2 2 2 2 2 2 2 8 2 2 2 2 2 2 2 8 2 8 2 2 2 10 2 2 8 2
left_child=2 20 7 4 6 10 12 21 29 15 24 -4 -3 14 -11 16 17 25 19 -19 -2 -1 -13 28 -5 -6 -26 -17 -14 -7
right_child=1 3 11 5 9 8 -8 -9 -10 13 -12 22 23 -15 -16 27 -18 18 -20 -21 -22 -23 -24 -25 26 -27 -28 -29 -30 -31
leaf_value=-0.021703489640463449 -0.015590634100111323 -0.014663344232627161 -0.031012858049478658 -0.012512588929586599 -0.0030241373460819601 0.012721905193731255 0.015803391312917588 0.0030206995819549681 0.033024707414862686 -0.018173068493640705 0.014020999907068841 -0.029657556341116553 -0.012350705147430679 0.032890327575883616 0.016918650638203678 0.0075513267645163813 0.017150344276833221 0.018531796220066447 0.030438031033989083 -0.005019348769177966 0.0037645320714801956 -0.0029077645447392734 -0.018009628230609746 0.0071544236199098023 0.0012771451529184604 0.010883034778646387 -0.012805366796739048 -0.015636786613678375 0.0034627482628821543 0.0010308195532150288
leaf_weight=962.37916515767574 1189.4274378046393 579.88755134493113 4479.2871350087225 798.35909547656775 922.40236008167267 1005.3184256404638 591.21416778862476 575.45727973803878 251.73278199136257 100.98167079687119 437.14247738569975 936.90649284422398 542.36141046881676 372.34344734251499 5581.1517225578427 2694.2764338701963 3527.7284817546606 499.34083120524883 357.84237707406282 245.81191915273666 272.4720291569829 292.44003120064735 1425.7332756482065 900.7202163040638 1893.9923390075564 630.45941504091024 431.75825424492359 129.01050554960966 417.04592866450548 736.01762599498034
leaf_count=12558 13242 6297 76835 7286 6225 5919 2815 4887 1097 888 2226 15025 4214 1557 28893 14691 15901 2733 1953 1385 1937 2735 21166 6202 13585 4399 3814 988 2633 5404
internal_value=-0.000186721 0.00821075 -0.0244982 0.00945963 0.0115385 0.00268718 0.000669216 -0.0109326 0.0109868 0.0137258 -0.00195952 -0.028125 -0.00300276 0.017318 0.0162919 0.0113095 0.0135101 0.00867022 0.0171702 0.0107664 -0.0119831 -0.0173289 -0.0226392 0.000638312 -0.00419937 0.00262552 -0.00134155 0.00648658 -0.00548029 0.00778381
internal_weight=33781 25108.8 8672.2 23646.9 18092.6 5554.32 3031.23 1830.28 1993.07 15061.3 3561.25 6841.93 2440.02 6054.48 5682.13 9006.87 6183.59 2655.86 1103 745.153 1461.9 1254.82 2362.64 1860.13 3124.11 1552.86 2325.75 2823.29 959.407 1741.34
internal_count=289490 156284 133206 141105 101774 39331 22161 20180 12420 79613 26911 113026 19346 31338 29781 48275 32596 16695 6071 4118 15179 15293 36191 13049 24685 10624 17399 15679 6847 11323
is_linear=0
shrinkage=0.03


Tree=32
num_leaves=31
num_cat=0
split_feature=4 11 3 4 8 5 2 11 3 6 5 4 8 4 29 25 6 17 6 3 2 6 5 23 4 29 3 11 29 4
split_gain=7357.44 736.325 436.812 343.055 494.082 241.768 229.386 138.146 118.187 111.058 110.702 127.679 111.193 111.474 107.753 102.287 96.748 79.239 75.7084 74.3806 65.131 64.0491 58.7513 57.9172 55.3475 118.033 107.219 69.2255 53.8144 53.0984
threshold=-2.4071859121322627 0.39590407907962805 -0.83008018136024464 6.1456990242004403 0.49106810986995703 10.079683780670168 1.0799934267997744 0.87095120549201976 1.638525187969208 0.0039190880488604316 1.5769916772842409 1.7619602680206301 0.93729010224342357 -1.0000000180025095e-35 0.19969739764928821 0.24895898997783664 0.55974081158638012 -0.52855846285819996 0.66876727342605602 -0.2397152706980705 2.7058720588684086 1.8145434856414797 -0.30276563763618464 0.26697571575641638 1.0000000180025095e-35 0.19969739764928821 -0.14661936461925504 1.794275224208832 -0.46039597690105433 1.0000000180025095e-35
decision_type=2 2 2 2 2 8 2 2 2 8 8 2 2 2 2 2 8 10 8 2 2 10 10 10 2 2 2 2 2 2
left_child=2 16 7 4 6 15 14 22 -7 -4 11 12 13 21 18 17 -2 -5 23 -11 -19 28 -1 -3 26 27 -12 -26 -6 -18
right_child=1 3 9 5 10 8 -8 -9 -10 19 24 -13 -14 -15 -16 -17 29 20 -20 -21 -22 -23 -24 -25 25 -27 -28 -29 -30 -31
leaf_value=-0.0046441437415719626 -0.017988882407268248 0.0017358986352663164 -0.030965389484786814 0.00582387291577721 0.0076578292169114277 0.0093994605362267194 0.016601454825518027 -0.0019553551181011146 0.030145773116620232 -0.017541198108309956 0.019524388892653229 0.0071073942491647552 0.016724729062940317 0.023184214457132458 -0.01385406754751582 0.0062338833771353359 -0.0042532707832233429 -0.00090078063768115691 0.0080773475909083122 -0.028573944082760629 -0.01046947863108361 0.020509600375879254 -0.023138404836097127 -0.010977909611590154 0.032005754182203638 0.030208311157690262 -0.0068232187419487948 0.014960113009598446 -0.0043988370631691063 0.041889967348330261
leaf_weight=198.45760130137205 969.65477095171809 721.49826476722956 4354.4338877648115 701.33954098075628 763.45364767313004 1356.4177094250917 678.17791520059109 793.21606648340821 301.74372357875109 1187.6029437445104 375.98161124438047 3052.6242015808821 5196.5718163251877 364.15932200849056 621.67306447774172 1558.7661683037877 539.22545256465673 1317.7800758332014 737.56757935881615 1037.3171179704368 1244.5115503966808 201.18045572191477 707.822409696877 581.75487306714058 237.40328671038151 751.88845480978489 219.54891250282526 2228.9829384982586 589.72045993804932 22.42007777094841
leaf_count=1901 11287 5767 76753 5317 4608 8517 3187 7504 1375 17869 1970 15827 26638 1576 6320 10050 4971 9674 4761 17008 10116 1133 9640 4520 1031 3157 1391 10713 4534 91
internal_value=-0.000119353 0.00790425 -0.0246703 0.00920158 0.0114044 0.00331269 0.00103876 -0.0111028 0.0131907 -0.0281727 0.0138809 0.0122434 0.0144456 0.00826675 -0.00293004 -8.58423e-05 -0.0122546 -0.00310524 0.000402788 -0.0226955 -0.00555059 0.00475918 -0.0190981 -0.00394344 0.0182421 0.0197978 0.0098159 0.0166132 0.0024041 -0.00234012
internal_weight=33612.9 25334 8278.85 23802.7 17322.2 6480.56 3340.67 1699.5 1658.16 6579.35 13981.5 10167.7 7115.09 1918.51 2662.49 4822.4 1531.3 3263.63 2040.82 2224.92 2562.29 1554.35 906.28 1303.25 3813.81 3218.27 595.531 2466.39 1353.17 561.646
internal_count=289206 158531 130675 142182 97133 45049 24555 19045 9892 111630 72578 54316 38489 11851 21368 35157 16349 25107 15048 34877 19790 10275 11541 10287 18262 14901 3361 11744 9142 5062
is_linear=0
shrinkage=0.03


Tree=33
num_leaves=31
num_cat=0
split_feature=1 11 3 8 1 27 6 1 27 12 11 11 6 27 25 3 27 6 27 27 27 6 5 1 8 1 1 5 29 29
split_gain=6970.09 759.642 412.315 339.514 468.038 246.42 199.935 180.015 147.987 127.662 202.625 126.609 101.387 97.5928 127.07 94.2784 90.3885 87.3306 75.7973 72.9764 69.2891 67.311 59.152 69.0665 58.0265 77.4395 71.9502 85.0444 65.362 53.0124
threshold=0.081464920192956938 0.30945658683776861 -0.83008018136024464 0.43989592790603643 6.5675232410430917 0.48082436621189123 0.66876727342605602 32.497514724731452 0.89068099856376659 1.8382933139801028 0.95282191038131725 2.3604370355606084 0.0039190880488604316 0.1637992858886719 0.21912641078233722 0.44824056327342993 0.32795698940753942 0.61989209055900585 0.56290322542190563 0.020556610077619556 0.051391525194048888 0.63571417331695568 14.881246566772463 15.685224533081056 0.91711968183517467 2.2209209203720097 3.4843152761459355 0.088349819183349623 0.18281312286853793 -0.83375966548919667
decision_type=2 2 2 2 2 2 8 2 2 2 2 2 8 2 2 2 2 8 2 2 2 8 8 2 2 2 2 8 2 2
left_child=2 21 11 6 9 13 16 8 15 10 20 17 -4 -6 -15 -7 -3 -1 -11 -14 -5 -2 23 -17 25 28 -26 -28 -12 -21
right_child=1 3 12 4 5 7 -8 -9 -10 18 24 -13 19 14 -16 22 -18 -19 -20 29 -22 -23 -24 -25 26 -27 27 -29 -30 -31
leaf_value=-0.020631620398074819 -0.019914009385434174 -0.01205389488706613 -0.030863214002909638 -0.017615090150945079 0.025609285203066223 0.0052069322954388497 0.0080057327403703221 0.017547055718297597 -0.01237087425589295 0.025095580261594145 0.0085761120962143094 0.0019309987029182401 -0.030831055944257446 0.00055635476974994402 0.016355155761568069 0.0010396912892235773 0.0014971997477424865 0.00024054505103448986 0.0086898356026738205 0.029219981856588337 0.0032327172335083615 -0.0048704047017001919 0.0085894173800546616 -0.011407909664860598 0.017393080309912344 0.017340026101002024 0.0063074325175131807 0.01621520567564853 -0.007548314830804319 -0.019572774263914999
leaf_weight=923.26725193858147 871.17803571373224 1143.0699136741459 4226.2119216583669 173.28421253710985 436.23593676835299 2810.0692830011249 1461.5838425979018 559.72506625950336 782.52010250091553 1235.3296312987804 1204.0709907636046 469.41220653057098 686.47839766740799 777.33270970731974 1115.2124549597502 739.35560750961304 722.60831174999475 224.14560316503048 320.59408059716225 19.484106402844191 810.74951714277267 387.37669450044632 309.31899031996727 875.69868662953377 4674.2478773966432 758.2059114575386 1488.5953361690044 1641.0864305347204 277.7348607853055 1406.3812341578305
leaf_count=12322 10529 11286 76550 1675 2126 19290 9315 2700 6777 5212 7287 3963 11676 4601 5634 5078 4832 2099 1596 290 5902 3694 2017 7026 23469 3427 7288 7565 2220 21921
internal_value=-0.000201613 0.00742703 -0.0247242 0.00860344 0.0100147 0.00453262 -0.000299873 0.00135203 -0.000293927 0.0136759 0.0125387 -0.0111919 -0.0281737 0.0128279 0.00986977 0.00170437 -0.00680734 -0.0165576 0.021723 -0.0227807 -0.00045265 -0.0152912 -0.0034103 -0.00571241 0.0138114 0.00954725 0.015034 0.0115062 0.00555086 -0.018886
internal_weight=33530.6 25575.2 7955.38 24316.6 20989.4 8405.47 3327.26 6076.69 5516.96 12583.9 11028 1616.83 6338.56 2328.78 1892.55 4734.44 1865.68 1147.41 1555.92 2112.34 984.034 1258.55 1924.37 1615.05 10043.9 2240.01 7803.93 3129.68 1481.81 1425.87
internal_count=289367 160546 128821 146323 120890 55249 25433 42888 40188 65641 58833 18384 110437 12361 10235 33411 16118 14421 6808 33887 7577 14223 14121 12104 51256 12934 38322 14853 9507 22211
is_linear=0
shrinkage=0.03


Tree=34
num_leaves=31
num_cat=0
split_feature=4 11 27 0 27 1 4 4 27 27 1 29 29 27 25 3 8 4 30 29 19 8 1 6 6 8 27 25 13 27
split_gain=6665.42 713.833 426.087 364.619 232.039 231.74 319.449 224.328 330.227 320.083 218.215 134.616 132.919 128.41 195.835 125.583 120.48 113.183 104.47 100.578 98.6982 87.2857 80.4185 77.811 75.0412 68.7397 64.5743 71.3214 62.2784 59.0533
threshold=-2.4196455478668208 0.30945658683776861 0.10931899771094324 4.5000000000000009 0.76523298025131237 7.9557693004608163 -1.4806742668151853 1.0000000180025095e-35 0.18028674274683001 0.18817204236984256 2.4607234001159672 -0.16799793392419812 -0.51296770572662342 0.021863799542188648 0.067844543606042876 1.0495780110359194 1.3388817310333254 3.8775615692138676 2.5000000000000004 -0.26867066323757166 -0.19282070547342298 0.4154722541570664 39.90080642700196 0.0039190880488604316 0.045949162915349014 2.5244970321655278 0.057189542800188072 0.13776912540197375 -0.51306253671646107 0.020556610077619556
decision_type=2 2 2 2 2 2 2 2 2 2 2 2 2 2 2 2 2 2 2 2 10 2 2 8 8 2 2 2 10 2
left_child=2 -2 23 5 7 6 11 8 13 -9 19 18 -4 -5 -15 -12 20 25 21 -6 -10 -3 28 -1 -14 -11 -16 -28 -19 -25
right_child=1 3 12 4 10 -7 -8 9 16 17 15 -13 24 14 26 -17 -18 22 -20 -21 -22 -23 -24 29 -26 -27 27 -29 -30 -31
leaf_value=-0.030804316206016601 -0.014893552730938259 -0.01228048299247537 -0.0011497741636707028 -0.025867023359098552 0.046627011579476157 -0.0045663888513506577 0.01008942821461338 0.031056218215684744 0.0013200753564519704 0.021114905366626864 -0.001070123389238407 -0.016466028209461265 -0.02363200068379865 0.024450392998434198 -0.018380773714779221 0.033648537612593427 0.020933664784181114 0.015133494443920018 0.021789886411081216 -0.024169119380528327 0.014233509508517829 0.0061321990034387793 0.040688872578121683 -0.030724325776112258 -0.0075992305688773812 0.011890884734050002 0.0083364537039420615 -0.0095300033259876314 0.0065728781012143111 -0.01961686225137511
leaf_weight=4016.7329393215477 1251.5218567214906 451.74496702849865 666.57516206800938 204.7983423769474 133.51455119252205 2325.2861187383533 5180.3007030785084 1087.8118221312761 905.84035483002663 1971.0285940766335 2199.0129209980369 589.69529917091131 745.55130754411221 233.87357599288225 272.16808695346117 96.940954066812992 1141.6357770264149 1115.1595514565706 184.7892704308033 20.22834662348032 1292.8560327142477 473.72651386260986 73.922303825616837 661.08710886538029 407.42207633703947 1160.0939718782902 363.81529274210334 447.09586892277002 2440.773805886507 1269.2332208007574
leaf_count=75044 14313 3775 6306 2173 595 18577 25840 4516 5583 8644 15521 5934 10886 2074 2723 434 5821 6190 1087 112 7865 3133 300 11554 4291 5189 2943 3434 13758 20567
internal_value=-0.000186118 0.00719491 -0.0245298 0.00833001 0.0111896 0.0036199 0.00638684 0.0128188 0.00775269 0.0159558 0.00273401 -0.00489542 -0.0118172 -0.0038291 -0.000384975 0.000409797 0.0130286 0.0135219 0.0012594 0.0372162 0.00891633 -0.00285903 0.00991209 -0.0284166 -0.0179781 0.0177023 -0.00576538 -0.00151382 0.00926103 -0.0234348
internal_weight=33384.2 25617.6 7766.6 24366.1 15160.6 9205.54 6880.26 12710.9 4862.08 7848.79 2449.7 1699.96 1819.55 1521.75 1316.95 2295.95 3340.33 6760.98 1110.26 153.743 2198.7 925.471 3629.86 5947.05 1152.97 3131.12 1083.08 810.911 3555.93 1930.32
internal_count=289182 160534 128648 146221 87875 58346 39769 71213 32616 38597 16662 13929 21483 13347 11174 15955 19269 34081 7995 707 13448 6908 20248 107165 15177 13833 9100 6377 19948 32121
is_linear=0
shrinkage=0.03


Tree=35
num_leaves=31
num_cat=0
split_feature=4 11 27 0 27 4 1 27 27 4 4 8 5 11 28 25 27 21 28 1 4 1 27 25 28 27 4 13 28 4
split_gain=6407.27 651.302 413.004 318.321 220.247 239.907 212.413 286.14 265.333 212.066 244.398 170.168 142.698 117.761 123.653 114.752 134.29 111.383 110.448 106.357 91.8529 88.3801 87.8654 82.3197 77.9049 79.6162 76.3391 75.0761 69.7366 69.95
threshold=-2.4157932996749873 0.39590407907962805 0.095445919781923308 3.5000000000000004 0.76523298025131237 1.0000000180025095e-35 2.338678359985352 0.18817204236984256 0.043727599084377296 5.9268412590026864 -0.92735558748245228 1.3102062344551089 -0.058333331719040864 4.0521357059478769 -0.33425341546535486 0.068481389433145537 0.18028674274683001 0.85324707627296459 0.022575936280190948 30.305106163024906 1.7619602680206301 4.0145497322082528 0.89068099856376659 0.167011633515358 -0.96235975623130787 0.49713261425495153 -1.3000000119209287 -0.52481070160865773 0.76140651106834423 1.0000000180025095e-35
decision_type=2 2 2 2 2 2 2 2 2 2 2 2 10 2 2 2 2 10 2 2 2 2 2 2 2 2 2 10 2 2
left_child=2 26 -1 9 6 -6 8 28 -5 10 13 15 -4 -3 -15 -10 -17 21 24 22 -12 -9 23 -7 27 -26 -2 -18 29 -8
right_child=1 3 12 4 5 19 7 17 11 -11 20 -13 -14 14 -16 16 18 -19 -20 -21 -22 -23 -24 -25 25 -27 -28 -29 -30 -31
leaf_value=-0.028428391887536306 -0.014810189337938725 -0.008986338119460242 -0.001877782745082918 -0.015280725506259717 0.035924411923033306 0.012991050876638073 -0.0097306288779934625 0.017105754819269865 0.033380440060832309 -0.0066842939225923957 0.014765517685591693 0.017692513810866759 -0.018393977526368573 -0.0079230146014133019 0.019468421691985805 -0.0064677239729012499 -0.0043047398080527438 0.019962610381971922 0.01501087819885662 0.016457137961028562 0.0048695401570773289 0.0089174353112869854 -0.010578780885911368 -0.0019877586546843931 -0.0070294480691542914 0.009722905895007081 0.0031506676688377267 0.032939508878424673 0.016275945121094915 0.033693650266982428
leaf_weight=5536.5675599910319 1273.079971011728 1142.1935176104307 712.43252269923687 432.45699904114008 184.5098817050457 455.15326023101807 34.24557800590992 1571.1882314831018 126.23024043440819 1597.6648749634624 1938.5562748536468 1477.7075123563409 1388.5810126811266 264.21236409246922 335.92852422595024 781.75553110986948 77.783533364534378 1516.2659167721868 1069.5059564486146 333.98499698191881 1497.1688155308366 4862.4816424176097 692.11549407988787 1195.2730880081654 719.95472336560488 394.33987686038017 255.34913540631533 128.39188029617071 345.3489476442337 909.63984672725201
leaf_count=102658 15120 9291 7029 4478 847 3221 179 6716 1074 13346 8945 7957 19350 1707 2005 6612 518 7568 6365 1719 7617 25943 5550 8272 4716 2236 1825 839 1460 3799
internal_value=-1.62289e-05 0.00717529 -0.0241306 0.00838054 0.0105384 0.0029325 0.0120443 0.0147756 0.00719718 0.00286762 0.00581554 0.00923542 -0.0127971 -0.00333553 0.00741621 0.00544186 0.00431978 0.0126465 0.00784957 0.00064559 0.0104559 0.0109195 -0.00161478 0.00214845 0.00204235 -0.00109752 -0.0118094 0.0189355 0.0278841 0.0321095
internal_weight=33250.1 25612.5 7637.58 24084.1 17308.3 2861.04 14447.3 9239.17 5208.13 6775.72 5178.06 4775.67 2101.01 1742.33 600.141 3297.96 3171.73 7949.94 2389.98 2676.53 3435.73 6433.67 2342.54 1650.43 1320.47 1114.29 1528.43 206.175 1289.23 943.885
internal_count=288962 159925 129037 142980 100069 19609 80460 45665 34795 42911 29565 30317 26379 13003 3712 22360 21286 40227 14674 18762 16562 32659 17043 11493 8309 6952 16945 1357 5438 3978
is_linear=0
shrinkage=0.03


Tree=36
num_leaves=31
num_cat=0
split_feature=1 11 3 0 4 4 3 4 29 11 6 2 3 11 19 30 1 28 4 1 3 6 6 12 11 0 21 5 0 3
split_gain=6201.2 634.78 405.958 324.905 213.578 254.751 153.307 210.474 137.364 123.942 105.575 97.7774 220.717 158.194 110.184 94.8569 75.8336 73.4585 72.918 81.2779 71.4582 68.6656 64.7661 63.4487 111.456 63.3126 62.1636 62.1534 56.5157 50.7519
threshold=0.081464920192956938 0.30945658683776861 -0.83008018136024464 4.5000000000000009 6.1456990242004403 -1.4806742668151853 1.2372741103172304 8.747413635253908 -0.15950992703437802 1.0158385038375857 0.0054263577330857524 1.1698340177536013 -0.18945344537496564 5.7373628616333017 -0.19282070547342298 2.5000000000000004 5.0216891765594491 0.95502296090126049 40.890956878662116 12.963003635406496 -0.2397152706980705 2.6194986104965214 0.58921822905540477 1.9564474225044253 0.6761092245578767 5.5000000000000009 0.30007116496562963 14.881246566772463 5.5000000000000009 -1.2484292984008787
decision_type=2 2 2 2 2 2 2 2 2 2 8 2 2 2 10 2 2 2 2 2 2 10 8 2 2 2 10 8 2 2
left_child=2 22 9 4 5 8 7 11 15 25 -4 12 14 -13 -5 26 23 -14 19 -8 -12 29 -2 24 -7 -1 -3 -21 -11 -16
right_child=1 3 10 6 -6 16 18 -9 -10 28 20 13 17 -15 21 -17 -18 -19 -20 27 -22 -23 -24 -25 -26 -27 -28 -29 -30 -31
leaf_value=-0.026487824737269922 -0.01910301923419179 0.0053445257757811391 -0.030542951052692991 0.0056330447444761953 -0.0048771828678688765 -0.012759630029651461 0.027408531699072921 0.0017776341543231493 -0.016044721103253289 -0.0098524170003403029 -0.016463272219168996 0.018593028423794896 -0.006674014928222588 0.0095250909525652037 0.023986515173055306 0.020783176411099061 0.0035545297021883295 0.015957600594229637 0.045319971888004282 0.0029861561123203195 -0.028172007945561173 0.030625619342975023 -0.0043526187826319106 0.022797496094402004 0.011353584454989428 -0.010445663351176374 -0.010277027446807229 0.022631074438012988 0.0072587610040588564 0.011474119283986594
leaf_weight=421.12606627121568 815.57405608519912 480.77136489003897 3993.1840722039342 1518.0771772265434 2110.1562691479921 181.20973960310221 511.40515859425068 2459.8228491172194 577.19222936779261 339.91831623390317 1016.0140119791031 3197.8136545568705 958.30896639451385 3784.463522516191 372.45136597007513 197.40548744797707 1558.2278861552477 148.18102375045419 100.22177150845528 351.80487634241581 881.89971106871963 263.3823130428791 399.79191510379314 394.01737266778946 3305.8701978623867 470.29570014774799 436.47896130755544 245.93995755910873 353.23761988803744 1359.8420828431845
leaf_count=6077 10289 3603 78183 9542 17321 1252 2184 17080 5903 3425 16346 14684 8190 19345 2261 1145 8257 1159 403 1835 15955 1320 3906 1660 16027 5903 3281 1121 3177 8853
internal_value=-9.22863e-05 0.00689631 -0.0241421 0.00794571 0.00350524 0.00598598 0.0106324 0.00974955 -0.0041791 -0.0106534 -0.0277678 0.0114394 0.00805071 0.0136802 0.0117295 0.00197404 0.00914791 -0.00363152 0.0208809 0.0186338 -0.0219159 0.0163618 -0.0142585 0.0113921 0.0100972 -0.0180455 -0.00209218 0.0110933 -0.00113453 0.0141766
internal_weight=33204.1 25728.4 7475.68 24513 9241.33 7131.17 15271.7 14062.3 1691.85 1584.58 5891.1 11602.5 4620.24 6982.28 3513.75 1114.66 5439.33 1106.49 1209.37 1109.15 1897.91 1995.68 1215.37 3881.1 3487.08 891.422 917.25 597.745 693.156 1732.29
internal_count=289687 160621 129066 146426 58449 41128 87977 82434 13932 18582 110484 65354 31325 34029 21976 8029 27196 9349 5543 5140 32301 12434 14195 18939 17279 11980 6884 2956 6602 11114
is_linear=0
shrinkage=0.03


Tree=37
num_leaves=31
num_cat=0
split_feature=1 11 27 0 1 1 27 1 1 27 27 27 25 1 3 29 29 15 6 2 23 27 25 14 2 6 27 11 27 0
split_gain=5823.3 571.712 420.129 292.684 206.474 190.611 180.772 213.22 176.082 287.279 249.198 143.946 146.448 126.225 122.843 121.031 111.514 108.1 91.1582 90.0818 81.2913 80.9022 82.2311 75.9592 74.2218 73.9458 72.6319 68.9436 67.1964 66.7958
threshold=0.081464920192956938 0.30945658683776861 0.11469534039497377 4.5000000000000009 12.71649217605591 1.0130103230476382 0.79032260179519664 2.4607234001159672 2.338678359985352 0.043727599084377296 0.18817204236984256 0.48637992143630987 0.067844543606042876 5.0216891765594491 1.0495780110359194 -0.11692317575216292 -0.15950992703437802 -0.66110995411872853 0.0054263577330857524 1.759174168109894 0.26697571575641638 0.19677419215440753 0.23683980107307437 -0.26996181905269617 3.4440749883651738 0.65233638882637035 0.50824373960495006 4.143972873687745 0.020556610077619556 5.5000000000000009
decision_type=2 2 2 2 2 2 2 2 2 2 2 2 2 2 2 2 2 10 8 2 10 2 2 10 2 8 2 2 2 2
left_child=2 -2 18 4 5 16 8 -8 9 -5 -10 12 -11 -7 -9 29 20 -13 -1 -12 27 -14 -23 -21 -6 -17 -25 -3 -20 -4
right_child=1 3 15 6 24 13 7 14 10 11 19 17 21 -15 -16 25 -18 -19 28 23 -22 22 -24 26 -26 -27 -28 -29 -30 -31
leaf_value=-0.0304687869126373 -0.013748752355661876 0.0010352811025008818 -0.011449807651137942 -0.017234437423547817 -0.011452626594141996 0.010818609578294239 0.038298310753951764 -0.0019683114587818189 0.02692119098569987 0.033702072874360167 0.016701083343701021 0.0018309550990882051 -0.0031576197457596562 0.0020477734220389334 0.033507535308674521 -0.023637181552040087 -0.014677811796035814 0.022889290095971519 -0.030468748133397412 0.014130333075750973 -0.0075442149742994203 0.016431385632131777 0.0033142267180502 0.012370725126690631 0.0065570296615352353 -0.0014752592041899608 0.0026881407383832052 0.021597123412591259 -0.01801889075428283 0.0050593505927859442
leaf_weight=3818.5427144169807 1196.0669615790248 388.60647425428033 434.82325807213783 410.66344527900219 1032.5201680287719 3878.777764827013 135.8497211933136 1958.6050743311644 1152.0576483607292 157.05470648407936 2370.7873219698668 289.17904755473137 947.01619408279657 2385.1485996097326 90.970114432275295 657.19941585883498 569.59013792872429 910.50825932621956 589.61516082286835 1964.9379410073161 486.34583960473537 630.92034476995468 1349.1839647218585 1149.0373402237892 256.50137999653816 170.80129551142454 1772.846403606236 234.92752907425165 1176.7006345242262 445.72305194661021
leaf_count=77102 14159 3050 4810 4389 9582 18912 598 14043 4799 1258 10165 1481 7791 14631 403 9724 5905 4653 11104 10442 3553 4116 7953 5387 1413 1633 10311 1389 19981 4421
internal_value=-0.000213509 0.00649657 -0.0238723 0.00748456 0.0032663 0.00507366 0.0100313 0.00204246 0.0113634 0.00670675 0.0139617 0.00900531 0.00557227 0.00747975 -0.000378148 -0.0108458 -0.00389947 0.017819 -0.0278548 0.0119012 0.0016402 0.00405197 0.00749993 0.0095696 -0.00786659 -0.0190729 0.00649877 0.0088045 -0.0221897 -0.00309679
internal_weight=33011.5 25718.1 7293.41 24522 9232.42 7943.4 15289.6 2185.42 13104.2 4694.53 8409.67 4283.86 3084.18 6263.93 2049.58 1708.55 1679.47 1199.69 5584.86 7257.61 1109.88 2927.12 1980.1 4886.82 1289.02 828.001 2921.88 623.534 1766.32 880.546
internal_count=289158 160383 128775 146224 58435 47440 87789 15044 72745 31641 41104 27252 21118 33543 14446 20588 13897 6134 108187 36305 7992 19860 12069 26140 10995 11357 15698 4439 31085 9231
is_linear=0
shrinkage=0.03


Tree=38
num_leaves=31
num_cat=0
split_feature=8 11 25 2 5 5 8 6 2 11 6 25 29 4 11 3 3 4 2 5 29 4 5 2 11 4 8 4 28 28
split_gain=5588.84 544.389 509.452 262.972 222.705 203.314 192.757 163.329 137.039 99.6093 89.1757 84.5472 82.8056 77.4486 125.477 100.526 70.4509 66.9787 86.6071 64.9721 64.2995 191.831 59.349 56.8912 69.4461 77.324 57.896 54.8273 47.6179 47.436
threshold=0.15704969316720965 0.31975232064723974 0.16356133669614795 2.4859274625778203 1.1556624174118044 14.881246566772463 0.45253856480121618 0.011904762592166664 2.0065031051635747 0.50328534841537487 0.65233638882637035 0.17876657843589785 0.51849433779716503 1.0000000180025095e-35 5.7373628616333017 -0.14661936461925504 1.2932864427566531 29.089617729187015 2.8561118841171269 7.263301134109498 0.14888729155063632 1.0000000180025095e-35 -0.94447338581085194 1.4824849963188174 4.2402455806732187 1.0000000180025095e-35 1.2550095915794375 1.2065591812133791 -0.71504372358322132 0.022575936280190948
decision_type=2 2 2 2 8 8 2 8 2 2 8 2 2 2 2 2 2 2 2 10 2 2 10 2 2 2 2 2 2 2
left_child=2 10 7 4 6 17 11 -1 20 -4 -2 22 -9 15 -15 -6 -7 18 19 -5 23 -22 -3 24 25 26 -8 -23 -13 -26
right_child=1 3 9 5 13 16 8 12 -10 -11 -12 28 -14 14 -16 -17 -18 -19 -20 -21 21 27 -24 -25 29 -27 -28 -29 -30 -31
leaf_value=-0.029956314336091618 -0.017654055780235121 0.012093971899811009 -0.018265434140757039 -0.00099529907329843031 0.013577717143277929 0.0073130031686622181 0.0028183576051071884 -0.013804962365171014 0.0014197645483830328 -0.0028760239805202914 -7.6387947400135569e-05 -0.0054316513765224304 -0.026071406157501399 0.020625623933811673 0.010950434900267425 -0.0047792019285540187 0.02352308260559851 0.010957848875581027 -0.008238260783259203 0.014402352636131056 -0.0022675329244309815 0.025544841992334925 -0.01100674017307424 0.007614451304029689 0.014039892700899812 0.02142085254063095 0.012910728614805515 0.0092534728961704612 0.0081775296810100966 0.022961954500576004
leaf_weight=4022.1663011163473 884.20469585061073 113.62248026952147 562.90868192911148 1648.9141588509083 781.40727830305696 652.11167338490486 1127.8864981904626 1082.9979951940477 1907.5415072366595 1152.906707547605 367.64915839582682 326.18335448950529 919.56173764169216 2439.1658978387713 2395.4923210516572 408.11643859371543 383.39391455799341 343.83141694962978 1530.2343078926206 288.99727477133274 1161.8791764713824 363.6630647033453 796.3852852396667 2271.3624948859215 1677.4406876713037 426.96915923058987 936.30534279346466 382.97013629972935 790.45069465786219 794.94211610779166
leaf_count=81815 12263 873 7558 12501 4315 4139 7561 15492 11459 9779 3663 2320 15976 11018 12185 2788 1728 1795 12380 1870 9718 1469 8361 10777 8120 1794 5268 1623 4978 3947
internal_value=-6.55892e-05 0.00678285 -0.0223603 0.00779105 0.0093746 0.00155033 0.00717511 -0.0264672 0.00873472 -0.00793254 -0.012496 -0.00132933 -0.0194478 0.0141474 0.015835 0.00728088 0.0133317 -0.00165267 -0.00290568 0.00130717 0.0102605 0.00535815 -0.0081123 0.0115528 0.0133531 0.00981091 0.00740023 0.0172121 0.00420081 0.0169167
internal_weight=32941.7 25201.1 7740.54 23949.3 19101.8 4847.48 13077.6 6024.73 11051 1715.82 1251.85 2026.64 2002.56 6024.18 4834.66 1189.52 1035.51 3811.98 3468.15 1937.91 9143.42 1908.51 910.008 7234.91 4963.54 2491.16 2064.19 746.633 1116.63 2472.38
internal_count=289533 158913 130620 142987 108574 34413 78268 113283 61736 17337 15926 16532 31468 30306 23203 7103 5867 28546 26751 14371 50277 12810 9234 37467 26690 14623 12829 3092 7298 12067
is_linear=0
shrinkage=0.03


Tree=39
num_leaves=31
num_cat=0
split_feature=1 11 27 8 27 1 27 29 1 27 3 1 27 27 21 23 11 25 27 11 25 27 28 28 25 8 25 18 28 28
split_gain=5462.81 518.738 403.136 257.6 321.741 228.054 138.469 128.977 122.57 138.717 180.361 85.506 257.571 219.04 171.186 126.993 122.07 114.026 152.322 101.802 96.6535 94.6746 90.3343 90.507 87.0403 73.5173 67.7555 65.8382 65.5771 73.6277
threshold=0.081464920192956938 0.30945658683776861 0.095445919781923308 0.43989592790603643 0.68853047490119945 2.9435752630233769 0.18028674274683001 -0.11692317575216292 30.305106163024906 0.91254481673240673 -0.30778346955776209 2.4607234001159672 0.1637992858886719 0.043727599084377296 0.82715368270874035 0.6542920470237733 5.7373628616333017 0.090408723801374449 0.01143790874630213 2.8680136203765874 0.23751845955848697 0.50824373960495006 -0.87812310457229603 -0.96235975623130787 0.064896084368228926 0.0058944446500390777 0.096325322985649123 9.1903686523437518 -0.90163370966911305 -0.97876849770545948
decision_type=2 2 2 2 2 2 2 2 2 2 2 2 2 2 10 10 2 2 2 2 2 2 2 2 2 2 2 10 2 2
left_child=2 -2 -1 6 11 -6 -3 25 9 10 -7 13 17 -5 16 19 22 18 -13 24 -18 -22 23 -14 -15 -4 28 -17 29 -12
right_child=1 3 7 4 5 8 -8 -9 -10 -11 26 12 14 15 -16 27 20 -19 -20 -21 21 -23 -24 -25 -26 -27 -28 -29 -30 -31
leaf_value=-0.028085042255637124 -0.013270258397821293 -0.0094288486982991374 -0.017679963679683042 -0.014352412989066877 0.018778661195698227 0.0098406226170143739 0.0036833305767379363 -0.019700476981285332 0.01355376264455742 -0.013340308767620419 -0.0012673631860264586 0.048524459728338888 0.012810853751199277 0.030529835818259497 0.018736695071541305 -0.0022242430345734633 -0.00050861950092546677 0.031067811887935431 0.0091424699546902907 0.016976184649300421 0.014454569995671369 0.003417781769961162 0.0099238251776225996 0.034007599395086671 0.0048166744978156298 0.00057807814209177323 -0.0051354393705705008 0.014946788643428079 0.0054460479521837657 0.11548261921355069
leaf_weight=5010.0046988278627 1160.5667342655361 1065.7154304422438 273.10519019886851 382.36869479715824 657.36195021122694 1269.2311352491379 2260.7056822106242 1007.2356745228171 530.67347413301468 759.62092588841915 7.8930596262216595 102.15440265834332 415.22891879826784 127.34264846146107 1726.384665414691 1032.3921253308654 1689.4754468277097 828.09288174659014 623.52807118743658 1859.2289610877633 1311.3547577634454 1499.682042978704 2096.6173775419593 323.63046161085367 1552.9701422676444 719.22031058743596 2225.7027153596282 248.49387320131063 44.894559390842915 11.568369336426256
leaf_count=102598 14044 11119 3694 3440 3012 6948 14380 15071 2766 6329 62 421 1922 980 8487 5967 9727 3487 2731 9640 6135 8470 9823 1498 10124 7567 16975 1485 404 93
internal_value=-5.52609e-05 0.00632268 -0.0235397 0.00724557 0.00845667 0.00221086 -0.000519107 -0.0121429 -3.83195e-05 -0.00171116 0.000773777 0.0106307 0.0121752 0.00747746 0.0102382 0.00921168 0.00823597 0.0234589 0.0147454 0.0121402 0.00516242 0.00856978 0.0131108 0.0221287 0.00678235 -0.00445959 -0.00425349 0.00111603 0.0258599 0.070384
internal_weight=32822.4 25812.9 7009.57 24652.3 21325.9 5506.95 3326.42 1999.56 4849.58 4318.91 3559.29 15818.9 10616.1 5202.8 9062.37 4820.43 7335.99 1553.78 725.682 3539.54 4500.51 2811.04 2835.48 738.859 1680.31 992.326 2290.06 1280.89 64.356 19.4614
internal_count=289399 160469 128930 146425 120926 36589 25499 26332 33577 30811 24482 84337 52701 31636 46062 28196 37575 6639 3152 20744 24332 14605 13243 3420 11104 11261 17534 7452 559 155
is_linear=0
shrinkage=0.03


Tree=40
num_leaves=31
num_cat=0
split_feature=1 11 3 4 8 4 5 11 5 6 5 3 29 8 30 3 4 12 11 17 1 25 1 29 3 11 23 4 8 6
split_gain=5121.12 498.236 417.536 221.983 350.175 201.624 161.838 128.77 115.69 114.197 103.276 88.1863 85.1666 71.5614 65.2598 64.6699 64.4447 66.4899 132.631 60.9957 54.977 52.9852 52.4067 89.6768 59.7657 56.7027 50.3771 55.7727 48.0086 46.4956
threshold=0.081464920192956938 0.30945658683776861 -0.83008018136024464 5.2670695781707773 0.57506856322288524 1.0000000180025095e-35 5.0672674179077157 0.84372010827064525 -0.50968527793884266 0.0095169404521584528 1.2675762176513674 1.5261604189872744 -0.15101602673530576 1.7733241319656374 2.5000000000000004 -0.2397152706980705 1.4796272516250613 1.8382933139801028 0.78942346572875988 0.090367738157510771 12.71649217605591 0.22692622244358066 2.4607234001159672 0.19969739764928821 -0.14661936461925504 1.744554936885834 0.050514711067080505 -0.54763150215148915 0.10210116580128671 29.643007278442386
decision_type=2 2 2 2 2 2 8 2 10 8 8 2 2 2 2 2 2 2 2 10 2 2 2 2 2 2 10 2 2 8
left_child=2 13 7 4 5 8 19 -1 -3 -4 16 20 14 -2 -10 -11 17 18 -6 -5 -8 -21 24 25 -12 -24 -20 -28 -9 -13
right_child=1 3 9 6 10 -7 11 28 12 15 22 29 -14 -15 -16 -17 -18 -19 26 21 -22 -23 23 -25 -26 -27 27 -29 -30 -31
leaf_value=-0.017692050373490732 -0.015952781207529999 0.0058705400912364425 -0.029967655695611897 0.0030179423753832106 -0.0040027300891406744 0.01643331615653788 0.011762419306752888 -0.0065290479441886427 -0.0040271427279949907 -0.014811634253888668 0.014535646909083023 0.012946644838893561 -0.013877591869596789 0.0079716738405822066 0.014261239498756637 -0.026931013163957216 0.0055665346574639597 0.023934241125000776 0.014401602385432675 -0.0078910208997101054 0.0023111702526794884 0.00081557112341833205 0.027279357835062235 0.025654923610238117 -0.0033099840133465246 0.012416781867475669 0.0045853159786394902 0.013275081060335989 0.0091063453704345078 0.032257848052708954
leaf_weight=783.58381459489465 1024.0589656531811 1174.6404229700565 3750.8544287718832 1840.7683807313442 532.95956036821008 647.71590192615986 838.33228228241205 435.18641083687544 1334.5227108076215 870.33672141283751 443.70864228904247 356.3511453717947 763.79241505637765 125.78826710581779 201.20134062319994 735.35033880919218 2818.5569034814835 338.91348393261433 2892.3427264690399 1458.3822109848261 1630.8852610066533 1105.3797020316124 257.6972596347332 775.49692775309086 271.82396822422743 2238.3357259184122 1413.1131608486176 1256.9418522417545 296.1499162428081 164.65816520154476
leaf_count=11152 12821 8077 81229 13009 4185 2879 4836 4553 10191 14798 2232 1785 8095 1230 1217 14543 13784 1418 14857 11229 11212 7078 1084 3194 1731 10185 8206 5506 2686 682
internal_value=-0.000141319 0.00596593 -0.023164 0.00686269 0.00871659 0.00108032 0.00250942 -0.00925037 -0.00178597 -0.0270965 0.0110937 0.00789456 -0.00569793 -0.0133309 -0.00162339 -0.0203752 0.00935242 0.0110097 0.0102873 -0.0011475 0.00552346 -0.00413827 0.0151313 0.0167404 0.00776111 0.0139615 0.0116569 0.00867951 -0.000193807 0.0190998
internal_weight=32777.8 25906.4 6871.46 24756.5 17361.8 4121.87 7394.76 1514.92 3474.16 5356.54 13239.9 2990.23 2299.52 1149.85 1535.72 1605.69 9252.83 6434.27 6095.36 4404.53 2469.22 2563.76 3987.06 3271.53 715.533 2496.03 5562.4 2670.06 731.336 521.009
internal_count=289684 160723 128961 146672 96841 30459 49831 18391 27580 110570 66382 18515 19503 14051 11408 29341 47956 34172 32754 31316 16048 18307 18426 14463 3963 11269 28569 13712 7239 2467
is_linear=0
shrinkage=0.03


Tree=41
num_leaves=31
num_cat=0
split_feature=1 11 3 0 1 1 3 2 6 29 11 2 12 23 1 3 11 5 13 3 0 11 15 12 11 0 17 1 3 28
split_gain=4863.92 464.665 432.884 276.366 175.094 193.825 138.639 136.501 129.27 119.388 118.477 114.013 87.1535 86.6548 73.7092 192.344 126.959 90.6941 77.8464 73.0159 67.8536 64.4402 63.7658 63.3406 91.2924 56.8146 56.5967 52.6375 52.0479 51.5462
threshold=0.092139389365911498 0.30945658683776861 -0.83008018136024464 5.5000000000000009 12.963003635406496 1.0130103230476382 1.4404339194297793 2.5515065193176274 0.0054263577330857524 -0.15950992703437802 0.87095120549201976 1.7782350182533266 22.299015045166019 0.22313037514686587 2.4607234001159672 -0.18843260407447812 5.7373628616333017 -3.1791435480117793 -1.4128854870796201 -0.2397152706980705 6.5000000000000009 4.143972873687745 -1.4564862251281736 1.6229605078697207 1.0158385038375857 5.5000000000000009 0.97921258211135875 3.7345237731933598 -1.3676469922065733 -0.31799228489398951
decision_type=2 2 2 2 2 2 2 2 8 2 2 2 2 10 2 2 2 8 10 2 2 2 10 2 2 2 10 2 2 2
left_child=2 -2 10 4 5 9 7 14 -4 13 20 23 -6 21 15 17 22 -5 -19 -10 -1 -3 -16 24 -7 -12 -27 -24 -20 -15
right_child=1 3 8 6 12 11 -8 -9 19 -11 25 -13 -14 29 16 -17 -18 18 28 -21 -22 -23 27 -25 -26 26 -28 -29 -30 -31
leaf_value=-0.024453150622180352 -0.013277049202009023 0.0015520550060197681 -0.030085853541400188 0.024345244719147365 -0.0083053127739305538 -0.0066955406755318941 0.022698085109601862 0.0020543570838517074 -0.01457730021014695 -0.01369897358282671 -0.0086317923233505088 0.0025400903544470334 0.013981355147136562 -0.018536420359429151 0.033132578357948979 -0.0039433300329137456 0.0086570230475142857 -0.0075081840272224329 0.021029961491646442 -0.026818400466383844 -0.0068987812146824824 0.019492884028564795 0.021958172807392932 0.018726492823158806 0.0097894238046745945 0.01335412100184888 -0.015741717160608976 0.012708203607778605 0.0088030819401569999 -0.00030648177646722656
leaf_weight=451.21322950720787 1096.8911341242492 472.72932079806924 3503.5966501422226 400.59993089735508 1434.1169976145029 327.48422340303659 697.19648890197277 2134.6078176349401 974.11006498336792 680.10290255025029 368.67234252765775 3228.8675615414977 176.53316333144903 215.22937948256731 215.07451695948839 1024.804660692811 3334.3055614382029 232.63367164134979 367.4751568287611 804.96229879185557 354.65618341043591 290.35243304073811 873.15098163485527 626.30661527812481 3840.6283199265599 313.57153598591685 73.509112685918808 1531.9351468905807 2127.1532617099583 393.97136981785297
leaf_count=7002 13408 3644 78291 1942 12450 2236 3008 14252 16868 7009 3852 19260 848 1577 952 8284 16917 1439 2082 16289 4558 1663 3608 2679 18146 2899 647 7173 13201 2830
internal_value=-0.000160811 0.00581987 -0.0226349 0.00667101 0.00332646 0.00479467 0.00969129 0.00894873 -0.0267367 -0.00343093 -0.00875109 0.00689898 -0.00585545 0.00166418 0.0104045 0.00733355 0.0125445 0.0110284 0.00906407 -0.0201279 -0.0167457 0.00839511 0.0174864 0.00983338 0.00849292 -0.000215407 0.00780231 0.0160741 0.0106119 -0.0067669
internal_weight=32566.4 25722.2 6844.29 24625.3 11686.3 10075.7 12938.9 12241.7 5282.67 2052.39 1561.62 8023.29 1610.65 1372.28 10107.1 4152.67 5954.47 3127.86 2727.26 1779.07 805.869 763.082 2620.16 4794.42 4168.11 755.753 387.081 2405.09 2494.63 609.201
internal_count=289014 158608 130406 145200 72342 59044 72858 69850 111448 16723 18958 42321 13298 9714 55598 26948 28650 18664 16722 33157 11560 5307 11733 23061 20382 7398 3546 10781 15283 4407
is_linear=0
shrinkage=0.03


Tree=42
num_leaves=31
num_cat=0
split_feature=4 11 3 0 2 4 27 4 27 27 4 0 3 11 6 28 27 25 17 19 27 11 27 11 28 5 1 28 5 17
split_gain=4680.74 450.567 417.361 269.653 159.941 240.56 139.505 159.135 208.569 200.474 151.592 118.332 104.742 102.908 99.5916 88.7294 87.6346 187.871 84.2495 83.417 95.2205 78.2913 73.1623 71.1724 62.3713 62.2577 59.1062 51.7753 50.747 49.4461
threshold=-2.4308298826217647 0.30945658683776861 -0.71092563867568959 5.5000000000000009 2.1924964189529423 -1.4806742668151853 0.74731183052062999 -1.0000000180025095e-35 0.18817204236984256 0.18028674274683001 1.0000000180025095e-35 5.5000000000000009 1.1343008279800417 4.143972873687745 0.0039190880488604316 -0.31799228489398951 0.030834914185106758 0.067844543606042876 0.081307500600814833 -0.13105308264493939 0.48082436621189123 0.17104351520538333 0.048039216548204429 5.7373628616333017 -0.99630266427993763 -0.63091459870338429 39.90080642700196 0.78857997059822094 -0.26714411377906794 0.18087240308523181
decision_type=2 2 2 2 2 2 2 2 2 2 2 2 2 2 8 2 2 2 8 10 2 2 2 2 2 10 2 2 8 10
left_child=2 25 11 4 5 13 7 9 27 16 -8 -1 -12 28 -4 -15 -5 -18 -6 -11 24 -13 -16 -10 -21 -2 -25 -9 -3 -23
right_child=1 3 14 6 18 -7 10 8 23 19 12 21 -14 15 22 -17 17 -19 -20 20 -22 29 -24 26 -26 -27 -28 -29 -30 -31
leaf_value=-0.018236753241333985 -0.00067057300713213596 0.00035618207918435083 -0.030317965279436719 -0.022133251432276548 0.0033676334916189167 0.0079624279951353363 0.03168325277893539 0.030650715155944013 0.015932155094905094 0.0048801643946937614 -0.00086666410664564886 -0.015594840747498997 0.037206113917529246 -0.0070615274077737347 -0.026596108498281677 0.015384159178618163 0.028100704905041636 -0.0058124571054413137 -0.0068991613092137787 0.047689558561886093 0.02467517338274262 0.012994887028665386 -0.013575803302378685 0.0084845326712657387 0.0079653526633753566 -0.016552327470346708 0.038544583776850654 0.014173892234923628 -0.011608759847310589 -0.0046940246802442739
leaf_weight=723.13117517158389 296.62706602364779 461.07080869376659 3290.3819781057537 195.73102770000696 1184.434348359704 6652.2173288986087 148.22845696657896 715.37505258619785 2061.9649254381657 1291.8431682139635 1997.6755654960871 248.32340570539236 66.220515742897987 265.20960361883044 934.79363477230072 391.25813781842589 174.06603794544935 916.57771898061037 1829.0902791395783 36.008955858647823 591.66089141368866 297.26200388744473 670.76665296405554 3646.4194340258837 954.73746099323034 884.75057976692915 58.928088590502739 229.26995792984962 1034.1609671711922 271.09914242103696
leaf_count=10002 3167 3589 75840 2239 9141 32300 654 2917 9209 7269 13745 3555 279 1819 19223 2402 1447 7845 14268 208 2902 3188 12028 18474 5635 11802 239 931 10118 2907
internal_value=-0.000126791 0.00552697 -0.0230382 0.0063859 0.00310059 0.00514237 0.00935257 0.0107497 0.0136073 0.0061377 0.00248376 -0.00940756 0.000372335 -0.00357581 -0.0273224 0.00631927 -0.00370382 -0.000379155 -0.00286413 0.010542 0.0151583 -0.00157704 -0.0211684 0.0114633 0.00945577 -0.0125686 0.00897286 0.0266709 -0.00792147 0.00456413
internal_weight=32519.3 26083.5 6435.76 24902.1 11817.4 8803.92 13084.7 10872.6 6711.96 4160.63 2212.12 1539.82 2063.9 2151.7 4895.94 656.468 1286.37 1090.64 3013.52 2874.25 1582.41 816.685 1605.56 5767.31 990.746 1181.38 3705.35 944.645 1495.23 568.361
internal_count=289342 162599 126743 147630 73637 50228 73993 59315 31770 27545 14678 19652 14024 17928 107091 4221 11531 9292 23409 16014 8745 9650 31251 27922 5843 14969 18713 3848 13707 6095
is_linear=0
shrinkage=0.03


Tree=43
num_leaves=31
num_cat=0
split_feature=8 27 11 0 6 27 4 4 27 27 2 4 29 25 27 4 4 2 29 6 21 27 14 25 17 28 27 25 18 29
split_gain=4588.18 577.561 407.709 236.662 153.341 145.053 175.986 141.398 263.809 194.579 140.599 143.373 125.421 115.733 136.3 93.3985 82.6546 80.2729 98.6176 76.9947 74.399 73.0605 72.7404 71.4357 70.8295 69.7317 68.6437 81.7024 73.9095 65.9498
threshold=0.15704969316720965 0.1037634424865246 0.23672325164079669 4.5000000000000009 0.071328688412904753 0.68853047490119945 0.1978482007980347 1.0000000180025095e-35 0.043727599084377296 0.1637992858886719 2.6367893218994145 -1.4806742668151853 -0.15950992703437802 0.056078869849443443 0.18028674274683001 33.26420974731446 1.7619602680206301 1.2234708070755007 -0.89404255151748646 0.0039190880488604316 0.85324707627296459 0.89068099856376659 -1.4245633482933042 0.13010168075561526 -0.13275738060474393 0.98522606492042553 0.49713261425495153 0.23953962326049807 4.5374603271484384 -0.091258823871612535
decision_type=2 2 2 2 8 2 2 2 2 2 2 2 2 2 2 2 2 2 2 8 10 2 10 2 10 2 2 2 10 2
left_child=1 19 -2 10 29 7 -7 8 -5 -9 11 12 -4 25 -15 21 17 18 -13 -1 -11 23 -16 -8 -18 -10 27 -24 -28 -3
right_child=2 4 3 5 -6 6 15 9 13 20 -12 16 -14 14 22 -17 24 -19 -20 -21 -22 -23 26 -25 -26 -27 28 -29 -30 -31
leaf_value=-0.030222625879421084 -0.01390672759622863 -0.010282102760684472 0.0025690853339000869 -0.016509437778637791 -0.001501621827500471 0.023272186172207217 0.027598796635836444 0.025441293399843298 0.051902677045155436 0.009564136618547027 -0.0065642292897905756 0.017268741474903225 -0.014913016240202366 -0.0018910569586047326 -0.0038828201673698028 0.019409525341740588 0.0092538874547574493 0.014151606206370196 0.00061325824548948496 -0.022308597276322402 0.017974336925004733 -0.0093041344921237987 0.017225861560434569 0.0012095821643155599 -0.00064398840841517425 -0.0066913222268604657 0.0079784630944505549 0.0044057079495091059 0.025351859725098506 -0.025402969927785925
leaf_weight=3033.9599976018071 898.79335293546319 568.53812272101641 1030.8831731826067 408.87414376065135 1192.3344491869211 366.13077697902918 95.340941496193409 1004.5925824940205 84.023781273514032 4912.369412265718 1236.6746433898807 429.51340437680483 574.33477105200291 977.71951952576637 272.24805207177997 236.83430707454681 975.57383465766907 1695.8969841748476 1246.1348314210773 1769.778144005686 1174.3076051175594 616.74589465558529 703.1771909147501 2216.4923772960901 1949.5499913990498 23.016258087009192 350.85232899338007 1229.6681660674512 597.37455097585917 480.42885696515441
leaf_count=72225 12810 7027 7539 4811 9815 1666 658 4106 666 23514 10672 2071 6651 8488 1584 1052 5669 7176 7118 33093 5495 4888 4527 14169 11357 211 1782 7058 2920 8207
internal_value=-3.46361e-05 -0.0214455 0.00592636 0.00665722 -0.00886487 0.00894242 0.00361035 0.0105462 0.00647658 0.0132117 0.00283828 0.00431046 -0.00369127 0.00869756 0.00789377 0.00132951 0.00635061 0.00955156 0.00489026 -0.0273122 0.0111894 -0.000138743 0.0109273 0.00230935 0.00265914 0.0393582 0.0123276 0.00907623 0.0189387 -0.0172251
internal_weight=32352.2 7045.04 25307.1 24408.3 2241.3 15269.8 3531.54 11738.2 4646.95 7091.27 9138.56 7901.89 1605.22 4238.08 4131.04 3165.41 6296.67 3371.55 1675.65 4803.74 6086.68 2928.58 3153.32 2311.83 2925.12 107.04 2881.07 1932.85 948.227 1048.97
internal_count=289025 130367 158658 145848 25049 87595 22433 65162 32047 33115 58253 47581 14190 27236 26359 20767 33391 16365 9189 105318 29009 19715 17871 14827 17026 877 16287 11585 4702 15234
is_linear=0
shrinkage=0.03


Tree=44
num_leaves=31
num_cat=0
split_feature=4 8 3 2 6 5 8 4 29 0 29 6 0 0 28 3 12 4 2 5 3 3 4 3 25 2 12 12 28 12
split_gain=4389.18 520.777 271.172 207.815 203.874 162.757 133.359 200.113 138.54 115.981 86.7223 81.6804 81.6217 77.4298 76.2551 68.4026 61.3589 57.346 71.3861 61.3642 54.7724 54.5387 54.41 53.1063 52.3971 50.7886 55.5995 49.6418 44.9585 44.0795
threshold=-2.4639822244644161 0.31718172132968908 -0.83008018136024464 2.2247965335845952 0.33021892607212072 14.881246566772463 0.95805582404136669 -1.0000000180025095e-35 0.65720760822296154 2.5000000000000004 -0.091258823871612535 0.0039190880488604316 6.5000000000000009 4.5000000000000009 0.022575936280190948 1.0890932083129885 -0.66409820318222035 13.097260475158693 3.5116205215454106 4.6093530654907235 -1.6931967139244077 1.0890932083129885 1.7619602680206301 -0.21926923841238019 0.23511925339698794 1.0273277759552004 -3.5662966966629024 -2.3687171936035152 -0.90163370966911305 -0.17174573987722394
decision_type=2 2 2 2 8 8 2 2 2 2 2 8 2 2 2 2 2 2 2 10 2 2 2 2 2 2 2 2 2 2
left_child=2 4 12 6 10 9 7 8 14 -5 -2 -4 27 22 -3 -7 -16 19 -19 28 24 -15 -8 -13 -14 26 -6 -1 -11 -22
right_child=1 3 11 5 25 15 13 -9 -10 17 -12 23 20 21 16 -17 -18 18 -20 -21 29 -23 -24 -25 -26 -27 -28 -29 -30 -31
leaf_value=-0.0045125594641350483 -0.0072185659002404904 -0.0023973443442511272 -0.03000864011784548 -0.0092220671376274915 0.0093676586084485182 0.0058479607257536552 0.0097005932788231108 0.014668465663938231 -0.014903679722994808 0.0093731234066158006 -0.020774762329425833 -0.016107005363202632 0.10231931121724074 0.011468205479233324 0.013129415996150712 0.019908359609027947 0.0013011544726898377 -0.0049763770735804262 0.012428388180673842 0.012202575871532588 0.001150754933569358 0.022592235406188616 0.003032131983310695 -0.028141748236872925 0.014563299769736247 0.010251308928925106 -0.0052924015894548291 -0.023099201471664332 -0.000461860165168697 -0.0188066617170984
leaf_weight=178.36705261096358 974.18963437154889 1358.6757962591946 3149.411338314414 998.82648509740829 310.55232503637671 721.53802101314068 2887.2025457806885 1199.1757891252637 458.38964953646064 564.40624346584082 754.35488236322999 791.4991309158504 6.0528013706207267 6718.2413637302816 799.28267608955503 548.48676433414221 779.33083751425147 1416.518458776176 248.43199042975903 719.30898774415255 298.19702822715044 421.89277002215385 1781.8242665529251 573.61226905882359 50.731457099318504 442.29117821902037 920.65754616260529 474.87933087721467 1607.6919400021434 148.47793053463101
leaf_count=1749 9463 8927 76501 8690 1994 4511 14962 5297 5010 3479 11246 14995 60 33420 5111 2501 6314 10814 1198 4237 3266 1737 8810 12779 459 2211 8837 7603 11040 2128
internal_value=-6.26257e-05 0.00504071 -0.0240238 0.00664618 -0.00592021 0.0022467 0.00847642 0.00413875 0.000416986 3.09063e-05 -0.0131432 -0.0273446 -0.0110509 0.0101637 0.00281217 0.0119311 0.00729455 0.00206088 -0.00237346 0.00461424 -0.00196618 0.0121286 0.00715693 -0.0211808 0.0255263 0.00154377 -0.00159004 -0.0180388 0.00209684 -0.00551042
internal_weight=32302.5 26631.3 5671.23 23229.2 3402.05 6825.21 16404 4594.85 3395.68 5555.18 1728.54 4514.52 1156.71 11809.2 2937.29 1270.02 1578.61 4556.36 1664.95 2891.41 503.459 7140.13 4669.03 1365.11 56.7843 1673.5 1231.21 653.246 2172.1 446.675
internal_count=289349 169809 119540 136058 33751 46470 89588 30659 25362 39458 20709 104275 15265 58929 20352 7012 11425 30768 12012 18756 5913 35157 23772 27774 519 13042 10831 9352 14519 5394
is_linear=0
shrinkage=0.03


Tree=45
num_leaves=31
num_cat=0
split_feature=8 27 4 27 27 2 6 29 6 0 4 25 1 27 3 6 4 27 25 29 0 27 17 27 28 28 28 8 1 29
split_gain=4237.21 482.854 266.964 343.148 264.77 170.308 145.178 156.476 143.195 135.408 133.233 113.679 90.2001 92.8253 140.187 80.7551 76.5022 151.974 75.3227 73.6632 65.1659 63.5095 57.5597 57.5418 56.4968 54.0767 54.1463 52.8031 52.378 52.2949
threshold=0.13850809633731845 0.1037634424865246 -1.4806742668151853 0.051391525194048888 0.68853047490119945 1.3346877694129946 1.1365441083908083 -0.10837475582957266 0.28278674185276037 6.5000000000000009 10.336588382720949 0.064896084368228926 47.646572113037116 0.91254481673240673 -0.34750548005104059 0.012980769854038956 -1.0000000180025095e-35 0.18817204236984256 0.095187697559595122 -0.091258823871612535 4.5000000000000009 0.043727599084377296 -1.1884578466415403 0.020556610077619556 -0.99275806546211232 -0.90163370966911305 -0.97876849770545948 1.7062228322029116 30.305106163024906 -0.63919836282730091
decision_type=2 2 2 2 2 2 8 2 8 2 2 2 2 2 2 8 2 2 2 2 2 2 10 2 2 2 2 2 2 2
left_child=1 15 3 24 9 -6 7 11 19 10 -4 -5 13 14 -7 -1 21 -18 25 -3 -9 -11 -20 -17 -2 26 -16 -23 -15 -13
right_child=2 8 4 6 5 12 -8 20 -10 16 -12 29 -14 28 18 23 17 -19 22 -21 -22 27 -24 -25 -26 -27 -28 -29 -30 -31
leaf_value=-0.029897235244654929 0.056590075749468095 -0.0095647662832248175 0.0077344216291650785 0.042941217897353563 0.017764719380534019 0.0091191410332447393 0.011596885045888444 -0.017549184303858576 0.00096354758034127074 -0.015459223053994085 -0.0047131082755328428 0.0065603697190192807 0.024196031943097926 -0.01272678659624769 0.001153089631757956 -0.029786673414694299 0.026479070841271532 0.0118267544671735 0.009674012795722638 -0.023982763530568128 -0.0032574273967367366 0.0042540503546072087 -0.005275111261542966 -0.016825938447212096 -0.020303072756968715 0.01023125737964716 0.10271556648420949 0.016548782660079753 0.0055938222774598798 -0.0038745897625344565
leaf_weight=3088.1318480782211 7.7651665210723868 772.97846405208111 7732.0952580943704 65.185969695448875 511.08068519830704 1282.6951805874705 1149.8817794471979 514.02423516660929 737.8742798268795 109.67959285527468 859.30171363055706 1246.150541998446 129.72407028079033 782.92197225987911 7.2061417698860195 465.54253761097789 752.69863285124302 4155.5904508531094 256.52278931438923 544.79944877699018 650.23337264358997 1001.7021856158972 2326.9679188132286 931.4663568623364 747.19574157893658 48.934887580573559 12.84569128602743 457.90687526762486 170.49549178779125 660.68243838846684
leaf_count=76957 110 8925 38821 672 2212 6778 7602 6513 5707 898 6383 8614 549 6544 55 10003 3057 19366 1839 9234 7698 5553 17177 16764 11605 429 93 2214 946 5787
internal_value=-0.000113343 -0.0216643 0.00538508 -0.000802734 0.00689942 0.00128421 0.0024835 -0.000860451 -0.00961794 0.00895963 0.00648903 0.00428791 -0.00039742 -0.00105485 0.000980575 -0.0271821 0.012235 0.0140787 -0.00295706 -0.0155392 -0.00957694 0.00646306 -0.0037876 -0.0211632 -0.0194384 0.0277557 0.068005 0.00811983 -0.00944816 0.00294471
internal_weight=32180.3 6540.79 25639.5 5041.12 20598.4 5529.39 4286.16 3136.28 2055.65 15069 8591.4 1972.02 5018.31 4888.59 3935.17 4485.14 6477.58 4908.29 2652.48 1317.78 1164.26 1569.29 2583.49 1397.01 754.961 68.9867 20.0518 1459.61 953.417 1906.83
internal_count=289105 127590 161515 48601 112914 36622 36886 29284 23866 76292 45204 15073 34410 33861 26371 103724 31088 22423 19593 18159 14211 8665 19016 26767 11715 577 148 7767 7490 14401
is_linear=0
shrinkage=0.03


Tree=46
num_leaves=31
num_cat=0
split_feature=1 8 25 27 1 0 2 27 5 25 29 27 6 27 6 27 1 27 17 8 0 2 23 27 25 27 25 27 5 0
split_gain=4014.64 453.856 261.704 243.154 194.857 162.076 146.44 236.859 152.881 136.943 140.354 124.26 110.205 92.6009 91.2454 85.891 83.7654 77.9172 86.5916 76.0675 69.8465 69.2666 68.1337 64.1625 62.4705 59.5637 66.7572 56.2211 55.3894 53.7089
threshold=0.033831289038062103 0.35794498026371008 0.16481369733810428 0.084187224507331862 6.5675232410430917 7.5000000000000009 1.1698340177536013 0.043727599084377296 -2.1445131301879878 0.047566007822752006 -0.45273527503013605 0.36612904071807867 0.33021892607212072 0.46451613306999212 0.001188012305647135 0.46451613306999212 47.646572113037116 0.51666668057441723 -0.11230374872684477 0.06106075085699559 2.5000000000000004 1.2417131066322329 0.17906614392995837 0.020556610077619556 0.06611958891153337 1.0000000180025095e-35 0.058318618685007102 0.1637992858886719 -0.63091459870338429 2.5000000000000004
decision_type=2 2 2 2 2 2 2 2 10 2 2 2 8 2 8 2 2 2 10 2 2 2 10 2 2 2 2 2 10 2
left_child=2 3 14 -2 6 16 7 -3 -9 -10 15 21 -5 -7 -1 -11 17 29 -19 -4 -12 -8 -13 -16 -22 -23 -27 -28 -24 -6
right_child=1 4 19 12 5 13 11 8 9 10 20 22 -14 -15 23 -17 -18 18 -20 -21 24 25 28 -25 -26 26 27 -29 -30 -31
leaf_value=-0.029897942015683594 -0.01754669018813813 -0.014909262448978673 -0.014942583091840822 -0.0072007793657921327 -0.0049044793416530529 0.016886715826688162 0.0014767880016870818 0.015186765068279038 0.035429976860479682 0.002810347081189503 -0.014026368810713301 0.0050939346047034449 0.0048948812926158511 0.0050479150053697828 -0.029959871079369031 0.014119737962363835 0.024263979449262837 0.0027505401664737446 -0.0068115890144312937 0.0036853107253406502 0.025433004865869253 0.049090815059092005 0.0072892411591194868 -0.016879606711678621 -0.0015944981656968739 0.0017961169674072142 0.024461421903604303 0.014872517307259737 0.017097031554970308 0.0073332521801951281
leaf_weight=2892.3322115503252 1016.688546475023 496.66586312651634 626.15457379445434 1202.1971460171044 428.13384295254946 811.68453288078308 275.32699662446976 1427.2080803960562 119.63814989849925 1391.294146835804 414.64146838337183 2839.6691229492426 1551.9009246230125 2221.7959483638406 490.43051438778639 1068.4416305050254 120.24322777986526 1324.6665480285883 2387.1165079921484 287.35277995467186 80.547254625707865 51.180356293916702 1028.816584572196 1103.1247070878744 1369.3761879242957 247.96757139265537 837.17667378485203 1631.9749182462692 1048.5447339713573 1303.1790697649121
leaf_count=73357 15449 5512 8727 11780 2908 3510 1388 7604 1057 8538 3255 12911 10054 13822 11787 5288 506 9746 18078 3216 693 213 4713 22005 10725 1015 3409 6692 4660 6914
internal_value=-0.000144113 0.00462778 -0.0237341 -0.00501613 0.00621417 0.00264306 0.00835644 0.00496424 0.00664767 0.00390247 0.00302223 0.0110689 -0.000385718 0.00822021 -0.0267145 0.00772658 -0.000398885 -0.000948068 -0.00339922 -0.00908537 -0.00318456 0.0158332 0.00811725 -0.0209214 -7.65517e-05 0.01726 0.0166426 0.0181323 0.0122456 0.00430592
internal_weight=32095.5 26696.1 5399.39 3770.79 22925.3 8596.82 14328.5 6367.81 5871.15 4443.94 4324.3 7960.66 2754.1 3033.48 4485.89 2459.74 5563.34 5443.1 3711.78 913.507 1864.56 3043.63 4917.03 1593.56 1449.92 2768.3 2717.12 2469.15 2077.36 1731.31
internal_count=289532 170440 119092 37283 133157 55484 77673 42672 37160 29556 28499 35001 21834 17332 107149 13826 38152 37646 27824 11943 14673 12717 22284 33792 11418 11329 11116 10101 9373 9822
is_linear=0
shrinkage=0.03


Tree=47
num_leaves=31
num_cat=0
split_feature=4 4 27 3 27 29 25 4 0 0 4 3 27 28 28 30 6 29 30 0 3 27 3 4 28 23 29 28 4 27
split_gain=3858.61 408.857 353.312 277.129 250.64 161.208 179.906 144.258 134.818 131.881 138.689 131.8 106.782 90.1383 90.0669 147.417 79.4204 79.0747 76.2335 73.5683 69.9958 68.7117 68.6812 70.8771 69.8096 63.435 60.403 58.7245 57.7997 131.922
threshold=-2.4682207107543941 -1.4806742668151853 0.051391525194048888 -0.83008018136024464 0.80878135561943065 -0.13398942351341245 0.064896084368228926 1.0000000180025095e-35 5.5000000000000009 3.5000000000000004 10.336588382720949 1.0890932083129885 0.56827956438064586 0.3903625756502152 0.55656746029853832 2.5000000000000004 0.0039190880488604316 -0.84313312172889698 2.5000000000000004 5.5000000000000009 -0.06448993086814879 0.49713261425495153 1.638525187969208 13.097260475158693 0.76140651106834423 1.0000000180025095e-35 -0.84313312172889698 -0.44504626095294947 1.0000000180025095e-35 0.48637992143630987
decision_type=2 2 2 2 2 2 2 2 2 2 2 2 2 2 2 2 8 2 2 2 2 2 2 2 2 10 2 2 2 2
left_child=3 2 -2 19 9 6 -4 27 -7 10 -3 13 25 -9 15 -15 -5 -14 21 -1 -17 -10 23 28 -24 -8 -18 -6 -11 -30
right_child=1 4 5 16 7 8 12 11 18 22 -12 -13 17 14 -16 20 26 -19 -20 -21 -22 -23 24 -25 -26 -27 -28 -29 29 -31
leaf_value=-0.018586172283252298 -0.01968920200125018 0.0054913805263954287 0.047449396565614109 -0.029829638869636792 0.0026769262708707074 -0.015535833100154859 0.0057149183629511477 -0.0058727971693842175 0.0039700121291763478 0.0061851426404884785 -0.010496878250947811 0.029137669967800692 0.021441418855945565 -0.013512439832334676 -0.0105716222093791 0.060391071870113645 0.055968107752962612 -0.0028767581608513805 -0.010633358713343982 -0.0028374875694948207 0.0084753669283459624 0.037608451411814681 0.025280489443729834 0.001506143186546498 -0.0028619030654642138 -0.0038907896135248056 -0.021297022462097245 0.038345355727150955 0.014867362675420076 0.0072852791464135874
leaf_weight=490.02598681673408 904.89539799839258 4304.0561585128307 85.365260008722544 2915.9651498533785 66.726209804415703 812.69640231132507 1203.1862447448075 2573.2768518403172 565.50957727059722 3055.1632101237774 549.83389285206795 110.26246829330921 440.83319083601236 57.414270505309105 97.303313091397285 79.570577748119831 8.2465586587786657 165.09078327566385 326.52492459490895 585.9666003882885 33.437852293252945 59.543086804449558 429.05904091149569 1033.516926586628 97.039035320281982 1271.7217356041074 1239.4712432771921 109.77119711041451 4069.3876420706511 4200.2923289015889
leaf_count=7477 14121 22286 795 76764 282 9765 9098 19443 5996 16619 4851 481 2405 381 613 512 157 1005 3456 7253 284 457 1890 6532 439 9717 26798 455 17441 21602
internal_value=-6.88505e-05 0.00455034 -0.00246915 -0.0236047 0.00651342 0.000694616 0.00474351 -0.00131629 -0.00657018 0.00789401 0.00367849 -0.00289513 0.00354518 -0.00414818 0.0123884 0.0254826 -0.027112 0.0148218 0.00109523 -0.0100203 0.0452389 0.00722939 0.00948169 0.00902834 0.020094 0.000779485 -0.0207419 0.0249517 0.00971463 0.0110177
internal_weight=31941.2 26701.5 5835.37 5239.68 20866.1 4930.47 3166.2 3127.76 1764.27 17738.3 4853.89 2951.27 3080.83 2841 267.726 170.423 4163.68 605.924 951.578 1075.99 113.008 625.053 12884.5 12358.4 526.098 2474.91 1247.72 176.497 11324.8 8269.68
internal_count=289375 170926 56815 118449 114111 42694 23020 22451 19674 91660 27137 21714 22225 21233 1790 1177 103719 3410 9909 14730 796 6453 64523 62194 2329 18815 26955 737 55662 39043
is_linear=0
shrinkage=0.03


Tree=48
num_leaves=31
num_cat=0
split_feature=8 11 27 8 1 1 12 11 27 28 4 27 1 28 17 27 27 3 30 27 4 8 27 29 29 25 29 28 11 4
split_gain=3755.38 514.085 303.991 151.712 220.609 127.025 95.4606 158.583 92.1758 100.496 86.7846 81.7223 79.2249 76.564 89.5606 66.8331 64.5921 58.4811 66.0875 51.8515 50.6684 72.3205 57.102 49.7936 53.3099 46.4924 63.0924 49.9452 45.2616 41.7279
threshold=0.079690445214509978 0.30945658683776861 0.095445919781923308 0.31718172132968908 7.9557693004608163 47.646572113037116 1.7295175790786745 0.95282191038131725 0.81953403353691112 0.3903625756502152 26.225284576416019 0.026470588520169262 0.001829908636864275 0.82899317145347606 0.081307500600814833 0.23494623601436618 0.84695342183113109 -0.13212720304727552 2.5000000000000004 0.051391525194048888 2.506853580474854 0.91711968183517467 0.015686274971812967 0.51849433779716503 0.4584775865077973 0.27271802723407751 0.19969739764928821 0.10837544873356821 2.8680136203765874 -2.4974942207336421
decision_type=2 2 2 2 2 2 2 2 2 2 2 2 2 2 8 2 2 2 2 2 2 2 2 2 2 2 2 2 2 2
left_child=2 15 29 11 6 8 7 19 13 10 -10 -3 -4 14 -6 23 -8 18 -11 -5 21 22 -9 24 -2 26 -16 -28 -13 -1
right_child=1 3 12 4 5 -7 16 20 9 17 -12 28 -14 -15 25 -17 -18 -19 -20 -21 -22 -23 -24 -25 -26 -27 27 -29 -30 -31
leaf_value=-0.029274647357502289 -0.012358260856555489 -0.025198020144261601 -0.019838954348279692 -0.016436007355707914 0.0096821537964085786 0.026477009295427598 0.014980491243687361 -0.024133169525976324 -0.009714080735712536 -0.011079076662167621 0.0074355652908606401 -0.0047078645474244668 -0.0065280237165934365 -0.0077192589175521693 -0.0045651813240377087 -0.0033894253451983484 -0.008219340929868757 0.0047074155949989481 0.06654185877205944 -0.00018757288619395261 0.004454003387379204 0.010963106729918943 0.0059421918248464796 -0.023488536413855156 0.033038036515102155 0.0060426963659526382 0.01618685255322801 -0.016550550906064769 0.0041181973702629241 -0.021093035252555233
leaf_weight=3011.5250327661633 386.80979103967547 127.31512686982751 703.66383386030793 212.99275936558843 1823.0633562132716 182.96076835691929 2206.1945091784 56.972901906818151 1388.9466251954436 13.059513404965399 327.50731884688139 1104.7556404881179 941.85634158179164 510.43565272539854 1417.3123070672154 433.03030074387789 112.95806482434273 77.765058197081089 36.423493392765522 1016.013898100704 2481.0972279235721 6810.4187266305089 2928.6458706557751 550.27038892731071 23.819382388144732 1065.8035729676485 245.96826922148466 49.67495758831501 991.11170936003327 705.85417504236102
leaf_count=80240 6130 2092 12289 2621 11211 766 9557 697 12260 111 1963 11012 10240 3141 10005 4733 684 634 260 8011 12215 32575 17331 9518 397 6116 1421 286 6546 14747
internal_value=-7.70533e-05 0.00454338 -0.0229749 0.005525 0.00624942 0.00187117 0.00822424 0.00725772 0.00122025 -0.00452874 -0.00643943 -0.00195727 -0.0122287 0.00329407 0.00451708 -0.0131851 0.0138475 0.0210938 0.0462425 -0.00301458 0.0082862 0.00925624 0.00536039 -0.0175914 -0.00965109 0.00112616 -0.00193465 0.010649 -0.000534147 -0.0277272
internal_weight=31944.2 26581.3 5362.9 25187.4 22964.2 7138.92 15825.3 13506.1 6955.96 1843.7 1716.45 2223.18 1645.52 5112.26 4601.82 1393.93 2319.15 127.248 49.483 1229.01 12277.1 9796.04 2985.62 960.9 410.629 2778.76 1712.96 295.643 2095.87 3717.38
internal_count=289809 172293 117516 151515 131865 48174 83691 73450 47408 15228 14223 19650 22529 32180 29039 20778 10241 1005 371 10632 62818 50603 18028 16045 6527 17828 11712 1707 17558 94987
is_linear=0
shrinkage=0.03


Tree=49
num_leaves=31
num_cat=0
split_feature=4 3 11 0 4 29 1 6 28 3 1 4 11 5 3 13 20 6 15 2 4 3 13 29 30 28 12 28 5 24
split_gain=3523.11 362.027 328.66 193.688 116.781 103.734 101.086 100.311 89.708 89.3459 114.418 84.8109 142.448 111.014 78.466 77.4113 85.3601 75.586 70.6948 69.5692 69.2737 68.4798 67.1549 65.6021 75.0363 64.616 58.4049 58.284 57.4397 56.0467
threshold=-2.4308298826217647 -0.71092563867568959 0.39590407907962805 3.5000000000000004 10.336588382720949 -0.10837475582957266 0.98356756567955028 0.012980769854038956 -0.97876849770545948 1.638525187969208 7.2271785736083993 1.0000000180025095e-35 3.2650753259658818 -2.1445131301879878 -0.096885312348604188 0.56616565585136425 0.57840350270271312 0.63571417331695568 -0.67889520525932301 1.537159323692322 2.506853580474854 -0.21926923841238019 -1.4435056447982786 -0.23537842929363248 2.5000000000000004 0.30983042716979986 -2.7749723196029659 0.95502296090126049 -0.99038445949554432 0.46903522312641149
decision_type=2 2 2 2 2 2 2 8 2 2 2 2 2 8 2 10 10 8 10 2 2 2 10 2 2 2 2 2 8 8
left_child=1 5 17 4 6 8 23 -3 15 10 11 12 14 -13 22 -1 -17 -2 -12 -15 -8 -9 -5 24 -4 -11 -10 -16 -7 -22
right_child=2 7 3 9 -6 28 20 21 26 25 18 13 -14 19 27 16 -18 -19 -20 -21 29 -23 -24 -25 -26 -27 -28 -29 -30 -31
leaf_value=0.013901647692435693 -0.01448767680555588 -0.029185624052033662 -0.0047940854445730962 -0.013209046207091107 -0.0089691922932042499 0.015755499039480637 0.0072809592577582193 -0.012467037732943895 0.0070211926004226377 0.025741054983383367 0.0087468196841725306 0.0034629327919963766 0.010564420376318781 0.018219382725858841 -0.0095800333334244269 0.015685270404676054 0.2039365564285579 -0.00012886952237153431 0.0010309830403376578 0.010346087713536433 0.0068402694579979932 -0.027198190049621485 0.0057358262165045628 -0.015287645650469837 0.018897604269543088 0.0031640765350835092 -0.010116024934254821 0.013558794272750471 -0.019555163266198262 -0.0041238077270550986
leaf_weight=16.373870793730024 936.90010129660368 2981.688964702189 633.62487566843629 182.52443919703364 916.34667128324509 43.584275305271149 2974.5668722316623 668.25241148844361 300.8557392321527 376.92109198123217 1437.1450689733028 1417.1224650293589 2810.2444632053375 1558.0980895757675 738.78850505873561 4.0240039750933629 4.2051063105463982 509.04854541644454 4161.7585281208158 2889.7055540680885 656.63546394556761 497.30117742344737 2049.2991545982659 395.40872744843364 147.46192133426666 163.87048703432083 438.90136976540089 112.0347506813705 643.79238341003656 1158.3539485037327
leaf_count=229 13236 81875 4715 1275 8300 430 14099 13213 2464 1655 9030 6481 15137 6404 6480 60 58 4988 26062 12860 3896 12102 13992 4383 819 729 5726 844 10681 7161
internal_value=-0.000150013 -0.0217507 0.00446219 0.00527353 0.000996244 -0.00884909 0.00252812 -0.0262637 -0.00123971 0.0069182 0.00654324 0.00822402 0.00568055 0.0107782 0.00122627 0.0539718 0.123556 -0.00943622 0.00301272 0.0131076 0.00446345 -0.0187702 0.00418124 -0.00534781 -0.000302871 0.0189183 -0.00314633 -0.00652082 -0.0172966 -0.00015559
internal_weight=31824.8 5598.98 26225.9 24779.9 6882.4 1451.74 5966.05 4147.24 764.36 17897.5 17356.7 11757.8 5892.89 5864.93 3082.65 24.603 8.22911 1445.95 5598.9 4447.8 4789.56 1165.55 2231.82 1176.5 781.087 540.792 739.757 850.823 687.377 1814.99
internal_count=289384 126838 162546 144322 43373 19648 35073 107190 8537 100949 98565 63473 37728 25745 22591 347 118 18224 35092 19264 25156 25315 15267 9917 5534 2384 8190 7324 11111 11057
is_linear=0
shrinkage=0.03


Tree=50
num_leaves=31
num_cat=0
split_feature=8 8 25 29 1 5 2 29 12 6 6 3 23 8 5 30 5 6 1 29 25 1 23 18 29 29 1 25 28 8
split_gain=3404.74 306.087 300.568 163.009 142.687 138.003 128.631 200.032 113.055 111.352 98.3223 75.7333 75.1307 71.5279 71.0559 70.7626 69.4027 63.5937 61.1789 73.6133 59.8712 58.7583 58.2903 55.33 54.6333 54.557 51.3479 50.0327 49.8882 47.0856
threshold=0.079690445214509978 0.35794498026371008 0.16356133669614795 -0.13398942351341245 6.5675232410430917 5.0672674179077157 1.1159401535987856 0.19969739764928821 -2.8678594827651973 0.57410693168640148 0.011904762592166664 1.5261604189872744 0.23447231948375705 4.4673433303833017 -0.85336589813232411 2.5000000000000004 -2.1445131301879878 0.1547767519950867 2.4607234001159672 0.18281312286853793 0.043800048530101783 3.0157532691955571 0.14616978913545611 8.8556976318359393 0.51849433779716503 0.96407344937324535 15.685224533081056 0.21542581170797351 -0.92274349927902211 2.7160652875900273
decision_type=2 2 2 2 2 8 2 2 2 8 8 2 10 2 8 2 10 8 2 2 2 2 10 10 2 2 2 2 2 2
left_child=2 3 10 15 6 27 7 8 12 -5 -1 26 -3 25 21 -2 -10 -4 -16 22 -18 -8 29 -14 -12 28 -7 -6 -9 -20
right_child=1 4 17 9 5 11 14 13 16 -11 24 -13 23 -15 18 -17 20 -19 19 -21 -22 -23 -24 -25 -26 -27 -28 -29 -30 -31
leaf_value=-0.029316692871285906 -0.0014202358247796425 0.017361481281519028 -0.015003288751185442 -0.018676049129541558 -0.0034694933869445174 0.0089923920856872976 0.012566383655294718 -0.019303016599437971 0.012867506539701196 0.00013850003134651594 -0.013125858295248101 0.017341934468270821 0.0021016702989226435 0.015796155372365454 0.0032943254710550928 0.01450703682991881 0.023716971315225089 -0.00036701471369353936 0.010497905113884955 0.019551918396315524 -0.00086181531309988558 0.0029858522735902609 0.015002207727448742 0.021466343040694072 -0.025852609094878271 -0.021395287696870553 0.00061313655871626978 0.0022807432292489996 -0.0023519341434642353 0.001003410365638125
leaf_weight=2846.0361240431666 1644.7955997437239 1169.0281552560627 594.3436697460711 890.17086140811443 2762.4846895709634 1418.8420113474131 800.43557425588369 178.60104669257998 495.0552036985755 414.90251594409347 650.24143024533987 549.51148799806833 710.80326715484262 137.88975082337856 715.32756004482508 295.24655044451356 92.655367683619261 484.78576505184174 1482.4916809797287 1093.9921292364597 1871.8413194306195 2053.0109413713217 1629.4534872174263 162.38396716862917 575.60981123521924 196.97984156757593 1227.2815789207816 2684.0394003242254 1205.5988874919713 688.49876722693443
leaf_count=79342 13486 5998 8673 14453 20190 8159 3433 1459 2756 4034 11711 2569 3735 1135 3449 1887 923 4241 6383 4485 13078 9372 7031 890 13269 2497 8492 16224 12899 3051
internal_value=-0.000201548 0.004126 -0.0225215 -0.0045056 0.00532696 0.00226813 0.00712692 0.00385099 0.00717488 -0.0126991 -0.0262518 0.00721628 0.0123906 -0.00485248 0.00953414 0.00100989 0.0028409 -0.00843455 0.0114948 0.0126924 0.000308919 0.0056768 0.0107132 0.0057233 -0.019118 -0.00666202 0.00510776 -0.000635886 -0.00455146 0.00748871
internal_weight=31722.3 26571.3 5151.02 3245.12 23326.2 8642.16 14684 6220.84 4501.77 1305.07 4071.89 3195.64 2042.22 1719.07 8463.21 1940.04 2459.55 1079.13 5609.76 4894.44 1964.5 2853.45 3800.44 873.187 1225.85 1581.18 2646.12 5446.52 1384.2 2170.99
internal_count=289304 172068 117236 33860 138208 55634 82574 45370 27380 18487 104322 19220 10623 17990 37204 15373 16757 12914 24399 20950 14001 12805 16465 4625 24980 16855 16651 36414 14358 9434
is_linear=0
shrinkage=0.03


Tree=51
num_leaves=31
num_cat=0
split_feature=4 11 3 0 4 8 27 1 8 27 3 6 11 0 29 25 29 30 27 25 27 3 1 1 27 0 6 4 19 29
split_gain=3249.37 424.438 278.504 215.875 115.513 137.899 104.657 157.866 110.433 134.597 99.9635 86.782 72.3187 71.3936 61.3872 128.677 98.7503 96.2987 61.086 57.5392 66.2905 53.3995 61.4733 53.0342 52.8981 51.5662 51.4857 51.0962 49.3764 48.9932
threshold=-2.4682207107543941 0.23672325164079669 -0.83008018136024464 3.5000000000000004 9.9921836853027362 0.31718172132968908 0.79032260179519664 2.4607234001159672 0.57506856322288524 0.051391525194048888 1.0114381313323977 0.0039190880488604316 0.2098963260650635 4.5000000000000009 -0.92272481322288502 0.11768296733498575 -0.87810534238815297 2.5000000000000004 0.020556610077619556 0.068481389433145537 0.18028674274683001 2.0380684137344365 11.009984016418459 2.4607234001159672 0.85250896215438854 8.5000000000000018 0.2414364963769913 -0.74779009819030751 -0.57439863681793202 -0.84313312172889698
decision_type=2 2 2 2 2 2 2 2 2 2 2 8 2 2 2 2 2 2 2 2 2 2 2 2 2 2 8 2 10 2
left_child=2 26 12 4 5 27 8 24 9 -5 14 -4 -1 -14 -9 -16 17 -17 -13 -11 23 22 -10 -21 -8 -24 -2 -3 -22 -20
right_child=1 3 11 6 -6 -7 7 10 21 19 -12 18 13 -15 15 16 -18 -19 29 20 28 -23 25 -25 -26 -27 -28 -29 -30 -31
leaf_value=-0.020385020654613704 -0.020798665443452161 -0.012688655776625786 -0.029486137456877736 -0.015194294453978359 -0.0093017633620186661 0.0037476053998939233 0.0094688408009376765 -0.0081635233547265734 0.009442488181630633 0.028367998536862147 0.025428076815563458 -0.029606231629915939 -0.015582921358951143 0.0040494742931305771 0.030117691957758718 -0.0053129326170057965 -0.0059268709031056683 0.03273787518296304 0.057359242192878357 -0.006796043716114258 -0.00092875020649692058 0.024664366065252033 0.00072416224930520949 0.028295321494843016 0.042974034210152667 0.010458467821262078 -0.0074283519067046598 0.0054907714125592266 0.0092296819272481637 -0.015586656659738719
leaf_weight=333.13499730825424 561.03197261318564 702.24260225147009 2611.2163342759013 344.3748095780611 948.26130048185587 5330.1658965237439 75.634596981108189 979.81165086477995 10453.447266541421 88.054637294262648 120.3725890815258 372.34389415383339 268.34466689452529 436.69141586124897 128.88939451426268 108.2374164685607 905.69019924849272 132.25555367022753 7.4174594320356837 604.93696935847402 596.35893660783768 185.4888482093811 1484.0886037647724 40.429489567875862 97.639290794730186 730.14999581873417 484.20605257898569 172.85784184932709 1547.0364041440189 781.55348914861679
leaf_count=5835 9695 7362 76431 5020 8625 30054 335 7238 51667 846 550 9956 3850 5044 929 757 6411 934 133 6320 3669 794 9184 164 412 3939 6048 856 9490 16945
internal_value=4.19404e-05 0.00411424 -0.022659 0.00487437 0.000444573 0.00193522 0.00657585 0.000927319 0.00747129 0.00250325 -0.0010943 -0.0264453 -0.00888795 -0.00343432 -0.00252079 0.00181829 -0.00138749 0.0156615 -0.0195884 0.00462631 0.00386677 0.00871606 0.00848061 -0.00455734 0.0284872 0.00393734 -0.0146179 -0.00909552 0.00640418 -0.0148291
internal_weight=31632.4 26821.7 4810.7 25776.4 7153.53 6205.27 18622.9 2548.53 16074.4 3221.19 2375.26 3772.53 1038.17 705.036 2254.88 1275.07 1146.18 240.493 1161.31 2876.82 2788.76 12853.2 12667.7 645.366 173.274 2214.24 1045.24 875.1 2143.4 788.971
internal_count=289493 171299 118194 155556 46897 38272 108659 17566 91093 25509 16819 103465 14729 8894 16269 9031 8102 1691 27034 20489 19643 65584 64790 6484 747 13123 15743 8218 13159 17078
is_linear=0
shrinkage=0.03


Tree=52
num_leaves=31
num_cat=0
split_feature=8 27 0 4 29 2 6 6 17 3 27 4 29 27 4 20 12 27 27 12 27 4 29 29 8 29 6 25 27 4
split_gain=3105.31 462.099 213.266 148.423 188.53 173.16 104.087 90.9488 88.6302 87.7786 169.681 83.4769 76.7954 72.6102 75.1607 66.6952 63.3946 61.785 60.77 60.6018 59.4634 53.9594 53.3685 48.4262 45.5979 58.5782 45.5012 44.2702 65.3463 131.561
threshold=0.13850809633731845 0.1037634424865246 6.5000000000000009 -1.862671375274658 -0.10837475582957266 2.0065031051635747 0.16041663289070132 0.0039190880488604316 -0.11230374872684477 1.2372741103172304 0.041113220155239112 1.0000000180025095e-35 -0.091258823871612535 0.76523298025131237 1.0000000180025095e-35 1.6480531692504885 1.8382933139801028 0.48082436621189123 0.048039216548204429 -6.612834930419921 0.020556610077619556 29.089617729187015 -0.83375966548919667 -0.26867066323757166 1.0039523243904116 0.90803977847099315 0.60384613275527965 0.073543433099985137 0.084187224507331862 1.0000000180025095e-35
decision_type=2 2 2 2 2 2 8 8 8 2 2 2 2 2 2 10 2 2 2 2 2 2 2 2 2 2 10 2 2 2
left_child=1 7 3 4 15 16 12 -1 -7 10 11 -4 -3 27 23 19 24 -10 -11 -2 -9 -20 -22 -15 25 -5 -6 -12 29 -29
right_child=2 6 9 5 26 8 -8 20 17 18 13 -13 -14 14 -16 -17 -18 -19 21 -21 22 -23 -24 -25 -26 -27 -28 28 -30 -31
leaf_value=-0.029639225931538959 0.017143013536786631 -0.0074718859948943346 -0.018856334836554283 0.0025748537415101066 -0.018600447153292697 0.0044989516087386985 -0.00021824376999788483 -0.028946641267664792 0.0022189402723457991 0.035005660002514621 0.023208943942852646 0.031055179291558394 -0.0235231651284677 0.032444683961840644 5.0350752529441028e-05 0.035445353758767159 0.01301307011996638 -0.0069495614509527317 0.0092478873640793203 -0.0020589701635357815 0.038160119901088259 0.029629929663524273 -0.016772804008157869 -0.026182739798502205 0.0066649183737620193 -0.020463398863059246 0.00038642677992860043 -0.01212777909740503 0.0089786983692519608 0.030686127859734531
leaf_weight=2366.2722208835185 174.74698295071721 646.36526495218277 307.82706001028419 2315.1593690812588 760.65290450304747 1580.4806114733219 854.79065632820129 463.33657759055495 943.74502880871296 136.56489212810993 183.98134671151638 32.518693476915359 459.35906054079533 100.12575380504131 1543.3246332779527 51.95604132860899 996.19376966357231 2207.7113628014922 599.3496680110693 933.44165279716253 15.267334446310995 144.81789681315422 974.81572094559669 13.737970262765883 4662.3672380968928 102.78563167154789 133.45890814810991 318.56699764728546 7469.7841939255595 79.970388934016228
leaf_count=71928 1045 8149 4497 13458 12238 10855 6908 11828 5548 572 1559 137 8842 422 10567 376 4272 16851 2646 8304 272 600 19988 70 21860 992 1355 3813 39388 327
internal_value=-5.49715e-05 -0.0199274 0.00439899 0.00205938 -0.00542474 0.00326004 -0.00808197 -0.0260035 -0.00129692 0.00757976 0.00678258 -0.0140105 -0.0141554 0.00751281 0.00179284 0.00255428 0.00592974 -0.0042041 0.0166582 0.000981659 -0.0200681 0.0132488 -0.0158881 0.0252048 0.00493142 0.00158745 -0.0157691 0.00868962 0.00834722 -0.00348145
internal_weight=31573.5 5780.21 25793.3 14862.7 2054.26 12808.4 1960.51 3819.69 4731.94 10930.6 10049.8 340.346 1105.72 9709.49 1657.19 1160.14 8076.51 3151.46 880.732 1108.19 1453.42 744.168 990.083 113.864 7080.31 2417.95 894.112 8052.3 7868.32 398.537
internal_count=289667 127915 161752 97154 23318 73836 23899 104016 33254 64598 60780 4634 16991 56146 11059 9725 40582 22399 3818 9349 32088 3246 20260 492 36310 14450 13593 45087 43528 4140
is_linear=0
shrinkage=0.03


Tree=53
num_leaves=31
num_cat=0
split_feature=1 11 27 0 4 1 17 29 4 18 5 3 27 2 27 20 11 23 29 11 23 29 21 3 1 27 3 27 4 27
split_gain=3004.84 401.712 255.33 166.832 109.196 152.074 86.6914 80.4482 77.2428 105.675 75.7123 74.2395 147.132 90.6764 80.2231 69.7865 65.6764 69.0137 64.327 59.3766 56.9498 56.4428 54.3758 53.4421 52.7255 50.5246 46.1415 45.695 64.4624 87.4038
threshold=0.033831289038062103 0.23672325164079669 0.095445919781923308 5.5000000000000009 -1.862671375274658 4.9186432361602792 -0.092063363641500459 -0.15950992703437802 -0.41782200336456293 6.8950653076171884 -0.026190475560724732 1.2372741103172304 0.021863799542188648 2.5515065193176274 0.034313727170228965 1.6480531692504885 4.0521357059478769 0.6542920470237733 -0.84313312172889698 5.9374396800994882 0.072428192943334593 -0.51296770572662342 1.0370808839797976 -1.3676469922065733 39.90080642700196 0.6338709592819215 -0.37239845097064966 0.79032260179519664 -1.0000000180025095e-35 0.36612904071807867
decision_type=2 2 2 2 2 2 8 2 2 8 10 2 2 2 2 10 2 10 2 2 8 2 10 2 2 2 2 2 2 2
left_child=2 -2 18 4 7 8 -7 15 9 16 -4 12 -5 23 -13 19 -6 -18 26 -3 -11 -12 25 -14 -16 -8 -1 28 -25 -30
right_child=1 3 10 11 5 6 22 -9 -10 20 21 14 13 -15 24 -17 17 -19 -20 -21 -22 -23 -24 27 -26 -27 -28 -29 29 -31
leaf_value=0.10990290770136631 -0.014755845066461213 -0.0060839952318387054 -0.0022096761885932806 -0.020560935566207198 -0.0077651027362933564 0.0046261076147031321 -0.0012978426714754263 -0.014471896987000361 0.0094184118566003564 0.01761607262329731 -0.0047515357399248283 0.036293339041103531 0.016061610450841025 0.00061121638329725075 0.0087308234722986103 0.032802972587177105 0.010778588250910298 -0.010338269338099141 -0.027144769453863918 0.011560019863892497 0.0025732706167689071 -0.02184399255063401 0.0084880088957338846 0.0047476079930724663 0.031411533750838938 -0.0092586677880608422 -0.0034264544965690691 -8.0713983544424816e-05 0.015604885853092504 0.0071941475309665551
leaf_weight=4.0938691347837439 1014.8052218519151 783.18852366879582 506.78120303153992 182.41779610514641 881.8804192468524 1693.9615463614464 1530.4846681281924 563.08610366657376 3230.9561990201473 477.52705743163824 245.83176504448056 130.77584546804428 634.95352301746607 1970.6442214548588 832.92487946152687 52.947654098272324 479.51546020060778 195.24484557658434 3283.9596631675959 218.7893337495625 430.83045826107264 598.58662188798189 294.27270193397999 3874.3295500352979 103.03098884224892 1350.408235706389 8.6940290518105012 740.97818872332573 1633.4621473401785 3491.2850132584572
leaf_count=83 15547 6885 5938 2429 5803 11056 9195 7507 13859 2938 3140 553 3527 13322 3706 396 2402 1030 96435 1343 2627 12756 1978 25986 425 10460 216 4746 6727 16159
internal_value=-0.000113773 0.00374931 -0.0223782 0.00447835 0.00192868 0.00304021 -0.00085265 -0.0053267 0.00636755 0.0023665 -0.0113831 0.00676295 0.0061151 0.0065109 0.0143587 -0.000436192 -0.00237873 0.00466208 -0.0268798 -0.00222361 0.010492 -0.0168794 -0.00377612 0.00763133 0.0112584 -0.00503137 0.038194 0.00708016 0.00766973 0.00987751
internal_weight=31440.6 26792.7 4647.95 25777.9 12183.1 10565.1 4869.13 1618.01 5695.95 2465 1351.2 13594.8 12528.1 12345.7 1066.73 1054.93 1556.64 674.76 3296.75 1001.98 908.358 844.418 3175.17 10375 935.956 2880.89 12.7879 9740.05 8999.08 5124.75
internal_count=289174 170606 118568 155059 77479 61348 32689 16131 28659 14800 21834 77580 72896 70467 4684 8624 9235 3432 96734 8228 5565 15896 21633 57145 4131 19655 299 53618 48872 22886
is_linear=0
shrinkage=0.03


Tree=54
num_leaves=31
num_cat=0
split_feature=8 11 27 8 2 27 2 27 6 27 3 12 11 6 27 25 28 1 6 11 27 25 27 28 27 28 25 28 27 28
split_gain=2904.65 382.602 315.337 109.375 165.965 104.506 105.153 99.7952 93.4674 88.2545 84.9953 78.0089 88.8434 77.6354 69.6958 71.511 63.4621 88.5307 56.0909 50.9197 47.734 52.2681 45.3364 64.0059 58.1775 52.5173 69.4146 77.2166 51.8197 46.1703
threshold=0.075859911739826216 0.30945658683776861 0.095445919781923308 0.49106810986995703 1.9710386991500857 0.50824373960495006 3.4440749883651738 0.18028674274683001 0.084967471659183516 0.96774193644523632 0.46610327064991003 1.8382933139801028 0.74096044898033153 0.61989209055900585 0.048039216548204429 0.24593228846788409 1.0000000180025095e-35 2.398643016815186 0.013888889458030464 1.4527578353881838 1.0000000180025095e-35 0.060993619263172157 0.86881721019744884 0.3903625756502152 0.92903226613998424 -0.36647418141365046 0.13776912540197375 -0.55657517910003651 0.86111110448837291 0.14250627160072329
decision_type=2 2 2 2 2 2 2 2 8 2 2 2 2 8 2 2 2 2 8 2 2 2 2 2 2 2 2 2 2 2
left_child=2 13 18 7 11 14 9 20 -4 10 22 12 -5 -2 -6 -16 17 -9 -1 -13 -3 -22 28 25 -25 26 27 -24 -7 -30
right_child=1 3 8 4 5 6 -8 16 -10 -11 -12 19 -14 -15 15 -17 -18 -19 -20 -21 21 -23 23 24 -26 -27 -28 -29 29 -31
leaf_value=-0.029473812070150082 -0.016466553472986985 -0.029937345191939 -0.016735702395555968 -0.0036422377255910391 0.030486673803087266 0.0031585799703330217 0.011591849013238007 -0.0055748419591413224 -0.001687693922527662 -0.022187990835067024 -0.0060374471224322584 0.018915371628909373 0.0075555925161219324 -0.0005155442730415162 0.0019182664595952031 0.01164365420106535 0.0087768694023870625 0.011059932610999164 -0.020489054710051396 0.0074520431107021343 0.0066924960368924128 -0.0092651530977650616 0.0025130673744648314 0.049694708031302513 -0.016565593523899198 -0.013190233219592184 -0.0075325224401639919 0.055770358845088588 -0.013262016563256122 0.040525781232914969
leaf_weight=2319.0072892121971 940.61024460941553 77.93911649286747 886.42678280547261 678.29540905356407 109.65997075289488 2821.5264675542712 652.39033768326044 1021.7540341205895 639.3902454264462 172.56386861205101 1681.751609928906 861.88079243898392 10508.276829298586 387.77477617561817 1547.6251578256488 1214.0834074020386 1070.1526675447822 399.77686707675457 872.15299890935421 588.67639344930649 236.16007702425122 837.29523734003305 64.026371486485004 34.446149609982967 17.362332291901112 436.64912920445204 189.89950756728649 38.791264206171036 18.303682148456573 59.38154398649931
leaf_count=73670 16678 1371 16152 5805 489 17976 3323 7211 5988 1601 12549 3599 52410 4377 8294 5691 6708 2000 20910 2537 3174 9639 554 266 150 3865 1629 337 149 445
internal_value=3.56413e-05 0.00387432 -0.0216623 0.00469723 0.00550487 0.00240535 0.000209898 -0.000112711 -0.0104351 -0.00113358 -0.000451993 0.00772627 0.00687635 -0.0118141 0.0071343 0.00619634 0.00326244 -0.000892161 -0.0270254 0.0142716 -0.00741323 -0.00575151 0.00210123 -0.00430947 0.027596 -0.00661046 0.00321613 0.0229497 0.00382944 0.0278452
internal_weight=31384 26667.1 4716.98 25338.7 21695.6 9058.46 6187.09 3643.08 1525.82 5534.7 5362.14 12637.1 11186.6 1328.39 2871.37 2761.71 2491.68 1421.53 3191.16 1450.56 1151.39 1073.46 3680.39 781.175 51.8085 729.366 292.717 102.818 2899.21 77.6852
internal_count=289547 172827 116720 151772 121669 57318 42844 30103 22140 39521 37920 64351 58215 21055 14474 13985 15919 9211 94580 6136 14184 12813 25371 6801 416 6385 2520 891 18570 594
is_linear=0
shrinkage=0.03


Tree=55
num_leaves=31
num_cat=0
split_feature=8 11 6 0 11 4 4 2 2 8 5 11 28 3 11 6 3 3 4 28 11 5 2 4 8 8 11 3 13 18
split_gain=2734.14 341.752 267.116 182.342 104.312 90.7962 115.905 76.6215 92.6552 76.2632 73.9145 66.2378 60.4728 55.1528 52.3483 50.2133 49.7138 50.6842 46.4767 46.0812 44.8188 40.2536 40.3427 47.4282 97.7586 84.8398 55.3363 52.9482 57.3331 37.8818
threshold=0.075859911739826216 0.19313496351242068 0.0095169404521584528 3.5000000000000004 0.21905642747879031 10.336588382720949 -1.6577988862991331 3.8847197294235234 2.5025676488876347 0.49106810986995703 7.263301134109498 0.81721267104148876 -0.31799228489398951 -0.71092563867568959 2.7199424505233769 0.63571417331695568 1.1842601895332339 -1.570271849632263 29.089617729187015 0.07411635667085649 5.7373628616333017 2.5467469692230229 1.5551439523696902 -1.0000000180025095e-35 2.6189639568328862 2.6664427518844609 5.838503599166871 -0.15685765445232389 -1.0388720631599424 6.3333892822265634
decision_type=2 2 8 2 2 2 2 2 2 2 8 2 2 2 2 8 2 2 2 2 2 10 2 2 2 2 2 2 10 10
left_child=2 15 13 5 -4 6 11 8 9 14 -10 -3 -13 -1 -5 -2 17 -11 -7 -18 -14 22 23 24 27 26 -25 28 -19 -30
right_child=1 3 4 7 -6 18 -8 -9 10 16 -12 12 20 -15 -16 -17 19 21 -20 -21 -22 -23 -24 25 -26 -27 -28 -29 29 -31
leaf_value=-0.017745544669485833 -0.018808695921892469 -0.018708580484157793 -0.021395581312200922 -0.0020334075559739731 -0.0069019675677445165 -0.012413213701358313 0.0032479740049335864 0.028766215876458525 -0.0025508910873792315 0.018438516983189972 0.006177573307752377 -0.013167083223572558 -0.0018425683478224487 -0.029407983429294671 0.0064579998402414162 -0.0022014366437026118 0.023806337694995933 -0.005148204766368074 0.0044207521607779769 0.0066257318455215956 0.017565701073975655 0.011649308460068125 0.0038701883700700398 0.021013323962795444 0.014689468601418012 0.001901598786300122 0.0076956040664595791 -0.0028953954494489336 0.0039701692869305201 0.012522351844647995
leaf_weight=440.15523810684681 679.39510750770569 322.59203810989857 753.93922291696072 1431.2675710041076 1099.0448574237525 714.47087934613228 5034.8395661488175 126.63275940716267 2083.5512537583709 340.63792560622096 1501.5893471166492 323.54035121947527 421.50388181395829 2313.3684143703431 1200.7379128709435 216.21596040576696 313.93964494764805 358.80977625772357 185.42167361825705 255.55717675387859 142.48599467054009 1311.4107931852341 4325.4783021658659 776.78264912962914 884.32355314865708 539.43373315036297 442.07661499083042 868.95499057322741 1009.0439963042736 867.61371993646026
leaf_count=8226 12895 4571 17420 14817 15382 7326 26753 532 14687 1752 8829 2903 3970 75251 7580 2699 1344 2148 978 1078 887 6206 21522 3173 4772 2241 1820 6513 5746 5258
internal_value=-0.000283815 0.0034017 -0.0216243 0.00403474 -0.0128075 -4.00443e-05 0.00124417 0.00559673 0.00543669 0.00647684 0.00110562 -0.00708868 -0.00284887 -0.0275508 0.00184141 -0.0148063 0.00746899 0.00704736 -0.00894354 0.0161218 0.00308313 0.00670492 0.00606008 0.00770733 0.00589532 0.0118123 0.0161933 0.0033863 0.00582828 0.00792857
internal_weight=31284.8 26678.3 4606.51 25782.7 1852.98 7144.85 6244.96 18637.8 18511.2 14926.1 3585.14 1210.12 887.53 2753.52 2632.01 895.611 12294.1 11724.6 899.893 569.497 563.99 11383.9 10072.5 5747.04 3988.75 1758.29 1218.86 3104.42 2235.47 1876.66
internal_count=289279 173000 116279 157406 32802 47388 39084 110018 109486 85970 23516 12331 7760 83477 22397 15594 63573 61151 8304 2422 4857 59399 53193 31671 24437 7234 4993 19665 13152 11004
is_linear=0
shrinkage=0.03


Tree=56
num_leaves=31
num_cat=0
split_feature=1 11 3 8 4 6 27 2 27 12 11 6 21 27 25 29 6 5 3 28 27 29 4 27 12 27 8 4 28 2
split_gain=2646.03 431.726 186.956 153.522 155.232 127.588 112.868 96.9803 101.847 89.9872 107.27 76.8708 72.9857 65.6504 123.457 58.4282 56.8742 54.8496 69.842 53.8967 49.8454 49.4862 48.6388 47.5984 47.5397 45.2535 40.4189 47.1993 75.1483 46.1945
threshold=0.0096207763999700564 0.30945658683776861 -0.83008018136024464 0.35794498026371008 3.1552107334136967 0.51564314961433422 0.048039216548204429 3.711634755134583 0.86881721019744884 1.8382933139801028 0.98395305871963512 0.23386758565902713 0.90657129883766185 0.048039216548204429 0.064204912632703795 0.28313310444355017 0.0039190880488604316 4.4101769924163827 -0.34750548005104059 0.3903625756502152 0.051391525194048888 -0.11692317575216292 14.106227874755861 0.92903226613998424 -1.1544561386108396 0.030834914185106758 0.93729010224342357 -1.0000000180025095e-35 0.022575936280190948 1.5007758736610415
decision_type=2 2 2 2 2 8 2 2 2 2 2 8 10 2 2 2 8 8 2 2 2 2 2 2 2 2 2 2 2 2
left_child=2 11 24 5 9 15 -6 8 12 10 20 -2 17 -13 21 -3 -4 18 -8 -10 -5 -15 -19 -21 -1 -18 27 28 -12 -28
right_child=1 3 16 4 6 -7 7 -9 19 -11 26 13 -14 14 -16 -17 25 22 -20 23 -22 -23 -24 -25 -26 -27 29 -29 -30 -31
leaf_value=0.00011008449763113417 -0.018890326630154858 -0.0046188481618115703 -0.029209489716350984 -0.016350029592251743 0.029731773392004515 0.0045479665095510416 0.012360601506109865 0.017272994212847472 -0.0081761427712648375 0.014741826704410977 -0.0032999425012016515 -0.02192262026099491 0.0090089835145755089 0.12707241979739403 -0.003827811959855436 -0.017949818309914278 -0.028123519913440687 0.0078020470499123064 -0.0019389889653440393 0.038483712938319765 0.00046766993065904309 0.035163143430788676 -0.00095008481913265224 -0.016569576561336438 -0.015670147784406244 -0.013446979152175667 0.010171530620304186 0.010945291366537827 0.0078945252258222649 0.0051712842776401487
leaf_weight=266.33429935202003 794.14242978580296 1384.9046732205898 2276.7851825933903 186.69608235359192 130.61390902847052 1447.0525478385389 331.84365450590849 348.78114861249924 1195.6060127094388 1264.0832088887691 1125.1222057119012 161.22478495538235 1272.5731826499104 6.1195265278220168 500.32212503254414 375.73075925000012 332.66294390894473 1623.963809914887 4021.8702414110303 41.4866983294487 1023.265905328095 25.972580544650555 881.17114154994488 20.482472315430641 483.10121788829565 445.11159970611334 4898.9461949393153 717.16665388643742 1035.5357454456389 2522.5921145826578
leaf_count=3057 15534 13513 76055 2186 579 9992 1884 1511 10171 5313 6891 2771 7417 72 5669 6032 9849 8769 24572 306 7557 374 5762 174 8668 10356 23454 3026 6524 11109
internal_value=-7.50617e-05 0.00318727 -0.0235144 0.00409188 0.00496207 -0.00205001 0.00213566 0.0017625 0.00118454 0.00714533 0.00630979 -0.0125221 0.00241347 -0.00521454 -0.000123414 -0.00747234 -0.0268087 0.00118862 -0.000846474 -0.00675727 -0.00213865 0.0559993 0.00472437 0.020313 -0.0100695 -0.0197524 0.00730242 0.00428208 0.00206639 0.00847286
internal_weight=31141.3 27337.3 3804 25849.5 22641.8 3207.69 9868.39 9737.78 9389 12773.4 11509.3 1487.78 8131.42 693.639 532.414 1760.64 3054.56 6858.85 4353.71 1257.58 1209.96 32.0921 2505.13 61.9692 749.436 777.775 10299.4 2877.82 2160.66 7421.54
internal_count=289147 181162 107985 156742 127205 29537 61145 60566 59055 66060 60747 24420 48404 8886 6115 19545 96260 40987 26456 10651 9743 446 14531 480 11725 20205 51004 16441 13415 34563
is_linear=0
shrinkage=0.03


Tree=57
num_leaves=31
num_cat=0
split_feature=1 11 3 8 1 0 6 6 12 11 17 27 25 6 27 27 0 2 28 5 11 3 27 28 27 2 14 28 21 1
split_gain=2531.76 397.249 169.974 163.894 134.601 119.304 116.541 84.6597 77.9939 98.5064 69.3867 58.397 124.739 58.1791 56.4789 56.4016 53.9108 53.3732 51.9961 51.1023 48.3178 48.0253 47.5233 50.0451 50.631 46.1983 44.1067 52.6479 46.2257 43.9169
threshold=0.0086021511815488356 0.30945658683776861 -0.83008018136024464 0.31718172132968908 6.4357738494873056 7.5000000000000009 0.53078043460845958 0.24916899204254153 1.8382933139801028 1.5468601584434511 0.071904372423887267 0.048039216548204429 0.060993619263172157 0.0039190880488604316 0.18028674274683001 0.46451613306999212 5.5000000000000009 1.2601816654205324 0.34235194325447088 -9.0733609199523908 1.4527578353881838 -0.2397152706980705 0.030834914185106758 0.27694219350814825 0.33870968222618109 3.711634755134583 -0.47375611960887903 -0.69057363271713246 0.86576521396636974 30.305106163024906
decision_type=2 2 2 2 2 2 8 8 2 2 8 2 2 8 2 2 2 2 2 8 2 2 2 2 2 2 10 2 10 2
left_child=2 7 16 6 8 10 22 -2 9 14 29 -9 18 -4 17 -7 -1 -5 -13 -14 -10 -15 -3 -24 -25 26 -17 -28 -29 -6
right_child=1 3 13 4 5 15 -8 11 20 -11 -12 12 19 21 -16 25 -18 -19 -20 -21 -22 -23 23 24 -26 -27 27 28 -30 -31
leaf_value=-0.019531725039901308 -0.018511317260174225 -0.025267726220657153 -0.029167944404565938 -0.0073522317956348495 0.0018758139452987989 0.013027949289141713 0.0040353795163729908 -0.02045401711271538 0.01735536373526755 0.0069183751995460178 -0.0035518327751495075 0.00061602703944807079 0.080365152456761957 -0.012117672374608672 0.0041386382785616217 0.0092766972537464375 -0.0030358225554033727 0.024088505552225681 0.08345727611086691 -0.0042568636130696762 0.0067698334375822624 -0.027382992695559872 -0.01204159598748384 -0.0050182649289755256 0.01422610927604087 0.022950525051058684 0.0071856618584438293 -0.007615352066021883 0.0097159004561821038 0.016204807764349419
leaf_weight=322.80624246224761 818.67748363688588 132.31320380046964 2208.5067466404289 889.64381363615394 2124.6802049353719 858.45242370665073 1254.2541198283434 153.65265007317066 897.81439523398876 10456.904864829034 3370.2222562655807 9.8779076896607894 5.5081139616668224 391.13665786013007 1219.7019674405456 697.5013848990202 397.80179334431887 50.433997556567192 21.128157891333103 496.55064035952091 686.4917233735323 356.82928121089935 757.15042382664979 614.31675419397652 152.80068986490369 109.41175822913647 580.7924623042345 738.34316758066416 169.52978537231684 210.73457115143538
leaf_count=5886 16287 2730 75846 8437 14501 3648 8785 2687 3750 50658 23283 142 49 9075 7464 4336 5565 207 269 5619 2970 10742 7652 7461 1039 468 3448 4703 1070 1078
internal_value=-0.000151897 0.00297693 -0.0235264 0.00384553 0.00469221 0.00179018 -0.00286152 -0.0120009 0.00650247 0.00571377 -0.000798284 -0.00422381 0.000483981 -0.026711 -0.000119035 0.00647149 -0.0104422 -0.00564167 0.0579096 -0.00317056 0.0127757 -0.0194271 -0.00808268 -0.00657536 -0.00117148 0.00401504 0.00305731 0.000138995 -0.00437191 0.00317516
internal_weight=31154 27476.9 3677.08 25971.5 23060.7 8859.67 2910.84 1505.39 14201 12616.7 5705.64 686.717 533.065 2956.47 2159.78 3154.03 720.608 940.078 31.0061 502.059 1584.31 747.966 1656.58 1524.27 767.117 2295.58 2186.17 1488.67 907.873 2335.41
internal_count=289855 182741 107114 157688 130021 56535 27667 25053 73486 66766 38862 8766 6079 95663 16108 17673 11451 8644 411 5668 6720 19817 18882 16152 8500 14025 13557 9221 5773 15579
is_linear=0
shrinkage=0.03


Tree=58
num_leaves=31
num_cat=0
split_feature=1 11 0 3 1 1 6 27 1 8 27 29 27 17 3 25 27 6 27 25 11 14 1 30 29 2 18 27 17 2
split_gain=2496.08 396.361 198.609 169.993 101.173 124.19 79.3974 73.0856 132.246 96.1994 81.2252 68.2078 67.9804 62.6135 62.5074 58.6737 68.7386 57.9017 56.9283 58.8533 52.3775 52.0252 50.2105 49.8417 49.5932 49.5263 65.3741 47.9115 47.2992 46.3269
threshold=0.0086021511815488356 0.30945658683776861 3.5000000000000004 -1.0047447085380552 0.82005470991134655 5.3438801765441903 0.58921822905540477 0.68853047490119945 2.7981131076812749 0.46554844081401831 0.022875817492604259 -0.15950992703437802 0.85250896215438854 -0.16348250955343244 1.1343008279800417 0.068481389433145537 0.18028674274683001 0.001188012305647135 0.048039216548204429 0.077798966318368926 0.84372010827064525 -0.24072715640068051 39.90080642700196 2.5000000000000004 -0.091258823871612535 1.0977542996406557 7.0401153564453134 0.90179210901260387 -0.82421422004699696 2.7244211435317998
decision_type=2 2 2 2 2 2 8 2 2 2 2 2 2 8 2 2 2 8 2 2 2 10 2 2 2 2 8 2 10 2
left_child=3 6 4 20 11 25 24 9 12 10 -4 23 -9 -7 21 -12 -17 -5 -8 -20 -1 27 29 -3 -2 26 -6 -10 -23 -11
right_child=1 2 7 17 5 13 18 8 14 22 15 -13 -14 -15 -16 16 -18 -19 19 -21 -22 28 -24 -25 -26 -27 -28 -29 -30 -31
leaf_value=-0.016507028094526428 -0.0058409957194688056 -0.0069304301995064153 -0.020777041247105572 -0.029075227732480891 -0.0048100390940601446 0.0034194868196038408 -0.022158331568828259 0.01037151210357402 0.0065424368961501901 0.0081430216387952566 0.022372376948601318 -0.018240821397820264 0.036490655119120252 -0.0067806734974236839 0.020008810009692842 -0.006617561715971991 0.0047200441862853618 -0.020087641329915779 0.045732237219017195 0.00039770786096194927 0.0020197441631971862 0.00510513846574064 0.033856037359422879 0.011425983072970346 -0.02073830502673385 0.007717835159814954 0.01007427448619478 -0.0060530886415978754 -0.0060480354022616409 0.0017243628593212143
leaf_weight=305.40816835686564 276.59928391128778 654.51085680164397 140.20270807296038 2101.6799711324275 799.26025063544512 775.10869381576777 94.121831446886063 387.36922418698668 1153.8525319248438 10719.209169793874 127.27626749128103 405.27418859489262 116.28151787817478 1793.1217457950115 135.68976578116417 667.72250986099243 1716.2949593514204 947.57909334264696 26.987853866070509 325.81867738813162 248.54006350785494 430.92907560616732 64.684529110789299 166.0986646078527 745.82573927007616 2194.4790009111166 396.4894038811326 354.59739206731319 1649.2004267796874 1118.1934017017484
leaf_count=5438 4678 5684 2616 73220 4644 5440 1647 1773 7377 53549 1569 5812 485 13215 604 7919 11059 25635 335 3441 2829 2775 271 1043 14721 9453 2305 2701 11021 6253
internal_value=-4.10036e-05 0.0030424 0.00390032 -0.0235127 -0.000341871 0.00127327 -0.0121108 0.00552298 0.00205025 0.00653162 0.00136342 -0.00818699 0.0164622 -0.00370207 9.73551e-05 0.00260727 0.00154313 -0.0262898 -0.00155787 0.00398502 -0.00820596 -0.000660892 0.00768276 -0.00320554 -0.0167177 0.00504227 0.00012963 0.00357951 -0.00373615 0.00753689
internal_weight=31038.4 27435.2 25965.8 3603.21 7184.34 5958.46 1469.35 18781.5 4227.92 14553.6 2651.5 1225.88 503.651 2568.23 3724.27 2511.29 2384.02 3049.26 446.928 352.807 553.948 3588.58 11902.1 820.61 1022.43 3390.23 1195.75 1508.45 2080.13 11837.4
internal_count=289512 182390 157568 107122 47596 35057 24822 109972 26736 83236 23163 12539 2258 18655 24478 20547 18978 98855 5423 3776 8267 23874 60073 6727 19399 16402 6949 10078 13796 59802
is_linear=0
shrinkage=0.03


Tree=59
num_leaves=31
num_cat=0
split_feature=2 8 3 0 25 4 29 5 2 3 5 29 2 12 2 8 0 5 3 13 30 5 29 28 8 3 4 3 28 19
split_gain=2355.63 314.264 187.923 152.64 141.739 117.08 86.4935 76.6284 74.2657 69.1606 62.1091 58.7104 50.2157 45.4438 45.4195 91.4683 45.3776 43.8352 40.1455 39.6014 38.1911 36.7871 36.7306 39.8256 36.5838 35.9283 32.6992 32.5808 37.2765 31.786
threshold=0.0085653639398515242 0.26180605590343481 -1.0047447085380552 6.5000000000000009 0.17876657843589785 9.678965091705324 0.53312596678733837 1.2675762176513674 3.4440749883651738 1.638525187969208 -0.0011904751881957052 0.93769648671150219 2.4859274625778203 -0.66409820318222035 1.6496978402137759 0.79755660891532909 2.5000000000000004 -0.73704028129577626 -0.2397152706980705 -0.45840190351009363 1.5000000000000002 -3.1791435480117793 -0.16799793392419812 0.022575936280190948 1.1210806369781496 -1.8913095593452451 1.0000000180025095e-35 -1.6262614130973814 -0.99054482579231251 -0.30842372775077814
decision_type=2 2 2 2 2 2 2 8 2 2 10 2 2 2 2 2 2 10 2 10 2 8 2 2 2 2 2 2 2 10
left_child=2 4 13 5 6 7 17 11 16 12 18 14 27 -1 15 22 -7 -2 -4 20 29 -15 23 -3 -13 -23 -24 -5 -29 -14
right_child=1 3 10 9 -6 8 -8 -9 -10 -11 -12 24 19 21 -16 -17 -18 -19 -20 -21 -22 25 26 -25 -26 -27 -28 28 -30 -31
leaf_value=0.0016744124995735979 0.0054544968394589438 -0.0039756399022527027 -0.012939432377442626 0.019835607643287591 0.0007559932182450305 -0.014489125551318944 -0.021713596154302607 0.0078491285258319322 0.0072048694551898806 0.019864939081794167 -0.028701205704519742 -0.022338748175936153 0.025179246736829648 0.062920788913485459 -0.00078061822428150793 0.0064455821991330469 -0.0038831458484073797 -0.0099203338139530629 -0.026500161880859876 -0.00049345962034773034 0.0026542300600337363 0.037155858687823409 -0.009404493855648054 0.0060899629150833563 -0.0012008970270836919 -0.019113994556153192 0.014642212406263603 0.014824896960919921 0.006676586121938991 0.0039973938204147519
leaf_weight=274.64848181977868 203.14253567531705 664.62603638321161 453.21192173473537 189.4286525323987 1522.120818791911 516.18175396323204 543.98119994066656 2577.3612650446594 405.56903076916933 357.86581321060658 2167.4652797598392 138.24231855943799 165.4384241849184 4.3245402127504349 2738.9905267804861 4108.4073353558779 1222.315065421164 920.22090925835073 351.32111177779734 1429.9327403455973 430.62851999700069 9.7207835726439935 579.38719224557281 754.18678276985884 156.78485776484013 263.50175547227263 54.896835148334503 544.0670285820961 7075.496346693486 104.05948680639267
leaf_count=3239 2357 3883 10510 958 11943 5374 11297 12981 2129 1494 76988 1750 956 47 15048 21751 9963 14006 11161 8978 2804 134 6289 5079 1058 4895 223 2621 38625 608
internal_value=1.77594e-05 0.00298717 -0.023066 0.00415318 -0.00586352 0.00210412 -0.0119033 0.0032784 -0.00434231 0.00692216 -0.0260516 0.00199658 0.00645419 -0.00697904 0.00243348 0.00386215 -0.00703871 -0.00713766 -0.0188866 0.00236985 0.00821022 -0.0155174 -0.00130813 0.00137537 -0.0111476 -0.0169838 -0.0073035 0.00756783 0.00726028 0.0170454
internal_weight=30927.5 27403.3 3524.19 24213.9 3189.47 13916.9 1667.34 11772.9 2144.07 10296.9 2972 9195.52 9939.05 552.196 8900.49 6161.5 1738.5 1123.36 804.533 2130.06 700.126 277.547 2053.1 1418.81 295.027 273.223 634.284 7808.99 7619.56 269.498
internal_count=289149 182175 106974 142572 39603 85528 27660 68062 17466 57044 98659 55081 55550 8315 52273 37225 15337 16363 21671 13346 4368 5076 15474 8962 2808 5029 6512 42204 41246 1564
is_linear=0
shrinkage=0.03


Tree=60
num_leaves=31
num_cat=0
split_feature=8 27 8 27 27 1 1 27 27 8 21 25 23 27 1 6 30 3 4 12 6 27 25 12 12 17 4 27 25 23
split_gain=2274.08 256.071 217.908 152.286 115.111 112.637 93.7569 188.059 139.341 127.131 111.114 94.6474 85.9203 88.3005 77.4748 73.7556 72.8176 87.9436 79.8295 70.795 62.3371 60.4553 58.0813 57.6324 52.9272 52.7998 52.7776 52.6305 69.8372 52.4958
threshold=0.057827647775411613 0.098387096077203764 0.31718172132968908 0.080392159521579756 0.68853047490119945 2.7981131076812749 2.338678359985352 0.043727599084377296 0.043727599084377296 2.1397991180419926 0.85324707627296459 0.051764089614152915 0.62818011641502391 0.32795698940753942 3.7345237731933598 0.056164385750889785 2.5000000000000004 -0.2397152706980705 26.225284576416019 19.064690589904789 0.75694441795349132 1.0000000180025095e-35 0.040048200637102134 -0.037894356995820992 -0.77247095108032215 1.5237469673156741 1.0000000180025095e-35 1.0000000180025095e-35 0.042465085163712508 -0.7991800308227538
decision_type=2 2 2 2 2 2 2 2 2 2 8 2 8 2 2 8 2 2 2 2 8 2 2 2 2 10 2 2 2 10
left_child=1 -1 3 -2 6 -6 7 21 26 11 14 -9 13 24 -10 -3 18 23 -7 -19 -5 -4 -23 -18 -13 -15 -8 -28 -29 -16
right_child=2 15 4 20 5 16 8 9 10 -11 -12 12 -14 25 29 -17 17 19 -20 -21 -22 22 -24 -25 -26 -27 27 28 -30 -31
leaf_value=-0.026576140436306392 -0.015697104436064296 -0.016531969277015248 -0.03296858003586179 -0.0045024544671963783 0.011618855477870114 -0.00841731830674383 -0.018915954273835852 0.024070531591489523 0.0096463225397215406 0.011559469717812266 0.012531396355141862 0.0042480544373044923 -0.0058880219106629827 0.0095194443561630489 -0.00099898682349969085 -0.0016185825933622872 0.0035295516099526848 -0.0044442711502850462 0.0079264795784570324 0.016266751705238558 0.0058063599199406945 0.013492519674621426 -0.014166126717926232 0.017975003224009196 -0.0061759520080011312 -0.01655610828566163 0.050913429416532374 -0.0039892348490577559 0.029569063175225112 0.0048025532690563885
leaf_weight=2718.5957294050604 813.78927705809474 678.56203491985798 120.22432284243405 1372.7809831853956 679.66388698294759 1683.66281054914 23.331970080733299 159.97366576828063 2165.8816807568073 1459.8187819961458 1990.4552027210593 805.81987271644175 1295.4624891001731 1519.8412430137396 1968.0306414589286 532.62100705504417 796.67230226844549 1630.8415392115712 319.24771263450384 162.43298223614693 856.42407302185893 82.958056431263685 369.23460034094751 360.74528125673532 959.07212304510176 72.367091998457909 67.16902594268322 73.097738981246948 232.06649231165648 4891.8359550014138
leaf_count=93639 16004 13477 1807 13932 3051 11560 119 1543 8910 8302 9246 5579 8781 8119 10194 5333 4516 13224 1708 807 5303 1061 4882 2102 9371 378 292 318 1003 24732
internal_value=-0.000149212 -0.0214651 0.00296167 -0.00459814 0.00392476 0.000175818 0.00508146 0.00230504 0.00674639 0.00380791 0.00611673 0.00145466 0.000672033 0.00320447 0.00470086 -0.00998051 -0.00139626 0.00160043 -0.00580959 -0.00256027 -0.000541149 -0.0141408 -0.00907337 0.00804356 -0.00141682 0.00832464 0.024218 0.0269643 0.0215439 0.00313824
internal_weight=30862.7 3929.78 26932.9 3042.99 23889.9 5633.27 18256.6 6844.77 11411.9 6272.36 11016.2 4812.54 4652.56 3357.1 9025.75 1211.18 4953.6 2950.69 2002.91 1793.27 2229.21 572.417 452.193 1157.42 1764.89 1592.21 395.665 372.333 305.164 6859.87
internal_count=289293 112449 176844 35239 141605 36968 104637 49823 54814 42073 53082 33771 32228 23447 43836 18810 33917 20649 13268 14031 19235 7750 5943 6618 14950 8497 1732 1613 1321 34926
is_linear=0
shrinkage=0.03


Tree=61
num_leaves=31
num_cat=0
split_feature=1 11 3 0 8 1 27 0 6 3 27 6 3 3 1 27 27 8 13 28 27 28 12 30 13 12 11 18 23 21
split_gain=2145.19 375.063 168.859 160.784 105.082 120.672 74.5282 68.188 63.7359 54.588 66.6069 54.4326 49.5267 49.136 47.0066 122.915 102.119 64.4803 52.3545 55.8071 63.1273 46.6701 46.0091 45.6964 44.3746 43.0817 71.2411 41.9594 39.9064 46.7558
threshold=0.0086021511815488356 0.30945658683776861 -0.83008018136024464 6.5000000000000009 0.31718172132968908 6.6932580471038827 0.080392159521579756 7.5000000000000009 0.0039190880488604316 -1.6262614130973814 0.79032260179519664 0.26666662096977239 1.0495780110359194 -0.2397152706980705 2.4607234001159672 0.032795699313282974 0.18817204236984256 1.7733241319656374 -0.25605075061321253 -0.66528618335723866 0.53548389673233043 -0.80418667197227467 -0.66409820318222035 1.5000000000000002 -1.3574761748313902 1.6229605078697207 1.2704867720603945 4.9111480712890634 -0.094799123704433427 -0.10957202315330504
decision_type=2 2 2 2 2 2 2 2 8 2 2 10 2 2 2 2 2 2 10 2 2 2 2 2 10 2 2 10 10 10
left_child=2 6 22 4 11 25 -2 -8 -4 -5 14 -3 -12 -10 15 -11 -16 24 -18 21 -21 -20 -1 -23 -17 26 -6 -26 29 -7
right_child=1 3 8 9 5 28 7 -9 13 10 12 -13 -14 -15 16 17 18 -19 19 20 -22 23 -24 -25 27 -27 -28 -29 -30 -31
leaf_value=-0.0014073751360750906 -0.019228579178269051 -0.010902264313471282 -0.028800142622916032 0.019845131494761074 -0.0038850843227860163 -0.0080778768422442426 -0.012199374355906437 0.0069900756883642737 -0.010560994263052433 -0.018981885830144561 -0.0014061023110171435 0.00026680474153072174 0.025547915025433656 -0.026640936964551918 0.018744076759330729 -0.0092599051118727391 0.010515930618246915 0.013357330926035547 0.0064149718823834122 0.0068564409139980015 -0.0046043531773592951 0.034432813048690822 -0.016777156688596685 0.0079400719645148325 -0.001611217344095652 0.0097057731786202896 0.0046953842728698209 0.00709301588978168 0.0012966858545521666 0.00043693625890170711
leaf_weight=332.05408702418208 700.95136507600546 863.69672824628651 1988.358221301809 258.47392331063747 1002.5692829489708 1320.4409592524171 479.19693807512522 254.4381564501673 364.90055864304304 195.64820836484432 1342.9320165589452 719.36028267256916 63.287732601165771 324.65671021677554 755.74856588244438 232.44769668579102 2158.4420258551836 721.49317614734173 1071.0526265949011 827.11735561490059 904.53818291425705 116.50077483057976 370.75518976524472 118.44327059388161 714.96402389369905 1187.8077196553349 6594.7657617740333 1642.3878996167332 2174.8290884867311 1034.8092350810766
leaf_count=4200 14822 10894 75803 1371 8086 9474 6890 3085 8978 2956 9369 5329 277 10723 3134 1666 9968 3602 5066 3502 4671 565 7313 561 4836 5128 32555 11748 15336 7480
internal_value=-8.76169e-05 0.00268918 -0.0226333 0.00351261 0.00147481 0.00234365 -0.012239 -0.00554366 -0.026068 0.00624157 0.00591615 -0.00582994 -0.000175728 -0.0181594 0.00682174 0.00406481 0.00844522 0.00543185 0.00694398 0.00440326 0.000870641 0.00908301 -0.00952776 0.0211672 0.00321958 0.00439431 0.00356272 0.00445353 -0.00163327 -0.00433819
internal_weight=30837.1 27456.3 3380.72 26021.8 14898.3 13315.2 1434.59 733.635 2677.92 11123.5 10865 1583.06 1406.22 689.557 9458.78 3506.94 5951.84 3311.29 5196.09 3037.65 1731.66 1306 702.809 234.944 2589.8 8785.14 7597.34 2357.35 4530.08 2355.25
internal_count=289388 182371 107017 157574 94282 78059 24797 9975 95504 63292 61921 16223 9646 19701 52275 24808 27467 21852 24333 14365 8173 6192 11513 1126 18250 45769 40641 16584 32290 16954
is_linear=0
shrinkage=0.03


Tree=62
num_leaves=31
num_cat=0
split_feature=4 11 3 0 4 4 5 27 4 25 6 3 29 29 27 4 27 27 19 11 27 27 6 4 12 27 4 25 28 3
split_gain=2082.52 341.319 175.434 170.627 99.5681 96.9816 68.2646 87.0809 72.4635 69.7642 66.8398 63.0809 72.5795 57.9559 53.8498 76.1992 92.2714 72.6926 51.1842 50.1256 49.1538 47.4258 45.1927 45.1601 44.1953 42.9109 64.1981 47.9703 41.9943 41.0185
threshold=-2.4915955066680904 0.2098963260650635 -1.0047447085380552 3.5000000000000004 -1.8244444131851194 5.4861268997192392 1.2093989849090578 0.021863799542188648 1.0000000180025095e-35 0.056078869849443443 0.001188012305647135 -1.3676469922065733 0.51849433779716503 -0.23537842929363248 0.68853047490119945 1.0000000180025095e-35 0.032795699313282974 0.076523300260305419 0.040553379803895957 5.7373628616333017 0.030834914185106758 0.80878135561943065 0.17242455482482913 29.089617729187015 -0.66409820318222035 0.057189542800188072 1.0000000180025095e-35 0.084547445178031935 -0.99054482579231251 -1.8913095593452451
decision_type=2 2 2 2 2 2 8 2 2 2 8 2 2 2 2 2 2 2 10 2 2 2 8 2 2 2 2 2 2 2
left_child=2 22 24 4 13 -6 7 8 -5 28 -4 12 18 -3 15 17 -17 -8 -11 -18 -12 25 -2 -21 -1 26 27 -13 -9 -26
right_child=1 3 10 6 5 -7 14 9 -10 11 20 21 -14 -15 -16 16 19 -19 -20 23 -22 -23 -24 -25 29 -27 -28 -29 -30 -31
leaf_value=0.0018058928026459182 -0.020129964603378531 -0.0035307855822737616 -0.028730988255763663 -0.021748892826789684 0.0032010571313429151 -0.0052937914598775067 -0.013517258152333549 0.089122656369453213 0.028009657651350252 0.0025351490848985487 -0.027703379779988182 0.00018968202658628129 0.06397096013297135 -0.017700184684243475 0.0026311819236821462 0.035602379471207098 0.013313262826888966 0.0052337266125941171 0.0171966077722185 0.0059546996088498134 -0.013050142498085764 -0.0034045784970307847 -0.0076548623240762425 0.023947373890927985 0.04195801067687395 0.0038516281479644859 0.022504977204227238 -0.022045412580715785 0.017696731595716109 -0.017872544457732363
leaf_weight=269.53568165376782 540.51568888686597 695.93428348936141 1895.9831844922155 195.1391880325973 4517.4227590821683 1650.7030007019639 224.23627073690295 6.7535678893327704 29.54938431084156 442.1685724183917 334.97539549507201 173.1048442274332 21.766959857195616 414.18996703624725 1925.6235462650657 124.49716308712959 1836.0563751608133 1069.5270036198199 415.58806486800313 2513.8577931821346 542.67322646640241 1030.1063854917884 508.93255590461195 131.30476604402065 9.8234536945819837 8463.0195323396474 59.3020039498806 175.18657155707479 217.80333109945059 252.02115317806602
leaf_count=3192 12193 6105 73333 3303 22564 14101 2442 59 126 2598 11682 2301 204 6423 12500 548 7919 6133 2446 12228 13853 7473 7478 561 133 47765 249 2423 1929 4856
internal_value=-3.87515e-05 0.00267664 -0.02253 0.00334548 -0.000561831 0.000927191 0.0048379 0.00333847 -0.0151099 0.00371647 -0.0255547 0.00337063 0.0110659 -0.00882859 0.00698896 0.00841068 0.0102174 0.00197586 0.00965046 0.0095044 -0.0186681 0.00268598 -0.0140932 0.00685656 -0.00672347 0.00339355 -0.00610383 -0.0110254 0.0202305 -0.0154768
internal_weight=30687.3 27382.3 3305.01 26332.8 7278.25 6168.13 19054.6 11229.5 224.689 11004.8 2773.63 10780.2 879.524 1110.12 7825.1 5899.48 4605.72 1293.76 857.757 4481.22 877.649 9900.72 1049.45 2645.16 531.38 8870.61 407.593 348.291 224.557 261.845
internal_count=289120 182071 107049 162400 49193 36665 113207 70876 3429 67447 98868 65459 5248 12528 42331 29831 21256 8575 5044 20708 25535 60211 19671 12789 8181 52738 4973 4724 1988 4989
is_linear=0
shrinkage=0.03


Tree=63
num_leaves=31
num_cat=0
split_feature=4 8 3 0 27 27 1 3 5 4 1 29 4 27 27 25 27 19 27 28 23 29 28 23 27 28 19 28 0 30
split_gain=2012.13 264.528 180.436 147.48 109.513 77.9793 101.494 74.5309 61.307 58.8192 70.264 95.1155 54.5756 170.363 151.721 143.489 121.945 74.9456 64.5859 60.497 58.3075 54.5367 81.8723 54.0473 52.7052 53.3345 50.8006 49.5166 49.2921 48.979
threshold=-2.4915955066680904 0.19098699092864993 -1.0047447085380552 3.5000000000000004 0.1037634424865246 0.79032260179519664 2.4607234001159672 1.1343008279800417 -0.0011904751881957052 7.3989768028259286 1.2088397145271303 -0.15950992703437802 1.0000000180025095e-35 0.043727599084377296 0.1637992858886719 0.068481389433145537 0.24050179123878482 -0.020392226986587044 0.48082436621189123 0.76140651106834423 0.041611948981881149 0.60383266210556041 -0.59869033098220814 0.050514711067080505 0.46451613306999212 0.07411635667085649 -0.44362163543701166 0.3903625756502152 4.5000000000000009 1.0000000180025095e-35
decision_type=2 2 2 2 2 2 2 2 10 2 2 2 2 2 2 2 2 10 2 2 10 2 2 10 2 2 8 2 2 2
left_child=2 4 -1 9 -2 12 -7 27 -4 10 11 23 13 -5 19 -15 -17 21 -19 -14 -16 -18 26 -3 -22 29 -23 -8 -6 -26
right_child=1 3 8 5 28 6 7 -9 -10 -11 -12 -13 14 15 20 16 17 18 -20 -21 24 22 -24 -25 25 -27 -28 -29 -30 -31
leaf_value=-0.0064897064370801807 -0.015568612500288318 0.0082840409562111115 -0.018333530293438 -0.013993888377488056 -0.0091529229379975381 0.021715828879694813 -0.0043531234288374503 0.026689259328538578 -0.028477635395907499 -0.0062827365290392357 0.0028589183790521571 -0.015402109809327946 0.021592736338435125 0.027991401696389282 0.0034043171312755039 -0.003635290293329168 0.0013373353261596093 0.006225962709469254 0.017422506929766716 0.0059018404528237926 0.013011275922065252 0.086631291754118656 -0.0018730215676538878 -0.0065840883952414386 -0.0014577095364171073 -0.0022649245326770429 0.0042373497125008583 0.0093783817177957116 0.0018594644312985662 0.010679270157648952
leaf_weight=527.93887805193663 862.67495757900178 447.74667508155107 749.55854485370219 470.20342130959034 582.86772844940424 177.56497964262962 2011.5182737410069 79.169768027961254 1957.3702199403197 1241.9940077885985 4205.6351039633155 498.32183328643441 816.78885841369629 229.14404786378145 4783.863209195435 1443.8119330890477 1815.7279661074281 1147.9691359587014 778.99406842142344 304.41290539503098 1398.8335481584072 22.356800187379122 37.873575553297997 430.76270309835672 376.22029839456081 576.90575302392244 9.6133889928460139 266.8527160435915 978.79650061577559 1457.4301597699523
leaf_count=8189 18722 3131 21718 6358 5869 756 14651 336 77160 11353 20536 6387 3448 1921 23296 12475 9784 6689 3741 1262 5962 159 343 3045 1959 2856 67 1705 8404 7367
internal_value=-0.000173277 0.00246384 -0.0225481 0.00338038 -0.00699631 0.00479024 -9.12254e-05 -0.0017422 -0.0256765 -0.000380768 0.0009332 -0.00494686 0.00557991 0.00331792 0.0069662 0.00480413 0.00378817 0.00659967 0.010759 0.0173416 0.00561061 0.00234561 0.0281689 0.0009945 0.00837967 0.00568769 0.0627355 -0.00274142 -0.00225397 0.00818962
internal_weight=30688.9 27454.1 3234.87 25029.7 2424.34 18205.3 2535.11 2357.54 2706.93 6824.46 5582.47 1376.83 15670.1 5955.69 9714.45 5485.49 5256.35 3812.53 1926.96 1121.2 8593.25 1885.57 69.8438 878.509 3809.39 2410.56 31.9702 2278.37 1561.66 1833.65
internal_count=289649 182582 107067 149587 32995 105135 17448 16692 98878 44452 33099 12563 87687 41537 46150 35179 33258 20783 10430 4710 41440 10353 569 6176 18144 12182 226 16356 14273 9326
is_linear=0
shrinkage=0.03


Tree=64
num_leaves=31
num_cat=0
split_feature=8 6 29 27 8 2 2 27 6 12 27 4 29 25 4 27 4 27 25 28 28 27 25 2 6 8 23 28 19 29
split_gain=1965.66 286.01 219.175 137.225 113.744 90.7097 131.51 74.1142 61.308 55.1313 92.302 140.084 66.7042 76.9388 61.6816 49.5553 58.2554 47.2078 73.7208 44.8477 69.017 42.9748 70.4692 43.2303 42.0579 41.5321 41.5554 50.1317 65.4312 43.2161
threshold=0.020595502108335498 0.30132913589477545 -0.091258823871612535 0.095445919781923308 0.55959579348564159 2.5689179897308354 3.4440749883651738 0.96774193644523632 10.37556838989258 1.3280931115150454 0.021863799542188648 1.0000000180025095e-35 0.96633976697921764 0.054420217871665962 1.0000000180025095e-35 0.50824373960495006 1.0000000180025095e-35 0.032795699313282974 0.052633637562394149 0.98802474141120922 0.97112539410591137 0.043727599084377296 0.090892907232046141 1.5007758736610415 0.0072115387301892051 0.77869495749473583 -1.0000000180025095e-35 -0.95244166254997242 0.71208956837654125 -0.57782411575317372
decision_type=2 8 2 2 2 2 2 2 8 2 2 2 2 2 2 2 2 2 2 2 2 2 2 2 8 2 8 2 10 2
left_child=3 2 17 -1 -4 7 8 9 -7 10 11 -3 13 14 19 16 -11 -2 -19 20 -12 -18 -23 -24 -5 26 27 28 -20 -29
right_child=1 5 4 24 -6 6 -8 -9 -10 15 12 -13 -14 -15 -16 -17 21 18 25 -21 -22 22 23 -25 -26 -27 -28 29 -30 -31
leaf_value=-0.027335674406036049 -0.019569055097995527 -0.022812813040342415 -0.018141871927115881 -0.019506355332760072 -0.0031727699924025857 -0.0053385386082511806 0.011186012357128535 -0.020659864945811467 0.0031949629912366145 -0.0040045652307612997 0.023653620790787627 0.03093758884045086 -0.014206505066106719 0.0043008620777152768 -0.0025357714098873606 0.0041517327824941684 0.026371866934196003 0.03059142408166186 0.0095498256067187755 -0.0038195684233903898 0.068869727137151851 -0.0046579915536487885 0.02383038136991537 0.010986081073052963 -0.0056232922590019815 0.0049246416566378461 -0.0069113922038473493 0.0058164813957277363 0.089412402014011322 -0.010197922508111036
leaf_weight=2131.3024204131216 96.625917902216315 232.27397459745407 1123.0276831071824 397.53054239787161 770.53993607126176 2319.1870296597481 765.69972568005323 101.14659579843283 1124.3597043603659 217.30941223353148 176.49409727752209 52.765365153551102 169.83719431608915 13452.284773631021 90.179079741239548 1741.6325921416283 178.01458260416985 76.062732588499784 31.087356958538294 37.470363916829228 36.369115490466356 228.69619376212358 279.98923970758915 1507.2424855530262 389.4300975240767 1260.006666533649 846.23907498642802 486.76140756160021 12.309010161086915 219.09625782258809
leaf_count=83635 2155 3483 24570 9765 8137 18721 3799 762 7381 1348 1555 228 1856 72967 384 9690 788 1080 351 340 247 995 1148 6704 5118 7154 7960 4145 133 2679
internal_value=2.99492e-05 0.00250319 -0.00405251 -0.0233817 -0.0120555 0.00392401 -5.09739e-05 0.00482829 -0.00255213 0.00496951 0.00408244 -0.0127894 0.00442775 0.00465822 0.0187221 0.00801117 0.0107959 0.000954172 0.00163707 0.0263595 0.031665 0.0122631 0.0110048 0.0130105 -0.0126521 0.000855367 -0.00235933 0.00278432 0.0337059 0.00083826
internal_weight=30551 27632.7 4921.76 2918.26 1893.57 22711 4209.25 18501.7 3443.55 18400.6 14247.7 285.039 13962.6 13792.8 340.513 4152.88 2411.25 3028.19 2931.56 250.334 212.863 2193.94 2015.93 1787.23 786.961 2855.5 1595.49 749.254 43.3964 705.858
internal_count=289278 190760 58364 98518 32707 132396 29901 102495 26102 101733 81060 3711 77349 75493 2526 20673 10983 25657 23502 2142 1802 9635 8847 7852 14883 22422 15268 7308 484 6824
is_linear=0
shrinkage=0.03


Tree=65
num_leaves=31
num_cat=0
split_feature=4 11 0 6 3 4 1 1 27 2 6 6 27 1 11 27 25 4 25 27 15 18 28 28 27 11 18 12 23 28
split_gain=1857.04 369.096 157.134 96.6832 91.6658 84.993 64.0309 62.7159 73.4701 86.1397 57.8613 50.4983 76.2072 60.8639 46.4763 44.2701 101.596 41.064 70.7543 76.102 84.53 59.955 47.1402 45.0678 44.9678 42.4979 47.9597 39.797 39.488 43.3901
threshold=-2.4991637468338008 0.30945658683776861 3.5000000000000004 0.19171272218227389 -1.0047447085380552 -2.1398856639862056 12.049646854400637 47.646572113037116 0.76523298025131237 1.3723313808441164 5.0223608016967782 1.5854904651641848 1.0000000180025095e-35 2.4607234001159672 6.0303273200988778 0.048039216548204429 0.051416425034403808 -1.0000000180025095e-35 0.047566007822752006 0.084187224507331862 -0.66110995411872853 5.8065185546875009 -0.99054482579231251 -0.99054482579231251 0.22401433438062671 5.7373628616333017 9.3885650634765643 19.064690589904789 -0.4333107322454452 -0.95754238963127125
decision_type=2 2 2 8 2 2 2 2 2 2 10 8 2 2 2 2 2 2 2 2 10 10 2 2 2 2 10 2 10 2
left_child=4 3 5 -2 -1 -3 -7 8 11 -10 15 12 13 -4 -13 -5 -17 18 22 -20 -21 23 -14 24 -22 26 -19 -8 29 -23
right_child=1 2 7 10 -6 6 27 -9 9 -11 -12 14 17 -15 -16 16 -18 25 19 20 21 28 -24 -25 -26 -27 -28 -29 -30 -31
leaf_value=-0.0099481399652467523 -0.018834523147581526 -0.010590137134429614 -0.031914762972773486 -0.018888409087034083 -0.026606119132532691 0.00145172277888329 -0.0096263911768506571 0.025597048324477834 0.016145605850874455 -0.0019680087287867131 0.043728418303997596 0.0085639896019473905 0.10329055363171147 0.043945129849572342 0.0043421451292369904 0.057950752091992373 -0.0042286197618773202 0.012852353855896668 -0.0091138815313050146 -0.0058151583854246843 -0.021065321993334617 0.048631896611338855 0.017740241034156702 -0.0021035886034200496 0.033332547940116086 0.0025560121910070924 -0.0058802657168202628 0.0070278272851022026 0.0053186467250823412 0.013051411079170549
leaf_weight=344.00712253898382 848.53766267932951 728.03100630268455 84.619025155901909 172.01754989661276 2267.0171739030629 5534.3335445933044 802.54911884665489 122.89001558721066 259.35145208239555 2555.1441655606031 21.064192367717624 4536.5945417229086 5.0843497402966014 9.831121698021887 4869.3610533997416 23.69641050696373 557.43522537872195 1025.7742618098855 590.51532704010606 836.97851622849703 16.803541917353868 31.952892061322927 155.81153442338109 1001.9795760624111 60.973416052758694 1193.7485233917832 139.15991105139256 153.10869555175304 1060.8687778543681 530.15382936224341
leaf_count=5823 20838 9904 1730 3563 88802 30295 8165 525 1125 18103 199 23428 53 44 24214 320 6862 4419 8068 5709 149 257 1867 6431 407 5751 580 849 7296 3717
internal_value=-0.000226425 0.00203586 0.00289259 -0.0118455 -0.024416 -0.000877819 0.000213148 0.00431835 0.00417912 -0.000293725 -0.00417102 0.00495858 0.00297681 -0.023641 0.00637908 -0.00556688 -0.00159798 0.00335837 0.00160987 0.000847069 0.00251092 0.00509052 0.021065 -0.000387841 0.0214618 0.00653735 0.0106115 -0.00695361 0.00873324 0.0151568
internal_weight=30539.4 27928.4 26305.6 1622.75 2611.02 7218.02 6489.99 19087.6 18964.7 2814.5 774.213 16150.2 6744.25 94.4501 9405.96 753.149 581.132 6649.8 4291.12 4130.23 3539.71 2702.73 160.896 1079.76 77.777 2358.68 1164.93 955.658 1622.98 562.107
internal_count=289493 194868 163086 31782 94625 49213 39309 113873 113348 19228 10944 94120 46478 1774 47642 10745 7182 44704 33954 32034 23966 18257 1920 6987 556 10750 4999 9014 11270 3974
is_linear=0
shrinkage=0.03


Tree=66
num_leaves=31
num_cat=0
split_feature=4 11 8 6 3 4 1 5 6 2 29 29 23 4 18 11 5 4 3 29 12 28 19 5 11 28 18 29 21 23
split_gain=1780.75 355.32 122.47 112.483 108.508 105.969 87.1266 62.0186 53.3677 53.344 52.5612 47.8704 44.6524 43.6651 47.8589 42.0993 41.897 47.2295 49.4181 41.7447 38.7809 43.0554 42.8846 38.2704 37.9964 46.761 64.9816 41.7438 32.5388 59.7377
threshold=-2.4991637468338008 0.19313496351242068 0.45253856480121618 0.66876727342605602 -1.0047447085380552 3.6864726543426518 47.646572113037116 5.0672674179077157 0.55974081158638012 2.6367893218994145 -0.091258823871612535 -0.52034142613410939 0.050514711067080505 13.097260475158693 1.9287567138671877 0.65438815951347362 1.2675762176513674 1.0000000180025095e-35 0.0073359305970370778 0.19969739764928821 -3.2541849613189693 -0.95244166254997242 0.41401547193527227 -1.0000000180025095e-35 0.038133142516016967 0.71503382921218883 16.734573364257816 -0.84313312172889698 -0.12035050988197325 -0.4433834701776504
decision_type=2 2 2 8 2 2 2 8 8 2 2 2 10 2 10 2 8 2 2 2 2 2 10 10 2 2 8 2 10 10
left_child=4 8 3 10 15 16 7 13 11 -9 12 24 20 28 -15 -1 -4 18 -18 -19 21 22 -3 -6 25 27 -27 -2 29 -7
right_child=1 2 5 -5 23 6 -8 9 -10 -11 -12 -13 -14 14 -16 -17 17 19 -20 -21 -22 -23 -24 -25 -26 26 -28 -29 -30 -31
leaf_value=-0.017633052099158667 0.07119163218165836 3.0468371905163824e-05 0.0043994013348782552 0.003955585542729163 -0.01976693216400181 -0.0076403752635568582 0.02164386827934207 0.0089432361199908838 -0.0033885876430333286 0.00095618557305557719 -0.012048419987117325 -0.020843849820787699 -0.0075581854453161817 0.0054941309129691229 -0.0092755953762756783 0.0036062595621975586 0.0068650520758761872 0.0081640000302896087 -0.0085111713467640564 0.017143535904943843 -0.0024867345730042035 0.0078924085838716455 0.094273394015550432 -0.028844608490167529 -0.0097898527682556552 0.13705073060252806 -0.012834103516238704 -0.029136392711590051 0.0026685601447257431 0.0022462893687450469
leaf_weight=188.78077487647533 4.2412054687738445 7.3361559733748463 9737.2970468811691 1815.7626441121101 575.27545169182122 1029.5989017412066 182.89247231185436 1264.6068523824215 295.35332586802542 1857.2711667269468 820.6047664321959 738.68019209429622 904.01157119125128 249.24535305798054 938.87000646442175 150.16113985702395 639.48210737854242 1940.2788806855679 265.39338535070419 614.3959434479475 590.99130756594241 273.55683320201933 9.6623491849750263 1639.9579644314945 72.104778869077563 5.7692711278796169 3.9723833855241546 11.965717604383828 2424.1594609245658 1178.8550971001387
leaf_count=3860 73 67 51949 12745 18464 6304 778 6536 4385 12194 14718 18054 8643 2118 7522 1953 3228 8203 1757 2563 6567 1976 86 70531 1510 131 115 300 14833 7250
internal_value=-0.000108603 0.00208844 0.00278549 -0.00177545 -0.0240787 0.00368903 0.00120314 0.000782717 -0.0143664 0.0041934 -0.00576836 -0.0182328 -0.00287705 -0.00104697 -0.00617516 -0.00824049 0.00540777 0.00824386 0.0023509 0.0103294 0.00192649 0.0108808 0.0558619 -0.0264972 0.0014496 0.0318857 0.0804269 -0.000269907 0.000269297 -0.00236432
internal_weight=30430.5 27876.4 26744.3 4421.93 2554.18 22322.3 9125.5 8942.61 1132.09 3121.88 2606.16 836.734 1785.56 5820.73 1188.12 338.942 13196.8 3459.55 904.875 2554.67 881.547 290.555 16.9985 2215.23 98.0534 25.9486 9.74165 16.2069 4632.61 2208.45
internal_count=289413 194605 170037 44802 94808 125235 57535 56757 24568 18730 32057 20183 17339 38027 9640 5813 67700 15751 4985 10766 8696 2129 153 88995 2129 619 246 373 28387 13554
is_linear=0
shrinkage=0.03


Tree=67
num_leaves=31
num_cat=0
split_feature=4 11 0 8 27 4 27 4 8 27 25 4 29 29 25 27 27 25 27 4 0 27 29 28 17 28 4 28 14 17
split_gain=1709.8 324.978 154.394 104.761 95.0194 61.6155 55.8399 89.2248 58.9496 101.383 61.685 49.3802 61.5419 105.752 88.2395 68.8616 66.9725 55.0656 48.3944 47.3437 47.3367 46.3995 46.2416 75.1163 83.3818 67.4621 63.8183 77.2075 65.4721 53.3106
threshold=-2.4991637468338008 0.17797981202602389 3.5000000000000004 0.22827085107564929 0.095445919781923308 5.9268412590026864 0.80878135561943065 1.0000000180025095e-35 0.55959579348564159 0.051391525194048888 0.080476280301809325 26.225284576416019 -0.92272481322288502 -0.87810534238815297 0.18543857336044314 0.92903226613998424 0.83602148294448864 0.10506675764918329 0.15304660052061084 -0.99641442298889149 4.5000000000000009 0.85250896215438854 0.47369650006294256 -0.17647087574005124 0.66806417703628551 0.022575936280190948 1.0000000180025095e-35 -0.95754238963127125 -0.13076069205999372 1.1584274768829348
decision_type=2 2 2 2 2 2 2 2 2 2 2 2 2 2 2 2 2 2 2 2 2 2 2 2 10 2 2 2 10 10
left_child=4 20 3 19 -1 -5 8 21 9 -4 -11 12 -9 15 -15 16 -14 -18 -12 -3 -2 -8 25 24 -24 26 27 28 -20 -27
right_child=1 2 6 5 -6 -7 7 11 -10 10 18 -13 13 14 -16 -17 17 -19 22 -21 -22 -23 23 -25 -26 29 -28 -29 -30 -31
leaf_value=-0.027293790487730115 -0.023009826716441993 -0.015172927068088121 -0.01300964128878637 0.0016688319770469906 -0.013527184328320577 -0.0052413189130025226 -0.0013745605470878934 -0.010683145986304574 0.0054930161568896166 0.021411524249050625 -0.0056148388213207411 0.0084050718577380768 -0.033291331494147862 0.0032810403360475195 -0.017052894360124336 -0.0065486958269727032 0.10415094105176613 0.029899061104033738 -0.0054965762827942797 0.0047722688738617066 -0.0096754454786787732 0.033384758850161102 0.021267955461413333 -0.012312564979605183 0.092289153764088611 0.010711776430153256 0.0099716649777397397 -0.0098151029745728643 0.028915152237483796 -0.011588681745846241
leaf_weight=1891.9248898886144 371.21688355319202 619.79337229765952 401.47749472036958 5104.8399412389845 596.71263315528631 1502.2531166896224 52.164186801761389 733.96450008451939 13509.312311761081 154.18283219449222 599.94903915002942 341.66573680192232 13.366697974503039 505.66095688939095 308.46297864615917 68.720674887299538 8.8558463230729085 139.46573209762573 102.41497035697103 128.94858935475349 680.78005996532738 100.99036613106728 73.787956621497869 41.454485721886158 17.970736131072044 958.63666788861156 315.51942347735167 773.25788316503167 95.29904293641448 106.44009610638022
leaf_count=81361 8998 9239 8061 28513 13186 13214 228 5878 68912 1925 7808 1798 103 3668 2252 546 64 936 846 697 14413 421 662 349 162 6291 1412 5269 767 775
internal_value=-0.000180788 0.00194988 0.00259262 -0.00110881 -0.0239997 9.71173e-05 0.00399441 -0.000423511 0.00458002 0.00119137 0.00295512 -0.00202485 -0.00403214 0.000647095 -0.00443474 0.0185448 0.0291847 0.0350002 0.00202598 -0.0117362 -0.0143981 0.0216137 0.00387237 0.0210013 0.0360223 0.00289352 -0.00172982 -0.00553858 0.0111521 0.00847437
internal_weight=30319.5 27830.9 26778.9 7355.84 2488.64 6607.09 19423 2273.32 17149.7 3640.39 3238.91 2120.16 1778.5 1044.53 814.124 230.409 161.688 148.322 3084.73 748.742 1052 153.155 2484.78 133.213 91.7587 2351.57 1286.49 970.972 197.714 1065.08
internal_count=288754 194207 170796 51663 94547 41727 119133 15894 103239 34327 26266 15245 13447 7569 5920 1649 1103 1000 24341 9936 23411 649 16533 1173 824 15360 8294 6882 1613 7066
is_linear=0
shrinkage=0.03


Tree=68
num_leaves=31
num_cat=0
split_feature=8 8 6 29 25 0 1 1 3 6 3 3 5 29 1 1 8 4 28 12 15 1 29 29 0 18 4 18 8 3
split_gain=1662.38 236.492 158.824 133.128 116.602 103.527 91.286 64.2816 49.7206 45.1355 42.659 40.5519 37.847 51.7763 53.9251 43.0352 59.5384 52.3401 41.6628 35.8782 34.0845 46.9451 36.1425 38.4832 33.1621 31.6565 31.027 30.4744 30.3149 30.1489
threshold=0.017630502581596378 0.35794498026371008 0.33021892607212072 -0.091258823871612535 0.15152733027935031 7.5000000000000009 12.963003635406496 32.497514724731452 0.46610327064991003 0.002777777961455286 1.2932864427566531 -1.1406902670860288 1.3844991922378542 0.90803977847099315 2.4607234001159672 4.2039761543273935 0.93729010224342357 -1.0000000180025095e-35 -0.33425341546535486 -2.2151319980621333 -0.6997176706790923 2.4607234001159672 -0.66527268290519703 -0.59867820143699635 2.5000000000000004 5.3494720458984384 3.3324770927429204 2.4785766601562504 5.108356475830079 -0.25294324755668635
decision_type=2 2 8 2 2 2 2 2 2 8 2 2 8 2 2 2 2 2 2 2 8 2 2 2 2 10 2 10 2 2
left_child=4 2 3 -2 9 6 12 8 -8 -1 11 -7 13 15 -15 16 17 18 -3 -4 21 -13 26 -24 -10 -18 -22 -23 -17 -11
right_child=1 5 19 -5 -6 10 7 -9 24 29 -12 20 -14 14 -16 28 25 -19 -20 -21 22 27 23 -25 -26 -27 -28 -29 -30 -31
leaf_value=-0.028864276338282462 -0.0035678659047737498 -0.0071566481874258056 0.0068234054597898245 -0.018590975283048677 -0.010201889427388491 0.013566135371181795 0.00081925453862827691 0.0070378109673541701 -0.018075428882694963 -0.011911200473780045 0.013945364016578411 -0.00032043546423293621 0.0058132377680330284 -0.016405971912538026 0.006778461621148789 0.001237665583213334 0.0035015991835500417 0.010996581199730179 0.0015641525441096402 -0.00150589702996518 0.004492020030771684 0.0036771846344502051 0.017265197683468736 0.0048289844353286713 -0.0066254898093638086 0.0085985993582524314 -0.0025671471601073585 0.014483319733376651 -0.005433347567414845 -0.025554688136704307
leaf_weight=1500.0011309999973 1216.602818114683 791.95219546556473 746.19659913890064 941.69460560195148 521.20406254194677 520.4969484359026 665.42684352397919 424.82342356443405 296.26564005017281 284.90172532573342 585.82720516622066 394.38991469331086 3027.4872382488102 265.09783260896802 135.97181048244238 2627.3351929858327 2355.5679570548236 336.41577325761318 1302.8156446777284 1233.5202531665564 1075.8980679027736 321.14009940624237 246.93640754744411 2338.4116112664342 983.29861853271723 2054.9201827291399 1167.3609391599894 881.95143333077431 798.59133991599083 304.56365060061216
leaf_count=68320 14813 6057 4586 22828 9314 2828 6418 2010 3138 7754 2532 2724 15247 3489 588 14170 11600 1385 10086 12063 4965 1823 1355 13707 7082 11379 7006 4265 4620 11466
internal_value=-4.11159e-05 0.00211336 -0.00450119 -0.0101282 -0.0229228 0.00327337 0.00191259 -0.00352277 -0.00583183 -0.0260895 0.00617514 0.00551794 0.00285325 0.00201282 -0.00854861 0.00242616 0.00380037 3.07981e-05 -0.00173469 0.00163545 0.00486405 0.00866193 0.00360604 0.00602303 -0.00928861 0.00587779 0.00081902 0.0116043 -0.000318495 -0.0189918
internal_weight=30347.1 27736.4 4138.01 2158.3 2610.67 23598.4 16066 2369.81 1944.99 2089.47 7532.41 6946.59 13696.2 10668.7 401.07 10267.6 6841.67 2431.18 2094.77 1979.72 6426.09 1597.48 4828.61 2585.35 1279.56 4410.49 2243.26 1203.09 3425.93 589.465
internal_count=289618 192764 54290 37641 96854 138474 97269 18648 16638 87540 41205 38673 78621 63374 4077 59297 40507 17528 16143 16649 35845 8812 27033 15062 10220 22979 11971 6088 18790 19220
is_linear=0
shrinkage=0.03


Tree=69
num_leaves=31
num_cat=0
split_feature=8 11 0 6 4 29 4 17 6 4 4 5 6 20 28 11 25 15 8 4 29 13 29 21 4 18 5 13 30 28
split_gain=1611.84 314.936 134.793 107.391 78.0581 98.2809 93.1696 59.222 57.0637 51.3911 54.8281 53.2064 44.8075 44.2435 41.2507 47.9915 37.68 36.548 34.315 42.0401 38.955 34.4895 32.9635 32.7857 32.4923 55.5705 47.8398 31.5278 30.9655 48.4951
threshold=0.017630502581596378 0.17797981202602389 3.5000000000000004 0.00082644636859186005 -1.4806742668151853 -0.15950992703437802 2.9862594604492192 -0.19350314140319821 0.55974081158638012 40.890956878662116 13.097260475158693 1.7219364643096926 10.37556838989258 1.7292617559432986 -0.31799228489398951 0.81721267104148876 0.13167601823806765 -0.67889520525932301 0.45253856480121618 1.2065591812133791 0.94353348016738903 -1.0232886075973509 -0.33426210284233088 0.70196190476417553 -0.41782200336456293 7.0401153564453134 -1.4414947032928465 -0.68428218364715565 1.5000000000000002 -0.94705909490585316
decision_type=2 2 2 8 2 2 2 8 8 2 2 8 8 10 2 2 2 8 2 2 2 10 2 10 2 8 10 10 2 2
left_child=3 8 4 -1 5 13 24 -8 22 10 11 18 -12 14 -3 -16 -5 -13 20 21 28 -20 -2 27 25 26 -6 -17 29 -4
right_child=1 2 9 16 6 -7 7 -9 -10 -11 12 17 -14 -15 15 23 -18 -19 19 -21 -22 -23 -24 -25 -26 -27 -28 -29 -30 -31
leaf_value=-0.027863732963629966 -0.004299230902486414 -0.012451698257860031 0.012330373692767894 -0.020163660761893083 0.010337065838733226 -0.017409244849847141 0.0035069871710038682 -0.0066758447888218449 -0.002071785003072979 0.019767886294356121 -0.0050267130762003285 0.010891827932285412 0.0039122993861030447 0.027867068101922719 -0.013769731452773312 0.026598678378107303 -0.0083429631386984174 0.0053001853031159913 0.00024662428044313885 0.0016666898862864213 -0.020624457944300255 0.0067834570722720431 -0.021302977597942779 -0.0067903903581811283 0.006114496748829315 0.009674118774149025 -0.008637400309533529 0.0055149141378139218 0.0039921561535486193 -0.0059462128867847569
leaf_weight=1552.9069797415286 123.01271994225681 280.6278822850436 152.79694021306932 583.80287749506533 148.69642959535122 523.68389618955553 728.31504947692156 1741.8613026738167 251.95552129857242 181.22209103405476 1093.4946368485689 1413.8523187860847 935.54320193827152 43.374977165833116 150.95188662596047 78.961157010868192 418.75251433067024 4123.5700616315007 868.69998447969556 4093.991612829268 79.872408712282777 4437.0326419454068 635.7983663212508 147.11149764433503 2214.0174429789186 347.76355610787868 595.22187972813845 320.75481378287077 1135.011067410931 868.98399696685374
leaf_count=69368 2631 2196 1732 20652 694 8633 5143 13101 3732 779 7939 7355 5539 328 2071 565 6751 21740 4836 21465 1619 24724 16811 1116 9471 1940 3497 2434 11121 9382
internal_value=-0.000125745 0.00197656 0.00259891 -0.0229189 -0.000869028 -0.00685515 0.000733604 -0.0036733 -0.0144529 0.00390873 0.00375804 0.00430902 -0.000905241 -0.00143423 -0.00276035 0.00114949 -0.0152396 0.00672959 0.00315666 0.00395127 -0.000183027 0.00571344 -0.0185557 0.00528556 0.00402677 -0.000209032 -0.00483595 0.00973585 0.000583187 -0.00320375
internal_weight=30271.6 27716.2 26705.4 2555.46 7321.34 1545.47 5775.88 2470.18 1010.77 19384.1 19202.8 17173.8 2029.04 1021.78 978.407 697.779 1002.56 5537.42 11636.4 9399.72 2236.66 5305.73 758.811 546.827 3305.7 1091.68 743.918 399.716 2156.79 1021.78
internal_count=289365 192594 169420 96771 51189 17343 33846 18244 23174 118231 117452 103974 13478 8710 8382 6186 27403 29095 74879 51025 23854 29560 19442 4115 15602 6131 4191 2999 22235 11114
is_linear=0
shrinkage=0.03


Tree=70
num_leaves=31
num_cat=0
split_feature=4 11 0 27 8 6 6 4 5 4 27 4 29 4 27 27 21 27 23 28 17 18 29 29 28 28 27 29 8 14
split_gain=1534.26 303.934 136.145 98.3158 97.2165 72.8328 67.9481 63.8409 59.0009 52.4995 51.3336 59.3331 72.758 49.165 162.887 111.983 76.284 73.6845 67.8916 72.3975 69.1249 65.3858 56.9862 56.652 51.2066 50.1528 48.1957 47.313 43.0922 43.0757
threshold=-2.4991637468338008 0.23672325164079669 4.5000000000000009 0.051391525194048888 0.31718172132968908 0.17242455482482913 0.0077519384212791928 10.336588382720949 23.231354713439945 -1.0304957032203672 0.76523298025131237 1.0000000180025095e-35 -0.26867066323757166 1.0000000180025095e-35 0.043727599084377296 0.1637992858886719 0.85324707627296459 0.56827956438064586 -0.37055964767932886 -0.97876849770545948 0.74570298194885265 7.6501007080078134 0.011826144531369211 -0.90161547064781178 0.76140651106834423 -0.99275806546211232 1.0000000180025095e-35 0.96407344937324535 16.261897087097172 1.0000000180025095e-35
decision_type=2 2 2 2 2 8 8 2 10 2 2 2 2 2 2 2 10 2 8 2 10 10 2 2 2 2 2 2 2 10
left_child=3 5 4 -1 9 -2 -5 -6 10 -3 13 12 -12 14 26 24 -17 18 19 22 29 -19 25 -23 -15 -16 -4 -7 -9 -21
right_child=1 2 8 6 7 27 -8 28 -10 -11 11 -13 -14 15 17 16 -18 21 -20 20 -22 23 -24 -25 -26 -27 -28 -29 -30 -31
leaf_value=-0.028491962909126721 -0.019251029898531963 -0.011232143545484572 -0.032124431424861447 -0.021353516481794975 0.0019936111147839872 -0.0015962332750423754 -0.0041765352552063434 -0.0075525401060021948 0.025574120319198392 0.0043061050051133795 0.024804173468283744 -0.0011595475305036958 -0.029720508670318762 0.020079250051559118 -0.010390051087572221 0.0035688748967449713 0.011363813008372508 0.0072681609130845481 -0.00013382308728473408 0.0019346921248358201 -0.0041509894869948671 0.036516434824085918 0.047054000468149886 0.0045950504116644758 0.0045086853014678413 0.036391998489870299 -0.0090023129631812606 -0.026964354088966885 0.010553502652894019 0.013995326829372072
leaf_weight=1373.6574780829251 663.4217582847923 967.91987505927682 103.52450240030885 659.00418673455715 7479.1060389410704 523.15432573482394 302.98626462556422 1047.3563644215465 115.50990675389767 244.65919514000416 150.11906368285418 2276.0310435593128 24.915479727089405 709.40156924724579 46.579699559137225 5910.7195492088795 1396.5708566382527 614.77179694920778 2852.5628993008286 426.15789910592139 472.96062669530511 152.56581063568592 68.984665876254439 74.694350153207779 260.48460185527802 35.54689290560782 369.08799713663757 74.774373039603233 132.46825736016035 712.11945374682546
leaf_count=64792 18180 13243 2114 23841 41993 7945 6089 10029 511 1292 625 15729 127 3012 355 27838 6400 2892 20315 3146 3320 700 424 362 1076 231 5765 1377 779 5111
internal_value=1.47501e-05 0.00196995 0.00265132 -0.0233367 -0.000144035 -0.0124139 -0.0159534 0.000970357 0.00429636 -0.00809606 0.00414729 0.000137776 0.0169181 0.00483898 0.00275316 0.0063327 0.00506 0.0042172 0.0027267 0.00735423 0.00548266 0.0123732 0.0271427 0.0260908 0.0159064 0.0100528 -0.0141243 -0.00480838 -0.00551242 0.00948563
internal_weight=30241.8 27906.2 26644.8 2335.65 9871.51 1261.35 961.99 8658.93 16773.3 1212.58 16657.8 2451.07 175.035 14206.7 5929.56 8277.18 7307.29 5456.94 4614.91 1762.35 1611.24 842.032 151.111 227.26 969.886 82.1266 472.612 597.929 1179.82 1138.28
internal_count=289613 194891 167389 94722 67336 27502 29930 52801 100053 14535 99542 16481 752 83061 44735 38326 34238 36856 32902 12587 11577 3954 1010 1062 4088 586 7879 9322 10808 8257
is_linear=0
shrinkage=0.03


Tree=71
num_leaves=31
num_cat=0
split_feature=1 6 8 29 27 27 4 0 4 2 29 27 29 25 29 6 27 27 25 21 17 23 19 29 27 25 29 29 5 19
split_gain=1461.89 236.13 165.042 137.54 105.045 85.2669 128.393 71.7167 73.6407 68.3673 83.618 100.657 96.5274 80.638 42.5016 41.4006 41.9944 38.9866 50.2813 48.3121 38.8983 38.8969 37.4766 54.9101 40.9157 37.3361 40.9639 67.9603 37.2792 37.0923
threshold=0.00077572476584464322 0.31092302501201635 0.35794498026371008 -0.091258823871612535 0.095445919781923308 0.86881721019744884 1.0000000180025095e-35 7.5000000000000009 9.678965091705324 3.4440749883651738 -0.92272481322288502 0.92903226613998424 -0.83375966548919667 0.10001846030354501 -0.59867820143699635 11.893356323242189 0.85250896215438854 0.030834914185106758 0.050283916294574744 0.10615660995244981 -1.2427975535392759 0.36458465456962591 -0.2881519198417663 -0.88620507717132557 0.32795698940753942 0.12457146495580675 -0.69055965542793263 -0.57782411575317372 1.5082376003265383 1.9032397270202639
decision_type=2 8 2 2 2 2 2 2 2 2 2 2 2 2 2 10 2 2 2 10 10 10 10 2 2 2 2 2 10 10
left_child=4 2 3 17 -1 7 -7 8 28 10 -8 12 13 -12 22 16 -10 -2 -19 29 -15 -18 -6 -24 -25 26 -14 -28 -3 -20
right_child=1 5 -4 -5 14 6 9 -9 15 -11 11 -13 25 20 -16 -17 21 18 19 -21 -22 -23 23 24 -26 -27 27 -29 -30 -31
leaf_value=-0.026818198575848766 -0.025305833497221139 0.0023389162750537236 0.00076389904880685196 -0.018899213935275525 -0.01901283058057858 0.0296984272924335 -0.015305699291157583 0.0059932967229470776 -0.0062125859663949507 0.0077315978136095094 0.085459684234646879 -0.013628403320627704 -0.016297643023414656 0.054323169651635674 -0.016307510899593754 0.0052518560483281332 0.0024067773933369768 0.030672752798866283 0.0015532192319193522 -0.0092153174890540202 0.012661321993987937 0.058463759704355571 -0.0086046716930663313 0.0090041346546773197 0.068710266938819806 -0.017059395363476056 0.078387083083863815 -0.017491576714920021 0.0063871718768218075 0.043930223161981155
leaf_weight=1715.9830011148006 70.099740887060761 8943.9889099001884 2828.8343467675149 936.17825365625322 43.4336828738451 98.285618260502815 710.34643916040659 7628.549395672977 1486.9610141962767 286.85130104422569 18.015375711023808 258.80838848650455 20.02426066249609 23.324918940663338 434.96406847983599 425.58007664233446 32.117250986397266 38.91714527271688 509.57864946126938 624.91396546177566 124.96698151528835 16.131242029368877 43.170043103396893 20.778603227809072 20.249237310141325 95.910762205719948 15.309284344315531 10.71869085729122 2654.991033770144 18.297563262283802
leaf_count=81388 2096 49635 21529 23559 620 405 6118 43730 11891 1484 122 2159 174 160 11272 2594 258 751 6033 7222 925 128 619 372 197 818 107 87 12831 183
internal_value=-3.05969e-05 0.00185812 -0.00402805 -0.0101929 -0.0231291 0.0031531 -0.0033875 0.00366645 0.00235705 -0.00548398 -0.00845532 0.000137593 0.0117015 0.0271438 -0.0118493 -0.00301892 -0.00531361 -0.00372351 -0.00243382 -0.00357709 0.0195343 0.0219552 0.00335267 0.0149777 0.0394057 -0.0064522 0.0155319 0.0397166 0.00326603 0.0031024
internal_weight=30156.3 27877.7 5026.82 2197.99 2278.58 22850.9 1662.56 21188.3 13559.8 1564.28 1277.43 567.079 308.27 166.307 562.596 1960.79 1535.21 1261.81 1191.71 1152.79 148.292 48.2485 127.632 84.1979 41.0278 141.963 46.0522 26.028 11599 527.876
internal_count=289467 194999 61373 39844 94468 133626 12559 121067 77337 12154 10670 4552 2393 1207 13080 14871 12277 16285 14189 13438 1085 386 1808 1188 569 1186 368 194 62466 6216
is_linear=0
shrinkage=0.03


Tree=72
num_leaves=31
num_cat=0
split_feature=8 11 6 0 8 1 8 6 6 25 5 2 8 1 18 5 29 23 8 28 23 29 22 19 25 21 23 11 29 28
split_gain=1431.84 283.692 121.364 116.453 86.0268 67.4327 70.5159 48.7046 47.1403 43.7738 37.1135 43.9122 50.0552 36.8064 40.1384 35.6117 35.1659 35.4395 32.6792 32.5068 32.1591 31.3539 38.7623 31.5265 30.4305 29.7075 29.3746 28.3318 27.9261 31.2975
threshold=0.019133803434669975 0.17797981202602389 0.0032432435546070342 6.5000000000000009 0.31718172132968908 12.277964591979982 18.712434768676761 0.33021892607212072 0.38040582835674291 0.15152733027935031 1.2675762176513674 1.6496978402137759 0.81679067015647899 2.1653846502304082 5.9402618408203134 23.231354713439945 -0.091258823871612535 0.050514711067080505 5.7881591320037851 -0.99054482579231251 1.1759706139564516 -0.10837475582957266 0.44523902237415319 1.7464056015014651 0.22371011972427371 0.75195860862731945 -0.5254627764225005 6.2267231941223153 -0.61236745119094838 0.71503382921218883
decision_type=2 2 8 2 2 2 2 10 8 2 8 2 2 2 10 10 2 10 2 2 10 2 10 10 2 10 10 2 2 2
left_child=2 8 24 4 7 10 26 16 28 -4 11 12 13 14 -6 19 17 -3 25 21 -14 22 -5 -23 -1 -13 -7 -12 29 -2
right_child=1 3 9 15 5 6 -8 -9 -10 -11 27 18 20 -15 -16 -17 -18 -19 -20 -21 -22 23 -24 -25 -26 -27 -28 -29 -30 -31
leaf_value=-0.028149094213817671 -0.0095555532888005439 0.00097947760123479445 -0.018362129974324248 0.014639394170146293 -0.0088493111111653065 -0.010032720240104983 0.017300665084136361 0.00067400128390198864 -0.0043558826984643742 -0.0045559982504340115 0.0082298690366654007 -0.001909931520423528 0.0056985046495627118 0.0079352364398354008 0.00096093596322637193 0.024704640604197046 -0.017695919093342415 -0.012592730983015771 -0.008516494727310869 0.0040662536863387564 -0.0020724761200256719 0.0061930376610554137 0.054679793851875977 0.032482882399311956 -0.0090900899215697068 0.0064856395121551703 -0.0022819208944967347 0.0019530572250338384 -0.020594267675440654 0.044995396306456076
leaf_weight=1479.936112428084 47.102944850921631 341.44441493973136 558.01260721683502 92.530139550566673 647.49978504143655 677.83429216593504 135.58712767809629 653.0313060823828 301.72393580898643 329.25863016583025 1476.3102313969284 1807.0550464466214 3638.7479183394462 324.289032317698 890.75699947960675 78.252332761883736 339.17065539211035 350.02626993320882 513.59324953705072 10569.427145596594 551.45009507425129 675.31682780012488 27.981189876794815 42.805476106703281 80.698927864432335 479.03069461137056 1253.5414493903518 1153.2037670984864 602.1850617825985 10.785247553139923
leaf_count=72232 951 4028 19295 475 5076 5851 744 4831 4574 4631 6972 9726 18981 1377 7216 347 7573 3868 2975 63070 2877 3497 135 214 1560 2542 10577 6158 16912 266
internal_value=-0.000144462 0.0018007 -0.0221319 0.00237713 0.000657189 0.00145205 -0.00353501 -0.00573629 -0.0141984 -0.0132497 0.00235004 0.00142014 0.002857 -0.00123453 -0.00317157 0.00465777 -0.00979468 -0.00589911 -0.00168619 0.0045181 0.00467556 0.0102012 0.0243098 0.0078031 -0.02717 -0.000148641 -0.00500592 0.00547889 -0.018684 0.00119942
internal_weight=30128.6 27680.7 2447.91 26718.9 15232.6 13548.9 2066.96 1683.67 961.797 887.271 11481.9 8852.42 6052.74 1862.55 1538.26 11486.3 1030.64 691.471 2799.68 11408.1 4190.2 838.634 120.511 718.122 1560.64 2286.09 1931.38 2629.51 660.073 57.8882
internal_count=289531 191813 97718 169110 101372 81072 17172 20300 22703 23926 63900 50770 35527 13669 12292 67738 15469 7896 15243 67391 21858 4321 610 3711 73792 12268 16428 13130 18129 1217
is_linear=0
shrinkage=0.03


Tree=73
num_leaves=31
num_cat=0
split_feature=8 8 27 0 27 1 4 29 17 29 3 28 12 22 8 5 27 12 27 4 4 28 8 30 4 4 4 8 17 27
split_gain=1332.93 224.809 119.626 88.6049 83.8731 80.5414 67.5714 129.979 55.3193 48.255 46.9187 45.8422 62.829 49.2933 45.6337 45.4998 41.2201 40.9017 38.0451 76.1772 37.1457 34.9941 34.6346 34.4948 33.8252 47.7903 33.7091 40.2871 43.0688 32.5069
threshold=0.0072318431921303281 0.19098699092864993 0.1037634424865246 7.5000000000000009 0.095445919781923308 10.098626136779787 -1.3775961995124815 0.19969739764928821 0.081307500600814833 0.51849433779716503 1.638525187969208 0.022575936280190948 -0.66409820318222035 0.7801274061203004 2.1028304100036626 -0.16205586493015287 0.94551971554756176 1.6229605078697207 0.022875817492604259 1.0000000180025095e-35 1.0000000180025095e-35 -0.88622298836708058 24.131349563598636 1.0000000180025095e-35 1.4796272516250613 1.0000000180025095e-35 1.0880358219146731 3.7269670963287358 -0.52855846285819996 0.76523298025131237
decision_type=2 2 2 2 2 2 2 2 8 2 2 2 2 10 2 10 2 2 2 2 2 2 2 2 2 2 2 2 8 2
left_child=4 2 9 5 -1 6 7 11 -7 -2 18 13 -13 -3 -9 -4 17 26 19 -5 -18 -19 -10 -14 25 -23 -8 28 -28 -20
right_child=1 3 15 10 -6 8 16 14 22 -11 -12 12 23 -15 -16 -17 20 21 29 -21 -22 24 -24 -25 -26 -27 27 -29 -30 -31
leaf_value=-0.027117756240689156 -0.0086012054821276423 0.00090279542034003022 0.0035114153901708704 -0.022178363689855436 -0.012996459991399078 0.0016768174388528388 0.0043264776517247059 -0.014044604304729995 -0.0067538734773664637 -0.021776201376317701 0.017339053265867238 0.010743860375271313 -0.012229624891292678 -0.015047624179977502 0.0034864084451568102 -0.006323063377470608 0.034078687004082953 0.01437319745036739 0.0057200304180924314 0.030566744628529721 -0.020950338809535403 -0.0082655472873954562 0.018734692942405907 0.0036691440420840269 0.0028047118410740196 0.016400008861493003 0.0099069461968398723 -0.00416534468148379 0.0004601264265584273 0.0004290305239034496
leaf_weight=1528.8380152825266 528.13193745724857 773.99064538627863 777.81760523095727 112.00584215857089 506.95338284038007 1374.8837004229426 4423.9783882908523 771.78361308760941 1959.3987460955977 478.22646905481815 267.18971563875675 854.72357502020895 199.91203347966075 224.0495477616787 161.1498297881335 926.94736064225435 11.524303093552588 471.52774278074503 6426.1190951615572 30.583711579442024 97.575367107987404 85.286844059824944 48.24473612755537 315.15228968113661 1367.5734050869942 397.68452744185925 559.80933029949665 1166.3570517897606 1926.5767585560679 1248.1925635039806
leaf_count=76394 13698 5277 5756 1916 11709 10278 21149 12524 15567 15047 1133 5589 2081 1570 1758 12007 47 2202 34509 146 721 478 256 3243 6668 1650 2618 5851 9153 8195
internal_value=-0.000178038 0.00152719 -0.00668097 0.00240786 -0.0236094 0.00118968 0.00220598 -0.00153803 -0.00295863 -0.0148774 0.00499791 0.00219936 0.0057607 -0.00268938 -0.0110159 -0.00183655 0.00338209 0.00357511 0.00457391 -0.0107311 -0.0148808 0.00708347 -0.00613235 -0.00251339 0.00521925 0.0120363 0.00256569 0.000432541 0.0025902 0.00485964
internal_weight=30022.2 27986.4 2711.12 25275.3 2035.79 17191.2 13808.7 3300.76 3382.53 1006.36 8084.09 2367.83 1369.79 998.04 932.933 1704.76 10507.9 10398.8 7816.9 142.59 109.1 2322.07 2007.64 515.064 1850.54 482.971 8076.72 3652.74 2486.39 7674.31
internal_count=289190 201087 46508 154579 88103 108680 82579 32042 26101 28745 45899 17760 10913 6847 14282 17763 50537 49769 44766 2062 768 10998 15823 5324 8796 2128 38771 17622 11771 42704
is_linear=0
shrinkage=0.03


Tree=74
num_leaves=31
num_cat=0
split_feature=4 11 0 8 3 4 11 6 17 12 11 3 3 27 25 27 27 15 29 28 19 28 5 3 17 29 27 27 27 6
split_gain=1313.53 260.613 116.245 104.864 100.094 78.1718 65.7277 55.0815 55.0604 46.6295 90.1606 45.917 53.1284 88.7839 55.8476 50.0553 44.6691 49.3188 41.8552 70.1417 66.985 40.8169 38.8873 35.8069 35.7524 54.2063 37.4384 34.7082 33.0693 32.4817
threshold=-2.4991637468338008 0.19313496351242068 7.5000000000000009 0.31718172132968908 -0.7895296812057494 4.0669875144958505 1.3113456368446352 0.55974081158638012 -0.62559953331947316 1.6229605078697207 0.95282191038131725 -1.3079366683959959 1.0495780110359194 0.034313727170228965 0.081794306635856642 0.057189542800188072 0.68853047490119945 -0.6997176706790923 -0.11692317575216292 -0.97876849770545948 0.63678497076034557 -0.8940606117248534 -1.0000000180025095e-35 -1.8913095593452451 0.402631625533104 0.6174544394016267 0.52455195784568798 0.030834914185106758 0.048039216548204429 9.2285242080688494
decision_type=2 2 2 2 2 2 2 8 8 2 2 2 2 2 2 2 2 10 2 2 10 2 10 2 10 2 2 2 2 10
left_child=4 7 3 6 18 9 -3 23 -7 10 -5 24 13 -13 -15 -16 -17 -18 19 20 -1 -11 27 -2 -4 26 -26 -6 -10 -9
right_child=1 2 11 5 22 8 -8 29 28 21 -12 12 -14 14 15 16 17 -19 -20 -21 -22 -23 -24 -25 25 -27 -28 -29 -30 -31
leaf_value=0.0035375084434172356 0.043284849289576662 -0.012495098497024189 0.019708569261709028 -0.0060724082698555741 -0.027547000489405005 0.0047474221562811662 -0.001371644582073213 -0.0033280380861851534 0.022669604579235499 0.020229147260620986 0.0034666645942401484 -0.016849337423155149 0.01105143560554837 0.020427605302107688 -0.015543569515195829 0.0054186933734084661 0.0085316840769257274 -0.0034235260445399005 -0.017725607247600566 -0.0024894520461032433 0.17831417556730508 0.0060864334980322088 -0.028549452609118082 -0.018114647519293627 -0.01667155480525627 0.072252119569217496 0.0099982628753133313 -0.010751648525521785 -0.0029617764171938339 0.073489757404945955
leaf_weight=4.1240781657397738 7.7306588590145102 766.83716322295368 328.50391779094934 1001.1797603443265 199.74038700945675 1116.4695542007685 1267.7234184704721 286.05752922594547 44.783435501158237 218.52144286781549 8097.7812582496554 185.04846714250743 979.67638094723225 183.73831046186388 118.46111898310483 5127.2201832700521 418.96956145763397 1191.0417866408825 233.59399356134236 171.70263358391821 2.8591277487576008 1136.5748612359166 1280.9707857370377 737.77699847519398 71.946241710335016 8.9777860008180124 134.12362969666719 251.90893824771047 4415.2782834693789 4.0417197290807954
leaf_count=82 122 13160 1866 9319 9190 7292 11707 4365 213 920 40338 3392 4396 1719 1613 27058 2596 7568 5575 2646 53 4950 68747 19941 527 70 663 8417 30819 42
internal_value=-9.2579e-05 0.00165007 0.00222062 0.000845955 -0.0227087 0.00166032 -0.00556821 -0.0131097 -0.00120789 0.00319029 0.00241651 0.00505905 0.00449843 0.0036084 0.0041485 0.00370929 0.00405007 -0.000309084 -0.00939313 0.00153784 0.0884687 0.00838031 -0.0258699 -0.0174208 0.0134971 0.00396112 0.000651347 -0.0182238 -0.00269939 -0.00200902
internal_weight=29993.4 27848.5 26812.9 18065.1 2144.9 16030.6 2034.56 1035.61 5576.53 10454.1 9098.96 8747.71 8204.16 7224.48 7039.43 6855.69 6737.23 1610.01 412.28 178.686 6.98321 1355.1 1732.62 745.508 543.552 215.048 206.07 451.649 4460.06 290.099
internal_count=289366 194656 170186 118718 94710 93851 24867 24470 38324 55527 49657 51468 48342 43946 40554 38835 37222 10164 8356 2781 135 5870 86354 20063 3126 1260 1190 17607 31032 4407
is_linear=0
shrinkage=0.03


Tree=75
num_leaves=31
num_cat=0
split_feature=1 11 0 3 1 1 6 1 0 29 6 23 3 29 28 29 27 2 11 4 11 3 27 4 27 27 28 13 28 11
split_gain=1242.54 239.362 120.873 113.515 78.3311 79.4352 62.9702 54.8899 48.7443 47.9072 46.2742 44.4322 41.8793 41.1007 39.2587 37.368 36.1083 34.1636 37.1749 64.6679 34.0194 36.6509 33.8047 61.7156 87.061 78.5934 35.5258 34.1265 54.1041 33.7243
threshold=0.00077572476584464322 0.23672325164079669 2.5000000000000004 -1.0047447085380552 1.0438699126243594 7.5026786327362069 0.24916899204254153 47.646572113037116 7.5000000000000009 -0.53495380282402027 0.0043494857382029304 0.050514711067080505 -1.3079366683959959 0.96407344937324535 -0.99054482579231251 -0.52034142613410939 0.020556610077619556 2.6367893218994145 0.7000047266483308 1.0000000180025095e-35 0.28714267909526831 -1.8913095593452451 0.76523298025131237 -1.0000000180025095e-35 0.23494623601436618 0.032795699313282974 -0.98523971438407887 -0.3205875009298324 -0.96689236164093006 0.0078579634428024309
decision_type=2 2 2 2 2 2 8 2 2 2 8 10 2 2 2 2 2 2 2 2 2 2 2 2 2 2 2 10 2 2
left_child=3 6 4 20 9 -6 15 8 17 11 -5 -3 -10 -8 -14 29 -12 18 19 -4 21 -1 23 25 26 -16 -25 28 -26 -2
right_child=1 2 7 10 5 -7 13 -9 12 -11 16 -13 14 -15 22 -17 -18 -19 -20 -21 -22 -23 -24 24 27 -27 -28 -29 -30 -31
leaf_value=0.070764232473630104 0.061985022363844469 0.0054116437891134237 -0.0066144192504003479 -0.027897873775943775 0.002807465100690782 -0.0065439762181748514 -0.00026297675060686117 0.02208722096319091 0.012883676889988822 -0.016346608573660187 -0.029093760349371559 -0.011726327995635171 0.01160212634561578 -0.025991941072083302 -0.019811053637621083 -0.019998487561239328 -0.010021290960147781 -0.0020926610320637284 0.0029786670844835499 0.01566856348542818 0.0021225957784718704 -0.021103973714897348 -0.0012259068139542262 -0.017001272958764996 -0.012813662795024855 0.0021478376393296549 0.018769506492861455 0.0024876333374123077 0.010475711533117306 -0.0047499470262035159
leaf_weight=3.0843654647469512 6.395849158987402 265.82731788046658 786.41283870860934 1376.3775821197778 2616.7586541548371 1187.769384637475 451.09001907519996 135.913345515728 537.24484986066818 480.65565361827612 132.92417447268963 277.16559723764658 602.37852493487298 62.782979272305965 155.66226498223841 605.54222430847585 274.03279229439795 1700.3738580793142 10405.472379194573 136.74615366756916 193.56276797875762 116.50773200206459 1094.3174119740725 25.361207038164139 96.254200458526611 2304.3585268240422 581.57513350248337 2042.8962291032076 1190.6048086583614 85.815511576831341
leaf_count=47 168 2044 9847 73960 12364 10166 6642 589 3055 7222 6267 2263 3051 1176 2867 17662 8450 12791 59141 574 2992 2803 7473 105 420 15981 2466 9454 5368 2045
internal_value=-7.2808e-05 0.00160499 0.00219861 -0.0223392 -0.00209587 -0.000112997 -0.0114302 0.00314999 0.00303014 -0.00945819 -0.0252635 -0.00334175 0.00477867 -0.00345082 0.00423913 -0.0172935 -0.016307 0.00187161 0.00246675 -0.00330029 -0.00565923 -0.0181675 0.00364558 0.00447903 0.00680796 0.000750864 0.0172493 0.00490015 0.00872512 0.000494176
internal_weight=29931.9 27835.4 26623.7 2096.49 4828.18 3804.53 1211.63 21795.6 21659.7 1023.65 1783.33 542.993 8630.65 513.873 8093.41 697.754 406.957 13029 11328.6 923.159 313.155 119.592 7491.03 6396.71 3936.69 2460.02 606.936 3329.76 1286.86 92.2114
internal_count=289453 194934 167241 94519 34059 22530 27693 133182 132593 11529 88677 4307 50240 7818 47185 19875 14717 82353 69562 10421 5842 2850 44134 36661 17813 18848 2571 15242 5788 2213
is_linear=0
shrinkage=0.03


Tree=76
num_leaves=31
num_cat=0
split_feature=8 6 29 27 4 27 2 17 4 27 25 27 5 5 1 29 23 8 23 27 30 25 27 29 6 12 27 25 3 3
split_gain=1195.14 147.731 150.721 127.621 74.61 71.8302 84.8104 70.3486 62.6768 167.684 139.855 124.962 104.628 97.2903 81.7308 53.5502 53.3143 51.146 47.9827 51.9466 44.7397 42.5051 47.1922 41.2235 39.1194 39.097 38.7748 60.8138 60.6691 54.7984
threshold=0.017630502581596378 0.23386758565902713 -0.15101602673530576 0.095445919781923308 -1.8798530101776121 0.68853047490119945 1.3723313808441164 -0.99052309989929188 -1.0000000180025095e-35 0.021863799542188648 0.056078869849443443 1.0000000180025095e-35 -0.66428560018539418 -2.4412858486175533 4.3065295219421396 0.94636487960815441 -0.38015973567962641 2.7160652875900273 0.66984489560127269 0.49713261425495153 2.5000000000000004 0.047566007822752006 0.24050179123878482 -0.84313312172889698 29.643007278442386 -0.051436038687825196 0.91254481673240673 0.10362515971064569 1.0890932083129885 -0.34750548005104059
decision_type=2 8 2 2 2 2 2 10 2 2 2 2 10 8 2 2 8 2 10 2 2 2 2 2 10 2 2 2 2 2
left_child=3 2 20 -1 -4 8 23 -8 9 -3 15 -10 16 -13 17 -11 -12 21 19 25 -2 -15 -23 -7 -16 -14 27 -9 -28 -29
right_child=1 5 4 -5 -6 6 7 26 11 10 12 13 18 14 24 -17 -18 -19 -20 -21 -22 22 -24 -25 -26 -27 28 29 -30 -31
leaf_value=-0.025925597134690666 -0.00099182637724808077 -0.022747933353355065 -0.014894837175276269 -0.010132924629760485 -0.0005829059680237163 0.016683196286581162 0.0069240453815979123 0.017769810579720387 0.047144456182659639 0.024695411170015152 0.0097030376173959237 -0.00125183782931327 0.00021773902826431694 -0.010464893401890803 0.003853244621628229 -0.018516994647487316 0.0019415710034659448 0.0029132566434286553 -0.008838692909006492 0.0080811410445348966 0.0093148318960534719 0.021255486664897235 0.010696158421555978 0.0021489532519462259 0.031594153262445163 -0.0090520392141763637 -0.010801509402860562 0.003072398579839724 0.038770706542477412 -0.0054382453070790319
leaf_weight=1569.0116639696062 1979.3708944432437 252.16175457090139 1153.7215186730027 654.32382201775908 457.91053091362119 341.16560555994511 690.61992219090462 133.4574661552906 61.510552525520325 304.63430024683475 1259.2803398035467 2065.2712157815695 1240.2372464239597 68.074180319905281 5999.4587230235338 27.47367719002068 2166.4113588538021 628.87150384485722 852.39414137974381 495.94535669311881 467.79407146014273 521.58676365017891 1426.8293982297182 361.55758013948798 45.123581692576408 610.30998860299587 769.32193225622177 981.72682566195726 21.917329370975494 2217.165194362402
leaf_count=82519 18544 4098 29171 14308 3181 1462 4488 984 285 2639 7858 10125 8278 284 30347 339 13430 2574 5800 2505 3205 2190 5790 1624 196 5382 6312 4991 95 16274
internal_value=-0.000130061 0.00157468 -0.00371061 -0.0212845 -0.0108313 0.00248599 -0.000509265 -0.00193089 0.0034027 0.00123553 0.00210802 0.00484678 0.00115407 0.00460051 0.00599138 0.0210758 0.00479668 0.0103887 -0.00274708 -0.000531397 0.000981369 0.0127174 0.0135323 0.00921887 0.00406553 -0.00284267 -0.00341523 -0.00199628 -0.00938115 -0.00282622
internal_weight=29824.6 27601.3 4058.8 2223.34 1611.63 23542.5 5516.93 4814.21 18025.6 7208.85 6956.69 10816.7 6624.58 10755.2 8689.94 332.108 3425.69 2645.36 3198.89 2346.49 2447.16 2016.49 1948.42 702.723 6044.58 1850.55 4123.59 3332.35 791.239 3198.89
internal_count=289278 192451 54101 96827 32352 138350 36230 33144 102120 50329 46231 51791 43253 51506 41381 2978 21288 10838 21965 16165 21749 8264 7980 3086 30543 13660 28656 22249 6407 21265
is_linear=0
shrinkage=0.03


Tree=77
num_leaves=31
num_cat=0
split_feature=2 6 29 27 4 27 4 4 29 28 27 6 27 0 4 4 28 27 28 4 0 27 28 17 28 29 4 6 3 27
split_gain=1165.09 159.05 146.494 100.057 82.8222 68.8455 125.951 62.9784 78.7943 97.2021 94.2154 57.8119 48.1382 45.5902 54.7668 50.7804 45.2448 59.8566 44.9023 45.353 42.7966 42.6292 42.5059 36.807 45.9998 59.3977 36.0054 48.9465 46.3076 58.4547
threshold=0.00077542406506836425 0.28278674185276037 -0.11692317575216292 0.051391525194048888 -2.1937742233276363 0.86881721019744884 1.0000000180025095e-35 26.225284576416019 -0.92272481322288502 -0.55657517910003651 0.92903226613998424 0.0077519384212791928 0.86111110448837291 2.5000000000000004 10.336588382720949 40.890956878662116 1.0000000180025095e-35 0.054659498855471618 -0.94705909490585316 -0.41782200336456293 5.5000000000000009 0.52455195784568798 0.14250627160072329 0.402631625533104 -0.50556187331676472 -0.87810534238815297 13.097260475158693 9.9773979187011737 1.638525187969208 0.021863799542188648
decision_type=2 8 2 2 2 2 2 2 2 2 2 8 2 2 2 2 2 2 2 2 2 2 2 10 2 2 2 8 2 2
left_child=3 2 16 -1 20 12 -7 8 -8 -10 23 -5 13 14 -3 26 18 -18 -2 21 -4 -20 -14 24 -11 -26 28 -28 29 -15
right_child=1 5 4 11 -6 6 7 -9 9 10 -12 -13 22 15 -16 -17 17 -19 19 -21 -22 -23 -24 -25 25 -27 27 -29 -30 -31
leaf_value=-0.027920780897338324 0.01024401114504464 0.001196020671376386 -0.021551853791688277 -0.019790971635596701 -0.0027431990664143133 0.028263184365168822 -0.015250883386925512 0.006450701062236058 -0.013254670500885855 0.085261160418905482 -0.007913427604198749 -0.003255547700414333 -0.012414575801790988 -0.010366000818287736 -0.010240442774468055 0.023709758200690267 -0.012579163499454414 0.0057585721090363806 -0.016651245679647264 0.0016482404301411346 -0.0090368499910644731 -0.00070128569058741327 0.034070020554177856 0.0083233568356219922 0.039743107253838138 -0.022468662701154517 -0.0060385531802384217 0.0044013069569008891 0.016554486771134119 0.0038724614460697248
leaf_weight=1145.7446279358119 176.81545530259609 3116.1185822170228 557.89907368272543 579.69635086879134 731.45831023156643 105.68139417469501 689.1848891377449 319.66640150547028 267.18779201060534 14.508518397808073 127.02765952050686 283.72449382208288 22.27540073543787 262.95738536864519 427.68430200964212 110.6510035097599 178.41844171844423 1498.3631076030433 421.46045272052288 421.46410744637251 443.39240480586886 234.6761325635016 77.66828303784132 65.733423992991447 74.390655942261219 16.222326420247555 813.56086926162243 801.27827076613903 252.80603659898043 15595.082451084629
leaf_count=64554 1481 17482 15505 23764 6670 436 5997 1777 2261 105 1074 6072 171 3847 4152 486 4367 13122 3410 2230 11088 1553 506 479 515 123 5879 4525 1142 84756
internal_value=-4.98109e-05 0.00154365 -0.00351025 -0.0221064 -0.0104228 0.00256152 -0.00328639 -0.00542139 -0.00844991 -0.000142848 0.0116229 -0.0143674 0.00301892 0.00292119 -0.00018669 0.00353866 0.000578185 0.00380101 -0.00372936 -0.00602952 -0.0160245 -0.0109563 0.0236892 0.0261093 0.0370478 0.0284817 0.00341141 -0.000858808 0.00383945 0.00363572
internal_weight=29832.8 27823.6 4663.95 2009.17 1732.75 23159.7 1679.6 1573.92 1254.26 565.07 297.883 863.421 21480.1 21380.1 3543.8 17836.3 2931.2 1676.78 1254.42 1077.6 1001.29 656.137 99.9437 170.855 105.122 90.613 17725.7 1614.84 16110.8 15858
internal_count=289529 195139 59426 94390 33263 135713 12767 12331 10554 4557 2296 29836 122946 122269 21634 100635 26163 17489 8674 7193 26593 4963 677 1222 743 638 100149 10404 89745 88603
is_linear=0
shrinkage=0.03


Tree=78
num_leaves=31
num_cat=0
split_feature=4 6 29 25 1 0 0 27 1 4 5 27 25 25 29 14 22 1 24 4 18 30 28 27 28 28 4 27 28 4
split_gain=1117.43 162.066 143.007 103.617 81.3656 55.347 54.0005 48.3308 52.1416 44.5488 40.3835 40.3765 78.5929 40.2957 81.3845 38.8681 43.1553 38.2519 47.4284 38.5822 69.9285 38.4636 37.869 39.7744 37.7458 41.7663 50.7729 37.9715 36.7646 35.7523
threshold=-2.4991637468338008 0.28278674185276037 -0.13398942351341245 0.14932810515165332 0.51418277621269237 5.5000000000000009 3.5000000000000004 0.68853047490119945 2.7981131076812749 29.089617729187015 -1.0000000180025095e-35 0.032795699313282974 0.052633637562394149 0.11385202407836915 -0.91595870256423939 -1.0788682103157041 -1.2598420381546018 5.3438801765441903 0.46903522312641149 -0.54763150215148915 7.0401153564453134 2.5000000000000004 -0.55657517910003651 0.92903226613998424 0.022575936280190948 -0.94705909490585316 -0.37177681922912592 0.52455195784568798 0.94138324260711681 14.106227874755861
decision_type=2 8 2 2 2 2 2 2 2 2 10 2 2 2 2 10 10 2 8 2 10 2 2 2 2 2 2 2 2 2
left_child=3 2 11 10 5 -4 17 9 -9 29 -1 -2 -13 14 -10 -15 -17 19 21 20 -3 -19 -16 -24 25 -14 27 -27 -26 -8
right_child=1 6 4 -5 -6 -7 7 8 13 -11 -12 12 24 15 22 16 -18 18 -20 -21 -22 -23 23 -25 28 26 -28 -29 -30 -31
leaf_value=-0.017005329034592322 -0.018596328025477192 -0.0068420187570847335 -0.02090533180643114 -0.007871232240701782 -0.0014242562414334269 -0.0075605310065682873 0.0043917891389289865 0.010185240149672595 -0.01044494388650823 0.020818169928075971 -0.028047434853691378 0.033274507146694811 0.010630882061651413 0.0062036134455316014 0.015837151168239128 0.0092784532609698663 -0.0039841254309817623 -0.0019008391461758608 -0.0058034719708605718 0.0047438895561356109 0.0066380191837721366 0.012078329032933327 0.075008375080125908 0.012606110438937244 0.0050015476527143768 -0.016280748546504974 0.0024267985549068791 -0.0013175375462271487 -0.011981089116483221 -0.0026072391566731366
leaf_weight=406.44319401681423 95.964531298726797 902.58837551623583 647.84775447659194 384.92592431977391 590.59861017391086 494.6521416939795 12476.138235764578 440.23747792094946 85.714317999780178 142.76046134531498 1185.7427017204463 65.679059416055679 162.07760338112712 496.74452370405197 85.104931108653545 240.02178160846233 2638.9366875216365 477.99140149354935 1629.4538223668933 1983.7603215500712 560.66168505139649 280.24487828463316 23.835643403232098 15.34390104562044 1348.0256616696715 420.27605213969946 425.26412662118673 239.65107325091958 124.44223196804523 692.72708684206009
leaf_count=17066 2696 6068 17069 8567 4431 11808 69375 1897 723 623 69170 922 1355 3187 586 1527 17312 3148 12441 8491 4087 2119 150 113 11756 3433 2245 1562 1683 3860
internal_value=-7.92798e-05 0.00147158 -0.00366207 -0.021865 -0.010469 -0.0151393 0.00249399 0.00333409 0.000453754 0.00420511 -0.0252411 0.000434422 0.00109652 -0.000743544 0.0119756 -0.0015381 -0.00287557 -2.46317e-06 -0.00292035 0.00201897 -0.00167598 0.00327498 0.0273982 0.0514917 0.000307505 -0.003531 -0.00565398 -0.0108571 0.00355914 0.00402345
internal_weight=29763.9 27786.7 4614.48 1977.11 1733.1 1142.5 23172.3 17337.6 4025.94 13311.6 1592.19 2881.38 2785.42 3585.7 209.999 3375.7 2878.96 5834.7 2387.69 3447.01 1463.25 758.236 124.284 39.1795 2719.74 1247.27 1085.19 659.927 1472.47 13168.9
internal_count=289470 194667 58960 94803 33308 28877 135707 99353 25495 73858 86236 25652 22956 23598 1572 22026 18839 36354 17708 18646 10155 5267 849 263 22034 8595 7240 4995 13439 73235
is_linear=0
shrinkage=0.03


Tree=79
num_leaves=31
num_cat=0
split_feature=1 11 25 0 4 29 1 12 11 6 3 29 19 25 2 28 23 21 11 29 25 11 28 3 24 11 6 28 28 11
split_gain=1073.36 199.056 101.1 94.6916 66.7717 55.2952 54.5301 49.8175 75.1775 49.4535 43.2342 66.0983 53.344 48.6602 41.5088 40.8257 40.5786 46.038 39.72 39.0468 37.1554 36.6666 42.4707 32.2265 31.3132 31.2818 30.1794 29.2114 54.5006 30.6853
threshold=0.00077572476584464322 0.17797981202602389 0.15152733027935031 5.5000000000000009 -2.1279646158218379 -0.10837475582957266 5.0216891765594491 1.8382933139801028 0.76357078552246105 0.55974081158638012 -1.3391843438148496 0.51849433779716503 -0.57439863681793202 0.23511925339698794 3.711634755134583 -0.99275806546211232 -0.72397390007972706 -0.29750689864158625 7.6951639652252206 -0.52034142613410939 0.052633637562394149 5.9374396800994882 0.92273071408271801 -0.023631298914551731 0.36901713907718664 9.2165398597717303 0.001188012305647135 0.71503382921218883 0.75014290213584911 0.0078579634428024309
decision_type=2 2 2 2 2 2 2 2 2 8 2 2 10 2 2 2 10 10 2 2 2 2 2 2 10 2 8 2 2 2
left_child=2 9 18 4 5 21 7 8 20 19 11 12 -5 -13 15 -12 17 -8 26 27 -6 -3 24 -19 -23 -25 -1 -2 -29 -30
right_child=1 3 -4 10 6 -7 16 -9 -10 -11 14 13 -14 -15 -16 -17 -18 23 -20 -21 -22 22 -24 25 -26 -27 -28 28 29 -31
leaf_value=-0.027849614867171395 -0.010959834613478384 -0.0052834995462995417 -0.0075934015484518209 -0.0035260031561330464 0.010656781862860856 -0.015182998443705575 -0.011412787888922287 0.010943995536593743 0.0027037802484808104 -0.0012172153107940259 0.0092286894785322572 0.10588550447728182 0.013372623390849991 0.023889087785508949 0.016995971279278318 0.0023930250557924792 -0.00011740248213897665 0.011895208969325286 0.047398027014360342 -0.019343338942261545 -0.011588700704518496 -0.0069348311176629859 0.069592884632864657 0.0023918730709920175 0.018994706272462188 -0.013784050765348138 -0.017966049069530098 0.097562879417952997 0.085237945773086674 -0.0086518152099064449
leaf_weight=1181.8933938033879 54.797628726810217 675.38718480989337 363.63054004311562 237.29873630031943 77.165761787444353 442.13587027415633 720.08092603087425 559.53013955801725 5338.3254509270191 261.6481093429029 838.8180939424783 9.6170047372579592 572.76606244966388 18.994458310306072 187.78570052981377 12392.076214808971 3418.558550581336 149.02235736697912 5.8789067938923827 588.4226185567677 506.00434881448746 80.889994094148278 9.1804181933402997 264.35361113399267 85.122865442186594 180.16888528317213 373.93672958575189 6.2145724352449205 2.6125913280993727 22.685260914266109
leaf_count=70603 1262 8056 8059 1415 897 9604 4926 2356 26677 4064 4344 83 3245 160 823 75224 23082 984 192 17404 4488 579 115 1650 532 1455 15633 155 68 559
internal_value=-0.00021277 0.00129305 -0.0218663 0.00176893 -0.000136411 -0.00658982 0.000608092 0.00239559 0.00158613 -0.0122957 0.00344011 0.0100448 0.00842413 0.0540951 0.0030266 0.00282706 -0.00183999 -0.00631932 -0.0251827 -0.0165836 -0.00863195 -0.00211045 0.0100825 -0.000131196 0.00639463 -0.00418059 -0.0254872 0.00223744 0.0248177 0.00391703
internal_weight=29625 27699.7 1925.34 26763.3 12505.9 1292.72 11213.2 6481.03 5921.5 936.381 14257.4 838.676 810.065 28.6115 13418.7 13230.9 4732.18 1313.63 1561.71 674.733 583.17 850.58 175.193 593.545 166.013 444.522 1555.83 86.3101 31.5124 25.2979
internal_count=288694 194207 94487 170695 85401 18886 66515 34418 32062 23512 85294 4903 4660 243 80391 79568 32097 9015 86428 19448 5385 9282 1226 4089 1111 3105 86236 2044 782 627
is_linear=0
shrinkage=0.03


Tree=80
num_leaves=31
num_cat=0
split_feature=8 8 27 27 5 29 25 18 4 29 29 30 3 29 4 29 29 4 1 29 27 27 18 27 4 25 4 30 27 27
split_gain=1053.68 162.086 108.605 83.0244 68.0802 63.2664 48.1145 56.5428 70.0309 53.4411 58.4366 60.4327 57.5023 46.7933 43.6255 39.9726 36.1638 43.6077 69.8313 46.1707 41.9358 39.4516 56.4235 33.0069 195.396 48.8889 154.903 33.2161 31.6795 30.2785
threshold=0.0072318431921303281 0.19098699092864993 0.020556610077619556 0.095445919781923308 -0.21586062014102933 -0.13398942351341245 0.19820998609066012 5.8987350463867196 -1.8442084193229673 -0.92272481322288502 -0.83375966548919667 2.5000000000000004 -1.7676939964294431 0.63089349865913402 29.089617729187015 -0.87810534238815297 -0.66527268290519703 -0.098450779914855943 3.565481543540955 -0.6258755326271056 0.048039216548204429 0.68297490477561962 2.6732330322265629 0.021863799542188648 1.0000000180025095e-35 0.056078869849443443 1.0000000180025095e-35 1.0000000180025095e-35 0.60555556416511547 0.68853047490119945
decision_type=2 2 2 2 10 2 2 8 2 2 2 2 2 2 2 2 2 2 2 2 2 2 10 2 2 2 2 2 2 2
left_child=3 2 -2 -1 -4 -6 7 8 -3 12 11 14 -10 29 -11 -13 -12 -18 -19 21 -21 -20 -23 24 -9 26 27 -25 -5 -8
right_child=1 6 4 28 5 -7 13 23 9 10 16 15 -14 -15 -16 -17 17 18 19 20 -22 22 -24 25 -26 -27 -28 -29 -30 -31
leaf_value=-0.026500039751997488 -0.026122281039804122 -0.011245392649535287 0.0023284250439165395 -0.012923072036686129 -0.0027221879537331272 -0.015370495619645467 0.0035553132543900815 -0.020786915919840398 0.039104558274602297 -0.0019181545092545338 -0.0068413514243653032 0.030369623770266578 -0.0069181840944611819 0.013701918967873952 0.038551645610247501 0.0063937955840236305 -0.0045255110833896453 0.012620560231256786 -0.024515645071282493 0.022862211678739832 -0.0010342287683350118 0.0013087377428900944 0.052207116249655176 0.010280963890503571 0.027932921911017778 0.0028427074277744178 -0.0095962760105799006 0.031472540130652212 0.037554970819667147 9.0627874564670505e-05
leaf_weight=1294.8929220568389 215.47279296256602 566.08824430964887 947.48428012616932 456.41613713093102 855.74496426992118 609.02468049712479 11739.509878562763 233.93466055206954 23.977429732680321 296.51798752695322 605.43566833436489 155.73235233128071 1156.9556598439813 368.17303095944226 25.075187265872955 105.27028845250607 940.44018336758018 539.81562897562981 13.607275314629076 67.251881040632725 2089.4059193283319 35.503685027360916 42.909450702369213 95.592375386506319 107.23958411067724 2896.7888147812337 176.43556643277407 228.56008571945131 10.526643119752405 2814.3516097702086
leaf_count=76606 8560 8309 9283 11491 11658 17040 58629 4163 104 1957 4167 1074 8555 2284 126 734 6414 2259 85 304 12240 276 280 1055 495 21549 775 2306 97 16907
internal_value=-9.31503e-05 0.00132548 -0.00576511 -0.0225884 -0.00393665 -0.00798802 0.00206141 0.000495192 -0.00116142 -0.000223606 0.00115301 0.0100651 -0.00595145 0.00315316 0.00134707 0.0207608 -4.69297e-05 0.00105776 0.00294171 0.000613636 -0.000278806 0.0213077 0.0294682 0.00344764 -0.00543618 0.00434112 0.0129891 0.025274 -0.0117073 0.00288538
internal_weight=29714.1 27952.3 2627.73 1761.84 2412.25 1464.77 25324.6 10402.5 6663.99 6097.9 4916.97 582.596 1180.93 14922 321.593 261.003 4334.37 3728.93 2788.49 2248.68 2156.66 92.0204 78.4131 3738.55 341.174 3397.38 500.588 324.152 466.943 14553.9
internal_count=289782 201588 46541 88194 37981 28698 155047 77227 46884 38575 29916 3891 8659 77820 2083 1808 26025 21858 15444 13185 12544 641 556 30343 4658 25685 4136 3361 11588 75536
is_linear=0
shrinkage=0.03


Tree=81
num_leaves=31
num_cat=0
split_feature=8 8 27 29 27 6 27 2 2 29 27 29 29 0 28 28 20 0 23 18 17 2 3 8 5 30 29 30 17 18
split_gain=1018.03 145.425 161.614 85.8324 82.1092 70.8919 53.6561 112.858 69.5301 72.1747 80.3683 89.4825 51.3896 53.7709 49.0305 83.1805 70.4104 48.9849 48.8895 43.9986 46.3615 43.1623 63.1412 54.4763 40.3559 38.166 46.9026 62.6248 33.6701 36.7667
threshold=0.0072318431921303281 0.45253856480121618 0.021863799542188648 0.96177148818969738 0.095445919781923308 0.50238093733787548 0.86881721019744884 1.2601816654205324 3.4440749883651738 -0.92272481322288502 0.92903226613998424 -0.87810534238815297 -0.13398942351341245 4.5000000000000009 0.022575936280190948 -0.94705909490585316 0.4978975653648377 7.5000000000000009 0.36458465456962591 18.675170898437504 0.97921258211135875 2.6367893218994145 0.11078977584838869 16.261897087097172 1.1055505871772768 2.5000000000000004 0.38043944537639623 1.0000000180025095e-35 -0.95427986979484547 8.0134735107421893
decision_type=2 2 2 2 2 8 2 2 2 2 2 2 2 2 2 2 10 2 8 10 10 2 2 2 10 2 2 2 10 10
left_child=4 2 -2 5 -1 12 17 -8 9 -9 11 -11 14 -14 15 16 -4 21 -18 20 -16 24 -23 -24 -3 26 28 -28 29 -15
right_child=1 6 3 -5 -6 -7 7 8 -10 10 -12 -13 13 25 19 -17 18 -19 -20 -21 -22 22 23 -25 -26 -27 27 -29 -30 -31
leaf_value=-0.026396468385928688 -0.023259019232699435 0.0013932484061781358 -0.0029510190118725707 -0.023018769255174102 -0.011510530061629831 0.0030106985661373137 0.026913556069325814 -0.014233950330484222 0.0082450136566948554 0.029226930148238482 -0.012448087266944097 -0.0029246826107146321 -0.018464699893304945 0.086617353726599386 0.0077595825998288915 -0.012919664458588069 0.07299679330520388 0.0048935881612305011 -0.014369290138297918 -0.014659468366240411 -0.0099981625991284444 0.020790550433342013 -0.0057369895187788312 0.012186661356827078 0.0052431130093257682 -0.014492711753156052 -0.014541641423381766 0.030472990012827106 -0.011602726787105343 0.00078260997925538455
leaf_weight=1259.7978632682934 337.07754968293011 9214.3409775719047 49.063485814258456 164.60516551136971 456.63283567875624 2113.9824984036386 107.01783246546984 706.7881378158927 298.52278464287519 129.2027110978961 257.02105759084225 193.56516892462969 395.79018632974476 5.7549365032464292 777.41347941197455 495.16521159559488 24.740213727578521 6770.5735832341015 7.0501177366822985 117.49354236014187 158.52195807732642 97.395910307765007 1515.1711700633168 168.75590129196644 3337.9434056133032 180.71241748053581 39.557900032028556 88.913647188805044 160.16780533082783 13.457564784213899
leaf_count=76463 11793 53203 550 4167 11496 15088 446 6275 1547 871 2208 1594 9739 103 8577 4130 271 35221 93 2299 2081 868 11938 918 16288 3880 1125 2153 3513 363
internal_value=-2.69974e-05 0.00135168 -0.00321177 -0.00179717 -0.0224453 -0.00103753 0.00237861 -0.00276023 -0.00477936 -0.00780544 4.22107e-05 0.009996 -0.00444174 -0.0102598 -0.00127975 -0.00830951 0.0197369 0.00279075 0.0537743 0.00256839 0.00474444 0.00179718 -0.00257181 -0.00393459 0.00241735 -0.00358875 0.0028382 0.0166072 -0.00706051 0.029507
internal_weight=29642.2 27925.8 5129.47 4792.39 1716.43 4627.78 22796.3 1692.12 1585.1 1286.58 579.789 322.768 2513.8 884.354 1629.45 576.019 80.8538 21104.2 31.7903 1053.43 935.935 14333.6 1781.32 1683.93 12552.3 488.564 307.852 128.472 179.38 19.2125
internal_count=289261 201302 69925 58132 87959 53965 131377 12941 12495 10948 4673 2465 38877 20876 18001 5044 914 118436 364 12957 10658 83215 13724 12856 69491 11137 7257 3278 3979 466
is_linear=0
shrinkage=0.03


Tree=82
num_leaves=31
num_cat=0
split_feature=1 11 0 25 1 1 0 29 1 27 4 29 25 29 8 27 27 25 27 6 8 27 6 27 29 20 2 18 24 5
split_gain=996.234 174.292 86.9748 84.3926 68.4831 72.3152 51.5426 51.1668 45.1746 53.4083 79.6934 69.0409 48.5258 97.216 45.9843 48.298 43.2598 73.4282 40.6369 38.2706 37.9589 36.4532 33.3268 33.1274 57.0721 32.9237 32.6666 42.1292 38.841 32.2204
threshold=1.0000000180025095e-35 0.17797981202602389 2.5000000000000004 0.12226732820272447 0.68644055724143993 8.4103074073791522 4.5000000000000009 0.96407344937324535 47.646572113037116 0.80878135561943065 1.0000000180025095e-35 -0.89404255151748646 0.10273459926247598 -0.91595870256423939 0.17074571549892428 0.67204302549362194 0.01143790874630213 0.070827260613441481 1.0000000180025095e-35 0.28278674185276037 0.23600448668003085 0.94551971554756176 9.2285242080688494 0.92903226613998424 -0.85225707292556752 1.6480531692504885 0.990696281194687 7.7660980224609384 0.35762609541416174 -3.7883207798004146
decision_type=2 2 2 2 2 2 2 2 2 2 2 2 2 2 2 2 2 2 2 8 2 2 10 2 2 10 2 8 10 8
left_child=3 6 4 -1 20 26 -2 16 9 14 11 -11 13 -12 15 18 -8 19 -4 -18 -3 -13 -19 24 -15 -22 27 28 -6 -28
right_child=1 2 8 -5 5 -7 7 -9 -10 10 12 21 -14 23 -16 -17 17 22 -20 -21 25 -23 -24 -25 -26 -27 29 -29 -30 -31
leaf_value=-0.025729450045244427 -0.021054097848157791 -0.017349811718195968 -0.030303790228890085 -0.010561979384806349 -0.016658829869016473 -0.007126763851387029 -0.026894848100452722 -0.027908541347164053 0.020035141731364274 0.036856548076375777 -0.013650329507881113 -0.007692966321274846 -0.0043490220296983307 0.090717261949377209 0.0035183683207747271 0.025055824303772983 0.010957248326486715 -0.0055241449643267182 -0.0021111620800791002 0.056833435642700873 -0.005901467870239035 0.04106827817140668 0.078687780206218652 -0.0031393816925550174 0.026753818575807581 0.031290500868903004 -0.0076550472110897003 0.008063510817571156 -0.00050753739291085171 0.0049314081771883881
leaf_weight=1307.6716038249433 318.0705083720386 346.00817027874291 46.608050634153187 444.2856390690431 242.73578534275293 1023.6038806736469 58.818289671093225 83.699727944098413 133.07533158361912 85.806394174695015 75.395147494971752 83.904828809201717 2127.4033394381404 15.066908188164232 17906.631305765361 56.231578208506107 44.031959792599082 410.3372621787712 1383.9940122347325 25.654590763151646 392.00391731411219 15.47606113553047 3.2765640262514344 20.116736046969891 65.362989217042923 21.668744979426265 199.50619708001614 208.64329869672656 297.79372154548764 2113.7410728335381
leaf_count=79937 9642 6302 1756 12126 1627 9310 2358 2374 584 361 654 371 15760 89 98330 321 1529 8502 18318 508 3883 65 32 157 448 180 939 1320 1906 9631
internal_value=4.38708e-05 0.00142673 0.00187214 -0.0218913 -0.00176623 -0.000227521 -0.0112372 -0.0062221 0.00267302 0.00256652 -0.00157046 0.0173098 -0.00309527 0.0120034 0.00309743 -0.0019711 -0.00282862 0.000149752 -0.00305019 0.0284113 -0.0100312 0.000233844 -0.00466886 0.0311848 0.039703 -0.00388254 0.0020801 -0.00336128 -0.00777797 0.00384305
internal_weight=29556.6 27804.7 26860.8 1751.96 4845.7 4086.02 943.889 625.818 22015.1 21882 2488.53 185.187 2303.35 175.942 19393.5 1486.83 542.119 483.3 1430.6 69.6866 759.681 99.3809 413.614 100.547 80.4299 413.673 3062.42 749.173 540.53 2313.25
internal_count=289320 197257 172312 92063 35098 24733 24945 15303 137214 136630 17905 797 17108 1348 118725 20395 12929 10571 20074 2037 10365 436 8534 694 537 4063 15423 4853 3533 10570
is_linear=0
shrinkage=0.03


Tree=83
num_leaves=31
num_cat=0
split_feature=1 11 3 27 4 6 27 3 2 28 28 30 3 27 6 29 29 28 24 17 27 4 12 27 11 3 11 11 25 28
split_gain=925.363 168.189 100.776 46.7374 289.544 44.5836 40.363 88.0485 68.3672 78.5798 73.1526 87.5886 45.8849 39.8626 38.9704 37.894 36.8721 65.4823 43.4768 36.3825 50.1803 43.6836 48.8999 48.1348 48.0942 42.4691 41.9745 36.2126 35.7446 35.014
threshold=0.00077572476584464322 0.17797981202602389 -0.7895296812057494 1.0000000180025095e-35 1.0000000180025095e-35 0.29169571399688726 0.81953403353691112 -1.7676939964294431 3.4440749883651738 0.34235194325447088 0.55656746029853832 2.5000000000000004 -0.0097194756381213648 0.96774193644523632 1.0000000180025095e-35 -0.52034142613410939 -0.11692317575216292 -0.97876849770545948 0.025546734221279625 -0.092063363641500459 0.78136202692985546 13.5759334564209 1.3280931115150454 0.6338709592819215 1.3113456368446352 0.39507968723773962 0.65438815951347362 0.043891642242670066 0.051764089614152915 -0.88622298836708058
decision_type=2 2 2 2 2 8 2 2 2 2 2 2 2 2 8 2 2 2 10 8 2 2 2 2 2 2 2 2 2 2
left_child=2 5 16 4 -3 15 19 -8 9 13 11 -11 -13 -9 -4 27 17 18 -1 20 26 22 24 -24 28 -23 -5 -2 -21 -30
right_child=1 3 14 6 -6 -7 7 8 -10 10 -12 12 -14 -15 -16 -17 -18 -19 -20 21 -22 25 23 -25 -26 -27 -28 -29 29 -31
leaf_value=0.16238924758891729 0.031220413199079269 -0.032286443167684885 -0.027959577771422175 -0.0033660606181003866 0.04546580429544303 -0.0030815135658498844 0.022337396873494588 -0.0054766688147538586 0.0086532274118759096 -0.0086641723837830552 -0.011120505096203544 0.040612440678521641 0.0029002877074961681 -0.01961362946557587 -0.016787575029664024 -0.01983787291309028 -0.015568441172777781 -0.00099190767106378873 0.018219646752221499 0.009598356198595873 0.016078652579608305 0.023495001119535643 0.0071720754725914894 -0.0018736211311692816 0.0015630838419851225 -0.0056790831445182937 0.0038323904696266186 -0.012148242037348383 -0.015186737594000936 -0.0033085554886944355
leaf_weight=2.7115701399743548 25.771338628605008 164.35633678361773 1004.9033987894654 797.48868469335139 57.34806102514267 347.78215945884585 131.28139531612396 1856.6350518092513 406.33837121725082 72.364998236298561 111.19722570478916 115.50758522748947 38.891383916139603 198.00332343578339 398.48556350450963 482.60842271707952 213.34199295192957 158.75922432541847 4.4128842186182737 151.58922247961164 280.05261597782373 45.876502387225628 2274.1489065140486 689.54293908178806 8578.215506605804 1081.7303078174591 8407.2371273981407 48.167150005698204 278.86937749944627 1110.6260520741343
leaf_count=51 669 3845 67683 9517 275 5707 588 14595 2097 510 669 677 340 1891 18580 15951 5658 2604 89 2450 1728 382 11212 4186 46217 7263 47234 1193 3024 12568
internal_value=-0.000148866 0.0011973 -0.0210949 0.00162611 -0.0120605 -0.0115207 0.00174053 -0.00158064 -0.00271007 -0.00464272 0.00874441 0.0184915 0.031193 -0.00684791 -0.0248016 -0.0167793 -0.00734852 0.00325301 0.0863246 0.00215128 0.00359009 0.00119076 0.00167917 0.00506755 0.000686389 -0.00447237 0.00320843 0.00318285 -0.00419145 -0.00570169
internal_weight=29534.2 27751.6 1782.61 26847.3 221.704 904.329 26625.6 2930.22 2798.94 2392.6 337.961 226.764 154.399 2054.64 1403.39 556.547 379.226 165.884 7.12445 23695.4 9484.78 14210.6 13083 2963.69 10119.3 1127.61 9204.73 73.9385 1541.08 1389.5
internal_count=289453 194788 94665 171268 4120 23520 167148 21367 20779 18682 2196 1527 1017 16486 86263 17813 8402 2744 140 145781 58479 87302 79657 15398 64259 7645 56751 1862 18042 15592
is_linear=0
shrinkage=0.03


Tree=84
num_leaves=31
num_cat=0
split_feature=8 6 27 3 29 25 8 0 4 5 29 27 4 27 4 28 12 0 3 29 4 25 4 12 27 4 27 28 28 27
split_gain=933.864 138.645 143.267 71.9693 66.8663 70.1235 57.198 53.8616 50.0207 57.5948 49.7856 49.5129 182.958 46.1194 45.8716 41.7999 45.8894 40.3555 39.8152 37.0778 59.6367 42.6693 92.9745 42.2763 47.9278 107.183 39.8279 36.7569 45.9888 81.0765
threshold=0.0058944446500390777 0.28278674185276037 0.051391525194048888 -0.32845684885978693 -0.091258823871612535 0.052633637562394149 0.55959579348564159 5.5000000000000009 3.1552107334136967 5.3312211036682138 -0.36648371815681452 0.021863799542188648 1.0000000180025095e-35 0.17491039633750918 -2.2426774501800533 -0.99275806546211232 -0.46684090793132776 4.5000000000000009 0.8739074468612672 0.96633976697921764 -0.049472808837890618 0.080848284065723433 -0.14542722702026364 1.8382933139801028 0.084187224507331862 1.0000000180025095e-35 0.56290322542190563 0.80926549434661876 0.75014290213584911 0.68297490477561962
decision_type=2 8 2 2 2 2 2 2 2 8 2 2 2 2 2 2 2 2 2 2 2 2 2 2 2 2 2 2 2 2
left_child=3 2 15 7 5 10 17 -1 11 27 14 12 -3 -11 -4 16 -2 -6 -17 21 -21 22 -13 24 25 -23 -25 28 -10 -30
right_child=1 8 4 -5 6 -7 -8 -9 9 13 -12 19 -14 -15 -16 18 -18 -19 -20 20 -22 23 -24 26 -26 -27 -28 -29 29 -31
leaf_value=-0.024841954586407526 0.1225505853038024 -0.021979314396872139 0.12688132437142338 -0.028182120012030267 -0.021213543713062288 0.00065389587418993153 -3.5701350404335609e-05 -0.0078808766841988159 -0.00063387310384335836 0.016037510918393099 0.014250818392151627 0.01712511391774732 0.029289887585552801 0.0028212515222405306 0.025641503517844215 -0.018873182146674085 -0.013779256050235448 -0.0063674164714109293 0.015025555969739772 -0.018495223287030706 0.01354808241485949 -0.012681699779845774 -0.0025868105275630559 0.012599156599808033 0.0033869876068664388 0.02249420991755121 -0.0015247093039449761 -0.0082820193264707652 -0.010299315358059578 0.046991365283539817
leaf_weight=295.5372375883162 3.0933929402381182 232.13878623582423 7.6589432628825334 875.60034428816289 297.91418710723519 2791.053181852214 563.26008247584105 393.59805255476385 5744.6072773486376 256.32326620817184 33.092616246081889 605.7554545160383 84.709268122911453 3119.0930256694555 8.7332654893398267 617.34172367025167 4.4710183460265389 370.06548049673438 32.12396752089262 158.51022387854755 76.892623841762543 411.90647627785802 333.47371250391006 780.34324646741152 10449.396197047085 95.151731967926025 233.09459222853184 569.311617590487 40.140356212854385 48.007989048957825
leaf_count=13768 76 4116 139 58884 7963 22942 5507 13695 36652 1161 433 5611 400 18519 60 20785 115 8850 155 2013 330 4968 1417 3267 52615 406 1021 3232 202 284
internal_value=7.71443e-05 0.00133933 -0.00334268 -0.0224692 -0.0012434 0.00128796 -0.00707971 -0.0151801 0.00229215 0.000658927 0.0363294 0.00347829 -0.00822348 0.00382932 0.0775194 -0.0163307 0.0497712 -0.0130105 -0.017176 0.00376097 -0.00801548 0.00397632 0.0101311 0.00349257 0.00294976 -0.0060495 0.00935231 -0.00101296 -0.000302164 0.0210799
internal_weight=29532.4 27967.7 4728.81 1564.74 4071.78 2840.54 1231.24 689.135 23238.9 9777.48 49.4848 13461.4 316.848 3375.42 16.3922 657.03 7.56441 667.98 649.466 13144.5 235.403 12909.1 939.229 11969.9 10956.5 507.058 1013.44 6402.07 5832.76 88.1483
internal_count=289586 203239 67025 86347 45894 23574 22320 27463 136214 60050 632 76164 4516 19680 199 21131 191 16813 20940 71648 2343 69305 7028 62277 57989 5374 4288 40370 37138 486
is_linear=0
shrinkage=0.03


Tree=85
num_leaves=31
num_cat=0
split_feature=8 11 0 3 29 2 29 23 2 0 12 0 12 23 27 21 27 25 27 27 28 11 4 18 3 19 29 27 4 28
split_gain=876.313 199.055 77.1185 75.8789 60.2491 58.5704 71.6362 58.4825 55.4123 54.8261 52.0597 47.8736 44.9985 44.9027 52.6692 45.4298 44.7469 60.3873 42.1607 89.9056 42.0724 41.708 50.8729 45.0276 39.3967 40.2424 66.5124 40.0906 48.7203 37.4531
threshold=0.0047420221380889424 0.23672325164079669 5.5000000000000009 -0.32845684885978693 0.94636487960815441 0.50829365849494945 -0.15950992703437802 0.26697571575641638 1.6496978402137759 4.5000000000000009 -3.2541849613189693 5.5000000000000009 2.196036815643311 -0.73534747958183277 0.50824373960495006 -0.10957202315330504 0.010278305038809778 0.068481389433145537 0.23494623601436618 0.24050179123878482 0.65233618021011364 1.3551723361015322 1.0000000180025095e-35 7.7105102539062509 -1.3391843438148496 -0.57439863681793202 0.60383266210556041 0.91254481673240673 29.089617729187015 -0.99054482579231251
decision_type=2 2 2 2 2 2 2 10 2 2 2 2 2 10 2 10 2 2 2 2 2 2 2 8 2 10 2 2 2 2
left_child=3 4 5 11 9 6 7 10 12 -2 -3 -1 21 15 20 -10 -11 -18 -19 -20 -15 22 23 -7 25 26 -4 28 29 -26
right_child=1 2 24 -5 -6 8 -8 -9 13 16 -12 -13 -14 14 -16 -17 17 18 19 -21 -22 -23 -24 -25 27 -27 -28 -29 -30 -31
leaf_value=-0.024310257546519297 -0.017549472028186835 0.014147221772451599 -0.0040411446599674904 -0.02858955133521681 -0.025770364333231158 -0.011313572155503049 -0.013253845266279627 -0.0087668200512067956 -0.010023251465748471 -0.030259310366816936 -0.0019675925922795637 -0.0078661877376670405 0.015671259648954852 0.0076967974441870804 -0.0022153763065520088 0.00076120058184808335 0.020385065738300474 -0.011787568037669852 0.1150191245543466 0.0018421104795402858 -0.005486533623497626 0.0036641289543429016 0.014648589515595901 0.003894514953155198 0.0083203827535902816 0.013625439659547968 0.072442466646860576 -0.0058674628999651583 0.01543084240098916 0.0022400829040292169
leaf_weight=278.1641958495602 346.30018510483205 297.6996880620718 238.14867015182972 835.90777044650167 199.7463819636032 524.52736864611506 632.37247983273119 505.388626601547 907.39041909575462 49.156641144305468 455.12812790554017 374.69777393620461 237.84441412985325 1087.1488423869014 2623.8017134517431 573.27793884277344 100.73344819340855 320.08860245998949 5.5026384368538848 222.77974002435803 271.63628911226988 3949.0923289731145 120.01291379332542 262.23170489445329 988.28747970424592 590.58921713009477 9.6906829029321653 476.14359017461538 276.2046095430851 11665.834058241919
leaf_count=13493 10328 1953 1414 57956 6608 3746 12824 4870 5943 2165 5126 13342 994 5666 18549 3808 3217 8454 81 2983 1372 18461 498 1813 5058 3375 71 3680 1249 70275
internal_value=-0.000181239 0.00101423 0.00156114 -0.0225999 -0.0107096 -0.000163894 -0.00502527 -0.000882391 0.000707097 -0.00780776 0.00441519 -0.014899 0.00295775 -0.00139148 0.000267224 -0.00585008 -0.00295821 -0.000847335 -0.00477764 0.00505994 0.00505921 0.00233193 -0.00346757 -0.00624611 0.00306843 0.00937386 -0.000771481 0.00267342 0.00298836 0.00271557
internal_weight=29425.5 27936.8 26692.5 1488.77 1244.31 12447.6 1890.59 1258.22 10557 1044.56 752.828 652.862 5093.71 5463.26 3982.59 1480.67 698.261 649.104 548.371 228.282 1358.79 4855.86 906.772 786.759 14244.9 838.429 247.839 13406.5 12930.3 12654.1
internal_count=289372 204581 170745 84791 33836 85623 24773 11949 60850 27228 7079 26835 25512 35338 25587 9751 16900 14735 11518 3064 7038 24518 6057 5559 85122 4860 1485 80262 76582 75333
is_linear=0
shrinkage=0.03


Tree=86
num_leaves=31
num_cat=0
split_feature=8 11 0 27 1 1 29 6 1 0 27 4 28 27 21 27 4 25 4 28 29 13 29 29 28 29 28 1 20 1
split_gain=835.437 195.461 77.8675 64.8226 61.7452 60.5022 50.1879 49.0539 46.8101 44.5345 40.8637 58.2987 49.598 42.3935 39.6192 35.892 217.092 51.7951 101.259 74.0478 53.0922 46.3605 40.3065 63.5972 60.8829 47.0187 37.3192 42.135 37.0318 36.1697
threshold=0.0047420221380889424 0.17797981202602389 2.5000000000000004 0.051391525194048888 0.98356756567955028 8.4103074073791522 -0.16799793392419812 0.17242455482482913 47.646572113037116 6.5000000000000009 0.79032260179519664 1.0000000180025095e-35 -0.38242425024509424 0.78136202692985546 0.095984473824501051 0.021863799542188648 1.0000000180025095e-35 0.056078869849443443 1.0000000180025095e-35 0.9837264120578767 0.94636487960815441 0.2151400297880173 0.48877522349357611 0.13185577094554904 0.82899317145347606 0.93158200383186351 0.8431384563446046 11.009984016418459 -0.13311298936605451 0.3347842693328858
decision_type=2 2 2 2 2 2 2 8 2 2 2 2 2 2 10 2 2 2 2 2 2 10 2 2 2 2 2 2 10 2
left_child=3 7 4 -1 6 -6 14 -2 10 -5 13 12 -12 15 -3 16 -4 18 19 20 21 22 23 -17 25 -24 -19 28 -28 -30
right_child=1 2 8 9 5 -7 -8 -9 -10 -11 11 -13 -14 -15 -16 17 -18 26 -20 -21 -22 -23 24 -25 -26 -27 27 -29 29 -31
leaf_value=-0.027735484059227898 -0.017874124470713352 0.0036554051604989223 -0.02058101934422249 -0.022746088907108147 0.0019704501119839654 -0.0065833565037090374 -0.018435455977930976 -0.0044208337343536576 0.020519106619048565 -0.0066057056054684288 -0.0023975902932413728 -0.0025704578954974895 0.026486753809427933 0.022081109051707268 -0.01095080897410158 0.050492354683333386 0.029846961821012982 0.0029386597915883688 -0.007542097819132944 -0.0081194848354915212 -0.017352361742768954 0.020281680574425604 0.019263990246572226 -0.0093823994810185232 0.14924567471388739 0.11771524762172589 0.0050580422487891165 -0.012575904564943438 -0.013647072997623801 -0.00048395326205387715
leaf_weight=840.72310259379447 565.17353971861303 318.88836910668761 275.84612902067602 315.7481451574713 2843.0114543512464 1006.9713754504919 319.4363050898537 430.05686967819929 124.07243986427784 301.40174698829651 96.081871345639229 2544.4454572275281 119.30110442638397 99.065481178462505 349.34033568855375 62.961043664254248 105.37908793985844 15993.608286087401 153.75076271593571 59.449701538309455 20.072919297032058 130.07414832897484 15.899479590356355 20.903300929814577 7.0830088779330245 5.3096340447664252 839.93845124449581 258.19888740777969 236.99320336338133 892.54188324138522
leaf_count=59918 21547 2816 6473 14959 13705 9245 6461 7779 549 9863 428 18681 506 590 3286 577 502 90849 667 695 384 1329 258 258 67 62 6073 1564 4220 4858
internal_value=-0.000179414 0.000978018 0.00146125 -0.0223103 -0.00198535 -0.000267945 -0.00867288 -0.012071 0.0022171 -0.0148869 0.00211265 -0.00130009 0.01365 0.00260383 -0.00398547 0.00250154 -0.00659999 0.00268747 0.0124521 0.0220001 0.0288315 0.0327142 0.0468262 0.0356338 0.0776538 0.0481015 0.00243198 -0.00120543 0.000290874 -0.0032554
internal_weight=29351.7 27893.9 26898.6 1457.87 4837.65 3849.98 987.665 995.23 22061 617.15 21936.9 2759.83 215.383 19177.1 668.229 19078 381.225 18696.8 475.504 321.753 262.304 242.231 112.156 83.8643 28.2921 21.2091 18221.3 2227.67 1969.47 1129.54
internal_count=289169 204429 175103 84740 35513 22950 12563 29326 139590 24822 139041 19615 934 119426 6102 118836 6975 111861 4297 3630 2935 2551 1222 835 387 320 107564 16715 15151 9078
is_linear=0
shrinkage=0.03


Tree=87
num_leaves=31
num_cat=0
split_feature=8 11 0 29 0 3 27 25 1 1 29 0 8 2 4 27 29 12 27 4 25 27 4 17 27 3 28 28 28 27
split_gain=817.092 170.494 74.9406 66.0129 63.5127 62.7686 54.1575 53.2663 51.5546 65.3605 50.0714 46.7645 46.6047 45.5644 63.238 52.8397 40.4649 39.8654 76.6923 101.629 57.318 63.1062 101.447 49.5831 41.2415 40.4021 53.6828 55.1158 71.9931 49.065
threshold=0.0032559566898271446 0.23672325164079669 2.5000000000000004 0.96407344937324535 4.5000000000000009 -0.32845684885978693 0.010278305038809778 0.068481389433145537 1.0438699126243594 7.5026786327362069 -0.23537842929363248 6.5000000000000009 2.5737705230712895 3.4440749883651738 13.097260475158693 0.96774193644523632 -0.11692317575216292 1.3280931115150454 1.0000000180025095e-35 1.0000000180025095e-35 0.056078869849443443 0.057189542800188072 1.0000000180025095e-35 0.4223602712154389 0.032795699313282974 -1.3079366683959959 -0.16799356788396833 0.77244481444358837 0.65233618021011364 0.56827956438064586
decision_type=2 2 2 2 2 2 2 2 2 2 2 2 2 2 2 2 2 2 2 2 2 2 2 8 2 2 2 2 2 2
left_child=5 3 8 4 16 11 -6 -8 10 -10 -3 -1 -9 14 15 17 -2 18 19 -4 -20 22 -22 25 -19 26 -23 28 29 -28
right_child=1 2 13 -5 6 -7 7 12 9 -11 -12 -13 -14 -15 -16 -17 -18 24 20 -21 21 23 -24 -25 -26 -27 27 -29 -30 -31
leaf_value=-0.023620162480785807 -0.0020421032763533738 -0.0031379466296342219 -0.03162756350490168 -0.027571472457652003 -0.030272065634046854 -0.028449089078427622 0.019279107024172362 -0.0056615603961537569 0.0023536185758670516 -0.006199400870548346 -0.017355899677949416 -0.0066248458423267594 0.029156470642455044 0.010372711714004734 -0.0033841884013089381 -0.018762055546990987 -0.023985986275290666 0.022758208966939072 0.012635532346420921 0.041388076523177414 -0.012213127845539103 0.0027547386571570537 0.022795637705516032 -4.6805831646669089e-05 0.0046810040673380734 0.0029128017006127445 0.0018825595417297841 -0.010161544846702574 0.079566526509324192 0.025554613652933298
leaf_weight=299.4018393503502 108.29669677931815 667.24163622781634 112.92261798586696 162.18514255713671 55.324833875522017 769.02293725311756 110.68768927734345 528.5863982681185 2643.9070781841874 1154.382834635675 334.21414012648165 285.06365454383194 36.028321040794253 609.83331482857466 1759.7360349446535 103.15008703619242 251.2609299402684 115.71580731868744 452.10256368946284 19.309395760297775 546.93770205415785 500.89544370025396 85.277695089578629 5326.9340272443369 4346.9255958497524 7563.007929218933 114.27993552386761 57.52368376776576 17.198751412332058 254.05322754383087
leaf_count=15214 2718 5906 3166 5580 2590 56591 3604 11840 12454 10091 6427 10052 434 2960 12966 886 8699 599 5253 96 9093 3315 375 30516 22487 42932 807 387 101 1257
internal_value=-5.3411e-05 0.00104595 0.00155193 -0.00976861 -0.00709726 -0.0228109 -0.0020099 0.00034684 -0.00184397 -0.000246777 -0.00789546 -0.0153564 -0.00339219 0.00229335 0.00206238 0.00255112 -0.0174006 0.00266475 0.00192614 -0.0207347 0.00212838 0.00179915 -0.00746236 0.00222292 0.00515474 0.00364402 0.00949332 0.0170882 0.0211698 0.018235
internal_weight=29391.4 28037.9 26785.5 1252.37 1090.18 1353.49 730.627 675.302 4799.75 3798.29 1001.46 584.465 564.615 21985.8 21376 19616.2 359.558 19513.1 15050.4 132.232 14918.2 14466.1 632.215 13833.9 4462.64 8506.96 943.951 443.056 385.532 368.333
internal_count=289396 207539 172074 35465 29885 81857 18468 15878 34878 22545 12333 25266 12274 137196 134236 121270 11417 120384 97298 3262 94036 88783 9468 79315 23086 48799 5867 2552 2165 2064
is_linear=0
shrinkage=0.03


Tree=88
num_leaves=31
num_cat=0
split_feature=8 11 0 8 3 6 3 0 2 23 30 3 11 8 3 23 29 4 28 11 3 29 28 29 23 11 29 25 14 28
split_gain=764.854 184.101 92.9377 70.5328 65.0842 46.6742 45.7904 44.7183 43.5134 50.8209 43.3856 42.8255 40.7762 39.2873 36.0751 35.0122 34.2258 33.6352 46.5088 37.8664 32.8276 30.7979 29.9887 27.7136 26.529 25.3559 45.5085 50.5976 48.5975 26.6121
threshold=0.0032559566898271446 0.17104351520538333 6.5000000000000009 0.31718172132968908 -0.32845684885978693 0.17242455482482913 1.638525187969208 5.5000000000000009 1.6496978402137759 -0.4433834701776504 2.5000000000000004 0.060972640290856368 1.3113456368446352 0.85647928714752208 -1.6262614130973814 0.71448266506195079 0.48877522349357611 -1.0000000180025095e-35 -0.031173458322882649 3.9652520418167119 -1.8913095593452451 0.51849433779716503 0.76140651106834423 0.95691862702369701 -0.02064466197043657 0.027831356041133407 0.44312302768230444 0.068481389433145537 -0.17015293985605237 -0.97876849770545948
decision_type=2 2 2 2 2 8 2 2 2 10 2 2 2 2 2 8 2 2 2 2 2 2 2 2 10 2 2 2 8 2
left_child=4 5 3 12 7 20 14 -1 13 10 -10 -12 -3 17 16 -14 -4 18 24 21 -2 -20 -8 -7 -5 -9 29 28 -28 -27
right_child=1 2 6 8 -6 23 22 25 9 -11 11 -13 15 -15 -16 -17 -18 -19 19 -21 -22 -23 -24 -25 -26 26 27 -29 -30 -31
leaf_value=-0.024437693521365048 0.049078630508863394 -0.011462018199078557 0.011402498726739686 -0.0018638135531541685 -0.028065467309282739 -0.0010174389478877573 0.018240178643190663 -0.019465479791524291 -0.0071700912667756441 0.0010498673158268819 0.0087539610331626213 -0.0048058055565864989 0.0011141588847560808 0.0039272673746648858 0.0029606710590770724 -0.010988710428239979 0.060728172676407767 0.0080165833244405637 0.00079831484402832938 0.011845071784318796 -0.018228884788794631 -0.016801281553130758 -0.006623665636996106 -0.023360483716797466 -0.012925513742697122 0.022967667915330489 0.22288442004614584 0.015846657722464016 -0.015387712711054274 -0.012630956920264124
leaf_weight=241.22628246527165 5.6687183734029523 668.3301758999005 273.3934882581234 350.97743264399469 749.27361192181706 357.97986437100917 284.9269023835659 106.94368978310376 1661.4595934823155 4167.797860480845 373.50433295965195 475.171745210886 815.06031813845038 4760.974695423618 11074.613562871702 291.18587666936219 12.357884153723715 315.14260338246822 638.29476749897003 248.35439110174775 548.18257375620306 103.06367903761566 50.995497494935989 57.08768608327955 439.53159579262137 20.452192712575197 1.1325136944651601 43.607630838640034 1.0165950329974287 161.97255839966238
leaf_count=12727 107 13911 1444 2739 56698 6365 1245 5121 10109 25968 2403 3545 8130 24090 67767 2855 107 1294 5094 1350 22095 1360 213 1385 3231 638 63 1646 65 4946
internal_value=2.65843e-05 0.00108207 0.00154324 4.8789e-06 -0.0222309 -0.0117596 0.00355657 -0.0146103 0.000742364 -0.000981189 -0.0043526 0.00116516 -0.00561699 0.00242097 0.00323299 -0.0020786 0.01374 -0.00100181 -0.00260189 0.00173166 -0.0174528 -0.00166772 0.0144572 -0.00413922 -0.0080228 -0.00748475 -0.00180921 0.0246201 0.141079 -0.00853643
internal_weight=29299.7 27974.1 27005.1 15308.8 1325.63 968.919 11696.3 576.351 13534.3 6677.93 2510.14 848.676 1774.58 6856.34 11360.4 1106.25 285.751 2095.36 1780.22 989.713 553.851 741.358 335.922 415.068 790.509 335.125 228.181 45.7567 2.14911 182.425
internal_count=288711 206807 176855 106079 81904 29952 70776 25206 81183 42025 16057 5948 24896 39158 69318 10985 1551 15068 13774 7804 22202 6454 1458 7750 5970 12479 7358 1774 128 5584
is_linear=0
shrinkage=0.03


Tree=89
num_leaves=31
num_cat=0
split_feature=6 11 29 0 27 1 29 1 17 3 29 30 30 3 27 1 11 20 5 3 27 12 27 27 27 1 27 29 5 27
split_gain=751.626 149.459 122.832 73.3389 54.4504 45.811 56.399 46.1172 50.5652 44.8939 46.7002 43.9347 73.491 37.2995 49.2263 57.3176 36.6236 37.2226 36.0112 35.4802 34.6728 34.5592 34.48 30.5998 28.3522 27.309 34.4728 27.2481 26.2542 25.1651
threshold=0.010169503744691612 0.17797981202602389 -0.13398942351341245 6.5000000000000009 0.020556610077619556 0.66245207190513622 -0.15950992703437802 6.4357738494873056 -0.10185518488287924 -1.6262614130973814 0.48877522349357611 2.5000000000000004 1.0000000180025095e-35 1.638525187969208 1.0000000180025095e-35 2.4607234001159672 8.3011608123779315 1.6480531692504885 1.2675762176513674 -0.05655249394476413 0.37706093490123754 -3.2541849613189693 0.59014335274696361 0.91254481673240673 0.13655914366245273 30.305106163024906 0.96774193644523632 0.93769648671150219 -9.0733609199523908 0.47222222387790685
decision_type=8 2 2 2 2 2 2 2 8 2 2 2 2 2 2 2 2 10 8 2 2 2 2 2 2 2 2 2 8 2
left_child=2 4 21 5 -2 6 16 18 25 10 29 12 28 14 15 -11 17 -3 27 -14 -19 -1 -10 -16 -18 26 -9 -7 -6 -5
right_child=1 3 -4 9 11 7 -8 8 22 13 -12 -13 19 -15 23 -17 24 20 -20 -21 -22 -23 -24 -25 -26 -27 -28 -29 -30 -31
leaf_value=0.0070155990160158657 -0.026333874817686495 -0.0033066859584960401 -0.024992095792186052 -0.022833071223790743 0.061796279548373155 0.0015530888750569392 -0.01069050673664762 0.0022560416054371629 -0.00026532501153742202 -0.031287504322518367 0.070088746945664332 -0.021754830812793117 0.0014076470635981998 0.012728066585118625 0.0032147329063328687 0.033597097205989322 0.055217511685473203 -0.004352262824053826 0.0063104155482300705 0.034656682501050522 0.041178069261675762 -0.011565878183318277 -0.0066785777234322748 -0.0051581748230692965 0.0092051818125682156 0.014864191216276551 -0.02556880710786244 -0.010250901826973222 -0.018482088990397553 0.014523382692980234
leaf_weight=119.50614800676703 162.85988230258226 1192.3188678324223 1165.5418249648064 16.409649882465601 2.7738698702305555 6499.1178385838866 726.18165526166558 1439.6705552786589 1362.4492373839021 69.257849697954953 12.23054154217243 151.13164922222495 367.62818901799619 345.3057851344347 10552.994596176781 13.98118035495281 12.199823595583437 26.988102775067091 1548.3836485669017 30.357843738049269 32.549339227378368 358.00502297189087 1690.0588760226965 407.14999719709158 148.97338991984725 150.33817054331303 40.222738660871983 179.91351559385657 226.93888115510345 264.1766775213182
leaf_count=1523 8260 11113 76728 110 30 32174 13164 9892 8418 2098 96 4146 9289 1498 62533 79 109 269 6729 553 215 13968 13875 3067 848 766 426 1330 5099 1340
internal_value=-3.7025e-05 0.00113378 -0.0197446 0.00154775 -0.0106064 0.000163271 -0.00390185 0.000837112 -0.00153935 0.00333122 0.0149108 -0.00728814 -0.00377592 0.00303221 0.00272791 -0.0201198 -0.000407949 -0.0021441 0.00218973 0.00402434 0.0208084 -0.00691057 -0.00381713 0.00290325 0.013007 0.00272537 0.00148302 0.00123364 -0.017249 0.0122653
internal_weight=29315.6 27672.6 1643.05 26730.9 941.69 15049.4 2139.21 12910.2 4682.74 11681.5 292.817 778.83 627.699 11388.7 11043.4 83.239 1413.03 1251.86 8227.42 397.986 59.5374 477.511 3052.51 10960.1 161.173 1630.23 1479.89 6679.03 229.713 280.586
internal_count=289745 197526 92219 170149 27377 99328 25718 73610 33377 70821 1546 19117 14971 69275 67777 2177 12554 11597 40233 9842 484 15491 22293 65600 957 11084 10318 33504 5129 1450
is_linear=0
shrinkage=0.03


Tree=90
num_leaves=31
num_cat=0
split_feature=6 11 8 0 27 3 28 28 28 3 8 1 23 17 27 21 11 27 21 17 17 12 27 3 27 4 11 21 0 8
split_gain=730.416 161.132 96.6983 59.8668 58.7699 45.3562 40.0291 63.3502 65.937 58.4997 36.6359 62.1953 53.2054 54.3966 40.5841 37.0755 34.7864 33.9319 32.6032 32.5006 32.4338 39.266 32.3838 32.3056 35.3447 56.5856 32.127 32.0679 29.1177 28.5466
threshold=0.010169503744691612 0.21905642747879031 0.00079361797543242585 7.5000000000000009 0.041113220155239112 -1.4266642928123472 0.98932364583015453 0.71503382921218883 0.78325453400611889 -0.39371374249458307 0.45253856480121618 5.0216891765594491 -0.23776624351739881 -0.082136020064353929 1.0000000180025095e-35 0.051164105534553535 0.87095120549201976 0.49713261425495153 -0.1304536238312721 -0.0098071317188441736 -0.6824088692665099 0.075576730072498335 1.0000000180025095e-35 1.638525187969208 0.022875817492604259 1.0000000180025095e-35 0.84372010827064525 0.84035903215408336 4.5000000000000009 2.6664427518844609
decision_type=8 2 2 2 2 2 2 2 2 2 2 2 10 8 2 8 2 2 10 8 10 2 2 2 2 2 2 10 2 2
left_child=2 4 -1 10 -2 -5 7 17 19 -10 14 -12 13 18 -3 26 -4 29 -13 -9 -11 27 -14 24 25 -7 -16 -22 -17 -6
right_child=1 3 16 5 6 23 -8 8 9 20 11 12 22 -15 15 28 -18 -19 -20 -21 21 -23 -24 -25 -26 -27 -28 -29 -30 -31
leaf_value=-0.026521075446613196 -0.021680523378053436 -0.029587274762681397 -0.017101626445006148 0.013527234672332905 -0.01510560905439242 -0.020243050029841014 -0.026616064147225883 0.088860110894787278 -0.0059629899818784832 -0.011309119583758839 0.0029097775486114849 -0.0030446845988491601 0.051963887183087712 -0.0063077524888136231 -0.0072848189146002143 -0.0095601925390559721 -0.0039957633177903143 0.013084098472678508 0.0081115933234786799 0.015453235693838 -0.0089973815534863995 0.06275096719239566 0.0013129332345212161 0.013458578758797071 0.0030686193880455851 0.027571074196941936 0.0042918330634116094 0.064779187718161518 -0.00040704366576596867 0.01950513931507368
leaf_weight=859.01929510384798 291.94438717328012 48.77948325779289 449.49930186755955 394.86185101419687 391.3118508066982 122.24076465144753 75.381984546780586 11.671525940299032 172.01976056210697 15.099617360159753 8163.0869078058749 494.78609851747751 10.39561155438423 2264.3645804077387 281.08484574873 752.33109209872782 307.42187699861825 48.546345150098205 448.65641997009516 10.380009796470405 19.384929614141587 26.58409171923995 3768.1514109671116 263.24994677305222 7980.9575984571129 26.278705149888992 916.76186912693083 6.2033478412777177 535.04381774179637 21.85096880979836
leaf_count=63864 12949 1634 22204 2170 9280 3174 1742 251 3389 368 42215 3025 47 15037 4506 7745 6063 567 2771 206 630 411 23841 1147 46069 138 7880 195 5090 313
internal_value=-3.63679e-05 0.00111326 -0.0196329 0.00157896 -0.0101835 0.00360266 -0.00595785 -0.00377034 0.0080132 0.00333077 0.000573157 0.00113165 -0.000946086 -0.0037869 -0.00276492 -0.00222677 -0.011791 -0.0104431 0.00226368 0.0564757 0.0268349 0.0378795 0.001466 0.00313417 0.00279823 -0.0116551 0.00157146 0.0106519 -0.00575934 -0.0132325
internal_weight=29177.4 27561.4 1615.94 26471 1090.38 8787.59 798.434 723.052 261.343 239.292 17683.4 15149.4 6986.35 3207.81 2534 2485.22 756.921 461.709 943.443 22.0515 67.272 52.1724 3778.55 8392.73 8129.48 148.519 1197.85 25.5883 1287.37 413.163
internal_count=288921 196790 92131 166489 30301 52698 17352 15610 5450 4993 113791 86936 44721 20833 26855 25221 28267 10160 5796 457 1604 1236 23888 50528 49381 3312 12386 825 12835 9593
is_linear=0
shrinkage=0.03


Tree=91
num_leaves=31
num_cat=0
split_feature=8 27 4 27 29 4 27 17 27 1 4 18 28 8 28 29 18 29 27 5 23 28 28 5 28 28 27 2 27 1
split_gain=685.061 106.967 273.057 69.8236 63.0648 84.5587 46.4215 41.8784 47.6501 93.6379 48.7622 99.9932 56.8696 48.3836 43.7382 46.9719 80.7083 42.7771 121.701 46.124 43.1873 45.3101 40.0617 39.4061 38.9556 64.7454 52.4322 37.4082 37.9647 35.6435
threshold=0.0047420221380889424 0.021863799542188648 1.0000000180025095e-35 0.051391525194048888 0.96633976697921764 -0.049472808837890618 1.0000000180025095e-35 0.019827900454401973 0.6338709592819215 2.7981131076812749 -0.41782200336456293 5.8987350463867196 0.98802474141120922 2.0298682451248173 0.51297098398208629 -0.9852197766304015 9.0539093017578143 0.47369650006294256 0.27418301999568945 -0.66428560018539418 0.99014621973037731 0.9996619224548341 0.039769539609551437 -3.1791435480117793 0.79904097318649303 0.5986820161342622 0.32795698940753942 3.4440749883651738 0.96774193644523632 32.497514724731452
decision_type=2 2 2 2 2 2 2 10 2 2 2 10 2 2 2 2 10 2 2 10 10 2 2 8 2 2 2 2 2 2
left_child=3 2 6 -1 7 -6 -2 24 10 -10 11 17 13 14 15 16 -13 20 19 -19 21 -9 -7 -12 25 27 -27 28 -3 -11
right_child=1 4 -4 -5 5 22 -8 8 9 29 23 12 -14 -15 -16 -17 -18 18 -20 -21 -22 -23 -24 -25 -26 26 -28 -29 -30 -31
leaf_value=-0.02728272152597274 -0.031574464820676919 0.0025042130721624253 0.026440985720966481 -0.013300975145818215 -0.01948703743710823 0.031590259500851772 -0.012917005656562241 -0.0057228706100240804 0.0086118992720076257 -0.0050201824215022426 -0.0024988642972934797 -0.0034980856590315214 -0.011885680047395802 0.017966681611647752 0.0081046461136725038 -0.0049206652480399517 0.04182824655750849 0.012923690564527893 0.039757714634651824 -0.010622837454909849 -0.017863940148782387 0.062452903544106819 -0.0025966864923855919 0.0041552343023965625 -0.0013469793780884758 0.0034980956783024499 0.017218122167594982 0.013201795437443601 -0.017278554955192805 0.0058141817210882211
leaf_weight=741.73647054750472 230.72063001897186 8785.1820850931108 133.70654258877039 572.92508384678513 286.13000575453043 46.193098239600658 253.94306374620646 1542.8673823680729 602.89049634709954 3359.6002453416586 944.60248123109341 93.190847937017679 191.0407584765926 234.87891674786806 879.23607581295073 669.56940090935677 55.833137314766645 104.60218274965882 67.734419506043196 256.58933642692864 294.3142641345039 7.8299390692263833 88.6913703083992 5246.1701977625489 1791.570751096122 480.14867720939219 525.01316872239113 292.11970812082291 87.197114504873753 296.64915265142918
leaf_count=59888 8372 55769 649 24749 6154 204 7326 11516 2724 23190 4578 592 3145 1335 11000 6527 356 1117 558 4787 2352 83 392 24837 15970 4580 2665 1437 803 1409
internal_value=-5.03711e-05 0.00094899 -0.0113789 -0.0212043 0.00122936 -0.0102778 -0.0218455 0.00141044 0.000346161 -0.00233316 0.00142402 -0.000991361 0.00368868 0.0052335 0.00346244 -0.00152747 0.0136494 -0.005362 0.00316604 -0.00378684 -0.00734523 -0.0053386 0.00925744 0.0031397 0.00273141 0.00344996 0.0106743 0.00265651 0.00230786 -0.00413979
internal_weight=29162.9 27848.2 618.37 1314.66 27229.8 421.014 484.664 26808.8 14847.6 4259.14 10588.5 4397.69 2123.75 1932.71 1697.83 818.593 149.024 2273.94 428.926 361.192 1845.01 1550.7 134.884 6190.77 11961.2 10169.7 1005.16 9164.5 8872.38 3656.25
internal_count=289064 204427 16347 84637 188080 6750 15698 181330 100106 27323 72783 43368 22955 19810 18475 7475 948 20413 6462 5904 13951 11599 596 29415 81224 65254 7245 58009 56572 24599
is_linear=0
shrinkage=0.03


Tree=92
num_leaves=31
num_cat=0
split_feature=8 11 27 29 3 6 25 27 4 6 4 27 2 5 27 4 6 3 25 2 8 28 4 29 12 28 28 27 18 18
split_gain=677.573 131.988 95.3722 64.9298 60.6277 57.5386 46.8334 53.0951 45.4885 44.1887 37.3191 72.2527 51.2222 48.0493 48.5007 83.4621 40.7378 56.0899 55.552 37.7167 86.9763 51.281 67.5341 50.1866 49.3203 42.9535 69.7371 67.7946 40.6295 39.5761
threshold=0.0032559566898271446 0.50328534841537487 0.020556610077619556 0.96633976697921764 -0.32845684885978693 0.63571417331695568 0.051416425034403808 0.37706093490123754 1.0000000180025095e-35 29.643007278442386 13.097260475158693 0.96774193644523632 3.3826205730438237 1.1556624174118044 1.0000000180025095e-35 1.0000000180025095e-35 9.9773979187011737 0.5016179382801057 0.27081741392612463 1.4824849963188174 0.79755660891532909 0.022575936280190948 -1.0000000180025095e-35 -0.16799793392419812 -1.282995820045471 0.79904097318649303 0.75014290213584911 0.68297490477561962 7.0907745361328134 18.675170898437504
decision_type=2 2 2 2 2 8 2 2 2 10 2 2 2 8 2 2 8 2 2 2 2 2 2 2 2 2 2 2 10 10
left_child=4 2 -2 5 -1 6 -4 8 -8 10 11 13 16 14 15 -3 17 18 -12 20 21 22 -16 29 -21 26 -26 -28 -22 -23
right_child=1 9 3 -5 -6 -7 7 -9 -10 -11 12 -13 -14 -15 19 -17 -18 -19 -20 24 28 23 -24 -25 25 -27 27 -29 -30 -31
leaf_value=-0.014361267041602836 -0.024171873090540162 -0.031698848781201244 0.012446454331366307 -0.020779487535465477 -0.027866824570705918 0.004591010687747748 -0.011807133856883423 0.0077052945527330179 0.036303487122733583 0.017852072407610834 -0.0037128451437254927 -0.020272528871127314 0.0046126714985059089 0.0038937598217183142 -0.006013041156471376 0.04407644660588466 0.00095020222735749734 -0.012744390565934242 0.026746895251034183 -0.0041660259114879705 0.0032134186352444417 0.0060447446097825199 0.013508565374744333 -0.0059875218563959758 0.0021555788716216564 -0.0064722985442964166 0.00067666310737153558 0.057265084992586646 0.0091325621884610284 -0.010616157497587301
leaf_weight=541.007657491602 231.29862153623253 82.818711365573108 108.89865039009601 185.77223017625511 679.8659928329289 699.74929185397923 909.01483224704862 161.84871497750282 17.091060474514961 147.637854186818 352.1415818631649 131.1940658763051 780.77938321232796 7720.4799762349576 1829.2396237552166 14.598498299717901 757.70174758136272 769.30063115060329 62.59277655184269 2317.3992985710502 3380.9672888908535 1600.2419551108032 173.77411411702633 509.40322806779295 2821.0413438081741 514.84256094694138 35.421226337552071 40.296071842312813 1510.0316852424294 138.58806208148599
leaf_count=25204 10508 2399 3245 5012 56815 7075 23042 1754 73 728 3712 1163 4243 39894 15934 68 5114 6270 498 11813 16525 11799 710 7928 15522 2509 159 207 7985 1759
internal_value=-3.05466e-05 0.00092357 -0.00593787 -0.00390191 -0.0218987 -0.00223867 -0.00623219 -0.00811154 -0.0108811 0.00154172 0.00144675 0.00184282 -0.00187267 0.00197159 0.000979985 -0.020011 -0.00448148 -0.00795526 0.000937496 0.00111883 0.00231472 -0.000823847 -0.00431352 0.00228574 -0.000789633 0.0015044 0.00292385 0.0311464 0.00504237 0.0047115
internal_weight=29225 28004.2 2313.67 2082.37 1220.87 1896.6 1196.85 1087.95 926.106 25690.5 25542.9 22820.3 2722.52 22689.1 14968.7 97.4172 1941.74 1184.03 414.734 14871.2 9142.25 4251.25 2003.01 2248.23 5729 3411.6 2896.76 75.7173 4891 1738.83
internal_count=289667 207648 50709 40201 82019 35189 28114 24869 23115 156939 156211 136374 19837 135211 95317 2467 15594 10480 4210 92850 62640 38130 16644 21486 30210 18397 15888 366 24510 13558
is_linear=0
shrinkage=0.03


Tree=93
num_leaves=31
num_cat=0
split_feature=6 11 29 17 2 12 11 28 6 8 1 25 30 30 12 28 8 18 1 8 23 29 1 15 13 28 29 28 11 29
split_gain=645.032 185.451 51.2281 49.6132 46.5343 47.3298 39.9872 39.8768 38.0868 37.309 35.4778 35.0345 34.7994 38.7083 53.9025 34.0717 33.781 32.2118 36.9533 39.6716 33.2496 31.74 31.4808 31.4483 31.3342 31.128 33.6032 63.5719 63.0635 59.672
threshold=1.0000000180025095e-35 0.17797981202602389 0.96177148818969738 0.019827900454401973 2.5173546075820927 2.196036815643311 0.63772630691528331 -0.8940606117248534 9.2285242080688494 24.131349563598636 2.4607234001159672 0.14165212213993075 2.5000000000000004 1.0000000180025095e-35 1.0000000180025095e-35 0.98932364583015453 0.20549450814723971 5.8065185546875009 1.9967387914657595 1.9558935761451723 -1.0921961069107053 0.94353348016738903 3.6504336595535283 0.44019709527492529 0.55456867814064037 0.86548283696174633 -0.92272481322288502 -0.58482360839843739 13.625600814819338 -0.039769286289811127
decision_type=8 2 2 8 2 2 2 2 10 2 2 2 2 2 2 2 2 8 2 2 10 2 2 8 10 2 2 2 2 2
left_child=11 2 8 6 5 16 10 -7 12 23 21 -1 13 -2 -15 24 -5 18 19 -18 -20 -3 -9 -6 -16 26 -8 29 -29 -28
right_child=1 3 -4 4 9 7 25 22 -10 -11 -12 -13 -14 14 15 -17 17 -19 20 -21 -22 -23 -24 -25 -26 -27 27 28 -30 -31
leaf_value=-0.026693732651667048 -0.016851743884306027 -0.0037116088227296426 -0.027614519839087293 -0.0046474776465576509 -0.0022647962785863548 0.01374906985032086 0.00086771841605096057 0.016943255829994525 0.066934878132464903 0.017876116419871118 0.013749025225543629 -0.011238949987173357 -0.023228101263970766 -0.011470734914335295 0.0039280962918844678 -0.021767610049219153 -0.006625698386016142 0.0033375460878942373 -0.0045636523069491741 0.0027163700319563049 0.0021917222488513077 -0.025257760079985828 0.0011891720315922016 -0.009963443877893944 0.027757312250583449 -0.0016034563767187357 0.00026908344684017953 0.0069011439901825542 0.023936192154008901 0.0083315746628089774
leaf_weight=810.38123239204288 241.31850759033114 736.81998128909618 151.04589305259287 1188.8454735148698 2101.9630171507597 406.79739470779896 2811.8522027432919 126.87917742133141 4.9513193834573022 70.943572707474232 95.366437584161758 160.15791330393404 136.51398833654821 286.02131337020546 163.19224960356951 31.094720089808106 1393.1117234602571 2917.0690107494593 791.67838555574417 578.3683080021292 3795.5240366756916 66.209907218813896 1065.7278035879135 617.2953592389822 70.654594892635942 1129.1573857590556 3139.8176594311371 2736.1502641784027 209.89896348305047 1120.2359220618382
leaf_count=67634 6810 10891 6521 18601 15530 1925 15468 545 59 386 413 5553 4330 12777 3985 739 10205 17549 3790 3119 18066 1349 5486 4592 1690 7869 17564 17553 1228 7162
internal_value=-0.000123769 0.000704668 -0.0114525 0.00119172 4.34818e-05 0.00083911 0.00262664 0.00564985 -0.00881137 -0.00345266 -0.00345913 -0.0241576 -0.00928672 -0.0068583 -0.00245862 0.00727707 0.000117166 0.000715374 -0.000451206 -0.00388505 0.00102511 -0.0055173 0.00287801 -0.00401548 0.0112154 0.00311739 0.0036496 0.00473483 0.00812256 0.00239068
internal_weight=29155 28184.5 1084.79 27099.7 15054.2 12264 12045.5 1599.4 933.747 2790.2 898.396 970.539 928.795 792.281 550.963 264.942 10664.6 9475.75 6558.68 1971.48 4587.2 803.03 1192.61 2719.26 233.847 11147.1 10018 7206.1 2946.05 4260.05
internal_count=289389 216202 36911 179291 99794 79286 79497 7956 30390 20508 12653 73187 30331 26001 19191 6414 71330 52729 35180 13324 21856 12240 6031 20122 5675 66844 58975 43507 18781 24726
is_linear=0
shrinkage=0.03


Tree=94
num_leaves=31
num_cat=0
split_feature=6 11 0 3 25 4 29 4 29 2 3 4 30 18 11 28 12 30 3 29 19 5 4 11 28 25 1 29 22 30
split_gain=618.118 148.848 64.9228 49.3216 48.6204 45.8694 44.4836 43.5064 42.1034 37.655 37.6686 36.7593 33.634 51.7456 39.2633 31.6266 31.4058 31.0158 30.7825 63.5325 53.4633 35.0156 35.645 33.5755 31.0739 63.4621 32.7446 30.8593 37.2377 36.3811
threshold=0.00082644636859186005 0.17104351520538333 3.5000000000000004 -1.8913095593452451 0.11385202407836915 -2.1398856639862056 -0.23537842929363248 9.9921836853027362 0.96633976697921764 3.711634755134583 1.1343008279800417 13.097260475158693 2.5000000000000004 2.6401519775390629 0.50328534841537487 0.81428062915802013 19.064690589904789 2.5000000000000004 -1.3971115350723264 0.50370931625366222 0.13355294615030291 1.2093989849090578 1.0000000180025095e-35 5.077341079711915 -0.99054482579231251 0.073543433099985137 1.7931002974510195 -0.25206183642148966 0.82293429970741283 2.5000000000000004
decision_type=8 2 2 2 2 2 2 2 2 2 2 2 2 8 2 2 2 2 2 2 10 10 2 2 2 2 2 2 10 2
left_child=4 3 5 -2 -1 6 17 12 -5 11 -11 18 13 -7 -14 -13 -9 -3 19 27 -21 24 -23 -24 25 26 -20 28 -4 -29
right_child=1 2 9 8 -6 7 -8 16 -10 10 -12 15 14 -15 -16 -17 -18 -19 21 20 -22 22 23 -25 -26 -27 -28 29 -30 -31
leaf_value=-0.026861088090396758 0.044047551786158975 -0.0071865071271719439 0.011418699334983575 -0.0089410608398786135 -0.011508323996922434 -0.010432316955502691 -0.018110152520806385 -0.0094458361150918761 -0.027102792815175282 -1.8805234463753737e-05 0.024072243507162687 -0.00097198733077404889 -0.021662024063001203 0.00025377091687891687 0.0052765884440661706 -0.015619375272505525 0.0055995224128829128 0.010602730062532068 0.086532236758113959 0.069758189306456289 -0.00012244571195172945 -0.0043831928340586314 0.0092825069668787865 0.0031369331026296263 0.00083115761610463162 0.0054555362044016228 0.0004317768012216695 0.0079492728668645908 -0.0041684084531320338 -0.019263706503999917
leaf_weight=766.85106302518398 13.712844491004942 359.46989572048187 659.95825796574354 872.06635746639222 247.80239306017756 457.08277625590563 268.09851474873722 706.38011282682419 131.80446959659457 101.50641283392906 136.58787043392658 1796.5373233854771 49.449289053678513 3717.1930695530027 1420.7541018128395 142.26562560349703 150.9337981492281 115.83152215741575 12.347920972853901 25.173111291602254 15.796922769397495 364.00373834371567 1295.0854927822948 2095.1720106825233 11924.674683180638 868.78672728408128 5.6757503449916831 87.69738613627851 173.76049588993192 87.334138568490744
leaf_count=66491 180 4655 3585 28592 9826 2641 7184 7774 5773 435 616 12247 568 20345 8035 864 839 897 173 217 146 1920 5765 10729 81428 4844 25 746 951 745
internal_value=-0.000135375 0.00069693 0.00112101 -0.0105612 -0.0231266 -0.0013086 -0.00836271 -0.000500886 -0.0113502 0.00201042 0.0138444 0.00186563 0.000455919 -0.000918573 0.00435642 -0.00205428 -0.0067936 -0.00283809 0.00229715 0.00727689 0.0434532 0.00198118 0.00452874 0.0054866 0.00123436 0.00664901 0.0608667 0.00576603 0.00816899 -0.00566128
internal_weight=29069.8 28055.1 27037.6 1017.58 1014.65 7245.19 743.4 6501.79 1003.87 19792.4 238.094 19554.3 5644.48 4174.28 1470.2 1938.8 857.314 475.301 17615.5 1049.72 40.97 16565.7 3754.26 3390.26 12811.5 886.81 18.0237 1008.75 833.719 175.032
internal_count=289236 212919 178374 34545 76317 52938 12736 40202 34365 125436 1051 124385 31589 22986 8603 13111 8613 5552 111274 6390 363 104884 18414 16494 86470 5042 198 6027 4536 1491
is_linear=0
shrinkage=0.03


Tree=95
num_leaves=31
num_cat=0
split_feature=8 11 3 0 8 27 30 30 29 29 0 3 8 6 3 27 3 25 29 29 27 8 20 15 5 25 3 27 3 25
split_gain=612.332 127.335 64.3894 57.0333 48.2726 42.8217 44.432 73.2502 49.1706 52.2022 41.6777 40.5381 35.7636 35.1566 31.9445 35.4675 43.0663 39.4277 68.3 34.4459 31.9076 31.6891 30.8576 29.0225 28.5424 27.6412 26.528 39.2603 99.7677 30.5346
threshold=0.0032559566898271446 0.17797981202602389 -0.35100591182708735 4.5000000000000009 0.23600448668003085 0.010278305038809778 2.5000000000000004 1.0000000180025095e-35 -0.82413947582244862 -0.86974579095840443 5.5000000000000009 -0.35100591182708735 0.22029781341552737 0.73865064978599559 -1.6262614130973814 0.80878135561943065 1.0495780110359194 0.14416719973087314 -0.91595870256423939 0.6174544394016267 0.89068099856376659 0.048891635611653335 1.6078709959983828 -1.1261058449745176 -0.28387057781219477 0.2681474387645722 2.0380684137344365 0.021863799542188648 1.1842601895332339 0.056078869849443443
decision_type=2 2 2 2 2 2 2 2 2 2 2 2 2 10 2 2 2 2 2 2 2 2 10 10 8 2 2 2 2 2
left_child=2 5 10 4 13 -2 7 -7 9 -9 -1 21 -10 -3 19 26 17 18 -17 20 22 -11 -5 -19 -12 -6 27 28 -16 -29
right_child=1 3 -4 14 25 6 -8 8 12 11 24 -13 -14 -15 15 16 -18 23 -20 -21 -22 -23 -24 -25 -26 -27 -28 29 -30 -31
leaf_value=-0.023660879386858652 -0.030278728488921502 -0.0098014286516713827 -0.02761359928897136 0.0032582684489734226 -0.00044547654873603967 -0.017659251167387285 -0.022383824160602361 -0.0092305205840828037 -0.0057757224251317098 0.03434200138472232 0.036214856398594113 -0.0068708633863638529 0.012339442479016463 0.0051541082586621639 -0.019542307772809027 -0.0095882105482203682 0.019719363592848049 0.0063237057726227754 0.016281725237198227 0.057238899393341057 0.028915248681564476 0.16916244743096479 0.038864494463096942 -0.0067567435424476206 -0.0082323083056953274 0.004678419057421542 0.014901614789956597 0.012136486088389943 0.025025516206810212 0.0025083195181656416
leaf_weight=209.10400641616434 83.810645058751106 755.65693472512066 644.63025361858308 352.71228631213307 7834.7707324661314 249.29203302320093 154.88107312191278 7.6431643776595619 281.36064089927822 3.1005645599216232 12.622439060360191 2.7222712561488125 149.29311778303236 173.32571253366768 193.67665128223598 153.6194496229291 79.230772450566292 173.92626867443323 225.54965009540319 12.654181744903324 59.921033889055252 4.3606672007590532 22.378536887466908 1207.9171788096428 294.96525616385043 1076.8872223161161 156.08363476395607 301.89509489014745 57.949289098381996 14101.714680080302
leaf_count=12400 4895 13656 57699 1999 50541 7107 5086 91 10288 75 277 78 3090 1140 4993 1318 358 1179 1553 102 262 68 117 8763 11998 5729 696 2691 308 80964
internal_value=4.7269e-05 0.000936789 -0.0212872 0.00131497 -0.000504557 -0.00993228 -0.00789922 -0.00465672 0.00259407 0.0500508 -0.0133562 0.0913909 0.000518232 -0.00700855 0.00236207 0.00214909 -0.00177813 -0.00275598 0.00580293 0.0102619 0.00876726 0.123817 0.00548028 -0.00510699 -0.00629689 0.000174152 0.00263712 0.00250549 -0.00921993 0.00271095
internal_weight=29037.7 27876.3 1161.32 26939.9 9840.64 936.464 852.654 697.772 448.48 17.8267 516.692 10.1835 430.654 928.983 17099.2 16651.6 1840.24 1761.01 379.169 447.666 435.012 7.46123 375.091 1381.84 307.588 8911.66 14811.3 14655.2 251.626 14403.6
internal_count=289521 207147 82374 176369 71066 30778 25883 20797 13690 312 24675 221 13378 14796 105303 102823 13171 12813 2871 2480 2378 143 2116 9942 12275 56270 89652 88956 5301 83655
is_linear=0
shrinkage=0.03


Tree=96
num_leaves=31
num_cat=0
split_feature=6 11 27 27 1 27 4 27 28 27 4 27 30 30 28 28 17 5 25 4 28 18 25 28 25 28 27 27 4 25
split_gain=579.665 157.695 67.0194 46.9007 44.9007 43.1733 173.641 58.1072 56.1929 54.7247 42.8866 61.598 42.3722 65.4069 57.3811 45.1034 41.5318 40.5796 59.4446 76.2102 47.7218 66.3587 32.6154 32.5053 32.2545 72.1466 43.7467 31.6163 57.4898 39.0026
threshold=1.0000000180025095e-35 0.17797981202602389 0.020556610077619556 0.26344086229801184 47.646572113037116 0.030834914185106758 1.0000000180025095e-35 1.0000000180025095e-35 0.99865421652793895 1.0000000180025095e-35 12.249241352081301 0.96774193644523632 2.5000000000000004 1.0000000180025095e-35 0.98932364583015453 -0.8940606117248534 -0.95427986979484547 1.2675762176513674 0.051764089614152915 -0.2387210130691528 0.9837264120578767 5.6782989501953134 0.042760156095027931 -0.8940606117248534 0.064896084368228926 0.89787620306015026 0.11469534039497377 0.057189542800188072 1.0000000180025095e-35 0.081794306635856642
decision_type=8 2 2 2 2 2 2 2 2 2 2 2 2 2 2 2 8 8 2 2 2 10 2 2 2 2 2 2 2 2
left_child=3 2 -2 -1 5 6 7 -3 -9 -8 11 17 13 -4 15 -15 -12 18 19 20 21 -7 -11 -5 25 -17 -26 28 29 -20
right_child=1 4 12 23 -6 10 9 8 -10 22 16 -13 -14 14 -16 24 -18 -19 27 -21 -22 -23 -24 -25 26 -27 -28 -29 -30 -31
leaf_value=-0.02532753443442666 -0.027148397724576008 -0.031753556746457627 -0.016537178833171642 -0.029965423550724717 0.01619432870393981 -0.0010495803502179215 0.04332660125704698 -0.010825676156734279 0.07253291338109577 -0.011040737233183748 0.0069880331041228261 -0.019545641106419407 -0.021153143942607804 -0.021080416014090279 -0.024913269546088232 0.0086631708993930197 -0.0035424231228816626 0.003658509587473241 -0.001994043166943705 -0.0093735877506449829 -0.0083927524510230191 0.03342262128407994 0.023417915590033058 0.017663662270408931 -0.0060232968977936164 0.072813873050053476 0.017423124931352819 0.0009332648644372317 0.016586344612397382 -0.019010662923470537
leaf_weight=851.59638193715364 181.8632611175999 152.6672172229737 244.44741168059409 17.887117000296712 177.81572961807251 67.42182370647788 56.566880628466606 258.31478981021792 6.4993604673072687 48.302865773439407 387.92268935590982 121.00057501345873 157.91249809321016 45.960341730155051 58.565285565331578 54.610356504097581 2529.9369654208422 7419.8028241433203 250.78030343633145 109.09589093923569 45.811121074482799 195.73136662505567 48.716849125921726 39.68338362686336 144.97968281339854 21.381328453309834 139.81354524940252 14863.441674932837 83.51378208398819 234.12906149495393
leaf_count=71970 11337 5125 6556 552 785 957 294 5869 110 216 2665 1070 5393 1113 1954 2043 19062 39373 4236 477 611 2187 238 826 5336 642 2462 91273 364 4212
internal_value=5.16173e-06 0.000768154 -0.0106358 -0.0235578 0.00121088 0.00111116 -0.00704232 -0.0170684 -0.00851462 0.0201447 0.00128841 0.00171622 -0.00714753 -0.00400608 0.00259839 0.00661105 -0.00214051 0.00182761 0.000970342 0.012119 0.0197138 0.02462 0.00632449 0.00260638 0.0101872 0.0274242 0.00550794 0.00066755 -0.00626993 -0.0102324
internal_weight=29016.2 28107 1049.53 909.167 27057.5 26879.7 571.068 417.481 264.814 153.587 26308.6 23390.7 867.67 709.758 465.311 406.745 2917.86 23269.7 15849.9 418.06 308.964 263.153 97.0197 57.5705 360.785 75.9917 284.793 15431.9 568.423 484.909
internal_count=289308 215960 36836 73348 179124 178339 11852 11104 5979 748 166487 144760 25499 20106 13550 11596 21727 143690 104317 4232 3755 3144 454 1378 10483 2685 7798 100085 8812 8448
is_linear=0
shrinkage=0.03


Tree=97
num_leaves=31
num_cat=0
split_feature=6 27 4 0 8 25 27 4 1 29 29 21 28 3 29 28 1 25 28 27 15 18 4 24 4 12 27 30 23 1
split_gain=576.799 134.331 239.893 62.9171 81.8526 59.2146 58.8819 145.271 57.6125 56.4488 108.813 50.4964 39.9259 43.6889 66.0812 42.564 44.2482 42.2979 40.8988 39.7849 38.6971 37.5877 58.6413 52.4753 48.5933 47.995 37.1185 36.6042 35.7447 34.9893
threshold=1.0000000180025095e-35 0.020556610077619556 1.0000000180025095e-35 4.5000000000000009 0.13850809633731845 0.069539032876491561 0.057189542800188072 1.0000000180025095e-35 1.9440238475799563 0.94636487960815441 0.93158200383186351 0.45933514833450323 0.8431384563446046 -1.3971115350723264 0.50370931625366222 1.0000000180025095e-35 2.5918904542922978 0.28018297255039221 -0.27694603800773615 1.0000000180025095e-35 0.6208944320678712 5.9794311523437509 -0.62708729505538929 0.42585399746894842 1.0880358219146731 -3.4647879600524898 0.27418301999568945 2.5000000000000004 -0.29095287621021265 3.243194699287415
decision_type=8 2 2 2 2 2 2 2 2 2 2 10 2 2 2 2 2 2 2 2 10 8 2 10 2 2 2 2 10 2
left_child=26 2 19 4 -3 8 7 -7 9 10 11 -5 13 14 15 -8 -17 18 20 -2 -16 22 25 -24 -25 28 -1 -13 -6 -23
right_child=1 3 -4 5 21 6 12 -9 -10 -11 -12 27 -14 -15 17 16 -18 -19 -20 -21 -22 29 23 24 -26 -27 -28 -29 -30 -31
leaf_value=-0.025420587533892227 -0.031221163495182131 -0.011123354868382083 0.025358190602127715 0.011930419158692702 0.011718472125101428 -0.015460497156927721 0.0010271234293606677 0.019494993971038252 -0.002216781189271569 -0.018739155268888821 0.1259840143942362 0.045731261920944601 -0.0023520289468879347 0.0020838168425409928 0.048339235833492783 0.018014227866083574 -0.020148142419530151 0.011042285448047692 -0.0084295973642059766 -0.013357079778195136 0.12615227543692412 0.0047582825877123579 0.0047448948970526929 0.0046909004357414772 -0.003870783174067598 -0.011269866209362536 0.0011152045839511386 -0.0048298653692595865 -0.0058430882328065117 -0.0023253976423305467
leaf_weight=837.74820818286389 256.10259272437543 668.00739362835884 112.49077504128218 290.32010638061911 168.03277125954628 468.7788902958855 512.52246262505651 137.63960017263889 199.91259510815144 35.112916936166584 7.6483330223709336 76.834455462172627 1696.3225306468084 13765.115613656119 22.828591277822856 311.48156856372952 29.144389778375626 32.564833397045732 6.6811663173139086 203.5176729336381 8.0952069144695979 2015.006984022446 1443.0816313400865 758.14619075506926 2787.0848551392555 872.55828779935837 50.199958452954888 15.227799720130859 271.44004134088755 910.4987751096487
leaf_count=72247 12332 14445 562 4587 893 11407 3337 635 891 1065 124 1319 13512 80406 241 1736 139 347 137 7311 74 15125 8222 3230 19242 8436 1159 231 1536 4511
internal_value=-0.000128975 0.000624139 -0.0137511 0.00092358 -0.000990759 0.00199873 0.00166477 -0.00750757 0.0110599 0.0172934 0.0205769 0.0181455 0.00200468 0.00250795 0.008822 0.00649678 0.0146996 0.0366043 0.0578808 -0.0233572 0.0720227 -0.000255972 -0.00156077 -7.59578e-05 -0.00203906 -0.00720163 -0.0239208 0.037406 0.000882948 0.0025536
internal_weight=28970.1 28082.2 572.111 27510.1 9893.86 17616.2 16991.2 606.418 625.056 425.144 390.031 382.382 16384.8 14688.4 923.318 853.148 340.626 70.1698 37.605 459.62 30.9238 9225.85 6300.34 4988.31 3545.23 1312.03 887.948 92.0623 439.473 2925.51
internal_count=289439 216033 20205 195828 75640 120188 111971 12042 8217 7326 6261 6137 99929 86417 6011 5212 1875 799 452 19643 315 61195 41559 30694 22472 10865 73406 1550 2429 19636
is_linear=0
shrinkage=0.03


Tree=98
num_leaves=31
num_cat=0
split_feature=6 27 4 29 4 25 4 28 27 28 18 29 28 28 3 27 1 28 8 21 3 27 4 27 25 23 12 29 28 27
split_gain=563.215 132.753 243.012 51.3684 92.3379 49.1957 123.769 55.3587 45.5463 42.679 54.4327 41.9799 40.6512 38.1694 37.1543 58.4522 55.4306 44.602 43.998 51.4055 46.241 88.8391 92.6713 63.6687 57.5521 56.7911 50.3152 48.5121 79.9266 43.7175
threshold=1.0000000180025095e-35 0.021863799542188648 1.0000000180025095e-35 0.96633976697921764 -0.049472808837890618 0.056078869849443443 1.0000000180025095e-35 0.86113432049751293 1.0000000180025095e-35 0.98667103052139293 7.7105102539062509 -0.39827153086662287 0.97112539410591137 0.039769539609551437 -1.6931967139244077 0.91254481673240673 23.817772865295414 -0.048361575230956071 0.49106810986995703 0.35212764143943792 -0.32845684885978693 0.48082436621189123 1.0000000180025095e-35 0.1637992858886719 0.090408723801374449 0.061575258150696761 -3.5662966966629024 0.24997577071189883 0.2603727281093598 0.86881721019744884
decision_type=8 2 2 2 2 2 2 2 2 2 10 2 2 2 2 2 2 2 2 10 2 2 2 2 2 10 2 2 2 2
left_child=-1 2 8 5 -5 6 9 14 -2 10 -3 -8 -12 -6 17 18 -17 29 19 -16 -20 22 -22 24 -24 27 -23 -25 -29 -7
right_child=1 3 -4 4 13 7 11 -9 -10 -11 12 -13 -14 -15 15 16 -18 -19 20 -21 21 26 23 25 -26 -27 -28 28 -30 -31
leaf_value=-0.023883384109521427 -0.031179745542778716 0.0078077876573961402 0.024875228868945044 -0.019517287047871885 0.032655908896075753 -0.0020213672380496959 0.022710531024875587 -0.0031145357092312019 -0.013202919672563269 -0.0031469739209083929 0.02269922875439007 -0.013741042361048828 0.052923769704729957 -0.00078054964418041047 0.0014200882017010141 -0.011222336080250049 0.0044934550829836143 0.018072957593627936 0.0042271291877943994 -0.0056870333104498769 -0.0038371493609666435 -0.0075668056275838514 -0.0016396253004641113 -0.00096200561889907515 0.017155983045312094 0.008146411261467144 -0.00030594122087658965 0.023788266954414612 -0.0063514116978356933 0.027939027953914064
leaf_weight=868.95671235211194 249.6536992257461 206.44694337435067 122.5181342586875 275.6285881716758 45.695464052259922 331.30346332117915 31.675375081598759 2799.8985316464677 262.00791707914323 88.048872007057071 228.47831265442073 221.85926213860512 48.794628415256739 89.719059340655804 2245.8883543265983 633.11849481612444 295.73312366008759 258.31767639890313 6008.2389617376029 1545.385832847096 1199.6197314504534 1032.2673170119524 188.57496932148933 1959.2066618353128 655.42209150642157 1634.4116899222136 5091.7869151756167 193.24980609863997 133.10059512406588 49.499127075076103
leaf_count=73359 12366 2954 619 6550 204 2531 195 26973 8935 1496 3674 1011 457 398 24511 5634 1957 1384 30647 16305 7853 5608 851 9024 2873 7202 32420 862 621 215
internal_value=-0.000109784 0.000625539 -0.0129337 0.000938788 -0.00957416 0.00109871 0.0083063 0.000871836 -0.022018 0.016034 0.0195247 -0.00911563 0.0281892 0.0106592 0.00134781 0.00114777 -0.0062192 0.00847626 0.00146068 -0.00147763 0.00207633 0.001007 0.00361298 0.00548942 0.0129595 0.00387816 -0.00153086 0.000823687 0.0115141 0.00193605
internal_weight=28994.5 28125.5 634.18 27491.4 411.043 27080.3 825.303 26255 511.662 571.769 483.72 253.535 277.273 135.415 23455.1 22816 928.852 639.12 21887.2 3791.27 18095.9 12087.6 5963.59 4763.97 843.997 3919.97 6124.05 2285.56 326.35 380.803
internal_count=289689 216330 21920 194410 7152 187258 9787 177471 21301 8581 7085 1206 4131 602 150498 146368 7591 4130 138777 40816 97961 67314 29286 21433 3724 17709 38028 10507 1483 2746
is_linear=0
shrinkage=0.03


Tree=99
num_leaves=31
num_cat=0
split_feature=11 27 5 27 4 0 25 27 28 27 4 3 29 19 27 25 3 29 28 25 11 0 4 21 11 4 18 30 30 25
split_gain=496.853 102.517 69.8852 69.827 189.153 62.9483 58.8306 58.013 47.1743 47.1195 42.8109 42.6961 44.5373 61.7489 41.2912 38.6985 36.7085 47.8514 260.357 35.9823 35.6901 33.6274 33.5256 38.2601 34.69 135.057 44.2798 33.742 36.4694 32.213
threshold=0.17104351520538333 0.020556610077619556 -0.17439587414264676 0.030834914185106758 1.0000000180025095e-35 6.5000000000000009 0.070827260613441481 1.0000000180025095e-35 0.99865421652793895 0.56290322542190563 -2.4408720731735225 -1.3079366683959959 0.50370931625366222 -0.57439863681793202 1.0000000180025095e-35 0.084547445178031935 -0.26728121936321253 0.48877522349357611 0.85673803091049205 0.24235579371452334 2.5729171037673955 3.5000000000000004 2.1972413063049321 0.75195860862731945 1.4527578353881838 1.0000000180025095e-35 6.4701538085937509 1.0000000180025095e-35 2.5000000000000004 0.042760156095027931
decision_type=2 2 10 2 2 2 2 2 2 2 2 2 2 10 2 2 2 2 2 2 2 2 2 10 2 2 8 2 2 2
left_child=1 -1 6 4 7 10 -3 -2 -9 -4 21 12 13 -7 -6 16 17 -13 -19 -14 -10 -5 24 -24 25 26 -12 -26 -29 -16
right_child=3 2 9 5 14 11 -8 8 20 -11 22 15 19 -15 29 -17 -18 18 -20 -21 -22 -23 23 -25 27 -27 -28 28 -30 -31
leaf_value=-0.028312948772303986 -0.031344201320312313 0.030968035605474287 -0.017412548223331804 -0.014762052216893083 0.042428952146161172 -0.0057308137406562208 -0.0052315225849242971 -0.011900769320062536 -0.016898724326671954 0.052879736438443618 -0.010736314661417607 0.019384961999515615 0.078980961695252608 0.013460811103567822 -0.0085681045518640909 0.0018785667491335093 0.0066446000881074038 0.0028716318425515129 0.33214496202123284 0.018521508884158561 0.10628251036239722 -0.0011984933290099188 -0.0027191094327787108 0.0031417874622096317 0.0070960313654897522 0.012534737681317075 -0.00091180389905298872 -0.00021790963767046709 0.0054338584803496825 0.025495762246765263
leaf_weight=462.51982488948852 183.52841932140291 45.407553839497268 755.79906378034502 314.00823170505464 50.085322201251984 212.47156409546733 311.42198276147246 292.29736057016999 3.0709650777280322 7.7384312227368346 840.1734371278435 75.551067558117211 13.188843008130787 515.60527312941849 47.689276836812496 10441.813584642485 361.79957954678684 8.6549926456063968 1.8884042399004091 25.942163567990065 4.4377285018563271 344.73499777913094 4934.6295516043901 1257.0449505150318 1178.201593099162 454.64920543134212 811.30818051286042 3486.3805816881359 1455.921469129622 50.617159262299538
leaf_count=42370 9359 1335 41143 9720 271 1305 6800 9040 145 102 7869 1383 102 2993 216 61776 2998 325 52 223 41 8919 32244 7943 6227 1905 7589 17590 7403 252
internal_value=-0.000102057 -0.0164384 -0.0115154 0.000843438 -0.00900686 0.00107653 -0.000551357 -0.0180974 -0.00991111 -0.0166319 -0.000203504 0.002732 0.00956801 0.00786002 0.0205255 0.00224955 0.0108749 0.0283719 0.0855116 0.0403593 0.0598378 -0.00767652 0.000138432 -0.0015289 0.00139336 -0.00192695 -0.00591339 0.00253605 0.00144777 0.00905122
internal_weight=28948.6 1582.89 1120.37 27365.7 631.726 26734 356.83 483.334 299.806 763.537 15077.1 11656.9 767.208 728.077 148.392 10889.7 447.894 86.0945 10.5434 39.131 7.50869 658.743 14418.3 6191.67 8226.63 2106.13 1651.48 6120.5 4942.3 98.3064
internal_count=289640 91750 49380 197890 19324 178566 8135 18585 9226 41245 107409 71157 4623 4298 739 66534 4758 1760 377 325 186 18639 88770 40187 48583 17363 15458 31220 24993 468
is_linear=0
shrinkage=0.03


Tree=100
num_leaves=31
num_cat=0
split_feature=6 11 0 1 29 3 1 11 23 0 1 13 26 24 30 28 6 3 29 0 3 28 16 29 28 13 29 30 17 23
split_gain=525.814 103.925 62.3476 49.5437 49.4214 46.4878 44.3889 39.6636 36.3368 35.6134 35.3356 30.7765 34.5228 28.1706 28.1694 26.7831 28.8827 28.8413 25.4339 25.2709 27.392 25.0809 29.7059 25.0472 64.081 33.9095 31.8064 33.2871 55.7959 32.6238
threshold=0.00082644636859186005 0.17797981202602389 2.5000000000000004 1.0438699126243594 0.96407344937324535 -0.76055395603179921 8.4103074073791522 0.81721267104148876 -0.32975669205188746 4.5000000000000009 47.646572113037116 0.55456867814064037 25.258389472961429 0.99272176623344432 1.5000000000000002 -0.72696319222450245 9.2285242080688494 -1.8913095593452451 -0.63919836282730091 7.5000000000000009 -1.3079366683959959 -0.99054482579231251 -0.56361123919486988 0.16587474942207339 0.85673803091049205 -0.26670700311660761 0.36447542905807501 1.5000000000000002 0.75643616914749157 -0.34913183748722071
decision_type=8 2 2 2 2 2 2 2 8 2 2 10 2 10 2 2 10 2 2 2 2 2 10 2 2 10 2 2 10 8
left_child=5 4 3 7 9 -1 13 -3 18 -2 19 15 -13 -5 -8 -11 17 -17 -9 -4 -21 22 -22 -19 -25 26 -26 29 -29 -28
right_child=1 2 10 6 -6 -7 14 8 -10 11 -12 12 -14 -15 -16 16 -18 23 -20 20 21 -23 -24 24 25 -27 27 28 -30 -31
leaf_value=-0.0092455134123974568 -0.016360577420814648 -0.01876192568854965 0.00073043351699605681 0.0029390360061029861 -0.026394289234772609 -0.026194449334946697 -0.012990873626289904 0.012813764803942022 -0.0098101780578949416 -0.023539044569831014 0.017435398742922988 0.0045724289455134791 0.063668625494567893 -0.0044436623967022831 -0.0023446980282601044 0.053452914394825524 0.07565591669017302 -0.014677094282983031 -0.005055588232841861 0.0091118699591772861 0.020547463981314476 0.001892405447184828 0.0046724011524028808 -0.0084456792559222567 0.013620563324759269 0.0013419994570765144 0.09463764592116812 0.18179633958712507 0.017892260432252827 -0.01333209969993941
leaf_weight=184.98695351928473 231.85216365195811 237.06586690247059 13180.569278155454 2203.4361958317459 125.90837781876326 710.34468324575573 340.00841344892979 140.03977033868432 472.23760395124555 72.054713130928576 125.99246920645237 179.13653892558068 8.3768374752253276 588.63158106058836 651.82745173573494 6.5740827396512023 3.0901275482028714 157.55704576894641 144.96561474911869 577.629738740623 135.15429429616779 7700.5161715280265 484.81613097153604 154.67371071875095 12.863512428477408 21.678749578073621 3.2881052233278751 4.2034902684390536 3.2918349811807275 5.5992111712694186
leaf_count=6240 8459 5018 86547 10569 6038 70056 3121 958 4859 2067 570 5943 210 2800 6158 71 28 4520 2012 3315 692 48692 2533 6329 348 614 94 112 105 159
internal_value=-8.88048e-05 0.000635914 0.000986332 -0.00212204 -0.0089048 -0.0227068 -0.000555334 -0.0080777 -0.00471252 -0.00632925 0.00165529 -0.00263145 0.00753619 0.00138156 -0.00600369 -0.00692437 -0.00365888 -0.00452407 0.00373877 0.00156445 0.00279964 0.00236039 0.0081607 -0.00571751 0.00118633 0.0300408 0.0505661 0.077123 0.120392 0.0321457
internal_weight=28868.4 27973 26982.9 4778.21 990.149 895.332 3783.9 994.309 757.243 864.24 22204.7 632.388 187.513 2792.07 991.836 444.875 372.82 369.73 285.005 22078.7 8898.12 8320.49 619.97 363.156 205.599 50.9249 29.2462 16.3826 7.49533 8.88732
internal_count=289237 212941 177844 35495 35097 76296 22648 12847 7829 29059 142349 20600 6153 13369 9279 14447 12380 12352 2970 141779 55232 51917 3225 12281 7761 1432 818 470 217 253
is_linear=0
shrinkage=0.03


Tree=101
num_leaves=31
num_cat=0
split_feature=6 11 0 27 4 11 29 23 30 30 28 12 3 3 27 4 28 29 27 3 27 3 29 0 28 29 19 19 28 30
split_gain=487.385 129.349 60.8119 58.9174 55.601 53.753 49.3824 53.2937 45.8372 71.2903 46.1899 46.3399 38.0187 32.9904 72.4564 91.2793 63.9752 51.9871 32.0571 30.3791 36.293 29.1914 31.1443 37.148 29.3865 29.1038 37.6789 31.2564 29.0489 27.2446
threshold=1.0000000180025095e-35 0.1626374498009682 2.5000000000000004 0.020556610077619556 -0.92735558748245228 8.3011608123779315 -0.23537842929363248 0.050514711067080505 2.5000000000000004 1.0000000180025095e-35 0.98932364583015453 1.0000000180025095e-35 -0.76055395603179921 1.638525187969208 1.0000000180025095e-35 1.0000000180025095e-35 0.30983042716979986 -0.21862536668777463 0.037254903465509422 -1.3971115350723264 0.91254481673240673 0.060972640290856368 -0.84313312172889698 4.5000000000000009 0.34235194325447088 0.50370931625366222 0.17578799277544024 -0.33877134323120112 -0.61237984895706166 1.0000000180025095e-35
decision_type=8 2 2 2 2 2 2 10 2 2 2 2 2 2 2 2 2 2 2 2 2 2 2 2 2 2 10 10 2 2
left_child=12 3 4 -2 6 -6 7 -3 9 -5 11 -11 -1 14 15 -4 18 -18 -15 25 -21 22 -13 -24 -23 26 -16 28 -27 -9
right_child=1 2 13 8 5 -7 -8 29 -10 10 -12 21 -14 16 19 -17 17 -19 -20 20 -22 24 23 -25 -26 27 -28 -29 -30 -31
leaf_value=-0.0096405538911059942 -0.02694905986741717 0.0039705165020867033 -0.031230922142349449 -0.017535051933198587 0.002794034940608519 -0.005028822509149428 -0.015133417159020095 0.0011576001620452923 -0.022291116268052524 -0.0038032432411354259 -0.022146141405135683 0.075938062945505314 -0.026148709875363541 0.036042670667062598 0.00025507202631993398 0.036784360162743328 0.024296734578366654 -0.01514620042384099 0.011801335424582124 0.0015154023796352134 -0.005274499371207963 -0.011912067888772878 -0.0094311146103085459 0.020280928918443714 0.084579815386280996 0.081792474219643807 0.010989614078645753 0.0080911394961670838 0.0026452060467540119 -0.014996035223517876
leaf_weight=157.14028768148273 158.63488290272653 467.27700479049236 112.03926548082381 217.17493729479611 2166.0758946463466 1243.5001570880413 465.53283239342272 131.18813757784665 142.63477829564363 179.67955251596868 54.231070264242589 6.0493095591664305 656.85296096187085 56.960038281977177 639.38386569358408 20.196910470724106 37.640927173197269 135.20547051727772 338.04754760861397 19632.299802959897 734.05921809375286 3.5920603051781645 53.295232708565891 125.82529944460839 9.4498056992888433 12.861308610066773 544.32890089042485 27.400939958170056 6.0695030596107236 329.00580213777721
leaf_count=5660 11178 3715 4366 6215 11378 8983 8095 1340 5185 6818 1913 58 67620 284 3876 121 172 640 1577 123663 5992 71 1480 2495 128 90 3347 248 64 2580
internal_value=-0.000107839 0.000556631 0.000938342 -0.0103149 -0.00212345 -5.96628e-05 -0.00717121 -0.00316268 -0.00695304 -0.00355454 0.00349601 0.00722464 -0.0229776 0.00159791 0.00141112 -0.0206446 0.00873001 -0.00646632 0.0153791 0.00154712 0.00127043 0.0171904 0.0139409 0.0114372 0.0590478 0.0061237 0.00519645 0.0292034 0.0578226 -0.0103986
internal_weight=28863.6 28049.6 27099.1 950.567 4802.58 3409.58 1393 927.471 791.932 649.297 432.122 377.891 813.993 22296.5 21728.6 132.236 567.854 172.846 395.008 21596.4 20366.4 198.212 185.17 179.121 13.0419 1230.04 1183.71 46.3318 18.9308 460.194
internal_count=289352 216072 180531 35541 36091 20361 15730 7635 24363 19178 12963 11050 73280 144440 141767 4487 2673 812 1861 137280 129655 4232 4033 3975 199 7625 7223 402 154 3920
is_linear=0
shrinkage=0.03


Tree=102
num_leaves=31
num_cat=0
split_feature=6 11 27 3 30 30 28 29 28 6 8 17 11 28 8 27 1 27 2 27 6 24 29 13 27 29 29 12 1 15
split_gain=472.688 116.252 59.0777 44.1684 41.6528 51.2858 44.6194 41.4494 48.1622 42.438 39.532 37.9698 43.6954 37.6298 37.5524 40.5321 69.9573 40.4209 35.0935 35.6304 30.5748 29.5732 41.9876 32.0608 60.0245 29.0874 44.5724 28.9616 33.5946 31.0075
threshold=1.0000000180025095e-35 0.1626374498009682 0.020556610077619556 -0.76055395603179921 2.5000000000000004 1.0000000180025095e-35 0.98932364583015453 0.96633976697921764 -0.77245554327964772 0.38040582835674291 1.1759904623031618 0.081307500600814833 12.678295135498049 0.92922380566596996 0.45253856480121618 0.67204302549362194 2.5251827239990239 0.010278305038809778 3.4440749883651738 0.96774193644523632 1.453461825847626 0.75273463129997265 -0.70289847254753102 1.1281279325485232 0.087455198168754592 -0.84313312172889698 -0.86974579095840443 16.804019927978519 2.6574940681457524 1.0000000180025095e-35
decision_type=8 2 2 2 2 2 2 2 2 10 2 8 2 2 2 2 2 2 2 2 8 10 2 10 2 2 2 2 2 10
left_child=3 2 -2 -1 5 20 7 8 -7 10 13 18 14 21 17 -16 -17 -13 19 -3 -4 25 -23 -24 -25 26 -10 28 -14 -30
right_child=1 11 4 -5 -6 6 -8 -9 9 -11 -12 12 27 -15 15 16 -18 -19 -20 -21 -22 22 23 24 -26 -27 -28 -29 29 -31
leaf_value=-0.0082521449497117132 -0.026474368766119447 0.0021602629401909607 -0.022421866559513965 -0.026137026388696187 -0.021139517625606615 -0.015071448263042244 -0.022522681571140294 -0.024869661152925243 -0.0059215195295542408 0.039544566547903483 0.066739275603829001 -0.029040819962447527 0.0073801731251041235 -0.013628613060974744 0.002551073764733985 0.011486909193765025 -0.0039126216237027282 -0.0022346347508157166 0.011830893828352573 -0.017022269469722327 0.0020304856143272916 -0.027326373113152506 0.034222187632868967 0.016520543890711472 0.19832499573360993 0.0026303814164227645 0.10266381072716788 0.0060971960742379977 -0.0030654145206918076 -0.011257722970013992
leaf_weight=155.48738330975175 155.29624582082033 12332.145843788981 149.79630500357598 642.56260149180889 138.46521595865488 58.13339061755687 53.363954902626574 33.469844551756978 6.5413960181176662 49.977846531197429 9.3299102187156659 50.89845210313797 173.78866847325116 59.738951071165502 7681.6450762944296 303.6322545260191 2066.6375176906586 2084.3286782298237 336.43987458199263 86.778324916958809 66.012203518301249 6.5565493386238805 22.695460072718564 3.4288425883278242 2.5157160274684429 120.61526594497263 5.8647993355989438 229.94356977939606 1014.0184805542231 705.12905287742615
leaf_count=5619 11223 82214 4764 67876 5131 1558 1919 1432 75 713 186 2582 855 1986 40841 1307 13572 23755 1651 837 1441 199 641 113 37 3980 92 1072 7031 4628
internal_value=8.45481e-05 0.000733631 -0.00962204 -0.0226671 -0.00626514 -0.00305929 0.00290713 0.00653881 0.00964537 0.0146822 0.00930167 0.00109432 3.34353e-05 0.00666962 0.0007254 0.00149294 -0.00193592 -0.00288692 0.00228442 0.00202486 -0.0149674 0.013916 0.0379826 0.0533512 0.110939 0.0073123 0.0492392 -0.0039375 -0.00515904 -0.00643018
internal_weight=28805.2 28007.2 941.802 798.05 786.506 648.04 432.232 378.868 345.398 287.265 237.287 27065.4 14310 227.957 12187.1 10051.9 2370.27 2135.23 12755.4 12418.9 215.809 168.218 35.1966 28.64 5.94456 133.021 12.4062 2122.88 1892.94 1719.15
internal_count=289330 215835 35490 73495 24267 19136 12931 11012 9580 8022 7309 180345 95643 7123 82057 55720 14879 26337 84702 83051 6205 5137 990 791 150 4147 167 13586 12514 11659
is_linear=0
shrinkage=0.03


Tree=103
num_leaves=31
num_cat=0
split_feature=8 11 3 5 2 4 8 17 22 5 3 5 8 2 23 4 28 11 13 5 28 28 13 11 11 18 5 3 23 28
split_gain=464.957 84.5493 57.634 39.6587 34.4272 42.9994 34.3779 30.4986 31.9698 30.2182 30.177 26.6043 26.0476 42.6088 45.7241 53.5624 74.9679 59.9666 46.1362 44.966 41.9313 59.9121 56.0117 41.1194 34.3038 34.3001 33.6892 31.8154 29.0297 27.3311
threshold=0.0032559566898271446 0.17797981202602389 -0.35100591182708735 1.2675762176513674 2.6189756393432622 33.26420974731446 2.7650420665740971 -0.0098071317188441736 -2.3011286258697505 -0.20138891041278836 -1.8913095593452451 -0.63091459870338429 0.18416892737150195 1.5007758736610415 -0.4333107322454452 1.0000000180025095e-35 0.022575936280190948 3.3522702455520634 -0.97571358084678639 -2.1445131301879878 0.80926549434661876 0.75014290213584911 0.7534119486808778 2.2909681797027592 2.2315949201583867 5.6423339843750009 -0.94447338581085194 0.52106276154518139 -0.4433834701776504 0.72695311903953563
decision_type=2 2 2 8 2 2 2 8 10 10 2 8 2 2 10 2 2 2 10 10 2 2 10 2 2 10 10 2 10 2
left_child=2 6 11 12 -5 7 9 8 -6 -2 -11 -1 26 14 25 16 19 -18 -19 -16 21 23 -23 -15 -17 -14 -3 -24 -25 -20
right_child=1 3 -4 4 5 -7 -8 -9 -10 10 -12 -13 13 20 15 24 17 18 29 -21 -22 22 27 28 -26 -27 -28 -29 -30 -31
leaf_value=0.031624003289752081 -0.0015028239942095583 0.0085025118831093417 -0.026723754930430804 0.0036715836094078852 0.038289717531608335 0.0087355869346565623 0.019998216861210956 -0.0046275723120913093 0.0015636748840992833 0.037662996482680636 -0.014578985363759381 -0.013432487402697625 0.001649212127279283 0.0082907641074750349 0.0031454196382842549 0.015653296804616006 -0.00053634777782702095 -0.0059154792707839417 0.017232633911422643 -0.0066509199775725185 -0.0086363691203781932 -0.003506705415472803 0.050294362070508643 -0.0044980503097624969 0.0032783875548021224 0.0079026656410570544 -0.0051099652977281383 -0.0035115386867943994 5.3459859994759675e-05 0.0031746523646082772
leaf_weight=11.182558413594959 273.9167052526027 184.61967236176133 535.76796125620604 7074.3239674754441 20.876527644693851 401.45338069647551 35.751881266012788 1413.1344972848892 863.62600592523813 9.20414976403117 552.71954393666238 459.92917635664344 1568.8616489032283 405.22743067890406 533.81284821778536 267.2186910957098 1500.9724018536508 136.69912268780172 445.23802137281746 1997.6597735332325 630.42465484887362 46.231116898357868 49.929895430803299 1982.0989677794278 815.03346844017506 1589.2324706325307 1384.8743040859699 12.118858851492403 3464.3093652278185 173.33741790894419
leaf_count=219 5583 1441 57690 36591 142 1799 588 10545 6043 139 24456 24300 9334 1807 2547 1122 12271 747 2170 13896 3231 218 242 11794 3332 10970 25032 59 20148 1111
internal_value=2.39349e-05 0.00074876 -0.0199931 0.00104618 0.00257191 -0.00031062 -0.00844212 -0.00189433 0.00247277 -0.00968106 -0.0136579 -0.0122983 0.000178517 0.000548807 0.0018875 0.000321284 -0.00104152 0.00293419 0.00982284 -0.00458473 -0.00128507 -0.000506146 0.0215025 -0.000917004 0.0063455 0.00479761 -0.00350433 0.0398964 -0.00160348 0.0133048
internal_weight=28839.8 27832.9 1006.88 26961.3 9773.41 2699.09 871.592 2297.64 884.503 835.84 561.924 471.112 17187.9 15618.4 9028.07 5869.97 4787.72 2256.25 755.275 2531.47 6590.34 5959.92 108.28 5851.64 1082.25 3158.09 1569.49 62.0488 5446.41 618.575
internal_count=289567 207358 82209 176592 55120 18529 30766 16730 6185 30178 24595 24519 121472 94999 57500 37196 32742 16299 4028 16443 37499 34268 519 33749 4454 20304 26473 301 31942 3281
is_linear=0
shrinkage=0.03


Tree=104
num_leaves=31
num_cat=0
split_feature=6 27 4 29 8 6 3 28 27 4 27 29 12 28 27 11 13 28 27 4 4 3 11 28 3 27 11 3 5 28
split_gain=416.498 104.727 206.206 54.2582 56.9342 49.5447 48.215 40.4083 43.1908 109.271 51.8493 51.6039 79.2487 73.6827 72.3812 44.3793 43.2874 46.4631 39.9031 36.4864 42.338 37.1547 35.9799 35.615 35.9302 35.6138 33.7883 46.3028 41.4273 56.453
threshold=1.0000000180025095e-35 0.020556610077619556 1.0000000180025095e-35 0.96849882602691661 1.1483345031738283 29.643007278442386 -0.83008018136024464 0.92922380566596996 0.86881721019744884 1.0000000180025095e-35 0.86111110448837291 -0.92272481322288502 12.51738214492798 -0.55657517910003651 0.91254481673240673 9.3700623512268084 0.23822519183158877 -0.72696319222450245 1.0000000180025095e-35 -2.4196455478668208 2.6539430618286137 -1.4895494580268858 1.4527578353881838 -0.50556187331676472 -0.57147476077079762 1.0000000180025095e-35 12.678295135498049 -0.65812867879867543 1.2675762176513674 0.91248813271522533
decision_type=8 2 2 2 2 10 2 2 2 2 2 2 2 2 2 2 10 2 2 2 2 2 2 2 2 2 2 2 10 2
left_child=6 2 18 5 -5 7 -1 8 10 -10 26 12 22 16 -15 -16 17 -13 -2 -9 21 -21 -11 -17 -25 -4 28 -28 29 -3
right_child=1 3 25 4 -6 -7 -8 19 9 11 -12 13 -14 14 15 23 -18 -19 -20 20 -22 -23 -24 24 -26 -27 27 -29 -30 -31
leaf_value=-0.0065515251370743344 -0.031080593187865813 0.00089238819467765554 0.04148714912472215 -0.020776490042042513 0.002453447507584079 0.018484429202324494 -0.025586697944957593 -0.012995649466208249 0.024530754668616421 0.038812988426308946 0.022201293460819699 0.01571205200492562 0.0039529204441176155 0.025511550072240673 -0.018124005665406347 0.073701684266213652 -0.02275539881405993 -0.01582732297465941 -0.012258710915742346 -0.025171370099799681 -0.0086297250882429576 0.0021467780184851065 -0.016664989316014345 0.034585993489165072 -0.0034392482011969942 0.0070476792076216831 0.0097209541468026277 -0.0029207804089126121 0.0044201518709304733 0.015959998374736498
leaf_weight=149.49209778849036 223.29739630408585 15551.202960851602 52.128148227930069 212.68850113265216 170.55108476337045 142.3454847196117 618.55795310530812 289.43516374751925 115.66410918533802 9.7799414843320829 107.23289009928703 83.783986903727055 254.63381054252386 152.6150683388114 85.380488596856594 6.3823353350162497 134.85746391862631 82.380856804549694 188.7794881099835 45.372880958020687 547.80296956002712 1328.4666198976338 640.52338260412216 28.463276661932468 92.212459079921246 56.009512394666672 288.92928403615952 2592.2380864126608 4335.4971668198705 226.06272359471768
leaf_count=5304 12355 110778 293 5817 1171 716 68082 9142 490 50 717 663 1680 1008 684 39 1154 747 7244 309 2947 9597 5767 193 752 272 1351 15447 22345 2454
internal_value=-0.00011414 0.000483125 -0.0128389 0.000735369 -0.0104591 0.000893817 -0.0218951 0.000800393 0.00114706 -0.00348606 0.00148547 -0.00556306 -0.0102238 0.000774827 0.00982349 -0.00151348 -0.0101948 7.43856e-05 -0.0225085 -0.00308471 -0.00158595 0.00122691 -0.0157723 0.00970284 0.00574014 0.0238774 0.0013879 -0.00165011 0.00182315 0.00110928
internal_weight=28812.8 28044.7 520.215 27524.5 383.24 27141.3 768.05 26998.9 24787.8 1686.68 23101.2 1571.01 904.937 666.076 365.054 212.439 301.022 166.165 412.077 2211.08 1921.64 1373.84 650.303 127.058 120.676 108.138 22993.9 2881.17 20112.8 15777.3
internal_count=289568 216182 20164 196018 6988 189030 73386 188314 166319 13227 153092 12737 7497 5240 2676 1668 2564 1410 19599 21995 12853 9906 5817 984 945 565 152375 16798 135577 113232
is_linear=0
shrinkage=0.03


Tree=105
num_leaves=31
num_cat=0
split_feature=8 27 2 0 11 1 3 30 30 27 0 2 23 21 8 23 1 28 28 0 27 28 8 1 18 28 1 11 12 11
split_gain=409.976 82.4688 181.064 71.0265 69.3175 109.686 65.2094 61.4834 109.57 42.9517 40.5643 35.9056 56.0377 45.2582 44.0921 57.8363 41.0568 41.696 36.2029 34.7557 32.1547 29.4454 27.181 26.3695 43.1904 40.0125 35.2971 43.078 32.2316 31.4945
threshold=0.0024232192663475875 0.021863799542188648 1.2601816654205324 7.5000000000000009 0.65438815951347362 2.4607234001159672 -0.35100591182708735 2.5000000000000004 1.0000000180025095e-35 1.0000000180025095e-35 6.5000000000000009 1.8118316531181338 -0.59487923979759205 -0.10957202315330504 0.93729010224342357 0.69896212220191967 2.5251827239990239 -0.32614396512508387 0.80926549434661876 3.5000000000000004 1.0000000180025095e-35 0.34235194325447088 3.7963259220123295 3.0157532691955571 6.8950653076171884 -0.39826117455959315 2.5251827239990239 5.9374396800994882 0.54776728153228771 6.3234589099884042
decision_type=2 2 2 2 2 2 2 2 2 2 2 2 10 10 2 8 2 2 2 2 2 2 2 2 8 2 2 2 2 2
left_child=6 2 9 4 5 7 10 8 -3 -2 -1 14 13 -13 15 -6 17 -17 -14 21 -4 -10 -9 24 -16 28 27 -26 -25 -27
right_child=1 3 20 -5 11 -7 -8 22 19 -11 -12 12 18 -15 23 16 -18 -19 -20 -21 -22 -23 -24 25 26 29 -28 -29 -30 -31
leaf_value=-0.020563976435554885 -0.030866990314637584 -0.015843120764162149 0.040689947275139957 0.0030338995679585327 0.001244862427226309 0.017464717772950947 -0.026928910326261976 -0.022630824972825349 -0.02318159064989753 -0.011482298883696238 -0.002240163498467848 -0.0087488182064443913 0.0013746979365450429 -2.3719564181671353e-05 0.0025694161242590871 -0.017518996500283504 0.0072968440727411077 -0.0040515840390547252 -0.0078510517169081209 0.0076324832705107811 0.0085118766642700728 -0.00022483983573499033 0.022699999584704641 0.0018691627052770303 0.0084204367483103424 0.00049285635736501026 -0.0023590227253378012 0.023427513231929521 0.013329871343741809 -0.0097186286559348359
leaf_weight=207.86592574045062 186.91021097823977 525.01912917941809 48.004905559122562 9010.3963484466076 2893.7591852890328 160.27772843837738 500.73560173902661 285.24609940126538 67.475358666852117 231.67992923222482 227.37238952238113 1318.1985548473895 4343.2970321178436 900.15705928206444 2247.0779302194715 354.14104737248272 150.45599560439587 497.6558383340016 418.80588003247976 425.23180141672492 66.666888512670994 189.36700095701963 11.649578546173869 877.92417968064547 683.71181078348309 787.23758728802204 178.25551253557205 230.15163256041706 294.27779863774776 414.12529827654362
leaf_count=14244 9297 9912 277 57311 22717 686 56892 7225 1815 7785 9409 8711 27991 5928 10809 2973 622 4253 2418 8391 325 3948 111 3707 3725 3298 727 1061 1228 1775
internal_value=-3.19439e-05 0.000625941 -0.0110469 0.000854651 -0.00022119 -0.00605604 -0.0195501 -0.00857255 -0.00555483 -0.0201909 -0.0110185 0.000364504 -0.00127289 -0.00520998 0.00155403 -0.000906677 -0.00711377 -0.00966474 0.000561856 0.00237608 0.0222179 -0.00632235 -0.0207819 0.00323205 0.00495009 0.000814005 0.00984158 0.0122214 0.00475525 -0.00303233
internal_weight=28733.1 27797.2 533.262 27263.9 18253.5 1664.27 935.974 1503.99 1207.09 418.59 435.238 16589.2 6980.46 2218.36 9608.77 3896.01 1002.25 851.797 4762.1 682.074 114.672 256.842 296.896 5712.76 3339.2 2373.56 1092.12 913.863 1172.2 1201.36
internal_count=289571 209026 17684 191342 134031 32088 80545 31402 24066 17082 23653 101943 45048 14639 56895 30565 7848 7226 30409 14154 602 5763 7336 26330 16322 10008 5513 4786 4935 5073
is_linear=0
shrinkage=0.03


Tree=106
num_leaves=31
num_cat=0
split_feature=8 27 1 0 8 29 6 6 1 1 3 27 23 29 27 3 25 3 25 11 27 29 18 1 3 3 1 17 29 27
split_gain=411.261 84.6345 207.515 60.8725 72.7681 52.9124 44.4908 38.9245 32.5838 39.2634 40.1828 30.2945 32.3121 44.0594 30.207 29.8431 29.3986 30.971 26.5355 31.3765 26.4961 26.3776 26.3063 33.5654 29.718 27.111 25.1727 25.1662 45.8895 27.5456
threshold=0.00038241068250499671 0.010278305038809778 2.5251827239990239 7.5000000000000009 0.19098699092864993 -0.13398942351341245 1.4851284027099612 1.8145434856414797 12.049646854400637 30.305106163024906 0.36075805127620703 0.86881721019744884 0.36458465456962591 -0.6258755326271056 0.051391525194048888 0.097844045609235777 0.068481389433145537 -0.18843260407447812 0.052633637562394149 6.3234589099884042 0.80878135561943065 0.9889926314353944 19.939392089843754 2.5251827239990239 -1.3079366683959959 1.5261604189872744 22.957602500915531 0.4223602712154389 0.6174544394016267 0.56827956438064586
decision_type=2 2 2 2 2 2 10 10 2 2 2 2 10 2 2 2 2 2 2 2 2 2 8 2 2 2 2 10 2 2
left_child=6 2 -2 4 5 18 14 -7 21 10 11 12 -10 15 -1 -14 17 -5 -3 -20 -12 -6 24 -24 27 -26 -13 -18 29 -29
right_child=1 3 -4 16 8 7 -8 -9 9 -11 20 26 13 -15 -16 -17 22 -19 19 -21 -22 -23 23 -25 25 -27 -28 28 -30 -31
leaf_value=-0.027536791624013564 -0.028632194840644703 0.01772149557591261 0.037651511546315436 0.027945140348138015 0.00082339661181925596 -0.015234936440071919 0.061131808313094657 0.020439742069427738 0.0012998950712925803 0.0045795422957943237 -0.0057597563180886834 -0.0090319320946785474 0.057253121957485123 -0.0063624774247246687 -0.015215580613776836 0.01768601297159747 0.013729963639588531 0.0060655013601265762 -0.0063071679639342768 0.0073139652358674796 -0.016877085445352175 -0.012818672201395495 -0.019503943240229075 0.02829353675989844 0.0016106145408264372 0.01091133059844164 0.017854210074099815 -0.014452755263256862 0.044568071753761304 0.0068805916788684191
leaf_weight=449.12977712089196 223.64384863944724 55.384340383112431 51.519722402095795 77.569295179098845 14213.271179061383 576.65444100834429 4.8282776679843655 28.06223136652261 225.75394634902477 497.66444416344166 1216.5329220071435 245.04100205376744 29.591593064367771 34.691950581967831 305.75144287385046 42.195613875985146 368.03793323971331 228.18254680372775 731.638223990798 191.21617017500103 228.92043976858258 127.71844359301031 90.038985745050013 14.564656913280485 7866.8924258146435 291.60481350123882 34.973565869033337 98.575054991990328 19.105543041601777 119.34443574398756
leaf_count=53102 12411 1844 296 1786 83975 22347 153 273 2019 2563 9587 2785 251 299 18394 363 2307 2583 11159 1443 2506 1601 1318 63 50674 1268 421 772 175 584
internal_value=-0.000197575 0.000395211 -0.0161303 0.000560225 -0.000431519 -0.00657992 -0.0219614 -0.0135484 0.000144857 -0.00297543 -0.00480397 0.00163579 0.0077516 0.0212909 -0.022573 0.0345586 0.00255776 0.0116894 -0.00226277 -0.00348 -0.00753089 0.000701017 0.00224164 -0.0126439 0.00242074 0.00194434 -0.00562229 0.00883052 0.00119724 -0.00279141
internal_weight=28688.1 27928.4 275.164 27653.2 18479.3 1582.96 759.709 604.717 16896.4 2555.37 2057.7 612.248 332.233 106.479 754.881 71.7872 9173.92 305.752 978.239 922.854 1445.45 14341 8868.16 104.604 8763.56 8158.5 280.015 605.063 237.025 217.919
internal_count=289322 217673 12707 204966 143436 37066 71649 22620 106370 20794 18231 6138 2932 913 71496 614 61530 4369 14446 12602 12093 85576 57161 1381 55780 51942 3206 3838 1531 1356
is_linear=0
shrinkage=0.03


Tree=107
num_leaves=31
num_cat=0
split_feature=6 11 0 3 8 4 4 21 24 1 3 6 3 11 12 11 30 30 3 22 28 28 3 30 20 15 8 20 1 28
split_gain=402.94 81.6942 54.0228 45.4126 36.0676 47.1436 44.6283 40.5581 37.644 29.3499 29.0333 30.9008 25.862 24.5469 22.8874 37.4703 28.3488 22.7481 37.0025 27.5257 21.5192 34.4247 74.1788 44.0099 35.8914 29.013 23.6618 22.0916 21.4257 21.7632
threshold=0.00082644636859186005 0.1626374498009682 3.5000000000000004 -0.76055395603179921 0.75964245200157177 1.7619602680206301 -0.86229032278060902 0.051164105534553535 0.47530354559421545 47.646572113037116 -1.8913095593452451 0.63571417331695568 1.0495780110359194 0.63772630691528331 1.9564474225044253 0.78942346572875988 1.0000000180025095e-35 2.5000000000000004 -0.003717041807249188 -0.40895466506481165 0.71503382921218883 0.78325453400611889 -0.35100591182708735 2.5000000000000004 -1.8633150458335874 -1.8731963038444517 2.6664427518844609 0.4263118207454682 1.4750367999076845 -0.15101210027933118
decision_type=8 2 2 2 2 2 2 8 8 2 2 10 2 2 2 2 2 2 2 10 2 2 2 2 10 10 2 10 2 2
left_child=3 10 4 -1 6 14 7 13 17 -4 -2 20 -11 -3 15 -6 28 -7 19 -19 26 22 23 -22 -23 27 -12 -26 29 -17
right_child=1 2 9 -5 5 8 -8 -9 -10 12 11 -13 -14 -15 -16 16 -18 18 -20 -21 21 24 -24 -25 25 -27 -28 -29 -30 -31
leaf_value=-0.0076999743559359405 0.031750984451565455 -0.014038266759862108 0.0015339759251933849 -0.025221605230182884 -0.010047930955022313 -0.0013580244868999112 0.0018416915196760562 -0.013136996535234938 -0.0052644796720058892 -0.0073024344461872252 -0.016377917786375196 0.0062427945742945566 0.024937920713046669 0.0006387229898422071 0.013408667717176413 0.007057636993946321 0.0015111162551154982 0.033234330497846916 -0.0015747421644311367 0.0082981718828027424 0.11854463032461311 0.044901179598222603 -0.016921553962739189 0.0070353744188847798 0.085823808778908314 -0.01212448459929712 0.025767483434617777 -0.021364731905299778 0.0054779394867226381 0.030904578864878535
leaf_weight=172.00978705752641 14.927849825471638 129.28100833203644 19721.375994756818 605.52923190081492 208.00227329134941 619.81996229663491 591.94451697543263 680.08199473749846 1876.5691915787756 29.680274665355682 453.60675935354084 102.50739333312958 85.638773627579212 481.57190137729049 171.23064245283604 65.555409535765648 1688.5686972085387 65.997250273823738 168.82664626091719 100.61641079932451 7.5854230308905262 9.9817365296184999 16.339560680091381 5.2761384192854166 3.8675961866974822 255.83597390726209 11.452456895262001 2.1683242255821824 292.13381776213646 73.384558331221342
leaf_count=6156 176 2991 125470 70233 1946 3765 3073 8943 13661 120 20822 1658 417 5500 725 371 8115 402 1317 632 175 291 941 166 126 9158 241 83 1255 509
internal_value=-7.24098e-05 0.000520882 0.000814226 -0.0213603 -0.00140886 -0.000147854 -0.00497699 -0.00810262 -0.00279759 0.00162268 -0.00845073 -0.00917735 0.0166486 -0.00248538 0.00285486 0.00207306 0.00326668 0.00204894 0.00832958 0.018315 -0.011246 -0.00497376 0.025446 0.0766083 -0.00832258 -0.0105144 -0.015287 0.049754 0.010124 0.0197838
internal_weight=28711.4 27933.8 27050.3 777.539 7213.58 5330.7 1882.88 1290.93 2831.83 19836.7 883.549 868.621 115.319 610.853 2498.88 2327.64 2119.64 955.26 335.44 166.614 766.114 301.055 29.2011 12.8616 271.854 261.872 465.059 6.03592 431.074 138.94
internal_count=289438 213049 179212 76389 53205 32698 20507 17434 19777 126007 33837 33661 537 8491 12921 12196 10250 6116 2351 1034 32003 10940 1282 341 9658 9367 21063 209 2135 880
is_linear=0
shrinkage=0.03


Tree=108
num_leaves=31
num_cat=0
split_feature=6 11 27 0 8 3 0 29 28 28 29 23 3 27 4 28 29 4 13 4 17 23 4 18 27 18 4 11 27 4
split_gain=376.555 96.4288 54.9717 50.4053 46.039 41.9257 37.6165 37.1409 35.2745 40.3516 32.3217 32.5748 30.9248 47.4542 55.9892 36.392 36.401 30.2071 28.204 27.2471 43.662 37.3708 66.7821 31.2521 32.8211 29.061 34.1412 40.9351 28.7299 28.5755
threshold=1.0000000180025095e-35 0.17104351520538333 0.020556610077619556 4.5000000000000009 0.31718172132968908 -0.83008018136024464 4.5000000000000009 0.96633976697921764 0.98932364583015453 -0.8940606117248534 -0.15950992703437802 0.68356624245643627 1.638525187969208 1.0000000180025095e-35 1.0000000180025095e-35 0.32613943517208105 -0.21862536668777463 -0.2387210130691528 1.1845145821571352 1.7619602680206301 -0.092063363641500459 0.6542920470237733 -1.0000000180025095e-35 9.3885650634765643 0.72114697098732006 7.0907745361328134 0.099156856536865248 6.0303273200988778 0.32795698940753942 -0.89560270309448231
decision_type=8 2 2 2 2 2 2 2 2 2 2 10 2 2 2 2 2 2 10 2 8 10 2 10 2 8 2 2 2 2
left_child=5 2 -2 4 10 -1 -4 8 9 -8 11 18 13 14 -5 -14 -17 -12 -3 21 -21 25 23 24 -23 29 27 -27 -22 -6
right_child=1 3 6 12 19 -7 7 -9 -10 -11 17 -13 15 -15 -16 16 -18 -19 -20 20 28 22 -24 -25 -26 26 -28 -29 -30 -31
leaf_value=-0.0069888764636376177 -0.026376143865530017 0.0033331545239520806 -0.016774787544721767 -0.030820998601074092 -0.0031465860711589202 -0.025315447351978288 -0.01931142752624489 -0.024421394547491128 -0.023249999451767825 0.0065873341994040352 -0.017573007313968103 -0.012937747441223391 0.014808127288195298 0.001706087884746067 0.033929849194496771 0.0244925732181316 -0.011903014501300241 0.010711230710604475 -0.013768921360653448 0.0022831589047544688 0.0015026532445283232 -0.013072105637472513 0.0069040388227769476 0.0045859058122785807 0.0113260433988527 0.007117475817361889 -0.0029628338121289919 0.02536912614053817 -0.0059312880389479359 0.0037315462680626
leaf_weight=141.35259131342173 138.52323431987315 497.39810719434172 209.84026267845184 72.989431517198682 861.99152687378228 564.92755118152127 61.426960270851851 58.463605565018952 49.378417457453907 407.88514796830714 296.25044926255941 228.06126551097259 329.42601398378611 16712.623091439717 13.490329213440416 31.154402956366539 106.31585463881493 37.697507731616497 104.08675663266331 1438.2018124684691 607.91745999455452 587.96063677594066 394.3821559548378 140.10271593369544 53.431710071861744 690.57824948709458 232.01807695627213 131.07715824060142 2025.1191986836493 1468.1569454446435
leaf_count=5233 11240 5049 7852 3311 6384 68256 1663 2489 1636 11296 8531 2542 1501 103183 95 139 475 187 1120 9174 3349 3887 1626 1027 258 4967 954 646 14992 6398
internal_value=-4.44694e-05 0.000501863 -0.00901489 0.000827675 -0.000891355 -0.0216627 -0.00592945 -0.00196414 0.00060923 0.00316366 -0.00649064 -0.00331015 0.00180282 0.00159083 -0.0204479 0.00941053 -0.0035375 -0.0143577 0.000355705 -0.000135878 -0.00191948 0.00145673 -0.00314871 -0.00822417 -0.0110251 0.00305757 0.0071895 0.0100564 -0.00421502 0.00118686
internal_weight=28692.2 27985.9 925.518 27060.4 9794.43 706.28 786.994 577.154 518.691 469.312 1163.49 829.546 17266 16799.1 86.4798 466.896 137.47 333.948 601.485 8630.94 4071.24 4559.7 1175.88 781.495 641.392 3383.82 1053.67 821.655 2633.04 2330.15
internal_count=289460 215971 36176 179795 71091 73489 24936 17084 14595 12959 17429 8711 108704 106589 3406 2115 614 8718 6169 53662 27515 26147 6798 5172 4145 19349 6567 5613 18341 12782
is_linear=0
shrinkage=0.03


Tree=109
num_leaves=31
num_cat=0
split_feature=8 11 6 6 0 8 1 6 3 3 6 11 5 30 18 11 4 18 8 25 3 30 17 11 3 5 17 4 0 0
split_gain=361.669 71.3942 65.3095 51.6859 35.2764 33.6967 40.5333 38.2022 43.9427 30.6679 27.5703 26.5102 27.0942 27.795 34.3348 28.1128 48.6508 45.6298 34.0754 26.1581 25.9425 26.9021 25.0163 24.6808 24.4386 27.1639 27.0701 27.1609 23.2517 22.9374
threshold=0.00038241068250499671 0.23672325164079669 0.18486487120389941 0.27481718361377722 7.5000000000000009 0.31718172132968908 12.963003635406496 14.907233238220217 0.46610327064991003 -0.35858295857906336 0.36962810158729559 13.344423294067385 7.6848673820495614 2.5000000000000004 3.1580047607421879 2.7199424505233769 1.0000000180025095e-35 3.3781738281250004 3.4120500087738042 0.23953962326049807 -0.60281798243522633 2.5000000000000004 -0.88947430253028859 1.1571169495582583 -1.3079366683959959 2.5467469692230229 0.402631625533104 -2.0764610767364498 6.5000000000000009 1.5000000000000002
decision_type=2 2 8 10 2 2 2 10 2 2 10 2 10 2 8 2 2 8 2 2 2 2 8 2 2 10 10 2 2 2
left_child=3 2 -2 9 5 10 11 8 -8 28 29 12 13 14 -7 16 17 -15 19 23 21 -13 -10 -18 26 -26 27 -6 -1 -3
right_child=1 4 -4 -5 24 6 7 -9 22 -11 -12 20 -14 15 -16 -17 18 -19 -20 -21 -22 -23 -24 -25 25 -27 -28 -29 -30 -31
leaf_value=-0.023597626051539099 -0.013669063027538104 -0.014997739430416535 0.0006972285398085435 0.035695135108655782 0.020935582587678657 -0.0032875134480547154 0.0015973416594384613 0.0058880241989653489 0.0026336270016047961 -0.027596766272942771 0.0010309120068823559 -0.0063913616973514786 0.017184107509799963 -0.024639340776450556 0.0013524361435372197 0.0053486582352194082 0.023387601575865235 -0.0023224862448142959 -0.0067106744094725989 0.03790116859063955 -0.0064286566346345555 0.016708895509969509 -0.009657937722710886 0.0020361459816386806 0.0011345009292623735 0.0057611162626291261 5.0712041785958618e-06 0.004261210585745745 -0.0067835497028883177 -0.0044563795018640997
leaf_weight=141.64577137120068 602.6234925002791 225.61816106177866 539.0078124338761 13.282277623191474 193.94620041921735 1763.7674027560279 632.21196496859193 348.57976923137903 171.2014622464776 406.28933116048574 712.22001454979181 82.348073542118073 96.481777735054493 106.34922055527568 7688.1219491884112 2402.3631385564804 73.725312739610672 356.6929831430316 108.77152109146118 32.927913554012775 722.90210953913629 98.934223771095276 1130.131960850209 140.65581715106964 6915.1590156154707 1367.2607515528798 219.52955513820052 161.29373646527529 156.24891758523881 1041.0890691145323
leaf_count=11624 31368 4194 10441 516 1236 9496 6324 2053 1192 51982 5342 385 528 899 41480 12790 318 3249 498 142 4137 486 9194 612 42715 6937 1254 724 7533 19855
internal_value=-8.80399e-05 0.000452492 -0.00689151 -0.0211045 0.000765669 6.51105e-07 0.000458673 -0.00324165 -0.00488974 -0.0222249 -0.00369076 0.00107643 0.00142801 0.00130671 0.000486343 0.00371277 -0.0010857 -0.00749016 0.00724023 0.0133784 -0.00388499 0.00623803 -0.0080401 0.00945337 0.00231459 0.00189887 0.00829151 0.0133979 -0.0148307 -0.00634429
internal_weight=28651.4 27933.9 1141.63 717.466 26792.3 17935.1 15956.2 2282.13 1933.55 704.184 1978.93 13674 12769.9 12673.4 9451.89 3221.49 819.123 463.042 356.081 247.309 904.184 181.282 1301.33 214.381 8857.19 8282.42 574.769 355.24 297.895 1266.71
internal_count=289504 217849 41809 71655 176040 123174 93783 18763 16710 71139 29391 75020 70012 69484 50976 18508 5718 4148 1570 1072 5008 871 10386 930 52866 49652 3214 1960 19157 24049
is_linear=0
shrinkage=0.03


Tree=110
num_leaves=31
num_cat=0
split_feature=6 27 4 27 25 0 11 25 2 25 4 4 17 27 27 8 8 3 11 15 4 3 25 27 27 27 2 21 27 6
split_gain=354.383 94.343 172.57 46.4295 40.3567 37.6173 52.0777 36.6914 51.8751 34.7604 38.9384 32.0523 38.5737 31.6142 29.5797 27.3002 26.3207 26.081 25.2253 24.9782 54.3971 38.8116 32.9993 29.7466 27.0505 25.2092 33.611 36.1636 31.8966 31.3334
threshold=1.0000000180025095e-35 0.021863799542188648 1.0000000180025095e-35 1.0000000180025095e-35 0.11385202407836915 7.5000000000000009 0.27742828428745275 0.051416425034403808 0.30932123959064489 0.069539032876491561 -1.9932152032852171 9.678965091705324 0.081307500600814833 1.0000000180025095e-35 0.96774193644523632 18.712434768676761 4.4673433303833017 0.1242237724363804 7.6951639652252206 -0.60697492957115162 1.0000000180025095e-35 -0.88504278659820546 0.40269328653812414 0.18817204236984256 0.67204302549362194 0.58333334326744091 1.2417131066322329 -0.1304536238312721 0.37706093490123754 2.7292337417602544
decision_type=8 2 2 2 2 2 2 2 2 2 2 2 8 2 2 2 2 2 2 8 2 2 2 2 2 2 2 8 2 10
left_child=4 2 3 -2 18 6 7 8 -3 10 -7 14 -13 -4 -8 17 -9 -14 -1 20 24 -21 23 -22 -11 26 29 -28 -29 -23
right_child=1 5 13 -5 -6 9 11 16 -10 19 -12 12 15 -15 -16 -17 -18 -19 -20 21 22 25 -24 -25 -26 -27 27 28 -30 -31
leaf_value=-0.026134590422093124 -0.030985315661660587 -0.0038158508390492268 0.039555716703930183 -0.011300609380579175 -0.0089195664439488849 0.026237671556767175 0.00090849692261757594 -0.011944962159618957 0.052104223539429964 -0.0028522635957804535 0.0030853304164102468 0.0016018372377418744 0.0044627632926984998 0.0074691403464552612 -0.018282740775224699 0.0097302920495613929 0.023883838167717573 -0.0085062068575041533 0.075742912224084261 0.005971955343399683 0.024440966944023011 -0.0034876568925395084 -0.012090491854736778 0.0077166469393448543 0.015885082901406784 -0.0029462234129120305 -0.00010376581802179012 0.012831954107760375 0.0023063046713150096 0.013017584348575802
leaf_weight=501.76149596646428 198.91463163634762 53.959169442765415 47.334435813128948 238.20765214134008 174.47393220290542 113.34316650824621 14913.108081640676 568.06212733639404 19.578677006065845 831.1694552237168 153.38947980105877 1029.0067067816854 156.91332319751382 65.924642123281956 71.635812491178513 92.556484095752239 18.168626731261611 1221.7501032017171 1.2611467759124924 1169.4940945822746 102.01534402370453 1290.3829407482408 69.978845089673996 1407.8704644143581 74.651899009943008 1801.1522123515606 1043.6012587398291 541.51542297005653 497.03355722129345 111.55682089645416
leaf_count=64241 12350 2243 287 8844 9010 2542 91659 16442 265 7897 861 7980 1663 324 631 521 226 10329 78 7894 444 14770 294 7023 323 10337 4462 2262 2163 655
internal_value=2.40814e-06 0.000523314 -0.0117629 -0.0203085 -0.0214199 0.000770961 -2.15834e-05 -0.00828896 0.0115716 0.00233268 0.0129847 0.00029083 -0.002853 0.0211079 0.000815538 -0.00596779 -0.0107958 -0.00702797 -0.0257294 0.00201346 0.00456815 0.00102911 0.00792692 0.00886205 -0.00129224 -6.55417e-05 0.00142409 0.00384118 0.0078016 -0.00216594
internal_weight=28579.8 27902.3 550.381 437.122 677.497 27351.9 18144.7 659.769 73.5378 9207.15 266.733 17485 2500.23 113.259 14984.7 1471.22 586.231 1378.66 503.023 8940.42 2485.69 6454.74 1579.86 1509.89 905.821 5285.24 3484.09 2082.15 1038.55 1401.94
internal_count=289020 215691 21805 21194 73329 193886 131959 19176 2508 61927 3403 112783 20493 611 92290 12513 16668 11992 64319 58524 15981 42543 7761 7467 8220 34649 24312 8887 4425 15425
is_linear=0
shrinkage=0.03


Tree=111
num_leaves=31
num_cat=0
split_feature=6 11 25 0 4 1 24 29 6 28 18 28 28 28 28 11 2 2 28 20 5 5 28 28 23 21 18 2 23 4
split_gain=338.956 74.5911 49.0293 42.63 44.8798 52.6809 44.5258 40.2007 47.0459 40.972 84.7606 53.8473 48.4285 64.1363 42.8758 37.0572 32.5426 41.0189 28.3875 31.4576 28.0885 27.6209 26.4339 30.4091 26.4031 25.7139 24.7023 25.5786 43.2838 60.6361
threshold=1.0000000180025095e-35 0.1626374498009682 0.11385202407836915 2.5000000000000004 -0.92735558748245228 7.5026786327362069 0.32790055871009832 -0.52034142613410939 0.72087419033050548 0.71503382921218883 6.5976104736328134 0.77244481444358837 0.57077592611312877 0.49812944233417517 0.54219430685043346 5.4407341480255136 3.4440749883651738 3.0863879919052128 0.82414472103118908 -0.17515470832586286 -0.56929394602775563 3.2737414836883549 -0.39826117455959315 -0.65234524011611927 0.072428192943334593 0.30991505086421972 18.675170898437504 1.537159323692322 -0.41347280144691462 1.0000000180025095e-35
decision_type=8 2 2 2 2 2 8 2 10 2 10 2 2 2 2 2 2 2 2 10 10 10 2 2 10 10 8 2 10 2
left_child=2 7 -1 4 6 -6 -3 9 -9 12 11 -11 13 -2 -15 20 17 21 -12 -20 -8 26 23 -18 25 -23 27 28 -5 -30
right_child=1 3 -4 16 5 -7 15 8 -10 10 18 -13 -14 14 -16 -17 22 -19 19 -21 -22 24 -24 -25 -26 -27 -28 -29 29 -31
leaf_value=-0.026096872204159509 -0.015836183975371274 -0.011642454366855477 -0.0074614529405828568 0.0045856115632364174 0.0026270136709019187 -0.0052933298153267612 0.0081209124151595952 -0.013110418411432057 0.010577958099804344 0.19658867002114247 -0.0075054697544208243 0.024910871312683103 -0.028218748867847743 0.1085251054050816 0.0037486539452038065 0.010844722149688488 0.0073630784470046732 -0.0060055219595384485 0.11427701646219278 0.0071133340043098752 -0.0091543508122789979 -0.00075056804779633141 0.003388439536532908 0.030281463640939841 0.0082030696130166256 0.0094046355985227658 -0.0071317855511486023 -0.0002267747041673943 -0.00088538800163481151 0.0060541255952022534
leaf_weight=490.5197762819007 17.784038549289111 713.20528714731336 172.73473313311115 3821.0354301743209 2254.6049764752388 1135.6756633780897 109.27964270953089 690.76670990325511 83.943129057064652 3.1894109584391108 21.696642267517749 3.2541369702666998 36.09664811892435 8.0972484843805415 5.8486149045638731 177.78505812957883 133.50354146957397 714.4684316329658 3.3351318310014904 6.0504370266571623 365.97258425271139 968.40856049954891 390.76575698703527 85.420609176158905 961.51336092501879 291.04192796349525 335.40650507714599 7843.1183843947947 5324.2714466648176 1438.5774937272072
leaf_count=64307 254 8960 8961 28572 10179 10206 791 31234 1383 37 707 66 1325 136 198 1072 646 5370 111 211 4894 5345 1903 417 5227 1642 3979 41702 43813 5990
internal_value=-8.21739e-05 0.000421275 -0.0212621 0.000700903 -0.00187731 -2.69202e-05 -0.00646561 -0.00816899 -0.0105334 0.00915296 0.0338676 0.124882 -0.00481407 0.0218603 0.0677748 -0.00080263 0.0012507 0.00105842 0.0116952 0.0525304 -0.00517336 0.00129922 0.00808066 0.0164025 0.00446205 0.00160176 0.000924608 0.00107163 0.00203373 0.000591446
internal_weight=28607.4 27944.1 663.255 27064.1 4756.52 3390.28 1366.24 880.062 774.71 105.352 37.5258 6.44355 67.8266 31.7299 13.9459 653.037 22307.5 21697.8 31.0822 9.38557 475.252 20983.4 609.69 218.924 2220.96 1259.45 18762.4 18427 10583.9 6762.85
internal_count=289638 216370 73268 180708 36102 20385 15717 35662 32617 3045 1132 103 1913 588 334 6757 144606 141640 1029 322 5685 136270 2966 1063 12214 6987 124056 120077 78375 49803
is_linear=0
shrinkage=0.03


Tree=112
num_leaves=31
num_cat=0
split_feature=6 27 4 3 0 4 29 23 2 18 28 29 2 24 28 18 28 28 20 27 11 19 28 29 4 8 3 28 29 30
split_gain=329.361 79.3775 219.995 45.1031 43.0963 52.3686 55.0379 41.8581 36.4823 34.8056 35.8178 34.5619 58.0347 31.4514 39.5307 40.764 29.3258 40.477 33.5033 34.1519 31.5288 33.9523 28.9574 29.053 33.6176 27.8543 27.5358 57.2711 102.93 70.2735
threshold=1.0000000180025095e-35 1.0000000180025095e-35 1.0000000180025095e-35 -0.83008018136024464 2.5000000000000004 -1.3775961995124815 -0.53495380282402027 0.050514711067080505 2.6019275188446049 19.508270263671879 0.98667103052139293 0.96633976697921764 1.2417131066322329 0.054656675085425384 0.98213580250740062 12.057220458984377 0.10837544873356821 0.17646842449903491 0.63391587138175975 0.037254903465509422 0.24572101980447772 -0.029464339837431904 -0.11692013591527937 0.77108684182167064 -2.4116585254669185 0.043482134118676193 -0.33800648152828211 0.022575936280190948 0.47369650006294256 2.5000000000000004
decision_type=8 2 2 2 2 2 2 10 2 8 2 2 2 10 2 10 2 2 10 2 2 8 2 2 2 2 2 2 2 2
left_child=3 2 -2 -1 5 6 7 -3 -7 10 11 13 16 14 22 -16 -13 18 19 -18 -21 -22 23 -6 25 -25 27 28 -15 -30
right_child=1 4 -4 -5 9 8 -8 -9 -10 -11 -12 12 -14 26 15 -17 17 -19 -20 20 21 -23 -24 24 -26 -27 -28 -29 29 -31
leaf_value=-0.0057817557856789017 -0.030972844942334897 0.0067042581304183639 0.039864252044662297 -0.025193564599516403 0.0058867229685697119 0.0010527667882493539 -0.014616505416862952 -0.0094423922694555004 -0.0071356334116862178 -0.0087694339871789619 -0.005366976267155067 -0.024200636201514018 0.0113775695804897 -0.00051643635235721491 -0.0064090226096140887 0.086119973304578948 -0.026861421067913737 -0.023110161547788742 -0.024481325695408566 -0.0050936978344067177 0.11564736240002041 0.026866994000874944 0.0014786539662574845 0.018936454918958047 0.013048210879354686 0.077195486441053826 0.00032322776424317443 0.0059122721045699721 0.025512366266213886 -0.016740357076425339
leaf_weight=137.19911073986441 192.96572597045451 292.69020380079746 48.62078320980072 512.80037112673745 947.30184686556458 3101.6427464075387 532.6029245457612 283.46640936657786 580.47138177603483 311.88710876880214 700.47343595605344 149.33745341468602 94.36470240354538 4391.1285385964438 6.9044362204149392 9.7605884270742518 5.3612510440871146 37.122163873165846 10.134842159692196 5.9933089800179031 7.8087539467960596 8.3423860715702194 1300.4566038367338 16.396218760404739 157.49251529946923 13.893656167201696 11436.422595600132 2961.2603293349966 220.79347964283079 41.439842968247831
leaf_count=5281 12294 2529 297 68052 7966 16024 11805 2621 6052 4940 7397 4190 424 25982 85 146 265 1216 264 270 97 108 13600 843 1279 441 68975 22411 2138 1080
internal_value=-1.76822e-05 0.000475078 -0.0166109 -0.0211114 0.000625094 -0.00196151 -0.00767417 -0.00124242 -0.00023969 0.00116786 0.00130585 0.00152028 -0.00827519 0.00166573 0.00486303 0.0495919 -0.0165644 -0.00119304 0.0204609 0.0372984 0.0533212 0.0740307 0.00453675 0.00803601 0.0187898 0.0472723 0.00125395 0.00265158 0.000575753 0.0187971
internal_weight=28516.5 27866.5 241.587 649.999 27624.9 4790.87 1108.76 576.157 3682.11 22834.1 22522.2 21821.7 318.465 21503.3 2452.21 16.665 224.1 74.7627 37.6405 27.5057 22.1444 16.1511 2435.54 1135.08 187.782 30.2899 19051 7614.62 4653.36 262.233
internal_count=289072 215739 12591 73333 203148 39031 16955 5150 22076 164117 159177 151780 6834 144946 24360 231 6410 2220 1004 740 475 205 24129 10529 2563 1284 120586 51611 29200 3218
is_linear=0
shrinkage=0.03


Tree=113
num_leaves=31
num_cat=0
split_feature=6 11 3 29 0 0 4 29 6 16 21 6 3 22 28 3 25 29 25 28 28 24 4 12 17 29 25 11 25 4
split_gain=305.425 69.3754 43.1007 40.4546 37.2555 33.4109 32.4886 46.9457 31.8439 27.5522 31.2272 27.2613 24.4248 24.462 24.3215 26.7301 38.5381 54.2732 61.3818 30.5817 29.8789 23.9414 22.787 37.4922 35.4205 28.4607 29.3161 28.046 29.3872 32.3062
threshold=1.0000000180025095e-35 0.17104351520538333 -0.83008018136024464 0.96407344937324535 3.5000000000000004 4.5000000000000009 -1.804717421531677 -0.26867066323757166 29.643007278442386 -0.35664898157119745 0.051164105534553535 1.2743421792984011 -2.0586801767349239 0.82293429970741283 0.98932364583015453 -0.18945344537496564 0.070827260613441481 0.9543682634830476 0.14416719973087314 0.89787620306015026 0.92922380566596996 0.010208146180957558 1.7619602680206301 2.196036815643311 -0.19350314140319821 -0.46039597690105433 0.25470334291458135 0.87095120549201976 0.052633637562394149 1.0000000180025095e-35
decision_type=8 2 2 2 2 2 2 2 10 10 10 10 2 10 2 2 2 2 2 2 2 8 2 2 8 2 2 2 2 2
left_child=2 3 -1 5 6 -2 7 9 12 -3 -11 14 13 -6 15 16 19 -18 -19 -7 -21 -22 23 27 -24 26 -26 28 -8 -30
right_child=1 4 -4 -5 8 11 22 -9 -10 10 -12 -13 -14 -15 -16 -17 17 18 -20 20 21 -23 24 -25 25 -27 -28 -29 29 -31
leaf_value=-0.005574237720585639 -0.01588185407858771 0.0086305141505118241 -0.024654600196313992 -0.025314012667745567 0.022358033907779074 0.0086054584724226425 0.014179344703900608 -0.014373388385387724 0.016897352353077266 0.0026199728218921909 -0.011780457346704225 0.020352510238718008 0.0011790799540756444 -0.0095824775914785283 -0.023584706729853366 -0.013424671784130305 -0.002693432530530851 -0.012892656378105237 0.18820253677004592 0.11154293369117282 0.088014343526780212 -0.003688391304586034 0.0027277292126978636 0.016324426280049306 -0.009488903130114662 -0.0001936622908906186 0.0025191588514644394 0.001835984828234783 -0.014100943915695809 0.021293325616297602
leaf_weight=136.18071916606277 204.62275217100978 183.25179164018482 500.42664099531248 103.77707509649917 89.994353305548429 27.075990916229784 47.855546813458204 382.83060069568455 116.93227394856513 262.59804781526327 278.4128932133317 44.985560089349747 19598.777300594375 27.65753454901278 49.272661994211376 128.14147388376296 320.45883958833292 2.3802512427791944 1.8688379637897012 5.5056936778128174 2.7789771854877445 7.725074104964734 926.87924809008837 145.57369565963745 993.29653521627188 877.41974267363548 223.79982430487871 2578.4539691545069 262.54946691729128 24.566595122218132
leaf_count=5279 8882 1846 68025 6213 489 1176 456 9460 603 2581 3013 639 124871 166 1923 7751 9082 107 41 170 95 286 6035 617 7777 5790 1432 12337 2133 103
internal_value=-5.79194e-05 0.000410923 -0.0205881 -0.00778487 0.000683756 -0.0054672 -0.00116658 -0.00589098 0.00135433 -0.00139371 -0.00479878 -0.00183564 0.0012613 0.014832 -0.00370031 -0.00168125 0.00243553 -0.00113441 0.0945578 0.0287552 0.0603235 0.0261145 -0.000305552 0.00151942 -0.00215312 -0.0043133 -0.0072806 0.000774314 -0.00737907 -0.0110091
internal_weight=28556 27919.4 636.607 898.593 27020.8 794.816 7187.49 1107.09 19833.4 724.263 541.011 590.193 19716.4 117.652 545.208 495.935 367.794 324.708 4.24909 43.0857 16.0097 10.5041 6080.39 3059 3021.4 2094.52 1217.1 2913.43 334.972 287.116
internal_count=289378 216074 73304 36365 179709 30152 53580 16900 126129 7440 5594 21270 125526 655 20631 18708 10957 9230 148 1727 551 381 36680 15646 21034 14999 9209 15029 2692 2236
is_linear=0
shrinkage=0.03


Tree=114
num_leaves=31
num_cat=0
split_feature=8 27 4 27 6 8 18 28 28 27 30 17 27 4 27 3 28 12 28 28 27 3 12 18 23 17 27 1 18 14
split_gain=300.533 62.976 210.09 41.8203 36.6269 42.3938 47.533 43.545 34.6599 52.645 36.2841 35.3476 34.0804 64.2586 41.3379 41.1542 30.9874 30.059 29.8562 29.4691 57.3445 30.3096 29.4184 33.3017 32.9941 29.3037 29.6888 53.2305 38.6047 37.8447
threshold=0.00038241068250499671 1.0000000180025095e-35 1.0000000180025095e-35 0.051391525194048888 0.28278674185276037 0.79755660891532909 5.7625122070312509 0.98932364583015453 0.49812944233417517 0.36612904071807867 1.0000000180025095e-35 0.58353298902511608 0.86881721019744884 1.0000000180025095e-35 0.86111110448837291 1.2372741103172304 -0.97876849770545948 -1.1544561386108396 0.71503382921218883 0.3903625756502152 0.92903226613998424 0.027159814722836021 -2.7749723196029659 10.718765258789064 0.14616978913545611 -0.092063363641500459 0.6338709592819215 2.5251827239990239 3.3148498535156254 -0.26996181905269617
decision_type=2 2 2 2 8 2 10 2 2 2 2 10 2 2 2 2 2 2 2 2 2 2 2 10 10 8 2 2 10 10
left_child=3 2 -2 -1 5 6 -3 8 16 10 17 -11 14 -14 25 19 -8 18 -10 -15 21 -21 23 24 -18 -6 -27 -28 -29 -30
right_child=1 4 -4 -5 12 -7 7 -9 9 11 -12 -13 13 15 -16 -17 22 -19 -20 20 -22 -23 -24 -25 -26 26 27 28 29 -31
leaf_value=-0.026711656961041993 -0.030942147521694042 -0.0097401253316317365 0.039459611811372974 -0.011356180844460176 0.0025917136239561457 0.0017045887682249231 0.016115371093933375 -0.018989430605014911 0.041615099901243201 0.050902227361034537 0.0056069636441717068 -0.011519092550293196 0.020129667250128807 -0.0065100376213205252 0.020334069904643919 0.028448761569289778 0.011119175074215785 -0.017070276884492804 -0.0048195985979993692 0.045610125976484492 -0.017662907902654922 -0.0031772503282714547 -0.010392888072110884 0.028335552611541987 -0.012114819994307014 0.0011585486669791071 0.0079210647011206132 -0.00068852419738809603 -0.0011835366476817782 -0.012172521463928429
leaf_weight=374.25237001292408 172.80480869207531 940.49660383444279 47.956544257700443 282.0385605301708 8468.9657412441447 1746.9224860947579 59.216922956518829 118.12865860527381 16.401938437018543 32.560753513127565 651.04958458943292 10.362004019320009 98.816071227192879 1404.0643729269505 101.32961147278547 31.96998330950737 93.870616750791669 133.12863198015839 43.304600249510258 36.702290423214436 36.121229358017445 16.287616051733494 513.25378126464784 36.041197734419256 129.9782837126404 9641.1340700080618 411.85224092006683 1682.3667198345065 470.55192819982767 703.97810266539454
leaf_count=53235 11180 17797 302 18472 47601 12362 1346 4266 347 237 14647 73 420 11589 664 144 751 4074 964 198 266 127 12780 308 1120 54568 1804 10845 2753 4167
internal_value=-8.96129e-05 0.000383592 -0.0155396 -0.02014 0.00051138 -0.00195659 -0.00425885 -0.00144926 -0.000233687 0.00389104 0.00222167 0.0359139 0.000994771 -0.00319441 0.00131162 -0.0047178 -0.00462762 -0.00917769 0.00841183 -0.00544649 0.0111974 0.0308332 -0.00623514 0.00198431 -0.00236557 0.00122051 0.000320862 -0.00214948 -0.00360352 -0.00777476
internal_weight=28505.9 27849.6 220.761 656.291 27628.9 4524.72 2777.79 1837.3 1719.17 886.808 843.885 42.9228 23104.1 1623.96 21480.2 1525.15 832.361 192.835 59.7065 1493.18 89.1111 52.9899 773.144 259.89 223.849 21378.8 12909.9 3268.75 2856.9 1174.53
internal_count=289407 217700 11482 71707 206218 71072 58710 40913 36647 20342 20032 310 135146 12744 122402 12324 16305 5385 1311 12180 591 325 14959 2179 1871 121738 74137 19569 17765 6920
is_linear=0
shrinkage=0.03


Tree=115
num_leaves=31
num_cat=0
split_feature=8 27 4 29 4 0 8 11 25 5 27 4 21 18 1 29 25 17 11 29 29 27 27 4 25 29 30 30 11 25
split_gain=286.582 66.4824 196.395 54.7743 65.092 42.7842 58.2212 50.4257 49.6196 38.1557 32.2095 30.8935 32.5499 28.526 55.7432 61.7129 42.4535 35.2409 30.7337 27.6494 50.166 30.4167 24.3433 89.4176 30.8594 31.2712 37.7612 44.5755 55.7056 66.2777
threshold=1.0000000180025095e-35 1.0000000180025095e-35 1.0000000180025095e-35 0.96633976697921764 1.0000000180025095e-35 5.5000000000000009 0.15704969316720965 1.3113456368446352 0.068481389433145537 -0.21586062014102933 0.051391525194048888 0.40732288360595709 0.47065301239490515 9.9620361328125018 2.5251827239990239 -0.97507822513580311 0.043800048530101783 -1.5694605112075803 3.9652520418167119 0.48877522349357611 0.51849433779716503 0.087455198168754592 0.061669828370213516 1.0000000180025095e-35 0.11924127861857416 0.6174544394016267 1.5000000000000002 2.5000000000000004 0.29736517369747167 0.27570670843124395
decision_type=2 2 2 2 2 2 2 2 2 8 2 2 10 10 2 2 2 10 2 2 2 2 2 2 2 2 2 2 2 2
left_child=9 2 -2 5 -5 6 7 -3 11 -1 -11 12 19 -8 15 17 -17 -15 -18 21 -21 -7 23 -10 -24 -26 -27 28 29 -28
right_child=1 3 -4 4 -6 8 13 -9 22 10 -12 -13 -14 14 -16 16 18 -19 -20 20 -22 -23 24 -25 25 26 27 -29 -30 -31
leaf_value=0.029521743338481701 -0.03089098699186911 -0.015308984646687141 0.039095083150881733 -0.018676778127876648 0.0067433391844420312 -0.0015967149344471747 -0.00051144689440391848 -0.0011365815934091081 -0.012303617142178803 -0.02716548140603943 -0.013086653436968103 -0.002264135041586712 0.028831178963171358 -0.014808339456564023 -0.006258175517209582 0.026533597197125381 0.00030001110143137934 0.045300457343513789 0.01598235398659972 0.10610090252482127 0.017575829391118142 0.02264551249410323 0.0086132079276789696 0.016945273278212131 0.0010813264647708731 -0.0051183344008242041 0.08898884463698549 -0.0017366188951216416 0.013814408993613275 0.014538334409256662
leaf_weight=12.765578222461043 170.05188491009176 432.44970801612362 44.821309670805931 275.1816282691434 134.32948293536901 185.57609250629321 10440.893304477446 472.34322118246928 377.49788360483944 352.49432202102616 255.16727765696123 131.80521126836538 104.48039905447513 9.8747143074870092 312.10387091338634 81.001608792692423 526.23990536853671 56.148136973381042 142.05463808216155 5.2748501515015951 82.103708234615624 61.140605902764946 553.40696900943294 124.23293268680573 12595.44886537455 138.72548354975879 20.160538887605071 127.96654632221907 239.7342402394861 22.858073061332107
leaf_count=507 11621 17184 289 8161 609 3136 66886 6250 9489 51800 17454 597 1999 57 1387 988 5090 315 812 72 2103 459 5792 591 70834 1031 290 1597 1333 261
internal_value=-4.41809e-05 0.000405116 -0.0161788 0.000534559 -0.0103423 0.000698428 -0.000595271 -0.00791977 0.00179088 -0.0201936 -0.0212848 0.0104591 0.0142792 -2.17651e-05 0.00450954 0.00863403 0.006158 0.0362235 0.00365239 0.009656 0.02406 0.00447809 0.00144199 -0.00504204 0.00167983 0.0013873 0.00838664 0.0129495 0.0195787 0.0506583
internal_weight=28488.3 27867.9 214.873 27653 409.511 27243.5 12473.1 904.793 14770.4 620.427 607.662 570.381 438.576 11568.3 1127.42 815.319 749.296 66.0229 668.295 334.095 87.3786 246.717 14200 501.731 13698.3 13144.9 549.445 410.719 282.753 43.0186
internal_count=288994 219233 11910 207323 8770 198553 98969 23434 99584 69761 69254 8366 7769 75535 8649 7262 6890 372 5902 5770 2175 3595 91218 10080 81138 75346 4512 3481 1884 551
is_linear=0
shrinkage=0.03


Tree=116
num_leaves=31
num_cat=0
split_feature=8 27 4 27 0 11 0 25 1 25 13 27 29 25 1 3 29 19 27 21 29 8 27 8 15 27 6 29 15 6
split_gain=290.903 63.2743 139.251 55.7093 44.1015 52.5659 40.2654 37.73 40.1581 35.3583 37.4166 32.8721 30.932 33.1387 40.429 29.9417 34.6105 43.3229 28.7663 26.8241 33.4439 26.4965 37.9925 26.4556 25.8686 37.5823 30.3448 25.7372 25.4913 25.2931
threshold=0.0032559566898271446 0.020556610077619556 1.0000000180025095e-35 0.030834914185106758 5.5000000000000009 0.2562656849622727 6.5000000000000009 0.068481389433145537 1.9440238475799563 0.047566007822752006 -0.50054764747619618 1.0000000180025095e-35 -0.091258823871612535 0.045819785445928581 0.18638571351766589 -1.3391843438148496 0.50370931625366222 -0.2881519198417663 1.0000000180025095e-35 0.25609301030635839 0.94353348016738903 0.72154060006141674 0.057189542800188072 4.9181418418884286 -0.67889520525932301 0.68853047490119945 3.6882236003875737 -0.16799793392419812 -1.8731963038444517 11.336050033569338
decision_type=2 2 2 2 2 2 2 2 2 2 8 2 2 2 2 2 2 10 2 10 2 2 2 2 10 2 8 2 8 10
left_child=3 2 11 -1 5 12 -5 8 19 10 -8 -2 13 14 -3 16 17 -9 -4 -6 -21 22 28 29 26 -26 -23 -19 -17 -14
right_child=1 4 18 6 7 -7 9 15 -10 -11 -12 -13 23 -15 -16 21 -18 27 -20 20 -22 24 -24 -25 25 -27 -28 -29 -30 -31
leaf_value=-0.027407978058919404 -0.030982813821578671 0.002586067122406967 0.038327040488794872 -0.020508691129127819 0.010194819993270432 -0.00025288770283349548 0.15314007439580518 -0.0032075915433765708 -0.0026658671537536619 -0.0050896452784184908 0.0080676142209968934 -0.011454593637370702 -0.019778340664237466 -0.0046123125237514922 0.1047106387968969 0.035964269512833678 0.027013089813160113 0.0130791064830295 0.0055558928121218088 0.034045948551534463 -0.02564791651350103 0.0011426999222609322 -0.00022946947034957078 0.030110002073890325 0.0022468068911852034 -0.0025748431774983691 0.0075633218743734942 -0.0057178709020036704 -0.013586963067521367 0.079087706946263381
leaf_weight=320.20285330759361 150.01589716225863 8.8416731962934119 42.323939047753811 227.82574733532965 236.53863951517269 12107.127608229872 1.6146007087081669 345.8788934070617 154.59395214915276 257.65841497946531 4.4347381647676221 163.42415750259534 257.32169002480805 113.17928039189428 4.8195722699165335 8.743323188275097 68.859177457168698 458.75124041549861 55.261668480932713 91.610475000925362 8.57328665954992 1287.1762689007446 2781.2548293913715 9.4172636382281762 5666.5889773368835 1956.453469440341 1364.9397074989974 75.877862527966499 266.74401999590918 1.3873376548290242
leaf_count=48547 8968 361 281 20170 3462 82012 115 2180 696 12863 343 6183 10390 2786 56 215 712 2397 273 1376 260 6685 23534 141 27255 12499 7005 780 6888 10
internal_value=1.10522e-05 0.00053035 -0.0111383 -0.0176794 0.000706596 -0.000604691 -0.011299 0.00181631 0.00998209 -0.00329508 0.0630195 -0.0208698 -0.0113608 0.000846303 0.0432993 0.0015347 0.00667955 0.00506055 0.0200137 0.0157796 0.0287346 0.00116786 -0.00128391 -0.0171172 0.00189729 0.00100916 0.00444875 0.0104056 -0.0118899 -0.0189457
internal_weight=28497.4 27685.7 411.026 811.736 27274.7 12502.1 491.534 14772.6 491.316 263.708 6.04934 313.44 394.967 126.841 13.6612 14281.3 949.367 880.508 97.5856 336.722 100.184 13331.9 3056.74 268.126 10275.2 7623.04 2652.12 534.629 275.487 258.709
internal_count=289443 207405 15705 82038 191700 95756 33491 95944 5794 13321 458 15151 13744 3203 417 90150 6069 5357 554 5098 1636 84081 30637 10541 53444 39754 13690 3177 7103 10400
is_linear=0
shrinkage=0.03


Tree=117
num_leaves=31
num_cat=0
split_feature=6 27 1 29 8 3 6 0 28 29 3 28 1 30 20 30 17 1 12 1 1 27 30 29 29 1 3 0 8 13
split_gain=268.07 71.9565 177.772 40.9415 68.4314 40.0592 36.9825 36.0753 36.7833 33.9137 36.6939 31.0397 69.4888 58.5173 43.9113 35.699 28.6468 30.3213 30.0333 26.3542 32.1682 25.4363 25.1734 52.396 36.5941 65.5654 35.575 31.711 41.509 34.2796
threshold=1.0000000180025095e-35 1.0000000180025095e-35 2.5251827239990239 0.96633976697921764 1.1483345031738283 -0.35858295857906336 29.643007278442386 8.5000000000000018 0.92922380566596996 0.47369650006294256 -0.35100591182708735 0.9159645438194276 2.5918904542922978 1.5000000000000002 -1.7637625932693479 2.5000000000000004 0.36257857084274298 12.71649217605591 0.72175365686416637 0.15238096565008166 7.9557693004608163 0.6338709592819215 2.5000000000000004 0.42763730883598333 -0.97507822513580311 2.5251827239990239 -0.037331201136112206 3.5000000000000004 0.30752544105052954 0.47900412976741796
decision_type=8 2 2 2 2 2 10 2 2 2 2 2 2 2 10 2 10 2 2 2 2 2 2 2 2 2 2 2 2 10
left_child=5 2 -2 6 -5 -1 7 8 11 -9 -11 16 13 -13 -15 -16 22 18 -18 -10 -21 -20 27 24 25 -24 -25 28 -3 -29
right_child=1 3 -4 4 -6 -7 -8 9 19 10 -12 12 -14 14 15 -17 17 -19 21 20 -22 -23 23 26 -26 -27 -28 29 -30 -31
leaf_value=-0.01158320671176042 -0.030558650816278968 -0.011069660915674897 0.037961430018362621 -0.020304776666626445 0.0044009930494787785 -0.027291169761670942 0.01560207669143489 0.0018010325725225974 -0.013464586957885383 0.020535844947699951 0.0045002618997841909 0.0014904430687678835 -0.0062665885358215026 0.12327119945372399 0.0093709957572402792 0.060188698386411735 -0.0015382789133590951 -0.005515524377885472 0.0054788912932776787 -0.00076226201595118882 -0.012740913605156281 -0.0027916615835538641 0.025430980419114142 -0.015886213528167503 0.0065519898764259911 -0.012476927356966479 0.00090600971038177992 0.0033726890478878667 -0.00076155037407628465 -0.0016062738520929963
leaf_weight=274.42754957498983 170.73768468294293 413.73107159184292 41.609134264290333 219.09615576546639 185.7703843684867 317.69934751046821 146.34823310002685 5562.9090526695363 241.45002127811313 180.63332976587117 441.29586451267824 38.298983287066221 90.849207118153572 5.6514144726097575 21.920627440325916 29.133277307264507 5055.6743594692089 1230.1571780778468 1176.4781606849283 1202.9868771936744 241.46652355790138 466.85916932672262 49.787915535271168 183.15238412981853 2216.8320745835081 213.99104505777359 295.88329173065722 3555.363208798226 2310.2200882490724 1913.720489976462
leaf_count=21967 12385 6535 282 7288 1275 51311 739 35091 7750 2445 5482 668 476 47 301 289 35270 10205 5981 7732 1587 2926 209 4081 13912 1592 2013 22806 13980 12933
internal_value=-8.55466e-05 0.000338686 -0.0170172 0.000472395 -0.00898578 -0.0200429 0.000613064 0.000531662 -6.26217e-05 0.00254472 0.00918313 0.000309272 0.0124771 0.0302796 0.0493611 0.0389687 0.000190112 -0.00118836 -0.000393045 -0.00431055 -0.00277214 0.00312902 0.00117018 0.00354107 0.0052951 -0.00525284 -0.00553397 0.000313386 -0.0023307 0.00163049
internal_weight=28494.1 27902 212.347 27689.7 404.867 592.127 27284.8 27138.4 20953.6 6184.84 621.929 19267.7 185.854 95.0043 56.7053 51.0539 19081.9 7929.17 6699.01 1685.9 1444.45 1643.34 11152.7 2959.65 2480.61 263.779 479.036 8193.03 2723.95 5469.08
internal_count=289558 216280 12667 203613 8563 73278 195050 194311 151293 43018 7927 134224 1781 1305 637 590 132443 54382 44177 17069 9319 8907 78061 21807 15713 1801 6094 56254 20515 35739
is_linear=0
shrinkage=0.03


Tree=118
num_leaves=31
num_cat=0
split_feature=6 27 4 25 6 29 4 28 25 1 29 28 27 28 30 28 18 28 11 29 30 29 28 8 27 3 27 4 27 25
split_gain=255.627 69.1278 175.788 40.4652 37.7033 36.4184 55.3875 45.3902 32.9869 100.073 51.2674 41.1654 64.0903 51.7105 64.5959 46.9794 49.3692 38.2443 69.1568 37.9677 37.7577 37.3489 44.4998 35.1465 41.8633 34.5906 87.4338 110.742 88.1434 62.299
threshold=1.0000000180025095e-35 1.0000000180025095e-35 1.0000000180025095e-35 0.11385202407836915 29.643007278442386 0.96849882602691661 -0.049472808837890618 0.039769539609551437 0.063515041023492827 2.6574940681457524 0.94636487960815441 0.98667103052139293 0.048039216548204429 0.98049071431159984 1.0000000180025095e-35 -0.99275806546211232 8.8556976318359393 -0.35846811532974238 0.48637104034423834 -0.39827153086662287 2.5000000000000004 0.48877522349357611 0.85673803091049205 0.26180605590343481 0.061669828370213516 -0.33800648152828211 0.48082436621189123 1.0000000180025095e-35 0.1637992858886719 0.28018297255039221
decision_type=8 2 2 2 10 2 2 2 2 2 2 2 2 2 2 2 10 2 2 2 2 2 2 2 2 2 2 2 2 2
left_child=3 2 -2 -1 5 8 -7 -8 9 10 11 12 13 15 -15 16 -3 -14 -19 -11 21 -20 -23 24 -10 -25 27 -27 -29 -30
right_child=1 4 -4 -5 -6 6 7 -9 23 19 -12 -13 17 14 -16 -17 -18 18 20 -21 -22 22 -24 25 -26 26 -28 28 29 -31
leaf_value=-0.024558361471585664 -0.030784620085990842 0.0072712566005640597 0.037740415579082864 -0.0069217044040072243 0.01592232062516917 -0.016845999659461222 0.030417017919777641 -0.0062503814857012051 -0.012866846371866586 0.018106571090841361 -0.024708758426108784 -0.0049704603277662268 0.0027446691609091028 -0.027121096885553909 0.11177437138665799 0.0017503303119360248 0.14286726885938922 0.054506378944247202 0.0083345500517316568 -0.011805776201634435 0.042136909872710675 0.01136890692192861 0.093828099774169546 0.0023319667981398264 -0.0014184815541051444 -0.004131881044612473 -0.0024753519114666337 0.01232726931659384 -8.3150089984132032e-05 0.0072375462580416992
leaf_weight=418.02857972728088 163.8854913120158 5.6028498271480185 41.440243676304817 163.86937119858339 142.6170163936913 252.05701198382303 47.075351417064667 81.855465844273567 322.23792818747461 42.706246681511402 34.071549093350768 107.10389763209969 65.403174974024296 4.108054440468548 7.6902695866301656 338.46237320778891 3.4077580412849784 68.336362599395216 160.57375787850469 306.27490705996752 53.982323761098087 13.669041070155801 9.7948639392852765 8458.7790943430737 2601.1801696973853 1867.6825929088518 7051.221406955272 1009.0154157355428 2930.067138761282 1626.2105419784784
leaf_count=64258 12245 116 284 9037 720 7670 215 369 12655 282 1083 1968 1057 70 126 8420 41 1249 1250 1417 421 145 78 47679 32386 13563 45118 4480 13627 6912
internal_value=4.98285e-05 0.000461829 -0.0168385 -0.0196121 0.000591085 0.000510909 -0.00868763 0.00726872 0.000640602 0.00545674 0.0108856 0.0123603 0.0149028 0.00584204 0.0650721 0.00364994 0.0677017 0.02362 0.0280532 -0.008104 0.0202622 0.0136528 0.0482193 0.000413024 -0.00268436 0.000807796 -8.24206e-05 0.00218764 0.0043088 0.00253074
internal_weight=28398.4 27816.5 205.326 581.898 27611.2 27468.6 380.988 128.931 27087.6 1221.19 872.206 838.135 731.031 359.271 11.7983 347.473 9.01061 371.76 306.356 348.981 238.02 184.038 23.4639 25866.4 2923.42 22943 14484.2 7432.98 5565.29 4556.28
internal_count=288941 215646 12529 73295 203117 202397 8254 584 194143 17723 16024 14941 12973 8773 196 8577 157 4200 3143 1699 1894 1473 223 176420 45041 131379 83700 38582 25019 20539
is_linear=0
shrinkage=0.03


Tree=119
num_leaves=31
num_cat=0
split_feature=6 27 4 27 0 1 25 27 4 4 28 27 28 28 12 28 14 19 28 3 28 30 30 4 27 1 30 1 14 22
split_gain=240.811 62.6468 177.384 47.9562 41.8313 44.3822 41.1413 58.3993 173.241 38.1039 47.0426 44.4687 61.8139 49.2273 35.4163 32.7615 40.2151 66.9078 32.394 33.7044 38.932 45.9979 36.6955 35.6345 31.3211 29.6661 39.038 28.9025 41.5015 28.8695
threshold=0.00082644636859186005 1.0000000180025095e-35 1.0000000180025095e-35 0.27418301999568945 2.5000000000000004 0.081464920192956938 0.070827260613441481 0.061669828370213516 1.0000000180025095e-35 -0.46500003337860102 -0.99054482579231251 0.041113220155239112 0.98667103052139293 0.32613943517208105 -6.612834930419921 -0.97876849770545948 0.84170600771904003 0.63678497076034557 0.86113432049751293 -1.3971115350723264 -0.85227432847022999 1.5000000000000002 2.5000000000000004 0.40732288360595709 0.91254481673240673 13.696192264556887 2.5000000000000004 0.042307691648602493 0.77758973836898815 -0.87351778149604786
decision_type=8 2 2 2 2 2 2 2 2 2 2 2 2 2 2 2 10 10 2 2 2 2 2 2 2 2 2 2 10 10
left_child=3 2 -2 15 5 -3 9 8 -8 10 -6 14 13 -13 -12 16 -1 -18 19 20 22 29 -9 -23 -21 26 -7 28 -15 -22
right_child=1 4 -4 -5 6 25 7 18 -10 -11 11 12 -14 27 -16 -17 17 -19 -20 24 21 23 -24 -25 -26 -27 -28 -29 -30 -31
leaf_value=-0.0062893125751972622 -0.030752701004503287 -0.01528057705030318 0.038131489406890318 0.0074923953396961755 0.055622809808865366 -0.0022340507598548804 -0.015857582886328381 0.0045963949294784397 0.018709365792673096 -0.0010327238304563163 0.068111568813119638 -0.0013838899416651681 -0.011211499401343968 0.065206677935287463 -0.0013913518088557962 -0.022492389458876109 -0.021176587071960483 0.19147144322460719 -0.0025563431153107037 0.001411516465300614 0.01681333664584754 0.017515919312269878 -0.017352808829103599 -0.014992068669396822 -0.0050178669612897138 -0.0080960994274095442 0.0044465765968385645 0.020799220966564256 0.0070682094551331263 -0.0016357909679498826
leaf_weight=17.587968231644485 157.9968387093395 214.14380463305861 41.764055140316486 57.960829406045377 19.210252609103918 2985.0020425030962 544.73037857422605 191.25519560277462 170.57724837213755 393.81609676405787 5.7496704310178748 80.674272037576884 68.45744526013732 32.493592619895935 293.46156039088964 543.1030636401847 2.2761926203966136 1.7021422409452496 1963.492922144942 17035.011020181701 95.839011082425714 470.18923315871507 105.59272294677794 31.694661304354668 709.40117174386978 517.19986785575747 1068.0740116527304 266.71387358941138 16.888066136278212 359.88615499809384
leaf_count=1606 11770 6855 290 1367 275 19344 14672 1601 811 1892 82 1838 1100 916 9167 72925 220 118 15907 99005 575 2778 1115 161 5862 5408 7121 2248 496 2162
internal_value=5.20039e-05 0.000464991 -0.0162329 -0.0183848 0.000586256 -0.00196432 0.00112025 0.000823442 -0.0075999 0.00657922 0.010401 0.00919338 0.0149861 0.019523 0.000166653 -0.0210495 0.0146723 0.0899908 0.00111122 0.00149037 0.00624076 0.00918102 -0.00324327 0.0154373 0.00115421 -0.00133717 -0.000472897 0.0248464 0.0458588 0.00227238
internal_weight=28461.9 27839.3 199.761 622.63 27639.6 4784.42 22855.1 21677.7 715.308 1177.46 783.649 764.438 465.227 396.77 299.211 564.669 21.5663 3.97833 20962.4 18998.9 1254.46 957.609 296.848 501.884 17744.4 4570.28 4053.08 316.096 49.3817 455.725
internal_count=289687 213451 12060 76236 201391 38728 162663 144649 15483 18014 16122 15847 6598 5498 9249 74869 1944 338 129166 113259 8392 5676 2716 2939 104867 31873 26465 3660 1412 2737
is_linear=0
shrinkage=0.03


Tree=120
num_leaves=31
num_cat=0
split_feature=6 27 4 0 25 4 29 29 4 27 4 27 25 29 27 17 6 8 3 27 21 29 18 30 29 18 8 1 4 4
split_gain=241.257 71.874 118.146 42.3276 57.3778 55.0295 51.0418 74.7913 37.8758 36.6709 129.445 35.9108 35.8819 32.0141 28.7221 26.2001 25.6864 25.1754 24.8688 33.5619 24.7927 24.4616 65.053 23.6088 49.2139 34.7624 31.6925 31.3596 29.6855 26.4214
threshold=1.0000000180025095e-35 0.020556610077619556 1.0000000180025095e-35 3.5000000000000004 0.068481389433145537 -0.50670576095581044 0.94636487960815441 0.93158200383186351 -2.4157932996749873 0.061669828370213516 1.0000000180025095e-35 1.0000000180025095e-35 0.11385202407836915 -0.34234976768493647 1.0000000180025095e-35 -0.37809391319751734 2.9720456600189213 24.131349563598636 -1.6262614130973814 0.91254481673240673 -0.29750689864158625 0.48877522349357611 10.574295043945314 2.5000000000000004 0.42763730883598333 2.9170379638671879 4.9181418418884286 2.398643016815186 13.5759334564209 24.089230537414554
decision_type=8 2 2 2 2 2 2 2 2 2 2 2 2 2 2 10 10 2 2 2 10 2 10 2 2 8 2 2 2 2
left_child=12 2 11 8 5 6 7 20 13 10 16 -2 -1 -3 -4 -9 -6 18 -11 -20 21 -5 -23 25 26 29 28 -26 -25 -10
right_child=1 3 14 4 9 -7 -8 15 23 17 -12 -13 -14 -15 -16 -17 -18 -19 19 -21 -22 22 -24 24 27 -27 -28 -29 -30 -31
leaf_value=-0.024362886697033164 -0.030720110934914467 -0.0026298798801725662 0.037478326126980231 0.0034302443640755868 -0.014503950138342749 -0.0027709508894730589 -0.01918992579652062 0.13322950680906273 -0.0094215323002288468 0.007160794481800804 0.017466374290782669 -0.010801288292975256 -0.0074507268161431561 -0.020943294452595521 0.0036195367747348405 0.030915541141888023 0.024482142122896455 0.016527567257629782 0.0011203430487847987 -0.005853207110429067 0.022044966832219161 0.0075879441248176372 0.091701296222059081 0.0075847128050765657 -0.018624177546691611 -0.00093888143303286578 -0.0029760038038782379 0.0011570899356680361 -0.010562735934129455 0.0083635357348022001
leaf_weight=399.51831567240879 156.71329036122188 185.15907217143103 38.258676037192345 184.96154460450634 497.81617394881323 233.89934518933296 36.341958849225193 5.6090023247525096 754.2018224094063 583.33900637924671 160.48602502048016 171.99758569477126 158.8352190181613 159.81256662402302 53.54108140617609 4.5897241970524174 14.812448056414722 94.305129006505013 17492.912206879351 643.01069401204586 246.60703975055367 34.60695318505168 9.9653984429314715 1134.1741030458361 157.07705354038626 4023.6388363307342 455.46227984875441 132.45451609045267 86.508249167352915 82.716491214931011
leaf_count=64267 12357 3331 275 2545 13294 1065 1252 70 5275 3543 764 7271 9002 7077 265 76 200 500 105823 5182 3766 705 196 6827 2321 26154 3512 635 1071 564
internal_value=-6.64599e-05 0.000325535 -0.0119684 0.000514541 0.00121615 0.00931643 0.0147205 0.0172886 -0.00146588 0.000901187 -0.00597392 -0.020362 -0.0195738 -0.0111498 0.0179824 0.0940574 -0.013332 0.00114747 0.00106911 0.000872786 0.0154506 0.00830081 0.0279934 -0.00097493 0.00179876 -0.00209679 0.00377261 -0.00960184 0.00629103 -0.00765587
internal_weight=28393.3 27835 420.511 27414.5 20243.3 756.581 522.682 486.34 7171.2 19486.7 673.115 328.711 558.354 344.972 91.7998 10.1987 512.629 18813.6 18719.3 18135.9 476.141 229.534 44.5724 6826.23 1965.68 4860.56 1676.14 289.532 1220.68 836.918
internal_count=289185 215916 20168 195748 138981 9675 8610 7358 56767 129306 14258 19628 73269 10408 540 146 13494 115048 114548 111005 7212 3446 901 46359 14366 31993 11410 2956 7898 5839
is_linear=0
shrinkage=0.03


Tree=121
num_leaves=31
num_cat=0
split_feature=6 27 4 3 6 27 0 25 27 4 4 29 29 28 17 11 4 27 30 3 30 1 4 28 11 27 23 18 28 29
split_gain=234.271 69.5557 122.137 34.959 32.5439 32.1463 31.8363 38.5146 51.7328 114.995 36.2173 58.5612 69.8681 41.2714 41.2082 34.743 35.5943 32.8103 32.7839 36.0132 30.4303 55.2339 44.8257 36.5962 33.3691 36.1803 31.0666 27.6216 46.2828 36.7095
threshold=1.0000000180025095e-35 0.020556610077619556 1.0000000180025095e-35 -0.83008018136024464 29.643007278442386 1.0000000180025095e-35 2.5000000000000004 0.068481389433145537 0.061669828370213516 1.0000000180025095e-35 -0.5856301188468932 0.94636487960815441 0.93158200383186351 0.98667103052139293 -0.11230374872684477 0.50328534841537487 -0.049472808837890618 0.043727599084377296 2.5000000000000004 -0.21519991010427472 1.0000000180025095e-35 4.0145497322082528 -0.86229032278060902 -0.61237984895706166 8.5550785064697283 0.84695342183113109 0.62818011641502391 8.4185943603515643 -0.99275806546211232 0.77108684182167064
decision_type=8 2 2 2 10 2 2 2 2 2 2 2 2 2 10 2 2 2 2 2 2 2 2 2 2 2 8 10 2 2
left_child=3 2 5 -1 6 -2 15 10 9 -9 11 12 13 17 -14 16 -3 27 20 -20 21 -17 23 -22 25 -24 -25 -8 -29 -30
right_child=1 4 -4 -5 -6 -7 7 8 -10 -11 -12 -13 14 -15 -16 18 -18 -19 19 -21 22 -23 24 26 -26 -27 -28 28 29 -31
leaf_value=-0.0055998041177767631 -0.030656677119104307 -0.014561334696737526 0.017825584170470088 -0.023545993341260191 0.014877943347544758 -0.011591284470427194 -0.016343848664303228 -0.013902647839591874 0.00098812453323646513 0.0141776171161467 -0.0012579437684726673 -0.020432618322134246 0.11659343184620691 -0.007422832119431586 0.0046775260969282471 0.0076459867684849315 0.028066031299849723 0.021283645030769786 0.0082655790735823263 -0.0017977566412890166 -0.021873573770528502 -0.0077734578422709172 0.0030279990154833034 -0.00062648215785862497 -0.0079791906893614539 -0.014418568706258348 -0.019074701918038364 0.11036420497913946 0.0032119559266913502 0.057518886668617514
leaf_weight=128.11359505075961 150.57006865460426 270.05802352819592 96.112833775579929 420.81827204953879 141.59812712296844 171.84007001435384 40.849678282160312 547.5148190902546 20897.945345675573 171.65806596726179 324.1979949362576 48.082514744717628 8.2967196125537139 82.709545205812901 4.4716107370331875 562.86364243458956 17.943821966648102 309.33312099147588 605.53202841198072 676.99658690625802 205.6818375675939 331.33180905506015 948.66878604888916 271.10082641430199 558.53791361674666 119.56334739178419 116.91877869796008 3.1443278519436708 118.59083221433684 11.388935349881647
leaf_count=5255 12381 7070 570 68113 717 7284 963 14415 129754 818 1521 1663 105 1452 74 4266 77 3598 4059 5472 1963 2022 4705 2255 3939 931 997 33 2605 316
internal_value=1.44801e-05 0.000397845 -0.0117252 -0.0193754 0.000583473 -0.0205624 0.000508662 0.000975852 0.000715734 -0.00718984 0.00688119 0.0110858 0.0137349 0.0120874 0.0805857 -0.00174148 -0.0118175 0.0154347 -0.00107899 0.00295628 -0.00274102 0.00193022 -0.00462217 -0.0116707 -0.00204416 0.00106361 -0.00622008 0.00497285 0.0115871 0.00837319
internal_weight=28362.4 27813.5 418.523 548.932 27395 322.41 27253.4 22568.2 21617.1 719.173 951.065 626.867 578.785 566.016 12.7683 4685.2 288.002 483.307 4397.2 1282.53 3114.67 894.195 2220.47 593.701 1626.77 1068.23 388.02 173.974 133.124 129.98
internal_count=289393 216025 20235 73368 195790 19665 195073 157317 144987 15233 12330 10809 9146 8967 179 37756 7147 7515 30609 9531 21078 6288 14790 5215 9575 5636 3252 3917 2954 2921
is_linear=0
shrinkage=0.03


Tree=122
num_leaves=31
num_cat=0
split_feature=8 8 27 27 27 0 0 24 18 13 28 28 3 24 18 13 11 4 28 28 27 27 23 12 28 27 13 11 0 28
split_gain=208.605 54.4434 53.4536 43.3598 36.1593 31.8132 31.123 34.8145 29.5424 28.2977 45.2437 30.6252 28.9845 31.721 30.0998 29.2296 28.0316 27.8224 46.2531 60.1984 123.703 48.6315 42.1879 40.6759 38.9349 39.6258 34.913 45.8615 38.1668 33.3722
threshold=0.00038241068250499671 0.17074571549892428 0.010278305038809778 0.051391525194048888 0.60555556416511547 5.5000000000000009 4.5000000000000009 0.23454431444406512 8.7836608886718768 -0.54916286468505848 -0.97876849770545948 -0.8940606117248534 -0.67380356788635243 0.0012211843859404328 5.3098449707031259 0.70046809315681469 0.76357078552246105 2.506853580474854 0.80926549434661876 0.75014290213584911 0.68297490477561962 0.048039216548204429 0.73937600851058971 19.064690589904789 0.78325453400611889 0.81953403353691112 -0.28840909898281092 11.811167716979982 5.5000000000000009 -0.96689236164093006
decision_type=2 2 2 2 2 2 2 10 10 10 2 2 2 10 10 10 2 2 2 2 2 2 10 2 2 2 10 2 2 2
left_child=3 2 -2 -1 6 -5 7 -4 -6 -8 12 -12 14 -14 -11 -16 -9 -3 19 21 -21 -19 23 26 25 -22 28 -28 -23 -30
right_child=1 17 4 5 8 -7 9 16 -10 10 11 -13 13 -15 15 -17 -18 18 -20 20 24 22 -24 -25 -26 -27 27 -29 29 -31
leaf_value=-0.025570408181984201 -0.027798758789980227 0.0015696893170234303 -0.01618411006488691 -0.02287663739317141 0.0046942584751588955 -0.0011297065816699872 -0.0082890458615393989 -0.014726759888731088 0.039342359325388612 0.014792687840931686 -0.015766355078134342 0.0010918675680313301 0.079931405355589361 -0.014192587913998425 0.032902898146334111 0.10903052528455517 0.0033041983222833571 0.020219064559371471 -0.0067754472524384308 -0.0090035138477894596 0.080960505492955859 -0.0032232086582374927 0.0034587363103282575 0.0077379827886017872 0.020078305794974466 0.014540644091623872 -0.0014082519443959658 -0.0078527369141311847 -0.0051118313313514765 0.0059252958874218787
leaf_weight=310.33914290228859 81.121285276021808 14327.90299013257 347.74797426490113 93.624252079986036 160.85958198457956 168.39264500467107 425.59164370736107 115.74928689328954 24.759196892380714 24.169504130259156 108.27470587007701 861.41430231789127 2.7274227640591588 22.800653239712119 12.834267582744362 7.3991182763129464 230.60744163347408 103.65568117797375 945.48881105706096 72.224144801497459 31.6672483086586 1228.5797307826579 2075.5325742289424 417.90127242356539 32.842832900583744 11.411994673311709 3055.8129728734493 1472.2606993541121 304.12128518521786 1286.7713120728731
leaf_count=53140 9349 90975 11952 9428 1065 9049 8972 4882 152 269 1708 18467 66 424 167 95 3010 531 5125 356 163 8979 12298 2103 179 67 18027 9924 1419 7200
internal_value=-8.25309e-05 0.000286979 -0.00400556 -0.0179943 -0.00317095 -0.00895778 -0.00426423 -0.00949244 0.00950193 -0.00178272 0.000886199 -0.000804811 0.0240151 -0.00150236 0.0383956 0.0645657 -0.00274663 0.000697665 -0.00043428 0.000160371 0.0190784 -0.000123342 -0.000339643 -0.00135518 0.0455622 0.0640945 -0.00187335 -0.00350489 0.000747217 0.00381351
internal_weight=28364.6 27792.2 2426.06 572.356 2344.94 262.017 2159.32 694.105 185.619 1465.21 1039.62 969.689 69.931 25.5281 44.4029 20.2334 346.357 25366.2 11038.3 10092.8 148.146 9944.64 9840.98 7765.45 75.9221 43.0792 7347.55 4528.07 2819.47 1590.89
internal_count=289541 217924 60578 71617 51229 18477 50012 19844 1217 30168 21196 20175 1021 490 531 262 7892 157346 66371 61246 765 60481 59950 47652 409 230 45549 27951 17598 8619
is_linear=0
shrinkage=0.03


Tree=123
num_leaves=31
num_cat=0
split_feature=6 27 1 25 11 30 30 29 28 13 6 27 3 29 28 28 30 2 3 29 2 28 30 28 1 28 28 22 29 28
split_gain=205.423 59.1372 136.629 48.5952 30.4643 32.2962 48.8529 33.0488 47.0246 35.6302 27.2887 26.6342 64.9611 43.2751 36.333 76.3855 64.2329 48.6644 33.2443 30.0345 46.1774 37.2308 37.0639 82.1102 72.9594 109.8 43.9781 43.4447 34.9015 34.6521
threshold=1.0000000180025095e-35 0.010278305038809778 2.5251827239990239 0.11385202407836915 0.1626374498009682 2.5000000000000004 1.0000000180025095e-35 -0.82413947582244862 0.49812944233417517 0.55456867814064037 29.643007278442386 0.81953403353691112 -1.7676939964294431 -0.91595870256423939 0.3903625756502152 0.55656746029853832 2.5000000000000004 3.4440749883651738 -0.092473037540912614 -0.59867820143699635 2.7058720588684086 0.10837544873356821 2.5000000000000004 0.67802080512046825 2.5251827239990239 -0.11692013591527937 -0.47558552026748652 -0.78222420811653126 -0.95752304792404164 -0.77245554327964772
decision_type=8 2 2 2 2 2 2 2 2 10 10 2 2 2 2 2 2 2 2 2 2 2 2 2 2 2 2 10 2 2
left_child=3 2 -2 -1 5 6 -3 8 -8 -9 11 19 13 -13 17 16 -16 -14 -18 22 -21 -22 -6 24 28 26 27 -26 -24 -29
right_child=1 4 -4 -5 10 -7 7 9 -10 -11 -12 12 14 -15 15 -17 18 -19 -20 20 21 -23 23 -25 25 -27 -28 29 -30 -31
leaf_value=-0.02445162633948059 -0.027599857805347541 -0.015155219257393587 0.032273892126936959 -0.0045757739202529121 0.0010864995362576037 -0.019805240160300084 -0.012947720172704052 -0.0050679303822975799 0.076298675937782168 0.013617057293961156 0.013441702107845024 0.036861933868592482 -0.0063939986971546922 0.0032502855159857054 -0.010004156185965609 -0.013148819034146907 0.037701662205976878 0.0054745462171508497 0.0046200384036827694 0.00030732744811521825 -0.0030031991847875427 -0.015876129072658698 0.025504347370832584 0.018866088496143733 0.021603806981673822 -0.011647793099562834 0.020677853263639964 0.02142529965535258 0.0074596372657978992 -0.0083338824015068997
leaf_weight=375.24851357331499 169.16604406898841 200.70530021330342 42.067239552736282 157.62589089060202 9122.0630225874484 120.01287970505655 8.7590308319777268 291.23046457534656 11.584765601903198 132.9542905963026 144.51324976608157 58.883002355694771 2042.7628601193428 81.75963506475091 52.93676033988595 112.16034281998873 99.752779498696327 365.92577078193426 37.940776109695435 11632.373149103485 841.06147577613592 265.49292657896876 123.65680211037397 346.5328953973949 76.867532849311829 520.52881906181574 163.68150106817484 40.564355924725533 433.66169756278396 230.23699058592319
leaf_count=64575 13682 6789 300 9053 50403 5121 96 10957 216 4597 724 260 16711 379 368 651 516 1897 293 84167 5718 1762 522 1819 448 2796 1008 224 2143 1440
internal_value=-0.000159079 0.000195284 -0.0155801 -0.0185919 0.000316761 -0.00558133 -0.00290914 0.00264159 0.0390673 0.000806848 0.000485419 0.000414657 -0.00232438 0.0174834 -0.00335786 0.00642198 0.0179453 -0.00458942 0.0286852 0.000743023 -0.000249962 -0.00610332 0.00188689 0.00565621 0.00276568 -0.00195932 0.00790655 0.00185179 0.0115019 -0.00381372
internal_weight=28302.7 27769.8 211.233 532.874 27558.6 765.247 645.234 444.529 20.3438 424.185 26793.4 26648.8 2852.12 140.643 2711.48 302.791 190.63 2408.69 137.694 23796.7 12738.9 1106.55 11057.8 1935.73 1589.2 1031.88 511.35 347.669 557.318 270.801
internal_count=289635 216007 13982 73628 202025 27776 22655 15866 312 15554 174249 173525 21075 639 20436 1828 1177 18608 809 152450 91647 7480 60803 10400 8581 5916 3120 2112 2665 1664
is_linear=0
shrinkage=0.03


Tree=124
num_leaves=31
num_cat=0
split_feature=8 27 1 27 0 0 11 28 29 6 6 29 8 0 29 24 28 28 29 1 18 27 27 1 23 18 11 12 3 29
split_gain=197.518 53.1516 131.345 39.9319 38.5406 36.5118 55.2451 31.6724 66.6033 25.8166 25.5336 27.3683 28.7834 24.0927 22.0981 37.3238 22.0693 24.1441 71.9057 48.8246 28.5185 24.9031 56.2697 37.3836 68.128 66.8548 37.309 37.2994 36.7562 43.5208
threshold=0.00038241068250499671 0.010278305038809778 2.5251827239990239 0.020556610077619556 5.5000000000000009 7.5000000000000009 0.23672325164079669 -0.97876849770545948 -0.10837475582957266 1.4851284027099612 7.0171053409576425 -0.13398942351341245 2.7650420665740971 5.5000000000000009 -0.19337245076894757 0.0030688622500747447 0.93237596750259411 0.3744682669639588 0.41202506422996527 6.176544427871705 19.508270263671879 0.79032260179519664 0.78136202692985546 1.519030809402466 0.34220838546752935 9.0539093017578143 12.030828952789308 -2.6955609321594234 -1.7676939964294431 -0.99273797869682301
decision_type=2 2 2 2 2 2 2 2 2 10 10 2 2 2 2 8 2 2 2 2 10 2 2 2 10 10 2 2 2 2
left_child=3 2 -2 -1 -5 6 10 8 -6 -9 11 14 13 -13 -3 -16 17 21 20 -20 -19 22 23 24 27 -26 -25 -8 29 -23
right_child=1 5 -4 4 7 -7 16 9 -10 -11 -12 12 -14 -15 15 -17 -18 18 19 -21 -22 28 -24 26 25 -27 -28 -29 -30 -31
leaf_value=-0.028504704733787616 -0.027617348494281532 -0.0026990015942196812 0.032534238509412783 -0.02451255304402342 0.14940727511605223 0.0019844783052614529 0.0056813556398366081 -0.0086442602147292283 0.0022782867034802567 0.06166638687639156 0.051161203046757059 -0.021422934582629064 0.015819114249876365 -0.0059259827349462998 0.14684152052348093 0.011720686049599745 -0.0037889346487353301 0.005132459629437521 -0.0022657752182857357 -0.022178475835653213 -0.0092715804018224102 0.056601596316176186 0.024722838367123651 0.0020368148992808686 -0.012203768108861243 0.0079395144197503664 -0.0032627356311642265 -0.0032665473128186328 -0.0042528650737133121 0.0043479570238353143
leaf_weight=198.23263903008774 156.25715224118903 165.10469958791509 40.339379541575909 131.58013514056802 2.6527992119081327 9205.8753898637369 764.80166966049001 207.3141315151006 11.578915266320106 3.8190850177779785 5.2614729832857838 257.53619208233431 26.583546339534223 140.26540364604443 1.3583148573525221 9.3424129062332213 1299.3400906785391 2793.0756536312401 553.23884264240041 137.67158387601376 128.54642387200147 17.612644322216511 82.756187237799168 6574.6454603411257 896.28902056999505 176.92894125729799 1460.3258933275938 925.62267262022942 1918.3112617135048 63.427836429327726
leaf_count=37935 12361 4957 293 16936 82 61636 4808 15769 662 97 46 12911 451 5553 51 306 11191 18299 5659 757 1714 79 533 32314 7921 1582 8754 10561 15056 310
internal_value=-2.29394e-05 0.00033119 -0.0151727 -0.0177247 -0.011675 0.000442156 -0.000329646 -0.00410458 0.0377117 -0.00708774 -0.00923378 -0.00984745 -0.0139624 -0.0159872 0.000108605 0.0399564 -2.61513e-05 0.000270493 0.00243752 -0.00625992 0.00449575 -0.000337416 0.000228116 3.81263e-05 -0.00297098 -0.00887868 0.00107336 0.000782734 -0.00341387 0.0162558
internal_weight=28355.7 27800.5 196.597 555.178 356.945 27603.9 18398 225.365 14.2317 211.133 605.452 600.191 424.385 397.802 175.805 10.7007 17792.6 16493.3 3612.53 690.91 2921.62 12880.7 10881.4 10798.6 2763.64 1073.22 8034.97 1690.42 1999.35 81.0405
internal_count=289584 218103 12654 71481 33546 205449 143813 16610 744 15866 24275 24229 18915 18464 5314 357 119538 108347 26429 6416 20013 81918 66473 65940 24872 9503 41068 15369 15445 389
is_linear=0
shrinkage=0.03


Tree=125
num_leaves=31
num_cat=0
split_feature=6 27 4 12 29 0 1 29 1 23 5 12 3 18 27 27 3 18 5 30 4 27 23 13 27 12 29 29 30 15
split_gain=202.009 53.3039 147.736 40.5903 38.6561 32.9613 36.1473 44.2436 35.4315 35.1315 28.6748 27.8819 27.828 55.9388 47.702 35.7805 44.0821 25.5551 24.6385 25.3379 31.7469 32.5462 27.5284 23.6858 22.0678 30.6857 22.0242 22.0079 25.7561 21.8696
threshold=1.0000000180025095e-35 1.0000000180025095e-35 1.0000000180025095e-35 -0.66409820318222035 0.9889926314353944 2.5000000000000004 1.0438699126243594 -0.15950992703437802 13.696192264556887 0.66984489560127269 8.7344632148742694 1.5196045041084292 -1.7676939964294431 8.9833068847656268 0.67759856581687938 0.81953403353691112 1.1343008279800417 18.675170898437504 -3.7883207798004146 2.5000000000000004 2.506853580474854 0.7103942632675172 0.20030230283737185 0.53194865584373485 0.93440860509872448 13.676924228668215 -0.59867820143699635 -0.91595870256423939 2.5000000000000004 0.42796172201633459
decision_type=8 2 2 2 2 2 2 2 2 10 8 2 2 10 2 2 2 8 10 2 2 2 10 10 2 2 2 2 2 10
left_child=3 2 -2 26 5 6 7 9 10 23 18 -6 13 14 -7 17 -17 -14 -8 20 -20 22 -22 29 -10 -26 -1 -16 -29 -3
right_child=1 4 -4 -5 11 12 8 -9 24 -11 -12 -13 15 -15 27 16 -18 -19 19 -21 21 -23 -24 -25 25 -27 -28 28 -30 -31
leaf_value=0.023989441648571815 -0.030576379893263797 0.0037587503229089291 0.036762100774779309 -0.022536611458283857 -0.01915103338027661 -0.010529841949691282 -0.0079038591261266829 -0.016272761520933505 -0.010213810117122493 -0.013811374944247178 0.051189691279845954 0.0044417292975514801 0.0014792319158864267 0.036475678252688257 0.022644253610348955 -0.0033812446023148805 0.021355112447051582 -0.0064665315401880429 0.0024277926165867797 0.0061330705514752639 -0.0070216509527941916 -0.019078215694689159 0.0065276035390420062 -0.0066486019910943868 -0.012875166883392925 0.02843590443918162 -0.0091253188387600982 0.017161595000453899 -0.0082949571331984891 0.029219530672398977
leaf_weight=23.394931798800826 135.71992732351646 286.33295568730682 36.421880632638931 420.45673516951501 150.78430441813543 125.98829535581172 273.64269828796387 303.70131238596514 430.2188922688365 184.04008716810495 9.150392070412634 63.666321203112602 19604.537698988337 55.490157689899206 102.56491939723492 2192.8774763271213 65.825346291065216 370.21808995679021 1407.7793651632965 776.22139329090714 390.95572908967733 126.25745034590364 204.89448016881943 200.72675093403086 30.272205743938684 32.724718406796455 68.786955873947591 70.221172347664833 70.982725027948618 33.030787739902735
leaf_count=574 12216 2824 283 66268 4368 1010 1552 8595 4618 2125 78 318 135299 347 488 16274 305 5840 6644 4310 2295 993 1130 2061 416 244 6630 343 387 329
internal_value=4.95669e-05 0.000394791 -0.0161988 -0.0185925 0.000499008 0.000598703 -0.00169028 -0.00672145 -0.000311752 -0.0025846 0.000846362 -0.0121587 0.00107254 0.00866557 0.00440493 0.000926925 -0.00265122 0.00133165 0.000685441 0.00149666 -0.00019513 -0.00530491 -0.00235935 0.001407 -0.00778613 0.00869351 -0.000553835 0.0121352 0.00439633 0.00647507
internal_weight=28247.9 27735.2 172.142 512.639 27563.1 27348.7 4689.95 1007.83 3682.12 704.131 3188.9 214.451 22658.7 425.247 369.757 22233.5 2258.7 19974.8 3179.75 2906.11 2129.89 722.108 595.85 520.09 493.216 62.9969 92.1819 243.769 141.204 319.364
internal_count=289164 215692 12499 73472 203193 198507 38214 15934 22280 7339 17002 4686 160293 2575 2228 157718 16579 141139 16924 15372 11062 4418 3425 5214 5278 660 7204 1218 730 3153
is_linear=0
shrinkage=0.03


Tree=126
num_leaves=31
num_cat=0
split_feature=6 29 4 3 18 17 4 5 4 3 29 29 29 11 4 18 30 4 12 23 2 21 29 3 15 23 29 1 18 1
split_gain=181.723 49.6279 54.703 47.6887 31.5971 34.9773 23.7525 32.0925 29.4374 33.9018 21.7403 70.0274 40.7656 37.7316 37.0593 45.5309 43.5464 37.9764 35.0697 31.6392 39.7464 36.9795 40.3102 29.2238 28.371 28.0529 27.4499 32.1924 26.0487 26.0445
threshold=1.0000000180025095e-35 0.96849882602691661 -0.049472808837890618 -0.67380356788635243 18.675170898437504 0.019827900454401973 13.5759334564209 5.0672674179077157 26.225284576416019 0.43017786741256719 -0.59867820143699635 -0.92272481322288502 -0.81427544355392445 15.888714313507082 0.84618616104125988 8.9833068847656268 2.5000000000000004 -0.46500003337860102 -2.2894889116287227 0.03277894854545594 1.2234708070755007 1.4909507036209109 -0.72694849967956532 -0.49693320691585535 -0.89806863665580738 1.4307851791381838 -0.63919836282730091 2.4607234001159672 2.9170379638671879 3.4033241271972661
decision_type=8 2 2 2 10 10 2 10 2 2 2 2 2 2 2 8 2 2 2 10 2 10 2 2 10 10 2 2 10 2
left_child=3 4 -3 -1 5 10 7 -7 9 -8 11 14 13 -13 15 16 17 25 -16 23 -21 22 -22 28 -20 -2 -25 -28 -14 -15
right_child=1 2 -4 -5 -6 6 8 -9 -10 -11 -12 12 19 29 18 -17 -18 -19 24 20 21 -23 -24 26 -26 -27 27 -29 -30 -31
leaf_value=-0.0029954119853639462 -0.0052976435717172199 -0.01818456188476205 0.005514108520306908 -0.023477897476077095 -0.0075070449968235231 -9.8744766485285684e-05 0.0034260324952825692 0.0070291476004726372 0.0024409601901720463 -0.0093206091280855878 0.00066245160935436492 0.0087131471394933657 -0.0095938468959267803 -0.015839447704132353 -0.0096464702571591697 0.010522310393936762 0.016547595748804735 0.0065289892206162603 0.012114857191070558 -0.0075487811361790273 -0.0068277717525425862 0.022455446390574431 0.0088868091885220858 -0.00022112884828208746 -0.0022336834711477334 -0.025739224655792124 -0.0075720994510309926 0.025763082131846849 0.01671755702655494 0.030727704222636838
leaf_weight=143.13043440505862 430.75966242700815 256.78027240326628 132.25098391622305 360.51532176230103 420.5734369144775 12898.682052020449 241.68925414979458 593.70042961835861 484.9045485407114 834.19168481975794 5746.897525719367 1156.8994655380957 37.011719413101673 11.365980997681616 532.22925689443946 502.60036818124354 110.8843914270401 229.70683871209621 145.29707165807486 393.78881641570479 269.81606143712997 87.940807953476906 320.15080069750547 443.62906753877178 813.59123560413718 69.469076242297888 36.749923013616353 85.656285800039768 335.13487871643156 109.85253174602985
leaf_count=7389 2398 9490 606 66091 6846 96180 2548 3434 2649 6678 52598 6515 203 52 2712 2776 470 951 923 2416 1500 470 1728 2867 5081 412 341 429 2010 635
internal_value=0.000166421 0.000491056 -0.0101347 -0.0176745 0.000642602 0.000770187 -0.000190014 0.000215399 -0.00369254 -0.00645664 0.00198785 0.00323163 0.0062099 0.0103973 -0.000224063 0.00338853 -0.00088312 -0.00355003 -0.00347892 0.00354323 2.04781e-05 0.00442202 0.00170049 0.00756301 -4.9142e-05 -0.00818215 0.0032597 0.0157746 0.0140821 0.0262675
internal_weight=28235.9 27732.2 389.031 503.646 27343.2 26922.6 15053.2 13492.4 1560.79 1075.88 11869.4 6122.53 3288 1278.12 2834.54 1343.42 840.82 729.936 1491.12 2009.88 1071.7 677.908 589.967 938.182 958.888 500.229 566.035 122.406 372.147 121.219
internal_count=289398 215918 10096 73480 205822 198976 111489 99614 11875 9226 87487 34889 19166 7202 15723 7007 4231 3761 8716 11964 6114 3698 3228 5850 6004 2810 3637 770 2213 687
is_linear=0
shrinkage=0.03


Tree=127
num_leaves=31
num_cat=0
split_feature=8 3 27 4 28 28 1 20 18 18 4 27 28 4 8 27 27 4 21 21 23 28 28 3 27 12 23 18 13 19
split_gain=175.364 61.4944 35.4402 139.975 28.1298 34.43 80.9739 37.5331 32.2701 35.205 54.0627 52.5814 83.9249 43.0235 97.5942 85.6332 82.5859 56.5092 66.6594 54.423 53.3119 47.9537 83.4388 45.8493 72.6835 64.4427 45.2744 42.3865 41.2176 44.2256
threshold=0.0032559566898271446 -0.35100591182708735 1.0000000180025095e-35 1.0000000180025095e-35 0.92922380566596996 0.91248813271522533 1.6028037667274477 -1.9962987303733823 18.675170898437504 9.8938751220703143 1.0000000180025095e-35 0.56827956438064586 0.43733377754688268 -0.41782200336456293 2.478232860565186 0.48082436621189123 0.48637992143630987 1.0000000180025095e-35 0.20090925693511966 0.93353399634361278 0.77863913774490368 -0.96689236164093006 -0.8940606117248534 -0.34750548005104059 0.94551971554756176 -0.41264832019805903 -0.85532435774803151 6.8950653076171884 0.49804766476154333 0.97341251373291027
decision_type=2 2 2 2 2 2 2 10 10 10 2 2 2 2 2 2 2 2 8 8 10 2 2 2 2 2 10 10 10 10
left_child=1 -1 3 -2 5 8 7 -7 9 13 11 28 -13 14 16 17 19 -15 26 21 -18 -4 -23 24 -17 27 -19 -25 29 -11
right_child=2 -3 4 -5 -6 6 -8 -9 -10 10 -12 12 -14 15 -16 23 20 18 -20 -21 -22 22 -24 25 -26 -27 -28 -29 -30 -31
leaf_value=-0.0067926835138799333 -0.03062613103300663 -0.024708363883899808 0.0056331284035939537 0.036545085663283836 -0.0028427401076491195 0.079416714905093416 -0.0031403221809180159 0.022891910964029944 -0.0085037665940666547 0.012936096300794959 -0.0027994211731985842 0.035146857221525003 -0.0044141133910530267 -0.0050020248568634828 0.0068269290583373035 0.0037427515087261869 0.0058313996440179944 -0.0031192667517569855 0.0095449266106488184 -0.012712816849305768 -0.0068228165189824514 -0.018288418682538745 -0.0032008301537850069 -0.0047210529878802983 -0.016662811518272109 0.00019391516241793806 0.0047703075118450122 -0.019384978309804179 -0.0020863876910339014 -0.00071967321862941979
leaf_weight=384.98015714529902 112.62981203431264 312.9046905329451 423.29707908630371 36.094172023236752 2155.6477849520743 10.84011235181242 168.10497549176216 124.02947199018672 344.26530983671546 673.89720200747252 699.74914340674877 135.18671345710754 74.435810666531324 544.90373718738556 1033.9455023221672 2867.1095313131809 1182.46183004044 921.93333979696035 1933.1006197929382 754.25409474829212 400.29862237349153 378.27139953803271 2539.6945245629176 2026.8110562264919 165.22433611378074 4694.7225911207497 2251.8753962665796 193.61682874709368 481.29357926454395 312.02400523191318
leaf_count=24551 8837 57604 4326 283 21508 114 838 1869 4775 7245 3046 639 390 2545 5713 13548 6437 4318 8563 9295 2318 4367 32058 11802 1405 31829 10220 907 5219 3208
internal_value=-8.13022e-06 -0.0148492 0.000367122 -0.014189 0.000446382 0.000726337 0.0107622 0.0279861 0.000604446 0.000731795 0.00420211 0.00712379 0.0211447 0.000361972 -0.00164618 0.00122611 -0.00318996 0.0041746 0.00515453 -0.00543874 0.00262871 -0.00379338 -0.00516231 -0.000449377 0.00262578 -0.00179803 0.00247827 -0.00600787 0.00510757 0.00861797
internal_weight=28337.6 697.885 27639.7 148.724 27491 25335.3 302.975 134.87 25032.4 24688.1 2376.59 1676.84 209.623 22311.5 6712.22 15599.3 5678.28 5651.81 5106.91 4095.52 1582.76 3341.26 2917.97 9947.48 3032.33 6915.15 3173.81 2220.43 1467.21 985.921
internal_count=289777 82155 207622 9120 198502 176994 2821 1983 174173 169398 19747 16701 1029 149651 64514 85137 58801 25646 23101 50046 8755 40751 36425 59491 14953 44538 14538 12709 15672 10453
is_linear=0
shrinkage=0.03


Tree=128
num_leaves=31
num_cat=0
split_feature=8 27 4 0 11 4 30 30 29 29 29 27 0 21 8 2 23 21 23 2 18 29 27 5 19 4 21 15 19 27
split_gain=188.57 41.5423 143.388 35.4342 48.0912 78.7855 60.7763 101.069 50.7757 87.3162 38.5094 35.0956 35.417 28.6799 24.5309 23.5449 41.5436 44.2188 34.9916 92.8405 61.1462 74.8554 46.4391 35.8093 28.6492 27.1292 26.8344 26.4785 26.0874 25.8605
threshold=0.00038241068250499671 1.0000000180025095e-35 1.0000000180025095e-35 8.5000000000000018 0.63772630691528331 1.0000000180025095e-35 2.5000000000000004 1.0000000180025095e-35 0.90803977847099315 0.87291088700294506 -0.24372464418411252 0.020556610077619556 5.5000000000000009 0.040571138262748725 2.5737705230712895 1.7955384254455569 -0.49346803128719324 -0.12035050988197325 0.69896212220191967 1.2234708070755007 9.0539093017578143 -0.98801845312118519 0.67759856581687938 -2.344601988792419 1.2574144005775454 29.089617729187015 0.5723344385623933 0.63289242982864391 1.4400292038917544 0.46451613306999212
decision_type=2 2 2 2 2 2 2 2 2 2 2 2 2 8 2 2 10 10 10 2 10 2 2 10 10 2 10 10 10 2
left_child=11 2 -2 4 5 6 7 -3 9 -9 -5 -1 -13 -11 -8 18 17 25 -6 20 22 24 23 -20 26 -17 -22 -18 -24 -23
right_child=1 3 -4 10 15 -7 14 8 -10 13 -12 12 -14 -15 -16 16 27 -19 19 -21 21 29 28 -25 -26 -27 -28 -29 -30 -31
leaf_value=-0.028486939694082426 -0.03053243437333494 -0.0132931580069313 0.036261892074660566 0.00080539481291409571 0.0022745192096682606 0.015628381815140736 -0.02059395164711144 0.003650758944939601 -0.018773445914009087 0.083873966554917967 0.0057744633768413503 -0.024829052948329208 -0.0047194182130508725 -0.01015451754924495 0.010593224578995997 -0.0076014302388470794 0.0018051434789271216 0.00073067713198968285 0.0029699955709051708 0.0054495377607000871 0.015718941095867203 -0.0043992432264818365 0.0013845905581425552 -0.013226193566750042 -0.0044960193425649898 0.0094938045036363772 0.074453995907051096 -0.0034034920814112221 0.038300539810118134 0.014651656309172126
leaf_weight=179.70300680957735 121.5217688716948 591.74103969614953 36.94821672141552 4064.1230321540497 8310.4811892821454 158.38412936031818 295.24179105181247 748.06258279271424 86.906621022615582 15.421928268857299 2143.5361753934994 123.31448915740475 217.08668341487646 3.305897030048075 23.982216200791299 1649.5087359584868 4336.5514613986015 1209.910213984549 139.67408931814134 1038.3390231579542 11.244804602116345 286.03115484723821 147.94639801979065 1000.0875405506231 9.1560503728687745 87.173681154847145 20.884130157530308 1100.4770024046302 18.512055438011885 81.577675681561232
leaf_count=37737 11262 13200 299 22890 50719 692 8825 17441 3801 439 18168 16955 16554 200 247 10745 26980 7760 681 4340 68 3068 697 7500 68 428 116 6765 102 435
internal_value=0.000102695 0.00043859 -0.0148292 0.000526856 -5.27466e-05 -0.00457715 -0.00639849 -0.00377577 0.00282905 0.00529871 0.00252189 -0.0177767 -0.0120558 0.0676024 -0.0182252 0.000394855 -0.000804247 -0.00367226 0.00130346 -0.00162717 -0.00591212 0.00420439 -0.00907974 -0.0112405 0.0420049 -0.00673836 0.0549923 0.000750462 0.00569426 -0.000143296
internal_weight=28256.8 27736.7 158.47 27578.3 21370.6 1923.05 1764.66 1445.44 853.697 766.79 6207.66 520.104 340.401 18.7278 319.224 19447.6 8383.62 2946.59 11063.9 2753.45 1715.11 408.894 1306.22 1139.76 41.285 1736.68 32.1289 5437.03 166.458 367.609
internal_count=289182 217936 11561 206375 165317 44845 44153 35081 21881 18080 41058 71246 33509 639 9072 120472 52678 18933 67794 17075 12735 3755 8980 8181 252 11173 184 33745 799 3503
is_linear=0
shrinkage=0.03


Tree=129
num_leaves=31
num_cat=0
split_feature=6 27 4 25 27 28 28 1 11 0 25 2 27 12 25 11 4 11 28 25 28 27 27 29 2 23 2 28 29 27
split_gain=167.227 54.6313 97.1375 48.2522 35.5488 39.6217 79.6098 30.419 29.1267 25.8711 24.9617 24.1171 36.2389 35.9838 42.0752 49.3378 39.4965 47.8961 49.9417 47.7599 37.4844 71.6779 37.3399 37.3318 35.8639 58.2632 45.5477 66.839 41.6875 38.1095
threshold=0.00082644636859186005 0.021863799542188648 1.0000000180025095e-35 0.11385202407836915 1.0000000180025095e-35 -0.40614700317382807 -0.43733984231948847 47.646572113037116 3.9652520418167119 8.5000000000000018 0.035042468458414085 2.8561118841171269 0.96774193644523632 0.60108423233032238 0.054420217871665962 0.81721267104148876 1.0000000180025095e-35 1.2704867720603945 0.79904097318649303 0.05391297489404679 0.75014290213584911 0.68297490477561962 0.81953403353691112 0.94353348016738903 1.4824849963188174 0.02194810472428799 1.1698340177536013 -0.15101210027933118 0.7074720859527589 0.49713261425495153
decision_type=8 2 2 2 2 2 2 2 2 2 2 2 2 2 2 2 2 2 2 2 2 2 2 2 2 10 2 2 2 2
left_child=3 2 4 -1 -2 6 10 9 -7 11 -6 12 13 14 23 -16 19 -18 20 -15 -19 -22 -23 -3 25 -17 27 28 29 -27
right_child=1 7 -4 -5 5 8 -8 -9 -10 -11 -12 -13 -14 16 15 24 17 18 -20 -21 21 22 -24 -25 -26 26 -28 -29 -30 -31
leaf_value=-0.023040413172575568 -0.030500321801102636 0.010439017094847928 0.016057485611536845 -0.0038924504115558515 0.071644417667424715 -0.018486064775671357 0.17736655735349841 0.013227445444349919 0.022886088794140402 0.0021976284239033053 -0.007115353434313419 -0.0034369599662406026 -0.017740303336715016 0.020052781483349207 -0.0064418272881884894 0.0037979012435653704 0.010779017035645337 0.0030385545794963959 -0.0053115494442281478 -0.0061633571824080569 0.00012538329153795484 0.062230017709474561 0.0036134673837978581 -0.019906466762983056 -0.002300455460075694 -0.013309120977762587 0.0044357395485533774 0.0012883035130743445 0.017124110346899566 -0.0029182515324244138
leaf_weight=351.15515860496089 122.73807203536853 462.22604510001838 98.554079450666904 179.1783760166727 3.3555016443133416 177.47342183534056 1.7361468737944949 168.82526496052742 15.908827753737567 6168.9494735654444 20.712911552283913 1700.0524300001562 98.80246264487505 67.569241216406226 1255.2252684035338 3633.7750364737585 678.88494291901588 3416.3050540797412 669.55002893507481 713.2813527751714 68.949586816132069 36.8097934871912 13.367252990603445 38.689173202496022 4454.9427994526923 799.95761070307344 856.27852593362331 1337.196715879254 55.614481702446938 527.61788637377322
leaf_count=66600 11740 6310 606 9842 109 7481 77 769 252 41953 743 13813 982 454 27582 22025 2904 19748 3388 4981 316 175 74 1282 22843 5996 3522 9277 618 2834
internal_value=8.03614e-05 0.000400548 -0.0100682 -0.0165906 -0.0176234 -0.0103069 0.023983 0.000570301 -0.0149823 0.000490831 0.00628489 -1.33968e-05 0.00029014 0.000384402 -0.000461877 -0.000792866 0.00238923 0.0033909 0.00219582 -0.00387205 0.00361869 0.020092 0.0469902 0.00806023 -0.000184524 0.00112293 -0.00159505 -0.00349425 -0.00811537 -0.00918479
internal_weight=28193.7 27663.3 440.479 530.334 341.925 219.187 25.8046 27222.9 193.382 27054 24.0684 20885.1 19185 19086.2 13421.5 12920.6 5664.72 4883.87 4204.98 780.851 3535.43 119.127 50.177 500.915 11665.4 7210.44 3576.67 2720.39 1383.19 1327.58
internal_count=289296 212854 21008 76442 20402 8662 929 191846 7733 191077 852 149124 135311 134329 102289 94697 32040 26605 23701 5435 20313 565 249 7592 67115 44272 22247 18725 9448 8830
is_linear=0
shrinkage=0.03


Tree=130
num_leaves=31
num_cat=0
split_feature=6 27 1 27 28 28 15 20 28 3 1 15 1 2 1 27 5 28 1 28 3 30 25 28 11 27 1 28 19 1
split_gain=162.812 49.1682 115.983 43.8008 30.6663 29.9488 45.0358 52.9681 28.7263 28.7031 26.5574 36.5516 27.4874 25.9169 45.5848 43.8553 35.7982 44.3805 55.3524 34.9643 33.6359 30.6424 59.0048 44.2512 34.6584 31.4404 37.9481 29.0109 28.4467 30.3854
threshold=1.0000000180025095e-35 0.010278305038809778 2.5251827239990239 0.32240143418312078 0.49812944233417517 -0.97876849770545948 0.83019405603408825 0.79334917664527904 0.92922380566596996 -1.5283885002136228 0.13658022135496142 -1.8731963038444517 12.049646854400637 3.4440749883651738 19.772023200988773 0.96774193644523632 1.2675762176513674 0.91248813271522533 2.338678359985352 -0.082689788192510591 0.43017786741256719 1.5000000000000002 0.06611958891153337 0.91939014196395885 0.38200302422046667 0.054659498855471618 0.55296632647514354 -0.81429189443588246 -1.7969854474067686 2.2209209203720097
decision_type=8 2 2 2 2 2 10 10 2 2 2 10 2 2 2 2 8 2 2 2 2 2 2 2 2 2 2 2 10 2
left_child=3 2 -2 5 -5 6 -1 -8 13 -10 11 -11 -12 14 15 16 17 28 21 27 -16 25 23 -23 -24 -19 -27 -17 29 -3
right_child=1 8 -4 4 -6 -7 7 -9 9 10 12 -13 -14 -15 20 19 -18 18 -20 -21 -22 22 24 -25 -26 26 -28 -29 -30 -31
leaf_value=-0.010119432386570737 -0.027355811178740027 -0.016477384270027491 0.031367616007570903 -0.0027751186329066321 0.058797705694043571 -0.021662428516260143 0.0021479744479695325 0.19761638380915228 -0.026145187218724508 0.052104909645184341 0.00018882125898565263 -0.01187235245434895 -0.012490067848563704 0.0062145744597860778 0.0054708936513916968 0.015960456530108649 0.0025074853360931276 -0.030381733349831203 -0.0090393065703500627 0.030442505662739958 -0.0086209188738579339 0.015536326226416111 -0.017493693697745543 0.10927593920584028 0.035238755959124096 0.048627844728353395 -0.005157569049884827 -0.025842781578035465 4.9869920748605133e-05 0.00054076162038412499
leaf_weight=13.760406720452012 144.80966126266867 195.04143420886248 37.307057648897171 25.482475744560361 9.1452848790213448 419.95644010230899 2.6895859050564459 1.363835130818188 45.877869271673262 7.2717460193671277 1648.1459229914472 318.27787860296667 168.73743349686265 733.46213959902525 188.63082162290812 16.503421425819397 7872.2721564113162 13.304007202386854 62.376468971371651 12.512826651334761 780.93008306622505 7.0887349601835039 15.004471564199774 13.721855251118539 38.183586178347468 21.493229834362864 24.485620561987162 113.27425789833069 15031.235048403498 182.04533118009567
leaf_count=1465 13641 2263 303 724 139 70726 305 83 396 235 10430 10351 1161 3705 1996 119 47751 399 302 130 6153 59 362 122 371 413 165 1196 113086 893
internal_value=-2.49302e-05 0.000273284 -0.0152206 -0.0174699 0.0146803 -0.0200407 0.0173112 0.0940071 0.000376404 -0.00292049 -0.00241119 -0.0102881 -0.000994914 0.000661428 0.000495531 0.000757346 0.000858304 2.61776e-05 0.0141876 -0.0157892 -0.0058765 0.0250443 0.0378036 0.0795216 0.0203145 0.00875494 0.0204848 -0.0204454 -0.000154556 -0.00828187
internal_weight=28164.4 27692 182.117 472.398 34.6278 437.77 17.8138 4.05342 27509.9 2188.31 2142.43 325.55 1816.88 25321.6 24588.1 23618.5 23476.3 15604 195.658 142.291 969.561 133.282 73.9986 20.8106 53.1881 59.2829 45.9789 129.778 15408.3 377.087
internal_count=289444 216002 13944 73442 863 72579 1853 388 202058 22573 22177 10586 11591 179485 175780 167631 166186 118435 2193 1445 8149 1891 914 181 733 977 578 1315 116242 3156
is_linear=0
shrinkage=0.03


Tree=131
num_leaves=31
num_cat=0
split_feature=27 4 11 0 29 13 22 15 29 29 24 0 4 30 11 18 29 28 30 29 30 19 28 15 28 13 30 27 18 12
split_gain=137.525 146.893 67.9054 48.7161 41.3384 40.1465 38.1108 43.8185 33.4261 29.7991 48.0847 26.1878 37.6349 31.227 34.323 32.4608 26.5304 25.6365 26.9451 37.6926 39.8083 59.8464 62.9392 38.3165 25.5331 45.3012 23.2294 27.8673 32.2081 26.2998
threshold=1.0000000180025095e-35 1.0000000180025095e-35 0.1626374498009682 5.5000000000000009 0.96633976697921764 0.55456867814064037 1.6453025341033938 0.86749795079231273 -0.37446588277816767 0.9543682634830476 0.19706138223409655 3.5000000000000004 -2.4465993642807002 2.5000000000000004 0.38200302422046667 2.9980621337890629 -0.34234976768493647 -0.7386675477027892 2.5000000000000004 0.2332836911082268 1.5000000000000002 1.0430239439010622 -0.46801505982875818 -0.56642910838127125 0.88220161199569713 -0.26670700311660761 1.0000000180025095e-35 0.076523300260305419 5.9794311523437509 -0.037894356995820992
decision_type=2 2 2 2 2 10 8 10 2 2 10 2 2 2 2 8 2 2 2 2 2 10 2 10 2 10 2 2 10 2
left_child=1 -1 3 8 5 17 9 -8 26 -7 -11 12 16 15 -15 -14 -4 -5 19 -19 -21 24 -23 -24 -22 -26 -2 -28 -29 -30
right_child=2 -3 11 4 -6 6 7 -9 -10 10 -12 -13 13 14 -16 -17 -18 18 -20 20 21 22 23 -25 25 -27 27 28 29 -31
leaf_value=-0.030303855871814972 -0.029407319592397965 0.035623957778095343 -0.0034523415120925531 -0.022202384190093509 -0.025408033078604005 0.0079065173214325959 0.14750569530161947 -0.020080025588875106 -0.020669626592346141 -0.01869636692732014 0.19358583045993241 0.00099723242233427565 -0.0071396249946082757 -0.028590255744704762 0.0030040849530716101 -0.00082055332190744386 -0.022479687930750943 -0.0086308049751236335 -0.02279605297309267 0.0002363476076408736 0.0056981200421722528 -0.022588054231695291 0.021420726577478667 0.19560602488719339 0.11042993742428606 -0.013898508385431644 -0.0078587273647320113 -0.019636898358040746 -0.0080022167336455795 0.076207394199482789
leaf_weight=228.39751968812197 14.440299110952763 34.208011813461781 144.37851003184915 64.089224219787866 61.966211781371385 152.66720695514232 2.8407634431496254 1.87525128852576 295.15579223679379 1.5397768002003425 1.00365604320541 19832.381012014113 893.66002038866282 30.455037211999297 1936.6399416588247 4017.1035158364102 121.09217924345285 138.54531894391403 44.591358199249953 76.751373135950416 32.763889966532588 2.2710257978178561 1.8322792281396685 3.8903768407180896 5.3274565408937633 4.1786266015842539 27.679613638669252 6.3449591537937549 4.1553873280063334 12.937376071233297
leaf_count=37901 603 293 3209 3082 5795 7096 92 153 27417 114 29 131330 6240 677 13523 25914 8229 6153 2186 5051 1257 64 64 183 170 153 1866 130 173 301
internal_value=-4.59741e-05 -0.0216133 0.000157556 -0.00769208 -0.00241756 0.00029195 0.0128268 0.089013 -0.0163782 0.00995686 0.0960636 0.000436262 -0.00112111 -0.000692423 0.00250066 -0.00197172 -0.0121833 -0.00508453 -0.00148734 0.00216279 0.0139117 0.0343816 0.104893 0.151318 0.0189313 0.0596574 0.00296287 0.012496 0.0358726 0.0564246
internal_weight=28195.2 262.606 27932.6 956.847 596.134 534.168 159.927 4.71601 360.713 155.211 2.54343 26975.7 7143.33 6877.86 1967.09 4910.76 265.471 374.241 310.152 265.56 127.015 50.2637 7.99368 5.72266 42.27 9.50608 65.5576 51.1173 23.4377 17.0928
internal_count=289448 38194 251254 62132 31642 25847 7484 245 30490 7239 143 189122 57792 46354 14200 32154 11438 18363 15281 13095 6942 1891 311 247 1580 323 3073 2470 604 474
is_linear=0
shrinkage=0.03


Tree=132
num_leaves=31
num_cat=0
split_feature=8 27 4 27 29 4 28 25 1 29 28 1 15 28 19 11 14 0 4 29 8 21 30 1 27 28 3 4 27 15
split_gain=162.632 42.3902 117.208 35.5351 31.7409 45.082 34.8142 30.1456 104.159 35.8996 35.2463 30.7706 31.471 27.1923 26.1924 29.2806 31.2902 25.789 35.3805 67.0244 30.6594 27.9916 33.056 27.5374 39.0334 39.7238 30.1906 50.2379 105.466 60.3363
threshold=0.00038241068250499671 1.0000000180025095e-35 1.0000000180025095e-35 0.051391525194048888 0.96633976697921764 -0.049472808837890618 0.039769539609551437 0.051764089614152915 2.5251827239990239 0.94636487960815441 0.92922380566596996 0.15238096565008166 -1.8731963038444517 0.99983760714530956 -1.7969854474067686 8.5550785064697283 -0.77858021855354298 2.5000000000000004 -0.92735558748245228 -0.63919836282730091 3.4689532518386845 0.051164105534553535 2.5000000000000004 30.305106163024906 0.96774193644523632 -0.81429189443588246 -0.32845684885978693 1.0000000180025095e-35 0.48082436621189123 0.45123128592967993
decision_type=2 2 2 2 2 2 2 2 2 2 2 2 10 2 10 2 10 2 2 2 2 10 2 2 2 2 2 2 2 10
left_child=3 2 -2 -1 7 -6 -7 8 9 13 17 12 -12 14 -3 16 -16 18 19 21 -20 -9 -23 24 26 -26 -19 -28 -29 -30
right_child=1 4 -4 -5 5 6 -8 10 -10 -11 11 -13 -14 -15 15 -17 -18 23 20 -21 -22 22 -24 -25 25 -27 27 28 29 -31
leaf_value=-0.024811308089031005 -0.030461551428602695 -0.0045399348117919668 0.035570122769299654 -0.0086652118947197557 -0.016071055007658056 0.02649579595012171 -0.0051207546861618538 0.0074682359639444452 -0.010684025176706212 -0.029018664897417848 0.045472051563193235 -0.0018806691369904352 -0.014357035297393354 -0.031984987135136908 0.031402121320841359 0.0596565446774176 0.012349583089171112 0.0025191100489798781 0.0026469858884573508 -0.01412545146906561 -0.0036615940294250711 -0.0091596917447446767 0.015912684553457762 0.0076980799989865099 0.030192928513859057 -0.01965596219230106 -0.0045889954778040023 0.004463450383312975 0.00021536742742101525 -0.0067937216855354556
leaf_weight=251.07042294787243 108.9877003855072 52.960118447896093 30.111603651195765 242.18153550475836 236.51314965356141 45.876297578215599 93.867517523467541 287.79452848946676 229.37609210982919 16.686595958191901 7.1955393077805629 1565.2617173846811 272.85520992660895 10.201259055640547 97.374361949041486 13.59276615269482 382.87521123187616 8277.1874571521766 1884.3928718455136 498.20101592317224 1095.6018062345684 293.89679323555902 55.432922568172216 571.82042371481657 15.238567020744084 131.80938690528274 1717.2255317415111 4316.1233197152615 3756.8043203577399 1565.108004681766
leaf_count=53074 11167 866 265 18332 7993 213 422 2086 1072 674 252 9909 9488 228 1941 116 7820 58490 10243 8135 8057 2620 301 2799 113 1401 19340 18868 23119 9590
internal_value=0.000139606 0.000444704 -0.0160154 -0.0169173 0.000528568 -0.00811345 0.00537311 0.000648782 0.00637085 0.0131965 0.000473903 -0.00352308 -0.0126635 0.014511 0.0154352 0.0175822 0.0162699 0.000775494 -0.0013902 -0.00589428 0.000327172 0.000554157 -0.00514705 0.00121347 0.00102563 -0.0143211 0.0011413 0.000136836 0.000979234 -0.00184681
internal_weight=28123.6 27630.4 139.099 493.252 27491.3 376.257 139.744 27115 803.066 573.69 26311.9 1845.31 280.051 557.004 546.802 493.842 480.25 24466.6 4115.32 1135.33 2979.99 637.124 349.33 20351.3 19779.5 147.048 19632.4 11355.3 9638.04 5321.91
internal_count=288994 217588 11432 71406 206156 8628 635 197528 12717 11645 184811 19649 9740 10971 10743 9877 9761 165162 31442 13142 18300 5007 2921 133720 130921 1514 129407 70917 51577 32709
is_linear=0
shrinkage=0.03


Tree=133
num_leaves=31
num_cat=0
split_feature=6 27 1 3 27 28 28 29 25 3 28 6 29 1 0 28 27 28 28 1 27 28 12 29 14 27 28 3 3 20
split_gain=142.915 46.0368 75.7485 38.2631 37.0488 39.5807 81.4713 29.5446 34.0916 50.1794 40.9631 34.4603 31.0323 30.0646 27.9446 26.6762 39.6796 116.019 63.1947 62.6675 60.2837 47.352 53.5196 32.1017 38.9978 32.0126 29.821 29.4332 28.1541 40.361
threshold=1.0000000180025095e-35 0.021863799542188648 2.4607234001159672 -0.76055395603179921 1.0000000180025095e-35 -0.40614700317382807 -0.43733984231948847 0.9889926314353944 0.080848284065723433 0.76131665706634533 0.8431384563446046 0.071328688412904753 -0.40613879263401026 0.042307691648602493 3.5000000000000004 0.71503382921218883 0.68297490477561962 0.75014290213584911 0.78325453400611889 2.7981131076812749 0.39784945547580725 0.72695311903953563 -2.3687171936035152 -0.59867820143699635 0.81646317243576061 0.80107527971267711 0.81428062915802013 2.0380684137344365 -1.6931967139244077 1.6480531692504885
decision_type=8 2 2 2 2 2 2 2 2 2 2 8 2 2 2 2 2 2 2 2 2 2 2 2 10 2 2 2 2 10
left_child=3 2 4 -1 -2 6 -6 8 9 11 15 -3 -11 14 -13 27 19 -18 -19 20 21 22 -17 24 -21 -20 -27 28 29 -10
right_child=1 7 -4 -5 5 -7 -8 -9 10 12 -12 13 -14 -15 -16 16 17 18 25 23 -22 -23 -24 -25 -26 26 -28 -29 -30 -31
leaf_value=-0.0024516498464026305 -0.030374749118738251 -0.0022067840647641392 0.012982681434279605 -0.022068805687189112 0.004935494094649967 -0.013844360154272239 0.16219975404246922 -0.011181125623619528 0.0043589444941773466 0.020203152122791071 -0.0033216911013111061 -0.015562674686994991 -0.0054155834605963517 0.0086268807833812106 0.035647348654452994 0.067893186040982503 -0.023416286035325029 0.052625546244773572 0.028743214947180757 -0.012960090223492851 0.028418612250451239 0.001100402898804754 0.0047933670680590686 -0.018918907900766963 0.018074619476322214 0.017517375352160892 -0.028117027329434347 0.014745512655537404 0.00014198901241481784 0.032739266259511048
leaf_weight=123.43998751230538 111.95304847788066 256.34999627433717 102.76286262646317 326.93668467970565 23.340704710688446 190.73064015712589 2.4079591911286107 193.73580731544644 589.07478072028607 45.576537523418665 2581.7171288016252 10.656516023911534 493.84824604541063 977.46830350346863 64.293423976749182 20.122518002986908 50.145761407911777 60.226966239511967 62.022386655211449 80.919197753071785 102.58788414672017 552.18135412409902 28.702153663150966 149.00687471032143 64.6420938372612 27.287955082952976 22.691084831953049 127.31047317385674 20645.46968935756 47.893686406314373
leaf_count=5682 12313 9369 645 67559 810 8045 85 3930 3818 232 23489 388 2349 9663 2239 112 301 297 298 363 508 4872 325 676 275 146 135 634 129182 275
internal_value=3.53317e-05 0.000308326 -0.00940613 -0.0167094 -0.0164295 -0.00911114 0.0251565 0.000462362 0.000546133 0.00447787 0.000257747 0.00764971 -0.00321765 0.0100504 0.0282572 0.000666226 0.00497827 0.0164089 0.0280726 0.00241783 0.00727936 0.00362982 0.0316399 -0.00917958 0.000851355 0.0145208 -0.00334632 0.000420183 0.0003338 0.00654084
internal_weight=28135.5 27685.1 431.195 450.377 328.432 216.479 25.7487 27253.9 27060.2 1848.19 25212 1308.77 539.425 1052.42 74.9499 22630.3 1220.54 222.374 172.228 998.162 703.594 601.006 48.8247 294.568 145.561 112.001 49.979 21409.7 21282.4 636.968
internal_count=289015 215774 21898 73241 21253 8940 895 193876 189946 24240 165706 21659 2581 12290 2627 142217 8308 1177 876 7131 5817 5309 437 1314 638 579 281 133909 133275 4093
is_linear=0
shrinkage=0.03


Tree=134
num_leaves=31
num_cat=0
split_feature=8 5 0 11 4 30 30 29 29 28 28 8 12 3 1 23 1 28 23 21 5 29 28 12 16 14 12 3 28 12
split_gain=142.64 48.7994 34.3161 53.007 76.3273 45.7263 81.5643 43.5247 34.0365 30.6692 32.0141 29.0185 27.9621 35.9296 24.7574 53.9207 78.6139 61.8625 42.3894 41.8058 37.6232 34.3162 27.1861 26.6196 25.1347 25.4394 24.6746 27.302 23.5704 23.4144
threshold=1.0000000180025095e-35 -0.21586062014102933 7.5000000000000009 0.65438815951347362 1.0000000180025095e-35 2.5000000000000004 1.0000000180025095e-35 0.90803977847099315 0.87709078192710888 0.99552232027053844 -0.8940606117248534 2.8597393035888676 -0.17174573987722394 -1.8913095593452451 3.4843152761459355 0.71448266506195079 2.398643016815186 -0.32614396512508387 -0.084759883582591997 -0.10957202315330504 -2.0580778121948238 0.7074720859527589 0.80926549434661876 -8.0015149116516096 0.19171032309532168 -1.5855226516723631 0.32078063488006597 -0.83008018136024464 -0.93545487523078907 0.024253776296973232
decision_type=2 8 2 2 2 2 2 2 2 2 2 2 2 2 2 10 2 2 10 10 10 2 2 2 10 10 2 2 2 2
left_child=1 -1 3 4 5 6 28 8 9 10 -8 -7 -3 -14 15 23 17 21 19 -16 -19 -17 -20 -5 25 -22 27 -10 -2 -12
right_child=2 12 -4 14 -6 11 7 -9 26 -11 29 -13 13 -15 18 16 -18 20 22 -21 24 -23 -24 -25 -26 -27 -28 -29 -30 -31
leaf_value=0.038802175651061643 0.0016165224445939376 -0.0072734331601575514 0.0018613476064648061 0.0087330302968535341 0.014461672184656327 -0.021417988036294012 -0.015551947275196945 -0.01977251689160096 0.096304901561028458 -0.021659466530326559 0.00032165704475903918 0.016564290449853809 0.10559280271271597 -0.024132264156351262 -0.0053953403489691003 -0.01495966129358758 0.0080818754435167325 0.018621815256814601 0.001928719445721028 0.00038492654826349765 -0.018831308848536635 0.016828881351353218 -0.0061254530357597783 0.0021261365740982583 -0.010207718718711229 0.003782157717386706 0.083910934463002851 -0.0089621129630626881 -0.016918602224297533 0.012548159484290682
leaf_weight=13.043343859259037 71.58171070041135 144.95523022906855 9255.9482146087103 613.35683412197977 156.98556160181761 248.58867893088609 65.851327479351312 79.54808643180877 1.8099909685552127 43.586897171335295 283.13183050928637 18.799833823926747 0.96662694029509921 300.26429993100464 2650.3874574936926 606.16000519949012 439.59408187866211 79.270345179364085 4006.8986100740731 1957.3147160410881 49.311952202580869 31.379310290329158 415.38780910149217 5162.0106642574538 272.46605902654119 405.94095468986779 6.8457972798496476 9.8755340934731066 440.99726431025192 279.85700873518363
leaf_count=522 1690 14952 65843 3225 703 8484 1510 4760 34 1813 12082 193 13 54328 16149 4410 1821 387 23658 11970 450 453 2218 36331 2301 3362 81 684 11030 3821
internal_value=9.5868e-05 -0.0164683 0.000371534 -0.000378088 -0.00541104 -0.00743117 -0.00507097 0.00110056 0.00352873 0.0023911 0.00408987 -0.0186957 -0.0181672 -0.023368 0.000137114 0.00139159 -0.00301423 -0.00639421 -0.000927006 -0.00294038 -0.000872549 -0.0133711 0.00117097 0.00282919 -0.00301871 0.00129681 0.0425725 0.0136493 -0.0143321 0.00641082
internal_weight=28112.1 459.23 27652.9 18396.9 1707.46 1550.47 1283.09 770.506 690.958 672.427 628.84 267.389 446.186 301.231 16689.5 7659.49 1884.12 1444.53 9029.99 4607.7 806.989 637.539 4422.29 5775.37 727.719 455.253 18.5313 11.6855 512.579 562.989
internal_count=289278 69815 219463 153620 46885 46182 37505 24785 20025 19226 17413 8677 69293 54341 106735 52740 13184 11363 53995 28119 6500 4863 25876 39556 6113 3812 799 718 12720 15903
is_linear=0
shrinkage=0.03


Tree=135
num_leaves=31
num_cat=0
split_feature=8 27 27 1 0 11 25 30 27 8 23 30 1 11 1 6 8 27 1 15 28 11 1 1 13 11 28 28 15 16
split_gain=131.573 36.11 34.8062 118.124 32.7596 46.3132 28.3764 22.2546 28.7567 26.5995 26.5543 37.0511 31.7062 23.4564 25.684 20.9002 20.8403 20.5051 92.0277 23.4635 26.4253 20.8328 20.1812 23.2623 28.6893 29.0935 21.8932 69.3654 35.8687 35.2734
threshold=1.0000000180025095e-35 0.051391525194048888 1.0000000180025095e-35 2.4607234001159672 5.5000000000000009 0.2562656849622727 0.070827260613441481 2.5000000000000004 0.6338709592819215 0.15704969316720965 -0.094799123704433427 1.5000000000000002 2.8733105659484868 0.50328534841537487 2.5251827239990239 1.7383334636688235 2.7160652875900273 0.061669828370213516 2.5918904542922978 -1.8731963038444517 0.95998215675354015 6.7669312953948983 28.445338249206547 3.0157532691955571 0.60152930021286022 15.474707126617433 -0.39826117455959315 -0.80418667197227467 -1.4898228645324705 -0.26939745247364039
decision_type=2 2 2 2 2 2 2 2 2 2 10 2 2 2 2 10 2 2 2 8 2 2 2 2 10 2 2 2 10 10
left_child=1 15 3 -2 5 16 -6 8 9 -7 12 -12 -10 14 -9 -1 -4 18 19 20 -8 -19 23 -23 26 -26 27 28 -25 -29
right_child=2 -3 4 -5 6 7 17 13 10 -11 11 -13 -14 -15 -16 -17 -18 21 -20 -21 -22 22 -24 24 25 -27 -28 29 -30 -31
leaf_value=-0.025062241854721435 -0.030368512067814723 -0.0072875147047028275 -0.012403152518194863 0.033843919701552913 0.00760904187056853 -0.007108431061878041 0.00033068849445029065 -0.021195156611266881 0.0029415096376497491 0.0002161919059075834 0.0028900547822725536 -0.0090416998113905765 -0.011387014849064134 0.0020127291461665537 0.024893283125442551 0.073083310298724252 0.015696500837327678 0.0023496354981073081 0.018040808790013286 -0.013255384425515311 0.10063523239744564 0.0032820369977967696 0.0058977247363011217 -0.020657937002195148 -0.0032629910821752521 -0.015546752554213205 -0.0028362752534847662 -2.8271380872160316e-05 -0.0012815962479118075 0.012849369018406026
leaf_weight=228.68239220534451 104.07011410454288 220.7939622621052 382.02127714199014 33.259351242333651 623.54835368995555 479.06765423296019 7.7233329354785365 69.436389214359224 174.74685830436647 6327.3260125480592 672.91645391285419 358.02518781274557 671.53256012499332 3403.7842906555161 12.001924574375151 1.0316566238179792 24.488819255959243 7590.0748672946356 119.42680598050356 374.19731262489222 2.4106770474463701 1176.9726500073448 482.88365557789803 92.759411163628101 921.47318748384714 213.05089067667723 1488.4356530830264 290.81430898606777 1038.9926160648465 559.15718664228916
leaf_count=51819 11663 17649 18042 297 9844 9740 204 1514 804 37488 4177 2292 4901 24412 52 73 383 49650 597 10412 66 5714 2419 452 5048 1265 8541 1626 5223 3103
internal_value=6.41152e-05 -0.0160002 0.000326001 -0.0146849 0.000401337 -0.000727639 0.00134895 -0.000394455 -0.00120721 -0.00030032 -0.00449346 -0.00125835 -0.00842836 0.00163032 -0.0141833 -0.0243066 -0.010676 0.00107658 -0.00486306 -0.0120085 0.0310866 0.00129288 1.23508e-05 -0.00048013 -0.00144226 -0.0055814 -8.77977e-05 0.00197692 -0.00288653 0.00844848
internal_weight=28145.1 450.508 27694.6 137.329 27557.3 12575.3 14981.9 12168.8 8683.61 6806.39 1877.22 1030.94 846.279 3485.22 81.4383 229.714 406.51 14358.4 503.758 384.331 10.134 13854.6 6264.54 5781.66 4604.68 1134.52 3470.16 1981.72 1131.75 849.971
internal_count=289470 69541 219929 11960 207969 103805 104164 85380 59402 47228 12174 6469 5705 25978 1566 51892 18425 94320 11279 10682 270 83041 33391 30972 25258 6313 18945 10404 5675 4729
is_linear=0
shrinkage=0.03


Tree=136
num_leaves=31
num_cat=0
split_feature=6 3 27 4 6 4 27 3 6 5 4 25 18 25 1 27 4 25 19 27 3 27 27 22 25 27 12 28 28 28
split_gain=139.312 41.5497 39.1614 113.901 29.373 24.9684 41.535 40.5201 36.9141 34.3548 31.0891 26.2063 27.2561 25.4928 74.7744 44.6897 97.9443 44.8415 29.7852 29.626 29.2625 28.668 26.9436 25.7531 26.4405 23.9447 36.9924 47.2194 61.9438 32.4518
threshold=1.0000000180025095e-35 -0.67380356788635243 1.0000000180025095e-35 1.0000000180025095e-35 23.045776367187504 13.097260475158693 0.96774193644523632 0.4836986511945725 9.9773979187011737 3.416471123695374 29.089617729187015 0.27081741392612463 1.8655853271484377 0.052633637562394149 2.6574940681457524 0.061669828370213516 1.0000000180025095e-35 0.079205587506294264 -1.1206527352333067 0.045751634985208518 -0.68796971440315235 0.59569892287254345 0.048039216548204429 -1.3192978501319883 0.3127881139516831 0.030834914185106758 -4.3990530967712393 -0.40614700317382807 -0.61237984895706166 0.9937499761581422
decision_type=8 2 2 2 10 2 2 2 8 10 2 2 10 2 2 2 2 2 8 2 2 2 2 10 2 2 2 2 2 2
left_child=1 -1 3 -2 5 6 9 11 10 13 -9 -7 -13 14 25 16 17 19 20 -15 21 23 -18 24 -17 26 -4 28 -28 -27
right_child=2 -3 4 -5 -6 7 -8 8 -10 -11 -12 12 -14 15 -16 18 22 -19 -20 -21 -22 -23 -24 -25 -26 29 27 -29 -30 -31
leaf_value=-0.0030291029636556172 -0.03036027119184263 -0.023127904619298301 0.048126205159345091 0.034658581090616612 0.0099333741185714426 0.0013418101977437159 -0.01726935431740861 -0.01132678209227762 -0.00037589790883912021 0.0044378139702481384 0.0021245125769204527 0.041478976290305863 0.0076310697769319978 -0.0093577773399801875 -0.011363373119778078 0.021294750182141404 0.019455828999165772 -0.017088386415053537 0.00087609370102320746 0.0064125960919717328 -0.00053876520230034962 0.00033944244220477759 -0.0029244206855255925 -0.014035157867412967 -0.029848063831757723 0.016399853345594642 0.00035465858050501482 -0.0090345513213971676 0.10411182163357362 -0.01152957056161678
leaf_weight=134.85111852595583 105.87974477466196 296.59532777196728 12.868563782423733 30.461676046252251 285.18648040853441 521.9020789116621 116.00473829358816 801.98800422251225 910.20380479842424 1977.8347365409136 191.1708459854126 29.969304017722607 71.386449165642262 294.1402327506803 183.33870163559914 36.525114522315562 147.91517782211304 431.45598187157884 17967.99038431095 167.49899056367576 1933.4829378407449 272.32313637062907 71.386105164885521 444.09052873775363 11.063023202121256 420.773353475146 14.427278314251454 145.85253880452365 7.0840069060213855 40.388806217350066
leaf_count=7426 12294 66060 161 286 1452 5193 1153 6874 5365 10574 955 226 527 8864 820 268 725 12551 115098 3311 11262 1288 316 3851 59 5742 395 5140 195 748
internal_value=2.8372e-05 -0.0168674 0.000292664 -0.015687 0.000372433 0.000271912 0.000562547 -0.002568 -0.00474149 0.000647402 -0.00873804 0.00406658 0.0179468 0.000315541 0.00548957 0.000119356 -0.00573536 -0.0101458 0.000434771 -0.00363424 -0.00250412 -0.00747071 0.0121905 -0.0117884 0.00903575 0.0103171 0.00103628 -0.0028488 0.0376306 0.0139341
internal_weight=28076 431.446 27644.6 136.341 27508.3 27223.1 24696.4 2526.62 1903.36 24580.4 993.159 623.258 101.356 22602.6 824.733 21777.9 1112.4 893.095 20665.5 461.639 2697.48 764.002 219.301 491.679 47.5881 641.395 180.232 167.364 21.5113 461.162
internal_count=289179 73486 215693 12580 203113 201661 182521 19140 13194 181368 7829 5946 753 170794 13201 157593 25767 24726 131826 12175 16728 5466 1041 4178 327 12381 5891 5730 590 6490
is_linear=0
shrinkage=0.03


Tree=137
num_leaves=31
num_cat=0
split_feature=8 5 0 11 3 30 18 8 4 20 11 4 21 3 12 8 8 11 3 2 23 20 22 3 15 19 25 5 18 24
split_gain=128.09 36.5238 31.9807 52.551 26.7606 23.852 27.2907 31.4759 27.4406 29.5417 25.7656 64.4077 25.0062 23.7027 27.2423 27.0217 23.6949 22.7247 20.7575 19.9329 40.7053 28.2956 20.1316 19.8174 46.0351 35.5315 31.0825 36.6877 30.1895 28.4045
threshold=1.0000000180025095e-35 -0.21586062014102933 3.5000000000000004 0.2562656849622727 -0.76055395603179921 2.5000000000000004 2.9980621337890629 0.72154060006141674 -1.0632905364036558 1.6480531692504885 0.84372010827064525 1.0000000180025095e-35 0.73925980925560009 -0.17652250826358792 0.91414889693260204 5.7881591320037851 18.712434768676761 8.4165658950805682 0.76131665706634533 1.6691628098487856 0.35250589251518255 1.1672177910804751 -0.26978181302547449 -0.32845684885978693 -0.6997176706790923 -1.1206527352333067 0.12457146495580675 2.0455228090286259 18.675170898437504 0.054656675085425384
decision_type=2 8 2 2 2 2 8 2 2 10 2 2 8 2 2 2 2 2 2 2 10 10 10 2 8 10 2 8 10 8
left_child=1 -1 3 -2 -3 6 -5 8 9 12 11 -7 -8 14 17 -16 23 -12 -18 -9 22 -22 -21 25 -25 -4 27 -27 -28 -26
right_child=2 4 16 5 -6 10 7 19 -10 -11 13 -13 -14 -15 15 -17 18 -19 -20 20 21 -23 -24 24 29 26 28 -29 -30 -31
leaf_value=0.031358020399080887 -0.015589383868518334 -0.0041346587440859008 -0.0033146914623514109 -0.0068831098400627547 -0.021827416471117293 -0.02407341365373452 -0.0063522682844863983 0.0027399209995684665 0.0010553226591934134 0.015490233092833197 -0.00028189325546578348 0.027141620962066342 -0.018528346040020755 -0.0007899210197354938 0.02490591938761234 -0.010158494003571567 -0.0012549484938886933 0.0098051292496924552 0.018480746618967654 -0.011340281041120018 0.0087972449919666313 -0.018883051824922906 -0.0020428050791388942 0.0031843364233485058 0.0028915697100743145 0.0070152217321602572 0.0024190184599220082 0.032805831889355555 -0.013027237227296526 -0.0017831428217038136
leaf_weight=13.271792741026728 228.38717746385373 101.54217579215765 1020.6867586420849 884.65039180172607 323.66214869078249 90.301891011185944 532.15996252838522 1676.6550878174603 418.44882467389107 42.974573969375342 484.75666011404246 28.247999891638756 212.50558455032296 931.96680822293274 107.6633957028389 23.599026240408421 76.85404958948493 342.33824840094894 126.06282544881105 352.30993716418743 333.23954912647605 35.965752720832825 516.67432191595435 3047.3742097155191 1377.7050933432765 399.75415685307235 6452.9952461975627 55.864276147447526 114.94658274482936 7722.6328639574349
leaf_count=528 12466 4296 8221 6328 64985 1978 8321 8716 2080 615 3668 120 3204 7584 588 143 456 1898 627 2264 1931 234 3231 21908 16942 10594 43047 971 1111 50199
internal_value=-2.4955e-06 -0.0160714 0.000253011 -0.00145932 -0.0176219 -0.000997095 -0.00210523 -0.00107813 -0.00515194 -0.00844682 0.00176376 -0.011745 -0.00984715 0.00261671 0.0059269 0.0185727 0.000861154 0.00389997 0.0110364 0.000608696 -0.00227712 0.00605707 -0.00582096 0.000758358 -6.47555e-06 0.0019132 0.0026733 0.0102424 0.00214675 -0.0010752
internal_weight=28076.2 438.476 27637.7 7242.85 425.204 7014.46 5005.58 4120.93 1206.09 787.64 2008.87 118.55 744.666 1890.32 958.357 131.262 20394.9 827.095 202.917 2914.84 1238.19 369.205 868.984 20192 12147.7 8044.25 7023.56 455.618 6567.94 9100.34
internal_count=289254 69809 219445 65369 69281 52903 36924 30596 14220 12140 15979 2098 11525 13881 6297 731 154076 5566 1083 16376 7660 2165 5495 152993 89049 63944 55723 11565 44158 67141
is_linear=0
shrinkage=0.03


Tree=138
num_leaves=31
num_cat=0
split_feature=6 3 29 8 0 6 28 28 1 20 1 30 13 1 14 28 3 4 30 14 30 28 3 5 29 3 30 28 24 3
split_gain=111.594 37.0968 33.416 62.6041 33.1403 26.0127 21.8067 33.0011 79.0954 41.5104 34.4751 33.2885 34.4717 22.7246 36.2765 26.7725 33.3405 26.1612 56.1849 33.9691 33.0209 28.7579 25.0906 24.9037 23.4638 22.4109 21.2804 20.8939 60.8732 20.5028
threshold=1.0000000180025095e-35 -0.35858295857906336 0.96633976697921764 1.050246059894562 6.5000000000000009 23.045776367187504 0.92922380566596996 0.91248813271522533 3.1691458225250249 -1.9962987303733823 0.16906548291444781 2.5000000000000004 -0.69797629117965687 0.16055197268724444 -1.8503058552742002 0.95998215675354015 -0.65812867879867543 0.73436498641967785 1.0000000180025095e-35 -0.17015293985605237 2.5000000000000004 0.9937499761581422 -1.5283885002136228 0.030067641288042072 -0.21862536668777463 -0.91121092438697804 1.0000000180025095e-35 -0.97876849770545948 0.01106956508010626 -1.6931967139244077
decision_type=8 2 2 2 2 10 2 2 2 10 2 2 10 2 10 2 2 2 2 10 2 2 2 10 2 2 2 2 10 2
left_child=1 4 5 -4 -1 6 7 29 9 10 -9 -11 -13 14 15 -8 -17 22 19 -19 24 -21 -15 26 -20 -22 -24 28 -6 -2
right_child=2 -3 3 -5 27 -7 13 8 -10 11 -12 12 -14 17 -16 16 -18 18 20 21 25 -23 23 -25 -26 -27 -28 -29 -30 -31
leaf_value=-0.015255802891973961 0.0056523209992007236 -0.024774014261921228 -0.02065854125208684 0.0035481174267686781 0.17619098580802359 0.0093438435798694434 -0.025065718688839108 0.13024206713746034 -0.0087668023793507147 0.0083614770134757734 0.033838651233726813 0.0034145954840245395 0.052429632679030898 -0.023576826117483726 -0.011592011994865727 -0.0069674753112217601 0.10247376761113486 0.020920275189422723 -0.0057632061376939204 -0.013797006055682815 0.021515902668662188 0.012724037910888955 -0.0026124387205298744 -0.0021205626811623538 -0.033726955243744805 -0.0083828051668178895 0.011143194276174122 0.0049428347732869068 -0.022560816555283896 0.00019421878535755692
leaf_weight=142.853829103522 634.9226335613057 199.14300823630765 192.05757980584167 191.07275039702654 1.4638501899316896 282.37896111980081 3.8612790005281559 4.4998539406806222 120.8878032118082 116.46222474891692 11.296842975541947 19.495941419154406 38.120065482333302 32.844123942777514 338.65974024310708 3.8004053607583037 5.7261328799650064 91.827569417655468 41.067668929696083 83.26367399096489 22.938085585832596 64.346496380865574 139.25742821022868 491.00976013485342 80.633338063955307 407.76320460066199 366.36734982207417 70.361142037436366 2.7276662299409509 23844.767672253773
leaf_count=15708 4050 51223 9127 1453 88 1447 143 81 622 1771 72 175 361 199 11237 83 191 421 180 392 95 300 1000 3787 366 2222 2551 6179 144 173627
internal_value=-5.45573e-05 -0.0154478 0.000178067 -0.00860851 -0.00683071 0.000301934 0.000206899 0.000459545 0.0101585 0.0221905 0.0674193 0.0177246 0.0361853 -0.00267378 -0.00964002 0.0371115 0.0623002 -0.00132271 -0.00541895 0.00669971 -0.0106744 -0.00222808 0.00183018 0.00269026 -0.0244145 -0.00674432 0.00735699 0.00930127 0.0674194 0.000336009
internal_weight=28045.9 416.549 27629.3 383.13 217.406 27246.2 26963.8 24790.5 310.763 189.875 15.7967 174.078 57.616 2173.37 352.048 13.3878 9.52654 1821.32 791.84 239.438 552.402 147.61 1029.48 996.635 121.701 430.701 505.625 74.5527 4.19152 24479.7
internal_count=289295 73342 215953 10580 22119 205373 203926 180759 3082 2460 153 2307 536 23167 11654 417 274 11513 3976 1113 2863 692 7537 7338 546 2317 3551 6411 232 177677
is_linear=0
shrinkage=0.03


Tree=139
num_leaves=31
num_cat=0
split_feature=27 1 11 27 0 30 30 28 28 28 28 15 28 20 25 13 23 28 28 24 28 15 15 28 11 28 0 25 28 1
split_gain=114.506 120.47 48.9645 44.7608 42.4856 29.9891 36.9842 37.4233 33.6314 50.0445 126.257 78.206 33.9582 41.7026 27.5571 27.6859 44.209 27.4826 26.1774 82.7737 78.3443 26.0719 57.0775 25.0089 24.8203 23.1416 20.0587 26.728 28.7092 29.6705
threshold=1.0000000180025095e-35 2.5251827239990239 0.17104351520538333 0.56290322542190563 4.5000000000000009 2.5000000000000004 1.0000000180025095e-35 0.98932364583015453 -0.8940606117248534 -0.24372956901788709 -0.48314717411994929 -0.4549823105335235 0.30983042716979986 -0.5564826726913451 0.27437089383602148 0.73949208855628978 -1.0659864544868467 0.49812944233417517 -0.40614700317382807 0.0027348838048055772 -0.29343378543853754 -1.1261058449745176 -1.5178775787353513 -0.45274443924427027 0.0029366508824750785 0.98049071431159984 2.5000000000000004 0.080848284065723433 0.79904097318649303 0.0038123168051242833
decision_type=2 2 2 2 2 2 2 2 2 2 2 10 2 10 2 10 10 2 2 10 2 10 10 2 2 2 2 2 2 2
left_child=1 -1 3 4 -2 6 -6 8 -8 10 14 -12 -11 24 15 21 -17 -5 19 -13 -20 22 -10 -21 -14 -26 -4 -28 29 -29
right_child=2 -3 26 17 5 -7 7 -9 9 12 11 18 13 -15 -16 16 -18 -19 20 23 -22 -23 -24 -25 25 -27 27 28 -30 -31
leaf_value=-0.029952501439160933 -0.017842002689955196 0.034487030210460859 -0.0013540739071721862 0.010063119595982389 -0.012175569265734161 -0.018565433367297372 -0.020364321681334667 -0.022511788429870856 -0.011576180305137612 -0.023048883953578434 -0.024406742383677727 0.31941705389987962 -0.0073573188435072691 0.00040895017408383187 -0.013944768719869506 0.18655891013933651 0.02853333342804322 0.091285003546096991 -0.0087606223241727156 0.13442150390583341 0.18347401152455142 -0.0031312833140647285 0.17141368774864119 0.0038577717481718629 0.032532158126199334 0.1066447618194613 0.0048605141259997642 0.010707079541142047 -0.0025796849061753072 0.00079305825887253671
leaf_weight=193.30571766383946 253.09222148125991 29.310024127364159 4654.155757040251 9.6989782787859422 175.33559556305408 99.079990409547463 34.197167246136814 40.79623741703108 3.3619142570532858 34.87697635544464 3.1238934285938749 1.6571843547280867 11.944009842118247 153.46669522160664 23.490399809554219 1.3458244965877382 6.5199478822760275 5.4237964153289786 4.2455376300495109 2.2345611564815044 2.3427986819297058 22.014146871864799 1.6533675019163627 2.333947021048516 40.291311830282211 3.5368360311258575 1375.499451336218 274.80482305469923 2348.3802583175711 18233.856847299729
leaf_count=37862 24206 284 38499 103 9741 5770 1402 2803 98 4124 183 171 1564 8357 367 56 485 50 256 52 77 1308 71 75 1609 112 19279 7606 19510 103083
internal_value=2.98865e-05 -0.021352 0.000201729 -0.00653951 -0.0073996 -0.00342152 -0.000755482 0.00435191 0.00751462 0.0105629 0.0319432 0.104093 0.00394971 0.0085382 0.0108268 0.0274262 0.0735642 0.0430485 0.134919 0.179416 0.0747677 0.0118542 0.067217 0.0803907 0.030506 0.0407584 0.00043666 0.000811576 0.000544332 0.000940826
internal_weight=28045.4 222.616 27822.8 936.063 920.941 667.848 568.768 393.433 352.637 318.439 74.3235 15.9379 244.116 209.239 58.3856 34.8952 7.86577 15.1228 12.814 6.22569 6.58834 27.0294 5.01528 4.56851 55.7722 43.8281 26886.7 22232.5 20857 18508.7
internal_count=289163 38146 251017 63040 62887 38681 32911 23170 20367 18965 3199 814 15766 11642 2385 2018 541 153 631 298 333 1477 169 127 3285 1721 187977 149478 130199 110689
is_linear=0
shrinkage=0.03


Tree=140
num_leaves=31
num_cat=0
split_feature=11 27 4 29 28 11 18 0 29 0 4 29 21 30 11 25 4 28 28 18 28 11 29 28 29 25 24 15 18 27
split_gain=114.794 46.3182 107.213 31.4333 41.4438 36.691 29.7025 27.7552 26.2998 24.5916 38.2149 28.7866 33.5572 27.4224 33.1819 27.3749 36.2408 34.6833 41.7326 35.6158 29.8072 28.5644 24.5966 40.5969 26.9398 71.1521 37.5582 33.755 35.8995 32.3524
threshold=0.027831356041133407 1.0000000180025095e-35 1.0000000180025095e-35 -0.52034142613410939 0.71503382921218883 0.0078579634428024309 12.162170410156252 6.5000000000000009 0.9889926314353944 3.5000000000000004 -2.4465993642807002 -0.97507822513580311 -0.06875456869602202 2.5000000000000004 0.38200302422046667 0.058318618685007102 -0.19390797615051267 0.9837264120578767 0.97112539410591137 11.352493286132814 0.86113432049751293 5.2578792572021493 -0.92272481322288502 -0.23537230491638181 -0.83375966548919667 0.10759937763214113 0.22415233403444293 0.53315982222557079 7.7660980224609384 0.96774193644523632
decision_type=2 2 2 2 2 2 10 2 2 2 2 2 8 2 2 2 2 2 2 10 2 2 2 2 2 2 10 10 10 2
left_child=3 2 -2 4 -1 6 -6 -5 9 10 11 12 -3 -12 -15 16 17 18 21 -20 22 -11 23 -17 25 26 -24 28 -27 -28
right_child=1 8 -4 7 5 -7 -8 -9 -10 15 13 -13 -14 14 -16 20 -18 -19 19 -21 -22 -23 24 -25 -26 27 29 -29 -30 -31
leaf_value=-0.017779012252635638 -0.030277808091178075 0.078380300082770665 0.034573449522617844 -0.025104039193797712 0.14317086869090503 -0.0031427289315277621 0.023781792974660789 -0.0096049190073537582 -0.010605703174516729 0.0088957610253961421 -0.0018260897544638127 -0.013924750029468975 -0.0060184023053571119 -0.027090147154682054 0.002902515671105675 -0.0065046169256941511 -0.0045616337120672748 -0.0071353470197103334 0.012734124182811477 0.065774865286296738 -0.002665055095019873 0.041787089776829454 -0.0028024378177191069 0.00065401284656111736 0.0012450753775186461 0.0088828109777115138 0.064155982616605808 -0.0040901654298358559 -0.00063413437255712584 0.0058782720313649605
leaf_weight=16.650228439830247 110.2860277898144 5.7294337041676044 28.009855609387159 202.74525236105546 3.622952974168582 6.5105104381218553 3.9644422673154622 216.529190414818 194.65845957281999 299.17688411218114 4874.4192282711156 279.63679928262718 11.113923778757455 32.789930953644216 1915.2595674991608 877.20784708112478 169.73803482949734 72.816401978489012 21.55461938213557 24.655762640060857 2033.0360807313118 24.95109031163156 16.280314805451781 3788.7705038711429 10739.427263744641 1118.1170102842152 34.408567790873349 377.55477675236762 523.45624294830486 11.596543930470942
leaf_count=992 16719 79 272 34287 89 309 328 22767 5257 7431 33162 15252 164 929 13273 5000 784 1188 170 190 21914 243 223 20530 75997 5947 317 2137 3076 92
internal_value=2.09112e-05 0.000266367 -0.0169892 -0.0149918 0.0139387 0.0500952 0.0908233 -0.0171416 0.00035393 0.000432601 -0.00108282 -0.0116083 0.0254744 -0.000623782 0.00238403 0.00096848 0.00720629 0.0117138 0.0154292 0.041828 0.000772264 0.0115484 0.00117202 -0.000692921 0.00185074 0.00497368 0.0363005 0.00398983 0.00584956 0.0499035
internal_weight=28034.7 27584.7 138.296 450.023 30.7481 14.0979 7.5874 419.274 27446.4 27251.7 7118.95 296.48 16.8434 6822.47 1948.05 20132.7 612.893 443.155 370.338 46.2104 19519.9 324.128 17486.8 4665.98 12820.8 2081.41 62.2854 2019.13 1641.57 46.0051
internal_count=289118 230346 16991 58772 1718 726 417 57054 213355 208098 62859 15495 243 47364 14202 145239 10006 9222 8034 360 135233 7674 113319 25530 87789 11792 632 11160 9023 409
is_linear=0
shrinkage=0.03


Tree=141
num_leaves=31
num_cat=0
split_feature=27 1 8 29 0 29 30 23 29 21 15 28 29 24 28 29 29 1 14 3 1 5 28 13 19 17 29 1 13 17
split_gain=103.76 118.621 43.4375 40.8887 37.5213 43.7858 60.4859 50.462 85.6052 84.8528 49.2845 46.7967 76.7737 80.542 51.4014 43.5881 42.9366 36.708 30.6502 34.6744 38.7625 29.1197 29.032 28.7245 33.399 26.5497 26.5704 26.3519 27.6949 31.6565
threshold=1.0000000180025095e-35 2.4607234001159672 0.19098699092864993 0.96633976697921764 5.5000000000000009 0.44312302768230444 2.5000000000000004 -1.0921961069107053 0.68274390697479259 0.15788888186216357 0.30647177994251257 -0.97876849770545948 -0.10837475582957266 0.032559815794229514 -0.048361575230956071 -0.13398942351341245 0.029024410061538223 2.2785027027130131 -1.8503058552742002 -0.62240073084831227 0.019047620706260208 -1.7262512445449827 0.93845596909523021 0.42357736825942999 0.20760357379913333 1.8582596778869631 0.11478523537516595 5.3438801765441903 -0.27657417953014368 -1.6810976862907407
decision_type=2 2 2 2 2 2 2 10 2 10 10 2 2 10 2 2 2 2 10 2 2 8 2 10 10 10 2 2 8 8
left_child=1 -1 3 4 15 11 7 8 9 -7 -11 12 13 -6 -13 -2 -14 25 19 -16 -21 -9 -20 24 -18 -17 -27 -4 -29 -30
right_child=2 -3 27 -5 5 6 -8 21 -10 10 -12 14 16 -15 18 17 23 -19 22 20 -22 -23 -24 -25 -26 26 -28 28 29 -31
leaf_value=-0.030181436734175685 -0.0026846596993355437 0.033418540375266953 0.0012369209234527898 -0.021945608719101613 0.16056141831332257 0.023752653971175649 -0.0081766622716058814 0.054257235786191696 0.0082876911091722041 0.060012389074733684 0.25942465896435812 -0.013183479970915749 -0.018133707773392384 0.031959613231433599 -0.0024439463313258121 -0.018547443437809334 0.0099075867311921566 0.02162767748378653 0.0022174294881825386 0.10656731000148686 0.016534724289954155 0.010158889000157111 -0.010608250522803529 -0.0085987144673567543 0.072003497892176277 0.1258680062506726 -0.0043296911273357774 0.0010938664070347501 0.0067574880796658276 -0.0025840900299696806
leaf_weight=181.35493423137814 703.35169082437642 30.008657414466143 14588.389579373412 103.02768027386628 4.5840137936174896 5.3574109671171772 110.18306350172497 13.690146387554703 14.479452185099943 2.6218028652947396 2.9962298255413771 386.35044945590198 47.463048793841153 24.276050725020468 18.072807621210814 356.49527825880796 17.506895700236786 22.045526221394539 595.82767980149947 6.859115140046927 10.509470477700232 177.16752614197321 215.45985989132896 17.828114863950759 13.620703493710606 1.2988317587878544 3.487714558839798 4320.2999036684632 345.34297575801611 5708.4324997738004
leaf_count=37884 14563 297 88121 12735 81 220 4687 180 907 181 67 5425 758 257 194 28332 289 111 9591 392 147 9776 9364 525 275 66 267 26431 1903 35025
internal_value=-0.000146572 -0.0210369 1.27959e-05 -0.00347875 -0.0027846 1.94704e-05 0.00986667 0.0190527 0.0579616 0.11733 0.189493 -0.00235293 0.0150443 0.0570792 -0.00413121 -0.00712823 0.00200565 -0.0152534 9.88599e-06 0.0269259 0.0559559 0.0135884 -0.00119765 0.0215031 0.0384747 -0.0175573 0.046646 0.000414989 -0.000740848 -0.00205016
internal_weight=28048.4 211.364 27837 2874.56 2771.53 1684.85 326.496 216.313 25.4549 10.9754 5.61803 1358.36 125.279 28.8601 1233.08 1086.68 96.4188 383.327 846.729 35.4414 17.3686 190.858 811.288 48.9557 31.1276 361.282 4.78655 24962.5 10374.1 6053.78
internal_count=289051 38181 250870 99390 86655 43316 16018 11331 1375 468 248 27298 2185 338 25113 43339 1847 28776 19688 733 539 9956 18955 1089 564 28665 333 151480 63359 36928
is_linear=0
shrinkage=0.03


Tree=142
num_leaves=31
num_cat=0
split_feature=27 4 0 8 27 12 29 25 1 29 29 23 28 17 28 4 8 29 28 3 25 14 21 28 25 3 8 8 12 20
split_gain=109.245 96.4958 37.0802 50.4438 32.074 30.471 23.7251 26.8868 79.4194 23.8394 30.484 44.3311 22.9403 23.5076 22.8605 21.1858 22.2027 20.761 35.0979 40.5751 90.9603 33.2833 26.6361 23.4776 64.9037 133.158 49.6369 33.5787 22.8796 20.2596
threshold=0.020556610077619556 1.0000000180025095e-35 7.5000000000000009 0.020595502108335498 1.0000000180025095e-35 -1.3810988068580625 0.9889926314353944 0.052633637562394149 2.6574940681457524 0.94636487960815441 0.93158200383186351 0.12471721321344377 0.93237596750259411 0.36257857084274298 0.91248813271522533 -1.7838273644447324 3.1230120658874516 0.47369650006294256 -0.24372956901788709 -0.60914552211761464 0.25283215939998632 -0.61735141277313221 -0.93796637654304493 0.67802080512046825 0.085635460913181319 -0.26728121936321253 0.019133803434669975 1.027407765388489 -0.39607653021812433 -0.38606552779674524
decision_type=2 2 2 2 2 2 2 2 2 2 2 10 2 10 2 2 2 2 2 2 2 10 10 2 2 2 2 2 2 8
left_child=1 4 3 5 -1 -2 7 8 9 10 -5 -12 13 -9 -15 -14 -17 -4 19 20 21 -19 -21 -20 25 26 -25 -27 -23 -30
right_child=2 -3 17 6 -6 -7 -8 12 -10 -11 11 -13 15 14 -16 16 -18 18 23 22 -22 28 -24 24 -26 27 -28 -29 29 -31
leaf_value=-0.030183336796217233 0.0015905215763642863 0.014782688408608396 0.0013292244949455298 0.01364098120903475 -0.012573788867383253 -0.015588672474494764 -0.013480235060639492 0.00087919222420498877 -0.01078586642688713 -0.018231934286782298 0.011394018009337481 0.13967765819111641 -0.01191767967247411 -0.0016400026503686979 0.014689365489438166 0.0018119078340399907 -0.0080143149423433369 0.0096131607403749392 -0.0045384581748928827 -0.0072028232115195897 0.0077687669874689632 0.048460674594923342 0.01086371654469089 0.27682761591023408 0.00099118733142079872 0.054250412844163529 0.063465823028490548 -0.020390403058377655 0.032301132691219647 0.12170374802467915
leaf_weight=176.49106353172101 131.9718513530679 82.650333128869534 8307.2971285174135 377.26303144637495 201.0554783185944 311.66397871775553 120.27889799978584 9362.4731828407384 173.13122554495931 19.539426734670997 5.9951077066361886 3.3099479051306844 265.45254120463505 6609.2319585536607 77.078869504854083 503.37036443501711 350.10954440012574 9.9545302996411902 324.36045983457007 97.983845230890438 91.669423757120967 20.940284936688837 285.45595422177576 1.8268577861599649 128.14821175951511 9.5610013077966887 2.7286663139238954 10.347775138914583 3.950212927069515 10.837815685663374
leaf_count=37858 4021 567 54906 4982 18566 32730 2323 62083 828 570 84 61 5878 43928 705 2704 1961 133 6728 1027 829 182 3804 88 1336 330 40 50 92 153
internal_value=3.6933e-05 -0.0144435 0.000278752 -0.000504893 -0.0208637 -0.0104862 -0.00025649 -0.000166112 0.00618531 0.0134292 0.0150724 0.0661526 -0.000380757 -9.10652e-05 -0.00144959 -0.00453199 -0.00222361 0.00182073 0.00590751 0.0112844 0.0252188 0.0593184 0.00624028 2.53642e-05 0.00969165 0.0534375 0.183456 0.0163354 0.0725284 0.101381
internal_weight=28076.1 460.197 27615.9 18310.9 377.547 443.636 17867.2 17747 579.239 406.108 386.568 9.30506 17167.7 16048.8 6686.31 1118.93 853.48 9305.06 997.765 520.792 137.352 45.6828 383.44 476.973 152.613 24.4643 4.55552 19.9088 35.7283 14.788
internal_count=289547 56991 232556 162858 56424 36751 126107 123784 6525 5697 5127 145 117259 106716 44633 10543 4665 69698 14792 6220 1389 560 4831 8572 1844 508 128 380 427 245
is_linear=0
shrinkage=0.03


Tree=143
num_leaves=31
num_cat=0
split_feature=8 27 27 4 6 8 18 27 3 29 28 28 30 1 3 27 28 28 20 3 3 29 28 28 18 19 4 5 5 21
split_gain=105.87 34.1362 27.6798 97.6465 24.5869 23.2001 21.5617 21.5472 54.3475 34.6286 34.0945 67.5249 67.4429 38.0576 31.3304 24.955 40.9826 24.8078 22.2393 21.8461 21.663 24.8063 38.5715 26.6429 20.5069 36.2313 24.5692 28.4172 26.7984 26.4027
threshold=0.00038241068250499671 0.020556610077619556 1.0000000180025095e-35 1.0000000180025095e-35 0.2414364963769913 18.712434768676761 22.314971923828129 0.80878135561943065 -1.7676939964294431 -0.91595870256423939 0.3903625756502152 0.55656746029853832 2.5000000000000004 25.785140991210941 0.4836986511945725 0.96774193644523632 -0.013976118760183452 0.42179998755455023 0.21175678819417956 0.3275925368070603 0.4836986511945725 -0.94703993201255787 -0.11692013591527937 -0.49064628779888148 1.6728057861328127 -0.84783366322517384 13.097260475158693 3.5654684305191044 5.3312211036682138 0.2234270125627518
decision_type=2 2 2 2 10 2 10 2 2 2 2 2 2 2 2 2 2 2 10 2 2 2 2 2 8 10 2 10 8 10
left_child=1 -1 3 -2 -3 6 7 24 9 -9 13 12 -12 15 17 19 -17 -14 -19 -10 21 22 -15 -23 25 -4 27 -26 -28 -29
right_child=2 4 5 -5 -6 -7 -8 8 10 -11 11 -13 14 20 -16 16 -18 18 -20 -21 -22 23 -24 -25 26 -27 28 29 -30 -31
leaf_value=-0.027569435220559255 -0.030222497857912842 -0.010978743771194273 0.0027174253045610269 0.033920159150975196 0.029690626654183809 0.0083639670012687108 -0.013706790372644851 0.034348493132382751 -0.0036208699767882324 0.0039682250816186039 -0.013039592224920247 -0.011904094561343823 0.055278612229009406 0.052963230160137049 -0.021437969370637844 -0.020701855267496481 0.058262610560341703 0.010130357313664465 0.038655761881910639 -0.012706198628178919 -0.0002970826142491684 0.033106521244762599 0.0091912101732552695 -0.018545389028297984 0.00039894040436954373 0.021805511798938186 -0.0083590393336299643 0.0014649211441317672 -3.312068004818175e-05 0.0093157218717848309
leaf_weight=129.05227762670256 85.492474198807031 286.95522385672666 551.28611090360209 27.454320915043354 13.085526172071694 320.029022321105 98.235482005868107 55.105752967298031 1654.215525072068 85.574885621666908 47.945036418735981 111.34523171186447 30.726913392543793 26.627902012318373 10.050372280180452 145.09072643890977 5.2185347415506831 51.32996828109026 48.012719452381134 277.63776959106326 325.90908095240593 11.518025081604717 54.242003496736288 30.947146341204643 20349.505875658011 105.93475775420666 573.91877200454473 989.75647585093975 881.23432188108563 631.01609623432159
leaf_count=38106 11229 33169 3293 287 349 1729 2069 245 12266 410 338 652 171 186 71 1615 56 292 272 2857 1972 114 384 221 158241 616 4503 5099 5401 3120
internal_value=5.49515e-05 -0.0147146 0.000285218 -0.0144703 -0.00911232 0.000346407 0.000251604 0.000302793 -0.00210704 0.0160269 -0.00301357 0.00654464 0.0174725 -0.00414623 0.0279313 -0.00585446 -0.0175934 0.0318805 0.0241646 -0.00493247 0.00376649 0.0144204 0.0240748 -0.00409625 0.000600211 0.00582261 0.00045345 0.000703541 -0.00332038 0.00452534
internal_weight=28014.5 429.093 27585.4 112.947 300.041 27472.4 27152.4 27054.2 2971.5 140.681 2830.82 299.41 188.065 2531.41 140.12 2082.16 150.309 130.07 99.3427 1931.85 449.244 123.335 80.8699 42.4652 24082.7 657.221 23425.4 21970.3 1455.15 1620.77
internal_count=289333 71624 217709 11516 33518 206193 204464 202395 22122 655 21467 1796 1144 19671 806 16794 1671 735 564 15123 2877 905 570 335 180273 3909 176364 166460 9904 8219
is_linear=0
shrinkage=0.03


Tree=144
num_leaves=31
num_cat=0
split_feature=8 27 0 0 8 29 4 17 27 28 28 18 18 23 4 24 28 18 28 11 28 27 18 29 3 18 28 24 14 4
split_gain=96.6268 38.0075 33.986 29.3225 40.98 37.1711 25.5143 55.5646 31.5464 28.4005 24.9296 23.0652 25.0129 26.2262 23.3452 26.3693 20.9041 27.9636 23.3116 22.3688 19.2616 20.3042 19.831 18.2875 39.2259 26.2483 18.6686 32.1574 18.1595 32.6332
threshold=1.0000000180025095e-35 0.020556610077619556 5.5000000000000009 6.5000000000000009 0.07208463549613954 -0.091258823871612535 -2.1041712760925289 1.0312479734420779 0.022875817492604259 0.98667103052139293 -0.99275806546211232 19.072723388671879 5.5130004882812509 -0.34043033421039576 -2.4974942207336421 0.094498354941606535 0.70290291309356701 6.5506134033203134 0.90162119269371044 0.76357078552246105 -0.95244166254997242 0.52455195784568798 6.7074584960937509 0.38043944537639623 -1.4895494580268858 12.287414550781252 -0.72696319222450245 1.4123010635375979 0.2150128707289696 1.0000000180025095e-35
decision_type=2 2 2 2 2 2 2 8 2 2 2 10 10 10 2 10 2 10 2 2 2 2 10 2 2 10 2 8 10 2
left_child=1 -1 -3 4 5 16 7 8 -5 11 -8 12 -10 14 15 -14 20 18 19 -18 22 -22 -2 -9 -25 26 27 -26 29 -12
right_child=3 2 -4 6 -6 -7 10 23 9 -11 28 -13 13 -15 -16 -17 17 -19 -20 -21 21 -23 -24 24 25 -27 -28 -29 -30 -31
leaf_value=-0.0284071279110574 -0.011458004867352769 -0.0232282630088099 -0.0010597398482066931 -0.011551551486355041 -0.00032674204921866 -0.017468486095051437 0.0062525135031882909 -0.012714961797314198 0.0034765612678902581 -0.0098269215711621841 -0.0020988819383875403 -0.0070479461177256099 0.012870846851640841 0.0083482609472762224 0.015624025504340987 0.056337372181273888 0.1089268776874049 0.0011184321563833307 -0.0038362563968896016 0.027590856094067136 -0.014889173440535242 0.0045694852007730335 0.054134782643112743 0.07880952181494788 -0.0099874677146093924 0.077043793714219447 -0.013178879977586853 0.10487447437029469 -0.0011767379713723978 0.0028945636005363326
leaf_weight=122.80257494747639 7.1377959167584768 92.064389641396701 188.22298676241189 78.612138515105471 14785.67028494901 238.33555786358193 693.16659569367766 195.07421861682087 390.57075735973194 76.500636427430436 1655.3917318247259 76.652075967285782 23.218288144795224 534.20332173909992 307.39626983180642 28.44449363835156 4.5453366003930595 104.08767237118445 7.5852437498979262 8.960742603056131 170.75427570892498 66.576539861038327 8.0252961851656419 4.9757840372622004 5.4653633600100866 2.5991035571787497 50.950042617274448 2.5014459162484854 4021.9880308387801 4077.3055410608649
leaf_count=37367 122 16284 15914 6672 104136 18383 3227 2597 5736 1973 9715 1477 888 7499 3377 725 115 4210 271 94 3480 565 206 42 145 78 2017 57 21457 20371
internal_value=1.48569e-05 -0.0145491 -0.008398 0.000227872 -0.000642872 -0.00821791 0.00132484 0.00464687 0.00685069 0.00786474 0.000759378 0.00886604 0.00982094 0.012588 0.018855 0.037418 -0.00234949 0.00763566 0.0382922 0.0605857 -0.00731043 -0.00943432 0.0244594 -0.00810022 0.00542635 -0.00167501 -0.00637556 0.0337511 0.000368436 0.00145253
internal_weight=28029.8 403.09 280.287 27626.7 15401.7 616.008 12225 1777.16 1515.6 1436.99 10447.9 1360.49 1283.83 893.262 359.059 51.6628 377.673 125.179 21.0913 13.5061 252.494 237.331 15.1631 261.566 66.4917 61.516 58.9169 7.96681 9754.69 5732.7
internal_count=289200 69565 32198 219635 131582 27446 88053 33283 28347 21675 54770 19702 18225 12489 4990 1613 9063 4690 480 209 4373 4045 328 4936 2339 2297 2219 202 51543 30086
is_linear=0
shrinkage=0.03


Tree=145
num_leaves=31
num_cat=0
split_feature=8 27 8 27 4 5 29 25 1 29 5 27 27 19 3 27 4 25 27 21 27 29 1 27 12 16 20 29 27 29
split_gain=97.0695 35.953 30.8759 25.6314 95.0867 25.3105 23.1392 26.1098 75.1748 41.4288 23.068 30.9701 28.1672 23.0505 27.1285 37.8659 39.893 64.2345 33.0535 41.8077 32.8672 32.7625 32.2582 30.8134 30.2502 30.1718 30.1205 29.6855 28.4042 27.6873
threshold=0.00038241068250499671 0.020556610077619556 18.712434768676761 1.0000000180025095e-35 1.0000000180025095e-35 -0.21586062014102933 0.99138912558555614 0.051764089614152915 2.5251827239990239 0.94636487960815441 1.1556624174118044 0.022875817492604259 0.87634408473968517 -1.1944743394851682 -0.38743500411510462 0.51666668057441723 -0.5856301188468932 0.083174817264080061 0.49713261425495153 0.10615660995244981 0.50824373960495006 -0.80417042970657338 2.5251827239990239 0.067647062242031111 -7.113471031188964 0.29968860745429998 -0.49712058901786799 -0.82413947582244862 0.091503269970417037 -0.77243989706039418
decision_type=2 2 2 2 2 8 2 2 2 2 8 2 2 10 2 2 2 2 2 10 2 2 2 2 2 8 10 2 2 2
left_child=1 -1 3 4 -2 -3 7 8 9 -5 11 -9 -12 -13 18 16 17 23 19 -15 21 -20 25 27 -17 -21 -26 -16 -19 -22
right_child=2 5 -4 6 -6 -7 -8 10 -10 -11 12 13 -14 14 15 24 -18 28 20 22 29 -23 -24 -25 26 -27 -28 -29 -30 -31
leaf_value=-0.02813362558422736 -0.030222624561458539 0.029968205276476527 0.0094254968472188075 0.012839035152405266 0.033826279710920698 -0.010679782121423755 -0.011055954788514559 -0.017121657111311941 -0.0091634478038636787 -0.021046228227597778 0.0016146292197704423 -0.0037389976078328795 -0.0048409188504931 0.0022694709510553148 0.044447994914018331 -0.015269431753885458 0.002241803775284267 -0.014344582864909689 -0.0026848942010463898 -0.0023023369789121118 0.0048101007276486222 0.026391611874601689 0.026274603578846402 0.019740705241738019 0.0022299277090078217 -0.011036634566380561 -0.005248421927909727 -0.0011427409490718493 -0.0039489458516165392 -0.00043532644686184802
leaf_weight=120.9972931612283 82.739762584678829 13.544931052252648 319.16870581358671 572.87788273347542 26.870674647390842 281.47803836292587 164.91221243632026 101.29465610324405 230.44430631026626 33.537537102587521 9014.942018950358 1827.0534982243553 651.35384305566549 1841.8556122984737 12.507242292631416 206.17847556993365 2928.810720782727 383.693840182852 52.478634506464005 1342.3778942986391 2031.3576889932156 101.97692165337503 29.948289573192596 110.51356230117381 649.48178424313664 483.78007485484704 1904.2539793103933 264.95192463160492 617.21384701132774 1633.3447651388124
leaf_count=37775 11162 368 1712 10938 282 33187 4000 4225 1077 1692 50696 13656 5318 20893 215 1210 13258 7902 257 15620 10151 597 121 1019 4178 5874 12702 6651 4012 8547
internal_value=-5.35046e-05 -0.0144193 0.000163392 5.4769e-05 -0.0143574 -0.00871864 0.000113392 0.000181953 0.00539509 0.0109335 1.51718e-05 -0.00066582 0.00117917 -0.000563279 -0.000165495 -0.00149835 0.000256167 -0.00392966 0.00108946 -0.000932096 0.00304661 0.0165587 -0.00410859 0.00642156 -0.00424227 -0.00462097 -0.00334635 0.00106463 -0.00794441 0.00247275
internal_weight=28035.9 416.02 27619.9 27300.8 109.61 295.023 27191.1 27026.2 836.86 606.415 26189.4 16523.1 9666.3 16421.8 14594.7 7077.61 4317.69 1388.88 7517.12 3697.96 3819.16 154.456 1856.11 387.973 2759.91 1826.16 2553.74 277.459 1000.91 3664.7
internal_count=289295 71330 217965 216253 11444 33555 204809 200809 13707 12630 187102 131088 56014 126863 113207 51147 33057 19799 62060 42508 19552 854 21615 7885 18090 21494 16880 6866 11914 18698
is_linear=0
shrinkage=0.03


Tree=146
num_leaves=31
num_cat=0
split_feature=6 3 29 4 28 28 28 20 6 0 4 4 18 29 24 25 3 6 11 3 18 18 28 20 11 29 19 1 11 29
split_gain=80.3667 44.2848 24.6698 45.3489 34.7849 24.8699 31.5514 32.3538 22.7874 19.644 38.3509 28.1918 26.0125 25.2582 27.8122 23.6497 31.8882 31.1498 25.2577 22.3794 31.6961 22.0504 26.6817 21.9844 23.6126 21.2528 21.2251 34.4559 20.5235 19.9872
threshold=1.0000000180025095e-35 -0.83008018136024464 0.96633976697921764 -0.049472808837890618 0.039769539609551437 0.10837544873356821 0.17646842449903491 0.63391587138175975 23.045776367187504 2.5000000000000004 -1.862671375274658 10.336588382720949 1.9287567138671877 0.19969739764928821 0.5398753583431245 0.068481389433145537 -0.088314000517129884 0.96402227878570568 8.4165658950805682 -1.6931967139244077 8.6472167968750018 6.4701538085937509 0.96687895059585582 0.17927154153585437 6.7669312953948983 -0.83375966548919667 -1.747597277164459 2.2785027027130131 7.6951639652252206 0.63089349865913402
decision_type=8 2 2 2 2 2 2 8 10 2 2 2 10 2 10 2 2 8 2 2 10 10 2 8 2 2 10 2 2 2
left_child=1 -1 8 5 -5 -4 7 -7 9 10 13 -12 -13 14 -2 16 17 18 25 20 21 22 29 24 -16 -11 27 -21 -29 -17
right_child=2 -3 3 4 -6 6 -8 -9 -10 15 11 12 -14 -15 23 19 -18 -19 -20 26 -22 -23 -24 -25 -26 -27 -28 28 -30 -31
leaf_value=0.0020734228020203075 -0.0092828941007468586 -0.020332971361409422 -0.022349362860293112 0.026419968276065704 -0.0049048177757922123 0.032779680587073548 -0.021886980512514833 -0.02342095489413256 0.0087659375894265732 0.059381109961292089 0.00055645301212039859 0.0046716931307044145 -0.011095589341216665 -0.019215775072580675 -0.0072799769222440863 0.00598800756594693 0.0015825317169159913 0.030340927033464235 0.061800897657594125 -0.015210726913436454 0.022888055248130746 -0.010929490213740407 -0.035588859214397001 0.026505262580548802 0.026311816037272732 0.0046963403287197981 0.00036238636395246048 0.0075224498549308766 -0.0079108461429151667 0.036189224487983958
leaf_weight=112.67523394804448 393.95619157212786 266.33173504727893 156.12475071637891 48.241518516093493 89.928389757871628 29.417596590472385 35.910803686594591 12.391234365059061 282.97044599987566 5.5810294626280657 3418.9064368410036 125.6083138436079 369.64045409485698 144.14016811712645 92.154012036509812 346.33400583732873 790.5456554715056 69.896881193155423 6.5826873732730737 207.61887215077877 86.670895777642727 80.950172470882535 12.281229410320519 34.54092527506873 22.605611534789205 243.98122870153747 20171.999671393074 170.5196730941534 140.55087888240814 19.982392188161612
leaf_count=5317 6078 67799 6711 234 406 1045 1625 481 1444 142 18796 1287 4365 6400 1268 2042 14657 1485 75 2027 504 521 88 574 143 6819 134949 803 791 194
internal_value=1.85291e-05 -0.0136838 0.000207112 -0.00745572 0.00614337 -0.0154829 -0.00158058 0.015965 0.00031204 0.000222971 -0.00156181 -0.000413261 -0.00709523 -0.00809177 -0.0051104 0.000590429 0.00484405 0.0127231 0.0078163 0.000366566 0.00635478 0.00319367 0.00623426 0.005888 -0.000492854 0.00615138 0.000208182 -0.00577804 0.000546226 0.00772951
internal_weight=27989 379.007 27610 372.014 138.17 233.844 77.7196 41.8088 27238 26955 4601.55 3914.16 495.249 687.397 543.257 22353.5 1116.59 326.042 256.145 21236.9 546.219 459.548 378.598 149.301 114.76 249.562 20690.7 518.689 311.071 366.316
internal_count=289070 73116 215954 10502 640 9862 3151 1526 205452 204008 38911 24448 5652 14463 8063 165097 23178 8521 7036 141919 3349 2845 2324 1985 1411 6961 138570 3621 1594 2236
is_linear=0
shrinkage=0.03


Tree=147
num_leaves=31
num_cat=0
split_feature=6 25 29 4 28 18 1 17 11 8 5 13 29 25 29 28 29 6 2 29 29 4 30 4 18 30 28 8 28 1
split_gain=87.3448 28.8016 24.4225 49.6291 30.9261 22.9981 28.8371 26.3964 22.996 25.015 29.5934 23.7826 22.6891 23.1918 22.9711 21.8076 23.3541 22.3104 21.2964 22.9946 63.8795 42.0135 29.3042 35.6734 32.6115 26.9644 28.2612 37.9988 25.5587 53.7505
threshold=1.0000000180025095e-35 0.11385202407836915 0.96633976697921764 -0.049472808837890618 0.039769539609551437 20.968643188476566 2.4607234001159672 0.019827900454401973 12.678295135498049 0.72154060006141674 -0.66428560018539418 0.39052118360996252 -0.056951010599732392 0.20577264577150348 -0.99628248810768116 0.81428062915802013 0.60383266210556041 6.279870033264161 3.3826205730438237 -0.92921787500381459 -0.81427544355392445 0.84618616104125988 2.5000000000000004 1.0000000180025095e-35 7.9471588134765634 1.0000000180025095e-35 -0.97113886475563038 0.75964245200157177 0.65233618021011364 2.5918904542922978
decision_type=8 2 2 2 2 10 2 10 2 2 8 10 2 2 2 2 2 10 2 2 2 2 2 2 10 2 2 2 2 2
left_child=1 -1 5 -4 -5 7 -7 18 9 10 15 12 13 14 -10 16 -9 -18 19 21 -21 22 24 -24 -2 26 -22 -28 -27 -30
right_child=2 -3 3 4 -6 6 -8 8 11 -11 -12 -13 -14 -15 -16 -17 17 -19 -20 20 25 -23 23 -25 -26 28 27 -29 29 -31
leaf_value=-0.0207304228047436 -0.0044531934973287115 -0.0032785327213913631 -0.016000853279023935 0.026516427494778661 -0.0033671540759281121 -0.014415182103876567 0.022533494513964431 -0.00042524292025418578 -0.01852062702230273 0.00074634570513558039 -0.0035967618027474496 -0.0088640314814473712 -0.011777840267882273 0.0026824431097317537 -0.0023808587579032233 0.017861712703048475 0.010707479208101526 0.061513621753150859 0.0085055077455465852 0.0078152133275371429 0.0096722193202904618 -0.0053064931457542782 0.022969964894052796 -0.013734859565070128 0.0055692832363215252 0.00030282925144073895 -0.011848685345776501 -0.00086573072926999454 0.0085590050520592195 -0.001301064121383904
leaf_weight=238.17977746552788 555.41710893437266 132.79152985010296 231.25242362706922 45.868365187197924 92.479019276797771 165.85978361428715 20.552423387765884 531.19332112232223 94.111616618931293 9430.5518822539598 2781.6527364673093 536.49077974073589 174.60809331573546 885.51593669503927 481.96458929404616 81.815466199070215 38.942791169509292 8.9259046041406673 362.1895163282752 1365.4124821349978 144.93888803990558 1252.9218972548842 111.47605749964714 29.513769790530205 614.32559786178172 4200.7371466124896 408.04275956912898 924.42004244262353 1177.467304689344 860.80525677278638
leaf_count=64327 2806 8918 9915 226 416 3482 90 3099 759 51985 41597 3425 1004 5101 3812 707 637 85 1908 7847 1423 7412 469 122 3446 32617 7514 5343 14714 4264
internal_value=-6.86168e-05 -0.014509 0.000125929 -0.00752352 0.00665978 0.000229991 -0.010243 0.000302531 -0.00053461 -5.26765e-05 -0.00224112 -0.0033887 -0.00158909 -0.000364674 -0.00504508 0.00346164 0.00139977 0.021246 0.00135144 0.00112823 0.00183646 -0.00138045 0.00237362 0.0152438 0.000810673 0.000777647 -0.00286541 -0.00423543 0.00164065 0.00439629
internal_weight=27980.4 370.971 27609.5 369.6 138.347 27239.9 186.412 27053.4 15045.8 12873.1 3442.53 2172.69 1636.2 1461.59 576.076 660.877 579.062 47.8687 12007.7 11645.5 9081.82 2563.65 1310.73 140.99 1169.74 7716.41 1477.4 1332.46 6239.01 2038.27
internal_count=289470 73245 216225 10557 642 205668 3572 202096 112211 98110 46125 14101 10676 9672 4571 4528 3821 722 89885 87977 73722 14255 6843 591 6252 65875 14280 12857 51595 18978
is_linear=0
shrinkage=0.03


Tree=148
num_leaves=31
num_cat=0
split_feature=8 6 0 0 8 1 3 18 1 12 18 1 22 8 12 23 17 3 30 1 12 17 23 21 1 8 3 23 28 28
split_gain=84.3333 38.9779 29.864 25.1334 33.4991 29.4778 21.7302 20.6197 20.3492 19.8698 18.8975 43.8684 54.2318 49.4549 46.6018 35.7842 34.5647 34.4515 31.0845 39.4994 38.661 35.5306 30.5679 29.9692 27.4057 50.0158 35.5765 33.4975 34.2743 26.5977
threshold=0.00038241068250499671 0.27481718361377722 6.5000000000000009 6.5000000000000009 0.079690445214509978 1.8940672874450686 -0.074471507221460329 18.675170898437504 2.4607234001159672 -1.3810988068580625 5.8987350463867196 2.2785027027130131 0.097733438014984145 4.1469824314117441 -3.1541875600814815 0.80969321727752697 -0.56988590955734242 -0.20971542596817014 2.5000000000000004 5.6941113471984872 -0.61652541160583485 -0.44185641407966608 -0.5254627764225005 1.0229706168174746 2.728621363639832 2.5737705230712895 -0.020144350826740261 -0.29095287621021265 -0.69057363271713246 -0.33425341546535486
decision_type=2 10 2 2 2 2 2 8 2 2 8 2 10 2 2 10 10 2 2 2 2 10 10 10 2 2 2 8 2 2
left_child=1 2 -1 4 5 9 -4 -5 -9 -2 11 12 14 17 29 -14 -16 18 19 -13 21 -20 -15 -19 25 27 -26 -12 -29 -6
right_child=3 -3 6 7 10 -7 -8 8 -10 -11 24 13 15 22 16 -17 -18 23 20 -21 -22 -23 -24 -25 26 -27 -28 28 -30 -31
leaf_value=-0.024558152264960199 -0.0026085669384858291 0.033838546434157436 -0.0031307592694250984 0.0012590088371595221 0.0016321974827301407 0.017247847380658769 -0.027825433318992652 -0.01195103031792359 0.015271708341571384 -0.013716181607996111 0.0053249276815681623 0.0045109206012905649 -0.0060778537770383983 -0.0078209572440231783 -0.015944806457093199 -0.017744977359611853 -0.0011024913233453485 -0.0012664221036140714 0.017873128450372366 -0.01193166559139012 0.018726171676607752 -0.0014599852340116213 -0.00099361495119650945 0.0080841509104567222 -0.010272794104121496 0.012659923829693552 0.00018287534498104903 -0.011812357755403015 0.00038931384800690625 0.016449421228771993
leaf_weight=178.21538978768513 247.78790211980231 14.009755521547048 170.20723664504476 12001.711513455492 286.75486852275208 39.828941587358713 38.612668765243143 179.81019121664576 27.748387955129147 350.13751817937009 1123.7215916130226 804.44317232072353 893.61350845894776 890.33577504754066 187.49137731874362 321.80932895792648 563.66215676185675 2514.5202940329909 120.57276266813278 156.16166262701154 280.83060450106859 288.32524437457323 1748.0617693215609 350.61049638316035 361.85983656346798 398.44929943000898 1518.6868049874902 240.82394499634393 1446.3555413866416 175.17225769395009
leaf_count=42974 4693 486 15606 84211 1596 212 12320 3044 120 22266 11006 3454 8094 6344 1853 2560 5887 15073 610 1177 1436 1461 11911 2003 1534 2260 7396 2549 13734 858
internal_value=-0.000117887 -0.0137585 -0.0155642 8.1394e-05 -0.000728214 -0.00745362 -0.00780788 0.00109659 -0.00825586 -0.00912509 -0.000435395 -0.00122003 -0.004703 -3.71856e-05 -0.000214474 -0.00917902 -0.00482347 0.00186937 0.00532065 0.00182829 0.0101749 0.00427051 -0.00329961 -0.000119757 0.00104173 0.0027265 -0.00183342 0.00131442 -0.00135829 0.00727459
internal_weight=27920.3 401.045 387.035 27519.3 15310 637.754 208.82 12209.3 207.559 597.925 14672.3 9582.37 2428.5 7153.86 1213.08 1215.42 751.154 4515.46 1650.33 960.605 689.729 408.898 2638.4 2865.13 5089.9 3209.35 1880.55 2810.9 1687.18 461.927
internal_count=288728 71386 70900 217342 129967 27171 27926 87375 3164 26959 102796 64317 20848 43469 10194 10654 7740 25214 8138 4631 3507 2071 18255 17076 38479 29549 8930 27289 16283 2454
is_linear=0
shrinkage=0.03


Tree=149
num_leaves=31
num_cat=0
split_feature=6 29 6 29 4 30 15 0 11 29 30 18 29 5 4 3 3 1 30 1 23 29 22 23 1 29 18 11 4 17
split_gain=74.1099 35.0777 25.5414 23.7549 38.3811 21.9366 21.97 20.3685 29.0092 24.2364 23.0795 25.3406 24.0003 24.3969 22.2944 48.4338 18.9006 18.548 17.8237 29.517 38.201 28.3116 26.8355 24.4548 26.4295 29.0862 29.1091 19.5386 29.4865 34.7154
threshold=1.0000000180025095e-35 -0.45273527503013605 23.045776367187504 0.96849882602691661 -0.049472808837890618 1.0000000180025095e-35 0.58309754729270946 3.5000000000000004 0.2562656849622727 -0.11692317575216292 2.5000000000000004 2.9170379638671879 0.47369650006294256 -3.7883207798004146 24.089230537414554 0.52106276154518139 -0.35858295857906336 4.9186432361602792 1.0000000180025095e-35 1.6458734273910525 0.6542920470237733 0.19969739764928821 0.069236859679222121 -0.25671237707138056 3.1691458225250249 0.19969739764928821 6.7491760253906259 0.84372010827064525 0.099156856536865248 0.13099800795316699
decision_type=8 2 10 2 2 2 8 2 2 2 2 10 2 10 2 2 2 2 2 2 10 2 10 10 2 2 10 2 2 10
left_child=1 5 3 7 -5 -1 16 8 9 -2 11 14 13 -12 17 -16 -7 -10 21 20 22 27 -20 24 -21 -26 -27 -13 29 -29
right_child=2 -3 -4 4 -6 6 -8 -9 10 -11 12 18 -14 -15 15 -17 -18 -19 19 23 -22 -23 -24 -25 25 26 -28 28 -30 -31
leaf_value=-0.014371942811030882 0.0012131650147178639 -0.017302356373005125 0.0089714708887021644 -0.01545258456271942 0.0054519806670933896 0.052127755398321957 -0.013690246689942119 0.00062240678968616427 -0.0030976534607340968 -0.021401642443063813 -0.0067841879296530348 -0.0056414648136409468 -0.0076100988271211138 0.0042773652848610557 0.045188955685321046 -0.0080327486188695382 -0.018215269544923366 -0.01272320715005631 0.0027750250938190909 0.0042592597349077818 -0.016301180105337536 -0.0085044048421503357 -0.0091864838346029654 0.0029383371846902684 -0.010181423775322287 0.017947561680316526 -0.022766265152782052 0.0020502501145319508 0.00034705298521491978 0.019088076179572613
leaf_weight=20.64050943381153 67.491543419659138 310.94936947687529 289.94663774594665 215.75365727045573 123.76603294909 18.548452761955563 9.005139314336704 19988.202701057307 324.39916279027238 114.40216252510436 202.30095072835684 166.3048445363529 215.40756173920818 1533.9408017699607 21.815744686871767 46.566340733319521 3.6436179641168556 406.59577221050858 353.46078518917784 245.69277871772647 268.12256578542292 199.17225650558248 321.49989883298986 1003.7387051917613 505.41794534027576 66.997811540961266 19.664763145148754 201.29928042925894 473.73404980823398 230.96752943191677
leaf_count=1511 2158 69517 1485 9517 584 751 606 146084 1665 6254 1476 2012 2401 11089 188 314 892 3593 3407 1067 2796 2017 3334 5160 3169 368 93 1509 2532 1828
internal_value=-4.75091e-05 -0.0134997 0.000129753 3.55793e-05 -0.00783855 0.00920636 0.024768 0.000134966 -0.00125898 -0.0130497 -0.000942052 -0.00204943 0.00181261 0.00298535 -0.00692795 0.00935301 0.040291 -0.00846167 -0.0010865 -0.00243005 -0.00674307 0.00185555 -0.00292769 -0.000218794 -0.00400036 -0.00742921 0.0085548 0.00378596 0.00552076 0.0111769
internal_weight=27969.4 362.787 27606.7 27316.7 339.52 51.8377 31.1972 26977.2 6988.99 181.894 6807.1 4855.45 1951.65 1736.24 799.377 68.3821 22.1921 730.995 4056.07 2784.6 943.083 1271.48 674.961 1841.51 837.773 592.081 86.6626 1072.31 906.001 432.267
internal_count=289377 73277 216100 214615 10101 3760 2249 204514 58430 8412 50018 35052 14966 12565 5760 502 1643 5258 29292 19394 9537 9898 6741 9857 4697 3630 461 7881 5869 3337
is_linear=0
shrinkage=0.03


Tree=150
num_leaves=31
num_cat=0
split_feature=27 4 6 29 29 24 19 0 0 30 30 12 29 24 21 27 3 3 29 15 21 17 22 6 15 29 21 27 18 19
split_gain=85.3905 102.693 37.3103 43.7245 35.9665 66.0068 30.8558 24.9766 24.0505 26.7646 22.5506 20.0995 22.2314 24.4678 34.2949 19.2543 57.1126 31.5527 30.7294 26.0823 22.1322 21.2189 19.4658 31.1668 18.9354 28.9521 40.3207 50.4657 28.2704 34.6908
threshold=1.0000000180025095e-35 1.0000000180025095e-35 0.011904762592166664 -0.13398942351341245 -0.19337245076894757 0.024066491983830932 0.63678497076034557 4.5000000000000009 4.5000000000000009 1.0000000180025095e-35 1.5000000000000002 -0.20818062126636502 0.44312302768230444 0.91596353054046642 -0.13994357734918592 0.81953403353691112 -1.7676939964294431 1.0890932083129885 -0.91595870256423939 -2.0644029378890987 -0.4249922633171081 -1.1884578466415403 -2.597282767295837 3.762558221817017 0.059751491993665702 -0.92272481322288502 0.60495689511299144 0.83602148294448864 2.6732330322265629 1.590026915073395
decision_type=2 2 8 2 2 10 10 2 2 2 2 2 2 8 10 2 2 2 2 10 10 10 8 8 10 2 10 2 10 10
left_child=1 -1 3 4 10 6 -6 -8 -5 -10 -2 12 -11 -14 -15 22 18 19 -17 -18 -20 -21 23 -4 25 -23 27 -27 -29 -30
right_child=2 -3 15 8 5 -7 7 -9 9 11 -12 -13 13 14 -16 16 17 -19 20 21 -22 24 -24 -25 -26 26 -28 28 29 -31
leaf_value=-0.030141626194908362 -0.0081293134725065625 0.03362357761423207 -0.0012060563013530073 -0.022009381211927036 0.02548969422854214 0.0054240417826465232 0.018065307803781717 0.22870927055468235 -0.025313318220487088 -0.0043955830312530702 0.0066325053976398346 -0.0099260152949842279 0.015635010568343738 0.001918393191353888 0.14631857954966718 0.033383110120157398 0.018948557202807484 0.013662020028719911 -0.02138726527359712 0.0029608170841294184 0.013644908269508435 -0.0071457720254016963 0.00041556198594394628 0.029068091382839892 -0.008258615070571752 -0.014113914838781173 -0.0099519673213285184 0.0038859109219317525 0.026508112044963655 -0.011660564174096371
leaf_weight=152.39261383656412 201.11607708362862 25.830635029822588 68.217346118763089 165.84121485729702 2.2149406578391817 14.583380458177997 0.85412711766548488 1.6468823426403103 55.175970369251445 43.152519652852789 171.7612163675949 109.3747452578973 29.147700077388436 2.6803280946332961 2.3820325718261293 56.457444630563259 44.020338986068964 96.744251474738121 20.748383790254593 334.04950313642621 63.266556423157454 650.80193848907948 23976.565095557831 54.395621775183827 983.85336337983608 83.645667769014835 182.51074795424938 195.52365935221314 140.0353990457952 24.680641189217567
leaf_count=37749 9947 285 444 23482 283 821 109 48 7322 1993 3417 15291 2111 210 122 252 305 449 94 2279 295 5474 164194 309 7699 551 1299 1489 980 174
internal_value=-0.000122761 -0.0207638 1.04267e-05 -0.00637052 0.000783641 0.039673 0.126105 0.182479 -0.0132364 -0.0071564 -0.00132992 -0.00168524 0.0099435 0.0276419 0.0827919 0.000199876 -0.00211966 -0.00307975 0.0164688 -0.0036984 0.00484353 -0.00408971 0.000476799 0.0123512 -0.00513221 -0.0027193 0.00188371 0.00676157 0.0116344 0.0207532
internal_weight=27953.7 178.223 27775.4 799.931 392.177 19.2993 4.71595 2.50101 407.755 241.913 372.877 186.737 77.3626 34.2101 5.06236 26975.5 2876.34 2735.87 140.472 2639.12 84.0149 2595.1 24099.2 122.613 2261.05 1277.2 626.396 443.885 360.24 164.716
internal_count=289477 38034 251443 65156 14625 1261 440 157 50531 27049 13364 19727 4436 2443 332 186287 21340 20699 641 20250 389 19945 164947 753 17666 9967 4493 3194 2643 1154
is_linear=0
shrinkage=0.03


Tree=151
num_leaves=31
num_cat=0
split_feature=27 2 11 29 28 18 17 28 11 28 28 3 28 30 28 18 28 20 29 2 3 30 29 30 20 3 2 14 11 20
split_gain=83.4273 99.521 45.1168 34.5055 42.1386 30.6933 24.9984 29.8254 29.4091 27.1124 53.5978 72.1403 51.4143 26.4858 103.119 38.4608 25.6709 42.2188 33.9408 49.7079 24.5945 59.7147 38.8445 145.885 38.5688 36.6999 35.8604 24.3978 24.2214 29.5322
threshold=1.0000000180025095e-35 1.2601816654205324 0.027831356041133407 -0.52034142613410939 0.71503382921218883 6.5506134033203134 0.0095796305686235445 -0.99866804480552662 9.3700623512268084 0.79904097318649303 0.5986820161342622 -1.0047447085380552 0.77244481444358837 2.5000000000000004 0.75014290213584911 4.6794433593750009 -0.99275806546211232 1.1832853555679324 -0.10837475582957266 1.2601816654205324 0.2360622510313988 1.0000000180025095e-35 0.50370931625366222 2.5000000000000004 0.25318808853626257 -1.4539538621902464 1.2601816654205324 0.57248929142951976 0.61504060029983532 -0.15271896123886106
decision_type=2 2 2 2 2 8 8 2 2 2 2 2 2 2 2 10 2 10 2 2 2 2 2 2 10 2 2 10 2 10
left_child=1 -1 3 4 -2 -6 9 8 -8 10 28 12 27 -13 -15 -16 17 18 19 -9 21 26 24 -24 25 -23 -11 -12 29 -4
right_child=2 -3 6 -5 5 -7 7 16 -10 20 11 13 -14 14 15 -17 -18 -19 -20 -21 -22 22 23 -25 -26 -27 -28 -29 -30 -31
leaf_value=-0.029961592384468893 -0.014812513049620349 0.033553000427648375 -0.011521684563442132 -0.013435355026276349 0.11620873729555332 0.023116116820305774 -0.0035824458958181116 -0.021218643207232834 -0.022741318799939552 -0.017622868981542986 0.05412558461399028 0.00076666335019314293 -0.0021970016595297399 -0.0024517625377110885 0.045498641375374946 0.016533964375095273 -0.000638557785297338 0.024593966746643024 -0.00083282133038924231 0.034346115716415888 -0.0071203349656130243 -0.027873092333655029 0.19086675325727331 -0.0063435693311946866 -0.0057630346788443542 0.008741110824580782 0.013521602729032125 0.023556705765759897 0.0014841950715135746 0.0025086554412155834
leaf_weight=149.38295936048962 15.260679424507545 25.193720556795597 291.43908341089264 322.3283579540439 4.0269987089559409 10.626560336677358 242.7294036524836 18.497350767254829 101.87927310634404 209.63283026427962 51.040300168097019 520.59695780882612 35.607745904475451 223.21931179100648 69.469077680259943 104.25424848706461 14296.04475952033 89.186772823566571 444.19331510434859 57.563598304986954 599.12894869223237 24.738627687096596 3.6955831674858901 11.797046886989847 305.08904862264171 597.40345506556332 38.750400394201279 47.750882999971509 8770.0107743637636 250.27846792479977
leaf_count=37905 798 286 9307 36358 60 539 1670 135 621 4624 378 5146 223 2040 337 650 110185 609 2780 288 3119 167 89 280 4370 7130 161 290 52206 6503
internal_value=-4.22108e-05 -0.0206567 8.81864e-05 -0.0105648 0.0197993 0.0544887 0.000225498 -0.000583384 -0.00929594 0.0012404 0.00182931 0.0082449 0.0286907 0.00522207 0.0110488 0.0283106 -0.000381343 0.00564348 0.00235386 0.0207333 -0.00216791 0.000327051 0.0037769 0.0494192 0.00296186 0.0072428 -0.0127293 0.0397342 0.00110374 -0.00504686
internal_weight=27930.8 174.577 27756.2 352.243 29.9142 14.6536 27404 15250.1 344.609 12153.9 10363.7 1051.94 134.399 917.54 396.943 173.723 14905.5 609.441 520.254 76.0609 1790.24 1191.11 942.724 15.4926 927.231 622.142 248.383 98.7912 9311.73 541.718
internal_count=289254 38191 251063 37755 1397 599 213308 116288 2291 97020 77080 9064 891 8173 3027 987 113997 3812 3203 423 19940 16821 12036 369 11667 7297 4785 668 68016 15810
is_linear=0
shrinkage=0.03


Tree=152
num_leaves=31
num_cat=0
split_feature=27 4 27 28 4 14 25 3 28 28 3 27 3 28 20 27 27 28 8 0 15 28 19 6 28 28 12 28 4 22
split_gain=84.0362 83.8109 28.1925 25.3392 24.0564 32.4499 23.2556 38.4869 38.8813 111.134 91.5409 29.697 24.2337 43.849 48.1178 34.8314 30.9565 28.2991 26.8131 40.8137 36.4665 31.0787 67.6981 70.9162 37.2918 42.1002 42.775 39.2486 30.0008 26.2768
threshold=0.020556610077619556 1.0000000180025095e-35 1.0000000180025095e-35 0.92922380566596996 -2.3423521518707271 -1.8503058552742002 0.051764089614152915 1.0495780110359194 0.82414472103118908 0.86975130438804638 -0.24740440398454663 0.076523300260305419 -1.6931967139244077 0.49812944233417517 1.7292617559432986 0.86881721019744884 0.86111110448837291 0.14250627160072329 0.22827085107564929 4.5000000000000009 -0.50329983234405506 -0.97876849770545948 0.66241598129272472 0.17857144773006442 -0.8940606117248534 -0.95244166254997242 -3.1541875600814815 -0.96689236164093006 -0.99641442298889149 -0.63763719797134388
decision_type=2 2 2 2 2 10 2 2 2 2 2 2 2 2 10 2 2 2 2 2 10 2 10 8 2 2 2 2 2 8
left_child=1 2 -1 6 5 -5 7 8 -2 10 -10 -11 13 14 -8 16 18 -18 19 28 -21 22 -22 -24 25 26 27 -23 -14 -15
right_child=3 -3 -4 4 -6 -7 12 -9 9 11 -12 -13 15 29 -16 -17 17 -19 -20 20 21 24 23 -25 -26 -27 -28 -29 -30 -31
leaf_value=-0.030097776740055555 0.0044721982813452727 0.013909031069413807 -0.012354050840234502 0.033165743389011203 -0.001483761513496032 -0.011547186634723603 0.0025673249473036753 -0.0091002324755883168 0.19424204786912033 -0.0014200186053074744 0.047194708758085166 0.03070245113923396 -0.011550807077706945 0.084845168025433501 0.037534714686087378 -0.0041675702229035522 -0.012939265012811783 0.024032911090536856 0.00073248442784520766 -0.0070559374067190568 0.0021403904304886918 0.0017599840519910278 0.12023787186047213 0.023153388172952379 0.0035286746427982893 -0.025003215798187657 -0.0088807136429009705 0.095985434479847129 0.004363102071590832 0.013371220143670429
leaf_weight=143.85825731512159 233.42634767014533 80.216220755130053 187.30302502051927 14.266363888047634 1803.8119570165873 365.39867233904079 597.23232303932309 101.77380342036486 4.5412464807741371 60.116305334959179 15.566682148724793 44.400728868553415 582.02075338596478 8.8845881633460504 36.666588704101741 1565.3322590664029 22.948121845722198 86.977729544043541 20213.242008277215 472.35346768051386 71.199087596265599 7.8882367881014943 9.2036609575152415 22.101787787862122 911.88657990423962 91.672909011133015 37.129644489381462 7.1063542366027814 129.91706250980496 9.5471816062927264
leaf_count=37986 9613 566 18510 628 11264 19711 4045 482 159 1145 205 317 20087 56 217 12787 174 531 114641 11042 1269 66 318 217 19903 2090 666 56 686 57
internal_value=-3.20508e-05 -0.0134745 -0.0201294 0.000169325 -0.00293089 -0.00978433 0.000436534 0.00711434 0.0117357 0.0251967 0.0880334 0.0123878 0.000312852 0.00601434 0.00464588 0.000159119 0.000458099 0.0162675 0.000380333 -0.00265739 -3.94666e-05 0.00282574 0.018514 0.0545342 0.00128636 -0.0128594 0.00856702 0.0496252 -0.00864473 0.0504168
internal_weight=27938 411.378 331.161 27526.6 2183.48 379.665 25343.1 459.825 358.051 124.625 20.1079 104.517 24883.3 652.331 633.899 24231 22665.6 109.926 22555.7 2342.48 1630.54 1158.19 102.505 31.3054 1055.68 143.797 52.1242 14.9946 711.938 18.4318
internal_count=289494 57062 56496 232432 31603 20339 200829 11921 11439 1826 364 1462 188908 4375 4262 184533 171746 705 171041 56400 35627 24585 1804 535 22781 2878 788 122 20773 113
is_linear=0
shrinkage=0.03


Tree=153
num_leaves=31
num_cat=0
split_feature=27 4 11 18 25 4 18 28 28 8 28 27 28 27 17 4 24 3 27 27 25 28 4 1 27 28 12 1 21 11
split_gain=78.2268 95.3422 35.0009 21.7802 21.7083 73.5407 28.2387 30.6192 25.464 25.4941 25.2755 32.6916 21.1519 36.293 42.5403 36.9211 37.0008 30.4637 28.038 60.0432 44.6189 55.4458 46.3821 44.715 39.9212 43.9912 34.9417 34.4168 91.8721 80.0504
threshold=1.0000000180025095e-35 1.0000000180025095e-35 0.0014291776460595431 22.314971923828129 0.052633637562394149 -0.19390797615051267 7.7105102539062509 0.9996619224548341 -0.99467751383781422 1.7398586869239809 0.86113432049751293 0.76523298025131237 0.34235194325447088 0.32240143418312078 0.39296995103359228 -1.0959337949752805 0.014247925486415626 -1.1696810722351072 0.79032260179519664 0.78136202692985546 0.11243373155593873 -0.39826117455959315 1.0000000180025095e-35 2.4607234001159672 0.93440860509872448 -0.5276680290699004 13.676924228668215 2.1653846502304082 0.93353399634361278 4.6001250743865976
decision_type=2 2 2 10 2 2 10 2 2 2 2 2 2 2 10 2 10 2 2 2 2 2 2 2 2 2 2 2 10 2
left_child=1 -1 -2 4 5 6 -4 8 -8 -10 12 -12 18 17 15 16 -15 -14 19 27 21 23 -22 -20 25 -25 -24 28 -6 -29
right_child=2 -3 3 -5 10 -7 7 -9 9 -11 11 -13 13 14 -16 -17 -18 -19 20 -21 22 -23 26 24 -26 -27 -28 29 -30 -31
leaf_value=-0.030093286974247221 -0.01558710019775718 0.0332401806205391 0.0024740351787933233 -0.013379267438445077 0.00036634738491659832 -0.0080156044961972109 0.082474024721871084 -0.030706056476290312 0.012948655966579023 0.036095126116117981 -0.0018539597308878711 -0.017394917660437027 -0.019322599643621929 -0.011159056191482721 -0.00043275985485419818 0.0041555376565046266 0.015767914907389359 -1.1179666671796382e-05 -0.025358836931837197 0.021277623430910012 0.01030760309004553 -0.0073883881244015083 -0.0071577854686476795 0.018241064535943992 -0.0038435287404620182 0.056506769447759231 0.0024511860681967769 0.0059437906093165157 -0.0092263755457527522 -0.00013676457225969039
leaf_weight=139.77954900520854 125.41643067030236 24.371282182633877 239.66113059059717 104.36366458167322 4427.1198373318184 275.62415907159448 4.3492081838194272 11.562294935109092 318.76443616161123 49.095882760826498 2677.5536550343968 126.65562763251364 75.38840589299798 49.454748826101422 953.25560708530247 1056.0312688946724 543.97672608494759 1956.8972935040947 21.933043606579304 123.13484485447407 181.45028309524059 163.8624307885766 1873.6485811918974 151.7852544747293 54.71398227289319 32.49494806677103 415.68204332515597 2568.917990077287 1126.34397417726 8059.4678794965148
leaf_count=37975 20037 287 8090 2901 47848 1298 146 268 11016 352 33038 803 1422 357 5214 5271 2950 22888 107 723 802 1510 15049 1056 524 193 2522 11362 12357 41161
internal_value=4.00473e-05 -0.0205459 0.000162474 0.000234491 0.000286567 0.00486887 0.0105689 0.0156045 0.0171215 0.0161273 0.000131743 -0.00256184 0.000448732 0.00226742 0.00461251 0.00752677 0.0135089 -0.000736695 9.60586e-06 0.000492757 -0.00271026 0.00626106 -0.00425456 0.0148284 0.0186068 0.0252572 -0.00541274 0.000333291 -0.00158054 0.00133335
internal_weight=27932.8 164.151 27768.6 27643.2 27538.8 899.057 623.433 383.772 372.21 367.86 26639.8 2804.21 23835.6 4635 2602.72 1649.46 593.431 2032.29 19200.6 16305 2895.57 424.79 2470.78 260.927 238.994 184.28 2289.33 16181.8 5553.46 10628.4
internal_count=289527 38262 251265 231228 228327 21170 19872 11782 11514 11368 207157 33841 173316 38102 13792 8578 3307 24310 135214 113451 21763 3390 18373 1880 1773 1249 17571 112728 60205 52523
is_linear=0
shrinkage=0.03


Tree=154
num_leaves=31
num_cat=0
split_feature=27 4 11 0 11 4 30 30 29 29 28 19 28 28 20 4 28 25 28 13 29 28 8 20 3 23 30 27 23 29
split_gain=73.0346 96.6648 30.1944 27.3384 32.1827 46.5712 51.3314 94.5328 36.8923 71.4063 33.9046 38.5186 33.8135 28.4472 49.2993 30.5666 39.0702 49.7611 30.0267 25.1331 24.3437 23.1362 36.1966 28.7803 35.9752 33.2708 22.6541 29.7637 39.1833 32.3123
threshold=1.0000000180025095e-35 1.0000000180025095e-35 0.0014291776460595431 8.5000000000000018 0.55715915560722362 1.0000000180025095e-35 1.0000000180025095e-35 2.5000000000000004 0.90803977847099315 0.86439019441604625 0.42179998755455023 -0.66757071018218983 0.99552232027053844 0.82414472103118908 -1.1863918900489805 -2.0634585618972774 0.99466374516487133 0.092851817607879653 0.92922380566596996 -0.35370366275310511 0.2332836911082268 0.90162119269371044 0.57506856322288524 0.69365397095680248 -0.29805918037891382 0.11436437815427782 2.5000000000000004 0.6338709592819215 -0.23776624351739881 -0.9711191952228545
decision_type=2 2 2 2 2 2 2 2 2 2 2 10 2 2 10 2 2 2 2 8 2 2 2 10 2 10 2 2 10 2
left_child=1 -1 -2 4 5 6 -4 8 9 12 11 -11 13 -8 18 16 21 -18 -15 -20 -5 23 -23 24 25 -16 27 -6 -29 -30
right_child=2 -3 3 20 26 -7 7 -9 -10 10 -12 -13 -14 14 15 -17 17 -19 19 -21 -22 22 -24 -25 -26 -27 -28 28 29 -31
leaf_value=-0.030076304486757459 -0.014649381614699678 0.033336711240191247 -0.013476264246331471 0.0010198488386600742 6.7575423592767893e-05 0.015208101067358955 -0.00016046575672706845 -0.016953198133802486 -0.016529619018510269 -0.0074119966703694636 0.01575694885984508 0.11653091429015421 -0.021083336076949271 0.075181077086700465 0.013381021583824411 0.021180120636404356 -0.011045630660854887 0.18999960765383175 0.083465191178371451 -0.0034523443206967352 0.0059109984378210188 -0.017885913102992018 0.03797891988949044 -0.0095408289805170993 -0.015603751542465093 0.092400894366334391 0.0015704156082027693 -0.0073613924502263072 0.0063238520696491775 -0.0027681201689282583
leaf_weight=135.93894606665708 123.67864953307435 24.83573292940855 509.23885585321113 5186.1291256365366 10851.260184901999 101.41473992168903 338.94533307361417 273.49756680824794 73.281334660714492 2.7488508585374793 10.69980172254145 9.2214650346431899 44.481178598245606 15.977411216590555 9.4570011883042806 98.059311416000128 2.049716647714376 1.1746956496499477 2.8690170049667358 12.922109786188228 1111.3934022537433 86.71985119394958 10.900749292224644 26.059853714425117 8.7264406280592066 9.6308837984688562 5674.7331011043862 1252.0733618289232 466.55880942940712 1419.9834087528288
leaf_count=37859 19999 292 18498 31755 68336 454 9064 12042 4884 77 605 259 2296 329 270 932 102 46 91 416 14606 5070 203 948 466 327 39753 8043 2959 8347
internal_value=-3.63656e-05 -0.020135 8.08691e-05 0.000147381 -0.000365778 -0.00439133 -0.00568547 -0.00185191 0.00356969 0.00572316 0.0569361 0.0896917 0.00390256 0.00571601 0.012692 0.00816818 -0.000161705 0.0898362 0.0473394 0.0163696 0.00188385 -0.00265377 -0.011326 0.0129804 0.0336798 0.0558659 -2.81933e-05 -0.000676705 -0.00324914 -0.000517435
internal_weight=27894.7 160.775 27733.9 27610.2 21312.7 1648.08 1546.66 1037.42 763.925 690.644 22.6701 11.9703 667.974 623.492 284.547 252.779 154.719 3.22441 31.7685 15.7911 6297.52 151.495 97.6206 53.8742 27.8143 19.0879 19664.6 13989.9 3138.62 1886.54
internal_count=289328 38151 251177 231178 184817 57379 56925 38427 26385 21501 941 336 20560 18264 9200 8364 7432 148 836 507 46361 7284 5273 2011 1063 597 127438 87685 19349 11306
is_linear=0
shrinkage=0.03


Tree=155
num_leaves=31
num_cat=0
split_feature=27 4 11 0 8 29 3 30 22 29 27 8 11 15 2 21 30 29 28 19 28 2 29 20 29 28 11 18 29 29
split_gain=72.3027 92.3182 31.8653 22.248 32.9342 31.5186 33.9157 49.1282 67.4935 71.3614 34.059 31.8817 27.5242 23.606 27.3871 25.2654 25.636 32.997 45.043 30.3352 21.103 39.4619 24.8484 26.5834 20.3173 19.2523 22.9753 21.7778 21.8426 21.5464
threshold=1.0000000180025095e-35 1.0000000180025095e-35 0.0014291776460595431 7.5000000000000009 0.0041925029363483199 0.44312302768230444 -0.34750548005104059 2.5000000000000004 0.93958145380020153 0.68274390697479259 0.057189542800188072 0.0041925029363483199 0.068596407771110549 -0.67889520525932301 1.2417131066322329 0.58233550190925609 1.5000000000000002 -0.46039597690105433 -0.5276680290699004 -0.16188632696866986 -0.41398024559020991 2.3908109664916997 -0.99052476882934559 -0.89379513263702381 0.41202506422996527 0.55656746029853832 5.5423688888549814 2.8841705322265629 -0.92272481322288502 -0.86112883687019337
decision_type=2 2 2 2 2 2 2 2 10 2 2 2 2 10 2 10 2 2 2 10 2 2 2 10 2 2 2 10 2 2
left_child=1 -1 -2 4 -4 13 7 8 10 -10 11 12 -7 14 -5 16 17 18 -16 -18 21 -20 23 -22 -15 26 -21 -28 -29 -30
right_child=2 -3 3 5 -6 6 -8 -9 9 -11 -12 -13 -14 24 15 -17 19 -19 20 25 22 -23 -24 -25 -26 -27 27 28 29 -31
leaf_value=-0.030064750012987754 -0.015077319448919747 0.03322755363627021 -0.012275225861789136 -0.001141621148434756 -0.00021658540130166105 0.0079260559641506079 0.0027683732105725795 -0.0056920793815015882 0.10602580053623917 0.021304647655883979 0.011552369786257606 0.014150636054335357 0.17571478905805279 7.2827990701601318e-06 -0.011319820719644496 0.00026055589912261115 -0.0019146148125803273 0.027039807605222246 0.0028068447904987478 0.041768501324951711 0.049014150990151682 0.060551334493907157 0.0027182263675107079 0.0079020659879496438 -0.021811918011456433 -0.0075501004239638923 -0.005904411413391094 -0.0010630597175616734 0.050116913548546561 0.016509345259067248
leaf_weight=131.8005391145125 121.53745983052067 23.722955759614706 205.16434005112387 736.27349966042675 18100.410815938376 1.350707135163246 752.08308920334093 81.775895581115037 15.1175873382017 21.58711891528219 197.45653227949515 4.9462815127335489 2.190897430293262 6072.1232342808507 74.188693255186081 460.59008899331093 295.53416120260954 127.63866710662842 19.557504892349243 26.887369826436043 25.535130426287651 22.659197799861431 113.85297056287527 31.339701294898987 37.653295169584453 34.851224578917027 43.599648930132389 34.844382159411907 24.809883579611778 56.544615522027016
leaf_count=37887 19995 288 26139 6690 135914 118 10866 1765 175 399 2587 179 88 39218 352 2206 1493 545 84 118 125 117 545 143 528 159 284 197 121 287
internal_value=7.25497e-05 -0.0202598 0.00018726 0.000254971 -0.000352399 0.00144847 0.00627359 0.0143659 0.0211213 0.0580853 0.0142845 0.0699274 0.127558 0.000817293 0.00353708 0.00601007 0.00884861 0.014397 0.00870264 0.0043787 0.0156987 0.0344843 0.0108797 0.0268882 -0.000130732 0.012745 0.0165538 0.0120778 0.0188178 0.0272424
internal_weight=27897.6 155.523 27742.1 27620.6 18305.6 9314.99 1076.51 324.425 242.649 36.7047 205.944 8.48789 3.5416 8238.48 2128.71 1392.43 931.843 414.772 287.133 517.071 212.945 42.2167 170.728 56.8748 6109.78 221.537 186.686 159.799 116.199 81.3545
internal_count=289612 38175 251437 231442 162053 69389 16177 5311 3546 574 2972 385 206 53212 13466 6776 4570 1911 1366 2659 1014 201 813 268 39746 1166 1007 889 605 408
is_linear=0
shrinkage=0.03


Tree=156
num_leaves=31
num_cat=0
split_feature=27 4 8 0 0 29 3 28 29 28 28 28 15 23 15 29 15 15 3 28 28 30 27 12 14 28 20 29 8 1
split_gain=69.4913 77.4821 24.2112 33.7915 22.2121 24.3136 21.7558 17.8591 48.7868 23.7145 27.3951 21.3526 24.9305 20.4947 23.6942 23.5701 17.39 23.2816 21.8687 32.4595 34.7502 20.0106 18.0278 16.4462 19.3723 24.9844 36.79 16.4173 33.0762 16.4144
threshold=0.010278305038809778 1.0000000180025095e-35 0.00038241068250499671 5.5000000000000009 8.5000000000000018 0.2332836911082268 1.5261604189872744 -0.97876849770545948 -0.10837475582957266 -0.8940606117248534 -0.2603763341903686 -0.48314717411994929 -0.19222618639469144 -1.0003885626792905 -1.1261058449745176 0.68274390697479259 -0.67889520525932301 -0.99940919876098622 -0.88504278659820546 -0.95244166254997242 -0.88622298836708058 2.5000000000000004 0.1474910452961922 -0.017749120481312271 -1.1780871748924253 0.49812944233417517 0.27279753983020788 0.96849882602691661 1.050246059894562 6.176544427871705
decision_type=2 2 2 2 2 2 2 2 2 2 2 2 10 10 8 2 10 10 2 2 2 2 2 2 8 2 10 2 2 2
left_child=1 -1 3 -2 27 6 16 8 -5 -9 11 13 -13 15 -15 -11 17 -6 19 21 -21 -18 -19 24 25 -12 -27 29 -29 -4
right_child=2 -3 4 7 5 -7 -8 9 -10 10 23 12 -14 14 -16 -17 18 22 -20 20 -22 -23 -24 -25 -26 26 -28 28 -30 -31
leaf_value=-0.02711277424415888 -0.022747589987865295 0.026707682245275356 0.00032371995790881432 0.11144673905673044 0.00021564913538883122 0.005783809200437617 0.012855461200883775 -0.029880893600840619 -0.0042008693681237254 0.1070164040953364 -0.01857135859485088 -0.012833859928967418 0.095848272778563517 0.074779815298307489 -0.0091779940321479129 -0.019294307120037848 0.027855136228464885 -0.0096131133343962654 -0.0016037873347473401 -0.024055516165170637 0.0036813414295407674 -0.0070747417007376075 0.010367798783474946 -0.020764813276649651 -0.0040414888120258894 0.14270292797150932 0.0031274368745240794 -0.020466880149667913 0.0014758563231084792 -0.0014618843558818016
leaf_weight=151.478682925459 98.386954383924603 27.756605006754398 14052.00976132974 3.6018192875199011 740.27303854678757 1074.3303584093228 130.83205354213715 26.340222815517336 11.21892455825582 2.6799132921732953 3.7607368491590005 2.4355393955484033 5.1651984432246527 2.4001983420457691 26.434756481321532 1.6664583967067299 72.472070079296827 43.839226523647085 3070.1820567029063 42.665025359019637 589.04543883167207 18.029521886259317 454.98849824257195 45.961208297871053 71.62210405478254 2.4546177196316421 3.4361169692128897 107.50908757024445 143.4228203673847 6911.5166559517384
leaf_count=40691 21960 318 111934 84 4135 11109 580 1764 730 144 356 405 597 164 2203 163 456 566 18053 252 3298 98 2316 8089 6335 155 258 5214 1104 46149
internal_value=-0.000108299 -0.0186761 1.22605e-05 -0.00834434 0.000106189 0.00167994 0.000824927 -0.00149376 0.0291723 -0.00396956 0.000245351 0.0213409 0.0635797 0.0100884 8.27946e-05 0.0640366 0.000509609 0.00359358 -0.00049871 0.00419479 0.00177297 0.0208952 0.00859607 -0.00663001 0.00151863 0.0392851 0.0735564 -0.000356521 -0.0079692 -0.000265022
internal_weight=27937.9 179.235 27758.7 307.565 27451.1 6236.66 5162.33 209.178 14.8207 194.357 168.017 40.7821 7.60074 33.1813 28.835 4.34637 5031.49 1239.1 3792.39 722.212 631.71 90.5016 498.828 127.235 81.2736 9.65147 5.89073 21214.5 250.932 20963.5
internal_count=289680 41009 248671 43407 205264 40863 29754 21447 814 20633 18869 3676 1002 2674 2367 307 29174 7017 22157 4104 3550 554 2882 15193 7104 769 413 164401 6318 158083
is_linear=0
shrinkage=0.03


Tree=157
num_leaves=31
num_cat=0
split_feature=8 3 0 4 24 4 24 12 13 30 20 18 18 1 17 22 1 4 0 8 18 18 0 24 23 30 17 1 3 17
split_gain=62.7387 25.8518 24.8054 35.0465 37.7179 41.9709 35.0081 26.3072 23.433 26.9031 19.7459 18.8314 18.4118 18.9133 18.767 17.9648 17.7192 21.2616 36.7699 24.4 23.672 23.2684 17.9393 19.8894 17.9341 22.34 17.2685 17.2242 29.5722 17.1107
threshold=1.0000000180025095e-35 -0.35858295857906336 2.5000000000000004 -0.92735558748245228 0.55177491903305065 0.84618616104125988 0.32790055871009832 -2.7749723196029659 -0.80329012870788563 1.0000000180025095e-35 1.6480531692504885 7.7105102539062509 22.314971923828129 2.398643016815186 -2.6757825613021846 -0.28911821544170374 13.696192264556887 1.0000000180025095e-35 1.5000000000000002 4.4673433303833017 13.011672973632814 6.8950653076171884 1.5000000000000002 0.2023291811347008 0.050514711067080505 2.5000000000000004 -1.0860490202903745 47.646572113037116 1.0495780110359194 0.49303701519966131
decision_type=2 2 2 2 10 2 8 2 10 2 10 8 8 2 10 10 2 2 2 2 10 8 2 10 8 2 10 2 2 8
left_child=1 -1 3 6 16 -6 8 -8 9 -2 -10 -9 14 -14 -4 26 17 20 19 24 22 -20 23 -5 25 -19 -7 -16 -29 -13
right_child=2 -3 12 4 5 15 7 11 10 -11 -12 29 13 -15 27 -17 -18 18 21 -21 -22 -23 -24 -25 -26 -27 -28 28 -30 -31
leaf_value=-0.0055682843180161366 0.023185279880752963 -0.022033209698297598 0.0097059407587726052 -0.023470291323584906 0.0048242735136194903 0.0086224829774200068 0.0061759026752279938 -0.011023412085532053 -0.014411615625766301 -0.0078386160374799251 0.0065427127416107051 -0.0067846031255404688 -0.018072772267156503 0.016645474660723719 0.00037515163828715208 -0.0033182074334377255 -0.0075289504364280451 0.0032307260693492201 0.004205448558879844 -0.0027825062257829467 0.030099283260854474 -0.010584931950128575 0.0029693479415688314 -0.0024101714048952736 0.021941377972817869 0.02232060287784559 -0.012302473020283708 -0.011890325773171131 0.020943073298978373 0.014060282122442896
leaf_weight=199.32111016893759 35.540410526096821 150.98631646623835 197.29923574044369 67.488909225910902 442.05358606949449 38.002384442836046 271.98521979455836 243.87807155260816 559.22649218002334 79.785099939443171 43.06545844511129 76.891395835904405 83.520724439062178 16.135479755699635 22384.01205608598 897.91629383713007 126.03872407227755 167.6187602058053 412.45354967564344 83.982518672943115 18.215650729835033 123.57885728031397 161.03504239022732 98.899885088205338 184.24542772769928 81.554860576987267 427.73375506699085 33.648495733737946 86.434838332235813 64.088206322165206
leaf_count=18590 672 51364 1324 335 2014 272 1887 4386 11044 1927 493 1280 2011 73 171984 6316 1495 833 2216 495 87 560 775 486 891 429 3170 136 445 1365
internal_value=-0.00010971 -0.0127074 5.11835e-05 -0.00193176 -0.000268064 -0.00320117 -0.00596038 -0.000952758 -0.0105362 0.00183929 -0.012905 -0.00599365 0.000460456 -0.012342 0.000517198 -0.00580439 0.0032045 0.00417613 0.00629305 0.0119898 -0.00227532 0.00078226 -0.00416258 -0.0110415 0.014852 0.00954311 -0.0105803 0.00043621 0.0117206 0.0027236
internal_weight=27856.6 350.307 27506.3 4705.28 3330.82 1805.71 1374.46 656.843 717.617 115.326 602.292 384.858 22801.1 99.6562 22701.4 1363.65 1525.11 1399.07 1053.43 517.402 345.639 536.032 327.424 166.389 433.419 249.174 465.736 22504.1 120.083 140.98
internal_count=289355 69954 219401 43428 20374 11772 23054 8918 14136 2599 11537 7031 175973 2084 173889 9758 8602 7107 5424 2648 1683 2776 1596 821 2153 1262 3442 172565 581 2645
is_linear=0
shrinkage=0.03


Tree=158
num_leaves=31
num_cat=0
split_feature=27 1 18 6 0 6 1 17 5 3 5 27 28 1 27 23 21 28 24 27 30 29 1 28 1 12 17 3 27 18
split_gain=65.3478 73.8014 26.1033 23.0166 25.7588 21.2334 20.8272 34.3686 32.5713 31.0877 28.6905 28.6772 24.6354 24.0515 23.8475 23.8214 23.2557 20.7059 45.9919 33.7822 23.3306 19.9801 42.1157 21.343 19.3554 18.8049 18.6065 24.3587 23.1173 22.61
threshold=0.010278305038809778 2.4607234001159672 23.180038452148441 1.0000000180025095e-35 5.5000000000000009 29.643007278442386 16.390750885009769 -0.88947430253028859 3.2737414836883549 0.41216680407524114 10.079683780670168 0.96774193644523632 -0.082689788192510591 32.497514724731452 0.79032260179519664 0.02194810472428799 0.20090925693511966 -0.97876849770545948 0.022500276565551761 0.061669828370213516 1.0000000180025095e-35 0.95691862702369701 2.4607234001159672 0.039769539609551437 3.0914096832275395 -0.66409820318222035 1.5237469673156741 -0.45916961133480066 0.47222222387790685 12.287414550781252
decision_type=2 2 10 8 2 10 2 8 10 2 8 2 2 2 2 10 10 2 10 2 2 2 2 2 2 2 10 2 2 10
left_child=1 -1 3 4 25 6 8 -8 11 14 13 21 24 -11 -9 16 -10 18 19 -6 -19 26 -23 -24 -13 -2 -5 28 -28 -29
right_child=2 -3 -4 5 17 -7 7 9 15 10 -12 12 -14 -15 -16 -17 -18 20 -20 -21 -22 22 23 -25 -26 -27 27 29 -30 -31
leaf_value=-0.026930079215234069 0.00033330402476119004 0.024848490978335309 -0.018664530590716585 0.00050280726183733824 -0.016285892837108094 0.011689634009445256 0.0058948091645513777 0.021236630141749376 -0.0014319916889659289 -0.011743635387488105 -0.0014695327821979481 0.017451809208547442 0.028528762829918536 0.00075893342395908739 0.00053938893259484707 0.0073175908279133851 0.0080824627354422109 -0.022862550284461519 -0.024445622817642686 0.15748350962883217 0.0060378974073954025 -0.013454964005238006 0.021126846503540783 -0.0028533119566869036 -0.024741785222147622 -0.0245256747047321 -0.019329314456980731 -0.0010494901486111496 -0.0031323153039497214 0.042713116636749655
leaf_weight=145.39386353595182 37.806449641240761 29.000101067125797 65.262338457629085 21245.419694966637 1.1721020983532064 144.82860899344087 373.83996765688062 58.937836583703756 879.54370359331369 727.13887026906013 768.35228246450424 10.321193918585776 9.5276838727295381 170.85668893903494 305.67478664964437 1016.5985346883535 312.55879591032863 34.056481097824872 3.8878789725713432 2.4875736744143069 87.939102612435818 262.38395860139281 55.828486897051334 80.54313487559557 85.310175340622663 98.121684690471739 145.320813159924 573.05789939360693 174.18506882339716 9.8256104215979558
leaf_count=40784 3394 328 2277 153102 234 742 2507 479 4906 6559 4488 45 95 839 3123 5427 1704 5303 308 104 12905 8730 262 361 939 22779 1478 4231 855 176
internal_value=2.69248e-05 -0.0182272 0.000142333 0.000187355 -0.00858702 0.000272646 0.000211575 -0.00245376 0.000469486 -0.00399263 -0.00572835 0.00013033 -0.0154254 -0.00936664 0.00393393 0.00394613 0.0010673 0.000995059 0.0461387 0.110278 -0.00215028 0.000203564 -0.00644364 0.00704613 -0.0200545 -0.0176596 0.000323528 -0.00389321 -0.0105365 -0.000239898
internal_weight=27915.2 174.394 27740.8 27675.5 265.471 27410.1 27265.2 2404.8 24860.4 2030.96 1666.35 22651.7 105.159 897.996 364.613 2208.7 1192.1 129.543 7.54755 3.65968 121.996 22546.6 398.756 136.372 95.6314 135.928 22147.8 902.389 319.506 582.884
internal_count=289464 41112 248352 246075 45027 201048 200306 17995 182311 15488 11886 170274 1079 7398 3602 12037 6610 18854 646 338 18208 169195 9353 623 984 26173 159842 6740 2333 4407
is_linear=0
shrinkage=0.03


Tree=159
num_leaves=31
num_cat=0
split_feature=27 4 11 29 8 25 1 29 20 28 29 28 11 27 29 27 20 12 29 28 1 28 27 8 18 29 27 4 27 29
split_gain=66.874 80.4731 29.4832 23.4853 23.8432 23.8309 71.0802 44.1603 31.1914 30.0745 29.9356 27.8419 71.9795 58.1478 49.4538 29.7138 27.6664 36.8085 41.6984 43.2993 31.0642 24.871 24.6602 24.5666 34.7539 67.7774 48.1242 46.5254 57.1062 38.4017
threshold=1.0000000180025095e-35 1.0000000180025095e-35 0.0020743425702676181 0.99138912558555614 1.1210806369781496 0.051764089614152915 2.5251827239990239 0.94636487960815441 -1.5092843174934385 0.79904097318649303 -0.39827153086662287 0.71503382921218883 0.12225057929754259 0.11469534039497377 0.64414587616920482 0.057189542800188072 0.37900583446025854 -7.6967110633850089 -0.33426210284233088 0.92273071408271801 0.18638571351766589 0.99983760714530956 0.76523298025131237 0.50375238060951244 9.3885650634765643 -0.98212954401969899 0.60555556416511547 -0.32967031002044672 0.67759856581687938 0.44312302768230444
decision_type=2 2 2 2 2 2 2 2 10 2 2 2 2 2 2 2 10 2 2 2 2 2 2 2 10 2 2 2 2 2
left_child=1 -1 -2 5 -5 6 7 8 -4 11 -8 23 13 -13 -15 -14 17 18 19 -11 -18 -10 -19 24 27 -26 -27 28 29 -7
right_child=2 -3 3 4 -6 9 10 -9 21 16 -12 12 15 14 -16 -17 20 22 -20 -21 -22 -23 -24 -25 25 26 -28 -29 -30 -31
leaf_value=-0.03002597318179602 -0.014012454861900114 0.032296617254805204 -0.0037195689804217463 -0.022693048283843619 0.00029003436513607366 -0.0086640543594369412 0.02512413743530531 -0.021977724973848242 0.01644647032924489 -0.010508530039083466 -0.012209042788382888 0.0089173225163307474 -0.01443790163912537 0.14043501820112086 0.010206371731632326 0.0058125319853678439 -0.015568643735543114 -0.00014139873762056173 -0.0038558198466534101 0.077308714933062697 -0.0037203233353149774 -0.031561799120841109 -0.014770318956583981 0.0007400073530141086 0.030180711868448454 -0.0014204490661738377 0.028135127097970544 0.0036202718046589094 0.012988119571415831 0.000968994991154674
leaf_weight=119.90870156255551 131.02747994917445 21.197198800742626 89.482841850025579 80.048099718987942 81.40202232869342 1718.0862807473168 20.319348357617855 34.508624101756141 481.36566749960184 6.7382354885339764 212.83602483570576 12.551533071324231 69.905550031922758 7.7858040193095785 3.9794632494449615 817.97147644893266 241.50899080163799 1916.7108896288555 21.94686972303316 16.884259918704629 1120.5874588675797 9.0198221385944617 108.64216884598136 18355.686973281205 77.18414188362658 668.03155155619606 52.551900926977396 662.64905025437474 142.09484509751201 475.21728200512007
leaf_count=37790 21344 278 1754 5378 595 18770 118 2843 13084 79 985 739 1308 97 87 5028 10114 22210 194 142 7200 226 695 103082 534 12756 278 3223 829 17132
internal_value=2.48582e-05 -0.0205024 0.000130403 0.000198281 -0.0111747 0.000265838 0.00521478 0.0105627 0.0125337 0.000107348 -0.00886208 0.000497318 0.00563086 0.0555165 0.100637 0.0042037 -0.00251193 -0.000327135 0.0260431 0.0528497 -0.00583099 0.015501 -0.000933012 0.000285675 -0.00191099 0.00365065 0.000771033 -0.00339164 -0.0053819 -0.0065774
internal_weight=27777.8 141.106 27636.7 27505.7 161.45 27344.2 847.532 614.377 579.868 26496.7 233.155 23063.7 912.194 24.3168 11.7653 887.877 3433.02 2070.92 45.5694 23.6225 1362.1 490.385 2025.35 22151.5 3795.82 797.768 720.583 2998.05 2335.4 2193.3
internal_count=288892 38068 250824 229480 5973 223507 19010 17907 15064 204497 1103 163863 7259 923 184 6336 40634 23320 415 221 17314 13310 22905 156604 53522 13568 13034 39954 36731 35902
is_linear=0
shrinkage=0.03


Tree=160
num_leaves=31
num_cat=0
split_feature=27 4 8 0 28 0 15 4 11 17 29 25 1 29 11 15 24 30 30 11 28 18 28 27 8 28 24 11 28 29
split_gain=62.1624 81.9312 28.5893 30.9662 20.8647 20.6813 20.9206 27.5348 26.721 22.0135 20.0062 21.2932 60.935 28.5656 26.6621 22.6723 25.7809 22.328 31.7396 20.4547 19.8273 19.5905 19.5631 19.8919 18.8385 18.695 27.1533 18.4954 20.2609 20.6082
threshold=1.0000000180025095e-35 1.0000000180025095e-35 0.00038241068250499671 5.5000000000000009 0.93237596750259411 8.5000000000000018 -0.67889520525932301 -2.4891551733016963 16.325263977050785 -0.1830746531486511 0.9889926314353944 0.051764089614152915 2.6574940681457524 0.94636487960815441 0.17104351520538333 -0.15321297943592069 1.9190385937690737 1.0000000180025095e-35 2.5000000000000004 7.9295349121093759 0.97112539410591137 11.945693969726564 -0.77245554327964772 0.032795699313282974 3.7963259220123295 -0.39826117455959315 0.49333435297012335 0.038133142516016967 0.89404821395874035 0.88522326946258556
decision_type=2 2 2 2 2 2 8 2 2 8 2 2 2 2 2 10 10 2 2 2 2 10 2 2 2 2 10 2 2 2
left_child=1 -1 3 -2 -5 10 8 9 -7 -8 11 12 13 15 17 16 -4 -13 20 -17 22 -14 -19 -24 -20 26 -10 28 29 -25
right_child=2 -3 5 4 -6 6 7 -9 25 -11 -12 14 21 -15 -16 19 -18 18 24 -21 -22 -23 23 27 -26 -27 -28 -29 -30 -31
leaf_value=-0.030001547445484351 -0.023128910194862559 0.032609388885665717 0.023048620352001337 0.0023293692385619449 -0.021302214227717959 0.0037557415600069882 0.02582769398368882 0.00026950288758990508 0.061440808962764389 0.0033314228585162764 -0.011338777971245021 -0.019725474713535592 -0.0042387342054703708 -0.019462700042272987 -0.00020958289365411952 0.005050756427937452 -0.01105166302201115 -0.016545496512718933 -0.025462867120245893 0.047117715190302639 -0.019092268787036907 -0.026719273630516144 -0.013850475088949489 0.051402564629228216 0.0663192221512722 0.0081139861898291595 0.01102749122445394 0.0061290370654310013 -0.0055889716644855073 -0.0069769423222374753
leaf_weight=116.1849851636216 95.330645762616768 21.551253773272038 182.11372615629807 164.08152210572734 41.244299468351528 1473.2687359997071 67.28099434170872 4499.0185641762801 18.457288309931755 92.570036414312199 144.54016960924491 107.29765233723447 160.25891210883856 27.210553978802636 19927.817809023429 304.49615049990825 21.799121285323054 29.175359752029181 59.398201667470858 9.7951951064169389 33.72759693604894 43.789538703858852 25.690624381415546 28.323769554961473 1.1463994504883874 48.580897524952888 20.072174072265625 83.557698719901964 10.857856496470047 6.4106096024624994
leaf_count=37888 22670 283 3629 17452 4807 9648 1860 26592 90 2437 3752 4951 778 1427 131599 6010 374 1180 3490 75 1970 194 1845 819 20 275 103 2263 661 392
internal_value=-9.36208e-06 -0.0200405 9.08625e-05 -0.0090944 -0.0024978 0.000191881 0.00171298 0.000705606 0.00471834 0.0129018 -0.000254253 -0.000177653 0.00478485 0.0100128 -0.000360971 0.011595 0.019367 -0.00816419 -0.00365192 0.0065071 0.00171719 -0.00916992 0.00561386 0.00986855 -0.0226757 0.020771 0.036121 0.0146569 0.0298191 0.0407343
internal_weight=27865 137.736 27727.3 300.656 205.326 27426.7 6219.25 4658.87 1560.38 159.851 21207.4 21062.9 749.463 545.415 20313.4 518.204 203.913 385.586 278.288 314.291 217.744 204.048 184.016 154.841 60.5446 87.1104 38.5295 129.15 45.5922 34.7344
internal_count=289534 38171 251363 44929 22259 206434 41005 30889 10116 4297 165429 161677 12487 11515 149190 10088 4003 17591 12640 6085 9130 972 7160 5980 3510 468 193 4135 1872 1211
is_linear=0
shrinkage=0.03


Tree=161
num_leaves=31
num_cat=0
split_feature=27 4 11 6 18 4 29 25 28 28 27 2 3 29 29 30 29 30 17 12 18 4 27 27 11 27 19 27 28 28
split_gain=58.9458 82.0544 24.5692 24.1886 19.4653 22.0851 19.5268 24.7746 39.7745 35.4295 114.355 55.2129 30.051 37.5442 50.7886 40.7164 37.0443 51.4193 37.9081 30.9872 33.6196 28.887 28.8156 28.0406 27.5577 31.8146 28.1987 27.1979 46.2833 35.97
threshold=1.0000000180025095e-35 1.0000000180025095e-35 0.0014291776460595431 29.643007278442386 22.314971923828129 -0.37177681922912592 0.9889926314353944 0.080848284065723433 0.79904097318649303 0.75014290213584911 0.68297490477561962 1.3723313808441164 0.71112760901451122 0.94636487960815441 0.98486763238906871 2.5000000000000004 0.93158200383186351 1.5000000000000002 0.19087573885917666 -0.61652541160583485 3.3781738281250004 9.678965091705324 0.81953403353691112 0.026470588520169262 0.2562656849622727 0.11469534039497377 -0.2662836462259292 0.051391525194048888 -0.99275806546211232 0.9937499761581422
decision_type=2 2 2 10 10 2 2 2 2 2 2 2 2 2 2 2 2 2 8 2 10 2 2 2 2 2 10 2 2 2
left_child=1 -1 -2 4 6 -6 7 12 9 -9 24 -12 13 16 -15 -16 27 -18 23 -17 -21 -10 -13 -19 25 -11 -26 28 -4 -29
right_child=2 -3 3 -5 5 -7 -8 8 21 10 11 22 -14 14 15 19 17 18 -20 20 -22 -23 -24 -25 26 -27 -28 29 -30 -31
leaf_value=-0.029992812751271025 -0.013689355213684629 0.032496233395097732 0.0585027680636689 0.01239771437101714 -0.01789213694050807 0.024311818929027201 -0.0094162970033816705 0.00019720392287870346 -0.0024119208843257529 -0.011978151311817878 -0.025192798222484079 0.05327269985768178 -0.0019938363473467106 -0.02466440214226447 -0.020939072103998996 -0.018851033752642243 -0.011866312296180018 -0.01848884925528679 -0.0022926629271014906 -0.0048217523921358215 0.16689865963685865 -0.012996204688579486 0.012168094572806105 0.10880206568373368 -0.013902190462170626 0.068715511784804451 0.0041631977564755649 0.011075964304874999 -0.0011928249601720164 -0.012129291340021647
leaf_weight=112.96476483438164 114.77654136205092 21.816903591156006 10.996993822278453 143.59082884714007 91.14612722559832 11.81611844152212 189.92451314232312 21625.019996089162 2687.4747580478434 6.807284920942041 10.981844738125799 69.974207125604153 649.65264194458723 64.952744501642883 4.6271243877708894 1.4979478463064877 10.590443895896898 1.4721676514018298 4.8579465365037366 1.2982057344634084 3.0733197454828769 253.11470443382859 20.485975325107574 11.741927449824287 102.47694448428228 10.21350236982107 311.94596059736796 798.1704606206622 454.56745004141703 64.198393613798544
leaf_count=37844 19859 298 488 736 2873 54 7113 142473 28691 266 45 323 3290 4430 434 77 511 121 148 61 139 1798 110 326 672 157 1883 12755 19820 1702
internal_value=5.18841e-06 -0.019713 0.000101731 0.000159541 9.51281e-05 -0.0128615 0.000144337 0.000211487 -4.94145e-05 0.000385698 0.00802025 0.0365141 0.00335562 0.00578212 -0.0146875 0.0438247 0.00693056 0.040107 0.0695893 0.0904962 0.124499 -0.00332708 0.0441988 0.0943177 0.00125178 0.0375691 -0.000326656 0.00618482 0.0003396 0.00933642
internal_weight=27866.2 134.782 27731.4 27616.7 27473.1 102.962 27370.1 27180.2 25098.5 22157.9 532.886 101.442 2081.7 1432.05 75.4493 10.4966 1356.6 28.6625 18.072 5.86947 4.37153 2940.59 90.4602 13.2141 431.444 17.0208 414.423 1327.93 465.564 862.369
internal_count=289497 38142 251355 231496 230760 2927 227833 220720 176418 145929 3456 478 44302 41012 5141 711 35871 1106 595 277 200 30489 433 447 2978 423 2555 34765 20308 14457
is_linear=0
shrinkage=0.03


Tree=162
num_leaves=31
num_cat=0
split_feature=27 3 11 0 8 25 3 28 28 28 8 28 11 5 25 3 27 3 21 5 18 28 19 3 23 11 18 28 15 3
split_gain=60.1881 68.3082 28.4773 24.868 30.1595 21.9684 37.9991 30.2107 45.7707 47.7991 42.8814 31.5943 17.9656 16.0045 24.4842 39.548 29.1509 36.0198 22.2674 18.4541 17.1383 25.529 36.6164 54.75 16.8089 19.8205 15.9756 23.9857 16.8047 15.9565
threshold=1.0000000180025095e-35 1.2372741103172304 0.0014291776460595431 7.5000000000000009 0.0041925029363483199 0.095187697559595122 -0.35100591182708735 0.9837264120578767 0.70290291309356701 0.86975130438804638 0.0024232192663475875 0.9159645438194276 3.1809537410736088 1.2675762176513674 0.051764089614152915 1.2932864427566531 0.051391525194048888 0.90542006492614757 0.82715368270874035 0.033789316192269332 10.889373779296877 0.19337368011474612 1.2809916138648989 -0.13649787753820417 0.12471721321344377 4.0521357059478769 3.2735443115234379 0.07411635667085649 0.92606109380722057 -1.7676939964294431
decision_type=2 2 2 2 2 2 2 2 2 2 2 2 2 8 2 2 2 2 8 10 8 2 10 2 10 2 8 2 10 2
left_child=1 -1 -2 4 12 6 7 8 -5 10 -10 -11 -4 14 15 19 17 -16 24 -6 -18 22 23 -22 25 -15 -20 28 -28 -23
right_child=2 -3 3 5 13 -7 -8 -9 9 11 -12 -13 -14 18 16 -17 20 -19 26 -21 21 29 -24 -25 -26 -27 27 -29 -30 -31
leaf_value=-0.029287683808671135 -0.014820983030006786 0.031772031023505794 -0.016163688906769245 0.00095762926242322149 0.012272311185274207 0.0010250121484465748 0.0035787275140889995 -0.009242276801823511 0.19755243506824163 -0.0083130184377734513 0.053491670768140043 0.048270243525959558 0.0081998178521157528 0.0032690570364172092 -0.014425696238170371 -0.020237526180840994 -0.001272672223857313 0.01014230138105267 -0.00038567432947992638 0.0011441952689614468 0.042928134549462843 0.025820652472432003 -0.0069510449872151117 -0.0086787467723637105 0.0028831890067712745 -0.0028447837441636578 0.014913366461786263 0.00076414466486816825 -0.0087732751644160386 0.00039879682224884392
leaf_weight=110.55860059719998 113.66604571021162 18.501538213342428 163.83238522079773 28.913595134392381 306.28429917013273 8691.1199614536017 538.99017128767446 19.969859655480832 2.4092438281513733 11.764016438741235 6.7146501443348825 32.203031845856458 31.989024948095903 639.31582735106349 279.96609546151012 49.937404111027718 11325.294898743508 65.641748368740082 288.19398201629519 238.39644804084674 57.431205387692899 21.744503483176231 43.846958976937458 26.643391767516732 1327.7240636460483 1873.4311327375472 335.2020943602547 236.7868770272471 28.663400799036026 967.52367576980032
leaf_count=37814 20044 273 24971 797 6865 56003 10772 615 115 270 158 727 1104 3057 8387 248 78334 315 1941 2792 451 152 372 128 7754 12053 1742 1204 162 9939
internal_value=3.11423e-06 -0.0203574 9.85251e-05 0.000160414 -0.000482042 0.00142071 0.00677623 0.0234779 0.0314613 0.0477489 0.107288 0.0332824 -0.0121623 -0.000355095 -0.000885219 0.00506055 -0.00116206 -0.00974367 0.00114488 0.00741277 -0.000922928 0.0026205 0.0151774 0.026664 0.000154066 -0.00128856 0.00542097 0.00820302 0.0130285 0.000983089
internal_weight=27882.7 129.06 27753.6 27639.9 18307.8 9332.08 640.965 101.974 82.0045 53.0909 9.12389 43.967 195.821 18112 13382.7 594.618 12788.1 345.608 4729.32 544.681 12442.5 1117.19 127.922 84.0746 3840.47 2512.75 888.846 600.652 363.865 989.268
internal_count=289559 38087 251472 231428 161971 69457 13454 2682 2067 1270 273 997 26075 135896 107983 9905 98078 8702 27913 9657 89376 11042 951 579 22864 15110 5049 3108 1904 10091
is_linear=0
shrinkage=0.03


Tree=163
num_leaves=31
num_cat=0
split_feature=11 29 28 17 29 17 29 29 11 1 27 28 27 12 27 18 3 1 19 1 29 16 29 23 27 29 18 25 4 1
split_gain=60.9261 32.4316 43.9752 25.5552 22.5846 22.3003 20.2472 62.9483 30.7344 29.208 52.8717 58.5471 40.4991 36.6914 24.8294 44.7117 35.6441 30.0919 27.5026 24.1427 23.7903 29.1431 23.0571 25.5431 21.7029 21.4918 42.8689 26.1007 23.7942 21.413
threshold=0.027831356041133407 -0.52034142613410939 0.71503382921218883 -0.17398396134376523 0.9889926314353944 0.019827900454401973 -0.92272481322288502 -0.81427544355392445 15.888714313507082 3.3203133344650273 0.46451613306999212 0.2603727281093598 0.24050179123878482 12.51738214492798 0.67759856581687938 7.8794403076171884 -1.3971115350723264 2.398643016815186 1.2809916138648989 2.9435752630233769 -0.91595870256423939 -0.12263746932148932 -0.95242238044738758 0.69896212220191967 0.81953403353691112 -0.9852197766304015 9.6748352050781268 0.15769343078136447 -0.19390797615051267 2.4607234001159672
decision_type=2 2 2 10 2 8 2 2 2 2 2 2 2 2 2 10 2 2 10 2 2 10 2 10 2 2 10 2 2 2
left_child=1 2 -1 -4 5 6 9 8 -8 12 11 -11 29 22 15 16 -14 -16 25 -10 -21 -22 23 -12 -9 26 -17 -27 -28 -2
right_child=4 -3 3 -5 -6 -7 7 24 19 10 13 -13 14 -15 17 18 -18 -19 -20 20 21 -23 -24 -25 -26 27 28 -29 -30 -31
leaf_value=-0.01845318656739036 -0.019240244962792984 -0.014841551944492356 0.010348956218372313 0.087717444631740554 -0.010514700372523582 -0.00063923783523569036 0.0062655220139281728 0.001119893142255086 -0.021610856422890394 0.0012537953329937895 -0.0099945603770504581 0.036692097755054921 -0.023832203266351135 0.0052950387335404213 0.021525032460729513 0.0035950713280070157 -0.0014223848588829312 -0.0063314226394443288 -0.0016635895560316875 -0.01496330306811298 0.0095351601164800365 0.042040668233767738 -0.016759314148867489 0.0019521425842761965 -0.0057935524516457984 0.039824511640532967 0.049620261778646146 0.0048934866964518335 0.0024856130028321805 0.015024663278617963
leaf_weight=15.129759335773999 107.38229555729777 339.38767927850131 7.5664420707616955 7.4991188680287433 179.52856661216356 15106.416720381938 1230.2184324651025 7545.1385966421803 9.9248414486646634 235.55773252993822 530.60033301264048 50.070051960647106 76.285778978839517 190.76095186173916 129.11853928864002 55.981787346303463 369.08768727257848 47.169563353061676 212.26033625472337 11.22958419471979 40.613280355930328 65.92812692373991 257.89221085980535 230.67764026299119 431.08048342913389 19.720648724585772 47.075687736272812 279.56653418485075 12.192600190639494 18.577894493937492
leaf_count=961 732 57157 391 329 6567 121694 7393 75156 47 1011 3357 210 472 1152 612 325 1744 199 1176 72 234 359 1645 1359 2996 137 242 1558 50 79
internal_value=-0.000101524 -0.0121845 0.017199 0.0519232 6.13594e-05 0.000131265 0.00108498 0.0017625 0.0077309 -0.00111842 -0.00401846 0.00757241 0.00203786 -0.0067587 0.00367684 0.00195517 -0.00530564 0.0140778 0.00711461 0.0216899 0.0254902 0.0298535 -0.00901781 -0.00637673 0.000745572 0.0116026 0.0225649 0.00732012 0.0401259 -0.014108
internal_weight=27859.6 369.583 30.1953 15.0656 27490.1 27310.5 12204.1 9334.13 1357.91 2869.98 1495.56 285.628 1374.42 1209.93 1248.46 1072.17 445.373 176.288 626.798 127.696 117.771 106.541 1019.17 761.278 7976.22 414.537 115.25 299.287 59.2683 125.96
internal_count=289416 58838 1681 720 230578 224011 102317 86257 8105 16060 8734 1221 7326 7513 6515 5704 2216 811 3488 712 665 593 6361 4716 78152 2312 617 1695 292 811
is_linear=0
shrinkage=0.03


Tree=164
num_leaves=31
num_cat=0
split_feature=27 4 28 4 29 1 2 1 27 5 3 5 1 19 1 28 28 3 27 4 28 21 23 12 30 12 27 21 8 28
split_gain=54.5722 77.0101 24.6426 26.1563 22.8499 26.8237 17.3759 40.0579 33.5407 25.4402 25.4236 23.0008 20.1988 20.163 29.4675 20.3521 23.2666 19.6985 54.3633 42.0547 94.3073 59.4589 41.8885 40.8908 39.9946 37.932 36.0127 47.7197 41.1789 46.1003
threshold=1.0000000180025095e-35 1.0000000180025095e-35 0.99053108692169201 -2.4496923685073848 0.99138912558555614 1.7931002974510195 3.4440749883651738 16.390750885009769 0.96774193644523632 7.263301134109498 0.54013377428054821 10.899037361145021 20.890459060668949 -1.7969854474067686 1.9967387914657595 0.91248813271522533 0.9260200858116151 -0.32845684885978693 0.48082436621189123 1.0000000180025095e-35 0.9787549376487733 0.49324817955493933 -1.1696423292160032 -0.011503503657877443 1.0000000180025095e-35 -1.1544561386108396 0.48637992143630987 1.4044426083564761 2.1773326396942143 -0.97876849770545948
decision_type=2 2 2 2 2 2 2 2 2 10 2 8 2 10 2 2 2 2 2 2 2 10 10 2 2 2 2 10 2 2
left_child=1 -1 4 -4 6 -6 7 8 9 13 -9 -12 -13 14 15 -2 -17 26 19 20 25 22 -21 -20 -22 -19 27 28 29 -15
right_child=2 -3 3 -5 5 -7 -8 10 -10 -11 11 12 -14 17 -16 16 -18 18 23 21 24 -23 -24 -25 -26 -27 -28 -29 -30 -31
leaf_value=-0.029954095828836881 -0.016442578395184176 0.03224993499935204 -0.020756635840053616 -0.0031739456074059971 -0.021939639334441728 0.0021709475710906308 0.0048736342412339043 0.0013394516023105779 -0.015589084689294382 0.0077987748944737794 -0.0099811709957125117 0.0060522997685397827 -0.0067167697439654778 0.01008648978116948 0.00088648007245751973 0.042021468843505626 -0.0058849665572878315 0.002449644226538802 -0.0057142197506756792 -0.0065393095320812177 -0.010367856792339987 0.0082271234953365923 0.0023712748683088324 -0.00011857501986160812 0.044289358697439656 -0.0050681059413111964 0.0032544081938074075 -0.0098655745293485374 0.0075262445524675453 -0.0015064671503849816
leaf_weight=105.23396862507798 213.94449413963594 20.687249027192593 84.790244549978524 683.1928202402778 88.525392447132617 77.152686566114426 750.37183259427547 515.31467521190643 114.24134676530957 436.96675036475062 720.56300447508693 190.88256055116653 265.19242640212178 336.42334458511323 349.87429074198008 10.547560910228638 42.647236801451072 918.01779782259837 2179.3111063614488 563.02711405605078 14.942149692680685 1416.2215764001012 3001.4232898876071 2550.0789468362927 54.802655006060377 1762.4445525645278 5580.7012396929786 423.69218430691399 667.97307696007192 3627.7449916179758
leaf_count=37702 3529 299 7059 5138 7888 406 3785 5284 1204 2471 6227 1094 1714 4357 1692 142 878 7672 12019 2561 408 6137 13293 15604 988 45798 27983 6045 3892 55566
internal_value=6.54099e-05 -0.0195612 0.000155525 -0.00513966 0.000307037 -0.0107662 0.00037613 0.000245933 0.000557199 0.000634218 -0.00421576 -0.00664777 -0.00137094 0.000501876 -0.00484587 -0.0123289 0.00421411 0.000644941 -0.000164531 0.0013853 -0.00159198 0.00302928 0.000962353 -0.00269772 0.0325985 -0.00249344 0.00159313 -0.000240891 0.000641398 -0.000520323
internal_weight=27766.9 125.921 27641 767.983 26873 165.678 26707.4 25957 24265 24150.8 1691.95 1176.64 456.075 23713.8 617.014 267.139 53.1948 23096.8 12460.3 7730.88 2750.21 4980.67 3564.45 4729.39 69.7448 2680.46 10636.5 5055.83 4632.14 3964.17
internal_count=288835 38001 250834 12197 238637 8294 230343 226558 212239 211035 14319 9035 2808 208564 6241 4549 1020 202323 104480 76857 54866 21991 15854 27623 1396 53470 97843 69860 63815 59923
is_linear=0
shrinkage=0.03


Tree=165
num_leaves=31
num_cat=0
split_feature=27 4 17 23 29 4 28 28 3 28 20 27 17 0 28 4 14 28 3 28 2 20 8 11 29 28 27 3 3 13
split_gain=53.284 74.0892 19.0836 26.6978 18.1619 31.8023 32.8255 27.1805 27.6722 24.975 24.9555 31.2765 20.3136 36.657 19.3663 25.9215 31.4454 24.8969 25.1616 24.076 64.7737 33.6112 26.2721 23.555 27.2306 24.4692 22.8155 23.1173 22.1849 21.4797
threshold=1.0000000180025095e-35 1.0000000180025095e-35 -2.6757825613021846 -0.4433834701776504 0.96849882602691661 -0.049472808837890618 0.039769539609551437 0.10837544873356821 -1.1905328035354612 0.17646842449903491 0.63391587138175975 0.037254903465509422 0.090367738157510771 3.5000000000000004 0.92922380566596996 -2.3987660408020015 -1.7513048052787779 0.95998215675354015 -0.65812867879867543 0.91248813271522533 0.95666927099227916 -1.036640405654907 0.12212903425097467 0.59580159187316906 0.36447542905807501 0.9159645438194276 0.34426523745059973 -0.067334998399019227 -1.5283885002136228 1.283744812011719
decision_type=2 2 8 10 2 2 2 2 2 2 8 2 10 2 2 2 10 2 2 2 2 10 2 2 2 2 2 2 2 10
left_child=1 -1 3 -2 14 7 -7 8 -6 10 11 -9 -13 -14 19 16 17 -16 -19 29 21 23 -23 25 -25 -21 -17 28 -28 -4
right_child=2 -3 4 -5 5 6 -8 9 -10 -11 -12 12 13 -15 15 26 -18 18 -20 20 -22 22 -24 24 -26 -27 27 -29 -30 -31
leaf_value=-0.029943351545354473 0.021343007367390979 0.032041113300446449 0.00047593257290447124 0.00074141406853691456 0.037983560246500889 0.026985534207006053 -0.0056559384776356794 -0.026910680412100336 -0.023928178823012302 -0.020040332328751201 -0.021630089209436033 0.018312314138408756 -0.0053316261820425849 0.10956455374919991 -0.025549261756037622 0.001076217902230964 -0.012701085678568541 -0.011622835160817439 0.080723101073457343 0.0067413623898624235 -0.0044157314155037391 -0.0076240181168268032 0.023769922335981679 0.065479376564586272 -0.00044937881613554701 0.098275737408674207 -0.023638633838719964 -0.012939666998684235 0.0010105548314833239 -0.0026028081594971623
leaf_weight=102.78624021552969 89.399665441829711 19.984506662935019 22430.815108493203 151.67534138751216 5.9390955553390077 40.40352138876915 83.172629244625568 6.0903015909716514 139.94342468399554 27.048660279484466 10.518489056965334 13.016615697881209 3.4731951619032753 7.1613902235403657 4.5335145108401766 1244.320638067089 302.89181498577818 3.5262616628315291 7.5263730434235177 3.6065044219139955 165.15409756824374 33.60750745004043 79.482317687943578 8.5059918500483036 13.824690429726616 10.515280529623849 35.231456751003861 252.25459952279925 352.68874542415142 2242.4910010695457
leaf_count=37889 630 294 179034 1466 255 195 378 932 10181 2475 591 530 148 245 333 8860 19649 97 283 99 826 1591 813 43 141 229 232 1530 1894 18047
internal_value=-3.60711e-05 -0.0196762 5.14668e-05 0.00843787 -2.22811e-05 -0.00693601 0.00514722 -0.0139314 -0.0211662 0.00182951 0.0166523 0.0304546 0.0457189 0.0748071 6.35991e-05 -0.0026322 -0.0105343 0.0298014 0.0527409 0.00030136 0.00853361 0.0227692 0.0144554 0.0474872 0.0263938 0.0768908 -0.00129188 -0.0058893 -0.00128314 0.00019602
internal_weight=27891.6 122.771 27768.8 241.075 27527.7 336.767 123.576 213.191 145.883 67.3087 40.26 29.7415 23.6512 10.6346 27191 2202.97 318.478 15.5861 11.0526 24988 314.696 149.542 113.09 36.4525 22.3307 14.1218 1884.5 640.175 387.92 24673.3
internal_count=289910 38183 251727 2096 249631 15930 573 15357 10436 4921 2446 1855 923 393 233701 32878 20362 713 380 200823 3742 2916 2404 512 184 328 12516 3656 2126 197081
is_linear=0
shrinkage=0.03


Tree=166
num_leaves=31
num_cat=0
split_feature=27 4 18 0 11 29 28 25 3 28 28 29 18 20 20 2 18 29 4 28 2 18 30 29 29 22 5 27 28 17
split_gain=53.2305 69.0652 23.1556 22.1713 50.3897 31.348 35.0921 25.2666 31.6669 30.0383 49.7638 90.8136 32.4153 27.8737 21.9832 21.102 20.0864 44.7242 63.6442 30.6932 24.0027 34.7429 24.3596 36.8121 80.1834 31.5271 25.6366 25 46.0916 25.5035
threshold=1.0000000180025095e-35 1.0000000180025095e-35 18.675170898437504 6.5000000000000009 0.12849985808134082 -0.52034142613410939 0.71503382921218883 0.095187697559595122 -0.26728121936321253 0.98667103052139293 0.71503382921218883 0.48877522349357611 5.1934051513671884 -0.9706650674343108 -0.6490894854068755 0.11506638303399087 10.718765258789064 -0.98212954401969899 1.0000000180025095e-35 0.039769539609551437 0.79256674647331249 4.0643005371093759 2.5000000000000004 -0.34234976768493647 -0.38243420422077173 0.87381333112716686 -1.8897377848625181 0.39784945547580725 0.61237135529518139 1.0312479734420779
decision_type=2 2 10 2 2 2 2 2 2 2 2 2 10 10 10 2 10 2 2 2 2 10 2 2 2 10 10 2 2 10
left_child=1 -1 3 4 5 6 -2 8 9 10 -5 13 -13 15 -8 -12 20 18 19 -18 21 -6 25 24 -24 27 -25 -23 29 -29
right_child=2 -3 -4 7 16 -7 14 -9 -10 -11 11 12 -14 -15 -16 -17 17 -19 -20 -21 -22 22 23 26 -26 -27 -28 28 -30 -31
leaf_value=-0.029922897189145054 -0.008978647368101755 0.031707477387790124 -0.006950312503430328 0.0018192556452123129 -0.0098232049986780208 -0.01659396367517842 0.0047891417018609923 0.00075886689114205985 0.0029954727518261221 -0.01097611471142034 0.06272078744702049 0.0076105614295292777 0.14432401918513005 0.01060564517998842 0.08278262845746745 0.012972760048316994 0.0061346177248102424 0.0017428026626768514 -0.010920853281545143 0.05610177446165171 -4.5833868588578205e-05 -0.0041880760647864997 0.0078396579841157783 0.030119675359103128 0.084296813552960051 -0.012070376767250916 -0.0067954561941240416 -0.0010494609205093028 0.033158384803696254 0.02698686468574639
leaf_weight=99.686516635119915 23.503913435386494 18.690104193985462 415.74231970706023 65.695070900022984 562.76921685249545 256.12566641415469 5.6537580168806016 11238.314245806076 650.30823329323903 28.835070641245693 21.946128391893581 2.0487015936523658 7.5895837598945946 50.788918831851333 7.0951929744333011 12.475541183724998 15.436627797782419 1150.9147440807428 30.115318059921265 40.595901396125555 10900.968063199893 895.11865625809878 281.99408790329471 17.208711734041572 11.931538852863012 300.74789248709567 243.08273729402572 357.72208728268743 44.484126396477222 30.791130002588034
leaf_count=37901 841 282 11126 2731 6605 29945 208 74366 15522 1099 589 61 193 1390 201 81 96 14076 137 224 62246 13983 1639 122 126 4083 6580 2411 284 171
internal_value=-1.84324e-05 -0.0200082 6.78069e-05 0.000175114 -0.000588206 -0.0129005 0.0129385 0.00113421 0.00615091 0.0169137 0.0219599 0.0357454 0.118711 0.0250928 0.051059 0.0455657 -0.000345493 0.0033134 0.0240354 0.042685 -0.000677384 -0.0031837 -0.0014684 0.00395962 0.0112186 -0.00331657 -0.00424895 -0.00132671 0.00458449 0.0012361
internal_weight=27788.4 118.377 27670 27254.3 15176.3 292.379 36.2529 12078 839.687 189.379 160.544 94.8489 9.63829 85.2106 12.749 34.4217 14883.9 1237.06 86.1478 56.0325 13646.8 2745.85 2183.08 554.217 293.926 1628.86 260.291 1328.12 432.997 388.513
internal_count=289319 38183 251136 240010 143978 31195 1250 96032 21666 6144 5045 2314 254 2060 409 670 112783 14533 457 320 98250 36004 29399 8467 1765 20932 6702 16849 2866 2582
is_linear=0
shrinkage=0.03


Tree=167
num_leaves=31
num_cat=0
split_feature=11 29 28 0 11 0 1 29 17 11 3 25 5 19 21 1 3 3 29 30 29 25 24 28 17 3 28 22 11 22
split_gain=41.7821 31.5425 39.2681 30.0072 26.2197 19.3307 31.0188 36.4138 25.9361 18.1798 28.5851 18.7636 18.0106 17.6001 17.5766 17.1895 28.4785 18.6448 50.0054 73.1388 115.498 82.3018 51.9785 43.5333 40.0205 44.3301 40.1817 37.6689 37.6409 34.0803
threshold=0.027831356041133407 -0.52034142613410939 0.71503382921218883 6.5000000000000009 0.0054171851370483646 2.5000000000000004 0.95526522397995006 -0.26867066323757166 -0.19350314140319821 8.3011608123779315 -0.55435630679130543 0.18543857336044314 1.1055505871772768 1.4400292038917544 -1.7814453840255735 47.646572113037116 1.1343008279800417 -0.27662768959999079 0.47369650006294256 2.5000000000000004 0.53312596678733837 0.080848284065723433 0.49958758056163793 -0.17647087574005124 0.4223602712154389 -0.69814637303352345 0.022575936280190948 -1.0867850184440611 0.40824441611766821 0.82293429970741283
decision_type=2 2 2 2 2 2 2 2 10 2 2 2 8 10 10 2 2 2 2 2 2 2 10 2 10 2 2 10 2 10
left_child=1 2 -1 -3 -4 6 7 8 -2 12 11 -11 -8 -12 -10 17 -17 18 24 20 21 -20 -22 28 26 -26 29 -23 -24 -7
right_child=5 3 4 -5 -6 15 9 -9 14 10 13 -13 -14 -15 -16 16 -18 -19 19 -21 22 27 23 -25 25 -27 -28 -29 -30 -31
leaf_value=-0.016424539082501782 -0.0091991935031098346 -0.023162733008724665 0.091523985099785349 -0.0048699472233596185 0.015093655578657609 0.0017443791283708026 -0.00069676149811638999 -0.01478146808597597 0.039574855545207677 -0.00086224006472583028 -0.0061703872595066413 0.017258103118925398 0.0047592240690177007 0.014295041544043208 0.0019236865573618962 -0.007470811286069262 0.023200935264101528 -0.00033270218290079188 0.13402402235114616 -0.0081596692822019732 0.0009383018527991116 -0.012119776217246435 0.058803405117663174 -0.0099644095985479859 -0.0048048985380345988 0.0022113182048747668 0.0051779125972642647 0.048144988132673379 0.020283675348555411 -0.0057953035813404037
leaf_weight=14.97642325202469 271.01492033491377 143.65301898715552 6.5038442764198434 184.13531674398109 9.8118796912021917 2515.4072101737838 1699.3018015092239 317.07589499279857 10.551497986307366 123.1844655200839 1005.9506697915494 87.185485154390335 800.16479037422687 38.370675314217806 333.60612854931969 42.466848760843277 73.094877770170569 12933.96910893626 8.4597601683344674 152.17673656670377 244.04695887304842 10.934077531332148 33.090465844143182 26.624427159316838 1878.1003401945345 1424.3348029684275 2544.5353490277193 51.289247762411833 75.03191636223346 685.82731433957815
leaf_count=998 3487 34292 318 22802 408 16523 9336 16268 117 617 7910 399 4550 297 4013 172 393 102308 161 4443 4054 150 486 581 12901 12455 22970 603 559 4204
internal_value=-2.44809e-05 -0.0101771 0.0181954 -0.0129328 0.0490867 0.000109007 -0.00164495 -0.00653965 -0.00227451 -0.000428055 -0.00337315 0.00669365 0.00105109 -0.00540549 0.00318934 0.000471176 0.0119622 0.000411849 0.00140972 0.00977726 0.0158547 0.0507883 0.0092195 0.0241006 0.000852311 -0.00177906 0.00236476 0.0375309 0.0325033 0.000127784
internal_weight=27744.9 359.08 31.2921 327.788 16.3157 27385.8 4686.41 932.248 615.173 3754.16 1254.69 210.37 2499.47 1044.32 344.158 22699.4 115.562 22583.8 9649.86 601.654 449.477 70.6831 378.794 134.747 9048.21 3302.44 5745.77 62.2233 108.122 3201.23
internal_count=288775 58818 1724 57094 726 229957 46994 23885 7617 23109 9223 1016 13886 8207 4130 182963 565 182398 80090 11037 6594 914 5680 1626 69053 25356 43697 753 1045 20727
is_linear=0
shrinkage=0.03


Tree=168
num_leaves=31
num_cat=0
split_feature=27 4 11 30 0 17 28 30 27 1 1 11 28 25 5 27 27 18 29 3 28 23 29 25 18 25 11 27 15 29
split_gain=51.5465 66.9276 24.681 28.249 23.7761 18.7433 32.1293 26.7038 23.3795 42.128 26.5422 54.6812 49.9348 44.1217 45.5778 41.7306 32.2284 35.0562 37.9763 61.8433 55.8904 52.8323 31.2882 63.3636 46.3427 30.5529 34.7302 35.8709 35.7457 34.6316
threshold=1.0000000180025095e-35 1.0000000180025095e-35 0.027831356041133407 1.0000000180025095e-35 4.5000000000000009 0.041436340659856803 -0.99866804480552662 2.5000000000000004 0.68853047490119945 2.5251827239990239 2.338678359985352 2.7199424505233769 -0.8940606117248534 0.051764089614152915 -2.0580778121948238 0.67204302549362194 0.051391525194048888 5.8987350463867196 0.47369650006294256 -0.89771792292594899 -0.17647087574005124 -1.2994477748870847 -0.9852197766304015 0.26123003661632543 9.1903686523437518 0.10759937763214113 4.2402455806732187 0.49713261425495153 -0.55457070469856251 -0.82413947582244862
decision_type=2 2 2 2 2 10 2 2 2 2 2 2 2 2 8 2 2 10 2 2 2 10 2 2 10 2 2 2 10 2
left_child=1 -1 3 -2 -5 -4 7 -7 10 -10 13 12 -12 -8 -15 16 -16 18 -18 20 21 -20 23 24 -19 29 27 -27 -29 -24
right_child=2 -3 5 4 -6 6 8 -9 9 -11 11 -13 -14 14 15 -17 17 22 19 -21 -22 -23 25 -25 -26 26 -28 28 -30 -31
leaf_value=-0.029907294293830392 -0.023489776649298393 0.031854410652022533 0.0010427019036597959 -0.019901897326923691 0.002320742842762158 -0.0047494266161112767 0.0087449012868585242 -0.024188615147725922 0.0077686518832567816 -0.0038703067127007695 0.018396384255189982 0.00024720910584270995 0.003949566940627855 0.0054768219690721643 -0.014521493298215797 0.021140285951732649 -0.0077122904237553963 0.010082967409435909 0.11516438969155135 -0.0041524416851059145 -0.020608147910676628 0.027860517357530722 0.047311880640026407 -0.010323679028478703 0.049660012833073426 -0.0098279347908567741 0.0034352912401324014 -0.015864476127317294 0.017389260922703802 0.0045203360992789729
leaf_weight=96.418887362466194 80.208541917381808 17.994065141305327 12488.834088953212 55.864513765205629 181.36871097888798 251.87617421592586 359.79958514124155 84.413510987535119 311.16361847519875 2710.9973211959004 279.73117081075907 5383.4735146053135 927.99079433828592 611.25519783329219 231.88545695203356 60.870354529470205 1611.5593999184202 68.166594078764319 6.1308471821248522 260.14215454948135 18.521752472966909 63.072609706781805 17.053448068210855 70.79330426082015 43.41985422000289 685.15097721107304 434.0066815209575 41.28547377884388 92.715227026492357 304.99372930685058
leaf_count=37907 8689 276 99829 11116 17786 1739 8352 514 1382 19481 1225 26903 4096 3203 8594 283 12667 445 59 4775 369 722 186 385 262 8643 2788 212 500 6172
internal_value=5.45117e-06 -0.020002 8.86993e-05 -0.00821516 -0.0029739 0.000185132 -0.000532219 -0.00968619 -0.000320637 -0.00266978 0.000293045 0.00154192 0.00730817 -0.00135959 -0.00214806 -0.00331148 -0.00369365 -0.00301443 -0.00577267 0.00320933 0.0248408 0.0371252 6.20899e-05 0.0117904 0.0257873 -0.00130245 -0.00342084 -0.00705314 0.0071022 0.00692573
internal_weight=27851.2 114.413 27736.7 317.442 237.233 27419.3 14930.5 336.29 14594.2 3022.16 11572 6591.2 1207.72 4980.82 4621.02 4009.77 3948.9 3717.01 1959.43 347.867 87.7252 69.2035 1757.59 182.38 111.586 1575.21 1253.16 819.152 134.001 322.047
internal_count=289560 38183 251377 37591 28902 213786 113957 2253 111704 20863 90841 32224 5321 58617 50265 47062 46779 38185 18592 5925 1150 781 19593 1092 707 18501 12143 9355 712 6358
is_linear=0
shrinkage=0.03


Tree=169
num_leaves=31
num_cat=0
split_feature=8 8 25 18 4 5 11 28 29 29 29 30 4 8 22 8 1 30 1 23 28 29 6 23 5 4 4 29 29 30
split_gain=40.6555 22.6409 19.8569 19.0689 43.5534 43.9784 39.5228 52.2767 71.016 76.0886 43.7631 58.7468 35.6829 32.919 28.2076 29.0396 28.2025 27.5584 33.0651 27.0569 24.0455 30.0898 22.2761 22.2026 22.1874 45.0125 29.8621 32.073 32.6296 39.5245
threshold=0.0032559566898271446 24.131349563598636 0.039154767990112312 5.8987350463867196 -0.41782200336456293 -0.66428560018539418 6.0303273200988778 -0.8940606117248534 -0.39036008715629572 0.19969739764928821 0.063390085473656668 2.5000000000000004 1.0000000180025095e-35 7.4161808490753183 1.3333100676536562 1.027407765388489 3.0157532691955571 1.5000000000000002 2.5251827239990239 -0.53659281134605397 0.67802080512046825 -0.42958799004554743 6.279870033264161 1.1759706139564516 -0.77395465970039357 1.0000000180025095e-35 0.51200950145721447 -0.57782411575317372 -0.65233206748962391 2.5000000000000004
decision_type=2 2 2 10 2 10 2 2 2 2 2 2 2 2 10 2 2 2 2 10 2 2 10 8 10 2 2 2 2 2
left_child=2 3 -1 4 5 22 7 8 17 10 11 -10 -11 24 15 20 -13 18 -6 -8 -7 -22 23 -2 -9 -26 -27 28 -28 -30
right_child=1 -3 -4 -5 6 14 19 13 9 12 -12 16 -14 -15 -16 -17 -18 -19 -20 -21 21 -23 -24 -25 25 26 27 -29 29 -31
leaf_value=-0.028623664313018212 0.000565918160125231 0.011566993002853092 -0.0067293576034720528 0.0011697959000414684 -0.010556710659078481 -0.0091188248741985896 -0.0033203936060354614 -0.0013934795490964623 0.00081429797101501532 -0.012868017579117527 -0.010736107694921514 -0.0070752997991374552 0.023123020026448067 -0.008810678585509997 -0.015156650115364835 0.00027047039927024401 0.031999641653707507 0.0035163859644142424 0.040817811556019316 0.00032804385287914099 0.018301651782815457 -0.0053031535488962155 0.0098752396762199178 -0.0094686536541614113 -0.0098727968004102846 0.015238355134924244 0.0047691787286034803 -0.00076353971125859644 0.010644001216190512 0.044265686903707316
leaf_weight=39.897036593640223 1420.0533233897295 155.45790852792561 441.2709281508578 9913.5245470157824 12.345284402370451 1116.7816714252112 2761.1706262379885 1368.6507014483213 554.12669916823506 27.065720126032829 215.724370919168 19.999948039650917 234.80684323608875 302.05818315222859 262.50791100552306 693.53061707294546 88.914208397269249 32.943655326962471 96.119817808270454 5416.7584041282535 66.812058901414275 170.6196810422698 194.43480994482525 229.66942824912257 198.82652540504932 228.90622330084443 583.19057972729206 748.1828436255455 112.46679531782866 43.234322935342789
leaf_count=19624 9265 842 62495 90372 55 18081 17355 6782 2482 124 955 82 1043 1723 3901 4961 428 149 417 32832 523 2887 947 1579 949 970 3136 3570 558 207
internal_value=3.48981e-05 0.00018758 -0.00860037 0.000121911 -0.000482093 -0.00315683 0.000369868 0.00250992 0.00770667 0.00520771 0.000970604 0.00478989 0.0193684 0.000650129 -0.00591366 -0.00472195 0.0248252 0.0276858 0.0349274 -0.000904059 -0.00727701 0.00138802 0.000298097 -0.000835954 0.00152288 0.00360706 0.00517378 0.00361533 0.0080443 0.0202028
internal_weight=27750.1 27268.9 481.168 27113.4 17199.9 4154.41 13045.5 4867.56 1282.05 1140.64 878.765 663.041 261.873 3585.52 2310.25 2047.74 108.914 141.409 108.465 8177.93 1354.21 237.432 1844.16 1649.72 3283.46 1914.81 1715.98 1487.07 738.892 155.701
internal_count=289294 207175 82119 206333 115961 42144 73817 23630 5735 5114 3947 2992 1167 17895 30353 26452 510 621 472 50187 21491 3410 11791 10844 16172 9390 8441 7471 3901 765
is_linear=0
shrinkage=0.03


end of trees

feature_importances:
clim_wet_frac=758
month_sin=448
fc_minus_rain_threshold=446
month_cos=441
forecast_rain=345
fc_clim_ratio=306
fc_region_mean=291
fc_neighbor_std=246
fc_jump_abs=236
lead_day=216
hist_bust_rate=189
fc_jump=157
fc_log1p=156
region_id=137
dewpoint_depression=125
fc_region_dev=113
wind_speed_z=95
dewpoint_z=79
wind_u_z=56
dewpoint_depression_z=47
mslp_region_z=45
mslp_z=41
temp_z=41
era5_tp_rel=34
surface_pressure_z=23
wind_v_z=22
mslp_tendency=6
bust_threshold_mm=1

parameters:
[boosting: gbdt]
[objective: binary]
[metric: binary_logloss]
[tree_learner: serial]
[device_type: cpu]
[data_sample_strategy: bagging]
[data: ]
[valid: ]
[num_iterations: 3000]
[learning_rate: 0.03]
[num_leaves: 31]
[num_threads: 0]
[seed: 0]
[deterministic: 0]
[force_col_wise: 0]
[force_row_wise: 0]
[histogram_pool_size: -1]
[max_depth: -1]
[min_data_in_leaf: 50]
[min_sum_hessian_in_leaf: 0.001]
[bagging_fraction: 0.8]
[pos_bagging_fraction: 1]
[neg_bagging_fraction: 1]
[bagging_freq: 1]
[bagging_seed: 7719]
[bagging_by_query: 0]
[feature_fraction: 0.8]
[feature_fraction_bynode: 1]
[feature_fraction_seed: 2437]
[extra_trees: 0]
[extra_seed: 11797]
[early_stopping_round: 0]
[early_stopping_min_delta: 0]
[first_metric_only: 0]
[max_delta_step: 0]
[lambda_l1: 0]
[lambda_l2: 1]
[linear_lambda: 0]
[min_gain_to_split: 0]
[drop_rate: 0.1]
[max_drop: 50]
[skip_drop: 0.5]
[xgboost_dart_mode: 0]
[uniform_drop: 0]
[drop_seed: 21238]
[top_rate: 0.2]
[other_rate: 0.1]
[min_data_per_group: 100]
[max_cat_threshold: 32]
[cat_l2: 10]
[cat_smooth: 10]
[max_cat_to_onehot: 4]
[top_k: 20]
[monotone_constraints: ]
[monotone_constraints_method: basic]
[monotone_penalty: 0]
[feature_contri: ]
[forcedsplits_filename: ]
[refit_decay_rate: 0.9]
[cegb_tradeoff: 1]
[cegb_penalty_split: 0]
[cegb_penalty_feature_lazy: ]
[cegb_penalty_feature_coupled: ]
[path_smooth: 0]
[interaction_constraints: ]
[verbosity: -1]
[saved_feature_importance_type: 0]
[use_quantized_grad: 0]
[num_grad_quant_bins: 4]
[quant_train_renew_leaf: 0]
[stochastic_rounding: 1]
[linear_tree: 0]
[max_bin: 255]
[max_bin_by_feature: ]
[min_data_in_bin: 3]
[bin_construct_sample_cnt: 200000]
[data_random_seed: 38]
[is_enable_sparse: 1]
[enable_bundle: 1]
[use_missing: 1]
[zero_as_missing: 0]
[feature_pre_filter: 1]
[pre_partition: 0]
[two_round: 0]
[header: 0]
[label_column: ]
[weight_column: ]
[group_column: ]
[ignore_column: ]
[categorical_feature: ]
[forcedbins_filename: ]
[precise_float_parser: 0]
[parser_config_file: ]
[objective_seed: 8855]
[num_class: 1]
[is_unbalance: 0]
[scale_pos_weight: 1]
[sigmoid: 1]
[boost_from_average: 1]
[reg_sqrt: 0]
[alpha: 0.9]
[fair_c: 1]
[poisson_max_delta_step: 0.7]
[tweedie_variance_power: 1.5]
[lambdarank_truncation_level: 30]
[lambdarank_norm: 1]
[label_gain: ]
[lambdarank_position_bias_regularization: 0]
[eval_at: ]
[multi_error_top_k: 1]
[auc_mu_weights: ]
[num_machines: 1]
[local_listen_port: 12400]
[time_out: 120]
[machine_list_filename: ]
[machines: ]
[gpu_platform_id: -1]
[gpu_device_id: -1]
[gpu_device_id_list: ]
[gpu_use_dp: 0]
[num_gpu: 1]

end of parameters

pandas_categorical:[]
