tree
version=v4
num_class=1
num_tree_per_iteration=1
label_index=0
max_feature_idx=34
objective=binary sigmoid:1
feature_names=lead_day forecast_rain fc_log1p fc_clim_ratio fc_minus_rain_threshold fc_jump fc_jump_abs fc_jump_gap fc_neighbor_std fc_spread fc_spread_rel fc_region_mean fc_region_dev mslp_z surface_pressure_z mslp_region_z mslp_tendency dewpoint_z dewpoint_depression dewpoint_depression_z temp_z wind_u_z wind_v_z wind_speed_z era5_tp_rel hist_bust_rate bust_threshold_mm clim_wet_frac month_sin month_cos region_id elevation_proxy_m coastal coastal_x_fc elev_x_fc
feature_infos=[1:10] [0:147.4310302734375] [0:5.0001206398010254] [-3.0372314453125:4.2817873954772949] [-2.5:144.9310302734375] [-122.50345611572266:105.34930419921875] [0:122.50345611572266] [1:1] [0:81.108245849609375] none none [0:48.698654174804688] [-41.725673675537109:117.58931732177734] [-3.8352363109588623:3.8336741924285889] [-3.8307363986968994:3.4036271572113037] [-2.8655672073364258:3.1152551174163818] [-2.9951744079589844:3.3524715900421143] [-4.4516005516052246:3.5300943851470947] [0.374969482421875:30.09368896484375] [-3.7838811874389648:5.1205744743347168] [-4.0042018890380859:3.5564045906066895] [-5.1364312171936035:5.2599472999572754] [-5.018951416015625:6.3132047653198242] [-3.8072113990783691:5.7722959518432617] [0:4.3258748054504395] [0.026925018057227135:0.49697798490524292] [25:27.303686141967773] [0:0.98924732208251953] [-0.99999940395355225:0.99998557567596436] [-0.99997919797897339:0.99999076128005981] [0:3] [52.225803375244141:4110.59765625] [0:1] [0:5.0001206398010254] [0:15.30793571472168]
tree_sizes=3362 3446 3423 3447 3453 3438 3439 3453 3470 3459 3462 3466 3457 3476 3470 3479 3460 3486 3467 3464 3471 3483 3493 3475 3484 3486 3495 3483 3470 3490 3484 3489 3484 3479 3470 3488 3496 3480 3482 3482 3507 3489 3493 3506 3503 3493 3495 3495 3472 3502 3484 3501 3492 3491 3501 3507 3505 3496 3503 3494 3517 3493 3494 3515 3496 3518 3510 3498 3506 3492 3519 3545 3521 3506 3502 3519 3489 3521 3506 3508 3514 3499 3506 3480 3509 3501 3499 3496 3508 3498 3520 3508 3487 3498 3521 3514 3507 3505 3502 3524 3521 3491 3515 3502 3517 3485 3521 3526 3509 3523 3504 3492 3507 3508 3508 3536 3521 3531 3502 3524 3518 3531 3510 3540 3493 3517 3517 3527 3498 3477 3496 3525 3519 3503 3511 3522 3544 3498 3535 3533 3498 3521 3500 3538 3504 3497 3532 3506 3501 3524 3544 3495 3522 3497 3534 3503 3512 3492 3521 3513 3523 3547 3490 3506 3503 3505 3513 3497 3490 3529 3520 3502 3510 3506 3507 3527 3550 3529 3531 3517 3503 3515 3519 3505 3502 3516 3502 3533 3504 3511 3499 3513 3521 3490 3528 3501 3522 3510 3462 3507 3491 3525 3495 3497 3527 3512 3534 3513 3525 3524 3514 3485 3518 3505 3480 3524 3510 3522 3518 3507 3528 3551 3506 3501 3517 3512 3525 3503 3495 3504 3498 3506 3491 3504 3533 3496 3509 3534 3526 3538 3533 3517 3489 3505 3518 3475 3510 3525 3502 3485 3507 3516 3527 3487 3541 3523 3519 3516 3497 3509 3537 3526 3520 3509 3513 3521 3519 3478 3503 3533 3513 3498 3509 3517

Tree=0
num_leaves=31
num_cat=0
split_feature=2 3 1 27 0 1 31 1 0 27 33 3 18 1 6 27 8 25 25 27 21 3 25 12 8 0 11 13 11 31
split_gain=50538 4280.26 2871.65 1636.19 1410.85 703.399 510.991 480.245 315.358 447.719 273.859 251.496 250.291 236.813 202.481 195.778 165.946 148.855 128.194 141.698 112.572 109.354 104.72 99.9229 92.2234 81.0804 91.927 82.4376 62.8506 88.7387
threshold=3.4440749883651738 1.2372741103172304 25.785140991210941 0.66129031777381908 3.5000000000000004 32.497514724731452 771.62255859375011 11.601421356201174 6.5000000000000009 0.87634408473968517 2.77818775177002 0.37734918296337133 1.8655853271484377 39.90080642700196 7.859053611755372 0.86111110448837291 1.7398586869239809 0.32513566315174108 0.18199714273214343 0.84695342183113109 -1.6053702831268308 0.46610327064991003 0.21912641078233722 -1.282995820045471 9.2604522705078143 1.5000000000000002 9.3700623512268084 0.81679871678352367 11.047133922576906 69.397317886352553
decision_type=2 2 2 2 2 2 2 2 2 2 2 2 10 2 8 2 2 2 2 2 10 2 2 2 2 2 2 10 2 2
left_child=2 5 3 16 13 -2 10 15 21 -10 14 25 20 -3 24 17 -1 -8 -14 -20 -9 -4 -17 -16 -5 -12 -27 -28 -18 -30
right_child=1 4 8 6 -6 -7 7 12 9 -11 11 -13 18 -15 23 22 28 -19 19 -21 -22 -23 -24 -25 -26 26 27 -29 29 -31
leaf_value=-4.4476793117136149 -4.0652339075427459 -4.1369228590751277 -4.1034308348650415 -4.4253494056395253 -2.8525536839540022 -3.6208668681106966 -4.4173895082946961 -4.4022394941617939 -3.899548649480407 -4.3467297556147262 -4.4280410796148955 -4.4072338220435778 -4.3959108975169574 -3.5276834579414329 -4.3232393884728051 -4.3497046060854059 -4.4339518719157498 -4.1843891300610689 -4.3363520355235519 -4.1614530231368541 -4.1169334593262823 -4.2968155193985611 -4.1367271092251734 -4.3930003801890773 -4.3551519187579588 -4.3056919278457029 -4.0889127741829103 -4.3935221498946815 -4.3285046005234546 -4.4176539870496763
leaf_weight=2315.6727158054709 6.6404525469988611 2.1625544577837017 3.7609642744064358 257.44975759647787 12.164368825033305 20.744068576022983 49.491939248517156 1.5161387231200922 7.9920490831136686 3.067536486312747 1.7394459769129813 15.114375177770851 10.084085460752251 3.3261027801781893 29.041696006432176 6.4759103599935752 426.97522226534784 1.598409816622733 11.929308557882907 7.0047959610819808 12.058591704815624 12.117356771603225 2.9265003260225058 51.043337011709809 17.01836334168911 8.1448382567614299 5.1478198505938044 1.1282892823219297 10.354404767975209 87.842021834105253
leaf_count=197028 565 184 320 21905 1035 1765 4211 129 680 261 148 1286 858 283 2471 551 36329 136 1015 596 1026 1031 249 4343 1448 693 438 96 881 7474
internal_value=-4.41943 -3.4322 -4.43297 -4.4355 -3.05886 -3.71234 -4.38486 -4.32585 -4.13007 -4.00724 -4.40083 -4.31714 -4.2498 -3.68715 -4.40848 -4.38128 -4.44423 -4.40572 -4.30615 -4.26194 -4.14541 -4.23498 -4.26258 -4.36682 -4.42078 -4.23852 -4.2166 -4.13255 -4.42898 -4.40743
internal_weight=3401.73 45.0375 3356.7 3329.76 17.653 27.3845 488.914 103.086 26.9379 11.0596 385.828 31.2748 42.5929 5.48866 354.553 60.4928 2840.84 51.0903 29.0182 18.9341 13.5747 15.8783 9.40241 80.085 274.468 16.1604 14.4209 6.27611 525.172 98.1964
internal_count=289435 3832 285603 283311 1502 2330 41599 8771 2292 941 32828 2661 3624 467 30167 5147 241712 4347 2469 1611 1155 1351 800 6814 23353 1375 1227 534 44684 8355
is_linear=0
shrinkage=1


Tree=1
num_leaves=31
num_cat=0
split_feature=2 27 1 11 25 34 4 27 11 17 29 6 27 34 28 25 8 17 23 28 19 28 27 20 1 6 19 27 23 29
split_gain=19056.4 1561.37 1063.16 415.541 276.123 226.509 201.168 166.992 158.152 147.157 145.861 145.241 134.169 171.12 224.947 123.489 109.579 100.934 98.8606 97.4329 94.7927 100.503 75.6548 77.1411 97.4885 73.0426 59.535 59.0887 79.4252 84.7782
threshold=3.3313027620315556 0.66129031777381908 39.90080642700196 9.4903645515441912 0.27081741392612463 2.2488121986389165 22.465523719787601 0.92903226613998424 3.9652520418167119 -0.29492463171482081 -0.73865258693695057 17.674489974975589 0.85250896215438854 0.90406817197799694 0.091259401291608824 0.11642852053046228 11.012001514434816 -0.52855846285819996 0.20030230283737185 0.15951094031333926 0.95691365003585827 0.42179998755455023 0.86111110448837291 -0.4445513635873794 18.785182952880863 6.1143321990966806 0.36857651174068456 0.67759856581687938 -0.29095287621021265 -0.99052476882934559
decision_type=2 2 2 2 2 2 2 2 2 10 2 8 2 2 2 2 2 10 8 2 10 2 2 10 2 10 10 2 10 2
left_child=1 6 11 12 7 27 8 16 -1 -7 26 17 25 -14 -15 -9 19 -2 -17 -5 21 -16 -21 -24 -25 -3 -11 28 -6 -30
right_child=2 3 -4 4 5 9 -8 15 -10 10 -12 -13 13 14 20 18 -18 -19 -20 22 -22 -23 23 24 -26 -27 -28 -29 29 -31
leaf_value=-0.028417775326600288 0.3141909451271172 -0.012045193458178631 0.44380758512320206 0.01772232632475217 0.0069723606775571817 0.054455339268042413 0.14501164305006536 0.0045473668460369659 -0.01110791537415594 0.37273778357162224 0.062844692542254318 0.32779255208820618 0.012769842881287361 0.026467304754934827 0.36353468922221605 0.19188116863794866 0.12284550399943049 0.19792964578717778 0.05241240583044561 0.025425250578586502 0.0058729443405529328 0.09266863400727024 0.0084272763167649763 0.30943957268710975 0.016575601079223699 0.037252903956292577 0.081561427528411515 0.054004911625436483 -0.014555356068518792 0.29224614543624111
leaf_weight=2155.5373260984197 12.741842299699782 175.87465207930654 54.82138610444963 136.84961075149477 2.2226355420425534 4.3067836081609139 5.3284672619774929 7.5998264839872745 611.56784068886191 6.5162381734699002 2.8646475020796034 31.01397670339793 49.079648206010461 11.670333879068496 3.6461207056418043 13.712055919691915 10.357096668332813 44.112570259720087 8.0598800480365806 7.0712823029607517 1.4911105073988435 2.9027037145569921 2.0990963941439986 2.7968303645029664 1.5625216159969566 30.944657810032368 1.4148311717435715 26.378612126223743 0.91945839673280749 2.7206233041360965
leaf_count=188262 605 14828 1556 11266 180 321 377 619 52879 455 217 1127 4101 930 261 1041 811 2091 609 586 109 209 152 203 118 2543 105 2149 74 220
internal_value=-0.000537067 -0.0153222 0.337634 0.0327089 0.0617091 0.12599 -0.0242193 0.0451252 -0.0245975 0.219245 0.274796 0.267144 0.00759091 0.0435618 0.115917 0.109869 0.0326882 0.228966 0.144819 0.0257083 0.228466 0.271656 0.0997056 0.166721 0.227148 -0.00452536 0.335743 0.0770261 0.157644 0.228315
internal_weight=3428.18 3285.49 142.69 513.061 237.452 47.3438 2772.43 190.108 2767.11 15.1025 10.7957 87.8684 275.609 68.7899 19.7103 29.3718 160.736 56.8544 21.7719 150.379 8.03993 6.54882 13.5297 6.45845 4.35935 206.819 7.93107 32.2413 5.86272 3.64008
internal_count=289004 283625 5379 42107 19126 3721 241518 15405 241141 1098 777 3823 22981 5610 1509 2269 13136 2696 1650 12325 579 470 1059 473 321 17371 560 2623 474 294
is_linear=0
shrinkage=0.03


Tree=2
num_leaves=31
num_cat=0
split_feature=2 27 4 31 2 33 8 27 25 25 5 30 0 30 11 28 17 25 28 27 33 0 5 29 2 29 31 29 28 8
split_gain=13603 1452.62 435.377 417.934 276.435 228.794 173.915 151.935 157.246 148.455 143.956 128.679 118.445 112.421 96.309 91.6067 118.251 91.1033 90.7033 88.984 71.9496 121.962 66.3148 97.2111 64.0141 61.3804 61.1766 155.793 60.9995 60.8862
threshold=3.2878984212875371 0.66129031777381908 33.26420974731446 771.62255859375011 2.5863534212112431 2.7992755174636845 1.7398586869239809 0.8306451439857484 0.21912641078233722 0.27271802723407751 -6.0075707435607901 2.5000000000000004 1.5000000000000002 1.5000000000000002 8.8221378326416033 -0.8940606117248534 0.30120278894901281 0.32513566315174108 -0.84315016865730275 0.93440860509872448 3.3100395202636723 5.5000000000000009 6.1877007484436044 -0.99273797869682301 3.8847197294235234 -0.90892156958580006 69.397317886352553 -0.80417042970657338 -0.36647418141365046 9.2604522705078143
decision_type=2 2 2 2 2 2 2 2 2 2 10 2 2 2 2 2 8 2 2 2 2 2 10 2 2 2 2 2 2 2
left_child=1 6 9 5 7 10 -1 17 -9 20 -3 -6 -13 14 -7 -14 18 -5 -17 -15 21 -2 23 -18 -4 -19 27 -8 -23 -12
right_child=2 3 24 4 11 13 26 8 -10 -11 29 12 15 19 -16 16 22 25 -20 -21 -22 28 -24 -25 -26 -27 -28 -29 -30 -31
leaf_value=-0.027953106276495384 0.078765862185056087 0.042119794131764005 0.24722420276929424 -0.00095842444307714251 -0.024293461756672748 0.027450148955346101 0.14714568131168781 0.044167465435727679 0.21599378624846388 0.25286755491801621 -0.0057388910761010745 0.0057929909656779868 0.042495139814195136 0.0048541236066659936 0.23714089138982072 0.30699272167821318 0.095764968345948401 0.2419652219808561 0.087862076897460187 0.11734941298031262 0.2038403356946738 0.24658358094888091 0.07664290101686029 0.31581417508809556 0.31811576454404616 -0.015893901761699972 -0.010922171763951233 -0.010718760720118277 0.12648492492648114 0.047629943167497135
leaf_weight=2196.7263255603611 24.194964597932994 87.128796498291194 67.077899126335979 45.924559038132429 3.981216760352253 3.1552583742886764 6.9447110341861871 14.691319772973658 6.6689962707459918 24.332056955434382 260.93574234750122 4.8043863065540782 5.5880538513883939 15.185596023686232 5.9514225162565708 1.2239835383370508 3.5168240135535607 1.4235243601724508 16.748456872999675 9.9621645230799896 24.945932231843472 8.72570449113846 2.9240843476727596 10.08868515398353 42.777659438550472 1.0873908642679442 485.40421484969556 18.869772152043879 14.427414461039005 19.765652639791369
leaf_count=197067 1180 6872 1499 3804 312 240 566 1097 415 770 22032 329 408 1220 380 88 206 73 1105 669 1052 319 181 616 779 68 42455 1594 562 1518
internal_value=-0.000335066 -0.0154617 0.235131 0.0303841 0.079616 0.0156923 -0.0242861 0.0403662 0.105075 0.184669 0.00867015 0.133733 0.14797 0.0887122 0.174392 0.164453 0.182452 0.0102812 0.11818 0.0522022 0.158579 0.131009 0.241607 0.269386 0.27745 0.157575 -0.00850523 0.0356543 0.180082 -0.00182517
internal_weight=3435.18 3228.7 206.482 520.756 118.671 402.085 2707.95 69.7958 21.3603 96.6261 367.83 48.8757 44.8945 34.2544 9.10668 40.0901 34.502 48.4355 17.9724 25.1478 72.294 47.3481 16.5296 13.6055 109.856 2.51092 511.219 25.8145 23.1531 280.701
internal_count=289476 283315 6161 41633 8702 32931 241682 5457 1512 3883 30422 3245 2933 2509 620 2604 2196 3945 1193 1889 3113 2061 1003 822 2278 141 44615 2160 881 23550
is_linear=0
shrinkage=0.03


Tree=3
num_leaves=31
num_cat=0
split_feature=4 27 11 6 31 26 11 17 27 31 4 30 5 12 17 34 0 28 31 29 3 3 27 28 6 28 29 6 28 5
split_gain=10516.6 1365.88 317.086 305.535 237.772 163.205 160.562 157.609 157.372 181.303 106.074 96.2432 84.536 83.8587 79.4608 70.0301 68.7556 64.2003 63.8712 109.226 120.049 59.2321 57.6518 72.8576 55.1532 54.4562 79.4825 54.1418 54.0826 50.2512
threshold=22.465523719787601 0.66129031777381908 9.6302804946899432 23.045776367187504 771.62255859375011 25.258389472961429 5.2578792572021493 -1.1297146677970884 0.85250896215438854 771.62255859375011 26.225284576416019 2.5000000000000004 -3.0404305458068843 11.623711585998537 -0.32684020698070521 5.2559678554534921 1.5000000000000002 0.056951373815536506 69.397317886352553 -0.80417042970657338 -0.030050322413444516 0.44824056327342993 0.88530465960502636 -0.9413962960243224 6.8125019073486337 0.14250627160072329 -0.99465739727020253 7.2036612033844003 0.091259401291608824 -9.0733609199523908
decision_type=2 2 2 8 2 2 2 10 2 2 2 2 10 2 10 2 2 2 2 2 2 2 2 2 10 2 2 10 2 8
left_child=1 6 8 7 5 12 29 -2 27 13 21 -6 -4 -10 24 -16 -12 -15 19 20 -8 -9 23 -17 -13 26 -22 -3 -11 -1
right_child=3 2 4 -5 11 -7 18 10 9 28 16 14 -14 17 15 22 -18 -19 -20 -21 25 -23 -24 -25 -26 -27 -28 -29 -30 -31
leaf_value=0.033459037207921538 0.23738111851297863 -0.012040983764705901 0.057712766577302066 0.22724872046410666 -0.024940158276783749 0.25327582505442542 0.026616466028298442 0.16189457949383243 0.0068030606198425086 0.012372715875979325 0.09107274407877336 0.020290474551712061 0.015052099790240431 0.036030270158758156 0.099196506124283587 0.0072074141467089198 0.16667742476901634 0.20078358792764334 -0.011949972394224484 -0.0078088230877711674 0.012445633422959294 0.064562386428516999 0.057119011344965609 0.24147538865260895 0.14436822766477173 -0.013118068265522817 0.31608297910646088 0.034205831776062338 0.17178182856635432 -0.028036092234518528
leaf_weight=11.231218799017368 20.416160403750837 184.00530055444688 67.764214880764484 91.049042443744838 4.575360086746513 2.0670469291508189 10.060931250452994 7.5719389086589208 53.06968255341053 2.5112715521827331 16.66219356097281 13.193695100024344 109.25821248814464 6.2277498384937626 27.446326026692986 1.4006546782329667 103.23723177611828 2.7640146119520068 431.19983397237957 29.624872291460633 1.1089442325755956 25.478375060483813 3.452687330543994 10.686919775791464 3.4634498581290236 0.75843766145408142 2.4643068863078943 25.007349374704063 10.118114890530704 2153.9011685736477
leaf_count=1014 542 15523 5065 1647 364 119 839 375 4340 165 489 901 8769 441 1689 91 2371 186 38372 2599 79 1371 187 532 224 57 178 1908 515 198207
internal_value=-0.000239554 -0.0154351 0.0286227 0.181156 0.0536774 0.0355657 -0.0242365 0.155785 0.0070224 0.0440918 0.143422 0.102866 0.0316151 0.021947 0.11292 0.134485 0.157011 0.101701 -0.00842332 0.0256222 0.0904714 0.0909612 0.187043 0.216954 0.0528045 0.205974 0.245177 -0.00637125 0.143318 -0.0277018
internal_weight=3431.78 3167.36 527.012 264.415 243.309 179.089 2640.35 173.366 283.703 74.6908 152.95 64.2191 177.022 62.0614 59.6437 42.9866 119.899 8.99176 475.217 44.0175 14.3926 33.0503 15.5403 12.0876 16.6571 4.33169 3.57325 209.013 12.6294 2165.13
internal_count=289159 282364 41019 6795 17941 13953 241345 5148 23078 5647 4606 3988 13834 4967 3624 2499 2860 627 42124 3752 1153 1746 810 623 1125 314 257 17431 680 199221
is_linear=0
shrinkage=0.03


Tree=4
num_leaves=31
num_cat=0
split_feature=2 27 31 2 1 33 11 27 25 5 25 25 27 8 5 28 8 11 5 27 12 5 28 31 28 33 31 8 5 28
split_gain=8538.97 1304.8 263.283 258.328 198.737 185.879 177.538 128.164 126.085 118.5 89.647 71.1702 71.0914 69.3749 67.1965 62.9198 61.0548 59.2218 55.766 52.8189 50.0057 47.9954 44.4761 64.1626 57.203 47.9749 44.1104 40.7895 40.7683 38.3292
threshold=3.2878984212875371 0.66129031777381908 771.62255859375011 3.5994379520416264 13.444710254669191 2.77818775177002 3.6050454378128056 0.86111110448837291 0.27081741392612463 -7.1081395149230948 0.32821872830390936 0.27271802723407751 0.88530465960502636 8.6207771301269549 0.8809340000152589 -0.099819734692573533 8.9200258255004901 11.811167716979982 1.3844991922378542 0.73225808143615734 -1.282995820045471 -9.0733609199523908 -0.97113886475563038 771.62255859375011 -0.99275806546211232 1.8016252517700198 129.46075057983401 6.5087673664093026 -3.45591127872467 -0.25205527991056437
decision_type=2 2 2 2 2 2 2 2 2 10 2 2 2 2 10 2 2 2 8 2 2 8 2 2 2 2 2 2 10 2
left_child=1 6 5 11 7 9 21 10 18 20 17 15 -9 22 -7 -2 -11 -4 -6 -10 -3 -1 23 -8 -25 -24 -27 -19 -14 -12
right_child=3 2 4 -5 8 14 13 12 19 16 29 -13 28 -15 -16 -17 -18 27 -20 -21 -22 -23 25 24 -26 26 -28 -29 -30 -31
leaf_value=0.043097653309776732 0.12403303144352369 0.065345574243951265 -0.010754715896359755 0.17872528309005609 0.11764136339232639 0.10933026753479301 -0.0011888741496129721 0.16601772912304633 0.013584813635204952 -0.0050941956284588346 0.22469262401213283 0.15850668791974065 0.11200452403619414 0.027952954541297724 0.030576800013953905 0.070099438450161131 0.043908642493383845 0.027820951510459102 0.039237827967248749 0.19696734602798857 0.018354631719233377 -0.028661111597878881 -0.019099232904986333 -0.0073047613882211235 0.16329528196229609 0.058085332971658452 -0.0093802784010668817 0.15249569025775486 0.0035286273290295505 0.024308014627730714
leaf_weight=7.5823957631364465 57.702972490340471 36.584390249103308 49.452138420194387 166.17751959711313 14.588073000311852 22.168244074098766 98.83049597311765 7.692448507994416 1.7311698319390405 266.1088517550379 1.4683459065854552 35.046708716079593 4.2643398456275472 39.64999237190932 18.659651594236493 37.187801929190755 24.027874638326466 10.837896537035702 20.497819222509861 14.016597229056059 46.994018789380789 1948.105324998498 447.45677799824625 2.9218493569642305 3.1848665196448556 13.242646005004643 21.914808278903365 2.2814136771485201 7.8150189761072371 1.7374669481068838
leaf_count=667 1867 2524 4050 2316 828 1374 8885 316 102 22413 56 774 243 3437 1261 1206 1756 717 1204 581 3551 184546 40609 264 287 1038 1965 146 449 81
internal_value=-0.000399315 -0.0149676 0.0269123 0.153309 0.0629217 0.0149425 -0.0239074 0.0343405 0.109431 0.00820656 0.013602 0.119688 0.0993575 -0.00999762 0.0749289 0.103848 -0.000899113 0.00451688 0.0741933 0.178823 0.0394532 -0.028361 -0.0126018 0.00505993 0.0921271 -0.0164446 0.0169354 0.0587665 0.0474591 0.147691
internal_weight=3429.93 3133.81 550.926 296.115 136.383 414.543 2582.89 85.5491 50.8337 373.715 65.7773 129.937 19.7718 627.201 40.8279 94.8908 290.137 62.5714 35.0859 15.7478 83.5784 1955.69 587.551 104.937 6.10672 482.614 35.1575 13.1193 12.0794 3.20581
internal_count=289513 283350 41652 6163 8773 32879 241698 6058 2715 30244 5050 3847 1008 56485 2635 3073 24169 4913 2032 683 6075 185213 53048 9436 551 43612 3003 863 692 137
is_linear=0
shrinkage=0.03


Tree=5
num_leaves=31
num_cat=0
split_feature=1 1 1 3 1 5 6 3 1 1 3 17 25 0 3 3 5 25 25 1 11 25 1 3 5 23 5 17 31 0
split_gain=6978.34 894.222 368.55 284.719 191.216 121.46 109.256 93.1385 92.5463 83.307 145.83 80.5628 80.4773 75.7556 69.9183 63.965 59.6896 59.6372 56.0853 53.4565 53.1641 52.4487 47.5723 71.4257 46.1567 44.2179 43.399 40.9528 39.765 35.8759
threshold=21.535994529724125 4.7025325298309335 28.445338249206547 0.085111711174249663 10.824027061462404 -4.1307325363159171 11.336050033569338 0.62124809622764599 47.646572113037116 17.107065200805668 0.43017786741256719 -0.99052309989929188 0.17876657843589785 7.5000000000000009 -0.33800648152828211 -1.4266642928123472 3.7167251110076909 0.26000218093395239 0.1611391678452492 7.6516952514648446 3.0101814270019536 0.15617772936820987 24.737689018249515 1.5261604189872744 23.231354713439945 0.24415156990289691 7.6848673820495614 -0.35220701992511744 116.6488609313965 4.5000000000000009
decision_type=2 2 2 2 2 8 8 2 2 2 2 10 2 2 2 2 10 2 2 2 2 2 2 2 8 10 10 10 2 2
left_child=1 5 7 4 6 15 17 18 11 28 21 -4 25 -13 -8 29 27 -3 -2 -19 -7 -11 -9 -24 -25 -6 -23 -14 -5 -1
right_child=2 3 8 9 12 20 14 22 -10 10 -12 13 16 -15 -16 -17 -18 19 -20 -21 -22 26 23 24 -26 -27 -28 -29 -30 -31
leaf_value=-0.019857490780778978 0.045248914379412454 -0.0015468023594871971 0.16885632217514565 0.022263734866667179 0.061358508405867214 -0.028867129940510657 0.11264588827679579 0.007048501130218726 0.1652066871260584 0.018734012176121161 -0.0013822386449181285 0.096770972807588618 0.053098633268810133 0.13933695542599814 0.022405417068327743 0.0024201412673662726 0.029907239128627326 0.013798715018379154 0.12481865201515102 0.083728928860687349 -0.016980347352243932 0.1332690232447416 0.036643312489651081 0.072843630542156049 0.23990596632337877 -0.0085692282470545486 0.0019627003347642748 0.12906926302545177 -0.011214151937446733 0.11787122865475447
leaf_weight=1.8825846360996346 13.241613429971038 118.63220282737166 33.568101054057479 34.328027992509305 20.557809982448816 1802.0467294938862 15.768604908138515 23.052708179689944 76.48760137706995 8.1566874254494923 57.986317086964846 113.27052076533437 10.48027874343097 72.612864837050438 15.479409375227986 61.244587581604719 10.89302092976868 27.522436775267124 27.929620555602014 14.760524776764212 423.56397662963718 14.014647023752334 27.011205686256289 5.9548702565953127 1.9919568058103321 12.719934535212813 2.7035170560702673 31.854275529272854 337.57993443310261 6.2863176958635449
leaf_count=148 723 9681 563 2759 1360 175393 1031 1869 785 572 4782 2216 621 1091 1185 5340 577 2302 1321 1026 38920 806 1177 269 63 887 154 1597 29652 496
internal_value=-0.000698286 -0.0161813 0.117715 0.0126425 0.0364618 -0.0253942 0.0196015 0.0666361 0.134551 -0.00200121 0.0250207 0.123166 0.0732634 0.114055 0.0700242 0.0135236 0.0959982 0.00943789 0.100907 0.039581 -0.0266136 0.0842439 0.0410157 0.062596 0.136854 0.0351594 0.113344 0.111921 -0.00807264 0.0874266
internal_weight=3423.58 3028.46 395.121 733.438 278.668 2295.02 192.163 99.182 295.939 454.769 82.8612 219.451 86.5053 185.883 31.248 69.4135 53.2276 160.915 41.1712 42.283 2225.61 24.8749 58.0107 34.958 7.94683 33.2777 16.7182 42.3346 371.908 8.1689
internal_count=289366 279289 10077 58992 20267 220297 15225 5422 4655 38725 6314 3870 5042 3307 2216 5984 2795 13009 2044 3328 214313 1532 3378 1509 332 2247 960 2218 32411 644
is_linear=0
shrinkage=0.03


Tree=6
num_leaves=31
num_cat=0
split_feature=4 2 3 2 8 1 3 6 34 5 6 5 29 29 18 17 15 24 3 6 12 18 3 3 34 34 28 14 28 1
split_gain=6152.86 1010.86 301.134 197.846 160.612 148.982 113.434 100.423 86.6948 75.9564 61.3453 60.7478 55.0977 113.49 95.1957 75.6132 49.5931 48.9902 48.1278 63.4387 47.8384 43.173 41.5529 39.6406 50.0204 38.5336 53.9744 80.6719 39.7266 37.6403
threshold=21.127206802368168 1.9370599389076235 0.37734918296337133 2.7606354951858525 3.4689532518386845 28.445338249206547 -0.022342088632285591 11.336050033569338 5.7313654422760019 23.231354713439945 4.5768651962280282 -4.1307325363159171 -0.90161547064781178 -0.95242238044738758 2.0871429443359379 -0.87383204698562611 -0.56642910838127125 0.79601609706878673 0.41216680407524114 16.084734916687015 -2.4468199014663692 1.8655853271484377 -1.4266642928123472 -0.64970704913139332 0.50479984283447277 0.79972323775291454 -0.35041563212871546 0.029149046167731289 0.091259401291608824 17.895938873291019
decision_type=2 2 2 2 2 2 2 8 2 8 10 10 2 2 10 10 10 10 2 8 2 10 2 2 2 2 2 10 2 2
left_child=1 4 3 6 10 18 7 12 25 21 -1 23 13 -3 15 -15 -17 -18 -2 -20 -9 -7 -12 24 -6 26 27 -5 -27 -30
right_child=5 2 -4 8 11 9 -8 20 -10 -11 22 -13 -14 14 -16 16 17 -19 19 -21 -22 -23 -24 -25 -26 28 -28 -29 29 -31
leaf_value=-0.027375368229243538 0.11246158256344171 0.018487256928922662 -0.005011919007632204 0.23921383175588698 0.027552018214650479 0.131479062822731 0.0014453636004585571 0.13662076022180003 0.13363121253312943 0.13872799710576522 0.077233826905012584 -0.0064441090523448393 0.010865913995356968 -0.01601229683891689 0.056758640037571154 0.052564348827788203 0.056310413251999765 0.35755321972564191 0.030680737780345635 0.100346433673988 0.054108461827033001 0.096335008018537463 -0.0042051656573574197 0.0087143026833781442 0.12849281810945951 0.026952597120603484 0.041765222286795856 0.028824241768039934 0.028968105478751643 0.13751012400302523
leaf_weight=2145.4026531754062 17.416392574086785 39.396949620917439 304.35668064653873 3.5588185712695113 12.464778278954329 53.7740134652704 122.49969630129635 11.202646787278356 17.96508573833853 120.32906652987003 5.4126959992572656 100.70705079101026 75.2717718584463 1.106628364883363 14.815691797994075 1.5317902034148572 1.0784907154738932 2.2456089686602354 38.102371226064861 17.04277460090816 18.141576817259192 154.58318967744708 46.045792379416525 22.809356208890676 6.5513084130361667 37.090012869797647 8.5361347114667279 3.0454786764457822 6.0545875364914519 5.9582877429202199
leaf_count=212054 651 2628 26397 161 971 948 10161 617 712 1230 400 9190 5728 76 999 95 69 97 1953 654 1144 2485 4037 1974 458 2283 435 159 348 288
internal_value=-0.000566918 -0.0152738 0.0170831 0.0352472 -0.0245975 0.109641 0.0233497 0.0395256 0.0760448 0.118359 -0.0265991 0.00622397 0.0282171 0.0493889 0.104441 0.197754 0.240886 0.295442 0.0690762 0.0536149 0.0890732 0.10599 0.00567004 0.0361643 0.0670096 0.0581399 0.0994657 0.158744 0.0436665 0.0892342
internal_weight=3414.5 3013.25 673.856 369.499 2339.39 401.248 287.291 164.791 82.2084 328.686 2196.86 142.532 135.447 60.1752 20.7782 5.96252 4.85589 3.3241 72.5615 55.1451 29.3442 208.357 51.4585 41.8254 19.0161 64.2433 15.1404 6.6043 49.1029 12.0129
internal_count=289402 281481 52397 26000 229084 7921 21614 11453 4386 4663 216491 12593 9692 3964 1336 337 261 166 3258 2607 1761 3433 4437 3403 1429 3674 755 320 2919 636
is_linear=0
shrinkage=0.03


Tree=7
num_leaves=31
num_cat=0
split_feature=2 27 2 11 8 8 3 31 8 4 0 6 31 25 27 6 27 25 19 17 25 11 31 27 6 27 0 11 14 6
split_gain=5425.67 836.885 330.443 169.662 143.6 134.863 117.919 104.47 85.9473 72.5918 65.3405 63.6926 63.0844 65.2441 59.2915 59.1409 53.6682 48.8448 48.811 48.1091 47.6484 46.4277 49.384 45.7495 44.5062 44.0754 47.2928 43.6041 42.6958 40.7178
threshold=3.0083692073822026 0.66129031777381908 3.3826205730438237 9.0760340690612811 1.7398586869239809 9.2604522705078143 0.46610327064991003 771.62255859375011 18.712434768676761 22.465523719787601 6.5000000000000009 13.17088031768799 321.83653259277349 0.24895898997783664 0.88530465960502636 7.859053611755372 0.84157705307006847 0.14165212213993075 0.0194255979731679 0.071904372423887267 0.32821872830390936 11.047133922576906 69.397317886352553 0.87634408473968517 3.3090882301330571 0.67204302549362194 6.5000000000000009 16.823272705078129 -0.56638318300247181 3.3090882301330571
decision_type=2 2 2 2 2 2 2 2 2 2 2 8 2 2 2 8 2 2 8 10 2 2 2 2 10 2 2 2 10 10
left_child=1 4 6 12 29 7 14 15 10 -8 19 -11 -3 23 18 25 -13 -7 -2 27 -9 -6 -23 -14 -15 26 -5 -4 -26 -1
right_child=2 3 8 5 21 17 9 20 -10 11 -12 16 13 24 -16 -17 -18 -19 -20 -21 -22 22 -24 -25 28 -27 -28 -29 -30 -31
leaf_value=-0.028236960920746117 0.15618631056468416 -0.014196421921986797 0.074212227552877305 -0.00019381872393010833 -0.013319094917846509 0.0010291809573460618 0.009124981154449565 0.050698885076578555 0.13153031995639128 0.027567421055248776 0.11043919109557399 0.12287268144937379 -0.010732879747463783 0.022587668195621517 0.057854403048764068 0.042708589848074414 -0.014811346503549953 0.11810055899714746 0.056845888738290183 0.061433242105183174 0.14235822842321144 0.066774008714967872 0.0017918944120181679 0.036457595242457522 0.0050180543888720458 -0.0017224329908619477 0.17093777743950461 0.13219969147183117 0.12035553273562376 -0.00069361765572693542
leaf_weight=1876.0483119487762 14.547887690365313 121.40759412012994 34.001326525583863 2.9813294559717169 376.49253094568849 3.770037802867594 56.692061935551465 62.010379059240222 89.121291942894459 24.705289914272726 139.46051500178874 15.355415038764479 69.22934849653393 26.13964335527271 33.526855417527258 46.942283847369254 2.7801706381142131 21.19091815687716 8.5825080815702695 74.626406069844961 5.0510901398956767 11.344819515012203 71.827933467924595 24.098844577558339 4.0744140734896055 104.67695875186473 1.8316145306453107 24.045597830787301 9.738263910636304 49.633526862598956
leaf_count=192176 545 10133 535 225 35420 233 4471 3156 832 1072 1715 465 5742 1931 1487 2951 106 1169 358 1235 131 776 6427 1661 268 8316 118 343 645 4707
internal_value=-0.000483004 -0.0165169 0.0888809 0.0186155 -0.0239321 0.0362007 0.0519074 0.0285298 0.104679 0.0317181 0.0954362 0.0607258 0.00138616 0.0155806 0.0862099 0.0149193 0.102095 0.101139 0.123209 0.0789576 0.0595929 -0.00884166 0.0113435 0.00170978 0.0471498 0.00272637 0.0831349 0.100065 0.0889693 -0.0275278
internal_weight=3405.94 2888.49 517.445 503.143 2385.35 248.455 156.19 223.494 361.255 99.5329 272.134 42.8409 254.688 133.281 56.6573 156.432 18.1356 24.961 23.1304 132.673 67.0615 459.665 83.1728 93.3282 39.9523 109.49 4.81294 58.0469 13.8127 1925.68
internal_count=289349 276185 13164 36679 239506 16299 8504 14897 4660 6114 3828 1643 20380 10247 2390 11610 571 1402 903 2113 3287 42623 7203 7403 2844 8659 343 878 913 196883
is_linear=0
shrinkage=0.03


Tree=8
num_leaves=31
num_cat=0
split_feature=2 27 2 3 11 5 1 11 25 0 18 25 34 11 5 28 34 28 13 16 23 8 13 11 20 34 19 16 17 0
split_gain=4947.41 729.965 339.931 182.376 144.911 136.365 86.7677 74.5756 74.2342 65.5793 61.6139 56.2599 50.4316 48.282 48.0499 48.002 42.2602 42.2563 53.4267 52.9271 41.2642 38.8485 39.2455 38.3492 38.1041 37.3634 36.4646 38.3503 36.3803 34.1066
threshold=2.9391911029815678 0.66129031777381908 3.2878984212875371 0.46610327064991003 3.6050454378128056 -3.9547616243362422 47.646572113037116 8.4165658950805682 0.29019023478031164 5.5000000000000009 1.9287567138671877 0.18311160802841189 3.7969349622726445 11.047133922576906 1.9605317115783694 0.15951094031333926 0.59309795498847973 -0.97113886475563038 0.84327736496925365 0.022714607417583469 -0.4433834701776504 6.5087673664093026 0.3808563649654389 13.899862766265871 -1.2242246866226194 4.0730078220367441 0.35793158411979681 -0.6677165925502776 -0.58398008346557606 6.5000000000000009
decision_type=2 2 2 2 2 10 2 2 2 2 10 2 2 2 10 2 2 2 10 10 8 2 10 2 10 2 10 10 10 2
left_child=1 4 3 11 -1 12 9 -7 15 10 14 -2 21 17 -4 29 -10 18 25 20 -20 22 -3 -14 -18 -6 27 -13 -17 -9
right_child=2 5 6 -5 13 7 -8 8 16 -11 -12 26 23 -15 -16 28 24 -19 19 -21 -22 -23 -24 -25 -26 -27 -28 -29 -30 -31
leaf_value=-0.028208698266172002 0.041514345988461314 0.035909030687502896 0.13797656455142432 0.008837885187134957 -0.0082443519548525274 -0.0094369711624014436 0.11645190546537781 -0.0067442726534252262 0.0051720281534310079 0.094503777565124666 0.050881179891915811 0.020350432324064114 0.049438914477008496 0.0065891197505678041 0.066065026986097897 -0.013244792927564423 -0.020777577705576217 -0.019378975306451388 0.23362288611396789 0.0067858204813821535 0.03006123004695934 0.061155534219900338 -0.0013052079395307547 0.14471418772037867 0.10647880662959384 0.11569410254427773 0.042088139556954667 0.13018347028375918 0.086564370199379459 0.026773801477748473
leaf_weight=1757.1694079041481 28.106824251823127 75.791265950538218 15.757593629881738 82.316617521457374 68.298849699087441 160.82315885834396 104.98995147645473 83.754369848407805 7.4429758293554213 207.53372534736991 89.114984354004264 3.6894227266311672 13.237480187788607 115.14092460181564 24.620899610221386 4.2263884954154483 2.0978420004248663 369.32224371749908 1.3880342608317731 5.4754240326583385 1.9860355425626024 31.711640336550772 38.085020661354065 5.6639200849458566 15.156655661761757 1.261885305866598 9.2930268049240095 24.315682796761394 10.776106680743395 39.353563202545047
leaf_count=185077 1467 5006 290 6360 6410 13572 795 6163 587 2857 1768 128 767 10276 451 261 113 35895 129 513 185 1890 2593 223 705 108 373 902 616 2797
internal_value=-0.000355771 -0.016951 0.0785609 0.0387908 -0.0239655 0.0163697 0.0917344 0.00502571 0.0192825 0.0837127 0.0658267 0.0757877 0.0385235 -0.0106925 0.0967846 0.0104879 0.0661405 -0.0151415 0.00481005 0.0702173 0.148069 0.0321103 0.02356 0.0838257 0.090716 -0.00438824 0.0998568 0.116914 0.0593763 0.00409975
internal_weight=3397.9 2808.16 589.739 147.722 2320.04 488.12 442.017 323.631 162.808 337.027 129.493 65.405 164.489 562.873 40.3785 138.11 24.6975 447.732 78.4102 8.84949 3.37407 145.588 113.876 18.9014 17.2545 69.5607 37.2981 28.0051 15.0025 123.108
internal_count=289277 273886 15391 9230 238593 35293 6161 24814 11242 5366 2509 2870 10479 53516 741 9837 1405 43240 7345 827 314 9489 7599 990 818 6518 1403 1030 877 8960
is_linear=0
shrinkage=0.03


Tree=9
num_leaves=31
num_cat=0
split_feature=1 11 1 31 3 4 8 30 11 3 31 29 28 14 26 28 29 20 29 18 17 27 25 8 25 5 29 28 5 28
split_gain=4358.77 678.743 286.623 184.227 108.756 143.927 106.087 103.967 102.367 96.0551 79.8819 81.4771 85.1435 118.7 73.3707 65.1006 60.7211 92.0621 106.885 56.0951 50.7887 48.3775 46.4643 45.0505 44.4499 42.948 39.8905 68.2892 38.9108 42.9342
threshold=17.895938873291019 7.1266415119171151 32.497514724731452 771.62255859375011 0.44824056327342993 22.465523719787601 8.6207771301269549 2.5000000000000004 2.2315949201583867 1.638525187969208 116.6488609313965 -0.75013810396194447 -0.30163703858852381 -0.47375611960887903 25.258389472961429 -0.36647418141365046 -0.54940786957740773 0.096399687230587019 -0.39036008715629572 2.9980621337890629 0.402631625533104 0.69390681385993969 0.30026407539844518 18.712434768676761 0.18311160802841189 -11.807638168334959 -0.92921787500381459 -0.46038399636745447 -4.5136587619781485 0.14250627160072329
decision_type=2 2 2 2 2 2 2 2 2 2 2 2 2 8 2 2 2 10 2 8 10 2 2 2 2 10 2 2 8 2
left_child=1 8 4 6 16 -6 10 -5 -1 15 11 12 13 21 -12 -7 24 18 -18 25 28 26 -22 -4 -2 -10 -3 -28 -9 -30
right_child=2 3 23 7 5 9 -8 20 19 -11 14 -13 -14 -15 -16 -17 17 -19 -20 -21 22 -23 -24 -25 -26 -27 27 -29 29 -31
leaf_value=-0.028462117605104829 0.039267832161787551 0.050191675456961335 0.081545122028155073 -0.021907177312261539 0.0039680130199158661 0.066022489351749938 0.047932861640907022 0.085590174966078264 0.046674396397229194 0.10848526797776001 -0.0088810475520438737 -0.007598459074024364 0.016745311842225056 0.036455200370538267 0.12106027813079583 0.016331997298635405 0.3320772871155856 0.034765666252114816 0.025164912737080151 -0.018544904481772956 0.06181773975999949 0.065383875833855451 0.138407874873759 0.10749253059491941 0.084854910884938781 -0.0030582216957969629 0.053379686410638658 0.38926379527034272 -0.00047943469580354742 0.062202714436006681
leaf_weight=1580.8158777523786 35.785481533035636 1.2352157868444922 231.95980913564563 16.79394165892154 77.555245201103389 48.581948493607342 43.002349188551307 10.606852862052618 17.292230630293489 24.605437226593494 350.90533864125609 42.521585331298411 32.720034350641072 13.353240094147624 2.9581552902236572 47.177997187711298 2.4719462059438229 4.0424193125218153 1.696061423048375 452.69451082218438 33.976243441924453 3.0734901204705238 9.7801530631259066 103.57855647057295 49.897102102637291 106.63322806917131 1.1530840191990139 1.5736308572813866 26.875138177536428 14.49677301943302
leaf_count=171013 1528 72 2331 1482 6052 1205 2982 494 1342 459 30511 3770 2584 966 158 1303 82 169 74 44752 1610 216 300 780 1479 9261 93 92 1514 744
internal_value=-0.000424531 -0.0166411 0.0708958 0.0114252 0.0488684 0.0359434 0.00347629 0.0458773 -0.0245136 0.0563437 -0.000873763 0.0233104 0.0477407 0.0943739 -0.00745671 0.0419633 0.0754477 0.151579 0.236223 -0.013658 0.0578716 0.186086 0.0816467 0.0898505 0.066488 0.0041994 0.247674 0.299661 0.0366941 0.0224341
internal_weight=3389.81 2762.46 627.352 605.025 291.814 197.921 492.496 112.529 2157.44 120.365 449.494 95.6303 53.1087 20.3887 353.863 95.7599 93.893 8.21043 4.16801 576.62 95.7352 7.03542 43.7564 335.538 85.6826 123.925 3.96193 2.72671 51.9788 41.3719
internal_count=289418 273956 15462 47588 12351 9019 41444 6144 226368 2967 38462 7793 4023 1439 30669 2508 3332 325 156 55355 4662 473 1910 3111 3007 10603 257 185 2752 2258
is_linear=0
shrinkage=0.03


Tree=10
num_leaves=31
num_cat=0
split_feature=1 27 2 8 3 8 29 29 28 30 28 18 27 32 25 28 17 29 28 2 1 34 0 0 28 0 11 11 17 17
split_gain=3974.21 656.393 241.661 150.271 115.783 111.194 88.0374 89.7798 70.5611 53.7795 56.4424 101.472 61.6733 54.9132 79.4795 83.294 82.4959 51.9997 66.8924 47.9272 43.3869 43.0235 39.9353 38.1044 37.2667 37.393 36.9107 36.2986 36.0537 34.3706
threshold=17.895938873291019 0.66129031777381908 3.3826205730438237 1.7398586869239809 0.43017786741256719 10.48910427093506 -0.90161547064781178 -0.99273797869682301 -0.099819734692573533 1.0000000180025095e-35 -0.35041563212871546 1.9759521484375002 0.67204302549362194 1.0000000180025095e-35 0.22692622244358066 -0.20180235803127286 -0.19350314140319821 -0.53495380282402027 -0.8940606117248534 3.2878984212875371 47.646572113037116 1.960457503795624 3.5000000000000004 2.5000000000000004 0.14250627160072329 2.5000000000000004 17.321362495422367 10.072489261627199 1.7262367606163027 0.48208600282669073
decision_type=2 2 2 2 2 2 2 2 2 2 2 10 2 2 2 2 10 2 2 2 2 2 2 2 2 2 2 2 8 10
left_child=1 3 4 -1 17 6 7 -3 23 -9 11 -11 -13 14 -12 -16 -17 -2 -19 26 -4 29 -8 -7 25 -5 -6 -25 -24 -18
right_child=2 5 20 24 19 8 22 9 -10 10 13 12 -14 -15 15 16 21 18 -20 -21 -22 -23 28 27 -26 -27 -28 -29 -30 -31
leaf_value=-0.027244613535399389 0.05789483214576701 -0.0095488613655289097 0.072114307991259785 -0.023776744467470343 -0.001161899601223058 0.014821334417230039 -0.01702435118498552 -0.010288816933628946 0.00360475777644482 0.18473873433133078 0.023281127534466334 0.18277608146575647 0.015717931317694302 0.0080131320649889544 0.018810248430866879 0.037094665532078519 0.089262074918557033 0.0043178192754588151 0.19146380363210616 0.046906749476413961 0.094982849003169695 0.1072746537190532 0.0055710016694313497 0.052203192104334696 -0.020172805343970934 0.0036392117822895372 0.045601868099555375 0.15298647022956199 0.085958696609561097 0.34047841937790974
leaf_weight=1779.8165747774765 75.846867754124105 44.6665532393381 328.27799941971898 53.989509202539921 70.773365517146885 4.2927900273352924 81.976363725028932 16.932723498903215 10.397458696737884 6.0880891541019109 34.649260018020868 1.3918914599344123 13.286537416279314 38.797086114995182 9.2666246872395295 6.0663667805492922 1.7535938527435031 2.4429314341396093 5.2024464253336182 44.235373487696052 116.06095618754625 6.368591396138072 202.97084604389966 6.62272397335619 141.11241948418319 240.09789779130369 18.325918082147837 10.105502240359781 4.1573224896565071 1.8301146309822796
leaf_count=196621 2637 2966 3941 5110 5368 244 6716 1387 561 263 2148 71 881 2873 470 254 81 108 164 1238 776 179 15070 424 14118 22589 1284 460 303 88
internal_value=-0.000308059 -0.0163659 0.0655963 -0.0233818 0.0393487 0.0145995 0.0108692 0.0272083 0.0683701 0.0392242 0.0462673 0.0905602 0.0422067 0.0361364 0.053911 0.0934017 0.132911 0.0668872 0.139081 0.0217349 0.0782874 0.182596 0.000575723 0.098786 -0.00755817 -0.00145742 0.00885584 0.118282 0.00758974 0.263844
internal_weight=3377.8 2716.64 661.166 2215.02 216.827 501.62 470.202 181.097 31.4185 136.431 119.498 20.7665 14.6784 98.7316 59.9346 25.2853 16.0187 83.4922 7.64538 133.335 444.339 9.9523 289.105 21.021 435.2 294.087 89.0993 16.7282 207.128 3.58371
internal_count=289393 273877 15516 238438 10799 35439 33750 11661 1689 8695 7308 1215 952 6093 3220 1072 602 2909 272 7890 4717 348 22089 1128 41817 27699 6652 884 15373 169
is_linear=0
shrinkage=0.03


Tree=11
num_leaves=31
num_cat=0
split_feature=2 11 2 3 27 6 28 28 27 25 25 31 6 17 18 5 5 18 29 31 6 4 31 29 3 29 11 28 17 11
split_gain=3673.06 470.856 412.334 174.172 130.213 86.1125 75.2049 88.1695 91.2222 68.2424 67.6318 68.483 58.6948 60.4337 58.305 53.0314 50.334 49.0005 46.6498 42.073 48.4271 41.4935 41.1062 51.324 41.5112 39.378 38.3951 37.9841 54.851 55.4431
threshold=2.7058720588684086 6.8890240192413339 3.2878984212875371 0.44824056327342993 0.66129031777381908 0.85604399442672741 -0.42957681417465204 -0.36647418141365046 0.67204302549362194 0.27081741392612463 0.17022511363029483 308.68588256835943 19.771276473999027 1.0000000180025095e-35 2.9980621337890629 3.416471123695374 -5.4432785511016837 1.9759521484375002 -0.99273797869682301 260.51104736328131 8.1012606620788592 15.203372001647951 69.397317886352553 -0.80417042970657338 -0.39371374249458307 -0.99864786863327015 9.2165398597717303 -0.20180235803127286 -0.35220701992511744 11.811167716979982
decision_type=2 2 2 2 2 8 2 2 2 2 2 2 8 10 8 10 10 8 2 2 8 2 2 2 2 2 2 2 10 2
left_child=1 5 3 9 22 -1 16 8 -8 15 -9 -12 13 26 19 21 -6 -10 -13 -7 -21 -2 23 24 -3 -23 -4 -20 -29 -30
right_child=2 4 12 -5 6 14 7 10 17 -11 11 18 -14 -15 -16 -17 -18 -19 27 20 -22 25 -24 -25 -26 -27 -28 28 29 -31
leaf_value=-0.028834340164771953 0.028436402658327607 0.013143478768541373 0.028342595400747957 0.0028581117215259418 0.033896888321647806 -0.020397774286897159 0.27813844759263684 -0.0087582710865248617 0.14650126507697869 0.085757332515908682 0.00793461231599615 0.0068527567889802264 0.082002345742026361 0.049278360662377944 -0.019628299236546371 0.0071014737411055854 -0.0073792196988725321 0.029085815248783231 0.033109726239311979 0.0030614694247390753 0.058493448809968256 -0.017882607266927007 -0.011361965523566131 -0.0072633919125805217 0.12051303895844218 0.08026533673224362 0.083416512129374371 0.029342960156868419 0.083620983745494468 0.20680538222256892
leaf_weight=1419.9198331432417 42.663062380626798 6.5877202022820711 14.186034161597489 147.8054263163358 38.098605232313275 38.231559890322387 1.4301045583561087 30.7656619399786 4.0616138679906699 33.805080930702388 31.042594855651259 10.171193010173736 229.03611671179533 178.58540404215455 488.44402479380369 37.087234763428569 82.301546801812947 10.586661127395928 12.615360433235763 51.959322856739163 18.573646583594382 3.6997885555028907 239.57536563649774 18.513280595652759 5.9523081434890646 38.117196468636394 109.48256509564817 7.9966690065339199 13.156573349609976 5.1848979769274584
leaf_count=161088 2434 539 248 11677 2237 3482 62 2111 144 993 2191 508 1890 2683 51839 1890 6328 702 670 4694 1541 158 23238 1698 335 1444 1404 420 648 193
internal_value=-0.000289596 -0.0182613 0.0542661 0.0262278 0.00723977 -0.0248108 0.0229269 0.0389394 0.102729 0.0482988 0.0288586 0.0432249 0.0701866 0.0609923 -0.0152123 0.0372677 0.00585354 0.0689239 0.0649221 0.0046174 0.0182722 0.0502729 -0.00713315 0.0248286 0.0692445 0.0713668 0.077377 0.0795336 0.0997451 0.127336
internal_weight=3369.64 2535.17 834.468 303.178 518.04 2017.13 247.411 127.011 16.0784 155.372 110.933 80.1673 531.29 302.254 597.209 121.567 120.4 14.6483 49.1247 108.765 70.533 84.48 270.629 31.0533 12.54 41.817 123.669 38.9535 26.3381 18.3415
internal_count=289489 264668 24821 18596 42024 222644 16214 7649 908 6919 6741 4630 6225 4335 61556 5926 8565 846 2439 9717 6235 4036 25810 2572 874 1602 1652 1931 1261 841
is_linear=0
shrinkage=0.03


Tree=12
num_leaves=31
num_cat=0
split_feature=1 2 2 3 5 11 3 0 8 29 28 1 8 8 29 30 8 25 12 29 33 17 28 15 15 34 0 3 15 3
split_gain=3243.89 597.865 167.007 149.129 104.281 100.903 93.13 63.064 50.7228 49.7684 64.8101 46.4465 43.8341 43.3033 42.0792 46.0583 41.1262 47.7298 38.6914 38.3759 37.5518 34.253 33.6406 33.4543 32.9773 32.362 32.2688 39.5553 31.2407 30.9219
threshold=17.895938873291019 1.5748444199562075 3.3826205730438237 0.060972640290856368 -3.1791435480117793 9.7714662551879901 0.4836986511945725 2.5000000000000004 10.48910427093506 -0.53495380282402027 -0.86976337432861317 47.646572113037116 8.9200258255004901 3.4689532518386845 -0.82413947582244862 2.5000000000000004 6.3466393947601327 0.33355037868022924 10.828636646270754 -0.92921787500381459 2.4285861253738408 0.58353298902511608 -0.36647418141365046 0.69703012704849254 -1.0368133783340452 0.19835896790027621 6.5000000000000009 0.52106276154518139 1.1074008941650393 -1.4266642928123472
decision_type=2 2 2 2 8 2 2 2 2 2 2 2 2 2 2 2 2 2 2 2 2 10 2 10 10 2 2 2 10 2
left_child=1 4 6 5 29 14 9 -7 -8 -2 -11 26 25 -6 15 -3 17 20 -12 -18 -9 -17 23 -10 -23 -5 27 -4 -21 -1
right_child=2 3 11 12 13 7 8 16 22 10 18 -13 -14 -15 -16 21 19 -19 -20 28 -22 24 -24 -25 -26 -27 -28 -29 -30 -31
leaf_value=0.051802183426015648 0.047493699891253294 0.0026172793253855936 0.08228444140230462 0.023526155519867711 -0.027715772821410724 -0.0068714535720236078 0.0073542008296674389 0.023694927264035676 0.10387452726871217 0.027558403637742673 0.24422146993132576 0.081675652347186892 0.02541902960932628 -0.0024806495940280751 -0.0073513611718473071 0.025104508176033196 0.041591312288929101 0.093755619367696635 0.069033716077484542 0.12770326893863118 0.10145017398556294 -0.0051129239386010546 0.01721882809688445 -0.0029239507268633562 0.11472293940647194 -0.011098049197869782 0.068855725890152999 0.043103200227990732 -0.0075400529395641541 0.00059271654124391521
leaf_weight=11.766863048076628 91.605411141179502 49.885060572996736 28.713905245065689 25.13556591887027 1729.11881871894 23.03435168787837 102.15341481845826 86.143320631235838 11.674130595289173 5.1623773211613297 2.8093888526782376 127.67267453670502 36.048202583566308 63.658613150008023 99.347059205174446 23.710611710324883 15.982948035933079 10.981612564064561 3.2035121284425259 12.436457840725778 5.1318789701908818 2.5370304072275749 14.560782844200729 3.2663043588399878 8.479363087564705 357.35460199695081 181.63175943121314 148.95773656666279 1.6140715861693014 63.024407407268882
leaf_count=843 2988 4035 400 1959 200200 1475 6238 4931 523 193 67 779 2707 6252 8523 1299 707 449 101 570 247 131 670 135 415 32777 1673 1801 76 5956
internal_value=-0.000772981 -0.0162581 0.0555257 0.00621023 -0.0253738 0.0209616 0.0344855 0.0386864 0.0175689 0.0557764 0.114194 0.0655633 -0.00576929 -0.0268216 0.00586755 0.0212931 0.046611 0.036901 0.174039 0.0774168 0.0291187 0.0472965 0.0515384 0.0818074 0.0889964 -0.00876729 0.0596272 0.0498605 0.112698 0.00922665
internal_weight=3346.8 2625.39 721.411 757.822 1867.57 339.284 234.435 155.325 131.655 102.781 11.1753 486.976 418.538 1792.78 183.959 84.6121 132.29 102.257 6.0129 30.0335 91.2752 34.727 29.5012 14.9404 11.0164 382.49 359.303 177.672 14.0505 74.7913
internal_count=289120 273552 15568 60301 213251 22858 10915 8455 7566 3349 361 4653 37443 206452 14403 5880 6980 5627 168 1353 5178 1845 1328 658 546 34736 3874 2201 646 6799
is_linear=0
shrinkage=0.03


Tree=13
num_leaves=31
num_cat=0
split_feature=2 2 4 3 3 6 5 27 3 0 3 3 28 4 0 27 30 31 2 12 0 17 27 5 17 12 0 28 6 0
split_gain=3106.06 447.656 309.574 138.981 137.061 119.052 94.1862 56.8576 62.0995 51.7291 51.6696 44.0817 43.2638 38.269 35.1662 34.6924 33.968 32.5462 32.2657 40.3461 31.8097 30.3452 26.6146 28.7425 26.5381 25.887 37.7047 25.221 24.578 24.4684
threshold=2.7058720588684086 1.5941298604011538 22.465523719787601 -0.022342088632285591 0.73512393236160289 5.8085851669311532 -3.1791435480117793 0.79032260179519664 0.097844045609235777 2.5000000000000004 1.0495780110359194 -1.3676469922065733 0.76140651106834423 5.4861268997192392 4.5000000000000009 0.11469534039497377 1.0000000180025095e-35 116.6488609313965 2.9391911029815678 -0.99850526452064503 1.5000000000000002 -0.87383204698562611 0.93440860509872448 23.231354713439945 0.99285352230072033 22.299015045166019 7.5000000000000009 -0.81429189443588246 2.0650470256805424 7.5000000000000009
decision_type=2 2 2 2 2 8 8 2 2 2 2 2 2 2 2 2 2 2 2 2 2 10 2 10 10 2 2 2 8 2
left_child=1 6 4 5 7 13 11 16 -9 22 -11 14 21 29 -1 -8 -2 -5 -10 -20 -18 -12 23 -4 -22 26 -23 -16 -17 -3
right_child=2 3 9 17 -6 -7 15 8 18 10 12 -13 -14 -15 27 28 20 -19 19 -21 24 25 -24 -25 -26 -27 -28 -29 -30 -31
leaf_value=-0.023728275744943825 -0.0088198476907320571 -0.012205809402800003 0.021558673466852939 0.019335575015059073 -0.0093614676260994657 0.049252397919784786 -0.029770563961297212 0.049121792916091513 -0.015428653408043355 0.052040288897414043 0.10184402894195481 -0.0037399746339296653 0.034556730723878444 0.023019487896098371 -0.0043227382549112349 -0.023607539116597107 -0.00073538478320271997 -0.011216358032222856 0.099204073197715376 0.01384427392017701 0.056231081273407424 0.038524191210221076 0.069147664992235749 0.063205918793039245 0.10605600543612355 0.081252204747037982 0.076754646281669642 0.10227397240401491 -0.0079320446869646285 0.022095235614950404
leaf_weight=3.5260036271065465 5.9659334113821378 84.762400372885168 64.422848287038505 33.9744414081797 86.118469007313251 86.808682858943939 1120.320024298504 56.259554825723171 30.978278117254376 205.56671444419771 40.868974765762687 63.300815688446164 27.001074509695172 74.912401744164526 2.4632782470434895 521.36004661675543 6.0039991606026879 311.29491083230823 4.5433836020529261 55.46997678373009 39.591528651304543 49.276181370019913 22.363266844302416 19.295077119022608 15.362135170958934 118.64897245541215 50.899667471647263 8.0377426734194142 110.36379620153457 22.973160189576447
leaf_count=265 462 7221 1117 2660 7273 4795 135512 2109 2235 2967 299 5968 234 4506 187 59592 323 29498 208 2777 1921 594 298 149 555 704 492 517 11898 1804
internal_value=-0.000175908 -0.0177119 0.0474848 0.00443149 0.0225252 0.0205399 -0.0251511 0.0353305 0.0246273 0.059953 0.0641113 0.0071683 0.0725556 0.00669954 0.0533679 -0.0265808 0.0581715 -0.0081629 0.00911311 0.0218266 0.0647645 0.0763587 0.0402378 0.0317902 0.071806 0.0711573 0.0585158 0.0790673 -0.0208859 -0.00475564
internal_weight=3342.73 2444.1 898.636 614.726 300.293 269.457 1829.37 214.175 147.251 598.343 492.262 77.3278 286.695 182.648 14.027 1752.04 66.9236 345.269 90.9916 60.0134 60.9577 259.694 106.081 83.7179 54.9537 218.825 100.176 10.501 631.724 107.736
internal_count=289140 264423 24717 50484 17863 18326 213939 10590 7329 6854 5290 6937 2323 13531 969 207002 3261 32158 5220 2985 2799 2089 1564 1266 2476 1790 1086 704 71490 9025
is_linear=0
shrinkage=0.03


Tree=14
num_leaves=31
num_cat=0
split_feature=4 2 8 3 5 11 3 31 31 22 5 5 2 16 28 28 28 31 3 21 28 11 11 11 31 30 3 17 5 3
split_gain=2789.48 446.955 290.817 164.31 98.6294 75.3361 69.3624 64.1975 64.7084 57.6264 48.7066 46.6646 45.3539 39.2376 41.2392 37.8437 41.7797 77.4692 47.7203 59.5261 34.5288 48.9618 33.6709 33.5284 30.8344 28.6045 33.9099 27.8049 27.7826 40.041
threshold=6.8659038543701181 3.2878984212875371 2.5737705230712895 0.46610327064991003 -4.9543566703796378 3.0101814270019536 -0.49693320691585535 771.62255859375011 408.92024230957037 0.45798304677009588 -3.0404305458068843 -4.1307325363159171 3.5994379520416264 0.16201683133840564 0.14250627160072329 -0.42957681417465204 -0.35041563212871546 116.6488609313965 0.19221074134111407 -0.25078877806663508 -0.72696319222450245 11.618136405944826 15.474707126617433 8.9506421089172381 334.84590148925787 1.5000000000000002 1.5261604189872744 0.53341379761695873 -8.5000596046447736 -1.4266642928123472
decision_type=2 2 2 2 10 2 2 2 2 10 10 8 2 10 2 2 2 2 2 10 2 2 2 2 2 2 2 10 8 2
left_child=2 3 5 7 6 28 -4 8 9 13 -7 -9 25 14 15 20 17 -17 19 -18 21 -2 -8 -6 -19 -3 -27 -23 29 -1
right_child=1 12 4 -5 23 10 22 11 -10 -11 -12 -13 -14 -15 -16 16 18 24 -20 -21 -22 27 -24 -25 -26 26 -28 -29 -30 -31
leaf_value=0.14383461715290682 0.019897085384817732 0.058973521150868499 0.060170919866107196 -0.0020307131922209158 -0.011759136365843432 0.0030054402449625887 -0.00032108032744650921 0.086159542748489443 -0.012267057686030281 0.0018592549698193187 -0.019963888545782921 0.038764296124170157 0.062808766351477349 0.015423521713376572 0.0010559653319022482 0.26031695637444885 0.017931808578208006 -0.0082138739205470032 0.0061586313102078034 0.13698788157087821 0.0046552675045523559 0.16928027090108114 0.073069740280486725 0.012738525209468016 0.13382149214420469 0.030796639162160092 0.068014012344644076 0.02596252508408653 -0.02871645762638711 -0.013618949669836304
leaf_weight=1.0676782131195066 9.1307649454101902 93.158084956929088 40.626466997899115 221.18832799512893 176.86201831884682 111.28858649358153 47.879198536276817 23.252718249335885 41.946454726159573 47.924446633085608 324.12710343021899 104.35411023441702 341.71261468157172 36.77368513867259 11.313527453690766 2.3998611252754953 6.4177612178027656 3.0139584252610803 8.7889258647337538 9.5542185315862316 15.156607579439877 3.8019812414422622 5.3740458609536281 69.173465558327734 1.3758252048864958 134.24050847254694 26.763906501233578 2.1911912811920047 1391.227355632931 4.4029079349711537
leaf_count=66 673 1296 2453 18595 17789 9922 3995 703 3109 2841 34574 3712 2329 2159 660 76 339 151 485 490 895 210 343 5477 80 2236 304 138 172429 405
internal_value=-0.000348743 0.0375354 -0.0203183 0.0179477 0.00515425 -0.0250445 0.0311422 0.0314101 0.0206255 0.0293888 -0.0140997 0.0480035 0.0555082 0.0412667 0.0538762 0.0633703 0.0862999 0.1502 0.0636274 0.0930247 0.0374839 0.0680544 0.00829546 -0.00484788 0.0528716 0.0454852 0.037365 0.128087 -0.0284439 0.0345906
internal_weight=3316.49 1144.46 2172.03 548.584 339.915 1832.11 93.8797 327.396 199.789 157.843 435.416 127.607 595.875 109.918 73.1446 61.8311 31.5506 6.78964 24.7609 15.972 30.2805 15.1239 53.2532 246.035 4.38978 254.162 161.004 5.99317 1396.7 5.47059
internal_count=288934 41481 247453 35316 30057 217396 6791 16721 12306 9197 44496 4415 6165 6356 4197 3537 1621 307 1314 829 1916 1021 4338 23266 231 3836 2540 348 172900 471
is_linear=0
shrinkage=0.03


Tree=15
num_leaves=31
num_cat=0
split_feature=2 2 4 3 3 5 5 3 27 3 25 29 5 8 1 1 34 6 31 29 5 3 29 25 18 8 29 27 5 8
split_gain=2616.13 438.577 228.797 128.022 113.797 93.6126 67.9076 64.345 50.6036 46.6837 46.4901 46.227 42.5166 41.8527 39.1786 38.0658 37.475 33.8817 31.8765 43.7197 28.0615 24.1838 29.286 22.9513 22.559 23.9291 22.2958 31.0519 22.0354 21.3296
threshold=2.7058720588684086 1.5748444199562075 22.465523719787601 -0.31792248785495753 0.46610327064991003 -3.1791435480117793 -7.9967195987701407 1.5261604189872744 0.79032260179519664 0.085111711174249663 0.32821872830390936 -0.15950992703437802 -4.1307325363159171 3.4689532518386845 32.497514724731452 6.9576928615570077 3.7969349622726445 23.045776367187504 69.397317886352553 -0.75013810396194447 -9.8166737556457502 -1.4539538621902464 0.39629089832305914 0.11385202407836915 3.2394256591796879 13.356622219085695 -0.99052476882934559 0.37706093490123754 3.416471123695374 6.3466393947601327
decision_type=2 2 2 2 2 8 10 2 2 2 2 2 10 2 2 2 2 8 2 2 8 2 2 2 8 2 2 2 10 2
left_child=1 5 4 6 8 17 29 11 -2 28 15 14 24 -7 -4 -8 -9 21 19 -14 -6 22 -1 -16 -5 -26 27 -15 -10 -3
right_child=2 3 7 12 20 13 10 16 9 -11 -12 -13 18 26 23 -17 -18 -19 -20 -21 -22 -23 -24 -25 25 -27 -28 -29 -30 -31
leaf_value=0.020745359201366029 0.06292428677658353 0.044472252702467692 0.034363582640233294 0.024823899520595053 0.053453436754113931 -0.027501207302786219 -0.007038776656867177 0.071450287211629451 0.055777427168496742 0.0094330320095793296 0.08028980966215235 0.0014615966773398827 0.078982375236444316 0.13946440188996934 0.08278317147084574 0.028008669056822064 0.027284729712705038 0.11040052648426826 -0.011626825115429142 -0.0150368049767741 -0.0036872545211758005 -0.0042286602842051112 0.15443535111321074 0.051073452059381817 -0.0037402283361450453 0.074048807263858304 -0.0078696692751863296 -0.0027758918621858747 0.011580412101809634 0.095669643653766234
leaf_weight=11.290476917289194 46.616238807328045 32.465165028348565 144.05790632590652 55.912118277512491 7.2276914250105619 1595.6572973141447 58.033116701059043 169.09488207101822 44.883860337547958 69.824444264173508 8.1224454985931498 20.567506799474359 7.4907426601275828 1.2987733995541919 24.757396541535854 52.141242873854935 21.102876156568527 1.7717688502743829 317.67942474130541 8.7998975086957198 128.18350789323449 62.19183880276978 0.78730675484985191 260.11361415311694 74.441183586604893 2.7352576414123169 57.823815365321934 3.3658209880813956 13.826937315985559 10.612328588031231
leaf_count=711 1459 1519 2915 3848 513 200040 4736 1211 1498 3479 380 285 420 124 207 2970 183 133 29674 724 10361 5840 56 2030 6460 196 5875 313 532 408
internal_value=-0.0003818 -0.0172891 0.0416288 0.00417803 0.0204092 -0.0250663 0.0271259 0.0518826 0.0363056 0.0262405 0.0151331 0.0454709 -0.00379176 -0.0265585 0.0475729 0.00965056 0.0667184 0.00739579 -0.00949927 0.0302626 -0.000267823 0.00350443 0.0406027 0.0541092 0.0104946 -7.13243e-05 -0.00243266 0.0544572 0.0457369 0.0589693
internal_weight=3312.88 2362.62 950.257 628.433 310.563 1734.19 161.374 639.694 175.151 128.535 118.297 449.496 467.059 1658.15 428.929 110.174 190.198 76.0414 333.97 16.2906 135.411 74.2696 12.0778 284.871 133.089 77.1764 62.4884 4.66459 58.7108 43.0775
internal_count=289100 264427 24673 51335 17842 213092 10013 6831 6968 5509 8086 5437 41322 206352 5152 7706 1394 6740 30818 1144 10874 6607 767 2237 10504 6656 6312 437 2030 1927
is_linear=0
shrinkage=0.03


Tree=16
num_leaves=31
num_cat=0
split_feature=2 4 6 3 29 25 11 11 4 3 29 31 30 15 19 33 34 6 12 22 28 12 3 29 28 25 29 34 34 28
split_gain=2435.14 497.542 179.323 131.456 77.462 69.9262 69.2843 57.3255 47.295 46.7599 46.3649 77.3163 65.212 99.7977 69.7041 50.7841 41.6151 40.8835 40.7942 39.8251 37.9836 34.7245 35.796 40.6708 63.1011 33.8517 31.7313 31.9926 31.2093 28.4235
threshold=2.0240231752395634 24.089230537414554 3.3090882301330571 0.43017786741256719 -0.90161547064781178 0.32207120954990393 3.0101814270019536 15.143396377563478 18.940095901489261 1.5261604189872744 -0.93543598055839527 116.6488609313965 2.5000000000000004 -0.095590084791183458 0.82030305266380321 2.0951942205429082 5.039884328842164 12.504670143127443 -0.63996586203575123 0.022269890643656257 0.46800856292247778 8.9321517944335955 0.1242237724363804 -0.9852197766304015 0.091259401291608824 0.2778321653604508 -0.15950992703437802 0.38885962963104254 7.4628975391387948 -0.13398594409227368
decision_type=2 2 10 2 2 2 2 2 2 2 2 2 2 10 10 2 2 10 2 10 2 2 2 2 2 2 2 2 2 2
left_child=2 3 6 4 5 10 -1 16 -5 26 21 15 -13 -14 18 -12 -6 -4 -15 -17 -18 -2 23 24 -23 -9 27 -3 -11 -7
right_child=1 9 17 8 7 29 -8 25 -10 28 11 12 13 14 -16 19 20 -19 -20 -21 -22 22 -24 -25 -26 -27 -28 -29 -30 -31
leaf_value=-0.028304739667985978 0.016444833610970232 0.012588736553354312 0.0036688770026862025 -0.0075913731048306825 0.00031215780338516034 0.11691081517715513 -0.014205286297649566 0.026803662103940088 0.021095511876056759 0.067189082232784456 -0.0072233876783191191 -0.0067124330015960838 -0.00199574832648069 0.039053921663590119 -0.0061534379285147524 0.23554597183275469 0.0083383281064752842 0.051265162501238713 0.20070351620204155 0.054610155028476139 0.074838262725028054 0.046415934788548115 0.010823098457752381 0.033771037202755247 0.24244291725160907 0.090918798866516007 0.006213813212671216 0.048343700291617948 0.02539297191071483 0.041410225318370832
leaf_weight=1351.9261088762432 130.82408067118376 24.831759970635176 124.96191067155451 240.20336194802076 177.83637549169362 12.076639049686493 412.69121816428378 27.121757535263896 64.847408092580736 166.26229410804808 1.5917957993224252 16.495678665116429 9.3392450083047169 2.4389312015846363 2.670914649963378 3.2732491530478001 18.081235778518025 17.703112400136888 6.3682866245508185 2.5065130405128002 12.890071088448165 4.0504996040835968 10.439322265796362 8.2482231026515382 2.0688053518533707 10.012415687553583 19.056949341669679 378.79298971779644 19.591845463961363 9.3220221754163486
leaf_count=176473 6542 291 11055 21722 12486 314 44275 1399 3468 1061 91 918 373 112 119 80 835 1177 193 79 527 151 354 262 45 295 212 3888 144 408
internal_value=-0.000437897 0.0298858 -0.0224023 0.0138785 0.0238552 0.0366857 -0.0250172 0.0121868 -0.00144414 0.0501554 0.0308679 0.057608 0.0379109 0.0719574 0.127467 0.140872 0.005979 0.00989076 0.164485 0.176708 0.0374903 0.0228715 0.0548135 0.0839924 0.137434 0.0460218 0.0443975 0.0461805 0.0629426 0.0873373
internal_weight=3288.53 1381.24 1907.28 772.707 467.656 221.714 1764.62 245.942 305.051 608.536 200.316 44.6846 37.3131 20.8174 11.4781 7.37156 208.808 142.665 8.80722 5.77976 30.9713 155.631 24.8069 14.3675 6.1193 37.1342 422.682 403.625 185.854 21.3987
internal_count=289349 56369 232980 50773 25583 10041 220748 15542 25190 5596 9319 1965 1715 797 424 250 13848 12232 305 159 1362 7354 812 458 196 1694 4391 4179 1205 722
is_linear=0
shrinkage=0.03


Tree=17
num_leaves=31
num_cat=0
split_feature=1 4 6 3 11 25 2 11 14 30 28 31 30 3 31 27 11 30 28 14 28 31 12 27 28 27 28 3 22 22
split_gain=2269.28 454.452 166.313 118.106 72.7997 69.6032 61.1131 50.9336 72.9279 67.0219 67.026 36.5192 33.6264 29.6813 32.2724 28.8013 26.5258 25.9708 35.2619 39.0685 32.4403 24.831 24.7397 23.8704 25.4536 21.8012 31.7993 25.6277 21.9968 22.4021
threshold=6.4357738494873056 19.937802314758304 3.3090882301330571 0.41216680407524114 3.0101814270019536 0.18199714273214343 3.5994379520416264 9.2165398597717303 -0.35134603083133692 1.5000000000000002 -0.11692013591527937 408.92024230957037 1.0000000180025095e-35 -0.76055395603179921 69.397317886352553 0.85250896215438854 11.618136405944826 1.5000000000000002 -0.97113886475563038 0.71407553553581249 -0.99275806546211232 771.62255859375011 1.7295175790786745 0.45896057784557348 0.34235194325447088 0.87634408473968517 -0.80418667197227467 -0.1034729517996311 -0.46805998682975763 1.692737400531769
decision_type=2 2 10 2 2 2 2 2 10 2 2 2 2 2 2 2 2 2 2 10 2 2 2 2 2 2 2 2 10 10
left_child=2 3 4 5 -1 25 -3 21 9 10 11 12 -9 -4 -15 17 -5 18 19 -6 -21 -7 -14 -10 -25 -2 27 -27 -28 -30
right_child=1 6 13 16 15 7 -8 8 23 -11 -12 -13 22 14 -16 -17 -18 -19 -20 20 -22 -23 -24 24 -26 26 28 -29 29 -31
leaf_value=-0.028307579965440248 -0.0088206764052812681 0.03553234751413014 0.02756948604882491 -0.012130845484688844 0.011146101938323711 0.00169372907741214 0.05334832940101665 0.01470312451433551 0.1050610753448632 0.042184931370375926 -0.0058974202658988511 0.030912693154325068 0.20176165829588849 0.061534227894816607 -0.0060932748464363612 0.02399292940504542 0.0077787633178179371 -0.021739441688837118 -0.010856115884106499 -0.014493226403190828 0.17887435085108336 0.032078631063245662 0.080793770085049441 0.015083917758924257 0.069123247272597374 0.14483472979027015 0.031800901160830321 0.0011251455107675887 -0.0062442607222567004 0.063739208835327424
leaf_weight=1311.6581360143609 66.887184517458081 345.32769807148725 49.109116019681096 168.78280424699187 14.215565202292057 69.938431333750486 372.09858108684421 1.6662785429507536 2.0984693793579927 55.236323375254869 3.8728265650570384 3.4032646901905528 7.6372407479211688 5.8537426572293034 85.591410127468407 16.626238429918885 92.490091912448406 230.56893172347918 139.48198961047456 0.91834694147110019 1.5829158890992392 36.115612474270165 4.3449333421885967 97.753728953190148 7.6760346004739395 1.9099381482228639 25.880687360651791 1.8380075236782421 54.206974496133626 3.4485745327547184
leaf_count=176065 4961 6721 3519 16036 1586 5485 2304 117 113 2051 232 228 306 447 8012 1235 7424 25458 15416 104 161 1792 101 4484 266 124 1344 102 2899 168
internal_value=-0.000457113 0.0280386 -0.0223069 0.0109123 -0.0248773 0.0203152 0.0448341 0.0289569 0.0384876 0.0608263 0.105867 0.130172 0.151122 0.00901136 -0.00114539 -0.0136811 -0.0050801 -0.0153583 -0.0058606 0.0340811 0.124017 0.012244 0.167499 0.0222508 0.0196309 0.00399232 0.0137998 0.0894394 0.0093883 -0.00104301
internal_weight=3278.22 1422.61 1855.61 705.187 1715.05 443.915 717.426 289.743 183.689 76.1609 20.9245 17.0517 13.6485 140.554 91.4452 403.394 261.273 386.768 156.199 16.7168 2.50126 106.054 11.9822 107.528 105.43 154.171 87.2842 3.74795 83.5362 57.6555
internal_count=289261 57258 232003 48233 220025 24773 9025 15175 7898 3035 984 752 524 11978 8459 43960 23460 42725 17267 1851 265 7277 407 4863 4750 9598 4637 226 4411 3067
is_linear=0
shrinkage=0.03


Tree=18
num_leaves=31
num_cat=0
split_feature=1 2 8 3 11 8 31 5 31 6 28 28 14 33 5 5 3 21 5 8 25 28 12 1 17 29 25 5 3 6
split_gain=2105.7 418.537 169.56 115.837 69.0353 63.46 63.3163 57.4992 48.9308 46.6346 39.8666 72.3963 79.9684 64.896 36.2735 34.1371 33.3289 32.1923 29.6348 31.8142 28.1867 42.3296 29.5695 31.7563 29.4742 35.3218 27.2452 25.3205 38.3588 24.9242
threshold=6.4357738494873056 3.2117409706115727 3.3535856008529668 0.43017786741256719 2.3604370355606084 18.712434768676761 771.62255859375011 -9.0733609199523908 116.6488609313965 3.3090882301330571 -0.67803022265434254 -0.33425341546535486 0.37555581331253057 2.0103409290313725 -3.6211539506912227 -9.8166737556457502 -0.45916961133480066 -0.98212793469429005 -9.0733609199523908 10.023713588714601 0.24895898997783664 -0.048361575230956071 3.4520977735519414 17.895938873291019 0.38324683904647833 -0.96234029531478871 0.29263758659362799 -8.5000596046447736 -1.4266642928123472 9.5779032707214373
decision_type=2 2 2 2 2 2 2 10 2 8 2 2 8 2 8 8 2 10 10 2 2 2 2 2 10 2 2 8 2 10
left_child=2 3 4 6 27 -3 8 16 10 -6 -2 12 13 -12 -8 -5 -4 -16 -10 -20 -19 24 -23 -24 -22 -26 -27 28 -1 -15
right_child=1 5 7 15 9 -7 14 -9 18 -11 11 -13 -14 29 17 -17 -18 20 19 -21 21 22 23 -25 25 26 -28 -29 -30 -31
leaf_value=0.13534867210512433 -0.015583548676132609 0.038124887862857282 0.070107439702738431 0.039542120377326274 -0.020417505017819561 0.060110262712287948 0.060065805602736319 -0.0010712831485288291 0.024671440293836083 0.0015169899254002779 -0.011630999124614802 0.009479140600083813 3.7585646774509519e-05 0.18221464592840891 -0.0096609800713313293 -0.0076838278598754467 0.0058019471016875846 0.01729245670199523 -0.0036886140330357428 0.037773213511400998 -0.0074756904330754263 0.11795646657915412 0.0013556592255622583 0.094925914477616238 -0.011773030316758687 0.017678054485334167 0.10009370552015019 -0.028752294285001836 -0.018089543757140204 0.039384488435089675
leaf_weight=1.1726226052269337 9.1171405939385277 555.88656460586935 17.456465453840796 13.582822307944296 328.07072008261457 155.1942813359201 37.328396989963949 128.1265320526436 56.976319651119411 118.52499161241576 2.2023004936054305 18.3491186471656 5.8426842363551286 8.548897694796322 18.689639690332115 251.72261225711554 12.271104256622491 59.333028781227767 175.91549510508776 17.386932692490518 14.204671706072984 9.4369638422504085 7.3502310961484891 4.9150291383266449 6.3004610119387534 6.3180381767451754 9.36511884909123 1204.7973427502438 3.9252004660665989 1.9786576330661763
leaf_count=58 657 6749 966 1050 39012 953 1148 12388 3027 11210 136 801 294 268 819 22702 1045 2680 13145 840 522 287 294 84 101 191 154 166826 358 51
internal_value=-0.000389315 0.0266076 -0.0219073 0.0107079 -0.0247374 0.0430009 0.0196464 0.00775934 0.0111609 -0.0146058 0.0392447 0.0528375 0.0930014 0.132559 0.0340129 -0.0051266 0.0446158 0.0264711 0.00585931 0.000215955 0.0322648 0.047056 0.0794599 0.0431812 0.0260092 0.0470293 0.0699419 -0.028462 0.0336131 0.161115
internal_weight=3260.29 1445.95 1814.34 734.865 1656.49 711.081 469.559 157.854 296.318 446.596 46.0388 36.9217 18.5725 12.7299 173.242 265.305 29.7276 135.913 250.279 193.302 117.224 57.8905 21.7022 12.2653 36.1883 21.9836 15.6832 1209.9 5.09782 10.5276
internal_count=288816 56953 231863 49251 217464 7702 25499 14399 19219 50222 2207 1550 749 455 6280 23752 2011 5132 17012 13985 4313 1633 665 378 968 446 345 167242 416 319
is_linear=0
shrinkage=0.03


Tree=19
num_leaves=31
num_cat=0
split_feature=2 11 2 6 0 18 5 29 11 8 0 0 14 15 8 8 27 27 27 8 28 5 27 31 22 27 28 5 5 20
split_gain=2091.59 264.81 247.718 88.2968 79.4241 68.277 56.0906 41.3964 39.7951 36.3533 37.0284 35.3038 31.312 33.0608 31.3023 29.9818 37.1759 45.4992 28.2375 27.6416 35.9031 32.0869 27.2652 25.3015 25.113 25.0985 28.8079 24.9172 24.1261 23.7053
threshold=2.3728451728820805 4.143972873687745 3.3826205730438237 5.4003055095672616 1.5000000000000002 2.2750854492187504 -9.0733609199523908 0.63089349865913402 9.7714662551879901 2.8597393035888676 6.5000000000000009 5.5000000000000009 0.75038889050483715 -0.56642910838127125 8.6207771301269549 9.6139369010925311 0.85250896215438854 0.86881721019744884 0.23494623601436618 3.4120500087738042 0.22700754553079608 2.3218028545379643 0.23494623601436618 69.397317886352553 -0.28911821544170374 0.96774193644523632 -0.30163703858852381 -2.1445131301879878 23.231354713439945 0.10589636117219926
decision_type=2 2 2 8 2 8 8 2 2 2 2 2 10 10 2 2 2 2 2 2 2 8 2 2 10 2 2 10 10 8
left_child=1 6 4 9 -2 8 7 -1 -6 -3 -11 25 13 -10 23 16 27 19 -9 21 -21 -18 -8 -5 -19 -4 -27 -7 -13 -17
right_child=2 3 11 14 5 15 22 18 12 10 -12 28 -14 -15 -16 29 17 24 -20 20 -22 -23 -24 -25 -26 26 -28 -29 -30 -31
leaf_value=0.0035817883414760005 -0.016074400350041519 -0.015850223548249977 0.031728802253640269 0.048180140012476863 0.015663182971654629 0.015930803403353969 -0.029230484086301894 0.0082087989194764739 0.030608431541690174 -0.0082311560459668656 0.023865666354056885 0.045281766285911004 0.01094772140094304 0.065402194184693299 0.05339958563972097 0.051874868739040729 0.15112858159793061 0.035573387693156926 0.18951875506465068 0.085720984013901144 -0.015268906458576627 0.021184562069399011 -0.019204055817749133 0.0073022335502061948 -0.0029334387204311032 0.10090540511616285 0.024743790265798978 -0.003639493496811883 0.064904620316612982 0.015031764298402306
leaf_weight=10.463430841453372 58.489073261618614 281.06827161367983 232.42259564250708 14.24706009402871 66.551131083630025 92.124758645892143 1066.4760522060096 1.3434934215620153 45.398674202151597 93.738790248520672 48.137356548570096 286.10511798784137 21.585593030788004 61.980829225853086 17.166268001310527 28.229801435954869 4.578844195231798 26.106196550652385 1.1837825234979389 4.8787710685282928 6.3270552316680551 3.0023369286209345 327.64396918285638 134.61528433952481 34.510272510349751 9.9216163791716117 9.0085908398032171 156.96986384689808 79.36623403429985 36.586927493102849
leaf_count=749 3715 30601 2039 958 3306 5989 151747 122 1638 8296 3978 2083 760 2018 842 1291 85 1254 80 100 138 68 41565 10313 1693 79 89 11763 395 1543
internal_value=-0.000120186 -0.0192395 0.0300606 -0.00234415 0.0170569 0.0203695 -0.0263047 0.0338914 0.0348297 -0.00961909 0.00274984 0.0436575 0.0445238 0.05111 0.0161348 0.0131113 0.0093739 0.027114 0.122787 0.0667088 0.0321206 0.108133 -0.0268895 0.0115099 0.0139588 0.0346971 0.0677214 0.00363311 0.0497086 0.0316225
internal_weight=3260.23 1996.08 1264.14 588.973 647.32 588.831 1407.11 12.9907 195.516 422.944 141.876 616.824 128.965 107.38 166.029 393.315 328.498 79.4035 2.52728 18.787 11.2058 7.58118 1394.12 148.862 60.6165 251.353 18.9302 249.095 365.471 64.8167
internal_count=289297 249251 40046 54988 35361 31646 194263 951 7722 42875 12274 4685 4416 3656 12113 23924 21090 3338 202 391 238 153 193312 11271 2947 2207 168 17752 2478 2834
is_linear=0
shrinkage=0.03


Tree=20
num_leaves=31
num_cat=0
split_feature=2 4 8 3 0 11 6 3 29 28 5 0 3 28 25 11 3 29 13 8 8 34 0 28 29 30 33 0 20 8
split_gain=1970.44 339.067 143.954 127.133 71.0305 63.0256 61.1476 51.5972 66.5947 80.2451 51.5608 48.394 47.463 42.4538 48.4238 39.5389 38.516 36.784 36.4381 37.3434 35.4729 35.2226 34.5751 48.4478 36.9994 34.9661 33.5161 31.4228 30.1648 27.4628
threshold=1.9370599389076235 22.465523719787601 3.3535856008529668 0.57959952950477611 2.5000000000000004 15.474707126617433 5.6692204475402841 0.085111711174249663 -0.90161547064781178 -0.35041563212871546 23.231354713439945 5.5000000000000009 -0.43681626021862024 -0.11692013591527937 0.15028351545333865 1.9752951264381411 1.638525187969208 -0.26037105917930597 -0.21641132980585095 7.2039783000946054 9.2604522705078143 0.83887034654617321 5.5000000000000009 -0.97113886475563038 -0.10837475582957266 1.5000000000000002 2.6131764650344853 1.5000000000000002 0.71885919570922863 13.356622219085695
decision_type=2 2 2 2 2 2 10 2 2 2 8 2 2 2 2 2 2 2 10 2 2 2 2 2 2 2 2 2 10 2
left_child=2 3 6 4 -2 7 15 8 9 -6 27 -4 -13 14 -7 -1 -12 -9 -16 -20 -10 29 -17 24 25 -24 28 -3 -19 -22
right_child=1 10 11 -5 5 13 -8 17 20 -11 16 12 -14 -15 18 22 -18 26 19 -21 21 -23 23 -25 -26 -27 -28 -29 -30 -31
leaf_value=-0.028955792880799257 -0.0050787200765144355 0.013428365529383294 -0.011710357101711573 -0.0083136768961651966 0.098296095501592393 -0.0042809856485782633 0.012638290611862137 -0.0014936980129238264 0.0050666504420475563 0.031299716120181523 0.039986250762282696 0.043942854632529928 -0.0036236043967202824 0.012558013034161786 0.095621379694016795 -0.02668976122427183 0.064826089553560839 0.0036125261257501421 0.020342988613664011 0.095012525761922664 0.1565181375084965 0.0063402397097299902 0.13170053143610136 -0.014599530579707802 0.0038394555487839951 0.0045693920460834385 0.13107643131231969 0.036303511839060158 0.069410937689760185 0.0046835566658212082
leaf_weight=1101.5292379274033 97.260006156284362 63.72421856969595 69.815833205357194 222.26279318984598 18.798305922187865 9.2561179585754854 37.311877125874162 138.74183096829802 103.94525365158916 97.879462823271751 145.34706651046872 41.30881018564105 33.837455645669252 25.716055061668158 25.392115515656769 209.66200786083937 101.51145282760262 21.038050707895316 20.597406046465043 8.0150344548746926 3.0043325889855605 5.4405853617936373 4.0021429224871126 188.47869707457721 16.599603122100234 3.3096668450161815 1.9692958332598198 423.78771943040192 8.0066341729834658 1.5505138812586663
leaf_count=161626 6232 827 6815 20288 634 519 2986 9254 6440 4026 1032 3107 3356 1027 880 26111 501 1800 915 257 126 212 443 22404 1947 345 99 4443 628 72
internal_value=-0.000153333 0.024401 -0.0223683 0.0109813 0.0182937 0.02294 -0.025023 0.0177826 0.0269937 0.0428373 0.0391472 0.00619102 0.0227579 0.0456912 0.0587551 -0.0259529 0.0504211 0.00518427 0.0694406 0.0437619 0.0105381 0.0618012 -0.0180658 -0.0094674 0.0299481 0.0816281 0.0341718 0.033347 0.0234575 0.11498
internal_weight=3249.1 1543.24 1705.86 808.874 586.611 489.351 1560.89 400.374 230.618 116.678 734.37 144.962 75.1463 88.9767 63.2607 1523.58 246.859 169.756 54.0046 28.6124 113.941 9.99543 422.052 212.39 23.9114 7.31181 31.014 487.512 29.0447 4.55485
internal_count=289352 60212 229140 53409 33121 26889 215862 23291 11510 4660 6803 13278 6463 3598 2571 212876 1533 11781 2052 1172 6850 410 51250 25139 2735 788 2527 5270 2428 198
is_linear=0
shrinkage=0.03


Tree=21
num_leaves=31
num_cat=0
split_feature=4 1 8 0 18 11 0 11 5 18 3 11 1 29 29 13 31 29 31 33 31 29 27 27 29 18 12 6 3 34
split_gain=1799 295.205 177.2 75.5452 77.2461 66.074 42.6851 42.3697 42.2421 38.279 36.1398 34.3237 33.0003 32.3075 33.4736 54.8786 38.4619 51.3558 36.5809 31.2803 40.8822 30.4819 28.5411 31.2252 27.626 31.4574 26.9187 26.6299 42.6183 28.67
threshold=4.2557475566864023 28.445338249206547 3.3535856008529668 1.5000000000000002 2.2750854492187504 1.9752951264381411 7.5000000000000009 11.047133922576906 -2.0580778121948238 3.5190887451171879 1.0890932083129885 9.6302804946899432 24.737689018249515 -0.99465739727020253 -0.97874867916107167 -0.31009712815284723 69.397317886352553 -0.75013810396194447 308.68588256835943 2.6326233148574834 771.62255859375011 -0.26037105917930597 0.85250896215438854 0.86881721019744884 -0.99273797869682301 4.8754425048828134 -3.0495036840438838 4.5768651962280282 -1.4266642928123472 0.099850557744503035
decision_type=2 2 2 2 8 2 2 2 10 10 2 2 2 2 2 8 2 2 2 2 2 2 2 2 2 10 2 10 2 2
left_child=2 3 5 -2 11 27 -7 12 -4 26 -3 -5 22 -9 15 18 17 -16 -15 20 -13 -18 -6 -24 -20 -26 -8 -1 29 -29
right_child=1 10 8 4 7 6 9 13 -10 -11 -12 19 -14 14 16 -17 21 -19 24 -21 -22 -23 23 -25 25 -27 -28 28 -30 -31
leaf_value=-0.029024043487689478 -0.016664008360077302 0.030616409249996663 0.02369993517422276 0.013484893957576419 -0.0069845589009132226 -0.021264647289629561 -0.0014342769839755173 -0.0086017913680987695 -0.0061991869729526991 -0.010466933764141925 0.045310222209292199 0.0086978646658840766 0.035628756126443041 0.028523685473624716 0.095110762636674034 0.0085222381758962538 0.0062541394416205818 -0.0032585553925874844 -0.0029491009471004485 0.065160326144052871 0.043284277192113127 0.039011910809046618 0.052081270242193146 0.00057939080975602747 0.17925389692570856 0.016658454857482526 0.049049423780870578 0.16927672955115997 -0.015361957327455888 -0.014720445722402095
leaf_weight=1069.1621600277722 74.097998618148267 276.55282052233815 79.213978749699891 88.95512484293431 218.05812748149037 322.28326742397621 18.654417578596622 36.572510805912316 89.831069924868643 117.1424059313722 364.14276774227619 49.99397549405694 21.174158859066665 6.0633142748847595 11.121196215972306 14.195182098075749 140.73369572218508 7.7766912784427396 1.1875217985361803 28.733675474300981 81.540358766913414 30.39968807157129 15.483230302110313 29.723152722232044 5.4164016256108871 1.5489990683272479 18.267062910832465 1.2540362505242222 9.0623549204319698 0.92772637680172909
leaf_count=161470 5145 2484 5818 4887 19110 39289 1564 1908 9305 13801 2168 2781 462 277 386 753 7395 487 73 788 1891 2086 387 1632 214 103 1743 69 954 55
internal_value=-0.000369798 0.023612 -0.0212637 0.0121341 0.0148575 -0.0244301 -0.0150713 0.00844823 0.00786843 -0.00206199 0.0390253 0.0286414 0.000477446 0.0173021 0.0216584 0.0515835 0.0169378 0.0565013 0.0911952 0.036918 0.0303034 0.012266 -0.00247387 0.0189642 0.129595 0.149726 0.0241775 -0.0285386 0.0162202 0.111001
internal_weight=3229.27 1503.47 1725.8 862.775 788.677 1556.75 476.347 539.454 169.045 154.064 640.696 249.223 284.439 255.015 218.443 28.4114 190.031 18.8979 14.2162 160.268 131.534 171.133 263.265 45.2064 8.15292 6.9654 36.9215 1080.41 11.2441 2.18176
internal_count=289485 55417 234068 50765 45620 218945 56397 35273 15123 17108 4652 10347 21591 13682 11774 1420 10354 873 667 5460 4672 9481 21129 2019 390 317 3307 162548 1078 124
is_linear=0
shrinkage=0.03


Tree=22
num_leaves=31
num_cat=0
split_feature=2 2 8 3 0 2 0 29 28 11 31 3 28 29 8 30 31 11 22 19 18 17 27 20 18 28 28 15 13 28
split_gain=1657.3 313.082 119.958 116.141 57.7382 54.6556 48.6312 42.2889 74.542 43.5709 42.2502 40.5902 37.5085 33.7085 31.7161 32.7568 38.7429 31.9944 28.864 28.5821 36.3919 27.9144 26.6448 26.6228 25.4028 24.2054 33.935 27.1443 23.7197 23.5163
threshold=1.7411782145500185 3.0587837696075444 1.5744971036911013 0.060972640290856368 2.5000000000000004 3.8847197294235234 6.5000000000000009 -0.90161547064781178 -0.36647418141365046 15.143396377563478 116.6488609313965 -0.45916961133480066 0.12545942142605784 -0.73865258693695057 12.409204483032228 2.5000000000000004 1472.0542297363284 5.6499075889587411 -0.73105472326278675 -0.65625280141830433 5.5553131103515634 -0.90647554397582997 0.11469534039497377 -0.4445513635873794 1.7416076660156252 0.15951094031333926 0.056951373815536506 0.06661445647478105 -1.3296418190002439 -0.13398594409227368
decision_type=2 2 2 2 2 2 2 2 2 2 2 2 2 2 2 2 2 2 10 8 10 8 2 10 10 2 2 10 10 2
left_child=2 3 22 4 -2 21 -4 8 19 18 13 12 -8 25 15 -12 -17 -18 24 -6 -21 -3 -1 -10 -9 26 29 -28 -25 -5
right_child=1 5 6 10 7 -7 11 9 23 -11 14 -13 -14 -15 -16 16 17 -19 -20 20 -22 -23 -24 28 -26 -27 27 -29 -30 -31
leaf_value=-0.029808359614297758 -0.0094295175528348249 0.042403225030698558 -0.014941314274081408 0.052296482764351719 0.12548886661723602 0.048272981087523023 0.045732818911293417 0.091030315630416844 0.0063776957873135131 0.056905561279870606 -0.014662516477944075 -0.0083933021835851003 -0.0072210455547454793 -0.0050826906352855064 0.031315725566306372 -0.0053322980717953293 -0.016901256399105134 0.051571254842057081 -6.0720042285912031e-05 0.027006073512699205 0.15991515003407311 0.026130073092772602 -0.020600745330436283 -0.021673932778435458 0.018977835475141189 -0.01922604482981595 0.178615601345885 -0.012530113499650563 0.039410160849569463 -0.019964744747847738
leaf_weight=851.21498802024871 52.635710059665143 117.06515179667622 145.51524194888771 18.014651741832502 9.0204823557287437 165.60956017673016 37.593627783935517 4.6650599334388998 41.47895190352574 17.03871781565249 257.3118507610634 46.992283287458122 17.139627284370363 23.905093209352344 17.869491965509951 95.78221879247576 7.8574487613514092 21.711729957722127 106.91613696981221 11.868268028832974 1.3557804655283678 576.56140712555498 441.45162744028494 5.5120739159174255 23.822787290904671 4.3960294900462022 2.0153627889230843 0.69932553078979243 85.397253976669163 4.5744835287332561
leaf_count=132383 3528 1527 16476 693 217 789 3120 244 1863 643 24790 5410 1715 1938 1125 7473 714 697 7021 445 47 9244 61188 248 1600 344 146 53 3358 210
internal_value=-0.000572103 0.0200929 -0.0230227 0.00674525 0.0194543 0.0327129 -0.0038589 0.0244198 0.035445 0.013078 -0.00334188 0.0119853 0.0293184 0.021428 -0.00670205 -0.00855438 0.00400074 0.0334183 0.00718617 0.0852547 0.050917 0.0289336 -0.0266823 0.0264994 0.0334638 0.0422367 0.0532396 0.139257 0.0355109 0.037437
internal_weight=3212.99 1673.09 1539.91 813.849 359.711 859.236 247.241 307.076 154.633 152.443 454.138 101.726 54.7333 53.6049 400.533 382.663 125.351 29.5692 135.404 22.2445 13.224 693.627 1292.67 132.388 28.4878 29.6999 25.3038 2.71469 90.9093 22.5891
internal_count=289249 68957 220292 57397 19214 11560 26721 15686 6178 9508 38183 10245 4835 3384 34799 33674 8884 1411 8865 709 492 10771 193571 5469 1844 1446 1102 199 3606 903
is_linear=0
shrinkage=0.03


Tree=23
num_leaves=31
num_cat=0
split_feature=2 12 0 6 6 18 31 1 8 6 1 18 8 5 8 25 16 17 28 15 1 25 16 0 25 31 22 25 19 13
split_gain=1745.12 309.501 100.623 97.7998 70.4268 53.6488 39.2728 33.7209 33.2373 31.8568 31.3727 28.8178 41.3728 30.0635 27.9111 26.8818 26.2244 25.5095 24.149 21.2644 20.9177 20.5279 19.7118 19.4198 19.0096 18.5007 18.4586 17.9384 21.9401 17.6279
threshold=1.7411782145500185 13.676924228668215 2.5000000000000004 2.0650470256805424 7.4063336849212655 2.3614654541015629 69.397317886352553 17.895938873291019 2.3435806035995488 23.045776367187504 35.575925827026374 3.2394256591796879 10.48910427093506 -7.1081395149230948 13.356622219085695 0.21082678437232974 0.072921924293041243 1.0046308636665346 -0.13398594409227368 0.748531073331833 7.3630783557891855 0.15152733027935031 0.84520864486694347 5.5000000000000009 0.18018296360969546 771.62255859375011 -0.81154626607894886 0.3562025278806687 0.55004972219467174 0.71255314350128185
decision_type=2 2 2 10 8 10 2 2 2 8 2 8 2 8 2 2 8 10 2 10 2 2 8 2 2 2 8 2 10 10
left_child=3 2 14 8 5 7 15 -4 -1 27 22 13 -13 19 25 16 18 26 -7 21 -21 -6 -3 -10 -25 -2 -9 -5 -29 -15
right_child=1 10 4 9 11 6 -8 17 23 -11 -12 12 -14 29 -16 -17 -18 -19 -20 20 -22 -23 -24 24 -26 -27 -28 28 -30 -31
leaf_value=-0.027311425513434403 -0.018985938189601079 0.030695387732087267 0.014133023017385647 -0.0056477028485035843 0.016627101515725384 0.14796388822114076 -0.0013666335567400396 0.071533207636350335 -0.02211944606335764 0.083502026663125048 0.042322277400401544 0.0078769429456957418 0.045142025110037051 0.030273161107307423 0.027022032031275709 0.01186939773612743 0.0025621267882006307 0.091885633901137423 -0.0026107261992944393 0.076358651414916712 -0.014418309991252924 0.067157014812138288 -0.0037578359577976079 -0.025944080859118354 0.015116633365368353 0.0038073600036120031 0.017964306179492507 0.0034440216990737991 0.095227507043440143 0.0018888130722170098
leaf_weight=1256.1857422334142 123.80655193002895 238.12787548452616 122.26396749913692 139.80932603217661 9.6446960680186731 3.6970344521105289 324.69846128346398 7.1109982691705227 50.605511769186705 2.9474283531308165 402.54219102859497 125.07978424895555 33.350633881054819 98.51453254930675 16.226810642518103 12.394455984234808 2.6248105261474848 7.8932411866262546 1.1613859832286859 2.0828814841806871 7.9768422208726406 42.191784393973649 15.722726297564803 12.915060367900876 36.613765478599817 42.723728566430509 24.179098546504978 6.9998186789453012 2.5853156056255102 24.722540846094489
leaf_count=194253 9552 3780 6729 14131 378 186 25681 180 6074 169 2193 7902 852 3753 486 692 146 144 67 94 317 1557 263 1529 3639 2205 712 686 241 961
internal_value=1.41595e-05 0.0209567 0.0106985 -0.0234265 0.0150401 0.00789765 0.00119369 0.0221105 -0.0259846 -0.000630348 0.0370495 0.0255064 0.0159554 0.0335502 -0.00945593 0.0410783 0.0823549 0.0460313 0.117668 0.0506167 0.00958196 0.058248 0.0285551 -0.0092343 0.00410815 -0.0131504 0.0319767 -0.00283439 0.0348576 0.02464
internal_weight=3197.4 1688.74 1032.34 1508.66 849.587 506.023 344.576 161.447 1356.32 152.342 656.393 343.564 158.43 185.133 182.757 19.8777 7.48323 39.1833 4.85842 61.8962 10.0597 51.8365 253.851 100.134 49.5288 166.53 31.2901 149.394 9.58513 123.237
internal_count=289552 68830 62594 220722 50351 34537 26772 7765 205495 15227 6236 15814 8754 7060 12243 1091 399 1036 253 2346 411 1935 4043 11242 5168 11757 892 15058 927 4714
is_linear=0
shrinkage=0.03


Tree=24
num_leaves=31
num_cat=0
split_feature=2 4 8 3 0 3 31 3 11 11 0 14 25 8 1 27 29 3 27 20 2 27 24 14 0 1 0 3 29 29
split_gain=1510.2 230.912 150.224 92.5606 57.7216 45.1403 44.7378 40.9385 36.6805 36.03 34.3187 31.3315 31.0513 28.1786 27.8073 27.334 32.0017 26.7426 45.1052 63.499 39.9302 44.2425 26.0193 25.7172 25.4304 25.0143 24.6315 24.4648 31.236 24.1422
threshold=1.9370599389076235 18.940095901489261 1.7733241319656374 0.072908528149127974 5.5000000000000009 -0.41087293624877924 116.6488609313965 1.5261604189872744 5.838503599166871 2.3604370355606084 6.5000000000000009 0.38642247021198278 0.32513566315174108 13.356622219085695 32.497514724731452 0.96774193644523632 -0.95752304792404164 0.66441920399665844 0.32795698940753942 1.0899454951286318 2.6539931297302251 0.80107527971267711 0.060193689540028579 -0.056635849177837365 2.5000000000000004 0.28202793002128607 5.5000000000000009 0.60036975145339977 -0.53495380282402027 -0.73865258693695057
decision_type=2 2 2 2 2 2 2 2 2 2 2 8 2 2 2 2 2 2 2 10 2 2 10 10 2 2 2 2 2 2
left_child=2 3 9 8 -4 25 11 14 -2 -1 13 24 22 -9 27 -16 -17 18 19 -8 -20 -22 -10 -21 -5 -6 -11 28 -3 -26
right_child=1 7 4 6 5 -7 17 10 12 26 -12 -13 -14 -15 15 16 -18 -19 20 23 21 -23 -24 -25 29 -27 -28 -29 -30 -31
leaf_value=-0.028730126899540218 -0.0035283703898037677 0.023886102412185757 -0.016110807142492509 -0.014635169286186477 -0.020665350974169369 -0.0063352248817333716 0.0075309859202273106 0.0054893140291429193 0.11414936197037932 -0.025730499343094362 0.052757432661545318 -0.014162008497669036 0.055405822108494041 0.038652751072661078 0.028743953908141204 0.021693569560654182 0.077423255577343961 -0.015078956967169961 -0.013645116389031564 0.2502811041000283 0.032769514813648391 -0.004259796129269312 0.019604514685897849 0.0078546336935807811 0.06726153546961601 0.032246667534981052 -0.0082334273936761244 0.010644338135020592 0.077825073161808825 0.013056721362315478
leaf_weight=987.71940182568505 51.214576941914856 111.10523342806846 134.24593316251412 6.5288218902423969 8.3785569854080659 71.625086598563939 4.5545918326824895 32.991518541239202 1.6962465802207578 139.02820927696303 117.15754103194922 13.643562484532593 25.12993223592639 78.558695545420051 318.77058417350054 16.667424909770489 23.326149292290211 144.69119454920292 113.92140220757574 0.92514734622091055 48.661733784712851 69.45577934756875 249.0663804449141 0.57898092549294211 20.591172101907429 70.231704256031662 152.86597887333483 148.01163281966001 9.9160562576726061 12.121976676397027
leaf_count=161781 3619 2171 15034 435 964 7861 442 509 96 18994 766 904 655 493 2000 110 144 14303 10497 68 2360 4083 10890 49 841 5520 19012 3666 230 943
internal_value=-0.000586179 0.0197157 -0.0216036 0.00769602 -0.00187698 0.0108644 -0.00136405 0.0303987 0.0197305 -0.0259843 0.0413371 0.0242369 0.0240453 0.0289804 0.0263544 0.0318491 0.0552935 -0.00495497 0.00123468 0.0759432 -0.00103353 0.0111425 0.0206949 0.197366 0.0376075 0.0264184 -0.0166266 0.0189363 0.0289073 0.0481588
internal_weight=3183.38 1619.29 1564.09 762.781 284.481 150.235 435.674 856.505 327.107 1279.61 228.708 52.8855 275.893 111.55 627.797 358.764 39.9936 382.789 238.098 6.05872 232.039 118.118 250.763 1.50413 39.242 78.6103 291.894 269.033 121.021 32.7131
internal_count=289440 60274 229166 50185 29379 14345 34925 10089 15260 199787 1768 3123 11641 1002 8321 2254 254 31802 17499 559 16940 6443 10986 117 2219 6484 38006 6067 2401 1784
is_linear=0
shrinkage=0.03


Tree=25
num_leaves=31
num_cat=0
split_feature=2 2 11 3 5 11 1 25 6 3 18 23 8 11 29 29 3 11 29 8 21 3 5 17 11 29 14 2 30 12
split_gain=1489.75 217.349 127.827 74.9781 72.3613 49.0973 47.2145 36.618 33.7046 30.6096 25.4831 26.6953 24.5369 25.3322 25.1427 40.3875 23.7969 23.3143 32.9758 22.752 22.2107 21.5528 35.5953 22.6673 20.3542 21.8519 21.5225 20.1356 20.1035 26.1925
threshold=1.9193705916404726 3.1442894935607915 3.0997802019119267 0.34421023726463323 -3.1791435480117793 6.6552257537841806 47.646572113037116 0.17876657843589785 4.9004139900207528 -0.64970704913139332 2.3614654541015629 0.37693181633949285 6.1965279579162607 15.474707126617433 -0.90892156958580006 -0.93543598055839527 -1.3391843438148496 12.867795944213869 0.14888729155063632 3.4689532518386845 -0.098750118166208253 1.5261604189872744 23.231354713439945 0.14070060104131701 9.6302804946899432 -0.98801845312118519 -1.0453813076019285 3.0587837696075444 1.5000000000000002 19.064690589904789
decision_type=2 2 2 2 10 2 2 2 10 2 10 10 2 2 2 2 2 2 2 2 10 2 8 10 2 2 8 2 2 2
left_child=2 3 8 5 9 -2 21 10 -1 -4 11 -7 14 -14 15 -9 -10 -5 27 -6 -20 24 23 -23 25 26 -3 -19 -26 -30
right_child=1 6 4 17 19 7 -8 12 16 -11 -12 -13 13 -15 -16 -17 -18 18 20 -21 -22 22 -24 -25 28 -27 -28 -29 29 -31
leaf_value=-0.027763656319052608 -0.003630299282067507 0.085563427287774427 0.024866327072944505 -0.0089349772669963436 -0.019857770191873826 0.035723845317892633 0.044067110960786901 0.020443284551006635 0.066369743316875257 -0.0035927521038153437 -0.006049399185170003 -0.007817455513715996 0.028125627000441789 0.067260734364149324 0.010396639504784358 0.066256381046637947 -0.0069789935473452917 -0.0027705324421918192 0.0082611286846922122 0.0022101243317993605 0.12206724429734869 0.04233885251329772 0.053893028008416097 0.011045686077967822 0.034720137601645377 0.00026107396024164711 0.014376451444095889 0.035672510663409443 0.014003703302301855 0.031955237271490522
leaf_weight=1076.9804688459262 98.235116334632039 4.8252672515809536 66.133183589670807 214.59147549560294 241.78702116990462 36.788537408225238 171.04777261614799 73.852722471114248 4.2631290135905173 68.501124486792833 67.309536897111684 18.600722655653954 48.78227858338505 22.5390580072999 106.34692715294659 22.338081330060959 15.713721044827251 68.265520181506872 2.8924648202955723 50.627418029122055 2.7415168592706314 34.520708213560283 61.814289607107639 52.845155579969287 154.77152207028121 59.967993459664285 12.689309677109124 13.916590035893021 185.06045238021761 123.38769798353314
leaf_count=178421 7281 65 4882 20417 32000 1665 787 2630 235 6555 4056 955 1705 562 5559 612 1558 5166 246 4912 228 324 358 638 1835 1160 178 811 3095 823
internal_value=-0.000224922 0.0194484 -0.0216284 0.00814583 -0.00768008 0.0153274 0.0298928 0.0200209 -0.0270466 0.0104668 0.00633387 0.0212226 0.0261079 0.0412522 0.0205985 0.0316546 0.0110916 -0.00361633 0.00933482 -0.0160425 0.0736922 0.0263197 0.0365156 0.0237497 0.0234445 0.00906126 0.0375506 0.00408994 0.0258257 0.0212649
internal_weight=3182.14 1658.13 1524.01 797.201 427.049 494.793 860.93 396.558 1096.96 134.634 122.699 55.3893 273.859 71.3213 202.538 96.1908 19.9769 302.408 87.8161 292.414 5.63398 689.882 149.18 87.3659 540.702 77.4826 17.5146 82.1821 463.22 308.448
internal_count=289719 61156 228563 51893 48349 25025 9263 17744 180214 11437 6676 2620 11068 2267 8801 3242 1793 26868 6451 36912 474 8476 1320 962 7156 1403 243 5977 5753 3918
is_linear=0
shrinkage=0.03


Tree=26
num_leaves=31
num_cat=0
split_feature=1 4 11 0 11 30 0 1 29 27 17 31 27 28 30 28 29 29 28 17 31 29 27 28 13 29 28 27 14 23
split_gain=1382.74 236.989 85.821 84.2006 79.9811 43.8955 42.8989 40.2998 39.4808 58.0669 42.9924 37.4381 40.6603 32.229 47.7266 36.8914 51.1339 45.4231 73.6036 46.3763 30.4833 30.3437 56.7488 39.2864 34.9611 37.7401 29.9157 29.4448 46.4671 35.1937
threshold=3.8288487195968632 19.937802314758304 1.9752951264381411 2.5000000000000004 10.072489261627199 1.0000000180025095e-35 5.5000000000000009 47.646572113037116 0.31595529615879064 0.25143370032310491 0.052060300484299667 69.397317886352553 0.6338709592819215 0.14250627160072329 1.5000000000000002 -0.97509795427322377 -0.10837475582957266 -0.6258755326271056 -0.76141706109046925 0.30120278894901281 771.62255859375011 0.56191161274909984 0.23494623601436618 -0.46801505982875818 -0.31009712815284723 0.7074720859527589 0.10837544873356821 0.79032260179519664 -0.34080275893211359 -0.27882520854473108
decision_type=2 2 2 2 2 2 2 2 2 2 8 2 2 2 2 2 2 2 2 10 2 2 2 2 10 2 2 2 10 10
left_child=2 3 -1 -2 5 -5 -4 -3 11 -10 -11 -6 -13 14 15 16 -8 18 19 -17 21 -7 -23 24 -24 -26 -20 28 -14 -29
right_child=1 7 6 4 8 20 13 -9 9 10 -12 12 27 -15 -16 17 -18 -19 26 -21 -22 22 23 -25 25 -27 -28 29 -30 -31
leaf_value=-0.028135487977364631 -0.013799680266762968 0.024885172302074134 -0.021834140970807728 -0.020748780314712882 0.047054547401328403 -0.0017047155892362098 0.14131885036447792 0.041158460842069006 0.0017285327583626095 -0.011318384764227883 0.25882597633900273 -0.0037449387849328173 0.052940331500067522 -0.017540818854424173 -0.010726150752033505 0.26099254994708027 0.016869381252151042 -0.023922085784495992 0.012801527978934408 -0.012084189893848452 0.022552507202948643 -0.015687723293216549 0.020550061069551602 -0.018901040189370187 0.047390499994482152 0.27102940731096514 0.12524006138284718 0.027351854390547287 0.015571286450183026 -0.0011401884055131108
leaf_weight=952.95510219875723 153.01910144416615 689.02832976169884 184.68999482179061 68.04147068830207 37.402236374095082 251.54597121104598 4.4200676404871047 174.57766439020634 2.7505264375358811 0.59392396593466379 1.179600531235337 75.718326535541564 52.879714652895927 74.492522496730089 66.39147854084149 0.9577760943211604 7.2801477992907149 17.978789292275906 31.674191744998097 0.66494110552594066 72.777427585795522 7.2469973624683899 1.9560425295494495 1.6615614700131116 1.706921087112278 1.2908637057989834 1.3163819038309146 72.314564530737698 70.207217425107956 83.241908996365964
leaf_count=163405 12828 8276 25443 7124 1571 21253 446 795 239 51 94 7017 1802 9867 7562 105 900 2292 3289 84 3836 833 210 187 179 137 151 2955 2918 3685
internal_value=-0.000203681 0.0168373 -0.0232848 0.00653228 0.0104214 0.00105852 -0.0113864 0.0282186 0.0199923 0.100032 0.196896 0.0188157 0.0157111 -0.00192164 0.00704722 0.0252841 0.0713089 0.0139054 0.0336736 0.187152 0.00549429 0.000749671 0.0424049 0.0997473 0.136034 0.187397 0.0208406 0.0209926 0.0319228 0.0121952
internal_weight=3161.96 1819.14 1342.82 955.534 802.515 406.227 389.866 863.606 396.288 4.52405 1.77352 391.764 354.362 205.176 130.684 64.2923 11.7002 52.5921 34.6133 1.62272 338.186 265.408 13.8624 6.61539 4.95383 2.99778 32.9906 278.643 123.087 155.556
internal_count=289534 75990 213544 66919 54091 33759 50139 9071 20332 384 145 19948 18377 24696 14829 7267 1346 5921 3629 189 26635 22799 1546 713 526 316 3440 11360 4720 6640
is_linear=0
shrinkage=0.03


Tree=27
num_leaves=31
num_cat=0
split_feature=2 4 27 8 8 8 5 6 28 28 19 31 28 28 8 11 29 27 30 34 29 29 31 28 27 28 29 28 34 11
split_gain=1324.6 212.465 81.0455 75.7145 43.4788 39.0403 36.3899 34.2384 26.5757 33.9305 38.2642 28.6076 37.9263 38.74 27.2703 25.3164 38.1955 37.0203 24.7024 23.8705 24.7907 24.6121 23.7545 22.9259 34.592 21.912 39.1424 21.1031 20.952 27.3024
threshold=1.5941298604011538 19.937802314758304 0.66129031777381908 1.5438117384910586 16.261897087097172 9.2604522705078143 -7.9967195987701407 6.279870033264161 -0.42957681417465204 -0.35041563212871546 -0.73362189531326283 771.62255859375011 0.15951094031333926 0.52766072750091564 3.0162743330001835 12.678295135498049 0.14888729155063632 0.27418301999568945 1.5000000000000002 0.3963556587696076 -0.88620507717132557 -0.99465739727020253 308.68588256835943 -0.72696319222450245 0.86881721019744884 -0.13398594409227368 -0.98801845312118519 0.14250627160072329 1.7141346931457522 11.811167716979982
decision_type=2 2 2 2 2 2 10 10 2 2 10 2 2 2 2 2 2 2 2 2 2 2 2 2 2 2 2 2 2 2
left_child=3 2 15 7 -3 6 -4 -1 23 10 -10 25 -13 14 -14 -2 18 -18 19 20 21 -17 -7 24 -8 26 -11 -5 29 -26
right_child=1 4 5 27 -6 22 8 -9 9 11 -12 12 13 -15 -16 16 17 -19 -20 -21 -22 -23 -24 -25 28 -27 -28 -29 -30 -31
leaf_value=-0.027062915105865466 -0.010024972329250386 0.022495318971267695 0.022890940341005899 0.0011159496466942545 0.037702028512352957 0.010994760179363783 -0.0012438048957138237 0.02038851362030809 0.081227216642206571 0.10238638537667515 0.0140242957964019 -0.0035122902930238495 0.085420696883540675 0.0058057173317128449 0.025987196483181482 -0.0012055844582820364 -0.0084832815256308484 0.1195884070168305 -0.016498009619081828 0.0016372226835119155 -0.0056868800866835007 0.11915203230045904 0.045266622008953698 -0.015806755126058513 0.026304852219706458 -0.01383134979507823 0.0040467613496076183 -0.019157472832435518 -0.021662677360418155 0.12745264207607301
leaf_weight=1105.9544732905924 263.82555609056726 648.21721604559571 138.04657854512334 125.86946235410869 233.48576024826616 30.334517532028258 83.79725749976933 13.175911602098493 11.564098622649906 3.0626875534653655 20.763195973820984 37.914871734566987 14.869572862982752 22.784787755925208 14.589243455789981 2.0771417915821075 3.1283016894012681 4.2018294655717909 31.478897897060961 21.528574940282851 3.8262272998690587 4.593005855102092 47.766721124760807 77.484455176163465 6.9328859485685808 67.42877547070384 36.20708548091352 71.922609097789973 2.4714841097593299 3.3586456179618835
leaf_count=189945 28387 7742 5420 13627 1377 1197 5974 1118 355 184 937 1094 356 1383 318 112 264 308 2770 2006 237 155 1556 4997 517 5025 2226 9342 184 149
internal_value=-0.000515139 0.0159518 0.00612993 -0.0234641 0.0265604 0.0125501 0.00965153 -0.0264865 0.00507357 0.0117643 0.03978 0.00698579 0.0193303 0.0356625 0.0578063 -0.00575435 0.01007 0.0704739 0.00211319 0.0203527 0.0552576 0.086401 0.0322627 -0.00375369 0.00598114 -0.00352772 0.0140684 -0.00631531 0.0500612 0.0676785
internal_weight=3152.66 1835.74 954.036 1316.92 881.703 619.377 541.276 1119.13 403.229 229.184 32.3273 196.857 90.1585 52.2436 29.4588 334.66 70.834 7.33013 63.5038 32.0249 10.4964 6.67015 78.1012 174.045 96.5603 106.699 39.2698 197.792 12.763 10.2915
internal_count=289262 75230 66111 214032 9119 31872 29119 191063 23699 11878 1292 10586 3151 2057 674 34239 5852 572 5280 2510 504 267 2753 11821 6824 7435 2410 22969 850 666
is_linear=0
shrinkage=0.03


Tree=28
num_leaves=31
num_cat=0
split_feature=11 2 6 31 33 31 8 8 31 8 23 31 6 8 14 11 28 28 17 28 3 31 22 29 29 34 3 14 15 8
split_gain=1241.65 195.82 99.3617 66.541 73.0423 52.401 44.9618 44.6088 44.1227 41.8201 35.4931 35.1974 31.6055 27.6524 26.8734 27.9586 26.8114 35.1205 26.037 25.5186 25.2994 25.1938 24.1841 23.5882 23.1387 22.5799 29.6423 26.0227 22.5171 22.2548
threshold=5.6499075889587411 3.3826205730438237 0.79526311159133922 771.62255859375011 1.7356092333793642 260.51104736328131 4.5539617538452157 3.8605737686157231 2479.698608398438 18.712434768676761 -1.6078246831893919 513.0165252685548 12.504670143127443 16.261897087097172 0.44116239249706274 9.4903645515441912 -0.30983471870422358 0.022575936280190948 1.0170015096664431 0.21022171527147296 0.66441920399665844 308.68588256835943 0.31312723457813268 0.56191161274909984 -0.96234029531478871 0.15167518705129626 0.62124809622764599 -0.012456943746656178 -0.38202588260173792 10.023713588714601
decision_type=2 2 8 2 2 2 2 2 2 2 8 2 8 2 8 2 2 2 10 2 2 2 10 2 2 2 2 10 10 2
left_child=2 3 -1 4 7 10 -4 -2 18 -3 25 13 -8 -9 15 23 20 -18 28 -19 22 -15 -17 -12 -20 -6 27 -27 -5 -30
right_child=1 9 6 8 5 -7 12 11 -10 -11 14 -13 -14 21 -16 16 17 19 24 -21 -22 -23 -24 -25 -26 26 -28 -29 29 -31
leaf_value=-0.028427164481893235 -0.009681133495955032 0.023603553197750218 -0.015507119742466269 0.0058499277005521757 -0.003174468602606768 -0.0030818490653633504 -0.001039801752530584 0.0094362229215699429 -0.016102809983444252 0.040612771995549982 -9.7381503211499672e-05 -0.015368708746395577 0.043033673336808895 0.0017356397356700654 0.0020848408751817141 0.076799629945857706 -0.0097395879197963563 0.082449534564823915 0.013139979353898587 -0.015420866945006183 0.009826661441424453 0.09284105916143616 0.024998582518280986 0.09258340624642207 0.058764405442243199 0.16552183985145241 -0.0079626010414833893 0.021293325637722613 0.022094552648559824 0.060469694529471624
leaf_weight=874.44135430222377 323.21172349853441 548.92449049651623 360.54396701185033 69.889457611367106 2.262584535405038 77.687379783950746 64.181344927754253 210.71632337477058 25.86055008880794 173.99642087891698 32.196252496447414 51.494206288829446 17.955383334774524 4.5356742329895479 41.497508080676198 29.895620303228498 18.358502421528105 7.6945209498517197 15.376933371648191 2.9253547354601324 10.754548626951872 6.0196076156571507 12.764379451982675 1.6767891463823605 31.924035624600947 4.0197621183469892 1.6395542360842226 1.8762638680636881 110.18659449042752 15.145545319654046
leaf_count=155807 32248 3832 50541 1997 98 4600 5827 13410 2289 851 2014 3561 1047 203 2074 953 546 302 279 139 566 247 439 123 969 108 92 94 3566 319
internal_value=-0.000357815 0.0156079 -0.0225661 0.0076807 0.00352068 0.0172654 -0.0109506 -0.00215483 0.0206585 0.0277479 0.0266615 0.00676618 0.00899655 0.0119634 0.0228853 0.0302283 0.0395735 0.015604 0.0246285 0.0564831 0.0520517 0.0572306 0.0622277 0.00701383 0.0445116 0.0797127 0.102056 0.129368 0.0196086 0.0271739
internal_weight=3149.65 1832.53 1317.12 1109.61 841.227 245.249 442.681 595.978 268.383 722.921 167.562 272.766 82.1367 221.272 157.763 116.266 82.3929 28.9784 242.523 10.6199 53.4145 10.5553 42.66 33.873 47.301 9.79816 7.53558 5.89603 195.222 125.332
internal_count=289141 75919 213222 71236 61817 12148 57415 49669 9419 4683 7548 17421 6874 13860 7156 5082 2945 987 7130 441 1958 450 1392 2137 1248 392 294 202 5882 3885
is_linear=0
shrinkage=0.03


Tree=29
num_leaves=31
num_cat=0
split_feature=2 4 6 30 31 30 31 22 11 16 28 27 6 34 28 11 5 19 28 28 28 25 28 28 2 27 28 28 11 12
split_gain=1235.04 196.289 95.9178 74.4699 63.576 76.7023 93.7802 36.4002 34.8442 34.6632 33.6103 30.9141 34.6441 31.935 28.5781 27.4186 34.2463 24.5544 24.1198 63.8853 38.8845 26.1812 31.0155 47.9823 32.9822 29.1458 31.8917 49.111 41.9027 25.7876
threshold=1.5748444199562075 26.225284576416019 2.0650470256805424 1.0000000180025095e-35 771.62255859375011 1.5000000000000002 408.92024230957037 0.7936081886291505 2.2909681797027592 0.30639305710792547 -0.97876849770545948 0.93440860509872448 8.1012606620788592 1.0826733112335207 -0.99054482579231251 7.0144064426422128 -0.18779721856117246 0.68618720769882213 -0.85227432847022999 -0.8940606117248534 -0.67803022265434254 0.21242593973875049 -0.59869033098220814 -0.41398024559020991 2.6878925561904912 0.86111110448837291 -0.35041563212871546 -0.42957681417465204 12.678295135498049 -1.5887513756752012
decision_type=2 2 10 2 2 2 2 8 2 10 2 2 8 2 2 2 10 10 2 2 2 2 2 2 2 2 2 2 2 2
left_child=2 3 8 14 5 6 7 9 -1 15 -10 12 -7 -13 -2 -5 -17 -11 19 -6 -20 25 24 -24 -23 -22 27 -27 -29 -21
right_child=1 -3 -4 4 18 11 -8 -9 10 17 -12 13 -14 -15 -16 16 -18 -19 20 29 21 22 23 -25 -26 26 -28 28 -30 -31
leaf_value=-0.028548871955841337 0.07012618164250102 0.027948071670494314 0.0031247617367155035 0.01496073415899594 0.023022720769745542 -0.0094704776278424392 -0.0034008648363067079 0.0052367689893398611 0.017007041157803226 -0.0080662891186300389 -0.019424403658180045 0.027459951756925328 0.0083047890358098845 -0.020087312760589757 -0.016131982635855888 0.075896970949182768 0.034499874611382444 0.057052450937910851 -0.01924349184340448 0.18308629926343786 -0.02118118848634068 -0.0055564081510133638 -0.024083313837310473 0.033045222021323144 0.11947736229217368 -0.022995817495739007 0.0087874227348259254 0.19308775678024101 0.020588172610391722 0.064279408435908833
leaf_weight=872.69366121571511 2.5826166076585642 706.63291778415442 114.57242197357118 17.472653615288436 36.184974165633321 293.35111033124849 95.884645441081375 30.973074418492615 24.39939780626446 18.566045537590984 240.63887269934639 58.158922217786312 147.53991860290989 15.407410770654677 123.3580245017074 42.174835699610412 35.891013795044273 6.1433355240151277 21.067177155520767 2.3520101243630052 20.985833799932152 2.5356875183060748 14.276762229390441 111.03282547090203 5.6611722279340029 2.7930506449192762 38.536811106838286 2.3329639537259927 2.4771498655900359 7.3586536748334748
leaf_count=163216 271 4499 12114 1424 1658 24972 7620 1529 3196 1028 34679 2046 8157 690 11290 1503 1668 300 687 55 1527 99 357 3050 68 96 1017 36 68 154
internal_value=1.14085e-05 0.0155036 -0.023014 0.00787313 0.0105392 0.00610372 0.0198045 0.034444 -0.0256467 0.0418618 -0.0160192 -0.000502724 -0.00351682 0.017366 -0.0138246 0.0499898 0.0575416 0.00971316 0.0230926 0.0427992 0.0188391 0.0229135 0.0305595 0.0263973 0.0843998 0.00748114 0.0206904 0.0729869 0.123086 0.107463
internal_weight=3114.04 1861.73 1252.3 1155.1 1029.16 761.563 247.106 151.221 1137.73 120.248 265.038 514.457 440.891 73.5663 125.941 95.5385 78.0658 24.7094 267.595 45.8956 221.699 200.632 133.506 125.31 8.19686 67.1258 46.14 7.60316 4.81011 9.71066
internal_count=289074 75869 213205 71370 59809 50937 15072 7452 201091 5923 37875 35865 33129 2736 11561 4595 3171 1328 8872 1867 7005 6318 3574 3407 167 2744 1217 200 104 209
is_linear=0
shrinkage=0.03


Tree=30
num_leaves=31
num_cat=0
split_feature=2 2 6 0 30 31 31 30 11 17 8 28 28 28 22 15 28 28 14 28 27 22 17 28 28 34 0 3 3 28
split_gain=1121.14 184.671 92.2099 68.2411 68.1819 51.446 72.8447 118.819 45.8815 45.0865 36.8599 34.0118 32.1727 82.235 31.2707 32.202 41.4072 29.0791 28.7147 28.5451 41.6141 31.5817 27.4944 27.3212 46.6818 46.9782 27.2892 25.905 28.4692 36.6647
threshold=1.61288458108902 3.2878984212875371 3.1025655269622807 1.5000000000000002 1.0000000180025095e-35 771.62255859375011 408.92024230957037 1.5000000000000002 3.0101814270019536 1.0170015096664431 18.712434768676761 -0.97876849770545948 -0.85227432847022999 -0.8940606117248534 0.7936081886291505 -0.039741516113281243 -0.46038399636745447 -0.42957681417465204 0.77758973836898815 -0.97113886475563038 0.53010752797126781 -0.42834040522575373 0.071904372423887267 0.71503382921218883 0.66527691483497631 4.3423905372619638 7.5000000000000009 1.0495780110359194 0.31137830018997198 -0.33425341546535486
decision_type=2 2 10 2 2 2 2 2 2 10 2 2 2 2 8 10 2 2 10 2 2 10 10 2 2 2 2 2 2 2
left_child=2 3 8 -2 -5 6 7 14 -1 12 22 18 13 -7 15 16 -6 -14 -10 20 -17 -22 27 24 -19 -26 -20 28 29 -3
right_child=1 10 -4 4 5 9 -8 -9 11 -11 -12 -13 17 -15 -16 19 -18 23 26 -21 21 -23 -24 -25 25 -27 -28 -29 -30 -31
leaf_value=-0.027847380272649318 -0.020574559295680042 -0.010222117199552603 0.0075580055825405813 -0.015241637660883663 0.023723528573259444 0.01101398841445588 -0.010968049175218793 0.002867029516950986 0.0053630386070656821 0.048482425009380888 0.037114269598029166 -0.016919866277368755 -0.013126827117894856 0.11339064300454543 0.0067630288483270457 -0.019533419421564904 0.080992319503680826 0.020077349108929866 -0.016543862312883496 0.017723416767808878 -0.00028267658771162144 0.19461304998319848 0.015890305390421734 -0.010219971835473228 -0.0053298753941525053 0.20995788196153611 0.14053348952544395 0.038476269393559206 0.015042391488035278 0.071494812798034976
leaf_weight=907.08835513750091 80.370251957327127 6.4289507791399982 85.100561859551817 100.29957753606141 18.786728619597852 23.407514546066523 162.50656429352239 329.68055105349049 21.749189798254523 47.730641908012331 173.88632069155574 222.09986377274618 36.356274562887847 9.2718549766577762 25.13074534246698 1.8099455903284241 32.758948875591159 91.652198453433812 1.206011222675442 44.588620910421014 1.0011979052796962 1.9288273174315689 364.28108499012887 25.193930013570935 1.4042598614469164 1.3708178931847212 1.9866348337382076 128.26510837860405 143.38262787088752 17.517546597868204
leaf_count=173036 6761 60 7644 10024 1224 1134 13899 23382 2735 1286 880 31163 1151 185 1287 176 1134 2184 152 2364 73 86 3091 1607 104 66 192 811 1228 150
internal_value=-0.000384451 0.0142841 -0.0225012 0.00581202 0.00805212 0.0108007 0.00623004 0.0123738 -0.0247223 0.022677 0.0247839 -0.0131816 0.0159269 0.0425648 0.037029 0.0444288 0.0609684 0.0101104 0.0194755 0.0262777 0.0896406 0.14489 0.0214835 0.0172231 0.0245754 0.128463 0.0914044 0.0282995 0.0203163 0.0500258
internal_weight=3108.24 1869.01 1239.23 1035.25 954.879 854.58 618.192 455.686 1154.13 236.387 833.762 247.042 188.657 32.6794 126.005 100.874 51.5457 155.977 24.9418 49.3286 4.73997 2.93003 659.875 119.621 94.4273 2.77508 3.19265 295.594 167.329 23.9465
internal_count=289269 74347 214922 68127 61366 51342 43625 29726 207278 7717 6220 34242 6431 1319 6344 5057 2358 5112 3079 2699 335 159 5340 3961 2354 170 344 2249 1438 210
is_linear=0
shrinkage=0.03


Tree=31
num_leaves=31
num_cat=0
split_feature=4 4 8 30 31 30 31 5 5 3 5 29 3 19 28 0 22 16 6 20 6 28 12 0 28 29 29 13 28 8
split_gain=1076.1 170.043 107.37 64.7643 80.7609 61.4891 74.9906 54.8002 37.2211 37.2257 31.2858 29.0845 51.8719 37.8924 31.9719 27.0718 30.2619 30.2036 24.5447 30.2418 24.2717 28.3096 28.7119 27.5963 23.7988 56.4899 79.4458 42.993 33.0574 30.7545
threshold=1.4796272516250613 22.465523719787601 3.4689532518386845 1.0000000180025095e-35 771.62255859375011 1.5000000000000002 408.92024230957037 -6.3392691612243643 23.231354713439945 1.5261604189872744 -9.0733609199523908 0.31595529615879064 1.1842601895332339 0.093297805637121214 -0.46801505982875818 2.5000000000000004 1.0705758929252627 0.30639305710792547 2.3947629928588872 -1.0689414739608762 0.45000003278255468 -0.97113886475563038 -2.2151319980621333 4.5000000000000009 -0.85227432847022999 0.14888729155063632 -0.45273527503013605 -0.53634268045425404 -0.42957681417465204 11.680510997772219
decision_type=2 2 2 2 2 2 2 8 8 2 8 2 2 8 2 2 10 10 8 8 8 2 2 2 2 2 2 10 2 2
left_child=2 3 7 -2 5 6 15 -1 -3 -10 -7 -12 13 14 18 -5 17 -17 -13 -20 -9 22 23 -22 25 26 -6 -27 29 -26
right_child=1 8 -4 4 24 10 -8 20 9 -11 11 12 -14 -15 -16 16 -18 -19 19 -21 21 -23 -24 -25 28 27 -28 -29 -30 -31
leaf_value=0.020038202994704261 -0.016366923869852914 0.019423208905833191 0.010116267351178437 -0.0029785751570219139 0.095177826062822421 0.021390706510909428 -0.0065870503917630713 -0.028737438527961075 0.022749193625120595 0.045189834157288326 -0.0083621454779875138 0.020674971034749443 -0.023300719876683567 -0.006910002192137733 -0.019321359799170899 0.049372591482859829 -0.0046383193561773482 0.0089005774847018982 0.015405473989493705 0.17310107673309463 -0.024462025376457076 -0.021642964983174966 -0.020591282587589122 0.060176058244789651 -0.012919921193935136 0.20017414272014261 0.0029446065125387009 0.022787098480129112 0.024323133869706682 0.06746940275749444
leaf_weight=23.362795885652304 106.46634472440928 583.19095248356462 84.934777182526886 19.612421497702599 10.709290711209176 39.813603344373405 83.399134330451488 759.80185579415411 152.75676892697811 123.09078028425574 377.82285497477278 2.538313522934911 11.90379918925464 5.4305163980461666 1.7681449968367822 78.83798890421167 14.906949980184434 21.583964968565851 1.6310975388623772 4.4580252887681135 4.2402868191711631 311.3074485855177 14.644307124894111 10.941869013477115 40.605720319319516 2.3831827896647155 30.024179006461054 2.3873801580630234 164.37159744184464 3.7788004698231807
leaf_count=1844 11055 5283 8483 1418 189 2035 7360 147966 948 558 29028 297 1301 622 222 3651 770 1158 161 443 571 52154 2448 1235 1322 156 1329 168 5249 66
internal_value=-0.000232461 0.0139444 -0.0223072 0.00568094 0.00825309 0.00273331 0.0157367 -0.0247635 0.0237807 0.0328899 -0.00366257 -0.00616865 0.0229688 0.0570874 0.0881915 0.0294807 0.0349787 0.0408474 0.109944 0.138991 -0.0257315 -0.018972 0.00870324 0.0364863 0.0225945 0.0421519 0.0288933 0.130735 0.0181508 -0.00473994
internal_weight=3092.71 1883.47 1209.23 1024.43 917.967 663.707 218.34 1124.3 859.039 275.848 445.366 405.553 27.7299 15.8261 10.3956 134.941 115.329 100.422 8.62744 6.08912 1100.94 341.134 29.8265 15.1822 254.26 45.504 40.7335 4.77056 208.756 44.3845
internal_count=289490 74789 214701 68000 56945 48466 14357 206218 6789 1506 34109 32074 3046 1745 1123 6997 5579 4809 901 604 204374 56408 4254 1806 8479 1842 1518 324 6637 1388
is_linear=0
shrinkage=0.03


Tree=32
num_leaves=31
num_cat=0
split_feature=2 1 8 3 0 8 1 0 6 29 29 6 24 34 21 24 15 29 27 20 3 30 22 0 16 25 29 8 27 3
split_gain=1026.01 163.884 84.8701 76.1051 44.2126 41.8921 40.4582 33.9623 29.2182 26.4972 37.2394 24.9576 23.6448 23.357 39.0255 24.2922 23.5072 21.2092 20.8445 19.6796 19.1995 17.8883 17.6638 17.5955 16.7988 16.504 16.1285 28.7594 30.6797 15.9323
threshold=1.5748444199562075 17.107065200805668 1.0973314642906191 0.060972640290856368 2.5000000000000004 7.2039783000946054 47.646572113037116 1.5000000000000002 3.0369305610656743 -0.89404255151748646 -0.94137725234031666 7.859053611755372 0.72817784547805797 0.52201560139656078 -1.0777685046195982 0.73580199480056774 -0.095590084791183458 -0.99465739727020253 0.19677419215440753 -0.18638900667428968 1.0495780110359194 1.0000000180025095e-35 -0.33904199302196497 2.5000000000000004 -0.13584980368614194 0.15914650261402133 -0.97874867916107167 4.4673433303833017 0.37706093490123754 -1.0193870663642881
decision_type=2 2 2 2 2 2 2 2 8 2 2 10 10 2 10 10 10 2 2 8 2 2 10 2 10 2 2 2 2 2
left_child=2 3 11 4 -2 9 7 -3 26 10 19 -1 -13 14 -12 -15 -17 -7 -9 -6 -8 -5 -21 -22 -19 -10 27 -4 -29 -11
right_child=1 6 8 21 5 17 20 18 25 29 13 12 -14 15 -16 16 -18 24 -20 22 23 -23 -24 -25 -26 -27 -28 28 -30 -31
leaf_value=-0.026978811667853354 -0.012588198996321392 0.00075381718355789105 -0.0089398453505061901 -0.019844291045393501 -0.0071265606902448965 -0.014100338800983504 0.013307961783941709 0.051544074533088596 -0.017971428182885385 0.058277128583286875 0.16206760522005931 -0.01161915523440025 0.08885112758635684 0.0058170745656515458 0.040106165434672672 0.012766671489548666 0.085470026835308646 0.022283144416033282 0.019334893852277015 0.043051117115426252 0.020809392286162173 -0.0034886831451252814 0.0077073165089656132 0.04518351465578526 0.056538129150218767 0.015398630435020703 -0.017002803007645333 0.17787370562228558 0.014242287336539644 0.00031166788413559
leaf_weight=923.81771304970607 57.005616812966764 90.748651610687375 13.10279020201415 73.73606197303161 40.26612804364413 5.9983196053653947 34.633137330412865 17.900212996639311 15.987805261276661 3.3954803245142093 2.5663102539256206 5.3914123689755789 2.2707251906394958 21.530654568225145 10.265566756017504 7.5991614651866284 8.5442948057316226 23.580036877188832 813.79550634603947 18.819597481749952 39.341281741857529 312.4885489041917 37.166075968649238 104.18221908807755 34.025759932585061 62.499180492945015 144.3617849200964 0.73051517782732789 3.045425652526319 147.08090989850461
leaf_count=181201 4228 1991 1857 8484 1894 210 167 330 1735 233 93 425 159 836 404 253 191 857 13888 878 179 27679 1500 432 1205 5522 22090 67 301 9917
internal_value=-0.000346416 0.0132384 -0.022431 0.00293694 0.0117972 0.0156738 0.0207548 0.0181899 -0.00647911 0.0108708 0.0198956 -0.0265251 0.0249759 0.0405079 0.0744514 0.0273205 0.0539876 0.0376034 0.0200892 0.00877442 0.0338597 -0.0066544 0.0201351 0.0386925 0.0431359 0.00846057 -0.0137586 0.0133876 0.0765146 0.00199574
internal_weight=3075.88 1904.67 1171.21 804.069 417.844 360.838 1100.6 922.444 239.728 297.234 146.758 931.48 7.66214 50.506 12.8319 37.6741 16.1435 63.6041 831.696 96.2518 178.157 386.225 55.9857 143.524 57.6058 78.487 161.241 16.8787 3.77594 150.476
internal_count=289206 75849 213357 58862 22699 18471 16987 16209 31572 16199 6049 181785 584 1777 497 1280 444 2272 14218 4272 778 36163 2378 611 2062 7257 24315 2225 368 10150
is_linear=0
shrinkage=0.03


Tree=33
num_leaves=31
num_cat=0
split_feature=1 1 8 0 18 31 3 0 17 19 24 29 27 31 24 8 3 6 29 0 33 31 3 31 29 5 17 27 29 29
split_gain=1005.35 149.846 94.4051 60.3361 51.084 41.3023 40.1588 38.3427 31.9082 34.4313 41.2083 36.4282 31.0915 42.0761 31.4875 30.4122 30.7416 30.2715 27.0215 26.2865 24.8231 23.6625 23.3107 21.945 21.6573 20.1923 20.1052 19.7363 19.3418 18.9725
threshold=3.8288487195968632 28.445338249206547 1.7398586869239809 2.5000000000000004 3.1580047607421879 69.397317886352553 1.0890932083129885 5.5000000000000009 0.97921258211135875 0.20760357379913333 0.3752900511026383 -0.73865258693695057 0.70430105924606334 771.62255859375011 1.0702664852142336 10.48910427093506 -0.63261133432388295 3.9230778217315678 -0.24372464418411252 7.5000000000000009 2.0408236980438237 54.987888336181648 -0.67380356788635243 771.62255859375011 0.33222858607769018 -9.0733609199523908 -0.8092309534549712 0.87634408473968517 -0.99465739727020253 0.36447542905807501
decision_type=2 2 2 2 8 2 2 2 10 10 10 2 2 2 8 2 2 10 2 2 2 2 2 2 2 8 10 2 2 2
left_child=2 3 17 23 8 21 -3 27 24 10 -10 12 14 -14 -12 -7 -17 -1 -13 -4 -20 -6 -21 -2 25 -5 -23 -8 -28 -26
right_child=1 6 19 4 5 15 7 -9 9 -11 11 18 13 -15 -16 16 -18 -19 20 22 -22 26 -24 -25 29 -27 28 -29 -30 -31
leaf_value=-0.02685122675169602 -0.015385290157740808 0.015825548680427199 -0.009755092650917908 0.028922480657246834 0.013413090028792398 -0.0034927444335111158 0.014656720348008207 0.037571080927136381 0.12321209971300781 -0.0060285566397315655 0.1233106649866038 -0.015256366411242625 -0.00065282435977563494 0.057150120634310325 0.016595689050138123 0.11880080247395297 0.015572947904542105 0.0053380289419371766 0.011981266456441231 0.034606749575434588 0.093585845539390436 -0.012145176779801172 -0.0043579979322318097 0.0074272880961916542 0.15610253942352109 0.0082377137638317138 -0.00080309604959021951 0.045517590995390683 0.10181427978855284 0.031603359714092123
leaf_weight=952.7319299117662 136.98051210213453 337.64258921146393 112.99885495845228 47.463462898507714 21.251116647850722 374.18108542170376 147.43088240548968 241.16474847495556 3.8434722293168297 20.183111537713557 7.305026113521305 19.873817044775933 18.753473552875221 27.560783547814935 4.0527006513439128 1.8031149907037605 44.638375725597143 26.72736781835556 12.283022920601072 27.109886380843818 3.8175506223924449 2.1908273911103597 26.787881344091147 51.654444899875671 0.61035780003294249 361.00962038245052 2.0171843701973549 20.810640566051006 7.7831616066396228 6.2115495298057795
leaf_count=191122 11361 2474 14312 1462 1042 30009 906 1133 128 799 248 1080 805 453 253 53 1885 2572 876 2231 245 73 3269 2646 46 16899 76 100 264 545
internal_value=-0.000192605 0.0130646 -0.0224178 0.00637849 0.00934964 0.00194532 0.0235625 0.0298891 0.0156396 0.029391 0.0367106 0.0318961 0.046484 0.0342256 0.0896566 -0.000632498 0.0220005 -0.0259683 0.00788501 -0.00155082 0.0356714 0.0336289 0.0155142 -0.00913223 0.0116819 0.010706 0.0656657 0.0187205 0.082574 0.0612754
internal_weight=3068.87 1922.52 1146.36 1175.47 986.833 453.865 747.049 409.406 532.968 117.673 97.4898 93.6464 57.672 46.3143 11.3577 420.623 46.4415 979.459 35.9744 166.897 16.1006 33.2423 53.8978 188.635 415.295 408.473 11.9912 168.242 9.80035 6.82191
internal_count=289367 75861 213506 71248 57241 33402 4613 2139 23839 4887 4088 3960 1759 1258 501 31947 1938 193694 2201 19812 1121 1455 5500 14007 18952 18361 413 1006 340 591
is_linear=0
shrinkage=0.03


Tree=34
num_leaves=31
num_cat=0
split_feature=2 4 6 0 3 6 6 25 0 29 31 15 4 3 0 17 28 28 8 20 8 31 0 3 8 31 29 0 29 8
split_gain=901.401 145.587 89.942 59.5929 54.7398 40.1435 32.5465 30.8909 29.3808 25.5021 23.9939 31.3081 22.1663 28.2037 25.1852 28.9162 21.7274 21.6527 21.4437 27.757 21.0961 20.8595 20.6234 23.322 20.2667 19.177 19.613 18.6003 19.2939 18.4821
threshold=1.5748444199562075 17.221428871154789 2.0650470256805424 2.5000000000000004 0.2360622510313988 23.045776367187504 23.045776367187504 0.11642852053046228 1.5000000000000002 0.7074720859527589 116.6488609313965 -1.0862356424331663 9.0298752784729022 -0.37239845097064966 6.5000000000000009 0.81376484036445629 0.21022171527147296 -0.78326541185379017 2.5737705230712895 0.96257001161575328 3.4689532518386845 69.397317886352553 4.5000000000000009 -1.222753047943115 18.712434768676761 260.51104736328131 -0.99465739727020253 7.5000000000000009 -0.61236745119094838 12.409204483032228
decision_type=2 2 10 2 2 10 10 2 2 2 2 10 2 2 2 10 2 2 2 10 2 2 2 2 2 2 2 2 2 2
left_child=2 3 7 -2 6 8 9 -1 -3 12 11 27 13 14 -5 -16 17 -4 -17 -20 -9 -15 -19 25 -10 -24 -27 28 -6 -12
right_child=1 5 16 4 10 -7 -8 20 24 -11 29 -13 -14 21 15 18 -18 22 19 -21 -22 -23 23 -25 -26 26 -28 -29 -30 -31
leaf_value=-0.029426410308166905 -0.015327701861669839 0.0005024235165824694 -0.0066406033193791786 0.0017309545054695885 0.14816587755524843 0.032416717471682469 0.073795600435516487 -0.020784848046913985 0.016828390671953679 0.11024562464673576 -0.0091477996837459469 0.0051394607490269422 0.019793189078006868 0.032246126117324928 0.014877227009485938 0.018464574872010871 -0.018076218488431519 -0.0063923716796183963 0.10330253503155389 0.0066955528323814437 0.0024972087751695239 -0.0051631395487650687 0.016001161421535813 0.018309460584826898 0.032293623040601703 -0.014700520562649902 0.12021381674740494 -0.0015280532594331298 0.014282051015110646 0.027888626353017195
leaf_weight=585.52211814653128 135.01277085905895 89.840383687987924 35.716095449402928 61.131941938772798 2.34515484329313 178.90748044196516 6.6866339379921547 382.64042042847723 664.33450575172901 1.3497580848634232 243.18542740866542 31.640863160602748 163.54102168604732 13.658362192101775 53.644563863519579 9.8282244033180195 30.911609340459108 14.048118638806043 9.6014601970091444 3.7755329236388198 38.324195340275764 157.5433125696145 4.1568870218470639 23.663208213169131 86.995194961316884 0.90529584232717741 5.3609671383164823 1.9915931308642028 1.6928749643266194 11.803388010244815
leaf_count=125179 12059 1488 3775 3424 96 945 196 71829 9402 132 23468 2025 4940 563 2355 389 3841 1502 286 142 4241 12354 263 2482 531 45 281 85 128 736
internal_value=-0.000702979 0.0117317 -0.0220816 0.00299152 0.00620509 0.0195047 0.0124227 -0.0249482 0.0167233 0.0114035 -0.00401625 0.0180314 0.0108892 0.0061308 0.0161718 0.0274892 0.00305715 0.0109692 0.0548258 0.0783984 -0.0186644 -0.00200873 0.023905 0.0362179 0.0186596 0.0717126 0.101382 0.0753278 0.106013 -0.00733114
internal_weight=3049.76 1928.51 1121.25 908.433 773.42 1020.08 480.761 1006.49 841.17 474.074 292.659 37.6705 472.724 309.183 137.982 76.8498 114.762 83.8506 23.2052 13.377 420.965 171.202 48.1345 34.0864 751.33 10.4232 6.26626 6.02962 4.03803 254.989
internal_count=289182 75744 213438 63378 51319 12366 24781 201249 11421 24585 26538 2334 24453 19513 6596 3172 12189 8348 817 428 76070 12917 4573 3071 9933 589 326 309 224 24204
is_linear=0
shrinkage=0.03


Tree=35
num_leaves=31
num_cat=0
split_feature=11 12 5 6 4 18 25 21 31 17 31 31 14 2 18 30 21 0 8 11 3 30 31 31 17 2 23 11 18 11
split_gain=915.191 169.407 62.9302 51.4858 48.4671 33.6318 35.5686 32.1183 39.5729 35.6809 24.1991 32.6913 38.2346 23.876 23.253 21.8741 21.0725 19.7113 22.5914 19.5967 19.5894 19.3668 36.3315 31.6679 19.4697 25.474 19.5855 18.6566 18.1732 17.9976
threshold=4.2402455806732187 11.623711585998537 -3.45591127872467 0.87573009729385387 5.9268412590026864 3.2735443115234379 0.21367461979389193 0.24385963380336764 260.51104736328131 -0.45393753051757807 771.62255859375011 116.6488609313965 -0.3303136527538299 3.8847197294235234 7.0401153564453134 1.0000000180025095e-35 1.1312289237976076 4.5000000000000009 4.6370584964752206 1.9752951264381411 -0.9482775330543517 1.5000000000000002 771.62255859375011 408.92024230957037 0.43293681740760809 2.2247965335845952 0.38888341188430792 19.308089256286625 5.4741668701171884 3.6050454378128056
decision_type=2 2 10 8 2 8 2 10 2 10 2 2 10 2 8 2 10 2 2 2 2 2 2 2 10 2 10 2 8 2
left_child=3 2 14 -1 17 6 -5 -8 -9 -10 11 12 -6 -3 15 -2 19 -4 -19 -11 -20 23 -23 -17 26 -26 -24 -13 -25 -21
right_child=1 13 4 5 10 -7 7 8 9 16 -12 27 -14 -15 -16 21 -18 18 20 29 -22 22 24 28 25 -27 -28 -29 -30 -31
leaf_value=-0.028092803991472914 -0.0090540057765273879 0.019091201076039514 -0.019250273010009419 -0.014835860222866051 0.040440720802782736 -0.018401926409862747 0.0058221086996731817 -0.010570753225318924 -0.017878220216092356 0.018005958474613976 0.014861275382412937 -0.0083115254437112328 -0.0049633589575277023 0.031524147647391844 -0.0086813013188999644 0.041694181569185723 0.026297947027562388 -0.0086220172639592148 0.078515001358622022 0.25468408639473611 0.0095501900248499468 0.0051799518218428164 0.027168663707066051 -0.0041750873487413796 0.0827700107221436 0.028717783082261281 -0.011465110088058837 0.011307645019913361 0.053963935599191173 0.057372269188146224
leaf_weight=701.19350031437352 29.673861027695239 648.58175843534991 126.78098353743553 33.791840615682304 34.629763431847095 228.99083487689495 19.715522402897481 3.5753957186825556 1.4133944390341637 0.86906757019460235 152.75189433479682 210.23034808039665 31.035992969758809 180.88003666698933 38.722928802017123 61.745160596445203 1.6504403632134197 142.40799662703648 3.4059424083679941 1.5271784444339576 25.96954295784235 177.3542937990278 36.461321263574064 28.822263355832547 10.007982481736688 35.249965654686093 16.569146343972534 54.051412167958915 4.7880739681422702 1.3911680895835159
leaf_count=151739 2430 7001 16601 3806 1195 38606 2050 406 112 125 4337 16143 1357 782 3379 2390 177 17438 249 153 2043 10257 952 1937 336 613 427 1537 289 95
internal_value=-6.96853e-05 0.0113838 0.00426849 -0.0236773 -0.00084255 -0.0130481 0.00611548 0.0293258 0.0693696 0.10712 0.00503141 0.000449445 0.0192286 0.0218371 0.0133374 0.0154817 0.13734 -0.0103243 -0.00366337 0.170128 0.0198679 0.0174633 0.013347 0.0291 0.0278833 0.0422014 0.0151089 -0.00427148 0.00542718 0.199273
internal_weight=3044.24 2050.12 1220.66 994.118 781.264 292.925 63.934 30.1422 10.4266 6.85125 482.699 329.948 65.6658 829.462 439.395 400.672 5.43785 298.564 171.783 3.78741 29.3755 370.998 275.643 95.3555 98.2884 45.2579 53.0305 264.282 33.6103 2.91835
internal_count=288962 91693 83910 197269 60900 45530 6924 3118 1068 662 24569 20232 2552 7783 23010 19631 550 36331 19730 373 2292 17201 12585 4616 2328 949 1379 17680 2226 248
is_linear=0
shrinkage=0.03


Tree=36
num_leaves=31
num_cat=0
split_feature=11 2 8 27 29 28 27 19 27 28 0 0 8 29 0 28 20 28 22 11 14 28 18 28 27 2 27 27 28 29
split_gain=900.424 142.971 60.9535 54.4985 58.213 111.656 118.746 54.6664 49.9751 44.8278 44.4016 39.2283 44.6286 36.1229 31.5374 28.9452 34.4403 68.1142 40.4995 33.462 40.8191 28.7451 28.3147 28.0771 59.037 26.1156 29.5066 25.8439 24.9907 23.749
threshold=4.143972873687745 2.9391911029815678 8.6207771301269549 0.23494623601436618 0.63089349865913402 -0.46801505982875818 0.25143370032310491 -0.029464339837431904 0.85250896215438854 0.27694219350814825 2.5000000000000004 1.5000000000000002 18.712434768676761 0.79253265261650097 3.5000000000000004 -0.96689236164093006 1.2159668803215029 -0.98803845047950734 0.44523902237415319 8.6928663253784197 -0.44085790216922754 -0.80418667197227467 7.8794403076171884 0.99818283319473278 0.28494623303413397 2.6704593896865849 0.084187224507331862 0.26344086229801184 -0.11692013591527937 -0.074115883558988557
decision_type=2 2 2 2 2 2 2 10 2 2 2 2 2 2 2 2 10 2 10 2 10 2 10 2 2 2 2 2 2 2
left_child=3 2 8 -1 23 6 -6 13 10 21 -2 -3 -13 14 -8 16 25 -18 22 -17 -21 -10 -19 -5 27 26 -12 -25 -4 -27
right_child=1 11 28 4 5 -7 7 -9 9 -11 15 12 -14 -15 -16 19 17 18 -20 20 -22 -23 -24 24 -26 29 -28 -29 -30 -31
leaf_value=-0.028358077556213869 -0.021419265913787632 0.0024421556430359696 0.034211396854618034 -0.01836223915528571 0.35303590535660612 -0.024384648322431618 -0.012218518994037662 -0.015163960077471636 0.061705192084361461 0.046088219157387512 0.10014222659938106 0.017756620202814662 0.035157613384156947 0.0015000377861433918 0.19268794631337358 -0.011714315708648037 -0.014255173264786539 0.18248565425570423 0.011257689513730938 0.018797119148959814 -0.0052379864739496556 0.0033561514232602471 -0.011847345428689966 0.0056939308654531335 -0.023330400973748309 0.076468957352364766 -0.0041056095856905322 0.23598031025672517 0.0023489096927260893 -0.00096371199345308099
leaf_weight=686.09238259866834 103.34818358533084 120.51782794389874 71.238884009886533 248.79523841477931 0.48759484058246272 14.533341342117636 0.67961725825443808 4.9951363275758913 7.1158111188560715 32.421123262494802 1.5324161071330298 826.99761634506285 158.94359976612031 1.8425367493182419 2.9009296307340264 222.95856762398034 6.4394337120465934 4.0720036984421295 2.6102248793467879 102.22953118989244 164.81364241940901 121.90247753588483 0.64336461573839177 0.67756155179813393 3.3699572966434062 7.4057591902092099 68.675551083870232 0.57858510175719857 32.178466290235519 6.1472560809925181
leaf_count=152456 12504 1933 3213 39349 54 2652 114 884 442 875 185 12415 902 301 382 25771 547 300 227 6511 11997 5810 79 123 471 508 6511 83 1555 533
internal_value=9.32486e-05 0.0112848 0.00278065 -0.0238111 -0.0125627 0.0299137 0.0982434 0.0564443 0.0001301 0.0151046 -0.00338583 0.0186214 0.0205946 0.114494 0.159618 -0.000182675 0.0146573 0.056938 0.113715 -0.00316014 0.00399894 0.00702414 0.158537 -0.0169274 0.0497883 0.00711923 -0.000455831 0.169345 0.0244148 0.0436948
internal_weight=3027.14 2062.19 955.733 964.953 278.86 25.4392 10.9058 10.4182 852.315 161.439 690.876 1106.46 985.941 5.42308 3.58055 587.528 97.526 13.765 7.32559 490.002 267.043 129.018 4.71537 253.421 4.6261 83.761 70.208 1.25615 103.417 13.553
internal_count=289687 92818 77568 196869 44413 4387 1735 1681 72800 7127 65673 15250 13317 797 496 53169 8890 1153 606 44279 18508 6252 379 40026 677 7737 6696 206 4768 1041
is_linear=0
shrinkage=0.03


Tree=37
num_leaves=31
num_cat=0
split_feature=2 8 8 30 5 2 28 0 28 5 0 3 2 28 12 0 23 22 0 28 28 3 22 3 31 28 34 30 31 16
split_gain=783.893 105.462 99.6549 57.1044 34.921 42.7995 30.6667 33.9875 31.0248 27.6328 25.3829 30.0319 24.2298 23.2773 29.4035 37.3815 32.3842 22.7504 22.5913 20.2888 20.0702 19.5562 19.5154 19.3817 19.144 21.8794 18.9155 26.0589 27.5361 30.0674
threshold=1.5941298604011538 1.7733241319656374 10.023713588714601 1.0000000180025095e-35 -2.2450697422027583 2.6704593896865849 -0.39036798477172846 2.5000000000000004 -0.55657517910003651 -3.3129745721817012 6.5000000000000009 -0.88504278659820546 3.711634755134583 -0.96689236164093006 -1.9436167478561399 7.5000000000000009 -0.16720008850097653 1.1899958848953249 4.5000000000000009 -0.99054482579231251 -0.99275806546211232 1.7961651086807253 -1.0245680212974546 1.0495780110359194 321.83653259277349 -0.11692013591527937 4.5900831222534189 1.5000000000000002 408.92024230957037 0.19171032309532168
decision_type=2 2 2 2 10 2 2 2 2 8 2 2 2 2 2 2 10 8 2 2 2 2 10 2 2 2 2 2 2 10
left_child=1 9 3 19 17 18 7 -4 21 -1 -3 22 -8 14 15 -11 20 26 -6 -2 -17 -9 -12 -14 -24 -26 27 28 29 -5
right_child=2 10 6 4 5 -7 12 8 -10 13 11 -13 23 -15 -16 16 -18 -19 -20 -21 -22 -23 24 -25 25 -27 -28 -29 -30 -31
leaf_value=0.0020560526953348791 0.0552664273276854 -0.00949408281440451 0.0080394244301039072 0.044987489054268678 -0.014986204248224931 0.0099587035022289973 0.0082714261190603208 0.019743134581681501 0.054816719330520493 -0.011117755242487795 -0.01882816302357793 -0.0014083761006919253 0.0061740776008514988 -0.02736729698928481 -0.02366789949765357 0.01949908460303312 0.0067189775675959218 -0.0042870250626564094 0.0020951653273201185 -0.015774910361503136 0.17304235522774367 0.041797722625312075 0.018167408997559569 0.031706218315100121 0.10267180691429129 0.018951596670890518 0.03625768018134954 0.0094376649352191453 0.0022326760819445972 0.0074144845001512449
leaf_weight=32.315533217508346 2.7751496741548172 91.414240580052137 58.476717127021402 65.950554403010756 116.82372215343639 444.08984699845314 202.73644383251667 109.28282383317128 49.613333902321756 11.594449496828021 4.1674644984304932 44.69475607899949 37.52037325501442 811.02056428650394 31.482170426752418 1.4173745838925245 3.875069393310695 51.842908347025514 170.04949100874364 113.3580613671802 1.9520608931779859 56.339607264846563 11.945626557338985 97.458975374698639 7.3313669296912876 5.0553724523633674 39.691993805579841 278.14575986890122 33.022552597802132 27.488824325613678
leaf_count=3312 254 12288 854 1582 11144 12592 3630 1749 539 1936 333 5345 185 181096 7071 189 496 2204 13384 10293 221 326 921 427 507 475 879 11916 2287 723
internal_value=-0.000272869 -0.0210581 0.0109853 0.00640681 0.00831169 0.00413295 0.021017 0.0284902 0.0339835 -0.0251184 0.00100421 0.014067 0.0148938 -0.0261392 -0.0061979 0.022718 0.0716506 0.0144475 -0.0048888 -0.01362 0.127698 0.0274512 0.0375612 0.0247066 0.0475812 0.0724714 0.0166383 0.0146289 0.0258832 0.0341295
internal_weight=3012.93 1058.27 1954.67 1343.24 1227.11 730.963 611.428 273.712 215.236 893.657 164.609 73.1946 337.716 861.342 50.3211 18.839 7.2445 496.143 286.873 116.133 3.36944 165.622 28.4998 134.979 24.3324 12.3867 444.3 404.608 126.462 93.4394
internal_count=289158 214190 74968 67258 56711 37120 7710 3468 2614 194321 19869 7581 4242 191009 9913 2842 906 19591 24528 10547 410 2075 2236 612 1903 982 17387 16508 4592 2305
is_linear=0
shrinkage=0.03


Tree=38
num_leaves=31
num_cat=0
split_feature=11 12 5 27 5 4 11 5 11 28 28 28 19 31 31 31 27 18 3 16 31 30 33 28 27 27 33 30 27 11
split_gain=796.901 147.712 58.6098 50.8642 39.8232 39.4457 28.1579 28.1319 25.104 21.9636 33.424 25.8927 38.4016 26.5061 20.0586 28.3449 18.4491 18.1187 18.0123 18.5972 21.2781 17.5109 24.157 17.4015 27.7384 22.5353 17.2809 27.0703 18.0584 26.2416
threshold=3.8796486854553227 12.51738214492798 -2.0580778121948238 0.23494623601436618 -22.790925025939938 5.4861268997192392 14.481814861297609 23.231354713439945 9.0760340690612811 -0.12546116113662717 -0.78326541185379017 -0.75015330314636219 -0.27658943831920618 260.51104736328131 69.397317886352553 771.62255859375011 0.96774193644523632 3.0806121826171879 -0.011086170095950363 -0.8926124870777129 220.38897705078128 1.5000000000000002 2.6527894735336308 0.99818283319473278 0.28494623303413397 0.26344086229801184 2.77818775177002 1.5000000000000002 0.32795698940753942 15.474707126617433
decision_type=2 2 10 2 8 2 2 10 2 2 2 2 10 2 2 2 2 8 2 10 2 2 2 2 2 2 2 2 2 2
left_child=3 2 8 -1 -5 -4 7 -3 17 10 -6 12 13 -12 -7 21 -8 -2 19 20 -10 22 -16 -11 25 -25 28 -28 -20 -30
right_child=1 6 5 4 9 14 16 -9 18 23 11 -13 -14 -15 15 -17 -18 -19 26 -21 -22 -23 -24 24 -26 -27 27 -29 29 -31
leaf_value=-0.028520954283982221 0.012649494834143645 0.011388909496251142 -0.011339482386166666 0.10211714702539804 -0.016002634089865644 0.025253756708305822 0.023628667881050454 0.037096869180152751 0.14466768722412288 -0.024129967050355333 0.012804012469434876 0.0071561945345874406 -0.0012630267276175751 0.20695578192183861 -0.0012425794696689933 0.011731824275800506 0.048985243182590711 -0.0062370472129428386 0.037755145142013717 0.020394221634232355 0.031931813737597473 -0.0096298327782911291 0.033697218764125604 -0.012709415452898536 -0.0225372622841086 0.17253405669936728 0.061388102397418244 0.0047511970391535827 -0.0093842024093087704 0.015341176588447712
leaf_weight=646.83034567674622 79.746397567912936 358.49537102365866 261.36852015974 1.712919294834137 75.041010127402842 33.073791248723865 368.81838860735297 42.259787799790502 1.3841732391156245 127.06106841797009 1.0958176800049844 35.85783706093207 3.1507178056053808 1.1505252495408056 99.173481525387615 156.86949086096138 27.93586390465498 104.43204034585506 13.320700943935661 153.81013058498502 6.5414255261421204 186.74463369371369 20.690257557202131 0.72759304661303648 2.9264292675070465 0.6285196915268898 12.764017053879799 17.357293817214668 79.501888962462544 73.313886002637446
leaf_count=151803 4794 4639 34496 78 12876 1151 1945 212 60 22074 150 5287 517 144 6880 4441 145 10040 990 5971 235 11805 499 134 437 74 179 491 4712 2274
internal_value=-0.000417638 0.00969931 0.00345877 -0.0240817 -0.0124983 -0.00192913 0.0198555 0.0141854 0.0109804 -0.0136986 -0.00414711 0.017286 0.0729485 0.145363 0.003037 0.00140066 0.0255327 0.00196468 0.0156003 0.0230002 0.065623 -0.00390601 0.00501745 -0.0220606 0.0322813 0.109935 0.00941642 0.0299527 0.00553617 0.0025005
internal_weight=2993.78 2097.6 1300.09 896.183 249.352 757.92 797.509 400.755 542.172 247.64 116.296 41.2549 5.39706 2.24634 496.552 463.478 396.754 184.178 357.994 161.736 7.9256 306.608 119.864 131.344 4.28254 1.35611 196.258 30.1213 166.136 152.816
internal_count=289533 95959 89018 193574 41771 59272 6941 4851 29746 41693 18974 6098 811 294 24776 23625 2090 14834 14912 6266 295 19184 7379 22719 645 208 8646 670 7976 6986
is_linear=0
shrinkage=0.03


Tree=39
num_leaves=31
num_cat=0
split_feature=11 2 27 29 28 27 24 0 11 28 0 3 28 27 27 8 28 15 8 31 8 27 3 17 28 27 28 29 24 15
split_gain=794.34 134.597 54.8866 67.1671 108.099 87.6247 111.04 50.4525 45.8905 39.8591 35.2769 37.9953 34.6891 31.9832 51.3663 36.0321 32.8732 38.706 30.9676 28.481 25.8447 25.2953 29.371 25.0485 23.6461 40.2395 22.4455 33.6304 21.8282 33.3694
threshold=4.143972873687745 3.2878984212875371 0.23494623601436618 0.56191161274909984 -0.46801505982875818 0.25143370032310491 0.81491038203239452 1.5000000000000002 15.474707126617433 -0.11692013591527937 2.5000000000000004 1.0890932083129885 -0.15101210027933118 0.85250896215438854 0.86881721019744884 3.2385717630386357 -0.80418667197227467 -0.2746537178754806 3.1787776947021489 260.51104736328131 24.131349563598636 0.80878135561943065 0.6875816583633424 -0.85468491911888111 0.99818283319473278 0.28494623303413397 -0.42957681417465204 -0.95242238044738758 0.7873632311820985 -0.31006421148777003
decision_type=2 2 2 2 2 2 10 2 2 2 2 2 2 2 2 2 2 10 2 2 2 2 2 10 2 2 2 2 10 10
left_child=2 7 -1 24 5 -5 -7 -2 13 12 -3 -12 -10 15 18 -9 17 -16 -15 -8 21 22 -17 -13 -4 -26 -18 -28 -29 -30
right_child=1 10 3 4 -6 6 19 8 9 -11 11 23 -14 14 16 20 26 -19 -20 -21 -22 -23 -24 -25 25 -27 27 28 29 -31
leaf_value=-0.028265114840191195 -0.018365169602083606 0.0065809711471706347 -0.018688705874540384 0.29136727421847164 -0.023001474813016082 -0.00831376165742417 0.048999557000617935 -0.0071736108659170104 0.024142805672664615 -0.0029722836114072803 0.014764275826436791 0.046604580446912132 0.10779209167370815 0.074314940968122911 0.11338612961073041 0.015051381900160716 -0.01607871664181618 -0.0014289284084091649 0.020409223717866441 0.22704694101298342 0.075619030146647781 -0.013557674073378561 -0.005660585745200058 0.025103120139680211 0.13148849436015775 -0.022841554780784167 -0.0038688954661951431 0.011338214506897967 0.015056601287520767 0.093678500028247888
leaf_weight=632.83113090600818 85.526540802326053 165.84132806397974 232.6087198886089 0.77200482087210076 15.718963134102522 8.5922206519171578 2.0293516418896607 357.78178939223289 135.35945214657113 54.895479459315538 347.44910548627377 59.173871506005526 3.7245166702195993 15.769906247034667 4.3732461766339839 204.2621836499311 43.136478228960186 5.1514684199355525 25.030067817308009 2.1454609809443355 3.7890315521508446 52.758764202706516 87.42477642884478 314.30269455909729 1.5982335442677129 3.0880926912650466 76.970853371545672 31.907600131817162 11.156811262015255 8.2966614020988327
leaf_count=152317 8593 1416 38570 54 2959 1465 261 38710 5334 2615 2742 298 98 231 161 13115 2032 295 401 219 171 2873 7475 1689 218 461 3011 1090 323 202
internal_value=0.000110897 0.0102384 -0.0234548 -0.0119714 0.0302267 0.0893567 0.0568646 0.00371454 0.00541278 0.0186442 0.0191064 0.0219746 0.0271363 0.00262937 0.0125394 -0.000497187 0.00558369 0.0570525 0.0425241 0.166693 0.00636317 0.00538464 0.00884544 0.0286252 -0.0172794 0.043659 0.00241048 0.00870156 0.027254 0.0515285
internal_weight=2993.47 2094.08 899.384 266.553 29.258 13.539 12.767 1207.32 1121.79 193.979 886.767 720.926 139.084 927.81 221.793 706.017 180.993 9.52471 40.8 4.17481 348.235 344.446 291.687 373.477 237.295 4.68633 171.468 128.332 51.3611 19.4535
internal_count=289399 92875 196524 44207 4958 1999 1945 86730 78137 8047 6145 4729 5432 70090 7746 62344 7114 456 632 480 23634 23463 20590 1987 39249 679 6658 4626 1615 525
is_linear=0
shrinkage=0.03


Tree=40
num_leaves=31
num_cat=0
split_feature=11 12 31 30 33 27 30 6 23 29 31 29 29 8 29 27 17 33 27 0 29 11 19 29 17 29 12 14 29 29
split_gain=732.877 121.629 64.9349 63.4146 79.3955 51.3615 37.3916 36.3519 34.1114 30.8395 39.2787 37.2984 37.3003 28.9347 47.9889 42.4716 28.871 31.0749 40.7307 27.6483 27.0507 26.44 24.325 24.1031 24.034 37.3465 23.3652 31.2908 26.1715 86.8738
threshold=3.8796486854553227 12.51738214492798 771.62255859375011 1.5000000000000002 1.3300866484642031 0.11469534039497377 2.5000000000000004 0.77657133340835582 -1.6078246831893919 0.56191161274909984 617.13363647460949 0.88117334246635448 0.85561370849609386 7.6316826343536386 0.28313310444355017 0.86881721019744884 0.031774330884218223 2.4454438686370854 0.21308244019746783 2.5000000000000004 -0.14250536262989041 9.0760340690612811 -0.12093539908528327 -0.99465739727020253 1.0170015096664431 -0.96234029531478871 -8.7398271560668928 -0.19052796810865399 -0.24372464418411252 -0.099822327494621263
decision_type=2 2 2 2 2 2 2 8 10 2 2 2 2 2 2 2 10 2 2 2 2 2 10 2 10 2 2 8 2 2
left_child=5 2 3 4 19 -1 20 -7 -6 -9 11 12 22 15 -15 -5 -16 18 -18 -2 -4 -10 -11 -23 -8 -26 27 -21 -28 -30
right_child=1 -3 6 13 8 7 24 9 21 10 -12 -13 -14 14 16 -17 17 -19 -20 26 -22 23 -24 -25 25 -27 28 -29 29 -31
leaf_value=-0.029275946805478965 -0.020499063458704996 0.018319394582782807 -0.029253738264363682 -0.014987381666912767 0.089407377385817555 -0.024287315564557491 0.013874993796832668 -0.0091983955275061983 -0.002107875832480025 0.091851980973975844 -0.01595375569601273 -0.022717864717684437 0.21432233451683502 0.00097805824265376293 0.0081178051673377171 0.0058500719018939841 -0.0039970265928215834 -0.0056804283956400047 0.20570992640060715 0.067980567726465185 0.047425204298466569 -0.012648145351711495 -0.008906687446250278 0.041677802228398605 -0.0010805559508254125 0.049523350691196545 -0.0022541434209143079 0.0001650644682129906 0.084954043500356041 -0.010749877058912284
leaf_weight=530.77671110839583 43.6384048438631 828.2875164244324 24.405770128127191 352.11197952879593 7.7538950638845554 157.83597192307934 233.92091773962602 143.93102859240025 22.103799202479422 4.6388655551709226 9.545047755353151 3.0115553201176217 0.96128015546128143 114.56250778958201 4.2249278873205167 116.6632793629542 1.0681575587950649 1.3948827213607726 2.2719839452765882 10.852541823405771 4.0163089656271032 7.8731282660737625 3.2275625462643829 61.451791928615421 18.447295144200325 44.144008995965123 192.7631479841657 12.678777622524651 12.732263821642844 22.056280402000993
leaf_count=133574 4945 7044 2742 37731 160 35449 6758 21313 1415 449 1649 468 64 4311 199 5762 79 77 104 873 424 246 475 1486 274 1180 15456 1073 1079 2825
internal_value=-5.16336e-05 0.00932676 0.00363619 -0.000200266 0.00911495 -0.0235316 0.015245 -0.0140353 0.0321871 -0.00415997 0.028648 0.0630488 0.0916423 -0.00640022 0.00647796 -0.00980019 0.0696413 0.11355 0.153178 0.0012679 -0.0171747 0.0264195 0.0541692 0.035416 0.0183999 0.0348266 0.00511732 0.0329375 0.00210888 0.0256719
internal_weight=2993.35 2139.42 1311.14 986.202 393.904 853.928 324.934 323.151 99.1826 165.315 21.3843 11.8393 8.82771 592.298 123.522 468.775 8.95995 4.73502 3.34014 294.721 28.4221 91.4287 7.86643 69.3249 296.512 62.5913 251.083 23.5313 227.552 34.7885
internal_count=289684 96243 89199 77821 29558 193441 11378 59867 3307 24418 3105 1456 988 48263 4770 43493 459 260 183 26251 3166 3147 924 1732 8212 1454 21306 1946 19360 3904
is_linear=0
shrinkage=0.03


Tree=41
num_leaves=31
num_cat=0
split_feature=11 12 0 5 18 30 28 30 31 29 29 27 34 33 15 28 29 20 29 28 3 11 27 15 2 27 3 34 24 3
split_gain=699.894 123.28 73.817 43.5692 40.9282 30.2984 54.2226 36.3498 59.0679 43.4466 48.2978 80.8549 37.9664 35.7658 37.4966 39.3174 60.6502 37.9226 32.846 66.0861 34.3582 32.3639 28.7438 38.0685 28.4995 28.2584 41.1764 26.7968 26.6814 26.5771
threshold=3.6050454378128056 12.51738214492798 2.5000000000000004 -4.9543566703796378 7.7660980224609384 1.0000000180025095e-35 -0.99054482579231251 1.5000000000000002 771.62255859375011 -0.99628248810768116 -0.97874867916107167 0.44802866876125341 0.66172218322753917 1.3300866484642031 0.23923193663358691 -0.97113886475563038 -0.21022038161754605 -0.52079239487647999 0.31595529615879064 -0.92923668026924122 1.0114381313323977 17.829542160034183 0.86881721019744884 -0.25395855307579035 0.48019450902938848 0.91935485601425182 -0.23576283454895017 0.099850557744503035 0.6518935263156892 1.5261604189872744
decision_type=2 2 2 8 8 2 2 2 2 2 2 2 2 2 10 2 2 8 2 2 2 2 2 8 2 2 2 2 10 2
left_child=3 2 -2 27 5 6 -4 9 18 -7 11 21 -13 14 -12 16 17 -16 25 20 -20 -11 23 -14 -5 -9 -27 28 -1 -3
right_child=1 29 4 24 -6 7 -8 8 -10 10 13 12 22 -15 15 -17 -18 -19 19 -21 -22 -23 -24 -25 -26 26 -28 -29 -30 -31
leaf_value=0.0075203196951661227 -0.013191814768746037 0.014521129363071695 0.1416220506552581 -0.028532428939627982 -0.012916614115914325 -0.019666836006775268 -0.013038730888429054 -0.0061466775878468924 0.017428843949396301 0.23315096573580874 -0.0060681835876837424 -0.012765147244550962 0.11523869864557686 0.03487806224254248 -0.011380647088758454 0.014634517465467423 0.023352101957526766 0.23450149922871882 0.23667982492866269 0.01364954792575976 0.010785132393206732 0.012639206226029227 -0.01148684218185605 0.0095349359951503489 -0.01521411537857064 0.040609698174052133 -0.0044803288685247994 -0.0035564262328062935 0.12744739565970487 0.02663011777469524
leaf_weight=3.7457520435564247 209.37710331985727 603.28721382422373 1.0951941688545037 585.38856242410839 91.779778019525111 22.507525858469307 82.260016813874245 348.00653300760314 254.37776267295703 2.0708238072693379 71.490802164655179 8.5242609437555092 8.7948384964838606 69.653386794961989 0.59991401620209217 43.211280554998666 6.2613059557042998 1.7191212764009836 1.0226784488186269 19.634538982063532 1.0080089299008248 0.89319674437865604 3.4911333480849853 4.7452769442461458 197.28602732205763 30.041554930619895 43.732985430397093 21.337265919428319 2.2220409451983869 226.54719249578193
leaf_count=354 18034 5581 98 150996 11835 1194 8432 27428 6657 144 5815 474 314 2101 54 3294 532 133 73 2147 33 36 121 266 36629 1400 1296 1933 132 1478
internal_value=-0.000139098 0.00879326 0.00311436 -0.0238982 0.00618016 0.0079008 -0.00935187 0.00943609 0.00593556 0.0193838 0.0234232 0.0592913 0.038047 0.0178429 0.00801497 0.0272014 0.0823558 0.18663 -0.000681803 0.0345038 0.165106 0.186652 0.0627764 0.0813972 -0.025199 -0.00256648 0.0141782 0.012962 0.0640562 0.017855
internal_weight=2966.11 2156.13 1326.3 809.98 1116.92 1025.14 83.3552 941.787 697.824 243.963 221.455 28.5195 25.5555 192.936 123.282 51.7916 8.58034 2.31904 443.446 21.6652 2.03069 2.96402 17.0312 13.5401 782.675 421.781 73.7745 27.3051 5.96779 829.834
internal_count=289014 98970 91911 190044 73877 62042 8530 53512 39034 14478 13284 1355 1175 11929 9828 4013 719 187 32377 2253 106 180 701 580 187625 30124 2696 2419 486 7059
is_linear=0
shrinkage=0.03


Tree=42
num_leaves=31
num_cat=0
split_feature=11 11 27 29 28 27 24 1 0 6 29 30 29 27 19 31 17 33 27 3 34 29 3 6 18 22 17 17 22 0
split_gain=671.946 98.6462 52.7808 58.8015 95.2044 47.4387 72.7994 46.2962 41.1141 37.7539 37.3279 51.3845 63.58 42.8428 47.1712 39.1437 35.5348 35.4137 33.1526 36.2748 31.9174 31.105 29.5191 27.9114 26.0982 25.895 26.2328 24.9245 24.7322 24.4544
threshold=3.9652520418167119 9.6302804946899432 0.23494623601436618 0.56191161274909984 -0.46801505982875818 0.25143370032310491 0.81491038203239452 35.575925827026374 1.5000000000000002 23.045776367187504 -0.99465739727020253 1.5000000000000002 -0.9711191952228545 0.39784945547580725 -0.068673666566610322 771.62255859375011 -0.75906980037689198 1.5478297472000124 0.67204302549362194 0.39507968723773962 0.18501859158277514 0.26659387350082403 -0.83008018136024464 8.9194955825805682 2.4000244140625004 0.10667645931243898 0.22854123264551165 1.0170015096664431 0.14629438519477847 5.5000000000000009
decision_type=2 2 2 2 2 2 10 2 2 10 2 2 2 2 10 2 10 2 2 2 2 2 2 10 10 8 10 10 10 2
left_child=2 9 -1 -4 5 -5 -7 8 -3 20 -10 12 13 14 -12 21 -14 -18 -15 25 -2 23 29 -13 -8 26 -20 -17 -29 -22
right_child=1 7 3 4 -6 6 24 -9 10 -11 11 15 16 18 -16 27 17 -19 19 -21 22 -23 -24 -25 -26 -27 -28 28 -30 -31
leaf_value=-0.028116749779658001 -0.018422890974070814 -0.011107276078389742 -0.016815022170368357 0.2222380661597492 -0.024441392625977974 -0.0010981182307629009 -0.00026413232625369521 0.020919861053306982 -0.0044204334910263807 0.036559074259354084 0.19388343972523253 -0.0048244487517725742 0.042180167625233335 0.0093420683812247621 -0.0058174526704758162 0.013447306170247364 0.0011588333024848629 0.030344156971519983 0.026818644931687705 0.016972255763032736 -0.0013854248545317055 0.046316428509713563 -0.0015994266804706786 0.014107293671092178 0.16799356639870502 0.039688433286066527 0.14941100512171185 0.073209043493518686 0.022542216428402317 0.042099104725837284
leaf_weight=580.20642618695274 92.676063912454993 80.039602622855455 213.68101074243896 1.0172910150140548 14.718670116970314 8.2714198883622867 1.0045914594084013 459.614959821105 119.5270819705911 22.400852587074041 2.8164150831289589 244.88211918389425 40.682136620860547 15.790961785707621 1.3974528061225999 161.13751824852079 110.33037630841136 55.686826937831938 2.5943960873410106 10.040345430374144 20.50401293952018 12.925238878000526 506.08338135620579 97.033342281822115 3.6808538800105453 7.2587089259177491 6.8942296775057912 12.629696078598498 27.978261275682598 25.735437890980393
leaf_count=151814 13747 4226 37661 50 2951 1433 109 2176 4271 288 130 13526 1287 758 103 3142 5719 872 89 208 2059 495 36823 2364 337 163 120 186 420 1815
internal_value=-0.000182402 0.0086879 -0.0232057 -0.011382 0.0282821 0.0817383 0.0555743 0.0130299 0.00942105 -0.000876073 0.0111986 0.0135058 0.0246813 0.0559479 0.139243 0.00838089 0.0173678 0.0110715 0.0446985 0.0644543 -0.00223078 0.0023654 0.000514533 0.000573726 0.138217 0.0903604 0.121644 0.0188974 0.0396811 0.0231956
internal_weight=2959.24 2136.66 822.58 242.374 28.6928 13.9742 12.9569 1469.26 1009.64 667.4 929.605 810.078 253.492 46.7925 4.21387 556.586 206.699 166.017 42.5786 26.7877 644.999 354.841 552.323 341.915 4.68545 16.7473 9.48863 201.745 40.608 46.2395
internal_count=289342 94987 194355 42541 4880 1929 1879 40255 38079 54732 33853 29582 9449 1571 233 20133 7878 6591 1338 580 54444 16385 40697 15890 446 372 209 3748 606 3874
is_linear=0
shrinkage=0.03


Tree=43
num_leaves=31
num_cat=0
split_feature=11 2 27 11 5 0 30 33 34 31 3 19 8 23 16 24 22 3 0 1 0 3 27 8 15 0 24 20 0 27
split_gain=644.909 92.1657 58.056 50.4743 32.0517 30.8001 30.6679 55.5427 30.6229 29.7157 27.3753 26.2197 23.6255 22.3622 22.0502 21.4679 20.4752 24.1802 21.317 19.5973 19.1877 24.8112 18.3471 16.8656 16.8056 16.7206 16.4432 17.7988 16.2358 15.6926
threshold=4.143972873687745 3.5994379520416264 0.11469534039497377 9.0760340690612811 -2.5527418851852413 1.5000000000000002 1.5000000000000002 0.67412510514259349 0.18501859158277514 771.62255859375011 -0.84506967663764943 0.75171720981597911 3.1787776947021489 -1.6078246831893919 -0.022787531837821003 0.74344521760940563 -0.8363671302795409 0.072908528149127974 5.5000000000000009 4.1053707599639901 4.5000000000000009 1.0495780110359194 0.64498206973075878 16.261897087097172 -0.46307210624217982 5.5000000000000009 0.45726640522480017 -1.3490471243858335 7.5000000000000009 0.67204302549362194
decision_type=2 2 2 2 10 2 2 2 2 2 2 10 2 10 10 10 10 2 2 2 2 2 2 2 10 2 10 10 2 2
left_child=2 3 -1 8 -4 -5 7 11 -2 12 25 15 22 -9 19 29 -13 18 -18 -15 -3 24 -8 -17 -22 -10 -11 -28 -6 -7
right_child=1 20 4 5 28 6 9 13 10 26 -12 16 -14 14 -16 23 17 -19 -20 -21 21 -23 -24 -25 -26 -27 27 -29 -30 -31
leaf_value=-0.029165127098978692 -0.019225083271196593 0.011875222250374065 0.00330423696357108 -0.0085308805614525158 -0.022177159328522059 0.0046551564278811356 -0.024672540254548667 0.077436381174786781 0.0016333115290102021 0.0022907240019248345 -0.0014963930338570749 -0.0065481719577471101 0.0064927416920454511 0.1037784791967253 0.015916191103705887 0.010626669346254888 -0.0050475996102907848 0.026812540633234495 0.12408041970154383 0.036681007119800449 0.028314302923958218 0.031022117287043485 -0.00061383359618321645 0.065609530059169224 0.0051913072883324734 0.040242879389276363 -0.0066447924849085674 0.023064257732831835 -0.0030600747884867129 -0.020669976988088579
leaf_weight=492.32439545309171 79.952024908736348 172.6796765550971 82.74553350568749 82.912881991360337 194.15272208373062 47.837901938706636 42.579584193881601 9.1530176387168449 17.55230660457164 66.803013849072158 429.59636534983292 8.6268330551683885 306.54099010722712 3.6877854098565868 56.204356267116964 79.092522527091205 1.3775216960348213 18.239724832586944 4.2332541816867888 53.45290488563478 43.763930156826973 196.05729725956917 82.749031995888799 4.4328387556597582 78.459746494889259 23.043317468371242 20.014297551475465 160.01695877267048 50.728395685786381 39.345982902683318
leaf_count=134287 12164 866 10862 4592 41151 3149 5053 137 1765 1531 32396 387 11026 269 1127 3902 140 759 273 826 223 834 4487 92 392 1583 375 2647 10112 1618
internal_value=-6.41337e-05 0.00864477 -0.0226535 0.00521998 -0.0128094 0.0089639 0.0104152 0.0179736 -0.00218233 0.00676703 0.000750294 0.00828229 0.00201021 0.0338513 0.0296852 0.00349987 0.0325645 0.0464059 0.0964098 0.0427219 0.0200333 0.0244083 -0.00891822 0.0142864 0.0136334 0.0239899 0.015048 0.019743 -0.0182455 -0.00687884
internal_weight=2948.36 2128.41 819.951 1637.45 327.627 1087.3 1004.39 325.685 550.144 678.704 470.192 203.187 431.87 122.498 113.345 170.709 32.4773 23.8505 5.61078 57.1407 490.961 318.281 125.329 83.5254 122.224 40.5956 246.834 180.031 244.881 87.1839
internal_count=289025 92613 196412 90298 62125 42390 37798 12679 47908 25119 35744 10320 20566 2359 2222 8761 1559 1172 413 1095 2315 1449 9540 3994 615 3348 4553 3022 51263 4767
is_linear=0
shrinkage=0.03


Tree=44
num_leaves=31
num_cat=0
split_feature=11 8 8 12 0 28 31 18 30 28 29 31 22 29 29 29 5 0 17 11 14 29 25 29 22 1 28 28 17 16
split_gain=605.368 89.7394 51.1969 43.0542 52.1005 39.4421 29.5594 42.1422 28.4861 53.6957 60.7819 37.4126 32.3155 27.4518 26.9753 39.6321 25.9783 25.6595 25.54 24.9401 24.7536 24.6473 24.0318 23.5626 23.1584 22.2215 22.0755 40.6263 28.592 20.6357
threshold=4.143972873687745 10.023713588714601 0.89678794145584118 11.623711585998537 2.5000000000000004 -0.39036798477172846 69.397317886352553 3.1580047607421879 1.5000000000000002 -0.97113886475563038 -0.12545862048864362 710.89306640625011 -0.62601193785667408 -0.75013810396194447 -0.82413947582244862 -0.80417042970657338 -9.0733609199523908 2.5000000000000004 1.0170015096664431 10.359848022460939 -0.47375611960887903 0.080547325313091292 0.22692622244358066 -0.83375966548919667 0.76751223206520092 47.646572113037116 -0.46038399636745447 -0.39826117455959315 0.37328764796257025 0.090508043766021742
decision_type=2 2 2 2 2 2 2 8 2 2 2 2 10 2 2 2 10 2 10 2 10 2 2 2 10 2 2 2 10 10
left_child=2 3 -1 4 -2 17 13 18 9 10 12 -10 -9 14 29 -16 -4 -3 -8 24 26 -15 -13 -19 -14 -7 -11 28 -28 -6
right_child=1 5 16 -5 6 25 7 8 11 20 -12 22 19 21 15 -17 -18 23 -20 -21 -22 -23 -24 -25 -26 -27 27 -29 -30 -31
leaf_value=-0.026831271006961196 -0.014693759429060513 0.0085263385736643708 0.015995243811890648 0.01261362533303546 0.041022921890689713 0.0065270873522478047 0.0050046307733057219 0.011660038855566978 -0.017491044760237971 -0.020639299318964077 -0.0068437350848365077 -0.012820215394800454 0.18362671369425837 -0.014178491201914327 0.17997007144490523 0.015142230007605203 -0.013829413036377943 0.04845573737485144 0.022893918319992209 0.030787903513281704 -0.0099310397616394989 0.061466685010157396 0.024800245478108517 0.025009120128582446 0.0035551218679198979 0.024469062975509073 0.13719655889643897 0.01299492033051331 -0.0076681338636951334 0.00030879092710210464
leaf_weight=591.92134031420574 158.92519762879238 62.317598388530314 29.897171844029799 401.0330870738253 29.10487220576033 265.93479422619566 340.84328604768962 3.2721541211940348 190.05863771820441 11.311756962910293 9.2420964268967492 25.218081475701183 4.1856618346646446 24.395148241892461 1.7070452645421026 2.9462879644706836 179.72293111681938 50.874747923575342 90.317747689783573 2.4357147510163486 101.5569954700768 3.5766927651129654 35.987968198023736 178.57737444341183 0.77939532138407219 80.581801041960716 3.4025098178535691 36.461947818286717 1.5589810046367345 17.869711343664676
leaf_count=162275 15471 890 3356 4830 1161 3744 16323 257 20955 1275 986 1329 296 2295 104 254 30833 532 3885 175 9740 351 1337 2118 67 344 124 3061 106 875
internal_value=-0.00010799 0.00824019 -0.0223215 0.00421699 0.00113355 0.0176495 0.00383304 0.00219609 -0.00449731 0.00480944 0.0499187 -0.0109434 0.0954468 0.0212036 0.0339698 0.0967469 -0.00951991 0.0257696 0.00879631 0.126694 -0.00129692 -0.00271818 0.00934297 0.0303955 0.160695 0.0107579 0.015206 0.0252502 0.0980269 0.025864
internal_weight=2936.02 2134.48 801.541 1496.19 1095.16 638.286 936.233 856.633 425.472 174.207 19.915 251.265 10.6729 79.5998 51.6279 4.65333 209.62 291.77 431.161 7.40077 154.292 27.9718 61.206 229.452 4.96506 346.517 52.7352 41.4234 4.96149 46.9746
internal_count=289349 92885 196464 85257 80427 7628 64956 59916 39708 16087 1781 23621 795 5040 2394 358 34189 3540 20208 538 14306 2646 2666 2650 363 4088 4566 3291 230 2036
is_linear=0
shrinkage=0.03


Tree=45
num_leaves=31
num_cat=0
split_feature=11 11 27 12 29 28 24 27 0 28 28 6 27 28 0 33 34 11 28 27 0 18 1 21 31 23 25 5 23 6
split_gain=585.101 84.0392 50.3046 46.356 42.662 61.8806 48.2636 40.2666 34.3443 36.1484 33.9638 26.7883 33.0167 39.0753 23.7992 20.3845 24.1412 19.8363 26.3238 23.9941 20.7895 24.8176 33.8146 25.1926 30.3499 18.4279 17.9622 17.0481 16.4974 15.9815
threshold=4.2402455806732187 10.072489261627199 0.23494623601436618 19.064690589904789 0.56191161274909984 -0.46801505982875818 0.70549258589744579 0.25143370032310491 2.5000000000000004 -0.11692013591527937 -0.15101210027933118 5.0223608016967782 0.85250896215438854 0.056951373815536506 3.5000000000000004 3.1252865791320805 1.7736251950263979 1.794275224208832 0.99818283319473278 0.28494623303413397 7.5000000000000009 3.4512176513671879 4.5019807815551767 0.60495689511299144 281.06619262695318 -0.18655306845903394 0.15617772936820987 23.231354713439945 0.72578683495521557 23.045776367187504
decision_type=2 2 2 2 2 2 10 2 2 2 2 8 2 2 2 2 2 2 2 2 2 10 2 10 2 10 2 8 8 10
left_child=2 11 -1 8 17 6 7 -6 15 10 -10 12 -2 -14 -8 16 -3 -4 20 25 -19 22 23 -22 -25 -20 -12 -5 -28 -13
right_child=1 3 4 27 5 -7 14 -9 9 -11 26 29 13 -15 -16 -17 -18 18 19 -21 21 -23 -24 24 -26 -27 28 -29 -30 -31
leaf_value=-0.02786153201457164 -0.011065466758233569 -0.0192700640475028 -0.026632137317902042 0.014928916852985355 0.13250754441753998 -0.022317505975954593 -0.014097208704849784 -0.016426358192978913 0.013073211527643621 0.00052478370233604264 -0.014784487618364341 0.003438558577809205 -0.0079809773854215352 0.033063326888355386 0.13826456138161175 0.021294644544535501 0.0064601067488403658 -0.018746888751644267 0.18136613618946845 -0.017099143892138943 0.030120557745854554 -0.012344264482181915 -0.0062787783278439625 -0.012678220572936915 0.19189034001070054 -0.0098839934210603643 0.081437412813199675 0.027094132043375175 -4.2950866967103936e-05 0.029196313029340854
leaf_weight=540.47207587910816 298.28752447292209 82.595299722161144 92.608784698182717 278.44798756018281 1.0212917393073455 14.280022930353878 0.87107285228557785 7.7088529446627945 574.78458956535906 237.96686928113922 2.4680486568249789 300.58808602765203 46.474734882358462 36.45563244773075 5.564398615155369 22.088733731769025 53.373979966621846 87.538100656587631 0.70210211910307407 1.2980047052260486 5.4498663488775518 24.100613127462566 8.9205296146683377 0.71779935713857446 1.5654449437279252 0.48401123424991899 11.786451884545382 170.47068126499653 2.7092161932960162 22.407565710134804
leaf_count=152623 35575 5327 20624 1434 42 2995 108 1398 19277 8371 101 15507 2024 881 456 309 1393 13797 69 162 590 3704 672 81 158 51 261 746 80 289
internal_value=-0.000703899 0.00745157 -0.0226949 0.0116105 -0.0115842 0.0218427 0.0622326 0.0128242 0.00796408 0.0104038 0.014369 -0.0010377 -0.00641583 0.0102408 0.118519 -0.00482817 -0.00919641 -0.016068 -0.0084418 0.0731151 -0.0105743 0.00700867 0.0341284 0.0761217 0.143305 0.134502 0.0551035 0.0195984 0.0671889 0.00531008
internal_weight=2934.21 2140.91 793.303 1436.69 252.831 29.4456 15.1656 8.73014 987.773 829.715 591.748 704.214 381.218 82.9304 6.43547 158.058 135.969 223.385 130.776 2.48412 128.292 40.7543 16.6536 7.73311 2.28324 1.18611 16.9637 448.919 14.4957 322.996
internal_count=289105 91575 197530 37299 44907 4999 2004 1440 35119 28090 19719 54276 38480 2905 564 7029 6720 39908 19284 282 19002 5205 1501 829 239 120 442 2180 341 15796
is_linear=0
shrinkage=0.03


Tree=46
num_leaves=31
num_cat=0
split_feature=11 6 27 6 5 0 30 28 14 18 11 8 0 17 28 8 11 19 4 28 11 3 28 8 15 34 16 28 28 15
split_gain=579.908 89.8802 49.9685 37.0537 32.2502 25.0781 23.8566 38.0306 45.9113 31.7733 25.4862 24.8169 23.7396 25.7432 21.941 36.3515 33.3699 28.8752 21.5104 19.7491 24.763 20.676 20.6318 20.3297 19.3497 18.767 18.4977 17.8807 19.0059 25.6922
threshold=3.0101814270019536 7.2036612033844003 0.66129031777381908 29.643007278442386 -4.7234442234039298 2.5000000000000004 1.5000000000000002 -0.97113886475563038 -0.45210379362106318 5.8065185546875009 8.9506421089172381 0.025561073794960979 3.5000000000000004 -1.0104007720947263 -0.42957681417465204 10.023713588714601 18.550576210021976 -0.32832220196723932 40.890956878662116 -0.36647418141365046 17.321362495422367 0.62124809622764599 -0.43733984231948847 8.0704889297485369 0.53315982222557079 0.40405809879302984 0.0057282869238406428 -0.65234524011611927 -0.39826117455959315 -0.7543530762195586
decision_type=2 8 2 10 8 2 2 2 10 8 2 2 2 10 2 2 2 8 2 2 2 2 2 2 10 2 10 2 2 10
left_child=4 2 6 5 -1 -3 7 8 -2 -10 -9 -11 -13 -14 15 16 -4 -18 19 20 22 -22 23 -7 -25 27 -17 -12 29 -29
right_child=1 3 14 -5 -6 18 -8 10 9 11 25 12 13 -15 -16 26 17 -19 -20 -21 21 -23 -24 24 -26 -27 -28 28 -30 -31
leaf_value=0.010022826987585665 -0.010276265070751111 -0.001262832792692714 -0.010214900256726065 0.029561142024240129 -0.025992263008400119 0.0026244632723235002 -0.014487302591388368 -0.016839523410828477 0.030354820260275601 -0.014086724817034038 -0.024992762181184066 -0.01164020536667257 0.0039483243985050211 0.20085459504885991 0.0095244525838685222 0.0068497875074715348 0.054275223567735488 -0.0099367955466965648 0.025093846699987796 0.0063366993390148981 0.050189149867855096 0.019165581258088694 0.034968896192224201 0.029035841652420662 -0.00015684305695407949 -0.0051566704065790329 0.049121572563514994 0.14192367719602103 0.014724516856982083 0.029248784058688398
leaf_weight=22.676307768560946 13.660828159656377 129.07558883586898 195.95948748989031 107.64901400636882 653.38789667515084 169.35586430178955 212.12428415589966 85.026684201089665 11.698015562957155 0.87080916250124474 4.5088864816352752 0.62428245414048422 0.75873372051864851 2.7634373488835995 459.66114254947752 21.726332098245621 13.426662260200827 10.720293220598252 112.84997589886189 394.46651564724743 29.080510671716183 60.842452066019177 29.661610392853618 64.723535771947354 29.639450921677053 43.427891069091856 15.834537906572221 2.1122149969451129 15.734487454872575 6.1800187192857301
leaf_count=2164 1547 2724 12646 671 180920 9178 28475 13056 1014 124 458 87 76 243 14961 403 307 410 487 10762 544 682 729 1068 475 3410 333 97 1143 338
internal_value=-0.000435186 0.00690393 0.000869765 0.0128757 -0.0247712 0.011087 -0.007622 0.0001861 0.0303535 0.0622645 -0.00580618 0.119255 0.144554 0.168691 0.00560298 -0.00140243 -0.00608473 0.0265061 0.0128762 0.0110735 0.0159192 0.0296401 0.0116272 0.0088797 0.0199609 0.00728212 0.025482 0.0257462 0.0358861 0.0701342
internal_weight=2920.23 2244.16 1116.82 1127.34 676.064 1019.7 399.491 187.366 30.3761 16.7153 156.99 5.01726 4.14645 3.52217 717.328 257.667 220.106 24.147 890.62 777.77 383.303 89.923 293.38 263.719 94.363 71.9635 37.5609 28.5356 24.0267 8.29223
internal_count=289532 106448 79128 27320 183084 26649 50068 21593 3091 1544 18502 530 406 319 29060 14099 13363 717 23925 23438 12676 1226 11450 10721 1543 5446 736 2036 1578 435
is_linear=0
shrinkage=0.03


Tree=47
num_leaves=31
num_cat=0
split_feature=11 8 11 27 0 5 28 28 33 27 28 11 29 28 28 19 0 2 0 29 30 31 27 29 29 29 31 8 1 27
split_gain=556.763 88.711 47.197 35.0747 27.44 25.39 25.1286 26.4602 24.4088 36.6462 79.5516 53.4497 30.1079 26.9568 55.1694 25.2453 20.3143 20.3131 19.2762 18.7216 22.4339 30.9958 28.706 27.0664 24.2085 23.5633 29.1276 24.5287 20.8155 20.7868
threshold=3.0101814270019536 11.680510997772219 9.6302804946899432 0.11469534039497377 2.5000000000000004 -2.4412858486175533 -0.39036798477172846 -0.69057363271713246 0.001941387774422765 0.15304660052061084 0.67802080512046825 0.23672325164079669 0.56191161274909984 -0.46801505982875818 -0.51297807693481434 0.94166541099548351 1.5000000000000002 2.7058720588684086 4.5000000000000009 -0.99465739727020253 1.5000000000000002 96.344528198242202 0.67759856581687938 0.14888729155063632 -0.97507822513580311 -0.9852197766304015 247.52179718017581 3.7269670963287358 26.97043609619141 0.27418301999568945
decision_type=2 2 2 2 2 10 2 2 2 2 2 2 2 2 2 10 2 2 2 2 2 2 2 2 2 2 2 2 2 2
left_child=3 2 5 -1 -4 -2 7 -3 -5 10 11 -10 -11 14 -14 -13 -9 18 -7 -6 21 -21 23 28 25 -23 -27 -28 -22 -25
right_child=1 6 4 8 19 17 -8 16 9 12 -12 15 13 -15 -16 -17 -18 -19 -20 20 22 24 -24 29 -26 26 27 -29 -30 -31
leaf_value=-0.029473023204473627 0.0048637107380273973 0.01639430071198094 -0.0044383181915821409 -0.02084114153617753 -0.00067348181938190247 -0.019987432525842182 0.01151108180196064 0.0020679685494988062 -0.012539611299925533 -0.018250525230984509 -0.022848257486697995 0.31213358431444954 0.020473565321760985 -0.024874502393699181 0.19465226650471359 -0.0054266141829893456 0.041968964010441298 0.003749308168281285 -0.0046475676552990867 0.056630938927441442 -0.023510599855495615 0.016913362666868059 0.011083258927547556 -0.020731852314409036 0.010771445305905991 -0.012242209564799805 0.13251862817814511 0.043675346584453621 0.014146004901736188 0.041673275825648892
leaf_weight=429.86424752650782 248.34039248991758 146.3970510661602 147.90298287011683 166.37005407386459 138.7955196229741 129.41205439297482 285.01374831562862 13.364977302029727 0.71392402262426802 44.17979396157898 3.146805277094245 0.75342087168246508 8.4204709636978787 4.6958542102947822 1.1287683101836581 0.21987622836604714 85.485282652080059 109.83212637295946 171.49861443554983 17.226611527148634 59.096209025476128 26.699633399024606 433.98801506077871 6.2501755394041565 181.70837119035423 3.4934309762902584 4.6103214914910486 8.8671771679073554 16.203678093850613 14.409650470130144
leaf_count=131662 17729 1639 7111 39161 3795 19483 3000 108 210 8639 891 196 1198 1067 65 63 853 4501 22381 611 5770 683 10585 472 6288 133 177 191 102 611
internal_value=-0.000191444 0.00691888 0.003604 -0.0244084 0.00752323 -0.00269669 0.0176339 0.0246739 -0.0148409 0.00101848 0.0727529 0.193207 -0.00604118 0.0305383 0.0575625 0.273999 0.0366489 -0.00726851 -0.0112891 0.00946721 0.0112876 0.0188343 0.0078038 -0.00698923 0.0157079 0.0355471 0.0622903 0.0811207 -0.0153281 0.0227084
internal_weight=2908.09 2248.6 1718.33 659.493 1059.25 659.083 530.261 245.247 229.629 63.2589 4.83403 1.68722 58.4249 14.2451 9.54924 0.973297 98.8503 410.743 300.911 911.349 772.553 242.606 529.948 95.9597 225.379 43.6706 16.9709 13.4775 75.2999 20.6598
internal_count=289375 106223 100623 183152 36529 64094 5600 2600 51490 12329 1360 469 10969 2330 1263 259 961 46365 41864 29418 25623 8083 17540 6955 7472 1184 501 368 5872 1083
is_linear=0
shrinkage=0.03


Tree=48
num_leaves=31
num_cat=0
split_feature=11 12 0 18 27 29 28 28 22 11 6 5 3 29 29 17 15 26 3 27 29 22 29 27 14 1 33 18 11 6
split_gain=535.37 83.8784 56.6751 45.269 34.9243 28.5052 59.4006 58.014 34.0501 26.8508 25.6907 24.0845 29.3008 26.8779 24.0013 20.559 20.1387 22.3864 17.1239 25.7484 21.9986 21.1398 22.8847 32.3723 20.3663 22.2627 19.5224 17.5813 17.0674 17.0215
threshold=3.0997802019119267 10.828636646270754 2.5000000000000004 8.7212371826171893 0.11469534039497377 0.56191161274909984 -0.46801505982875818 -0.49813632667064661 1.4501642584800722 10.072489261627199 8.6404991149902362 23.231354713439945 1.638525187969208 -0.70289847254753102 0.34840355813503271 0.45452280342578893 1.1207748055458071 25.258389472961429 0.71112760901451122 0.32795698940753942 -0.99273797869682301 -0.2323479428887367 -0.97874867916107167 0.84157705307006847 0.14099138975143435 15.394500732421877 0.63408324122428905 1.4247894287109377 16.325263977050785 2.9720456600189213
decision_type=2 2 2 8 2 2 2 2 10 2 8 8 2 2 2 10 10 2 2 2 2 10 2 2 10 2 2 10 2 10
left_child=4 2 -2 9 -1 -6 7 8 29 10 -4 13 28 -3 16 -16 17 18 19 -11 24 22 23 26 -21 -26 27 -22 -13 -7
right_child=1 11 3 -5 5 6 -8 -9 -10 14 -12 12 -14 -15 15 -17 -18 -19 -20 20 21 -23 -24 -25 25 -27 -28 -29 -30 -31
leaf_value=-0.029309426829610428 -0.012861297115941825 0.01451316018470334 -0.0037714979121848016 -0.01924565810509412 -0.019241989450583814 -0.011785794855951017 -0.024513963854945552 0.18477899842734086 0.13734405785503065 0.053822326570392598 0.012237194490822494 0.0044944394951498805 0.034237470359020139 0.0011110668108462187 0.017411591047303703 0.11760462281858199 -0.0083459597886581718 0.057888722780693423 -0.00082139957747419 -0.015628791014275546 0.0062905503758222368 0.0083247709234755274 0.01842064465517481 0.012188579185540362 -0.0076620867722041542 0.056828756996361376 -0.0061410435670018887 0.12821382720696189 0.023538158871761 0.057799087383061595
leaf_weight=418.04560525016859 196.81472322694026 460.21416803821921 332.38556111906655 66.68474539462477 194.03301950730383 10.42628022353165 20.33563245809637 1.5020011942833651 1.1418720844667394 12.507416133768855 122.69748316192999 89.299989691469818 98.934748988598585 190.47053072042763 4.8931419700384131 2.4417331423610449 51.351491529494524 8.1294015012681466 100.04895144002512 44.420953427441418 1.3778506834059969 213.26824238151312 129.94255356071517 9.2598153557628375 10.35554351937026 7.6867058854550114 1.4448005966842172 6.0964536713436246 80.593941152095795 3.3993863807991138
leaf_count=131734 19087 4506 34953 9943 44710 2207 4930 97 116 1094 8261 800 493 2914 265 162 2278 89 4599 1920 23 7743 5060 244 509 173 69 242 365 223
internal_value=-0.000154772 0.00679397 0.00195033 0.0045507 -0.02413 -0.0146643 0.00933953 0.0501503 0.0259142 0.00606688 0.000562063 0.0137471 0.0213022 0.0105978 0.010212 0.0608735 0.00948747 0.0111814 0.0103672 0.0129285 0.0115979 0.0144337 0.0231148 0.0539582 -0.004778 0.021355 0.0917228 0.109132 0.0136132 0.00806795
internal_weight=2890.2 2241.32 1321.81 1124.99 648.884 230.838 36.8052 16.4695 14.9675 1058.31 455.083 919.513 268.829 650.685 603.225 7.33488 595.89 544.539 536.409 436.36 423.853 361.39 148.121 18.1789 62.4632 18.0422 8.9191 7.4743 169.894 13.8257
internal_count=289809 105792 96714 77627 184017 52283 7573 2643 2546 67684 43214 9078 1658 7420 24470 427 24043 21765 21676 17077 15983 13381 5638 578 2602 682 334 265 1165 2430
is_linear=0
shrinkage=0.03


Tree=49
num_leaves=31
num_cat=0
split_feature=11 4 0 5 8 29 1 18 27 28 28 28 31 17 15 33 27 29 6 28 28 25 5 29 27 17 18 28 14 29
split_gain=494.515 80.7602 47.7557 35.7921 31.4138 28.6378 27.6449 27.4115 20.3764 17.9244 21.5703 48.3853 26.4142 16.2422 17.6008 15.5996 42.8682 48.8908 38.9046 34.7228 37.2161 27.2378 15.4501 17.2709 46.81 38.4073 25.8024 17.2881 17.7174 14.8024
threshold=3.0101814270019536 11.840644836425783 2.5000000000000004 -4.7234442234039298 9.2604522705078143 0.6174544394016267 47.646572113037116 8.8556976318359393 0.11469534039497377 0.99818283319473278 0.71503382921218883 0.67802080512046825 710.89306640625011 -1.0308746695518491 -0.71754196286201466 0.001941387774422765 0.24718532711267474 -0.73865258693695057 0.36002409458160406 -0.46801505982875818 -0.49813632667064661 0.14932810515165332 -2.1445131301879878 0.13185577094554904 0.32240143418312078 0.71086773276329052 3.4841613769531254 -0.42957681417465204 0.44116239249706274 0.31595529615879064
decision_type=2 2 2 8 2 2 2 8 2 2 2 2 2 8 10 2 2 2 8 2 2 2 10 2 2 10 10 2 10 2
left_child=3 2 -2 5 7 -1 13 9 -5 10 11 22 -13 14 -3 -10 17 18 -17 20 -19 -20 23 27 -25 -26 -27 -4 -29 -6
right_child=1 6 4 8 29 -7 -8 -9 15 -11 -12 12 -14 -15 -16 16 -18 19 21 -21 -22 -23 -24 24 25 26 -28 28 -30 -31
leaf_value=-0.0082782113920256487 -0.018313225998648468 0.039936930747131172 -0.0020470409629917727 -0.02934750575685189 0.016913703970685628 0.063864513285322194 0.021906088115845448 -0.01982582937629199 -0.022513583266969391 0.063968694523079517 -0.0217024328001547 -0.0043690851675599711 0.15365608547798315 0.0076647116285869744 0.013315277992105976 0.009534846402276571 -0.017318247412766895 -0.017246570738228138 0.31080042052693996 -0.026219724365097587 0.17880327605559274 0.024949057888493407 -0.0027835370440671883 -0.012694055613139211 -0.0075078186972239516 0.14701688263376086 -0.0031235817286842035 0.018310771971032647 -0.0079736980688699804 0.071265843641168058
leaf_weight=16.646886366885159 120.93396291416138 26.519682165700942 152.98372429423034 401.33256801310927 65.008609170559794 5.9406970557756713 173.39870430529118 56.767338546924293 148.6718994511757 3.1385322471614918 33.663373597897589 1.3295563857536756 1.9332745801657436 1013.9227212714031 132.11588967312127 1.2728808498941355 43.310241211904213 1.3397921621799471 0.32028409559279669 6.7306670891121021 0.862641173414885 0.63618849194608629 311.28041285299696 9.2295315228402632 2.9505161228589696 4.576614027377218 1.2132914429530499 105.63435436971486 28.831926386337727 4.0110104638151816
leaf_count=1643 16186 353 10666 130806 2450 493 744 9419 38049 366 4000 210 128 20216 2101 354 8961 358 71 1851 27 146 31122 1047 270 305 106 4961 1692 283
internal_value=-0.000480113 0.006089 -0.000849179 -0.0240174 0.00186961 0.012599 0.0107435 -1.20785e-05 -0.0254042 0.00172806 0.00133193 0.00261561 0.103344 0.00907549 0.017988 -0.0175081 -0.00368724 0.0462764 0.146419 0.00906031 0.091397 0.230602 0.00191624 0.00669964 0.0344455 0.0804157 0.119728 0.00485171 0.0126577 0.021045
internal_weight=2876.51 2249.44 903.486 627.065 782.552 22.5876 1345.96 713.532 604.477 656.765 653.627 619.963 3.26283 1172.56 158.636 203.145 54.4727 11.1625 2.22935 8.9331 2.20243 0.956473 616.7 305.42 17.97 8.74042 5.78991 287.45 134.466 69.0196
internal_count=289384 106625 83211 182759 67025 2136 23414 64292 180623 54873 54507 50507 338 22670 2454 49817 11768 2807 571 2236 385 217 50169 19047 1728 681 411 17319 6653 2733
is_linear=0
shrinkage=0.03


Tree=50
num_leaves=31
num_cat=0
split_feature=11 8 27 12 0 18 0 29 18 30 30 12 1 27 11 0 19 22 29 0 29 18 27 29 19 29 1 4 29 29
split_gain=482.806 68.671 53.3623 33.5803 48.4081 29.2313 25.2538 26.8195 23.4993 38.1051 26.2289 23.3802 20.4881 20.4438 23.4945 19.2197 17.3291 30.8083 26.4545 24.3743 20.5718 23.0691 17.6308 34.1624 42.9759 17.2402 17.0334 29.0006 16.2457 37.6411
threshold=3.9652520418167119 10.023713588714601 0.11469534039497377 12.51738214492798 2.5000000000000004 3.3467712402343754 4.5000000000000009 0.33222858607769018 3.7730560302734379 1.5000000000000002 1.0000000180025095e-35 -2.2151319980621333 47.646572113037116 0.32240143418312078 1.1195213794708254 4.5000000000000009 0.77886533737182628 -0.91712108254432667 -0.92921787500381459 6.5000000000000009 -0.10837475582957266 5.3911895751953134 0.28494623303413397 -0.99052476882934559 -0.4986265748739242 -0.94703993201255787 5.4587385654449472 -1.6388658881187437 -0.24372464418411252 -0.12545862048864362
decision_type=2 2 2 2 2 8 2 2 8 2 2 2 2 2 2 2 10 10 2 2 2 10 2 2 8 2 2 2 2 2
left_child=2 3 -1 4 -2 6 -4 -8 10 11 -6 15 -3 -9 -15 -10 22 -18 -19 -20 21 -21 23 24 -17 -5 27 -16 -13 -30
right_child=1 12 5 25 8 -7 7 13 9 -11 -12 28 -14 14 26 16 17 18 19 20 -22 -23 -24 -25 -26 -27 -28 -29 29 -31
leaf_value=-0.029053625864465561 -0.014653910420397983 0.012002087588784332 -0.019273418814083763 0.017392335102466874 -0.020524751740198306 -0.017371378410506372 0.0040020352434517042 0.0058922641177813822 -0.0113179582764854 -0.011790381736059032 0.0081408800800737667 -0.010090573725103349 0.024728866489161741 0.022227840449523036 -0.010151945939662418 0.22022894953312944 -0.024234360657890835 0.013499923814540741 -0.00092439946171762064 0.007992684110970795 -0.013776571144476399 0.14974217281459767 0.0038697083668621287 0.017108918511857238 0.004702281870003616 0.0048027589026383389 0.029937200178096941 0.22881068207355926 0.080799976738656173 -0.018959007982021207
leaf_weight=403.21641073795035 157.90111708128825 506.24182385019958 23.602643144084141 188.53637597896159 29.257922112010419 214.06865315348841 32.189005194231868 4.7720736344344896 16.231927412096411 196.80917396326549 589.47949687484652 68.044801753945649 148.07601270079613 3.5340056482236832 0.47346591018140305 0.91378482384607196 3.8820492355152991 6.464554030913864 2.0478142211213681 1.3514954508282269 0.83632920542731426 5.9424304617568851 39.604497753549367 12.921487961895762 1.5531546114943915 204.6779257664457 1.4886588421650229 1.2005718043074014 5.1459014532156289 6.9643116598017496
leaf_count=133690 16079 7054 3883 1527 2929 50743 4226 827 2093 21708 27137 5056 633 545 48 66 387 588 237 123 121 335 3429 1732 113 2645 115 129 318 788
internal_value=-8.4829e-05 0.00678218 -0.0220605 0.00331579 0.000715815 -0.0119702 0.00522261 0.0186009 0.00318589 -0.00280457 0.00675445 0.00749175 0.0149156 0.0559679 0.08625 0.0177518 0.0240663 0.0470489 0.0641075 0.0921674 0.113148 0.127608 0.0148016 0.0409837 0.125031 0.010868 0.135263 0.182703 -0.00432639 0.0263606
internal_weight=2877.43 2192.88 684.545 1538.57 1145.35 281.329 67.2604 43.6578 987.451 368.714 618.737 171.905 654.318 11.4688 6.6967 91.7495 75.5176 20.5247 16.6426 10.1781 8.13026 7.29393 54.9929 15.3884 2.46694 393.214 3.1627 1.67404 80.155 12.1102
internal_count=289304 95098 194206 87411 83239 60516 9773 5890 67160 37094 30066 15386 7687 1664 837 9224 7131 1791 1404 816 579 458 5340 1911 179 4172 292 177 6162 1106
is_linear=0
shrinkage=0.03


Tree=51
num_leaves=31
num_cat=0
split_feature=2 1 0 31 3 0 28 28 34 28 29 3 8 34 3 34 31 29 22 30 18 29 31 20 25 22 25 21 22 29
split_gain=467.447 75.6283 50.017 36.8158 33.1747 25.8121 25.3112 40.1492 35.9375 29.0412 26.1673 25.1683 23.2319 23.1902 21.4714 26.1287 30.6242 23.6074 23.1402 22.7392 33.9579 42.7127 30.0959 25.5343 25.061 23.5591 23.5168 35.2871 21.7852 21.3591
threshold=0.74659994244575512 17.895938873291019 2.5000000000000004 2479.698608398438 -0.7895296812057494 1.5000000000000002 0.71503382921218883 0.67802080512046825 0.84969079494476329 0.99818283319473278 0.011826144531369211 1.5261604189872744 10.48910427093506 7.4628975391387948 0.085111711174249663 4.3423905372619638 116.6488609313965 -0.98801845312118519 0.24808572977781299 1.5000000000000002 3.2394256591796879 0.31595529615879064 260.51104736328131 1.7752753496170046 0.20988647639751437 -0.91712108254432667 0.36822286248207098 -0.098750118166208253 0.078940033912658705 0.63089349865913402
decision_type=2 2 2 2 2 2 2 2 2 2 2 2 2 2 2 2 2 2 8 2 10 2 2 10 2 10 2 10 8 2
left_child=4 2 -2 6 29 -3 7 12 -9 -8 -11 -7 14 -13 19 16 17 -16 -17 23 21 -21 -23 26 -24 -25 -4 -28 -27 -1
right_child=1 5 3 -5 -6 11 9 8 -10 10 -12 13 -14 -15 15 18 -18 -19 -20 20 -22 22 24 25 -26 28 27 -29 -30 -31
leaf_value=-0.01646368976175358 -0.016278165092744292 -0.0015598061558343885 0.010347157630496954 -0.024578059516232459 -0.028592667620055377 0.010189520717862359 -0.020374847084433555 -0.019583840329844931 0.12971135946941623 -0.0099204631552655305 0.1059798063426915 0.024760100452383069 0.021890320892958452 -0.0044885995104271088 0.068561317507206718 0.0692690383916858 -0.009713181076852432 0.0079471773704046043 -0.018238837100087057 0.0074186789303470136 -0.010782729418047582 -0.0077503670544240141 -0.01185221518086035 -0.0027016653073680934 0.17802576543332255 0.14843143187186367 -0.013501142955261398 0.090908157418421398 -0.013215990615397251 0.016965510129181467
leaf_weight=147.71391024929471 143.05945239006542 129.24207873363048 127.49460207880475 41.502754671731964 418.16330122435465 847.46837621508166 58.976070992415771 1.8365477179177094 3.3036786364391446 3.4063060362823299 2.3045309411827475 206.18370289215818 65.185392317827791 27.33564585307613 5.9361682287417343 7.0418980717658979 222.48437907989137 37.026273454539478 3.5826006131246686 225.39108066959307 109.61671084840782 1.6670416088309128 0.63904518494382534 2.2150631814729422 2.0221755104139447 2.5168961337767533 4.2002101391553879 7.0605429913848621 0.75875164614990387 18.633691906463355
leaf_count=33914 18866 1989 10563 6978 139023 11602 8275 299 230 361 292 1652 2240 284 272 256 23838 2176 123 9667 10549 189 85 188 182 159 328 497 58 4358
internal_value=-0.000160529 0.0059546 0.000179342 0.00270896 -0.024082 0.0111003 0.00400081 0.00541397 0.0818676 -0.0139374 0.0456725 0.012614 0.00483897 0.0213317 0.00334895 -0.0033187 -0.00522802 0.0176913 0.0407306 0.00715442 0.00289332 0.00943766 0.0934504 0.0170896 0.141646 0.0755061 0.0142543 0.0540391 0.116655 -0.0126401
internal_weight=2873.97 2289.46 1079.23 936.169 584.511 1210.23 894.666 829.979 5.14023 64.6869 5.71084 1080.99 824.839 233.519 759.653 276.071 265.447 42.9624 10.6245 483.582 339.336 229.719 4.32826 144.246 2.66122 5.49071 138.755 11.2608 3.27565 166.348
internal_count=289493 112198 96671 77805 177295 15527 70827 61899 529 8928 653 13538 61370 1936 59130 26665 26286 2448 379 32465 20672 10123 456 11793 267 405 11388 825 217 38272
is_linear=0
shrinkage=0.03


Tree=52
num_leaves=31
num_cat=0
split_feature=1 11 12 5 6 29 30 29 34 17 34 30 12 17 29 19 27 3 34 29 33 17 27 34 34 6 28 34 30 34
split_gain=443.557 74.1983 40.2008 31.3151 29.413 27.8661 35.1698 30.0004 41.7551 36.5214 26.198 25.7811 28.3881 25.1191 24.5427 24.3692 38.9262 23.5262 22.1749 29.3744 21.3778 20.0901 18.4244 18.2747 38.7435 28.1711 17.1911 16.8992 16.8881 16.458
threshold=0.7388841211795808 9.4903645515441912 19.064690589904789 -4.9543566703796378 23.045776367187504 -0.99465739727020253 1.5000000000000002 -0.9711191952228545 1.0638813972473147 -0.22713841497898099 1.1225432157516482 1.0000000180025095e-35 -1.5887513756752012 0.95304241776466381 -0.97874867916107167 -0.25525334477424616 0.44802866876125341 1.0495780110359194 2.4601597785949711 -0.98801845312118519 3.1618320941925053 1.0170015096664431 0.70430105924606334 0.48707737028598791 0.29457640647888189 3.6055645942687993 -0.99054482579231251 0.33858905732631689 1.5000000000000002 0.52201560139656078
decision_type=2 2 2 8 10 2 2 2 2 10 2 2 2 10 2 10 2 2 2 2 2 10 2 2 2 8 2 2 2 2
left_child=3 4 5 -1 11 20 7 8 15 -9 -8 12 14 27 23 16 -7 -4 19 -15 -3 -12 -17 24 -2 -26 -16 -13 -19 -30
right_child=1 2 17 -5 -6 6 10 9 -10 -11 21 13 -14 18 26 22 -18 28 -20 -21 -22 -23 -24 -25 25 -27 -28 -29 29 -31
leaf_value=0.0211271311886259 0.0064820865581030297 -0.011470029071030775 0.0083953350379340139 -0.026128808699301353 0.029210691969121197 0.16391439793832779 -0.0024646153285456033 0.027763029548692562 6.2371094198143483e-05 0.002975685001902427 0.005978391209348408 -0.015844987702993422 -0.02194345778487122 0.053360419441339166 0.087215031582117949 -0.000637248835524354 0.052471571938909153 0.012000385795947404 0.043509966934093917 0.0011576856988300365 0.023092210490332186 0.024190632482852272 0.060944370495081987 -0.01753065717150179 0.23897399469108882 -0.0092938472600001855 -0.009559939853287968 -0.0010580138566814291 -0.0026962224602910161 0.029999668569346362
leaf_weight=12.232297756243495 2.2720243660733135 115.79964802088216 196.26051288843155 512.37437701108865 25.258380908984691 2.8299604523927 304.85347543703392 80.641012731473893 20.305138427764177 156.00458594411612 276.7298493925482 82.178168545709923 106.15835423814133 9.8030060667078924 0.78846429497935133 10.956344934180381 19.660558572504669 102.63020600751042 15.980882717063649 95.600748470285907 17.733735791407526 67.255006401333958 6.2539861635304979 1.3807606305927036 0.78383960248902407 0.4406106984242798 20.750319188227877 425.86790615343489 14.909521505236624 169.56902009248734
leaf_count=931 322 4390 1037 166153 358 105 14520 2613 541 6178 6443 13940 16136 454 68 452 463 473 642 10142 170 1376 131 218 108 45 3115 37313 65 765
internal_value=-7.47305e-05 0.0054961 0.00927846 -0.0249888 -0.00201258 0.00604809 0.00785975 0.0164 0.0352044 0.0115037 0.0039359 -0.00308447 -0.0150553 -0.000543224 0.012417 0.0527347 0.0728753 0.0164622 0.011661 0.00646863 -0.0067425 0.009599 0.0238585 0.066762 0.096545 0.18562 -0.00230495 -0.00347628 0.0219283 0.0273569
internal_weight=2874.26 2349.66 1562.39 524.607 787.263 1079.02 945.49 296.652 60.006 236.646 648.838 762.005 132.574 629.431 26.416 39.7009 22.4905 483.369 121.385 105.404 133.533 343.985 17.2103 4.87724 3.49647 1.22445 21.5388 508.046 287.109 184.479
internal_count=289667 122583 39722 167084 82861 37382 32822 10483 1692 8791 22339 82503 20012 62491 3876 1151 568 2340 11238 10596 4560 7819 583 693 475 153 3183 51253 1303 830
is_linear=0
shrinkage=0.03


Tree=53
num_leaves=31
num_cat=0
split_feature=11 12 18 0 6 5 34 8 28 16 28 0 18 23 28 28 28 34 28 8 6 11 23 27 27 28 28 14 27 11
split_gain=420.222 62.6725 44.3512 41.1538 31.1808 26.5804 25.6959 21.4601 19.3034 17.2204 16.8762 17.7283 19.8514 16.2948 16.0943 20.7053 33.1098 37.3419 18.6944 16.8325 14.9866 23.6745 13.7793 13.6821 13.5765 22.8771 21.3399 22.1768 17.2019 17.0249
threshold=2.3604370355606084 12.51738214492798 7.8794403076171884 2.5000000000000004 14.002238750457765 -6.0075707435607901 1.5959101319313052 1.7733241319656374 0.14250627160072329 -1.1271588206291197 0.76140651106834423 7.5000000000000009 3.9938049316406254 -1.6986137032508848 0.9990701973438264 0.71503382921218883 0.67802080512046825 4.3423905372619638 0.99983760714530956 9.2604522705078143 1.9397444725036623 6.5451679229736337 -1.1072144508361814 0.48082436621189123 0.85250896215438854 0.35846313834190374 -0.72696319222450245 -0.034050466492772095 0.80878135561943065 11.618136405944826
decision_type=2 2 8 2 10 8 2 2 2 8 2 2 10 10 2 2 2 2 2 2 10 2 10 2 2 2 2 8 2 2
left_child=4 2 3 6 7 13 -2 -1 -8 -4 11 -3 -13 -5 15 16 19 -18 -16 24 21 -10 -21 -24 28 26 27 29 -7 -26
right_child=1 10 9 5 -6 14 8 -9 20 -11 -12 12 -14 -15 18 -17 17 -19 -20 22 -22 -23 23 -25 25 -27 -28 -29 -30 -31
leaf_value=-0.027060883348641821 -0.016949169000250477 0.0095519847825801477 0.041006341410473303 0.057697616712089596 0.049897663278663615 0.0014868358261989232 -0.0041177353833426102 -0.0076807459327489485 -0.011693594930811603 -0.018594734369748612 -0.0028421290172228747 0.01434858849079532 0.032570524272781079 0.01349485573309569 0.10612427670046028 -0.016864928682570342 0.010122954696527037 0.17298210767359609 -0.017796820627247176 -0.012192253062227034 0.0085959931622477982 0.10062087527474595 0.03935563494105658 0.012020866289494076 0.018525472029899719 0.034646382223285303 0.00068377801605248336 0.0040554275269695482 -0.013765414746325413 0.10952736047583343
leaf_weight=463.22552190325223 132.8354744289536 510.12173338327557 3.623407319188118 6.9442182839848092 4.172107135411351 494.34706308017485 43.092401046771556 58.920165142277256 2.2158838033210513 109.31890928954817 65.222399418242276 227.15906391991302 71.240479981061071 189.15528939245269 1.8539889778476202 44.157138188136742 3.2914290123153469 1.208264571148902 1.3734293545130638 16.218538814224303 10.244424003642051 4.2164256805554032 19.202177471946925 100.55606908304617 3.8837131410837173 25.338828056585044 147.59888105001301 9.9802193921059388 75.88102122861892 3.6616216516122222
leaf_count=161468 15241 4346 549 206 237 43681 2124 11279 231 18645 883 1570 526 7413 176 4962 281 38 117 439 540 154 716 2298 237 641 5280 496 4297 103
internal_value=-2.76274e-05 0.00545637 0.00162972 0.00315845 -0.0242065 0.00531823 -0.00963834 -0.0248928 0.00662133 -0.0163395 0.0117985 0.0129816 0.0187932 0.0153449 0.00323137 0.00296697 0.00395635 0.0773556 0.0616542 0.00350225 0.033034 0.0655619 0.0131842 0.0166934 0.00175653 0.00866867 0.00449775 0.034848 -0.000563347 0.0703364
internal_weight=2850.26 2323.94 1450.2 1337.26 526.318 1144.65 192.605 522.146 59.7691 112.942 873.744 808.521 298.4 196.1 948.552 945.325 901.168 4.49969 3.22742 896.668 16.6767 6.43231 135.977 119.758 760.691 190.463 165.124 17.5256 570.228 7.54533
internal_count=289174 116190 108865 89671 172984 71381 18290 172747 3049 19194 7325 6442 2096 7619 63762 63469 58507 319 293 58188 925 385 3453 3014 54735 6757 6116 836 47978 340
is_linear=0
shrinkage=0.03


Tree=54
num_leaves=31
num_cat=0
split_feature=2 8 31 3 27 29 24 27 28 34 11 27 28 3 25 30 20 19 27 28 18 15 28 34 31 31 32 28 28 5
split_gain=405.986 66.1082 43.9039 35.4805 31.2636 27.56 38.6832 25.0446 34.0578 33.4265 41.9875 27.5702 24.4311 20.9607 20.9148 20.8979 35.2821 61.5936 41.5916 29.446 68.5968 34.6026 26.1881 20.1276 22.4176 28.115 22.5551 34.1441 34.9108 20.187
threshold=0.67055088281631481 11.680510997772219 2479.698608398438 -0.7895296812057494 0.66129031777381908 0.6174544394016267 0.70549258589744579 0.46451613306999212 0.99818283319473278 0.47813721001148229 5.3492898941040048 0.11469534039497377 -0.27694603800773615 1.5261604189872744 0.28018297255039221 1.5000000000000002 1.046340346336365 0.10377738624811174 0.27418301999568945 0.039769539609551437 6.7491760253906259 -1.0000000180025095e-35 -0.98803845047950734 0.59309795498847973 116.6488609313965 321.83653259277349 1.0000000180025095e-35 -0.30163703858852381 -0.44504626095294947 8.7344632148742694
decision_type=2 2 2 2 2 2 10 2 2 2 2 2 2 2 2 2 10 8 2 2 10 10 2 2 2 2 2 2 2 10
left_child=3 2 4 5 7 -1 -7 8 11 -10 -11 -2 14 -9 -8 19 -17 18 -18 -13 21 -21 -20 24 26 -26 -6 28 -28 -30
right_child=1 -3 -4 -5 23 6 12 13 9 10 -12 15 -14 -15 -16 16 17 -19 22 20 -22 -23 -24 -25 25 -27 27 -29 29 -31
leaf_value=-0.016367831580850343 -0.019890518625912079 0.014369031689135479 -0.022788233723420738 -0.028897351065714054 -0.014860102632167095 -0.0083129478697334409 0.13594291924075291 -0.0125735779943067 -0.019019280327493136 0.20048670510262281 -0.015466376909530028 0.0085179862017703903 -0.01786117080865569 0.014988226212756152 -0.013949640351775457 -0.010309250223994048 -0.0062574236024179235 -0.0086009341343980927 -0.0017733789783481535 0.18930485899991104 0.014672062086822471 -0.0014497178518966291 0.156366187715863 0.0077067604748235242 -0.019044411053767345 0.024585191205347846 0.0020792626611206566 -0.008764111642049684 0.066992074753776013 -0.0049822497836044194
leaf_weight=131.60088257584721 42.387002200353891 537.7125465972349 59.328644371358678 377.03148518363014 28.943467391189188 12.666267684660854 3.4880747268907726 227.02810422983021 1.704615568043663 1.4708119081333282 1.0063994363881645 86.972070698160678 1.4574671005830158 27.020274616777897 0.81618480221368361 96.463892184896395 2.7498312322422844 14.074903615983205 1.1059073365759102 2.8143995287828152 13.696938663255422 1.083960249088707 4.6127852806821465 987.81781550683081 87.040688420180231 14.770384021336211 19.483668319415301 29.621681067394093 20.584153370466087 4.0293801855295888
leaf_count=32485 9486 5827 9243 136479 1323 3422 452 25290 351 154 83 7819 431 234 96 13142 375 1703 99 261 1944 152 284 27059 7871 1238 782 1087 331 44
internal_value=-0.000252194 0.0051633 0.0023693 -0.0239882 0.00325161 -0.0115415 0.0219933 -0.00285076 0.00350353 0.079681 0.133536 0.00201177 0.0799934 -0.00959487 0.110249 0.00623425 -0.00236641 0.0306155 0.0898188 0.0159523 0.0502653 0.146797 0.130072 0.00593466 -0.00262223 -0.0125372 0.00723663 0.015995 0.0324521 0.055475
internal_weight=2840.58 2313.52 1775.81 527.06 1716.48 150.029 18.428 524.192 270.144 4.18183 2.47721 265.962 5.76173 254.048 4.30426 223.575 119.007 22.5434 8.46852 104.567 17.5953 3.89836 5.71869 1192.29 204.473 101.811 102.662 73.7189 44.0972 24.6135
internal_count=289547 116182 110355 173365 101112 36886 4401 61377 35853 588 237 35265 979 25524 548 25779 15603 2461 758 10176 2357 413 383 39735 12676 9109 3567 2244 1157 375
is_linear=0
shrinkage=0.03


Tree=55
num_leaves=31
num_cat=0
split_feature=1 11 6 8 3 5 6 25 18 8 3 31 34 30 34 31 31 31 3 4 27 21 3 22 22 15 28 34 27 11
split_gain=381.502 72.6609 32.3193 28.2598 28.0348 24.4024 17.3843 26.7047 16.1997 15.1935 15.0672 14.8828 13.1291 22.3999 22.3363 25.4034 21.5167 17.8608 16.3279 29.8028 16.1036 16.0122 14.3075 28.4053 15.5656 17.2687 16.2998 23.9191 22.8622 15.308
threshold=0.68644055724143993 9.6302804946899432 23.045776367187504 18.712434768676761 -0.7895296812057494 -2.4412858486175533 2.1524399518966679 0.17763364315032962 2.9980621337890629 3.1230120658874516 -0.83008018136024464 2479.698608398438 2.5997183322906499 1.5000000000000002 0.86039161682128917 69.397317886352553 408.92024230957037 771.62255859375011 1.0495780110359194 24.089230537414554 0.96774193644523632 0.19087604433298114 0.25007048249244695 0.45798304677009588 -0.8488154113292693 -0.73998594284057606 -0.33425341546535486 0.74983593821525585 0.73763442039489757 13.899862766265871
decision_type=2 2 10 2 2 10 8 2 10 2 2 2 2 2 2 2 2 2 2 2 2 10 2 10 10 10 2 2 2 2
left_child=4 2 5 11 6 10 -1 -8 -7 -10 -2 12 13 16 15 -15 20 -14 -16 -20 22 -21 23 24 -3 -26 27 29 -28 -27
right_child=1 3 -4 -5 -6 8 7 -9 9 -11 -12 -13 17 14 18 -17 -18 -19 19 21 -22 -23 -24 -25 25 26 28 -29 -30 -31
leaf_value=-0.018648895411702643 0.018866938735620745 0.0094172335880846683 0.030716426860543326 0.019299080738986379 -0.029141475651402227 -0.00076942099230899034 0.070370791896177301 -0.004937207378347277 -0.017945370937374784 -0.004445657249099913 0.00015613855426874833 -0.019964019868694238 0.036922717414678181 0.011039424505788651 0.0025147560920952975 -0.010900519379861438 -0.0016426580766950591 0.010670343684703933 -0.018900502554183986 0.010734070031052114 0.037201492564008391 0.033676114078737114 0.0080373783938711141 -0.00093445196371067288 0.070260565376997985 0.05144971159985804 0.0030388328728862186 -0.030615982856902375 0.070595572911856433 -0.023003396990463307
leaf_weight=101.00900194351561 44.789753219345585 20.509340423624963 24.284786134026945 188.00978033803403 349.43263002578169 182.0786995748058 4.0375857162289348 26.041723950766027 172.02538186591119 133.98943629325368 251.4762476279866 17.380883847828954 25.399547502398491 64.262058792635798 290.1824515061453 174.17157466802746 92.902483138721436 220.51336037134752 18.872581986244768 62.582861412316561 25.519768886268139 49.734387559816241 207.91266786400229 34.261724152602255 12.91747153457254 9.2682392741553468 6.8691951660439416 7.4371092887595287 12.656985267996788 2.6343437060713759
leaf_count=28800 3185 549 358 1215 131508 13438 577 4251 36158 12883 19212 931 112 2158 7866 10123 4088 3028 1275 347 226 272 4272 944 380 386 355 143 127 112
internal_value=-0.000369901 0.00460781 -0.00267524 0.00842145 -0.0246998 -0.00374689 -0.0127291 0.00711046 -0.0078635 -0.0120682 0.00303881 0.00690014 0.00726359 0.00584441 0.00235876 -0.00496591 0.0111395 0.0135204 0.00650538 0.0152465 0.0146269 0.0211004 0.0126827 0.0215879 0.0321291 0.0407756 0.0294593 0.00916362 0.0481354 0.0344656
internal_weight=2833.16 2352.64 808.644 1544 480.521 784.36 131.088 30.0793 488.094 306.015 296.266 1355.99 1338.61 1092.7 659.806 238.434 432.889 245.913 421.372 131.19 339.987 112.317 314.467 106.554 72.2927 51.7833 38.8659 19.3397 19.5262 11.9026
internal_count=289279 124143 85234 38909 165136 84876 33628 4828 62479 49041 22397 37694 36763 33623 22041 12281 11582 3140 9760 1894 7494 619 7268 2996 2052 1503 1123 641 482 498
is_linear=0
shrinkage=0.03


Tree=56
num_leaves=31
num_cat=0
split_feature=1 8 18 3 24 0 8 31 25 30 6 13 29 25 28 0 29 28 23 16 3 6 2 27 22 29 28 3 28 25
split_gain=368.551 69.4226 40.484 37.7559 33.6523 33.2565 28.9246 24.8544 24.677 21.6817 18.5586 17.684 17.56 44.5185 20.6184 17.0161 19.8575 22.1093 19.22 18.8405 14.9918 26.8517 19.0478 17.9764 17.763 19.0326 18.4627 16.8498 16.5079 15.8386
threshold=0.68644055724143993 3.0162743330001835 3.6601562500000004 -1.0193870663642881 0.51997235417366039 1.5000000000000002 18.712434768676761 2479.698608398438 0.13444109261035922 1.5000000000000002 19.771276473999027 -0.31009712815284723 0.31595529615879064 0.26000218093395239 0.15951094031333926 5.5000000000000009 -0.97874867916107167 -0.16799356788396833 0.25596135854721075 -0.28249819576740259 0.1776130869984627 23.045776367187504 3.0083692073822026 0.38243727385997778 -0.30893649160861963 -0.90161547064781178 -0.13398594409227368 1.7961651086807253 -0.15101210027933118 0.10927189141511919
decision_type=2 2 8 2 10 2 2 2 2 2 10 10 2 2 2 2 2 2 8 8 2 10 2 2 10 2 2 2 2 2
left_child=3 2 12 4 -1 10 7 20 9 -6 -3 -11 14 -14 -2 -4 17 19 -19 -17 21 23 -22 -7 26 -26 28 -24 29 -25
right_child=1 5 15 -5 8 6 -8 -9 -10 11 -12 -13 13 -15 -16 16 -18 18 -20 -21 22 -23 27 24 25 -27 -28 -29 -30 -31
leaf_value=-0.019754626784808174 -0.0011350325988884373 -0.012122505181065715 -0.020270446081057946 -0.028308899489891556 -0.014515560507561535 0.042470336467153966 0.021227260597560471 -0.015390870966455694 0.0082450535660531076 0.0048889715386693112 0.012604988929413233 0.19284098684334608 0.0041529941610243407 0.12672693830914319 0.017660860623019463 0.14706353876912265 -0.010087894826173531 0.02797041240264439 -0.022946975455820921 -0.0024498216143425599 -0.0012258647642233479 0.063246022993397141 0.0075830169178859146 -0.021698112621587062 0.013453325744276044 -0.003266753149717755 0.0035759889804288232 0.023468128302911489 0.097288356334748097 0.027504934756839818
leaf_weight=65.140633264090866 308.94193873973563 102.51451486814767 118.28166528698057 370.80201401072554 0.93070659856311921 16.288348592352122 172.64645266719162 38.1587254924234 30.888404917903244 0.67952080559916794 36.20458209188655 0.74312307243235387 10.318797262618316 2.6305642512161276 62.260876643005759 1.0288450405932961 135.34144933521748 15.627327283378685 10.206238623475661 1.1600154407788097 208.34143929695711 8.6526431357488018 643.85349621064961 5.5829477929510167 139.66052062017843 107.9906211621128 45.054367103846744 65.67148519679904 2.0232834620401254 88.324232768500224
leaf_count=17383 18429 4404 23179 140858 280 1811 1450 2931 6618 93 198 76 2267 355 3315 100 20538 1469 1164 133 17360 162 7712 295 4286 5947 2004 576 51 3703
internal_value=0.000311303 0.00516643 -0.00302902 -0.0239324 -0.0073185 0.00841235 0.00967776 0.00820746 0.0169166 0.0943329 -0.0056248 0.142141 0.003304 0.0363527 0.00205653 -0.0116481 -0.00531988 0.0172626 0.00774865 0.0919066 0.00889482 0.0136377 0.00674523 0.0124245 0.0110594 0.00617856 0.0195291 0.00908425 0.0269074 0.0243819
internal_weight=2815.95 2346.77 665.798 469.184 98.3824 1680.97 1542.25 1369.6 33.2418 2.35335 138.719 1.42264 384.152 12.9494 371.203 281.646 163.364 28.0224 25.8336 2.18886 1331.44 413.577 917.866 404.924 388.636 247.651 140.985 709.525 95.9305 93.9072
internal_count=289147 123839 70949 165308 24450 52890 48288 46838 7067 449 4602 169 24366 2622 21744 46583 23404 2866 2633 233 43907 18259 25648 18097 16286 10233 6053 8288 4049 3998
is_linear=0
shrinkage=0.03


Tree=57
num_leaves=31
num_cat=0
split_feature=11 12 0 27 18 28 28 28 34 29 28 24 16 34 27 18 28 29 29 18 18 14 33 11 12 27 15 27 24 27
split_gain=374.62 52.266 38.0076 36.4824 30.6816 32.1234 29.2346 47.7224 53.4967 27.7619 39.2581 34.9035 27.6953 23.0161 19.3582 25.7907 23.7811 22.614 34.8739 35.7097 30.8291 19.7459 23.0614 28.7295 26.1014 18.9677 18.8424 18.2438 19.0266 17.5845
threshold=2.8680136203765874 10.828636646270754 2.5000000000000004 0.095445919781923308 7.8244934082031259 0.9990701973438264 0.71503382921218883 0.67802080512046825 3.7969349622726445 0.56191161274909984 -0.27694603800773615 0.30044716596603399 -1.1271588206291197 1.5959101319313052 0.35000000894069677 7.3944091796875009 -0.98214942216873158 -0.99052476882934559 -0.97874867916107167 2.5591735839843754 2.2750854492187504 -0.25991319119930262 1.1101289391517641 9.6302804946899432 4.0465099811553964 0.27867384254932409 1.2764475345611574 0.81953403353691112 0.74344521760940563 0.18817204236984256
decision_type=2 2 2 2 8 2 2 2 2 2 2 10 8 2 2 10 2 2 2 10 10 10 2 2 2 2 10 2 10 2
left_child=3 2 13 -1 5 6 7 14 -9 -5 11 -11 -6 -2 15 29 -17 -16 19 -19 -20 22 23 -21 27 -7 -23 28 -25 -4
right_child=1 -3 4 9 12 25 -8 8 -10 10 -12 -13 -14 -15 17 16 -18 18 20 21 -22 26 -24 24 -26 -27 -28 -29 -30 -31
leaf_value=-0.029395778680326123 -0.017859826506129231 0.010747568980256824 -0.00703117363132878 -0.018145620164948358 0.067977775066066629 0.15859462327456861 -0.020011820824357231 0.0054069331214373064 0.18780009670511746 -0.0050571733598197086 -0.023323538049085355 0.071055434907115717 -0.016591761240553008 0.0050491455822339977 -0.0084470454190703325 0.16320813409244467 0.029561594562351492 0.0002173464107213473 0.012427945897106652 0.0012196785388245103 -0.00069142410071528903 0.0049044843716219743 0.00072106200245284269 0.049358560588679164 0.0075949215905693175 0.021381127044905249 0.079908875555635542 0.031306891409141092 0.16365581768811413 0.02117816703403454
leaf_weight=307.80691594746895 129.86813749442808 961.24438966903836 26.923098352970555 171.53274537087418 2.6580590750090778 0.90719617297872845 40.544327861396596 3.1973492866381994 1.7404801566153763 9.6345037112478185 16.674713796237484 11.047033177455885 85.496970551321283 55.982759148580953 117.81578193139285 1.015187425073236 4.4972376325167707 29.815662504173815 238.694755645236 3.7458122293464902 491.99321691482328 16.373677177820358 4.5531898671761146 3.0773965879343432 2.7493385411798945 2.4525503418408334 2.7379712592810383 2.8056785762310019 5.6917306766845286 70.894651280483231
leaf_count=124463 16706 9204 3587 47823 349 104 4325 307 42 2405 4856 1449 13699 2890 5731 95 609 707 8660 396 32355 906 152 175 73 157 207 66 155 7202
internal_value=0.000235794 0.00540811 0.00159046 -0.0228287 0.00360974 0.00501176 0.00467578 0.00566765 0.0904972 -0.013058 0.0101676 0.0370005 -0.0133079 -0.010969 0.0051704 0.0174223 0.0754561 0.00377699 0.00558048 0.0254225 0.00360542 0.0430027 0.0615417 0.0760255 0.0942314 0.0863102 0.0190887 0.112569 0.132703 0.0134213
internal_weight=2824.17 2307.48 1346.23 516.696 1160.38 1072.23 1068.87 1028.32 4.93783 208.889 37.3563 20.6815 88.155 185.851 1023.38 103.33 5.51243 920.054 802.238 71.5505 730.688 41.7348 22.6231 18.07 14.3241 3.35975 19.1116 11.5748 8.76913 97.8177
internal_count=289855 108859 99655 180996 80059 66011 65750 61425 349 56533 8710 3854 14048 19596 61076 11493 704 49583 43852 2837 41015 2130 1017 865 469 261 1113 396 330 10789
is_linear=0
shrinkage=0.03


Tree=58
num_leaves=31
num_cat=0
split_feature=11 11 6 8 8 5 17 0 29 18 25 29 3 30 34 29 34 17 31 29 27 23 25 33 14 31 29 6 27 21
split_gain=372.164 57.4621 31.5513 26.3597 25.6573 25.5684 25.1198 20.2847 22.6825 20.1205 22.0299 21.6982 27.4779 19.4842 38.9391 33.2489 34.4958 30.2453 24.7559 21.2827 20.1284 26.8782 18.8565 24.8628 21.9662 18.1373 17.8567 16.47 15.394 14.4915
threshold=2.2315949201583867 9.6302804946899432 23.045776367187504 4.0722796916961679 18.712434768676761 -1.6485898494720457 0.72260525822639476 1.5000000000000002 -0.99465739727020253 3.4841613769531254 0.16481369733810428 0.31595529615879064 0.64183297753334057 1.5000000000000002 0.88196480274200451 -0.9711191952228545 1.145931124687195 1.0000000180025095e-35 69.397317886352553 0.34840355813503271 0.44802866876125341 0.61400938034057628 0.19722230732440951 3.3494656085968022 0.58238133788108837 240.34812164306643 -0.95242238044738758 23.045776367187504 0.66129031777381908 0.33264335989952093
decision_type=2 2 10 2 2 10 10 2 2 10 2 2 2 2 2 2 2 10 2 2 2 10 2 2 8 2 2 10 2 10
left_child=3 2 5 -1 7 6 -2 -3 -9 10 -8 -12 -13 15 18 16 20 29 22 -16 21 -10 23 24 26 -22 -15 -24 -7 -17
right_child=1 4 -4 -5 -6 28 9 8 13 -11 11 12 -14 14 19 17 -18 -19 -20 -21 25 -23 27 -25 -26 -27 -28 -29 -30 -31
leaf_value=-0.026031224103220757 -0.0018007699925383207 -0.0057979632843962441 0.030558226155287267 0.0081340536872059246 0.018477232482767877 -0.012685155845089837 -0.0084115489665557985 -0.0017842965349572817 0.13204931889690102 -0.0014575351713261868 0.029689949982279772 0.15609845575541723 -0.018722435850156625 0.0011309070499638104 0.010354317293232778 0.029948051902383543 -0.0034562097582991687 0.0016929188199483508 -0.01026772529379032 0.058635974397709997 0.0036368608148144872 -0.01720137955770205 -0.0051269623006440857 -0.026576474327747821 -0.021899517432925834 0.046089796697185131 0.088274262207774387 0.060168851053144429 -0.0013827200840215654 0.0085171894055162244
leaf_weight=440.76176315778866 226.58544815261848 105.18134488607757 25.410223943181336 20.867563736625016 193.50000081770122 236.38567790994421 12.124965739902107 186.65897772577591 3.5835867407731703 35.077010059962049 44.380299934186041 1.734342094510793 0.87250315770506848 2.7033225791528812 509.63594395760447 73.099167766515166 18.054952472448349 157.16896255081519 155.67913474910893 7.4062852710485449 11.692957705352454 1.1466084080748258 37.191562827210873 3.7240822762250891 2.357496521901342 42.143197012133896 9.2005328373052162 2.825076642446219 200.18814856070094 47.755381224211305
leaf_count=167898 17190 4444 347 3423 1220 40886 751 4517 141 3631 2307 117 51 65 9540 1762 400 4902 8928 130 324 64 1382 25 128 723 324 17 12477 1398
internal_value=0.000126456 0.00495987 -0.00167924 -0.0244726 0.00826741 -0.00279973 0.00362457 0.00682055 0.00786768 0.0165578 0.0270945 0.0362411 0.108618 0.00952772 0.00671204 0.0152941 0.0326856 0.0104011 -0.00404711 0.0111578 0.0436985 0.0991825 0.0125402 0.037163 0.0544582 0.0371037 0.0701056 0.000837313 -0.0075175 0.0216191
internal_weight=2815.1 2353.47 782.759 461.629 1570.71 757.348 320.775 1377.21 1272.03 94.1891 59.1121 46.9871 2.60685 1085.37 730.723 354.645 76.6213 278.024 213.681 517.042 58.5663 4.7302 58.0021 17.9854 14.2614 53.8362 11.9039 40.0166 436.574 120.855
internal_count=289512 118191 77757 171321 40434 77410 24047 39214 34770 6857 3226 2475 168 30253 20539 9714 1652 8062 10869 9670 1252 205 1941 542 517 1047 389 1399 53363 3160
is_linear=0
shrinkage=0.03


Tree=59
num_leaves=31
num_cat=0
split_feature=1 6 31 0 27 18 6 5 8 29 27 27 29 12 23 1 29 1 1 14 24 31 27 29 12 18 20 22 12 29
split_gain=353.03 51.1646 45.1115 29.498 23.4408 21.9669 21.9243 20.7337 19.8281 23.5984 19.9696 24.0442 26.9883 26.9265 19.2685 18.479 17.8634 30.3099 21.5963 15.4724 15.4371 20.0071 15.4855 15.4021 14.8722 15.8822 14.1586 12.8123 12.4979 12.3577
threshold=0.68644055724143993 14.907233238220217 2479.698608398438 1.5000000000000002 0.12025089561939241 1.8009033203125002 29.643007278442386 -4.9543566703796378 3.8605737686157231 0.63089349865913402 0.85250896215438854 0.86881721019744884 -0.66527268290519703 -0.26146341860294336 0.43572354316711431 20.294900894165043 0.73136293888092052 28.445338249206547 5.5775754451751718 0.75038889050483715 0.21442539989948275 260.51104736328131 0.051391525194048888 0.6174544394016267 -2.2894889116287227 2.3614654541015629 0.81949996948242199 -0.32908758521080012 1.6229605078697207 0.73136293888092052
decision_type=2 8 2 2 2 10 10 10 2 2 2 2 2 2 10 2 2 2 2 10 8 2 2 2 2 10 10 10 2 2
left_child=4 2 3 15 -1 14 -3 23 10 24 -7 28 -13 -14 19 -2 17 18 -11 -5 21 -18 -23 -6 25 -10 -27 -17 -12 -25
right_child=1 6 -4 5 7 8 -8 -9 9 16 11 12 13 -15 -16 27 20 -19 -20 -21 -22 22 -24 29 -26 26 -28 -29 -30 -31
leaf_value=-0.029078322552200699 -0.021509929224707965 0.0092942331718752786 -0.023934297339855855 0.023620514424314554 -0.0022144078023595341 -0.0056513180811769989 0.023874295640928935 -0.019486746484968499 0.039875424598107827 0.0032435766395643253 0.064967639946677008 -0.0041565244140884016 0.11715776646595256 0.0035003182696340331 0.0036309549345996369 -0.016952252721676973 -0.020464804842919525 -0.011110123893299477 0.18736351727709738 -0.0027882927153309706 -0.019683708182573454 -0.012330656452248961 0.13190512661215789 0.094429754730408572 0.0027623066431227083 0.0025621439318712419 0.028230605672616337 0.0096660130159992291 0.018048478619747139 0.0064579520788295309
leaf_weight=300.56078193779103 66.826844765571877 627.13758561224677 57.446310733212158 120.5399241480045 20.386106908554215 368.74745880020782 108.77004167530686 111.8649100032635 17.86116643063724 0.79245183686725784 7.5652917558327344 74.550036552594975 2.4457152471877635 4.2583969207480541 138.68983117397875 23.885771789122373 1.6420644407626217 1.5381646156311033 1.4783115223981438 23.654812343651429 4.5051421090029189 0.68976267287507687 1.5852876438293604 2.0783777567557982 547.66174122015946 71.159643799532205 25.680494938511401 46.035138721577823 15.650813873624427 2.9940777737647295
leaf_count=127516 10104 16228 9194 2780 3684 49702 717 33386 717 80 175 2954 150 259 3430 434 172 8 91 648 446 111 181 139 18908 4197 1292 742 262 442
internal_value=0.000330333 0.00492165 0.00194676 0.00290994 -0.024378 0.00418403 0.0114787 -0.0139546 0.00233369 0.00563277 -0.00237127 0.00915008 0.00131389 0.0547887 0.0116572 -0.0103535 0.0453252 0.091904 0.143746 0.0192988 0.0167418 0.0541186 0.0977624 0.0101716 0.00483259 0.0146082 0.00958799 0.000462097 0.0353892 0.052118
internal_weight=2798.68 2360.8 1624.89 1567.44 437.884 1430.7 735.908 137.323 1147.81 674.594 473.218 104.47 81.2541 6.70411 282.885 136.748 12.2312 3.80893 2.27076 144.195 8.42226 3.91711 2.27505 25.4586 662.363 114.701 96.8401 69.9209 23.2161 5.07246
internal_count=289149 123982 107037 97843 165167 86563 16945 37651 79705 26203 53502 3800 3363 409 6858 11280 1089 179 171 3428 910 464 292 4265 25114 6206 5489 1176 437 581
is_linear=0
shrinkage=0.03


Tree=60
num_leaves=31
num_cat=0
split_feature=11 11 6 6 27 0 32 27 8 28 11 34 28 34 11 12 28 3 1 25 23 24 28 28 25 19 28 28 28 0
split_gain=329.655 45.6359 39.5383 36.0059 24.1307 23.4555 21.562 20.551 20.0856 19.1824 18.3994 24.7395 21.5647 16.6055 20.0842 16.5542 29.5323 24.8933 18.9441 23.7222 25.4942 18.3245 15.7786 15.2414 16.4364 14.9472 14.5354 17.4919 22.2553 13.9447
threshold=2.8680136203765874 14.173423767089846 0.77657133340835582 7.4063336849212655 0.85250896215438854 2.5000000000000004 1.0000000180025095e-35 0.80878135561943065 3.1230120658874516 -0.15101210027933118 8.3011608123779315 0.86039161682128917 0.42179998755455023 2.1653867959976201 7.4728837013244638 16.804019927978519 -0.099819734692573533 0.73512393236160289 17.492423057556156 0.33066377043724066 -0.13698478043079373 0.22927340865135196 0.99818283319473278 -0.97113886475563038 0.059884991496801383 -0.10167982801795004 -0.82415616512298573 -0.47558552026748652 -0.51297807693481434 8.5000000000000018
decision_type=2 2 10 8 2 2 2 2 2 2 2 2 2 2 2 2 2 2 2 2 10 10 2 2 2 10 2 2 2 2
left_child=2 3 -1 4 5 -2 22 8 23 -6 11 -11 13 14 -13 16 17 18 19 -3 -21 -19 -4 24 -7 -12 -8 28 -28 -23
right_child=1 15 6 -5 9 7 26 -9 -10 10 25 12 -14 -15 -16 -17 -18 21 -20 20 -22 29 -24 -25 -26 -27 27 -29 -30 -31
leaf_value=-0.026788770541942546 -0.019300298748131984 0.0044383747077279111 -0.018234517140458959 0.0069373399950403971 -0.004135403730130674 0.10595074776311267 -0.022246938661397975 -0.021092660249616774 0.0053380761565444508 -0.0038196005727511176 -0.0036492023038824659 0.10952781290707059 0.004018895795360986 0.01648943200872174 0.021186898414591978 0.01498974175953627 -0.0045408120248810972 0.024289380031997262 0.025818233407563101 -0.0039031780919748828 0.072716183237826873 -0.0090650916634062578 0.054962599686613801 -0.010934024548849661 0.0057288849462131244 0.020961471981561657 0.026406286771726118 0.0055220501574697245 0.13538434190389542 0.013076323312595783
leaf_weight=390.82168906275183 98.960730859776959 119.90019867592491 59.131440716562793 579.99018216901459 106.19383079418913 0.54370557889342208 6.5587800154462483 51.450267444364727 214.25908630341291 12.338546129409222 57.663595711346716 7.8359737461432868 7.3917096052318803 5.1743296748027197 3.9103649882599711 347.64337323606014 153.63023220910691 25.230963505804539 112.6049169106409 6.2426730548031619 9.0341963684186322 95.271928597474471 1.8191526252776373 187.65362065029331 36.306774767814204 34.883107879664749 7.3625915278680623 15.786086267558852 1.5149067125748894 33.9119071229361
leaf_count=160721 14839 4895 14440 20037 3962 79 1209 3374 14421 750 937 154 182 101 51 1590 4490 481 1947 256 228 1994 305 28273 4256 670 811 3229 78 533
internal_value=-0.000116913 0.0046018 -0.0226286 0.00121643 -0.00281113 -0.00605241 -0.00489071 -0.00334418 -0.00121973 0.00529294 0.0130148 0.030714 0.0476983 0.0654904 0.0840885 0.00985762 0.00662656 0.0108929 0.0167659 0.00909095 0.0430905 0.00142161 -0.0151979 -0.00747419 0.00996772 0.00575207 0.0150777 0.0254835 0.0568265 -0.00319698
internal_weight=2791.02 2308.03 482.995 1404.56 824.566 589.174 92.173 490.213 438.763 235.391 129.198 36.6509 24.3124 16.9207 11.7463 903.47 555.827 402.197 247.782 135.177 15.2769 154.415 60.9506 224.504 36.8505 92.5467 31.2224 24.6636 8.8775 129.184
internal_count=289293 108500 180793 92086 72049 65242 20072 50403 47029 6807 2845 1238 488 306 205 16414 14824 10334 7326 5379 484 3008 14745 32608 4335 1607 5327 4118 889 2527
is_linear=0
shrinkage=0.03


Tree=61
num_leaves=31
num_cat=0
split_feature=4 8 31 0 3 34 29 24 18 30 30 29 28 28 29 27 29 12 28 28 25 31 31 31 18 3 28 27 18 31
split_gain=309.292 46.3073 40.7714 32.6191 28.8461 28.6355 21.3151 21.4702 18.5925 20.0077 28.4038 25.8499 22.5815 21.7931 40.7062 50.3961 38.351 34.4538 34.0658 65.937 54.9373 84.153 23.2867 29.2859 26.1839 22.4912 21.5906 21.3572 18.9422 18.2539
threshold=-1.804717421531677 12.409204483032228 2479.698608398438 2.5000000000000004 -0.7895296812057494 0.84969079494476329 0.6174544394016267 0.15525803714990619 8.7212371826171893 1.5000000000000002 2.5000000000000004 0.63089349865913402 -0.46801505982875818 -0.97113886475563038 -0.57782411575317372 0.27867384254932409 -0.12545862048864362 16.804019927978519 -0.75015330314636219 -0.78326541185379017 0.31587116420269018 370.20425415039068 346.99270629882818 164.34678649902347 3.9938049316406254 -0.83008018136024464 -0.67803022265434254 0.96774193644523632 7.6501007080078134 260.51104736328131
decision_type=2 2 2 2 2 2 2 10 8 2 2 2 2 2 2 2 2 2 2 2 2 2 2 2 10 2 2 2 10 2
left_child=4 2 3 5 6 -2 -1 -8 9 13 11 -11 29 16 15 28 17 22 19 27 25 -22 23 -5 -25 -21 -20 -17 -15 -13
right_child=1 -3 -4 8 -6 -7 7 -9 -10 10 -12 12 -14 14 -16 18 -18 -19 26 20 21 -23 -24 24 -26 -27 -28 -29 -30 -31
leaf_value=-0.016700331293971693 -0.019653017398103358 0.01204227638644885 -0.0227221038859498 0.013924586330369236 -0.029068287736541177 0.00091054823963243115 -0.02216466819448416 0.043306773747689729 -0.011824201233208487 -0.0072148116098584222 0.0057438537441971494 0.0049901019861262547 -0.020671441548345881 0.12401335829938313 -0.018104859293222902 -0.023022506359772453 0.001951081938682462 -0.035159416822673692 -0.023190956138584788 0.12769556336388765 -0.015107321263536651 0.30000052140155148 0.031115310070048832 0.07393479558003295 0.21455442402789018 0.014640778477890094 0.0089047122611670693 0.05840765153489464 0.0031786940934914682 0.07659236187308259
leaf_weight=103.85433135321364 102.14161392953247 493.3696074350737 58.476298014167696 3.0615206900984102 298.03378999629058 148.77403549221344 6.5466059425380108 10.677919327747075 62.230849924730137 297.87844940996729 706.27463435498066 5.3891921697650123 5.3020269141998133 3.8215460060164324 48.15095436363481 9.9406874924898165 23.912038443842903 2.6976114632561794 19.009023655205965 1.2785583166405556 0.9920854261144999 1.3577046715654431 9.9863650626502913 5.7835504626855254 1.686382617568597 6.2732474347576481 344.23535536602139 2.9443034837022415 1.6115114185959099 7.4781264774501324
leaf_count=29424 14560 5054 10075 264 131720 7079 2132 2146 10765 20720 28541 411 1031 292 5810 883 2323 23 1472 134 113 83 618 192 109 370 12197 71 127 649
internal_value=-0.000325576 0.00387162 0.00172291 0.00251941 -0.0240532 -0.00750516 -0.0115715 0.018572 0.00412396 0.00478902 0.0024011 -0.00506353 0.0287423 0.00978925 0.00767046 0.0108789 0.0289837 0.0555972 0.00946527 0.0442754 0.0985787 0.202167 0.0686089 0.0983805 0.127264 0.0464753 0.00716605 -0.00154876 0.0942378 0.0491258
internal_weight=2793.17 2374.06 1880.69 1822.21 419.113 250.916 121.079 17.2245 1571.3 1509.06 1022.32 316.048 18.1693 486.742 439.615 391.464 47.1275 23.2154 386.031 22.7866 9.9016 2.34979 20.5178 10.5315 7.46993 7.55181 363.244 12.885 5.43306 12.8673
internal_count=289388 123966 118912 108837 165422 21639 33702 4278 87198 76433 51352 22811 2091 25081 21552 15742 3529 1206 15323 1654 700 196 1183 565 301 504 13669 954 419 1060
is_linear=0
shrinkage=0.03


Tree=62
num_leaves=31
num_cat=0
split_feature=11 11 6 0 28 29 23 12 30 29 12 29 28 31 31 25 17 28 15 21 11 17 18 28 19 29 27 33 13 34
split_gain=297.224 46.1741 32.4765 28.0236 25.7281 45.6673 59.7964 29.6067 28.6619 24.821 24.0886 22.7476 60.3805 59.971 73.1488 51.2157 30.4243 27.126 23.4239 31.7101 23.6589 24.7862 33.7919 33.5862 35.107 22.8434 24.4308 22.1387 20.1467 25.267
threshold=1.9752951264381411 9.6302804946899432 4.9004139900207528 3.5000000000000004 -0.97113886475563038 -0.10837475582957266 -0.67811292409896839 11.623711585998537 2.5000000000000004 0.56191161274909984 19.064690589904789 -0.6258755326271056 -0.75015330314636219 346.99270629882818 524.19323730468761 0.21242593973875049 0.58353298902511608 -0.56368473172187794 0.99133428931236278 0.073826987296342864 7.5757217407226571 0.071904372423887267 7.5030670166015634 0.71503382921218883 -0.010726173873990772 0.011826144531369211 0.23494623601436618 0.7008100450038911 0.94145792722702037 4.3423905372619638
decision_type=2 2 10 2 2 2 8 2 2 2 2 2 2 2 2 2 10 2 10 10 2 8 10 2 10 2 2 2 10 2
left_child=2 3 27 -2 5 6 7 8 -5 -4 -3 12 13 -6 15 -15 -17 -14 -19 -20 21 22 23 24 -21 -13 -27 -1 29 -28
right_child=1 10 9 4 11 -7 -8 -9 -10 -11 -12 25 17 14 -16 16 -18 18 19 20 -22 -23 -24 -25 -26 26 28 -29 -30 -31
leaf_value=-0.026476530726332131 -0.011566132725050551 0.0050033618929372298 -0.014624649663288854 0.13987179938014049 -0.0010653076853089369 0.00064043855962547444 0.011547075229536146 -0.020284859607963546 -0.0048402944924210121 0.058511599853660438 0.013088745936992911 -0.016451848103215035 -0.018589501692295157 -0.012424895067875506 -0.019027480604462181 0.2966821852519258 0.024489732141463088 0.0020821588518551946 0.00054551047339010763 0.012058576339304744 0.014101201808106843 0.0032161431744706791 -0.0067757878740483946 -0.014018329725191774 0.21382021377402186 -0.014801079571106358 0.04247566463367386 0.0068860185059735146 -0.029099551797555141 -0.0090742037952031614
leaf_weight=374.06961578247137 187.1776044270955 1115.1348470775411 8.5705876704305393 7.6208348115906102 5.1394666822161508 49.864071677206084 16.493476231349636 1.2695213835686434 1.3607574831694362 6.6093979654833666 472.52092572674155 124.71931061265059 48.367119044065475 0.69209755770862136 1.6507646876852957 1.8431095238775017 0.64632625877857197 228.48595198849216 18.400948871858418 1.1075532094109806 7.4399944425094864 2.4929080114234248 1.5665725774597374 0.85497956443577994 3.1636373249348257 33.890628168359399 26.474399644881487 18.411705513717607 6.0142064886167637 11.98337063542567
leaf_count=161275 24979 38060 1044 525 557 5175 1446 35 110 497 2248 13639 4613 73 174 139 61 17170 1623 78 362 207 295 75 195 6593 2533 4261 482 596
internal_value=0.000408053 0.00447049 -0.0232261 -0.0014615 0.00169666 0.0178192 0.0486706 0.102065 0.119659 0.0188672 0.00741647 -0.00068566 0.00427148 0.0734445 0.139286 0.206334 0.253284 0.00183213 0.00563658 0.0281215 0.0568795 0.086742 0.113391 0.145226 0.173715 -0.00852434 0.00414112 -0.0248979 0.0185844 0.0265899
internal_weight=2784.04 2376.38 407.661 788.72 601.542 76.6087 26.7446 10.2511 8.98159 15.18 1587.66 524.933 321.851 9.97176 4.8323 3.18153 2.48944 311.88 263.513 35.0266 16.6256 9.18565 6.69274 5.12617 4.27119 203.082 78.3626 392.481 44.472 38.4578
internal_count=289120 122043 167077 81735 56756 7291 2116 670 635 1541 40308 49465 25622 1004 447 273 200 24618 20005 2835 1212 850 643 348 273 23843 10204 165536 3611 3129
is_linear=0
shrinkage=0.03


Tree=63
num_leaves=31
num_cat=0
split_feature=1 1 0 3 4 29 24 5 3 3 0 1 28 18 3 15 27 28 28 14 21 29 15 15 28 28 15 23 18 28
split_gain=298.264 41.9102 37.5462 30.6072 22.5562 21.7291 23.8261 19.2589 18.5757 18.1891 20.2145 17.808 16.538 17.1899 15.7978 16.6226 15.5809 18.6786 14.8099 14.5094 14.5046 18.009 14.3864 14.358 12.9141 33.5063 11.5315 11.4456 16.5004 22.3352
threshold=0.68644055724143993 35.575925827026374 2.5000000000000004 -0.7895296812057494 9.3507447242736834 0.6174544394016267 0.30044716596603399 -1.4989665746688841 0.60036975145339977 -0.84506967663764943 6.5000000000000009 13.444710254669191 -0.27694603800773615 3.6226043701171879 1.4404339194297793 -0.29718361794948572 0.96774193644523632 0.15951094031333926 -0.38242425024509424 0.53598681092262279 0.80313614010810863 -0.90161547064781178 -0.34923177957534784 1.0107783079147341 0.70290291309356701 0.66527691483497631 -0.7543530762195586 0.52009209990501415 2.6732330322265629 -0.88622298836708058
decision_type=2 2 2 2 2 2 10 10 2 2 2 2 2 10 2 10 2 2 2 8 10 2 10 10 2 2 10 10 10 2
left_child=3 2 4 5 -2 -1 -7 9 20 10 23 24 13 -8 16 -16 17 22 -18 27 -6 -22 -3 -4 25 -9 -15 28 29 -11
right_child=1 14 7 -5 8 6 12 11 -10 19 -12 -13 -14 26 15 -17 18 -19 -20 -21 21 -23 -24 -25 -26 -27 -28 -29 -30 -31
leaf_value=-0.015970005355714995 -0.019230912023007835 0.0099783105323903772 -0.0086582166321826602 -0.028906886834425681 0.0014664787081090694 -0.015018918742706267 0.023583003136984193 -0.0031208920183214929 -0.01155219311809433 -0.0062257887302216014 0.033036193686341447 0.0046701121873141639 -0.012276500588625703 -0.0086183531764123418 0.0082529687748241105 0.026851055133774424 0.04845693806093411 0.019201716136357537 0.0099440475280382946 -0.0015665600645650487 0.051365702898024987 -0.0065351304345660369 -0.0053774024166066301 0.050129079315347318 -0.019619336692905272 0.081147222093212248 0.14327107462657163 0.001499561313001342 0.0057215981948319965 0.02381047429775781
leaf_weight=100.5746290537063 101.98938944726251 96.920128680765629 23.151442860485989 283.13152361172251 57.882641832809895 8.7054599130060542 3.8631971899885684 325.6156683403533 75.846993226325139 26.448715902399272 47.446760547114536 486.96124630002305 2.3704440824221802 0.39886118890717659 75.378173001110554 104.51235394924879 14.752531960606573 68.593417309224606 22.510391592979431 173.71729422616772 12.42618807218969 7.2344903019256881 124.05498593300581 3.4241446058731517 41.468448383966461 3.3031489255372426 2.1034743599593639 150.65097668743692 205.19439294212498 129.09201414440759
leaf_count=29336 18386 456 1563 131985 2227 2712 375 38308 3144 1236 2630 11951 774 75 336 464 65 315 108 9247 265 305 574 232 9059 532 330 7236 12505 2918
internal_value=0.000333995 0.00437226 0.00229737 -0.0235619 -0.00837098 -0.0106038 0.0195282 0.00398695 -0.00107241 0.00746363 0.0215025 0.000903464 0.0519613 0.0743016 0.0120174 0.0191467 0.0080469 0.00564727 0.0260594 0.00591766 0.0091947 0.030775 0.00137226 0.00045946 -0.00404792 -0.00203124 0.123513 0.00845814 0.011352 0.0186959
internal_weight=2779.72 2378.58 1871.85 401.148 255.38 118.016 17.4414 1616.47 153.39 759.126 74.0223 857.349 8.73598 6.36553 506.722 179.891 326.831 289.569 37.2629 685.103 77.5433 19.6607 220.975 26.5756 370.387 328.919 2.50234 511.386 360.735 155.541
internal_count=289649 124062 121744 165587 24327 33602 4266 97417 5941 37567 4425 59850 1554 780 2318 800 1518 1345 173 33142 2797 570 1030 1795 47899 38840 405 23895 16659 4154
is_linear=0
shrinkage=0.03


Tree=64
num_leaves=31
num_cat=0
split_feature=2 8 3 18 17 6 0 28 25 2 31 25 11 5 29 28 29 23 17 28 29 0 23 13 1 1 1 16 17 27
split_gain=285.453 46.7299 42.4312 34.417 26.0739 25.855 23.0299 23.0158 21.9647 19.3966 22.7913 22.6761 19.1164 18.3369 18.1941 16.5569 27.4126 22.2434 41.4181 17.6904 16.5886 16.1642 16.115 15.9702 15.7197 16.0858 15.2133 14.7533 15.4286 14.2699
threshold=0.74659994244575512 9.2604522705078143 -0.7895296812057494 3.1190338134765629 1.0046308636665346 2.1999999284744267 3.5000000000000004 -0.39036798477172846 0.14416719973087314 3.4440749883651738 69.397317886352553 0.21082678437232974 12.867795944213869 -11.807638168334959 0.33222858607769018 -0.96689236164093006 -0.21022038161754605 -0.34043033421039576 0.80235156416893016 0.99818283319473278 -0.63919836282730091 2.5000000000000004 -0.61407011747360218 -1.505804121494293 7.8031802177429208 3.0157532691955571 47.646572113037116 -0.12876855581998822 -0.43132406473159784 0.28494623303413397
decision_type=2 2 2 8 10 8 2 2 2 2 2 2 2 8 2 2 2 10 10 2 2 2 10 10 2 2 2 8 10 2
left_child=2 3 5 4 13 -1 -5 21 -7 10 11 27 -13 -2 -15 16 17 18 -12 20 -17 -3 29 -6 25 -16 -9 28 -8 -21
right_child=1 7 -4 6 23 8 9 26 -10 -11 15 12 -14 14 24 19 -18 -19 -20 22 -22 -23 -24 -25 -26 -27 -28 -29 -30 -31
leaf_value=-0.016421487313218991 0.020556297133332294 0.0031122093399938997 -0.028566350324023916 -0.01470555701033663 -0.007669326658176389 0.08639249736303671 -0.016513910410781655 0.0026301723565549991 0.0052460442622708691 0.016351423807720335 0.15221158715779617 -0.02247832936566295 0.023719068341253594 0.00058250593644441201 0.00270463930099954 -0.0037403198244436364 0.00026085369908472063 0.0051793262180891194 -0.010678623886070833 0.14027190532256845 -0.017165981168155871 0.019311451028467555 -0.0043641876765146068 0.018833425814044898 -0.0076042716244910857 0.095283807551868896 0.016776192577078675 0.0042408579501668738 0.09077353640397956 0.012932126901502621
leaf_weight=101.96350790373981 46.430701726581901 70.039691840531304 298.02358129085042 138.76152119482867 23.014417426660657 2.2874813510570666 1.1124284674879161 334.51535874162801 36.675215193536133 51.156163640320301 2.774860126664862 13.174466534052046 17.730361256748438 654.50394850061275 2.638399209128691 268.75373047566973 46.340068088145927 4.8723624043632281 2.0412175396922976 0.93579007964581284 119.25176749308594 273.00448093470186 3.6177396210841826 154.25629154918715 4.067327729659155 4.0107905040495098 85.191057443618774 4.1097221795935166 6.3173365548718721 1.7262632760684935
leaf_count=32297 983 1113 139090 19822 1090 205 73 5057 5603 258 189 876 548 24801 556 22405 4575 448 169 95 17635 3431 432 5649 344 455 365 331 248 135
internal_value=2.77646e-06 0.00417876 -0.0221643 0.0012196 0.00510766 -0.0085196 -0.00384318 0.0102664 0.0120527 -0.00105011 -0.00288612 0.017877 0.00393823 0.00253362 0.00124672 -0.00487842 0.0102557 0.0535641 0.0932074 -0.0070495 -0.00790016 0.0160227 0.0393748 0.0153689 0.038301 0.0637045 0.00553455 0.0519165 0.0746564 0.0837763
internal_weight=2773.3 2334.35 438.95 1571.6 888.922 140.926 682.676 762.751 38.9627 543.914 492.758 42.4443 30.9048 711.651 665.22 450.314 56.0285 9.68844 4.81608 394.285 388.005 343.044 6.27979 177.271 10.7165 6.64919 419.706 11.5395 7.42977 2.66205
internal_count=289278 112083 177195 102117 33878 38105 68239 9966 5808 48417 48159 2076 1424 27139 26156 46083 5381 806 358 40702 40040 4544 662 6739 1355 1011 5422 652 321 230
is_linear=0
shrinkage=0.03


Tree=65
num_leaves=31
num_cat=0
split_feature=1 8 31 5 0 1 30 18 29 28 12 28 5 16 28 28 28 3 12 30 13 27 34 28 34 31 29 19 28 22
split_gain=266.593 47.2083 31.425 30.0828 27.2797 33.1709 19.9218 20.4562 41.6695 41.3226 23.9874 18.8508 17.8324 17.5383 17.21 17.8752 17.208 15.7076 15.4592 21.4965 14.9023 13.2554 13.2282 12.9379 12.7381 12.5165 16.9078 15.0087 12.6283 14.0136
threshold=0.68644055724143993 11.680510997772219 2479.698608398438 -4.9543566703796378 3.5000000000000004 11.394140720367433 1.5000000000000002 3.7730560302734379 0.31595529615879064 -0.92923668026924122 3.8414391279220585 -0.99054482579231251 2.1356720924377446 -1.2131554484367368 -0.39036798477172846 -0.69057363271713246 0.091259401291608824 -0.71092563867568959 -1.9436167478561399 1.0000000180025095e-35 -0.93130680918693531 0.62311828136444103 0.62154844403266918 -0.7386675477027892 2.4601597785949711 408.92024230957037 -0.99983122944831837 -1.747597277164459 0.022575936280190948 0.63396930694580089
decision_type=2 2 2 8 2 2 2 8 2 2 2 2 8 8 2 2 2 2 2 2 8 2 2 2 2 2 2 8 2 10
left_child=3 2 4 -1 5 -2 18 8 21 10 20 -4 16 -14 15 23 -7 -5 -6 22 -10 -8 -20 -3 -9 26 -21 -27 29 -28
right_child=1 14 11 17 6 12 7 24 9 -11 -12 -13 13 -15 -16 -17 -18 -19 19 25 -22 -23 -24 -25 -26 27 28 -29 -30 -31
leaf_value=0.022441491003376727 -0.016195938987279779 0.012282826391110897 0.067813577478797724 -0.015358064376939179 0.01806747457297176 0.0034946490142198205 -0.010262116012153618 -0.0088240002484698994 0.19299384848063103 0.023505473209175429 -0.012683205576346701 -0.024015230591728397 0.05228242521463803 -0.0078436852559712524 0.0061965501442829271 0.026189045683645645 0.030366203332781498 -0.02902019822835469 -0.019223714485306492 -0.034416324756039306 0.0082241616905621359 0.003962993205251634 0.0070655812356499618 -0.02403527094012093 0.013000892346246327 0.063314049579785842 0.016399846300721582 -0.0037809350314892327 0.031367112047368244 -0.0044714457731494205
leaf_weight=11.73776146979071 148.81824404210784 146.50734620029107 1.1435893301386375 112.79697953315917 122.15087147243321 80.8735307212919 64.380261744605377 207.72551145707257 1.8179368306882677 18.07117086625658 0.69170493632554997 53.848798783263192 3.5345650189556181 123.62027030438185 298.25422105775215 106.56416011927649 28.349314376711845 257.94957576598972 43.074316015234217 5.506172811612486 0.56351855513640092 602.34665899956599 27.591403768630698 8.4778329613618535 26.312087391037494 2.1303346373606473 116.23687215824611 71.517458962043747 34.192059433553368 37.960454701678827
leaf_count=878 23991 1602 262 35942 8843 3026 5363 23478 121 2093 43 9882 107 4107 3185 1019 816 128477 5954 77 92 16846 1055 106 869 136 2998 5541 1421 1163
internal_value=-0.000192892 0.00354268 0.00119979 -0.023408 0.00189974 -0.00515154 0.00386701 0.00131858 0.00392474 0.0444142 0.131408 -0.0209286 0.00184071 -0.00577742 0.0111543 0.0167626 0.0106815 -0.0249161 0.00895654 0.00562239 0.164634 0.00257608 -0.00900371 0.0101548 -0.00632542 0.00950469 0.0134863 -0.00101798 0.0150607 0.011266
internal_weight=2764.74 2382.26 1822.46 382.484 1767.46 385.196 1382.27 921.909 687.871 21.1443 3.07316 54.9924 236.378 127.155 559.804 261.549 109.223 370.747 460.36 338.209 2.38146 666.727 70.6657 154.985 234.038 267.543 193.896 73.6478 188.389 154.197
internal_count=289493 124196 118284 165297 108140 32047 76093 48905 24558 2349 256 10144 8056 4214 5912 2727 3842 164419 27188 18345 213 22209 7009 1708 24347 11336 5659 5677 5582 4161
is_linear=0
shrinkage=0.03


Tree=66
num_leaves=31
num_cat=0
split_feature=11 8 0 34 6 33 33 19 30 28 29 29 28 17 11 17 12 29 28 15 15 29 16 34 17 12 20 20 22 22
split_gain=262.536 39.4814 33.3672 29.6505 27.8861 22.3657 20.1117 19.5502 18.9257 51.5566 38.0157 37.6888 89.3738 58.6737 33.626 29.2339 29.1333 26.1208 39.5694 25.767 22.3029 31.9435 22.2328 20.989 29.2606 22.9106 20.6181 20.5219 20.4372 18.152
threshold=1.794275224208832 12.409204483032228 3.5000000000000004 0.86039161682128917 14.002238750457765 1.3513827919960024 3.3100395202636723 -0.23565634340047834 1.5000000000000002 -0.97113886475563038 -0.091258823871612535 -0.6258755326271056 -0.75015330314636219 0.36257857084274298 12.867795944213869 -0.31597687304019922 16.804019927978519 -0.80417042970657338 -0.38242425024509424 -0.38202588260173792 -0.57835009694099415 -0.86112883687019337 -0.62436461448669422 2.4601597785949711 1.1584274768829348 -2.7749723196029659 0.35793653130531317 -0.25064812600612635 -0.8488154113292693 0.7936081886291505
decision_type=2 2 2 2 10 2 2 8 2 2 2 2 2 10 2 10 2 2 2 10 8 2 10 2 10 2 10 10 10 10
left_child=4 2 3 -2 5 -1 -5 -7 9 10 14 12 13 19 16 17 22 18 20 -11 -14 -22 -4 -10 -25 -26 -17 -21 -24 -27
right_child=1 -3 8 6 -6 7 -8 -9 23 11 -12 -13 15 -15 -16 26 -18 -19 -20 27 21 -23 28 24 25 29 -28 -29 -30 -31
leaf_value=-0.025912264232552665 -0.015333914306969613 0.011004383264574731 0.0017241252424638053 -0.0030666037722259683 0.049095950018432574 0.060470409215870852 0.019887436592664537 -0.019938750355331221 -0.0013729760524507242 -0.012882501527090345 0.0033494983939704429 -0.014025510021328673 0.093706481823415747 0.00078791156247385501 0.0026330428698006178 0.0057287644670154262 -0.020530040244511199 -0.01528361640217173 0.011075086922464995 0.21964684467752013 -0.012909550323516306 0.058753213115386053 0.010919669703234445 0.0041654344762527187 -0.017314754941011565 0.057782394680445805 -0.013257620623025356 0.073872262018499751 0.10506806600742602 0.0090742660572182519
leaf_weight=350.39955050917342 174.65679375035688 502.42546856845729 2.7298101340420571 197.29699310590513 3.775432171765714 4.2791823642328382 40.554521843791008 4.860830997116862 727.88965827552602 0.72119894204661239 20.326465594233014 77.14011470368132 7.9712323364801705 4.2028511411044747 8.2981685628183168 206.65514049620833 2.3533793734386554 16.067158499616198 61.863173319608904 2.4524138444103301 7.9885754063725534 15.558746176073326 2.6290223022224444 197.02620542771183 6.3745400048792353 21.607931919395924 67.447973748552613 3.2853117415215802 16.841796251945198 10.513024586252866
leaf_count=162423 24899 4944 204 10647 188 611 253 899 46896 88 2169 10100 152 356 251 9293 21 1044 3407 140 274 485 260 3618 102 297 3998 234 1002 158
internal_value=-6.25865e-05 0.0035341 0.00155442 -0.00598583 -0.0237946 -0.024694 0.000914018 0.0199582 0.00364745 0.00822709 0.0359502 0.00502985 0.00878467 0.0906211 0.0554262 0.00628009 0.0724668 0.0193109 0.0253621 0.141134 0.0522011 0.0349057 0.0827849 0.0011481 0.00891246 0.0324879 0.00102562 0.159531 0.0935102 0.0425958
internal_weight=2766.19 2402.88 1900.45 412.508 363.315 359.54 237.852 9.14001 1487.94 524.533 53.1786 471.354 394.214 10.6618 32.8522 383.552 24.554 109.449 93.3817 6.45892 31.5186 23.5473 22.2006 963.411 235.522 38.4955 274.103 5.73773 19.4708 32.121
internal_count=289413 125292 120348 35799 164121 163933 10900 1510 84549 33478 3907 29571 19471 818 1738 18653 1487 5362 4318 462 911 759 1466 51071 4175 557 13291 374 1262 455
is_linear=0
shrinkage=0.03


Tree=67
num_leaves=31
num_cat=0
split_feature=11 11 0 33 18 3 12 16 3 29 34 12 13 27 31 3 4 29 29 25 23 24 18 12 34 24 17 25 17 3
split_gain=255.982 42.3649 31.2889 21.0257 20.8831 24.0513 26.4707 21.3022 18.4437 24.6789 37.0363 19.2053 16.5414 17.7754 22.4408 16.2726 18.2277 16.2648 16.0992 18.5626 25.9611 22.3164 17.1798 16.0956 17.3461 20.0554 15.6734 15.2792 15.548 16.44
threshold=1.9752951264381411 9.0760340690612811 3.5000000000000004 0.049197079613804824 9.5991363525390643 -0.84506967663764943 -2.6061348915100093 -0.49273669719696039 1.4404339194297793 0.34840355813503271 0.94135093688964855 22.299015045166019 -0.21641132980585095 0.72114697098732006 69.397317886352553 1.7961651086807253 22.465523719787601 -0.96687281131744374 -0.98801845312118519 0.27271802723407751 -0.1055082008242607 0.42585399746894842 4.7590026855468759 -2.2151319980621333 0.61205834150314342 0.2392719313502312 0.3123775720596314 0.27437089383602148 1.5891783833503725 0.71112760901451122
decision_type=2 2 2 2 8 2 2 10 2 2 2 2 10 2 2 2 2 2 2 2 8 10 10 2 2 10 8 2 10 2
left_child=3 2 -2 -1 5 6 -4 -8 9 12 -11 -10 27 14 17 18 -17 -14 19 20 21 -7 -23 24 25 -9 -27 -3 29 -29
right_child=1 8 4 -5 -6 15 7 23 11 10 -12 -13 13 -15 -16 16 -18 -19 -20 -21 -22 22 -24 -25 -26 26 -28 28 -30 -31
leaf_value=-0.026080459688583215 -0.014220860591227602 0.0053588194273294729 0.0026200895343769905 -0.0039626568201273559 -0.020660580187686153 0.14608865464879076 -0.013090914276942223 -0.00059406253896376589 0.0054161192397185667 0.0045132566606535382 0.14875561978422311 0.021438559980065476 0.053844706390468497 0.0040748371010150561 -0.011068429585066373 -0.025298162477616366 0.034878144875952984 0.0031589663069090681 -0.0038149660220822275 -0.012220327178487325 0.010446390009607048 -0.010450678307657372 0.091495449482440955 0.034525022769593426 -0.014638292426391938 0.19463122463540042 0.033823369703882451 0.019256100133419784 0.048042698259827293 -0.0031644150232587758
leaf_weight=319.75599547033198 159.79883373656776 504.03894033678807 47.98114345734939 44.435756217688322 36.861444889451377 1.878778252052143 5.9138088561594477 1.031205771723765 137.40409696707502 4.1539491086732587 1.6765164909884331 132.7566382214427 7.1759759555570808 553.28209768235683 155.45513770845719 4.9798863814212408 20.206143299117684 19.25566401029937 365.82174423488323 12.102807594463227 16.28159119584598 3.3359224204905331 1.4518531705252824 23.595677536912262 0.86299751698970784 1.5318594074342398 1.3399984207935633 107.07840857561678 11.720162323210387 40.100683100987226
leaf_count=153522 23566 13716 6499 13277 8458 102 701 214 2084 472 97 596 276 10647 10543 516 117 1054 32570 966 855 170 145 2108 42 170 228 3608 232 1203
internal_value=-1.33958e-05 0.00357499 -0.00259155 -0.0234001 0.000836957 0.0024334 0.0171811 0.0369124 0.00617177 0.00478395 0.0616953 0.0133396 0.00450269 0.00140065 -0.00671176 -0.000447421 0.0224681 0.018381 -0.00193948 0.0171975 0.0325748 0.0782068 0.0309307 0.0474296 0.0942494 0.1164 0.147713 0.00793543 0.016024 0.0131672
internal_weight=2743.27 2379.07 704.976 364.192 545.177 508.315 82.2567 34.2755 1674.1 1403.94 5.83047 270.161 1398.11 735.169 181.887 426.059 25.186 26.4316 400.873 35.051 22.9481 6.66655 4.78778 28.3617 4.76606 3.90306 2.87186 662.938 158.899 147.179
internal_count=288754 121955 77427 166799 53861 45403 9962 3463 44528 41848 569 2680 41279 22520 11873 35441 633 1330 34808 2238 1272 417 315 2762 654 612 398 18759 5043 4811
is_linear=0
shrinkage=0.03


Tree=68
num_leaves=31
num_cat=0
split_feature=11 11 5 5 29 3 29 34 3 27 34 28 28 21 6 17 29 12 14 30 28 28 3 5 12 5 29 33 23 29
split_gain=240.185 38.6598 26.922 22.2887 17.3983 16.6388 19.0857 27.2119 21.9248 16.2169 34.1507 16.486 23.2933 16.7052 15.9514 17.6366 15.6747 17.9155 15.5438 15.3169 15.1747 18.1239 14.6657 14.4876 14.3657 13.7008 15.5946 26.9664 19.9864 17.2281
threshold=2.2315949201583867 9.6302804946899432 -4.9543566703796378 -3.9547616243362422 0.6174544394016267 1.4404339194297793 0.14888729155063632 0.94135093688964855 1.1343008279800417 0.6338709592819215 0.23776628822088244 0.15951094031333926 0.056951373815536506 0.60495689511299144 29.643007278442386 0.33183827996253973 -0.99273797869682301 13.676924228668215 -0.27827055752277369 1.5000000000000002 -0.99467751383781422 -0.99630266427993763 1.0890932083129885 23.231354713439945 0.18796136975288394 -7.1081395149230948 -0.94703993201255787 3.5597887039184575 -0.77832743525505055 -0.93543598055839527
decision_type=2 2 8 10 2 2 2 2 2 2 2 2 2 10 8 10 2 2 10 2 2 2 2 10 2 8 2 2 10 2
left_child=2 3 4 -2 -1 6 9 -8 -9 10 11 12 -3 -14 15 -7 17 -11 -19 20 21 -12 -20 -5 -4 -18 27 28 -27 -28
right_child=1 5 24 23 -6 14 7 8 -10 16 19 -13 13 -15 -16 -17 25 18 22 -21 -22 -23 -24 -25 -26 26 29 -29 -30 -31
leaf_value=-0.011704774958406359 0.0046511732632450349 0.011414428246073555 -0.027553467370177685 -0.0070493779340500325 0.050241148276986787 0.017451077221462285 0.00020109699819598152 0.099457356840628314 -0.010202111796935731 -0.011730562999000355 -0.016561360252245496 -0.026691277143688682 0.097127846399817128 -0.016499694747241205 0.022259150025590313 -0.0018064098691822289 0.015652483266098159 0.01608038558243462 -0.014435754376864745 -0.027609381429951115 -0.007998674529914809 0.12442917681577793 0.021475491565936755 0.02195957879134872 -0.01221362162035824 0.025998583246819255 -0.014249107445714103 0.03078840556115767 0.0020809456666157381 0.004113760921133673
leaf_weight=8.6696071887854469 257.87053996161558 48.449010934215039 285.91844088758808 495.50938756577671 6.2441842874977729 77.348013950977474 9.6864209808409232 5.6704766964539877 1.9460478285327552 96.432997406460345 1.1644988432526586 7.3912610968109211 4.1021372938994309 1.1714813793078063 95.427773885428905 93.967329162638634 133.37462353799492 60.415240038186312 41.599891068413854 47.331624802900478 56.884909904329106 0.74391123279929061 12.517345048487185 15.041306518018244 70.90906560793519 37.622375504113734 49.597277215216309 50.624818526208401 170.34328626841307 505.37070706952363
leaf_count=1022 16426 2633 147736 61208 418 814 906 258 108 2817 95 1206 206 121 567 1160 2135 339 226 5042 4591 50 56 78 22263 737 879 233 3223 12065
internal_value=-0.00050168 0.00300735 -0.0228928 -0.00252628 0.0157584 0.00564971 0.00428375 0.0347223 0.0735067 0.00386042 -0.00485068 0.0128826 0.0187155 0.07328 0.0124825 0.00693906 0.00512169 -0.00226468 0.00573787 -0.0150876 -0.00471384 0.0622836 -0.00589053 -0.00615349 -0.0245478 0.00676793 0.00529397 0.0113645 0.00651152 0.00245
internal_weight=2749.35 2377.6 371.741 768.421 14.9138 1609.18 1342.44 17.3029 7.61652 1325.14 167.239 61.1139 53.7226 5.27362 266.743 171.315 1157.9 210.965 114.532 106.125 58.7933 1.90841 54.1172 510.551 356.828 946.933 813.558 258.59 207.966 554.968
internal_count=289618 118179 171439 77712 1440 40467 37926 1272 366 36654 13944 4166 2960 327 2541 1974 22710 3438 621 9778 4736 145 282 61286 169999 19272 17137 4193 3960 12944
is_linear=0
shrinkage=0.03


Tree=69
num_leaves=31
num_cat=0
split_feature=1 8 3 29 24 11 25 12 3 29 18 29 18 11 15 3 14 18 25 13 29 31 29 1 25 12 12 29 5 30
split_gain=228.961 37.8349 30.7334 20.7437 24.1794 18.9873 17.3958 17.1325 23.8912 19.4087 16.2088 15.3048 31.5667 18.0064 14.6751 14.326 27.2781 14.276 16.1128 14.1651 13.6293 24.3138 13.3985 13.7834 13.2822 12.7974 18.9921 15.0036 12.5102 12.0404
threshold=0.68644055724143993 2.7160652875900273 -0.7895296812057494 0.63089349865913402 0.30044716596603399 0.068596407771110549 0.27081741392612463 22.299015045166019 -0.18945344537496564 0.011826144531369211 2.1415252685546879 0.33222858607769018 3.4512176513671879 1.1195213794708254 1.1207748055458071 1.0495780110359194 -1.1163170933723447 3.6226043701171879 0.22227527946233752 0.51055368781089794 -0.28519998490810389 247.52179718017581 -0.9852197766304015 35.575925827026374 0.36268940567970281 -2.7749723196029659 -5.7860214710235587 0.85561370849609386 -0.18779721856117246 1.0000000180025095e-35
decision_type=2 2 2 2 10 2 2 2 2 2 8 2 10 2 8 2 10 10 2 10 2 2 2 2 2 2 2 2 10 2
left_child=2 6 3 -1 -5 -6 10 8 9 24 -2 28 13 -13 -10 16 -9 -7 -19 20 -17 -22 -18 -24 -3 26 -11 -27 29 -8
right_child=1 7 -4 4 5 17 11 15 14 25 -12 12 -14 -15 -16 19 22 18 -20 -21 21 -23 23 -25 -26 27 -28 -29 -30 -31
leaf_value=-0.014899739100713945 0.002825347874323939 0.0085068309249159944 -0.028697637190945976 -0.016569113195059198 -0.013117269295731104 0.026979266332507464 -0.016966423875977531 0.03143259689987167 0.0028905954838855654 -0.0031152264843555505 -0.010800228667150807 -0.011217301882085884 -0.017015350928826219 0.15662228587090343 -0.0091498215232910345 0.015652974065472943 -0.014734807274275383 0.1588204444367308 0.0029313062849372763 0.025667990019905627 0.037044052395248134 -0.011319560430880414 -0.016837635489376637 0.012996064204182737 0.039772087419979271 -0.0029339895527150939 0.13608212445875545 0.09375697694549108 -0.0083228382406018587 0.011450679909675092
leaf_weight=93.42740285967011 107.91576259222347 247.13471714546904 241.36749159777537 7.7435272068250951 2.4980665550101531 3.5373744079843163 14.390990439569576 24.303796827793121 1028.3230373826809 1.2078030686825516 284.54071174177807 0.59018245246261258 2.6409569038078189 1.4053964924532918 98.978900298476219 130.43194660171866 49.030877731740475 1.674246445996687 0.81731291045434762 76.870626784861088 10.643640544265507 46.639508783817291 17.758598774671555 53.732320815324783 11.977881617145611 5.5533761221449804 1.8835527144838122 0.92547044646926213 62.88305412675254 108.75505245965905
leaf_count=29382 4471 11955 131679 2731 688 389 2284 121 37968 91 43650 118 472 94 4151 595 231 254 186 358 52 220 117 245 504 816 166 85 7301 7991
internal_value=-0.000138557 0.0031893 -0.0227248 -0.00944222 0.0209437 0.0531733 -0.0034501 0.00533447 0.00374692 0.0117687 -0.00705588 0.00396994 0.0526829 0.11981 0.00182626 0.0107253 0.00311072 0.078599 0.123169 0.0148658 0.0103297 -0.00185183 -0.00281218 0.00545523 0.0100995 0.0517323 0.0942285 0.0215673 0.00248064 0.00801991
internal_weight=2739.58 2388.52 351.065 109.698 16.2705 8.527 583.122 1805.4 1395.98 268.683 392.456 190.666 4.63654 1.99558 1127.3 409.411 144.826 6.02893 2.49156 264.586 187.715 57.2831 120.522 71.4909 259.113 9.5702 3.09136 6.47885 186.029 123.146
internal_count=289365 124056 165309 33630 4248 1517 66381 57675 55736 13617 48121 18260 684 212 42119 1939 714 829 440 1225 867 272 593 362 12459 1158 257 901 17576 10275
is_linear=0
shrinkage=0.03


Tree=70
num_leaves=31
num_cat=0
split_feature=11 27 8 0 5 33 27 28 11 18 19 29 18 18 15 13 13 28 0 1 11 13 28 25 29 24 23 1 1 28
split_gain=228.202 35.9935 31.263 23.4712 22.4851 19.5998 43.4852 56.0941 42.9469 36.0247 22.7053 21.1942 18.5586 15.3338 17.4383 13.5629 14.4073 12.7909 12.3774 15.0196 12.0684 15.5678 14.2423 23.8606 23.5722 15.4177 14.0736 17.4974 15.1539 12.9974
threshold=3.0101814270019536 0.11469534039497377 2.5737705230712895 6.5000000000000009 23.231354713439945 0.001941387774422765 0.15304660052061084 0.67802080512046825 0.36730514466762548 7.5030670166015634 -0.91109448671340931 0.56191161274909984 8.7836608886718768 3.7730560302734379 0.78847432136535656 -0.42522437870502466 -1.5399330258369444 -0.99763298034667958 3.5000000000000004 11.009984016418459 14.173423767089846 0.088820051401853575 -0.96689236164093006 0.12728943675756457 0.097680736333131804 0.33360362052917486 0.094028439372777953 2.1095696687698369 0.13658022135496142 -0.21861968189477918
decision_type=2 2 2 2 10 2 2 2 2 8 10 2 8 8 10 10 10 2 2 2 2 10 2 2 2 10 10 2 2 2
left_child=1 -1 12 17 15 -3 7 8 -7 10 -10 -8 18 14 -13 16 -5 -4 19 -2 22 -22 23 24 25 -20 27 28 -25 -24
right_child=2 5 3 4 -6 6 11 -9 9 -11 -12 13 -14 -15 -16 -17 -18 -19 20 -21 21 -23 29 26 -26 -27 -28 -29 -30 -31
leaf_value=-0.028131003306347852 -0.019816764714184424 -0.016787809494073536 -0.022915786314449321 -0.0013390913597923799 0.024969930641021189 -0.011889761853877936 -0.015982971426955293 -0.019892819009198485 0.015907540712067573 -0.007695906337885714 0.36139512247264372 0.021312436382285978 -0.022317884661338286 -0.0079908529802296801 0.11625694857419987 0.00489052827189803 0.016295927382252072 0.0030139592412570934 0.18615732345369546 0.0029943145974512591 0.02284802977818879 -0.0033456714809003613 -0.01000342038003843 -0.0090106402412590304 -0.015576959143053456 0.0061271733334835573 -0.013501377898506053 0.0065922434580018988 0.08645266244156985 0.0036323847320677413
leaf_weight=232.80016766977496 59.256986708845943 117.45283708360512 16.452188725816086 50.662703545531258 75.219372022897005 0.65285645297262762 34.891857556183822 1.9545040773227809 0.30530402855947614 0.34339984296821069 0.37947127991355922 6.9997874654363805 38.387673577060923 6.9077870933106178 1.6452739604283122 501.4520623004064 230.77709993440658 930.57966868788935 0.80294434120878511 45.257640930823982 46.92126011592336 35.189745447598398 142.04925400856882 1.8292913117911691 1.0625830898061392 0.65362664987333119 16.764917277731001 21.326517769601196 4.3898174879141152 111.57790966401808
leaf_count=131539 11411 39070 1093 1393 358 246 8681 883 54 112 71 732 9290 1479 155 13854 5984 30732 100 1919 1520 1204 13900 250 153 67 1825 1644 448 9446
internal_value=0.000314621 -0.0204619 0.00392633 0.00580026 0.00939144 -0.00995085 0.00493302 0.0928769 0.182507 0.250945 0.30823 -0.00308724 -0.00250998 0.0250613 0.0495618 0.00786473 0.0131279 0.0025398 -0.000906365 -0.0100042 0.00159869 0.0117172 -0.00119626 0.013829 0.0891221 0.14075 0.00767595 0.0205864 0.0610145 -0.00401393
internal_weight=2734.95 404.333 2330.61 1805.14 858.111 171.533 54.0802 3.63554 1.68103 1.02818 0.684775 50.4447 525.47 15.5528 8.64506 782.892 281.44 947.032 487.082 104.515 382.568 82.111 300.457 46.8297 2.51915 1.45657 44.3105 27.5456 6.21911 253.627
internal_count=289613 183022 106591 53414 21589 51483 12413 1366 483 237 125 11047 53177 2366 887 21231 7377 31825 43887 13330 30557 2724 27833 4487 320 167 4167 2342 698 23346
is_linear=0
shrinkage=0.03


Tree=71
num_leaves=31
num_cat=0
split_feature=4 31 5 25 5 4 5 17 34 8 8 19 8 17 16 17 34 19 23 33 8 29 16 23 30 11 15 15 22 19
split_gain=216.268 33.1587 26.9774 22.4311 22.3059 19.4413 17.4271 14.3413 14.1599 14.153 12.5339 12.1695 11.9535 11.7581 12.6551 11.5901 20.4329 16.8212 12.581 12.579 12.0445 21.1005 14.8495 13.3372 14.0885 13.8306 11.4824 14.8825 11.3065 12.5447
threshold=-1.7838273644447324 2479.698608398438 23.231354713439945 0.11385202407836915 -0.28387057781219477 11.840644836425783 -1.0367094278335569 -0.44185641407966608 2.5997183322906499 6.3466393947601327 0.87631186842918407 -0.27658943831920618 16.261897087097172 0.36257857084274298 -0.3015496283769607 0.97921258211135875 2.089918971061707 0.010095224715769293 -0.32027171552181238 1.5641899704933169 3.2943917512893681 0.7074720859527589 -0.10510608926415442 -0.0098691992461681349 1.5000000000000002 9.918581962585451 -1.354063034057617 -0.51509398221969593 0.71164315938949596 0.20760357379913333
decision_type=2 2 10 2 10 2 10 10 2 2 2 10 2 10 10 10 2 10 10 2 2 2 8 8 2 2 10 10 10 10
left_child=3 2 4 -1 15 7 -5 -6 13 -9 -8 -4 -3 14 -7 20 17 19 -19 26 23 -22 -23 25 -25 -2 -17 -28 29 -18
right_child=1 12 11 6 5 8 10 9 -10 -11 -12 -13 -14 -15 -16 16 28 18 -20 -21 21 22 -24 24 -26 -27 27 -29 -30 -31
leaf_value=-0.029005924669808371 -0.0034543440451795405 -0.021834452758425289 0.0076438036275854031 0.0022828152782992596 -0.015837158961824225 0.013258453984578903 -0.024982205114242751 -0.0054390502611322616 0.010886781570425563 0.013102107671094971 0.0040482372458619494 0.024630344448604905 0.011654326280946332 -0.0042045492732264425 0.00027045731014624526 -0.022303169949260286 0.047544479349156343 0.0043751635938724769 -0.025315032594538867 0.026480011364077894 0.0062513514123859913 0.1050287757238694 0.015844067211758649 0.0059138834449461181 -0.012793052257878962 0.014258347947748332 0.027338891980881373 -0.0010961827397735898 0.0060734732948177182 0.0087973187286842034
leaf_weight=198.22374932782259 75.467698082793504 61.690683669294231 80.966794464737177 44.551339820376597 95.653060504933819 98.090547849889845 81.353297402500175 217.07170734542888 146.39639506256208 43.658981107641011 15.677652092534116 72.73527099378407 10.673486290033905 262.51225134776905 212.04448929848149 10.293505657929925 26.610076645854861 32.197820473695174 20.109864775557071 40.009275880642235 537.46964237396605 2.3025560828391463 4.3114086242858312 54.106559179490432 105.80930835742038 81.918635942973197 26.774650897248648 40.86594991304446 15.723488770425318 11.060914754401891
leaf_count=115784 9379 10220 375 10756 13238 1869 35089 29811 1600 2915 4758 342 136 5815 4343 882 385 1330 776 1088 16344 202 300 4749 8426 3214 1826 3052 293 170
internal_value=-0.000133719 0.00305749 0.00368554 -0.0224894 0.00281752 -0.000244844 -0.0132265 -0.0059647 0.00259447 -0.00229616 -0.0202982 0.0157895 -0.0168034 0.000459266 0.00440775 0.0058502 0.0119242 0.00676393 -0.00730009 0.0130102 0.0042612 0.00696624 0.0566088 -0.000384497 -0.00646626 0.00579682 0.00584734 0.0103938 0.027951 0.0366893
internal_weight=2726.33 2386.53 2314.16 339.806 2160.46 1075.43 141.582 356.384 719.044 260.731 97.0309 153.702 72.3642 572.647 310.135 1085.03 223.646 170.251 52.3077 117.943 861.386 544.084 6.61396 317.302 159.916 157.386 77.9341 67.6406 53.3945 37.671
internal_count=289467 123080 112724 166387 112007 59591 50603 45964 13627 32726 39847 717 10356 12027 6212 52416 9802 8954 2106 6848 42614 16846 502 25768 13175 12593 5760 4878 848 555
is_linear=0
shrinkage=0.03


Tree=72
num_leaves=31
num_cat=0
split_feature=8 6 6 31 0 8 27 27 27 23 27 17 31 19 30 23 17 13 23 25 22 22 16 6 12 18 27 34 27 27
split_gain=212.182 42.382 36.4236 28.1316 19.8626 16.7119 19.7674 16.7 16.3424 13.7888 13.5421 13.398 29.4618 16.8476 16.2214 16.5286 15.1245 14.9894 15.0402 13.4272 13.2391 12.4886 12.3818 12.2574 12.0479 15.7651 14.3737 12.7887 17.6098 11.9581
threshold=0.77869495749473583 0.41415536403656011 23.045776367187504 2479.698608398438 1.5000000000000002 8.6207771301269549 0.11469534039497377 0.84695342183113109 0.74731183052062999 0.69896212220191967 0.051391525194048888 0.97921258211135875 771.62255859375011 0.22738012671470645 1.5000000000000002 -1.6986137032508848 -1.5340114235877989 0.078633397817611708 -0.46368254721164698 0.18643653392791751 0.7936081886291505 -0.51732665300369252 -0.91248723864555348 11.893356323242189 -1.5366601347923277 1.3274993896484377 0.29516129195690161 0.22209384292364123 0.14211469888687137 0.61200717091560375
decision_type=2 8 10 2 2 2 2 2 2 10 2 10 2 10 2 10 10 10 10 2 10 10 8 8 2 10 2 2 2 2
left_child=1 -1 3 4 8 6 -6 -7 -2 -10 -3 14 -13 17 15 19 29 18 -14 -8 24 -20 -12 -16 26 -26 27 -18 -29 -17
right_child=2 10 -4 -5 5 7 11 -9 9 -11 22 12 13 -15 23 16 20 -19 21 -21 -22 -23 -24 -25 25 -27 -28 28 -30 -31
leaf_value=-0.027067911625111681 -0.018379949024172983 -0.028792834136422883 0.015957568646218962 -0.016650934296704577 -0.019884000565827047 0.012421251130303443 0.065749976022687062 0.0019479283278853966 -0.00744994411056171 0.018073326064742247 0.026850070225682362 0.0027862288226417824 0.067702302894586466 -0.0061626401809037222 -0.0035330958026831027 -0.010794178278914931 0.023080608941567052 0.0035080182023692324 0.078270180869324107 -0.0081026514588559244 -0.0085823170834048949 0.020379083020349388 -0.006672629051093764 0.005735865540974815 0.05386081721042478 0.00048114609751122111 0.011578698164021182 -0.012714371569541456 0.14016621188211437 0.039139931868834923
leaf_weight=248.83953572704922 64.634747219854034 22.715619582915679 206.22587189963087 64.071920448448509 34.111281267600134 359.91479311045259 6.4168633318040502 221.56944428896531 51.940282188123092 28.769875488243997 9.6801315176999179 188.57854693126865 12.391709481831638 12.222663112450389 517.20832878723741 5.0766778436955091 6.666956046712583 13.117392821004612 3.0559421959333042 2.8726496202871203 61.125231838435866 29.546017009764917 141.00363981246483 169.73227784410119 4.1488650906831017 152.01043175079394 66.247665437171236 0.72225048416294191 1.4643629640340803 18.368545329431072
leaf_count=135533 6778 12497 1428 9518 10355 6896 98 2390 1789 546 1644 11580 287 271 34799 776 472 270 69 187 3866 600 26659 5478 108 8810 4933 91 161 642
internal_value=0.000370463 -0.0191529 0.00395792 0.00277022 0.00339051 0.0042146 0.00232663 0.00844068 -0.00726178 0.0017579 -0.00770424 0.0029379 0.00901402 0.0254388 0.0013761 0.00688597 0.00564773 0.0320775 0.0401492 0.0443442 0.00373871 0.0279733 -0.00435627 -0.00123787 0.00701826 0.00223304 0.0168082 0.0507919 0.101526 0.0283283
internal_weight=2724.45 422.239 2302.21 2095.99 2031.91 1886.57 1305.08 581.484 145.345 80.7102 173.399 1270.97 258.912 70.3337 1012.06 325.12 315.831 58.1111 44.9937 9.28951 292.386 32.602 150.684 686.941 231.261 156.159 75.1012 8.85357 2.18661 23.4452
internal_count=289531 176333 113198 111770 102252 93139 83853 9286 9113 2335 40800 73498 13077 1497 60421 20144 19859 1226 956 285 18441 669 28303 40277 14575 8918 5657 724 252 1418
is_linear=0
shrinkage=0.03


Tree=73
num_leaves=31
num_cat=0
split_feature=6 8 18 6 0 0 1 1 28 6 31 11 30 12 18 28 33 5 18 29 1 5 31 18 24 12 12 0 20 29
split_gain=195.82 36.5245 34.2031 23.6928 23.9754 17.9782 17.3805 15.6978 17.667 17.7756 15.4341 15.0197 14.4731 17.5985 18.0836 22.8365 16.5842 16.0397 16.903 17.9915 30.8042 15.2707 14.7465 14.2625 14.8376 13.4309 25.8382 13.2561 13.3139 14.4339
threshold=0.19833779335021975 3.1230120658874516 7.7660980224609384 23.045776367187504 1.5000000000000002 3.5000000000000004 7.0997116565704355 11.601421356201174 0.40614137053489691 2.1524399518966679 2479.698608398438 6.8890240192413339 1.5000000000000002 -1.3810988068580625 5.4741668701171884 -0.97876849770545948 2.4454438686370854 -5.7147586345672599 3.6601562500000004 0.31595529615879064 3.1691458225250249 -3.6211539506912227 260.51104736328131 1.8009033203125002 0.43807329237461096 -0.77247095108032215 0.78271701931953441 3.5000000000000004 0.71885919570922863 -0.99273797869682301
decision_type=8 2 8 8 2 2 2 2 2 10 2 2 2 2 10 2 2 10 8 2 2 10 2 10 10 2 2 2 10 2
left_child=11 2 5 4 -3 7 25 -2 -9 -10 12 -1 13 14 -7 21 -15 -14 19 -19 -21 -16 -22 27 -25 -5 -27 28 29 -6
right_child=1 3 -4 6 23 10 -8 8 9 -11 -12 -13 17 16 15 -17 -18 18 -20 20 22 -23 -24 24 -26 26 -28 -29 -30 -31
leaf_value=-0.027293616828833099 -0.019446595591958205 -0.010779193256202045 -0.020466313047892627 0.019870760857136335 -0.009771625802628971 0.011514478591464362 0.0092673256467833594 -0.0041033723372225417 0.10468826110154551 -0.00094391075958216275 -0.024187408267189733 -0.0074444177061985719 0.0071566577804233859 -0.008298124009876319 0.018597891575884366 0.027619305999853658 0.01809052021438938 -0.0028806765968337183 -0.018707975959082697 -0.0082236193937651747 0.0010876048584555376 0.15568638865518786 0.14121680243677515 0.0068668380764217978 -0.00073594764982789259 0.11407961127234849 0.0035158251519138758 0.0062326864771747878 0.077839398949985913 0.026038505267028143
leaf_weight=234.75025116594043 76.424298805184662 107.88016907777637 90.930848504300229 21.461264194687832 12.303730432409791 47.843309556832537 368.80318129365332 49.837360033299774 1.8441273388452817 2.8556274753063917 18.981407904764637 41.225415268214419 134.11062497110106 56.870838745497167 1.4494467932963746 15.739642802625893 33.050677649211138 127.00584258476738 64.590957906213589 4.4746398301795116 0.91198087786324356 1.5794570181751648 1.7958518972154704 383.20261747844052 579.04379913967568 3.5387349945958695 3.3878095287363976 175.64983506663702 2.7670752243138841 46.498702905839309
leaf_count=130672 16644 4306 31555 833 136 4649 4243 1972 64 148 5014 4298 10046 9009 120 1635 359 7233 12756 1416 82 150 175 15493 21647 250 307 2960 43 975
internal_value=-0.000463789 0.00225431 -0.00335604 0.00465858 0.00270476 -0.000894447 0.0110666 -0.0107618 0.00153956 0.0516 0.00166344 -0.0243661 0.00271329 0.0102052 0.0217696 0.0460063 0.00149332 -0.000829608 -0.00622656 -0.000124745 0.043004 0.110983 0.107044 0.00392548 0.00229575 0.033331 0.0672681 0.0104988 0.0223755 0.0185075
internal_weight=2710.81 2434.83 730.297 1704.54 1307.35 639.366 397.191 130.961 54.5371 4.69975 508.405 275.976 489.423 156.533 66.6119 18.7685 89.9215 332.89 198.779 134.188 7.18247 3.0289 2.70783 1199.47 962.246 28.3878 6.92654 237.219 61.5695 58.8024
internal_count=289190 154220 103027 51193 45560 71472 5633 18828 2184 212 52644 134970 47630 15922 6554 1905 9368 31708 21662 8906 1673 270 257 41254 37140 1390 557 4114 1154 1111
is_linear=0
shrinkage=0.03


Tree=74
num_leaves=31
num_cat=0
split_feature=1 11 3 27 6 29 29 0 21 12 31 29 3 1 31 30 0 3 22 2 17 29 15 11 3 30 31 29 29 29
split_gain=196.768 32.901 31.512 24.7129 23.2396 18.5696 23.3789 17.382 17.1414 17.1345 21.9722 18.8612 19.9813 19.5848 17.074 15.4008 14.6355 22.6885 20.8477 20.1467 20.6532 17.5462 18.1239 16.7066 14.8864 14.2757 30.8185 20.8817 20.8734 29.1917
threshold=0.68644055724143993 10.072489261627199 -0.7895296812057494 0.14211469888687137 23.045776367187504 0.63089349865913402 0.65720760822296154 4.5000000000000009 0.42578095197677618 19.064690589904789 69.397317886352553 0.34840355813503271 1.1343008279800417 3.8288487195968632 2479.698608398438 2.5000000000000004 5.5000000000000009 -0.25294324755668635 -0.65065595507621754 2.5689179897308354 1.3608183860778811 -0.013976481743156908 0.91429477930068981 1.1195213794708254 -1.222753047943115 1.5000000000000002 771.62255859375011 -0.99465739727020253 -0.99983122944831837 -0.99273797869682301
decision_type=2 2 2 2 10 2 2 2 8 2 2 2 2 2 2 2 2 2 10 2 10 2 10 2 2 2 2 2 2 2
left_child=2 4 3 7 14 -5 -7 -1 15 10 -3 25 13 -13 16 -9 19 18 -18 -2 -21 22 24 -23 -20 27 -27 -12 -28 -30
right_child=1 9 -4 5 -6 6 -8 8 -10 -11 11 12 -14 -15 -16 -17 17 -19 21 20 -22 23 -24 -25 -26 26 28 -29 29 -31
leaf_value=-0.019042216522299767 -0.012062322539926252 0.01700809032628596 -0.02878417259388449 -0.01739532962025615 0.024584333569690746 0.1038238600406076 0.0024122656960836584 0.14777533022588438 -0.014477918906661598 0.010544017336532133 -0.012106524574822537 -0.015244104770290673 0.012401784082132092 0.12144629791829914 -0.020444681951290081 -0.010523062756722571 -0.0093040530829744377 -0.0029578774499200984 0.035702590691349588 -0.0008654127795558697 0.039943157300615366 -0.0069459754251311135 0.041979584094163962 0.074913545067547396 0.0029262281452409385 -0.0066065435482307007 0.056933787239442868 0.009987046624371396 -0.021557328129377763 0.00867169376831807
leaf_weight=1.726932123186997 207.73881556699052 98.649226543260738 211.86901448958088 83.689038332202472 28.222328067757189 1.4318587841698889 13.216259291744789 1.6986497145844626 0.92774597951211069 450.69427629560232 43.93071863334626 1.0081480497028672 11.753553200513123 2.5443646917119622 44.794680909486488 0.53723776328843076 33.89479129051324 289.62127923336811 13.824227276025338 118.15874289022759 11.321632237173615 2.8624416360398737 15.904354027938096 7.2583274513017386 80.020412844838575 366.61391872633249 6.2147180512547484 272.87642813683487 31.542356039397418 247.96493648085743
leaf_count=814 34647 2855 131670 27966 379 194 3500 642 398 2115 1634 127 361 111 9523 167 3383 23972 988 4933 416 678 1426 926 6847 15938 70 8418 463 3805
internal_value=6.37202e-05 0.0030075 -0.0221796 -0.00847792 -0.00171204 -0.0119433 0.0183267 0.051401 0.0851919 0.00563353 0.00358236 0.00222111 0.0342207 0.0878279 -0.00263983 0.118242 -0.00159326 0.00198821 0.0112633 -0.00629424 0.00298162 0.0171078 0.0133273 0.0532186 0.00808003 0.00168098 -0.000857866 0.00689494 0.00651566 0.00519566
internal_weight=2702.51 2387.41 315.097 103.228 853.622 98.3372 14.6481 4.89057 3.16363 1533.79 1083.1 984.449 15.3061 3.55251 825.4 2.23589 780.605 443.386 153.765 337.219 129.48 119.87 109.749 10.1208 93.8446 969.143 652.336 316.807 285.722 279.507
internal_count=289366 124015 165351 33681 88118 31660 3694 2021 1207 35897 33782 30927 599 238 87739 809 78216 38220 14248 39996 5349 10865 9261 1604 7835 30328 20276 10052 4338 4268
is_linear=0
shrinkage=0.03


Tree=75
num_leaves=31
num_cat=0
split_feature=11 0 2 3 3 27 34 18 33 22 12 30 28 33 21 3 28 17 28 25 19 12 17 28 22 11 19 30 22 5
split_gain=194.758 27.8221 24.512 27.8165 22.0196 27.7192 20.9291 18.0464 16.5846 14.5098 13.8563 12.6615 29.2856 22.9728 26.7012 22.2727 22.6164 21.4897 19.9853 21.6717 18.9702 17.5635 17.4703 16.0477 19.6592 17.1275 15.9088 15.2377 15.0256 15.0015
threshold=1.9137818217277529 2.5000000000000004 3.8847197294235234 1.1343008279800417 -1.4266642928123472 0.28494623303413397 0.79972323775291454 8.6472167968750018 0.59190997481346141 -0.14566329866647718 16.804019927978519 1.5000000000000002 -0.97113886475563038 1.3300866484642031 -1.4113501906394956 0.6875816583633424 -0.99630266427993763 -0.31597687304019922 -0.78326541185379017 0.36268940567970281 0.029763336293399337 -1.5887513756752012 0.3123775720596314 0.022575936280190948 0.44523902237415319 9.0760340690612811 -0.25525334477424616 1.0000000180025095e-35 0.44523902237415319 5.0672674179077157
decision_type=2 2 2 2 2 2 2 8 2 10 2 2 2 2 10 2 2 10 2 2 10 2 8 2 10 2 8 2 10 10
left_child=4 6 7 -4 5 -1 -2 11 -6 -8 -9 12 15 17 -15 16 -3 18 -14 27 23 -22 -18 24 25 -16 -24 29 -28 -20
right_child=1 2 3 -5 8 -7 9 10 -10 -11 -12 -13 13 14 20 -17 22 -19 19 -21 21 -23 26 -25 -26 -27 28 -29 -30 -31
leaf_value=0.069438468080655125 -0.01586369853681726 -0.0062509833006355936 -0.0023383681568268028 0.026920180286719615 -0.026669555919988951 -0.011040463265988973 -0.0086513768295475371 -0.015422333461892096 0.0009498468655074995 0.005988060401566745 0.018274987620709063 0.0021837758589137325 -0.017951642901963279 0.043180127486486516 -0.020480229502443149 0.0075580221622830951 0.07991357187845384 -0.0035698790774682547 -0.016074728464136295 0.07471758503577168 0.024595754125896395 -0.012033829262840638 -0.0020240652323549177 0.035893130406403184 -0.0069758860619404811 0.026530027965757201 0.085680316251597055 0.026346199549406906 -0.0093164211266916798 0.026123813875578449
leaf_weight=3.9978823043638867 106.95092990249395 6.431438833475112 44.321165576577187 84.120885953307152 264.19097864441574 15.960311817470936 102.72730118548498 70.001774003496394 21.052547598839737 146.69396090914961 12.121166394092141 1196.0410095963161 14.762475507799534 22.669780675321817 7.2640965094324192 29.783722656546161 12.724745655548757 271.39667002810165 20.594161528744738 4.9242569650523356 14.247709150891749 51.025377603014931 7.4180695166578516 27.658307137200609 36.911113674985245 52.824586736038327 4.3771304839756358 40.830419062986039 1.8258598865941165 10.686687372857703
leaf_count=768 15920 768 182 406 155240 5402 3906 14597 4853 4941 69 51741 2017 249 329 1429 708 17791 2039 433 308 811 663 332 549 519 235 1859 101 288
internal_value=2.54305e-05 0.00289745 0.00424549 0.0168839 -0.0225073 0.00762449 -0.00482826 0.00339012 -0.0246349 -5.18471e-05 -0.0102887 0.00400777 0.00741649 0.00527298 0.0130801 0.0267515 0.043452 0.000679619 0.0131462 0.0192592 0.00928007 -0.0037879 0.0553702 0.0160984 0.0101455 0.0206048 0.0285443 0.0145019 0.0603065 -0.00129549
internal_weight=2706.54 2401.33 2044.96 128.442 305.202 19.9582 356.372 1916.52 285.244 249.421 82.1229 1834.4 638.357 575.796 212.601 62.561 32.7772 363.195 91.798 77.0355 189.931 65.2731 26.3458 124.658 96.9998 60.0887 13.6211 72.1113 6.20299 31.2808
internal_count=289453 123190 98423 588 166263 6170 24767 97835 160093 8847 14666 83169 31428 27524 3097 3904 2475 24427 6636 4619 2848 1119 1707 1729 1397 848 999 4186 336 2327
is_linear=0
shrinkage=0.03


Tree=76
num_leaves=31
num_cat=0
split_feature=6 27 0 29 28 28 1 21 1 28 28 20 27 33 20 18 28 29 27 28 12 12 18 27 1 27 17 27 33 13
split_gain=177.341 29.9307 24.3242 30.488 35.2045 45.1359 37.4142 25.7873 21.9234 17.254 57.2738 63.7973 26.8288 51.2739 36.602 52.2249 24.576 64.6237 20.8611 20.4036 27.4731 25.1223 38.4692 16.3603 15.9829 15.3973 14.8395 16.5858 24.2966 28.5341
threshold=0.19833779335021975 0.051391525194048888 1.5000000000000002 0.48877522349357611 0.86548283696174633 -0.27694603800773615 19.248417854309086 0.50604707002639782 24.737689018249515 0.71503382921218883 0.67802080512046825 1.046340346336365 0.1474910452961922 0.001941387774422765 0.36750175058841711 5.4349060058593759 -0.99054482579231251 -0.12545862048864362 0.68297490477561962 0.99818283319473278 10.127922534942629 -0.77247095108032215 6.2446899414062509 0.28494623303413397 23.817772865295414 0.32240143418312078 -0.31597687304019922 0.23494623601436618 2.6326233148574834 -0.31009712815284723
decision_type=8 2 2 2 2 2 2 8 2 2 2 10 2 2 8 10 2 2 2 2 2 2 10 2 2 2 10 2 2 10
left_child=25 8 24 9 5 26 7 -6 -2 10 12 18 13 16 15 -15 17 -4 -12 20 -11 22 -21 -23 -3 -1 -5 -28 29 -29
right_child=1 2 3 4 6 -7 -8 -9 -10 19 11 -13 -14 14 -16 -17 -18 -19 -20 21 -22 23 -24 -25 -26 -27 27 28 -30 -31
leaf_value=-0.027771423971567771 -0.029323098544827099 -0.018866427705892551 0.1842686770886646 0.008335756113307646 0.23686080412547633 -0.013720023667678863 -0.019602506145796093 -0.0086664289484335386 0.038850039832490676 -0.023508484753214185 -0.00966002185380406 0.21545875930163086 0.0029107449555632338 -0.013039753173217284 0.0067238364023291452 0.25895461839046641 -0.021237261438937529 -0.017167223561372784 0.059044106318504548 0.18065678961282958 0.004274882328966687 0.042870731320805953 -0.017118498693483666 -0.015017918173309348 -0.00067336323632749529 -0.010600421932931181 0.0094685994642913791 0.01153494235311917 0.013754922908369707 0.09029209601072119
leaf_weight=195.76490131497849 38.379521236871369 69.065094619640149 1.2325842505088074 19.609385597170331 0.79761966620571834 29.467170176678337 0.94512892421334971 0.40290059230756026 3.8901864225044838 71.259641584707424 5.8874366966774714 1.0726386024616648 1926.4589509329526 0.75347970542497877 1.6356763453222813 1.2799544429872183 8.5330462768906727 3.5900039083790043 9.8475798824802023 0.99044740106910767 57.06126935663633 5.8762400469277081 1.3113828900968654 11.252493114094248 114.65474426746368 64.037725755129941 12.34059106511995 6.0086617078632125 11.233314533717929 15.10491954931058
leaf_count=122941 19233 11476 68 2105 166 5997 16 112 25 16587 717 73 85919 99 230 163 2727 806 220 79 971 687 341 540 1041 12121 1965 571 236 1046
internal_value=-8.65752e-05 0.00243565 0.00288263 0.00375764 0.0202132 0.0167085 0.119371 0.187968 -0.0222961 0.00299973 0.00374563 0.057308 0.00325317 0.0396901 0.125348 0.187095 0.00906556 0.057122 0.0342965 -0.0068551 -0.0112164 0.0210862 0.0969221 0.00611088 -0.00757772 -0.0235959 0.0306503 0.0400455 0.051077 0.069414
internal_weight=2689.74 2429.94 2387.67 2203.95 95.9097 93.764 2.14565 1.20052 42.2697 2108.04 1960.29 16.8077 1943.48 17.0247 3.66911 2.03343 13.3556 4.82259 15.735 147.751 128.321 19.4306 2.30183 17.1287 183.72 259.803 64.2969 44.6875 32.3469 21.1136
internal_count=289278 154216 134958 122441 12214 11920 294 278 19258 110227 91022 1010 90012 4093 492 262 3601 874 937 19205 17558 1647 420 1227 12517 135062 5923 3818 1853 1617
is_linear=0
shrinkage=0.03


Tree=77
num_leaves=31
num_cat=0
split_feature=1 1 5 27 29 29 28 31 17 31 31 29 28 27 29 32 28 27 14 28 23 20 28 29 29 27 28 29 6 18
split_gain=176.465 28.6938 28.447 23.9613 23.7026 19.6786 14.6793 14.6591 14.5458 14.7894 14.5989 14.475 25.4373 20.4647 26.5172 19.5559 15.5494 15.1429 19.2194 14.7543 17.2453 14.0631 12.4262 20.7186 11.1053 23.1259 17.5819 36.7055 11.0358 11.1609
threshold=0.51418277621269237 16.010708808898929 -2.9096962213516231 0.12025089561939241 0.6174544394016267 0.65720760822296154 0.99818283319473278 2479.698608398438 -0.41714985668659205 710.89306640625011 524.19323730468761 -0.97874867916107167 -0.13398594409227368 0.25143370032310491 -0.99864786863327015 1.0000000180025095e-35 0.10837544873356821 0.83602148294448864 -0.098348770290613161 0.12545942142605784 -0.31039009988307947 0.90751948952674877 0.99818283319473278 0.029024410061538223 0.48877522349357611 0.084187224507331862 -0.49813632667064661 0.88117334246635448 23.045776367187504 2.6401519775390629
decision_type=2 2 10 2 2 2 2 2 10 2 2 2 2 2 2 2 2 2 10 2 10 8 2 2 2 2 2 2 10 8
left_child=3 2 6 -1 -5 -6 28 8 -4 10 11 12 15 14 -14 17 -15 18 -10 20 -18 -21 -11 -24 -13 -26 -27 -28 -2 -30
right_child=1 -3 7 4 5 -7 -8 -9 9 22 -12 24 13 16 -16 -17 19 -19 -20 21 -22 -23 23 -25 25 26 27 -29 29 -31
leaf_value=-0.029064398639953755 0.0029790401481694763 0.0053945425861140778 -0.012411004269351485 -0.016979615114548624 0.093941232450655526 0.0069606360166503669 0.059284518927199166 -0.026086959210302803 0.12495806098432889 0.005689278507564551 -0.028792056394876461 -0.0083401333502342145 0.16082618183856376 -0.017563965447181844 -0.016213728306474121 -0.0041972361725956461 0.13034838651094821 -0.0053416933795122886 -0.01405648473062099 -0.0094840714130562716 -0.014233429438685809 0.088931068610524786 -0.0080617107567095402 0.13285080227500118 -0.026462298745839465 0.012227751429134574 0.15604420044768799 -0.0097703929999613647 0.060154591557612873 0.0074970689034904951
leaf_weight=182.23962922161445 446.1782414537156 1348.4615181866102 150.03751198889222 81.107716668397188 1.8709770333953191 13.760087256319819 3.3472318169660857 28.615015334333293 3.9599320997949685 114.90200586814899 20.653727887198329 215.14249267778359 0.57110907288733859 26.736288660555147 1.1607172925723706 3.5386704958509654 1.0461902811657635 1.3654868956655262 0.86257552448659991 8.742576966644263 0.88554271566681464 0.51130898366682132 1.7009094995446497 0.83984232647344459 7.2521017978433546 9.5562239842256513 1.7285269502317526 1.9492432469269259 5.1592803625389907 9.6214164025150239
leaf_count=125007 28639 19256 21430 30038 288 3800 315 8472 206 7262 4147 30688 101 2797 255 304 77 67 115 1003 115 54 161 73 2624 1160 225 447 104 299
internal_value=-0.00012504 0.0024883 -0.00118942 -0.0226713 -0.0104535 0.0223944 0.00438426 -0.00549011 -0.00441814 -0.00156121 -0.00503539 -0.00321916 0.0113989 0.000304175 0.0796691 0.052385 -0.00527406 0.0808246 0.10195 0.0231324 0.0818219 0.0040963 0.00744705 0.0628823 -0.00631789 0.0143193 0.0369562 0.08486 0.00385814 0.0285246
internal_weight=2693.5 2414.53 1066.06 278.978 96.7388 15.6311 464.306 601.758 573.143 423.105 305.663 285.009 49.3804 39.6537 1.73183 9.72667 37.9219 6.18799 4.82251 11.1856 1.93173 9.25389 117.443 2.54075 235.629 20.4861 13.234 3.67777 460.959 14.7807
internal_count=289529 130396 111140 159133 34126 4088 29357 81783 73311 51881 44385 40238 5094 4402 356 692 4046 388 321 1249 192 1057 7496 234 35144 4456 1832 672 29042 403
is_linear=0
shrinkage=0.03


Tree=78
num_leaves=31
num_cat=0
split_feature=11 8 18 6 29 27 27 29 0 2 20 22 14 22 18 11 12 6 6 27 20 27 23 27 18 23 8 22 14 27
split_gain=172.351 26.7794 24.7066 22.8292 20.421 14.7786 43.5685 22.4132 17.4994 18.6219 16.3429 16.1006 15.9062 14.7898 14.0514 13.9519 13.757 12.9817 12.4603 12.4245 12.3877 16.9075 16.3965 16.2835 11.9247 11.7175 11.6659 11.3484 11.2302 21.7703
threshold=1.794275224208832 3.1230120658874516 8.7836608886718768 1.3334123492240908 0.47369650006294256 0.85250896215438854 0.86881721019744884 -0.59867820143699635 6.5000000000000009 2.3728451728820805 1.5783036947250368 0.12538927048444751 0.51500275731086742 -0.12770894914865491 3.9555664062500004 4.425713539123536 6.7700641155242929 29.643007278442386 5.6692204475402841 0.79032260179519664 0.70718082785606395 0.94551971554756176 -0.83301424980163563 0.96774193644523632 1.8009033203125002 1.0722844004631045 4.9181418418884286 0.051620386540889747 -1.0788682103157041 0.95627239346504223
decision_type=2 2 8 10 2 2 2 2 2 2 10 10 8 10 8 2 2 10 10 2 10 2 10 2 10 10 2 10 10 2
left_child=3 2 5 -1 -5 8 12 -8 9 18 15 13 -7 -12 -6 24 -9 20 -2 -11 21 -3 23 -23 27 -20 -22 -10 29 -24
right_child=1 17 -4 4 14 6 7 16 10 19 11 -13 -14 -15 -16 -17 -18 -19 25 -21 26 22 28 -25 -26 -27 -28 -29 -30 -31
leaf_value=-0.025064667167390715 -0.018880386777364727 0.001571425643242391 -0.022325553243146012 -0.018995540479061778 0.055680680763692453 0.05012245090911089 -0.0024693539817296421 0.065343122234880674 -0.012400206273421321 0.010175571271492158 0.023676007514277314 -0.016587434308234294 -0.002530935078313804 0.11151932077969311 0.00047258106495280764 -0.0028730830849607674 -0.021112419308373553 0.015058948760921216 -0.0033463908628881774 -0.0183068210410623 0.018462686143913949 -0.0027362450477488114 0.060371838679369731 0.054598809862051123 0.011945858691194144 0.058062757756331157 0.0060804063110182719 0.11246362644342962 0.0034424822974165425 0.0040496440560609205
leaf_weight=245.22444889310282 127.88997429748997 1102.6612961918581 49.060812722193077 20.458021759404801 6.511007284629156 23.567231360124424 150.48118603322655 6.1355415242724112 0.68928647157736023 53.768654195358977 5.5565949166193604 3.1876391100231558 6.4198576153721687 2.1247553977882472 9.3085444991011173 188.00241252291016 1.6274492209777234 106.55409078858793 15.498475086642431 17.439532006159425 88.996012200135738 6.2893689284101155 9.0460165673866886 13.578279361128805 35.229202222661115 2.3877320522442451 294.85926915705204 1.1000336031429467 95.787360969465226 16.446013633161783
leaf_count=155758 27285 35105 15180 5270 736 317 4500 337 80 3308 429 298 91 87 2204 14543 38 633 1265 1113 4813 74 70 141 6916 183 7172 87 1246 191
internal_value=0.000385475 0.00296839 -0.00202751 -0.0217912 0.000415341 -0.000441844 0.00660206 0.000230627 -0.00337765 -0.0095065 0.00227634 0.0365863 0.0391321 0.0580215 0.0251546 0.000464555 0.0468775 0.00495663 -0.0156156 0.00304305 0.00428645 0.00282828 0.0125669 0.0371873 0.0170448 0.00749175 0.00899172 0.0771621 0.00826252 0.0255604
internal_weight=2705.89 2424.38 690.166 281.502 36.2776 641.106 188.231 158.244 452.874 216.984 235.89 10.869 29.9871 7.68135 15.8196 225.021 7.76299 1734.22 145.776 71.2082 1627.66 1243.81 141.147 19.8676 37.0185 17.8862 383.855 1.78932 121.279 25.492
internal_count=289470 125502 76057 163968 8210 60877 5283 4875 55594 33154 22440 814 408 516 2940 21626 375 49445 28733 4421 48812 36827 1722 215 7083 1448 11985 167 1507 261
is_linear=0
shrinkage=0.03


Tree=79
num_leaves=31
num_cat=0
split_feature=2 3 12 0 2 3 3 15 5 27 31 15 15 0 22 3 13 27 19 19 8 5 23 27 19 3 21 25 27 34
split_gain=169.164 27.363 26.9408 28.3128 27.8557 25.069 20.2678 19.9469 18.8211 15.3604 14.1526 13.9362 13.6208 13.3172 13.2617 12.7952 13.7604 12.0289 11.936 14.9595 11.5238 16.7343 11.3807 16.9179 23.0111 19.0807 21.1059 30.5971 16.7482 13.9771
threshold=0.52262011170387279 -0.7895296812057494 19.064690589904789 3.5000000000000004 2.5339176654815678 1.0890932083129885 0.62124809622764599 -0.070484511554241167 2.2236543893814091 0.90179210901260387 2479.698608398438 -1.8199686408042905 -0.91393303871154774 2.5000000000000004 0.56949689984321605 0.060972640290856368 1.4494718909263613 0.14211469888687137 -0.2450110390782356 -0.99609625339508046 4.7308192253112802 0.088349819183349623 -0.052794978022575371 0.39784945547580725 -0.12093539908528327 -0.25934340059757227 -0.21169604361057279 0.30026407539844518 0.8306451439857484 0.20330655574798587
decision_type=2 2 2 2 2 2 2 10 10 2 2 10 10 2 10 2 10 2 10 10 2 8 10 2 8 2 10 2 2 2
left_child=1 17 3 4 -2 12 8 9 18 14 11 -5 -4 -9 -7 22 -17 -1 19 -6 -19 -22 23 24 25 26 27 29 -25 -13
right_child=2 -3 5 10 6 7 -8 13 -10 -11 -12 15 -14 -15 -16 16 -18 20 -20 -21 21 -23 -24 28 -26 -27 -28 -29 -30 -31
leaf_value=0.033620190242164741 -0.016510601053945348 -0.028924390592227543 0.014018827699082444 -0.015682789757922512 0.0021033118968652475 -0.0027331127021547343 -0.0095455295968971451 0.0018445356965035486 -0.0053158630113993247 0.039010099200423039 -0.015707574685898767 0.049383772946700474 -0.0023755670198362345 0.025031451006191592 0.017746399496700753 0.0018643011760310492 -0.016429232047101065 -0.01410245027241031 0.0026498597181318414 0.038786584386382938 -0.0089321757960962225 0.097308987157192217 0.0026380149421037064 0.0011536139571141969 0.0032874645005815783 0.01181060593627664 0.018268008665378463 0.0039408052778320633 0.016410210925700889 0.20652229671890501
leaf_weight=4.6509215837577349 153.88549386919476 185.99103933258448 57.281309947371483 34.115113337174989 14.877784430980681 100.36974639166147 112.7954403127078 26.987698312848806 56.649312797002494 10.599839076399801 36.472080418723635 1.6272744699381285 208.87768130470067 131.87665388733149 38.607366429641843 732.16068943671416 37.976681109750643 87.583486069925129 30.125527182593942 30.318221839610487 3.2100119069218627 1.1175655103288589 287.26513947162312 131.130169448792 12.387299806112425 5.4092510455520815 3.3211828862549728 1.595107299974188 127.2568733850494 1.7871885605854911
leaf_count=1978 27470 131513 326 2437 412 508 4262 138 1912 47 7164 225 1163 653 195 36596 2244 30976 1162 826 462 147 18602 9471 2423 835 488 200 3594 265
internal_value=-0.000309152 -0.022216 0.00229357 0.000496461 -0.00655407 0.00794739 -0.000252649 0.013754 0.00770203 0.00583319 0.00248956 0.00298294 0.00119201 0.0211287 0.00304216 0.0034688 0.000942083 -0.00913066 0.0174342 0.027018 -0.0116325 0.0316192 0.00686448 0.0111076 0.0337017 0.0590383 0.0851515 0.119075 0.00870186 0.159784
internal_weight=2668.31 282.553 2385.76 1811.16 398.652 574.6 244.766 308.441 131.971 149.577 1412.5 1376.03 266.159 158.864 138.977 1341.92 770.137 96.562 75.3215 45.196 91.9111 4.32758 571.779 284.514 26.1273 13.74 8.33075 5.00957 258.387 3.41446
internal_count=288694 165076 123618 120588 36044 3030 8574 1541 4312 750 84544 77380 1489 791 703 74943 38840 33563 2400 1238 31585 609 36103 17501 4436 2013 1178 690 13065 490
is_linear=0
shrinkage=0.03


Tree=80
num_leaves=31
num_cat=0
split_feature=6 8 18 8 0 8 3 27 0 28 27 27 29 18 28 31 27 34 31 28 19 2 29 24 28 28 2 27 15 28
split_gain=157.731 29.6175 25.8232 22.4955 21.2447 22.2267 15.727 17.6034 14.9698 16.7892 14.6282 21.8019 53.1325 29.6094 16.4552 16.277 15.3617 14.2358 19.2088 29.8038 15.7964 13.4689 13.4391 12.6942 11.3493 22.0653 10.8321 18.1119 16.4253 15.9406
threshold=0.21165055036544803 2.5737705230712895 8.7212371826171893 0.70417299866676342 1.5000000000000002 18.712434768676761 -0.18945344537496564 0.27867384254932409 4.5000000000000009 -0.11692013591527937 0.11469534039497377 0.1474910452961922 -0.73865258693695057 6.6559600830078134 -0.99467751383781422 96.344528198242202 0.14211469888687137 0.72931909561157238 321.83653259277349 -0.8337765336036681 -0.98287934064865101 2.356564044952393 -0.98801845312118519 0.34599561989307409 0.091259401291608824 0.12545942142605784 2.9391911029815678 0.1474910452961922 0.06661445647478105 -0.96689236164093006
decision_type=8 2 8 2 2 2 2 2 2 2 2 2 2 10 2 2 2 2 2 2 10 2 2 10 2 2 2 2 8 2
left_child=3 2 10 -1 -3 6 7 -6 21 17 14 12 13 -12 15 -2 -14 18 -10 -20 -21 -9 -19 -22 -11 -26 28 -28 -8 -30
right_child=1 4 -4 -5 5 -7 26 8 9 24 11 -13 16 -15 -16 -17 -18 22 19 20 23 -23 -24 -25 25 -27 27 -29 29 -31
leaf_value=-0.028107079733433855 0.12775509699148691 -0.0069300306267190597 -0.022436264225651245 -0.0070601284293441216 0.052782444457001816 0.015264412827731597 0.0034988707010229132 -0.012513856155283285 0.017673956382027092 -0.019904770406613644 0.016003598645760026 -0.00099448621131422409 -0.025048569330327685 0.24853242004544093 -0.026234319624503 -0.015896900870775464 0.069256656869385438 0.062311004226973908 -0.0025507780128198594 0.0073251591968369568 0.033515097000396225 0.015370311837965538 0.0040220310349880634 0.10938813453850843 0.080686597989155298 0.0019697814295573744 0.04053273466919536 0.0038450627442055563 0.013117772018085899 -0.0132151885993424
leaf_weight=183.72505410260055 0.33003063430078583 142.02978806849569 57.47246735682711 61.822284337831661 7.6127836747327811 173.40455020265654 224.30534718220588 45.00497650867328 57.052013881970197 17.253999792272225 0.95294134318828561 498.76546524243895 4.928986072074621 0.50742882862687111 30.213884557131678 1.1158967755036426 1.1070497579639775 2.81189036136493 6.4903784834314164 2.8849005703814337 4.1097656213678384 22.61015903390944 57.110644582659006 7.7457735168281943 2.4835022080223998 40.804024751065299 11.295262733940033 873.19375926675275 23.671108146198094 131.94628894946072
leaf_count=125180 28 5148 24488 11352 1164 1454 15899 4065 2524 704 285 50328 1747 107 15698 435 234 62 488 117 203 593 1592 295 90 2124 177 10763 1782 10656
internal_value=1.42137e-05 0.00231569 -0.00350136 -0.0228581 0.00418484 0.00511056 0.00395686 0.0104607 0.00905818 0.0131898 -0.00144045 -0.00018471 0.0474687 0.164975 -0.0209001 0.0557179 -0.000367451 0.0189256 0.0272858 0.0511582 0.0734665 -0.00310142 0.00773516 0.0877395 1.21965e-06 0.00820585 0.00254046 0.00435882 -0.00169317 -0.00915148
internal_weight=2694.76 2449.22 595.394 245.547 1853.82 1711.79 1538.39 273.975 266.362 198.747 537.922 506.262 7.49641 1.46037 31.6598 1.44593 6.03604 138.205 78.2828 21.2308 14.7404 67.6151 59.9225 11.8555 60.5415 43.2875 1264.41 884.489 379.923 155.617
internal_count=289782 153250 93350 136532 59900 54752 53298 14021 12857 8199 68862 52701 2373 392 16161 463 1981 5281 3627 1103 615 4658 1654 498 2918 2214 39277 10940 28337 12438
is_linear=0
shrinkage=0.03


Tree=81
num_leaves=31
num_cat=0
split_feature=6 27 31 3 8 14 0 18 1 1 6 8 6 20 19 28 14 3 17 28 28 16 15 18 28 3 27 28 15 12
split_gain=153.559 29.5705 24.26 24.1063 22.6541 19.7083 17.4396 15.8233 14.8537 14.1226 14.1006 11.5359 11.3084 10.8464 21.7647 21.726 20.0372 24.9344 25.1077 19.2596 16.9817 13.2739 13.0712 12.9617 15.6413 18.4 13.6587 18.4742 15.0419 20.2689
threshold=0.19833779335021975 0.051391525194048888 2479.698608398438 1.7961651086807253 0.67071792483329784 0.24553250521421435 1.5000000000000002 13.304382324218752 20.294900894165043 26.97043609619141 19.771276473999027 16.261897087097172 2.1999999284744267 1.0609144568443301 0.28039507567882543 -0.59869033098220814 -0.55597159266471852 0.73512393236160289 1.3829285502433779 -0.77245554327964772 -0.18492533266544339 0.29968860745429998 0.5551537573337556 1.9287567138671877 -0.9413962960243224 1.0495780110359194 0.80107527971267711 -0.93545487523078907 -1.2209610342979429 -1.6429216265678404
decision_type=8 2 2 2 2 10 2 8 2 2 8 2 10 10 10 2 8 2 10 2 2 8 10 10 2 2 2 2 10 2
left_child=4 9 3 6 -1 10 8 13 -3 -2 -5 -4 -10 23 15 16 17 18 -15 -18 -16 22 -22 24 -8 26 27 -26 -29 -30
right_child=1 2 11 5 -6 -7 7 -9 12 -11 -12 -13 -14 14 20 -17 19 -19 -20 -21 21 -23 -24 -25 25 -27 -28 28 29 -31
leaf_value=-0.028356633904123345 -0.0292615442631028 -0.019566566370613499 -0.020345675125281446 -0.0069797659736297018 -0.0067980227020759485 0.030245180579881941 -0.010930418033617186 -0.025126020861461318 0.029690968923823821 0.027699576844057758 0.017141185041722622 0.012054472959365278 -0.0035428645788724978 0.14875950153305376 -0.0012774198864981567 0.004472118289254221 -0.0085799580371154552 0.0095147085446083465 0.041058590375474685 0.062349115907465266 0.012320920632773834 -0.013804633318889911 0.040980682371143856 0.0010746592282397324 0.094870770585024369 0.029503915116316972 0.0032251106119573427 -0.014577343263171281 -7.525244599312213e-05 0.028377317360759505
leaf_weight=175.78245987312403 34.943084185710177 54.526156585779972 56.115478960913606 37.873313684714958 59.362772084656172 50.189157202839851 39.756025852751918 16.518585414043628 9.2135650147683901 3.6044733822345725 49.091243027709424 11.26475381082855 93.231539523229003 3.674869414069688 143.00953613815363 22.14245040982496 9.2361971222562698 4.6402396068442604 5.2281891787424684 4.3127051594201502 55.207833082647994 11.306443016161209 19.107182792387903 1281.2731070289155 1.6117338156327594 33.75758542586118 287.97320002247579 14.109979502507484 35.80520294746384 59.76842568279244
leaf_count=123613 19272 9938 10882 701 11338 551 1797 6235 169 20 311 148 1157 247 7522 1621 740 196 123 204 2418 895 815 80164 61 229 4783 592 846 1673
internal_value=0.000137883 0.00236517 0.00278633 0.0032992 -0.022966 0.0154576 0.00253641 0.00327573 -0.00707126 -0.0233695 0.00667651 -0.0148319 -0.000295799 0.00351887 0.0090166 0.0269083 0.0444335 0.0690914 0.0960463 0.0167309 0.0050633 0.0155464 0.0201359 0.00264332 0.00688326 0.00854014 0.0066984 0.0155767 0.0135649 0.0178276
internal_weight=2683.64 2448.49 2409.94 2342.56 235.145 137.154 2205.41 2048.44 156.971 38.5476 86.9646 67.3802 102.445 2031.92 277.866 49.2347 27.0922 13.5433 8.90306 13.5489 228.631 85.6215 74.315 1754.06 472.782 433.026 399.269 111.295 109.684 95.5736
internal_count=289261 154310 135018 123988 134951 1563 122425 111161 11264 19292 1012 11030 1326 104926 14781 3131 1510 566 370 944 11650 4128 3233 90145 9981 8184 7955 3172 3111 2519
is_linear=0
shrinkage=0.03


Tree=82
num_leaves=31
num_cat=0
split_feature=11 0 6 18 11 28 28 3 3 21 28 28 12 3 6 3 8 28 30 13 27 3 8 19 30 27 16 24 27 5
split_gain=150.632 27.0071 26.3483 20.9846 20.2923 20.5187 19.7993 14.352 17.9844 16.1717 23.6715 32.9616 14.2167 13.5509 23.3118 16.5435 19.0691 17.0961 26.3687 19.0898 16.2707 17.0506 15.2242 13.8941 13.3252 12.8918 14.1312 12.4169 12.3332 19.2667
threshold=2.2909681797027592 2.5000000000000004 1.5158160924911501 2.0871429443359379 16.325263977050785 -0.36647418141365046 -0.67803022265434254 2.0380684137344365 0.4836986511945725 0.13579713553190234 -0.84315016865730275 -0.86976337432861317 16.804019927978519 1.638525187969208 19.771276473999027 0.085111711174249663 2.3435806035995488 -0.97113886475563038 1.5000000000000002 0.70046809315681469 0.3715053796768189 -0.19981060177087781 0.55959579348564159 0.19767924398183825 1.5000000000000002 0.86111110448837291 -0.71407222747802723 0.17352975159883502 0.30053764581680303 -0.56929394602775563
decision_type=2 2 10 8 2 2 2 2 2 10 2 2 2 2 8 2 2 2 2 8 2 2 2 10 2 2 10 10 2 10
left_child=2 3 -1 -2 13 6 7 8 9 10 11 -6 -7 15 -15 16 17 18 19 28 21 23 -19 -18 -4 -5 -27 -8 29 -3
right_child=1 4 24 25 5 12 27 -9 -10 -11 -12 -13 -14 14 -16 -17 20 22 -20 -21 -22 -23 -24 -25 -26 26 -28 -29 -30 -31
leaf_value=-0.024243492333390682 0.0041727298765493149 0.10813184962150911 -0.017665328400872291 -0.014611945084445306 0.016126993548936808 -0.0022315617549072018 0.060370648021263809 0.031473105247431861 -0.0041553644042474349 -0.006449972640311945 -0.0057092750880644878 0.10757925229565833 0.011323154438121714 -0.0020495547576249999 0.026797575605828614 -0.001538596185863749 0.077493476071623893 -0.01708080538971039 -0.0050811647569450578 0.10665480084573049 0.0078877287952135479 -0.0086483689831239555 0.00053288819335114957 0.00078672191638283441 0.015418353816263644 0.046794127445960391 -0.0029262035337751535 0.021218076691982495 -0.0093538138853892141 -0.0098465422920717798
leaf_weight=241.36994539806619 136.24825430777855 1.8185243441257619 18.172712266561575 169.79216144920792 8.3532816227525455 166.43805783195421 7.2307609315030268 17.979023548774421 83.84032681863755 11.852805269183589 7.7408463265746859 5.7654002024792126 118.41611362993717 48.725120888324454 50.95488663087599 769.31718002771959 7.5931900555733574 59.165149735519662 15.607070037280208 3.1478100578533477 369.27610859554261 4.5215722346911198 165.85537944664247 2.8509889870183542 24.577533534844406 4.8810486397705963 40.366125795990229 110.72581764217466 4.6205157770309597 1.9590430721873442
leaf_count=163192 2914 220 4998 18869 261 3506 89 102 1243 363 193 61 531 1523 480 34492 733 13581 1972 219 15083 495 15939 338 4061 151 1413 1454 405 439
internal_value=0.000200349 0.0026532 -0.0204132 -0.00502076 0.00397404 0.0089677 0.0151604 0.00725575 0.0033176 0.0214867 0.0362542 0.0581173 0.00342314 0.00218352 0.0128164 0.00142098 0.00499539 -0.00141283 0.0206395 0.053041 0.00919378 0.0389079 -0.0041534 0.0584529 0.00127248 -0.0108381 0.00333324 0.0241055 0.0237349 0.0576938
internal_weight=2679.16 2395.04 284.12 351.288 2043.75 538.342 253.488 135.532 117.553 33.7123 21.8595 14.1187 284.854 1505.41 99.68 1405.73 636.415 252.173 27.153 11.5459 384.242 14.9658 225.021 10.4442 42.7502 215.039 45.2472 117.957 8.39808 3.77757
internal_count=289320 117069 172251 23347 93722 7803 3766 2223 2121 878 515 322 4037 85919 2003 83916 49424 32775 3255 1283 16649 1566 29520 1071 9059 20433 1564 1543 1064 659
is_linear=0
shrinkage=0.03


Tree=83
num_leaves=31
num_cat=0
split_feature=6 27 0 28 28 25 31 29 28 17 3 27 30 28 19 31 12 6 4 17 27 6 14 21 4 28 19 27 28 29
split_gain=144.296 27.8201 22.1528 17.4577 45.645 27.7448 51.4459 27.2224 33.4873 32.5215 35.0206 35.7042 31.3753 25.216 22.4852 18.0765 16.6032 16.47 15.7337 15.0208 14.2958 14.2109 14.1112 19.0633 13.7466 13.6158 12.5717 12.2538 23.5112 37.6174
threshold=0.19833779335021975 0.051391525194048888 2.5000000000000004 0.71503382921218883 0.65233618021011364 0.14165212213993075 164.34678649902347 0.31595529615879064 -0.34235668182373041 0.59309473633766185 0.90542006492614757 0.23494623601436618 2.5000000000000004 -0.82415616512298573 1.1941480040550234 260.51104736328131 0.60108423233032238 10.829844474792482 10.336588382720949 -0.16348250955343244 0.32240143418312078 2.1999999284744267 0.8840560019016267 -1.2635596990585325 22.465523719787601 0.17646842449903491 -1.0712360739707945 0.1474910452961922 -0.99054482579231251 -0.12545862048864362
decision_type=8 2 2 2 2 2 2 2 2 10 2 2 2 2 10 2 2 8 2 8 2 10 10 8 2 2 10 2 2 2
left_child=20 24 18 4 7 6 -6 27 9 16 11 -11 13 -13 19 -15 -9 -16 -3 -7 -1 25 23 -18 -2 -20 -17 28 29 -4
right_child=1 2 3 -5 5 14 -8 8 -10 10 -12 12 -14 15 17 26 22 -19 21 -21 -22 -23 -24 -25 -26 -27 -28 -29 -30 -31
leaf_value=-0.027323237479441292 -0.029209897080824606 -0.01514783727440594 0.17497417926193254 -0.0060495790765276837 0.27019377251456894 0.04099592083091478 -0.014010356482105244 -0.010757904834907399 -0.015931249239876669 -0.021469196645346047 0.010147716342568116 -0.021076226990620117 0.16700958400486143 0.020514401792943615 0.13342344364241615 0.02270325779426046 0.10452110677052907 0.0090746302553606252 0.0057263744648867092 -0.010872665744852477 -0.010002666566315033 -0.0032859149300391451 -0.0061711362160690418 0.02496886731176557 0.026177791104899734 0.0483366216821925 0.13240913407921195 0.0030795115066623324 -0.0023953861338797101 0.017801483423741143
leaf_weight=164.03505211754236 33.441432038554922 88.013867829926312 1.1901858762139452 145.68562305322848 0.29885086126160121 10.098062616772948 0.86018674110528082 17.245776485768147 18.949613526463509 2.4635997504228788 11.547184111899695 2.2758723091101301 3.3921848175814366 3.6755113822873628 2.0976052115438502 1.7145605545956639 2.3216050484916195 1.6138588596368206 25.518991503398865 8.5658512974623644 60.123152074753307 221.84674224141054 9.4007931487867591 22.489710896858018 3.7852163463830939 8.3445421317592245 4.4389344705268741 1779.5843592169695 8.5124144571600464 4.3857118993764734
leaf_count=122781 19336 18746 65 18976 80 556 283 3470 4520 761 309 392 168 273 109 70 135 53 907 755 12131 4547 540 1201 24 250 177 74670 2367 801
internal_value=0.00023873 0.00235518 0.00275743 0.00393238 0.00469369 0.0453592 0.150474 0.0041646 0.0193287 0.0276748 0.0522871 0.0774151 0.0934835 0.0617073 0.0337099 0.0810517 0.0128335 0.0927552 -0.00428482 0.0178484 -0.0227426 -0.000501399 0.0246933 0.0361736 -0.0230406 0.0173115 0.109288 0.0033096 0.0302429 0.0728569
internal_weight=2667.92 2443.76 2406.53 2062.81 1917.12 23.5344 1.15904 1893.59 99.9153 80.9657 29.5078 17.9607 15.4971 12.1049 22.3754 9.82901 51.4579 3.71146 343.724 18.6639 224.158 255.71 34.2121 24.8113 37.2266 33.8635 6.1535 1793.67 14.0883 5.5759
internal_count=289453 154541 135181 110731 91755 1836 363 89919 12016 7496 2150 1841 1080 912 1473 520 5346 162 24450 1311 134912 5704 1876 1336 19360 1157 247 77903 3233 866
is_linear=0
shrinkage=0.03


Tree=84
num_leaves=31
num_cat=0
split_feature=6 27 11 0 3 30 12 28 15 28 28 14 18 27 28 30 25 19 19 28 11 17 27 18 27 18 1 0 17 27
split_gain=131.513 27.6449 21.078 21.0054 19.9854 20.2809 42.4004 31.0509 24.5937 30.2735 46.65 19.4269 18.4119 26.1152 48.7012 33.4061 29.5364 32.3158 30.3997 28.6859 24.3335 17.5072 21.7642 21.3485 17.56 17.3928 16.8749 16.3859 16.9148 16.3639
threshold=0.19833779335021975 0.051391525194048888 6.2267231941223153 1.5000000000000002 1.5261604189872744 1.0000000180025095e-35 -2.2151319980621333 -0.99054482579231251 0.015220550820231439 0.039769539609551437 0.056951373815536506 -1.5176128745079038 8.6472167968750018 0.30053764581680303 0.99818283319473278 2.5000000000000004 0.14165212213993075 -0.95298972725868214 0.35793158411979681 0.67802080512046825 5.3492898941040048 0.99285352230072033 0.36057348549366003 2.8501281738281254 0.61200717091560375 3.1190338134765629 24.737689018249515 8.5000000000000018 -0.16348250955343244 0.90179210901260387
decision_type=8 2 2 2 2 2 2 2 8 2 2 8 8 2 2 2 2 10 10 2 2 10 2 10 2 10 2 2 10 2
left_child=2 -2 -1 -3 5 6 7 -5 9 11 -11 -9 13 14 15 16 17 -7 19 -19 -16 24 23 -23 -15 29 -6 28 -28 -24
right_child=1 3 -4 4 26 12 -8 8 -10 10 -12 -13 -14 21 20 -17 -18 18 -20 -21 -22 22 25 -25 -26 -27 27 -29 -30 -31
leaf_value=-0.02653217895725091 -0.023657255487515187 -0.0072387986049644304 -0.0031358852174176634 0.11388567755304542 -0.012503806645629481 -0.00081675735592841097 -0.016678248937726188 0.080584329340290944 -0.017260521922647123 0.24616689632813299 0.024494098532084944 -1.927088858176486e-05 -0.015780431108759659 -0.006250748048324835 0.16168864688575024 -0.019378921777504016 0.01318015292740177 0.1344597313725342 -0.018521419354821149 -0.015829191713266924 -0.013017233639907489 -0.0071069731503222147 0.017350355127130884 0.063994817354225894 0.0029604662480113564 -0.0024731031878204397 0.02581457379404839 0.027453187445614619 0.0026442456483363212 -0.00052471485139805039
leaf_weight=176.8472350462107 35.669101409148425 180.02688449807465 43.404507491155528 1.9045596467331041 22.388877428602427 4.978760640253312 119.12634020671248 2.2454187097027898 15.072804742027072 0.41139268944971208 2.8402365245856345 15.754591678036382 43.397556005977094 221.3219276961172 2.1239641102729361 18.479510134086013 43.891759853577241 6.7398967561312002 1.5880052084103224 1.1104967606952412 0.74924845714122046 5.2892892389791113 155.79627139295917 11.012780042365192 1148.4894634410739 109.94479768024758 37.856344462372363 60.883993262425065 105.95537205692381 65.20301832491532
leaf_count=129752 19316 12525 5188 130 2119 1077 19879 252 2197 39 611 1860 11481 23851 240 5742 6144 823 451 502 80 394 4117 813 32311 5578 211 317 623 963
internal_value=0.000190959 0.00219812 -0.0219565 0.00259133 0.00338974 0.00242772 -0.00787738 0.0192733 0.0113942 0.0315801 0.103843 0.0137477 0.00331275 0.00378244 0.0204683 0.0150237 0.0260696 0.0619103 0.0919071 0.113814 0.124532 0.00299685 0.00900344 0.041848 0.00146873 0.00726434 0.0118041 0.0145107 0.00887964 0.0120979
internal_weight=2660.5 2440.25 220.252 2404.58 2224.56 1997.47 157.355 38.229 36.3244 21.2516 3.25163 18 1840.12 1796.72 79.6616 76.7884 58.3089 14.4172 9.4384 7.85039 2.87321 1717.06 347.246 16.3021 1369.81 330.944 227.085 204.696 143.812 220.999
internal_count=289586 154646 134940 135330 122805 119535 24968 5089 4959 2762 650 2112 94567 83086 15059 14739 8997 2853 1776 1325 320 68027 11865 1207 56162 10658 3270 1151 834 5080
is_linear=0
shrinkage=0.03


Tree=85
num_leaves=31
num_cat=0
split_feature=8 1 5 28 0 2 28 34 5 29 28 28 3 8 12 23 22 27 28 33 28 5 5 27 3 29 19 25 27 28
split_gain=129.11 26.555 21.2322 22.5003 18.5242 26.3128 16.629 15.7873 15.456 14.2032 20.9249 16.7194 14.4036 22.2469 19.3743 18.5005 14.402 13.9055 14.0896 13.3222 14.3734 14.8528 13.0792 11.7288 12.1601 13.5126 12.4124 12.4097 12.2112 11.4586
threshold=0.20549450814723971 35.575925827026374 -2.1445131301879878 0.72695311903953563 5.5000000000000009 2.3230600357055669 -0.96689236164093006 0.01264629513025284 2.3218028545379643 -0.26037105917930597 -0.88622298836708058 -0.99763298034667958 0.66441920399665844 9.6139369010925311 1.1533496379852297 -1.1696423292160032 -0.559079349040985 0.30645161867141729 -0.99054482579231251 2.7992755174636845 0.49812944233417517 1.5769916772842409 -8.5000596046447736 0.96774193644523632 1.3612816333770754 -0.69055965542793263 0.40326756238937383 0.18643653392791751 0.91935485601425182 -0.84315016865730275
decision_type=2 2 10 2 2 2 2 2 10 2 2 2 2 2 2 8 10 2 2 2 2 10 8 2 2 2 10 2 2 2
left_child=6 2 9 4 5 -4 7 -1 19 10 -2 -11 13 15 16 17 -15 -13 -19 20 -7 -22 -8 24 25 28 -26 -27 -3 -12
right_child=1 23 3 -5 -6 8 22 -9 -10 11 29 12 -14 14 -16 -17 -18 18 -20 -21 21 -23 -24 -25 26 27 -28 -29 -30 -31
leaf_value=-0.017213339648488965 -0.01808616857674927 0.012111826578798062 -0.015495554908846222 -0.016052261017130677 0.002932173740372039 -0.00039598929536764757 0.028455975665384728 0.044094198108954104 -0.0049542906554106642 -0.01231319778845625 0.023141310129377972 -0.019060446598976964 0.0029173575686959269 0.0079649350311649658 0.0086077532081820594 0.011224934020798303 0.12660169096697618 -0.0088474495431135856 0.078879647210563911 0.025956040844967825 0.0066571982196248101 0.11334422999404865 -0.026408645038923394 0.023332551397063337 0.0079337163562209767 0.0044571324558960275 0.025507285325379013 -0.027526573790991837 -0.0015969728986299345 0.0027923489054966014
leaf_weight=8.2902584058465418 41.613569490145892 121.73191824555397 150.75026687420905 95.511046970030293 543.04412461013999 85.138194730039686 3.216698796954006 5.4237293131882316 238.4273412458133 20.359978342079557 25.018377517815679 1.7065207320265461 45.936487253755331 1.3314517124090341 3.4267226979136467 62.580913924379274 3.5509267186280322 1.7766119132284064 8.2226482680998725 28.039186640642583 3.0152480751276007 1.077437075320631 183.19004003098235 41.225811615586281 137.19536624848843 20.054044768214226 48.950598254799843 22.348191753029823 111.30822747945786 599.15911969961599
leaf_count=4393 2588 554 36491 22035 37853 4398 131 1561 8304 1407 1063 415 3134 63 127 7059 139 114 396 480 213 51 130584 188 639 95 234 102 503 24058
internal_value=0.000136038 0.00202283 0.000443312 -0.00219005 -0.000914416 -0.00503662 -0.0229757 0.00838201 -0.000572935 0.00414254 0.00226043 0.0124874 0.0164807 0.0238989 0.0679796 0.0181309 0.101103 0.0512622 0.0639055 0.00830158 0.0025278 0.0514848 -0.0253151 0.00816579 0.00676369 0.00274307 0.0126666 -0.0126458 0.00558517 0.00364369
internal_weight=2662.62 2462.5 1959.69 1145 1049.49 506.448 200.121 13.714 355.697 814.683 665.791 148.892 128.532 82.5958 8.3091 74.2867 4.88238 11.7058 9.99926 117.27 89.2309 4.09269 186.407 502.814 461.588 275.442 186.146 42.4022 233.04 624.177
internal_count=289372 152703 150388 109825 87790 49937 136669 5954 13446 40563 27709 12854 11447 8313 329 7984 202 925 510 5142 4662 264 130715 2315 2127 1254 873 197 1057 25121
is_linear=0
shrinkage=0.03


Tree=86
num_leaves=31
num_cat=0
split_feature=1 31 3 3 27 4 14 34 31 28 17 28 29 28 27 27 12 29 29 22 8 31 31 29 18 25 22 28 29 3
split_gain=127.002 21.2226 20.7794 19.7014 18.1555 15.4773 17.4932 13.6215 22.5733 19.886 18.1184 17.4387 17.592 39.888 24.6722 23.3886 20.5161 17.4099 16.3943 18.4443 21.0391 14.4028 37.1478 19.2471 34.8334 13.9229 15.6718 14.4044 22.0412 13.8573
threshold=0.22493146359920504 2479.698608398438 1.7961651086807253 -0.7895296812057494 0.051391525194048888 22.465523719787601 0.28697600960731512 2.4601597785949711 771.62255859375011 0.70290291309356701 1.1584274768829348 0.66527691483497631 0.7074720859527589 -0.67803022265434254 0.50824373960495006 0.25143370032310491 0.66015782952308666 -0.99983122944831837 -0.88620507717132557 0.36715278029441839 8.9200258255004901 771.62255859375011 513.0165252685548 0.34840355813503271 2.8841705322265629 0.21542581170797351 1.0548472404479983 -0.98523971438407887 -0.074115883558988557 0.97663733363151561
decision_type=2 2 2 2 2 2 10 2 2 2 10 2 2 2 2 2 2 2 2 10 2 2 2 2 10 2 10 2 2 2
left_child=3 2 4 -1 -2 -4 -7 9 -9 11 17 12 21 14 15 -14 -15 -10 -12 20 -20 22 -6 -24 -25 27 -27 28 -23 -13
right_child=1 -3 5 -5 7 6 -8 8 10 -11 18 29 13 16 -16 -17 -18 -19 19 -21 -22 25 23 24 -26 26 -28 -29 -30 -31
leaf_value=-0.0084819867504969827 -0.02840402184620584 -0.014587588377579707 -0.017215503553277275 -0.029386661751164844 0.0015230241321076659 0.0084545408237843376 0.031840042730860982 0.025882956275327898 0.051998450105160555 -0.013295524764035541 -0.0010945683287821451 0.065197043515031652 -0.010249585669789046 -0.022489406516984667 0.01606118852689652 0.19377815720849878 0.032402105766454338 -8.8461217624170575e-05 0.075870481135670534 0.012235044478409805 0.0033587960820450637 0.088123267152593873 -0.016775275069561904 0.12331518157810903 -0.022694260559760419 0.027232053670080032 -0.017962721954837814 -0.0067685586172516318 -0.021806224131286724 -0.0029253293008685254
leaf_weight=58.902739520883188 16.998789568664506 67.810703121474944 12.646367143141104 137.299241650966 1455.9562106188387 84.455690464004874 43.560646310448647 48.236861448734999 4.8949003443121901 85.473330013570376 24.017540235072374 5.8813898086082173 0.51266570773441644 10.462351983529517 2.2397491540759802 1.5066649852087719 12.245355981751343 284.69064205617178 10.942030665348286 23.529872500919737 5.2934901039116076 2.7698405813425779 134.72399324178696 1.5341343625914294 2.9094326157355681 50.266139057348482 7.273602371569722 41.731818042462692 2.3362771907122797 4.2739707586588338
leaf_count=24496 9401 12395 1312 119215 74946 465 234 247 53 16031 229 833 139 3151 81 67 1778 6011 210 447 44 93 13348 245 604 1171 194 1521 142 66
internal_value=-2.43756e-05 0.00183976 0.00231347 -0.0231856 0.00160822 0.0134571 0.0165971 0.00185031 0.00684436 0.000746429 0.00417977 0.0014448 0.00120251 0.0248031 0.0993077 0.155741 0.00722954 0.000967884 0.0185223 0.0301067 0.0537951 0.000813666 0.000103969 -0.014647 0.0411083 0.0115555 0.0213097 -0.000622388 0.0424917 0.038835
internal_weight=2645.38 2449.17 2381.36 196.202 2240.7 140.663 128.016 2223.7 401.605 1822.1 353.368 1736.62 1726.47 26.9668 4.25908 2.01933 22.7077 289.586 63.7829 39.7654 16.2355 1699.5 1595.12 139.168 4.44357 104.378 57.5397 46.8379 5.10612 10.1554
internal_count=289169 145458 133063 143711 131052 2011 699 121651 7241 114410 6994 98379 97480 5216 287 206 4929 6064 930 701 254 92264 89143 14197 849 3121 1365 1756 235 899
is_linear=0
shrinkage=0.03


Tree=87
num_leaves=31
num_cat=0
split_feature=1 3 0 1 8 27 28 29 28 0 27 28 8 15 17 20 18 5 28 28 20 17 28 1 27 23 14 1 3 1
split_gain=128.163 30.7736 23.5839 21.0848 19.5167 17.4645 16.6266 13.4717 16.9326 12.7708 12.3298 17.305 15.9415 15.3468 12.2069 11.321 13.6515 10.6487 9.47639 48.0776 43.7938 18.301 17.0944 34.3576 28.1795 15.8576 17.7458 14.5134 10.562 19.3715
threshold=0.68644055724143993 -0.7895296812057494 2.5000000000000004 6.5675232410430917 18.712434768676761 0.14211469888687137 0.67802080512046825 0.6174544394016267 -0.67803022265434254 4.5000000000000009 0.85250896215438854 0.3903625756502152 6.846297264099122 -0.80416950583457936 0.36257857084274298 -0.58017906546592701 8.7836608886718768 1.5082376003265383 0.71503382921218883 0.67802080512046825 1.046340346336365 -0.16348250955343244 0.99818283319473278 6.0585069656372079 0.26344086229801184 0.43572354316711431 0.53598681092262279 13.962994098663332 1.638525187969208 24.737689018249515
decision_type=2 2 2 2 2 2 2 2 2 2 2 2 2 10 8 10 10 10 2 2 10 10 2 2 2 8 8 2 2 2
left_child=1 5 3 -2 18 6 9 -7 -9 -1 12 13 -5 -12 -14 -11 -17 -13 19 28 21 -21 27 24 -24 26 -26 -20 -4 -30
right_child=2 -3 4 10 -6 7 -8 8 -10 15 11 17 14 -15 -16 16 -18 -19 22 20 -22 -23 23 -25 25 -27 -28 -29 29 -31
leaf_value=-0.012951832301434398 -0.023408798337826737 -0.02886999089621883 0.0020476980533103897 -0.018545596356657475 0.013680919123540301 -0.015205242496760758 -0.019550885876491876 0.057598167415806562 -0.0077445922823437411 -0.0093909659297147334 0.020225877077035666 0.089609290216804846 0.009606171568961118 -0.0043445759176428365 -0.0097905151475874645 0.1649680249815835 -0.0084297901419112895 0.0040430860794197394 -0.021126732175099805 0.056097710603138146 0.17142104335801481 -0.012863250620458615 -0.017339479429729968 -0.0029303008614970753 0.19148542620296713 -0.0098919338003068333 0.0061808848348779916 0.00017235920322742807 -0.021607656560110575 0.016836494345774864
leaf_weight=0.75746563065331374 47.836868727812544 152.65092907799408 1656.4308056099107 66.271041210740805 151.36172905913554 71.261716458830051 1.85603642440401 4.5922468992648637 9.3215336183784512 0.45143345871474583 31.453298225067556 2.4614411396905771 57.046397172613069 76.710411921143532 57.761013541836292 1.1518819547491146 0.38920286716893304 2.2639789152890444 51.444690948235802 8.2337062356527877 1.5173679147846986 5.0374259424861512 1.3502477110596398 13.771499398630111 1.5666988032171496 0.48317499703262035 0.6517716785892852 63.810263104271144 12.680331991752608 89.946919413283467
leaf_count=489 13762 131590 81222 6323 1228 27824 833 669 3117 172 473 64 1099 1759 1318 328 193 70 11753 385 70 429 343 463 119 65 101 1281 1362 492
internal_value=3.18682e-05 -0.0207098 0.00213473 -0.00515262 0.0033468 -0.0066703 0.0447823 -0.00994006 0.0162378 0.0818372 -0.00211253 0.00563839 -0.00694908 0.00292018 -0.000152814 0.110158 0.135092 0.0564804 0.00251979 0.00309965 0.0552211 0.0308545 -0.00517479 0.0214088 0.0883374 0.131569 0.15588 -0.00943456 0.00263034 0.0119238
internal_weight=2642.52 242.432 2400.09 341.804 2058.29 89.7815 4.60602 85.1755 13.9138 2.74998 293.968 112.889 181.078 108.164 114.807 1.99252 1.54108 4.72542 1906.92 1773.85 14.7885 13.2711 133.078 17.8234 4.05189 2.70165 2.21847 115.255 1759.06 102.627
internal_count=289396 165215 124181 24868 99313 33625 2015 31610 3786 1182 11106 2366 8740 2232 2417 693 521 134 98085 83960 884 814 14125 1091 628 285 220 13034 83076 1854
is_linear=0
shrinkage=0.03


Tree=88
num_leaves=31
num_cat=0
split_feature=11 8 3 6 29 3 29 18 29 21 34 34 20 33 15 29 29 3 11 29 29 30 29 29 30 3 34 29 15 33
split_gain=119.326 24.5047 18.9196 26.144 15.7735 15.3508 17.3445 14.1729 15.4401 16.9075 13.4664 23.1252 17.8003 16.8207 13.2303 12.8045 16.0118 13.027 21.0643 17.0121 29.8672 25.5943 29.3038 21.8644 18.7333 16.2192 15.6926 15.7397 15.5899 15.5431
threshold=1.9752951264381411 2.3871377706527714 1.7961651086807253 23.045776367187504 0.47369650006294256 -1.4266642928123472 0.63089349865913402 9.1903686523437518 -0.99273797869682301 -0.13994357734918592 1.6551074981689455 0.44444972276687628 0.56794551014900219 1.8850840926170351 -0.25395855307579035 -0.99628248810768116 -0.97507822513580311 -0.84506967663764943 10.696805953979494 -0.24372464418411252 -0.11692317575216292 2.5000000000000004 -0.70289847254753102 -0.73865258693695057 2.5000000000000004 1.2372741103172304 5.7313654422760019 -0.42958799004554743 1.0107783079147341 0.92314091324806224
decision_type=2 2 2 8 2 2 2 8 2 10 2 2 8 2 10 2 2 2 2 2 2 2 2 2 2 2 2 2 10 2
left_child=1 5 7 14 -3 6 -1 15 9 -9 11 -6 13 -13 -4 -2 -17 -18 19 21 24 -19 23 -23 29 26 -24 -28 -25 -21
right_child=2 4 3 -5 10 -7 -8 8 -10 -11 -12 12 -14 -15 -16 16 17 18 -20 20 -22 22 25 28 -26 -27 27 -29 -30 -31
leaf_value=-0.018964996874819218 -0.0050636480312898939 -0.013597198984359219 -0.013121972499114324 0.023766507437422507 0.0098475982243149372 -0.025914894884143704 0.042659435717756683 0.077299602289753494 -0.019541586001066046 -0.0059932891126908607 -0.022451294979939532 0.16851753316322943 -0.013215476625061374 0.003512054174438263 0.011373847826890627 0.0086112604495623152 0.010690292092055171 -0.012797628042417356 0.0034987950590775808 0.05516519203640164 -0.002853412171673406 0.0073208865412056276 -0.02383755479828607 0.015790327308556885 -0.0046536177992729825 0.037871164208565282 -0.026584273072475729 0.041425962995438236 0.091990072660463815 0.010064899483552901
leaf_weight=9.7652780634816718 218.88593311130535 17.088054884923626 37.358486007666215 82.06976444250904 7.0677234128816036 194.41240130807273 5.6650149371707803 2.3045481849694625 49.375910537317395 6.1433669086545688 2.9219130681594825 1.5589127864222976 0.77187315595801953 0.76573999994434405 40.114292861428112 327.90925392892677 123.32580597663764 261.57666322588921 901.59016330493614 18.09030403743964 133.6489343844587 94.978681463981047 52.747947361320257 5.7063579966779781 12.59067343897186 4.2787328986451021 4.2617993736639619 6.579160653986035 3.9698612196370959 11.576996603980659
leaf_count=4687 6708 4219 763 569 1296 154124 975 261 13983 429 836 284 168 66 811 10147 14801 23411 21520 1483 17107 3628 4228 258 933 48 99 95 109 665
internal_value=0.000105546 -0.0200172 0.00212623 0.0120751 0.00511499 -0.0236381 0.00487893 0.00141241 -0.0131205 0.0225053 0.0287802 0.0441995 0.101063 0.13157 -0.000455079 0.00180342 0.00257139 0.00135548 0.000587321 -0.00371453 0.00413919 -0.00689923 0.00206606 0.0119798 0.0258094 -0.0131733 -0.0171411 0.0147026 0.0527409 0.0384679
internal_weight=2639.1 240.017 2399.08 159.543 30.1742 209.843 15.4303 2239.54 57.8238 8.44792 13.0862 10.1642 3.09653 2.32465 77.4728 2181.72 1962.83 1634.92 1511.6 610.006 175.907 434.099 172.523 104.655 42.258 67.8676 63.5889 10.841 9.67622 29.6673
internal_count=288711 166655 122056 2143 6869 159786 5662 119913 14673 690 2650 1814 518 350 1574 105240 98532 88385 73584 52064 20188 31876 8465 3995 3081 4470 4422 194 367 2148
is_linear=0
shrinkage=0.03


Tree=89
num_leaves=31
num_cat=0
split_feature=11 11 6 6 8 25 17 0 3 4 28 29 29 30 18 23 27 0 22 3 27 28 4 25 20 3 24 23 22 24
split_gain=119.466 21.0524 19.8564 18.605 16.3199 14.12 13.2502 15.4393 22.1729 14.5432 12.4693 24.3314 30.6061 26.159 15.4144 13.8859 13.549 12.4195 12.0906 11.8233 13.47 11.6618 16.5707 11.5285 14.1473 15.6137 18.4092 22.2635 13.5088 11.4626
threshold=1.794275224208832 9.6302804946899432 23.045776367187504 0.45000003278255468 18.712434768676761 0.089399877935647978 0.95304241776466381 5.5000000000000009 -0.83008018136024464 3.5096228122711186 -0.082689788192510591 0.31595529615879064 0.36447542905807501 2.5000000000000004 1.7416076660156252 -1.6986137032508848 0.66129031777381908 1.5000000000000002 -1.2990947365760801 -1.3971115350723264 0.28494623303413397 -0.082689788192510591 40.890956878662116 0.22692622244358066 0.22114891558885577 -1.3971115350723264 0.33360362052917486 -0.11587866768240927 -0.35015195608139033 1.6033810377120974
decision_type=2 2 10 8 2 2 10 2 2 2 2 2 2 2 10 10 2 2 10 2 2 2 2 2 10 2 10 8 8 10
left_child=3 2 5 -1 29 -2 7 9 18 -7 11 15 13 -13 -12 16 -8 -6 -9 20 -5 -19 -23 24 -20 -26 28 -28 -27 -3
right_child=1 4 -4 19 17 6 10 8 -10 -11 14 12 -14 -15 -16 -17 -18 21 23 -21 -22 22 -24 -25 25 26 27 -29 -30 -31
leaf_value=-0.02714920229069261 -0.021907499000359869 0.0032664884926055381 0.022041018669064265 0.061578670775674617 -0.002753695484679955 -0.020173188843175191 -0.010279014649058593 -0.025304032845030598 -0.0036248151664933178 -0.0044090727660059991 0.052230483750319946 -0.014219863063906152 0.0054697528923568165 0.15958289440134707 0.0097352845602334259 -0.011820734150487046 0.067406942338275558 0.021906675065979229 0.015945297671593719 -0.013484045669014746 -0.0052376509060634447 -0.018594092797632449 0.01631078767498138 0.0097895392258643462 -0.0084478847206902845 0.079992489780793055 0.18726923655654112 0.012462618126701526 -0.020389458223131058 -0.015179048134246118
leaf_weight=144.30822450760752 32.885529111605138 1413.436665774323 28.679068787954748 3.2828870001248998 39.712369225919247 82.470797414076515 3.46493468992412 4.8387378284241995 279.8792564808391 144.83396881073713 8.1367673284839821 0.88514016428962183 7.8153526233509183 1.6741043082438409 53.429716005688533 68.040514873457141 3.1850379903335124 101.01153912954032 11.830215732450599 72.637241431511939 7.039860054734163 17.682885570451617 34.630697026848793 34.550367777002975 1.6823140722699461 1.1757049110019577 1.4799817271996287 1.0980174019932749 2.0177882206626232 30.010543978656642
leaf_count=127519 10240 38134 352 178 202 20028 473 649 23743 10339 211 144 701 56 5073 6467 118 717 1041 34802 1610 167 161 4676 145 166 124 88 329 1092
internal_value=8.22595e-05 0.00204574 -0.00202896 -0.0206612 0.00397312 -0.00298337 -0.00208043 -0.00416281 -9.67612e-05 -0.0101919 0.00592932 -0.00153083 0.0393994 0.112365 0.0160966 -0.00766152 0.0308766 0.012144 0.0165113 -0.00918656 0.0195734 0.0159955 0.00438488 0.0206626 0.0387005 0.0686579 0.0890616 0.137108 0.0268294 0.00287275
internal_weight=2637.81 2410.54 774.053 227.268 1636.48 745.374 712.489 565.857 338.552 227.305 146.632 85.0651 10.3746 2.55924 61.5665 74.6905 6.64997 193.037 58.6731 82.96 10.3227 153.325 52.3136 53.8344 19.284 7.45381 5.77149 2.578 3.19349 1443.45
internal_count=289745 125636 85163 164109 40473 84811 74571 61328 30961 30367 13243 7959 901 200 5284 7058 591 1247 7218 36590 1788 1045 328 6569 1893 852 707 212 495 39226
is_linear=0
shrinkage=0.03


Tree=90
num_leaves=31
num_cat=0
split_feature=8 28 27 6 3 3 11 31 28 22 15 11 4 16 8 29 28 13 2 12 17 17 27 30 31 17 28 12 11 28
split_gain=112.779 19.9442 18.6556 14.5554 20.0041 20.0045 18.5485 18.1281 30.9217 17.802 14.2095 13.034 12.9283 14.5854 12.2653 13.8053 21.5387 18.2128 14.129 17.8768 12.8001 15.4797 13.6602 11.9005 23.113 30.7217 17.8399 17.4237 17.2775 24.2044
threshold=0.20549450814723971 -0.96689236164093006 0.051391525194048888 19.771276473999027 1.638525187969208 -0.9482775330543517 16.325263977050785 2479.698608398438 -0.99054482579231251 -0.31920781731605524 -0.41438628733158106 4.7913143634796151 -2.4439538717269893 -0.16023672372102735 0.89678794145584118 0.6174544394016267 -0.27694603800773615 -0.31009712815284723 3.5994379520416264 0.075576730072498335 -0.54277390241622914 0.63613423705101024 0.50824373960495006 1.5000000000000002 710.89306640625011 1.1734912395477297 0.27694219350814825 12.51738214492798 5.838503599166871 0.99053108692169201
decision_type=2 2 2 8 2 2 2 2 2 10 10 2 2 10 2 2 2 10 2 2 10 10 2 2 2 10 2 2 2 2
left_child=1 12 -2 7 5 9 11 14 10 -5 -9 -7 -1 -14 -4 23 17 -17 19 -19 -21 22 -22 -16 27 26 -26 -25 29 -28
right_child=2 -3 3 4 -6 6 -8 8 -10 -11 -12 -13 13 -15 15 16 -18 18 -20 20 21 -23 -24 24 25 -27 28 -29 -30 -31
leaf_value=-0.012612558147420842 -0.022832076893330187 -0.025306477458954615 -0.0082878696725268985 -0.0047308871708345744 0.017102519223969888 0.017431322597147875 0.010209947107447105 -0.013135162413189863 -0.021870495211487082 0.050933682599272175 0.12852638127519661 -0.0043119420437233115 0.083192306882402242 -0.0061415869960389979 0.0052873794921324642 0.00030483921156888237 -0.026127008771315935 0.0021019029716421731 -0.018439547925390515 -0.0076245556001923913 0.15475058400465647 0.039248664870655488 0.027804493158025394 -0.0076820280911612318 -0.0025933280364741295 0.022246571981174988 -0.026186157329949639 0.0025905864710201319 0.017727710060312023 0.044825920196687914
leaf_weight=7.566703247721307 25.982534401409794 167.41434310207842 108.90274794859579 7.7873679895419654 121.80368672334589 26.335687489015982 164.77753812610172 0.70645755645819008 47.871085843304172 13.510444992687551 0.88937872101087012 269.16289087967016 2.6760688743088394 2.7452600038959627 545.24879624159075 9.7788800753187406 6.1703952549723899 3.5964731193380457 1.8448029756546009 1.2043573597911752 3.1897227303124929 4.8030226076953113 1.5628261452075092 397.16604410239961 274.84064006293193 76.163007867871784 18.711900308378976 236.44024030398577 87.134823697851971 4.5699725766899055
leaf_count=4465 13659 130371 28686 608 810 4002 1555 131 10968 961 196 7034 571 843 28433 1044 1852 497 8 181 250 291 96 35944 6795 1675 2147 2201 2140 507
internal_value=0.00029713 -0.0225311 0.00197959 0.0022537 0.00629061 0.00352619 0.0021769 0.000920548 -0.0168113 0.031281 0.0849131 -0.00232186 0.0124943 0.0440437 0.00142211 0.00205897 0.0212281 0.0330267 0.0516114 0.0612276 0.0791309 0.0897517 0.125096 0.00167053 -0.000133589 0.00496777 0.0015031 -0.0038506 0.0116314 -0.0109753
internal_weight=2640.56 180.402 2460.16 2434.17 603.378 481.574 460.276 1830.8 49.4669 21.2978 1.59584 295.499 12.988 5.42133 1781.33 1672.43 32.1505 25.9801 16.2012 14.3564 10.7599 9.55557 4.75255 1640.28 1095.03 461.42 385.257 633.606 110.417 23.2819
internal_count=288921 136250 152671 139012 14970 14160 12591 124042 11295 1569 327 11036 5879 1414 112747 84061 4219 2367 1323 1315 818 637 346 79842 51409 13264 11589 38145 4794 2654
is_linear=0
shrinkage=0.03


Tree=91
num_leaves=31
num_cat=0
split_feature=8 0 27 8 34 27 31 5 31 31 33 14 15 15 8 17 17 5 34 1 19 27 6 30 14 17 25 22 17 15
split_gain=103.824 21.6533 16.9365 15.464 14.8257 14.8036 13.7858 11.6595 10.1649 19.0427 19.1101 16.0263 15.0747 13.1334 10.639 10.6656 21.4367 12.1893 12.0011 10.3742 15.9392 9.7965 11.8895 13.96 9.71176 16.3222 15.8931 12.2055 11.2969 16.6766
threshold=0.20549450814723971 1.5000000000000002 0.095445919781923308 18.712434768676761 0.84969079494476329 0.051391525194048888 2479.698608398438 23.231354713439945 69.397317886352553 197.81072235107425 2.0259872674942021 -1.6598814725875852 0.036804478615522392 -1.4165431857109068 5.6656913757324228 -0.9714875817298888 -0.28231540322303766 -0.21586062014102933 0.014550478663295509 13.696192264556887 -0.5078168213367461 0.3715053796768189 8.6404991149902362 1.5000000000000002 -1.2211329936981199 -1.0681841969490049 0.18543857336044314 -0.54908266663551319 0.55490499734878551 -1.290644586086273
decision_type=2 2 2 2 2 2 2 10 2 2 2 10 10 10 2 10 10 10 2 2 10 2 10 2 10 10 2 10 10 10
left_child=2 4 -1 5 -2 7 8 -3 13 10 -10 -11 21 -7 15 -15 17 -17 -18 -20 -21 -12 23 -23 25 -13 -27 -28 -29 -30
right_child=1 3 -4 -5 -6 6 -8 -9 9 11 12 24 -14 14 -16 16 18 -19 19 20 -22 22 -24 -25 -26 26 27 28 29 -31
leaf_value=-0.029742318108108495 -0.021508870386668617 -0.027443094194100837 -0.010752701147810526 0.011322873172050151 -0.0026350616688637133 0.042894766419884121 -0.012276479271021219 0.045550314811372693 -0.012007169535957292 -0.0084885132272665333 0.063386991655873429 0.038770487681827344 -0.0096623734021416396 -0.019825551186767112 -0.0030702098192515763 0.067224657564744508 0.068998659735340265 0.013562899132934228 -0.0048214259237944201 0.076168750405373922 0.002140506706250796 0.037603552385005429 -0.014771953927763783 -0.020484033760825193 0.0031829919962167914 -0.0084044867107715502 -0.0071286075809387714 0.006106349083140364 0.0066897897625929808 0.054002918384301137
leaf_weight=102.86476973217214 51.812292035319842 21.460572768875867 74.119779130385723 169.4506055311067 130.02820010780124 9.6238522434141469 56.650291267374996 1.2605731189250935 151.72058244835353 99.913029846095014 3.4217394450679413 16.689978922833689 23.715574975591153 6.1731979500036678 46.92132200661581 9.8413916028803232 1.7238676325068798 6.8226916558924122 31.800486750318669 3.0574453822337091 7.5471592284739 16.977520226966597 8.2910989401862007 4.0073077485430977 1478.8713755375938 35.996743698662613 14.807912883930838 20.41041267325636 11.372190038324332 16.526291017653424
leaf_count=104622 8951 12473 31676 1451 5128 406 11197 6 14600 5515 112 564 757 530 1030 449 485 458 2197 64 197 248 117 405 80177 2075 808 1121 682 563
internal_value=0.000231158 0.00183327 -0.0218947 0.00263051 -0.00810105 0.00192594 0.00219332 -0.0216439 0.00260373 0.0020591 -0.00648423 0.00311162 0.00831987 0.01091 0.00785733 0.0154465 0.019291 0.0472658 0.00791385 0.00389818 0.0282083 0.0212621 0.0144075 0.0260838 0.00384328 0.012176 0.00735515 0.0163341 0.0235247 0.0356157
internal_weight=2633.88 2456.9 176.985 2275.06 181.84 2105.6 2082.88 22.7211 2026.23 1902.72 208.134 1694.59 56.4132 123.511 113.888 66.9662 60.793 16.6641 44.129 42.4051 10.6046 32.6977 29.2759 20.9848 1594.67 115.804 99.1136 63.1168 48.3089 27.8985
internal_count=289064 152766 136298 138687 14079 137236 124757 12479 113560 107744 16239 91505 1639 5816 5410 4380 3850 907 2943 2458 261 882 770 653 85990 5813 5249 3174 2366 1245
is_linear=0
shrinkage=0.03


Tree=92
num_leaves=31
num_cat=0
split_feature=6 31 27 1 28 8 0 29 28 34 28 27 3 34 29 29 3 5 0 17 28 28 27 18 28 18 12 28 12 8
split_gain=107.236 19.699 17.9937 17.3674 16.6761 16.3785 15.2714 19.2969 21.2722 33.4069 17.8616 16.6783 14.9021 15.568 27.3595 19.2289 15.7498 14.3069 13.7022 13.6144 13.5758 39.1648 42.2306 56.438 22.8684 29.9997 30.4349 17.2564 20.4283 14.1246
threshold=0.19833779335021975 2479.698608398438 0.051391525194048888 24.737689018249515 -0.99054482579231251 0.67071792483329784 1.5000000000000002 0.48877522349357611 0.86548283696174633 0.67087939381599437 -0.24372956901788709 0.084187224507331862 1.5261604189872744 5.039884328842164 -0.99983122944831837 -0.99273797869682301 0.73512393236160289 -11.807638168334959 8.5000000000000018 -0.16348250955343244 0.71503382921218883 0.49812944233417517 0.1637992858886719 7.7660980224609384 0.52766072750091564 3.5847167968750004 9.4963326454162615 0.67802080512046825 22.299015045166019 0.42785765230655676
decision_type=8 2 2 2 2 2 2 2 2 2 2 2 2 2 2 2 2 8 2 10 2 2 2 10 2 10 2 2 2 2
left_child=5 2 3 -2 -3 -1 -4 12 10 11 -9 -10 13 17 -15 -16 -17 -8 19 -14 21 -19 23 29 25 26 -24 28 -26 -23
right_child=1 4 6 -5 -6 -7 7 8 9 -11 -12 -13 18 14 15 16 -18 20 -20 -21 -22 22 24 -25 27 -27 -28 -29 -30 -31
leaf_value=-0.02697811394190704 -0.028945945196766153 0.053148840092794677 -0.0060296818935152985 0.03952043347233513 -0.017362548325024426 -0.0074729963629754717 0.010411675339752463 0.020522536555374959 -0.0066082683147167757 -0.02029786749968442 -0.018928495782034784 0.22551513587850658 0.0214001108675697 0.073888273320014616 -0.025293528511754874 0.015426790010917549 -0.014007138211536313 0.0002017493577311098 0.022980975660001145 -0.00071919982707363724 -0.011129069722981862 0.026610350407172426 0.15348475413659066 -0.017456860968439059 -0.021121238645638453 -0.0093502050021093738 -0.0020378819664817012 0.037138189974357139 0.057668717267428747 0.252420613786145
leaf_weight=135.85547177569242 25.801260112319145 2.2113450327306046 169.76143541419879 2.9260317608714095 63.383033576246817 55.404613082180731 136.87285860674456 66.980831367778592 0.27822114736772963 0.96026118914596736 11.368451552698387 0.40849989873822778 33.359776853350922 4.9882981218397608 12.995393892750142 124.17678721714765 18.026746454183012 1495.6097949613468 56.962844972033054 92.141553780995309 86.789894598594401 0.58700765261892163 2.7208815643098196 1.3835963709279893 17.68705126806163 2.9944648530799896 1.5906924046576021 10.181817016680723 2.5369837284088126 0.91069175477605313
leaf_count=123808 18440 407 11551 17 11495 11233 3057 5716 81 63 4003 112 420 40 176 1930 252 74936 591 1190 15670 138 116 782 2232 422 30 627 13 119
internal_value=0.000177772 0.00187234 0.00232154 -0.0208774 -0.014223 -0.0213961 0.00261361 0.00328836 0.0176604 0.101777 0.0146318 0.183309 0.0027334 0.00195174 0.0108758 0.00839041 0.0116238 0.00113373 0.0109033 0.00528307 0.000345359 0.00100044 0.029715 0.124422 0.019452 0.0636248 0.106526 0.00715001 -0.00898606 0.210005
internal_weight=2637.86 2446.6 2381 28.7273 65.5944 191.26 2352.27 2182.51 79.9963 1.64698 78.3493 0.686721 2102.52 1920.05 160.187 155.199 142.204 1759.87 182.464 125.501 1622.99 1536.2 40.5932 2.8813 37.7119 7.30604 4.31157 30.4059 20.224 1.4977
internal_count=289667 154626 142724 18457 11902 135041 124267 112716 9975 256 9719 193 102741 100540 2398 2358 2182 98142 2201 1610 95085 79415 4479 1039 3440 568 146 2872 2245 257
is_linear=0
shrinkage=0.03


Tree=93
num_leaves=31
num_cat=0
split_feature=4 0 4 2 28 28 28 28 15 18 13 28 25 22 4 5 6 28 29 28 12 18 30 17 31 25 23 22 28 11
split_gain=97.7442 21.2638 18.849 17.4177 17.1586 22.6629 39.4558 24.9534 33.6384 26.2241 27.1119 21.5757 18.6778 22.4019 16.0726 15.581 19.1924 14.2129 14.4132 30.8722 31.3235 27.5154 15.4912 18.638 18.3606 19.6978 18.2141 18.3899 17.2247 33.9831
threshold=-2.4196455478668208 2.5000000000000004 3.8775615692138676 3.8847197294235234 0.71503382921218883 0.49812944233417517 0.52766072750091564 0.51297098398208629 -0.94393712282180775 6.8469085693359384 0.026654924266040329 0.66527691483497631 0.2778321653604508 -0.50551047921180714 -2.3787120580673213 2.0455228090286259 0.72087419033050548 0.42179998755455023 0.31595529615879064 -0.92923668026924122 -0.89523616433143605 3.4841613769531254 1.5000000000000002 -0.90647554397582997 116.6488609313965 0.16481369733810428 0.84109017252922069 -1.1761838197708128 0.3903625756502152 7.9295349121093759
decision_type=2 2 2 2 2 2 2 2 10 10 8 2 2 10 2 10 8 2 2 2 2 10 2 10 2 2 10 10 2 2
left_child=-1 2 -2 4 5 17 7 -7 -9 10 -10 14 13 -13 -8 16 -15 18 22 20 21 -20 23 26 25 -25 -3 -28 -24 -30
right_child=1 3 -4 -5 -6 6 11 8 9 -11 -12 12 -14 15 -16 -17 -18 -19 19 -21 -22 -23 28 24 -26 -27 27 -29 29 -31
leaf_value=-0.024174306299979704 -0.021555871273482619 0.0093053803280100812 -0.002576642567741485 0.0134661670801391 -0.008478406264579989 0.027189808780344941 0.08974928845520555 -0.0042822440941062221 0.25710787623539588 0.013674105295341424 -0.0077143800254772599 -0.012564007981918901 -0.0072804590171113058 -0.0047267294282463566 -0.010742461012505261 0.015277333503316186 0.1169100526524571 -0.017048004318748863 0.15000729416430525 0.0072826936720860038 0.010274062058993181 -0.0080550221107226223 -0.0012307575700250847 0.061626444199521742 0.00054901070595666688 0.010928651356128572 -0.023832075692823518 0.047765587177046341 0.070561667424172442 -0.023140294238188898
leaf_weight=143.36870990309399 54.931656214699615 76.640992599073797 300.54972773918416 118.86467336118221 138.01819602522301 6.3163988879532535 0.50281514442758535 1.2830293188453654 1.2927430514246223 0.88236649433383707 0.34307889163028482 3.4576706269290307 7.0579634318128219 1.3322330661467274 31.537176386860665 3.6283565462799743 5.4687499844585545 34.230539712531026 3.1247145314700902 85.531099428131711 5.7408883241005224 1.1757987799355758 1003.1250988133252 6.6240698116598642 465.82082232774701 82.723906080820598 3.1267959194956374 22.292146778316237 7.3972185688326118 5.2911537492182106
leaf_count=128656 21060 4039 11388 573 23350 612 326 196 112 173 103 357 478 522 4442 91 435 3211 105 15658 633 115 39764 473 27195 3044 277 1440 365 196
internal_value=-0.000178288 0.00121906 -0.0055617 0.00235662 0.00169127 0.00244763 0.019978 0.0714196 0.123944 0.171924 0.219712 0.00901404 0.0319561 0.0510472 -0.00649676 0.0713906 0.0955313 0.0018233 0.00219798 0.0134681 0.060723 0.113425 0.00154651 0.00513167 0.00295076 0.0153278 0.0168513 0.0383896 -0.000775847 0.0326513
internal_weight=2621.68 2478.31 355.481 2122.83 2003.97 1865.95 63.1026 10.1176 3.80122 2.51819 1.63582 52.985 20.945 13.887 32.04 10.4293 6.80098 1802.85 1768.61 95.5725 10.0414 4.30051 1673.04 657.229 555.169 89.348 102.06 25.4189 1015.81 12.6884
internal_count=289389 160733 32448 128285 127712 104362 7847 1196 584 388 215 6651 1883 1405 4768 1048 957 96515 93304 16511 853 220 76793 36468 30712 3517 5756 1717 40325 561
is_linear=0
shrinkage=0.03


Tree=94
num_leaves=31
num_cat=0
split_feature=1 0 2 3 3 4 5 3 17 29 18 29 6 0 27 8 17 28 13 34 0 19 14 28 19 28 27 21 13 34
split_gain=95.7307 18.8352 31.5305 22.1394 23.6282 26.2545 21.7268 12.3147 14.4405 19.7617 19.0322 11.7209 10.9301 10.759 10.0141 17.4198 17.1929 14.9986 13.8575 11.316 11.0072 10.2701 10.0099 11.7621 10.9561 16.7884 15.6076 11.6222 11.478 11.3614
threshold=0.081464920192956938 6.5000000000000009 1.9370599389076235 -0.9482775330543517 1.5261604189872744 22.465523719787601 1.9605317115783694 -0.7895296812057494 0.73448023200035106 0.63089349865913402 3.6226043701171879 -0.99938741326332081 5.6692204475402841 5.5000000000000009 0.85250896215438854 7.4161808490753183 1.4362717270851137 0.3903625756502152 0.088820051401853575 0.15559704601764682 1.5000000000000002 -1.1557326912879942 -0.46281155943870539 0.35846313834190374 0.55004972219467174 0.9990701973438264 0.27867384254932409 1.7165842056274416 0.8726325035095216 0.50479984283447277
decision_type=2 2 2 2 2 2 8 2 10 2 10 2 10 2 2 2 10 2 10 2 2 10 8 2 10 2 2 10 10 2
left_child=7 2 12 -3 22 -6 11 8 -1 -10 -11 -4 -2 -12 16 17 20 19 -17 -16 -13 -18 23 -5 25 -24 29 28 -26 -27
right_child=1 3 6 4 5 -7 -8 -9 9 10 13 14 -14 -15 15 18 21 -19 -20 -21 -22 -23 24 -25 27 26 -28 -29 -30 -31
leaf_value=-0.020570530205796092 -0.014653063811754193 0.019469498654935451 -0.015599051517255488 0.0070983240635838045 -0.024126128947779026 0.019225128172866285 -0.0034405434636316078 -0.029739544124607883 -0.0083581866021279622 -0.0075446073111280071 -0.0079551945661490032 -0.019624345999364384 0.0036702498870996346 0.15042278297059458 0.059457726578596139 -0.010488340453667297 -0.016668664205175841 0.05143135895576912 0.016184110403341532 0.012541290523374772 0.0020186315975967433 0.033804236148743338 -0.0040078505777562268 -0.0099819795608830659 -0.0016877924027126308 -0.007688592511249483 -0.0061011936172553636 0.043982189905215401 0.014231095143606319 0.16512337254959367
leaf_weight=27.140136131085455 185.6929818962235 74.498380339355208 22.237682048697025 317.39140337926801 13.216578155988826 116.89797000959516 544.79093651345465 102.25056817993755 7.2700151492608693 1.4406153036979961 0.35381310258526344 22.383073173812591 34.335137040587142 1.1303530471632255 3.918016714975237 45.930257166270167 3.7176849879324463 10.058041203301398 26.985491439234465 117.45185072440654 220.33306380128488 20.851419906364754 462.15815891226521 40.069047645025421 123.09429181012092 0.34216187131823916 1.3333897111006079 5.6513159979949696 59.817533363762777 0.38078147592023015
leaf_count=14509 58370 8121 619 12800 1335 620 15575 110329 3416 281 139 2038 2262 238 96 558 250 220 393 2890 11768 751 25391 5110 7442 124 69 314 3191 17
internal_value=-0.00029794 0.00107029 -0.0015011 0.00373351 0.00268933 0.0146712 0.000687751 -0.024379 -0.00930508 0.0198439 0.0742131 0.00523948 -0.0117901 0.124663 0.00625296 0.0112367 0.00241514 0.0177205 -0.00053169 0.0145293 -4.95971e-05 0.0258137 0.00113313 0.00516122 -0.00107717 -0.00355282 0.0665646 0.00500411 0.00356722 0.126342
internal_weight=2613.12 2473.54 1258.69 1214.85 1140.35 130.115 1038.66 139.586 37.3349 10.1948 2.92478 493.867 220.028 1.48417 471.629 204.344 267.285 131.428 72.9157 121.37 242.716 24.5691 1010.24 357.46 652.778 464.214 2.05633 188.563 182.912 0.722943
internal_count=289236 160324 95790 64534 56413 1955 35158 128912 18583 4074 658 19583 60632 377 18964 4157 14807 3206 951 2986 13806 1001 54458 17910 36548 25601 210 10947 10633 141
is_linear=0
shrinkage=0.03


Tree=95
num_leaves=31
num_cat=0
split_feature=11 8 0 1 5 24 21 28 29 30 28 17 8 28 15 20 8 22 27 28 28 21 27 19 11 22 3 25 28 30
split_gain=101.346 16.9613 15.8285 25.788 19.0003 13.5965 14.5853 13.1918 22.736 15.9959 22.7539 25.9312 24.2877 22.7783 28.0537 25.3081 22.2062 18.7821 17.6062 21.2317 16.8663 15.1649 16.9041 14.6873 14.5549 14.1267 14.1066 14.0682 13.9559 16.8632
threshold=1.6408517956733706 4.5539617538452157 3.5000000000000004 11.394140720367433 2.2236543893814091 0.23454431444406512 -0.51223197579383839 -0.12546116113662717 -0.98801845312118519 1.5000000000000002 -0.21861968189477918 0.0095796305686235445 2.2580167055130009 -0.97113886475563038 0.95696118474006664 -0.12333526462316512 8.3343687057495135 -0.368576169013977 0.084187224507331862 -0.99054482579231251 -0.97876849770545948 0.2234270125627518 0.95627239346504223 1.3582804203033449 14.827176094055178 -1.3635581731796262 -0.15049175173044202 0.19510243833065036 -0.27694603800773615 2.5000000000000004
decision_type=2 2 2 2 8 8 10 2 2 2 2 10 2 2 8 10 2 10 2 2 2 10 2 10 2 10 2 2 2 2
left_child=1 -1 3 -2 -5 6 -3 8 21 10 11 18 -12 14 -13 17 23 27 19 -10 -16 22 24 28 -4 -18 -20 -15 29 -11
right_child=2 5 7 4 -6 -7 -8 -9 9 16 12 13 -14 15 20 -17 25 -19 26 -21 -22 -23 -24 -25 -26 -27 -28 -29 -30 -31
leaf_value=-0.02254973826036033 -0.013643211250509418 0.10570009272741911 0.0031867793185555299 0.0095254345453085788 -0.0039683037942660976 -0.011406289749669151 0.0027161007093580098 -0.00023612250870417203 0.13360008485767361 -0.0076599652460684941 0.074627972185822511 0.012086088688940875 0.017130287388705426 0.058731497791736059 0.012280413200484395 -0.015107040432638654 0.036818489927036194 -0.0052351727263301772 0.026032323207977309 -0.0097598142451525757 0.15633712265308697 0.0052854076307642566 0.099023771666354524 -0.020076671373274423 0.056382404693653826 0.0069860703038532729 0.0079923970506083891 0.013001000371920139 -0.017623940365184051 0.0054113202939808256
leaf_weight=187.30621254420839 141.54211309051607 1.4170302579877896 9.6981645921478101 151.967109502526 242.33556745992973 6.7146970885805795 2.6483726383885342 669.4741763927741 1.3786318938946354 133.69032840005821 7.8166078405920407 37.513113423774485 30.445122732315212 6.7189259151346041 1.4152373665128837 98.440770168846939 14.386244174558668 51.083887374552432 54.74695317161968 1.3178990664891888 1.0805036034435023 16.048416798235849 3.2845422932878128 37.554823197540827 8.0853099189698678 217.98409992503002 135.15593758830801 32.725076954229735 39.046450136986095 259.91356516088126
leaf_count=159041 28914 232 408 4493 5210 1134 672 35331 207 12824 471 2607 655 314 123 5328 220 2904 4053 360 24 564 61 2559 75 2855 4262 1217 1623 10780
internal_value=0.000132659 -0.0204377 0.00183482 -0.00270708 0.00124322 0.0150588 0.0523926 0.00313774 0.00501936 0.00426776 0.00861147 0.00655945 0.0304783 -0.000272753 0.0200053 -0.00464877 0.00141658 0.00676445 0.0146416 0.0798487 0.101529 0.0278285 0.0439829 -0.00233373 0.0290864 0.00898287 0.0133022 0.0220503 -0.000750864 0.000963406
internal_weight=2602.94 198.086 2404.85 535.845 394.303 10.7801 4.0654 1869 1199.53 1162.41 459.839 421.577 38.2617 228.978 40.0089 188.969 702.576 90.5279 192.599 2.69653 2.49574 37.1164 21.068 470.205 17.7835 232.37 189.903 39.444 432.65 393.604
internal_count=289521 161079 128442 38617 9703 2038 904 89825 54494 53386 22525 21399 1126 12517 2754 9763 30861 4435 8882 567 147 1108 544 27786 483 3075 8315 1531 25227 23604
is_linear=0
shrinkage=0.03


Tree=96
num_leaves=31
num_cat=0
split_feature=6 8 11 27 0 0 8 3 29 17 12 12 22 1 28 34 34 4 23 15 29 1 14 15 28 0 23 29 17 6
split_gain=99.288 18.9919 18.5726 17.8375 11.9743 11.2966 14.965 13.5936 20.4439 13.4996 15.3437 20.731 12.4789 11.6028 13.9539 13.3811 17.7238 11.4197 13.9007 13.4114 15.1403 11.1084 11.1036 12.1197 10.979 9.87138 9.62096 19.4115 12.149 10.8514
threshold=0.19171272218227389 2.217881560325623 7.9295349121093759 0.076523300260305419 3.5000000000000004 1.5000000000000002 18.712434768676761 -0.18123906105756757 0.011826144531369211 0.14981410652399066 -2.7749723196029659 -5.7860214710235587 1.8455102443695071 13.20686721801758 0.99818283319473278 1.5959101319313052 0.64172694087028515 5.4861268997192392 1.2399682402610781 1.6193484067916872 -0.9852197766304015 21.535994529724125 -0.83262476325035084 -0.52504795789718617 -0.99467751383781422 4.5000000000000009 -0.19698998332023618 -0.97507822513580311 -0.28231540322303766 5.1518781185150155
decision_type=8 2 2 2 2 2 2 2 2 10 2 2 10 2 2 2 2 2 10 8 2 2 10 10 2 2 10 2 10 8
left_child=2 3 -1 24 -5 21 7 8 12 -10 11 -11 17 14 -9 16 -16 19 22 25 -21 -3 -19 -24 -2 -7 27 -25 -28 -30
right_child=1 5 -4 4 -6 6 -8 13 9 10 -12 -13 -14 -15 15 -17 -18 18 -20 20 -22 -23 23 26 -26 -27 28 -29 29 -31
leaf_value=-0.026127156404714712 0.046515493443751957 -0.020372324215214076 -0.0007828700912633278 -0.012128993147743773 0.00032486957611851952 -0.012490908995444191 0.012182047247474091 -0.0052932725959286119 0.00075245149344021762 -0.0046466744078518174 0.023737999413929647 0.12833422813436754 -0.024415688298610277 0.0028891120550676068 -0.013486250258986835 -0.0095395525386300986 0.13934766900662046 0.03489083763404318 -0.018210416831866808 0.11152410070915483 0.0098406823524349631 -0.00040442587693383607 -0.012745726699314935 0.050103839210318447 -0.029068214971800496 0.0050028039953578128 -0.00057035053701296162 -0.0042968544542355503 0.054785194200519374 0.013606345970059126
leaf_weight=143.04009100788971 0.9558714102604452 31.756777246599086 31.837742009200156 84.122031504986808 377.96271205425728 36.808992864913307 171.27727573667653 242.23545754363295 5.6950436269398805 1.3245454782154409 7.1893857071408975 3.1414247513748714 10.32554967724718 1068.1515724177007 0.80353691033087604 1.8861178315710274 0.94513486977666616 25.506895184516907 9.7547955950722081 1.1071337400935588 4.1210106695070854 107.09356021462008 13.762261152267454 6.3092076200991825 29.554454639088362 124.09082776703872 9.5257944394834322 30.038887727074329 14.77568938303739 10.408296512439845
leaf_count=131036 376 4550 3163 16808 47146 3871 1447 23516 943 92 878 194 527 18953 119 206 64 525 282 66 286 1172 298 155 24399 6629 294 796 312 205
internal_value=0.000223425 0.00179773 -0.0215437 -0.00345732 -0.00196364 0.00313452 0.00377127 0.00287941 0.00847837 0.0392429 0.0565045 0.0952594 0.00655248 0.00153654 -0.00432744 0.0472934 0.0897623 0.00775083 0.0147602 0.00262629 0.0458227 -0.00508435 0.0178127 0.0123303 -0.0252992 0.000948341 0.0172965 0.00623458 0.0283815 0.038936
internal_weight=2605.51 2430.63 174.878 492.595 462.085 1938.04 1799.18 1627.91 313.886 17.3504 11.6554 4.46597 296.535 1314.02 245.87 3.63479 1.74867 286.21 120.082 166.128 5.22814 138.85 110.327 84.8201 30.5103 160.9 71.0579 36.3481 34.7098 25.184
internal_count=289308 155109 134199 88729 63954 66380 60658 59211 16353 2107 1164 286 14246 42858 23905 389 183 13719 2867 10852 352 5722 2585 2060 24775 10500 1762 951 811 517
is_linear=0
shrinkage=0.03


Tree=97
num_leaves=31
num_cat=0
split_feature=8 0 11 3 4 3 5 5 28 22 16 28 28 20 34 8 2 13 8 18 28 13 28 34 16 3 11 6 1 28
split_gain=85.1705 25.9339 25.0258 21.0106 26.2995 21.3645 18.1815 12.5116 17.6873 12.2741 12.1041 12.0818 11.9678 15.4009 14.1714 11.5092 10.8418 13.7864 10.7077 12.4569 13.0905 11.5772 15.6017 12.7779 11.2602 11.4311 12.8896 11.1397 14.9304 10.0084
threshold=0.20549450814723971 6.5000000000000009 5.3492898941040048 1.5261604189872744 22.465523719787601 -0.9482775330543517 -4.9543566703796378 2.2236543893814091 0.022575936280190948 -1.2382310628890989 -0.017215771600604054 -0.96689236164093006 -0.11692013591527937 0.27279753983020788 6.2634308338165292 24.131349563598636 2.7058720588684086 -1.2819826602935789 5.7881591320037851 6.1560211181640634 0.056951373815536506 -0.17807546257972715 0.71503382921218883 2.1653867959976201 0.60691267251968395 0.73512393236160289 6.5451679229736337 1.3933052420616152 6.4357738494873056 -0.67803022265434254
decision_type=2 2 2 2 2 2 8 8 2 10 10 2 2 10 2 2 2 10 2 10 2 10 2 2 8 2 2 10 2 2
left_child=6 2 -2 5 -5 9 29 8 12 -3 -6 -8 13 16 -14 -9 -4 -18 19 21 -21 -10 23 24 25 26 -23 -28 -29 -1
right_child=1 3 7 4 10 -7 11 15 18 -11 -12 -13 14 -15 -16 -17 17 -19 -20 20 -22 22 -24 -25 -26 -27 27 28 -30 -31
leaf_value=0.056874271719499735 -0.012798047014409409 -0.018741085837868036 -5.2745177482677505e-05 -0.023920820917166123 0.010690225222685404 0.0017426590331910813 0.0056861062513358686 -0.0050816240036538089 0.010949198204305304 0.022409683819143232 0.030264871148158092 -0.025834572117634024 -0.018521897599161372 -0.0065683860208317277 0.045968389532075556 0.0092803606902443249 -0.016536896505949215 0.017320176263846222 0.0025180441956389912 0.066422696129846637 -0.018858747135135887 0.0042854327701015724 -0.011576087902161801 0.014897807608292943 -0.0052935975287025068 -0.0045327456278659818 0.034340845564420262 0.0064101174599407963 0.11523452280292024 -0.014765629426245652
leaf_weight=3.1598810447612777 163.6027277399553 6.475018960190936 113.98639875173103 12.743587451754136 60.999889608472586 1003.8685402332339 11.499740782426668 472.76599871553481 41.135672558681108 65.849839268368669 55.216295342892408 141.85862202162389 45.482448622467928 134.70819452020805 2.3400560622103503 55.248938833363354 11.478214372415094 90.372316204477102 73.831337596755475 0.86177451396360893 12.087315192562526 2.3928272139746793 5.3083260039566076 11.522117155138401 2.2677532200468695 1.8934149423148472 4.8835353730246416 1.4460298637859503 7.6754517829976976 2.4574928347719833
leaf_count=144 48747 741 9736 1306 323 51789 5821 13059 1641 6592 302 130342 1749 8376 63 308 259 1924 1559 101 2582 153 426 202 172 73 398 153 201 197
internal_value=-0.000255115 0.00112356 -0.00189366 0.00426526 0.0156619 0.00288633 -0.0214662 -0.000249283 0.0028567 0.0185202 0.0201693 -0.0234494 -0.000572458 0.00136194 -0.0144893 -0.00356415 0.00631889 0.0133809 0.0110743 0.0178784 -0.00882827 0.0223381 0.0342565 0.0419609 0.0557337 0.063182 0.070812 0.0811353 0.10032 0.028038
internal_weight=2619.42 2460.44 1255.29 1205.15 128.96 1076.19 158.976 1091.69 563.673 72.3249 116.216 153.358 398.368 350.545 47.8225 528.015 215.837 101.851 165.306 91.4742 12.9491 78.5251 37.3895 32.0811 20.559 18.2913 16.3978 14.005 9.12148 5.61737
internal_count=289439 152935 91882 61053 1931 59122 136504 43135 29768 7333 625 136163 22107 20295 1812 13367 11919 2183 7661 6102 2683 3419 1778 1352 1150 978 905 752 354 341
is_linear=0
shrinkage=0.03


Tree=98
num_leaves=31
num_cat=0
split_feature=11 33 28 28 19 16 3 11 16 31 28 31 28 28 33 11 28 8 1 28 28 5 12 15 19 16 14 14 21 25
split_gain=86.434 25.6919 14.5992 26.9539 26.293 15.383 14.6347 12.8794 12.9379 12.5174 23.8247 16.0262 16.0131 15.8098 15.8125 15.9724 17.1528 12.8053 16.7753 16.1723 14.2867 12.3375 11.9692 11.1178 11.0829 14.5532 19.7694 10.7171 10.5401 10.2867
threshold=1.9752951264381411 0.001941387774422765 0.71503382921218883 0.67802080512046825 1.1941480040550234 0.43444590270519262 0.94135388731956493 11.618136405944826 -0.62436461448669422 69.397317886352553 0.57077592611312877 197.81072235107425 0.61237135529518139 0.65233618021011364 2.0259872674942021 9.6302804946899432 -0.71504372358322132 4.8240082263946542 3.0157532691955571 -0.77245554327964772 0.12545942142605784 -3.6211539506912227 22.299015045166019 0.06661445647478105 -0.20388948917388913 -0.3765884637832641 0.8840560019016267 -0.10884521901607512 -0.4140393584966659 0.15275570005178454
decision_type=2 2 2 2 10 10 2 2 10 2 2 2 2 2 2 2 2 2 2 2 2 10 2 8 8 8 10 8 10 2
left_child=1 -1 3 9 5 -5 -7 -4 -9 10 -2 13 -12 14 -11 16 -16 27 19 -19 21 -21 23 -17 25 28 -27 29 -3 -13
right_child=2 24 7 4 -6 6 -8 8 -10 11 12 17 -14 -15 15 22 -18 18 -20 20 -22 -23 -24 -25 -26 26 -28 -29 -30 -31
leaf_value=-0.024166964663354315 0.0088892607395470013 0.095205248916803042 -0.012101336029413559 0.0015164806872395614 0.1050299510259278 0.10717274251696166 -0.0086787173959301089 -0.03310426717713414 0.01649824432352549 -0.011835038331586703 0.17456346911952783 -0.0067678007687319471 0.00055647388325963084 0.075610155161982093 -0.010664971251774912 0.003186429418366863 0.061412277634953299 -0.003328249696691106 0.0039543782105459432 0.030483163048662949 -0.012409852452050295 0.10150519291109561 0.024036564165360121 -0.025384003606663645 -0.01308372894793973 -0.017127409673861515 0.055749626814264333 -0.0041091657368212547 0.01439196761620265 0.0051801951226074314
leaf_weight=159.73127469577594 147.5217215383891 2.0792221272131428 115.45425474445801 12.554087835655084 3.1262279590591779 1.8105845588142977 1.2932741986587641 4.6691906938794991 28.810618343763053 162.79202370293206 0.31955240527167805 79.753085641888902 0.75457871571416035 1.1277255591121491 4.2587964031845331 31.229971775785092 7.1793502720538509 7.7525329778436598 1030.5887468678411 6.2823402057401836 2.3238804457942015 3.9931180560961348 12.311178393661974 18.978124924702566 21.433435930521227 12.467458424216604 3.4597045044065444 387.35038494091714 3.5728868914884515 329.822268820717
leaf_count=148051 6512 479 16261 776 78 110 15 95 598 12764 71 6636 151 90 455 607 336 580 20784 254 244 374 60 497 10920 5349 1194 31431 1386 22531
internal_value=0.000105163 -0.0186556 0.00169576 0.00229806 0.0371634 0.0181217 0.068549 -0.0073706 0.00882106 0.00198845 0.0103717 0.00138651 0.111527 -0.00592711 -0.00663189 0.00482616 0.0358757 0.00233069 0.0045038 0.0308374 0.0505589 0.0646374 -0.00132985 -0.0078977 0.00189541 0.0166939 0.00106126 -0.000537134 0.0539635 0.00284285
internal_weight=2604.8 202.744 2402.06 2253.12 18.7842 15.6579 3.10386 148.934 33.4798 2234.34 148.596 2085.74 1.07413 237.877 236.749 73.9574 11.4381 1847.87 1050.94 20.3519 12.5993 10.2755 62.5193 50.2081 43.0127 21.5793 15.9272 796.926 5.65211 409.575
internal_count=289689 167379 122310 105356 979 901 125 16954 693 104377 6734 97643 222 14809 14719 1955 791 82834 22236 1452 872 628 1164 1104 19328 8408 6543 60598 1865 29167
is_linear=0
shrinkage=0.03


Tree=99
num_leaves=31
num_cat=0
split_feature=6 27 31 1 8 3 14 15 24 28 18 21 6 28 15 23 17 23 28 28 23 27 23 28 30 18 23 28 11 28
split_gain=84.3994 16.2524 16.1119 14.6322 14.3583 12.7325 12.4487 12.4142 26.6906 18.8538 16.9574 14.9505 12.0149 13.0682 11.6807 15.4609 11.6564 13.1116 14.2098 11.03 12.4165 10.6292 13.6376 10.1233 32.7737 17.7091 21.4417 20.2844 20.2736 11.5808
threshold=0.19833779335021975 0.051391525194048888 2479.698608398438 28.445338249206547 0.67071792483329784 1.7961651086807253 0.52673086524009716 0.045712731778621681 0.015480765141546728 -0.28519254922866816 8.6472167968750018 0.19087604433298114 12.504670143127443 -0.99054482579231251 0.23923193663358691 0.011051453184336426 0.83616104722023021 0.62818011641502391 0.022575936280190948 -0.70291268825530995 -0.58184456825256337 0.95627239346504223 -1.4629257917404173 -0.96689236164093006 1.5000000000000002 3.2394256591796879 -0.20750824362039563 -0.99275806546211232 6.2267231941223153 -0.90893998742103566
decision_type=8 2 2 2 2 2 10 8 10 2 8 10 10 2 10 10 10 8 2 2 10 2 10 2 2 10 8 2 2 2
left_child=4 3 5 -2 -1 7 -7 8 9 19 14 -11 13 -4 15 -9 -17 -18 -19 -3 -21 23 -23 24 25 -16 27 -27 -29 -25
right_child=1 2 12 -5 -6 6 -8 10 -10 11 -12 -13 -14 -15 21 16 17 18 -20 20 -22 22 -24 29 -26 26 -28 28 -30 -31
leaf_value=-0.02647256897276546 -0.029027666527981826 0.026812545013289054 0.043661360181080022 0.032846624459917803 -0.0075660761083978598 0.0051280079975404144 0.02550347928590984 -0.016093904277893183 0.00278307968980739 0.050788075293377311 -0.022753401479353324 -0.022824804604570762 0.011519732395908996 -0.023844569079285005 -0.0012148519616209583 -0.003803300498935778 0.0042924310471667438 0.005504599393512318 0.10143987852705008 -0.010065200160111195 0.1340887448867859 0.048563337636472845 0.0072560615687001905 -0.018661965204717631 -0.0051772667782505792 -0.018402516490961508 0.0098457800695790215 0.14493466656052192 0.049179902800926142 -0.00031839604550961575
leaf_weight=116.59948854311369 24.727977343252864 3.1911542827147059 1.8306546886451531 3.122497893869876 53.691838560916949 99.422314747236669 36.421439274214208 89.660097477782983 1242.9973739083507 3.4299358822754566 30.926307168439962 4.7412954195751809 12.78937074402347 46.283754325704649 8.6035788718145358 63.312186387716793 10.862385351676492 2.5994494547485365 2.3190405766945332 0.48024643759708885 2.4363156820181748 7.3422414027154437 56.549444916425273 31.687047980143689 47.245973385055549 1.540317627252082 8.0511837714584562 3.08498624444473 7.4631827312987298 592.18441212148173
leaf_count=123897 19338 735 348 18 11210 1154 440 4775 61115 976 8662 1654 220 10442 303 3077 382 111 154 79 282 69 1009 3343 3006 277 613 221 268 31462
internal_value=-0.000232889 0.00119265 0.00145919 -0.0211925 -0.0205904 0.00185532 0.0107374 0.00130741 0.00326982 0.0426856 -0.00125427 0.0102433 -0.0136506 -0.0204394 -0.000517649 -0.00763614 0.00203284 0.0242785 0.0602344 0.0785411 0.113843 0.00106313 0.0126782 -1.38101e-05 0.0102507 0.0349315 0.0497 0.0734635 0.0873103 -0.00127846
internal_weight=2615.6 2445.31 2417.46 27.8505 170.291 2356.55 135.844 2220.71 1257.28 14.2789 963.432 8.17123 60.9038 48.1144 932.506 168.753 79.0931 15.7809 4.91849 6.10772 2.91656 763.752 63.8917 699.861 75.9892 28.7432 20.1397 12.0885 10.5482 623.871
internal_count=289640 154533 135177 19356 135107 124167 1594 122573 64841 3726 57732 2630 11010 10790 49070 8499 3724 647 265 1096 361 40571 1078 39493 4688 1682 1379 766 489 34805
is_linear=0
shrinkage=0.03


Tree=100
num_leaves=31
num_cat=0
split_feature=8 11 6 29 18 25 15 3 23 33 0 18 21 17 24 29 11 29 3 25 18 29 20 16 24 20 8 34 12 3
split_gain=81.7658 21.6322 16.8587 17.3214 16.8936 17.0797 15.2742 14.5247 14.9835 17.5436 20.1605 12.124 13.268 15.785 12.5459 11.9746 11.495 11.1765 18.5042 12.0349 14.3385 27.1824 13.3578 10.3554 10.0513 10.8179 9.94077 9.93016 10.5165 15.7216
threshold=0.12212903425097467 9.6302804946899432 1.164174020290375 0.33222858607769018 3.2394256591796879 0.19979527592658999 0.99133428931236278 -0.76055395603179921 -0.16720008850097653 3.0007790327072148 6.5000000000000009 2.3223114013671879 0.44763103127479559 -1.0000000180025095e-35 0.094498354941606535 -0.97874867916107167 0.17797981202602389 -0.99273797869682301 1.0495780110359194 0.16229330748319629 1.9287567138671877 -0.99864786863327015 -0.66150918602943409 0.29968860745429998 0.44484606385231024 1.0000000180025095e-35 12.409204483032228 7.4628975391387948 19.064690589904789 0.73512393236160289
decision_type=2 2 8 2 8 2 10 2 10 2 2 10 8 8 10 2 2 2 2 2 10 2 10 8 10 10 2 2 2 2
left_child=-1 2 15 6 5 -5 -4 11 9 10 -9 -8 13 -13 -14 23 -6 18 19 24 21 22 -21 -2 25 -3 -18 28 29 -19
right_child=1 17 3 4 16 -7 7 8 -10 -11 -12 12 14 -15 -16 -17 26 27 -20 20 -22 -23 -24 -25 -26 -27 -28 -29 -30 -31
leaf_value=-0.023832616851160116 0.02549936793789542 0.06589636865849588 -0.0045199466110483824 6.2581428320976136e-06 0.05582988755176236 0.049878460177582629 -0.014835184354939379 -0.0026365092672743697 -0.016934753135269872 -0.031117038927564209 0.043237075262810065 -0.018225311053828498 -0.011664364197314309 0.059586911988648558 0.11903721553417393 -0.013465811574024407 -0.0084160883763228431 0.0052656087524950383 0.011691320686870928 0.0097895736102327231 -0.010379699887520414 -0.0097342287260409818 0.053123837126051267 -0.017074411336386191 -0.027024989703014934 -0.016890073319702707 0.020753457249564015 -0.010946150328450728 0.0088648244722052301 -0.0029635681592020098
leaf_weight=126.13091026269831 13.257742802496066 1.4251410427968938 492.49179658514913 9.7137256955611537 2.4291197575512333 15.990938448463565 2.7691698053386054 15.591487548954317 20.296350116375834 5.632097157649695 17.992890764435288 3.7699909100774676 0.61404673487413619 3.9571090423269188 2.3877990460023284 171.01624949031975 39.425601453869604 691.4117365248967 59.447846903000027 14.075311694294216 100.3959979985375 33.214534371159971 11.674034295603631 7.1836908799596157 35.370128614129499 2.6981457511428744 13.212760742288081 38.333307980326936 345.02808846905828 298.47704185522161
leaf_count=125089 2483 43 41316 1091 933 810 157 1675 1954 80 1404 442 74 337 206 61978 8092 23738 664 109 3572 320 97 1284 888 112 285 595 1669 7740
internal_value=-0.000369695 0.000837952 -0.00307836 -0.000756113 0.0121525 0.0317379 -0.00261808 0.0100986 0.00347751 0.0142002 0.0224799 0.0370376 0.0505494 0.0238847 0.0960675 -0.0108726 0.00260732 0.00284947 -0.00286724 -0.00725629 -0.00352107 0.00813527 0.0306876 0.0104392 -0.0218691 0.0190007 -0.000843827 0.00392605 0.004361 0.00278381
internal_weight=2595.41 2469.28 837.733 646.275 80.7721 25.7047 565.503 73.0109 59.5128 39.2165 33.5844 13.4981 10.7289 7.7271 3.00185 191.458 55.0675 1631.55 258.301 198.853 159.36 58.9639 25.7493 20.4414 39.4934 4.12329 52.6384 1373.25 1334.92 989.889
internal_count=289237 164148 124601 58856 11211 1901 47645 6329 5113 3159 3079 1216 1059 779 280 65745 9310 39547 5805 5141 4098 526 206 3767 1043 155 8377 33742 33147 31478
is_linear=0
shrinkage=0.03


Tree=101
num_leaves=31
num_cat=0
split_feature=8 31 28 0 3 27 29 28 8 4 28 29 17 29 14 0 31 17 29 27 18 28 31 27 24 28 23 3 15 27
split_gain=81.2779 17.594 20.7585 14.5728 15.1562 17.1959 22.7676 58.1696 21.3081 16.1491 15.7976 22.735 23.3123 18.2836 13.1329 12.9843 11.6919 15.9352 15.644 35.9522 49.6935 28.0533 32.9321 42.5755 43.189 34.1582 25.0077 22.6158 18.0138 17.8472
threshold=0.13262027502059939 2479.698608398438 -0.99054482579231251 1.5000000000000002 1.638525187969208 0.051391525194048888 0.7074720859527589 -0.67803022265434254 1.9558935761451723 22.465523719787601 -0.27694603800773615 0.85561370849609386 0.81376484036445629 0.88117334246635448 0.27734518051147466 8.5000000000000018 771.62255859375011 0.59309473633766185 -0.61236745119094838 0.1637992858886719 7.7660980224609384 -0.76141706109046925 346.99270629882818 0.68297490477561962 0.21925830096006396 -0.78326541185379017 -0.34913183748722071 0.52106276154518139 -1.4564862251281736 0.93440860509872448
decision_type=2 2 2 2 2 2 2 2 2 2 2 2 10 2 10 2 2 10 2 2 10 2 2 2 10 2 10 2 8 2
left_child=-1 3 -3 -2 5 -5 16 8 -8 -6 11 -9 13 -13 15 -11 18 -18 19 20 26 22 -21 24 -24 -26 -7 -27 -28 -20
right_child=1 2 -4 4 9 6 7 10 -10 14 -12 12 -14 -15 -16 -17 17 -19 29 21 -22 -23 23 -25 25 27 28 -29 -30 -31
leaf_value=-0.023279206535362647 -0.0066647581346936571 0.059963432031592739 -0.017460893931450922 -0.028299806864846483 -0.016563989337261824 -0.010273858110182995 0.027674409169455062 -0.0070321530941278828 0.17663368200659205 -0.00045639070067183217 -0.026368507395623957 0.12265659268386171 -0.014551948798610272 0.017246847614199739 0.025139147855418698 0.024234887665445817 0.0010028037648546078 0.012565209067022203 -0.0059744573442138014 0.0084462153637521777 -0.0204420642615405 0.00094359001756313596 -0.0071558087949743837 -0.00017792611821969832 -0.011459278091009047 0.25309538555586125 -0.0064789656806992866 0.022447681826825095 0.22995483026174698 0.026521855969844486
leaf_weight=126.8794181587873 174.24880991340615 2.3091350279864846 63.81493273365777 16.150120815844275 16.335258907056414 0.51544243324315187 1.8617651848471752 10.363299582269983 1.8877862340304998 64.462103882804513 7.0806323867291168 3.4213395536644367 2.6898522464907728 2.7937038535019383 58.35261826403439 26.257844056934118 259.60615210415563 182.05365095206071 397.8223898956785 20.067233835696246 2.126041310664732 1139.2089063114254 1.435547640430739 3.8146968602668494 0.60544586612377305 1.8539217720972381 0.27248149341903627 0.68402251740917552 1.1902572963153928 14.836602089460937
leaf_count=126867 13829 487 13686 13495 1798 165 217 1405 97 363 3782 233 355 775 323 138 7344 3362 45407 1148 1512 51334 125 194 88 148 52 43 231 349
internal_value=4.38744e-05 0.00124692 -0.0139041 0.00166787 0.0023194 0.00161908 0.00186772 0.0273434 0.12407 0.011031 0.00954552 0.0233929 0.0559361 0.0842318 0.0141451 0.00687652 0.00147597 0.00578648 0.000271519 0.00204064 0.0814901 0.00169189 0.0305956 0.0770133 0.129826 0.179013 0.161121 0.214847 0.201165 -0.00474481
internal_weight=2605 2478.12 66.1241 2412 2237.75 2072.34 2056.19 30.0984 3.74955 165.408 26.3488 19.2682 8.9049 6.21504 149.073 90.7199 2026.09 441.66 1584.43 1171.77 4.10422 1167.67 28.4609 8.39363 4.57894 3.14339 1.97818 2.53794 1.46274 412.659
internal_count=289352 162485 14173 148312 134483 131861 118366 6864 314 2622 6550 2768 1363 1008 824 501 111502 10706 100796 55040 1960 53080 1746 598 404 279 448 191 283 45756
is_linear=0
shrinkage=0.03


Tree=102
num_leaves=31
num_cat=0
split_feature=6 25 27 0 31 1 3 5 12 3 34 0 6 27 15 14 6 34 28 25 15 28 21 27 28 28 3 20 23 14
split_gain=69.5624 17.1517 16.2214 14.9054 14.2446 15.2289 21.2308 14.1935 13.7254 12.6603 15.6553 15.1609 12.5124 12.2672 12.0719 15.5122 13.5672 20.7337 18.3816 19.6889 12.0304 12.308 12.6366 15.1137 13.6196 12.6421 11.8751 11.589 18.1285 15.3673
threshold=0.1547767519950867 0.16356133669614795 0.051391525194048888 1.5000000000000002 69.397317886352553 47.646572113037116 1.0495780110359194 23.231354713439945 8.9321517944335955 -0.84506967663764943 0.29457640647888189 6.5000000000000009 5.2773146629333505 0.15304660052061084 -0.061590634286403649 -1.0453813076019285 3.6055645942687993 0.73999550938606273 0.86975130438804638 0.12457146495580675 -0.39406639337539667 -0.67803022265434254 -0.3086289763450622 0.52455195784568798 0.86975130438804638 -0.63921129703521717 0.60036975145339977 -0.21960144490003583 -0.50229331851005543 -1.158303380012512
decision_type=8 2 2 2 2 2 2 10 2 2 2 2 10 2 8 10 8 2 2 2 8 2 10 2 2 2 2 8 10 8
left_child=1 -1 7 8 -5 9 -7 -2 -4 11 20 12 -6 14 15 -12 17 18 19 -17 21 -11 23 24 27 -24 -10 -23 -29 -30
right_child=2 -3 3 4 5 6 -8 -9 26 10 13 -13 -14 -15 -16 16 -18 -19 -20 -21 -22 22 25 -25 -26 -27 -28 28 29 -31
leaf_value=-0.027308913164631118 -0.02806499775490489 -0.005625076132893838 -0.017624477055328016 0.01156438320218523 -0.011172689008595508 -0.0081314634436603622 0.019435082524467493 0.040980148759147829 0.020648096850707589 -0.020869221435432746 -0.0091177244112709294 0.016967775948397934 0.017272671647355766 0.00081497521620596937 0.0013862558153380912 0.20813386192696948 0.020636851984584741 0.01458364489931599 -0.0096629455057937932 -0.0081155991216735144 -0.017560548668307276 0.022417041156323911 0.059847815918270111 0.0042734347026570771 -0.016326993356458597 -0.011141227651401867 -0.0048307182240334926 -0.011329548956397709 -0.0079967520808219908 0.18151741936359414
leaf_weight=94.782021510414779 24.669536807050466 50.89957656385377 64.266232614929322 140.87741659174208 42.649229297647253 34.05171237885952 90.312735512852669 2.1074207723140708 19.085470396792516 14.880935773137024 3.9136071588727637 92.287532887305133 19.44424139498733 1675.0755041406373 15.067561737669168 1.2647050278028449 5.3728999107261197 2.1463429454597645 0.47274002473568533 0.36764072097139422 73.110026136215311 2.402319711225573 1.5264228421729047 8.612301456043495 1.1867447726544922 20.480919775553051 90.298575245309621 0.59866703097941276 0.36158698366489261 1.3964666650281286
leaf_count=110724 20400 19253 11600 6101 9771 139 455 12 403 2175 917 10477 766 68103 3219 296 595 785 192 115 15520 408 105 331 685 4120 1044 179 165 275
internal_value=0.000244684 -0.0198228 0.00144637 0.00170718 0.0023622 0.00174173 0.0118825 -0.0213513 -0.00673686 0.00109995 0.000401015 0.00932115 -0.00213259 0.0011538 0.0202971 0.0398016 0.0586798 0.0936729 0.143645 0.174849 -0.00982279 0.00129845 0.0106354 0.0313435 0.0642932 -0.00383021 -0.000238358 0.0837414 0.120951 0.153772
internal_weight=2593.97 145.682 2448.29 2421.51 2247.86 2106.98 124.364 26.777 173.65 1982.62 1828.24 154.381 62.0935 1703.68 28.6055 13.5379 9.62433 4.25143 2.10509 1.63235 124.556 51.4464 36.5654 14.5581 5.94579 22.0073 109.384 4.75904 2.35672 1.75805
internal_count=289330 129977 159353 138941 125894 119793 594 20412 13047 119199 98185 21014 10537 74222 6119 2900 1983 1388 603 411 23963 8443 6268 2043 1712 4225 1447 1027 619 440
is_linear=0
shrinkage=0.03


Tree=103
num_leaves=31
num_cat=0
split_feature=6 11 11 27 31 28 29 28 29 29 34 12 21 19 21 28 8 34 18 28 3 31 12 8 1 23 27 18 18 0
split_gain=69.7479 17.33 16.9581 15.5401 14.1656 16.4715 15.1336 18.0376 21.1605 27.3175 32.99 28.5152 21.2127 23.1479 19.8232 19.3062 19.2781 17.3167 20.9013 16.6652 18.5339 23.2708 22.8194 14.4351 13.7357 13.4713 13.2913 14.0362 13.2836 14.5296
threshold=0.19171272218227389 6.6552257537841806 16.325263977050785 0.051391525194048888 2479.698608398438 -0.99054482579231251 0.63089349865913402 -0.42957681417465204 -0.26037105917930597 -0.21022038161754605 1.1225432157516482 -3.6760371923446651 0.67747884988784801 0.44529315829277044 -0.28579482436180109 -0.38242425024509424 8.3343687057495135 1.960457503795624 7.6501007080078134 -0.27694603800773615 1.1842601895332339 260.51104736328131 0.66015782952308666 2.3435806035995488 6.9576928615570077 0.71448266506195079 0.50824373960495006 2.8841705322265629 1.8655853271484377 5.5000000000000009
decision_type=8 2 2 2 2 2 2 2 2 2 2 2 8 10 8 2 2 2 8 2 2 2 2 2 2 10 2 10 10 2
left_child=1 -1 3 -2 6 -6 7 8 16 10 11 -10 13 14 -13 17 -5 18 25 20 21 -8 -23 -24 -15 -9 27 -25 -4 -30
right_child=2 -3 28 4 5 -7 19 15 9 -11 -12 12 -14 24 -16 -17 -18 -19 -20 -21 -22 22 23 26 -26 -27 -28 -29 29 -31
leaf_value=-0.024823620226992874 -0.023620014192708351 -0.0011969347418941153 0.012693469898917108 -0.010853318433885316 0.050967785472378561 -0.018728499363593106 -0.00025681854056290853 0.015073433503162099 -0.014649109861260038 -0.00022950272905049033 -0.016061631964511408 0.075607559140302691 -0.0027075315433008713 0.025329161822461466 -0.01039985656878592 0.0017524905206252642 0.003441533762489798 0.05629528439562051 0.091055607463838298 -0.019429856587065704 -0.0036818561531128842 0.023522314941595998 0.011049670544894571 0.016609796724880131 0.17431672318661659 -0.022989582244539418 0.043102286117697758 0.17455311101955714 -0.0033961466463757932 0.0070124462669636598
leaf_weight=118.65643507789355 24.066226525930688 36.588932643411681 168.38663527346216 342.72454278171062 2.2913222114439113 51.312101457559038 9.7255108387325908 39.107238609460182 4.5470946971327129 224.85697119217366 9.4270065552555007 6.9358915913617238 3.1721874004579211 1.131986572640016 3.1493924815440497 874.57010970893316 112.22559000481851 8.6589011275209469 1.8526510030496854 8.8316743386676517 14.252136685652657 10.552031313767658 1.8978277936112116 0.85811205999925766 2.3571055091451854 9.6316949682077375 3.030744468793273 2.4918009351240471 196.36614139168523 310.27642701170407
leaf_count=129803 19499 4547 1489 27541 362 10547 1093 1217 380 20032 417 282 296 68 256 53615 2218 87 108 3803 440 1796 412 45 97 337 134 155 3817 4674
internal_value=0.000135352 -0.0192985 0.00137482 -0.000166088 0.000169837 -0.0148704 0.000653682 0.000146703 -0.00345269 0.00344611 0.0295085 0.0494986 0.0667603 0.082066 0.0502342 0.00288618 -0.0073273 0.0193133 0.0120152 0.0164878 0.0241722 0.0377283 0.0563703 0.0911918 0.14239 0.00724052 0.110302 0.147214 0.00541786 0.00297951
internal_weight=2603.93 155.245 2448.69 1773.66 1749.59 53.6034 1695.99 1644.35 710.528 255.578 30.7207 21.2937 16.7466 13.5744 10.0853 933.821 454.95 59.2505 50.5916 51.6398 42.8082 28.556 18.8305 8.27849 3.48909 48.7389 6.38066 3.34991 675.029 506.643
internal_count=289567 134350 155217 145237 125738 10909 114829 106951 51587 21828 1796 1379 999 703 538 55364 29759 1749 1662 7878 4075 3635 2542 746 165 1554 334 200 9980 8491
is_linear=0
shrinkage=0.03


Tree=104
num_leaves=31
num_cat=0
split_feature=27 1 6 31 0 18 8 17 16 11 15 24 31 28 28 15 6 19 29 28 33 24 15 11 17 16 6 16 28 27
split_gain=67.0164 22.4974 16.7898 17.9565 12.1179 20.0118 17.339 14.7792 13.9721 13.277 24.6735 24.2737 21.7869 20.5675 37.8208 22.0624 12.7478 11.9066 11.8689 10.9138 11.8797 10.6536 10.4106 10.3694 11.2528 15.4054 14.2568 10.1316 9.98917 13.2749
threshold=0.076523300260305419 24.737689018249515 29.643007278442386 2479.698608398438 7.5000000000000009 1.8655853271484377 0.5905786156654359 1.9474688768386843 -0.25105385482311243 5.077341079711915 -1.1694180369377134 0.40617933869361883 346.99270629882818 -0.75015330314636219 -0.81429189443588246 -1.0227897763252256 9.9773979187011737 -1.6094058752059934 -0.99938741326332081 -0.99467751383781422 0.31185002624988561 0.93632566928863536 -0.73998594284057606 9.0760340690612811 -1.5694605112075803 -0.10510608926415442 3.8462924957275395 -0.092928621917963014 0.98802474141120922 0.83602148294448864
decision_type=2 2 10 2 2 8 2 10 10 2 10 10 2 2 2 10 10 10 2 2 2 10 8 2 10 10 8 10 2 2
left_child=1 19 3 4 5 17 16 18 -9 10 -6 -12 -13 14 15 -14 -7 -2 -8 20 -1 -17 -18 -11 25 26 -25 -23 29 -15
right_child=2 -3 -4 -5 9 6 7 8 -10 23 11 12 13 28 -16 21 22 -19 -20 -21 -22 27 -24 24 -26 -27 -28 -29 -30 -31
leaf_value=-0.017568149310534294 -0.010141190475606323 0.033935609208774968 0.012530743930745658 -0.015890020481696378 -0.024219828447869501 -0.020157441179857502 -0.019755561244037247 -0.013440802056593567 0.03725318333619252 -0.0050042194541540137 0.00080731557029446298 0.015590955112755616 0.13504636998035796 -0.0056800967727050943 0.18481998569434879 -0.022964000162430984 0.08377756196785012 0.0072198536826116816 -0.0021091424873948554 -0.028522350521063191 0.095824725532430169 -0.016185518414530913 -0.016704062161418919 -0.014090736278021704 0.0025477692859188243 0.0015905167165107292 0.051625176228718636 0.079214159937781692 0.082347688340802375 0.067073743797621835
leaf_weight=1.4043189232470457 39.476227336621378 4.9241147222928694 99.906723244581372 61.04943869629642 13.025670972303486 67.060555666394066 34.56907841260545 6.4623042689636376 14.842295187525449 157.06036029336974 39.750005040492397 32.349370796757285 0.81000362668419246 8.6097786766476911 1.7799794420134292 3.0775101377512328 1.04479434620589 297.37642885377863 982.50660550041357 97.570244216825813 0.42716985521838058 1.1282759460737 1.1952825193293386 3.2390441367169869 584.3079279208323 21.163157126866281 14.087546308990566 1.7275954647921024 1.3905603276798491 1.9975588796660293
leaf_count=1188 1757 34 705 13078 2597 38753 1551 315 405 10175 12224 5259 128 1820 104 512 28 5841 62418 115928 20 148 88 117 13251 432 239 230 176 47
internal_value=-0.000447079 -0.0238868 0.000543797 3.79173e-05 0.000461884 -0.00123186 -0.00317896 -0.00220051 0.021963 0.00322318 0.0131527 0.0186112 0.0317332 0.0552728 0.0888563 0.042929 -0.0176 0.00516129 -0.00272774 -0.0270607 0.0333813 0.0126895 0.0415539 0.00186292 0.00359996 0.0191041 0.0392417 0.0471014 0.0264143 0.012619
internal_weight=2595.32 104.326 2490.99 2391.09 2330.04 1444.53 1107.68 1038.38 21.3046 885.504 105.646 92.6206 52.8706 20.5213 8.52336 6.74339 69.3006 336.853 1017.08 99.4017 1.83149 5.93338 2.24008 779.858 622.798 38.4897 17.3266 2.85587 11.9979 10.6073
internal_count=289568 117170 172398 171693 158615 111156 103558 64689 720 47459 23245 20648 8424 3165 1122 1018 38869 7598 63969 117136 1208 890 116 24214 14039 788 356 378 2043 1867
is_linear=0
shrinkage=0.03


Tree=105
num_leaves=31
num_cat=0
split_feature=27 4 18 27 8 15 1 11 20 20 4 33 24 27 3 18 3 33 28 11 28 21 28 3 30 17 18 5 5 5
split_gain=64.3354 34.35 15.0397 19.7892 14.8718 13.748 24.9491 13.4367 11.1692 16.3483 11.3987 15.6012 10.1836 9.50216 22.5842 17.1886 19.2546 15.9133 19.1303 18.8971 14.7911 13.9104 16.2098 12.8788 18.4204 16.2919 11.5172 11.3527 11.288 11.0822
threshold=0.076523300260305419 22.465523719787601 7.6023101806640634 0.72114697098732006 1.6379523873329165 -0.25395855307579035 6.176544427871705 12.867795944213869 -0.22948784381151197 0.74291762709617626 -1.7222983241081236 0.71550622582435619 0.57988771796226513 0.27867384254932409 -1.3676469922065733 7.3944091796875009 1.5261604189872744 0.7008100450038911 0.9990701973438264 5.3492898941040048 -0.67803022265434254 0.60495689511299144 0.67802080512046825 1.5261604189872744 1.0000000180025095e-35 0.081307500600814833 6.9511260986328134 -0.017482510767877098 8.7344632148742694 inf
decision_type=2 2 8 2 2 8 2 2 10 10 2 2 10 2 2 8 2 2 2 2 2 10 2 2 2 10 10 8 8 8
left_child=1 -1 13 4 -4 6 8 -8 -6 10 -10 12 -12 14 20 17 21 18 28 -20 -2 22 -17 24 26 -25 -15 -26 -16 -27
right_child=2 -3 3 -5 5 -7 7 -9 9 -11 11 -13 -14 23 15 16 -18 -19 19 -21 -22 -23 -24 25 27 29 -28 -29 -30 -31
leaf_value=-0.02728854034460295 0.10470828998078371 0.040815388758670787 -0.022992823957276056 0.027122946468942203 -0.011936785680710193 -0.013221471516293609 -0.029862370193237706 0.017050609181413611 -0.01191721309353736 0.013801802389095518 0.14919978190032809 -0.00039285480946260241 0.0067653321309752322 -0.013254851749895918 -0.011157548412963052 0.12693682889504684 -0.028434958663658319 0.021379921234409984 0.12150190206383957 -0.019387521171922044 0.0080707862310887106 -0.014381570869634989 -0.012632145901007447 0.020628230355962372 0.0043074382328929751 -0.0013740241612132432 0.027690448517608476 -0.00045832968790436904 0.010719644580851988 0.026128299990906205
leaf_weight=96.811969303351361 2.6128481383202597 6.2806589081883422 56.15542081661988 12.264747236156834 2.2874658172368063 46.496675452915952 11.040287247160451 9.2195284108165634 0.65101229271385808 5.0743488432490267 2.6774926349753501 1.0140041058184577 0.62704899406526227 107.92945226829033 66.004729612730443 2.7935699946829113 1.4366076891310511 35.057406996493228 1.1718877151724876 1.0208764873677862 2.6534150153747751 0.88270433415891592 0.72245251893764351 67.052144102752209 733.51536923891399 102.72457138262689 5.6352423626813097 1160.3521832231199 30.148874709033407 14.115035514812915
leaf_count=117502 209 40 33220 455 486 4976 923 262 176 874 424 154 100 12780 24479 515 27 2943 245 72 676 276 384 438 35837 822 948 45958 3271 99
internal_value=0.00031884 -0.0227872 0.00128685 -0.0079716 -0.0113299 -0.00286512 0.0118637 -0.00871608 0.0437927 0.0564165 0.0903286 0.105085 0.130023 0.00187468 0.00929942 0.00674087 0.0531685 0.00432956 -0.00190238 0.0703806 0.0650756 0.0801502 0.101812 0.00138104 0.000682864 0.0089577 -0.0109991 0.0013888 -0.00425824 0.00214198
internal_weight=2586.43 103.093 2483.34 147.508 135.243 79.0879 32.5912 20.2598 12.3314 10.0439 4.96956 4.31855 3.30454 2335.83 144.505 139.239 5.83533 133.404 98.3464 2.19276 5.26626 4.39873 3.51602 2191.32 2007.43 183.892 113.565 1893.87 96.1536 116.84
internal_count=289571 117542 172029 42050 41595 8375 3399 1185 2214 1728 854 678 524 129979 33097 32212 1202 31010 28067 317 885 1175 899 96882 95523 1359 13728 81795 27750 921
is_linear=0
shrinkage=0.03


Tree=106
num_leaves=31
num_cat=0
split_feature=8 3 0 3 1 34 27 27 17 31 25 25 17 31 33 27 18 25 28 1 30 28 27 17 31 21 15 15 6 27
split_gain=64.7675 18.1218 13.817 14.1269 17.4714 13.5923 13.8949 12.7338 12.6866 11.3577 14.1412 10.5542 10.4366 15.7882 12.5258 13.4346 15.9274 14.0596 12.007 27.2859 15.9546 13.2066 11.6776 22.762 23.5492 24.7641 18.0334 16.1308 14.1327 13.9015
threshold=0.20549450814723971 -1.3971115350723264 1.5000000000000002 1.5261604189872744 24.737689018249515 1.7141346931457522 0.93440860509872448 0.051391525194048888 0.019827900454401973 69.397317886352553 0.20253597944974902 0.1367822736501694 0.99285352230072033 771.62255859375011 1.5641899704933169 0.91254481673240673 3.2735443115234379 0.15914650261402133 0.99818283319473278 8.8748779296875018 2.5000000000000004 0.94978111982345592 0.24575163424015048 0.46368631720542913 513.0165252685548 -0.53369751572608937 0.41606841981410986 -1.290644586086273 4.6809558868408212 0.084187224507331862
decision_type=2 2 2 2 2 2 2 2 10 2 2 2 10 2 2 2 10 2 2 2 2 2 2 10 2 10 10 8 10 2
left_child=1 11 5 7 -5 6 -2 -4 -6 10 -9 -1 18 14 -14 16 17 -16 21 20 -20 22 23 -11 25 -25 27 -27 29 -29
right_child=2 -3 3 4 8 -7 -8 9 -10 12 -12 -13 13 -15 15 -17 -18 -19 19 -21 -22 -23 -24 24 -26 26 -28 28 -30 -31
leaf_value=0.061217615869507289 -0.017878765444417046 -0.024174337410463625 -0.027874804627705432 -0.014971783155902998 0.020800522612472262 0.0042053663593610378 0.010349080523014463 0.024525810348592227 0.0054415468384655906 0.0010053874206829212 0.0027752698213625673 -0.0013252927758914015 -0.0039967819509274206 0.01393247921717539 -0.017504247572776487 -0.003144354993490799 -0.0040091978112606966 0.036477251675610348 -0.01535865056033839 -0.015726520213914193 0.1022105283693506 -0.023378565891549307 -0.0010702519878427685 0.0050254712933618904 -0.022560933744222012 -0.011471697578582614 -0.014015502754955073 -0.0078937466689041856 0.0044793798270850041 0.1663874214189274
leaf_weight=2.0282983705401412 94.561867946234997 119.57826104405103 12.838043828785883 24.218801119830459 79.896504114381969 60.996115335379727 18.093963098013774 38.868540776195005 123.05465357284993 36.060369367653038 83.66003547096625 12.055489339109043 174.95398737117648 117.61458994244458 4.3728842444252214 43.682189341634512 18.159673974732868 33.071543554775417 1.0421728258370402 5.2101608540397137 3.5141000715666451 22.212872075964697 1432.7383045962779 3.9651646792190141 2.9731053657014845 0.61191494524246082 0.86448969418415789 0.35610884323250447 0.7316447035409509 3.5663368939422071
leaf_count=364 11153 130943 11823 2847 452 2590 437 2247 720 13523 3519 5162 13446 3941 261 648 828 739 528 181 278 5293 73610 933 1283 167 322 267 73 744
internal_value=-0.000143216 -0.0203979 0.000973361 0.00159878 0.00867848 -0.00715828 -0.0132938 0.000806952 0.0115603 0.00100215 0.00981767 0.0111433 0.000430493 0.00478757 0.000829191 0.00928817 0.0189381 0.0298818 -0.000699741 0.03087 0.0773942 -0.000925107 -0.000572995 0.0136604 0.0460257 0.066437 0.0998822 0.117833 0.133856 0.152176
internal_weight=2575.55 133.662 2441.89 2268.24 227.17 173.652 112.656 2041.07 202.951 2028.23 122.529 14.0838 1905.7 391.855 274.24 99.2863 55.6041 37.4444 1513.85 9.76643 4.55627 1504.08 1481.87 49.1291 13.0688 10.0957 6.1305 5.26601 4.65409 3.92245
internal_count=289322 136469 152853 138673 4019 14180 11590 134654 1172 122831 5766 5526 117065 19863 15922 2476 1828 1000 97202 987 806 96215 90922 17312 3789 2506 1573 1251 1084 1011
is_linear=0
shrinkage=0.03


Tree=107
num_leaves=31
num_cat=0
split_feature=6 8 27 31 16 27 29 17 29 3 17 17 25 29 33 14 29 3 27 27 31 29 12 12 21 20 19 27 29 31
split_gain=68.2664 16.1142 14.1175 12.3651 11.9259 10.2371 28.4655 27.9992 27.4968 12.1807 12.1296 10.4538 19.3589 14.9422 11.5394 10.2008 10.7144 9.90175 11.2998 17.2908 17.503 17.7337 16.2475 16.2442 17.2401 13.903 20.1834 15.8996 16.0445 13.8796
threshold=0.19833779335021975 1.605638384819031 0.051391525194048888 2479.698608398438 0.63941317796707164 0.29516129195690161 -0.99864786863327015 0.54326373338699352 -0.99938741326332081 -1.3971115350723264 0.88311114907264721 0.55490499734878551 0.16356133669614795 -0.73865258693695057 0.053162030875682838 -0.90447834134101857 -0.14250536262989041 1.4404339194297793 0.62311828136444103 0.46451613306999212 325.69728088378912 0.34840355813503271 2.0771338939666752 -8.0015149116516096 -0.47832362353801722 1.00287401676178 0.12295116856694223 0.44802866876125341 -0.26037105917930597 247.52179718017581
decision_type=8 2 2 2 10 2 2 10 2 2 8 10 2 2 2 10 2 2 2 2 2 2 2 2 10 10 8 2 2 2
left_child=1 -1 -2 5 -3 6 7 -4 -9 -8 11 -11 13 14 -13 -15 -17 18 19 25 23 -22 -23 24 -21 27 -27 -7 -29 -20
right_child=2 4 3 -5 -6 17 9 8 -10 10 -12 12 -14 15 -16 16 -18 -19 29 20 21 22 -24 -25 -26 26 -28 28 -30 -31
leaf_value=-0.025020101989714428 -0.021590007987609731 -0.0091919352176444823 -0.017061621996491493 -0.011854049814800023 0.036544836070577624 -0.0078152447779125875 0.055499567392438852 0.012491239113759343 0.21761785856233143 0.0064183561067146355 -0.007759921228495858 0.0024681998138139979 -0.0013377970433151223 -0.021184001745186833 0.15136920232778217 -0.011252157964081034 0.063798916055453861 0.0076064681014329548 -0.0037729893029721257 0.085310466347965103 -0.021314446992087979 0.094561001419614765 -0.018848560593523658 -0.004631105386132317 0.00040815177360938178 0.053524355308138621 0.0032230038755073154 0.0059658237105007679 0.058164497789514366 0.0033158836489194034
leaf_weight=110.57009862840641 22.389268486469518 32.980811210058164 1.2649287754902609 57.006508506077807 5.0471029552281825 86.630873883608729 3.596872500376775 1.1002384740859268 0.69395608536433417 101.89669948263327 42.791038051829673 0.64290556852938507 10.381311102246398 1.9419886695686717 1.1380066078854723 1.9084169453126358 6.033385630755224 221.49357742024586 305.72788366628811 2.8885451720561832 93.942648710450158 1.3881946182809763 1.6466679656878112 87.239932637196034 4.8430411528097457 10.265851605450733 20.17739145853557 27.457582770497538 5.656604570685885 1312.3868794549489
leaf_count=129773 19288 4510 201 10994 688 14018 248 121 65 21122 7391 191 1418 402 61 595 1325 1795 12314 285 13847 190 240 9140 530 521 2620 1262 292 33991
internal_value=0.000400101 -0.0192707 0.00160818 0.00183236 -0.00234086 0.00216853 0.00916392 0.0877594 0.141318 0.00724837 0.0058828 0.0106173 0.0289044 0.0537997 0.117833 0.0324954 0.0465227 0.00160864 0.000927401 -0.00401848 -0.0099624 -0.0188585 0.043606 -0.000776584 0.0382655 0.00359384 0.0213481 -0.0010593 0.0163261 0.001975
internal_weight=2583.13 148.598 2434.53 2412.14 38.0279 2355.14 173.39 3.05912 1.79419 170.331 166.734 123.943 22.046 11.6647 1.78091 9.88379 7.9418 2181.75 1960.25 342.137 191.949 96.9775 3.03486 94.9715 7.73159 150.188 30.4432 119.745 33.1142 1618.11
internal_count=289438 134971 154467 135179 5198 124185 33140 387 186 32753 32505 25114 3992 2574 252 2322 1920 91045 89250 42945 24232 14277 430 9955 815 18713 3141 15572 1554 46305
is_linear=0
shrinkage=0.03


Tree=108
num_leaves=31
num_cat=0
split_feature=6 0 11 18 14 13 21 16 17 11 15 15 29 12 24 30 6 15 27 8 12 15 15 21 1 29 8 21 18 12
split_gain=63.2856 13.7982 17.9193 10.3259 9.07802 12.0199 12.5775 12.2714 12.6149 14.7655 19.6746 25.0929 17.326 16.8792 23.596 24.6356 18.3038 12.1216 11.4975 12.0283 11.447 10.4402 11.1667 10.3284 10.1738 14.7637 9.15488 8.45957 14.6072 8.76916
threshold=0.088759157806634917 7.5000000000000009 4.2402455806732187 13.304382324218752 -1.9668400883674619 -0.27657417953014368 1.6773089766502383 -0.72627970576286305 0.5244080424308778 6.2267231941223153 -1.1694180369377134 -0.40380246937274927 -0.99983122944831837 1.7295175790786745 0.98002657294273388 1.0000000180025095e-35 6.8125019073486337 -0.052175927907228463 0.18817204236984256 4.9181418418884286 -4.3990530967712393 0.86749795079231273 1.3742134571075442 1.6773089766502383 32.497514724731452 -0.98212954401969899 13.356622219085695 -0.23190467059612271 1.4247894287109377 0.40090739727020269
decision_type=8 2 2 8 10 10 10 8 10 2 10 8 2 2 8 2 10 8 2 2 2 10 10 8 2 2 2 10 10 2
left_child=-1 2 -2 4 -3 6 7 20 -9 10 -10 13 -11 14 15 -12 18 26 -17 -20 -6 -7 23 -23 25 -24 27 -14 -29 -30
right_child=1 3 -4 -5 5 21 -8 8 9 12 11 -13 17 -15 -16 16 -18 -19 19 -21 -22 22 24 -25 -26 -27 -28 28 29 -31
leaf_value=-0.022487331325655426 -0.011422010262311376 -0.013429640698029011 0.00011367320794325664 -0.024522774478012356 0.051646145527656499 -0.00066533333067484801 -0.015395912529686973 0.0013960264370867258 -0.013361233426892124 0.071649885070454208 -0.014935215830256343 -0.012070186452466393 -0.010829278802589612 0.019196082589846484 0.01177397627919481 0.0075211019963756448 -0.011397321881573441 0.041145209944853052 0.17961779286273621 0.028474260332529436 0.016002652944485482 0.0125545818206252 0.032558356198354815 0.067475746542528525 0.019518679848695642 -0.018729670832833913 0.023409607005661009 0.046914706895803168 0.017007468640687071 -0.0093728065208422105
leaf_weight=107.86376362841111 131.78549661586294 25.088111022661906 1387.9412468631053 10.544053344812708 9.4774927585385722 413.64493922068505 17.534559696214274 147.70222868589917 5.8579247636371319 2.8619449175894252 0.97605337697314176 4.7699710807646651 36.613890211097896 6.040614948491565 3.1575211668969141 0.59728260181145731 0.58120928611606348 7.5972132175229481 3.9703361059073359 0.99529587384313334 44.620874144718982 94.359135288919788 5.0453281513182402 2.2585762125090687 12.391726195812224 31.443500683933966 17.182807484641671 6.3887733118608585 18.101255981018767 26.929500069236383
leaf_count=119608 48970 1695 58459 6249 400 24431 1320 8555 1083 62 382 911 1280 420 735 459 27 137 375 29 2595 5923 268 85 63 3456 131 58 757 537
internal_value=-0.000100474 0.000883284 -0.000893515 0.00370364 0.00404374 0.00453371 0.00878558 0.0100577 0.00756191 0.0138933 0.0335245 0.0465637 0.00907211 0.0634102 0.0853902 0.112566 0.132076 0.00686899 0.146519 0.159174 0.023071 0.00177053 0.00865285 0.0145165 -0.00299598 -0.0109587 0.00402998 2.69229e-05 0.00781633 0.00137052
internal_weight=2584.32 2476.46 1519.73 956.732 946.188 921.1 361.957 344.422 290.324 142.622 26.9462 21.0883 115.675 16.3183 10.2777 7.12018 6.14412 112.813 5.56291 4.96563 54.0984 559.143 145.498 96.6177 48.8806 36.4888 105.216 88.0334 51.4195 45.0308
internal_count=289460 169852 107429 62423 56174 54479 20253 18933 15938 7383 4421 3338 2962 2427 2007 1272 890 2900 863 404 2995 34226 9795 6008 3787 3724 2763 2632 1352 1294
is_linear=0
shrinkage=0.03


Tree=109
num_leaves=31
num_cat=0
split_feature=6 31 25 27 1 6 30 31 17 3 0 12 18 12 3 17 0 11 27 21 21 18 31 18 27 16 17 15 27 12
split_gain=58.2812 14.0536 13.1648 12.3835 11.3175 9.11046 11.5805 16.0262 15.0971 15.8826 14.8121 14.001 13.1291 10.9241 15.8995 13.2713 12.461 12.7328 16.727 25.7925 17.7909 16.9178 16.355 16.9487 10.9051 10.8775 10.4222 23.3122 13.8044 16.4143
threshold=0.1547767519950867 2479.698608398438 0.16356133669614795 0.051391525194048888 24.737689018249515 14.907233238220217 1.5000000000000002 771.62255859375011 1.1734912395477297 0.73512393236160289 1.5000000000000002 10.828636646270754 7.7105102539062509 12.51738214492798 0.1242237724363804 -0.8092309534549712 2.5000000000000004 5.077341079711915 0.33870968222618109 -0.35039946436882013 -0.90820664167404164 7.7105102539062509 260.51104736328131 3.4841613769531254 0.98387098312377941 -0.14226032793521878 -1.0308746695518491 -1.5178775787353513 0.29516129195690161 -1.3810988068580625
decision_type=8 2 2 2 2 10 2 2 10 2 2 2 10 2 2 10 2 2 2 10 10 8 2 10 2 8 8 10 2 2
left_child=2 3 -1 4 -2 6 10 13 9 12 -5 -10 -9 15 24 -8 -17 18 19 20 25 -22 -20 -24 -15 -18 27 -12 29 -28
right_child=1 -3 -4 5 -6 -7 7 8 11 -11 26 -13 -14 14 -16 16 17 -19 22 -21 21 -23 23 -25 -26 -27 28 -29 -30 -31
leaf_value=-0.026931779001479566 -0.028563526558937766 -0.013075803904457735 -0.0068922267965750685 -0.014698434024835963 0.032718627643868334 0.0055539299926586922 -0.016148003805811734 0.0026720958020420684 0.0087605742352013828 -0.01864009526724969 0.080888171049414134 0.039920283819005503 0.0690744666665771 0.067581040728082895 4.3341694897801631e-05 -0.016592825984725147 0.050371985514233775 -0.0046105632934087901 -0.024338048579187029 -0.00063621452268666269 0.09095908557766505 -0.016546945431501071 0.025942658639128792 -0.014036800412794294 0.005975630257770842 -0.014845906496072175 0.034769120623521693 0.010924946776731134 0.0018153218690595138 0.001697107359185318
leaf_weight=81.712086176208686 19.183898504357789 61.926880913844798 47.224121771520004 35.31483751203632 2.2825306281447402 410.63976693945006 90.947803875838872 316.47686935239471 56.697992732864805 31.932602101704106 3.5803821865702039 16.187215449754149 1.705082332366145 4.3573099067434651 286.50316175818443 58.46012349484954 2.9739501026342623 340.60602388286497 18.900553883635439 18.87774829310365 7.8065879619680318 1.2220573695376522 21.592933712643571 15.677997864899224 5.4142003003507853 4.6869281195686225 25.371501778543461 78.614423595136032 472.21600674657384 27.908301312243566
leaf_count=110490 19664 12351 19326 3941 15 4152 11620 9545 1380 905 136 144 293 58 2571 10052 584 23766 2824 5952 1413 721 1994 3373 122 1307 3365 5475 23812 8153
internal_value=-0.000124512 0.00091847 -0.0197016 0.00128854 -0.0208811 0.00149942 0.000640572 -0.000987377 0.00380401 0.00119993 0.00393091 0.0161275 0.00324323 -0.00329739 0.00138876 -0.00568223 -0.00371399 -0.00193829 0.007926 0.0237199 0.049748 0.0762088 -0.00231454 0.00919797 0.0371704 0.0133645 0.00503588 0.0149082 0.00346634 0.0177962
internal_weight=2567 2438.07 128.936 2376.14 21.4664 2354.67 1944.03 1301.03 423 350.115 643.005 72.8852 318.182 878.027 296.275 581.753 490.805 432.345 91.7388 35.5673 16.6895 9.02865 56.1715 37.2709 9.77151 7.66088 607.691 82.1948 525.496 53.2798
internal_count=289504 159688 129816 147337 19679 127658 123506 78624 12267 10743 44882 1524 9838 66357 2751 63606 51986 41934 18168 9977 4025 2134 8191 5367 180 1891 40941 5611 35330 11518
is_linear=0
shrinkage=0.03


Tree=110
num_leaves=31
num_cat=0
split_feature=8 12 29 27 25 29 27 13 18 29 28 29 28 6 24 29 29 17 15 6 20 21 31 29 17 12 28 8 28 12
split_gain=56.0877 13.1514 21.6486 31.0616 18.466 18.4451 30.268 24.2373 19.265 17.5696 24.9705 17.0094 17.2639 22.7148 21.4367 13.8609 27.4845 17.9129 19.7576 15.8234 15.6374 12.9753 17.1144 19.6275 14.841 13.9774 12.9586 15.2294 12.85 12.1196
threshold=0.097306016832590117 10.828636646270754 -0.99465739727020253 0.25143370032310491 0.23038215190172198 -0.97874867916107167 0.86881721019744884 -0.41317290067672724 3.7730560302734379 -0.99864786863327015 0.039769539609551437 0.31595529615879064 -0.92923668026924122 10.37556838989258 1.1415545344352724 -0.94137725234031666 -0.90892156958580006 0.21930210292339328 0.33062581717967993 9.9773979187011737 0.90751948952674877 1.2410274744033816 325.69728088378912 -0.9852197766304015 0.1201038882136345 5.8047788143157968 0.99818283319473278 3.2385717630386357 0.99865421652793895 -0.15418450534343717
decision_type=2 2 2 2 2 2 2 10 8 2 2 2 2 10 10 2 2 10 10 10 10 8 2 2 10 2 2 2 2 2
left_child=-1 2 3 4 9 6 7 21 11 10 -2 15 13 14 -13 -7 17 18 -17 -18 -19 24 23 -23 -4 -26 -10 -28 -29 -14
right_child=1 -3 5 -5 -6 8 -8 -9 26 -11 -12 12 29 -15 -16 16 19 20 -20 -21 -22 22 -24 -25 25 -27 27 28 -30 -31
leaf_value=-0.022714916081917134 -0.010129910488821751 0.0029913401349469853 -0.0010430761665797977 -0.015918674626018842 -0.016311726999567948 -0.0099157371028573346 -0.0095948665249419498 0.0035664583025452599 -0.0075159267150457544 -0.011300773735986524 0.21466996959004281 0.10894773742710104 -0.018794181747789535 -0.026075723850289001 -0.017144514107919718 -0.018343545543227615 -0.002937113436082087 0.035442163828826347 0.024010361338213201 0.011070359882171468 -0.0080550952936490079 0.018105676191743435 0.013833080551408536 0.17576616506718887 0.045061651340300983 -0.0063162735207598518 -0.013640247804980112 0.12955687442474395 0.024059394997067433 0.02015061061101835
leaf_weight=98.13708920875797 0.49762095714686416 982.09814498969354 12.649181512766516 121.94063250900945 1.1658441429026423 105.08416531648254 49.356331732589751 48.720014801365323 420.07042752974667 0.59742623439524267 0.59101021569222212 4.5408505946397772 8.9838216593489033 1.7502330634742973 1.2387696966761721 20.446389560354874 462.04386507847812 43.584181016893126 17.4350368155865 85.076512502040714 8.5334345656447095 1.4408757891505959 2.853568650316447 1.1671555150533084 28.23453973402502 5.4219866516068569 4.4000897000660171 0.68947271036449809 4.4555912060895935 25.515327502507716
leaf_count=120772 108 9335 1049 7428 269 3615 1497 3872 91743 169 47 321 2109 31 147 644 32566 1078 468 2309 213 130 200 66 1319 120 1661 73 410 5251
internal_value=-0.000589358 0.000298354 -0.00147929 -0.0133876 0.0708716 -0.000380535 0.00951403 0.0189018 -0.0016088 0.114785 0.156261 0.00118921 0.019527 0.0578634 0.0833794 0.000125913 0.00179509 0.0170617 0.00126613 -0.000742746 0.0283026 0.0329933 0.0740394 0.117822 0.0266893 0.0368414 -0.00670726 0.0262189 0.0569792 0.00976537
internal_weight=2568.72 2470.58 1488.48 124.793 2.8519 1363.69 149.844 100.487 1213.85 1.68606 1.08863 784.233 42.029 7.52985 5.77962 742.204 637.119 89.999 37.8814 547.12 52.1176 51.7673 5.4616 2.60803 46.3057 33.6565 429.616 9.54515 5.14506 34.4991
internal_count=289020 168248 158913 8021 593 150892 8253 6756 142639 324 155 48752 7859 499 468 40893 37278 2403 1112 34875 1291 2884 396 196 2488 1439 93887 2144 483 7360
is_linear=0
shrinkage=0.03


Tree=111
num_leaves=31
num_cat=0
split_feature=6 27 25 29 28 1 3 28 11 13 11 28 19 21 25 16 28 28 3 25 27 12 27 28 29 19 34 28 28 1
split_gain=58.0476 14.8201 14.0213 11.1133 31.6952 58.7177 21.313 18.748 17.0952 16.1721 15.3755 11.4153 16.466 11.1208 9.51873 9.83682 8.30099 27.3947 21.4454 23.4846 32.6901 23.5944 17.8874 15.5323 15.6628 14.8604 14.7267 13.8703 13.566 26.6056
threshold=0.19833779335021975 0.051391525194048888 0.16356133669614795 0.48877522349357611 0.86548283696174633 26.97043609619141 2.0380684137344365 -0.27694603800773615 1.4003416299819949 -1.6101424694061277 1.2704867720603945 -0.49813632667064661 -0.69025653600692738 0.20090925693511966 0.26528945565223699 -0.39189176261425013 0.71503382921218883 0.66527691483497631 0.73512393236160289 0.2778321653604508 0.81953403353691112 -3.4647879600524898 0.084187224507331862 0.89787620306015026 -0.38243420422077173 -0.010726173873990772 2.4601597785949711 -0.99054482579231251 0.99818283319473278 6.0585069656372079
decision_type=8 2 2 2 2 2 2 2 2 10 2 2 10 10 2 10 2 2 2 2 2 2 2 2 2 10 2 2 2 2
left_child=2 -2 -1 8 7 6 9 10 -3 -6 11 12 -5 -13 -9 -16 17 22 19 20 21 -19 25 -18 26 -10 -25 -27 -26 -30
right_child=1 3 -4 4 5 -7 -8 14 16 -11 -12 13 -14 -15 15 -17 23 18 -20 -21 -22 -23 -24 24 28 27 -28 -29 29 -31
leaf_value=-0.026434775805871454 -0.023217025639488329 -0.019400060265360196 -0.006824253255942098 0.056778235907837371 -0.005262460910648064 -0.029837206838005594 -0.0080692304869668559 -0.021349105000419599 -0.0025687483651069469 0.2482654700664737 0.0081777254637043304 0.098238874739288301 -0.013357598994772303 -0.012867802244209274 -0.031161053561995125 0.048332139958733124 -0.023606879343870322 -0.013886792360434233 0.0060912177774119277 -6.4415921469084222e-05 -0.019273526080700862 0.14038602262113298 0.0012619771737451665 -0.005217516064473497 -0.010806981579548219 0.13386804451219594 0.065607844432331086 -0.01126955303619207 0.073973351389106087 -0.0024307092085619959
leaf_weight=83.047469858196564 21.155047174950596 35.38079534022836 55.302775288117118 4.885668469243682 0.2101691158604807 1.665884632617235 0.35789874335750926 22.435029781074267 2.0732698122155853 0.93929492472670917 56.997965493821539 3.3697557916748329 5.5484193466836578 0.73407999653136347 1.304672307684086 3.0860610465751952 32.592444933019578 0.85138239676598448 13.686426337691953 3.8618295401101932 1.6696654537227003 4.9092702398193087 2112.824213624408 4.4847893670084868 65.002888876420911 1.3716570976539513 4.9862807887839153 0.59643519658129562 4.4418583320803036 16.417139976518229
leaf_count=113614 19379 18898 21446 549 42 9 24 6223 346 232 3467 534 1655 281 94 255 4611 194 216 274 83 291 89404 481 5535 120 80 193 575 533
internal_value=0.00012876 0.00120903 -0.0187011 0.0014333 0.0110978 0.0921565 0.185109 0.00758159 0.00100298 0.221028 0.0155504 0.0420695 0.0215764 0.0797373 -0.013464 0.0233126 0.00132942 0.0017737 0.0323944 0.0611856 0.0892511 0.118904 0.00139726 -0.0060652 0.000114753 0.0578422 0.0347749 0.100906 -0.00406479 0.0164791
internal_weight=2566.19 2427.84 138.35 2406.69 101.535 3.17325 1.50736 98.3617 2305.15 1.14946 71.5359 14.5379 10.4341 4.10384 26.8258 4.39073 2269.77 2141.84 24.9786 11.2921 7.43032 5.76065 2116.87 127.925 95.333 4.04136 9.47107 1.96809 85.8619 20.859
internal_count=289638 154578 135060 135199 13365 307 298 13058 121834 274 6486 3019 2204 815 6572 349 102936 91121 1058 842 568 485 90063 11815 7204 659 561 313 6643 1108
is_linear=0
shrinkage=0.03


Tree=112
num_leaves=31
num_cat=0
split_feature=6 27 0 34 8 27 27 17 12 12 27 25 5 27 11 16 18 23 31 13 24 0 23 24 5 17 5 33 27 34
split_gain=52.3728 16.593 11.3081 11.7621 11.495 11.0588 14.705 12.6346 21.7473 16.9942 16.9999 18.2012 28.5754 27.1984 18.4892 16.1613 15.955 13.6521 11.6828 11.6735 11.9 10.9461 11.8851 12.6908 16.134 13.1303 9.96515 9.34773 9.08752 16.6147
threshold=0.19171272218227389 0.11469534039497377 1.5000000000000002 0.84969079494476329 18.712434768676761 0.051391525194048888 0.33870968222618109 0.45452280342578893 -0.014388026669621466 -5.7860214710235587 0.13655914366245273 0.16356133669614795 -3.0404305458068843 0.31702509522438055 7.1266415119171151 -0.6353502869606017 2.6401519775390629 0.41173082590103155 2479.698608398438 0.018099665641784671 1.0839508771896365 5.5000000000000009 -0.46368254721164698 0.79601609706878673 -0.026190475560724732 1.1734912395477297 23.231354713439945 0.10717393457889558 0.078104577958583846 0.45294173061847692
decision_type=8 2 2 2 2 2 2 10 2 2 2 2 8 2 2 10 10 8 2 10 8 2 10 10 10 8 10 2 2 2
left_child=1 -1 3 -2 5 26 7 28 9 -9 -11 12 -12 -13 15 -14 -17 19 -8 20 -15 -3 23 -23 -25 27 -4 -26 29 -7
right_child=2 21 4 -5 -6 6 18 8 -10 10 11 13 14 17 -16 16 -18 -19 -20 -21 -22 22 -24 24 25 -27 -28 -29 -30 -31
leaf_value=-0.029070341022991671 -0.019046178520013803 -0.018335306663403907 -0.027032877191344139 -0.0013135710029319732 0.0094646920533860389 -0.0088498284137905805 0.00082921193917698342 -0.00023163899820912353 0.0033112778677110198 -0.0038283357109786583 -0.00075425238327790861 0.0033075174147545001 -0.0090222419472680837 0.10640950352253815 0.021705607229425963 -0.0079031966812504739 0.18175916042943724 -0.0026502584242274105 -0.023152588991073298 0.003258633843393009 0.0068141757940138369 0.0062360074167302857 -0.0084561436021710745 -0.016055003260603353 0.1563122000195295 -0.010510631671591286 0.041050121661839856 -0.006581643865630084 -0.0010108472105748226 0.051500894007404277
leaf_weight=62.198498904355802 45.062803773675114 39.389852880849503 17.994416517612994 125.70932972489391 166.7867090574 7.368261789553797 1818.6983663106803 13.466524740098974 63.03553012170596 6.9713569672894655 2.5605841550277546 14.082728656416295 0.42633602663408998 6.5934704043902395 1.8266497831791637 0.35248236812185352 3.0992406922159716 2.2232911644969144 17.468299672123976 1.678888306370937 1.4254179953131831 8.4427894121035916 21.244952268956695 1.0617167564341801 1.24928089842433 0.53319887019461054 1.2646825909614552 0.27799575577955682 115.88914448744617 7.609623248805292
leaf_count=104088 8490 18564 18452 5010 1447 4499 74695 1353 7354 3171 187 2646 125 329 154 65 659 286 2888 219 162 2898 7684 264 389 220 6 78 21224 1466
internal_value=0.000340028 -0.0178216 0.00134663 -0.00607643 0.00190729 0.00130401 0.00151766 0.00834969 0.0154366 0.0290975 0.0384533 0.0469194 0.0842052 0.0323887 0.116764 0.147911 0.164967 0.0638284 0.000588584 0.0778923 0.0914242 -0.0078664 0.00487258 0.0280819 0.0713123 0.106867 -0.0207565 0.13579 0.00190486 0.0231161
internal_weight=2575.99 134.398 2441.59 170.772 2270.82 2104.04 2084.78 248.61 117.743 54.707 41.2404 34.2691 8.26529 26.0038 5.70471 3.87806 3.45172 11.9211 1836.17 9.69778 8.01889 72.1998 32.8099 11.565 3.12219 2.06048 19.2591 1.52728 130.867 14.9779
internal_count=289072 134185 154887 13500 141387 139940 121482 43899 16710 9356 8003 4832 1190 3642 1003 849 724 996 77583 710 491 30097 11533 3849 951 687 18458 467 27189 5965
is_linear=0
shrinkage=0.03


Tree=113
num_leaves=31
num_cat=0
split_feature=8 3 8 18 28 29 34 30 17 16 18 29 34 31 21 18 16 2 21 3 20 29 0 25 11 28 8 28 28 11
split_gain=47.8788 15.5484 13.0347 13.5338 11.0869 30.7375 26.3978 13.7866 13.9789 12.4111 11.557 13.0063 11.0209 10.0299 17.8525 13.0818 10.0211 9.77892 9.49661 9.15702 9.07898 8.82981 9.31887 9.66744 8.54094 8.5323 13.9046 12.6106 33.3248 19.2071
threshold=0.20549450814723971 -1.3971115350723264 3.1787776947021489 8.7212371826171893 0.12545942142605784 -0.70289847254753102 0.020354700274765495 1.5000000000000002 1.0000000180025095e-35 0.15039302408695224 4.1037445068359384 0.13185577094554904 4.0730078220367441 408.92024230957037 1.1485672593116762 7.1922607421875009 -0.71407222747802723 1.6496978402137759 0.72732833027839672 1.0890932083129885 -0.52079239487647999 -0.82413947582244862 5.5000000000000009 0.31909152865409857 16.823272705078129 0.66527691483497631 2.3006907701492314 0.52766072750091564 0.51297098398208629 6.2267231941223153
decision_type=2 2 2 8 2 2 2 2 10 10 10 2 2 2 10 10 10 2 8 2 10 2 2 2 2 2 2 2 2 2
left_child=1 18 3 4 7 6 9 8 13 20 11 19 -13 14 24 -16 -17 -3 -1 -9 -6 -20 -23 -24 -2 27 -27 28 -8 -30
right_child=2 17 -4 -5 5 -7 25 10 -10 -11 -12 12 -14 -15 15 16 -18 -19 21 -21 -22 22 23 -25 -26 26 -28 -29 29 -31
leaf_value=-0.0063724167911637149 0.0053148204567879777 -0.025678830081501649 0.0019865542121826267 -0.019229198207473201 -0.0060166518837751317 -0.014962920907573358 0.0099968241155653607 -0.0087428554811923818 -0.0041727918454750072 -0.0097424407336588713 -0.020240607612002567 0.0061350667099580652 0.060465693918249977 -0.0061574294759193932 0.029965122150020593 0.15798205755534542 0.0061316994168290253 0.0052129255352865904 -0.016349287630233713 0.023971100277880079 0.16491506987200072 -0.0036458662677584788 0.1209377292057523 -0.010198366279442107 0.037094808749404559 0.065721411548397266 -0.020577154455245893 -0.018938289370910348 0.16461174619500873 -0.011702894190934664
leaf_weight=9.5636204715119657 42.695862731372472 94.913350660412107 1754.4229263913585 41.710614761919715 0.24912458186736319 44.939372336026281 79.836808635736816 216.16497152799275 120.20097602135502 0.47627110703615461 54.747431279334705 26.969066976103935 2.8929648727644226 19.932017980550881 6.3564783454639828 0.74062523350585252 0.6127205860102547 9.8652819520793837 1.1844199758488683 7.0417154433671376 0.84400844475021486 1.1225446372409345 1.3277516032685523 0.46030652313493181 8.393915066495536 4.8442606933531343 1.807213549967855 11.460157979337962 0.99857040314236545 0.59748679678887129
leaf_count=3878 3848 130100 52635 21279 84 16468 5476 12140 14910 124 13083 4962 90 3918 714 49 99 666 641 203 148 633 358 113 104 531 131 1821 121 51
internal_value=-0.000294658 -0.0188421 0.000609673 -0.00286635 -0.00179304 0.00546454 0.014601 -0.00389143 0.00225767 0.109834 -0.00785986 -0.00511236 0.0131872 0.0120044 0.0181609 0.0580166 0.121052 -0.0227485 0.0106321 -0.00760848 0.141696 0.0438012 0.0662 0.0956294 0.0111481 0.0120221 0.0426491 0.00939825 0.0135675 0.119525
internal_weight=2567.37 118.437 2448.94 694.513 652.802 146.053 101.114 506.749 198.933 1.5694 307.816 253.069 29.862 78.7316 58.7996 7.70982 1.35335 104.779 13.6586 223.207 1.09313 4.09502 2.9106 1.78806 51.0898 99.5445 6.65147 92.893 81.4329 1.59606
internal_count=289378 136389 152989 100354 79075 24955 8487 54120 23642 356 30478 17395 5052 8732 4814 862 148 130766 5623 12343 232 1745 1104 471 3952 8131 662 7469 5648 172
is_linear=0
shrinkage=0.03


Tree=114
num_leaves=31
num_cat=0
split_feature=1 3 17 19 25 16 11 29 28 28 25 19 21 0 29 3 29 3 24 34 28 28 31 6 31 19 11 16 34 15
split_gain=50.5563 13.7181 19.4566 15.9526 14.0298 13.9312 10.913 15.1242 20.316 16.4965 16.1042 16.3015 22.2652 14.3729 16.1637 15.8214 12.622 16.2608 12.237 11.3761 9.63043 9.59167 16.1617 16.6757 26.562 9.36978 14.935 9.35203 10.3882 8.84989
threshold=0.076712328940629973 -0.7895296812057494 0.73448023200035106 -0.98287934064865101 0.27081741392612463 -0.099593605846166597 9.0760340690612811 -0.98801845312118519 0.10837544873356821 0.12545942142605784 0.14165212213993075 0.18776108324527743 0.27665536105632788 3.5000000000000004 -0.95752304792404164 -0.62240073084831227 -0.99273797869682301 1.1343008279800417 1.018871068954468 0.997297763824463 0.70290291309356701 0.039769539609551437 260.51104736328131 4.6809558868408212 220.38897705078128 -1.6094058752059934 17.321362495422367 0.24439277499914172 0.18926093727350238 -1.1549835801124571
decision_type=2 2 10 10 2 8 2 2 2 2 2 8 8 2 2 2 2 2 10 2 2 2 2 8 2 10 2 8 2 10
left_child=1 2 -1 -4 5 29 7 8 10 -10 11 18 -13 -9 -15 20 17 -8 -2 -11 -16 -12 23 24 -23 26 -18 28 -17 -5
right_child=6 -3 3 4 -6 -7 16 13 9 19 21 12 -14 14 15 27 25 -19 -20 -21 -22 22 -24 -25 -26 -27 -28 -29 -30 -31
leaf_value=-0.01995160541388296 -0.025002825561252797 -0.029554050218778317 -0.016832631376393459 -0.0069820809870101428 -0.016926898998607862 0.015706911784965662 -0.0074210920774837996 -0.012572943016276395 0.079176550620020728 -0.015693552283859945 -0.016413794001170504 0.14645572915202432 -0.014803067708888324 -0.017177158354293079 0.012556622583513461 -0.02013701134051675 -0.02113066624234012 0.011409978311375898 0.048690615507510554 0.049015696832051772 -0.015624451834550135 -0.017483508169948231 -0.017625422815563646 -0.0013536822663568261 0.129998230542131 0.0034925710013724068 0.011034432517365 -0.010094595386834868 0.0020192491608482877 0.14521058738974199
leaf_weight=21.508660740335475 3.6308038771385309 63.353180633683223 3.4031110426876694 0.29483945138053957 1.280798490042798 2.0648555878433386 224.15105403924827 132.39281623519491 5.3535592468106179 4.8969488016446103 26.13382473110687 1.2004482618649488 0.92766650562407482 52.791663382493425 105.63663519656984 19.691645504091866 33.681263343547471 49.599506514845416 2.6450075653847307 3.2808637351263314 11.304716664890291 1.3686495769652522 7.4829555105534382 4.2698217725846916 2.1211483675288036 1418.6571896744426 19.979356643161736 111.85934381670086 238.40829263720661 1.5631058514700269
leaf_count=14384 262 109940 1780 172 495 912 5722 33861 321 623 3074 104 152 4681 15089 9957 1184 544 79 157 4353 284 708 112 108 36407 239 17547 25552 604
internal_value=-0.000185506 -0.0217259 -0.00483741 0.0310789 0.0600751 0.0835477 0.000634274 -0.00242915 0.0114766 0.0426896 0.00231862 0.0377956 0.0939009 -0.0037542 -0.00157161 0.00015214 0.00192516 -0.00398007 0.0084794 0.0127792 0.00972298 -0.00560894 0.0127863 0.0407778 0.0811465 0.00302508 -0.00917192 -0.00289119 0.00025765 0.127067
internal_weight=2574.93 93.4686 30.1154 8.60671 5.2036 3.9228 2481.47 735.397 63.3117 13.5314 49.7803 8.40393 2.12811 672.085 539.692 486.901 1746.07 273.751 6.27581 8.17781 116.941 41.3764 15.2426 7.75962 3.4898 1472.32 53.6606 369.959 258.1 1.85795
internal_count=289407 128287 18347 3963 2183 1688 161120 117024 5984 1101 4883 597 256 111040 77179 72498 44096 6266 341 780 19442 4286 1212 504 392 37830 1423 53056 35509 776
is_linear=0
shrinkage=0.03


Tree=115
num_leaves=31
num_cat=0
split_feature=27 18 4 34 29 27 12 22 28 29 34 27 21 11 33 0 15 23 30 17 24 28 15 4 27 17 29 27 21 20
split_gain=47.2382 18.3326 13.3996 13.0021 11.7209 21.0275 21.9599 19.0196 14.8148 14.3659 20.8998 25.8437 18.9304 13.6351 13.8988 16.2973 23.2984 21.1635 15.8466 14.5281 17.2554 21.0623 17.0802 14.3106 13.9375 13.5648 13.5509 12.8335 15.19 20.0804
threshold=0.051391525194048888 8.7212371826171893 22.465523719787601 0.30646923184394842 -0.99465739727020253 0.25143370032310491 13.676924228668215 0.56949689984321605 0.039769539609551437 -0.98801845312118519 0.21271634846925738 0.95627239346504223 0.27665536105632788 9.4903645515441912 2.2301862239837651 5.5000000000000009 0.73436811566352855 -0.20750824362039563 1.0000000180025095e-35 0.23801729083061221 0.1127862110733986 0.70290291309356701 1.0107783079147341 3.5096228122711186 0.33870968222618109 1.1422767639160158 -0.90161547064781178 0.34426523745059973 0.73925980925560009 0.84390661120414745
decision_type=2 8 2 2 2 2 2 10 2 2 2 2 10 2 2 2 8 10 2 10 10 2 10 2 2 10 2 2 10 10
left_child=2 4 -1 -3 5 8 -7 -8 -2 10 25 -12 -13 14 15 18 27 19 -11 20 -18 22 24 -20 -22 -6 -19 28 29 -17
right_child=1 3 -4 -5 9 6 7 -9 -10 13 11 12 -14 -15 -16 16 17 26 23 -21 21 -23 -24 -25 -26 -27 -28 -29 -30 -31
leaf_value=-0.029497546586459474 -0.013665058105676831 -0.02375530423361906 0.025375694988839244 -0.0015000805658028392 0.059164511188904652 -0.013877372900474739 -0.0038498019299720207 0.021294016333724977 0.12377173764023557 -0.024497600310812096 0.0027087321870632266 0.076277845849579584 0.0016092035238327617 0.0034274143876968821 -0.010968989966022833 0.0066687228060068014 0.0035104962320341168 0.048409792863090197 -0.011596087469006276 0.0091584678760515525 0.091531418817463156 0.0080151572440357692 0.094949012552375811 0.0048286896214702075 -0.01682692932585891 -0.014506446936479017 -0.0074611500370882905 -0.0039895287406516433 -0.013598461370475665 0.044592834020431106
leaf_weight=55.755153905542102 0.82620948768453562 43.35074156295741 3.5626754947006694 50.869219507672824 10.989485604106447 131.42891735408921 92.354316183831543 37.174349740147591 0.94396605552174151 34.490287625114433 106.27481786068529 6.9780250056646747 5.0240750634111464 1323.4602012718096 120.68922184058465 47.153759876906406 6.7552056282293078 3.5250024382257861 86.527487682935316 16.022075034154113 0.47942329186480792 5.6237718219053923 10.790898685343562 104.15694577177055 3.0513573513599113 2.3451312842080361 27.60523093957454 193.93132032832364 18.086719478305895 16.365814230579417
leaf_count=92688 215 36108 24 7631 752 7353 519 253 189 13279 2943 134 73 32308 4900 13271 1151 324 30991 2491 130 875 975 7921 259 91 5240 17049 5688 3169
internal_value=0.000399682 0.00103042 -0.0258358 -0.0118817 0.0015393 -0.00443117 -0.00528435 0.00347425 0.0778481 0.00227049 0.0118364 0.00761941 0.0475493 0.00164129 -0.00175876 0.000191571 0.00424353 0.0190856 -0.00608659 0.0325457 0.0457423 0.059195 0.0774573 -0.00264605 0.0148411 0.0461 0.000175116 0.000210752 0.0101199 0.0169796
internal_weight=2566.59 2507.27 59.3178 94.22 2413.05 262.728 260.958 129.529 1.77018 2150.33 131.612 118.277 12.0021 2018.71 695.255 574.565 349.391 73.853 225.175 42.7227 26.7007 19.9455 14.3217 190.684 3.53078 13.3346 31.1302 275.538 81.6063 63.5196
internal_count=288994 196282 92712 43739 152543 8529 8125 772 404 144014 3993 3150 207 140021 107713 102813 50622 11445 52191 5881 3390 2239 1364 38912 389 843 5564 39177 22128 16440
is_linear=0
shrinkage=0.03


Tree=116
num_leaves=31
num_cat=0
split_feature=8 27 12 3 15 13 5 24 15 28 23 34 12 28 28 28 24 28 3 8 0 3 15 23 3 21 1 8 12 12
split_gain=53.9431 12.1801 10.1586 18.7134 20.2388 14.6631 14.1165 12.403 20.4578 13.1895 12.9616 12.4335 12.3707 12.2316 17.8253 15.7297 14.2661 11.8386 15.4871 14.7509 11.3508 10.658 10.9858 10.2376 10.8798 10.7529 10.1045 9.58875 11.0102 13.1769
threshold=0.046014718711376197 0.051391525194048888 22.299015045166019 1.0495780110359194 -0.81616479158401478 0.47900412976741796 -2.0580778121948238 0.014247925486415626 -0.20121361315250394 0.87397152185440075 0.42323622107505804 0.11284349113702775 -5.0932767391204825 0.70290291309356701 0.67802080512046825 0.99818283319473278 0.76105567812919628 0.9996619224548341 0.78832423686981212 3.4120500087738042 8.5000000000000018 0.5016179382801057 -1.3846929073333738 1.454314708709717 -0.24740440398454663 -1.1308519244194029 26.97043609619141 0.55959579348564159 -5.4334867000579825 2.0771338939666752
decision_type=2 2 2 2 10 10 10 8 10 2 8 2 2 2 2 2 10 2 2 2 2 2 10 10 2 10 2 2 2 2
left_child=-1 26 6 4 -4 -5 7 8 9 12 21 -12 -3 14 20 -15 -16 18 19 -17 -8 22 -9 24 27 -26 -2 -22 -29 -30
right_child=1 2 3 5 -6 -7 13 10 -10 -11 11 -13 -14 15 16 17 -18 -19 -20 -21 23 -23 -24 -25 25 -27 -28 28 29 -31
leaf_value=-0.024747019757962441 -0.028557436913675974 -0.012044440394211922 0.015208291209390101 0.0062333354421456825 -0.008366505863901667 0.022092563907140695 -0.0021899895101388312 -0.0098940225257651993 -0.0012074887116561013 -0.014708556434240469 0.0224514142098249 -0.0041275317792351073 0.11423122916461224 -0.017395155733256441 0.062325377400206432 0.0031821731257476358 -0.021113479940174901 -0.017977517660694831 -0.013887247878972256 0.11541017973726844 -0.013178814846407247 -0.001157240573157741 0.0091484297267979062 -0.021209996954087974 0.029587584798675851 0.0013573202712903643 0.024338593942303893 -0.0032813765330859455 0.055111891123622796 -0.014354230285512776
leaf_weight=72.148298448766582 18.850657426984984 0.62419975595548782 43.922748208045959 177.01812319085002 120.29006053879857 74.363073993474245 926.47353246720741 28.354394118185155 7.0151878700125945 0.92664975108345959 15.941307424160184 244.67992996267276 3.1863170142751187 72.096439879445825 5.9512924049631684 1.6962553936173193 1.94541443453636 3.6488748651463538 2.2791584009537473 2.0615756964543834 4.2705696742050376 156.69663816259708 419.53663138108095 10.180301388667429 12.745203533384482 105.20004305039765 3.0915131270885459 5.5135096494341296 14.416772212716753 2.4943267346825442
leaf_count=108857 22379 48 208 862 576 378 78628 1470 1177 270 1561 11092 412 22992 589 822 282 821 105 150 1691 5992 20356 857 555 4335 21 431 1431 95
internal_value=0.000645004 0.00139174 0.00159374 0.00586431 -0.00200696 0.0109937 0.000724664 0.00360068 0.0329844 0.0750035 0.00316393 -0.00242219 0.0953423 -0.00143047 -0.000584986 -0.0125476 0.0417069 0.0217861 0.0449593 0.0760676 -0.000932095 0.00557198 0.00792356 0.00656111 0.00864795 0.004631 -0.0203687 0.0255877 0.0332179 0.0446365
internal_weight=2557.62 2485.47 2463.53 415.594 164.213 251.381 2047.93 876.961 11.7524 4.73717 865.209 260.621 3.81052 1170.97 1089.19 81.7823 7.89671 9.68586 6.03699 3.75783 1081.29 604.588 447.891 154.821 144.64 117.945 21.9422 26.6952 22.4246 16.9111
internal_count=289443 180586 158186 2024 784 1240 156162 42378 1907 730 40471 12653 460 113784 88894 24890 871 1898 1077 972 88023 27818 21826 9395 8538 4890 22400 3648 1957 1526
is_linear=0
shrinkage=0.03


Tree=117
num_leaves=31
num_cat=0
split_feature=4 18 34 27 17 28 28 0 2 27 31 18 28 28 22 28 29 29 34 11 18 23 27 23 27 31 15 17 6 30
split_gain=45.6761 13.233 17.763 11.147 13.1352 9.6853 11.981 9.46425 17.044 14.9035 24.5005 17.0628 18.335 23.8577 16.3641 15.0878 12.7175 42.3395 12.4732 11.9461 11.6819 10.5923 15.0651 10.8254 10.0916 11.4191 10.9197 14.791 9.87295 10.6149
threshold=-2.4978016614913936 7.8244934082031259 0.30059203505516058 0.68853047490119945 -1.5694605112075803 0.99818283319473278 0.9990701973438264 2.5000000000000004 2.1579467058181767 0.46451613306999212 524.19323730468761 6.3333892822265634 0.70290291309356701 0.65233618021011364 0.069236859679222121 0.99818283319473278 0.87709078192710888 0.86004966497421276 0.78956961631774913 3.0997802019119267 3.8845062255859379 0.80969321727752697 0.44802866876125341 0.62818011641502391 0.93440860509872448 524.19323730468761 -0.73998594284057606 0.39296995103359228 12.504670143127443 1.0000000180025095e-35
decision_type=2 8 2 2 10 2 2 2 2 2 2 10 2 2 10 2 2 2 2 2 10 10 2 10 2 2 10 10 10 2
left_child=-1 7 -3 5 -5 -4 -7 8 -2 10 11 16 13 -13 -15 20 17 19 -17 -9 -12 23 -23 -21 25 26 27 -10 29 -11
right_child=1 2 3 4 -6 6 -8 9 24 28 15 12 -14 14 -16 18 -18 -19 -20 21 -22 22 -24 -25 -26 -27 -28 -29 -30 -31
leaf_value=-0.026249097500847831 -0.02027214348666264 -0.022353560242342297 -0.0072331409272983014 0.066430129314275943 0.001658959071181931 0.090061783041958762 -0.0066314981345348741 -0.012684880701434365 0.020700235250688363 -0.011683953707513831 0.00251345577400644 0.027044182765360667 -0.022971524301630995 -0.0025454653830192563 0.15839463463298034 0.11425270539603201 -0.024997014852861956 0.095283192474705736 0.0045727649073894275 0.0090280922567208908 -0.019397239196641259 0.015488109930216992 0.074291588341616754 -0.025811078381543714 0.010229390160925207 0.0050270102683540917 -0.014542436437905048 -0.01202059588100335 0.0049403080963864501 -3.5714942231123789e-05
leaf_weight=58.501274849753827 47.422009699541377 51.874819646182004 67.094907300604973 3.6171724773012102 7.3668892942368966 1.1266969084972509 2.2460498521104455 22.52594336567563 21.683664993615821 73.540976324933581 43.08305967686465 46.084882198250853 5.1963724945380809 0.72519128400017407 1.1958808095951097 0.65547327691456247 9.0163975521281809 4.0793161034234791 2.3419489679508843 124.18984717689455 43.117823724169284 19.939351230394099 4.1638176024425766 7.6205242719734079 56.474883089540526 82.999078031629324 98.111342440824956 26.55044361227192 354.49730275385082 1270.7092514635297
leaf_count=98674 19530 36956 12042 121 251 95 209 10190 649 6007 5721 6349 2881 173 130 37 4256 276 228 8431 13233 1944 126 537 946 2723 4336 1026 3940 47541
internal_value=-0.000271782 0.000346538 -0.0088134 -2.34371e-05 0.0267522 -0.00451298 0.038879 0.000866231 -0.00381268 0.0016348 0.00741858 0.012311 0.0272028 0.0329918 0.117568 -0.00599278 0.00805478 0.00981485 0.051139 0.00734084 -0.00854307 0.0102965 0.0282012 0.00683471 -0.00102064 -0.00382328 -0.00884273 0.00281074 0.00049414 -0.000681176
internal_weight=2557.75 2499.25 133.327 81.4517 10.9841 70.4677 3.37275 2365.92 333.241 2032.68 333.936 244.738 53.2023 48.006 1.92107 89.1983 191.535 182.519 2.99742 178.439 86.2009 155.914 24.1032 131.81 285.819 229.345 146.345 48.2341 1698.75 1344.25
internal_count=289558 190884 49674 12718 372 12346 304 141210 29210 112000 54512 35293 9533 6652 303 19219 25760 21504 265 21228 18954 11038 2070 8968 9680 8734 6011 1675 57488 53548
is_linear=0
shrinkage=0.03


Tree=118
num_leaves=31
num_cat=0
split_feature=27 6 2 6 31 28 2 29 28 17 31 21 29 21 11 28 21 34 28 28 29 33 31 8 11 12 31 34 25 27
split_gain=43.1302 15.3217 12.8325 10.8101 11.8176 19.0126 9.90453 9.53132 17.2323 10.3997 9.22579 9.7793 10.0996 8.97992 8.51723 8.50393 19.1708 7.95336 8.67946 12.3851 20.2029 15.4523 12.2202 11.0867 10.6566 11.1749 7.83897 13.5082 11.7469 10.4291
threshold=0.051391525194048888 0.19833779335021975 3.3826205730438237 29.643007278442386 2479.698608398438 -0.99054482579231251 2.9855163097381596 0.63089349865913402 -0.27694603800773615 1.1734912395477297 321.83653259277349 -0.51223197579383839 -0.96234029531478871 -0.49915863573551172 3.6050454378128056 -0.75015330314636219 -0.47832362353801722 1.2466762065887453 -0.70291268825530995 -0.67803022265434254 0.78192543983459484 3.2688672542572026 260.51104736328131 1.9558935761451723 6.2267231941223153 0.66015782952308666 69.397317886352553 0.3320030570030213 0.21082678437232974 0.15304660052061084
decision_type=2 8 2 10 2 2 2 2 2 10 2 10 2 10 2 2 10 2 2 2 2 2 2 2 2 2 2 2 2 2
left_child=2 14 -1 4 7 13 -7 26 9 15 11 -5 -13 -6 -2 16 -9 18 -17 21 -21 23 -22 -20 25 -24 28 -28 -3 -29
right_child=1 3 -4 10 5 6 -8 8 -10 -11 -12 12 -14 -15 -16 17 -18 -19 19 20 22 -23 24 -25 -26 -27 27 29 -30 -31
leaf_value=-0.02952183815840919 -0.021427268134546967 0.018247666745855869 0.026283839230846016 0.017555135115101008 -0.014602627618957949 -0.029107336298603421 -0.0026288923681021198 -0.014650905044980764 -0.024841795869964805 -0.024475325493243546 0.020552546349541439 -0.037904043062086015 0.0010727304329688314 0.083557139763276722 -0.0029089231913863194 -0.017495495192616513 0.094103404817602043 -0.026410904946045449 0.018099858260926673 -0.025233903202639199 -0.0023263303682084673 -0.0050762201859991755 0.015043516470739871 0.12376868442445201 -0.012004849797775831 0.087302437807267111 -0.007002911882342572 0.024006405529864799 0.00047594837769924294 0.00082546429528584648
leaf_weight=52.323378773784498 40.812131174519891 54.770195944816805 3.2306206971406928 20.963031727820635 0.85054613190004635 28.053480875911191 22.992890058550984 1.8502153821173122 7.9036300324369213 3.3347117314115158 45.356095364782959 6.8901788475923267 24.541731322649866 1.6269822820904654 48.8217153311125 3.5300684888497882 3.2799047912121742 2.3733392297872333 1.7552945213392366 6.5025975570897669 5.451156961440577 1.9850162193179128 3.4419319374719617 2.3677977707702667 1.6702138299588103 5.4606053467723541 207.7583783037262 16.636881336860824 83.867430168553255 1837.9563443519874
leaf_count=92753 52176 2765 20 152 145 10263 347 89 3820 471 317 46 194 212 9375 406 124 259 192 688 574 12 741 95 86 289 37372 2567 3416 68975
internal_value=3.74356e-05 0.000624926 -0.0258692 0.00108116 0.00066452 -0.0131367 -0.0174603 0.000998238 0.0137051 0.0211933 0.0108012 0.00213304 -0.00837664 0.0553497 -0.0114841 0.0255399 0.0588888 0.0190687 0.0231197 0.0285481 0.0167669 0.0635254 0.0342921 0.091097 0.0517417 0.0637058 0.000698252 0.000232376 0.00757724 0.00104624
internal_weight=2548.36 2492.8 55.554 2403.17 2305.42 53.5239 51.0464 2251.9 50.9065 43.0029 97.751 52.3949 31.4319 2.47753 89.6338 39.6681 5.13012 34.538 32.1647 28.6346 22.5265 6.10811 16.0239 4.12309 10.5728 8.90254 2200.99 2062.35 138.638 1854.59
internal_count=288941 196168 92773 134617 133908 10967 10610 122941 7846 4026 709 392 240 357 61551 3555 213 3342 3083 2677 2378 299 1690 287 1116 1030 115095 108914 6181 71542
is_linear=0
shrinkage=0.03


Tree=119
num_leaves=31
num_cat=0
split_feature=6 0 2 27 5 16 27 31 5 4 27 18 17 14 17 18 16 8 30 5 23 11 23 25 21 31 31 33 27 17
split_gain=43.2869 15.8098 18.5032 12.6396 10.6154 10.3451 12.4258 10.16 11.3478 9.778 8.39961 19.6602 15.537 10.7447 11.8593 13.6812 10.578 15.5807 9.20957 9.09225 10.6949 8.57695 8.91984 11.3873 12.2773 9.5921 13.8758 22.2964 15.8627 25.9498
threshold=0.017307694070041183 2.5000000000000004 2.0743314027786259 0.051391525194048888 2.2236543893814091 -0.39189176261425013 0.96774193644523632 2479.698608398438 -14.858241558074949 22.465523719787601 0.29516129195690161 8.4185943603515643 1.1734912395477297 -1.5176128745079038 0.55490499734878551 6.0642395019531259 0.13229580968618396 4.7308192253112802 2.5000000000000004 -2.4412858486175533 -0.34913183748722071 16.325263977050785 -1.3197107911109922 0.21542581170797351 -2.3061984777450557 308.68588256835943 408.92024230957037 3.2688672542572026 0.73763442039489757 -0.030359365046024319
decision_type=8 2 2 2 8 8 2 2 8 2 2 8 10 10 10 10 10 2 2 8 8 2 10 2 10 2 2 2 2 10
left_child=-1 2 -2 9 -4 -6 -7 10 -9 -3 11 12 13 -5 -15 -16 17 18 -17 20 -13 22 23 24 -12 -24 27 28 -27 -30
right_child=1 3 4 7 5 6 -8 8 -10 -11 21 19 -14 14 15 16 -18 -19 -20 -21 -22 -23 25 -25 -26 26 -28 -29 29 -31
leaf_value=-0.025436788751447378 -0.02181477766526407 -0.028501627174104864 0.0053686723364778878 -0.015232363766638139 0.0038144229081818527 -0.013592205218078472 0.023304529094803399 0.052884246042827043 -0.013884942795178436 0.024787375970204605 0.072450407760364433 0.07154010559485964 -0.010980671992788339 0.013031937232627711 0.020901048410795636 0.11406572747126738 0.0081143812373885415 0.0070487977884726803 -0.0092581548223933038 -0.019919895563331728 -0.019038122453906892 0.0051979121449889946 -0.0029548752881001583 0.00087716016582902324 0.01540474190988271 0.0062163443223931724 -0.00077657754072127448 -0.0068231100716981668 0.044695068560690422 0.0082588277931102353
leaf_weight=56.32454660750227 49.4279631410609 18.518416037113642 107.11176415113732 7.6469263045291873 60.270073458785191 121.17978418362327 7.9114381484687319 1.4295774477068333 49.272126890602522 2.8863934390246859 2.8613084554672232 1.3550617953296749 19.235986343584955 75.31615728980978 24.948034931119764 4.740383963158818 2.7386263466614764 2.1847268345300108 0.44405665562953789 24.736044063640296 1.6886731931590477 513.68473788432311 564.14180335844867 63.41460668790387 39.577004714054056 114.19324259302812 473.8408894140739 67.193603083491325 30.591510318685323 40.990129892132245
leaf_count=97322 24693 25980 5461 1328 1443 3751 122 69 11001 18 74 225 3724 13529 3839 731 673 81 196 14772 344 7196 30128 3717 1674 11543 23233 419 1025 1376
internal_value=0.000338193 0.000930369 -0.00501285 0.00188948 -0.00214772 -0.00640522 -0.0111692 0.00212473 -0.0110159 -0.0205301 0.00245088 0.00892466 0.0135776 0.017639 0.0200327 0.0342951 0.0624964 0.0793221 0.103714 -0.0137376 0.0290064 0.00188728 0.000666919 0.00899679 0.0208303 -2.25333e-05 0.00225445 0.00791264 0.0132505 0.0242317
internal_weight=2549.86 2493.53 345.901 2147.63 296.473 189.361 129.091 2126.23 50.7017 21.4048 2075.52 165.035 137.255 118.019 110.372 35.0558 10.1078 7.36917 5.18444 27.7798 3.04373 1910.49 1396.8 105.853 42.4383 1290.95 726.809 252.968 185.775 71.5816
internal_count=289687 192365 35470 156895 10777 5316 3873 130897 11070 25998 119827 39442 24101 20377 19049 5520 1681 1008 927 15341 569 80385 73189 5465 1748 67724 37596 14363 13944 2401
is_linear=0
shrinkage=0.03


Tree=120
num_leaves=31
num_cat=0
split_feature=27 4 28 5 3 0 2 13 20 3 3 4 24 14 20 21 21 14 11 15 5 1 11 28 23 16 29 27 17 11
split_gain=41.6361 25.2788 12.0988 11.6098 12.7635 12.1369 18.8103 10.7193 13.1728 10.4922 13.5151 17.8702 11.4439 15.144 14.4296 16.431 17.3652 11.078 11.4793 10.9505 10.9909 10.816 10.4925 10.186 9.62119 10.4756 10.2293 15.8755 9.59383 9.23233
threshold=0.076523300260305419 22.465523719787601 -0.99467751383781422 -2.9096962213516231 -0.83008018136024464 7.5000000000000009 2.0240231752395634 -1.8351733684539793 0.052824981510639198 -0.31792248785495753 0.8739074468612672 22.465523719787601 0.32790055871009832 -1.2877227067947385 0.33539006114006048 0.5723344385623933 -0.37185350060462946 -1.1367703676223753 0.6761092245578767 -1.4898228645324705 11.924671173095705 9.7267637252807635 19.308089256286625 -0.99630266427993763 -1.2009608149528501 -0.099593605846166597 0.029024410061538223 0.26344086229801184 1.3383749127388003 17.321362495422367
decision_type=2 2 2 10 2 2 2 10 10 2 2 2 10 10 10 10 10 10 2 10 8 2 2 2 10 8 2 2 10 2
left_child=1 2 23 4 -2 6 24 8 -8 12 17 -12 -7 -14 21 16 -16 19 -19 -11 -21 -15 -13 -1 25 26 -5 -28 -18 -6
right_child=3 -3 -4 5 29 9 7 -9 -10 10 11 22 13 14 15 -17 28 18 -20 20 -22 -23 -24 -25 -26 -27 27 -29 -30 -31
leaf_value=-0.015962978964045839 0.013050939450775617 0.034533369923043608 -0.028748753554179159 0.0091614834785060037 0.00045604599711779071 -0.0035678219772741506 0.024042170574000508 -0.0014171124885025868 -0.0095907736599400734 -0.0085886476665590888 -0.016137718577534408 0.018642891932844411 -0.021652287958451255 0.023879165405870404 0.019541432864064935 -0.0036355612871759061 0.11682799777557934 0.060366024436426503 -0.0073551788498251568 0.035904762359972468 -0.018958741139920781 -0.022293662828735836 0.00010428707193751428 0.093191797501020177 -0.013217929940395268 -0.011785102561437997 -0.014462791016591517 0.12041869247521508 0.0026447278824594618 0.0081418776070861509
leaf_weight=1.1217803639301562 108.51564125047298 5.7859532162547103 68.581863961007912 7.260141933889825 641.37719444150571 22.065786815044703 31.341955517535098 880.89382540108636 14.840918577276168 13.124594551336484 21.930031401920132 84.894123122096062 5.4427263081306583 23.357397919084182 4.2877434784313655 3.3220328588795374 4.677228538930648 1.2915981463156629 173.72031511436217 16.220243012940049 3.3924678349867454 4.786042512394487 40.41743690520525 0.45717419916763802 172.89126398821827 10.397698631481036 0.92377783678239245 1.1899697645567355 0.80295997072244052 179.22301786835305
leaf_count=1014 7990 40 115737 1983 28720 7836 820 28197 414 677 2053 504 959 4225 733 472 570 595 8435 778 32 96 215 223 68406 3820 664 307 106 2564
internal_value=0.000105569 -0.0216269 -0.0266785 0.000781567 0.00342924 -0.000813426 -0.00244958 -0.000672464 0.01326 0.00350579 0.00141165 0.00833501 0.0141449 0.0224177 0.0286097 0.05363 0.0716347 -0.00351169 -0.00651527 0.0122624 0.0259555 0.0155315 0.0127117 0.0395225 -0.0109533 0.00853292 0.0300336 0.0757576 0.103088 0.00214254
internal_weight=2548.53 75.9468 70.1608 2472.59 929.116 1543.47 1119.74 927.077 46.1829 423.733 354.991 147.242 68.7419 46.6761 41.2334 13.09 9.76793 207.749 175.012 32.7373 19.6127 28.1434 125.312 1.57895 192.663 19.7716 9.37389 2.11375 5.48019 820.6
internal_count=289185 117014 116974 172171 39274 132897 104611 29431 1234 28286 13289 2772 14997 7161 6202 1881 1409 10517 9030 1487 810 4321 719 1237 75180 6774 2954 971 676 31284
is_linear=0
shrinkage=0.03


Tree=121
num_leaves=31
num_cat=0
split_feature=34 28 28 24 29 29 1 5 6 12 27 13 11 29 25 8 27 27 29 8 0 27 28 8 24 28 24 29 28 28
split_gain=40.1977 13.232 22.0887 15.7434 12.5791 17.9361 11.6444 11.4469 14.1574 10.2075 16.3796 10.1814 13.0237 9.42192 8.96164 8.39274 12.7498 15.0632 16.0198 13.1125 11.3704 14.509 10.5073 25.5581 18.8915 13.997 12.9331 10.8842 13.881 12.023
threshold=0.0011438776273280384 0.71503382921218883 0.65233618021011364 0.39995421469211584 -0.42958799004554743 -0.30164489150047297 32.497514724731452 3.5654684305191044 0.87573009729385387 -2.8678594827651973 0.13655914366245273 0.73949208855628978 7.9295349121093759 -0.031174269504845139 0.28018297255039221 2.6664427518844609 0.27867384254932409 0.27418301999568945 -0.99864786863327015 18.712434768676761 3.5000000000000004 0.86111110448837291 -0.96689236164093006 0.37936781346797949 0.24427684396505359 -0.99630266427993763 0.26300869882106787 0.33222858607769018 -0.48314717411994929 -0.90893998742103566
decision_type=2 2 2 10 2 2 2 8 10 2 2 8 2 2 2 2 2 2 2 2 2 2 2 2 8 2 10 2 2 2
left_child=-1 2 15 7 6 -6 -3 8 -4 10 -7 -5 -13 -12 -10 20 17 18 -17 -19 21 -2 23 24 25 -22 -24 29 -29 -28
right_child=1 4 3 11 5 9 -8 -9 14 -11 13 12 -14 -15 -16 16 -18 19 -20 -21 22 -23 26 -25 -26 -27 27 28 -30 -31
leaf_value=-0.024625780553323283 -0.018831345746323166 -0.028274499044170898 -0.00080739472325324344 -0.0080495690744235952 0.014096119136073738 -0.016878081348218912 0.024625478625919843 0.014389306455915411 0.11061517118624682 -0.013150692087951169 -0.01254760610490319 0.077092583764366104 -0.0042954159451015972 0.09534689671183541 0.017837385361951924 0.077155251741010289 0.001276216013174533 0.089470378574694781 0.0069169474964035074 -0.0050924511930991899 -0.012715669360571804 0.0051636840345802727 -0.012817999196748397 0.0025071517944294341 0.011588981763071094 0.11355195263049501 -0.024287099365251672 0.034309937581815927 -0.020123709267218889 0.00068923563530957162
leaf_weight=57.050874167238362 70.727631346584531 33.292871216865024 1.9393708587740528 13.312617154588226 37.615758521045791 3.5431730636628336 3.4336376041173926 6.2519969239947386 4.2002739116142038 83.260392437747214 0.69483134837355498 2.4976275261142282 3.3805407397449017 1.8524266398744655 1.6803017447236923 2.0480074218939981 1647.897326476872 3.0588792639318845 82.420089285471477 1.8032698309980331 0.72910366466385301 32.636872352100909 80.26585715773399 55.329517995472997 5.4380625408957721 3.5574885990936282 17.530765701667406 15.810554053663511 4.887197017989819 270.61794783402001
leaf_count=102404 26476 11425 1249 1502 3186 1869 18 300 284 22059 85 502 117 192 100 82 45959 136 6756 16 326 1324 23583 5822 1317 694 3016 3379 4148 21067
internal_value=5.27244e-05 0.000627422 0.00120829 0.0251186 -0.00759084 -0.00304553 -0.0228071 0.0481037 0.0703707 -0.0103381 0.0245435 0.00671665 0.0364668 0.0706754 0.0905504 0.000850922 0.00187858 0.0128535 0.00950275 0.059513 -0.00234883 -0.0112781 -0.000296279 0.0107694 0.0531612 0.0937324 -0.00216917 0.000630787 0.0211219 -0.000909047
internal_weight=2548.77 2491.71 2328.02 33.2627 163.693 126.967 36.7265 14.0719 7.81995 89.3508 6.09043 19.1908 5.87817 2.54726 5.88058 2294.76 1737.23 89.3302 84.4681 4.86215 557.531 103.365 454.166 65.0542 9.72465 4.28659 389.112 308.846 20.6978 288.149
internal_count=289393 186989 148155 4054 38834 27391 11443 1933 1633 24205 2146 2121 619 277 384 144101 52949 6990 6838 152 91152 27800 63352 8159 2337 1020 55193 31610 7527 24083
is_linear=0
shrinkage=0.03


Tree=122
num_leaves=31
num_cat=0
split_feature=6 27 1 6 3 12 28 28 28 28 23 25 8 27 12 29 31 34 28 27 28 29 29 1 21 28 15 11 29 31
split_gain=37.9939 12.5191 11.1502 8.16707 15.3635 17.9044 37.3394 13.6694 20.6615 13.7697 14.3123 13.5225 13.1328 17.2594 16.3087 15.196 16.8514 24.7066 12.8916 11.7846 12.3816 11.4199 15.0463 15.123 12.1983 11.8058 13.0792 20.4499 15.2628 13.2701
threshold=0.017307694070041183 0.051391525194048888 28.445338249206547 5.9570436477661142 0.44824056327342993 8.9321517944335955 -0.31799228489398951 0.3903625756502152 0.14250627160072329 0.091259401291608824 0.041611948981881149 0.26123003661632543 0.89678794145584118 0.39784945547580725 -1.8797987103462217 -0.99052476882934559 390.69824218750006 0.23776628822088244 -0.97509795427322377 0.96774193644523632 -0.36647418141365046 -0.99273797869682301 -0.90161547064781178 17.895938873291019 0.051164105534553535 -0.36647418141365046 1.2346798181533816 4.891698122024537 -0.97507822513580311 54.987888336181648
decision_type=8 2 2 8 2 2 2 2 2 2 10 2 2 2 2 2 2 2 2 2 2 2 2 2 8 2 10 2 2 2
left_child=-1 2 -2 4 5 12 -7 8 9 10 -8 -9 18 14 15 16 17 -14 -3 -6 -21 -15 25 -24 -25 -23 29 28 -28 -27
right_child=1 3 -4 -5 19 6 7 11 -10 -11 -12 -13 13 21 -16 -17 -18 -19 -20 20 -22 22 23 24 -26 26 27 -29 -30 -31
leaf_value=-0.025084117412854177 -0.028784915876867479 0.018165276898106042 0.028890590052675805 0.0020929420662929689 -0.0082465908496754739 -0.013464016314553058 0.046054186930152348 0.072157528789614414 -0.017524036568711317 0.062777008507821891 0.0082661074891090328 -0.0055921377725087276 0.02878292441865642 -0.015400193463502543 -0.0027816882981735722 0.018335497612371278 -0.016761727284000872 0.17866618146534768 -0.014672826631300278 0.043069176910523609 -0.0087040011873547839 0.022579522285894802 -0.0066028308837168224 0.040129026401494808 -0.0074652777415615155 0.036125811308642383 0.16960093007081187 0.014036110791132225 -0.0094985368918767393 -0.0018017074251147278
leaf_weight=52.890405438025482 20.396965739055307 11.351010917773236 2.6881032511591902 1400.3968360886211 300.69426411477616 33.877503634430468 11.864357929211108 7.9076707058120501 11.091522883623837 7.1397048588842145 32.229707953520119 2.4245689981617033 2.9299045545049007 44.947848668089136 29.20407244929811 37.56366550619714 1.2394780733156947 1.0043789540650321 89.461495813069632 7.5185477752238512 7.5741665186360461 33.858875515987165 229.32499695674051 10.815949602052568 7.7575881034135845 7.8643555978778741 0.5012609496479854 9.2622582152252999 0.45850576926022668 130.03947993164184
leaf_count=97505 30134 3353 17 42059 20393 541 132 244 144 59 324 58 208 3136 10262 5696 191 69 43130 42 63 1124 21972 138 114 334 41 390 112 7556
internal_value=-0.000162269 0.000376224 -0.0211483 0.000585847 -0.0013869 0.000940852 0.0122774 0.0242994 0.0184165 0.0263838 0.0192295 0.0550293 -0.000940184 0.000900331 0.0144877 0.0260824 0.0702475 0.095501 -0.0108333 -0.00693113 0.0181608 -0.00118441 0.000334256 -0.00446773 0.0208846 0.00686417 0.0031446 0.03429 0.122852 0.000605723
internal_weight=2546.28 2493.39 23.0851 2470.3 1069.91 754.12 106.535 72.6575 62.3253 51.2338 44.0941 10.3322 647.585 546.773 71.9415 42.7374 5.17376 3.93428 100.813 315.787 15.0927 474.831 429.883 247.899 18.5735 181.985 148.126 10.222 0.959767 137.904
internal_count=289541 192036 30151 161885 119826 99328 1502 961 659 515 456 302 97826 51343 16426 6164 468 277 46483 20498 105 34917 31781 22224 252 9557 8433 543 153 7890
is_linear=0
shrinkage=0.03


Tree=123
num_leaves=31
num_cat=0
split_feature=8 28 28 21 22 14 12 18 34 12 29 25 11 18 29 29 28 29 29 12 33 28 29 31 28 27 28 18 28 27
split_gain=38.738 14.8435 24.2794 20.125 16.2892 20.3698 15.8327 15.0116 11.9494 12.8082 23.5675 11.1536 11.0327 12.9819 15.8947 9.74524 24.0189 16.299 15.9747 15.6961 25.2034 44.0103 14.875 33.2941 14.2353 20.8466 18.7573 22.7363 17.466 29.0291
threshold=0.019133803434669975 0.71503382921218883 0.65233618021011364 -0.98212793469429005 -0.35914301872253412 0.64032891392707836 22.299015045166019 7.4515533447265634 0.3808912336826325 -2.8678594827651973 -0.031174269504845139 0.27271802723407751 16.325263977050785 1.8655853271484377 -0.99864786863327015 -0.26037105917930597 -0.42957681417465204 -0.92272481322288502 -0.074115883558988557 15.100692749023439 2.338193535804749 -0.98214942216873158 -0.90892156958580006 334.84590148925787 -0.99054482579231251 0.23494623601436618 -0.77245554327964772 3.7730560302734379 -0.46801505982875818 0.50824373960495006
decision_type=2 2 2 10 10 10 2 10 2 2 2 2 2 10 2 2 2 2 2 2 2 2 2 2 2 2 2 10 2 2
left_child=-1 2 12 -4 -5 -6 7 11 -3 10 -10 -7 15 -14 -15 16 -2 -18 19 20 -17 -22 23 -19 -20 -26 27 -27 29 -28
right_child=1 8 3 4 5 6 -8 -9 9 -11 -12 -13 13 14 -16 18 17 22 24 -21 21 -23 -24 -25 25 26 28 -29 -30 -31
leaf_value=-0.025312251730465432 -0.0070957575603979358 -0.025170464270624863 -0.021257107736089988 0.0040935422617542133 0.021503190092079766 0.13845323979455998 0.0050618571517145189 -0.012092217112038131 -0.021562765783176278 -0.0060618044157008623 0.097355457151598546 0.013834693659925784 0.011188200573919779 -0.015867810230637772 0.0032930911253095927 0.011869910023183092 -0.00063259103758062432 0.0012412481528382322 -0.013037989532916357 -0.010311478690991294 0.006406248250906907 0.11645108783340262 0.0023826960005831031 0.044315421419497597 -0.010583257310774415 0.012513097473591856 0.067253114521543117 -0.024578045672791149 -0.0078178023424062115 0.0083711816695635557
leaf_weight=51.784503260307247 463.30548161786282 29.143497010722058 5.9410692566598291 9.5068493439175672 10.379718018957648 4.3946807489264748 1.8422009646892545 0.67102409011567932 2.3854935806011781 127.68297256005462 2.0355132679687804 1.005844166036695 172.81821449869312 41.621990029816516 454.00501230568625 80.726212527544703 652.3362929057912 35.120811683533248 59.472612125624437 20.319091720040888 7.3741648502182215 5.0619749845936877 93.175525561353425 28.993062473775353 57.901726164767751 53.080895349266939 14.774121633789036 19.523927204078063 9.0744263905798999 15.050341883092187
leaf_count=98108 35105 28153 739 1244 1549 200 10 363 315 12327 160 104 1501 809 7849 7061 30621 1409 7404 149 293 186 10661 1242 30683 4101 788 3667 1889 945
internal_value=0.000118768 0.000660056 0.00127369 0.0261649 0.0366854 0.0525329 0.0862535 0.106689 -0.00811263 -0.00418866 0.0410483 0.121031 0.000894635 0.00413293 0.00165528 -0.000447174 -0.00165591 0.00146194 0.00403877 0.0131884 0.0183688 0.0565319 0.0100978 0.0211013 -0.000535382 0.00390462 0.0114551 0.00234063 0.0279822 0.038775
internal_weight=2530.51 2478.72 2317.48 33.7414 27.8003 18.2935 7.91375 6.07155 161.247 132.104 4.42101 5.40052 2283.74 668.445 495.627 1615.29 1272.93 809.626 342.359 113.481 93.1624 12.4361 157.289 64.1139 228.878 169.405 111.504 72.6048 38.8989 29.8245
internal_count=289635 191527 150572 4209 3470 2226 677 667 40955 12802 475 304 146363 10159 8658 136204 79038 43933 57166 7689 7540 479 13312 2651 49477 42073 11390 7768 3622 1733
is_linear=0
shrinkage=0.03


Tree=124
num_leaves=31
num_cat=0
split_feature=27 18 0 3 3 4 1 6 6 27 27 24 3 27 22 3 13 21 13 28 34 22 17 8 16 8 28 1 22 25
split_gain=37.1118 12.6423 10.4372 18.6067 17.6012 34.2512 17.5643 15.1681 15.1358 13.4035 13.3957 16.2835 13.1331 13.0221 12.8805 11.538 11.3166 10.9658 10.7091 10.6371 17.9296 18.317 10.5154 10.8492 10.1741 9.82538 9.97943 9.8228 14.5277 12.4355
threshold=0.051391525194048888 13.304382324218752 6.5000000000000009 -0.9482775330543517 1.0495780110359194 22.465523719787601 6.4357738494873056 2.5643754005432133 7.859053611755372 0.85250896215438854 0.79032260179519664 0.61511299014091503 0.46610327064991003 0.86881721019744884 -0.39929471909999842 0.4836986511945725 -1.6475384831428526 0.19087604433298114 -0.53634268045425404 -0.87812310457229603 1.3523235917091372 -0.29992359876632685 -0.75906980037689198 6.5087673664093026 0.19771225005388263 3.4120500087738042 0.17646842449903491 15.685224533081056 0.73938214778900158 0.1367822736501694
decision_type=2 8 2 2 2 2 2 10 10 2 2 10 2 2 8 2 10 10 10 2 2 10 10 2 10 2 2 2 10 2
left_child=-1 2 6 -4 15 -6 8 9 -2 10 11 19 13 25 22 16 -5 18 -7 20 -8 -22 -10 -24 -19 -11 -27 -15 -29 -30
right_child=1 -3 3 4 5 17 7 -9 14 12 -12 -13 -14 27 -16 -17 -18 24 -20 -21 21 -23 23 -25 -26 26 -28 28 29 -31
leaf_value=-0.02575673658476706 -0.011712767908587652 -0.022383426693128469 0.015798567634738889 -0.014626681672306456 -0.017641975676289175 0.02085961458593516 -0.012463761125241319 -0.0014029635126216512 -0.020766623133153361 0.067751296513117037 -0.017303536252986747 0.016304520101222998 -0.003913816256699584 3.4601118673692587e-05 -0.0050614448272545088 -0.0054470536369213077 0.0030348303954944654 0.013007648916995893 0.0024888897948489824 -0.014007986073261654 -0.0099901408154321851 0.10177097591698035 0.062616727551956963 -0.010690239323774461 0.034017023739978128 0.046911992986966321 -0.011434613731269786 0.035188677418716306 0.032316790467828552 -0.028023238249265312
leaf_weight=47.581146000680747 191.93301147909369 20.143592185428133 91.61127364897402 33.655748043966014 38.287368645716924 38.025688201189041 6.7754917799029482 782.9504405441694 1.9241136698983599 7.5136676020920303 27.693685049191117 58.864594731363468 24.567738335113972 25.789820318575948 17.088548252359036 268.2704209581716 567.53368665173184 60.707959277555346 107.75393613614142 39.382205771282315 1.8928422667086122 2.3897599007468671 7.3202338400296849 1.9884758885018525 32.463668011128902 4.4767761807888728 4.4824038716033101 27.413899792358279 4.0290125184692425 6.9495738511905074
leaf_count=92750 72830 18639 12567 2521 3519 200 742 21075 112 92 1730 4127 228 1390 882 9113 42016 342 589 2588 119 119 302 82 177 43 65 468 74 83
internal_value=0.00021339 0.000716985 0.000913267 0.00286251 0.00181617 0.0083836 -0.00102558 0.000628264 -0.00869144 0.00717272 0.000964179 0.00570743 0.015171 0.020961 0.0114851 -0.000285166 0.00202346 0.0126098 0.00739024 -0.00673608 0.018176 0.059834 0.0350135 0.0474393 0.0206114 0.0441284 0.0195033 0.0144291 0.0238522 -0.00502991
internal_weight=2551.46 2503.88 2483.74 1238.31 1146.7 277.239 1245.43 1025.17 220.254 242.221 136.999 109.305 105.223 80.6552 28.3214 869.46 601.189 238.951 145.78 50.4403 11.0581 4.2826 11.2328 9.30871 93.1716 16.4728 8.95918 64.1823 38.3925 10.9786
internal_count=289584 196834 178195 71044 58477 4827 107151 32943 74208 11868 9425 7695 2443 2215 1378 53650 44537 1308 789 3568 980 238 496 384 519 200 108 2015 625 157
is_linear=0
shrinkage=0.03


Tree=125
num_leaves=31
num_cat=0
split_feature=8 3 18 31 28 8 18 25 29 22 18 28 21 29 28 22 3 31 12 31 18 23 31 12 3 33 31 28 29 3
split_gain=34.5529 11.08 9.91306 9.19625 10.0889 13.9363 9.45067 9.42929 9.20738 10.4004 11.2403 10.7897 14.2671 10.2661 16.3165 21.6576 21.7974 23.3579 15.4168 12.6112 16.6458 13.23 12.3721 12.2385 27.0091 9.42742 11.0946 15.4004 20.5883 20.4585
threshold=0.019133803434669975 -1.6931967139244077 13.304382324218752 2479.698608398438 -0.99054482579231251 5.7881591320037851 5.5553131103515634 0.28018297255039221 -0.99465739727020253 0.46970497071743017 7.7660980224609384 0.039769539609551437 0.59323304891586315 -0.98801845312118519 -0.11692013591527937 0.62006792426109325 0.52106276154518139 308.68588256835943 -2.0722273588180538 116.6488609313965 6.4701538085937509 0.25596135854721075 54.987888336181648 8.9321517944335955 0.15028040856122973 3.6756894588470463 240.34812164306643 -0.34235668182373041 -0.88620507717132557 -0.89771792292594899
decision_type=2 2 8 2 2 2 10 2 2 10 8 2 8 2 2 10 2 2 2 2 10 10 2 2 2 2 2 2 2 2
left_child=1 -1 3 8 -5 -6 7 -7 9 -2 -11 -12 -13 14 15 16 17 22 -19 20 -16 -22 -10 -21 -25 26 27 28 -15 -29
right_child=2 -3 -4 4 5 6 -8 -9 13 10 11 12 -14 25 19 -17 -18 18 -20 23 21 -23 -24 24 -26 -27 -28 29 -30 -31
leaf_value=0.039936336054843806 -0.0082813318647519119 -0.027048251240923173 -0.020681610656143941 0.03611213878437583 -0.028450379081435443 0.0061801875514067772 -0.017891991906623252 0.071224276538046263 0.059850109971964022 0.0011537782357521043 0.0067734684099555326 0.12722577135043286 -0.006508027209346426 0.015393423931569013 -0.0067826998918788586 -0.0098380064858149766 0.0016473973029252696 0.032129072641881584 0.097700259284994442 -0.017061656630098947 0.088998841838133821 -0.0042714233097441668 -0.013200159142303467 0.058899708392874055 -0.0025000912773487046 0.0096953776264381928 0.0021209346448207772 0.01804614227851024 -0.0037707462351211063 -0.015916639865599411
leaf_weight=1.4704622620483849 173.18063649564283 47.808780895808013 18.141100096108858 3.0076632762502404 27.546574973646784 16.293773511017214 13.119545413821468 1.3308922316646192 1.9558987477794305 84.128288551815785 4.0807578136445946 1.0926501413341609 0.95172190590528805 64.452407935983501 5.4748891636263561 12.363699637237003 11.762387994211165 7.0128181549953252 8.5705776239628921 29.735880116815679 3.7840156911406666 1.7936175789218394 6.2498006339883432 6.6451465422287574 40.722139478195459 115.02772645652294 1462.477250569209 17.508352538046893 219.17172653341549 121.40592357132118
leaf_count=646 5313 97163 16205 665 13647 706 708 96 39 2781 302 132 97 1846 202 417 128 250 245 2095 72 115 410 67 293 544 102999 4133 20018 16830
internal_value=0.000326509 -0.0242949 0.000825552 0.000992437 -0.0103882 -0.0133561 0.000638481 0.0146523 0.00128737 -0.00399448 0.00423185 0.0404135 0.0832806 0.00194031 0.00988366 0.0237811 0.0354221 0.0513817 0.0719088 0.00214798 0.0306925 0.0629161 0.00882196 -0.00228438 0.00715334 0.00139523 0.000883862 -0.00339275 0.000623014 -0.0115377
internal_weight=2528.27 49.2792 2478.99 2460.85 61.2984 58.2908 30.7442 17.6247 2399.55 263.434 90.2534 6.12513 2.04437 2136.11 136.071 47.9152 35.5515 23.7891 15.5834 88.1557 11.0525 5.57763 8.2057 77.1032 47.3673 2000.04 1885.02 422.538 283.624 138.914
internal_count=289164 97809 191355 175150 15822 15157 1510 802 159328 8625 3312 531 229 150703 4333 1489 1072 944 495 2844 389 187 449 2455 360 146370 145826 42827 21864 20963
is_linear=0
shrinkage=0.03


Tree=126
num_leaves=31
num_cat=0
split_feature=6 18 31 28 28 1 3 11 34 31 28 3 20 21 28 28 34 25 31 18 14 21 28 20 15 18 28 11 34 28
split_gain=34.7125 11.051 9.41405 7.90143 7.26162 7.47399 6.91831 12.8938 12.3538 20.5618 12.0775 25.4726 19.6052 17.6748 10.8963 19.9475 41.8697 23.0929 20.2849 19.7791 14.4021 11.8399 15.8955 13.6265 12.6849 13.5781 12.8322 20.2349 13.9389 12.6662
threshold=0.017307694070041183 13.304382324218752 3477.741088867188 -0.99054482579231251 -0.99763298034667958 25.785140991210941 -0.83008018136024464 9.6302804946899432 0.18501859158277514 116.6488609313965 -0.99467751383781422 0.81528809666633617 0.13794960826635363 -0.96688780188560475 0.039769539609551437 0.12545942142605784 0.75950041413307201 0.24097617715597155 220.38897705078128 2.0871429443359379 -1.158303380012512 1.310144364833832 0.71503382921218883 -0.13311298936605451 1.2346798181533816 1.9287567138671877 0.99818283319473278 5.077341079711915 1.7736251950263979 0.99983760714530956
decision_type=8 8 2 2 2 2 2 2 2 2 2 2 10 8 2 2 2 2 2 10 10 10 2 8 10 10 2 2 2 2
left_child=-1 2 4 -4 5 -2 -6 8 -8 -10 11 12 13 -9 -11 16 17 18 -16 -20 -21 24 23 -23 25 -17 -27 28 29 -28
right_child=1 -3 3 -5 6 -7 7 10 9 14 -12 -13 -14 -15 15 21 -18 -19 19 20 -22 22 -24 -25 -26 26 27 -29 -30 -31
leaf_value=-0.024778863660986836 -0.017216553533616199 -0.021933480512215334 0.032285862115820532 -0.027999285174708427 0.0065106978836302672 0.0073950421313736898 -0.016759304722855708 -0.001307252885666842 0.045251153876509929 -0.0057804851535808409 0.0017475136245566046 -0.0047902177183472092 0.0026609320913530275 0.13993252732656214 -0.011408782385708634 0.012225819731731291 0.0050751261264570299 0.0023567614936549713 -0.0095843774935693155 -0.0063357211880688147 0.20201554450204495 -0.0035258686092537678 -0.016609466384771347 0.070210179618973925 0.021337132296038289 -0.011242811265057259 0.1071981352875275 -0.016693906174269739 -0.016794637456204495 -0.012944107731966466
leaf_weight=49.080111255141674 37.351802867400693 18.699094524345128 1.3840132692712384 15.030720149516126 189.46666414180072 14.965019432827829 53.016173310374143 1.0080636856146155 7.2574623076943672 348.49703200921067 1554.0535274334834 9.1085493424907309 2.524102320894599 2.5097718732431527 0.60466374293901326 33.437115406501107 18.093788284459151 1.7474514638888647 0.44399072602391276 0.26465724629816012 2.0891734283650263 3.1919507890124805 4.8328923465451217 6.0017052915354707 17.489452649984742 134.92083159534377 2.9111465867317734 5.4987005919683725 1.2342933575855566 0.74060740484856058
leaf_count=97704 4877 16654 322 7480 30873 95 37502 56 431 35348 34578 267 114 142 100 1082 663 232 21 67 306 277 716 509 1908 16313 236 249 161 115
internal_value=-4.98855e-05 0.000447621 0.000625888 -0.0213543 0.000781598 -0.0101698 0.00102437 0.000551598 -0.00302599 -0.00176409 0.0020169 0.0278296 0.0707026 0.108128 -0.00242698 0.00258136 0.0283488 0.0959972 0.13263 0.158567 0.183685 -0.000387888 0.0252839 0.0467752 -0.00234178 -0.00476451 -0.0087311 0.0220228 0.0610279 0.0852876
internal_weight=2537.45 2488.37 2469.68 16.4147 2453.26 52.3168 2400.94 2211.48 642.273 589.257 1569.2 15.1505 6.04194 3.51784 581.999 233.502 23.2437 5.14994 3.40249 2.79782 2.35383 210.259 14.0265 9.19366 196.232 178.743 145.306 10.3847 4.88605 3.65175
internal_count=289398 191694 175040 7802 167238 4972 162266 131393 96236 58734 35157 579 312 198 58303 22955 1389 726 494 394 373 21566 1502 786 20064 18156 17074 761 512 351
is_linear=0
shrinkage=0.03


Tree=127
num_leaves=31
num_cat=0
split_feature=6 11 0 15 6 3 11 28 28 19 3 34 13 28 3 22 16 24 11 19 18 16 24 3 22 25 31 19 25 28
split_gain=34.2237 12.5755 8.07706 13.0857 9.28895 9.05484 8.12013 7.82364 25.2583 21.3937 13.5677 13.0941 19.2743 12.5631 23.1372 14.0083 12.0983 16.3944 11.9638 10.6825 11.6591 15.7273 20.9355 20.1549 13.895 14.4928 11.6781 16.5584 16.1732 37.4977
threshold=0.19833779335021975 3.6050454378128056 1.5000000000000002 -0.84932777285575856 29.643007278442386 0.16333926469087603 10.072489261627199 -0.12546116113662717 -0.15101210027933118 1.4142376780509951 0.11078977584838869 2.1653867959976201 -0.23719485104084012 -0.013976118760183452 0.94135388731956493 -1.0245680212974546 -1.0612030029296873 0.022500276565551761 16.325263977050785 1.8434996008872988 4.4992828369140634 1.0000000180025095e-35 0.61511299014091503 -0.64970704913139332 -0.56913751363754261 0.19336975365877154 260.51104736328131 -0.21473675966262815 0.15617772936820987 0.67802080512046825
decision_type=8 2 2 8 10 2 2 2 2 8 2 2 10 2 2 10 10 10 2 10 8 10 10 2 10 2 2 8 2 2
left_child=1 -1 3 -2 7 6 -6 8 16 11 -11 -10 -13 14 -9 -16 17 -4 -18 20 21 -15 23 24 -23 -26 27 28 29 -22
right_child=2 -3 4 -5 5 -7 -8 13 9 10 -12 12 -14 19 15 -17 18 -19 -20 -21 26 22 -24 -25 25 -27 -28 -29 -30 -31
leaf_value=-0.024455314745937408 0.0081834808294550827 -0.0041751052954807502 0.083879130296989554 -0.010461802878201186 0.060477787652488568 0.0077666890958331576 0.0012699529225109606 -0.017519101623489911 0.0080825233673402618 0.12031408519446767 -0.0032807292470498624 0.080018222814364562 -0.0060784778440797077 -0.0031705297487800033 0.054987085771695102 0.0028270662144843925 -0.0004554925273742886 0.01179740121574257 0.0060605879701147993 0.017186913924692324 0.10786807566425644 -0.0055374843883413388 -0.00059387256183117334 0.013098752869413973 -0.0072146832976670364 0.088221568342267465 -0.011392665351312897 -0.010951982948011052 0.0051280851700365917 -0.0093102092023600608
leaf_weight=63.618761893711053 46.172498129919404 48.777519404829945 2.0973962331772773 120.19785268342821 4.9237209209240955 75.545031726360321 3.284210461191833 92.446419894549763 32.438748759246664 2.1662571534689046 0.9998673922382294 5.2049098178977147 3.544372476753777 226.38013262115419 4.5710308370180419 28.303563285502605 965.23436260706512 42.97692017495865 342.90327096753754 31.612917965627275 4.1216296541970241 2.5223830074537537 112.6944500572572 85.70296164159663 1.5733136930502931 6.9098410053411499 134.51576565764844 30.393393081700196 21.077503009495558 4.4451443172583822
leaf_count=124585 2724 10384 380 10730 96 514 41 4323 1154 142 31 86 60 7899 27 283 67766 2483 5074 2477 804 190 4115 2711 157 377 26932 8480 2346 2406
internal_value=0.000341934 -0.0157686 0.00109175 -0.00526923 0.00156036 0.0113057 0.0394979 0.00118178 0.00252852 0.024552 0.0898639 0.0175204 0.0480941 -0.00120912 -0.00987895 0.0114888 0.00178906 0.0168992 0.0012559 0.000444684 -0.000420873 0.00230552 0.00821247 0.0183756 0.0549536 0.0716273 -0.00650833 0.00444251 0.0200684 0.0524487
internal_weight=2547.36 112.396 2434.96 166.37 2268.59 83.753 8.20793 2184.84 1397.57 44.3542 3.16612 41.188 8.74928 787.27 125.321 32.8746 1353.21 45.0743 1308.14 661.949 630.337 435.783 209.403 96.7085 11.0055 8.48315 194.553 60.0377 29.6443 8.56677
internal_count=289777 134969 154808 13454 141354 651 137 140703 77176 1473 173 1300 146 63527 4633 310 75703 2863 72840 58894 56417 15449 7550 3435 724 534 40968 14036 5556 3210
is_linear=0
shrinkage=0.03


Tree=128
num_leaves=31
num_cat=0
split_feature=27 8 6 0 20 1 11 17 17 17 34 29 20 12 8 20 21 29 28 12 30 3 25 28 28 27 28 27 3 31
split_gain=33.388 10.2591 10.1065 8.57249 10.5881 8.60709 8.35954 11.0532 9.63787 9.02346 10.6942 10.5089 9.33 8.88776 8.70655 8.56645 7.99013 7.37741 22.4365 20.971 15.3248 12.2771 12.7626 9.52619 18.5929 17.65 20.3491 27.7916 29.3333 12.6184
threshold=0.051391525194048888 12.409204483032228 0.1547767519950867 5.5000000000000009 1.8293674588203432 32.497514724731452 16.325263977050785 -1.4769998788833616 1.8582596778869631 0.32123056054115301 0.20790136605501178 -0.88620507717132557 0.35793653130531317 16.804019927978519 11.680510997772219 -1.28456175327301 1.8646979331970217 0.48877522349357611 0.86548283696174633 10.828636646270754 1.5000000000000002 -1.2801119089126585 0.28018297255039221 -0.42957681417465204 -0.38242425024509424 0.83602148294448864 -0.80418667197227467 0.89068099856376659 -0.042740169912576668 96.344528198242202
decision_type=2 2 8 2 10 2 2 10 10 8 2 2 10 2 2 10 8 2 2 2 2 2 2 2 2 2 2 2 2 2
left_child=1 -1 3 5 -5 -2 17 -8 9 10 11 12 -9 16 -13 -11 -12 23 21 20 -20 22 -19 25 29 -4 27 -27 -29 -25
right_child=2 -3 6 4 -6 -7 7 8 -10 15 13 14 -14 -15 -16 -17 -18 18 19 -21 -22 -23 -24 24 -26 26 -28 28 -30 -31
leaf_value=-0.02941152666943361 -0.023872710131400191 0.020938093155410422 -0.00062173285549937442 -0.0029261558153236872 0.07298029607695812 0.025881303985230909 0.018642167389881188 0.019101003814611741 0.025785049894707292 -0.025534238385011187 -0.0017940192936271445 -0.016015770378416058 0.067371457474408356 0.010643436206155786 0.034064491359691286 -0.0003431993560776109 0.035214623449682098 0.057886176202810724 0.15781098241282232 -0.022257159921677185 -0.0098595051822754059 0.0013289040755662513 -0.020761106919754951 -0.018939403549068985 0.000213067908322227 -0.018716663445627647 -0.016708776369581041 0.075839972909541795 -0.0060800690959075003 0.021620560708183238
leaf_weight=41.228687118040398 35.680179234128445 3.2841749447979955 533.90916509737144 30.861183361499574 0.74464018765138362 2.6086633056402198 41.358242505346425 11.025676929857587 14.993011459708212 11.661631930386646 152.259375587455 8.1029051482910273 5.42852138809394 107.30351943522692 3.7584224301390341 301.04511605959851 4.4368369588628402 5.9857337832800104 1.2306957381661043 0.90994051564484824 0.48553354552132066 80.08829343834077 1.9452030353713778 7.0669482327066353 897.39480767562054 14.008629549178297 135.06655520119239 7.578059840016067 7.0116433538496477 56.464762222196441
leaf_count=92476 34209 66 47419 22849 398 15 484 224 211 251 3148 253 130 502 34 4672 76 423 163 8 157 12951 268 137 60001 731 4707 313 136 1770
internal_value=0.000144383 -0.0253183 0.000611349 -0.0105532 0.00104563 -0.0199104 0.000939314 0.00380963 0.00279179 0.00218039 0.00596059 0.0231654 0.0379737 0.00403482 0.00126761 -0.00136104 -0.000529462 -0.000147542 0.00813857 0.0813177 0.12421 0.00506621 0.0384318 -0.000605051 0.00133176 -0.00327115 -0.0118578 0.0108431 0.0386055 0.0168853
internal_weight=2524.93 44.5129 2480.41 69.8947 31.6058 38.2888 2410.52 661.373 620.015 605.022 292.315 28.3155 16.4542 264 11.8613 312.707 156.696 1749.15 90.6454 2.62617 1.71623 88.0192 7.93094 1658.5 960.927 697.574 163.665 28.5983 14.5897 63.5317
internal_count=289182 92542 196640 57471 23247 34224 139169 9985 9501 9290 4367 641 354 3726 287 4923 3224 129184 13970 328 320 13642 691 115214 61908 53306 5887 1180 449 1907
is_linear=0
shrinkage=0.03


Tree=129
num_leaves=31
num_cat=0
split_feature=27 4 28 28 28 4 30 28 3 28 11 28 18 19 13 31 8 28 27 28 27 27 4 33 28 22 20 24 12 28
split_gain=32.9437 22.3157 9.48264 11.7048 21.9514 30.1435 15.7671 11.6375 17.7629 22.7113 58.2419 39.5393 22.6608 19.6192 16.9143 16.0182 15.647 11.4684 11.4563 14.0624 13.3791 10.617 17.3641 10.5855 10.2248 9.56548 9.14878 10.9143 8.52735 8.28813
threshold=0.076523300260305419 22.465523719787601 0.71503382921218883 0.86548283696174633 0.86975130438804638 24.089230537414554 1.5000000000000002 0.49812944233417517 -1.0193870663642881 0.52766072750091564 6.2267231941223153 0.51297098398208629 6.8469085693359384 1.8434996008872988 -0.12514901161193845 164.34678649902347 6.5087673664093026 0.62587949633598339 0.68297490477561962 0.99818283319473278 0.28494623303413397 0.26344086229801184 3.6864726543426518 0.0011226318893022837 0.57077592611312877 0.18627630919218066 0.086000453680753722 0.96840935945510875 19.064690589904789 0.92273071408271801
decision_type=2 2 2 2 2 2 2 2 2 2 2 2 10 8 8 2 2 2 2 2 2 2 2 2 2 10 10 8 2 2
left_child=1 -1 7 -4 5 6 -5 -2 15 10 11 -10 14 17 -13 23 -12 28 19 -6 21 -21 -23 -9 -25 -19 27 -27 -11 -20
right_child=2 -3 3 4 18 -7 -8 8 9 13 16 12 -14 -15 -16 -17 -18 25 29 20 -22 22 -24 24 -26 26 -28 -29 -30 -31
leaf_value=-0.026063710831567905 0.0010441293566121231 0.032536636569324574 -0.021557467354152669 0.16265485094633803 -0.02329476516134709 -0.02703141018005099 -0.0097059674175588983 -0.0087670423355934324 -0.016076764695435723 -0.02840601475733244 0.034142839145219137 0.24248972556915474 0.015031837330570156 0.066625970976596768 0.01139927821016988 0.0090706641682763121 -0.03544813534607804 -0.0059671924201828508 0.022984973697587108 0.0031104496433204507 -0.02828614675289548 0.10674490771055639 -0.016647272945555923 -0.0069459274393426449 0.15885156378436621 0.063491958771938972 -0.0056203663754425095 -0.0027397706487654844 0.015586439599820603 -0.001727135402853359
leaf_weight=59.113020902412245 2232.7863784480433 5.6279746871441594 33.719205602508737 1.1736893780762323 39.059087624918902 1.4579883106052873 0.4746615835756528 0.41101161064579983 1.1356041219260071 18.503381661605093 4.8362293636309897 1.5255986070551442 0.83367008392815467 2.8017182819021391 0.43683660551323589 2.8083514742320403 4.7954375820700079 20.901797368889675 14.944926146301439 5.0384028027474397 3.9493424752727142 2.0475835502147679 1.1879406052175907 0.2989277088199741 1.215701362409163 5.8040300844004351 5.3774430041084988 3.2185493439901629 4.2884346637874833 51.702616877970286
leaf_count=117214 126934 40 9729 167 19687 10 198 220 336 3670 206 147 199 158 115 1384 45 2095 523 1944 509 89 70 111 236 549 684 319 28 1680
internal_value=0.000407575 -0.0205521 0.00096578 -0.00619995 -0.00177994 0.0664351 0.128098 0.0014479 0.012677 0.00863364 0.0422888 0.126131 0.172907 0.00057541 0.212261 0.0636763 -0.000580531 -0.00368361 -0.00412027 -0.0146415 0.0126803 0.0331761 0.0682066 0.112992 0.13638 0.00699435 0.024974 0.0419496 -0.0198213 0.00407212
internal_weight=2531.48 64.741 2466.73 154.755 121.036 3.10634 1.64835 2311.98 79.1927 74.4587 13.5634 3.93171 2.79611 60.8954 1.96244 4.73399 9.63167 58.0936 117.93 51.2824 12.2233 8.27393 3.23552 1.92564 1.51463 35.3018 14.4 9.02258 22.7918 66.6475
internal_count=289296 117254 172042 34606 24877 375 365 137436 10502 8551 1048 797 461 7503 262 1951 251 7345 24502 22299 2612 2103 159 567 347 3647 1552 868 3698 2203
is_linear=0
shrinkage=0.03


Tree=130
num_leaves=31
num_cat=0
split_feature=4 0 27 1 18 29 29 21 27 33 11 29 29 29 27 31 24 31 29 11 4 18 19 27 1 27 27 18 8 18
split_gain=33.8256 11.3536 13.624 9.48735 14.9904 9.96301 27.4314 10.4209 13.3078 22.4284 12.0728 9.00679 23.8517 23.2097 53.2539 41.4413 26.6702 38.1861 17.0879 28.2273 18.597 20.5325 14.041 13.3064 22.1151 11.4963 12.6565 12.235 14.6646 11.1408
threshold=-2.4956743717193599 1.5000000000000002 0.84157705307006847 47.646572113037116 3.6983947753906254 0.87709078192710888 0.86004966497421276 -0.21169604361057279 0.96774193644523632 1.7356092333793642 1.4003416299819949 -0.15101602673530576 -0.6258755326271056 -0.65233206748962391 0.67204302549362194 346.99270629882818 0.2023291811347008 524.19323730468761 -0.11692317575216292 12.453388690948488 11.03581476211548 7.4515533447265634 1.5238821506500246 0.89068099856376659 11.009984016418459 0.84695342183113109 0.68297490477561962 4.3935546875000009 7.2039783000946054 3.1966247558593754
decision_type=2 2 2 2 10 2 2 10 2 2 2 2 2 2 2 2 10 2 2 2 2 10 10 2 2 2 2 10 2 10
left_child=-1 2 -2 5 -5 6 7 8 -3 -10 -9 12 13 22 15 -15 -17 -18 19 20 21 -13 -12 -14 -25 26 -24 -28 -29 -27
right_child=1 3 -4 4 -6 -7 -8 10 9 -11 11 18 23 14 -16 16 17 -19 -20 -21 -22 -23 25 24 -26 29 27 28 -30 -31
leaf_value=-0.024806350783576073 -0.013565182364463607 -0.0026646469536233276 0.0035174344310735244 0.002622977301400306 0.025545881591999959 -0.018143299412137961 0.059824973332058877 -0.015482003509361441 -0.020742348176040377 0.025439712439227043 0.0023048602073860529 0.0014260722600197757 -0.0091804286994991765 -0.00093790127663210361 -0.00035216891142456904 0.0026947783314460339 0.25336360785813195 0.00540875752648375 0.0064378083080227216 -0.020780837785120871 0.12437509298296726 0.11184858152337639 0.0041995816772573621 0.08079993897025263 -0.0066104895335533272 0.037384165529260334 -0.0019117113767675123 0.075517574078547672 0.015834387295880509 -0.0075584878029194575
leaf_weight=47.252886579692131 105.07158478046767 849.70358926689369 69.016474584816024 92.043435752391815 34.756979316473007 24.106776577362325 6.0787376870575818 31.985380530793918 11.966328247101044 35.22712881071493 792.25658242314239 5.5195561629952845 190.47453140706057 2.0727582628605914 11.462776920991017 0.79510539511102285 1.636161999194883 0.76579247467452649 140.16894686571322 4.1580757177434853 2.6265977784059942 1.103119985113153 12.389383010653544 3.0334445976186526 6.9764820095151663 5.3752565192990032 4.3724634698592153 9.8302597496658581 6.6207606964744619 21.48567120381631
leaf_count=102780 17232 62577 1771 440 201 14087 936 24971 364 454 32246 512 13754 425 540 67 86 83 12721 118 61 125 1404 158 139 87 145 390 96 474
internal_value=7.10507e-05 0.000554262 -0.00681144 0.00111231 0.00905705 0.000646731 0.000864931 0.000670678 -0.00179772 0.0135424 0.00243462 0.00291541 0.00193509 0.00408735 0.0380669 0.108363 0.162565 0.199138 0.00968594 0.0408401 0.0678669 0.0320791 0.00337645 -0.00736853 0.0248116 0.0172395 0.0287758 0.0425356 0.0537817 0.00245419
internal_weight=2530.33 2483.08 174.088 2308.99 126.8 2182.19 2158.08 2152.01 896.897 47.1935 1255.11 1223.12 1069.55 869.063 16.7326 5.26982 3.19706 2.40195 153.576 13.4073 9.24927 6.62268 852.33 200.484 10.0099 60.0738 33.2129 20.8235 16.451 26.8609
internal_count=289444 186664 19003 167661 641 167020 152933 151997 63395 818 88602 63631 50094 36043 1201 661 236 169 13537 816 698 637 34842 14051 297 2596 2035 631 486 561
is_linear=0
shrinkage=0.03


Tree=131
num_leaves=31
num_cat=0
split_feature=8 6 11 31 28 6 3 6 15 12 34 13 30 31 29 28 34 28 12 29 29 31 29 25 29 28 11 1 18 34
split_gain=31.2316 11.3897 11.8943 11.4227 17.6966 10.6191 9.55979 13.6595 12.8177 10.4715 9.70836 9.67582 9.12116 13.8819 16.5961 19.2831 17.1555 14.0484 15.5283 12.2884 13.5053 12.0257 13.8102 13.1245 12.9503 64.0102 12.5811 12.9544 19.6263 22.8917
threshold=0.097306016832590117 12.504670143127443 0.34319466352462774 2479.698608398438 -0.99054482579231251 0.9428316354751588 1.7961651086807253 29.643007278442386 -0.23205950111150739 -1.5887513756752012 0.35225026309490209 1.5350636243820193 1.5000000000000002 771.62255859375011 0.31595529615879064 -0.27694603800773615 2.5997183322906499 -0.92923668026924122 -1.1120645999908445 0.86439019441604625 0.88117334246635448 408.92024230957037 -0.99983122944831837 0.28570199012756353 -0.69055965542793263 -0.77245554327964772 6.4336595535278329 6.3075137138366708 4.7590026855468759 0.30646923184394842
decision_type=2 8 2 2 2 10 2 8 10 2 2 8 2 2 2 2 2 2 2 2 2 2 2 2 2 2 2 2 10 2
left_child=5 3 -3 12 -5 -1 9 8 -8 11 -11 -4 21 14 16 17 -14 18 -16 -19 -21 22 -2 -23 -25 -26 -24 28 -28 -30
right_child=1 2 6 4 -6 -7 7 -9 -10 10 -12 -13 13 -15 15 -17 -18 19 -20 20 -22 23 26 24 25 -27 27 -29 29 -31
leaf_value=-0.023747650268654323 -0.028814873225778234 0.049010957399715366 0.010700427367684987 0.048904385644344232 -0.023639992644269053 0.017663579406017239 -0.011627564795709443 0.022188410020379294 0.015347123393788707 -0.012345525278121255 0.0010194723049793478 -0.026721490980605361 -0.0070067042080483267 0.0023827037933948879 0.098818595295537784 -0.029083000370167825 0.032440173533444361 0.0032815941245759061 0.0010645052425739289 0.076537122772832436 0.0049908483037771987 -0.011620526507577132 -0.0052207724960691608 -0.0074872396406128186 -0.0045596984439658641 0.14665744540416856 0.0023559983479846864 0.0056506394237090312 0.018916057118226394 0.077689382203077556
leaf_weight=62.278041740180925 9.681593176093882 4.0332522199605583 131.89960109340609 2.3840901624935205 33.802148281480186 5.3954734521394121 32.186966256937012 50.98760268103797 29.363600381882861 52.464750466548139 573.9483717350231 5.5868321552989064 619.46795027778717 352.05009944099584 2.6769538498483598 8.779928096191723 9.1107588484883291 38.265476229251362 2.4649435830069697 3.8667211985739396 4.9303675788105465 88.28119970386615 74.682895656995242 13.877309426257854 9.8410781097481941 2.3603365714661768 24.875465044169687 261.85682635731064 19.076708993176002 8.3697976532857847
leaf_count=119548 420 1691 5990 451 12473 1353 237 464 265 3159 10124 328 52996 13277 170 7582 42 6060 348 242 1776 12330 24681 1265 851 114 2150 6539 1763 759
internal_value=-0.000280959 0.000273502 0.00300916 -0.00124165 -0.0176739 -0.0202369 0.00274185 0.0108654 0.00128073 0.00153244 -0.000117796 0.0089978 -0.000848023 -0.00245986 -0.00493205 0.00989839 -0.00638433 0.0168778 0.05976 0.0110468 0.041041 0.00242374 0.00488324 -0.00611563 0.0122604 0.0335863 0.00579399 0.00842055 0.0219172 0.03894
internal_weight=2538.85 2471.17 880.471 1590.7 36.1862 67.6735 876.438 112.538 61.5506 763.9 626.413 137.486 1554.52 1041.61 689.563 60.9844 628.579 52.2045 5.1419 47.0626 8.79709 512.903 398.543 114.36 26.0787 12.2014 388.862 314.179 52.322 27.4465
internal_count=289448 168547 22258 146289 12924 120901 20567 966 502 19601 13283 6318 133365 82493 69216 16178 53038 8596 518 8078 2018 50872 36312 14560 2230 965 35892 11211 4672 2522
is_linear=0
shrinkage=0.03


Tree=132
num_leaves=31
num_cat=0
split_feature=6 12 3 8 28 31 28 28 2 28 14 12 3 3 8 0 1 13 8 29 29 28 13 33 17 3 20 28 28 28
split_gain=28.648 9.31166 12.9565 18.4756 13.4264 16.7286 15.1991 13.1037 23.4003 22.7882 17.6446 15.7566 14.4942 12.3951 19.2427 16.9705 12.3333 11.5648 10.9766 10.9259 13.3154 15.1267 18.9212 15.5145 14.804 12.4899 10.6035 10.4836 20.1354 15.4647
threshold=0.017307694070041183 19.064690589904789 0.60036975145339977 10.48910427093506 0.99818283319473278 710.89306640625011 0.99983760714530956 0.71503382921218883 2.8966646194458012 0.65233618021011364 0.64032891392707836 -3.4647879600524898 0.43017786741256719 1.0495780110359194 3.2385717630386357 4.5000000000000009 30.305106163024906 1.3199079036712649 9.6139369010925311 -0.99983122944831837 -0.94703993201255787 -0.28519254922866816 -0.42522437870502466 3.3494656085968022 -1.0860490202903745 0.44824056327342993 0.010970545001327993 -0.96689236164093006 -0.9413962960243224 -0.99763298034667958
decision_type=8 2 2 2 2 2 2 2 2 2 10 2 2 2 2 2 2 10 2 2 2 2 10 2 10 2 8 2 2 2
left_child=-1 2 4 -4 7 -6 -7 9 -9 16 -11 -12 -10 19 -15 -16 27 -13 -18 -3 21 -21 24 -24 -23 -22 -5 29 -29 -2
right_child=1 13 3 26 5 6 -8 8 12 10 11 17 -14 14 15 -17 18 -19 -20 20 25 22 23 -25 -26 -27 -28 28 -30 -31
leaf_value=-0.023932415862385807 -0.012123300849952563 -0.027574599767756544 -0.0084793668646870723 0.0094596025194383544 -0.022292995795078666 0.079728544865149728 -0.010784128714928929 -0.019429408308088182 0.050606534227476532 0.0035561218743514651 -0.018028860959453854 0.092347296955576849 -0.023344550999691155 0.044279593194735845 -0.0030481844730361187 0.011793627831582897 0.027985591965608379 -0.013666445998180916 -0.0065725990449567529 0.040758045628030926 -0.028413951443210579 0.044560702958626894 0.018449363837024391 -0.013710018458297992 0.0080644493783864433 -0.0024264036975957313 -0.004500149686382935 -0.023541015618221851 0.00027687848341877001 0.013896771614462828
leaf_weight=42.824721145734657 24.933608351624571 12.188351474702356 350.35181014082627 105.00652236235328 2.8272756178048422 5.1792644844972529 1.9902953427517784 56.804539270320674 6.8382000615820271 8.59955890857964 1.4082884811214169 6.1880092738429067 2.7326911957934499 11.615940583869813 108.61765299923718 189.05976586928591 26.414895042777061 0.79093828689656209 11.376882322132586 9.6529383361339551 20.094991585239768 12.037691906094549 16.575135122984648 57.976748760789633 45.834299773909152 79.978490598499775 90.177535731694661 31.911035845201695 1087.1083415776666 100.78563482567552
leaf_count=97276 3695 61 26629 1412 2041 376 180 32377 92 2350 227 873 112 58 577 998 151 202 63 48 133 54 98 291 248 481 1335 4949 101188 10419
internal_value=0.000112066 0.000535882 -0.000459184 -0.00436709 0.00109234 0.0341093 0.0563575 0.000825912 -0.0120753 0.00149365 0.0350277 0.0634797 0.029281 0.00392287 0.00794728 0.00638602 0.00102255 0.0801255 0.0176809 -0.000983047 0.000463309 0.00634996 0.00355513 -0.00641046 0.0162838 -0.00787426 0.00301995 0.000502999 -0.000422748 0.00868132
internal_weight=2527.88 2485.06 1921.43 545.536 1375.89 9.99684 7.16956 1365.89 66.3754 1299.52 16.9868 8.38724 9.57089 563.632 309.293 297.677 1282.53 6.97895 37.7918 254.339 242.15 142.077 132.424 74.5519 57.872 100.073 195.184 1244.74 1119.02 125.719
internal_count=288994 191718 188671 29376 159295 2597 556 156698 32581 124117 3652 1302 204 3047 1633 1575 120465 1075 214 1414 1353 739 691 389 302 614 2747 120251 106137 14114
is_linear=0
shrinkage=0.03


Tree=133
num_leaves=31
num_cat=0
split_feature=27 4 5 12 28 28 29 31 28 34 12 11 33 29 23 17 20 29 27 24 24 3 11 21 27 28 31 34 11 27
split_gain=29.7663 10.1634 9.61167 17.5061 12.9646 19.6086 16.6321 24.4778 22.1412 18.576 15.4835 15.0197 14.0002 10.5432 10.1594 8.39849 10.6004 10.0367 14.9177 8.21699 10.166 7.957 7.82661 8.22468 7.74587 11.0604 10.1636 9.60941 10.2736 9.19936
threshold=0.051391525194048888 22.465523719787601 -0.2485726326704025 12.51738214492798 0.71503382921218883 0.49812944233417517 -0.85225707292556752 164.34678649902347 0.67802080512046825 1.539660692214966 0.60108423233032238 5.4407341480255136 0.0011226318893022837 -0.73865258693695057 0.75196528434753429 0.081307500600814833 -0.4844686090946197 -0.98801845312118519 0.95627239346504223 0.77901506423950206 0.86209031939506542 -0.0033569448860362168 13.344423294067385 -0.10957202315330504 0.46451613306999212 0.99818283319473278 247.52179718017581 0.43586951494216924 5.2578792572021493 0.61200717091560375
decision_type=2 2 10 2 2 2 2 2 2 2 2 2 2 2 8 10 10 2 2 10 10 2 2 8 2 2 2 2 2 2
left_child=1 -1 24 4 5 -4 10 12 -9 -10 -7 -12 -8 14 -14 16 19 18 -17 -5 -21 -11 -22 -24 25 26 -2 -27 -29 -26
right_child=2 -3 3 15 -6 6 7 8 9 21 11 -13 13 -15 -16 17 -18 -19 -20 20 22 -23 23 -25 29 27 -28 28 -30 -31
leaf_value=-0.029230773738386708 0.015210845800131852 0.022899820890152415 -0.0041776133166811147 -0.0083141984824685131 -0.019758891576410489 -0.016118444845183662 -0.013921489257331329 -0.028302251209114955 -0.023937988870519306 -0.0013456683432071983 0.1638336197179289 0.030745713937178971 0.15502289086842166 -0.0090762281782646708 -0.0071543915402821198 0.0033172639167705822 0.013760166479132098 -0.002912966375537267 0.039568108196359225 0.029379973681065697 -0.009629475773971349 0.091517952114491624 0.025042113575308306 0.00031050559565470648 -0.0059115857927179907 -0.016339060181737208 0.001488810646892011 0.092657649724961405 -0.0067191098906283784 0.0027728528660271512
leaf_weight=36.98980092848069 78.623446387180593 2.9628961011767379 614.12982665823074 49.442292168969288 44.085559626400936 1.1304103538568622 0.86161368276225703 11.724134508840509 2.2949485015124074 1.0230534239672127 0.85235110152279991 2.3380552970338613 1.2615982660790905 0.42935025363112789 0.31016048800665896 57.311065128073096 112.66207217681222 268.08703534374945 11.494181953370569 13.953429585322736 29.710945034166798 2.8391840908443555 18.245575919747353 32.67283783107996 124.34173460968304 1.1765448888181698 125.23496273206547 2.6303806651849304 1.0891063646413384 885.60206138016656
leaf_count=92720 10953 24 75909 444 32977 570 788 4696 988 71 121 72 229 159 98 390 939 2297 79 98 303 134 93 155 12904 572 23084 205 53 26890
internal_value=0.000469664 -0.0249 0.000885631 -0.000933031 -0.00420423 -0.00310223 0.0223957 0.00974853 -0.0047859 0.0376904 0.0698707 0.0969138 0.0782703 0.109377 0.132682 0.00283325 0.00691004 -0.000284224 0.00985319 0.00149367 0.00665399 0.0717019 0.00240937 0.00948422 0.00279029 0.00803732 0.0068295 0.04864 0.068301 0.00169886
internal_weight=2535.51 39.9527 2495.56 1276.86 683.28 639.195 25.0649 20.744 17.8813 6.15719 4.32082 3.19041 2.86272 2.00111 1.57176 593.579 256.687 336.892 68.8052 144.025 94.5828 3.86224 80.6294 50.9184 1218.7 208.754 203.858 4.89603 3.71949 1009.94
internal_count=289015 92744 196271 121610 116812 83835 7926 7163 5889 1193 763 193 1274 486 327 4798 2032 2766 469 1093 649 205 551 248 74661 34867 34037 830 258 39794
is_linear=0
shrinkage=0.03


Tree=134
num_leaves=31
num_cat=0
split_feature=8 28 28 22 8 25 8 1 28 28 0 27 27 29 29 34 3 14 0 25 24 28 11 28 29 28 12 3 2 27
split_gain=28.8406 11.8384 13.2743 9.95504 12.731 11.2585 9.62541 11.1183 11.984 10.9023 10.0241 9.30618 10.078 8.23878 19.8117 14.5198 9.9665 9.45229 9.07327 10.8918 7.92747 7.82432 8.8341 7.58567 11.767 17.4681 19.8742 16.0042 12.3498 18.0496
threshold=0.025561073794960979 0.71503382921218883 0.65233618021011364 0.18627630919218066 3.3535856008529668 0.24235579371452334 2.9664670228958134 5.2297408580780038 0.99818283319473278 0.9996619224548341 8.5000000000000018 0.81953403353691112 0.13655914366245273 0.87709078192710888 0.86004966497421276 0.78956961631774913 2.0380684137344365 -0.29904058575630182 5.5000000000000009 0.21912641078233722 0.20587845891714099 0.93845596909523021 4.6964673995971689 -0.99763298034667958 -0.26037105917930597 -0.88622298836708058 19.064690589904789 0.90542006492614757 2.3230600357055669 0.47222222387790685
decision_type=2 2 2 10 2 2 2 2 2 2 2 2 2 2 2 2 2 10 2 2 10 2 2 2 2 2 2 2 2 2
left_child=-1 2 13 20 5 11 -3 8 10 -10 -8 12 -5 14 16 17 23 -16 19 -18 -4 22 -12 -2 25 26 -25 28 -26 -30
right_child=1 6 3 4 -6 -7 7 -9 9 -11 21 -13 -14 -15 15 -17 18 -19 -20 -21 -22 -23 -24 24 27 -27 -28 -29 29 -31
leaf_value=-0.023674745136824393 -0.011207888552874311 -0.01842018362175794 0.031872016809066185 -0.0098179203794820265 0.008637329412914202 -0.0030104371660143983 -0.020535687908284413 -0.0056285752715035742 0.089272125398895938 -0.014459445143853505 0.11039311979800277 -0.010940409065416948 0.11629347991139874 -0.015368457249720215 -0.014690658363009311 -0.030024576453102487 -0.012860080664048474 0.077775811317846846 0.022086182002894722 0.027183032736630145 -0.0068989594528505232 -0.014680126200552849 -0.010851396867070937 -0.016709340943558533 0.0065894912245559462 0.00063869351179152449 0.02317419633322735 -0.0030527777216107282 0.064344312516031704 0.015979466880700122
leaf_weight=43.935782825283241 47.450660998641979 47.939072411099914 6.0710011498013072 0.48560629331040983 6.6271994621492922 1.4815159069839863 5.2463353388011438 98.806164286506828 2.4696566116181207 0.89959134301170696 0.70729019853752129 0.55218747770413745 3.4031404093257152 26.86721485859016 0.84449396247509856 1.2013992969878016 19.145098185981627 5.2437611082859794 36.354315833537839 7.7776504270732394 13.650961317121981 0.93742129259044293 0.55202181916683912 92.022732559242286 127.08179940102855 1751.0512449693924 11.906231520697473 101.17809970147209 7.4484813110902897 46.811620634747669
leaf_count=101155 5046 33178 929 737 226 266 1803 4142 178 116 145 33 318 16621 299 193 212 681 350 38 1483 176 56 9416 26235 77956 64 4618 354 2254
internal_value=0.00014398 0.000576684 0.00111947 0.0199326 0.0397721 0.0683311 -0.00735405 -0.00239176 0.0251596 0.0646053 0.00176679 0.0883101 0.101758 0.000844849 0.0010447 0.0473386 0.00087362 0.0646868 0.0125169 -0.000732894 0.00599802 0.0447926 0.0759663 0.000530854 0.000796563 -7.34023e-05 -0.0119629 0.00648872 0.0117999 0.0236629
internal_weight=2516.15 2472.21 2314.66 32.2716 12.5496 5.92245 157.558 109.618 10.8123 3.36925 7.44307 4.44093 3.88875 2282.38 2255.52 7.28965 2248.23 6.08826 63.2771 26.9227 19.722 2.19673 1.25931 2184.95 2137.5 1854.98 103.929 282.52 181.342 54.2601
internal_count=289278 188123 148329 3992 1580 1354 39794 6616 2474 294 2180 1088 1055 144337 127716 1173 126543 980 600 250 2412 377 201 125943 120897 87436 9480 33461 28843 2608
is_linear=0
shrinkage=0.03


Tree=135
num_leaves=31
num_cat=0
split_feature=27 18 0 27 34 29 28 11 25 11 27 28 3 0 28 28 16 18 23 12 11 6 17 28 28 21 21 6 3 29
split_gain=27.2606 11.7354 10.1988 11.9753 13.2068 11.9344 21.827 10.4696 15.1499 10.3858 13.0691 15.1947 10.7994 16.9501 23.0104 49.3925 35.7943 23.6 22.6598 15.0711 14.9949 16.4394 13.1414 13.5025 20.217 22.8558 19.9251 16.7663 12.0837 10.9721
threshold=0.051391525194048888 11.543807983398439 2.5000000000000004 0.93440860509872448 1.7141346931457522 0.56191161274909984 -0.27694603800773615 0.63772630691528331 0.27570670843124395 1.4527578353881838 0.080392159521579756 -0.99054482579231251 -0.35858295857906336 5.5000000000000009 -0.75015330314636219 -0.78326541185379017 0.21034931391477588 2.2750854492187504 -0.14661682397127149 -5.4334867000579825 10.072489261627199 19.771276473999027 -0.35220701992511744 -0.97113886475563038 -0.99467751383781422 -0.87984189391136158 0.23335347324609759 2.3947629928588872 -0.91121092438697804 -0.98801845312118519
decision_type=2 8 2 2 2 2 2 2 2 2 2 2 2 2 2 2 10 10 10 2 2 10 10 2 2 10 10 10 2 2
left_child=-1 2 3 4 -2 9 7 8 -7 -4 11 -11 13 -12 15 18 -17 -18 19 -15 21 29 -21 24 -24 -26 27 -27 -25 -14
right_child=1 -3 5 -5 -6 6 -8 -9 -10 10 12 -13 20 14 -16 16 17 -19 -20 22 -22 -23 23 28 25 26 -28 -29 -30 -31
leaf_value=-0.024411279527870446 -0.01130091087374537 -0.016997838750029776 -0.014658854070675393 0.0084343284581766577 0.0023945371312899658 0.059626740166974064 -0.012472772168933846 0.01508453249319573 -0.020578187078391076 0.089497651411253487 -0.0043036270691573647 0.0078384520599509133 0.0072249489245152431 -0.0010395336243721391 0.0044679997262867463 0.013307640752579421 0.018383021903923588 0.17547235936467437 -0.0049013398923419514 -0.010143184460090767 0.0019855517568651147 0.018805769324861707 -0.002401687441308269 -0.013060208704307099 0.013298351717316786 0.1938043784856168 0.018867961904539668 0.018485211167223438 0.045680667404707873 -0.0076676481674812242
leaf_weight=38.844399166497169 182.32177064073039 32.647110898833489 35.691289755835896 56.835579377482645 96.386330986133544 10.465070628444662 21.525566040392732 45.637818960793084 2.0731888758018604 2.236520791077055 105.35264240761171 6.2030387401173339 49.802534104906954 9.8768697448540461 196.55282654051553 3.6850261114304868 1.4163928034249691 3.0664682983770035 29.138962761149742 3.3933197461592526 1186.5621461888077 24.789203089661896 2.2084822228644043 4.1347567085176715 2.317669800715521 2.4707777448056754 1.4174824796209575 0.83723317831754673 8.6400749828317167 369.69619745589443
leaf_count=92677 28486 26104 28073 1171 4723 4302 11286 3266 497 229 12795 1212 2360 660 12608 233 50 202 3318 467 23769 337 251 588 96 192 89 43 694 28692
internal_value=0.000207782 0.000600326 0.000840224 -0.00401346 -0.00657295 0.00160665 0.0129234 0.0223721 0.0458245 0.00116047 0.00144798 0.0366671 0.00128156 0.0058684 0.00985111 0.0241656 0.0894775 0.138244 0.0146458 0.0304732 0.000225284 -0.00446977 0.0422934 0.0504612 0.0769282 0.0990091 0.131382 0.164023 0.0271004 -0.00588663
internal_weight=2536.23 2497.38 2464.74 335.544 278.708 2129.19 79.7016 58.1761 12.5383 2049.49 2013.8 8.43956 2005.36 374.509 269.156 72.6035 8.16789 4.48286 64.4356 35.2967 1630.85 444.288 25.4198 22.0265 9.25165 7.04316 4.72549 3.30801 12.7748 419.499
internal_count=289470 196793 170689 34380 33209 136309 19351 8065 4799 116958 88885 1441 87444 32286 19491 6883 485 252 6398 3080 55158 31389 2420 1953 671 420 324 235 1282 31052
is_linear=0
shrinkage=0.03


Tree=136
num_leaves=31
num_cat=0
split_feature=8 3 18 0 2 6 1 18 3 13 15 18 28 28 28 22 3 3 22 22 14 31 6 24 3 24 28 28 34 20
split_gain=24.8044 7.88694 7.76212 7.73798 11.3332 9.74607 9.41325 13.9601 9.30931 8.77678 14.6538 9.4048 9.5253 17.2751 15.5716 15.1876 12.9958 11.7741 9.91322 11.7979 9.74593 9.24856 11.6859 9.42852 8.66811 12.1895 8.52955 15.8179 11.9204 20.3367
threshold=0.040833590552210815 -0.83008018136024464 15.221649169921877 1.5000000000000002 3.0587837696075444 2.6194986104965214 47.646572113037116 3.6983947753906254 1.0495780110359194 1.3386966586112978 0.99133428931236278 2.1895446777343754 -0.51297807693481434 -0.55657517910003651 -0.44504626095294947 -0.68474590778350819 0.52106276154518139 0.44824056327342993 -0.50551047921180714 -0.48569504916667933 0.32585804164409643 69.397317886352553 5.9570436477661142 0.0092126582749187964 -0.83008018136024464 0.50712460279464733 -0.87812310457229603 -0.84315016865730275 1.0826733112335207 -0.027360548265278336
decision_type=2 2 8 2 2 10 2 10 2 10 10 10 2 2 2 8 2 2 10 10 10 2 8 10 2 8 2 2 2 10
left_child=1 -1 3 4 -2 -6 9 8 -8 10 11 12 13 20 17 -15 -17 -14 -16 -20 26 -13 -23 -24 25 -12 -5 -28 -29 -30
right_child=2 -3 -4 6 5 -7 7 -9 -10 -11 24 21 14 15 18 16 -18 -19 19 -21 -22 22 23 -25 -26 -27 27 28 29 -31
leaf_value=-0.0018701287294882929 -0.018013329613018603 -0.028673169482766003 -0.026986577401875062 0.0012863965585567486 0.020404979996074119 -0.0041790284444715598 -0.010455258893807502 0.026028728047134624 0.0095465148917399118 -0.0065675040435427259 0.055977783022410035 0.0072463759147950828 -0.029473512658406722 0.071576356405797667 -0.0064907226825857908 -0.018603718072639875 0.043917806786003863 0.011218566730497329 0.04622471337173658 0.0043621643204776895 -0.0076833976819242773 -0.00510459493648975 0.024731796783386457 0.00028399137341620474 0.008343422593615436 -0.0041432903760928808 0.041344208085901515 0.02041967146736166 -0.024171529434547853 0.028242112817122834
leaf_weight=13.89896901627071 47.512082720844774 34.468152772227768 8.3391550758387876 61.629273270867998 15.775759459938852 106.68324407981709 30.297067776322365 30.867355369031429 62.497270748019218 149.81778632864007 7.4289380954287454 108.94242936061346 23.530193002894524 6.0832490248139948 82.319114960206207 5.2622326001874189 4.8703960464335978 8.0531810601241869 5.2143760377948629 269.93742021775688 35.9323057581787 543.41652517317561 13.512372430530375 655.33240424629184 100.01111513527576 4.5399118917412133 16.597903939895332 34.086726389068644 17.902176352916289 9.3178861299529654
leaf_count=11723 15141 95498 9417 3298 266 1279 124 185 320 13280 1427 6102 469 92 1356 181 48 71 83 4851 1262 87509 1510 23212 7432 634 360 1469 487 93
internal_value=-0.000109478 -0.0211648 0.000311955 0.000415533 -0.00574113 -0.000872373 0.000875328 0.00889147 0.00297415 0.000413295 0.000935606 0.000311893 0.00349049 0.00894552 0.000786821 0.0376575 0.0126937 -0.0190719 0.00258969 0.00532001 0.00609372 -0.00108685 -0.00184108 0.000814084 0.0114326 0.0346122 0.00967098 0.0162035 0.00884276 -0.00586447
internal_weight=2514.08 48.3671 2465.71 2457.37 169.971 122.459 2287.4 123.662 92.7943 2163.74 2013.92 1901.94 580.736 191.682 389.054 16.2159 10.1326 31.5834 357.471 275.152 175.466 1321.2 1212.26 668.845 111.98 11.9688 139.534 77.9047 61.3068 27.2201
internal_count=289179 107221 181958 172541 16686 1545 155855 629 444 155226 141946 132453 14120 7290 6830 321 229 540 6290 4934 6969 118333 112231 24722 9493 2061 5707 2409 2049 580
is_linear=0
shrinkage=0.03


Tree=137
num_leaves=31
num_cat=0
split_feature=27 4 18 31 5 31 25 29 15 29 29 16 3 15 21 25 6 13 0 33 18 29 31 6 29 29 27 27 34 25
split_gain=24.5213 11.613 9.70033 8.8431 10.8741 9.50423 11.8592 18.3228 8.4119 8.64867 20.3301 13.6786 12.2174 11.2637 10.7242 9.88032 9.66688 9.8281 10.979 9.95204 9.38934 10.6156 8.13572 13.0144 8.69139 13.1777 16.6043 26.5078 32.9791 19.8985
threshold=0.051391525194048888 22.465523719787601 13.304382324218752 69.397317886352553 -17.569912910461422 96.344528198242202 0.30538792908191686 -0.98801845312118519 -1.1261058449745176 -0.75013810396194447 -0.82413947582244862 0.090508043766021742 0.44824056327342993 0.44019709527492529 1.1312289237976076 0.064896084368228926 10.37556838989258 -0.39346231520175928 6.5000000000000009 2.8444869518280034 7.5030670166015634 -0.91595870256423939 2479.698608398438 9.9773979187011737 0.63089349865913402 0.73136293888092052 0.50824373960495006 0.25143370032310491 1.2787274122238161 0.24895898997783664
decision_type=2 2 8 2 8 2 2 2 8 2 2 10 2 10 10 2 10 8 2 2 10 2 2 8 2 2 2 2 2 2
left_child=1 -1 3 4 -2 6 -5 -8 -6 10 11 16 13 14 -12 -11 17 18 19 -10 21 -19 24 -24 -7 26 27 -26 29 -29
right_child=2 -3 -4 5 8 22 7 -9 9 15 12 -13 -14 -15 -16 -17 -18 20 -20 -21 -22 -23 23 -25 25 -27 -28 28 -30 -31
leaf_value=-0.029158313945579585 0.046292620319176171 0.022673672520052594 -0.021251424442155872 -0.015892427187832282 0.022680482182480088 0.00044016398906768071 0.10108546369468686 -0.0045663178813662867 0.00019624862083859982 0.042328617444151118 0.13660735378084657 -0.010909621253565078 -0.0057496866290877458 0.0062647907536231839 0.0036700614475465641 -0.012208598049587851 -0.0098262405095114313 0.053884208827839092 -0.021693494614012376 0.060032190234348012 -0.018272130701864051 0.0048689900995118243 -0.022360634877219464 0.0071656528802887471 -0.0061755222107990225 0.0017673452148947377 -0.0014701168276992618 0.12638970585400558 -0.037225804589408641 -0.014052592660541378
leaf_weight=33.842471120151458 5.2632081164047122 3.6385909393429747 17.375253940874245 54.951553520309972 21.771159697149415 2125.1278464628267 1.0561125562526283 4.9671727772802106 6.3139475953066739 2.2566633248643475 1.8661773162311868 32.747257379436633 1.8274404606781898 1.4385729294735936 0.74444999720435578 39.159358387667453 11.49093263922259 13.644718598690817 7.6941810122225425 3.1504787085577846 2.2199550416553384 5.7516620419919517 33.224309647572227 21.479792420723243 4.3883176489907783 40.754284888505936 8.5083919488824904 5.4578408148954622 1.2064355899929067 0.83861175301717583
leaf_count=92857 84 26 18770 4183 1206 129536 88 508 285 847 186 1283 40 114 49 5398 125 420 218 40 283 159 13416 1865 1714 14630 385 283 125 131
internal_value=9.60976e-05 -0.0236681 0.000465143 0.000627149 0.00748493 0.00015537 -0.0114338 0.0257138 0.0058482 0.00288459 0.00813444 0.00397842 0.0577264 0.0818388 0.110214 -0.00830911 0.0137013 0.0207454 0.00341384 0.0239476 0.0337436 0.0403009 0.000475659 -0.0108465 0.000763786 0.0118218 0.0308874 0.0523578 0.083293 0.108322
internal_weight=2514.16 37.4811 2476.68 2459.3 157.34 2301.96 60.9748 6.02329 152.077 130.306 88.8898 83.0131 5.87664 4.0492 2.61063 41.416 50.2659 38.7749 17.1586 9.46443 21.6163 19.3964 2240.99 54.7041 2186.28 61.1539 20.3996 11.8912 7.50289 6.29645
internal_count=289254 92883 196371 177601 10737 166864 4779 596 10653 9447 3202 2813 389 349 235 6245 1530 1405 543 325 862 579 162085 15281 146804 17268 2638 2253 539 414
is_linear=0
shrinkage=0.03


Tree=138
num_leaves=31
num_cat=0
split_feature=27 1 18 15 23 27 17 29 13 5 24 31 29 13 20 11 15 21 1 27 29 6 17 8 8 29 11 13 22 31
split_gain=23.6174 11.0821 9.18484 7.9109 7.58766 10.8513 9.56378 10.5166 9.91961 9.24863 9.13891 8.7705 10.0622 9.25269 12.3204 8.63433 8.55336 7.79552 10.9311 9.52681 20.0766 11.9301 10.1396 9.96 13.71 9.41189 9.08234 8.66049 8.37183 8.15185
threshold=0.051391525194048888 24.737689018249515 14.970840454101564 1.9817013144493105 -1.3197107911109922 0.96774193644523632 0.95304241776466381 0.63089349865913402 -0.14507270604372022 6.5173039436340341 0.75273463129997265 346.99270629882818 -0.78324955701827992 0.63764333724975597 -0.62046125531196583 9.6302804946899432 -0.6997176706790923 -0.81075862050056446 47.646572113037116 0.24575163424015048 -0.99864786863327015 0.41415536403656011 0.85776516795158397 0.45253856480121618 0.12212903425097467 -0.99938741326332081 1.4003416299819949 1.4494718909263613 -1.0538941025733946 308.68588256835943
decision_type=2 2 8 10 10 2 10 2 10 8 10 2 2 10 10 2 10 10 2 2 2 8 10 2 2 2 2 10 8 2
left_child=1 -1 3 4 5 6 11 8 10 -7 -8 15 -13 14 -14 -2 -17 18 27 20 25 28 23 24 -23 -19 -21 -6 -22 -28
right_child=2 -3 -4 -5 17 9 7 -9 -10 -11 -12 12 13 -15 -16 16 -18 19 -20 26 21 22 -24 -25 -26 -27 29 -29 -30 -31
leaf_value=-0.029128980451072976 -0.025640003485743624 0.022064583631556941 -0.027383986429877466 -0.021467663848343414 -0.0037399342485774146 0.052359962261919871 0.035191681559623711 0.061196445836522513 -0.0064026683820581588 -0.0023489692092860605 0.0073146615852095424 -0.0047487547667880844 0.055941654188325848 0.044087160081828169 -0.010234677134304437 0.028824572357089705 -0.0078039815066253144 -0.0099092441016282017 0.014032744769619057 -0.016665496449377808 0.032120776152497935 0.0047922681275551155 -0.0058219779836316413 0.013710063936052216 0.079233104951879782 0.11804854592622298 -0.0016094014727000799 -0.024725679238377596 -0.019792471896915714 0.002567319088751381
leaf_weight=32.766355029627448 18.55161058815429 3.5552053954452267 9.6762666458089353 13.664322899334364 392.30393307952909 7.1342433833051455 16.314584325271426 2.8848126911034333 21.849893214384792 4.0998387094587088 29.061283935443498 25.827139486733358 2.2719670611259053 9.003251490677938 10.298986239387888 6.131236230954527 28.370954959769733 0.48680550954304624 29.132151074707508 26.259540386643494 2.3704735113424249 3.9987388893496227 17.934474245936144 45.63321534183342 4.4446265932929236 1.2035478691104788 731.86973267377471 17.587281666434137 17.442795416543962 986.0859315636917
leaf_count=92861 4150 27 12933 1954 29779 95 586 347 1857 30 1583 1117 308 883 1205 152 842 130 143 13883 3308 2637 3438 6926 1704 84 32803 2721 25767 45042
internal_value=2.62779e-05 -0.0236611 0.000382324 0.00050203 0.000632813 0.00651336 0.0045272 0.0129468 0.0100097 0.0338341 0.0178804 -0.00141877 0.00787204 0.0225218 0.00496633 -0.00971179 -0.000666313 0.000160595 -0.00342636 0.0010189 0.0102956 0.00783945 0.0134837 0.0198759 0.048219 0.091212 0.000515919 -0.00469836 -0.0123367 0.000788085
internal_weight=2518.22 36.3216 2481.89 2472.22 2458.55 181.8 170.566 70.1106 67.2258 11.2341 45.3759 100.455 47.4013 21.5742 12.571 53.0538 34.5022 2276.75 439.023 1837.73 93.5147 91.8243 72.0111 54.0766 8.44337 1.69035 1744.22 409.891 19.8133 1717.96
internal_count=289295 92888 196407 183474 181520 13155 13030 4373 4026 125 2169 8657 3513 2396 1513 5144 994 168365 32643 135722 43994 43780 14705 11267 4341 214 91728 32500 29075 77845
is_linear=0
shrinkage=0.03


Tree=139
num_leaves=31
num_cat=0
split_feature=27 15 28 28 29 34 3 27 23 15 27 27 19 18 6 34 2 19 20 30 27 27 29 28 21 20 27 23 6 27
split_gain=24.2845 10.3343 14.8307 14.1358 12.3894 12.9483 12.0371 12.1362 16.1158 11.7897 14.4327 19.4508 28.0232 15.4488 15.1189 15.11 14.4627 12.7899 13.2198 12.2489 12.1006 21.5265 13.6629 29.7443 27.99 13.1532 13.1072 17.8542 13.6831 13.6511
threshold=0.051391525194048888 0.045712731778621681 0.72695311903953563 0.3903625756502152 -0.90892156958580006 0.92807385325431835 1.7961651086807253 0.95627239346504223 -0.83301424980163563 -0.11551471799612044 0.74731183052062999 0.73225808143615734 0.16500452160835269 1.8655853271484377 10.37556838989258 5.4814698696136483 3.5994379520416264 -1.0402238965034483 -1.5680059194564817 2.5000000000000004 0.34426523745059973 0.31702509522438055 0.48877522349357611 0.86548283696174633 0.19087604433298114 1.0899454951286318 0.62311828136444103 -1.3631240725517271 23.045776367187504 0.68853047490119945
decision_type=2 8 2 2 2 2 2 2 10 10 2 2 10 10 8 2 2 10 10 2 2 2 2 2 10 10 2 10 8 2
left_child=-1 9 3 6 5 -5 7 -3 -9 10 11 15 14 16 -13 20 -12 18 -11 -19 21 22 -2 -24 -25 -23 -22 28 -28 -29
right_child=1 2 -4 4 -6 -7 -8 8 -10 17 13 12 -14 -15 -16 -17 -18 19 -20 -21 26 25 23 24 -26 -27 27 29 -30 -31
leaf_value=-0.024350128733389806 -0.0023036853202005906 -0.0036020751100822807 -0.015526133214133831 -0.012220192566021531 0.0072388236439415339 0.064781260115577652 0.012556709538193362 0.029127995391602182 -9.0412801089034817e-05 -0.0086419647707690634 -0.00084040597578123664 0.022979313644946816 0.060161311100549245 -0.0058004555504693337 -0.011987977742460399 -0.018436371299889877 0.015114878054091199 -0.0025187274530079681 0.048711164367013178 0.014251223655082353 -0.0047439968253483724 0.016773662500922625 0.011062419816884068 0.17232448616617049 -0.017581927359006089 0.052835709503016498 0.049363296574631572 0.010006539203779074 -0.013965867233810235 -0.0083510747273428509
leaf_weight=34.915401171165286 84.771530670666834 813.78119410030195 64.792829313664697 2.311266613105543 47.791714239952853 6.2501789545058273 49.497993999277242 23.101709619862959 57.552616541623138 4.5941321983409606 174.53658294840716 27.922724880976602 11.844130647077689 381.63273921411019 17.285795618779957 27.845773931534495 71.260015785694122 71.010467234620592 12.333920252247479 85.795139526686398 184.01060555607546 30.776384986820631 26.793484727648323 1.0709908423305012 0.79875452793203283 12.982832887326365 12.7151893414557 101.97303441516124 3.4711325317621222 55.526212502736598
leaf_count=92611 30018 60651 23721 601 7381 179 531 323 1012 257 3472 841 259 10047 235 2060 318 6903 883 3224 20093 3404 10742 155 213 775 422 5105 76 2651
internal_value=0.000140985 0.000497473 -0.00172893 -0.000820612 0.0136419 0.0448898 -0.00169755 -0.00249952 0.00853281 0.00219013 0.00115104 0.00447494 0.0209833 -0.00202849 0.00963923 0.00270418 0.00382776 0.00948145 0.0335322 0.006689 0.003881 0.0107901 0.00380242 0.0213301 0.11334 0.0284142 0.000823101 0.00671454 0.03576 0.00352272
internal_weight=2500.95 2466.03 1065.08 1000.29 56.3532 8.56145 943.934 894.436 80.6543 1400.95 1227.22 599.789 57.0527 627.429 45.2085 542.736 245.797 173.734 16.9281 156.806 514.89 157.194 113.435 28.6632 1.86975 43.7592 357.696 173.686 16.1863 157.499
internal_count=289163 196552 94399 70678 8161 780 62517 61986 1335 102153 90886 77049 1335 13837 1076 75714 3790 11267 1140 10127 73654 45307 41128 11110 368 4179 28347 8254 498 7756
is_linear=0
shrinkage=0.03


Tree=140
num_leaves=31
num_cat=0
split_feature=27 0 11 28 3 14 21 29 1 6 5 3 8 8 27 28 28 28 25 23 29 27 28 21 0 28 22 16 17 27
split_gain=24.1353 8.0335 16.9927 12.7576 20.667 24.7174 11.0967 10.4987 15.8195 9.79652 9.56695 9.2569 12.9863 10.1652 12.27 12.299 44.4338 16.3469 13.9375 18.2799 12.1648 12.3481 22.2848 11.7694 11.5701 10.1073 11.8996 8.77855 8.51839 8.23249
threshold=0.051391525194048888 3.5000000000000004 6.4336595535278329 0.15951094031333926 -0.42965447902679438 -0.17015293985605237 1.0819913148880007 -0.99465739727020253 47.646572113037116 1.7383334636688235 1.5082376003265383 -0.83008018136024464 0.10708520933985712 4.2290804386138925 0.14211469888687137 -0.75015330314636219 -0.78326541185379017 -0.96689236164093006 0.24392045289278033 0.53435775637626659 -0.9852197766304015 0.74731183052062999 -0.78326541185379017 -0.14974487572908399 6.5000000000000009 -0.98523971438407887 0.216282494366169 0.045462595298886306 0.22854123264551165 0.25143370032310491
decision_type=2 2 2 2 2 10 8 2 2 10 10 2 2 2 2 2 2 2 2 8 2 2 2 10 2 2 8 10 10 2
left_child=-1 2 -2 -4 5 -5 9 29 11 -6 -7 13 -13 14 28 16 17 24 19 -18 -15 22 -22 -24 -16 -26 -27 -23 -9 -3
right_child=1 7 3 4 6 10 -8 8 -10 -11 -12 12 -14 20 15 -17 18 -19 -20 -21 21 27 23 -25 25 26 -28 -29 -30 -31
leaf_value=-0.024819070275558876 -0.015143826615611707 0.038386008519017648 -0.0029471163823016561 -0.010912645886916783 0.02401362977467698 0.098600977218651922 0.042042067859905767 -0.013665323685241117 0.015045860982494268 -0.0043327354578711315 -0.011747832513378943 -0.026042182911002597 0.00097864296137496602 0.065606009097566059 -0.013273372212978248 -0.0048455102504238543 0.15278270166659813 -0.016111309038254935 0.028977566357586332 -0.01140014052914981 -0.021025213404949571 -0.018072558002024699 0.016912787205336694 0.072913994148420924 0.013987743291441221 0.10703002362427395 -0.0026096703071677332 0.018958216276613923 0.081819263776900256 -0.0056912501388470095
leaf_weight=33.6158286393038 84.134710705227917 2.8957203543977803 365.78250253468286 3.4064598572440445 12.539418929023666 4.712963082129134 5.5064802394481367 0.82611382729373817 79.674051910638809 56.922901821322739 0.58049571909941722 15.183935333683619 1475.0184627053677 3.8454778043087563 4.3051788444863623 80.378588751715142 2.1964157066540784 20.083649630512809 3.463121963548474 0.59164499555481631 4.8941015404416257 11.782827729010025 6.8591171217267402 7.5717919202870689 5.7571231342153624 2.2480108746094611 1.1633663800312208 9.4942040187306684 1.9167721198755314 213.14556851715315
leaf_count=92669 40059 463 15354 499 703 527 151 644 442 1491 37 21885 78626 100 1423 16704 161 6925 333 77 324 349 332 410 931 263 217 272 566 6181
internal_value=5.86087e-05 0.000404728 -0.00285427 -0.000525226 0.00997254 0.0512015 0.00457704 0.001296 0.00207218 0.00105256 0.086556 0.00143989 0.000686044 0.00810763 0.00359331 0.0019113 0.0153386 0.000764038 0.082682 0.12413 0.0202393 0.0144688 0.031193 0.0491172 0.0252934 0.0429273 0.0775243 -0.00143946 0.0570933 -0.00492632
internal_weight=2520.5 2486.88 533.586 449.451 83.6687 8.69992 74.9688 1953.3 1737.25 69.4623 5.29346 1657.58 1490.2 167.378 122.93 120.187 39.8085 33.5573 6.25118 2.78806 44.4475 40.602 19.325 14.4309 13.4737 9.1685 3.41138 21.277 2.74289 216.041
internal_count=289118 196449 58821 18762 3408 1063 2345 137628 130984 2194 564 130542 100511 30031 28244 27034 10330 9759 571 238 1787 1687 1066 742 2834 1411 480 621 1210 6644
is_linear=0
shrinkage=0.03


Tree=141
num_leaves=31
num_cat=0
split_feature=27 18 1 28 18 20 31 31 22 12 29 1 3 17 34 28 11 24 24 34 20 18 28 32 3 14 16 34 23 17
split_gain=22.5741 8.51241 7.98064 6.40817 5.8669 5.74083 5.03414 15.1995 23.6583 30.4654 16.8909 6.25035 6.17 4.84333 9.43113 8.25563 11.8355 5.44656 9.77806 14.3084 10.4167 9.6961 12.6936 18.0725 13.2334 12.4078 12.3376 9.49859 9.42683 11.0931
threshold=0.051391525194048888 13.304382324218752 26.97043609619141 -0.99763298034667958 12.633789062500002 0.15718388557434085 513.0165252685548 390.69824218750006 -0.53733593225479115 -0.31028178334236139 0.011826144531369211 32.497514724731452 -1.570271849632263 1.9474688768386843 5.7313654422760019 -0.97113886475563038 20.160427093505863 0.80545413494110119 1.018871068954468 0.013554031960666181 -0.45726238191127772 4.5760650634765634 -0.099819734692573533 1.0000000180025095e-35 0.34421023726463323 -0.24072715640068051 0.050256440415978439 0.15927212685346606 0.3301368653774262 1.5237469673156741
decision_type=2 8 2 2 8 10 2 2 10 2 2 2 2 10 2 2 2 10 10 2 10 10 2 2 2 10 10 2 10 10
left_child=2 3 -1 6 13 -6 7 11 9 10 -9 12 -2 17 15 -15 -17 -5 19 20 -19 -20 23 24 28 26 -24 -28 29 -23
right_child=1 -3 -4 4 5 -7 -8 8 -10 -11 -12 -13 -14 14 -16 16 -18 18 21 -21 -22 22 25 -25 -26 -27 27 -29 -30 -31
leaf_value=-0.029080766970510947 0.038459603954569856 -0.021207642392061642 0.02125470987436583 -0.001176039976045932 -0.016426887911572825 0.047711088443914099 -0.023227106098980967 -0.0065575475315406105 -0.004639704988426448 -0.014961200504310369 0.22786190897854006 0.020274484196499239 -0.021435953709923222 0.042878312270905994 0.044601178300796337 -0.013593015224297837 0.035110657409138352 -0.012542107785465224 -0.002280679726461498 0.0051727884473378657 0.10460572447673977 0.11415185589216841 -0.0016373460489383759 -0.021769237887015538 0.014310379329169003 -0.019513036404105344 -0.016858494123997241 0.062845550468538763 -0.0010388626780835403 -0.011224366955985233
leaf_weight=30.572712905734079 0.74982759181876346 16.357837697578361 2.4036892205476752 1544.4666398393165 1.185388748825061 3.3405205012240913 17.226912799378624 0.27711468955385499 4.5147802576830136 0.92714972660178296 0.39564778699423186 3.5784398987889281 24.482472505973419 3.1190479513898053 5.2559439536416894 19.398333175806332 4.7641657986678174 0.7076663554762489 435.26411794676096 334.45923607365694 1.2139463836501807 3.7122316264430975 11.970668381225552 3.2111918714945196 5.0440274552092887 13.512087446433727 1.2532086123537727 5.252932246774435 0.98312011745292682 0.53941754536936048
leaf_count=92737 268 18570 16 123298 1119 1398 1459 71 493 122 69 18 3400 125 92 1508 61 562 20585 14290 801 461 1523 577 293 3775 591 474 229 66
internal_value=-0.000607468 -0.000272895 -0.0248942 -0.000124574 0.000103692 0.0309798 -0.0104277 -0.00364358 0.0358724 0.108007 0.185107 -0.0129523 -0.0182578 3.24128e-05 0.0113529 0.00359693 -0.0029763 -0.000128298 0.00185108 0.00576628 0.0719376 -0.000894708 0.0121337 0.0354306 0.0536461 0.00153297 0.0171355 0.0472924 0.083174 0.0991367
internal_weight=2500.14 2467.16 32.9764 2450.81 2398.65 4.52591 52.1523 34.9254 6.11469 1.59991 0.672762 28.8107 25.2323 2394.13 32.5375 27.2815 24.1625 2361.59 817.124 336.381 1.92161 480.743 45.4789 13.49 10.2788 31.9889 18.4768 6.50614 5.23477 4.25165
internal_count=289051 196298 92753 177728 171828 2517 5900 4441 755 262 140 3686 3668 169311 1786 1694 1569 167525 44227 15653 1363 28574 7989 1626 1049 6363 2588 1065 756 527
is_linear=0
shrinkage=0.03


Tree=142
num_leaves=31
num_cat=0
split_feature=8 29 29 34 33 31 11 27 28 28 28 2 27 23 28 34 27 29 28 33 17 2 11 11 5 29 27 28 31 29
split_gain=22.3894 8.6164 19.3543 12.2897 9.71871 12.1193 8.49943 8.09114 12.9993 19.1216 14.4711 30.9968 16.0494 13.7851 10.436 10.2879 10.1718 15.7575 21.366 19.4971 13.3966 13.4867 12.5469 12.2128 11.5843 14.193 16.2696 16.8803 14.9466 12.569
threshold=0.019133803434669975 0.87709078192710888 0.85561370849609386 0.78956961631774913 0.0023781225318089132 260.51104736328131 1.4527578353881838 0.34426523745059973 0.99818283319473278 0.86975130438804638 0.86548283696174633 3.3313027620315556 0.084187224507331862 -0.19698998332023618 0.71503382921218883 0.43586951494216924 0.1474910452961922 -0.12545862048864362 -0.99054482579231251 0.01715961936861277 0.45452280342578893 2.8561118841171269 8.5550785064697283 4.891698122024537 3.416471123695374 -0.99864786863327015 0.31702509522438055 -0.99866804480552662 220.38897705078128 0.029024410061538223
decision_type=2 2 2 2 2 2 2 2 2 2 2 2 2 10 2 2 2 2 2 2 10 2 2 2 10 2 2 2 2 2
left_child=-1 2 6 4 -4 -6 -2 8 9 10 14 12 -12 15 16 -10 17 18 -8 -20 21 -18 -19 -21 25 28 27 29 -22 -27
right_child=1 -3 3 -5 5 -7 7 -9 13 -11 11 -13 -14 -15 -16 -17 20 22 19 23 24 -23 -24 -25 -26 26 -28 -29 -30 -31
leaf_value=-0.022629461028910908 -0.01040660754315033 -0.016115153461226189 -0.015914389301348638 -0.019976549806265169 0.0093898885956486128 0.092374390619681473 0.11514266983480476 0.0005854633949252295 -0.01445762805333385 -0.022090536852682512 -0.010702654548848617 -0.028700722617042547 0.15158261021534034 -0.0065725474591732617 -0.021859979101413685 0.080635161638261607 -0.012175312915194464 -0.013682334530025016 -0.023969270490724667 0.10145184668713859 -0.0051478869308463696 0.013549079504469192 0.029624860824990114 -0.0030371352634203049 -0.002924714580043463 -0.0077535443456158062 0.032108863330206003 -0.0047728652180217329 0.11144238182962252 0.13161889321287898
leaf_weight=35.923498493619263 57.318938646785682 25.484123195201391 1.1043983103008921 1.913740937859983 2.5701461381395347 4.5097035522048827 2.4717235959833488 2125.4232184556895 0.91570350449183013 20.632812618423486 0.54477922432124604 1.6861039772629736 1.4663605481910051 3.5177328654390276 10.284677557094254 4.6848127444391139 55.746911042369902 11.057101091369988 3.7900177641131467 1.8285424979112579 1.3680231149774038 26.152756228577346 11.171892610960638 1.4752766188466919 28.979068880435079 0.7866038911743114 27.760271946957801 30.54052686097566 1.9226858756155705 0.48397256608586758
leaf_count=97668 50525 17316 1014 236 175 131 87 86258 435 6963 128 11 100 505 3933 190 9972 3036 1554 148 148 381 438 67 1109 110 1986 4705 146 72
internal_value=0.000559129 0.000905742 0.00108988 0.0406184 0.0554197 0.0671397 0.000909129 0.00118653 0.00628877 0.00486367 0.00748583 0.0596586 0.118667 0.039632 0.00632102 0.0652524 0.00783016 0.0231744 0.0534163 0.0203402 0.00490562 -0.00389648 0.00842143 0.0649291 0.0127123 0.0198538 0.0157564 0.000942596 0.0730697 0.0799208
internal_weight=2503.52 2467.59 2442.11 10.098 8.18425 7.07985 2432.01 2374.69 249.268 240.15 219.517 3.69724 2.01114 9.11825 215.82 5.60052 205.535 31.7946 9.56556 7.09384 173.741 81.8997 22.229 3.30382 91.8412 62.8621 59.5714 31.8111 3.29071 1.27058
internal_count=289547 191879 174563 1556 1320 306 173007 122482 36224 35094 28131 239 228 1130 27892 625 23959 5330 1856 1769 18629 10353 3474 215 8276 7167 6873 4887 294 182
is_linear=0
shrinkage=0.03


Tree=143
num_leaves=31
num_cat=0
split_feature=6 21 8 27 22 22 16 3 29 22 23 31 20 19 16 17 27 1 15 21 8 19 21 22 19 8 29 29 3 29
split_gain=24.9688 8.11094 8.14093 10.8703 9.23161 10.4544 12.2385 10.4817 10.1451 9.95336 8.90316 8.17196 7.5801 18.6077 18.9212 17.1327 18.0914 15.1411 14.0276 13.6016 13.4362 11.5587 9.28162 8.95022 8.63336 8.5256 8.34994 19.37 13.2376 12.7462
threshold=0.017307694070041183 -2.7952520847320552 10.023713588714601 0.051391525194048888 0.55806970596313488 -0.020373711362481114 0.0057282869238406428 -0.45916961133480066 -0.86112883687019337 -1.4417794346809385 0.68356624245643627 2479.698608398438 1.0899454951286318 -0.029464339837431904 -0.19094709306955335 0.62585332989692699 0.68297490477561962 17.895938873291019 -0.3402267694473266 0.21240541338920596 4.5539617538452157 1.0954116582870486 1.5933993458747866 -1.3635581731796262 -0.71132996678352345 1.0745853781700136 -0.90161547064781178 -0.86974579095840443 0.71112760901451122 -0.92272481322288502
decision_type=8 10 2 2 10 10 10 2 2 10 10 2 10 10 8 10 2 2 8 10 2 10 10 10 10 2 2 2 2 2
left_child=-1 -2 3 -3 5 6 9 8 -8 -4 -9 12 26 18 15 16 -15 19 20 -18 24 -16 -21 -17 -14 -25 29 28 -28 -5
right_child=1 2 4 11 -6 -7 7 10 -10 -11 -12 -13 13 14 21 23 17 -19 -20 22 -22 -23 -24 25 -26 -27 27 -29 -30 -31
leaf_value=-0.024304034581272133 -0.025212772141944405 -0.026355523431231695 -0.015289847834422766 0.00042546010209582182 0.0094341919217932647 -0.005068365987531096 0.0081028730929069148 0.011897474482800026 0.077153913834376697 0.0023882887995530693 -0.0073827789246114399 -0.014740153001751856 0.0056803519914358155 0.0023353465162804787 0.003621569670272896 0.036666721102259957 0.010163964512118411 0.011802737644854715 0.0022862134708427177 0.077364701913220937 0.00065344535664001147 -0.017309897523275507 0.0022693232335937747 0.02944199481279346 0.073131434928496802 -0.0110003864579638 -0.021153612932809495 -0.0010181243429674045 0.013216818824211008 0.013113447006837847
leaf_weight=35.368238502633176 9.7954930777195823 13.219225089080281 33.399821540922858 606.32260851186584 179.70966836344451 150.8912593726418 4.0862576034851372 126.60832076723455 3.105959527543745 170.95059748663334 25.228109511896037 32.297255439596483 2.263653698260895 26.176702469587326 43.495388143404853 3.7572539861430405 5.3813954315846813 14.928066485561429 11.532419513940114 11.509591707843354 4.4796871641883618 50.529653488803888 1.7500716984504823 4.3178330204391377 9.2262660659907834 40.761092327884398 70.227681761462009 728.70841393389856 11.05407477240078 79.760087240574649
leaf_count=97513 1123 29861 403 25393 2169 1828 98 1386 115 2108 333 13057 474 4392 4244 147 305 194 1367 451 198 5047 128 718 682 1606 4139 86388 350 3116
internal_value=0.000373242 0.00073549 0.000848755 -0.000230546 0.00360053 0.00154762 0.00430125 0.0105143 0.0437005 -0.000561481 0.00866665 -1.9286e-05 0.00026452 0.00532121 0.00211754 0.0106037 0.021242 0.0354911 0.0280202 0.0528944 0.0453741 -0.00769092 0.0683075 -0.00257619 0.0613615 -0.00657178 -0.000516278 -0.00257752 -0.0163755 0.00191743
internal_weight=2510.84 2475.47 2465.68 1771.7 693.98 514.27 363.379 159.029 7.19222 204.35 151.836 1758.48 1726.18 230.109 202.607 108.582 59.7458 33.5691 27.502 18.6411 15.9696 94.025 13.2597 48.8362 11.4899 45.0789 1496.07 809.99 81.2818 686.083
internal_count=289333 191820 190697 182257 8440 6271 4443 1932 213 2511 1719 152396 139339 19953 17232 7941 5470 1078 2721 884 1354 9291 579 2471 1156 2324 119386 90877 4489 28509
is_linear=0
shrinkage=0.03


Tree=144
num_leaves=31
num_cat=0
split_feature=8 31 34 24 0 5 23 4 29 28 15 19 22 28 14 24 29 12 28 20 23 21 28 13 23 30 34 3 5 3
split_gain=21.955 9.55341 12.0702 11.7917 10.9343 13.0485 10.8528 10.3291 11.3102 14.3656 8.90357 12.6081 13.4295 11.4311 9.96925 9.53456 9.87896 10.8462 11.7771 12.118 13.0635 8.53598 8.47136 8.40733 7.40145 7.25391 8.06352 7.85 6.94001 6.83892
threshold=0.019133803434669975 69.397317886352553 0.3255742639303208 0.46297299861907965 5.5000000000000009 -7.5155625343322745 0.47000108659267431 -2.389207005500793 -0.81427544355392445 0.55656746029853832 -0.38202588260173792 -0.81077080965042103 0.16550064831972125 -0.99275806546211232 0.038366984575986869 0.6518935263156892 -0.99052476882934559 3.8414391279220585 0.22700754553079608 -0.31748606264591211 -0.90306037664413441 -0.76940274238586415 0.21022171527147296 -0.3205875009298324 0.38888341188430792 1.5000000000000002 0.22714054584503177 -1.4539538621902464 -22.790925025939938 -1.6931967139244077
decision_type=2 2 2 10 2 10 10 2 2 2 10 10 8 2 10 10 2 2 2 10 10 10 2 8 10 2 2 2 8 2
left_child=29 7 3 -3 5 21 10 8 9 -2 11 -6 15 14 -12 -13 -17 18 19 -18 -21 -5 28 -14 -7 26 -15 -27 -9 -1
right_child=1 2 -4 4 6 24 -8 22 -10 -11 13 12 23 25 -16 16 17 -19 -20 20 -22 -23 -24 -25 -26 27 -28 -29 -30 -31
leaf_value=0.028989753806217704 0.0033142822705842165 -0.013419716862569143 0.00050613813205255113 0.058672125749056628 0.0027598449822923668 -0.025899839066702512 -0.011979929997091035 0.044914794276851258 0.0058738126708478998 0.17239631163321859 -0.014032634653498787 0.016761154752252698 -0.018836352787983963 -0.0098031015207737972 0.092994192006590065 0.011578951746341513 0.015659765982053438 -0.012504041181082854 -0.0094645425755254618 0.020163097783024216 0.19042767709648589 -0.0037768447514527734 -0.019017886391208161 0.059170732631150094 0.0017172796644788089 0.028819108179126071 0.03492940289020556 -0.020947524648998482 0.0067920379137099808 -0.026532923410116607
leaf_weight=1.3216009664465662 0.79617686566780355 115.91549220940215 2094.8272607751132 2.5844000765355304 12.435885694954779 29.05626136547653 20.871547343907878 3.4820051090791821 2.3297162986418689 0.18534065323183313 0.86212799901841153 3.5363081927644053 3.9518611979874549 6.1992651425389322 1.183848444081377 1.6604691442335022 0.91746666599647175 0.45729103754274536 0.45642780626076263 0.78262504370650332 1.7131709608365782 4.1246445365250102 10.294249130878596 0.66060267307330001 12.143726524780503 2.4753953684703438 6.705337207618868 17.459414969722278 137.84985170172877 32.852224303758703
leaf_count=627 300 54349 96742 75 2103 10928 4226 40 1751 38 142 333 959 2232 140 86 70 18 215 80 184 188 1809 80 4835 291 488 3564 5317 96990
internal_value=-8.61529e-05 0.000245436 -0.000233398 -0.00650362 -0.000292743 -0.0115507 0.00631847 0.00743535 0.0533164 0.106131 0.0126251 0.025371 0.0437659 0.00248015 0.0580946 0.0624744 0.0832109 0.103366 0.116814 0.132019 0.158077 0.0247695 0.00609063 0.000888036 -0.0179119 -0.00259915 0.0142807 -0.0136864 0.00804024 -0.0236226
internal_weight=2530.09 2495.92 2340.98 246.154 130.238 47.909 82.329 154.937 3.31123 0.981518 61.4575 26.5721 14.1362 34.8854 2.04598 9.52376 5.98745 4.32698 3.86969 3.41326 2.4958 6.70904 151.626 4.61246 41.2 32.8394 12.9046 19.9348 141.332 34.1738
internal_count=289200 191583 182328 85586 31237 16026 15211 9255 2089 338 10985 4128 2025 6857 282 986 653 567 549 334 264 263 7166 1039 15763 6575 2720 3855 5357 97617
is_linear=0
shrinkage=0.03


Tree=145
num_leaves=31
num_cat=0
split_feature=8 18 29 27 12 15 3 3 0 8 30 4 5 18 3 27 29 29 18 22 18 30 25 12 24 5 12 18 17 29
split_gain=22.2808 8.79762 8.71187 18.4721 15.2362 17.2948 12.9522 12.4195 11.4176 12.5097 12.0811 9.98708 8.12361 10.2733 7.74429 11.6746 11.1978 24.3507 21.1755 8.61834 8.06458 7.47583 12.0572 13.3403 7.55011 13.5385 17.5597 8.48356 7.42507 7.06599
threshold=0.019133803434669975 13.304382324218752 -0.99465739727020253 0.25143370032310491 12.51738214492798 -0.18140451610088346 1.0890932083129885 0.36075805127620703 1.5000000000000002 18.712434768676761 1.5000000000000002 -1.0000000180025095e-35 17.730406761169437 1.9287567138671877 -1.3391843438148496 0.27867384254932409 -0.81427544355392445 -0.86112883687019337 3.3148498535156254 0.73938214778900158 3.3781738281250004 1.5000000000000002 0.31909152865409857 -2.6061348915100093 0.56607094407081615 -11.807638168334959 -7.3948218822479239 2.4406738281250004 0.87136304378509533 -0.97507822513580311
decision_type=2 8 2 2 2 10 2 2 2 2 2 2 10 10 2 2 2 2 10 10 10 2 2 2 10 10 2 10 10 2
left_child=-1 2 3 11 21 -6 7 -7 10 14 -4 -2 -12 -14 15 -10 17 29 -19 -20 -18 -5 24 -24 25 27 28 -23 -27 -17
right_child=1 -3 8 4 5 6 -8 -9 9 -11 12 -13 13 -15 -16 16 20 18 19 -21 -22 22 23 -25 -26 26 -28 -29 -30 -31
leaf_value=-0.023466154808116469 -0.0053734673332020083 -0.021213476696708106 -0.018981387868810491 -0.022113691002128701 0.010488147612863659 0.012501723080110277 0.013010037417856305 -0.026658368663638316 0.052050991475233413 0.010578868050017506 -0.0055711790622079678 0.088190012054567626 -0.0057728763242096848 0.030340157154102432 0.00122588390302207 0.031799592550145583 0.0070116204976009766 -0.002978212737897514 0.18573757753689374 0.010941661994894956 -0.02746088418684367 0.070702168593139533 -0.011330748947000759 0.046733708829003108 -0.019492645363904337 -0.0022196675555383712 -0.020429094055592255 0.0029056026250946906 0.092400880315622436 -0.0003963256403996625
leaf_weight=33.327655418470385 1.3991713965078818 15.133717552249434 45.812455181105179 45.471547913737595 83.400497155729681 8.513919076882301 14.708313903771339 34.777110280003399 5.001780803751898 148.61789683555253 77.457060823653592 1.9846999159781251 13.026297320611777 13.87926908303052 1845.425060817317 8.0148792838444987 13.678589814982844 1.1731797752436244 0.66725255089113467 0.45580171281471848 9.603457246150354 2.4454496297985342 6.3151081360410899 6.3296871361671929 43.059372006682679 1.1380964344134619 19.285212911840059 3.3811699284706265 0.94184927968308318 19.128717503394
leaf_count=97468 436 16111 6461 3874 528 72 81 207 765 1331 9654 127 64 84 138956 802 2034 81 107 59 3778 34 510 160 1771 170 1143 116 55 2256
internal_value=0.000538755 0.000869312 0.00101285 -0.00403116 -0.00500606 0.00178899 -0.0106858 -0.0188485 0.0016401 0.00222541 -0.00631848 0.0571022 -0.000632397 0.0132757 0.00156787 0.0122942 0.00762372 0.0196394 0.096816 0.153364 -0.00775304 -0.0124469 -0.00694397 0.0190298 -0.0118206 0.000588998 -0.0107187 0.0375487 0.0567162 0.0099025
internal_weight=2523.55 2490.23 2475.09 273.151 269.767 141.4 57.9993 43.291 2201.94 2051.77 150.175 3.38387 104.363 26.9056 1903.15 57.7237 52.7219 29.4398 2.29623 1.12305 23.282 128.367 82.8959 12.6448 70.2512 27.1918 21.3652 5.82662 2.07995 27.1436
internal_count=289295 191827 175716 9284 8721 888 360 279 166432 150169 16263 563 9802 148 148838 9882 9117 3305 247 166 5812 7833 3959 670 3289 1518 1368 150 225 3058
is_linear=0
shrinkage=0.03


Tree=146
num_leaves=31
num_cat=0
split_feature=6 27 17 14 5 19 3 5 27 29 11 21 27 27 29 28 17 25 28 28 17 18 34 29 29 21 28 29 6 14
split_gain=21.1358 10.0505 7.37541 8.30915 7.19332 9.76879 8.43481 14.7148 14.8348 8.24494 7.20427 7.28153 6.78309 9.30318 20.8787 18.9038 17.5923 14.4549 18.6728 22.2254 16.2077 14.6048 13.1675 12.62 26.1438 17.8509 15.6759 13.8118 12.0007 10.977
threshold=0.19833779335021975 0.095445919781923308 -0.21567556262016294 0.85504552721977245 -13.064011573791502 1.6573058366775515 1.638525187969208 23.231354713439945 0.39784945547580725 -0.97507822513580311 1.0465749502182009 0.58233550190925609 0.051391525194048888 0.28494623303413397 -0.99864786863327015 0.99818283319473278 0.54326373338699352 0.23683980107307437 0.86975130438804638 0.86548283696174633 1.1734912395477297 8.0742034912109393 0.43586951494216924 -0.73865258693695057 -0.86112883687019337 -0.53369751572608937 -0.27694603800773615 -0.19337245076894757 4.5768651962280282 -0.57757547497749318
decision_type=8 2 10 10 8 10 2 8 2 2 2 10 2 2 2 2 10 2 2 2 8 10 2 2 2 10 2 2 10 8
left_child=1 -1 -3 -4 5 10 12 8 -8 -10 -2 -12 -6 14 16 17 -14 18 19 20 21 23 -17 24 -16 -26 27 -25 -24 -29
right_child=4 2 3 -5 6 -7 7 -9 9 -11 11 -13 13 -15 15 22 -18 -19 -20 -21 -22 -23 28 26 25 -27 -28 29 -30 -31
leaf_value=-0.028939126156512861 0.045101043644374436 -0.020296548786561047 -0.005597219746145644 0.028971672567423765 -0.026610063871214302 -0.026020847074090143 -0.010630252047598696 0.015024955173629598 -0.0094343666408894435 0.018073595133567513 0.011154668379728653 -0.005630417422823341 -0.017732045835964074 -0.00074177117445875713 0.0015366768500891363 -0.01790683146969407 0.094935953790640529 -0.016018304281986747 -0.02750785557713634 0.11654845921092283 -0.024681383378879606 -0.015141283457375539 0.09203716665253997 -0.024555838062883806 -0.0036872325664168378 0.12375133883038394 -0.023015163491438638 0.0010970287150721808 -0.014386134198264185 0.038003198093166338
leaf_weight=26.982699353451608 3.8112136132549486 23.89966484697652 35.990083084441721 6.5322506154479916 7.8031680738786227 6.6615352227818212 63.896332271513529 90.192101925087627 12.516853822395204 36.922616019845009 105.77814960258547 29.065308380522765 1.3760561310336914 1935.1613163306029 5.0433527323766612 1.4545447620039329 3.2390385863254778 28.950575969414786 10.705278774403267 0.83801402326207508 9.3701154845475667 10.891990507778244 3.8468365086009726 4.3110311582567951 1.200993980921339 3.4270023528952063 7.4817339644360095 9.9692367317329609 0.88221390789840359 26.231304729357362
leaf_count=98441 134 15477 17296 3673 18488 169 2336 741 75 211 2012 597 231 91891 694 801 204 6507 7864 194 2781 5772 228 1286 107 314 4688 1845 61 3952
internal_value=0.000113416 -0.0138128 -0.00732991 0.000256886 0.000656179 0.00710397 0.000241514 0.00605378 -0.0011544 0.0110603 0.00887035 0.00752185 -0.000332007 -0.000219842 0.00754213 0.00495068 0.0641672 0.00206638 0.00803056 0.0131451 0.0105705 0.0156742 0.0522104 0.0216536 0.0514479 0.0959013 0.0147221 0.022078 0.073138 0.0281423
internal_weight=2514.43 93.4047 66.422 42.5223 2421.03 145.316 2275.71 203.528 113.336 49.4395 138.655 134.843 2072.18 2064.38 129.219 124.604 4.61509 118.421 89.4701 78.7648 77.9268 68.5566 6.1836 57.6647 9.67135 4.628 47.9933 40.5116 4.72905 36.2005
internal_count=289070 134887 36446 20969 154183 2912 151271 3363 2622 286 2743 2609 147908 129420 37529 37094 435 36004 29497 21633 21439 18658 1090 12886 1115 421 11771 7083 289 5797
is_linear=0
shrinkage=0.03


Tree=147
num_leaves=31
num_cat=0
split_feature=6 28 28 1 30 29 18 16 29 33 34 22 12 28 29 28 28 28 18 31 31 29 22 30 14 34 31 31 6 30
split_gain=20.2697 7.51325 8.86772 18.3085 19.4082 18.5238 16.6564 16.6167 13.2276 50.1265 16.2494 12.7841 11.7006 18.115 17.7805 18.8593 14.8438 36.8515 53.0974 29.606 52.8693 27.3137 21.9053 20.6748 17.3324 15.7278 14.8046 20.0786 14.5568 17.937
threshold=0.017307694070041183 -0.99763298034667958 -0.96689236164093006 30.305106163024906 1.5000000000000002 -0.091258823871612535 6.0642395019531259 -0.62436461448669422 -0.22700609266757962 2.1425468921661381 0.70089909434318554 -0.60086041688919056 10.828636646270754 -0.88622298836708058 0.31595529615879064 -0.92923668026924122 -0.75015330314636219 -0.77245554327964772 2.4000244140625004 370.20425415039068 524.19323730468761 -0.54940786957740773 0.031714720651507385 2.5000000000000004 0.94054031372070324 0.83887034654617321 321.83653259277349 408.92024230957037 13.17088031768799 2.5000000000000004
decision_type=8 2 2 2 2 2 10 10 2 2 2 10 2 2 2 2 2 2 10 2 2 2 10 2 8 2 2 2 8 2
left_child=-1 -2 3 4 5 7 -7 -3 9 -6 -11 -9 13 14 -4 28 17 18 21 24 22 23 -21 26 -19 -23 -15 -28 29 -16
right_child=1 2 12 -5 8 6 -8 11 -10 10 -12 -13 -14 16 15 -17 -18 19 -20 20 -22 25 -24 -25 -26 -27 27 -29 -30 -31
leaf_value=-0.023196794126008922 -0.011280935247888662 -0.011768448257232063 -0.019943488939454506 -0.010611814275110614 -0.0098253174995036226 -0.02587004970680791 0.036643983931206346 0.0082879918110308343 -0.0015564159087921477 0.012927139368376556 0.16512456187027028 0.046130913472199296 0.0023606656696622875 -0.005278247814009116 -0.019107726551541058 -0.026223565092912803 -0.0023573952142955704 -0.0095815716901160933 -0.014343691232983255 0.03425875666509403 0.0037281178215001019 0.0071694883395834663 0.15700220160198752 -0.025223972502448639 0.061068948561771266 0.05981160618675449 0.094717901420571585 -0.01899728203175792 -0.011944772545181366 0.080346881134523512
leaf_weight=33.230442105224938 50.578642031381605 6.6171072582365005 83.441738527209964 45.629373289644718 7.605473780189639 10.739983461666268 4.7149803007487199 10.975948123872511 90.878578494070098 1.0760034248232844 1.5948197571560738 35.142673677240964 894.69016481924336 5.4119857720797881 1.7259236274549046 6.1915771702333577 1045.2161221942952 11.986721201901675 80.204142548609525 2.6541233769385126 6.3676298250356922 7.3386334624956389 4.2968210558756255 11.991911934223026 3.1361932675499693 18.404278725618497 3.5290727246319875 1.6013958652038125 3.59182537108427 5.612837651220616
leaf_count=97423 5158 487 11027 242 642 1912 1255 791 7290 73 55 2192 8467 237 740 2360 132927 898 11960 174 514 577 151 397 279 376 194 118 248 306
internal_value=-0.000270095 4.85243e-05 0.000290638 0.0060912 0.0106276 0.0228732 -0.00573045 0.0312066 0.00222948 0.032879 0.124034 0.0374916 -0.000279354 -0.00209293 -0.0142596 0.0130116 -0.00106412 0.00751035 0.000568659 0.0377843 0.0687405 0.0251312 0.120338 0.000765397 0.00794892 0.045634 0.0299521 0.0619145 0.0355713 0.0574707
internal_weight=2496.18 2462.95 2412.37 214.975 169.346 68.1907 15.455 52.7357 101.155 10.2763 2.67082 46.1186 2197.39 1302.7 100.564 17.1222 1202.14 156.923 128.481 28.4415 13.3186 48.2773 6.95094 22.5344 15.1229 25.7429 10.5425 5.13047 10.9306 7.33876
internal_count=289470 192047 186889 14939 14697 6637 3167 3470 8060 770 128 2983 171950 163483 14681 3654 148802 15875 13859 2016 839 1899 325 946 1177 953 549 312 1294 1046
is_linear=0
shrinkage=0.03


Tree=148
num_leaves=31
num_cat=0
split_feature=8 0 20 3 3 2 13 16 23 13 29 3 5 2 8 25 20 21 33 3 12 22 22 3 29 29 34 31 23 12
split_gain=18.6523 12.4171 13.1035 11.9161 18.9871 18.5931 15.9473 12.5728 10.3284 9.37036 9.19572 12.5417 9.96876 11.5616 13.6514 13.4239 9.15654 8.73325 8.24945 10.7501 10.3767 11.092 10.3785 12.3232 10.3653 21.747 12.8821 11.2361 15.7514 17.2069
threshold=0.031533034518361099 7.5000000000000009 -1.0000000180025095e-35 -0.15049175173044202 1.0495780110359194 3.247961282730103 -1.3861740231513975 0.11496323719620706 1.9315547347068789 1.3199079036712649 -0.99983122944831837 1.2932864427566531 -4.3182735443115225 2.7058720588684086 2.3006907701492314 0.1393605321645737 -0.13311298936605451 -1.4113501906394956 0.13808830827474597 -1.0193870663642881 -7.6967110633850089 -0.91712108254432667 0.53720697760581981 -1.4266642928123472 0.33222858607769018 0.50370931625366222 0.30646923184394842 408.92024230957037 0.14616978913545611 -6.8582913875579825
decision_type=2 2 8 2 2 2 10 10 10 10 2 2 8 2 2 2 10 10 2 2 2 10 10 2 2 2 2 2 8 2
left_child=-1 2 10 6 -5 -6 -3 -7 9 18 11 -2 -12 -14 15 -15 -16 -17 19 20 21 -8 23 -23 26 -26 -21 28 29 -28
right_child=1 3 -4 4 5 7 8 -9 -10 -11 12 -13 13 14 16 17 -18 -19 -20 24 -22 22 -24 -25 25 -27 27 -29 -30 -31
leaf_value=-0.021142572003557288 -0.028324024281585005 -0.01487327036128753 -0.0044579735222491819 -0.0025640630932652836 -0.013690307502502953 0.0048962770431214969 -0.015319441683893681 0.020800986636950066 -0.02127374197085544 -0.0079023096199847091 0.0079525281531672848 0.036218889485259281 -0.0059371384272995115 -0.014764021479602138 -0.00029610264918497153 -0.022119091546098178 0.015337666496128321 0.038589064916799455 0.0049404304008915908 -0.016838655780073142 0.022330080747815995 0.0082971444863636102 -0.0020156840116315159 0.12320544753694622 0.10268794988723269 -0.012126331480229237 -0.00070334119393763701 0.0090442420058530083 -1.4054087039676788e-05 0.069489121247061525
leaf_weight=36.302193550829543 16.593162396573465 23.553329971240601 700.84225853020325 468.90899821982021 29.135215551330475 104.53654085285962 0.97277398162987072 78.300582106225193 7.976738627505255 19.483354635201977 174.78327990596881 2.318652070593088 205.41966072862851 6.1910750612150904 341.83823941170704 1.7254980625584782 36.402175553375855 20.410322575597089 70.21794919288368 12.260060153974335 22.270712918281788 1.2524516013218083 1.0956958315800873 3.0469467886723609 2.329704706062329 2.3386831396055641 4.296087692026048 77.779074998863507 8.633164668921383 10.513385865720918
leaf_count=103431 723 2495 66454 24789 3339 606 71 442 846 2317 5686 33 49715 177 5625 65 633 568 4867 4416 3322 76 98 138 722 2343 137 3457 538 599
internal_value=-8.79797e-05 0.000231782 -0.00146109 0.00291818 0.000804876 0.00823443 0.0082639 0.0117836 0.0105446 0.0117029 0.00114812 -0.0189893 0.00165566 -0.00015277 0.0027772 0.0224964 0.00124498 0.0331053 0.0134912 0.0175205 0.0338237 0.0655344 0.0802288 0.0976139 0.013318 0.0531782 0.0112281 0.014759 0.032574 0.0503704
internal_weight=2491.73 2455.43 1506.52 948.901 680.881 211.972 268.02 182.837 244.467 236.49 805.682 18.9118 786.77 611.987 406.567 28.3269 378.24 22.1358 217.007 146.789 28.6386 6.36787 5.39509 4.2994 118.15 4.66839 113.482 101.222 23.4426 14.8095
internal_count=288728 185297 129679 55618 29176 4387 26442 1048 23947 23101 63225 756 62469 56783 7068 810 6258 633 20784 15917 3705 383 312 214 12212 3065 9147 4731 1274 736
is_linear=0
shrinkage=0.03


Tree=149
num_leaves=31
num_cat=0
split_feature=8 29 29 34 11 29 19 27 0 25 27 29 28 31 18 18 27 17 11 29 29 25 27 29 34 18 29 11 29 27
split_gain=20.3994 9.67001 17.998 13.0573 11.3823 15.2893 13.0426 10.4688 8.49095 8.13223 8.69149 11.332 20.3571 22.336 10.1349 11.1216 10.5033 24.7941 19.7111 11.3421 10.9892 10.9647 10.9356 12.232 9.9226 8.52123 12.8358 10.3679 18.7962 24.7587
threshold=0.019133803434669975 0.87709078192710888 0.86004966497421276 0.70089909434318554 1.794275224208832 0.47369650006294256 -0.53065782785415638 0.23494623601436618 4.5000000000000009 0.36822286248207098 0.34426523745059973 -0.99864786863327015 0.039769539609551437 220.38897705078128 8.5876922607421893 2.8501281738281254 0.31702509522438055 0.91768324375152599 6.8890240192413339 -0.81427544355392445 0.13185577094554904 0.20046015828847888 0.32795698940753942 0.14888729155063632 0.51344361901283275 2.1895446777343754 -0.99938741326332081 6.4336595535278329 -0.9852197766304015 0.83602148294448864
decision_type=2 2 2 2 2 2 8 2 2 2 2 2 2 2 10 10 2 10 2 2 2 2 2 2 2 10 2 2 2 2
left_child=-1 2 4 7 5 -2 8 -4 -7 10 11 12 -6 -14 15 -13 21 19 22 -18 -20 -17 -19 -24 -16 -12 -27 28 29 -28
right_child=1 -3 3 -5 9 6 -8 -9 -10 -11 25 14 13 -15 24 16 17 18 20 -21 -22 -23 23 -25 -26 26 27 -29 -30 -31
leaf_value=-0.02342813668800358 -0.020666785379967925 -0.017350770717154653 -0.014288772120655633 -0.012519933611201762 -0.0078371513738174723 -0.019151968914780864 -0.011892460680181757 0.08281890289676111 0.044798814000153619 0.0096926181198075615 0.0028283958014283747 -0.0075465842645499387 -0.015744755501538324 0.13355108591741544 -0.02546458045152562 0.012537921948937757 0.041482803018028577 0.039870447817551363 -0.017306573120005345 -0.0067780730507606395 0.039199325481444149 -0.0060133717831457418 0.15835679267158018 -0.0080232260531947763 0.010212499961522414 -0.01737267501620093 -0.0091763429714813109 0.00039608615731936801 -0.010750392300774129 0.065547304489458849
leaf_weight=30.546910201868741 46.482862124714302 25.001768962218193 0.89986923398100671 2.261469156073872 3.4674827739363527 1.735382751416181 11.584935212507846 4.4237799501279369 8.2742925154598179 97.162367062992416 731.54154081980232 36.188123761327006 1.0348866098793226 1.8725834942888466 16.888359266333286 79.678511112171691 4.4646297277649891 3.5297136043664095 3.5306282251840448 21.222938646329567 10.936697607627137 43.732143614906818 1.7028213324374522 0.35730606975266699 10.82546779050608 41.788957154145464 8.7002600369742122 1099.6633545277291 152.83280873252079 6.0580133832991114
leaf_count=97704 42146 17355 918 209 484 1891 9494 64 2551 5312 14798 2411 88 69 8855 10351 327 199 235 2030 283 5236 279 49 1365 1949 1602 39634 21228 261
internal_value=0.000544326 0.000849191 0.0010417 0.0444037 0.000889094 -0.0111164 0.00944577 0.0667407 0.0329791 0.00123744 0.00087303 0.00626797 0.0429271 0.0899809 0.00508609 0.0073915 0.0106128 0.0227466 0.046883 0.00285 0.0251822 0.00596854 0.0907035 0.136308 -0.0116582 0.000237254 -0.00121182 -0.000665627 -0.00759318 0.0237095
internal_weight=2508.39 2477.84 2452.84 7.58512 2445.26 68.0775 21.5946 5.32365 10.0097 2377.18 2280.02 239.432 6.37495 2.90747 233.057 205.344 169.155 45.7447 20.0572 25.6876 14.4673 123.411 5.58984 2.06013 27.7138 2040.58 1309.04 1267.25 167.591 14.7583
internal_count=289377 191673 174318 1191 173127 56082 13936 982 4442 117045 111733 32261 641 157 31620 21400 18989 3402 1045 2357 518 15587 527 328 10220 79472 64674 62725 23091 1863
is_linear=0
shrinkage=0.03


Tree=150
num_leaves=31
num_cat=0
split_feature=11 15 14 3 5 17 22 29 28 12 28 28 28 5 29 17 28 30 11 8 22 30 12 28 29 13 28 29 3 12
split_gain=14.1768 7.14863 8.07512 7.52395 13.8283 12.6409 10.9911 8.38675 8.26717 7.75143 7.67036 10.6712 14.2666 15.3876 14.4993 15.2765 13.5905 13.7475 13.2829 11.6374 12.4714 10.9437 19.7114 22.6039 33.2962 13.3892 11.4262 11.6331 11.2244 10.2299
threshold=0.068596407771110549 1.9817013144493105 2.4748214483261113 1.5261604189872744 23.231354713439945 0.14070060104131701 1.0000000180025095e-35 -0.013976481743156908 0.30983042716979986 19.064690589904789 -0.99763298034667958 -0.96689236164093006 -0.8940606117248534 14.881246566772463 0.31595529615879064 0.64591512084007274 -0.92923668026924122 2.5000000000000004 15.143396377563478 0.45253856480121618 0.18627630919218066 1.0000000180025095e-35 -2.2151319980621333 0.039769539609551437 -0.99273797869682301 -1.3296418190002439 -0.39826117455959315 -0.76140165328979481 1.2932864427566531 -3.4647879600524898
decision_type=2 8 8 2 8 10 10 2 2 2 2 2 2 10 2 10 2 2 2 2 10 2 2 2 2 10 2 2 2 2
left_child=-1 2 3 10 5 6 9 -7 -8 -5 -2 18 13 14 -13 -16 17 -17 19 20 -12 22 23 25 -25 26 27 -14 -24 -21
right_child=1 -3 -4 4 -6 7 8 -9 -10 -11 11 12 21 -15 15 16 -18 -19 -20 29 -22 -23 28 24 -26 -27 -28 -29 -30 -31
leaf_value=-0.023217935745621449 -0.013499984256020899 -0.02147952908190023 0.061649957150303053 -0.012855658335743777 0.013373063818809714 -1.8157712926439806e-05 0.038175235574950769 -0.018486289428617672 -0.0056805951127453843 0.014819180233541542 0.057767875901935481 -0.019643160263320032 0.11569582771271454 0.025153048450306935 -0.025713748100781603 -0.018282322057188785 -0.021710143912130067 0.071901374411112745 -0.0125276042961195 -0.0082546244614567933 -0.0056159702363618143 0.00050306819119664929 -0.019573865953333006 0.12093279540555713 -0.0017923285133416313 -0.0085578093085735552 -0.0089308085250609012 -0.011992154199494308 0.0052738863970421927 0.011776149260769872
leaf_weight=22.65753567586944 38.322438281727955 12.719207805828772 0.92540601355722074 18.51734901528107 104.5855478993617 52.571885345794726 14.870562779862668 37.221386516233906 4.8031661795685059 16.079644255340099 7.7682849384145793 83.303770296653965 1.2555089162779038 8.604378580581395 5.3537631884100838 1.5264718644903039 2.4095438694057503 5.5651318387244828 26.145446279551834 28.014914534986019 3.8581407452438725 1747.5409222675953 84.726200002653059 2.7002261255984195 4.2416897431103271 29.048482624973985 1.8031716415134713 0.65653518575709346 19.765869240771281 112.19273643594352
leaf_count=72685 5675 2552 54 880 888 713 271 1471 180 97 2693 11097 120 81 3274 438 430 155 791 2250 1821 128339 35336 151 2925 4535 246 156 727 8446
internal_value=-0.000104661 0.000116035 0.000236162 0.000188085 0.0051254 -0.000913041 0.0104051 -0.00779292 0.0277114 6.17456e-05 -0.000368275 -0.000130965 -0.000759097 -0.0113765 -0.0147999 0.011886 0.033504 0.0526289 0.00688706 0.0102903 0.0379555 -0.000154196 -0.00806823 0.00975265 0.055161 -0.00121717 0.0458204 0.0827898 -0.0148682 0.00774368
internal_weight=2499.76 2477.1 2464.38 2463.45 248.65 144.064 54.2707 89.7933 19.6737 34.597 2214.8 2176.48 1998.5 106.763 98.1587 14.8549 9.50115 7.0916 177.98 151.834 11.6264 1891.74 144.198 39.7056 6.94192 32.7637 3.71522 1.91204 104.492 140.208
internal_count=289477 216792 214240 214186 4500 3612 1428 2184 451 977 209686 204011 188010 15475 15394 4297 1023 593 16001 15210 4514 172535 44196 8133 3076 5057 522 276 36063 10696
is_linear=0
shrinkage=0.03


Tree=151
num_leaves=31
num_cat=0
split_feature=27 28 28 29 1 18 13 29 13 28 1 34 31 1 28 2 29 34 12 29 5 22 16 24 29 5 16 11 17 31
split_gain=18.5818 7.79488 13.9552 18.9144 50.4142 23.4952 21.7707 22.8791 11.5627 10.8191 13.4758 13.3349 10.7784 11.7898 10.7691 10.5281 10.301 13.1603 10.2499 9.81625 13.9929 9.55072 8.75613 9.53939 8.48745 7.70068 6.93093 6.7082 16.6002 13.866
threshold=0.051391525194048888 0.71503382921218883 0.49812944233417517 -0.85225707292556752 16.747182846069339 6.7964630126953134 -0.97571358084678639 -0.86112883687019337 0.72677853703498851 0.99818283319473278 12.484668731689455 0.43586951494216924 69.397317886352553 25.785140991210941 0.67802080512046825 2.7058720588684086 0.011826144531369211 1.7736251950263979 -1.5366601347923277 0.47369650006294256 -14.858241558074949 0.24808572977781299 -0.62436461448669422 0.41163848340511328 -0.81427544355392445 2.0455228090286259 0.51637449860572826 17.829542160034183 0.3123775720596314 431.04171752929693
decision_type=2 2 2 2 2 8 10 2 10 2 2 2 2 2 2 2 2 2 2 2 10 10 10 10 2 10 10 2 10 2
left_child=-1 2 27 4 5 6 -4 -8 12 15 11 -11 24 14 -14 19 18 -18 -13 -3 -21 -10 23 -16 -5 -23 -24 -2 -29 -30
right_child=1 9 3 8 -6 -7 7 -9 21 10 -12 16 13 -15 22 -17 17 -19 -20 20 -22 25 26 -25 -26 -27 -28 28 29 -31
leaf_value=-0.024581803267505694 -0.0010498292304542175 -0.023843927006489442 0.004269079405290031 0.10047465057852994 -0.025595281615496294 -0.01727553817549151 0.046988832496213204 0.18816754714864339 0.008690236930015343 -0.021507095723692162 -0.010362537223830038 0.058114287143549499 -0.024727707015358376 0.01529521295096766 0.089306432737017938 -0.0024263467453299954 0.094859590609081348 -0.014663902334319766 -0.022334298065639871 0.077963235985716736 -0.012902253338496523 0.073550756856840233 -0.024813824774845963 -0.014294573818107208 -0.004358608682115084 0.0026689810198249368 0.040519551575060542 0.0083039751522439031 -0.0085143930738791618 0.0055909979061870034
leaf_weight=27.317003691190621 1721.3158894980879 50.814625018683728 1.558356793655548 0.60723843227606256 5.307085422333329 1.3473252371622955 2.7689818668295625 2.4167506673838921 12.234286553415588 2.4924056815798421 11.927312339190392 1.3328382349573074 24.656489506858637 16.085559105500579 1.2096089926199058 71.134140332811512 3.9592397206579335 0.92961405700771127 2.7537317588576098 1.2093691081390714 4.2282551490643518 3.9877597508311728 4.1920557554549296 0.87642206935561251 1.0851601575268421 2.0140321552753448 1.0547192901431115 252.75385781715158 146.642839528271 108.14696160692256
leaf_count=92710 130866 37167 117 97 74 819 140 148 1415 3018 255 45 6869 97 150 1588 168 139 392 396 3322 585 873 170 403 39 100 3397 2425 1270
internal_value=-0.000418461 -0.000140378 0.000292168 0.012416 0.0436824 0.0869383 0.1073 0.132567 0.00571186 -0.00672608 0.0116744 0.0335871 -0.00188644 -0.00505692 -0.0154443 -0.01017 0.0495087 0.0750801 0.0101708 -0.0197489 0.0162783 0.0254681 0.0149927 0.0552521 0.0566032 0.0535431 -0.00729632 -0.000155983 0.00287157 -0.00252883
internal_weight=2488.36 2461.04 2310.26 81.4018 13.3985 8.09141 6.74409 5.18573 68.0033 150.782 23.3951 11.4678 49.7673 48.0749 31.9893 127.386 8.97542 4.88885 4.08657 56.2522 5.43762 18.2361 7.33281 2.08603 1.6924 6.00179 5.24678 2228.86 507.544 254.79
internal_count=289254 196544 150054 12096 1298 1224 405 288 10798 46490 4017 3762 8759 8259 8162 42473 744 307 437 40885 3718 2039 1293 320 500 624 973 137958 7092 3695
is_linear=0
shrinkage=0.03


Tree=152
num_leaves=31
num_cat=0
split_feature=6 31 18 8 15 22 24 11 21 16 27 29 1 29 31 0 21 29 6 17 19 29 13 33 29 31 29 27 29 1
split_gain=17.1924 9.34279 7.37198 7.18954 6.29144 11.9298 11.3109 9.63885 14.1821 13.7248 8.1632 18.0264 25.8962 13.4415 14.43 14.5252 26.3384 20.1002 14.0402 12.3049 12.8414 12.2643 24.8963 16.3785 22.4604 14.9949 12.0648 19.9876 15.6629 32.6128
threshold=0.017307694070041183 2479.698608398438 13.304382324218752 16.261897087097172 0.045712731778621681 2.1487503051757817 0.016922338865697387 6.4336595535278329 -0.61697661876678456 -0.85896778106689442 0.86881721019744884 -0.59867820143699635 22.199494361877445 -0.73865258693695057 54.987888336181648 7.5000000000000009 0.25609301030635839 -0.81427544355392445 6.279870033264161 1.8582596778869631 -0.029464339837431904 -0.78324955701827992 -1.8351733684539793 1.3300866484642031 -0.99983122944831837 325.69728088378912 -0.99465739727020253 0.25143370032310491 -0.97874867916107167 23.817772865295414
decision_type=8 2 8 2 10 10 10 2 10 8 2 2 2 2 2 2 8 2 10 10 10 2 8 2 2 2 2 2 2 2
left_child=-1 2 4 -3 6 -6 7 8 -2 -9 13 -12 -13 14 15 16 -8 18 -18 20 21 23 -23 24 25 -16 27 -26 29 -28
right_child=1 3 -4 -5 5 -7 10 9 -10 -11 11 12 -14 -15 19 -17 17 -19 -20 -21 -22 22 -24 -25 26 -27 28 -29 -30 -31
leaf_value=-0.021632278654897117 0.054074708933241587 -0.016386901090456596 -0.020280786594317906 0.010272918832234834 -0.0011219097058601433 0.02295637116301015 0.0048650935781847683 0.097628045660901566 -0.022129119869669416 0.021091730956087611 -0.0027808875280367702 0.057142915579304364 -0.016728862187594416 -0.00028597246816561826 -0.014537216029716223 -0.0032341804485248888 0.16978923997549339 -0.0029671894590178678 0.015834925386147308 0.035195281022906928 -0.0021133578513422928 0.10361752552401565 0.015859509814041911 0.019177797997947981 0.051250461764088727 0.063112046130342894 0.032758670787323273 -0.018617064722276935 -0.0018692384492763362 -0.012821057502180917
leaf_weight=30.500168383150594 2.0680780656839488 45.796729014255106 13.624513341565033 10.575953352323266 1013.790154342365 17.864425386564108 4.5934782470576456 1.9802793937269596 6.7512765863939439 10.343035257363224 392.43380794674158 9.8056140404660272 6.4566629193723193 430.91431860459852 2.5702279900433478 5.3177377318497738 1.9893452400574463 1.141288945567793 0.92034840211272229 11.709734192554604 147.64682138864009 2.4858941902493825 21.234976055275187 72.906290299142711 3.0711732796626157 7.7554227270884439 38.935420265654102 41.877736299007665 120.91920560588187 21.182660176418722
leaf_count=97729 1177 14954 16538 140 75527 911 307 110 5975 557 7155 263 54 44428 253 210 157 65 33 352 8196 159 1104 1438 212 242 2014 2214 6853 167
internal_value=0.000391197 0.000671945 0.000956127 -0.0112934 0.00108515 -0.000683137 0.00241917 0.0236909 -0.000572696 0.0397951 0.00206767 -0.00146785 0.0285433 0.00360941 0.00691909 0.0359836 0.0579427 0.10525 0.137598 0.0060235 0.00524111 0.00849912 0.0288758 0.00684793 0.00297917 0.0442069 0.000908963 -0.0128318 0.00437235 0.0167516
internal_weight=2499.16 2468.66 2412.29 56.3727 2398.67 1031.65 1367.01 21.1427 8.81935 12.3233 1345.87 408.696 16.2623 937.172 506.258 13.9622 8.64446 4.05098 2.90969 492.296 480.586 332.939 23.7209 309.218 236.312 10.3257 225.986 44.9489 181.037 60.1181
internal_count=289494 191765 176671 15094 160133 76438 83695 7819 7152 667 75876 7472 317 68404 23976 772 562 255 190 23204 22852 14656 1263 13393 11955 495 11460 2426 9034 2181
is_linear=0
shrinkage=0.03


Tree=153
num_leaves=31
num_cat=0
split_feature=27 4 28 28 29 29 34 3 22 28 27 12 34 6 28 5 16 29 3 13 23 19 14 12 1 5 20 5 0 14
split_gain=15.5088 10.2797 8.14071 13.5133 11.5542 11.952 21.3729 10.9916 13.9895 9.17531 12.4788 12.8981 12.6966 8.78907 8.75162 21.8292 13.6369 12.1459 10.6486 8.81622 7.9523 13.204 10.0752 9.49582 7.53676 7.16823 6.8375 6.67187 6.35496 6.43422
threshold=0.051391525194048888 22.465523719787601 0.71503382921218883 0.65233618021011364 -0.42958799004554743 -0.38243420422077173 5.4814698696136483 0.94135388731956493 0.17629265785217288 0.99818283319473278 0.28494623303413397 -1.5366601347923277 0.47813721001148229 1.3933052420616152 0.87397152185440075 -6.3392691612243643 -0.39189176261425013 -0.28519998490810389 1.2932864427566531 1.2648038268089297 -0.47428874671459192 1.3877798318862917 -0.23107385635375974 -3.4647879600524898 32.497514724731452 6.5173039436340341 0.020741568878293041 -0.94447338581085194 8.5000000000000018 -0.18000692874193189
decision_type=2 2 2 2 2 2 2 2 10 2 2 2 2 10 2 10 10 2 2 8 10 10 10 2 2 10 10 10 2 10
left_child=1 -1 3 -2 24 6 25 8 -5 14 12 -12 -11 -14 15 16 -7 18 26 -18 21 -10 -22 -24 -4 -6 27 -16 -17 -30
right_child=2 -3 4 7 5 9 -8 -9 20 10 11 -13 13 -15 17 28 19 -19 -20 -21 22 -23 23 -25 -26 -27 -28 -29 29 -31
leaf_value=-0.028823287283114708 0.00022067270234627385 0.024673798275761674 -0.02773314656239162 0.0073816236385522331 -0.027966648235151305 -0.019717525807297364 0.067823237713989293 -0.0028770601477051678 -0.022468211382104256 -0.021374520203262384 0.055310997064748485 -0.020710373794676062 0.088030863169814871 0.022524281941134306 0.042754861713278046 -0.02249783673935821 0.11679634917847018 -0.022726667670185472 0.025822141517182085 -0.011924731501587165 -0.013169202590519171 0.070133731270125371 -0.011228308459794093 0.098731306792411544 0.02027470817182379 0.033436642504841595 -0.023129120007836543 -0.012511107151070672 0.059702267715464191 -0.020835223140030622
leaf_weight=24.15579979043105 2274.2918948936131 2.9331521559506646 27.166089337115412 11.346321734250525 4.7761452975973935 0.79554189732880365 4.7621710610692389 13.009749104152432 2.6329885539598767 2.4299776711559415 1.4097510967403657 11.563651417498473 2.4983847503899579 6.1079632219625637 2.582858402718557 7.9976239839452301 1.9168271943926796 48.269002080560313 9.7250824584625644 0.36634710116777647 0.77005296346032981 1.3081021739053538 0.58633641788037483 4.8783400832617172 2.5676869750022879 1.4865332257468251 12.852265763125613 3.6128344270691803 1.076785207056673 0.88219519134145219
leaf_count=92908 146316 23 10769 2050 1498 132 62 247 555 2945 51 713 132 211 333 2558 235 23628 87 38 245 22 144 447 13 32 1771 1034 162 166
internal_value=-0.000192843 -0.0223585 5.98494e-05 0.000507583 -0.00657649 -0.00250664 0.0259804 0.0188656 0.0315529 -0.00546133 0.0107095 -0.00908241 0.0327968 0.0487248 -0.00984185 0.0122066 0.0708502 -0.013681 0.00174745 0.0988012 0.0554325 0.0162412 0.0745369 0.0870213 -0.0230626 -0.0107947 -0.011219 0.0132681 -0.0107382 0.0286493
internal_weight=2490.76 27.089 2463.67 2308.82 154.846 125.112 11.0248 34.5319 21.5221 114.087 24.0097 12.9734 11.0363 8.60635 90.0774 13.0353 3.07872 77.042 28.773 2.28317 10.1758 3.94109 6.23473 5.46468 29.7338 6.26268 19.048 6.19569 9.9566 1.95898
internal_count=289527 92931 196596 150026 46570 35788 1592 3710 3463 34196 4052 764 3288 343 30144 3291 405 26853 3225 273 1413 577 836 591 10782 1530 3138 1367 2886 328
is_linear=0
shrinkage=0.03


Tree=154
num_leaves=31
num_cat=0
split_feature=1 24 3 29 25 0 34 34 30 15 13 19 24 13 18 29 3 24 29 34 31 31 18 1 29 29 11 29 31 29
split_gain=15.0387 9.0255 9.66284 9.52781 9.38124 6.76011 10.5345 8.13694 7.26128 6.63139 7.40189 6.77178 9.16166 6.88929 6.51942 6.24525 13.3162 9.5523 8.62535 19.6251 21.8824 14.2483 20.5114 12.1767 12.3802 22.5285 18.084 15.7084 15.0438 28.0693
threshold=0.0042122772429138431 0.75273463129997265 -0.7895296812057494 0.63089349865913402 0.18199714273214343 1.5000000000000002 0.86039161682128917 8.114845275878908 1.5000000000000002 -0.9520287513732909 -1.8911316990852354 -0.36922450363636011 0.81491038203239452 -0.43578526377677912 3.6601562500000004 -0.99465739727020253 1.0495780110359194 0.29392224550247198 -0.97507822513580311 1.0638813972473147 308.68588256835943 334.84590148925787 5.1138916015625009 47.646572113037116 -0.92272481322288502 -0.90892156958580006 17.829542160034183 -0.26037105917930597 334.84590148925787 -0.91595870256423939
decision_type=2 10 2 2 2 2 2 2 2 8 10 10 8 8 10 2 2 10 2 2 2 2 10 2 2 2 2 2 2 2
left_child=1 -1 3 -3 14 6 -2 8 -8 10 -10 -11 13 -13 -5 16 -7 -18 19 20 -17 22 -22 24 -20 28 27 -27 -26 -30
right_child=5 2 -4 4 -6 15 7 -9 9 11 -12 12 -14 -15 -16 18 17 -19 23 -21 21 -23 -24 -25 25 26 -28 -29 29 -31
leaf_value=-0.027763574938763039 -0.01784629683225275 -0.0057939762842126128 -0.022000141953008732 -0.0051945351815878057 -0.0094403156093884853 -0.0070687285965479307 -0.011147106017648721 -0.033594031726128466 -0.0085998780136508478 -0.0065776371298943296 0.033326767569835485 -0.023970898415288613 0.048732150444669768 0.01326261976192827 0.15302305009823375 0.0060973658624672751 -0.014231474783645996 0.017240625337407788 -0.0049731033503471024 -0.0027256484108622871 0.061533208197974219 0.014466943777443047 -0.016391910761254572 0.011835832362232132 0.0041591298664913007 -0.00397835328179111 0.0093453794030033017 0.0035653802586460667 0.0046339237378462952 0.056530172281899861
leaf_weight=25.280731511418711 44.319867381782387 1.4695658184355127 2.746545153844635 0.20805294520687301 0.45304799685254693 202.71453494080924 31.070859697501874 5.4636363000608972 4.8107692314079058 39.602926691411994 12.299349894572513 4.9816707409918308 4.1752715555194291 16.911864226451151 0.30907577800098807 125.66354602127103 10.351889243116601 37.854586372384802 360.19932350938325 131.60902076039929 16.729861196014102 25.357884813216515 3.227576805278658 80.266692437231541 41.189706258388469 663.57151971112762 170.32907894573873 395.79708637941803 19.128890009335009 17.780878495716024
leaf_count=89510 13738 1285 11289 100 155 7914 2184 149 114 1163 396 230 118 999 101 4411 123 450 13918 2440 432 2215 322 444 1407 59341 2552 70604 608 616
internal_value=7.73913e-05 -0.0205311 0.0135126 0.0482646 0.091528 0.000340288 -0.00553264 -0.000848442 0.00100179 0.00564031 0.0217145 0.00118945 0.0127961 0.00411349 0.127902 0.000760025 -0.0036983 0.0103304 0.00130704 0.00597476 0.0126487 0.0302922 0.0487501 0.000496197 -5.62491e-05 0.00130074 0.000302241 -0.00115919 0.0168198 0.0304661
internal_weight=2495.88 30.467 5.18629 2.43974 0.970177 2465.41 163.636 119.316 113.853 82.7819 17.1101 65.6717 26.0688 21.8935 0.517129 2301.77 250.921 48.2065 2050.85 302.588 170.979 45.3153 19.9574 1748.26 1668 1307.8 1229.7 1059.37 78.0995 36.9098
internal_count=289328 102440 12930 1641 356 186888 19091 5353 5204 3020 510 2510 1347 1229 201 167797 8487 573 159310 9820 7380 2969 754 149490 149046 135128 132497 129945 2631 1224
is_linear=0
shrinkage=0.03


Tree=155
num_leaves=31
num_cat=0
split_feature=4 0 17 31 31 2 18 17 15 19 25 31 28 29 29 19 25 17 13 11 1 28 25 20 22 31 18 16 28 23
split_gain=13.41 8.54784 7.55314 10.9619 10.7826 7.44279 5.89246 5.85093 5.90259 7.67764 6.33584 5.78651 6.89858 5.57815 10.2508 20.0999 18.6812 10.438 11.7324 10.1039 9.33256 11.1015 9.00342 8.41074 12.2788 12.0474 10.4984 7.68295 7.6097 8.45695
threshold=-2.4978016614913936 1.5000000000000002 1.0706377625465395 390.69824218750006 408.92024230957037 3.0587837696075444 15.221649169921877 0.63613423705101024 -0.81616479158401478 -0.6202428638935088 0.25470334291458135 3477.741088867188 -0.99054482579231251 -0.99465739727020253 -0.98801845312118519 1.4142376780509951 0.21542581170797351 0.402631625533104 -0.73568794131278981 10.521538734436037 47.646572113037116 0.22700754553079608 0.1611391678452492 0.37900583446025854 0.62006792426109325 771.62255859375011 2.2325134277343754 -0.76622310280799855 0.14250627160072329 0.22313037514686587
decision_type=2 2 10 2 2 2 8 10 10 10 2 2 2 2 2 10 2 10 10 2 2 2 2 10 10 2 10 8 2 8
left_child=2 5 -1 -4 -5 -2 11 8 -7 10 -10 13 -13 -3 15 17 19 18 -15 -17 -16 22 -22 24 25 26 -19 -25 29 -28
right_child=1 6 3 4 -6 7 -8 -9 9 -11 -12 12 -14 14 20 16 -18 23 -20 -21 21 -23 -24 27 -26 -27 28 -29 -30 -31
leaf_value=-0.026446689479554551 -0.016358345965635498 -0.0032553141373490081 -0.021480711022742672 0.1073824012241008 -0.013312078815832483 0.014934503484565737 -0.025989650675098123 -0.011597908436726347 -0.015964459075178728 0.011167619706183704 0.017157326538277503 0.031000958318112455 -0.025365891437838843 0.015305768414017831 0.00045688204047470446 0.12820369254998676 -0.0078221624253588494 -0.021557375687977099 -0.012523294528517378 0.014818631939864862 0.020921734615486746 0.027975974433864875 -0.0026391327621149291 0.035987636767826368 -0.0042407069701432308 0.067614988868715517 0.043218436953012647 -0.0092569800734406699 -0.0097106521645212943 -0.0027925798440703487
leaf_weight=24.025146269312248 46.101451475551585 248.99734762252774 2.5111435017897743 0.62954361895390298 0.79699515514948871 22.804321905598044 6.3838493357325197 39.563940736232325 31.873102748766541 21.616954791825265 5.3234591940417877 1.4189150950114697 12.362050899027961 20.30287497251993 1814.3393245240004 2.0083781611756417 2.1340525214909576 3.7314590695314136 36.939125354809221 1.3059343504719434 19.424920730292797 22.610042974352837 50.528953447937965 3.1225135975982994 12.075708355114328 5.6552576718386254 17.723708225414157 17.717739432584498 3.684067078633233 4.3053146600723329
leaf_count=87131 17893 8226 8411 384 2985 245 9876 598 311 334 37 308 6940 605 141338 132 140 72 1473 34 110 118 269 52 411 47 440 396 135 161
internal_value=5.55383e-05 0.000293006 -0.0202394 0.0153191 0.0622543 -0.00623463 0.000768875 -0.00228087 0.00232124 -0.00273734 -0.0108991 0.000854394 -0.0178575 0.000974924 0.00149321 0.00958817 0.0613087 0.0068707 -0.00255942 0.097317 0.000933613 0.0101732 0.00410595 0.0147292 0.0216179 0.0303854 0.0212488 -0.00114056 0.0280353 0.0344953
internal_weight=2502.02 2474.05 27.9628 3.93768 1.42654 167.283 2306.77 121.182 81.6178 58.8135 37.1966 2300.39 13.781 2286.61 2037.61 130.706 5.44837 125.258 57.242 3.31431 1906.9 92.5639 69.9539 68.0158 47.1755 35.0998 29.4445 20.8403 25.7131 22.029
internal_count=289612 190701 98911 11780 3369 19418 171283 1525 927 682 348 161407 7248 154159 145933 4098 306 3792 2078 166 141835 497 379 1714 1266 855 808 448 736 601
is_linear=0
shrinkage=0.03


Tree=156
num_leaves=31
num_cat=0
split_feature=27 4 0 22 2 27 19 27 12 28 21 19 24 28 5 20 28 22 12 8 27 11 18 27 28 28 21 33 27 28
split_gain=14.6125 10.2165 9.76586 11.4662 9.22994 7.86814 7.85851 7.87534 7.79952 7.50091 8.86807 8.82901 7.1015 7.03889 9.29014 8.86735 9.75163 7.33867 6.82658 7.11127 6.79833 7.09988 6.06453 6.48139 20.7923 19.1691 10.9713 9.82959 14.7877 12.885
threshold=0.051391525194048888 22.465523719787601 2.5000000000000004 -0.33904199302196497 3.0083692073822026 0.96774193644523632 -1.3988894224166868 0.76523298025131237 19.064690589904789 0.091259401291608824 0.51682144403457653 0.40326756238937383 1.00459760427475 0.022575936280190948 -6.3392691612243643 0.45583520829677587 0.42179998755455023 0.17629265785217288 7.9707732200622567 6.846297264099122 0.88530465960502636 5.5423688888549814 15.221649169921877 0.1474910452961922 0.86975130438804638 0.86548283696174633 0.19087604433298114 0.001941387774422765 0.11469534039497377 0.67802080512046825
decision_type=2 2 2 10 2 2 8 2 2 2 10 10 10 2 10 10 2 10 2 2 2 2 8 2 2 2 10 2 2 2
left_child=1 -1 3 6 13 9 -2 -8 -7 11 12 18 -11 14 17 -15 20 -5 19 -6 21 -17 23 24 25 27 -27 -4 -29 -30
right_child=2 -3 22 4 5 8 7 -9 -10 10 -12 -13 -14 15 -16 16 -18 -19 -20 -21 -22 -23 -24 -25 -26 26 -28 28 29 -31
leaf_value=-0.028754289064409667 0.0081770735046986041 0.023168257489581619 0.0045425309032793492 0.05014924071124751 -0.011643009731646682 0.0012975772644378367 -0.02239364166767599 -0.005867079625679718 0.047822617654509889 -0.008402682606403155 0.036655341569818159 0.027027201740263025 0.023492777366753252 -0.0092481195476105307 -0.020203945247701225 -0.010516231329152465 -0.0014025808179934152 -0.010068468656933059 -0.0090080552399245915 0.027174747043417383 -0.012721958566016562 0.090030773006216633 -0.026079222070455991 0.0010389116121982296 -0.026411201293715731 0.14096304281481162 -0.0091882770882408676 0.010302354776161687 0.09151357382722819 -0.0077608856874100502
leaf_weight=22.782049664660011 15.054896444431504 3.2133980505168429 29.552428483220865 2.3319967526476821 6.2894526883028474 6.0846102572977525 54.399475742466166 50.612038551480509 6.0867353305220604 15.631689439062031 9.7260376727208477 7.4590362659655502 9.131994894705711 15.790659832186067 42.251181475119665 0.53773796049062994 5.1886011598689947 3.4235838018357754 71.815960742067546 9.7252484927885217 0.69867491791956116 2.4323310132604092 6.3004921908723182 2079.5059932480217 9.9100054722366604 0.75039583530451526 0.4299653810885502 10.400301358080467 4.0598741711874018 1.3411231424252035
leaf_count=92930 793 23 20827 172 211 80 11923 1891 35 202 109 140 118 6782 11953 516 2880 314 745 181 40 211 10019 110223 13244 99 161 1840 430 588
internal_value=0.000237269 -0.0217155 0.000476335 -0.00428191 -0.000116844 0.00432892 -0.0116641 -0.0145589 0.0264285 0.00207007 0.0138475 -0.00229226 0.00381459 -0.00874369 -0.0153303 0.00418246 0.0266353 0.0181418 -0.00505845 0.0121415 0.0580957 0.073763 0.00122134 0.00131404 0.0112556 0.0196641 0.107139 0.0151253 0.0334693 0.0695014
internal_weight=2502.92 25.9954 2476.92 334.672 214.606 141.951 120.066 105.012 12.1713 129.779 34.4897 95.2897 24.7637 72.6548 48.0068 24.648 8.85735 5.75558 87.8307 16.0147 3.66874 2.97007 2142.25 2135.95 56.4441 46.5341 1.18036 45.3537 15.8013 5.401
internal_count=289680 92953 196727 39296 24689 1821 14607 13814 115 1706 429 1277 320 22868 12439 10429 3647 486 1137 392 767 727 157431 147412 37189 23945 260 23685 2858 1018
is_linear=0
shrinkage=0.03


Tree=157
num_leaves=31
num_cat=0
split_feature=27 28 28 31 20 20 28 29 27 0 28 28 12 15 0 1 29 28 1 28 6 25 11 28 17 28 27 27 28 18
split_gain=14.6707 11.6705 13.2579 9.11625 14.3929 10.8078 8.79587 9.59605 18.8565 12.1172 11.5965 14.3424 11.2695 13.5054 9.35512 8.7312 8.56603 17.8469 27.0067 15.9448 11.8173 11.3818 10.4077 12.084 13.0771 11.1736 10.4773 14.6738 22.6666 12.4902
threshold=0.051391525194048888 0.94978111982345592 0.99818283319473278 771.62255859375011 0.84390661120414745 -0.89379513263702381 -0.99763298034667958 -0.99465739727020253 0.25143370032310491 1.5000000000000002 0.039769539609551437 0.056951373815536506 12.51738214492798 -0.26468513906002039 1.5000000000000002 26.97043609619141 0.48877522349357611 0.86548283696174633 20.890459060668949 -0.24372956901788709 1.3334123492240908 0.25616557896137243 0.29736517369747167 -0.67803022265434254 -0.31597687304019922 -0.49813632667064661 0.25143370032310491 0.32795698940753942 -0.77245554327964772 6.6559600830078134
decision_type=2 2 2 2 10 8 2 2 2 2 2 2 2 10 2 2 2 2 2 2 8 2 2 2 10 2 2 2 2 10
left_child=15 6 -3 5 -5 -4 -2 8 10 -9 -8 -12 -10 14 -14 -1 -11 19 20 21 -19 22 25 24 -24 -18 -26 28 -28 -30
right_child=1 2 3 4 -6 -7 7 9 12 16 11 -13 13 -15 -16 -17 17 18 -20 -21 -22 -23 23 -25 26 -27 27 -29 29 -31
leaf_value=-0.028723535296582416 -0.011812867539550407 -0.024400558076238241 0.042020412468113416 -0.01641471526778816 0.049313054218375368 -0.02392267962435364 -0.017289284333079896 -0.0070067033031182098 -0.01215500407070836 0.0015983098118201331 0.10687709542519511 -0.0092592253762420335 0.035790753443327473 -0.010536895246474944 0.0044018473103798524 0.022870791268552619 0.01765130618399912 -0.0097517853254897556 -0.027214352138358978 -0.013917822018049275 0.132509771330863 -0.0068201148981860736 -0.003451259657036534 -0.0026894279128178355 0.0060159931074356202 0.091463118360296317 -0.0038993743169110271 0.020389438182209268 0.14875173830022059 0.0343089058420986
leaf_weight=22.136925080150835 50.072403957805363 34.998965157283237 1.795770269440254 4.3698641267837939 6.4300042371614836 11.057641448875076 1.3102318854071189 141.07265101367375 125.86101945184055 1854.5470199589763 2.1896849353797738 1.1546859313093589 8.8031713273376209 58.874401695560664 70.062671466264874 2.6280253194272509 4.9399497490812792 0.47558120958274175 1.4638725565746424 22.935592574940529 2.1149073282140307 17.351657224993687 8.8880944091361034 20.676236985294963 6.3869508801435613 2.6963798859505905 1.9511819650069808 7.7344816739787348 2.6363892962690425 2.1270903302356601
leaf_count=92738 5935 17289 99 296 364 3247 296 15973 7992 118592 103 276 57 382 441 18 3227 382 13 13354 162 1665 1048 2660 887 1191 207 324 101 36
internal_value=-5.24619e-05 0.00018191 -0.0129268 0.00435154 0.0235809 -0.0123415 0.000505319 0.000770864 -0.00456148 0.00145452 0.049696 0.073878 -0.00570374 0.000236266 0.00830981 -0.0225732 0.00206775 0.0104737 0.06555 0.00756559 0.11095 0.0141982 0.0204912 0.0149183 0.0268552 0.0512869 0.039349 0.0527401 0.082531 0.112468
internal_weight=2499.74 2474.98 58.6522 23.6533 10.7999 12.8534 2416.33 2366.25 268.256 2098 4.6546 3.34437 263.601 137.74 78.8658 24.765 1956.93 102.378 4.05436 98.324 2.59049 75.3884 58.0368 50.4004 29.7242 7.63633 20.8361 14.4491 6.71466 4.76348
internal_count=289355 196599 21295 4006 660 3346 175304 169369 9547 159822 675 379 8872 880 498 92756 143849 25257 557 24700 544 11346 9681 5263 2603 4418 1555 668 344 137
is_linear=0
shrinkage=0.03


Tree=158
num_leaves=31
num_cat=0
split_feature=8 3 25 8 28 8 21 18 28 29 28 28 14 28 18 22 11 16 25 1 29 29 34 28 3 4 22 13 11 11
split_gain=12.8032 7.60641 15.0345 12.6014 12.1312 12.4586 12.2234 10.9845 12.7252 14.8563 15.8251 12.6435 11.6642 13.5488 12.3422 11.0374 10.8971 10.6978 10.5834 9.65122 9.67448 14.478 22.6624 23.7975 11.2409 10.6363 14.8753 14.2816 10.3006 9.51722
threshold=0.019133803434669975 0.085111711174249663 0.10273459926247598 1.881977438926697 -0.97509795427322377 0.45253856480121618 0.28761871159076696 7.4515533447265634 0.17646842449903491 -0.70289847254753102 0.48314048349857336 0.9990701973438264 -0.9464217722415923 0.58481550216674816 6.7964630126953134 0.27043080329895025 3.7753593921661381 0.15039302408695224 0.28399752080440527 16.010708808898929 -0.26037105917930597 -0.97874867916107167 0.49591793119907385 -0.16799356788396833 0.6875816583633424 9.9921836853027362 -0.51732665300369252 0.66332861781120311 13.344423294067385 1.851208567619324
decision_type=2 2 2 2 2 2 10 8 2 2 2 2 10 2 10 10 2 10 2 2 2 2 2 2 2 2 10 10 2 2
left_child=-1 2 -2 4 5 17 -7 8 16 10 -10 -11 -12 15 -15 -14 -6 18 29 20 21 22 -3 28 25 -22 -27 -28 -24 -4
right_child=1 19 3 -5 7 6 -8 -9 9 11 12 -13 13 14 -16 -17 -18 -19 -20 -21 24 -23 23 -25 -26 26 27 -29 -30 -31
leaf_value=-0.020007179075673134 -0.016430921484986732 0.031978751351470006 -0.012407669501569754 0.0059593973523734238 0.0089026945719445066 0.020616789290051136 -0.026742685419303327 -0.020756120262999205 0.0056854313213665943 -0.02553021569210602 -0.012377895072014351 0.05495322301388781 0.12096109866292117 -0.0051298987246644299 0.076518099178271751 0.020104711150411864 -0.010207600352969744 -0.00592644159521479 -0.015312541597596922 0.00042110104262435457 0.0037011381124402976 -0.013924007655207524 -0.0054496203529528211 -0.022158926963613053 -0.0089443593766475853 -0.016147382686341229 0.079080020362237449 -0.010221492137587324 0.091161523653373239 0.089419507943479096
leaf_weight=26.838044943782734 34.520242126760422 16.729040800244547 0.70307348114147483 580.13114159187535 33.74489156799973 11.23323019302916 7.1909443487529634 30.300720071798423 24.001167967770016 11.963204210362163 2.2217013176705214 1.0781662227818731 2.9194599983748031 4.7058166604547296 1.4875159718794746 1.9240172688150776 119.15105841460172 2.6956496364000486 1.0150721811223773 1255.9153564904118 67.832353115474689 152.24041526595829 1.4141511175548687 23.736052961205132 59.598044654645491 3.0914081574883312 5.2132619766052795 1.8931350437924264 1.6618371419608591 4.7263860930688679
leaf_count=97572 30902 1236 636 29918 13014 1494 1265 19946 2266 8014 449 207 295 877 156 244 12317 904 158 18009 14902 19597 132 2730 11011 181 305 96 47 584
internal_value=0.000224213 0.000452505 0.00269591 0.0034994 -0.00196906 0.0165004 0.00170726 -0.00421045 -0.0016536 0.0112955 0.020811 -0.0154366 0.045873 0.057653 0.0223915 0.0911938 -0.00595942 0.0432104 0.0617989 -0.000784524 -0.00531365 -0.00958114 0.00557528 -0.0114563 0.000782341 0.0082306 0.0353379 0.056964 0.0563056 0.0763547
internal_weight=2491.88 2465.04 875.713 841.193 261.062 27.5644 18.4242 233.498 203.197 50.301 37.2597 13.0414 13.2585 11.0368 6.19333 4.84348 152.896 9.14018 6.44453 1589.33 333.41 195.781 43.5411 26.812 137.628 78.0302 10.1978 7.1064 3.07599 5.42946
internal_count=289464 191892 123646 92744 62826 5041 2759 57785 37839 12508 4287 8221 2021 1572 1033 539 25331 2282 1378 68246 50237 23742 4145 2909 26495 15484 582 401 179 1220
is_linear=0
shrinkage=0.03


Tree=159
num_leaves=31
num_cat=0
split_feature=27 5 27 23 17 19 0 3 15 3 13 3 12 29 29 29 29 3 18 12 17 20 17 24 0 19 16 31 31 24
split_gain=14.6501 9.02579 10.1259 11.0185 9.89791 15.7833 10.1251 9.52521 8.99321 9.18948 8.83368 8.6944 13.7627 9.05095 8.67979 19.2854 11.4431 9.40017 11.4977 8.61741 8.87403 10.5443 10.2632 10.2308 8.31909 8.18802 8.0471 7.8658 9.50828 7.71523
threshold=0.051391525194048888 -0.18779721856117246 0.054659498855471618 0.35250589251518255 0.95304241776466381 0.20760357379913333 1.5000000000000002 0.060972640290856368 0.56958705186843883 0.1776130869984627 0.44589994847774511 -0.06448993086814879 8.9321517944335955 -0.9852197766304015 -0.73865258693695057 -0.78324955701827992 0.011826144531369211 -0.15049175173044202 2.4000244140625004 22.299015045166019 -1.0308746695518491 -0.31748606264591211 0.14981410652399066 0.6977238953113557 4.5000000000000009 0.12295116856694223 0.24439277499914172 524.19323730468761 390.69824218750006 0.0020782265346497302
decision_type=2 10 2 10 10 10 2 2 10 2 10 2 2 2 2 2 2 2 10 2 10 10 10 10 2 8 10 2 2 10
left_child=-1 2 3 -2 7 6 -6 11 9 -7 -10 -4 -13 -14 15 -8 24 18 -18 29 -21 -22 -23 -24 -16 -26 -25 28 -20 -3
right_child=1 19 4 -5 5 8 14 -9 10 -11 -12 12 13 -15 16 -17 17 -19 27 20 21 22 23 26 25 -27 -28 -29 -30 -31
leaf_value=-0.022699263706905552 -0.015586812058953273 -0.029657860968812344 0.0020735171392143158 0.087147557703194337 -0.022772217262269932 -0.02303534661868107 0.013698558121197892 -0.0022310204775964119 0.055518933760949706 0.0030206055770546987 -0.00080539775765978074 0.0067916501182872435 0.072650785719339653 0.018414776129451981 0.017690667417814276 0.05969956617455565 -0.021236390214505345 0.0051702077395075112 0.037333546711982107 0.015970814673496404 -0.007016736007128389 0.019638068841941955 -0.0058232512378035362 0.0043530816077151343 -0.017515179554120207 0.026333072170613418 0.034104633377251316 0.0083565498280786243 0.12515542147443318 -0.002483851890496483
leaf_weight=23.996534792109742 1.0748931414709653 8.5072110254404816 388.11241727642482 1.5441647344268856 6.8496276022924567 27.56982767151203 116.39404989749892 500.26010565453907 2.7362459253054094 20.874830517626833 7.52645597117953 51.172615716146538 4.2438951525837183 7.9692280944436771 9.6753703506547009 7.9771363582985932 1.9570499594847195 23.284894379816251 5.6914812831091677 40.990361198782921 89.819173656404018 36.090604849159718 66.661268282681704 27.608127128332853 31.330173176131215 3.4511646379542027 10.851378709077833 3.382969736965606 1.1188583932525942 955.5146359623468
leaf_count=92565 1201 12927 38460 648 860 1183 4152 19081 72 544 370 3133 35 99 855 270 260 1625 809 202 449 184 329 143 2445 96 53 417 239 105186
internal_value=0.000151955 0.000383972 0.00220894 0.0523276 0.00205877 0.00711919 0.0109352 0.000618192 -0.00655657 -0.0119738 0.0178079 0.00377307 0.0139857 0.0413331 0.012171 0.0171017 0.00437855 0.0168625 0.0371726 -0.00142383 0.00328351 0.000973344 0.00606913 0.00126942 -0.00572416 -0.01255 0.0133991 0.0492821 0.0659387 -0.00275414
internal_weight=2484.24 2460.24 1224.2 2.61906 1221.58 269.82 211.113 951.758 58.7074 48.4447 10.2627 451.498 63.3857 12.2131 204.263 124.371 79.892 35.4353 12.1504 1236.04 272.021 231.031 141.211 105.121 44.4567 34.7813 38.4595 10.1933 6.81034 964.022
internal_count=288892 196327 76854 1849 75005 14197 12028 60808 2169 1727 442 41727 3267 134 11168 4422 6746 3350 1725 119473 1360 1158 709 525 3396 2541 196 1465 1048 118113
is_linear=0
shrinkage=0.03


Tree=160
num_leaves=31
num_cat=0
split_feature=8 24 3 19 12 16 34 29 27 29 17 11 5 22 3 29 16 34 30 0 24 15 5 3 23 14 34 27 28 24
split_gain=15.3018 8.9227 11.0547 10.2482 8.06976 10.432 8.03386 20.1432 15.8785 13.9069 9.54542 16.3959 11.564 11.6104 11.0955 26.7042 11.733 9.70226 9.15599 13.4025 10.6668 18.6274 9.95895 10.2577 13.3087 11.1477 11.8933 13.3485 11.2876 11.149
threshold=0.13262027502059939 0.73580199480056774 -0.83008018136024464 -0.98287934064865101 -2.4468199014663692 -0.099593605846166597 2.4601597785949711 -0.99983122944831837 0.81953403353691112 -0.99761277437210072 1.1734912395477297 4.2402455806732187 17.730406761169437 1.0548472404479983 1.1343008279800417 -0.10837475582957266 0.17482978105545047 3.7969349622726445 1.5000000000000002 1.5000000000000002 0.014247925486415626 -0.9520287513732909 23.231354713439945 -0.17652250826358792 0.41173082590103155 -0.9779299497604369 0.21271634846925738 0.94551971554756176 -0.082689788192510591 0.46297299861907965
decision_type=2 10 2 10 2 8 2 2 2 2 10 2 10 10 2 2 10 2 2 2 8 8 10 2 8 8 2 2 2 10
left_child=1 -1 3 -3 -5 -6 18 8 -8 -9 11 -11 13 -12 16 17 -13 -16 19 -2 21 -21 23 24 -20 26 29 -28 -29 -25
right_child=6 2 -4 4 5 -7 7 9 -10 10 12 14 -14 -15 15 -17 -18 -19 22 20 -22 -23 -24 25 -26 -27 27 28 -30 -31
leaf_value=-0.021982132406443214 -0.012747507022635387 -0.013127519515676879 -0.018411431231738069 -0.0044794189636288111 0.1320422223449661 0.016739280773695055 0.068555175936804894 -0.019594133502398973 -0.011456243014451736 -0.026624443793081466 0.02428602101174232 -0.0036347573882354301 -0.020940892326968764 -0.0064678326202841771 0.034619713559776263 -0.0073901035572189709 0.008888284387696203 0.0038196420227390123 0.0062490021373490861 0.081534287708333944 0.0028080220322554447 0.0084630952105239181 0.0095803818802291992 -0.022697185744200186 -0.007427416803087802 -0.006085754454539162 -0.0042396484986492438 -0.0075825171222410675 0.034398509837049451 0.038369653993167947
leaf_weight=40.983460380433826 48.544648493101704 2.3939253270218614 7.1932549170451221 1.2229477236396635 0.84362912713550031 1.6994752593454907 6.519696807721628 21.756748676241841 2.8113825893378817 15.626793624833224 53.309965535416268 180.17231456178706 6.7575804218649855 13.411864182795396 37.249784865416586 32.929415475926362 106.17665447643958 12.475883159902876 214.01089943865372 3.2196603109041462 737.29384285482229 13.40568553900812 64.305397725664079 2.640635129690053 90.251263697588001 625.1935058828094 114.50018869647465 8.3746251203119773 15.528895282186566 12.704765323229365
leaf_count=109061 5463 1593 14943 351 347 492 97 456 78 6786 1410 3878 34 581 188 536 2499 170 26293 893 47559 7191 344 672 12880 37098 6609 131 108 793
internal_value=0.000427009 -0.015173 0.00580101 0.0326974 0.0584691 0.0814608 0.000780601 0.00421382 0.0456729 0.00331434 0.00444263 0.00253182 0.0142765 0.0180999 0.00383517 0.0134472 0.00102349 0.0271198 -8.24243e-05 0.00237414 0.00336342 0.0264371 -0.00180089 -0.00248477 0.00218121 -0.0043078 0.00291453 5.5995e-05 0.0199765 0.0271156
internal_weight=2493.51 54.3367 13.3532 6.15998 3.76605 2.5431 2439.17 489.198 9.33108 479.867 458.11 384.631 73.4794 66.7218 369.004 82.6551 286.349 49.7257 1949.97 802.464 753.919 16.6253 1147.51 1083.2 304.262 778.943 153.749 138.404 23.9035 15.3454
internal_count=289534 126787 17726 2783 1190 839 162747 16713 175 16538 16082 14057 2025 1991 7271 894 6377 358 146034 61106 55643 8084 84928 84584 39173 45411 8313 6848 239 1465
is_linear=0
shrinkage=0.03


Tree=161
num_leaves=31
num_cat=0
split_feature=4 31 3 17 4 30 18 29 28 28 34 28 17 24 3 22 29 29 27 1 29 29 3 31 22 28 33 29 28 28
split_gain=13.5451 8.70519 8.41324 13.8114 13.612 9.88397 13.6831 16.5376 30.1719 15.3028 16.0328 18.4302 19.2005 15.3524 14.4689 12.699 11.7018 14.2004 31.5369 13.8265 11.8271 18.0074 19.4235 13.9918 13.387 13.0655 22.2774 21.2765 19.2746 19.5097
threshold=-2.4990284442901607 2479.698608398438 1.5261604189872744 0.071904372423887267 22.465523719787601 1.5000000000000002 3.3148498535156254 0.33222858607769018 -0.92923668026924122 -0.77245554327964772 0.015644585713744167 0.67802080512046825 -0.0098071317188441736 0.23454431444406512 -0.13212720304727552 0.85638961195945751 -0.99938741326332081 -0.99864786863327015 0.25143370032310491 23.817772865295414 -0.99465739727020253 -0.97507822513580311 0.43017786741256719 240.34812164306643 0.59420406818389904 -0.97113886475563038 3.2296010255813603 -0.091258823871612535 -0.82415616512298573 -0.75015330314636219
decision_type=2 2 2 8 2 2 8 2 2 2 2 2 10 8 2 10 2 2 2 2 2 2 2 2 10 2 2 2 2 2
left_child=-1 2 5 4 -4 16 7 -7 -9 -8 11 12 -11 14 -12 -14 -2 18 -18 -20 24 22 23 -22 -19 26 27 -23 -27 -30
right_child=1 -3 3 -5 -6 6 9 8 -10 10 13 -13 15 -15 -16 -17 17 20 19 -21 21 25 -24 -25 -26 28 -28 -29 29 -31
leaf_value=-0.021561083036865228 -0.014360329127070713 -0.011349385201777645 -0.0202891810657948 0.00042071916264979826 0.019274178116838632 7.4319673222582978e-05 -0.01592534818454629 0.082990406994467789 0.0081854973212839265 -0.014188753887371596 -0.010814240649518235 -0.02312635478046739 0.10064436785423235 -0.0084149732411619039 0.012831290110781443 -0.0042925155686286479 0.10670382331296657 -0.022216483143854295 -0.026083277514542553 0.027939787007396126 -0.00046307338190661152 0.030949306079272949 0.00042112565552168121 0.031261550690914464 0.010487808720174654 -0.018296517202478602 -0.026560280686155929 -0.0060698273402047462 0.024147822960097244 -7.1704616291680493e-05
leaf_weight=23.984959531429922 31.689894027484115 52.331495380640263 7.8448748259979757 137.07658343057847 80.60848887078464 996.47571204791893 98.194209082706948 4.9042443436628664 28.883963834814494 2.3249123041314306 32.955407378976815 3.3367115894216113 4.3520948601362743 211.99133746500593 73.699200709772413 1.189029446817585 2.7972512834239778 31.427158101112582 5.4529901237692711 11.881631170865147 15.929577277594943 44.987567232630681 51.756196664646268 56.828426043502986 16.520557521726005 46.290721451805439 9.9998959619551879 19.656543367309496 31.748304494743934 348.23630944945035
leaf_count=95301 1341 15800 1103 2500 463 28919 15074 212 4529 3019 9539 5949 2072 28550 8285 865 75 1347 536 83 1548 2685 1084 2226 735 8864 55 3876 2785 40077
internal_value=0.000416873 0.000639707 0.000904747 0.00640786 0.0155777 0.000333669 -0.00108969 0.000784225 0.0211167 -0.00559138 -0.00247617 0.0312875 0.0543744 -0.00375738 0.00549243 0.080913 0.00319346 0.0040151 0.0282406 0.0104499 0.00325004 0.00435549 0.0145177 0.0244037 -0.010964 0.00180556 0.0132957 0.0197718 -0.000232864 0.00200995
internal_weight=2485.36 2461.37 2409.04 225.53 88.4534 2183.51 1458.31 1030.26 33.7882 428.043 329.849 11.2027 7.86604 318.646 106.655 5.54112 725.203 693.513 20.1319 17.3346 673.381 625.434 124.514 72.758 47.9477 500.919 74.644 64.6441 426.275 379.985
internal_count=289497 194196 178396 4066 1566 174330 107013 33660 4741 73353 58279 11905 5956 46374 17824 2937 67317 65976 694 619 65282 63200 4858 3774 2082 58342 6616 6561 51726 42862
is_linear=0
shrinkage=0.03


Tree=162
num_leaves=31
num_cat=0
split_feature=27 15 14 28 28 31 34 31 17 31 23 27 12 5 23 18 28 15 16 14 23 31 27 11 23 31 21 24 24 11
split_gain=14.8652 5.96571 7.46172 5.96289 6.80695 22.4029 26.5273 19.7816 14.9702 14.7626 11.7996 14.4468 6.73 6.45162 8.46903 8.88831 11.8739 9.3803 8.35664 7.33955 20.2436 19.8299 10.9329 12.814 9.53021 7.0085 11.8617 8.77113 9.2718 8.28883
threshold=0.051391525194048888 1.9817013144493105 2.4748214483261113 -0.99763298034667958 -0.99467751383781422 96.344528198242202 1.145931124687195 513.0165252685548 0.090367738157510771 54.987888336181648 0.68356624245643627 0.76523298025131237 19.064690589904789 -0.2485726326704025 -1.3631240725517271 2.3614654541015629 0.34235194325447088 0.99133428931236278 -0.058635558933019631 1.2615455389022829 -0.59487923979759205 321.83653259277349 0.86111110448837291 8.0511417388916033 0.71448266506195079 281.06619262695318 -1.2635596990585325 1.19432669878006 0.55177491903305065 7.1266415119171151
decision_type=2 8 8 2 2 2 2 2 10 2 10 2 2 8 10 10 2 10 10 10 8 2 2 2 10 2 8 8 10 2
left_child=-1 2 3 12 5 9 -7 -8 10 -5 11 -9 -2 14 25 16 -16 -17 -18 20 21 -19 -21 -24 -22 26 -6 28 -27 -29
right_child=1 -3 -4 4 13 6 7 8 -10 -11 -12 -13 -14 -15 15 17 18 19 -20 22 24 -23 23 -25 -26 27 -28 29 -30 -31
leaf_value=-0.023825207149335541 -0.014004870778108022 -0.019815327007797492 0.058087034200042277 0.00069374777643921401 0.040588653365926826 -0.020073801464635551 0.10281903351201098 -0.00841354538723766 -0.028310158900713835 0.11809182531923566 -0.014384189205848254 0.10186219809415246 0.019556887254800658 -0.0010107501158788765 0.0036062345901313351 -0.0028571666194975032 0.0029085834014757474 0.10418576301426581 0.039194415388733819 -0.0092438238917941628 -0.011308475131791758 0.0090418384824801201 0.067949416747446437 0.00046092009118777177 0.035592918753059144 0.014317925135277838 0.0020042693507788989 0.076567597110017177 -0.018627225653625856 -0.0068984029580162858
leaf_weight=22.704443405251368 43.991781298929709 12.537525776380788 0.99932559214357652 1.4831714560277789 15.358258903550448 16.370253106084423 2.1391120003536335 1.3659938594792023 3.7477799112093635 1.8185865129344163 1.9021495530614627 2.3236003126949072 5.2226385772228232 1547.3982216910081 285.13567815275746 404.45436663951841 9.4511164996365569 3.4128311598906294 14.131606064009246 25.791065924393479 12.007197401020681 3.9418158652842976 3.1409377208910865 6.5522293490357697 4.5759295147727235 14.034783182549296 12.961341108923081 1.619842714921105 14.759610651730325 1.554314757348038
leaf_count=92752 5809 2008 47 95 410 2086 71 96 240 192 86 52 30 134211 6949 35030 366 304 415 3051 1093 347 104 137 405 879 959 193 995 147
internal_value=-0.000181219 4.52895e-05 0.000154448 0.000107333 0.000320268 0.0140319 0.00404039 0.0372835 0.0137808 0.0777763 0.0420068 0.0679468 -0.0101248 0.000135007 0.00226235 0.00140889 0.00534468 -0.00121632 0.0253622 0.00981452 0.0222878 0.060378 0.00101971 0.026639 0.00292167 0.012998 0.0236 0.00317525 -0.00262771 0.043835
internal_weight=2496.89 2474.18 2461.65 2460.65 2411.43 31.1506 27.8489 11.4786 9.33952 3.30176 5.59174 3.68959 49.2144 2380.28 832.883 772.595 308.718 463.876 23.5827 59.422 23.9378 7.35465 35.4842 9.69317 16.5831 60.2882 28.3196 31.9686 28.7944 3.17416
internal_count=289559 196807 194799 194752 188913 2918 2631 545 474 287 234 148 5839 185995 51784 48201 7730 40471 781 5441 2149 651 3292 241 1498 3583 1369 2214 1874 340
is_linear=0
shrinkage=0.03


Tree=163
num_leaves=31
num_cat=0
split_feature=11 18 0 2 6 28 11 33 17 31 34 29 28 34 3 33 0 17 13 29 27 28 27 28 28 31 5 3 11 33
split_gain=13.005 6.91692 6.68082 9.28282 14.3864 14.4205 12.7385 9.63428 9.40834 9.58054 8.94524 8.21857 7.95441 14.4552 7.67151 9.99259 9.33611 11.2444 9.69708 9.01017 22.3359 18.0336 18.5999 13.4928 23.8946 9.21833 8.26837 9.96282 9.27282 9.06167
threshold=0.068596407771110549 15.221649169921877 2.5000000000000004 1.9543788433074953 2.1999999284744267 0.17646842449903491 6.6552257537841806 2.7572916746139531 1.0170015096664431 240.34812164306643 0.90406817197799694 -0.81427544355392445 -0.76141706109046925 4.819486379623414 1.7961651086807253 3.2296010255813603 8.5000000000000018 0.13099800795316699 0.99183478951454174 0.63089349865913402 0.23494623601436618 -0.46801505982875818 0.50824373960495006 -0.67803022265434254 -0.49813632667064661 260.51104736328131 1.4428452253341677 -0.89771792292594899 1.744554936885834 0.7008100450038911
decision_type=2 8 2 2 10 2 2 2 10 2 2 2 2 2 2 2 2 10 10 2 2 2 2 2 2 2 8 2 2 2
left_child=-1 2 3 8 5 7 -7 12 -2 11 -8 -10 13 -5 19 16 17 -16 -19 26 -21 22 23 -22 -25 -24 28 -28 29 -4
right_child=1 -3 14 4 -6 6 10 -9 9 -11 -12 -13 -14 -15 15 -17 -18 18 -20 20 21 -23 25 24 -26 -27 27 -29 -30 -31
leaf_value=-0.024321091786686979 -0.024375987782210833 -0.026623523798979729 -0.021729886624496292 -0.0063312779913781529 -0.0049078260480533015 -0.010744164424683922 -0.00967329481636163 0.021647542853001682 0.091389919253906618 -0.013116799784675994 0.06157227750539282 -0.003660052981347835 -0.019800003098911223 0.076017715673126179 0.013286541212548332 0.023230195177423207 0.016698836636046575 -0.019878920577601097 0.027327412700786743 -0.014966875252674181 0.084221857240650982 -0.021010759915202747 -0.022204305467737388 -0.025540550100096 0.064735245516390302 0.025694795885525392 0.014456330170373644 -0.0019947417798671496 0.0030012965145923901 0.017630256788510285
leaf_weight=18.273195699890493 30.316098134237109 7.4838732868374782 24.081116219924301 7.5693997521884722 233.19127521774499 3.5367808574810615 1.5772433601086948 14.149906125850974 0.97248863594722967 4.2897682309267111 9.43431267084088 1.2734797212906404 17.205364701396324 1.5129653055919332 20.225307717279065 29.996877826750278 29.013617792632431 30.888556221092585 3.5817307757679364 16.82741121899744 7.3394783599651445 5.4594487995782393 4.8385393583448613 3.9357823359314379 5.0469715741928622 8.6921932833502069 33.258668707101606 1012.9593731037021 887.36447294001118 5.8521746145852367
leaf_count=72379 24823 15769 29742 1235 7822 618 113 236 344 3229 246 1336 1395 76 463 189 463 554 57 26119 272 1551 328 394 45 348 3322 36985 57315 1648
internal_value=0.000226572 0.000418577 0.000511842 -0.00348777 -0.00164713 0.0120219 0.0365821 0.00251623 -0.0174576 0.0136098 0.0514117 0.0529717 -0.00819752 0.0135657 0.0011237 0.00867054 0.0032405 -0.0040702 -0.0143417 0.000693884 0.0128833 0.0262014 0.0352366 0.0558679 0.0265848 0.00821694 0.000363809 -0.00145847 0.00244152 -0.0137135
internal_weight=2480.15 2461.87 2454.39 325.029 288.177 54.986 14.5483 40.4376 36.8518 6.53574 11.0116 2.24597 26.2877 9.08237 2129.36 113.706 83.7092 54.6956 34.4703 2015.66 52.1398 35.3124 29.853 16.3222 8.98275 13.5307 1963.52 1046.22 917.298 29.9333
internal_count=289416 217037 201268 41473 11741 3919 977 2942 29732 4909 359 1680 2706 1311 159795 1726 1537 1074 611 158069 29057 2938 1387 711 439 676 129012 40307 88705 31390
is_linear=0
shrinkage=0.03


Tree=164
num_leaves=31
num_cat=0
split_feature=27 4 28 28 23 3 31 14 28 29 1 31 3 28 14 34 11 29 28 28 34 11 34 6 15 33 29 22 11 27
split_gain=11.0857 11.0166 6.11899 11.7008 9.36494 9.81831 13.1436 6.77848 6.22714 19.1041 47.789 18.8026 17.1891 13.9845 16.5595 16.2288 13.289 12.0655 9.20226 19.2483 14.6518 16.9931 12.2626 12.6158 11.9853 9.26631 8.41035 12.4788 10.549 15.7532
threshold=0.051391525194048888 22.465523719787601 0.94978111982345592 0.98522606492042553 -0.30079306662082667 0.46610327064991003 710.89306640625011 1.0887333750724795 0.49812944233417517 -0.85225707292556752 17.107065200805668 247.52179718017581 -1.3391843438148496 0.51297098398208629 -1.0108563899993894 2.089918971061707 7.4728837013244638 -0.81427544355392445 0.42179998755455023 0.3903625756502152 0.63118505477905285 7.9295349121093759 1.960457503795624 6.4480795860290536 0.44019709527492529 3.5057306289672856 0.31595529615879064 -0.35015195608139033 2.0409314632415776 0.084187224507331862
decision_type=2 2 2 2 10 2 2 10 2 2 2 2 2 2 10 2 2 2 2 2 2 2 2 10 10 2 2 10 2 2
left_child=1 -1 8 -4 5 6 -5 -8 18 10 11 -10 17 15 -15 -13 -14 -11 19 26 -21 22 23 -22 -23 -20 28 -28 -2 -30
right_child=2 -3 3 4 -6 -7 7 -9 9 12 -12 13 16 14 -16 -17 -18 -19 25 20 21 24 -24 -25 -26 -27 27 -29 29 -31
leaf_value=-0.028531877557738144 -0.020655303207132936 0.027131921143381341 -0.029862369829347864 -0.021228030961776296 -0.014196673698748569 -0.0071856893375987496 0.061013476445637531 -0.014318534227846142 -0.017684490750930915 0.13732518610405431 -0.035591663635994739 -0.020996353453485578 -0.0077570159081782573 0.0026621218452040989 0.15491096598560383 0.078049800786961263 0.0098877926497574174 0.012517210398686555 -0.017194848385498614 -0.01866087467933247 0.10340511034529069 -0.024035754065432346 0.013471545476490919 -0.0037891683836274379 0.045131398095608205 0.038678446518466192 -0.0036178292966329221 0.016072274214081361 0.049332005310068004 2.3796230631421571e-05
leaf_weight=19.243896175190461 21.139019425405422 2.9805584251880637 16.116067321781884 2.3810867051506666 20.092164712885278 9.5838123458670434 6.6540709921391681 0.86066330142784853 1.3997175016265817 0.43228071223711628 4.6727812588214865 1.903722591989206 70.686005244715489 0.81406715750927139 2.857403119065566 2.7345424966188148 81.812316412368091 1.8069271700805973 38.269501685499563 4.1607387678668628 5.1776109212078172 4.557290914701297 3.4529153837065678 1.094111102633178 2.8050528899766505 1.9334447532892216 48.151522956643021 70.552768944820855 4.848213216813746 2029.2531672498735
leaf_count=92537 15715 21 9808 3585 6751 428 641 99 435 60 59 363 31738 111 241 72 2993 1072 5034 1387 256 109 182 36 55 9 11471 16307 655 86605
internal_value=0.000409982 -0.0202199 0.000604484 -0.00913831 -0.000170189 0.0142841 0.0338282 0.0517174 0.000833829 0.00636692 0.038262 0.0738094 0.00317576 0.0894651 0.128949 0.0408836 0.00171182 0.0715678 0.000412561 0.000675907 0.0284388 0.0403054 0.064417 0.0867555 0.00456256 -0.0136343 0.000391606 0.00812163 -5.85883e-05 0.000165504
internal_weight=2482.43 22.2245 2460.2 55.6879 39.5718 19.4796 9.89582 7.51473 2404.52 169.12 14.3822 9.70945 154.738 8.30974 3.67147 4.63827 152.498 2.23921 2235.4 2195.19 21.2477 17.087 9.72464 6.27172 7.36234 40.2029 2173.94 118.704 2055.24 2034.1
internal_count=288835 92558 196277 21312 11504 4753 4325 740 174965 37144 1281 1222 35863 787 352 435 34731 1132 137821 132778 2025 638 474 292 164 5043 130753 27778 102975 87260
is_linear=0
shrinkage=0.03


Tree=165
num_leaves=31
num_cat=0
split_feature=11 0 3 11 18 31 13 19 21 13 11 12 27 18 22 3 12 28 6 13 29 25 18 29 29 20 28 13 19 20
split_gain=13.7118 7.98262 10.8885 11.6748 19.2843 21.8682 16.9779 16.686 16.2165 12.2934 18.8339 13.0031 12.1356 11.8582 11.6215 11.1166 12.0594 10.2918 10.1908 9.89064 11.3426 16.1454 12.0771 10.8018 10.1475 10.9566 11.2013 10.4888 9.70808 9.58595
threshold=0.104704387485981 7.5000000000000009 1.7961651086807253 5.077341079711915 2.6401519775390629 260.51104736328131 -1.2572277784347532 -0.75932246446609486 1.2217931747436526 0.078633397817611708 10.215309143066408 1.6229605078697207 0.91935485601425182 4.2519683837890634 -0.65065595507621754 0.36075805127620703 10.127922534942629 0.091259401291608824 0.26666662096977239 1.0935167670249941 -0.10837475582957266 0.23511925339698794 3.6601562500000004 -0.24372464418411252 0.011826144531369211 0.13794960826635363 0.9990701973438264 -0.17807546257972715 -0.81077080965042103 -0.54413145780563343
decision_type=2 2 2 2 8 2 10 8 8 10 2 2 2 10 10 2 2 2 8 10 2 2 10 2 2 10 2 8 10 10
left_child=-1 -2 3 4 5 -3 -7 8 14 10 11 12 -5 -12 -8 29 -17 -18 -11 24 21 22 -21 -23 -6 26 -26 -27 -24 -15
right_child=1 2 -4 9 19 6 7 -9 -10 18 13 -13 -14 15 -16 16 17 -19 -20 20 -22 23 28 -25 25 27 -28 -29 -30 -31
leaf_value=-0.023595370074382255 -0.0010883182597489151 -0.0082761935775548523 0.015645868704925858 -9.1161196984683085e-05 -0.01044320879744888 -0.015342197460494887 0.0070799004799902074 0.017395075452233136 -0.016033805291329608 0.029595817305333932 0.0046092575597834282 -0.014742315268596214 0.045362660691820017 -0.006485432357347551 0.10604644293072234 -0.010849798057187497 0.037257313326736145 -0.0039506280617690155 -0.0045686711713536082 -0.011880237181906571 -0.016468728791994892 -0.014139342989962131 -0.0083320580383729331 0.060574824027360891 -0.019080269193763995 0.042293800405984232 0.057256766539828731 -0.0027508957619528018 0.13338266468380539 0.040228080985563443
leaf_weight=20.853898889545235 1506.150369939307 8.3219840993842826 51.894597656442784 57.968825122778071 42.010860521128052 2.8024209356372038 1.3839890474628234 6.3585126135149066 1.0801244292524703 7.0522054011817081 239.31535535794683 68.342565474100411 4.8164806729182592 4.4057134930626516 7.8749738374462916 16.633456433541141 13.767534087412061 8.3694111667573434 347.13169345349888 0.63697250705445041 3.3674129188293582 4.5410800875688437 0.37917214463232163 1.5799873471260069 11.760162277540077 11.608678301054168 1.01974428766698 7.1891815252456608 1.9139241592929459 23.662174655910349
leaf_count=81032 146010 894 756 5247 13765 304 127 336 90 747 4052 2396 129 204 619 932 92 50 10789 75 2650 1012 384 73 7787 4209 84 3437 707 921
internal_value=6.31605e-05 0.00027294 0.0024138 0.00163886 0.0105782 0.0318229 0.0485048 0.0594819 0.0815485 0.00034148 0.00370264 -0.00578072 0.00405227 0.00777003 0.0933854 0.0188524 0.00809306 0.0221803 -0.00380701 0.00341907 0.0271071 0.0433447 0.0910233 0.0109443 -0.00088825 0.011754 -0.00927606 0.0257978 0.114535 0.0329248
internal_weight=2484.19 2463.34 957.189 905.295 113.829 27.822 19.5 16.6976 10.3391 791.465 437.282 131.128 62.7853 306.154 9.25896 66.8383 38.7704 22.1369 354.184 86.0072 12.4185 9.05114 2.93007 6.12107 73.5886 31.5778 12.7799 18.7979 2.2931 28.0679
internal_count=289910 208878 62868 62112 36553 2370 1476 1172 836 25559 14023 7772 5376 6251 746 2199 1074 142 11536 34183 4901 2251 1166 1085 29282 15517 7871 7646 1091 1125
is_linear=0
shrinkage=0.03


Tree=166
num_leaves=31
num_cat=0
split_feature=8 0 2 17 31 34 34 3 23 22 22 17 15 3 4 15 3 28 8 12 23 17 15 6 16 24 24 28 12 17
split_gain=11.8865 8.10327 12.5816 12.901 12.6873 12.5641 12.7139 11.3706 11.9553 13.9169 13.0382 12.8576 11.6349 11.1467 15.9209 10.6487 12.7365 15.4872 14.8283 15.3112 10.625 13.5871 10.617 13.783 10.5874 10.4078 10.037 11.594 10.501 9.97741
threshold=0.019133803434669975 7.5000000000000009 2.356564044952393 1.9474688768386843 334.84590148925787 0.19835896790027621 0.83887034654617321 -0.37854759395122523 -0.063526663929224 1.4501642584800722 0.90782335400581371 0.3123775720596314 -1.354063034057617 1.0495780110359194 22.465523719787601 -0.36305277049541468 0.46610327064991003 0.3903625756502152 7.6316826343536386 10.828636646270754 -0.21670223772525785 0.65755513310432445 -1.4165431857109068 2.1999999284744267 0.11496323719620706 0.5865040421485902 0.90486779808998119 -0.21861968189477918 5.2326312065124521 1.0847653150558474
decision_type=2 2 2 10 2 2 2 2 8 10 10 10 10 2 2 10 2 2 2 2 10 10 8 8 10 8 10 2 2 10
left_child=-1 2 -2 5 -5 22 29 8 10 -10 12 -11 -3 25 -15 -8 17 20 19 -19 -17 26 -4 -24 -16 -9 28 -28 -22 -7
right_child=1 7 3 4 -6 6 15 13 9 11 -12 -13 -14 14 24 16 -18 18 -20 -21 21 -23 23 -25 -26 -27 27 -29 -30 -31
leaf_value=-0.020597287715233059 -0.0057431364449767501 -0.019109552279258868 0.053948936173973082 -0.00033837736666976362 0.045554570009261164 -0.010446484187241659 -0.0028961563369755573 0.0027161887959929283 -0.0030784747456112007 0.054175664660947538 -0.016921191068910591 -0.0026695926904479429 0.022561670670407066 -0.013732795535346424 0.0037173161900484809 -0.0014451284171025213 3.5104916237638238e-05 0.025508097886753012 -0.013946837172960807 0.091903690890051515 0.012580269123212071 0.031994557338523098 0.048089960339845299 0.0018767336907894426 0.018441675521958068 -0.0055579885143385499 0.040471949492121823 -0.0054323857043452137 -0.015909419458908426 0.0062899968068095523
leaf_weight=24.003477669335552 398.26395021883945 5.7546715760981888 4.6674467877019197 10.468753131106498 10.212529619457198 168.59655735455453 361.90956608689157 262.61441174874199 86.528326659783488 6.9791134748083987 8.9543432475038554 6.334220496180933 82.742956093570683 29.126940999529324 106.62396397255361 74.119409127859399 293.25586841988843 11.529617514694111 4.0356050883419803 4.0602022018283597 22.313716711709276 25.411114775110036 5.9964808024233198 34.740929799852893 74.565135687589645 283.62050558580086 12.237528433324771 7.5700413647573432 22.275691432645544 38.817925208481029
leaf_count=97725 106340 533 99 200 157 7050 7368 20182 9047 552 1196 782 8226 3369 601 1880 6268 387 110 73 727 424 217 810 421 12414 231 96 532 1302
internal_value=-1.67179e-05 0.000192018 -0.00117482 0.000464697 0.0233797 9.52655e-06 -0.000667424 0.00235547 0.00875017 0.00142045 0.0161689 0.0288329 0.0196687 0.000678505 0.00653 0.000979319 0.0039208 0.010095 0.0346382 0.0472976 0.0069645 0.0138445 0.0152848 0.00966846 0.00984483 -0.0015823 0.00630278 0.0235103 -0.00168921 -0.00729908
internal_weight=2488.33 2464.33 1510.48 1112.22 20.6813 1091.54 1046.13 953.845 197.294 99.8417 97.452 13.3133 88.4976 756.551 210.316 838.718 476.809 183.553 19.6254 15.5898 163.928 89.8081 45.4049 40.7374 181.189 546.235 64.397 19.8076 44.5894 207.414
internal_count=289319 191594 134271 27931 357 27574 26448 57323 20336 10381 9955 1334 8759 36987 4391 18096 10728 4460 570 460 3890 2010 1126 1027 1022 32596 1586 327 1259 8352
is_linear=0
shrinkage=0.03


Tree=167
num_leaves=31
num_cat=0
split_feature=27 6 31 31 12 13 29 29 29 13 29 29 29 27 29 15 20 20 22 6 27 29 25 34 29 15 27 8 8 22
split_gain=11.2975 9.43123 6.82237 9.84419 9.51668 9.65137 13.2335 7.58566 28.9834 6.81301 6.60792 15.0661 17.3377 21.8168 17.542 8.99963 6.27701 12.6936 6.69524 9.55522 8.76754 7.46914 10.4615 6.28322 6.05238 10.139 16.274 10.4482 9.08891 6.76782
threshold=0.051391525194048888 23.045776367187504 69.397317886352553 96.344528198242202 -11.796310424804686 -1.0232886075973509 -0.9852197766304015 -0.10837475582957266 -0.082691941410303102 -2.4736201763153072 -0.75013810396194447 -0.82413947582244862 -0.80417042970657338 0.79032260179519664 -0.76140165328979481 -0.67889520525932301 -0.080016355961561189 -0.13311298936605451 -0.040764627978205674 9.5779032707214373 0.67759856581687938 -0.90892156958580006 0.37793722748756414 0.18501859158277514 -0.91595870256423939 -0.23205950111150739 0.93440860509872448 5.0123167037963876 7.0213434696197519 -0.54908266663551319
decision_type=2 10 2 2 2 10 2 2 2 10 2 2 2 2 2 10 10 8 10 8 2 2 2 2 2 8 2 2 2 10
left_child=1 -1 10 4 -4 6 -6 -7 -9 -5 11 16 13 -13 -14 -12 17 24 19 20 -18 23 -23 -20 28 -26 27 -27 29 -2
right_child=2 -3 3 9 5 7 -8 8 -10 -11 15 12 14 -15 -16 -17 18 -19 21 -21 -22 22 -24 -25 25 26 -28 -29 -30 -31
leaf_value=-0.026715864680547666 0.0049214636443534786 0.034056117946488662 0.042160263371859817 -0.016769790256453303 0.059186313698858302 -0.023890722546073981 -0.0089746878203890747 0.12756662036190791 -0.021925523420040418 0.00082303156620782086 0.017135447198318624 0.14135763400051335 -0.021377528949316722 -0.0045966939822483961 0.076184008622855348 -0.010407169077071406 -0.0076114993632230227 0.067225777525398461 -0.021310050417651143 -0.010597957390640931 0.045703593819181376 -0.020921937583237561 0.060122503015081409 0.025503473358406348 -0.030699501268100695 -0.0081243026967858564 -0.024074928078888676 0.059842766868443927 -0.0033125643379368274 0.041540691902840543
leaf_weight=19.835358764947163 7.1083706995705169 1.7225896922172967 1.8910146222915489 18.991881634457968 2.5655614733695975 42.159387199018965 8.4097143397812015 0.51728695220663201 4.2005898016068377 2208.4588142362481 14.112206520207108 1.7749730416107923 4.3008159690652974 1.2885359001811594 1.4364560669637265 35.467623185788398 3.6964540602348297 2.8074198808171777 21.933712291443957 8.8877129431348276 7.7357649030163884 1.9856451899686387 2.0397764490335248 2.0588223636150351 6.615912797045894 2.7205188904190454 5.7340804932173342 5.1458729528822005 11.430328851565717 13.230377966421658
leaf_count=92551 260 21 210 1534 106 3328 608 65 820 178662 1690 96 284 44 72 5466 253 49 927 120 217 179 44 13 254 137 73 52 157 483
internal_value=0.0005687 -0.0205654 0.00076308 0.000340917 -0.0115751 -0.014018 0.0105704 -0.0198754 0.0139089 0.000665572 0.00670252 0.0107127 0.0463274 0.0939444 0.0107314 -0.00238376 0.00725782 0.0141139 -0.000642412 0.0121351 0.0292393 -0.0100081 0.023937 -0.0164332 0.0100311 -0.00275107 0.0120158 0.0380718 0.0180008 0.0295727
internal_weight=2470.26 21.5579 2448.71 2287.19 59.7436 57.8525 10.9753 46.8773 4.71788 2227.45 161.511 111.932 8.80078 3.06351 5.73727 49.5798 103.131 54.7929 48.3379 20.3199 11.4322 28.018 4.02542 23.9925 51.9855 20.2164 13.6005 7.86639 31.7691 20.3387
internal_count=288775 92572 196203 185333 5137 4927 714 4213 885 180196 10870 3714 496 140 356 7156 3218 1465 1753 590 470 1163 223 940 1416 516 262 189 900 743
is_linear=0
shrinkage=0.03


Tree=168
num_leaves=31
num_cat=0
split_feature=6 21 28 31 28 2 23 29 20 15 31 4 0 0 14 28 6 28 28 2 18 31 16 22 14 3 27 34 14 4
split_gain=12.668 6.90442 5.9469 8.78568 7.54791 11.2051 6.21512 6.20011 8.40146 5.73787 9.84726 15.1874 8.21955 12.8378 8.01419 10.0995 7.46579 6.70666 26.1061 31.01 18.6218 14.4312 13.8835 11.9718 10.5683 9.25747 8.01802 7.88739 10.3274 9.1034
threshold=0.017307694070041183 -2.7952520847320552 0.94425827264785778 710.89306640625011 0.99818283319473278 2.0920194387435918 -0.20750824362039563 -0.013976481743156908 0.74291762709617626 -1.8199686408042905 116.6488609313965 29.089617729187015 2.5000000000000004 6.5000000000000009 -2.1116474866867061 -0.59869033098220814 0.54523837566375744 0.49812944233417517 0.52766072750091564 2.8561118841171269 6.7964630126953134 247.52179718017581 0.42807403206825262 0.62006792426109325 -0.79321300983428944 -1.3391843438148496 0.81953403353691112 7.4628975391387948 -0.29904058575630182 5.4861268997192392
decision_type=8 10 2 2 2 2 8 2 10 10 2 2 2 2 10 2 10 2 2 2 8 2 10 10 8 2 2 2 8 2
left_child=-1 -2 9 -4 -5 6 -6 8 -7 10 12 -12 -3 -14 15 16 -11 -16 19 20 21 -19 23 24 -23 -20 27 28 -27 -30
right_child=1 2 3 4 5 7 -8 -9 -10 14 11 -13 13 -15 17 -17 -18 18 25 -21 -22 22 -24 -25 -26 26 -28 -29 29 -31
leaf_value=-0.0207841514036829 -0.024375804337496049 -0.01782698285243401 -0.023922353239324085 -0.010939057401286388 0.061455776789293003 -0.01985136088330175 -0.000596462978348435 -0.023599763678955894 0.046669765912507814 -0.017974322701568204 -0.02377962627803459 0.0083224927367294057 0.066087722597047829 -0.010801371553411876 0.00051607788291447134 -0.0084039805274357306 0.049718536175039275 -0.013595288352790533 0.057636926618001259 -0.0094112421168276224 -0.017221848489529887 0.032647529614450471 -0.00068788289556428561 0.020120080940957293 0.16468858356277782 -0.0065454432699295949 -0.026931559758352912 -0.017356207070561114 -0.0021173526965391964 0.01862469368823369
leaf_weight=24.381193635592354 8.9859239831712312 3.1127726607955974 20.72055011424527 24.179392368998379 4.0970667354995385 2.3317646522191353 2.0050955891492803 5.8118132463423517 2.7859007113147527 1.218797172885387 36.796910032891901 19.795837830752134 3.8028813256532885 2.8816792607831303 2138.3903191321588 5.7304690676828605 8.1242762452020525 0.81027406980865357 1.7268953509046685 5.9509414490312329 1.3369691718253314 1.3012836268171666 0.97207472762966052 1.3092943794326855 3.2508039616368478 39.974558921254356 7.2510407593799746 13.660764625878071 28.151602955622366 56.665435515111312
leaf_count=97475 1140 104 12096 3557 233 59 246 250 56 138 4753 102 189 249 132302 443 256 187 661 78 971 59 144 142 209 10616 679 577 19707 1882
internal_value=0.00030163 0.000519581 0.00062104 -0.00848229 -0.000336339 0.014488 0.0438531 -0.00420891 0.0180701 0.000861164 -0.00776906 -0.0126009 0.0187237 0.035849 0.00111182 0.022223 0.040004 0.000963916 0.00682291 0.0433114 0.0756899 0.0920535 0.104717 0.11975 0.139621 0.00286048 0.0018228 0.00351106 0.00591518 0.0117958
internal_weight=2477.51 2453.13 2444.15 61.9316 41.211 17.0316 6.10216 10.9295 5.11767 2382.22 66.3901 56.5927 9.79733 6.68456 2315.83 15.0735 9.34307 2300.75 162.362 14.9316 8.9807 7.64373 6.83346 5.86138 4.55209 147.43 145.703 138.452 124.792 84.817
internal_count=289560 192085 190945 16497 4401 844 479 365 115 174448 5397 4855 542 438 169051 837 394 168214 35912 1790 1712 741 554 410 268 34122 33461 32782 32205 21589
is_linear=0
shrinkage=0.03


Tree=169
num_leaves=31
num_cat=0
split_feature=6 27 8 19 14 17 16 28 17 15 29 19 28 29 16 8 29 22 19 29 19 18 16 28 27 5 20 29 15 15
split_gain=12.7414 7.61224 6.75138 7.67735 8.00725 9.7085 10.3361 10.1643 9.63132 8.68759 8.31624 13.8126 11.7775 13.4803 29.7936 10.7067 10.6266 10.5448 10.4609 8.66847 12.0091 8.11584 7.80343 7.80088 7.7744 7.38222 7.19821 7.77592 7.12312 7.0938
threshold=0.19171272218227389 0.095445919781923308 24.131349563598636 0.6002490520477296 0.3363588303327561 2.2921611070632939 -0.3015496283769607 -0.65234524011611927 -0.24885680526494977 -0.6903390884399413 -0.94703993201255787 1.2574144005775454 -0.75015330314636219 -0.63919836282730091 0.21034931391477588 3.1787776947021489 -0.51296770572662342 0.32403694093227392 0.83634811639785778 -0.17646729946136472 0.88233414292335521 3.5847167968750004 -0.31550465524196619 -0.31799228489398951 0.74731183052062999 4.4101769924163827 0.93556824326515209 -0.97507822513580311 1.9817013144493105 0.34776774048805242
decision_type=8 2 2 10 10 10 8 2 10 10 2 10 2 2 10 2 2 8 10 2 10 10 8 2 2 8 10 2 8 8
left_child=1 -1 3 28 5 6 7 -5 9 24 18 12 13 14 -12 -14 -15 19 -6 20 -18 29 -9 -24 -8 -21 27 -11 -2 -17
right_child=2 -3 -4 4 10 -7 8 22 -10 26 11 -13 15 16 -16 21 17 -19 -20 25 -22 -23 23 -25 -26 -27 -28 -29 -30 -31
leaf_value=-0.028407118307256715 -0.00051209393325774856 -0.006351956683785874 0.0080428239478642135 -0.010652273327624589 -0.0028098345076318244 0.039242139942566916 0.025691428851578629 0.008507450466010048 -0.013945167508603255 0.036228082258470642 -0.023188820758103464 -0.0057812461919578093 -0.019503051856271485 -0.013983507893244485 0.1358030964651471 0.026939526511901884 0.077608972580198887 -0.0063759462733478578 0.024644547377950653 -0.018014004608049299 0.016705217385293587 0.021963828707091172 0.09614779593673195 0.0023696939782995221 -0.010499374410063282 0.033424689196801603 -0.025290449652896368 -0.0050025767800900246 -0.027509059147509576 -0.021437635303987075
leaf_weight=17.723773232879466 1810.0198118929693 60.600924630038207 103.42772729753051 25.977932476889691 16.949240965244826 4.5797799061983815 17.810394232161347 90.885224724464933 71.041796572026215 3.9238549337605937 1.3357377832289778 68.894288714480354 13.537463025102623 6.8404455576091996 1.6889447353314606 2.8379667436238361 6.3057903792650922 6.5216635440010604 44.542126420594286 3.7474549687467489 6.0046886430354789 21.224192835419672 0.87314894270093679 1.4819647989206703 6.8170624369522548 4.5077456847793664 11.790241069946203 24.183299322379757 7.8394543545582556 8.7765463935211283
leaf_count=98387 114618 35980 834 2213 591 94 1896 6333 3890 243 40 6511 4077 484 77 61 414 696 1793 676 391 958 20 111 257 333 1963 3712 1439 202
internal_value=0.000191278 -0.0116379 0.000582932 0.000242783 0.0036429 9.51052e-05 -0.000759233 0.00565898 -0.00640357 0.00198583 0.00792801 0.00411379 0.0122663 0.0246622 0.0772742 0.00207721 0.0178937 0.0261551 0.0171533 0.0362884 0.0513888 0.0112869 0.0102683 0.055432 0.0156548 0.0106507 -0.00662806 0.00180026 -0.000643578 -0.00841832
internal_weight=2472.69 78.3247 2394.37 2290.94 473.079 259.365 254.785 119.218 135.567 64.5249 213.714 152.223 83.3286 36.9525 3.02468 46.3762 33.9278 27.0873 61.4914 20.5657 12.3105 32.8387 93.2403 2.35511 24.6275 8.2552 39.8974 28.1072 1817.86 11.6145
internal_count=289294 134367 154927 154093 38036 20732 20638 8677 11961 8071 17304 14920 8409 3111 117 5298 2994 2510 2384 1814 805 1221 6464 131 2153 1009 5918 3955 116057 263
is_linear=0
shrinkage=0.03


Tree=170
num_leaves=31
num_cat=0
split_feature=6 17 15 11 28 3 25 34 34 21 3 5 27 27 29 17 18 28 29 6 30 25 15 27 29 27 28 33 28 25
split_gain=10.1361 6.12805 15.0413 9.79092 8.02299 8.04618 7.26671 5.75161 7.83772 5.38717 5.52247 14.3827 15.5661 6.70375 7.71144 17.663 15.841 13.179 12.6678 12.6318 17.7082 10.0298 9.22762 10.2166 8.43818 12.73 30.5075 28.9599 11.8686 13.9419
threshold=0.017307694070041183 -1.6810976862907407 -0.71754196286201466 12.678295135498049 -0.50556187331676472 0.20689073204994204 0.3562025278806687 1.2466762065887453 0.6019783914089204 -2.7952520847320552 1.7961651086807253 23.231354713439945 0.40985663235187536 0.051391525194048888 0.31595529615879064 -0.31597687304019922 7.5586090087890634 -0.92923668026924122 0.48877522349357611 10.37556838989258 2.5000000000000004 0.064204912632703795 -0.13135910034179685 0.084187224507331862 0.097680736333131804 0.1474910452961922 0.67802080512046825 0.001941387774422765 -0.99630266427993763 0.17594589293003085
decision_type=8 8 10 2 2 2 2 2 2 10 2 8 2 2 2 10 8 2 2 10 2 2 8 2 2 2 2 2 2 2
left_child=-1 2 7 6 -5 -6 -4 8 -2 -3 13 12 -12 -11 24 21 17 19 -18 20 -17 -16 23 -20 25 26 27 -15 -29 -30
right_child=1 9 3 4 5 -7 -8 -9 -10 10 11 -13 -14 14 15 16 18 -19 22 -21 -22 -23 -24 -25 -26 -27 -28 28 29 -31
leaf_value=-0.019030704808538898 0.0031944148394993459 -0.024220144746940831 -0.009982255383488927 0.025625192758735774 -0.028731325425902166 0.0088102209246680215 0.030371423899656309 -0.0061578834306792955 0.048588899224051824 -0.026544768237005318 -0.012247761039777268 0.01614739620819813 0.017905073803262592 0.0092450047923535155 0.050371377774010115 -0.020254737976976949 -0.0058692014172933649 0.00500044619293311 -0.0077723915027374021 -0.022555429722830127 0.069882281321356973 -0.02410813903378391 0.0028612409001477824 0.14654984987193698 -0.01169011433455697 -0.00039937642120574916 -0.026359974516026154 -0.012042552271959611 0.12681606335712114 0.00058295486827404273
leaf_weight=23.299672299748636 4.8295092397747856 7.1730215893185223 49.05657333182171 20.243015132960863 5.360582594585142 25.786397106363438 3.399956857203505 3.0556960039539254 12.136724034382494 7.6505722984293234 50.459946660295827 64.748919631587341 21.018083825707436 8.6846628465573321 0.85550687350041954 2.0260668116970901 1.3848240913648617 64.808243926236173 0.34631968324538309 1.9650863585993636 7.9063520508061629 17.150290494959336 0.78023886586015612 1.3472937974729573 57.659726238227449 1998.9234946765646 7.0336594849359235 0.64488412279752072 4.0541892868932328 0.94374479155521829
leaf_count=97471 889 1033 7855 269 166 236 326 100 269 27867 1479 521 101 3744 646 569 1556 13788 204 38 256 7516 260 136 10532 102504 8541 75 338 147
internal_value=0.000249836 0.000440773 0.00691531 0.00220854 0.0114068 0.00165633 -0.00684752 0.0300613 0.0365642 9.33893e-05 0.000178951 0.0060166 -0.00325662 -0.000187732 -8.29377e-05 0.00807288 0.0140738 0.010595 0.0668141 0.0383194 0.0513248 -0.0181053 0.0974783 0.123823 -0.000473518 -0.000147766 0.0223622 0.0464402 0.0936766 0.107051
internal_weight=2474.73 2451.43 123.868 103.847 51.39 31.147 52.4565 20.0219 16.9662 2327.57 2320.39 136.227 71.478 2184.17 2176.51 98.5702 80.5644 76.7057 3.85868 11.8975 9.93242 18.0058 2.47385 1.69361 2077.94 2020.28 21.3611 14.3275 5.64282 4.99793
internal_count=289432 191961 10110 8852 671 402 8181 1258 1158 181851 180818 2101 1580 178717 150850 24969 16807 14651 2156 863 825 8162 600 340 125881 115349 12845 4304 560 485
is_linear=0
shrinkage=0.03


Tree=171
num_leaves=31
num_cat=0
split_feature=27 5 20 11 17 24 21 3 6 11 25 27 29 18 11 23 34 14 21 31 8 34 24 11 29 34 31 11 29 2
split_gain=11.6135 7.07036 7.03555 14.4593 6.41124 12.5888 13.4032 9.75071 8.36693 9.31623 8.50201 11.0554 7.34456 17.6977 14.3949 13.4237 10.3229 9.38691 10.1255 8.74064 13.8631 7.22971 6.97462 6.6586 7.19228 8.7739 11.5663 11.3477 8.56785 6.99888
threshold=0.051391525194048888 23.231354713439945 -1.6795750856399534 16.823272705078129 -1.5694605112075803 0.76105567812919628 0.43705105781555181 1.5261604189872744 1.2461133003234866 3.1809537410736088 0.18311160802841189 0.68297490477561962 0.48877522349357611 11.163238525390627 1.2318025231361391 -0.34913183748722071 1.2787274122238161 1.3148477673530581 0.085333853960037245 390.69824218750006 4.3094825744628915 1.539660692214966 0.39459279179573065 13.095233440399172 0.87709078192710888 0.70089909434318554 281.06619262695318 3.4365879297256474 0.85561370849609386 3.5116205215454106
decision_type=2 10 10 2 10 10 10 2 8 2 2 2 2 8 2 10 2 10 10 2 2 2 10 2 2 2 2 2 2 2
left_child=1 -1 3 -2 5 6 7 -4 -8 -10 -11 -12 14 16 -6 -15 17 18 19 23 -21 -13 -20 24 25 26 27 28 -14 -27
right_child=2 -3 4 -5 12 -7 8 -9 9 10 11 21 13 15 -16 -17 -18 -19 22 20 -22 -23 -24 -25 -26 29 -28 -29 -30 -31
leaf_value=-0.027351792701737626 -0.013368820092895245 0.031862485222612716 -0.018461035824535232 0.0092899882775626004 -0.020447129053502829 0.025810468891893576 -0.020495634143164309 0.02686899965440593 0.077896964357735507 -0.0098943264406886385 0.00062122279387567445 0.052404596117569875 -0.0034501692338689046 0.13873006613953026 0.00035296050387773704 -0.011343263119186044 -0.010284672172723577 -0.026973255297635432 -0.018202857881717049 0.01424896867088305 0.084716543546996412 0.007697259799999202 0.013688723343394401 -0.019822027873108435 -0.014124850489931609 -0.022860176012998362 -0.021166763541379318 0.069056767459272334 0.046776066981976332 0.024893250869485951
leaf_weight=18.146249181132593 84.228862639894942 1.1721236184239376 29.127411567300442 35.248672707821243 29.378639872287749 25.720146333042067 5.1377447153790845 4.0732040745206168 1.221870586319709 9.6557491262792592 12.449433185043747 9.824453550972974 6.3224672894284684 0.59654142592626158 2095.4261960648873 0.59740305389277526 24.390376020804979 4.3451014677848425 11.031600242684364 6.3300514352304145 3.8054337173234671 5.2147134951082981 11.68668608862208 3.6527506898855782 4.4478486288280683 4.8770483736880106 2.35242296787328 7.467538558819796 4.6968755988345947 4.2121273428201675
leaf_count=92733 8971 8 5914 419 41170 396 3137 119 496 364 890 220 1627 236 109539 348 3297 1991 6168 3216 163 102 2458 83 3136 123 1460 388 200 22
internal_value=0.000219715 -0.0223677 0.000407061 -0.00666232 0.000772573 0.00807427 0.00187144 -0.0122767 0.012702 0.0175554 0.0135803 0.0218839 0.000433068 0.00830427 5.58846e-05 0.0926954 0.00638162 0.0118492 0.0145711 0.0222266 0.0459383 0.0383491 -0.00191181 0.0148918 0.0190365 0.0242621 0.0345704 0.0423852 0.0200688 -0.000456288
internal_weight=2466.84 19.3184 2447.52 119.478 2328.04 102.425 76.7046 33.2006 43.504 38.3662 37.1443 27.4886 2225.62 100.812 2124.8 1.19394 99.6183 75.228 70.8829 48.1646 10.1355 15.0392 22.7183 38.0291 34.3763 29.9285 20.8393 18.4869 11.0193 9.08918
internal_count=289394 92741 196653 9390 187263 11638 11242 6033 5209 2072 1576 1212 175625 24916 150709 584 24332 21035 19044 10418 3379 322 8626 7039 6956 3820 3675 2215 1827 145
is_linear=0
shrinkage=0.03


Tree=172
num_leaves=31
num_cat=0
split_feature=8 3 28 28 8 29 23 16 8 17 12 14 31 21 31 17 3 4 28 1 28 14 14 28 18 17 0 16 24 1
split_gain=8.8942 10.3849 6.06481 7.54579 14.7226 10.4648 14.9951 13.1947 14.4671 21.7506 17.3046 12.6578 14.5961 9.63199 8.6319 8.02267 7.9654 11.0318 9.41071 14.9766 9.84859 17.301 13.9753 13.3533 9.90761 8.58385 9.15824 7.50533 8.97811 8.67782
threshold=0.020595502108335498 -1.6931967139244077 -0.99763298034667958 -0.96689236164093006 0.34717598557472235 -0.21022038161754605 -0.20750824362039563 0.185980960726738 8.9200258255004901 0.80235156416893016 -3.6760371923446651 1.3369188308715823 513.0165252685548 -2.3061984777450557 3477.741088867188 1.0312479734420779 1.638525187969208 22.465523719787601 -0.9413962960243224 26.97043609619141 -0.92923668026924122 -1.0278757214546201 -1.5176128745079038 -0.8940606117248534 3.0408477783203129 0.13099800795316699 8.5000000000000018 -0.32239340245723719 0.084266375750303282 0.84490612149238598
decision_type=2 2 2 2 2 2 10 8 2 8 2 8 2 10 2 10 2 2 2 2 2 8 10 2 10 10 2 8 10 2
left_child=1 -1 -2 4 15 6 7 8 9 10 -6 12 -12 -9 16 -4 18 -18 19 -5 21 22 -20 -22 -24 -19 -27 28 29 -25
right_child=2 -3 3 14 5 -7 -8 13 -10 -11 11 -13 -14 -15 -16 -17 17 25 20 -21 23 -23 24 27 -26 26 -28 -29 -30 -31
leaf_value=0.040517371632868761 -0.010576997244957233 -0.024718980214165315 0.050565437656667163 -0.022397325165038038 -0.016395061694535494 0.00045690117316642966 -0.0069830688150023627 0.043279101749630088 0.00054270028269435059 -0.0074679923640076692 0.13506134376055384 0.0055749615299270387 0.01664939224238992 -0.024885568631029847 -0.025142782926902762 -0.017540613285054706 -0.022548051975252347 0.016321849171999196 0.0015206548714919057 0.017878612273669998 -0.017954262658703885 -0.0047340418407834728 0.096187038829948807 -0.018826548752290461 0.0045859589397977876 -0.0033186941179275259 0.019259045222268168 -0.0016636535747326234 0.0014975688046632689 0.023653614663156332
leaf_weight=1.5381337881553943 48.495321287162369 20.963237838295754 8.120798035131882 37.754228983496432 1.0618056948878809 171.08430466733989 13.280590760899939 1.7549537899903951 4.589508370961993 2.8505921815522042 4.9107600012503063 1.247949009237346 1.4808965527336111 4.8001528158783939 11.715118642357991 1.3565400169900375 10.41171708589536 64.396699838340282 3.6801765757118119 9.7675610277801734 38.873175501677906 11.821293976623567 3.8647540321690013 4.3215085041738339 1.4926962977042419 68.424682839773595 20.091464946046472 1325.8577255628334 555.60600252766744 27.89180122417747
leaf_count=656 5131 97769 1817 5631 77 10807 955 38 67 205 219 55 77 262 7460 476 1668 385 199 64 5306 1664 126 7715 172 429 114 103850 32721 3427
internal_value=-0.000357162 -0.0187253 -0.000181681 3.15773e-05 0.00536127 0.0035875 0.0180597 0.0323894 0.0462402 0.0629058 0.0843536 0.0986333 0.11359 -0.00332334 -0.00049617 0.0400733 -0.000352535 0.00599962 -0.000868607 -0.0139212 -0.000547395 0.0194785 0.0484651 -0.000771191 0.0754009 0.00807728 0.00196392 -0.00041295 0.00240611 0.0175595
internal_weight=2483.51 22.5014 2461 2412.51 216.539 207.062 35.9772 22.6966 16.1415 11.552 8.70141 7.63961 6.39166 6.55511 2195.97 9.47734 2184.26 163.325 2020.93 47.5218 1973.41 20.8589 9.03763 1952.55 5.35745 152.913 88.5161 1913.68 587.819 32.2133
internal_count=289542 98425 191117 185986 15055 12762 1955 1000 700 633 428 351 296 300 170931 2293 163471 2596 160875 5695 155180 2161 497 153019 298 928 543 147713 43863 11142
is_linear=0
shrinkage=0.03


Tree=173
num_leaves=31
num_cat=0
split_feature=11 15 3 0 4 18 0 25 3 5 16 30 31 14 12 23 6 31 1 17 16 15 16 18 22 13 34 8 1 11
split_gain=8.9374 7.10585 7.16298 16.0421 17.3169 10.0766 10.4185 13.4476 15.0844 15.9313 16.1596 13.1311 11.8817 11.8561 14.6004 11.7503 10.975 10.7316 10.076 9.41882 9.14645 8.78652 8.66434 8.89113 8.491 8.4253 8.38344 10.4882 8.47191 13.4036
threshold=0.068596407771110549 1.9817013144493105 1.5261604189872744 5.5000000000000009 22.465523719787601 3.7730560302734379 5.5000000000000009 0.20491947978734973 -0.65812867879867543 -1.0000000180025095e-35 -0.36329956352710718 1.5000000000000002 710.89306640625011 0.66414472460746776 -2.2151319980621333 0.22313037514686587 0.43722346425056463 408.92024230957037 30.305106163024906 1.2152735590934756 0.38228306174278265 1.9172719120979311 -0.74024245142936695 5.5553131103515634 -1.5700607895851133 0.22754880040884021 0.81931981444358837 2.0298682451248173 3.9227485656738286 8.1816854476928729
decision_type=2 8 2 2 2 10 2 2 2 8 10 2 2 10 2 8 10 2 2 10 8 8 8 10 10 10 2 2 2 2
left_child=-1 2 5 -4 -5 21 -7 8 9 -8 -11 13 -13 14 22 20 -10 19 25 26 -12 -2 23 -9 -14 -6 27 28 -18 -30
right_child=1 -3 3 4 18 6 7 11 16 10 15 12 24 -15 -16 -17 17 -19 -20 -21 -22 -23 -24 -25 -26 -27 -28 -29 29 -31
leaf_value=-0.021440807552255175 0.0012423976409882975 -0.021236385803855409 -0.0031398837218621131 -0.01979347875515931 0.016036523880095369 -0.0087651888087227608 0.0090055751022278356 -0.01269315699823801 -0.014119703057981079 -0.0085208969592431311 0.13221910453092034 -0.015260138296183626 0.044723097936116327 0.014760782434761199 -0.011199877103606674 0.0077929423630984877 0.015933589823393345 -0.0081284757237827885 0.010295978521888068 -0.018918922649768508 0.0047343803783761436 0.047431179643848409 0.0036308753644811375 0.051976087837534844 -0.00067023929433876353 0.047590529112465793 0.044918485840111794 -0.0027615151317424021 0.11815880603769695 -0.013234426668571178
leaf_weight=15.812382294832785 1579.0337781024064 12.454205841793735 109.85567555698799 12.991768724488791 20.108072167262435 200.4100760101428 10.385256955138173 2.1654997514560801 21.654684072091186 1.7436850775993669 2.8543968587910062 105.76073597572395 3.133648402261314 47.241542531293817 75.764238954507164 1.3667338778323035 6.6443730442697433 18.258117566918372 93.761691726744175 4.3783547332568551 0.67091336612065866 2.7162686720985212 50.540178610448493 6.0369891948066652 35.806284025515197 13.137971902266143 11.233956604264675 14.413383446255464 1.2186635610414667 0.75242102821357537
leaf_count=72720 61403 2538 2168 1625 139 74543 2256 175 26426 850 918 15860 122 4019 7424 799 3475 3177 524 593 390 140 3375 272 1696 84 236 1295 173 67
internal_value=0.000358572 0.000506957 0.00062591 0.00542934 0.0121281 7.92016e-05 -0.00315132 -0.000471003 0.00936779 0.0341342 0.0671319 -0.00337133 -0.0100822 0.00199752 -0.00256104 0.0909666 0.00363982 0.0105259 0.0155225 0.0193228 0.114365 0.00135163 0.00858199 0.035379 0.00401104 0.0295314 0.0246076 0.0132424 0.0375192 0.0804293
internal_weight=2482.31 2466.49 2454.04 249.855 140 2204.18 622.434 422.024 95.5749 17.021 6.63573 326.449 144.701 181.748 134.507 4.89204 78.554 56.8993 127.008 38.6412 3.52531 1581.75 58.7427 8.20249 38.9399 33.246 34.2628 23.0288 8.61546 1.97108
internal_count=289482 216762 214224 4540 2372 209684 148141 73598 40655 5213 2957 32943 17678 15265 11246 2107 35442 9016 747 5839 1308 61543 3822 447 1818 223 5246 5010 3715 240
is_linear=0
shrinkage=0.03


Tree=174
num_leaves=31
num_cat=0
split_feature=2 18 18 28 28 31 12 2 34 4 28 28 0 34 11 3 28 19 8 24 31 11 34 3 15 24 19 25 6 34
split_gain=14.8544 7.23634 6.13164 9.86313 12.3896 21.4662 17.5951 9.40158 11.6501 8.96808 8.08497 8.3138 7.14275 13.4032 11.7858 11.1321 14.6599 12.3885 9.76439 16.6923 13.2689 9.2512 9.19418 7.36988 9.41369 13.1831 14.5293 10.1924 10.164 11.8351
threshold=0.004203430376946927 13.304382324218752 2.1895446777343754 -0.9413962960243224 -0.85227432847022999 710.89306640625011 -1.1120645999908445 2.876439213752747 0.94135093688964855 9.678965091705324 -0.8940606117248534 -0.93545487523078907 3.5000000000000004 1.7141346931457522 6.7669312953948983 -0.25294324755668635 0.022575936280190948 -0.55164793133735646 3.8605737686157231 0.077697008848190321 370.20425415039068 13.899862766265871 1.0826733112335207 -0.25294324755668635 0.91429477930068981 0.48644058406353002 0.34669262170791632 0.24895898997783664 16.084734916687015 0.18501859158277514
decision_type=2 8 10 2 2 2 2 2 2 2 2 2 2 2 2 2 2 10 2 10 2 2 2 2 10 10 10 2 8 2
left_child=-1 2 3 -2 5 7 9 -5 -9 -7 11 -8 13 18 -15 16 -16 -17 -4 20 -20 -19 -21 24 -14 -26 27 -27 29 -29
right_child=1 -3 12 4 -6 6 10 8 -10 -11 -12 -13 23 14 15 17 -18 21 19 22 -22 -23 -24 -25 25 26 -28 28 -30 -31
leaf_value=-0.024117315455330635 -0.0085667033273957652 -0.022553660163324545 -0.017503470818506641 -0.025329367828094067 0.0023114038825284788 0.10035293351736135 0.041585318582548804 0.048936407923812576 -0.012560546279659034 0.030818540157704379 0.036203506279725156 -0.01868031075337364 0.0016500501629641254 -0.022913217585559583 -0.011097234837341149 0.031967256209553485 0.059329353686983964 -0.018027529194292465 0.0083524890177415594 -0.0016619231276982034 0.093973339731936348 0.0080534707963209554 -0.018545567199626401 -0.0012394805020306489 0.0036796991370922228 -0.0079114428460876404 0.080715420869751697 -0.0076361265212762375 -0.007841902171801602 0.079991138329727041
leaf_weight=22.300979043146071 67.32910365187854 11.792967182889695 76.56681618206494 9.5247717554739229 642.99484690162353 3.7449160148389655 1.778516616846902 3.9054667362943274 5.6628560009412467 4.6039242302067578 8.3699300203006697 7.0142441991483793 268.76783059198351 10.596272494847652 3.5676576557452773 10.90577312291134 7.0174774606712162 18.969083799805958 4.8997842903481788 99.874238510907162 1.6214503419760147 30.666977189248428 40.056037886766717 1045.4932892068464 33.331794063502457 6.8866636433813282 3.8032614592666496 1.6560878549935267 2.7029673123615803 4.3203677509445697
leaf_count=102255 3419 15193 33198 975 12399 97 50 74 69 61 126 294 37746 3733 218 366 99 889 395 6026 162 456 1401 61219 5608 1543 361 388 173 377
internal_value=-0.000277809 -4.99837e-05 6.86252e-05 0.00231092 0.00338694 0.0185006 0.0359818 -0.00548542 0.0147958 0.0694066 0.016796 -0.0034886 -0.000944754 -0.00508995 0.00525736 0.00971362 0.0366835 0.00447875 -0.00888819 -0.00429584 0.0393053 -0.00207291 -0.00659229 -1.76049e-05 0.00394774 0.0154167 0.0344421 0.0189463 0.0388723 0.0580954
internal_weight=2460.73 2438.43 2426.63 754.929 687.599 44.6046 25.5115 19.0931 9.56832 8.34884 17.1627 8.79276 1671.7 304.742 81.7232 71.127 10.5851 60.5418 223.018 146.452 6.52123 49.6361 139.93 1366.96 321.469 52.7011 19.3693 15.5661 8.67942 5.97646
internal_count=289370 187115 171922 17564 14145 1746 628 1118 143 158 470 344 154358 46943 5761 2028 317 1711 41182 7984 557 1345 7427 107415 46196 8450 2842 2481 938 765
is_linear=0
shrinkage=0.03


Tree=175
num_leaves=31
num_cat=0
split_feature=8 27 17 11 15 15 6 11 6 31 8 15 23 16 23 13 33 14 18 28 22 2 25 28 28 14 30 28 28 28
split_gain=11.2351 8.15078 8.34428 7.83637 7.73994 12.4555 11.8807 7.65523 7.35191 8.58577 7.07336 8.08132 6.4449 6.33104 6.20569 5.83091 17.2667 13.2484 9.24829 8.81979 13.7937 9.16978 8.21147 8.18808 15.8329 17.9447 13.5055 10.5008 19.3026 19.1199
threshold=0.55959579348564159 0.084187224507331862 0.72260525822639476 5.7373628616333017 -1.1694180369377134 -0.39406639337539667 0.23386758565902713 14.173423767089846 2.3947629928588872 513.0165252685548 0.033651005476713187 0.59401768445968639 2.2253229618072514 0.38228306174278265 -0.87901455163955677 -1.1103193759918211 1.8158177733421328 -1.5176128745079038 9.1181182861328143 0.022575936280190948 -0.29992359876632685 3.5116205215454106 0.28790183365345007 0.3903625756502152 0.42179998755455023 -0.14177291840314862 2.5000000000000004 0.46800856292247778 0.52766072750091564 0.51297098398208629
decision_type=2 2 10 2 10 10 8 2 10 2 2 10 10 8 10 8 2 10 10 2 10 2 2 2 2 10 2 2 2 2
left_child=1 -1 12 4 -4 6 -6 -5 9 13 11 -7 -3 14 -8 16 17 18 -2 -18 -21 -22 -20 -17 25 -25 -27 -26 29 -29
right_child=15 2 3 7 5 10 8 -9 -10 -11 -12 -13 -14 -15 -16 23 19 -19 22 20 21 -23 -24 24 27 26 -28 28 -30 -31
leaf_value=-0.024750774997331016 -0.009821844265721651 -0.01145055728804896 -0.018557020188719877 -0.019349665439527573 -0.015344865032144349 -0.015631425737301141 -0.0050965863147810686 0.028709073374340796 -0.00019012937050181812 0.0037677332332336517 -0.00841147796196688 0.070461526536355429 0.03684267586157576 -0.0058330693769238131 0.14355379722861888 -0.00057237248042763184 0.0077098781806283065 0.0059911282738250304 -0.00068278434967663723 -0.0039055969572970453 0.055010019611734809 0.019181415559887439 0.083022699277642803 -0.0090152531804369735 -0.016783327936732172 -0.0023548853474088102 0.069682419283527725 0.011538832065125104 0.0018673841114260391 0.072121041527830693
leaf_weight=21.274505421453796 107.16577473832876 77.446941059839446 3.0354605732281916 11.495998432452323 1.0444018825655792 1.0708494044229175 0.2035455290169933 2.9665777084301217 0.78343178675277148 0.76144226413452987 7.2027197549323319 1.6660813463531665 1.6138364377256937 0.24018247303320217 1.9067486472486042 1736.573702245747 93.579237173835281 126.15288642478117 2.4213614053296619 10.835189691046251 11.700293171394152 16.571459077298641 0.84706057887524355 6.1025114458316265 20.577478778868681 3.0109049591555932 8.6279461633675965 15.011503131376232 170.98061771778157 6.1638215177081284
leaf_count=110485 7174 41278 1786 1918 1794 1432 76 199 62 264 3398 837 802 119 446 80392 2082 7482 820 215 271 74 110 378 1548 542 174 1308 21647 368
internal_value=0.000300252 -0.00815743 -0.00479767 0.00786517 0.0206418 0.0293035 0.0637793 -0.00827266 0.0837947 0.0998423 0.007906 0.0416079 -0.0100169 0.120552 0.132187 0.000783968 0.00423761 -0.000629606 -0.0081786 0.0128559 0.0246707 0.0353819 0.0353789 0.000133793 0.00543407 0.0318772 0.0523349 0.00308996 0.00529401 0.0316305
internal_weight=2469.03 132.713 111.438 32.3774 17.9149 14.8794 4.93975 14.4626 3.89535 3.11192 9.93965 2.73693 79.0608 2.35048 2.11029 2336.32 369.273 236.587 110.434 132.686 39.1069 28.2718 3.26842 1967.05 230.475 17.7414 11.6389 212.733 192.156 21.1753
internal_count=289481 164896 54411 12331 10214 8428 2761 2117 967 905 5667 2269 42080 641 522 124585 18228 15586 8104 2642 560 345 930 106357 25965 1094 716 24871 23323 1676
is_linear=0
shrinkage=0.03


Tree=176
num_leaves=31
num_cat=0
split_feature=18 29 25 1 34 15 28 1 5 21 28 29 24 14 3 19 23 3 23 34 0 28 18 18 20 20 28 19 29 15
split_gain=9.30927 8.06503 8.67003 8.48537 9.1027 8.31177 14.4628 7.76666 7.19571 7.7883 11.5593 15.8947 12.8661 19.0762 13.3576 12.5357 11.8407 11.3608 12.2203 10.6443 10.5127 10.0726 9.67173 8.95323 10.5828 12.9873 10.2807 9.27779 12.0658 8.88615
threshold=8.7212371826171893 -0.99273797869682301 0.23511925339698794 3.243194699287415 0.18501859158277514 -1.747320234775543 -0.40614700317382807 30.305106163024906 -7.1081395149230948 -0.19234480708837506 0.07411635667085649 1.0000000180025095e-35 0.49333435297012335 -1.3395205736160276 -1.3391843438148496 -0.36922450363636011 -0.38015973567962641 -1.6931967139244077 -0.72397390007972706 7.4628975391387948 4.5000000000000009 -0.75015330314636219 6.8950653076171884 2.2750854492187504 -0.080016355961561189 -0.54413145780563343 -0.97876849770545948 0.0194255979731679 -0.93543598055839527 -0.0097723598591983301
decision_type=8 2 2 2 2 8 2 2 10 10 2 2 10 10 2 8 10 2 10 2 2 2 10 8 10 10 2 10 2 10
left_child=8 2 3 4 -2 6 -3 -4 -1 23 17 12 19 15 -15 -14 -16 20 -19 22 -11 -22 -12 26 25 -25 -10 28 -28 -30
right_child=1 5 7 -5 -6 -7 -8 -9 9 10 11 -13 13 14 16 -17 -18 18 -20 -21 21 -23 -24 24 -26 -27 27 -29 29 -31
leaf_value=0.0032203899267150855 -0.011029404363875964 0.098874396676861653 -0.023969093844178651 0.0020257059406651018 0.10700402645065898 -0.016233327869845753 -0.013435376422483009 0.028633903534962379 -0.021458857244241104 -0.019194577866441742 0.021516163831886065 -0.01799354055944314 0.033131189372200331 0.057175493536039838 0.0079380972798114031 -0.028302802249956616 -0.014894181820179431 -0.0092758990638100308 0.00082384152885643159 -0.025170285851537178 0.09309912434638791 0.0095358748297849245 -0.011778604791377139 -0.0068179636909906274 -0.0088023301117398072 0.0085604528155981442 -0.0077684685079779251 0.021131087241715373 0.014383955817084045 -0.0014489823203532354
leaf_weight=658.70876291305467 0.57181229186244209 0.61368029074219554 6.2952097853994911 2.6347552111838013 1.1612074715085325 65.115667990576185 2.3202788751586922 2.8940522894263268 14.909401859731586 1.7552698365761887 93.902217930277402 19.990068461163901 21.256261764930969 2.0814258155878624 31.766029145990615 2.6744306586115298 53.907846515932761 129.12287255257979 628.35938631265162 4.3577128840843207 2.1156434567528777 2.6654760523233563 7.9385007270102497 107.30323901180964 289.52953140589671 89.912162239044847 78.554678384505678 23.013000252074562 68.331125402699399 58.78678772605781
leaf_count=27582 313 287 665 128 97 92936 2626 16 928 949 4872 18873 798 447 1839 183 3544 12504 47857 148 405 355 2247 17966 33408 10627 1397 502 2877 1767
internal_value=0.000212175 -0.00968939 0.0108488 0.0412247 0.078273 -0.0138789 0.029218 -0.00621808 0.000554041 -0.000461153 0.00125595 0.00701608 0.00938234 0.00223501 -0.00429862 0.0254056 -0.00643455 -0.000544279 -0.000907753 0.016808 0.0361089 0.0562205 0.0188315 -0.00281519 -0.0051615 0.000201002 0.00187506 0.00348315 0.0014158 0.00710772
internal_weight=2472.55 81.6067 13.557 4.36777 1.73302 68.0496 2.93396 9.18926 2390.94 1732.23 1001.89 237.874 217.884 111.686 87.7553 23.9307 85.6739 764.019 757.482 106.198 6.53639 4.78112 101.841 730.34 486.745 197.215 243.595 228.686 205.673 127.118
internal_count=289143 97068 1219 538 410 95849 2913 681 192075 164493 95021 32951 14078 6811 5830 981 5383 62070 60361 7267 1709 760 7119 69472 62001 28593 7471 6543 6041 4644
is_linear=0
shrinkage=0.03


Tree=177
num_leaves=31
num_cat=0
split_feature=27 5 5 12 27 13 25 19 21 19 6 17 19 29 27 25 29 19 17 27 29 22 22 34 11 16 33 34 12 25
split_gain=7.98207 9.1507 6.76005 6.31289 7.36819 6.31541 10.5448 9.60113 8.63943 6.6268 6.20792 6.11301 5.90328 5.69468 19.4529 16.3653 13.5739 9.42612 7.65921 6.80232 13.4532 8.66331 12.2101 8.00287 6.86665 6.74514 9.33891 11.3676 10.0129 8.25127
threshold=0.051391525194048888 23.231354713439945 -0.017482510767877098 22.299015045166019 0.96774193644523632 -1.2819826602935789 0.21733793616294864 -0.27658943831920618 -0.10957202315330504 -1.1944743394851682 0.022774870507419113 1.0046308636665346 -1.6094058752059934 0.6174544394016267 0.23494623601436618 0.18643653392791751 0.73136293888092052 0.10377738624811174 0.052060300484299667 0.15304660052061084 -0.85225707292556752 0.34485286474227911 0.63396930694580089 2.3466135263442998 1.4003416299819949 -0.3015496283769607 3.1962070465087895 0.86039161682128917 16.804019927978519 0.14276079833507541
decision_type=2 10 10 2 2 10 2 10 10 10 8 10 10 2 2 2 2 8 10 2 2 10 10 2 2 10 2 2 2 2
left_child=1 -1 10 13 5 6 -5 9 -9 12 -2 -10 -7 19 -15 16 17 -16 -18 20 -4 23 -23 -22 -21 26 29 -28 -29 -26
right_child=2 -3 3 4 -6 7 -8 8 11 -11 -12 -13 -14 14 15 -17 18 -19 -20 24 21 22 -24 -25 25 -27 27 28 -30 -31
leaf_value=-0.026483705183562901 0.052809132882752276 0.033260017109582214 0.086337167042685375 0.00040416545829185141 0.01852356035977586 -0.011567048862590306 0.035114873968438272 -0.003968637860016621 0.017131027545323568 -0.01102838453730043 0.001589736695054388 -0.0084148282209708918 0.015927027571874447 -0.019809071420892704 0.11153057996269913 0.002515977983820525 0.054872616611919355 -0.010296624210266616 -0.011220318353932279 -0.027282549026562256 -0.017035583871035574 0.059081150048297379 -0.0045039753755072081 0.040008941532725842 -0.016044211586896062 -0.0050317230095000215 -0.0031278316555840443 0.055638727754782721 0.012218137987069763 0.00054670542048007131
leaf_weight=16.524723210313827 1.1344146973860905 1.7886666953563679 1.0229478201945337 21.695359326899052 22.656352423131466 10.430872716009619 11.388026699423788 47.444988265633583 50.535780439153314 85.299361206591129 1250.2052835053328 9.4478087499737722 17.524192504584789 11.486799906371745 2.937490804644769 10.657335774973033 1.7573126023926304 0.48242061189375851 3.0624530239438172 9.8371887069370114 13.343923378255569 4.2255048771694401 5.3922127794794505 1.6476268448459439 30.044934968536836 591.56437608184933 18.561962645500898 6.9874519677832732 13.867891259491444 205.54326667377609
leaf_count=92613 884 13 157 102 110 55 56 244 265 426 88896 47 83 11548 219 1486 438 159 587 12648 17186 2981 7359 437 1992 34899 184 58 96 12975
internal_value=-1.74472e-05 -0.0192286 0.000133313 -0.00146605 0.00250928 0.00101242 0.0130321 -0.000840141 0.00555835 -0.00690502 0.0016783 0.0130354 0.00562298 -0.00264599 0.00992815 0.0280914 0.0573186 0.0959039 0.0181655 -0.00308005 0.0118716 0.00552574 0.0263652 -0.00865634 -0.00353038 -0.00322961 0.00065111 0.0139763 0.0286461 -0.00162803
internal_weight=2478.5 18.3134 2460.19 1208.85 276.423 253.766 33.0834 220.683 107.429 113.254 1251.34 59.9836 27.9551 932.423 30.3838 18.897 8.23968 3.41991 4.81977 902.039 25.6322 24.6093 9.61772 14.9916 876.407 866.57 275.006 39.4173 20.8553 235.588
internal_count=289203 92626 196577 106797 1388 1278 158 1120 556 564 89780 312 138 105409 14437 2889 1403 378 1025 90972 28120 27963 10340 17623 62852 50204 15305 338 154 14967
is_linear=0
shrinkage=0.03


Tree=178
num_leaves=31
num_cat=0
split_feature=6 20 17 6 25 3 28 6 8 28 18 19 22 15 6 16 28 29 34 4 3 29 28 23 14 6 15 28 28 21
split_gain=8.68514 7.30258 6.07536 11.1541 9.64052 6.38359 13.0561 9.34276 8.72173 10.921 7.88985 7.40962 8.69829 8.46193 8.59239 8.12808 8.11348 15.7564 11.0989 8.48779 7.79857 7.56487 7.37407 7.94681 8.10779 7.29701 7.19415 7.03394 17.5433 15.0801
threshold=0.1547767519950867 1.9663404822349551 1.9474688768386843 3.8462924957275395 0.18543857336044314 0.4836986511945725 0.99818283319473278 5.9570436477661142 3.1787776947021489 0.99983760714530956 11.451660156250002 1.5238821506500246 0.56949689984321605 0.33062581717967993 14.907233238220217 -0.0061085454653948537 -0.40614700317382807 -0.83375966548919667 0.35922367870807653 22.465523719787601 0.57959952950477611 -0.99273797869682301 -0.15101210027933118 -1.4880108237266538 1.2240476012229922 23.045776367187504 -1.8199686408042905 -0.96689236164093006 -0.9413962960243224 -0.86731287837028492
decision_type=8 8 10 10 2 2 2 8 2 2 8 10 10 8 10 10 2 2 2 2 2 2 2 8 10 10 10 2 2 10
left_child=1 -1 5 -4 -5 6 10 -7 -8 -10 26 12 16 14 21 25 17 18 -9 -20 -19 -14 -18 -24 -25 -16 -2 29 -29 -28
right_child=2 -3 3 4 -6 7 8 11 9 -11 -12 -13 13 -15 15 -17 22 20 19 -21 -22 -23 23 24 -26 -27 27 28 -30 -31
leaf_value=-0.012371854669372151 -0.011425268677821291 0.047251690990839694 -0.0065636660993198337 -0.0021943617429661271 0.041676245804717155 -0.0062079814944519087 -0.00077058203357511623 -0.01232078159037259 0.076804319186277115 -0.0081796635219205435 -0.02133693759520483 0.011673015190618165 0.021325420479050512 -0.0040807957890165222 -0.0057984957309512612 0.031689546724549586 -0.01331438643925242 0.020607196615121264 -0.011488085714433664 0.027235215141200437 -0.003857955463755185 -0.0013853098515580538 0.025986965938463679 -0.0058339445083244283 0.014602677646584917 0.023619013749136605 -0.013232446053807773 -0.023715600116166895 0.0018060961918232592 0.014647629709996326
leaf_weight=62.839510577483452 36.278246516849322 0.93805889330542314 14.901575975105514 6.5898544022929881 12.640765911550259 282.38662546103296 3.913731207016097 9.5877380790188891 4.1379266669973731 1.6084109530202111 12.69062943998142 46.093520289578009 15.351431550923733 65.012215570211993 16.122466970235113 22.540133677655831 84.298250828927848 11.494738660112487 5.3007875925395629 37.721243345178664 192.20149005547864 67.963164081535069 7.2710107849852648 192.66047839143721 18.250051790353609 12.839149118401108 20.907742213676102 23.788504505682795 1099.5347250759369 87.702864197650342
leaf_count=128104 3401 1843 1438 181 199 21682 1391 99 183 106 13789 913 286 1099 161 190 1243 498 406 227 4456 2051 195 3500 330 77 2148 3757 87312 8457
internal_value=6.14162e-05 -0.010779 0.000352429 0.0127367 0.0272775 0.000169368 0.00159547 -0.00152357 0.0346614 0.0553306 0.00131926 0.000125945 -0.0005901 0.00476696 0.00903223 0.0185434 -0.00251094 0.00141414 0.0158879 0.0223115 -0.00238344 0.00300263 -0.00583056 -0.0028915 -0.004005 0.0075958 0.0015626 0.00195403 0.00124501 0.00920891
internal_weight=2475.57 63.7776 2411.79 34.1322 19.2306 2377.66 1290.56 1087.09 9.66007 5.74634 1280.9 804.708 758.614 199.829 134.816 51.5017 558.786 256.306 52.6098 43.022 203.696 83.3146 302.48 218.182 210.911 28.9616 1268.21 1231.93 1123.32 108.611
internal_count=289722 129947 159775 1818 380 157957 120544 37413 1680 289 118864 15731 14818 3864 2765 428 10954 5686 732 633 4954 2337 5268 4025 3830 238 105075 101674 91069 10605
is_linear=0
shrinkage=0.03


Tree=179
num_leaves=31
num_cat=0
split_feature=6 17 3 23 21 24 8 12 29 28 29 28 22 25 33 27 14 16 28 6 28 29 11 11 14 1 3 28 24 6
split_gain=8.02014 8.32724 9.14936 5.827 7.40949 8.81568 9.75981 12.3778 13.5681 11.1015 15.7575 23.7279 9.86509 12.64 13.5841 10.4619 8.78549 8.56881 14.1809 11.371 11.4406 11.154 8.51217 8.35863 8.28776 11.4552 16.1983 17.9393 24.2413 9.34501
threshold=0.017307694070041183 1.0706377625465395 -0.83008018136024464 1.5171023607254031 1.2217931747436526 0.77013003826141369 6.6616733074188241 1.1533496379852297 0.63089349865913402 0.022575936280190948 -0.70289847254753102 0.48314048349857336 1.5101622343063357 0.29462280869483953 3.3494656085968022 0.56827956438064586 -0.65485036373138417 -0.60291311144828785 -0.87812310457229603 2.6724555492401127 -0.67803022265434254 -0.45273527503013605 4.6964673995971689 9.3700623512268084 -0.17015293985605237 6.176544427871705 0.29606123268604284 0.24372619390487674 0.57201719284057628 2.8464987277984624
decision_type=8 10 2 8 10 10 2 2 2 2 2 2 10 2 2 2 10 8 2 10 2 2 2 2 10 2 2 2 8 8
left_child=1 -1 -3 4 5 6 9 8 -8 12 11 22 -2 14 -14 -15 -13 19 21 20 -6 -19 -11 -17 -24 -26 27 28 -27 -29
right_child=3 2 -4 -5 17 -7 7 -9 -10 10 -12 16 13 15 -16 23 -18 18 -20 -21 -22 -23 24 -25 25 26 -28 29 -30 -31
leaf_value=-0.025340389038396055 -0.0059686508876106844 0.065865099087993137 -0.018938014767880654 -0.004503605874589413 -0.015498748799188986 0.003292262475155672 0.0090736361980625589 0.00010038039916217381 0.064115632432956648 -0.018300668382363904 -0.011792794900436354 0.0011377793967536831 -0.014137803208394495 0.0065388152299290002 0.06515414348335051 0.1165771876979268 0.038712420122576113 0.088415940792124073 -0.0016042760987559257 0.0054435704360079632 0.048931856257864774 0.016978175308873796 -0.0049825277575462137 0.0026055887349102822 -0.015122337753065556 0.082702226790768191 -0.00094921595622038976 0.034706081618060151 -0.00071919076138049042 -0.0043342188129137406
leaf_weight=17.733509703502936 539.74768923023657 1.1849565199227075 1.701648067231871 179.46550480164296 2.5086423679458667 736.44294991280185 103.27789725243929 496.53109377541114 3.2381120462378012 15.956844463944433 51.594585110200569 7.3078832894752876 10.702029142048561 2.7470371914096168 1.3322731480002392 1.4363073755521329 23.869110502731928 1.3882136420288613 92.297261879066355 22.622894258514862 13.229296737627008 16.52014238366246 51.001321464893408 0.82092168182134617 12.284026652225291 8.5705655871424788 29.160851486143656 8.1528893839567917 4.636785086011515 13.416619902942328
leaf_count=85648 55368 1180 10568 14881 384 44666 3696 7096 213 5307 34766 1669 2040 235 8 82 3555 35 8146 616 1677 1566 2283 48 1933 206 891 182 109 283
internal_value=0.000525234 -0.0176672 0.0238636 0.000685477 0.00109738 0.000642233 -0.000767422 0.00209893 0.0113277 -0.00297561 0.00262459 0.00693381 -0.00524888 0.0166188 -0.00103448 0.0521735 0.030214 0.0075513 0.00322773 0.0195748 0.0383492 0.026899 0.00169021 0.0886528 0.00432072 0.0105296 0.015615 0.0291426 0.0554258 0.0113062
internal_weight=2470.88 20.6201 2.8866 2450.26 2270.79 2122.23 1385.78 603.047 106.516 782.738 225.951 174.357 556.786 17.0386 12.0343 5.00427 31.177 148.566 110.206 38.3608 15.7379 17.9084 143.18 2.25723 127.223 76.2217 63.9377 34.7769 13.2074 21.5695
internal_count=289337 97396 11748 191941 177060 164636 119970 11005 3909 108965 51184 16418 57781 2413 2048 365 5224 12424 9747 2677 2061 1601 11194 130 5887 3604 1671 780 315 465
is_linear=0
shrinkage=0.03


Tree=180
num_leaves=31
num_cat=0
split_feature=27 1 21 27 17 3 1 29 12 19 29 33 29 1 20 13 13 27 11 31 31 12 12 29 3 5 22 25 17 5
split_gain=8.47145 7.26551 6.58642 6.88079 7.76787 21.0028 13.8453 12.6855 11.6691 11.3032 9.31475 13.3979 11.9323 10.6533 10.6784 10.6057 8.8002 8.33612 8.9451 9.21226 35.7152 14.3879 8.85407 8.08664 8.62428 12.232 13.4682 8.0785 7.95793 9.75591
threshold=0.051391525194048888 28.445338249206547 -2.7952520847320552 0.34426523745059973 0.53341379761695873 0.73512393236160289 8.0989203453063983 -0.99864786863327015 -0.32240264117717737 -0.34993730485439295 -0.19337245076894757 0.47497680783271795 -0.11692317575216292 2.7981131076812749 -0.19752537459135053 -0.45840190351009363 -1.505804121494293 0.084187224507331862 6.2267231941223153 390.69824218750006 524.19323730468761 0.092354409396648421 -1.430660545825958 0.011826144531369211 -0.970607429742813 -7.5155625343322745 0.9232616424560548 0.24235579371452334 0.97921258211135875 8.7344632148742694
decision_type=2 2 10 2 10 2 2 2 2 10 2 2 2 2 10 10 10 2 2 2 2 2 2 2 2 8 8 2 10 8
left_child=1 -1 -2 4 10 6 7 -6 -8 28 11 -4 13 14 -12 -16 -9 -18 19 -19 21 23 -20 -21 -25 -26 -27 -17 -7 -30
right_child=2 -3 3 -5 5 9 8 16 -10 -11 12 -13 -14 -15 15 27 17 18 22 20 -22 -23 -24 24 25 26 -28 -29 29 -31
leaf_value=-0.028330779529443566 -0.025120316204673056 0.020918597086942995 -0.025658656750328853 -0.00073980693604648324 0.065425189630162528 0.02185293687357108 0.1058141284709679 -0.019497335137380764 0.0081465914928518738 -0.02395637380980337 -0.015804097464127424 0.0048575113019397086 0.0014569112325078808 -0.0046967240884796431 -0.012900235086269576 0.10845613725816607 -0.0235443544365188 0.014031246563385389 -0.0048389934802906594 -0.0081597253013517262 0.0051326293010348694 -0.013380541395030289 0.056640099188549203 0.048822224196706177 -0.0071977621233043328 0.18793613699209974 -0.0066680204944857338 -0.0094820655355252245 -0.018908186486419187 0.01262653892872509
leaf_weight=15.037366144970294 8.531746985827338 2.483507700264453 25.802715864505444 2128.232976042782 3.4881123976083463 14.588554439891594 2.0290117606054991 6.0523392625618717 2.0135725763393557 16.52360267523909 1.0213375211969831 24.530429723410634 107.8991967730035 3.4609059754293412 0.73223524839704612 3.0562731549071018 3.617122816402115 23.115200043888763 17.910310419189049 0.37214730028062959 9.5230802202713658 0.7758312482619657 1.3742706992197771 2.6507084782351735 0.30724792554974556 2.0214009583287416 0.28321819171833373 0.42548227525548998 17.579933989938581 15.881885297188999
leaf_count=93069 977 19 19815 95894 254 1141 35 2647 74 886 504 3180 42677 193 251 750 7979 8963 2259 557 3696 241 72 592 22 572 173 42 1917 396
internal_value=-0.00038433 -0.0205974 -0.000231047 -0.000133574 0.00405731 0.00923892 0.0198734 0.0162216 0.0684297 -0.0033138 -0.000320868 -0.0109814 0.00433541 0.0362169 0.0596792 0.0774963 0.0127862 0.0161998 0.0190195 0.0271049 0.0441225 0.0935345 0.00211846 0.108053 0.116262 0.152238 0.16924 0.0951438 0.00412846 -0.00400887
internal_weight=2461.32 17.5209 2443.8 2435.27 307.036 140.108 75.5336 71.491 4.04258 64.574 166.929 50.3331 116.595 8.69623 5.23533 4.21399 68.0029 61.9505 58.3334 39.0488 15.9336 6.41055 19.2846 5.63472 5.26258 2.61187 2.30462 3.48176 48.0504 33.4618
internal_count=289847 93088 196759 195782 99888 32476 28136 28027 109 4340 67412 22995 44417 1740 1547 1043 27773 25126 17147 14816 5853 2157 2331 1916 1359 767 745 792 3454 2313
is_linear=0
shrinkage=0.03


Tree=181
num_leaves=31
num_cat=0
split_feature=27 17 27 12 5 31 34 0 24 25 3 13 5 16 19 34 24 5 18 18 29 29 27 15 5 17 3 18 29 29
split_gain=8.66926 7.68194 10.8302 8.66801 10.2231 7.07495 8.91515 12.4643 9.04842 11.6582 12.2729 12.5618 12.3559 10.5017 10.2949 9.30668 9.00259 8.96268 10.9042 8.57217 8.47872 37.9164 27.1834 9.51509 8.59543 10.7164 12.2174 10.3242 14.8685 17.317
threshold=0.051391525194048888 1.9474688768386843 0.76523298025131237 3.8414391279220585 -2.1445131301879878 69.397317886352553 0.3320030570030213 4.5000000000000009 0.47530354559421545 0.25131645798683172 -0.83008018136024464 -0.8908657133579253 -0.0042735042516142121 -0.36329956352710718 -1.1738988757133482 0.20790136605501178 0.59415462613105785 -0.63091459870338429 6.0642395019531259 6.0196075439453134 -0.80417042970657338 -0.82413947582244862 0.79032260179519664 -0.67889520525932301 8.164225101470949 0.36257857084274298 0.5016179382801057 4.9948730468750009 -0.91595870256423939 -0.95242238044738758
decision_type=2 10 2 2 8 2 2 2 10 2 2 10 8 10 10 2 10 8 10 10 2 2 2 10 10 10 2 10 2 2
left_child=-1 5 3 4 -3 20 7 -7 19 10 11 -10 -13 -14 -15 -12 17 18 -11 -9 21 24 -23 -22 25 27 -27 28 29 -2
right_child=1 2 -4 -5 -6 6 -8 8 9 16 15 12 13 14 -16 -17 -18 -19 -20 -21 23 22 -24 -25 -26 26 -28 -29 -30 -31
leaf_value=-0.020075646340910337 0.018744062292567368 0.039758258319173137 -0.0031224491847971496 0.048527054104047208 -0.018147267452124534 -0.016875534753860041 0.00082538788489478268 -0.017159714664837716 -0.007541044765613107 0.010554419216939833 -0.017922483746596201 0.02330388512559755 -0.011944687381084094 -0.010077206454429317 0.11597982130121037 0.015457306479732714 -0.011351113616779334 -0.0056223542200084893 0.11406582716981853 0.0014302912099341922 0.016377928166995032 0.14962708677783615 -0.0059969775820267138 -0.010862761988571881 -0.0089251100433170878 -0.010807011147903034 0.033816000717079117 0.0038960534520121387 0.0033794325720513697 0.079045941155488852
leaf_weight=17.032713037711801 9.8506934350589308 3.8651651340187527 16.623877233127132 9.3696574132191 5.3766720283456397 60.860120969089621 2019.8610762371682 45.210488609838649 4.5824189248378415 2.5668410531361592 10.871922797785375 8.9937287438951881 0.65146116475807492 0.5004350199887998 3.2540034066187209 19.567793467795127 39.573956181498943 4.6236271497618864 0.66233983816346143 42.912751491872768 15.376377624517771 1.9768746991176149 1.4164390799123794 38.20645892911125 20.88543411064893 24.937911084183728 6.0171270756982258 19.174159887392307 10.419066560163627 7.928047712659466
leaf_count=92595 356 132 380 180 1180 37427 91061 10528 1080 227 7107 1297 280 257 778 1629 5348 756 87 26048 1792 91 49 5692 229 1077 78 1048 282 119
internal_value=0.000650145 0.000801986 0.0145132 0.0296214 0.00758763 0.000596513 0.000169256 -0.00522517 -0.00130069 0.00505491 0.0152661 0.0342075 0.0480169 0.0848207 0.100592 0.00334444 -0.00547044 0.0220997 0.0537367 -0.0081926 0.00675114 0.0117646 0.0980876 -0.00288881 0.00786281 0.0123953 -0.00134627 0.0212169 0.032458 0.0484118
internal_weight=2473.15 2456.12 35.2354 18.6115 9.24184 2420.88 2264.69 244.832 183.972 95.8485 48.4218 17.982 13.3996 4.4059 3.75444 30.4397 47.4268 7.85281 3.22918 88.1232 156.189 102.606 3.39331 53.5828 99.2124 78.327 30.955 47.372 28.1978 17.7787
internal_count=289190 196595 1872 1492 1312 194723 183910 92849 55422 18846 12428 3692 2612 1315 1035 8736 6418 1070 314 36576 10813 3329 140 7484 3189 2960 1155 1805 757 475
is_linear=0
shrinkage=0.03


Tree=182
num_leaves=31
num_cat=0
split_feature=18 0 2 5 18 3 4 3 13 5 22 17 22 11 15 11 28 28 14 28 31 28 34 29 28 19 30 15 28 6
split_gain=8.0925 7.24811 13.4484 19.3654 14.3194 9.8953 14.8973 13.1392 12.6284 8.88982 13.1373 11.2488 10.3513 13.1198 9.91891 10.0683 8.86514 17.975 13.7876 13.4939 12.0553 11.727 15.6839 15.5058 28.9281 12.5938 13.2093 10.5872 11.4871 9.98665
threshold=13.304382324218752 6.5000000000000009 1.7955384254455569 2.3218028545379643 5.7212524414062509 1.638525187969208 22.465523719787601 -0.15049175173044202 -1.3861740231513975 4.4101769924163827 0.58127215504646312 -0.99052309989929188 -0.45660082995891565 5.077341079711915 0.32260286808013922 13.344423294067385 -0.75015330314636219 -0.78326541185379017 -0.79321300983428944 -0.61237984895706166 325.69728088378912 -0.96689236164093006 1.1225432157516482 -0.51296770572662342 -0.8940606117248534 0.58718165755271923 2.5000000000000004 -1.1694180369377134 -0.99467751383781422 29.643007278442386
decision_type=8 2 2 10 10 2 2 2 10 10 10 10 10 2 10 2 2 2 10 2 2 2 2 2 2 10 2 10 2 10
left_child=1 2 -1 4 -4 7 -7 8 -3 -9 12 -12 -11 -14 15 -13 17 18 27 -18 -19 25 -23 -24 -25 -20 -27 -10 -29 -21
right_child=-2 5 3 -5 -6 6 -8 9 16 10 11 14 13 -15 -16 -17 19 20 21 29 -22 22 23 24 -26 26 -28 28 -30 -31
leaf_value=-0.0094197265081966738 -0.02189048230634599 -0.012635980257814332 0.0050253364172073304 -0.0042487821621905323 -0.016571871025366308 -0.026907226337751149 0.015031633356525438 -0.0033122349320294868 -0.0095311781275217548 0.0071576983641851218 0.048215635076364505 0.0013989883273056772 0.0449872690646657 -0.0084607669977364384 -0.010259616018958549 0.031305647501048375 -0.016878027739879981 0.0098748275694253655 0.0027800881514523802 0.0059656714826571448 0.070763723395826691 -0.021073129340239603 -0.018214325556256985 -0.013938183262060299 0.12234736873392849 0.063181150063032751 -0.0082736259278997949 -0.018255132215909669 0.06096278168628165 0.053692757067752131
leaf_weight=161.79449576832121 13.953546293843827 29.465145815702272 506.56248228362529 524.72607177885948 28.255677548499079 7.4660514105344182 83.501939421519637 524.65703709399531 3.235763870230584 90.517158399859909 7.2443330346141002 18.528794402431231 3.3136786840623236 106.91940873034764 14.789168894931207 21.617208663839847 22.927681280198158 5.1455018795968481 20.889053086386411 211.53886844572844 7.1460175540923956 23.776527765810904 3.5796020677662455 2.3504132402013056 1.9136802475550201 6.8884611925532209 3.0036231997655705 1.4949832223719557 9.1645543088598043 3.0419421140104523
leaf_count=112241 37871 4198 20520 15202 2907 944 490 45034 507 1824 159 632 315 1976 377 254 2443 396 2261 29940 376 5765 156 154 66 744 182 256 1213 34
internal_value=0.000112109 0.000246003 -0.00139186 -0.000158263 0.00385551 0.00186672 0.0113344 0.00110407 0.00588229 -0.00105782 0.00343619 0.015367 -0.000317066 -0.00646409 0.0102507 0.0178721 0.00758907 0.015641 0.00988557 0.00453279 0.0479349 0.00363368 -0.00906649 0.0255965 0.0588482 0.0165548 0.042717 0.0358329 0.0492398 0.00688818
internal_weight=2469.41 2455.46 1221.34 1059.54 534.818 1234.12 90.968 1143.15 355.562 787.587 262.93 62.1795 200.75 110.233 54.9352 40.146 326.097 88.5882 76.2967 237.508 12.2915 62.4014 31.6202 7.8437 4.26409 30.7811 9.89208 13.8953 10.6595 214.581
internal_count=289437 251566 150870 38629 23427 100696 1434 99262 48691 50571 5537 1422 4115 2291 1263 886 44493 12076 11304 32417 772 9328 6141 376 220 3187 926 1976 1469 29974
is_linear=0
shrinkage=0.03


Tree=183
num_leaves=31
num_cat=0
split_feature=1 1 29 18 25 34 22 0 11 19 14 19 31 24 15 27 34 15 1 21 29 23 14 20 25 16 27 8 16 11
split_gain=10.3598 5.75127 12.2415 9.60278 9.95343 11.1381 9.02745 6.49632 6.02975 5.65045 5.43516 11.408 6.7363 6.61303 7.72355 7.75758 6.4697 6.32847 14.6981 15.2821 11.288 14.5588 9.84101 12.6072 9.37629 11.4439 8.97845 8.57679 8.19689 7.83813
threshold=0.0020991794299334292 47.646572113037116 -0.96687281131744374 2.9980621337890629 0.17235015332698825 1.2198906540870669 -0.16394509375095365 7.5000000000000009 19.308089256286625 -0.74650821089744557 1.4018424153327944 -0.046994393691420548 3477.741088867188 0.63756492733955394 1.3115066289901736 0.53010752797126781 0.84969079494476329 0.96685913205146801 7.6516952514648446 1.3562474846839907 0.56191161274909984 -0.62578776478767384 1.1418896317481997 -0.42090128362178797 0.20761676132678988 -0.25741708278656 0.23494623601436618 7.8494842052459726 0.65005555748939525 9.0760340690612811
decision_type=2 2 2 10 2 2 10 2 2 10 8 10 2 8 10 2 2 10 2 8 2 10 10 10 2 10 2 2 10 2
left_child=-1 10 6 4 5 -4 9 -6 -8 -3 12 -12 17 16 -15 -16 -13 29 19 20 21 22 23 -19 -25 -26 -22 -23 -27 -2
right_child=1 2 3 -5 7 -7 8 -9 -10 -11 11 13 -14 14 15 -17 -18 18 -20 -21 26 27 -24 24 25 28 -28 -29 -30 -31
leaf_value=-0.021451618241155667 -0.0027418425689080951 -0.0094742801057173236 -0.0026632631798753259 0.026001045819316299 -0.014405549007100291 0.035105067681141237 -0.032365641659334636 0.013316801979313926 -0.0040791798284488309 0.016505456790048816 -0.016470400903332655 -0.013862441274811977 -0.020952643820529325 -0.02013991264832107 -0.015954519355255607 0.063478054321628993 0.0051943817494894034 -0.011613633879863309 0.00052248638650284043 0.082128614124754432 -0.0056665356229477814 -0.014155753784584533 -0.00049525963571927514 0.0072384490626183065 -0.01341613944421993 0.11714915960153799 0.077047766495496134 0.037348959956906756 0.011375555372416033 0.0013517653073339766
leaf_weight=18.581554330943618 601.42391651949583 11.475231587886812 12.241418346762659 31.665269695222378 22.319775596261024 15.091843910515307 11.645822390913965 10.374785691499708 15.352800637483595 18.422145783901215 52.67668242410582 23.127655780946952 12.165025652939219 1.5356529680138908 1.0063085914007386 3.5743128689355217 46.828372146657784 2.175012879924906 110.75341248180484 2.4441328401953788 1.4578473222863966 19.006883938047398 5.8968596223639898 2.1425119747218551 0.70239086289075192 3.3926242354791611 3.2372803176403977 2.4287789892114224 1.0488842696649952 1396.5283920250658
leaf_count=98551 116334 50 55 197 105 78 51 59 75 87 6087 5388 7342 84 323 159 1857 701 3295 390 1871 5169 1567 625 79 239 390 107 98 37733
internal_value=0.000282616 0.000456699 0.00615616 0.0128867 0.00565613 0.0186932 -0.00472604 -0.00547443 -0.0170007 0.00654999 8.49339e-05 -0.00587916 0.000442192 0.00157335 0.0291291 0.0462957 -0.00121243 0.000572771 0.00639852 0.0208704 0.0154137 0.00905876 0.0304138 0.0478839 0.0649023 0.0838327 0.0548795 -0.00691538 0.0988512 0.000118752
internal_weight=2460.72 2442.14 148.589 91.6931 60.0278 27.3333 56.896 32.6946 26.9986 29.8974 2293.55 128.749 2164.8 76.0723 6.11627 4.58062 69.956 2152.64 154.687 43.9332 41.4891 36.7939 15.3583 9.46142 7.28641 5.1439 4.69513 21.4357 4.44151 1997.95
internal_count=289146 190595 757 494 297 133 263 164 126 137 189838 13898 175940 7811 566 482 7245 168598 14531 11236 10846 8585 3309 1742 1041 416 2261 5276 337 154067
is_linear=0
shrinkage=0.03


Tree=184
num_leaves=31
num_cat=0
split_feature=27 15 23 29 28 3 22 12 29 29 12 17 28 11 18 1 28 1 27 27 28 11 33 20 3 34 3 8 17 20
split_gain=8.28202 7.62185 7.00429 6.7863 19.0151 13.8437 9.79939 7.65722 6.69913 19.5911 18.6114 9.12467 8.39752 8.37052 6.09802 5.9785 5.86367 7.45541 7.14573 19.2328 7.0624 20.3677 12.6873 15.3077 18.8061 9.11668 6.74023 9.59563 11.2741 10.3559
threshold=0.051391525194048888 1.9817013144493105 1.5794286727905276 0.86004966497421276 -0.27694603800773615 1.1343008279800417 0.38923236727714544 -0.89523616433143605 -0.90892156958580006 -0.93543598055839527 4.9613163471221933 1.0706377625465395 -0.16799356788396833 15.474707126617433 13.755477905273439 26.97043609619141 -0.99763298034667958 25.785140991210941 0.21308244019746783 0.18817204236984256 -0.99467751383781422 9.6302804946899432 0.71550622582435619 0.010970545001327993 1.1343008279800417 2.7521842718124394 -1.222753047943115 4.2290804386138925 -0.15227728337049481 -0.8495558202266692
decision_type=2 8 10 2 2 2 10 2 2 2 2 10 2 2 10 2 2 2 2 2 2 2 2 10 2 2 2 2 8 10
left_child=15 2 3 14 5 6 7 -5 9 11 -11 12 13 -4 16 -1 17 18 19 -2 21 -18 23 24 25 -23 27 -22 29 -29
right_child=1 -3 8 4 -6 -7 -8 -9 -10 10 -12 -13 -14 -15 -16 -17 20 -19 -20 -21 26 22 -24 -25 -26 -27 -28 28 -30 -31
leaf_value=-0.027997728582208458 -0.021886316197870601 -0.02329441900234254 -0.0085774140138051395 -0.012549553265995253 -0.011205184648975809 -0.014246299188145387 -0.0030492899114789628 0.07554000177179121 -0.010546552923888867 0.068251930939894456 -0.019658760569282865 0.022990092290094289 -0.016520779374153534 0.034646149824968997 -0.023047550241367884 0.016128303399933833 -0.011990994571989213 0.0090103116351205222 -0.022940501433681041 0.10571633055624473 0.0032947829170698701 0.1406293294026951 -0.0026942002000182488 0.010682094891671469 0.0041434473715589891 0.021618281941886495 0.00066435151544538807 -0.0010178404400807181 0.0094207705964666107 0.078367057527423539
leaf_weight=13.766189076042794 2.6219094778789471 11.06979728455917 9.0763340314151701 0.69906510721193438 11.778531532414489 2.9551560364197931 2.0723201618384328 7.6694889775681112 94.126191355404444 5.8554431078664475 2.6272424028720707 8.3518828898377233 37.988623604454915 5.8490510787814847 8.5634994166175584 2.7059154715389004 12.447599854102011 12.510088508948682 26.839986699123983 0.54549133975524444 55.207347623480018 2.6547835671808557 4.6820735901128492 4.6190282109891996 1.9837982568424193 1.1827806364744899 2101.7430550682038 1.9938257769099434 12.531221915502103 4.4579623885219917
leaf_count=92907 1351 2001 479 248 9299 269 698 1258 10694 297 47 141 1716 90 15483 20 2095 82 3849 81 14966 147 162 158 62 22 130191 128 589 296
internal_value=0.000340993 0.000487292 0.000604509 0.00103594 0.0162245 0.0394453 0.054559 0.0676274 -0.00536723 0.00167258 0.0418226 -0.00446886 -0.00914898 0.0094732 0.000859225 -0.0202408 0.000960591 -0.00994588 -0.0178844 0.0201837 0.00117545 0.0159952 0.0383462 0.0553778 0.0840772 0.116 0.000980417 0.00980635 0.0276311 0.05699
internal_weight=2471.18 2454.7 2443.63 2279.76 25.1746 13.396 10.4409 8.36855 163.875 69.7486 8.48269 61.2659 52.914 14.9254 2254.58 16.4721 2246.02 42.5175 30.0074 3.1674 2203.5 27.5701 15.1225 10.4404 5.82136 3.83756 2175.93 74.1904 18.983 6.45179
internal_count=289826 196899 194898 181434 11772 2473 2204 1506 13464 2770 344 2426 2285 569 169662 92927 154179 5363 5281 1432 148816 2646 551 389 231 169 146170 15979 1013 424
is_linear=0
shrinkage=0.03


Tree=185
num_leaves=31
num_cat=0
split_feature=0 28 34 21 25 16 17 18 16 19 5 5 28 29 3 4 17 2 29 20 3 12 18 28 28 12 18 28 5 15
split_gain=9.12671 13.818 15.2989 12.5956 9.34284 8.86303 8.48269 8.45313 7.98747 9.23873 8.8108 8.14219 7.88354 9.60275 8.99781 9.55728 8.62703 10.3463 7.78162 9.37261 8.16076 11.3406 10.249 11.6606 7.95572 12.811 9.52394 8.38344 9.01023 8.9531
threshold=2.5000000000000004 -0.31799228489398951 0.88196480274200451 0.62790784239768993 0.16356133669614795 -1.2667360305786131 1.3829285502433779 2.2325134277343754 -0.37031878530979151 -0.99609625339508046 -3.6211539506912227 2.2236543893814091 0.73865729570388805 -0.42958799004554743 1.7961651086807253 22.465523719787601 0.019827900454401973 3.4440749883651738 -0.30164489150047297 -0.027360548265278336 0.43017786741256719 -0.20818062126636502 1.8655853271484377 0.94138324260711681 0.99818283319473278 -0.77247095108032215 6.2446899414062509 0.87397152185440075 -3.45591127872467 -0.99940919876098622
decision_type=2 2 2 10 2 10 10 10 8 10 10 8 2 2 2 2 10 2 2 8 2 2 10 2 2 2 10 2 10 8
left_child=1 5 3 -3 -5 -1 7 -6 9 -4 -11 -10 14 -14 -2 -16 -17 -18 19 20 21 -15 -23 -24 27 26 -26 28 29 -20
right_child=12 2 8 4 6 -7 -8 -9 11 10 -12 -13 13 18 15 16 17 -19 24 -21 -22 22 23 -25 25 -27 -28 -29 -30 -31
leaf_value=0.027384621087047572 0.0011561580495258504 -0.022275485271907262 -0.0056823458115482584 -0.013161971438977712 0.05809026918983471 -0.011855977193413591 0.093753001308996026 -0.0071881414546283813 0.012634412455058038 -0.0083285283699861407 0.032851525732147967 -0.006761221701525621 -0.024551156806452864 -0.015093456488834815 -0.022387743363024883 0.025311771483052824 0.031813330765462437 -0.00033334072004478758 0.099022871065688522 -0.0018290647620164107 0.0082720567768509758 -0.000674986300241607 0.13965024562603504 -0.0095550752539359136 0.071935508792143249 -0.0047240088145455517 -0.015913396012488784 -0.020359024838642419 -0.012108561085967647 0.0081328334669367626
leaf_weight=4.4380904088175148 1922.4501971119607 33.486174958197807 10.794116762292104 7.0356026003137213 1.6493483851663766 152.96694358711829 0.67803198617184524 4.9194253972091246 33.54849829642626 5.225847038091163 26.034138032933697 43.700624208839145 20.302519485267112 0.99034647845110191 6.4603198148251968 32.313064193353057 10.181674752384422 46.303335081785917 0.61992608375294367 20.262978629914873 6.1758949406794272 0.91302723856642698 1.4504516315355429 0.43315443664323527 2.9322373323520905 17.269697336399986 1.1132822824438333 39.575329903294914 6.1924330411129613 2.9707798342933533
leaf_count=635 175538 21519 318 6722 46 22311 83 1489 2468 120 1108 1101 10734 813 868 213 76 251 111 3181 279 22 517 245 98 3317 1067 25980 7047 1058
internal_value=0.00044587 -0.00423467 0.00177438 -0.0124114 0.0106598 -0.0105837 0.0325789 0.014712 0.00751028 0.0178669 0.0259225 0.00171592 0.00115756 -0.0062428 0.00160497 0.0105565 0.0131759 0.00591386 -0.00235409 0.0101726 0.0325224 0.0620809 0.0861872 0.113924 -0.00777871 0.00730138 0.0493979 -0.0143066 0.00979431 0.0419769
internal_weight=2463.39 324.477 167.072 47.7686 14.2824 157.405 7.24681 6.56877 119.303 42.0541 31.26 77.2491 2138.91 121.202 2017.71 95.2584 88.7981 56.485 100.9 30.2259 9.96287 3.78698 2.79663 1.88361 70.6737 21.3152 4.04552 49.3585 9.78314 3.59071
internal_count=289335 57920 34974 29859 8340 22946 1618 1535 5115 1546 1228 3569 231415 54469 176946 1408 540 327 43735 5057 1876 1597 784 762 38678 4482 1165 34196 8216 1169
is_linear=0
shrinkage=0.03


Tree=186
num_leaves=31
num_cat=0
split_feature=6 23 31 2 0 21 27 15 23 29 21 29 6 28 28 33 29 31 11 31 27 6 15 31 30 23 21 31 11 16
split_gain=8.19126 7.21995 8.38555 6.80155 5.9959 5.9343 13.872 8.53723 9.76157 9.67446 9.87177 9.45836 13.01 13.2545 8.38748 13.9415 23.99 19.2373 15.5975 11.0493 14.2616 13.8729 13.6625 13.1358 12.3244 10.4657 10.626 9.57484 9.47435 9.26757
threshold=0.19833779335021975 -1.2009608149528501 346.99270629882818 3.5116205215454106 5.5000000000000009 -0.81075862050056446 0.96774193644523632 -0.40380246937274927 -1.4629257917404173 -0.90161547064781178 -1.2635596990585325 0.33222858607769018 0.46298213303089147 -0.67803022265434254 -0.96689236164093006 0.68677029013633739 -0.24372464418411252 295.84877014160162 7.2315263748168954 524.19323730468761 0.17491039633750918 2.5071418285369877 -1.1549835801124571 771.62255859375011 2.5000000000000004 -1.0659864544868467 1.3815504908561709 164.34678649902347 6.4336595535278329 -0.017215771600604054
decision_type=8 10 2 2 2 10 2 8 10 2 10 2 10 2 2 2 2 2 2 2 2 10 10 2 2 10 10 2 2 10
left_child=1 2 -1 -3 -4 6 7 8 9 -2 -11 -10 -13 -14 15 18 17 -17 19 20 -7 22 -22 -21 25 -24 27 -27 -29 -23
right_child=5 3 4 -5 -6 14 -8 -9 11 10 -12 12 13 -15 -16 16 -18 -19 -20 23 21 29 24 -25 -26 26 -28 28 -30 -31
leaf_value=-0.01299495597610484 0.035303715820468921 -0.015768393301913725 -0.0055565435283652506 0.018846679836890121 0.06437221338124334 -0.0069829170495101581 0.019462232863245249 -0.0067028677291636422 -0.0034442505869974414 -0.02108215873586386 0.030168465956718325 0.069386713754957655 0.038463231520571427 -0.023537968770642681 0.00047149958619105518 -0.015648177785296993 -0.0098308645021443208 0.13078278945998595 0.0057284338334443177 -0.027781728497449702 -0.015951457190145475 0.037480190808859851 0.0083847662671570327 0.032128238204639066 -0.0035562551639380896 0.004568396504946174 -0.0099729925551165863 0.14096491722580204 0.016291028966138398 -0.017542273163453102
leaf_weight=4.0922832982323589 13.08645222039195 60.865600923316379 1.4059654029333617 4.7347980663180342 2.4430396294410457 4.9349178952106767 23.742129674763419 301.82651592307229 154.17955040658853 7.6435596667361096 4.5584021853792347 2.8299006615416138 4.5975580396261639 5.9869283777079536 1684.3190705018933 1.0234760046005242 54.428341596038081 1.0307687011081723 97.967750140232965 5.5371811783988942 1.1204106208169839 8.5591529519297165 1.3107487688539539 5.6460768176766578 1.2521112276590436 0.71510087710339476 0.49367238354170684 4.9348926953971386 0.91729864838998754 3.1800073559861621
leaf_count=8267 293 121580 3075 26 2318 1160 341 23072 7606 335 292 966 185 987 106785 77 3381 35 4372 805 302 568 143 891 236 121 136 724 76 369
internal_value=6.29809e-05 -0.00973074 0.0158918 -0.0130245 0.0429505 0.000367542 -0.00247067 -0.00356042 0.00136617 0.0183643 -0.00110108 -0.0012924 0.0219632 0.00438881 0.00115223 0.0070584 -0.00541003 0.0765904 0.012217 0.0281239 0.0380683 0.0478329 0.0713821 0.00261938 0.0820939 0.0939167 0.106784 0.115719 0.126652 0.0223682
internal_weight=2469.36 73.5417 7.94129 65.6004 3.84901 2395.82 518.451 494.709 192.882 25.2884 12.202 167.594 13.4144 10.5845 1877.37 193.052 56.4826 2.05424 136.569 38.6016 27.4183 22.4834 10.7442 11.1833 9.62382 8.37171 7.06096 6.56729 5.85219 11.7392
internal_count=289524 135266 13660 121606 5393 154258 34077 33736 10664 920 627 9744 2138 1172 120181 13396 3493 112 9903 5531 3835 2675 1738 1696 1436 1200 1057 921 800 937
is_linear=0
shrinkage=0.03


Tree=187
num_leaves=31
num_cat=0
split_feature=6 0 3 3 4 23 22 29 17 29 29 5 12 22 28 23 25 24 29 3 11 22 19 5 25 14 27 14 28 14
split_gain=7.84569 7.25942 13.4724 15.2392 27.9411 13.4294 10.7041 9.92401 15.3219 14.3191 13.8198 16.3916 13.5839 16.9194 12.8144 9.74762 14.2327 14.9933 16.9665 26.7951 13.4089 13.6735 11.7924 10.8019 10.0968 10.0766 14.3618 11.6994 9.83069 9.82412
threshold=0.0048611110541969546 6.5000000000000009 -0.89771792292594899 1.0495780110359194 22.465523719787601 -0.24705849587917325 -1.2990947365760801 0.31595529615879064 -0.26043055951595301 0.64414587616920482 0.47369650006294256 0.45364433526992803 -0.14655199646949765 -0.43823297321796412 -0.92923668026924122 0.011051453184336426 0.23220069706439975 0.5129971206188203 -0.97507822513580311 0.60036975145339977 14.481814861297609 0.73938214778900158 -1.3272028565406797 -1.9740512967109678 0.19045822322368625 -0.47375611960887903 0.94551971554756176 -0.64323529601097096 -0.46038399636745447 1.205285429954529
decision_type=8 2 2 2 2 10 10 2 10 2 2 8 2 10 2 10 2 10 2 2 2 10 10 10 2 10 2 8 2 10
left_child=-1 -2 6 7 -5 -6 -3 15 -9 10 14 -12 -13 -14 -10 16 17 18 19 -4 23 -22 -19 -17 -23 26 27 -18 -29 -20
right_child=1 2 3 4 5 -7 -8 8 9 -11 11 12 13 -15 -16 20 25 22 29 -21 21 24 -24 -25 -26 -27 -28 28 -30 -31
leaf_value=-0.021791304267419952 -0.0012857294793726457 -0.020738058812622494 0.070403446449653004 -0.017331182101018836 0.0039606388969751919 0.018444696187218539 0.014572669672788578 -0.022810576552009305 0.041853525848429968 0.00046836658716525235 0.0058154010849913425 0.018632840428415318 -0.009101196031588937 0.17514913232341331 -0.023823556079380141 -0.014787100491165191 -0.0030372359107632392 0.029852495689291013 0.015288748819852312 -0.015577136068380222 -0.0035640627178035894 -0.016325617641425091 -0.002930704524100347 -0.002248656800389201 0.026357413936884195 -0.0072091535684796473 0.065783435977069427 -0.0052295576548014025 0.043836302647408946 -0.012932331280380883
leaf_weight=13.48072674404102 1219.6418999298912 7.4884072311397167 9.9195351876551268 35.143736487560091 118.58760377764702 112.35159392654896 101.73795019090176 7.02248405481805 6.0356600089071426 12.639380982203873 2.1413718918702207 1.4327792788026275 0.42665736271010302 1.6169886095376564 3.4901070981068214 136.86085851542884 60.793068217695691 9.8710572570780624 61.345304684888106 4.2041823517065486 77.318468305980787 5.3249423662200561 106.78808771268814 112.89456880669604 27.758840113645419 183.56801532134705 2.4179059583693734 5.4976391646196126 9.0170701537863334 12.703398045181528
leaf_count=86275 114057 1213 268 4362 691 632 12299 9238 373 9334 798 354 186 495 1608 9081 2604 997 6107 40 1468 160 4575 10885 464 9257 18 306 294 926
internal_value=0.000226251 0.000355921 0.00197505 0.000995234 0.00725604 0.0110563 0.0119856 -0.000945577 0.0145192 0.0244194 0.0431425 0.0769103 0.109621 0.146331 0.0178131 -0.00161376 0.00125024 0.00715296 0.0164139 0.0454721 -0.00531362 0.00337173 7.33743e-05 -0.00915104 0.01921 -0.00338661 0.00561815 0.00284966 0.0261127 0.0103395
internal_weight=2469.52 2456.04 1236.4 1127.17 266.083 230.939 109.226 861.088 34.8054 27.7829 15.1436 5.6178 3.47643 2.04365 9.52577 826.283 466.125 204.832 88.1724 14.1237 360.158 110.402 116.659 249.755 33.0838 261.294 77.7257 75.3078 14.5147 74.0487
internal_count=289365 203090 89033 75521 5685 1323 13512 69836 22386 13148 3814 1833 1035 681 1981 47450 25392 12913 7341 308 22058 2092 5572 19966 624 12479 3222 3204 600 7033
is_linear=0
shrinkage=0.03


Tree=188
num_leaves=31
num_cat=0
split_feature=11 18 29 27 12 22 3 3 25 29 18 27 28 29 29 34 28 14 20 27 30 8 28 34 28 34 34 23 27 12
split_gain=7.18277 5.22879 4.21209 14.0816 12.7296 11.2867 15.0007 11.8822 10.1404 17.978 15.5657 11.0956 8.51372 11.0854 7.94964 18.0998 16.492 20.0022 16.4272 12.9923 19.2836 17.2773 15.5544 12.1197 16.9959 15.8 12.1704 13.6665 10.6146 19.1878
threshold=0.068596407771110549 15.221649169921877 -0.99465739727020253 0.25143370032310491 10.828636646270754 0.49005535244941717 0.31137830018997198 1.0495780110359194 0.26675115525722509 -0.99983122944831837 1.8009033203125002 0.92903226613998424 0.039769539609551437 -0.99864786863327015 -0.97507822513580311 1.0638813972473147 -0.15101210027933118 -0.89052885770797718 -0.62046125531196583 0.94551971554756176 1.5000000000000002 7.0213434696197519 0.14250627160072329 0.21271634846925738 0.19337368011474612 0.18501859158277514 0.86039161682128917 0.20030230283737185 0.40985663235187536 13.676924228668215
decision_type=2 8 2 2 2 10 2 2 2 2 10 2 2 2 2 2 2 10 10 2 2 2 2 2 2 2 2 10 2 2
left_child=-1 2 3 12 8 6 -6 -8 -5 10 -10 -11 -2 -14 15 19 -17 -18 -19 20 22 -21 28 24 25 -22 -25 -28 29 -4
right_child=1 -3 14 4 5 -7 7 -9 9 11 -12 -13 13 -15 -16 16 17 18 -20 21 23 -23 -24 26 -26 -27 27 -29 -30 -31
leaf_value=-0.020848686288780695 -0.016348935349609156 -0.025754062977137167 0.069967134981978749 -0.019370579785014792 0.024527640705681187 0.013259737399682841 -0.015921129748944635 0.0080262724210751306 0.081349881940515303 -0.012788620904448685 0.0013848281567630043 0.060876481457560798 0.092017703332346365 -0.0092535118314762133 0.00025618548549451837 -0.019480512782006763 0.024212006109377883 -0.023904532429926451 0.0046005365736632451 0.066843130226844447 -0.0066471192082646242 -0.01177893271597266 -0.0066387381369049448 -0.020673330925298123 0.093216101511751304 0.069805791053777003 -0.013086757200800003 0.032941227036594259 0.019138064283794994 -0.032594257203105811
leaf_weight=13.243728912646473 1.1607889854640223 5.7999724806795703 7.79693615878932 63.478799948105006 13.238268230576066 49.812035995535553 60.414891976863146 26.048075644765049 3.0118351436685762 38.424656600313028 4.9045548094145488 0.94836920220404763 2.281245672609657 1.142603793385206 1845.7806920309013 37.077349257015157 29.324407097417861 25.276231513853418 58.392611601011595 7.0087712649255973 13.103671907971149 3.2808275548741221 18.455910649165162 32.539816095144488 1.4228156955796283 1.9514803016209032 11.986190870637076 9.5931264562532288 72.399468179850373 1.3949386822059748
leaf_count=72663 291 15839 516 4789 110 383 405 157 18 2566 426 18 88 271 180061 777 478 440 1089 153 870 54 1502 1995 149 161 270 202 2296 8
internal_value=0.000393747 0.000517163 0.000590086 -0.00297505 -0.00397175 0.00174261 -0.00408603 -0.00869739 -0.0116315 -0.00105692 0.0375196 -0.00955036 0.044189 0.0637694 0.00102505 0.00529878 -0.00239911 0.00332767 -0.00419143 0.0116617 0.00953569 0.0429517 0.0179421 -0.00246168 0.0193459 0.0069935 -0.00933208 0.00792776 0.0235153 0.0527317
internal_weight=2460.7 2447.45 2441.65 264.866 260.281 149.513 99.7012 86.463 110.768 47.2894 7.91639 39.373 4.58464 3.42385 2176.79 331.005 150.071 112.993 83.6688 180.934 170.644 10.2896 100.047 70.5971 16.478 15.0552 54.1191 21.5793 81.5913 9.19187
internal_count=289045 216382 200543 9522 8872 1055 672 562 7817 3028 444 2584 650 359 191021 10960 2784 2007 1529 8176 7969 207 4322 3647 1180 1031 2467 472 2820 524
is_linear=0
shrinkage=0.03


Tree=189
num_leaves=31
num_cat=0
split_feature=15 18 3 21 27 22 27 3 21 24 29 3 29 21 27 28 27 29 18 23 5 0 22 3 28 21 12 2 5 3
split_gain=9.08826 12.3226 9.91111 9.46828 15.6385 12.0703 9.11643 12.2346 10.8272 8.94902 10.5569 8.58674 10.7712 8.56496 8.41514 16.832 12.5936 20.8357 9.71541 12.9781 11.3584 9.57419 10.2646 8.28257 8.20741 8.20136 8.07157 23.2261 11.6409 8.09499
threshold=0.045712731778621681 8.5876922607421893 1.7961651086807253 0.38086792826652532 0.96774193644523632 2.0519757270812993 0.38243727385997778 -0.26728121936321253 -0.029907707124948498 0.081132221966981902 -0.82413947582244862 -1.259566009044647 -0.074115883558988557 0.30991505086421972 0.78136202692985546 0.07411635667085649 0.76523298025131237 -0.45273527503013605 1.8009033203125002 0.57437908649444591 10.079683780670168 7.5000000000000009 0.69754984974861156 1.0890932083129885 -0.80418667197227467 -0.71602535247802723 10.828636646270754 3.3826205730438237 0.17595671117305758 -0.51785320043563832
decision_type=8 8 2 10 2 10 2 2 8 10 2 2 2 10 2 2 2 2 10 10 10 2 10 2 2 10 2 2 8 2
left_child=-1 2 3 4 5 6 7 9 24 -2 -11 -5 14 -8 16 18 -13 -18 19 20 21 22 -16 -20 -9 -6 29 28 -28 -17
right_child=1 -3 -4 11 25 -7 13 8 -10 10 -12 12 -14 -15 15 26 17 -19 23 -21 -22 -23 -24 -25 -26 -27 27 -29 -30 -31
leaf_value=0.0019084744126472164 -0.018663595694616755 -0.018474992046731805 0.011100540273488304 0.026380578471140084 0.024281159191061861 0.025672987244492042 -0.0063438134673643046 -0.029550028793979971 0.023659833418043289 -0.022618546008841906 0.032333504800525888 0.0059556716587139064 -0.018854535112034165 -0.024860657682651711 0.014604360009886803 0.02574833305650974 0.095330615290293894 0.0069547361638607596 -0.01747053248113559 -0.020354723450410447 -0.025052378643137301 -0.0033948879213782069 0.062527621723724267 0.0093437896059899144 -0.0010583141253018282 -0.00063077845345103759 0.10170711411540448 0.0072202962729256762 0.022041431644327765 -0.012763472474086488
leaf_weight=1408.422489990422 4.1836990933006772 37.277791752290796 55.322183582640719 11.850591958005678 24.407225744798779 10.204174034151945 497.32721476742881 14.548412219206506 8.112289785887695 2.9140699340205236 22.327226669258376 105.51637720526924 21.089045873253781 22.709621005953522 10.798103176057348 5.9717060603434247 2.9221491198986769 6.6433565806364623 68.051042738836259 12.721274230163543 4.5914864279329768 8.5209484007209522 6.3321921769529572 11.547894176095722 22.125624598083963 22.268464833498001 3.216688560787591 24.450108654797077 3.8939331378787756 15.643490704125723
leaf_count=147671 5518 49757 796 2636 296 892 23472 3387 4470 867 10708 8940 11237 926 141 174 29 265 2443 257 34 99 67 58 12804 448 44 136 75 477
internal_value=0.000326681 -0.00176014 -0.00113799 -0.00184315 -0.00392593 -0.00522328 -0.00579606 0.00399726 -0.00586059 0.0187009 0.0253692 0.0023448 0.0013502 -0.00719859 0.00287495 -0.00125873 0.00914385 0.0404201 -0.007365 0.00407317 0.0146711 0.0224547 0.0347908 -0.0135128 -0.0128452 0.012632 0.0126915 0.0221277 0.066177 -0.00145561
internal_weight=2475.91 1067.49 1030.21 974.888 651.128 604.452 594.248 74.2113 44.7863 29.425 25.2413 323.76 311.91 520.037 290.821 175.739 115.082 9.56551 122.563 42.964 30.2427 25.6512 17.1303 79.5989 36.674 46.6757 53.1759 31.5607 7.11062 21.6152
internal_count=289124 141453 91696 90900 63788 63044 62152 37754 20661 17093 11575 27112 24476 24398 13239 4005 9234 294 3099 598 341 307 208 2501 16191 744 906 255 119 651
is_linear=0
shrinkage=0.03


Tree=190
num_leaves=31
num_cat=0
split_feature=18 31 28 8 13 5 8 28 16 29 27 33 13 18 31 28 28 28 16 27 27 1 28 6 19 28 28 27 0 13
split_gain=7.09729 5.01844 12.3723 9.25986 8.58243 6.79232 5.84311 5.45577 12.1362 11.568 18.0945 22.8134 14.3913 17.4539 12.5352 12.4417 11.5058 9.15644 12.5302 9.27453 9.14053 8.94758 7.82612 7.8069 7.43554 6.92385 13.0015 21.3638 21.0189 13.1438
threshold=13.304382324218752 2479.698608398438 -0.99054482579231251 5.7881591320037851 0.10890045762062074 -17.569912910461422 0.24444526433944705 0.27694219350814825 0.84520864486694347 -0.70289847254753102 0.1637992858886719 0.38199619948863989 -0.79030832648277272 4.8340759277343759 54.987888336181648 0.86548283696174633 0.52766072750091564 0.86975130438804638 0.066920332610607161 0.24718532711267474 0.39784945547580725 32.497514724731452 0.65233618021011364 29.643007278442386 -0.73362189531326283 0.67802080512046825 0.52766072750091564 0.81953403353691112 3.5000000000000004 -0.12514901161193845
decision_type=8 2 2 2 10 8 2 2 10 2 2 2 10 10 2 2 2 2 10 2 2 2 2 8 10 2 2 2 2 8
left_child=1 7 4 -4 -3 -5 -6 -1 9 10 16 12 20 25 -15 21 -9 18 -17 -19 -12 -11 -18 -13 -24 26 27 28 -14 -30
right_child=-2 2 3 5 6 -7 -8 8 -10 15 11 23 13 14 -16 17 22 19 -20 -21 -22 -23 24 -25 -26 -27 -28 -29 29 -31
leaf_value=-0.0001137863643778481 -0.021103156780959975 -0.017911723132799779 -0.027876086489619301 0.050629585920304893 -0.011278882413249378 -0.0054114434207323961 0.079347962492768973 0.11245176902669678 -0.015905363782144119 -0.024667507229520821 0.03981122401616196 -0.015539921429886564 0.0011152172694800806 0.056960898171689867 -0.015830931414247164 -0.018005743797954544 -0.014373327072044724 -0.02496236151276417 0.0961235246783846 0.0049316084342940535 -0.0140107789564309 0.028251200670273445 -0.010409902258369189 0.0091078862395321241 0.069298777136051384 0.040108223112545353 -0.0040804064681970852 0.019167059141972594 0.1581469546043367 0.01386565696574537
leaf_weight=2029.9333128728686 13.027963182968959 1.2665953764080762 20.83128485456109 1.1147657169494776 0.52893860586482366 23.507658605158216 1.9683157843828665 1.2773084251675744 25.012881059876236 25.529761428057103 2.267113984780738 40.3544836435467 1.9751320960349392 1.4049559227714805 18.536774365406018 1.0097808908976724 2.2732089163037017 9.5796054449019703 1.1264894513369652 78.915850156714441 21.880657711124513 2.3881465196609488 1.1470653648211739 15.294060865067875 2.6836348546057707 15.81572238128865 18.339829701231793 74.790354139287956 1.6771457178983835 0.98579188523581285
leaf_count=155165 38029 393 15159 35 196 1470 198 203 7399 32111 794 2838 127 268 4163 230 1240 18239 192 6413 1192 14 298 363 452 268 737 1046 36 98
internal_value=0.000174812 0.00029685 -0.00908918 -0.0136506 0.0372989 -0.000997255 0.0624161 0.000493513 0.00386884 0.00536924 0.00941512 0.00767724 0.0134846 0.0173212 -0.00822744 -0.00217871 0.0527323 0.00325477 0.0536363 0.00145283 -0.00757554 -0.0193203 0.026165 -0.00872469 0.0482167 0.0218394 0.018508 0.0237094 0.0805656 0.123102
internal_weight=2456.44 2443.42 49.2176 45.4537 3.76385 24.6224 2.49725 2394.2 364.266 339.253 220.703 213.322 157.673 133.526 19.9417 118.55 7.38122 90.6317 2.13627 88.4955 24.1478 27.9179 6.10391 55.6485 3.8307 113.584 97.7683 79.4284 4.63807 2.66294
internal_count=289366 251337 17451 16664 787 1505 394 233886 78721 71322 14123 11930 8729 6743 4431 57199 2193 25074 422 24652 1986 32125 1990 3201 750 2312 2044 1307 261 134
is_linear=0
shrinkage=0.03


Tree=191
num_leaves=31
num_cat=0
split_feature=27 5 15 14 18 29 18 11 23 15 17 5 20 27 11 24 15 8 24 15 6 18 1 19 19 33 5 17 34 11
split_gain=7.13505 6.4434 4.98087 6.03047 4.69979 4.71679 11.6792 11.0606 9.72191 8.46881 8.29001 8.37903 7.63814 6.45087 9.83788 5.92729 5.81656 6.05386 10.1414 10.7832 9.29353 7.47662 7.16 10.1257 8.55571 7.88998 7.68123 8.61592 6.01963 5.96377
threshold=0.051391525194048888 23.231354713439945 1.9817013144493105 2.4748214483261113 14.970840454101564 0.48877522349357611 11.163238525390627 1.2318025231361391 -0.34913183748722071 -0.52504795789718617 -1.105588376522064 -0.48368930816650385 -0.50881367921829213 0.084187224507331862 5.4407341480255136 0.55896210670471203 1.5231878757476809 4.3094825744628915 0.39459279179573065 0.80166348814964306 0.30132913589477545 2.8501281738281254 20.890459060668949 0.40326756238937383 0.64988133311271679 2.5739468336105351 -0.45795728266239161 1.0580865144729616 1.145931124687195 4.5189309120178232
decision_type=2 10 8 8 10 2 8 2 10 10 8 10 10 2 2 10 10 2 10 10 8 10 2 10 8 2 8 8 2 2
left_child=1 -1 3 4 5 7 16 10 9 -8 11 12 -2 14 -9 -16 17 18 -7 29 -21 -19 24 -24 25 26 -23 28 -28 -20
right_child=2 -3 -4 -5 -6 6 8 13 -10 -11 -12 -13 -14 -15 15 -17 -18 21 19 20 -22 22 23 -25 -26 -27 27 -29 -30 -31
leaf_value=-0.025898335674726065 0.096678740563291787 0.030422592206802282 -0.018424029512695499 0.05026274163578083 -0.025368170688038011 -0.017986662323052863 0.14394027430108314 -0.014192494408538802 -0.011673611805082914 -0.0072916845317442282 -0.024320882439102409 -0.018628868482675802 -0.011475107266068693 0.00029555428404238299 0.069009490084567332 -0.0075545895598935634 -0.028042710923122511 -0.0092738277748774262 0.0093262640353570132 0.097914073909975349 0.013328956062377727 0.016772831782297375 -0.0058495320238714042 0.030745453901742874 -0.010067491520924983 -0.011037625215686448 0.083738592482183113 -0.01389206385721364 0.0080510542326295356 -0.025913474615223694
leaf_weight=13.889125970767051 0.6559153916023206 1.2350731194019324 11.686856364824051 1.183010322114568 5.364866670977789 18.944945955765434 0.37636412924621254 2.6476963878667439 0.61839814073755295 0.31849313121347222 24.257785564732334 1.6340217782708348 0.61654760994133562 2277.7056196484045 3.0514060170098678 0.93768728169379745 3.6114797791669835 10.702564478415296 15.959176860946178 1.0961064057773899 3.533465039829025 5.974166686704848 18.19350254023448 9.6392932070884836 3.3817766974680152 2.0580252616200587 6.3880664452153724 0.83661684248363766 1.3456237932550719 4.8005763895052942
leaf_count=92512 411 9 2044 46 12801 15462 73 2235 398 240 32631 3592 429 114270 322 134 1296 431 5880 493 471 403 188 96 469 139 384 154 312 428
internal_value=0.000193291 -0.0196975 0.000324736 0.000422616 0.000377587 0.000445137 0.00655018 0.000157768 0.0733199 0.111219 -0.0185277 0.0236716 0.0622856 0.000387976 0.0279145 0.0531052 0.00505197 0.00647284 -0.00187994 0.0103647 0.0471909 0.0127261 0.0177394 0.00745113 0.0310302 0.0394978 0.0468985 0.0639516 0.072999 0.000360881
internal_weight=2452.64 15.1242 2437.52 2425.83 2424.65 2419.29 107.779 2311.51 1.31326 0.694857 27.1643 2.90648 1.27246 2284.34 6.63679 3.98909 106.465 102.854 44.3343 25.3893 4.62957 58.5196 47.8171 27.8328 19.9843 16.6025 14.5445 8.57031 7.73369 20.7598
internal_count=288753 92521 196232 194188 194142 181341 27317 154024 711 313 37063 4432 840 116961 2691 456 26606 25310 22734 7272 964 2576 2145 284 1861 1392 1253 850 696 6308
is_linear=0
shrinkage=0.03


Tree=192
num_leaves=31
num_cat=0
split_feature=18 15 20 13 29 3 17 16 23 21 27 0 22 29 27 13 1 29 27 29 29 29 29 29 21 19 1 21 16 31
split_gain=6.07297 9.15902 6.31823 5.435 4.84541 4.7802 6.40527 6.5824 5.64122 5.88061 5.55082 5.51208 6.18078 5.49442 10.5276 13.1706 10.7255 12.587 8.71246 27.8519 8.25588 29.9296 7.84802 10.9582 6.8022 6.6785 6.35899 5.74 5.29836 5.01644
threshold=9.1903686523437518 -0.99940919876098622 -0.13311298936605451 -2.7475781440734859 -0.99938741326332081 2.0380684137344365 -0.44185641407966608 0.090508043766021742 1.5171023607254031 0.23335347324609759 0.051391525194048888 6.5000000000000009 0.53720697760581981 0.63089349865913402 0.23494623601436618 -0.31009712815284723 28.445338249206547 0.88117334246635448 0.1474910452961922 -0.73865258693695057 -0.14250536262989041 -0.13398942351341245 0.93158200383186351 0.95691862702369701 -0.90820664167404164 -1.0712360739707945 0.011772764381021263 0.011514023412019016 0.33246701955795294 1472.0542297363284
decision_type=8 8 10 10 2 2 10 8 8 10 2 2 10 2 2 10 2 2 2 2 2 2 2 2 10 10 2 10 10 2
left_child=3 2 -2 -1 -3 10 -7 8 9 -8 -5 12 -9 18 22 26 17 25 19 24 -21 -22 -15 27 -12 -17 -16 -24 -26 -27
right_child=1 4 -4 5 -6 6 7 11 -10 -11 13 -13 -14 14 15 16 -18 -19 -20 20 21 -23 23 -25 28 29 -28 -29 -30 -31
leaf_value=-0.020771926938917676 -0.022397296172708504 0.023067176606985481 0.026139900473915352 -0.025927155905540001 -0.015917762440569271 0.026370178170307249 0.023852261777723448 -0.033244270134305011 -0.022442479780655812 -0.0025803604913758249 -0.010855431810232992 0.0088365811298472888 0.0092177965987671993 -0.02730627381420301 0.037616545673448576 -0.0019003183557990391 -0.018941258629361378 -0.022214802950076683 -0.00026266479534994841 -0.02604044216962605 0.092644036977087091 -0.0073833542738507884 0.086627950482844426 -0.015838079754144196 0.097241765810997624 0.048838842530343096 -0.016443522900657825 -0.01000739503070109 0.010822865782400059 -0.0058460136125176899
leaf_weight=10.027400621736886 2.3566809957555952 2.1734910502564153 8.8070736897716397 6.3502748810351468 52.453178777592257 12.787904405733569 21.684369908994995 9.2303322285297345 3.1450420314795329 11.101561928691806 0.5500758712296373 8.5840851886314322 3.8954859082587054 9.5392664201499411 1.3511391508800432 2.9862549000536154 3.4322633370757094 2.6981491110054767 2219.5859840046178 6.2720504370008774 2.3400636922451712 13.266320037269896 1.055036959282005 3.2201782345655374 3.5704532704548937 20.353238293639158 11.600579747377195 0.4989411477363318 1.0597922082524744 1.408220830358913
leaf_count=983 3468 126 7555 43172 77799 178 272 132 35 148 156 110 41 8908 243 214 18 945 117338 5703 63 10426 773 5733 460 1057 1406 707 197 768
internal_value=-8.0793e-06 -0.00893056 0.0148947 0.000241 -0.0139798 0.000338154 0.00798177 0.00352209 0.0112865 0.0150905 0.000101874 -0.00925956 -0.0208819 0.000184804 0.00921063 0.0164255 0.0268243 0.0330122 -5.2779e-05 0.0165596 0.000644112 0.0122907 -0.0125122 0.0166576 0.0727964 0.0396623 -0.00851194 0.0638311 0.0828972 0.0451987
internal_weight=2457.38 65.7904 11.1638 2391.59 54.6267 2381.57 70.4288 57.6409 35.931 32.7859 2311.14 21.7099 13.1258 2304.79 58.1433 43.8298 30.8781 27.4459 2246.64 27.0588 21.8784 15.6064 14.3134 4.77416 5.18032 24.7477 12.9517 1.55398 4.63025 21.7615
internal_count=289134 88948 11023 200186 77925 199203 916 738 455 420 198287 283 173 155115 20772 4651 3002 2984 134343 17005 16192 10489 16121 7213 813 2039 1649 1480 657 1825
is_linear=0
shrinkage=0.03


Tree=193
num_leaves=31
num_cat=0
split_feature=6 29 27 1 19 22 27 33 3 22 3 3 30 27 8 29 28 22 27 3 27 8 11 20 5 16 11 15 33 3
split_gain=8.98814 6.42588 13.5669 10.8146 8.61801 8.3469 11.4157 14.0196 11.6327 13.9582 9.35358 15.4437 9.79832 9.07955 8.01158 7.27988 16.9262 16.0028 14.4811 19.7508 13.2743 12.7957 12.1426 10.972 10.0825 9.88197 9.41633 12.2844 12.1605 20.6386
threshold=0.017307694070041183 -0.99465739727020253 0.25143370032310491 17.895938873291019 -0.5078168213367461 0.56949689984321605 0.88530465960502636 3.4425157308578496 0.71112760901451122 1.0870086550712588 0.31137830018997198 1.0495780110359194 2.5000000000000004 0.86111110448837291 5.6656913757324228 -0.98801845312118519 -0.11692013591527937 0.62006792426109325 0.73763442039489757 0.52106276154518139 0.37706093490123754 1.9558935761451723 8.9506421089172381 -0.71137729287147511 5.0672674179077157 0.072921924293041243 8.6928663253784197 -1.5772650837898252 2.6326233148574834 1.638525187969208
decision_type=8 2 2 2 10 10 2 2 2 10 2 2 2 2 2 2 2 10 2 2 2 2 2 10 8 10 2 10 2 2
left_child=-1 2 4 -4 -2 10 7 8 9 -7 12 -12 -5 -14 -13 16 17 18 -3 21 25 -20 -22 -23 -24 -18 27 -17 -29 -30
right_child=1 15 3 5 -6 6 -8 -9 -10 -11 11 14 13 -15 -16 26 20 -19 19 -21 22 23 24 -25 -26 -27 -28 28 29 -31
leaf_value=-0.020645526401800292 0.06397258757966573 -0.0029782918771962619 -0.015272077542648295 0.026884227629540697 -0.0125352799520241 0.071729472171969927 -0.0071560111432319058 0.058921135791429914 -0.006835173859876047 0.00013750900675793049 -0.016912403810084204 0.035396299053609491 0.025876967301250595 -0.028477620552429937 1.4981681561736325e-05 -0.022051860460157245 0.046316330327823646 -0.007692858159869486 -0.0024126261604869009 0.002499300495849469 0.019983035479143939 0.014541966110537078 -0.02072064946959987 0.074787690106231791 0.0024088770183536765 -0.023084188701832594 0.0015388941905769653 -0.00037328534164802758 -0.020257796019733952 0.02697940779689233
leaf_weight=17.876185522647575 3.2008106935827527 9.3463202244020049 69.879317121492932 13.822932315990329 1.5196795758092765 3.7525283317081684 23.032727275043726 5.737194061279296 15.027158279204739 5.0691108489409089 74.330104796681553 6.1035287878476074 3.2930278088897467 7.0478914147242904 30.455192452762276 27.779013128572842 7.189339449774705 13.370859206945168 3.0065447286469924 9.4569280096329731 13.712023896485332 3.9743978676851901 35.874012967920862 14.578106574132102 31.062654639128596 1.7154221840319221 1428.4530086290324 511.9053206936951 58.862229183316231 8.7830269359401409
leaf_count=97583 222 601 6727 108 409 67 226 28 199 77 776 78 23 152 253 7453 447 430 121 75 887 58 985 273 484 316 39152 129426 1784 190
internal_value=-2.37094e-05 0.000135681 -0.00429158 -0.00528717 0.0414566 -0.00150806 0.00852626 0.0205697 0.00934381 0.0347937 -0.00545152 -0.00913499 0.0111433 -0.0104131 0.00670709 0.000670267 0.00718209 0.0203257 0.029569 0.0391635 -0.000841611 0.0544226 -0.00481119 0.0632854 -0.0101097 0.0319661 0.000208638 -0.00291754 -0.00196399 -0.0138209
internal_weight=2459.22 2441.34 262.271 257.551 4.72049 187.671 52.6187 29.586 23.8488 8.82164 135.053 110.889 24.1639 10.3409 36.5587 2179.07 143.287 53.7332 40.3623 31.016 89.5535 21.559 80.6487 18.5525 66.9367 8.90476 2035.78 607.33 579.551 67.6453
internal_count=289610 192027 9345 8714 631 1987 597 371 343 144 1390 1107 283 175 331 182682 4677 1558 1128 527 3119 452 2356 331 1469 763 178005 138853 131400 1974
is_linear=0
shrinkage=0.03


Tree=194
num_leaves=31
num_cat=0
split_feature=15 14 18 29 25 25 12 11 11 25 31 17 15 8 29 29 27 3 28 34 12 28 3 24 34 20 2 18 34 15
split_gain=6.43189 6.92468 5.88099 10.1933 25.6697 11.7411 9.83673 9.46387 10.3193 15.9309 15.2115 9.34382 8.98753 8.89494 9.64071 8.71353 17.2771 12.0794 9.03328 8.65623 15.2623 9.78117 8.5088 12.4738 12.4919 20.1379 11.7291 10.3027 10.1932 9.01535
threshold=1.9817013144493105 2.4748214483261113 1.8655853271484377 -0.99864786863327015 0.30026407539844518 0.1611391678452492 -3.0495036840438838 16.325263977050785 4.0521357059478769 0.19979527592658999 321.83653259277349 -0.34078545868396753 -1.1694180369377134 3.4689532518386845 -0.83375966548919667 -0.99628248810768116 0.25143370032310491 1.0495780110359194 0.039769539609551437 0.91667819023132335 9.4963326454162615 0.022575936280190948 -0.83008018136024464 0.51997235417366039 0.014550478663295509 -0.58017906546592701 0.035886758938431747 3.9169921875000004 0.36635068058967596 1.3959192633628847
decision_type=8 8 10 2 2 2 2 2 2 2 2 10 10 2 2 2 2 2 2 2 2 2 2 10 2 10 2 10 2 8
left_child=1 2 3 4 5 -1 -5 8 9 -8 -11 -12 -13 14 -9 16 18 19 -4 20 -18 -22 23 28 25 -25 -24 -27 -17 -26
right_child=-2 -3 15 6 -6 -7 7 13 -10 10 11 12 -14 -15 -16 22 17 -19 -20 -21 21 -23 26 24 29 27 -28 -29 -30 -31
leaf_value=-0.021174657705965536 -0.021138422493163989 0.055499554212980327 -0.016825642427557221 -0.0098399412721591178 0.071572613395600934 0.016549109227178206 -0.0082462715303497774 0.043095262143102289 -0.00086681148839707538 -0.011853680891589861 -0.002109929729125264 -0.010292460527520413 0.10404906175885668 0.0068068529824017411 -0.0030158521166302257 -0.0083901992762508513 -0.016748570224874474 0.0040282496278563088 0.064131171311788693 -0.023315909308442611 -0.0079031395667028183 0.037475190636797995 -0.02787155180150281 -0.013509661052190584 0.007675666574211047 -0.0033069885097377016 -0.00030641684132124249 0.089020944472170516 0.011699801552301129 0.055689082768310576
leaf_weight=9.0155193977989239 11.57674264514935 1.0489256227665453 1.2270684046379745 56.209251005202532 5.5967165159527203 28.236610292689875 7.0930962193669966 12.282165847718717 286.63077313569374 2.2055120802251622 1.1252655260032041 0.51502771745435882 3.847773744026199 116.42677681939676 5.7110104239545754 59.894100282312138 35.150608570140321 42.812756664818153 3.5067756481003016 52.124299807182979 7.0983120319433501 8.7382949157617968 13.016325761564074 3.1852384514349978 66.340589857471059 1.2368684389948592 1579.5557601421315 5.1430480128328782 35.271864824331715 2.7649370119906953
leaf_count=170 4228 65 262 1672 42 250 1477 102 5942 289 122 118 336 778 82 25917 4115 515 294 1807 105 59 101853 1518 8450 626 122571 1738 3727 319
internal_value=0.000260956 0.000370521 0.000324322 0.00310268 0.0169653 0.00710456 0.00186352 0.00339197 0.000430769 0.0240452 0.0513404 0.0746492 0.0911488 0.00997981 0.0290714 -0.000452102 -0.00735291 -0.00930194 0.0438716 -0.0148223 -0.00585776 0.0178743 0.000140299 0.00642275 0.0151809 0.0457089 -0.000549059 0.0730987 -0.000899903 0.0103637
internal_weight=2464.59 2453.01 2451.96 534.895 42.8488 37.2521 492.047 435.837 301.417 14.7867 7.69358 5.48807 4.3628 134.42 17.9932 1917.07 150.658 145.924 4.73384 103.112 50.9872 15.8366 1766.41 173.837 78.6707 9.56515 1592.57 6.37992 95.166 69.1055
internal_count=289549 285321 285256 11380 462 420 10918 9246 8284 2342 865 576 454 962 184 273876 7157 6601 556 6086 4279 164 266719 42295 12651 3882 224424 2364 29644 8769
is_linear=0
shrinkage=0.03


Tree=195
num_leaves=31
num_cat=0
split_feature=0 34 30 22 14 12 21 20 6 6 3 6 20 28 17 18 16 13 8 6 3 34 25 14 17 22 17 25 6 28
split_gain=7.41724 9.81812 7.83156 8.74422 7.47186 7.0963 6.99094 7.03716 6.53669 5.57093 5.72533 6.61632 5.84058 4.52323 4.50587 4.35204 4.33783 7.47877 4.41174 3.94196 6.20967 7.24077 7.18453 6.12083 9.73461 4.22078 11.9592 14.5843 11.5611 9.36183
threshold=1.5000000000000002 0.84969079494476329 1.5000000000000002 1.0548472404479983 -0.27827055752277369 13.676924228668215 0.91981706023216259 0.14821277558803561 0.001188012305647135 0.65233638882637035 1.3612816333770754 19.771276473999027 1.5244455337524416 -0.93545487523078907 -0.44185641407966608 15.221649169921877 -0.10510608926415442 0.51055368781089794 11.680510997772219 29.643007278442386 -0.24740440398454663 1.145931124687195 0.25283215939998632 0.54913476109504711 0.71086773276329052 0.72575426101684581 -0.99052309989929188 0.27081741392612463 11.893356323242189 -0.56368473172187794
decision_type=2 2 2 10 8 2 10 10 8 8 2 10 10 2 10 8 8 8 2 10 2 2 2 10 10 10 10 2 10 2
left_child=1 -1 3 -3 5 6 13 -8 -2 -6 12 -12 16 -4 -15 19 17 -11 -19 25 -21 23 -23 24 -22 -10 27 28 -27 -29
right_child=8 2 4 -5 9 -7 7 -9 15 10 11 -13 -14 14 -16 -17 -18 18 -20 20 21 22 -24 -25 -26 26 -28 29 -30 -31
leaf_value=-0.018366334916705071 -0.023857514208518969 -0.020714841586904897 0.024193240661009276 0.023336788086377635 0.032681650854092407 0.020847262711535006 -0.0094501446028924397 0.070692013276463031 0.0013791543621217354 -0.018473972614515447 -0.011736043530762685 0.037178456200205059 0.033854933491269737 0.015382857445845119 -0.026754020412922561 -0.02501443547527336 -0.02461801100629878 -0.00055910463307315287 0.05337316708241574 0.034384846414448389 -0.025851990508916751 0.021830424508817128 -0.0050501557819248779 0.013042822450671549 0.010299695901191213 -0.010567323746907289 -0.0035044717300037301 -0.00068388211723483688 0.031079065676248067 0.045728072133022907
leaf_weight=40.968856983490696 8.6576401563579548 26.227465117168325 1.7406143714324578 3.909493265033233 2.2356302410480557 27.299052711110562 1.4922431734448758 1.0686519140726884 1726.3978815527371 8.3039481074665655 4.2970081218518299 3.9311747588217258 1.3002614392898966 2.1626911346684219 10.273492888809413 4.8291992918821043 20.410335609354661 2.7542624643829177 1.6671285107731817 6.004787061829119 16.598728541284803 27.649813659023494 12.542725224047897 11.513479560788253 10.12162732798606 24.219383428855512 415.35675094125327 5.4253533592273042 6.8719904675381249 12.753251393412937
leaf_count=23659 68903 1971 207 353 260 206 105 66 135692 307 95 20 82 130 619 12886 833 172 12 86 130 192 82 107 91 2393 38505 473 93 590
internal_value=0.000335594 -0.00588781 -0.00147719 -0.0144343 0.00302512 0.0116791 -0.00360648 0.0344534 0.000773114 -0.00553202 -0.00823706 0.0131302 -0.013569 -0.0122988 -0.0188268 0.000877047 -0.0163672 -0.00230426 0.0258705 0.00094296 0.00726552 0.00478233 0.013523 -0.00451655 -0.0122802 0.000696117 -0.00183933 0.0119886 -0.000680784 0.0325631
internal_weight=2448.98 160.042 119.073 30.137 88.9365 44.0367 16.7377 2.5609 2288.94 44.8997 42.6641 8.22818 34.4359 14.1768 12.4362 2280.28 33.1357 12.7253 4.42139 2275.46 84.4312 78.4264 40.1925 38.2338 26.7204 2191.02 464.627 49.27 31.0914 18.1786
internal_count=289320 29097 5438 2324 3114 1333 1127 171 260223 1781 1521 115 1406 956 749 191320 1324 491 184 178434 688 602 274 328 221 177746 42054 3549 2486 1063
is_linear=0
shrinkage=0.03


Tree=196
num_leaves=31
num_cat=0
split_feature=14 18 5 0 16 17 25 22 6 17 14 19 6 19 3 3 20 8 25 14 6 22 23 15 19 11 18 19 15 15
split_gain=5.47742 5.19392 5.16427 12.8922 9.72254 8.84952 8.44065 8.35593 7.87512 7.5774 8.17823 14.9816 7.30931 7.26881 11.9183 20.0448 13.2815 10.1694 9.9375 12.4248 14.8952 9.26771 9.08291 8.57886 7.81765 7.53194 7.29076 6.8994 6.56706 17.7324
threshold=-2.4964613914489742 15.221649169921877 1.8797081708908083 5.5000000000000009 -1.2131554484367368 0.95304241776466381 0.18643653392791751 1.8455102443695071 5.0223608016967782 0.35332646965980535 -1.1987559795379636 -0.48683351278305048 0.0034965164959430699 0.20760357379913333 0.66441920399665844 0.26530560851097112 0.8062630593776704 1.2550095915794375 0.23751845955848697 0.019001952372491363 3.1025655269622807 0.031714720651507385 0.6542920470237733 0.56958705186843883 -0.39133907854557032 16.823272705078129 3.2735443115234379 -1.3775188922882078 0.99133428931236278 1.0183869004249575
decision_type=10 8 10 2 8 10 2 10 10 10 10 8 8 10 2 2 10 2 2 10 8 10 8 10 10 2 8 10 10 10
left_child=-1 2 5 4 6 12 -4 8 27 -10 11 -11 -2 14 15 -7 18 -18 19 -17 -21 -22 -19 -15 -16 -20 -25 -5 -14 -30
right_child=1 -3 3 7 -6 13 -8 -9 9 10 -12 -13 28 23 24 16 17 22 25 20 21 -23 -24 26 -26 -27 -28 -29 29 -31
leaf_value=-0.014471866157243073 -0.026622938155788218 -0.025671315508063158 0.041334990659035266 0.021096477964038799 -0.0055035050900536222 0.0065807748244892678 -0.01114702901096574 0.023656768594680706 0.0077361109238276099 0.040594992625562459 -0.0034651935389447834 -0.0073699645055662387 -0.00010867632307267267 -0.0075773471953061644 0.003005779085957368 0.015580249828508046 -0.01707562878160282 0.072882218680972319 -0.013511181744846801 -0.0019706332773273346 0.016800736977351512 0.12456929321537351 -0.014405796418048995 0.038880199928366221 -0.02178206143926921 0.030298821796320732 -0.0059802721344352416 -0.0067472693973818498 0.049041046238611205 0.0040730168339180263
leaf_weight=20.746176754480985 7.8145915421409873 5.7282843804568975 6.5117155167099536 7.6218447337450916 425.92489916608611 156.78740211902186 3.8037969464203343 14.886454080085967 197.7867591548129 10.229926784872076 147.46758283785312 11.720691730966793 989.18029955423845 55.48221599705721 41.83238924741454 15.143012961649221 1.1347311109711871 9.3794568304001569 10.624837012961505 1.9470070521347214 1.378390584693989 2.2325610756961396 0.86429206051980045 6.4531862078001696 14.670114694177753 4.0732391278725109 5.3808307697763675 118.1784930058493 7.3481301335414164 150.73303545703675
leaf_count=2556 59459 24909 159 498 15198 31953 146 465 3893 242 2787 157 108265 3201 2600 892 503 428 613 331 65 75 110 213 495 71 519 6739 1064 20686
internal_value=0.00051821 0.000651961 0.000724649 -0.00100891 -0.004786 0.00182864 0.0227076 0.00223835 0.00154504 0.00376284 -0.000893925 0.0157786 0.000592636 0.00617441 0.00844203 0.011813 0.0288453 0.0559979 0.0188189 0.0317194 0.0666105 0.0959968 0.0648913 -0.00258157 -0.00369693 -0.000213537 0.0196059 -0.00490723 0.00080104 0.00645842
internal_weight=2453.07 2432.32 2426.59 944.132 436.24 1482.46 10.3155 507.892 493.005 367.205 169.418 21.9506 1155.08 327.384 260.067 203.565 46.7775 11.3785 35.399 20.701 5.55796 3.61095 10.2437 67.3162 56.5025 14.6981 11.834 125.8 1147.26 158.081
internal_count=289292 286736 261827 30284 15503 231543 305 14781 14316 7079 3186 399 189474 42069 38136 35041 3088 1041 2047 1363 471 140 538 3933 3095 684 732 7237 130015 21750
is_linear=0
shrinkage=0.03


Tree=197
num_leaves=31
num_cat=0
split_feature=28 28 5 28 8 3 3 1 17 27 29 12 29 33 28 5 30 27 18 13 15 27 17 18 27 8 24 17 5 31
split_gain=5.52227 10.3576 15.292 8.7405 9.87922 14.2641 5.56801 9.03845 10.295 8.86004 10.2572 14.1523 13.7437 39.2483 13.5882 14.4727 12.1173 15.8265 14.0158 10.9902 9.87742 9.57328 13.0341 14.4729 9.54959 8.84291 8.76664 8.35254 8.31174 8.28347
threshold=0.94978111982345592 0.99818283319473278 1.9605317115783694 0.99983760714530956 3.2385717630386357 1.0114381313323977 1.5261604189872744 24.737689018249515 0.0095796305686235445 0.051391525194048888 -0.26037105917930597 16.804019927978519 -0.21022038161754605 2.338193535804749 -0.8940606117248534 14.881246566772463 1.5000000000000002 0.45358422398567205 3.2394256591796879 -1.5742173790931699 0.28191718459129339 0.35000000894069677 -1.0860490202903745 7.3944091796875009 0.076523300260305419 4.8240082263946542 1.0554278492927553 -0.49098426103591913 -7.9967195987701407 370.20425415039068
decision_type=2 2 8 2 2 2 2 2 10 2 2 2 2 2 2 10 2 2 10 10 8 2 10 10 2 2 10 8 10 2
left_child=6 -2 3 4 -3 -6 9 -8 -9 -1 14 12 13 16 15 -11 17 -12 -19 -14 -20 22 -21 29 -25 -15 -18 -22 -23 -24
right_child=1 2 -4 -5 5 -7 7 8 -10 10 11 -13 19 25 -16 -17 26 18 20 21 27 28 23 24 -26 -27 -28 -29 -30 -31
leaf_value=-0.027209312857422896 -0.019950186798712102 -0.0076813911094355614 -0.020440493580080741 -0.016238911190891089 0.076778831492990446 -0.0073551758059703523 -0.013775858466779154 0.015540076111593045 0.0017973302939410126 -0.017207640421670851 -0.023834880146128216 -0.016385371169536044 -0.019966072088516758 0.14214551319292584 -0.00019199315266450867 0.023353962695614783 -0.025037975924136667 -0.021415734121965891 -0.0065457709736195897 -0.021181526614145987 0.019095734206748691 0.01148605762624033 0.0019156393253632548 -0.017986263588712633 0.052898089510855402 0.045456970799706183 0.036147559469569081 0.095106413281135532 -0.0046832440170078973 0.01913328234889072
leaf_weight=9.7262394997669599 31.869377916795202 2.9018624366144632 10.409440142640962 2.8718541608541264 5.4462981797987595 2.2963809989742003 20.429089829180157 75.247052320744842 138.45289518474601 70.877179217692174 3.4616980397186188 24.584914691513404 14.424427490463129 1.6013617191929359 1752.0391407398856 8.0222364424262178 9.6242389449616876 1.8541277807671566 1.5066227437928312 8.8951407696804363 2.5177088419441134 40.964812841091771 48.813989018897701 1.4879349740876922 11.267935086449141 3.5686694765463471 1.7012242425698776 4.3726384586188933 88.931461133033736 51.418084418772196
leaf_count=84073 23769 3031 836 1326 240 74 2948 471 898 9437 809 179 4296 83 97834 71 848 77 91 7113 92 1840 16692 3833 5289 77 148 113 10096 12910
internal_value=0.000246524 -0.00899931 0.00580252 0.026029 0.037848 0.0538386 0.000465514 0.00484978 0.00668621 -1.13677e-05 0.000124142 0.00506207 0.00689007 0.0257417 -0.000743859 -0.0128428 0.00867584 0.0267978 0.0444947 0.0046625 0.0597786 0.00614687 0.0121495 0.0149363 0.0439232 0.0935894 -0.0136601 0.0732725 0.00046479 0.0108499
internal_weight=2451.59 55.7952 23.9258 13.5164 10.6445 7.74268 2395.79 234.129 213.7 2161.66 2151.94 320.997 296.412 30.2083 1830.94 78.8994 25.0383 13.7128 10.2511 266.204 8.39697 251.779 121.883 112.988 12.7559 5.17003 11.3255 6.89035 129.896 100.232
internal_count=289594 29276 5507 4671 3345 314 260318 4317 1369 256001 171928 64586 64407 2338 107342 9508 2178 1182 373 62069 296 57773 45837 38724 9122 160 996 205 11936 29602
is_linear=0
shrinkage=0.03


Tree=198
num_leaves=31
num_cat=0
split_feature=29 3 27 29 34 28 13 20 31 31 31 28 8 24 19 33 27 1 22 12 27 31 34 15 29 15 16 11 12 28
split_gain=7.96443 12.4776 11.2805 8.0935 21.6406 14.3077 22.0708 14.2055 13.1838 13.6879 12.9599 12.5052 10.434 12.4102 16.6618 11.5392 10.0611 9.86672 9.84867 9.67987 9.62865 14.1167 9.26427 8.90088 10.7233 8.77977 8.74258 8.40183 8.20042 8.16751
threshold=-0.99465739727020253 1.0495780110359194 0.25143370032310491 -0.97507822513580311 1.0638813972473147 -0.15101210027933118 -0.73568794131278981 -0.62046125531196583 308.68588256835943 325.69728088378912 260.51104736328131 -0.13398594409227368 2.478232860565186 0.48644058406353002 0.55004972219467174 0.7008100450038911 0.67204302549362194 17.107065200805668 0.62006792426109325 16.804019927978519 0.72114697098732006 513.0165252685548 1.6551074981689455 0.40500828623771673 -0.9852197766304015 1.0576604008674624 0.47486735880374914 9.4903645515441912 -2.1451216936111446 0.19337368011474612
decision_type=2 2 2 2 2 2 10 10 2 2 2 2 2 10 10 2 2 2 8 2 2 2 2 10 2 8 10 2 2 2
left_child=1 2 -1 4 8 20 16 -8 10 11 12 -10 13 23 27 -14 -7 -13 -18 -12 21 -6 -23 -2 -25 -22 29 -15 -26 -9
right_child=3 -3 -4 -5 5 6 7 26 9 -11 19 17 15 14 -16 -17 18 -19 -20 -21 25 22 -24 24 28 -27 -28 -29 -30 -31
leaf_value=0.034166551973413263 -0.019308190059491494 0.0084589366951399424 -0.0089761913348631924 0.00018073582026403165 -0.023988568784048224 -0.015464356378826202 -0.025288139462375878 -0.011006125160956625 0.064227397442879711 0.011499243670335654 -0.024606586512816744 -0.015294448910639672 -0.016359721148279906 -0.0096499962521936298 0.12767954811701906 0.010866743610151523 0.035549222243358922 0.042736673418558531 -0.0057395786811632451 0.034610585733452701 -0.028522008468880838 0.11549355805679401 -0.01107757163462993 -0.013163601126333444 -0.01139939847895332 0.021705694894383187 0.026267996535091532 0.044180993527238956 0.097151131068662702 0.021615190254926583
leaf_weight=4.6385493421839774 5.992646480881378 51.932310469914228 203.896700066005 1856.7798241603086 1.8458581492304795 5.1641327786201137 24.835994908149587 31.93637942627538 10.934826593613254 28.942480780358892 15.525323824258523 4.4368574086693098 15.960941779369021 3.1570588414469958 1.0829350598505687 81.292883819318376 24.795599400182255 4.349549937993288 6.194751879200342 2.0237989053130141 31.078980987425894 0.64621136721689232 0.52669555007014424 2.0808172460529026 0.59704760275781144 2.7443303915206334 9.6686275824031309 8.578918223618528 1.3073988110409116 7.7673585679731323
leaf_count=652 953 652 8181 269028 24 266 466 604 201 2773 989 251 884 483 62 1032 259 49 71 15 566 48 102 209 96 40 169 251 90 175
internal_value=0.000364275 -0.00458486 -0.00785807 0.000954657 0.00525049 -0.00333617 0.00210393 -0.00726109 0.0120181 0.0252967 0.00717341 0.0440134 0.010708 0.0285513 0.0469674 0.00627741 0.021004 0.0148643 0.0273745 -0.0162798 -0.0192573 0.0261142 0.0797157 0.00276838 0.0331791 -0.0239404 0.00212914 0.0300794 0.0709123 -0.00425007
internal_weight=2450.72 260.468 208.535 2190.25 333.468 147.205 110.363 74.2084 186.263 48.6637 137.6 19.7212 120.051 22.7968 12.8189 97.2538 36.1545 8.78641 30.9904 17.5491 36.8421 3.01877 1.17291 9.97791 3.98526 33.8233 49.3724 11.736 1.90445 39.7037
internal_count=289641 9485 8833 280156 11128 2790 2010 1414 8338 3274 5064 501 4060 2144 796 1916 596 300 330 1004 780 174 150 1348 395 606 948 734 186 779
is_linear=0
shrinkage=0.03


Tree=199
num_leaves=31
num_cat=0
split_feature=6 21 3 8 13 11 6 21 24 8 15 21 15 20 24 16 19 6 4 0 30 19 19 19 22 3 11 6 4 8
split_gain=6.78972 5.58822 4.67601 6.62969 16.1027 7.40732 10.8153 11.6255 7.14201 9.78216 9.95886 9.89408 9.50842 8.62807 7.57774 13.8104 9.14751 7.94626 6.49686 10.9247 11.1269 10.5756 9.03159 16.994 14.3136 15.4799 16.2053 10.3774 8.93876 8.94876
threshold=0.0034965164959430699 -2.7952520847320552 -1.3391843438148496 4.6370584964752206 -0.39346231520175928 3.6884747743606572 4.6809558868408212 0.060586582869291312 0.46903522312641149 1.9558935761451723 -0.80416950583457936 -0.47832362353801722 -0.67889520525932301 1.00287401676178 0.95728367567062389 0.42807403206825262 0.45689553022384649 8.6404991149902362 5.4861268997192392 4.5000000000000009 1.5000000000000002 0.80557829141616832 0.62381857633590709 1.0595119595527651 -0.51732665300369252 -0.4479814320802688 7.9295349121093759 5.1518781185150155 -2.3612788915634151 3.6617658138275151
decision_type=8 10 2 2 10 2 10 10 10 2 10 10 8 10 10 8 8 10 2 2 2 10 10 10 10 2 2 8 2 2
left_child=-1 -2 3 8 -5 -6 7 -7 12 10 -10 -12 13 -3 15 16 17 -13 19 -4 22 -22 -21 24 -24 26 28 -27 -26 -30
right_child=1 2 18 4 5 6 -8 -9 9 -11 11 14 -14 -15 -16 -17 -18 -19 -20 20 21 -23 23 -25 25 27 -28 -29 29 -31
leaf_value=-0.022422774056090226 -0.022010924704282842 -0.013809160909812991 -0.010518458040382454 -0.012946270235700967 0.083963543065699975 -0.0069082283073928314 -0.022184424566447945 0.095073991857728649 -0.010124516981169762 -0.010259353834112127 -0.00036233194873418586 0.11644905513044512 -0.019296019310052467 0.052898389385995628 0.013215893050351514 -0.0027664738013481556 -0.010285673328311288 -0.0084394722013182884 0.0011290738449179724 0.0016577199494555172 -0.0018265504970426171 -0.019709597277469956 -0.0035494555975405305 -0.0014556839085598321 -0.0082723493776307722 0.043363671784403972 0.018727103755599394 -0.023774984672676136 0.14422756995363689 0.01689060164632733
leaf_weight=10.76000427452527 8.949231253078322 2.6417228281643474 121.04013251067954 5.2775262016803026 2.8410676965722796 1.5240450603887441 2.2495214897207916 1.3805751716718075 4.9830202911398418 10.164161272870841 4.5113253240706426 3.6861491781019069 17.850527690141465 2.7591129333304707 3.6921367640607059 1.7010767882893576 0.50551768054720181 0.36497825430706132 1850.8096746218216 131.00871684967569 192.43274119331909 34.266469840156788 5.49544118971244 20.390012544805359 0.37584371661796456 3.7906772862916087 3.0950825200416148 2.7992752166101127 2.9302078919863574 0.90211188362445671
leaf_count=84205 1205 967 52312 280 209 96 57 78 949 768 883 738 6435 353 520 323 90 11 48269 33058 36195 9584 2062 6719 344 1576 108 873 331 73
internal_value=0.000318133 0.000427364 0.000518815 0.00832664 0.0264872 0.0510622 0.0222298 0.0534992 0.00335953 0.0129416 0.0249782 0.0369463 -0.00887283 0.0232098 0.0523505 0.0704381 0.0933464 0.105754 0.000297463 -0.00266732 -0.000256139 -0.00460433 0.00550875 0.0178402 0.0372089 0.0524866 0.0800024 0.0154696 0.112821 0.123951
internal_weight=2455.18 2444.42 2435.47 66.1325 13.2727 7.99521 5.15414 2.90462 52.8597 29.6084 19.4442 14.4612 23.2514 5.40084 9.94986 6.25772 4.55665 4.05113 2369.34 518.527 397.487 226.699 170.787 39.7787 19.3886 13.8932 7.30325 6.58995 4.20816 3.83232
internal_count=289671 205466 204261 12757 720 440 231 174 12037 4282 3514 2565 7755 1320 1682 1162 839 749 191504 143235 90923 45779 45144 12086 5367 3305 856 2449 748 404
is_linear=0
shrinkage=0.03


Tree=200
num_leaves=31
num_cat=0
split_feature=0 11 28 6 16 30 24 15 23 12 25 3 14 20 27 31 24 33 1 12 18 27 28 12 8 3 28 28 28 3
split_gain=6.05602 11.9749 8.55754 12.6899 9.93844 9.49755 9.48949 10.8079 9.03847 8.4582 8.42297 9.96493 7.77439 9.48997 7.30365 7.64195 6.57293 8.44065 7.78346 5.2969 5.279 5.42187 12.2312 12.2911 13.4515 12.1087 9.5256 25.1842 13.2928 18.4211
threshold=2.5000000000000004 4.5189309120178232 -0.35041563212871546 3.1708469390869145 -1.2131554484367368 2.5000000000000004 0.84286493062973034 -1.0000000180025095e-35 -0.19698998332023618 10.127922534942629 0.22692622244358066 -0.25294324755668635 -0.39401808381080622 -2.0761303901672359 0.91935485601425182 370.20425415039068 0.84286493062973034 2.2137644290924077 35.575925827026374 27.941099166870121 13.755477905273439 0.91254481673240673 -0.80418667197227467 7.5428299903869638 2.1028304100036626 1.0890932083129885 -0.59869033098220814 -0.50556187331676472 -0.42957681417465204 0.36075805127620703
decision_type=2 2 2 8 10 2 10 8 8 2 2 2 10 10 2 2 10 2 2 2 8 2 2 2 2 2 2 2 2 2
left_child=1 -1 4 6 5 -3 10 -8 9 -5 -4 -12 -6 -14 15 19 -15 -18 -19 -11 21 -2 23 24 -23 26 -24 -28 -29 -30
right_child=20 2 3 8 12 -7 7 -9 -10 14 11 -13 13 16 -16 -17 17 18 -20 -21 -22 22 25 -25 -26 -27 27 28 29 -31
leaf_value=-0.023883111339467432 0.0018787320528189445 -0.01674108049585642 -0.0061861220062841499 -0.01050534796678909 -0.017221868127982091 0.055417475025084879 0.042174549516328902 -0.0079205469363579865 -0.0093285880942479884 -0.024300556880825552 0.056288963441867297 -0.0069462567165704684 0.043782601926320816 -0.012228413227994811 0.040291190794516984 0.029870587007898144 -0.0041094448001595093 0.057524728997798029 0.0027358210804733015 0.014101823436019191 -0.020718718691378916 -0.0048797765101790316 -0.02103798451051769 -0.012665216725754722 0.067018099645585014 0.022361514766935289 0.030373984952025718 -0.022496851628416172 0.0031971600529106512 -0.011839616992741648
leaf_weight=22.776921344942821 1711.2542275643209 2.0430243440059703 20.423265346173142 13.152322242764056 55.835309425063315 3.334483302780427 15.625795959291279 4.6858600684790899 67.238049297302496 6.5477963115554356 4.0463119068008382 3.6835907449130891 2.7859637859510249 44.5232814422925 8.0668544322252256 6.7564354876521966 23.560185328591615 3.5626023990334925 4.9930110350251198 4.7862011305987835 8.9989975999778817 3.3370299784000945 26.450090226484463 4.826621437445282 5.9572404325008392 15.36163145303726 18.624080807319842 32.61717770807445 189.09635464858729 118.44700236385688
leaf_count=40426 197468 143 2475 974 3488 89 868 474 1560 110 690 359 98 4353 68 104 1214 211 23 22 27579 133 651 47 88 83 229 599 3817 877
internal_value=0.000455266 -0.0033977 -0.00174431 0.00310928 -0.00707817 0.0296766 0.0156706 0.0307883 -0.002697 0.00859619 0.00408159 0.0288111 -0.00874648 -0.00264829 0.0182339 0.00680286 -0.00487832 0.00537295 0.0291827 -0.0082552 0.00103125 0.00113301 -0.00194117 0.0245556 0.0432374 -0.00293399 -0.00399796 -0.00268677 -0.0045806 -0.0026137
internal_weight=2453.4 318.427 295.65 155.012 140.638 5.37751 48.4648 20.3117 106.548 39.3096 28.1532 7.7299 135.26 79.425 26.1573 18.0904 76.6391 32.1158 8.55561 11.334 2134.97 2125.97 414.717 14.1209 9.29427 400.596 385.235 358.785 340.161 307.543
internal_count=289320 57749 17323 7704 9619 232 4866 1342 2838 1278 3524 1049 9387 5899 304 236 5801 1448 234 132 231571 203992 6524 268 221 6256 6173 5522 5293 4694
is_linear=0
shrinkage=0.03


Tree=201
num_leaves=31
num_cat=0
split_feature=27 1 15 14 11 29 28 8 3 22 28 15 28 18 11 19 28 28 28 27 27 34 17 0 21 27 28 34 13 6
split_gain=5.13225 7.25924 4.15692 3.96422 4.07388 8.91266 18.1126 16.8437 15.7068 12.1745 11.9203 10.6764 10.264 21.8929 12.5834 11.5162 9.75108 10.8932 30.0661 27.137 20.7046 23.4016 17.2077 19.6475 19.4665 13.3477 12.868 11.7353 10.0745 9.9258
threshold=0.051391525194048888 28.445338249206547 1.9817013144493105 2.4748214483261113 16.325263977050785 -0.26037105917930597 -0.42957681417465204 8.3343687057495135 0.84479612112045299 -2.3011286258697505 -0.50556187331676472 -1.5462977290153501 -0.38242425024509424 7.6023101806640634 11.252642154693605 -0.60903194546699513 -0.8940606117248534 -0.7386675477027892 -0.78326541185379017 0.74731183052062999 0.76523298025131237 3.4957098960876469 0.54326373338699352 4.5000000000000009 1.0516629815101626 0.89068099856376659 -0.67803022265434254 0.18501859158277514 -1.8351733684539793 0.081512618809938445
decision_type=2 2 8 8 2 2 2 2 2 10 2 10 2 8 2 10 2 2 2 2 2 2 8 2 8 2 2 2 10 10
left_child=1 -1 3 4 5 6 7 10 11 -9 16 -7 13 15 -15 -8 -2 18 20 22 -18 25 23 -20 27 -22 -19 -25 -28 -29
right_child=2 -3 -4 -5 -6 8 12 9 -10 -11 -12 -13 -14 14 -16 -17 17 26 19 -21 21 -23 -24 24 -26 -27 28 29 -30 -31
leaf_value=-0.026430003399023537 -0.019663910844518528 0.025120515053027211 -0.017644409092590168 0.042356284520287321 0.0025496326098561608 -0.021660339917980474 0.021289744463714691 0.057633251056326898 -0.0039593813717218058 0.0019218986012072329 -0.023111335562002913 0.0093396673205848393 0.00012519631511891571 0.12814144443855865 0.0074744326418654094 -0.0038354430068303358 -0.022650067678167869 -0.025733170745022273 -0.010990195808174352 -0.0050522996510493894 -0.015726120730833352 0.08997606173573712 0.0009124797004143963 0.01603307078014559 -0.00024573372492410977 0.020907986442293625 0.038578977920612295 0.027794357248781498 -0.0067615273943971823 0.13837748098873107
leaf_weight=11.740967075580555 46.728996216872474 2.2069743163883677 10.319037977926198 1.0426231746241672 661.09292178307078 9.4878432757104729 30.101349180331454 2.6541273973416528 153.18426837550942 107.25589604047127 50.078674834483536 249.99241590382735 840.74968434198672 1.2433609162399073 1.3923374149017034 34.236546261352487 38.566283858155657 35.167784845034475 2.0411808794888229 12.795755820872726 18.006109081325121 1.9313064161688078 4.4408075479441349 1.5195846209244281 1.952355795190672 15.926059206249191 3.6428721883567041 1.5067664460511876 91.484908186772373 4.9845302448375151
leaf_count=92834 8416 18 2027 49 10200 4325 772 43 8436 2202 3049 72168 61849 96 26 1117 6430 3482 524 783 1134 22 558 174 164 557 265 69 7379 298
internal_value=0.000386992 -0.0171383 0.000494438 0.000578928 0.000543472 -0.000210644 -0.00139151 -0.00637432 0.00364194 0.00377474 -0.00974788 0.00812735 0.00103191 0.0122451 0.0839863 0.00806564 -0.00729013 -0.00474561 0.00250191 0.0277541 -0.00765526 0.00864663 0.0521066 0.0695184 0.0855103 0.00157441 -0.0104873 0.104118 -0.00464197 0.119845
internal_weight=2447.47 13.9479 2433.53 2423.21 2422.16 1761.07 1348.41 440.684 412.665 109.91 330.774 259.48 907.723 66.9736 2.6357 64.3379 280.695 233.966 103.671 29.241 74.4298 35.8635 16.4452 12.0044 9.96324 33.9322 130.296 8.01088 95.1278 6.4913
internal_count=289466 92852 196614 194587 194538 184338 99409 35549 84929 2245 33304 76493 63860 2011 122 1889 30255 21839 10713 2570 8143 1713 1787 1229 705 1691 11126 541 7644 367
is_linear=0
shrinkage=0.03


Tree=202
num_leaves=31
num_cat=0
split_feature=27 4 31 31 25 29 28 29 28 11 29 29 29 28 28 15 13 29 21 22 25 28 5 22 25 11 0 29 29 31
split_gain=5.48217 5.30689 4.75821 9.02352 16.3514 14.0148 10.6319 8.00143 12.4422 8.19878 8.17093 22.1133 25.3468 17.0041 8.96377 7.40058 10.8302 9.24335 7.67968 6.73539 6.33491 6.18953 6.10136 6.85465 6.85533 5.74618 5.19088 5.04496 29.9262 20.4343
threshold=0.051391525194048888 22.465523719787601 69.397317886352553 96.344528198242202 0.30538792908191686 -0.98801845312118519 -0.98523971438407887 -0.61236745119094838 -0.77245554327964772 26.554289817810062 -0.75013810396194447 -0.82413947582244862 -0.80417042970657338 -0.65234524011611927 0.21022171527147296 -0.20121361315250394 0.51055368781089794 -0.96687281131744374 -1.2635596990585325 1.6078912019729616 0.064896084368228926 -0.11692013591527937 13.25410032272339 -0.37827588617801661 0.37300643324851995 11.424609184265138 7.5000000000000009 -0.92272481322288502 -0.90161547064781178 220.38897705078128
decision_type=2 2 2 2 2 2 2 2 2 2 2 2 2 2 2 8 10 2 10 8 2 2 8 10 2 2 2 2 2 2
left_child=1 -1 7 4 -4 -6 -7 8 -2 10 11 14 -13 -14 15 22 18 21 -17 20 -9 -18 23 26 -25 -20 -10 -5 29 -29
right_child=2 -3 3 27 5 6 -8 19 9 -11 -12 12 13 -15 -16 16 17 -19 25 -21 -22 -23 -24 24 -26 -27 -28 28 -30 -31
leaf_value=-0.027448327595909181 0.070644953954407744 0.016247631326944043 -0.017912532384587176 -0.0017659500817688101 0.09507080214628949 0.074250570479378761 -0.017806756315418937 0.029022560219060571 0.031066723927755821 -0.026057323031116419 -0.022285819674578336 0.10234864255886111 0.080063861682912699 -0.02059542623136798 -0.023760431739873401 -0.013602301916999833 0.054512445846547908 -0.014178191921601409 0.0013953239061067235 0.032601216970869255 -0.014030984017071046 -0.0075845078515137743 -0.016817467062024732 -0.011752041019393023 0.032327991251805584 0.0434878057121258 -0.0047809694768551408 0.04772062154700156 -0.00023030836328780064 0.010664366893632883
leaf_weight=10.711030550410213 1.8762076651910309 2.4631010703742495 49.553557855913823 909.58836150768911 1.1542157148942349 0.4371149195358156 4.2791742080298709 2.4452434000704661 11.704696843866261 5.3553219374734899 6.119020654965424 3.9028113167732954 1.0791593514150006 4.5898062648484466 7.1578297760861451 2.5761506232665878 2.7376582667347975 11.987173202389391 3.5397866343846571 2.6262356802690183 33.526442102076544 2.0004446474194948 11.712170301936565 17.588364807248585 2.8433030395535743 17.674746539443731 4.7553232826758167 14.798129295697434 1215.2544062368834 95.625260772634647
leaf_count=92898 98 20 4470 33079 93 38 531 874 271 87 680 146 44 302 1005 61 91 317 219 364 5103 161 151 522 52 254 86 731 143077 3624
internal_value=-0.000105243 -0.0187088 2.45087e-06 -0.000345536 -0.012194 0.0316577 0.00222201 0.0050244 0.0088527 0.00727584 0.00908668 0.0110919 0.0523221 0.00769851 0.00649711 0.00916399 0.0184669 -0.000177297 0.0310526 -0.00672334 -0.0103985 0.0315421 0.00119317 0.00720402 -0.0043956 0.0368434 0.0210296 -4.64271e-05 0.00113383 0.0160141
internal_weight=2461.66 13.1741 2448.49 2290.69 55.4241 5.8705 4.71629 157.798 119.2 117.324 111.968 105.849 9.57178 5.66897 96.2776 89.1198 40.516 16.7253 23.7907 38.5979 35.9717 4.7381 48.6039 36.8917 20.4317 21.2145 16.46 2235.27 1325.68 110.423
internal_count=289449 92918 196531 185643 5132 662 569 10888 4547 4449 4362 3682 492 346 3190 2185 1103 569 534 6341 5977 252 1082 931 574 473 357 180511 147432 4355
is_linear=0
shrinkage=0.03


Tree=203
num_leaves=31
num_cat=0
split_feature=8 24 20 31 4 29 28 28 22 15 28 12 29 25 12 28 14 15 17 20 13 16 15 28 6 17 30 2 22 28
split_gain=6.43322 5.94873 7.08152 5.61475 7.64361 16.0291 8.54758 10.2698 7.53757 7.20627 7.37324 6.45873 6.16389 7.6029 12.6339 15.8838 18.0621 8.54917 11.0588 7.51881 6.94126 6.93108 8.80292 6.91689 5.88434 5.84417 10.9646 17.0979 12.5132 8.66822
threshold=0.019133803434669975 1.00459760427475 0.45583520829677587 69.397317886352553 -2.389207005500793 -0.81427544355392445 0.21022171527147296 0.17646842449903491 0.65830430388450634 -1.4165431857109068 -0.58482360839843739 -1.430660545825958 -0.75013810396194447 0.20253597944974902 5.518719196319581 -0.30163703858852381 0.51500275731086742 -0.061590634286403649 -0.73056256771087635 -0.3760844618082046 0.72677853703498851 -0.30868923664093012 0.45914410054683691 0.10837544873356821 8.3702816963195819 -1.0308746695518491 1.5000000000000002 2.7058720588684086 -1.2990947365760801 0.9159645438194276
decision_type=2 10 10 2 2 2 2 2 10 8 2 2 2 2 2 2 10 10 10 10 8 8 8 2 10 8 2 2 10 2
left_child=1 -1 -3 4 5 8 7 9 -2 10 11 -6 13 14 15 16 19 -15 -19 -11 23 -20 24 -17 -23 26 28 29 -5 -28
right_child=3 2 -4 25 6 -7 -8 -9 -10 12 -12 -13 -14 17 -16 20 -18 18 21 -21 -22 22 -24 -25 -26 -27 27 -29 -30 -31
leaf_value=-0.025943255138433027 0.12346533584967531 -0.016429238017954029 0.061500537742694115 -0.012924975158626282 0.0048533333195679403 -0.010781312470634179 -0.020480183320136944 0.063576278716058907 -0.0078497018547295482 0.096745608328544855 0.0038069037744369524 0.068280728866311202 -0.0066323288856340746 -0.01026347511815646 -0.0079993316649307616 -0.024017138540751385 -0.014849304952719756 -0.017548387944352001 0.053591087327943154 0.036538561076283387 0.047745234208410911 0.047455740270865986 -0.0086098306904437132 0.034104895295994489 -0.0024149618841538948 -0.00048474662367627847 -0.016623222716012357 0.0057657283107806333 0.015430703444784135 0.029656618849591702
leaf_weight=13.337977023475103 0.94627035817393357 1.755474741723446 0.81380969652673218 15.584483780228764 2.3298428484704345 2.0545674389577462 10.23376254524919 1.8134024023020163 0.35082111792871729 4.3158717694459456 7.0709847218240593 3.6633649913128465 38.485424773665727 29.362594312406145 10.368417508900164 6.6533258353301807 2.6032398219685993 7.459972881566503 4.24876546964515 6.0705686949659148 1.2719229914073356 5.9084451786475221 8.4604355428600755 1.4820292174117637 2.9434415828436613 1966.9862967143999 55.22775284533418 124.84059718926437 96.173877919696679 2.994585875341726
leaf_count=88945 175 6026 2803 1959 127 1792 1819 88 149 110 183 82 2659 663 84 276 116 210 116 135 40 149 240 33 36 155747 10968 1836 9735 1622
internal_value=0.000360855 -0.0180806 0.0185695 0.000489499 0.00593696 0.0452152 0.00480137 0.00672016 0.0999931 0.00556023 0.0259741 0.0478434 0.0033199 0.00754836 0.0188804 0.031134 0.0514043 0.000977909 0.0123146 0.0678558 0.000894745 0.0229668 0.012935 -0.0108547 0.0323108 0.000106273 0.00403774 -0.000492537 0.011397 -0.0137823
internal_weight=2435.81 15.9073 2.56928 2419.91 158.097 3.35166 154.746 144.512 1.29709 142.699 13.0642 5.99321 129.634 91.149 32.7654 22.397 12.9897 58.3837 29.0211 10.3864 9.40728 21.5611 17.3123 8.13536 8.85189 2261.81 294.821 183.063 111.758 58.2223
internal_count=288923 97774 8829 191149 9282 2116 7166 5347 324 5259 392 209 4867 2208 794 710 361 1414 751 245 349 541 425 309 185 181867 26120 14426 11694 12590
is_linear=0
shrinkage=0.03


Tree=204
num_leaves=31
num_cat=0
split_feature=18 24 21 28 28 34 20 24 24 6 4 27 28 29 29 34 19 29 24 3 20 5 3 4 23 16 16 11 11 14
split_gain=4.70928 4.30182 9.14434 8.38939 9.87187 8.31032 15.5994 11.8296 7.41916 8.4236 7.39186 9.376 12.2811 17.0555 15.0696 12.5509 7.37049 7.17792 7.15067 7.38349 7.00886 6.82362 6.82213 6.46021 5.84848 8.45992 7.3963 6.63023 7.38642 6.15662
threshold=15.221649169921877 0.79601609706878673 -2.0593502521514888 0.94138324260711681 0.9159645438194276 0.013554031960666181 -0.52079239487647999 1.3617730736732485 1.1113893985748293 7.6117815971374521 -2.4978016614913936 0.1474910452961922 -0.99054482579231251 -0.12545862048864362 -0.73865258693695057 0.41137257218360906 -0.60903194546699513 0.080547325313091292 0.00022957909823162484 1.2372741103172304 -0.080016355961561189 -2.344601988792419 -0.83008018136024464 24.089230537414554 -0.47428874671459192 0.52515161037445079 0.41352966427803045 4.9890191555023202 13.625600814819338 -1.7078203558921812
decision_type=8 10 10 2 2 2 10 10 10 8 2 2 2 2 2 2 10 2 10 2 8 10 2 2 10 10 8 2 2 10
left_child=1 10 -3 4 5 6 -4 21 9 20 -1 12 13 -12 16 -16 -14 -15 19 -17 -6 -8 -23 -20 25 26 -7 -27 -29 -26
right_child=-2 2 3 -5 8 24 7 -9 -10 -11 11 -13 14 17 15 18 -18 -19 23 -21 -22 22 -24 -25 29 27 -28 28 -30 -31
leaf_value=-0.024855277527201854 -0.025522909055927558 -0.014115830546453711 -0.018305159369659055 -0.018056757612141074 0.097099803628667977 -0.0025898629712162824 0.01383619426993807 -0.015601289616014787 -0.014252242215924284 0.0066621118903503508 0.09176766298443835 -0.001154085530948701 -0.015916775265887556 -0.022576234501520815 -0.020112551360164217 0.10045823724192865 0.062120652051492205 0.040108341347217656 -0.01069555469897048 0.012376246741299701 0.0055387574470242024 0.12104502507154859 -0.0070547058192200951 0.025521612740025151 -0.0055659084900434143 0.045778626836227382 -0.027085718300597653 -0.0086731452351127419 0.024848837776611021 0.0047715894941048461
leaf_weight=10.516933122289627 5.5124994340985713 30.601806769598625 3.0192092145844072 16.797006630295073 2.2019190415521734 192.61932859973604 1.3374440672196217 1.0769256721978306 1.8024983919967779 3.0412457565616933 2.840250699169701 1518.5035565046128 0.92601179367193243 2.8084290445767683 17.298873676198127 0.60523646637739448 4.3615852976727174 1.9124567459075477 9.5853124169007078 2.5753831151960185 1.1497106217757376 1.9540118392906154 0.30732582429118238 6.6750782225280991 56.86226052272832 3.8447825971743468 10.797932631045112 12.321302142750939 9.7618180062854645 510.35406171217619
leaf_count=72996 25438 2944 3768 5420 280 11750 413 4034 855 52 76 92721 497 885 29123 209 937 353 5634 305 108 678 2530 45 2981 954 771 858 209 21751
internal_value=-4.60848e-05 2.19482e-05 0.00172811 0.0023291 0.00277224 0.00241574 0.0315946 0.061364 0.0336902 0.0473071 -0.000907885 -0.000731535 0.0119748 0.0447656 0.00517218 -0.00211615 0.0480962 0.00538969 0.0140978 0.0491576 0.074182 0.08278 0.106811 0.00478927 0.00209461 -0.00194202 -0.00401631 0.0138766 0.00657975 0.00372731
internal_weight=2443.97 2438.46 859.851 829.249 812.452 804.256 7.69492 4.67571 8.19537 6.39288 1578.61 1568.09 49.5886 7.56114 42.0275 36.7399 5.2876 4.72089 19.441 3.18062 3.35163 3.59878 2.26134 16.2604 796.561 229.345 203.417 25.9279 22.0831 567.216
internal_count=289575 264137 60356 57412 51992 50697 11423 7655 1295 440 203781 130785 38064 1314 36750 35316 1434 1238 6193 514 388 3621 3208 5679 39274 14542 12521 2021 1067 24732
is_linear=0
shrinkage=0.03


Tree=205
num_leaves=31
num_cat=0
split_feature=14 14 22 17 17 6 8 28 16 23 20 33 12 12 11 16 5 5 19 28 28 12 22 12 28 24 23 5 34 11
split_gain=5.66409 7.32432 11.7239 10.8953 13.9763 10.2523 9.14068 9.5526 8.74427 12.5764 7.87165 7.21003 7.87295 9.02474 7.42325 10.7111 8.81972 6.49465 6.46808 6.13064 6.22791 6.0412 7.20117 6.37523 5.8577 5.61057 7.31301 6.1522 5.56228 13.3663
threshold=-1.6222195029258726 -1.1987559795379636 -0.17313685268163678 -0.90647554397582997 0.64591512084007274 0.83532857894897472 2.9092844724655156 0.056951373815536506 0.045462595298886306 -0.93942004442214955 -1.5680059194564817 1.9034765958786013 3.4520977735519414 -2.9599615335464473 15.474707126617433 -0.092928621917963014 -9.8166737556457502 -3.0404305458068843 -0.21473675966262815 -0.21861968189477918 -0.76141706109046925 -10.178849220275877 -0.45660082995891565 -0.35074302554130549 -0.86114627122879017 1.1415545344352724 -0.19698998332023618 0.8809340000152589 1.5959101319313052 3.9652520418167119
decision_type=10 10 10 10 10 10 2 2 10 10 10 2 2 2 2 10 10 8 10 2 2 2 10 2 2 10 8 10 2 2
left_child=11 2 21 10 19 -6 7 8 9 -7 -4 14 13 -13 -1 16 -16 -14 -11 20 -5 22 -2 -23 -15 26 -19 -27 -3 -30
right_child=1 28 3 4 5 6 -8 -9 -10 18 -12 12 17 24 15 -17 -18 25 -20 -21 -22 23 -24 -25 -26 27 -28 -29 29 -31
leaf_value=-0.0165297475639248 -0.0091215495695187686 -0.0012372161836541374 -0.010843024471669948 0.0081142373099837781 -0.0060568587322863627 -0.013774286185074796 0.016581274187487657 -0.0096128250983543943 0.0070712223906192976 0.11444016789957839 0.042351133645303567 -0.012025472156858164 -0.024239193104122318 -0.0061841541386126377 0.02383198867841272 0.029541393293724839 -0.019467551249846549 0.016304251938576847 0.012681063625063925 0.0084098291827242877 -0.024264275022740284 -0.020782473047056587 0.066683620225175447 1.4243482793308838e-05 0.056381850137561619 0.04490324864104462 -0.018989624230187293 0.0030765838392136599 -0.022000708093298883 0.0029251365953043207
leaf_weight=63.533223889644432 1.7758464217477015 1509.1686612804187 2.5789826302861938 7.072380851855999 11.682216184050047 0.80091264317888988 30.518203679297585 1.6603775831827077 2.0700314564164728 3.4443927391330358 13.964548525163989 3.4347352541517466 8.8990281489677709 1.4822742069372905 4.6358382441103521 7.8451570356264702 16.780398352071643 7.3911448846338317 0.95450759578670696 16.875156857509864 16.70550688487856 17.39453634527672 1.3371128879662126 47.579832113293378 5.247396160149945 3.9572995553025967 13.494146067998374 9.2062669529695977 19.01035617490561 603.8034311690717
leaf_count=14567 144 232980 176 892 3053 99 832 228 165 243 831 155 111 153 72 146 378 109 39 2913 1243 2367 31 3930 173 55 207 131 8660 14275
internal_value=-0.000129082 0.000234314 0.00609104 0.0121809 0.00794047 0.0182336 0.0253988 0.0508278 0.0641251 0.0820341 0.0339133 -0.00584084 0.00294179 0.0253985 -0.0108455 0.00163478 -0.00944974 -0.00282999 0.0987983 -0.00513247 -0.014695 -0.00363402 0.0317356 -0.00578394 0.0435839 0.00329746 -0.00632512 0.0179333 -0.000252939 0.00213027
internal_weight=2454.3 2308.4 176.415 108.327 91.7837 51.1306 39.4484 8.93022 7.26984 5.19981 16.5435 145.907 53.1123 10.1644 92.7946 29.2614 21.4162 42.9479 4.3989 40.653 23.7779 68.0873 3.11296 64.9744 6.72967 34.0489 20.8853 13.1636 2131.98 622.814
internal_count=289358 273101 17186 10714 9707 4659 1606 774 546 381 1007 16257 1094 481 15163 596 450 613 282 5048 2135 6472 175 6297 326 502 316 186 255915 22935
is_linear=0
shrinkage=0.03


Tree=206
num_leaves=31
num_cat=0
split_feature=21 11 17 19 28 27 8 13 21 23 27 33 13 28 29 0 29 11 19 15 6 27 29 19 19 11 6 28 0 22
split_gain=8.19417 6.44178 8.50027 11.0475 10.1992 13.0918 9.44232 9.09554 8.10959 13.1405 16.4165 17.1841 15.9896 9.46797 8.48109 10.9819 12.0227 9.15703 10.4898 7.94646 10.4808 7.7304 7.55066 7.15958 12.3 11.0491 9.55574 10.0667 10.2848 6.29698
threshold=-2.7952520847320552 8.6928663253784197 0.62585332989692699 0.072296619415283217 0.99818283319473278 0.28494623303413397 3.1787776947021489 -0.54916286468505848 -1.0469525456428526 0.94083705544471752 0.45358422398567205 1.8679323196411135 -0.38266940414905543 -0.16799356788396833 -0.85225707292556752 3.5000000000000004 -0.82413947582244862 5.7373628616333017 0.79151692986488353 0.88349789381027233 0.60384613275527965 0.25681003928184515 -0.69055965542793263 1.2809916138648989 0.61118906736373912 2.7199424505233769 4.479591131210328 0.70290291309356701 6.5000000000000009 -0.90332946181297291
decision_type=10 2 10 10 2 2 2 10 10 10 2 2 8 2 2 2 2 2 8 10 10 2 2 10 10 2 10 2 2 10
left_child=-1 2 4 -4 7 6 -6 -2 -9 19 -11 12 13 -12 -14 -16 -17 18 22 20 -10 -22 -18 24 -21 -26 27 28 -27 -23
right_child=1 -3 3 -5 5 -7 -8 8 9 10 11 -13 14 -15 15 16 17 -19 -20 23 21 29 -24 -25 25 26 -28 -29 -30 -31
leaf_value=-0.028505562072590335 -0.01306316945462776 0.0010310802202985253 0.0053301415706347123 -0.010902157739332223 0.0045718837438911636 -0.017316726195186226 0.084424612741662533 -0.015190434412924551 -0.018889930522610142 -0.016789728983467408 0.11615508223278315 -0.015508192130081118 -0.0020729612339042518 -0.0096942805931377364 -0.020029718235442567 0.12948086891503743 -0.010817999405044972 0.0010295460345307781 -0.015524223657029282 0.0011996563252954049 0.014538343709922359 -0.023294066952736697 0.089934845937137922 -0.013877943485096401 -0.020948887453781685 0.013073549565944849 0.00045896999031929807 -0.007519059280984456 0.094657149685700395 -0.0026056791016549484
leaf_weight=8.0573954351420962 107.48620624804971 1772.3614512288186 191.28085001756699 45.975934307014541 2.3236523243540415 3.2423565775097813 2.5592241728736553 41.62247998849125 48.323410269222222 9.7538688654531125 2.2545619530137633 6.0320153683423987 6.2545609703083835 0.47032114797912061 1.7755120649817406 0.68969950813335046 0.55371680198004991 4.4302429639501497 1.0489898926171055 44.291848528853734 19.189379719842691 14.669030284014296 3.4415989679982699 14.219483369197404 2.2915701573583638 2.3218265611139923 3.4153196195838964 1.501427966817573 4.6657602515188046 87.757752991223242
leaf_count=1375 41765 47566 57046 8380 2852 376 111 18064 54249 11273 224 393 779 115 531 50 85 349 244 15921 5371 1777 388 4033 4834 520 186 270 360 9620
internal_value=-2.36106e-05 8.18142e-05 -0.0024128 0.00215207 -0.00489277 0.0265437 0.0536611 -0.00554934 -0.0030004 -0.00113642 0.0153495 0.0271654 0.0396164 0.0976622 0.026288 0.0401568 0.0515227 0.034028 0.0580443 -0.00368299 -0.00722165 -0.00246908 0.076601 0.00457371 0.00921754 0.0325085 0.0436249 0.059113 0.0725792 -0.00576514
internal_weight=2454.26 2446.2 673.843 237.257 436.586 8.12523 4.88288 428.461 320.974 279.352 36.7051 26.9512 20.9192 2.72488 18.1943 11.9398 10.1642 9.47455 5.04431 242.647 169.94 121.616 3.99532 72.7072 58.4878 14.1959 11.9043 8.48901 6.98759 102.427
internal_count=289107 287732 240166 65426 174740 3339 2963 171401 129636 111572 14431 3158 2765 339 2426 1647 1116 1066 717 97141 71017 16768 473 26124 22091 6170 1336 1150 880 11397
is_linear=0
shrinkage=0.03


Tree=207
num_leaves=31
num_cat=0
split_feature=28 31 17 6 27 34 28 29 2 11 19 20 34 2 28 28 2 29 31 34 5 22 34 29 29 31 34 2 23 28
split_gain=6.09208 6.82804 6.16391 8.22841 8.50572 5.16465 5.53668 12.3396 21.948 9.88576 8.99641 9.78228 10.3801 10.9501 8.14238 9.28142 14.1846 11.4453 10.1215 13.3756 7.95985 6.9843 6.64297 6.55311 11.5413 15.9788 24.8718 30.8068 20.102 10.5498
threshold=0.94978111982345592 710.89306640625011 1.9474688768386843 3.8462924957275395 0.86881721019744884 7.4628975391387948 0.49812944233417517 -0.85225707292556752 3.2878984212875371 7.2315263748168954 -0.1529453173279762 -0.71137729287147511 5.2559678554534921 1.3543313145637514 0.43733377754688268 0.3903625756502152 3.0083692073822026 -0.90892156958580006 390.69824218750006 2.0262085199356084 -4.9543566703796378 0.19561044871807101 5.4814698696136483 -0.26037105917930597 -0.21022038161754605 325.69728088378912 0.59309795498847973 3.3826205730438237 0.23447231948375705 -0.8940606117248534
decision_type=2 2 10 10 2 2 2 2 2 2 10 8 2 2 2 2 2 2 2 2 8 10 2 2 2 2 2 2 10 2
left_child=2 -2 5 -4 -5 6 14 8 10 -9 11 -8 13 -13 15 23 17 18 -17 -20 -11 -21 -16 29 25 26 -25 28 -28 -1
right_child=1 -3 3 4 -6 -7 7 9 -10 20 -12 12 -14 -15 22 16 -18 -19 19 21 -22 -23 -24 24 -26 -27 27 -29 -30 -31
leaf_value=-0.011037595245485879 -0.024563077412122075 -0.0019477546254827649 -0.0037515736613383029 0.03820798633028568 -0.0038832427438810777 -0.0092643438496447343 -0.015360208503946688 -0.0051933619270902471 -0.032210152455464568 0.033770073234229252 0.00059118132731629037 -0.012380632055898608 0.0011733373560055666 0.097020874182560002 -0.021326792173098599 -0.015606739892262337 0.052272367618349511 -0.027608511386146298 0.063158887297235206 -0.025963536273406976 0.0064204729170221648 0.030498644622102354 0.022292825159157016 -0.0070519655677116818 0.0020306657937525022 -0.001743182294156323 0.11506961507556603 -0.00011972194712239602 0.0014865083608597363 -2.1860209251251811e-05
leaf_weight=81.201809375452285 17.077258823392185 36.411805254741921 14.560678302586892 13.243381225591294 5.9557442353107026 47.025312020909041 0.9822714972688118 65.699102836693783 3.1730096805840722 10.468493549851699 2.7957921507622805 0.69409703741620976 1.6113556613563558 6.0436397540615872 23.381067306880144 5.0133097572252252 6.6752620390616348 6.0788654485368161 5.2947776238142961 3.2438007011078298 63.130323193065124 2.6829514173441567 2.7801012135460033 7.355199378354885 354.20870284907869 17.714294476536452 6.2908258608076704 4.9283520951867095 1.7690099447499958 1625.7387116057216
leaf_count=9311 24826 4412 2719 247 107 1845 209 61221 26 219 680 455 37 142 6198 970 78 3088 391 89 2992 53 90 909 99329 1155 187 24 94 67300
internal_value=0.000432726 -0.00948635 0.000658618 0.0131998 0.0256051 0.000473386 0.000675634 0.00614081 0.0308495 0.00322632 0.0485456 0.0614655 0.0711802 0.0856072 0.000280782 0.000488863 0.0170606 0.00473657 0.0177468 0.0327056 0.0107111 0.000309085 -0.0160413 0.000252001 0.00374333 0.0192233 0.0367064 0.0602193 0.0930556 -0.000552052
internal_weight=2443.23 53.4891 2389.74 33.7598 19.1991 2355.98 2308.96 154.598 15.3002 139.298 12.1272 9.33136 8.34909 6.73774 2154.36 2128.2 28.989 22.3137 16.2348 11.2215 73.5988 5.92675 26.1612 2099.21 392.266 38.0577 20.3434 12.9882 8.05984 1706.94
internal_count=289403 29238 260165 3073 354 257092 255247 65981 1549 64432 1523 843 634 597 189266 182978 4669 4591 1503 533 3211 142 6288 178309 101698 2369 1214 305 281 76611
is_linear=0
shrinkage=0.03


Tree=208
num_leaves=31
num_cat=0
split_feature=3 20 24 6 28 13 17 6 20 11 22 21 12 28 28 12 3 3 31 19 22 15 17 29 4 27 29 28 22 29
split_gain=5.19758 8.25238 6.92312 14.3785 9.70469 11.6655 8.78963 7.89509 10.4196 8.52158 13.576 11.4967 13.2839 10.6239 15.5382 9.3254 10.8122 10.9469 7.77299 11.1122 7.94691 7.12714 7.1129 7.08105 6.79376 9.62027 8.59443 8.98278 8.36093 10.12
threshold=-0.17652250826358792 -0.90698829293251026 0.51997235417366039 0.059027777984738357 0.58481550216674816 -0.8908657133579253 1.3383749127388003 29.643007278442386 -0.11381103098392485 9.0760340690612811 -0.39929471909999842 -0.07975998148322104 0.98585522174835216 -0.75015330314636219 -0.8337765336036681 -4.0280754566192618 -0.38743500411510462 -0.45916961133480066 260.51104736328131 -0.70073342323303212 -0.48569504916667933 -1.0368133783340452 0.94071781635284435 -0.98212954401969899 -1.7222983241081236 0.1474910452961922 -0.85225707292556752 -0.99054482579231251 -0.1834716200828552 -0.12545862048864362
decision_type=2 10 10 8 2 10 10 8 10 2 10 10 2 2 2 2 2 2 2 10 10 10 10 2 2 2 2 2 10 2
left_child=1 -1 -3 4 5 -4 7 9 -9 13 11 12 -11 14 -5 22 17 -17 -16 -20 -21 -10 -12 -13 -2 26 -26 28 -28 -30
right_child=24 2 3 6 -6 -7 -8 8 21 10 15 23 -14 -15 18 16 -18 -19 19 20 -22 -23 -24 -25 25 -27 27 -29 29 -31
leaf_value=-0.0050664690988827497 -0.026818277285842792 0.00061147402116710234 -0.014983309901846121 -0.0010617119706292444 -0.016370925463311446 0.085676384147660434 -0.0082850635474747952 0.0028276555582931965 -0.0048112149887206638 -0.0042292344362847151 -0.015563874994186893 0.0041255324184474888 0.063782966971027824 -0.0079305979170434301 -0.003276960520852309 0.015307531886188382 -0.0010036256296561438 0.072472180164249847 0.0066546418968183411 0.0019388335133900822 0.10502900892333551 0.040693280891775048 0.016317784910860642 0.066740880567016131 0.068991725574269108 -0.0009976926734910894 0.0019374407774436578 0.003321994053225176 0.1037852155180823 0.010675775852084957
leaf_weight=108.57455960908919 7.9662991997320196 262.59690621436675 0.977606178355927 19.693505019524313 1.1981081777448706 3.8705106125053126 31.348310394358123 17.481644271247205 3.4426225354473017 10.734077406319559 21.982453395641645 2.1686390643008053 2.3601916441693893 59.953999217483215 2.1366414626245369 10.187797517981378 15.556583387427962 3.8004650222137597 2.5359669461613521 0.85665086461813222 2.9614748693347792 18.654165166532039 7.7638815539539783 7.6936462576268223 1.3404301031259809 1775.4942309832841 3.4884476896986598 38.596087146353966 1.6115229073911908 2.1902234397857674
leaf_count=24505 66349 87231 1712 3110 4742 3337 3067 1287 315 520 1146 90 27 9148 289 182 323 68 177 91 204 1292 296 296 158 64607 407 14139 23 306
internal_value=3.57945e-05 0.00241112 0.00400997 0.00760083 0.0499092 0.0662874 0.00633917 0.00855154 0.0204709 0.00567953 0.012563 0.0316402 0.0116854 -0.000812791 0.0140813 0.00477437 0.0164526 0.0346376 0.0456152 0.0602658 0.0871022 0.0337024 -0.00698259 0.0546196 -0.000767629 -0.00063913 0.0125822 0.00949808 0.0378509 0.0635385
internal_weight=2449.22 618.53 509.956 247.359 6.04622 4.84812 241.313 209.964 39.5784 170.386 82.2477 22.9566 13.0943 88.1382 28.1842 59.2912 29.5448 13.9883 8.49073 6.35409 3.81813 22.0968 29.7463 9.86229 1830.69 1822.72 47.2267 45.8863 7.29019 3.80175
internal_count=289444 143455 118950 31719 9791 5049 21928 18861 2894 15967 2948 933 547 13019 3871 2015 573 250 761 472 295 1607 1442 386 145989 79640 15033 14875 736 329
is_linear=0
shrinkage=0.03


Tree=209
num_leaves=31
num_cat=0
split_feature=29 29 34 11 27 28 6 29 5 28 28 28 1 27 29 1 12 34 29 21 16 16 16 19 19 5 25 18 24 8
split_gain=6.77991 12.4603 8.96355 6.58103 5.7575 16.9278 10.1224 10.0179 7.66906 6.02985 7.94915 12.9717 10.6215 7.81802 7.68657 7.07336 9.28069 8.98673 6.69151 4.96883 4.65399 11.0956 6.56097 8.76854 10.4144 7.79147 6.50227 8.6383 7.42019 7.22726
threshold=0.87709078192710888 0.86004966497421276 0.78956961631774913 0.12849985808134082 0.1474910452961922 0.86975130438804638 0.36002409458160406 0.65720760822296154 -3.6211539506912227 -0.99630266427993763 -0.99054482579231251 -0.80418667197227467 26.97043609619141 0.076523300260305419 0.097680736333131804 15.099579811096193 -0.15418450534343717 1.4413047432899477 0.60383266210556041 -2.7952520847320552 0.43444590270519262 0.2497627139091492 0.47486735880374914 -0.56324002146720875 0.85124722123146068 8.164225101470949 0.35972231626510626 6.5976104736328134 0.12757664918899539 0.63876459002494823
decision_type=2 2 2 2 2 2 8 2 8 2 2 2 2 2 2 2 2 2 2 10 10 10 10 10 8 8 2 10 10 2
left_child=1 3 -3 -1 5 6 -5 8 -8 -10 14 12 -12 -13 -11 16 -15 18 -18 -6 21 -21 23 -22 25 -25 29 28 -28 -24
right_child=-2 2 -4 4 19 -7 7 -9 9 10 11 13 -14 15 -16 -17 17 -19 -20 20 22 -23 26 24 -26 -27 27 -29 -30 -31
leaf_value=-0.022385532800838152 -0.015422469664928891 0.044426560170247743 -0.030074596929557294 -0.015041139261131698 -0.021693915211825107 -0.025974733267313872 -0.0088142336137382333 -0.013493395921273396 -0.013833848474046635 0.076274843732562103 -0.025559777321618665 -0.0093605897571938605 0.030719278589022684 0.022411102358834444 -0.0036507475013107631 0.0093067723794561952 0.1212458041544217 -0.0095350438152431282 -0.0067955039682774526 0.00062326612071199154 -0.0038583732376315108 -0.0064788926998230086 -0.016976495768345343 0.042437294088552874 -0.012494866608871375 0.0048639074751164503 0.067257842667986914 -0.025934846281226387 0.015603805215947671 0.0019229343019237929
leaf_weight=10.283779373203286 22.970880007600499 8.0351422390485805 1.0072745715442568 6.6537123722664537 8.1645039220311428 8.8325833212184062 3.8644042642990826 5.2059915923528015 1.7353649280485139 5.8353094772028298 5.4466491786588502 1.6241854213149007 4.6757006607949734 3.2286058033205336 1.1815291358579996 2.606970920227468 3.0772942475596201 0.46463309999671754 0.29113054735353205 1655.6325034704787 16.071339035901474 223.84764819637348 18.132158743057516 16.604706859885479 5.3980978375766453 7.3143694325699533 2.1670733117207481 2.794622841582167 17.840559890610166 378.21206283348147
leaf_count=54626 46189 2964 194 21265 608 20497 449 2609 472 259 2688 2584 37 1015 198 44 508 418 128 89214 799 13989 6020 914 522 170 98 391 1078 18012
internal_value=0.000454572 0.000611184 0.0339592 0.000472441 0.000579361 0.0101103 0.0174613 0.0232098 0.0290493 0.0340268 0.0373187 0.0260969 0.000861195 0.0468069 0.06404 0.0562352 0.0702564 0.0975812 0.111157 0.000353418 0.00043943 -0.000225602 0.00312481 0.0138337 0.0233397 0.0316038 0.001935 0.0171657 0.0241338 0.00101776
internal_weight=2449.2 2426.23 9.04242 2417.19 2406.9 54.7241 45.8915 39.2378 34.0318 30.1674 28.432 21.4152 10.1223 11.2928 7.01684 9.66863 7.06166 3.83306 3.36842 2352.18 2344.02 1879.48 464.535 45.3885 29.3172 23.9191 419.146 22.8023 20.0076 396.344
internal_count=288959 242770 3158 239612 184986 53171 32674 11409 8800 8351 7879 7422 2725 4697 457 2113 2069 1054 636 131815 131207 103203 28004 2405 1606 1084 25599 1567 1176 24032
is_linear=0
shrinkage=0.03


Tree=210
num_leaves=31
num_cat=0
split_feature=13 3 1 15 0 28 11 28 21 20 17 22 15 22 16 29 4 16 3 1 15 30 22 6 27 25 1 27 29 17
split_gain=5.25561 4.74569 10.3364 9.34154 11.3792 7.13619 14.179 11.4372 7.84717 10.5614 9.72333 7.77202 8.11075 10.5187 8.76842 8.12768 7.36998 6.99781 6.57 6.52084 9.82375 6.81773 6.26473 6.25125 7.2338 6.15801 5.67405 9.12227 14.5274 15.1947
threshold=-2.7475781440734859 -0.83008018136024464 0.036538461223244674 0.96685913205146801 6.5000000000000009 -0.96689236164093006 5.7373628616333017 -0.81429189443588246 0.79015514254570018 -0.68651151657104481 1.3383749127388003 -1.0694491267204282 -0.36305277049541468 0.060192206874489791 0.26174317300319677 -0.99052476882934559 -1.3775961995124815 0.20407998561859134 -0.93827298283576954 0.072008404880762114 -0.6903390884399413 2.5000000000000004 -2.1479810476303096 6.8125019073486337 0.90179210901260387 0.28399752080440527 13.20686721801758 0.38243727385997778 -0.99052476882934559 0.39296995103359228
decision_type=10 2 2 10 2 2 2 2 10 10 10 8 10 8 10 2 2 10 2 2 8 2 10 10 2 2 2 2 2 10
left_child=-1 3 -3 4 22 6 18 -7 9 -9 11 -11 13 15 25 -13 -15 -18 19 -6 -21 -22 -2 24 -17 -14 27 28 29 -4
right_child=1 2 26 -5 5 7 -8 8 -10 10 -12 12 14 16 -16 23 17 -19 -20 20 21 -23 -24 -25 -26 -27 -28 -29 -30 -31
leaf_value=-0.020377940173680796 0.036819744926779412 -0.027521245084539004 -0.011215621280652654 0.018922289032139019 -0.0015035585211655811 -0.021257324635425061 -0.013368448177214474 -0.009327485988356728 -0.0086854234060199861 -0.012325268069149483 -0.017090182330656914 -0.014113226125864393 0.013567657008480222 -0.021945187486422622 0.034445072990771111 0.087198421686795938 0.047409336568086498 -0.007810565329779225 -0.0051998629592902388 -0.0017991541243952576 0.11569962905943613 0.013356505221083219 -0.0089955248288524654 0.0044532138649149783 -0.00031295029801242099 -0.025757020635233906 0.0014091259281452954 -0.0038489030558540665 0.0012081588129618671 0.048989674460188017
leaf_weight=9.7808426849369408 1.8221832811686898 11.033148326390799 5.0629742112942031 34.627584896181361 1.0935620184754951 11.701382989704141 4.0291496639838442 13.42804011426051 16.675146802983363 4.2569263604964362 5.0749453882453954 0.83482026975252566 8.1740979051246629 2.4506779537914545 9.8213358899956784 7.1101642063294914 5.5210052201291564 2.6545785452472046 1.3125146786187523 1.1072339920501688 2.6657505008624867 1.0394586385227742 67.883834606655 1.3148651395458717 0.94169327290728677 4.8875622788182218 1501.993282176496 530.81780609025736 175.87912387316464 10.862108056055147
leaf_count=1453 305 103827 913 7980 409 3145 267 1593 2767 578 504 76 1078 703 965 622 145 85 207 183 274 94 23209 26 28 783 26835 42517 67116 804
internal_value=0.000523144 0.000615012 0.000208635 0.00491106 0.00205985 0.00821623 0.0298155 0.00537049 0.009326 0.0139062 0.0198517 0.0240293 0.0277663 0.0410433 0.0144692 0.0616879 0.0176227 0.0305825 0.0526132 0.0643537 0.0770029 0.095929 -0.00729406 0.0691534 0.0780598 -0.00193256 0.000358467 -0.00182429 0.00376973 0.0303172
internal_weight=2455.86 2446.08 2235.65 210.429 175.801 106.095 11.2477 94.8472 83.1459 66.4707 53.0427 47.9677 43.7108 20.8278 22.883 10.2015 10.6263 8.17558 7.21852 5.90601 4.81244 3.70521 69.706 9.36672 8.05186 13.0617 2224.62 722.622 191.804 15.9251
internal_count=289491 288038 242012 46026 38046 14532 1434 13098 9953 7186 5593 5089 4511 1685 2826 752 933 230 1167 960 551 368 23514 676 650 1861 138185 111350 68833 1717
is_linear=0
shrinkage=0.03


Tree=211
num_leaves=31
num_cat=0
split_feature=18 18 13 1 28 28 2 3 15 20 27 19 17 8 5 11 5 28 19 8 20 3 13 15 27 1 13 1 20 20
split_gain=5.17738 4.36324 4.41725 5.44636 4.2846 8.84695 13.8154 26.232 25.1408 19.7178 10.6039 6.4222 7.23376 6.17717 5.06916 4.85416 6.12462 5.83391 4.05694 5.08473 4.05586 3.91919 3.81816 9.83398 9.02494 9.04886 8.01025 10.0952 10.0965 32.6526
threshold=13.304382324218752 12.749465942382814 -0.93130680918693531 4.2039761543273935 -0.99763298034667958 -0.99467751383781422 2.356564044952393 0.81528809666633617 -0.25395855307579035 0.4263118207454682 0.061669828370213516 -1.3502501249313352 0.33183827996253973 5.2062394618988046 8.164225101470949 9.2165398597717303 -1.7262512445449827 -0.99866804480552662 -2.15366518497467 18.712434768676761 1.9663404822349551 0.97663733363151561 1.4494718909263613 0.99133428931236278 0.98387098312377941 35.575925827026374 1.3199079036712649 7.6516952514648446 -0.45726238191127772 -0.2725782692432403
decision_type=8 8 8 2 2 2 2 2 10 8 2 10 10 2 8 2 8 2 10 2 10 2 10 10 2 2 10 2 10 8
left_child=1 4 3 -3 11 6 10 8 -8 13 -6 12 -1 -10 -9 16 -14 -18 19 -7 -12 -2 23 -20 25 -24 27 28 -25 -30
right_child=21 2 -4 -5 5 18 7 14 9 -11 20 -13 15 -15 -16 -17 17 -19 22 -21 -22 -23 24 26 -26 -27 -28 -29 29 -31
leaf_value=-0.013628581801319114 -0.027116741393181775 0.093167391796859456 0.0034191443984757388 -0.0093846294998035304 0.059370066973668124 -0.025485116566291304 -0.010725228057740262 -0.019348621402980055 0.17968425469182944 -0.0014983232658992659 -0.019365518209796449 -0.012835583326741529 -0.01002816290833031 0.049345686669302155 0.019567069378724072 -0.011413852403166955 0.110025205808829 -0.0074511959164736971 -0.00011236227935478001 0.018243549440836997 0.037024850130544004 0.014695910552565075 -0.010520398423576533 -0.0057751933746959779 0.044006779627637854 0.011137486531201465 -0.0042856360418469337 0.0057192962723246693 0.099667016748452797 0.016548909122029443
leaf_weight=2.381530500468215 9.2247838998155185 0.45985411872243276 2.7085996194473405 0.44025077240075916 0.97300324601383437 9.8984900290088245 1.860070716589689 4.276149473851544 1.5666506877169042 1.0603278696071354 12.188229330160535 40.715897025129379 0.49234571534907445 1.5718164844438431 6.0549402309115985 0.58619583363179106 0.91479951998917397 0.32497468370274885 2068.9955411447809 2.2877178718335918 0.33916462439810935 1.8343313082004886 92.057281936253275 7.4438608106029269 2.2847601691610171 20.48030947893858 38.783913511488208 88.743015994841699 4.3809708742628573 23.248164190194078
leaf_count=324 37343 589 3962 53 321 3353 96 274 81 61 2030 5579 54 42 149 79 159 69 197816 24 30 538 17118 4336 56 108 4771 2460 639 7103
internal_value=7.07866e-05 0.000167728 0.0293303 0.0644673 0.000112461 0.000287773 0.0162385 0.0339444 0.07853 0.112528 -0.0061155 -0.00891508 0.0213423 0.142104 0.00317342 0.0505478 0.0680197 0.0896535 7.88345e-05 -0.016515 -0.0152146 -0.0195379 0.000172014 0.000447461 -0.005139 -0.00651558 0.00752805 0.0112332 0.0246395 0.0327494
internal_weight=2448.58 2437.52 3.6087 0.900105 2433.91 2388.49 29.8904 16.39 6.05887 4.1988 13.5004 45.4157 4.69985 3.13847 10.3311 2.31832 1.73212 1.23977 2358.6 12.1862 12.5274 11.0591 2346.42 2231.6 114.822 112.538 162.6 123.816 35.073 27.6291
internal_count=289617 251736 4604 642 247132 240868 3084 703 280 184 2381 6264 685 123 423 361 282 228 237784 3377 2060 37881 234407 217125 17282 17226 19309 14538 12078 7742
is_linear=0
shrinkage=0.03


Tree=212
num_leaves=31
num_cat=0
split_feature=21 28 21 14 15 8 31 25 31 16 8 28 28 25 3 34 5 8 11 25 3 28 23 16 25 8 11 6 34 28
split_gain=6.07642 11.3287 8.58539 8.121 8.05948 10.8303 17.975 16.7207 7.76178 8.63687 11.6212 10.4513 21.0452 12.8155 10.4355 10.3767 19.3029 10.1834 12.9268 10.027 9.97063 10.1261 11.9771 10.2523 9.79141 9.06643 8.24971 8.08152 7.99116 7.53546
threshold=-0.81075862050056446 -0.98523971438407887 -0.85194978117942799 1.0387588739395144 0.91429477930068981 4.2290804386138925 308.68588256835943 0.20046015828847888 308.68588256835943 0.10918039083480836 7.2039783000946054 -0.75015330314636219 -0.77245554327964772 0.32513566315174108 -1.570271849632263 5.039884328842164 1.9605317115783694 2.1397991180419926 17.829542160034183 0.22493872791528705 -0.81066200137138356 -0.40614700317382807 -0.91483163833618153 0.13907868415117267 0.11019810289144517 0.79755660891532909 0.81721267104148876 4.9004139900207528 0.22714054584503177 0.091259401291608824
decision_type=10 2 8 10 10 2 2 2 2 10 2 2 2 2 2 2 8 2 2 2 2 2 10 10 2 2 2 8 2 2
left_child=1 -1 3 4 -3 6 7 -6 -2 14 11 12 15 28 -10 17 19 24 -19 -17 27 22 -22 -23 25 -11 -16 -12 -14 -13
right_child=8 2 -4 -5 5 -7 -8 -9 9 10 20 29 13 -15 26 16 -18 18 -20 -21 21 23 -24 -25 -26 -27 -28 -29 -30 -31
leaf_value=-0.018506784227928844 -0.0012556861639729342 -0.00024642870591211092 -0.019641446818988769 -0.011999431221340309 0.0053887023536088926 0.0032111056793463267 -0.014506724325881615 0.11672795617962704 0.031078604888008756 -0.010759058782955378 -0.0076115407435096453 -0.0059011616444562751 0.068646958712306777 0.11057030912375149 -0.027038793741725107 0.10251090554290843 -0.012554202117083366 -0.015367438169113186 0.038481857731034512 0.0051500109064026725 -0.011605097219182452 0.036772915564855201 0.02418042978919616 0.00088841354829908377 0.010228289723251436 0.11281478740343175 0.00048030295641993863 0.065916350076677968 -0.0086357525201175428 0.0067061865924771241
leaf_weight=36.713659059219935 813.59181179288862 398.54372294241693 21.274601751971204 49.097180862059759 2.0190860422080759 16.202200409272336 2.5676368090535107 2.4817860182374716 8.915752139160757 0.54986994114006182 1.5530156160239119 125.80007588442459 0.86005725031645797 1.9343311898410318 8.9496288027330575 2.561137064752983 3.6285931293678004 29.999955837978632 3.6412714924663296 1.4502305620117111 9.1847699892823567 6.8377174030756569 58.800555748108309 84.22012423974229 19.795482208621252 0.67830538307316601 669.89752545332522 4.2393201803788543 2.8906350751421996 63.347319167245587
leaf_count=3936 103425 38034 3545 12539 1078 391 1320 185 1781 1374 115 15347 199 69 34580 117 138 2668 78 67 211 80 1022 1432 5373 188 37427 58 209 22473
internal_value=0.000185966 -0.00265878 -0.0014415 -0.000579394 0.00077508 0.0175592 0.0459733 0.0768407 0.000969224 0.00260006 0.00597343 0.00197159 0.0119682 0.0626084 0.000524674 0.0064315 0.036987 0.00157334 -0.00859626 0.0753635 0.0121666 0.0105705 0.0192477 0.00395324 0.0174978 0.0774905 7.82648e-05 0.0479842 0.0198053 -0.00166577
internal_weight=2452.23 528.9 492.186 470.912 421.814 23.2707 7.06851 4.50087 1923.33 1109.74 421.973 257.137 67.9899 5.68502 687.763 62.3048 7.63996 54.6649 33.6412 4.01137 164.836 159.043 67.9853 91.0578 21.0237 1.22818 678.847 5.79234 3.75069 189.147
internal_count=289459 61028 57092 53547 41008 2974 2583 1263 228431 125006 51218 48300 10480 477 73788 10003 322 9681 2746 184 2918 2745 1233 1512 6935 1562 72007 173 408 37820
is_linear=0
shrinkage=0.03


Tree=213
num_leaves=31
num_cat=0
split_feature=5 27 15 27 20 22 28 28 29 28 31 31 28 29 28 31 20 12 27 1 25 15 29 15 27 24 28 29 29 12
split_gain=4.59434 8.04818 6.73503 10.6039 9.80248 11.2488 10.8423 6.98683 12.7329 9.80473 8.6888 13.8073 16.8361 14.7185 17.1276 29.4437 26.0026 15.7799 14.5386 14.0208 13.2314 13.0812 11.6119 11.1886 26.593 26.6153 13.2011 23.1155 15.9218 11.7605
threshold=2.2236543893814091 0.051391525194048888 1.5600752234458926 0.7103942632675172 0.30115717649459844 1.6453025341033938 0.30983042716979986 0.46800856292247778 0.063390085473656668 0.42179998755455023 408.92024230957037 308.68588256835943 -0.8337765336036681 -0.95752304792404164 -0.31799228489398951 370.20425415039068 -0.21960144490003583 -4.5300915241241446 0.98387098312377941 13.962994098663332 0.30279381573200231 -0.46307210624217982 0.65720760822296154 0.052775772288441665 0.72114697098732006 0.90486779808998119 -0.50556187331676472 -0.81427544355392445 -0.65233206748962391 -6.1780338287353507
decision_type=8 2 10 2 10 8 2 2 2 2 2 2 2 2 2 2 10 2 2 2 2 10 2 10 2 8 2 2 2 2
left_child=1 -1 7 -4 5 -5 -6 9 -9 10 11 -3 -13 21 18 19 -17 -18 20 -16 22 -14 23 24 -15 -26 27 29 -29 -25
right_child=-2 2 3 4 6 -7 -8 8 -10 -11 -12 12 13 14 15 16 17 -19 -20 -21 -22 -23 -24 26 25 -27 -28 28 -30 -31
leaf_value=-0.027167186764762874 -0.0014944149181415733 -0.00049860346795494142 -0.0094244410747062607 -0.00898766619574266 0.063240665768725529 0.050985235813191393 0.0073563192155482919 0.011533811193941137 -0.016933469156787777 -0.02564062267727156 -0.0034551582804682678 -0.0086035052466743502 0.015439739368132803 0.0037499727713631906 -0.014284231497898011 -0.013017505463546195 -0.00708012147673191 0.20050486410181217 -0.019028415955860269 0.0480027927380723 -0.008242917174680689 -0.0091299653184019215 -0.014790504665208225 -0.014582692443989857 0.0965498348711787 0.012665055077894999 -0.025747146507763677 -0.022704246194771585 0.038420181526216186 0.094649426180560547
leaf_weight=7.9958376456088436 1285.0443591093644 447.92971352779568 11.956381451091145 11.041900939599147 7.3481436728907266 2.6863603146048254 5.4633557085762732 103.64026570219721 15.448390858073251 12.170310496665477 341.39706115881563 39.116667862319446 38.668787497153971 9.1473586187348719 4.4905711314349892 0.72324589372146908 0.30642075746436614 1.33524254686199 9.057859897380693 8.0592710706405324 11.671665846763061 37.435711465834174 4.9713426038651951 0.78566427633631963 9.4714915924705529 5.5461047739954674 4.7629526485689047 7.641293945256618 5.9145625630917502 3.9323207316047037
leaf_count=82717 57100 42466 5533 553 359 41 90 30013 18136 2348 31017 7973 1435 1053 1191 200 70 443 147 83 868 2251 931 33 345 158 363 561 456 272
internal_value=-0.000256602 0.0011029 0.0013206 0.0134976 0.0237914 0.00541282 0.0416674 0.000891779 0.00773073 7.41337e-05 0.000414992 0.00244686 0.00891554 0.0131229 0.0214226 0.0498272 0.129735 0.173746 0.0150159 0.026306 0.0200648 0.00339227 0.0264334 0.030992 0.0449824 0.0682954 0.0150555 0.0264745 0.00477228 0.0770904
internal_weight=2455.16 1170.12 1162.12 38.4961 26.5398 13.7283 12.8115 1123.62 119.089 1004.54 992.365 650.968 203.039 163.922 87.8174 14.9148 2.36491 1.64166 72.9026 12.5498 63.8448 76.1045 52.1731 47.2017 24.165 15.0176 23.0368 18.2738 13.5559 4.71799
internal_count=289206 232106 149389 6576 1043 594 449 142813 48149 94664 92316 61299 18833 10860 7174 1987 713 513 5187 1274 5040 3686 4172 3241 1556 503 1685 1322 1017 305
is_linear=0
shrinkage=0.03


Tree=214
num_leaves=31
num_cat=0
split_feature=31 5 34 3 27 16 29 15 21 1 5 33 21 21 19 16 5 25 3 24 28 29 24 17 1 28 14 25 5 3
split_gain=5.99991 11.8466 7.14062 7.68859 14.8092 9.94478 8.39834 10.1983 6.95469 8.05207 10.1988 6.66374 10.5806 6.02121 5.54977 5.4023 6.68049 5.94498 7.17479 8.15217 9.18542 10.6513 5.98146 5.77094 5.54508 5.32095 9.4591 7.93973 7.82202 5.41102
threshold=69.397317886352553 -17.569912910461422 0.15927212685346606 -0.7299787402153014 0.1474910452961922 -1.0612030029296873 0.63089349865913402 0.85163989663124096 0.25609301030635839 7.2271785736083993 1.5769916772842409 1.7509453892707827 0.82715368270874035 0.63942658901214611 -0.22467019408941266 0.078549850732088103 -14.858241558074949 0.24235579371452334 0.62124809622764599 0.21019999682903293 -0.34235668182373041 -0.91595870256423939 0.88014313578605663 -0.11230374872684477 28.445338249206547 0.12545942142605784 0.14099138975143435 0.24235579371452334 -1.1480768322944639 -0.970607429742813
decision_type=2 8 2 2 2 8 2 10 10 2 8 2 10 10 10 8 10 2 2 10 2 2 10 10 2 2 8 2 10 2
left_child=1 -1 3 4 -2 -6 -7 -8 15 11 -11 25 14 -12 -13 17 -17 18 19 -3 21 -21 -22 -23 -19 -10 27 -27 -29 -30
right_child=2 8 -4 -5 5 6 7 -9 9 10 13 12 -14 -15 -16 16 -18 24 -20 20 22 23 -24 -25 -26 26 -28 28 29 -31
leaf_value=0.045934434655175362 0.041447347701554338 -0.017083842514250949 0.0001711198017949539 -0.020151103885510075 0.042420461234556332 -0.01628558304629078 -0.0076609540103009929 0.045670958884861543 0.0013109040206382247 -0.019708343752983845 0.031414378672651233 0.037840200828244991 0.075488436676100557 0.0022159822710266504 -0.021841108230707607 0.015055507168050229 -0.015679355710639484 -0.014261298468204958 -0.0075411864215738462 0.082767475530061599 -0.01304073317297034 0.051461301945575563 0.039264271962932459 -0.0028146082104228299 0.021649160220880998 -0.013130218276657106 -0.018272448386708818 0.0096332486447461702 0.13752594857578199 0.008534904803570947
leaf_weight=5.3863166566006839 5.3566167321550884 3.1238322936042158 2196.6674406625971 31.234589222996874 2.5056776159472065 41.380929273225775 8.7632710008474515 3.9079048850398967 11.928729782684973 11.43376728746807 9.1477943155914563 1.5872382980305704 3.9206952430831734 17.462557095626835 2.1073527734260997 7.1075413869220929 30.828618431445648 17.171257705485917 9.361269701694253 3.7965478897094727 5.189723038194642 1.9004607457609379 1.8964678331940374 4.2509384453442198 3.9733884260058394 0.76335507607654607 1.5021020706517481 1.2299672843073497 0.78824231305043213 0.51787623297423102
leaf_count=83 3900 2583 120994 119254 726 23646 2499 627 3053 308 175 47 112 319 71 509 4311 907 267 31 427 94 365 528 24 1871 1057 96 170 43
internal_value=0.000213798 0.00588 -0.000175556 -0.00826595 -0.00204513 -0.00681286 -0.00982425 0.0109246 0.0041583 0.0117461 0.00293643 0.0248537 0.046602 0.0130277 0.00639749 -0.00125628 -0.00968224 0.0051182 0.0136275 0.02335 0.0313012 0.0485461 0.00408217 0.018805 -0.0068403 0.0128843 0.0364547 0.0598248 0.0792872 0.11226
internal_weight=2446.19 156.376 2289.82 93.149 61.9144 56.5578 54.0521 12.6712 150.99 62.3897 38.0441 24.3456 7.61529 26.6104 3.69459 88.6 37.9362 50.6639 29.5192 20.158 17.0341 9.94795 7.08619 6.1514 21.1446 16.7303 4.80154 3.29944 2.53609 1.30612
internal_count=289097 17451 271646 150652 31398 27498 26772 3126 17368 7322 802 6520 230 494 118 10046 4820 5226 4295 4028 1445 653 792 622 931 6290 3237 2180 309 213
is_linear=0
shrinkage=0.03


Tree=215
num_leaves=31
num_cat=0
split_feature=3 5 12 28 18 12 8 24 18 12 3 29 29 14 31 29 28 34 29 19 15 29 22 17 22 21 28 2 29 29
split_gain=5.56057 10.1113 10.7775 53.8019 12.8776 16.2963 15.6184 11.6377 9.77855 9.33898 10.0648 12.1697 12.0872 11.1931 10.1687 14.4134 11.2165 11.1141 8.85578 9.68841 8.63232 10.3133 8.59001 12.3866 10.6892 12.8556 12.343 9.28015 12.5821 11.2746
threshold=0.34421023726463323 8.7344632148742694 8.9321517944335955 -0.35041563212871546 3.0806121826171879 16.804019927978519 8.6207771301269549 0.65895512700080883 1.9287567138671877 16.804019927978519 0.78832423686981212 -0.28519998490810389 -0.34234976768493647 1.1056283116340639 247.52179718017581 -0.091258823871612535 -0.99275806546211232 0.83887034654617321 -0.91595870256423939 -0.67988497018814076 -0.81616479158401478 -0.99628248810768116 -0.28911821544170374 -0.58398008346557606 -2.1479810476303096 0.52820545434951793 -0.54220184683799733 1.61288458108902 -0.99273797869682301 0.011826144531369211
decision_type=2 10 2 2 10 2 2 10 10 2 2 2 2 10 2 2 2 2 2 10 10 2 8 10 10 10 2 2 2 2
left_child=1 2 22 -4 5 6 7 -5 -9 18 20 12 13 -12 17 -16 -17 -13 19 -2 21 -11 23 24 25 -1 -27 29 -29 -25
right_child=9 -3 3 4 -6 -7 -8 8 -10 10 11 14 -14 -15 15 16 -18 -19 -20 -21 -22 -23 -24 27 -26 26 -28 28 -30 -31
leaf_value=-0.0038909802420706734 -0.0001754122298820361 -0.013598800389114868 -0.021627563509015426 0.059536532384592382 -0.010475493455252793 0.010570454765938453 0.0035936806925403355 0.037978138825240308 -0.0072688344510814171 0.026232421120276329 0.0034190714121638114 -0.004512933557759744 0.034624005002642656 0.020828362583783958 -0.029974992142979842 0.028325715225633128 -0.007372738211758682 0.035479001132033908 -0.0011281739402532833 -0.013116181224465439 -0.0092170623819726061 -0.0039760599514142144 -0.0010610745060464772 -0.0077674285852891807 -0.007465758245029536 0.0029831013826943148 0.11226222782746999 -0.013102576902937582 0.013664256132671462 0.016001713124856182
leaf_weight=5.1453712144211732 81.222422868362628 36.844934307271615 36.005424229428172 20.415545884752646 10.550628925906492 47.499047391116619 11.29716445552185 13.95710284728557 5.6338461628183714 14.364986978471277 289.67637153714895 14.980841552373024 12.338814432732759 36.652803499251604 22.261670022737235 8.2655006824061257 53.791750782635063 9.5035000406205636 425.65621790249861 144.19840773599572 116.04304500902072 29.465796926058829 638.25388060353725 58.246758015426167 91.17262264400415 1.6548361462046162 1.303052139617648 16.524267836241052 180.96605091303354 24.774768087783741
leaf_count=1018 2714 666 619 280 211 321 141 203 105 69 1626 129 76 202 135 55 436 50 35844 5640 707 177 144642 19155 34704 102 339 722 8203 30154
internal_value=0.000205509 0.00166567 0.00216036 0.00977286 0.020214 0.0235633 0.0351605 0.0437694 0.0252452 -0.00118737 0.00148734 0.00379441 0.00659448 0.00543211 -0.00490194 -0.00983113 -0.0022442 0.0117929 -0.00368087 -0.0084748 -0.00495336 0.00628869 0.00106491 0.00463113 -0.00444359 0.0266447 0.0673251 0.00784714 0.0113699 -0.000568361
internal_weight=2458.67 1200.25 1163.4 145.359 109.353 98.8027 51.3037 40.0065 19.5909 1258.42 607.345 447.471 338.668 326.329 108.803 84.3189 62.0573 24.4843 651.077 225.421 159.874 43.8308 1018.04 379.788 99.2759 8.10326 2.95789 280.512 197.49 83.0215
internal_count=289445 241585 240919 1880 1261 1050 729 588 308 47860 3662 2709 1904 1828 805 626 491 179 44198 8354 953 246 239039 94397 36163 1459 441 58234 8925 49309
is_linear=0
shrinkage=0.03


Tree=216
num_leaves=31
num_cat=0
split_feature=11 28 29 29 11 1 28 28 34 34 25 28 27 15 16 5 12 27 19 11 6 12 25 4 11 16 28 25 18 8
split_gain=7.71919 9.05339 19.4887 12.1434 11.2785 10.6943 10.4801 21.345 20.8146 23.3488 12.1797 14.9149 29.8747 11.7971 11.2398 7.92716 7.69487 9.17893 7.67103 15.1413 9.69729 10.0771 9.45397 9.19852 9.14348 7.55944 8.48542 16.9965 13.2772 8.90961
threshold=9.6302804946899432 0.039769539609551437 -0.24372464418411252 -0.10837475582957266 4.425713539123536 32.497514724731452 -0.81429189443588246 -0.80418667197227467 0.71955904364585888 0.3255742639303208 0.29663372039794927 -0.72696319222450245 0.66129031777381908 0.40500828623771673 -0.44370166957378382 2.3218028545379643 -1.5887513756752012 0.45896057784557348 0.46810850501060491 7.2315263748168954 8.9194955825805682 -3.0495036840438838 0.31036211550235754 -2.2689402103424068 8.1816854476928729 0.65005555748939525 0.12545942142605784 0.23220069706439975 2.3223114013671879 4.1469824314117441
decision_type=2 2 2 2 2 2 2 2 2 2 2 2 2 10 10 10 2 2 10 2 8 2 2 2 2 8 2 2 10 2
left_child=1 2 6 18 -3 15 -1 8 9 -8 -9 12 -12 -11 16 25 17 -13 19 20 23 -22 24 -4 -20 26 27 28 -6 -28
right_child=-2 4 3 -5 5 -7 7 10 -10 13 11 14 -14 -15 -16 -17 -18 -19 22 -21 21 -23 -24 -25 -26 -27 29 -29 -30 -31
leaf_value=-0.020779248224490995 0.0011639226575788188 -0.0075528411924472155 0.062808188005747306 -0.0017113511800313651 0.0042484143843231851 -0.014712814506750807 -0.01514411052654048 -0.011534141357986853 -0.020007992972697338 0.17691574957698628 -0.0096568206955095458 -0.0166213997364404 0.085591825520308973 0.0078481824722243746 -0.014003190984675767 -0.0028047026230075415 -0.0057113426595468506 0.064885092694840898 0.021065971477822541 -0.019492217568333293 -0.017204123390084227 0.068347582977370508 -0.0054010418115943608 -0.0033347640516358315 0.078225593922286271 -0.0084446411439610351 0.017226051187817996 0.0045279010065110131 0.084746151921449797 0.00029761716241976001
leaf_weight=60.672113330765569 1636.1238708731398 84.892877817412227 1.2320718725313788 156.74800234900977 2.7333593844959996 20.828884772956371 0.99026735880761352 189.254061676329 1.8626583911245687 1.0247113707009701 5.9942432570096553 1.2204101288516538 4.5340969115495682 0.57329397340072308 26.173525476333452 50.277335495426087 4.4944063128496037 3.6914121356676333 7.4745756655393034 11.605697685212361 1.1401080361101774 4.7069791262911158 4.231291599222458 11.882388928846925 3.8928265914437361 15.524874552706022 64.734729415467882 10.164484221546443 5.4677854281908367 48.782035090727732
leaf_count=12703 40327 116511 486 75676 53 109 227 17998 212 95 808 271 127 77 3520 2777 430 390 844 711 40 242 193 1430 140 1652 8739 516 264 2010
internal_value=-2.01808e-05 -0.0024199 -0.00488351 0.00229416 0.00167025 0.00527152 -0.00972204 -0.00684993 0.0519423 0.0948674 -0.0081768 0.00555597 0.0352289 0.142629 -0.00394754 0.00744061 0.0226899 0.0452477 0.0156421 0.00648645 0.022567 0.0515898 0.0321119 0.00688887 0.045383 0.0109304 0.0132576 0.0317332 0.0612946 0.0100174
internal_weight=2442.93 806.806 503.399 202.914 303.406 218.513 300.485 239.813 4.45093 2.58827 235.362 46.1081 10.5283 1.59801 35.5798 197.685 9.40623 4.91182 46.1659 30.5672 18.9615 5.84709 15.5987 13.1145 11.3674 147.407 131.882 18.3656 8.20114 113.517
internal_count=289578 249251 116620 79762 132631 16120 36858 24155 611 399 23544 5546 935 172 4611 16011 1091 661 4086 2909 2198 282 1177 1916 984 13234 11582 833 317 10749
is_linear=0
shrinkage=0.03


Tree=217
num_leaves=31
num_cat=0
split_feature=18 29 29 18 15 29 29 19 25 3 22 22 14 28 18 15 33 14 8 29 3 28 31 31 25 2 2 3 28 20
split_gain=6.07639 5.26198 17.6078 19.6743 13.1747 13.3057 11.245 17.634 11.7619 15.8491 23.4437 12.4212 13.2499 11.6355 12.9619 11.7546 15.5897 13.3376 10.2441 10.0041 25.3562 9.88742 12.2803 11.5028 13.5365 9.85017 9.47196 12.5119 11.2663 13.558
threshold=13.304382324218752 -0.92272481322288502 -0.90161547064781178 8.5876922607421893 -0.56642910838127125 -0.91595870256423939 -0.94703993201255787 0.82030305266380321 0.21733793616294864 -0.19834028929471967 0.16550064831972125 -0.98909705877304066 -0.87557518482208241 -0.30163703858852381 1.9759521484375002 -0.43819326162338251 3.1252865791320805 1.0000000180025095e-35 5.6656913757324228 -0.86974579095840443 0.71112760901451122 0.46800856292247778 220.38897705078128 771.62255859375011 0.22945884615182879 3.4440749883651738 2.2418624162673955 -0.35858295857906336 -0.048361575230956071 -0.36567738652229304
decision_type=8 2 2 8 10 2 2 10 2 2 10 8 8 2 10 10 2 10 2 2 2 2 2 2 2 2 2 2 2 10
left_child=1 6 3 -3 5 -5 7 13 9 10 11 -9 -13 14 18 16 -15 -17 -1 20 21 22 -4 -23 -25 -11 -19 28 -28 -30
right_child=-2 2 19 4 -6 -7 -8 8 -10 25 -12 12 -14 15 -16 17 -18 26 -20 -21 -22 23 -24 24 -26 -27 27 -29 29 -31
leaf_value=0.065920276053205495 -0.021996838771948121 0.0092463107161609073 0.00081565729274082172 -0.010917890212038605 0.0012519475307274284 0.13493309527507749 -0.0088460756267819129 0.010857178026327807 0.0018614345753758181 -0.0034141858580690075 -0.016340548435907119 -0.002407334321300799 0.10887786437516513 -0.0031310114199669401 -0.002688316429984172 -0.015666251993283545 0.010758251722000817 -0.016038873675161758 0.0072373540607755709 0.00075456445770814623 0.014485735023431499 -0.025729788148352476 -0.028539066597372577 0.06357525255727349 -0.012170126331866118 0.028330357950643491 -0.0084123433345184677 -0.0023202254496570898 -0.013540241157057684 0.063905711973744242
leaf_weight=5.5998766641132551 10.533558960956723 121.46637684758753 16.776927616796456 0.53631130664143745 1.6315236824011652 1.6431124052905945 170.29656486722524 2.5390157075744355 56.031861232288065 19.007307383231819 3.167060509818838 1.0829202692839315 5.4101470272726129 228.09800107692718 12.30194425373338 101.81291038444033 105.57925363443792 40.25814777026244 4.9682969548739493 1210.417589460576 30.325457560946234 4.6718707955878909 52.724243540273164 3.6698381477908697 3.3967313545581419 15.079404611140488 5.2352144154720017 202.31459772121161 2.3484103153459719 6.7082834411412451
leaf_count=77 37930 3412 993 65 508 154 5639 289 2640 722 345 66 428 9518 509 3731 655 5970 53 207941 543 873 2791 73 114 77 138 3433 68 128
internal_value=-0.000272961 -0.000169998 0.000981932 0.0116848 0.0713299 0.106897 -0.00185695 -0.000392067 0.0111949 0.0222153 0.0502488 0.0728994 0.0924733 -0.00206297 0.0185378 -0.00276922 0.00128272 -0.00653182 0.0413428 -4.03888e-05 -0.00859526 -0.0172824 -0.0215421 0.00764939 0.0301711 0.0110363 -0.00286452 -0.000353498 0.0258184 0.0444744
internal_weight=2445.63 2435.1 1447.26 125.277 3.81095 2.17942 987.839 817.543 102.318 46.2859 12.1991 9.03208 6.49307 715.225 22.8701 692.355 333.677 358.678 10.5682 1321.98 111.565 81.2396 69.5012 11.7384 7.06657 34.0867 256.865 216.607 14.2919 9.05669
internal_count=289883 251953 217467 4139 727 219 34486 28847 4567 1927 1128 783 494 24280 639 23641 10173 13468 130 213328 5387 4844 3784 1060 187 799 9737 3767 334 196
is_linear=0
shrinkage=0.03


Tree=218
num_leaves=31
num_cat=0
split_feature=5 27 28 27 8 28 1 0 23 28 28 16 0 6 22 8 28 27 6 15 24 15 20 13 22 16 25 27 27 28
split_gain=6.43951 7.27521 6.84423 6.98189 9.04259 9.53097 6.82468 12.8448 12.3987 11.4442 12.8856 10.8144 10.1852 10.9633 9.77634 8.87668 13.0718 11.9636 8.49 8.23742 8.22189 9.94981 8.01384 10.5616 7.85251 11.4805 9.4413 11.6667 28.2537 14.6168
threshold=1.8797081708908083 0.051391525194048888 0.99818283319473278 0.76523298025131237 3.2385717630386357 0.99995782971382152 12.049646854400637 5.5000000000000009 -0.041231527924537652 0.87397152185440075 0.86548283696174633 -0.064437191933393465 4.5000000000000009 2.3947629928588872 -1.038667559623718 3.9284884929656987 -0.99275806546211232 0.59569892287254345 0.059027777984738357 1.6484789252281191 0.42585399746894842 0.06661445647478105 1.6875765323638918 0.29687939584255224 -0.33904199302196497 -0.93541181087493885 0.21912641078233722 0.79032260179519664 0.6338709592819215 -0.78326541185379017
decision_type=8 2 2 2 2 2 2 2 10 2 2 10 2 10 10 2 2 2 10 8 10 10 8 10 10 8 2 2 2 2
left_child=1 -1 6 4 -4 -6 9 15 11 10 12 -9 13 -3 -13 16 17 -8 -14 -18 -16 -22 -15 -24 25 -20 27 28 -27 -30
right_child=-2 2 3 -5 5 -7 7 8 -10 -11 -12 14 18 22 20 -17 19 -19 24 -21 21 -23 23 -25 -26 26 -28 -29 29 -31
leaf_value=-0.024948159547838203 -0.000759296264280686 -0.012778141013065668 -0.0092270336098133447 -0.02502961579952908 0.059578335524968037 -0.018393493492374069 -0.011807179167211402 -0.0022658005278013631 -0.0071415314773021835 -0.023525219730953367 0.064696801413167845 0.038329032846241055 0.026875579623460932 0.00067213788231974109 0.023598676996741529 0.005799495726518584 0.013163927324281432 0.12157642173842265 0.04141958923219103 0.067132227191016275 0.013909701470921635 -0.015620150038225948 -0.0068303786289717894 0.095013684957378247 -0.00095866201831606784 0.010051617230253038 -0.00087346672052758935 0.0013955501593580972 0.0028099972377839595 0.10542973779507415
leaf_weight=7.7457244440265631 1301.1858772664491 90.403490376505943 3.185021159872119 1.553461906558369 6.8704092249390651 1.2312832939496727 0.63853594311512896 73.451357898651622 120.3039084066404 17.023249266236235 1.8226472837050085 11.455724450061096 11.968530457772429 67.890902362269117 20.915834268846083 202.28436021145899 73.946974827675149 0.97137684281915426 7.6616367573005846 1.7194388490170229 21.877455409266986 17.63480426510796 1.5285994737641879 0.9037886889418586 252.37238923713448 18.763845052868422 78.983329361362848 26.136505463742651 1.7012587298522701 4.3644712269306174
leaf_count=82378 60012 41908 2847 57 326 76 93 1457 2450 24552 925 178 14841 6016 400 4122 2270 67 861 53 418 436 141 78 27294 4545 8975 1119 150 180
internal_value=0.000685197 0.00232266 0.00252973 0.0235067 0.0316805 0.0470094 0.00227004 0.00467811 -4.9681e-05 8.23788e-06 0.000758265 0.00582942 0.000436744 -0.00592387 0.0140188 0.00915464 0.017751 0.0844191 0.00298852 0.0152499 0.00886117 0.000669924 0.0029432 0.0476679 0.00218857 0.00792572 0.00564975 0.0155812 0.0298814 0.0811191
internal_weight=2448.5 1147.31 1139.56 12.8402 11.2867 8.10169 1126.72 545.2 265.639 581.525 564.501 145.335 562.679 160.727 71.8838 279.561 77.2763 1.60991 401.952 75.6664 60.4281 39.5123 70.3233 2.43239 389.983 137.611 129.949 50.9661 24.8296 6.06573
internal_count=289225 229213 146835 3306 3249 402 143529 11944 5339 131585 107033 2889 106108 48143 1432 6605 2483 160 57965 2323 1254 854 6235 219 43124 15830 14969 5994 4875 330
is_linear=0
shrinkage=0.03


Tree=219
num_leaves=31
num_cat=0
split_feature=13 4 29 11 23 21 15 2 6 6 27 20 28 28 21 23 23 20 28 29 33 13 28 0 28 29 12 27 24 20
split_gain=5.4309 6.73558 8.3195 15.8672 8.98612 12.9446 7.99109 6.76353 5.93452 8.24406 5.47177 5.13596 11.0895 23.0679 10.1838 9.27662 8.44542 10.5929 14.7119 12.3525 10.1487 10.0087 10.3211 9.72799 9.55298 9.38378 8.25108 8.15692 7.87324 9.62604
threshold=1.4494718909263613 33.26420974731446 -0.90161547064781178 9.3700623512268084 0.22313037514686587 -0.27419659495353693 1.4268461465835574 2.3908109664916997 9.5779032707214373 1.6612386703491213 0.93440860509872448 1.046340346336365 -0.98803845047950734 -0.97509795427322377 -0.21169604361057279 -0.15655416995286939 -1.0532379150390623 1.1504504084587099 0.15951094031333926 -0.4755979031324386 3.5597887039184575 -0.93130680918693531 -0.80418667197227467 4.5000000000000009 -0.15951316058635709 -0.86112883687019337 -0.040869912132620805 0.86881721019744884 0.049256432801485069 1.1359507441520693
decision_type=8 2 2 2 10 10 10 2 10 8 2 10 2 2 10 8 10 10 2 2 2 10 2 2 2 2 2 2 10 10
left_child=11 2 3 4 5 10 -7 8 9 -8 -2 -1 -13 15 -15 26 17 23 -19 -20 21 24 -23 -16 27 -24 -14 -18 -27 -30
right_child=1 -3 -4 -5 -6 6 7 -9 -10 -11 -12 12 13 14 16 -17 20 18 19 -21 -22 22 25 -25 -26 28 -28 -29 29 -31
leaf_value=-0.00035547630633560133 -0.025423634661379403 0.0090836956659533317 -0.016748781771909516 -0.016606871072276999 -0.02330485715317902 -0.0080938539566164994 0.018744958322807724 0.022270764232162222 0.015284003291332761 0.13227939769567745 0.026068402449869674 -0.016665277224940274 0.06065143907998289 -0.0053797248596057059 -0.016172822739399698 -0.0010359039603429012 0.030619785273571658 -0.014456727809812026 0.045352847069985366 -0.0060243770363150439 0.02943852179787251 -0.025031529633959253 -0.0060673371517797631 0.073461533978261884 -0.010132225601582411 -0.018487238530129763 0.019434550572974791 -0.013244479148334806 0.057538478116387917 0.011135884838796135
leaf_weight=1985.1116085484864 3.6856961032608533 20.140921838581562 57.980641503316292 20.517233178485185 2.7228194850613354 1.5985196788533365 1.2082281506445709 3.8143583122873679 1.3448608778417108 1.746355803159531 2.1056151124066673 21.629332200929639 9.4857941186419392 94.93287667043478 0.98511287723158503 5.8680477382549752 22.799269050839943 11.043476692222614 11.526324163387473 6.0241047209055969 11.657145842909811 15.344746697363005 63.797800879896386 4.0878426010895055 9.4949570296885195 5.147360491584549 9.8906180278972844 3.955938637838698 3.9923218219155414 25.052298508471722
leaf_count=226034 693 103 17927 664 503 201 226 67 20 122 68 2315 538 14364 262 588 1562 1824 427 1257 55 2028 3724 374 3946 3654 309 94 766 4698
internal_value=-9.26174e-05 -0.00637485 -0.0096538 0.00111824 0.0208971 0.0296018 0.0491682 0.0600998 0.0831254 0.102332 -0.00562027 0.000226197 0.00364636 0.00508898 0.00264074 0.0320265 0.00655473 0.0199999 0.0118835 0.0283437 0.00364144 0.00144893 -0.00296119 0.0562586 0.0149463 0.000712883 0.0415987 0.0238906 0.0131768 0.019217
internal_weight=2438.69 116.865 96.7243 38.7437 18.2265 15.5036 9.71232 8.1138 4.29944 2.95458 5.79131 2321.83 336.715 315.086 289.842 25.2445 194.909 33.6669 28.5939 17.5504 161.242 149.585 113.335 5.07296 36.2502 97.9898 19.3764 26.7552 34.192 29.0446
internal_count=289413 20594 20491 2564 1900 1397 636 435 368 348 761 268819 42785 40470 39035 1435 24671 4144 3508 1684 20527 20472 14870 636 5602 12842 847 1656 9118 5464
is_linear=0
shrinkage=0.03


Tree=220
num_leaves=31
num_cat=0
split_feature=6 24 24 27 3 16 3 31 8 19 23 8 23 28 28 12 1 28 31 0 6 15 28 28 15 22 3 29 28 27
split_gain=7.04929 6.00366 8.07368 7.33919 8.15317 5.4047 5.25818 9.21966 12.3062 20.0674 6.2307 6.09471 5.42481 8.57276 9.65862 5.8193 5.26984 11.856 6.98034 6.64869 6.9617 6.4339 5.32848 23.3074 7.95913 5.40735 5.27249 8.16319 18.326 20.3463
threshold=0.19171272218227389 0.75273463129997265 1.0839508771896365 0.37706093490123754 -0.83008018136024464 0.79832038283348095 -1.222753047943115 321.83653259277349 4.7308192253112802 0.51508548855781566 -1.0269734263420103 5.7881591320037851 0.03277894854545594 -0.81429189443588246 -0.76141706109046925 -3.3581849336624141 6.4357738494873056 0.99818283319473278 710.89306640625011 4.5000000000000009 4.5768651962280282 -1.4564862251281736 0.87811094522476207 0.86548283696174633 -0.30445288121700281 1.3536986112594607 0.085111711174249663 -0.90892156958580006 -0.81429189443588246 0.89068099856376659
decision_type=8 10 10 2 2 10 2 2 2 10 10 2 10 2 2 2 2 2 2 2 10 8 2 2 10 10 2 2 2 2
left_child=1 -1 3 4 -3 -5 7 10 12 11 -2 -10 -9 -14 -15 -16 17 19 -19 20 -8 -22 23 -21 25 -25 27 -18 29 -29
right_child=6 2 -4 5 -6 -7 16 8 9 -11 -12 -13 13 14 15 -17 26 18 -20 22 21 -23 -24 24 -26 -27 -28 28 -30 -31
leaf_value=-0.01602164183650388 0.022314966663748645 0.079178271358756686 -0.014986056887218952 -0.0090284090387906246 -0.0050942206628911794 0.04806019388720105 -0.017059279572019356 -0.0076925021431133089 0.041425649751977198 0.091298007402888653 -0.0080958571053239246 -0.0083220550556085959 -0.022678238974493971 0.08076483946345038 0.03680577838411922 -0.0045895737742498513 0.0066846990691245903 -0.01817207859909642 0.043766172599489735 -0.0021292648963756587 0.04697562188150152 -0.0028587082200188397 -0.023909443699489375 0.12156448656644658 -0.0098361396332636904 -0.0060160955310629514 -0.00027927612924307085 0.0052610150157618371 -0.0070316115257840432 0.054705054174991614
leaf_weight=43.287338598893257 6.4327280840661833 1.9921222662233051 10.467419063174018 6.7853370176453609 1.4036129191990783 0.84843236806045741 57.485947138786287 12.637782978941688 2.5873144354554807 3.7626736098900437 32.123855870770058 5.1224867228302173 2.9502918934158506 1.634873008937572 4.6180122192599775 6.2787351723236533 275.83270700706635 1.5047002608444007 6.2850672236527316 264.20412877139097 1.6985330507741307 16.485992598696615 8.6523033361263497 1.1659131041524231 0.47936605360518925 0.24151899278513145 1467.7830570514488 48.419479706208222 141.81283105933107 7.9236171171069136
leaf_count=113938 706 1069 13110 848 5250 84 25906 2303 95 140 4496 175 773 100 484 1033 5913 1242 347 50645 139 1597 8657 273 244 68 41777 2185 5750 182
internal_value=-1.38526e-05 -0.00970132 0.00317208 0.0202181 0.0511101 0.00214817 0.000254018 0.00785676 0.0178398 0.0426922 -0.00258629 0.0112121 0.00658248 0.0179948 0.0285386 0.0145728 -7.61115e-06 -0.00334579 0.0310957 -0.00419774 -0.0120118 0.00400208 -0.00200982 -0.00121087 0.0835797 0.106266 0.000609596 0.00335693 -0.00128563 0.0130471
internal_weight=2442.91 64.7843 21.4969 11.0295 3.39574 7.63377 2378.12 78.1488 39.5922 11.4725 38.5566 7.7098 28.1197 15.4819 12.5316 10.8967 2299.98 358.203 7.78977 350.414 75.6705 18.1845 274.743 266.091 1.8868 1.40743 1941.77 473.989 198.156 56.3431
internal_count=289529 134299 20361 7251 6319 932 155230 10305 5103 410 5202 270 4693 2390 1617 1517 144925 89118 1589 87529 27642 1736 59887 51230 585 341 55807 14030 8117 2367
is_linear=0
shrinkage=0.03


Tree=221
num_leaves=31
num_cat=0
split_feature=21 3 27 17 4 27 15 29 27 27 29 31 13 19 27 23 13 14 22 13 15 17 17 34 31 31 16 34 27 31
split_gain=5.26792 4.44333 14.6627 12.0877 8.04249 12.2001 11.3781 10.3319 15.5312 10.4886 10.0229 9.57005 9.27802 8.85521 8.83784 8.67548 8.16885 8.08956 7.93947 7.68996 11.0384 9.39164 8.20709 12.7289 10.7628 10.8145 11.6403 10.9667 13.1122 27.1431
threshold=-2.7952520847320552 1.0890932083129885 0.80107527971267711 1.1422767639160158 22.465523719787601 0.32795698940753942 0.088543359190225615 -0.29342786967754358 0.68853047490119945 0.1037634424865246 -0.48313741385936732 240.34812164306643 -0.17807546257972715 -1.1375905275344846 0.31702509522438055 -0.78787636756896962 0.29687939584255224 -1.0788682103157041 0.34485286474227911 1.3199079036712649 0.99133428931236278 -1.4232755303382871 0.99285352230072033 2.5997183322906499 69.397317886352553 240.34812164306643 -0.80978250503540028 1.0638813972473147 0.61200717091560375 308.68588256835943
decision_type=10 2 2 10 2 2 10 2 2 2 2 2 10 10 2 10 10 10 10 10 10 10 10 2 2 2 8 2 2 2
left_child=-1 19 4 -4 5 6 12 10 9 -9 -6 -11 14 -13 -3 -12 17 -15 -14 20 22 -22 24 -24 -2 26 -26 28 -27 -30
right_child=1 2 3 -5 7 -7 -8 8 -10 11 15 13 18 16 -16 -17 -18 -19 -20 -21 21 -23 23 -25 25 27 -28 -29 29 -31
leaf_value=-0.022423561700418582 0.0083933347678787299 -0.0053516005182579294 0.017341375216868533 -0.011531853981605486 0.0035626541324810333 -0.023389859893951655 -0.020141134689993033 0.025128610157918549 -0.028198541828102448 0.011077845287763503 -3.9592699404018611e-05 0.01419894510665695 0.061085941195558671 0.0069887858091514281 0.040958104007902653 0.032404391108537406 0.002467149110621535 -0.027337402795349942 -0.015981249095706397 -0.0072130801004339929 -0.018192741227340402 0.012810477974163629 0.00039190573934893262 0.01292759145763016 0.011402295512737281 -0.0056715559214593272 -0.011434152227567202 -0.0039955525937040593 -0.00083189082799873897 0.01605701880804121
leaf_weight=8.0599178661068418 93.4126944942509 18.814124923010244 86.933254804462194 14.606240980327128 191.45639375876635 28.754751838801894 13.24509252476855 12.284120511263607 19.726128268055618 28.82340887375176 11.192669074982403 11.369067369028924 4.1657050871290293 7.1046998463571063 3.5711865182965985 20.978818802163005 18.778375251218677 33.252039900049567 1.1066109275416236 129.24774277758115 8.8380048909748421 91.841120160574064 281.28501583663092 97.437365469057113 22.020691242189059 138.25674275515485 166.1195957128657 515.20249647666787 243.27654861970223 131.09989374327415
leaf_count=1383 11696 3234 438 71 1236 2722 2840 92 106 190 73 87 549 55 168 128 142 232 212 25965 2283 14695 37015 2476 4772 96813 42836 22241 6861 8029
internal_value=0.000410682 0.000495119 0.00293448 0.0131161 0.00047468 -0.00877184 0.00181762 0.00230874 -0.00434911 7.89856e-05 0.00622088 -0.00323856 0.0126694 -0.00916444 0.00347183 0.021456 -0.0138176 -0.0212715 0.0449412 -0.000175236 0.000337025 0.00993674 -0.000241047 0.00364263 -0.00136627 -0.00212229 -0.00871513 -0.000908209 0.00219635 0.00510932
internal_weight=2452.26 2444.2 526.163 101.539 424.623 69.6575 40.9027 354.966 131.338 111.612 223.628 99.3276 27.6576 70.5042 22.3853 32.1715 59.1351 40.3567 5.27232 1918.04 1788.79 100.679 1688.11 378.722 1309.39 1215.98 188.14 1027.84 512.633 374.376
internal_count=289640 288257 12575 509 12066 9725 7003 2341 904 798 1437 706 4163 516 3402 201 429 287 761 275682 249717 16978 232739 39491 193248 181552 47608 133944 111703 14890
is_linear=0
shrinkage=0.03


Tree=222
num_leaves=31
num_cat=0
split_feature=0 18 3 3 3 15 1 3 27 21 20 20 15 22 6 29 24 20 29 3 6 29 8 22 27 29 15 22 12 4
split_gain=7.32021 9.22791 11.4237 9.11579 12.0016 11.3079 11.1374 8.58016 9.58812 11.947 14.0125 11.7758 12.4281 12.1164 11.7861 10.7316 13.7918 9.65996 9.65724 10.7287 9.74358 8.50106 8.38708 8.33728 8.26577 14.5445 8.49531 8.12329 7.99005 7.94591
threshold=7.5000000000000009 1.8009033203125002 -0.69814637303352345 1.5261604189872744 -0.15049175173044202 -1.1694180369377134 13.20686721801758 0.46610327064991003 0.96774193644523632 -0.98212793469429005 -0.6067526340484618 -1.7153170108795164 -0.10410133004188536 0.60709258913993847 6.279870033264161 -0.93543598055839527 0.62200021743774425 -1.4797189831733701 -0.99983122944831837 -0.51045253872871388 0.50238093733787548 -0.92272481322288502 0.65515246987342846 0.99035295844078075 0.25143370032310491 -0.99864786863327015 1.8481423258781435 1.2128054499626162 -1.3304929137229917 22.465523719787601
decision_type=2 8 2 2 2 10 2 2 2 10 10 10 10 10 10 2 10 10 2 2 10 2 2 10 2 2 10 8 2 2
left_child=1 2 -1 4 5 6 -2 8 9 23 11 -11 13 14 -13 -14 -17 -18 -12 28 27 24 -23 -4 25 -3 -26 -21 -20 -5
right_child=3 21 7 29 -6 -7 -8 -9 -10 10 18 12 15 -15 -16 16 17 -19 19 20 -22 22 -24 -25 26 -27 -28 -29 -30 -31
leaf_value=-0.019280843276290968 -0.016585012432935163 0.062536118505329738 -0.021187267784760756 -0.016489565312573555 -0.0014524606936261917 0.0082110423309482462 0.033198662799517553 -0.001682814620115797 -0.0070204627175822539 -0.0047411207990211797 0.051851749693859021 0.041414118979393545 0.011847779392685841 -0.010270680792864174 -0.0052267929113688216 -0.012547924481362853 0.0044620514569171047 0.072715368983311171 -0.0001200951124383533 0.053727843301162197 -0.0063307603201178267 -0.012954539703943675 0.00024508160819283211 0.022200952833622351 -0.0067480477442742968 -0.01899058169898829 0.035487410262427868 -0.015113510493344541 0.069151019829735857 0.01426266912600724
leaf_weight=18.450066706704092 29.472198727682553 3.2315771057328675 14.507176687111498 7.5476798584713825 581.24693172375919 252.65111370607337 3.7176360618323079 123.24557963349798 29.312342596007511 10.671448236302238 2.6750847696093834 15.679438343380754 7.5614702038001296 10.341721247532403 6.5997451888397327 2.0490436679465374 2.2744677111040863 14.58873858081642 2.6101720128208399 3.7051297930702267 52.514414067205507 45.339842205685272 665.24226736104174 4.463972314631973 447.12123495990818 3.0102555515550184 3.3505801646242608 1.7556529376743126 2.5080939358995229 76.250283377245069
leaf_count=1451 4883 225 642 1049 41649 38780 43 1434 505 525 25 396 109 213 104 84 84 283 47 120 785 112619 59427 248 21016 1680 351 37 115 462
internal_value=-0.000113514 -0.00142364 0.00303653 0.0019426 0.00102327 0.00604508 -0.0102008 0.00443572 0.00852496 0.0115004 0.0146162 0.0238892 0.0290522 0.0158995 0.0279667 0.0440904 0.0557392 0.0642747 0.00456916 0.00178671 -0.00216427 -0.00266894 -0.000614163 -0.0103774 -0.00585756 0.0260251 -0.006356 0.0326816 0.039579 0.011331
internal_weight=2443.7 1492.81 325.514 950.886 867.088 285.841 33.1898 307.064 183.818 154.506 135.535 69.7661 59.0946 32.6209 22.2792 26.4737 18.9122 16.8632 65.7685 63.0935 57.9752 1167.3 710.582 18.9711 456.714 6.24183 450.472 5.46078 5.11827 83.798
internal_count=289391 202525 7207 86866 85355 43706 4926 5756 4322 3817 2927 1798 1273 713 500 560 451 367 1129 1104 942 195318 172046 890 23272 1905 21367 157 162 1511
is_linear=0
shrinkage=0.03


Tree=223
num_leaves=31
num_cat=0
split_feature=34 3 14 29 5 31 5 27 29 28 29 28 12 11 31 16 3 20 11 11 23 3 34 29 31 28 15 23 12 28
split_gain=4.89438 6.21613 7.79834 8.4912 7.88361 7.66329 7.41961 7.33865 9.39851 24.2949 11.7124 14.6177 9.53728 10.5169 8.22962 6.72789 6.25931 6.28196 6.18306 6.12939 5.7161 5.59925 11.378 11.2885 12.8231 7.42972 7.91387 7.26014 10.4399 24.7904
threshold=7.4628975391387948 1.7961651086807253 0.099112883210182204 0.60383266210556041 23.231354713439945 247.52179718017581 11.924671173095705 0.051391525194048888 0.7074720859527589 -0.67803022265434254 0.85561370849609386 -0.27694603800773615 16.804019927978519 3.6050454378128056 260.51104736328131 0.078549850732088103 1.1343008279800417 -0.4704334139823913 13.625600814819338 8.0511417388916033 -1.5123376250267027 0.43017786741256719 2.4601597785949711 -0.99761277437210072 771.62255859375011 0.91248813271522533 0.52285295724868786 0.47000108659267431 10.828636646270754 -0.33425341546535486
decision_type=2 2 10 2 8 2 8 2 2 2 2 2 2 2 2 8 2 8 2 2 10 2 2 2 2 2 10 10 2 2
left_child=1 7 4 20 5 6 15 -1 21 12 -11 14 13 -10 -12 -3 17 -16 -6 -5 -4 27 -23 -24 -25 26 -26 28 -9 -30
right_child=-2 2 3 19 18 -7 -8 8 9 10 11 -13 -14 -15 16 -17 -18 -19 -20 -21 -22 22 23 24 25 -27 -28 -29 29 -31
leaf_value=-0.026734516091487137 -0.0082912180178711554 0.039658545158873446 -0.016243481755399036 0.018129501880749185 0.031921229665482838 -0.019287811097346067 -0.013513291777964847 0.0014614404834015619 0.016890254510620067 -0.017675581836020832 -0.0014156397674865463 -0.021232484296429641 -0.015684358890402209 0.096391483621202909 0.013577828000615936 -0.011728113205571943 -0.015242222718313688 0.069218981174496819 0.0031305314167940669 -0.035812678096708545 0.024234014788558904 -0.0032746010298243229 -0.030043300018865404 0.020926527951782289 0.0087440366615943871 -0.028335764228898278 -0.011655519180365408 -0.002272435375304921 -0.012686146696312479 0.019853524673463685
leaf_weight=8.1707667545633722 58.775668292830233 6.2702830697817236 2.7308399215398813 2.3922271449118844 8.6111607747734542 22.434142047422938 7.8982500131242004 774.03572726876155 2.8555041263534795 14.211443303080157 4.6355044156443901 5.7932114157738424 1.0028401240706442 4.0120612645987421 3.2596994563573389 2.7986303339130254 0.93696582666598338 6.0057273470592882 23.125450090970844 3.659380751196295 38.463759967300575 797.69776656296744 6.5503222104744045 43.814942426979542 68.500838765699882 5.9947020697873077 21.766452648851555 379.74431965798794 27.749482608400285 79.637939390493557
leaf_count=92435 2284 189 37 176 127 559 86 96267 434 5656 707 9744 6 112 808 89 117 1253 138 91 517 28410 96 225 1562 429 598 45201 348 791
internal_value=0.000187251 0.000400496 0.00707183 0.0163826 0.000746704 -0.00812993 0.00687551 4.74969e-05 0.000156675 0.0139314 0.00257117 0.0166902 0.0582642 0.0696836 0.0319023 0.024211 0.0458155 0.0528733 0.0116788 -0.0149421 0.0212293 -0.000116289 -0.00186208 0.00579261 0.00766946 0.00148221 0.00375121 0.00119135 0.00268453 0.0114056
internal_weight=2433.54 2374.76 118.384 47.2462 71.1379 39.4013 16.9672 2256.38 2248.21 42.713 34.8426 20.6311 7.87041 6.86757 14.8379 9.06891 10.2024 9.26543 31.7366 6.05161 41.1946 2205.49 944.325 146.627 140.077 96.262 90.2673 1261.17 881.423 107.387
internal_count=289492 287208 2009 821 1188 923 364 285199 192764 18837 18285 12629 552 546 2885 278 2178 2061 265 267 554 173927 31320 2910 2814 2589 2160 142607 97406 1139
is_linear=0
shrinkage=0.03


Tree=224
num_leaves=31
num_cat=0
split_feature=24 24 27 27 27 29 4 27 29 34 28 29 14 29 29 18 17 0 14 15 22 34 16 23 1 22 21 18 8 23
split_gain=5.6202 7.67906 6.95575 7.50028 7.74599 10.4819 6.91494 7.32526 15.6674 9.16232 10.7796 7.77068 6.59022 6.95181 9.04412 12.8973 8.14907 8.34252 6.57775 9.21479 10.2767 10.1564 9.06839 7.44882 6.81112 6.6317 6.28436 6.17163 7.33703 6.12272
threshold=1.645364582538605 0.80545413494110119 0.68297490477561962 0.62311828136444103 0.59569892287254345 -0.091258823871612535 -2.4978016614913936 0.1474910452961922 -0.73865258693695057 0.42795154452323919 -0.99054482579231251 -0.12545862048864362 0.77758973836898815 -0.99052476882934559 -0.97507822513580311 2.5591735839843754 0.91768324375152599 4.5000000000000009 -0.57757547497749318 -0.42720019817352289 0.71164315938949596 9.2056508064270037 -0.87478476762771595 0.59982493519783031 32.497514724731452 0.54731702804565441 -1.2424203753471372 7.8244934082031259 2.9092844724655156 -1.1547412276268003
decision_type=8 10 2 2 2 2 2 2 2 2 2 2 10 2 2 10 8 2 10 10 8 2 8 10 2 10 10 10 2 10
left_child=1 6 3 4 18 -6 -1 8 27 10 11 -10 13 -5 -15 16 17 -16 22 20 21 29 23 25 -21 -3 -19 28 -8 -20
right_child=-2 2 -4 12 5 -7 7 -9 9 -11 -12 -13 -14 14 15 -17 -18 26 19 24 -22 -23 -24 -25 -26 -27 -28 -29 -30 -31
leaf_value=-0.024712678436091085 -0.0091032084149926095 0.0599041499797116 0.00040404755763288354 -0.0054963920958658206 -0.022198613754439985 0.050735022447111207 0.075243117129813963 -0.0014329922185621932 0.061842108572241233 0.016000679816717132 -0.021626453574531097 -0.0071016960270806687 -0.018421888237480477 0.050645150618541142 0.0066474611334709091 -0.0084852339731336969 0.002209052775408428 -0.0046257067996071273 -0.0045993284341134203 0.0025872406273752266 -0.0026763994439114444 -0.017978269236231997 -0.005185270328299703 -0.012216637474615533 0.025007889879568 -0.0089175621712247223 0.064473783585048405 -0.013397270567019058 -0.0067786013245397974 0.060586422654687132
leaf_weight=10.206056880957474 62.253982084679592 4.1430213803796487 516.42975173893501 8.1428844141773862 15.834216273331551 1.0334518759918854 4.397255373231018 1541.4152997278798 1.8037960365181787 23.309715463728935 16.77120520432436 2.7144135291709999 3.7643168518552548 8.3565410618903098 4.6496402094489886 11.829888354084686 6.8879615750629481 1.2052244832739223 1.3217527831366176 79.513258121431136 6.2879891362754305 1.6291505696717656 65.8738673994485 2.5894769635378907 13.471899557858704 1.3582747908949384 8.578645874920765 0.80382681942865009 1.0091372593306003 9.7140815873353805
leaf_count=87056 12765 426 11501 251 1206 87 425 95593 42 6657 35420 836 329 144 264 922 200 49 183 18304 997 22 10861 506 74 457 344 2165 47 1259
internal_value=-0.000277581 -4.25128e-05 0.00241232 0.00644338 0.00376803 -0.0151407 -0.00122688 -0.00106092 0.0100364 0.00332589 -0.0106469 0.0266416 0.0163434 0.0192909 0.0241685 0.0162069 0.0296733 0.0417874 0.00555552 0.0101108 0.0286512 0.0432625 -0.00138135 0.0267532 0.00606712 0.044154 0.0563222 0.0510832 0.0612649 0.0530457
internal_weight=2437.3 2375.05 772.615 256.186 202.77 16.8677 1602.43 1592.22 50.8093 44.5991 21.2894 4.51821 53.4151 49.6508 41.5079 33.1514 21.3215 14.4335 185.903 111.938 18.953 12.665 73.9646 8.09077 92.9852 5.5013 9.78387 6.21022 5.40639 11.0358
internal_count=289392 276627 48386 36885 34382 1293 228241 141185 45592 42955 36298 878 2503 2174 1923 1779 857 657 33089 20839 2461 1464 12250 1389 18378 883 393 2637 472 1442
is_linear=0
shrinkage=0.03


Tree=225
num_leaves=31
num_cat=0
split_feature=28 28 31 34 34 20 1 11 5 17 25 20 20 19 17 3 3 0 31 5 16 16 5 28 28 12 20 8 3 14
split_gain=7.00558 5.88425 25.4256 14.1492 13.8494 11.4557 12.9903 11.9488 8.38365 7.64324 7.00256 5.82088 5.25941 8.81611 11.2948 7.94652 10.3473 8.65262 7.99222 7.70283 7.69409 10.404 10.7444 9.85855 12.0234 8.90287 8.15006 8.1409 7.62287 7.5931
threshold=-0.99763298034667958 -0.99467751383781422 96.344528198242202 0.17613258212804797 1.145931124687195 0.010970545001327993 17.107065200805668 7.1266415119171151 11.924671173095705 -0.24885680526494977 0.079205587506294264 -0.069159921258687959 0.68131881952285778 -0.020392226986587044 0.768293857574463 0.73512393236160289 0.39507968723773962 4.5000000000000009 346.99270629882818 5.8806872367858896 -0.18463694304227826 0.090508043766021742 -1.3178470134735105 -0.59869033098220814 -0.87812310457229603 5.518719196319581 0.85675594210624706 3.3535856008529668 0.44824056327342993 0.54913476109504711
decision_type=2 2 2 2 2 10 2 2 8 10 2 10 10 10 10 2 2 2 2 10 8 10 8 2 2 2 10 2 2 10
left_child=-1 2 3 10 8 6 7 -6 -4 -9 -2 -10 -3 15 20 16 -14 18 -18 -17 23 -22 27 24 -15 26 -25 -23 -20 -29
right_child=1 12 4 -5 5 -7 -8 9 11 -11 -12 -13 13 14 -16 19 17 -19 28 -21 21 22 -24 25 -26 -27 -28 29 -30 -31
leaf_value=-0.01185506008070061 0.05965785273468982 -0.00096031408528063583 -0.029298784397150231 0.13875552561170143 -0.01353799098736677 -0.010867611260164136 0.00031833963302614626 0.026051400738533591 -0.012556773739676915 0.13297511902299172 -0.018186702124165625 0.043608997386178606 0.0092074286876730142 0.013291162430282366 -0.0052585494718403467 -0.014432511751886194 -0.012448187043894783 0.019221677134560789 -6.9040065858293445e-05 0.012435108291264239 -0.011067460813481549 -0.00099145708873212956 -0.0013133266296224127 -0.0069047057566565236 -0.018481014028590578 0.0043753017687720806 0.026783006977222568 0.0079754552433715844 0.098396343443548057 0.046772299530504671
leaf_weight=44.473545708809979 0.95554876424285229 1767.5019397756405 11.168767205326729 1.0398668078705666 0.80233310337643926 4.4491834603395546 3.2609922830015421 1.5791782792657618 2.8282339341676561 1.5607799116987731 1.4883582411566747 2.1240180035529255 58.02485754526424 19.836607223969622 184.62604796715095 18.981112593246507 0.69405587191431806 11.687783953755568 0.85573189376737024 17.503153382858727 53.24274047374638 10.707735325355317 68.571680095534248 7.0474331920668183 21.117875586576702 45.976333123631775 47.204233478791139 8.1575681820686459 3.0496857104444643 10.827765652968081
leaf_count=6421 31 205716 2069 34 120 249 68 61 136 69 220 126 17843 2696 9917 1618 209 653 65 368 8737 1204 14098 2444 2323 813 10290 376 240 312
internal_value=-0.000190571 3.16421e-05 0.0127579 0.0790521 0.00198388 0.0257221 0.0468919 0.0775574 -0.0156746 0.098482 0.0207348 0.014812 -0.000142568 0.00231253 0.000535259 0.00989582 0.0154637 0.0359304 0.0673739 -0.00155502 0.0041954 -0.000505286 0.00527145 0.00920793 -0.00314193 0.0142354 0.0223611 0.0200254 0.0812053 0.0313354
internal_weight=2431.35 2386.87 31.2573 3.48377 27.7735 11.6525 7.20328 3.94229 16.121 3.13996 2.44391 4.95225 2355.61 588.112 477.316 110.796 74.3121 16.2873 4.59947 36.4843 292.69 151.507 98.2647 141.182 40.9545 100.228 54.2517 29.6931 3.90542 18.9853
internal_count=289526 283105 3183 285 2898 567 318 250 2331 130 251 262 279922 74206 53210 20996 19010 1167 514 1986 43293 24727 15990 18566 5019 13547 12734 1892 305 688
is_linear=0
shrinkage=0.03


Tree=226
num_leaves=31
num_cat=0
split_feature=15 18 12 27 34 33 34 15 34 29 16 8 11 5 34 8 17 24 11 27 32 34 18 5 5 29 19 34 19 16
split_gain=5.78205 5.42053 9.35875 15.8883 15.3772 7.13118 6.8838 11.6641 8.61835 7.28408 7.19757 6.68471 6.57276 7.38705 6.48072 6.25797 7.28872 8.30805 6.40014 5.85525 10.9309 10.0777 7.6828 12.2644 10.9706 10.0792 10.472 9.2117 6.72741 8.81698
threshold=1.9817013144493105 3.8845062255859379 -4.8113374710082999 0.8306451439857484 0.75950041413307201 3.7635247707366948 0.40405809879302984 -0.7543530762195586 0.36635068058967596 -0.76140165328979481 0.45799818634986883 8.3343687057495135 9.3700623512268084 -8.5000596046447736 0.20790136605501178 6.3466393947601327 0.768293857574463 0.46297299861907965 11.047133922576906 0.46451613306999212 1.0000000180025095e-35 1.7736251950263979 7.9471588134765634 -0.48368930816650385 23.231354713439945 -0.97874867916107167 0.88233414292335521 0.35225026309490209 1.0080909729003908 -0.23166593909263608
decision_type=8 10 2 2 2 2 2 10 2 2 10 2 2 8 2 2 8 10 2 2 2 2 10 8 10 2 10 2 10 10
left_child=1 -1 3 6 -5 19 7 9 -9 14 -10 12 13 -8 15 16 17 18 -3 21 28 22 25 27 -25 26 -4 -24 -21 -30
right_child=-2 2 5 4 -6 -7 11 8 10 -11 -12 -13 -14 -15 -16 -17 -18 -19 -20 20 -22 -23 23 24 -26 -27 -28 -29 29 -31
leaf_value=0.0010358643723625547 -0.021322329696746165 -0.017532508491074419 0.019148471735348976 -0.0067768316061029661 0.067147417237700568 0.017617903754298784 0.065282042660256931 -0.0028959148466290636 0.0017487552592338328 -0.0097372904550034351 0.08806214039526665 0.015905314171589878 -0.019079019676251079 -0.0045920467042281088 0.0012781864827282109 -0.0043152823282611606 -0.0016616561558022089 0.092457196637510217 0.044695881365354774 -0.007978948602750266 -0.018349680093878648 -0.014648904261493456 -0.0089070186114848949 -0.022913825153299525 0.033453937211517071 0.0031707895036243499 0.10559212422460525 0.047097666169270164 0.010377393098421854 -0.0064049859074350474
leaf_weight=1729.9562368917723 10.35836950520388 1.3648331876029276 11.706974148502919 3.7540124804945645 5.836436134763062 12.750624869018791 0.86095157731324434 56.810151518358907 1.7888718373433214 4.0934530905215061 0.77199089049827296 7.8338444726541629 28.880147405463504 4.6507608158281064 4.7323714492958961 2.1057566334493449 2.05057242754265 3.5495560173876584 5.1361137286876328 169.1668446045951 59.16731712197361 36.379220987553708 4.6269022233973356 29.454113387742836 2.5770980678498736 129.63233765141922 0.54607734175806477 4.4348507100366987 52.195202551534749 58.935848781504319
leaf_count=69630 4247 468 1028 182 132 80 34 9915 250 1257 78 305 3288 873 433 54 263 334 127 13981 4962 7899 3969 91939 16 66361 116 989 2783 3598
internal_value=3.24267e-05 0.000131954 -0.00208193 0.00502143 0.0403035 -0.00375584 0.00200721 0.00702853 -0.000107517 0.0246621 0.045192 -0.00772783 -0.0134083 0.0146717 0.0322125 0.0417553 0.0494897 0.0591319 0.0310358 -0.00427412 -0.00673685 -0.000449663 0.00243767 -0.00884476 -0.0175032 0.00574433 0.0306777 0.0204586 -0.00422902 0.00149949
internal_weight=2446.11 2435.75 705.793 134.22 9.59045 571.573 124.629 82.4037 59.371 23.0327 2.56086 42.2257 34.3919 5.51171 18.9392 14.2068 12.1011 10.0505 6.50095 558.823 339.465 219.358 182.978 41.093 32.0312 141.885 12.2531 9.06175 280.298 111.131
internal_count=289591 285344 215714 17993 314 197721 17679 13179 10243 2936 328 4500 4195 907 1679 1246 1192 929 595 197641 25324 172317 164418 96913 91955 67505 1144 4958 20362 6381
is_linear=0
shrinkage=0.03


Tree=227
num_leaves=31
num_cat=0
split_feature=11 17 22 3 6 28 20 20 6 3 22 23 11 11 34 11 19 11 22 15 28 12 17 30 5 19 30 3 12 23
split_gain=5.09154 4.35867 8.26556 8.49656 10.5675 6.07822 5.5377 6.00432 16.5061 5.4622 4.70916 4.45608 4.51842 4.38087 4.2575 4.04743 3.65458 3.60105 7.55836 9.18816 8.38198 12.7185 9.32878 7.62304 7.48191 7.79889 7.35711 7.12647 12.3698 6.99659
threshold=0.068596407771110549 1.9474688768386843 -0.72081276774406422 0.41216680407524114 19.771276473999027 -0.97509795427322377 1.8948543667793276 1.8293674588203432 3.3795959949493413 0.64183297753334057 -0.78222420811653126 -0.78787636756896962 21.362469673156742 5.3492898941040048 0.90406817197799694 0.076495595276355757 1.9679135084152224 16.325263977050785 0.55806970596313488 -0.62883469462394703 -0.36647418141365046 16.804019927978519 -1.7665923237800596 1.0000000180025095e-35 3.8685917854309086 -0.87243914604187001 2.5000000000000004 0.19221074134111407 7.5428299903869638 -0.39125786721706385
decision_type=2 10 10 2 8 2 8 8 8 2 10 10 2 2 2 2 10 2 10 10 2 2 10 2 8 8 2 2 2 10
left_child=-1 6 -3 5 -5 -4 7 15 9 10 -9 -7 -13 16 -10 -2 -8 -17 20 24 22 27 -19 -24 25 -20 29 28 -22 -23
right_child=1 2 3 4 -6 11 13 8 14 -11 -12 12 -14 -15 -16 17 -18 18 19 -21 21 26 23 -25 -26 -27 -28 -29 -30 -31
leaf_value=-0.019817851274802976 0.042911662811067987 -0.01746638199779155 0.043848654114193031 0.045579762519465092 -0.023206669487691057 -0.026426897730578221 -0.011199676401372868 -0.0063483620126426714 -0.026997781655695642 -0.0086735957755122006 0.10529867326911581 -0.0034177852320576335 0.045784166441789738 -0.016095205031754524 0.015764980762933627 -0.00058943235473743894 0.026680614038796704 0.02468035526039843 0.025373799517180048 0.0034711846282864368 -0.0041446155423614387 -0.012693921365739607 0.038375737355131681 0.0015982453774281533 0.030720907664490035 -0.013433343093920781 0.016118768747485489 -0.013462418764647877 0.048597375539311205 0.0061228998849294693
leaf_weight=10.4502590977645 0.99200988532538659 6.6620838926828574 1.6325981541158388 10.907058392083851 1.7753798502380966 4.7193156200955846 3.6681162880995535 0.26522915473833575 2.7434379486876432 0.37830399085942179 1.640029434794994 7.4267549886026263 1.1282498762011526 30.427937331347493 3.7883820438291878 1704.8877573998579 3.6898985225016077 17.785731975804083 7.5324046231107786 121.67901150627586 44.904508476378396 27.184487752616405 4.210702962242066 197.04255382344127 23.017361259786412 9.3292530128092057 32.338654153048992 103.53636648360407 3.3844954520463935 47.20941124111414
leaf_count=72569 2072 334 162 466 38 536 2055 134 171 46 386 899 16 1361 64 197494 663 174 175 1846 1195 127 91 3369 279 232 152 2036 17 214
internal_value=0.000140213 0.000234319 0.0107064 0.0178824 0.0349582 0.00207026 7.99328e-05 0.000265087 0.0236801 0.0785746 0.092921 -0.00577992 0.0071836 -0.0111636 -0.0033957 0.00016701 0.00871594 0.00013063 0.00204925 0.00763678 0.000147133 -0.00350483 0.00445432 0.00255366 0.019951 0.00435251 0.0044071 -0.00905932 0.000462952 -0.000830177
internal_weight=2436.34 2425.89 34.2514 27.5894 12.6824 14.9069 2391.64 2353.85 8.81538 2.28356 1.90526 13.2743 8.555 37.786 6.53182 2345.03 7.35801 2344.04 639.155 161.558 477.597 258.558 219.039 201.253 39.879 16.8617 106.733 151.825 48.289 74.3939
internal_count=289373 216804 2451 2117 504 1613 214353 210274 801 566 520 1451 915 4079 235 209473 2718 207401 9907 2532 7375 3741 3634 3460 686 407 493 3248 1212 341
is_linear=0
shrinkage=0.03


Tree=228
num_leaves=31
num_cat=0
split_feature=31 18 34 13 25 1 18 34 3 14 25 29 8 17 8 34 32 14 17 6 15 30 3 25 8 29 1 1 3 1
split_gain=5.56185 5.10786 8.41423 8.99046 11.1812 7.65758 5.92157 6.31158 5.89514 9.05675 14.4677 7.48964 7.18494 13.664 14.3504 9.21087 11.4994 10.3482 8.57218 11.4923 7.91834 11.3356 10.9923 7.18551 7.14409 7.33989 6.68303 6.65758 11.5748 6.4572
threshold=3477.741088867188 8.6472167968750018 0.18501859158277514 -1.505804121494293 0.23427671939134601 6.176544427871705 8.5296173095703143 0.35225026309490209 -0.83008018136024464 -0.91794678568840016 0.28018297255039221 -0.99273797869682301 4.3857579231262216 0.36257857084274298 7.2039783000946054 1.6551074981689455 1.0000000180025095e-35 -0.3303136527538299 0.73448023200035106 0.32028645277023321 0.99133428931236278 1.5000000000000002 -1.2801119089126585 0.20577264577150348 10.48910427093506 -0.84313312172889698 0.37685906887054449 0.51418277621269237 -1.0968233346939085 4.5019807815551767
decision_type=2 8 2 8 2 2 10 2 2 10 2 2 2 10 2 2 2 8 10 10 10 2 2 2 2 2 2 2 2 2
left_child=1 6 -3 4 -4 -6 8 -8 9 10 -1 -11 18 14 15 16 17 -14 20 -20 29 22 -22 -24 -16 -26 -10 -12 -29 -13
right_child=-2 2 3 -5 5 -7 7 -9 26 11 27 12 13 -15 24 -17 -18 -19 19 -21 21 -23 23 -25 25 -27 -28 28 -30 -31
leaf_value=-0.02124855432274024 -0.019276978121409938 -0.024342654122448161 -0.020039308793565948 -0.0054857173185882159 0.099699473589731871 0.0029204904886260168 -0.017772263379424499 0.04447886586570321 -0.024423191140828814 -0.018232412010646928 -0.021164101136614648 -0.01052329834861331 0.0042189113797919007 -0.0013117827003342854 -0.014535970816432799 -0.016830774203033409 0.014850256816617134 0.09327863992920514 0.038449883215315034 0.0028761091876573857 -0.003535511302602286 -0.006049650521991844 0.0041063295554467005 0.080792653409310286 0.04862171081541055 -0.01307327482339536 -0.00031554856465820281 0.055575165906697366 -0.0091391742467283564 0.01381343364828555
leaf_weight=24.319673732927185 12.74171366088194 19.40097021370093 1.5143589489089211 45.675841854666942 1.285358388675377 1.1768726654117925 1.413328021440974 4.1912552591093117 9.3996110224470595 8.3177925353083975 2.2182860825414528 46.559175278132898 1.4979427617508916 16.523977477307199 5.7759475802304205 1.1191642525373016 4.1394448968349016 6.7816805091861188 13.314017099532064 19.465224444400519 3.3544570689846296 9.5553545744332933 1.5704538236896057 3.8067422980529955 4.0559686687774956 2.1077387100667693 2147.4232710207507 5.0925451654475182 3.7866268734796886 11.444543190882539
leaf_count=4555 8704 84596 587 11309 192 64 1837 318 51224 1374 766 14639 90 697 254 56 250 299 3424 2001 654 2652 575 410 81 86 96287 332 338 479
internal_value=-0.000244967 -0.000137119 -0.00812014 -0.00142599 0.036937 0.0676461 0.000100082 0.0284667 2.0405e-05 0.00500457 -0.00854736 0.00805039 0.00960786 0.0200172 0.0333775 0.0534493 0.060565 0.079357 0.00545388 0.0180357 -0.000115465 0.0165735 0.0394084 0.0625517 0.00824648 0.0286446 -0.000431881 0.0187425 0.0298455 -0.00556876
internal_weight=2439.03 2426.29 69.0534 49.6524 3.97659 2.46223 2357.23 5.60458 2351.63 194.807 35.4171 159.39 151.072 42.0019 25.4779 13.5382 12.4191 8.27962 109.07 32.7792 76.2907 18.287 8.73165 5.3772 11.9397 6.16371 2156.82 11.0975 8.87917 58.0037
internal_count=289130 280426 96748 12152 843 256 183678 2155 181523 34012 5991 28021 26647 1813 1116 695 639 389 24834 5425 19409 4291 1639 985 421 167 147511 1436 670 15118
is_linear=0
shrinkage=0.03


Tree=229
num_leaves=31
num_cat=0
split_feature=27 27 28 28 3 29 29 33 1 27 29 28 11 18 31 18 29 13 3 29 27 27 11 29 28 11 17 24 6 29
split_gain=5.24482 6.85875 15.3029 11.0729 15.9879 11.5204 12.4571 17.7714 10.7781 10.3605 7.4183 17.9868 7.99052 7.46703 5.91127 5.68889 5.42902 8.08097 7.61872 9.56997 7.87389 8.13603 7.12322 6.957 14.5733 11.2172 6.75942 8.5351 6.74145 6.46786
threshold=0.051391525194048888 0.1474910452961922 0.86975130438804638 0.86548283696174633 2.0380684137344365 -0.12545862048864362 -0.14250536262989041 0.47497680783271795 24.737689018249515 0.084187224507331862 0.93158200383186351 -0.27694603800773615 1.9752951264381411 1.8009033203125002 3477.741088867188 3.6601562500000004 0.63089349865913402 -0.31009712815284723 1.5261604189872744 0.87709078192710888 0.50824373960495006 0.23494623601436618 1.4003416299819949 0.73136293888092052 -0.49813632667064661 3.6050454378128056 -1.291128873825073 0.13185904920101169 2.0650470256805424 0.65720760822296154
decision_type=2 2 2 2 2 2 2 2 2 2 2 2 2 10 2 10 2 10 2 2 2 2 2 2 2 2 10 10 8 2
left_child=-1 2 3 5 9 6 7 -2 10 -5 13 12 15 -7 16 -12 22 -18 19 20 21 -19 26 25 -25 29 27 -3 -29 -23
right_child=1 14 -4 4 -6 8 -8 -9 -10 -11 11 -13 -14 -15 -16 -17 17 18 -20 -21 -22 23 -24 24 -26 -27 -28 28 -30 -31
leaf_value=-0.019996146304038398 -0.014863098280149893 -0.017811803016969267 -0.025705924682126905 -0.0089520915243390554 -0.018675541890014843 0.047859295057346984 0.06814770181791914 0.053000346065544809 0.027025802669272882 0.13500369614268773 -0.0055606126068692176 -0.022021013415282863 -0.0093664339038402062 -0.022426289515876944 -0.023194235546888656 0.13289150316059536 -0.0073676952859509899 -0.017742682770904909 -0.0052516552465111449 -0.02248536305265586 0.0069771492341149793 0.051794764198794412 0.00035788494724573106 -0.023976732789157424 0.049500352452603723 0.10220626257838886 -0.021830751561298871 -0.0094418117824829947 0.1066326497933727 -0.014521053713888708
leaf_weight=10.203295391707796 7.6829994980907959 1.4519183181837463 8.0938961769716098 0.41918147863907451 0.97623684746213246 0.53973785762356286 4.8095621994943896 4.890833835437661 9.3396885283291322 1.1630496561119796 0.22606122452998512 2.7397542240942121 0.44984529612702318 17.672035369545483 8.5809068437956721 0.65513663902675034 17.386645406979369 1.4225753914797774 10.264794220798647 2.8407897842480443 9.723409573256502 1.8393471668823651 2281.6747382833564 2.9736929431674133 6.0129845521296295 3.350277004414238 20.296441696904367 0.45826746425882436 0.31705479830270633 1.8387831000727599
leaf_count=92766 8709 2366 22885 254 30 267 123 402 67 159 135 5985 154 16101 5102 416 2309 622 124 1315 612 103 107804 418 448 50 18748 627 138 315
internal_value=0.000483863 0.000578043 0.0105394 0.0166095 0.0681214 0.0126117 0.0314995 0.0134936 0.00158136 0.108168 -0.00978633 0.0231133 0.0856081 -0.0179605 0.000323003 0.113298 0.000418224 0.00943142 0.0166878 0.0241215 0.0296214 0.0411849 0.000188711 0.0471544 0.0252205 0.0685649 -0.0162355 0.0257183 0.0713518 0.0226247
internal_weight=2440.29 2430.09 59.658 51.5641 2.55847 49.0057 17.3834 12.5738 31.6223 1.58223 22.2826 4.0708 1.33104 18.2118 2370.43 0.881198 2361.85 57.6533 40.2667 30.0019 27.1611 17.4377 2304.2 16.0151 8.98668 7.02841 22.5237 2.22724 0.775322 3.67813
internal_count=289554 196788 55687 32802 443 32359 9234 9111 23125 413 23058 6690 705 16368 141101 551 135999 6316 4007 3883 2568 1956 129683 1334 866 468 21879 3131 765 418
is_linear=0
shrinkage=0.03


Tree=230
num_leaves=31
num_cat=0
split_feature=8 13 33 18 11 28 29 27 25 15 33 5 27 12 18 13 5 20 21 28 28 4 28 21 0 22 28 29 27 29
split_gain=6.68406 5.38684 10.693 10.6953 10.1358 8.86555 11.3134 8.79952 8.74687 10.9221 13.936 12.5936 9.04309 8.66689 8.8838 8.37255 10.3628 8.09044 7.7295 7.37713 22.9319 17.9147 18.2215 13.9385 9.63691 9.94413 7.31362 6.86827 6.86199 8.87019
threshold=0.019133803434669975 -1.2134677767753599 1.8158177733421328 10.188095092773439 6.6552257537841806 0.42179998755455023 -0.91595870256423939 0.76523298025131237 0.28570199012756353 -0.72630253434181202 2.512850403785706 -1.2013246417045591 0.67759856581687938 -9.6307945251464826 6.9511260986328134 -1.505804121494293 -3.7883207798004146 -0.13311298936605451 0.34247004985809332 0.46800856292247778 0.52766072750091564 24.089230537414554 0.51297098398208629 -0.44616447389125818 3.5000000000000004 0.59420406818389904 -0.30163703858852381 -0.21022038161754605 0.81953403353691112 -0.71502926945686329
decision_type=2 8 2 8 2 2 2 2 2 10 2 8 2 2 10 8 8 10 10 2 2 2 2 8 2 10 2 2 2 2
left_child=-1 2 3 4 -2 6 -5 13 9 10 11 26 -10 14 18 16 -12 -8 -6 -3 21 22 23 -21 -24 -26 27 -4 29 -22
right_child=1 19 8 5 7 -7 17 -9 12 -11 15 -13 -14 -15 -16 -17 -18 -19 -20 20 28 -23 24 -25 25 -27 -28 -29 -30 -31
leaf_value=-0.020617947494535598 -0.015937487206871995 -0.0012095744440327825 0.11502805113764696 0.011681018726132754 0.070690018328285129 -0.0092027643189113353 -0.0066238020147189715 -0.0059504278621654305 0.00079963798064247875 -0.022341225514732343 -0.024598213226947364 0.0088912573635398263 0.04573322496288719 0.0047545672803546392 -0.019785978685880969 0.017950169674310457 0.0059744598485941148 0.15043161118071005 0.0023495789617519881 0.049320354735519226 0.013106678476954408 -0.020296260992257512 -0.00098975845121234253 -0.0067028735789277641 0.11280481903786321 -0.010142632675654741 0.011284759577362262 0.012933786621592658 -0.026687562708799652 -0.0018425547243588174
leaf_weight=13.322659230896532 36.262653806479648 1889.6549529829899 2.2218109043315053 2.0005822670646016 4.1165522631781633 1.840204724579962 0.26690881848844616 75.408282549353316 6.231915021780881 9.2768933547486068 12.278929513413457 6.2547294223622867 10.60451768315397 75.773443811383913 1.4944728442351332 30.549359949771315 39.189591962785926 0.49292491970118002 2.2008790049585514 7.2193269250856247 47.999630346581398 4.3477887138724318 0.97522104559175105 7.3706838185062278 4.1136644575126411 0.49294063905108476 1.6986417935695497 1.0696682296693327 6.7114417414413756 131.12778767236523
leaf_count=97862 11367 118344 74 258 234 2751 124 1788 208 256 129 535 149 3733 132 306 482 214 208 682 5899 35 219 1836 388 114 65 86 663 40801
internal_value=-0.000184208 -6.3208e-05 0.00356134 -0.000689808 -0.00185297 0.0401926 0.0668121 0.00143891 0.0106251 0.00717132 0.0103128 0.0402067 0.0300786 0.0080969 0.036298 0.00577935 -0.00164912 0.122848 0.0504562 -0.000615625 0.00470031 0.0313673 0.0429354 0.0224036 0.0850446 0.100186 0.0714211 0.0925945 0.00103282 0.00221382
internal_weight=2432.57 2419.25 319.233 199.857 195.256 4.60062 2.76042 158.994 119.376 102.54 93.2627 11.2449 16.8364 83.5853 7.8119 82.0179 51.4685 0.759834 6.31743 2100.01 210.358 24.5196 20.1718 14.59 5.58183 4.60661 4.99012 3.29148 185.839 179.127
internal_count=289942 192080 23099 20809 17462 3347 596 6095 2290 1933 1677 760 357 4307 574 917 611 338 442 168981 50637 3274 3239 2518 721 502 225 160 47363 46700
is_linear=0
shrinkage=0.03


Tree=231
num_leaves=31
num_cat=0
split_feature=15 5 33 34 23 24 13 16 29 16 1 3 21 24 22 11 17 5 17 17 16 16 30 25 29 6 8 23 34 3
split_gain=4.10801 8.27976 8.83172 6.24755 4.77542 4.6975 4.66225 7.82183 8.55419 10.0684 9.02021 4.77515 4.71396 7.54956 3.72582 3.70426 3.62873 3.46462 6.82182 10.3049 8.34749 15.5896 12.8111 10.8449 9.25452 8.29713 8.19887 8.08445 7.85642 7.27595
threshold=-1.8199686408042905 23.231354713439945 1.5641899704933169 0.3808912336826325 1.9315547347068789 0.060193689540028579 -2.0959957838058467 -0.23166593909263608 -0.80417042970657338 -1.1678456664085386 8.7173023223876971 -0.56795004010200489 -2.4852085113525386 0.16891667991876605 2.2700694799423222 14.827176094055178 -2.4790192842483516 -0.2485726326704025 -0.22713841497898099 1.3608183860778811 0.68584185838699352 0.050256440415978439 1.5000000000000002 0.2778321653604508 -0.91595870256423939 0.61989209055900585 6.1965279579162607 -0.61407011747360218 5.9711105823516855 0.90542006492614757
decision_type=10 10 2 2 10 8 10 10 2 8 2 2 10 10 8 2 10 8 10 10 8 10 2 2 2 10 2 10 2 2
left_child=1 2 5 15 -5 -1 7 8 -2 -10 11 -11 13 -8 16 -4 -15 18 20 -20 21 25 23 -23 26 27 -25 -14 -21 -22
right_child=6 -3 3 4 -6 -7 12 -9 9 10 -12 -13 17 14 -16 -17 -18 -19 19 28 29 22 -24 24 -26 -27 -28 -29 -30 -31
leaf_value=0.024598725282992437 -0.0033642960343270617 0.030552570679791367 0.038206439526852515 -0.018973868271825026 0.008763125099354523 -0.023290387280382002 0.052788803848016305 -0.019441577247458399 -0.018119819093508061 -0.0041756263113554371 0.032913947019294849 0.14472215618764103 -0.014526428730799717 0.018114133442684501 0.028758621061604001 -0.0068591807836357764 -0.026720587102623324 -0.00054067961759580974 -0.0015909127486217389 0.0070375647063487153 -0.015622024244455357 0.019466050090938016 0.0084766270506513777 -0.02136581910813708 0.078488213043686111 -0.00023511811632453324 0.050878737508180609 0.045170190441762258 0.039517866683474685 0.023671963254183737
leaf_weight=1.1660214369294433 4.390924593237286 3.8468272835016242 4.5929515369789469 10.853385997412262 9.7308348931837809 30.630561042380577 0.44377492546846298 3.26884463996248 1.1922678386108598 0.1591192644118552 4.352250995230861 0.54337647479042084 2.3097981268838339 1.1131245777942318 0.52336301585455913 1.9426749101839957 15.160369201574206 1510.0532882826701 487.84729641488229 64.578556258871686 24.537214283027428 24.158351540434523 59.105031177216006 2.0831984865071722 5.8647651821374875 142.10847729742454 1.7397401229245586 6.0618924133668752 6.5947338812984517 4.1641225333150933
leaf_count=2047 168 19 165 371 115 5859 323 404 196 56 94 220 558 32 151 47 1362 220963 33228 3679 2458 2054 4044 199 361 8186 39 1656 152 141
internal_value=0.000101254 -0.00741321 -0.0103607 0.00222738 -0.00606318 -0.0208377 0.000303097 0.0170279 0.0289419 0.0489803 0.065186 0.128353 0.000197303 -0.0149947 -0.0196511 0.0256783 -0.0227827 0.000315531 0.00186989 -2.86996e-05 0.00575584 0.0075637 0.017153 0.0316264 0.0572923 0.00156628 0.0152437 0.028907 0.0105529 -0.00931601
internal_weight=2435.12 62.7633 58.9164 27.1198 20.5842 31.7966 2372.35 13.9068 10.6379 6.24701 5.05475 0.702496 2358.45 17.2406 16.7969 6.53563 16.2735 2341.21 831.153 559.021 272.133 243.431 92.9511 33.8461 9.6877 150.48 3.82294 8.37169 71.1733 28.7013
internal_count=289347 8623 8604 698 486 7906 280724 1138 734 566 370 276 279586 1868 1545 212 1394 277718 56755 37059 19696 17097 6697 2653 599 10400 238 2214 3831 2599
is_linear=0
shrinkage=0.03


Tree=232
num_leaves=31
num_cat=0
split_feature=28 8 8 19 28 33 8 23 27 31 31 20 17 28 0 19 34 30 0 15 25 31 11 15 28 31 19 20 31 17
split_gain=4.22339 16.3813 9.47175 9.24831 13.915 19.6183 22.0224 11.8921 13.8773 12.9626 19.4589 8.4826 9.36839 10.7689 7.77164 6.87723 7.39238 6.54674 9.25109 7.05096 8.66107 9.54568 6.95922 7.03123 6.50463 6.31907 5.88301 5.62839 6.87 10.1177
threshold=-0.96689236164093006 0.45253856480121618 0.20549450814723971 -0.59696573019027699 -0.97876849770545948 2.338193535804749 5.2062394618988046 0.041611948981881149 0.73225808143615734 325.69728088378912 308.68588256835943 -1.2452462911605833 0.58353298902511608 -0.98803845047950734 4.5000000000000009 -0.05824624374508857 1.7141346931457522 2.5000000000000004 4.5000000000000009 0.10387695208191873 0.30279381573200231 238.3560485839844 0.89554148912429821 -1.1549835801124571 -0.95754238963127125 3477.741088867188 0.33495976030826574 -0.4445513635873794 260.51104736328131 0.22854123264551165
decision_type=2 2 2 10 2 2 2 10 2 2 2 10 10 2 2 8 2 2 2 10 2 2 2 10 2 2 10 10 2 10
left_child=1 17 -2 11 27 7 -7 8 9 10 -6 12 -3 14 -14 16 -11 18 -1 20 21 -20 -23 -24 -4 -26 -21 -5 29 -29
right_child=2 3 24 4 5 6 -8 -9 -10 15 -12 -13 13 -15 -16 -17 -18 -19 19 26 -22 22 23 -25 25 -27 -28 28 -30 -31
leaf_value=-0.019163555982985584 -0.014558930140205097 -0.0030409098251292723 -0.018664998392794802 0.017276732309301837 0.001286380209359294 0.11723090717438156 0.020325852725330783 -0.020522832054541109 -0.02549303607458242 0.002654381516463774 0.10911551282850204 -0.01266558386842013 -0.0014036195698541353 -0.012282919428731168 0.09064011890646595 -0.0067226870453685793 0.067144615068449987 -0.01223115686804224 0.017525128419818195 -0.0056543962442661506 -0.012997438941946354 -0.0072187964452783788 -0.006460650814290066 0.13050414019309861 -0.00026299556361864896 -0.023696024237408096 0.043735229643279146 -0.010391640231320227 -0.0067511127551261024 0.022382326407607421
leaf_weight=1.7304185477187299 43.231164535038261 15.789042768665242 16.655721279821591 14.491160176206902 2.5412382739450647 2.5844432292506081 6.4839827578980476 8.4343583041772927 4.1894390417728564 3.3433142953872448 2.7864534702384844 60.943686143793457 1.0715605759760367 1.9698632927029383 2.2043829609756358 7.3852474401210184 2.2270764326676726 2.3060966967459526 2.0460409503575629 3.6421703049309144 0.7485058610618579 0.31617164003182585 0.27211423613334806 2.5177732809352165 2092.370096005794 9.4088728250135301 3.720873021735315 13.461944474809568 79.925518672047474 19.945016929188569
leaf_count=2884 130732 1281 2135 970 301 92 94 833 204 149 59 4584 152 148 148 322 46 561 907 1011 155 589 88 463 126475 6435 822 826 5050 1113
internal_value=-0.000378636 0.00317337 -0.000818757 0.00116132 0.0051883 0.0204016 0.0568436 0.00826273 0.0194804 0.0305733 0.066014 -0.00704456 0.00907678 0.0401965 0.0672455 0.0123132 0.034733 0.0305723 0.0375086 0.0457274 0.0684027 0.0804191 0.107491 0.118965 -0.000531623 -0.000379115 0.0215495 0.00030906 -0.00199263 0.00925728
internal_weight=2428.74 267.078 2161.67 249.778 167.799 39.9756 9.06843 30.9071 22.4728 18.2833 5.32769 81.9785 21.0348 5.24581 3.27594 12.9556 5.57039 17.3002 14.9941 13.2636 5.90061 5.1521 3.10606 2.78989 2118.43 2101.78 7.36304 127.824 113.332 33.407
internal_count=289629 23852 265777 16372 10059 2100 186 1914 1081 877 360 6313 1729 448 300 517 195 7480 6919 4035 2202 2047 1140 551 135045 132910 1833 7959 6989 1939
is_linear=0
shrinkage=0.03


Tree=233
num_leaves=31
num_cat=0
split_feature=20 12 28 23 18 24 13 8 27 25 27 20 21 18 13 15 28 8 25 22 28 25 12 25 25 19 22 12 25 12
split_gain=3.81193 7.80848 6.65738 7.85043 6.7626 7.56676 14.9642 8.20232 8.70843 10.1526 5.52353 9.10264 14.928 10.5054 6.88183 6.4088 12.9932 11.167 10.2028 8.71763 9.81215 5.66184 9.99675 5.60899 9.82171 6.0224 6.84377 6.0818 5.49823 6.82479
threshold=-0.76493862271308888 -4.2665307521820059 0.9990701973438264 -0.59487923979759205 3.6983947753906254 0.67433795332908641 0.55456867814064037 8.0704889297485369 0.56827956438064586 0.22692622244358066 0.68853047490119945 -1.6410282850265501 0.12587737292051318 2.0871429443359379 -1.0703929662704466 -0.8822127878665923 1.0000000180025095e-35 4.4673433303833017 0.13444109261035922 0.060192206874489791 -0.35041563212871546 0.27081741392612463 0.60108423233032238 0.20577264577150348 0.29839013516902929 -1.3775188922882078 -0.47694806754589075 -0.80119228363037098 0.35158655047416693 -2.4468199014663692
decision_type=10 2 2 10 10 10 10 2 2 2 2 10 10 10 8 10 2 2 2 10 2 2 2 2 2 8 8 2 2 2
left_child=1 -1 3 28 5 6 7 8 -5 -10 11 14 -13 -14 -7 16 -12 -18 19 -17 -21 -16 -23 -15 25 -25 -27 -28 -3 -30
right_child=-2 2 -4 4 -6 10 -8 -9 9 -11 15 12 13 23 21 18 17 -19 -20 20 -22 22 -24 24 -26 26 27 -29 29 -31
leaf_value=-0.0107114516119421 0.0011589981227177618 -0.0098814625258281906 0.044157359992483144 -0.0015065659882896932 -0.0092061036116828209 -0.023378658103391507 -0.01052043230734815 0.0063352850010064098 0.014749410083271353 0.065382644418840882 -0.0048192667385319691 0.00029721847186271516 0.05407329639478068 -0.010957023191982057 -0.0085977366419788034 -0.0072431334636818209 0.045591523309048115 0.0070292316012456994 -0.008041089148798879 0.036165912307897091 -0.010659299021331175 -0.019472988853905547 0.045160468041956142 -0.014890038520797641 -0.0089344849028064992 0.010003669892979813 0.0033916753560512486 0.10138832049888627 0.067332016158499791 0.0013048566337800105
leaf_weight=73.093384320440236 1837.5389657360611 96.168646372407238 2.0129074264441433 4.303866222122454 48.210511216129817 11.149539334059225 15.652880663627 14.500911219278349 6.6723705815384156 9.0098024185281229 39.992620055912994 30.074332712760224 9.8787851030647307 4.89263775272775 10.503353746327781 13.906969146220943 9.8462456833804044 19.152488679043017 138.6806951573235 13.407826079055665 5.0606045629829195 2.6188532780797678 5.1096021727134939 0.77490658650640398 4.0491748217609711 2.1090563599718735 0.78409146249759887 2.1248072662856421 0.79910294333240006 6.6881826899480066
leaf_count=6671 223333 15289 111 1010 29363 879 1468 186 337 340 902 2447 398 434 1026 223 135 164 2722 264 119 309 189 95 320 107 111 139 63 331
internal_value=0.000480633 -0.00159114 -0.00031104 -0.000564621 0.00125482 0.0026233 0.0133486 0.0241735 0.0361974 0.046015 0.000928174 0.00749806 0.0146415 0.0314724 -0.0058424 -0.00139428 0.00626647 0.021206 -0.00450253 0.0104417 0.0234467 0.00553977 0.0235371 0.0138462 0.0260497 0.0482188 0.0588193 0.0825987 -0.00792119 0.0154548
internal_weight=2438.77 601.229 528.136 526.123 422.467 374.256 50.1398 34.487 19.986 15.6822 324.117 84.0691 54.6878 24.6135 29.3813 240.047 68.9914 28.9987 171.056 32.3754 18.4684 18.2318 7.72846 14.7347 9.84204 5.79286 5.01796 2.9089 103.656 7.48729
internal_count=289485 66152 59481 59370 43687 14324 3341 1873 1687 677 10983 6454 4051 1604 2403 4529 1201 299 3328 606 383 1524 498 1206 772 452 357 250 15683 394
is_linear=0
shrinkage=0.03


Tree=234
num_leaves=31
num_cat=0
split_feature=11 15 33 24 25 28 6 21 16 6 19 15 29 25 3 17 13 31 15 34 29 29 13 19 19 16 34 11 16 28
split_gain=4.78949 7.30925 8.82735 9.80256 11.4394 9.55414 10.0949 8.21371 17.2724 9.13051 13.427 7.70395 8.38707 7.67855 7.6588 10.633 10.4771 9.57442 8.53178 8.67611 8.74303 16.0237 10.5462 8.12269 7.9813 7.72438 8.88472 7.66 7.38679 6.92825
threshold=9.0760340690612811 -1.1694180369377134 1.9379638433456423 0.077697008848190321 0.28570199012756353 0.056951373815536506 7.859053611755372 1.2861579060554507 -0.56361123919486988 10.829844474792482 0.89790049195289623 1.0757725834846499 -0.6258755326271056 0.19820998609066012 -0.60281798243522633 0.72260525822639476 -0.68428218364715565 390.69824218750006 1.0107783079147341 0.30646923184394842 -0.66527268290519703 -0.56369942426681507 0.30848689377307897 -0.59696573019027699 0.20760357379913333 0.22703905403614047 0.31293129920959478 0.89554148912429821 -0.099593605846166597 0.039769539609551437
decision_type=2 10 2 8 2 2 8 10 10 8 8 8 2 2 2 10 10 2 10 2 2 2 10 10 10 10 2 2 10 2
left_child=1 2 3 4 -1 -4 -7 14 9 10 -9 -10 13 -13 15 18 23 27 19 -3 -21 22 -22 -17 29 26 -19 28 -18 -16
right_child=-2 7 5 -5 -6 6 -8 8 11 -11 -12 12 -14 -15 24 16 17 25 -20 20 21 -23 -24 -25 -26 -27 -28 -29 -30 -31
leaf_value=-0.0094481338080421948 0.0012515235193691348 -0.015909681446030013 -0.0092024862491113021 -0.019447592175512049 0.078306197993009447 0.049049298927710615 -0.019114414175824133 0.015780923086160081 -0.0039599817161510096 -0.0058700488186683051 0.090976855875070248 -0.013327997230360317 -0.017909555161675209 0.078346161360362848 -0.0047144478118401395 0.005701993099434941 0.052101724843485665 0.040087836605445105 0.013581690745028999 -0.0076499236094673033 0.079807327884025406 -0.0015791429034505953 0.0026007718664772359 0.057228387563163015 -0.0095157251866643082 0.043572215755265695 -0.021143164228235058 -0.013268129728419334 -0.010426775296693875 0.0047402993962180886
leaf_weight=3.1494323733131742 1713.8724309150202 39.712477999422845 13.2580150263384 55.08053126428058 1.112192380314809 5.740050967258866 2.1266867019003257 4.7199758241658829 34.390434725559317 2.5758261546761796 3.8791505996523474 0.75711254165071329 1.4089221438189259 2.2267628784902627 167.69069084530929 4.5599952385455254 2.7170369350715191 2.383389118978811 25.89159683973412 28.674714960958227 3.7703881196503088 13.372765902444369 2.4942152184376027 7.025716215845021 140.86748854656253 8.0836348792872723 4.7747081312991213 19.127841800036549 2.6205084036191719 117.9528617383512
leaf_count=7569 44802 24303 713 16658 216 139 70 1856 13881 370 1100 96 815 129 38445 1286 643 946 8193 2599 300 3230 245 776 62753 1163 637 3365 1292 50914
internal_value=0.000388204 -0.00165962 -0.0101246 -0.0159828 0.0239837 0.00631062 0.0305445 -0.000584005 0.0109749 0.0421493 0.0556463 0.00115872 0.0345355 0.0575785 -0.00157678 0.00389144 0.0150917 0.00732516 -0.00123913 -0.00570212 0.00284096 0.0177883 0.0536574 0.0390126 -0.00369905 0.0252024 0.00165935 -0.00436455 0.0246016 -0.000807314
internal_weight=2436.02 722.145 80.4669 59.3422 4.26162 21.1248 7.86674 641.678 49.9582 11.175 8.59913 38.7832 4.3928 2.98388 591.72 165.209 51.2928 39.7071 113.916 88.0246 48.3121 19.6374 6.2646 11.5857 426.511 15.2417 7.1581 24.4654 5.33755 285.644
internal_count=289504 244702 25365 24443 7785 922 209 219337 18247 3326 2956 14921 1040 225 201090 48978 10108 8046 38870 30677 6374 3775 545 2062 152112 2746 1583 5300 1935 89359
is_linear=0
shrinkage=0.03


Tree=235
num_leaves=31
num_cat=0
split_feature=22 21 29 29 34 0 5 0 2 5 15 5 0 19 27 4 29 29 15 3 30 3 29 15 21 14 25 5 17 25
split_gain=4.51454 9.30582 7.05251 12.729 7.39806 6.79644 4.48556 4.39457 3.92683 6.98111 3.91775 3.85233 3.76683 4.38455 3.67711 3.83785 3.58365 8.64885 20.523 14.182 15.0922 8.06903 6.66804 7.6926 7.08412 6.77723 6.76359 6.52637 6.71393 6.56907
threshold=-1.9290292859077451 -0.049210645258426659 -0.86974579095840443 -0.84313312172889698 0.27647620439529424 5.5000000000000009 17.730406761169437 6.5000000000000009 2.5863534212112431 -10.70722723007202 1.9817013144493105 23.231354713439945 8.5000000000000018 -0.99609625339508046 0.051391525194048888 29.089617729187015 0.48877522349357611 0.50370931625366222 -0.24455875158309934 2.0380684137344365 1.5000000000000002 1.1842601895332339 0.56191161274909984 0.6208944320678712 -1.1685991883277891 1.3148477673530581 0.23511925339698794 -0.0042735042516142121 -0.28231540322303766 0.31909152865409857
decision_type=8 10 2 2 2 2 8 2 2 8 8 8 2 10 2 2 2 2 10 2 2 2 2 10 10 10 2 10 8 2
left_child=1 8 6 -4 -5 11 7 -3 9 -1 14 -6 13 -10 15 -2 -16 18 19 20 -18 22 -19 24 26 27 -24 -25 -29 -30
right_child=10 2 3 4 5 -7 -8 -9 12 -11 -12 -13 -14 -15 16 -17 17 21 -20 -21 -22 -23 23 25 -26 -27 -28 28 29 -31
leaf_value=0.027979465726933394 -0.024471302606169497 -0.0207008160104491 0.079100200469035639 -0.018828503712804139 -0.023375164642095804 0.044044003337603929 0.024238189847118174 0.018181984685677128 -0.0075125113268040651 -0.027952677879579349 -0.017114230591516167 0.03283387086527887 -0.020037855344874161 0.020283358012420944 -0.00015374170324976622 0.02080073146883888 0.13668934636207555 -0.024069730632891632 -0.016830915155229869 -0.016518590260006152 -0.0002940607026879797 -0.0077060164902036116 0.047961300524398107 0.016972130174548315 -0.00010209704500101326 -0.012147963682490366 -0.017927394514463756 -0.011960894241949339 0.085495441209596956 -0.010652961710333008
leaf_weight=1.667417336720973 8.6366385564469947 6.6628506110209873 3.1295438262131965 3.2206495435639217 2.4618495161703304 6.7129609928597347 5.1826815610693293 3.0599739952012897 7.8134387806057974 8.812924356225265 11.076386455966711 0.63115742802619967 3.8670497098937622 11.778133051702753 2242.6289258729739 1.2442064024507988 1.8467181709893346 3.8727173121296792 3.3386687659221925 0.86656736955046643 0.96495300191600097 37.433662091614679 4.6558224113832685 7.1047942802688331 33.293076239140646 2.3021018731960785 1.2789097191562175 0.65616824378957972 3.8389015028078566 0.50011707481462497
leaf_count=38 89140 279 87 1591 221 254 70 139 129 2750 4003 3 64 205 163377 12 216 1929 739 26 281 1662 1757 1491 14407 1824 129 1046 1338 46
internal_value=0.00014521 0.0078841 0.0194804 0.0326136 0.0166025 0.0289049 0.00408966 -0.00790919 -0.00298284 -0.0173919 -7.06817e-05 -0.00668557 0.00390239 0.00937143 1.67301e-05 -0.0173828 9.74372e-05 0.00557036 0.0355101 0.0764615 0.101934 0.00301038 0.00999913 0.0128549 0.00564049 0.0308631 0.0332249 0.0393489 0.0630362 0.0744937
internal_weight=2430.54 65.0006 31.0617 16.1562 13.0266 9.80597 14.9055 9.72282 33.939 10.4803 2365.54 3.09301 23.4586 19.5916 2354.46 9.88084 2344.58 101.953 7.01691 3.67824 2.81167 94.9363 57.5026 53.6299 39.2278 14.4021 5.93473 12.1 4.99519 4.33902
internal_count=289253 5830 2644 2156 2069 478 488 418 3186 2788 283423 224 398 334 279420 89152 190268 26891 1262 523 497 25629 23967 22038 16293 5745 1886 3921 2430 1384
is_linear=0
shrinkage=0.03


Tree=236
num_leaves=31
num_cat=0
split_feature=29 28 5 30 20 28 6 28 1 23 31 0 12 25 34 28 28 28 29 27 28 1 34 28 1 31 20 28 29 16
split_gain=6.01932 11.266 17.3237 9.00041 9.59144 7.14667 10.7141 9.39944 7.32785 6.11632 5.84515 5.01588 5.46872 6.815 5.33944 4.82231 13.0259 12.142 16.0952 15.334 9.5536 22.1107 14.3626 15.1309 15.4002 10.8924 9.80453 9.04059 9.81434 8.26544
threshold=0.48877522349357611 0.86548283696174633 13.25410032272339 1.5000000000000002 1.1039167046546938 -0.27694603800773615 8.9194955825805682 -0.29343378543853754 6.4357738494873056 0.23447231948375705 390.69824218750006 1.5000000000000002 -0.43059606850147242 0.27570670843124395 1.3155373334884646 0.71503382921218883 0.49812944233417517 0.89787620306015026 -0.38243420422077173 0.73225808143615734 0.52766072750091564 25.785140991210941 0.020354700274765495 0.66527691483497631 28.445338249206547 247.52179718017581 1.046340346336365 0.58481550216674816 -0.82413947582244862 0.43444590270519262
decision_type=2 2 10 2 8 2 8 2 2 10 2 2 2 2 2 2 2 2 2 2 2 2 2 2 2 2 10 2 2 10
left_child=15 5 3 4 -3 7 -7 11 10 -8 -9 -2 -13 14 -14 16 -1 -17 19 -19 21 25 27 24 -24 -18 29 28 -22 -25
right_child=1 2 -4 -5 -6 6 9 8 -10 -11 -12 12 13 -15 -16 17 20 18 -20 -21 22 -23 23 26 -26 -27 -28 -29 -30 -31
leaf_value=-0.00012874815901622332 -0.020683544830547199 0.12146020193687951 -0.028381772312857861 -0.012003591155728272 0.010138806784105924 -0.024956349340941916 -0.0062443349551664917 -0.0060350033186175765 -0.010209321747579827 0.035311924446096273 0.13134636931940977 -0.0062369019934999104 0.02032826097177055 -0.0097416369429459988 -0.0082248466462427582 -0.021953470881364068 -0.018308842105835166 -0.018861858378383872 -0.0047196012064271743 0.055679282495180012 -0.0093966234615070945 -0.031871182064554159 -0.024615091701426357 -0.00052058411375693295 0.023434575325409976 0.057028072101867805 0.054955583151457182 0.016386545294230156 0.12873499062946975 0.041388411963778418
leaf_weight=2109.8315099526626 4.5101369080912255 1.9281576103967375 1.465142158558592 0.65463098097825412 1.1719799351085387 14.750720090309189 6.6319121057276771 0.24774442720081313 0.48646083753556013 4.725521974673029 0.30063744531435077 16.147226930628676 48.321904749060195 9.457106406654928 6.1478966471695449 30.174006639525032 1.512114176723119 3.0000231113554019 86.392163016611448 7.0424317928263918 0.44518853747285903 3.2245608717203131 22.682292664903802 18.825327408587334 7.1636186465620986 12.027768423482483 4.2208184196933862 3.6655698099202709 0.87170972680541925 4.4558937100300673
leaf_count=119447 3513 234 14 382 152 54633 4134 473 53 2514 262 6145 23242 900 976 17404 511 2208 39672 137 786 26 4385 1315 40 1041 137 3891 313 213
internal_value=0.000328392 0.00693933 0.0462787 0.0752538 0.092113 0.00470716 -0.00880021 0.00888005 0.0727959 0.0125045 0.105467 0.00725664 0.00906606 0.0129679 0.0170154 -8.34788e-06 0.000321996 -0.0056774 -0.000411632 0.0337198 0.0121969 0.0316538 0.00654661 0.00189848 -0.0126964 0.047934 0.0176269 0.0507863 0.0981375 0.00887476
internal_weight=2432.48 116.947 5.21991 3.75477 3.10014 111.727 26.1082 85.6191 1.03484 11.3574 0.548382 84.5843 80.0741 63.9269 54.4698 2315.53 2188.93 126.609 96.4346 10.0425 79.0949 16.7644 62.3304 57.348 29.8459 13.5399 27.502 4.98247 1.3169 23.2812
internal_count=289153 97627 782 768 386 96845 61281 35564 788 6648 735 34776 31263 25118 24218 191526 132105 59421 42017 2345 12658 1578 11080 6090 4425 1552 1665 4990 1099 1528
is_linear=0
shrinkage=0.03


Tree=237
num_leaves=31
num_cat=0
split_feature=18 31 24 8 21 29 11 29 34 24 0 5 20 18 21 22 6 6 22 14 23 8 29 24 23 23 16 24 6 18
split_gain=4.91119 4.80988 4.04196 6.41935 6.22223 8.83093 6.9478 8.04696 5.59099 6.08606 5.15178 9.79146 9.85794 13.6101 9.42227 7.28098 10.5994 9.38546 10.1519 11.7023 11.1102 10.4049 10.0592 10.7497 7.17974 6.95476 6.73453 9.72485 8.8135 6.64809
threshold=13.304382324218752 3477.741088867188 0.79601609706878673 0.022237728349864486 -1.8358731865882871 0.47369650006294256 5.077341079711915 0.73136293888092052 0.0033181790495291357 1.338737487792969 5.5000000000000009 -7.9967195987701407 -0.18638900667428968 3.5532379150390629 -0.089261330664157854 -0.44788894057273859 0.05364238657057286 2.9720456600189213 -0.56913751363754261 0.40950044989585882 1.1759706139564516 10.023713588714601 -0.27694045007228846 0.5398753583431245 -0.59487923979759205 -0.97390952706336964 -0.84225633740425099 0.065523266792297377 6.8125019073486337 3.8118438720703129
decision_type=8 2 10 2 10 2 2 2 2 10 2 10 10 8 10 10 8 10 10 10 10 2 2 10 10 8 10 10 10 10
left_child=1 2 3 -1 5 -4 7 -7 9 -6 11 12 13 25 -15 16 -12 -18 20 24 -19 22 23 -22 -20 -5 27 28 -17 -13
right_child=-2 -3 4 10 8 6 -8 -9 -10 -11 15 29 -14 14 -16 26 17 18 19 -21 21 -23 -24 -25 -26 -27 -28 -29 -30 -31
leaf_value=-0.024548595724621123 -0.020619456169688039 -0.018433202562395098 -0.013360076910419284 0.046510959545557555 0.047211396230870686 0.081344410948254148 -0.01062938250862671 -0.013831452631625921 0.0019760455475841283 -0.012080386968408963 0.057591698029489123 -0.002170938201315681 -0.00037851040688309734 0.0026451322431089398 0.094571290443604378 0.039816473315431221 -0.0024418785262151142 0.0016442685514076508 -0.016238474962747027 0.040698225204330384 0.094225954217920516 4.5140824087696539e-05 -0.0043084225398197706 0.01345565393931248 0.01860518365954817 0.0011157787662193072 -0.00062329691869143636 -0.019792372449927067 -0.028623394673373395 -0.0096339517535214848
leaf_weight=9.3443227429379458 9.6326762073040282 11.931067333378449 42.089297377013281 2.8440824353601784 3.8921347723371573 1.5504262978611216 2.1294677091500489 0.79360237550281443 792.1635634078375 1.7838585133031299 2.2944742040199335 321.09604460197806 48.133090570743661 1.4905795376980679 2.4940013829618684 4.3162933488383706 140.54503772929456 144.59463181361207 7.2263717150199218 15.480092167766996 3.5042842422844833 7.1717044340912244 2.3610456231690469 2.7837307625450194 14.3683006472711 14.723538852995267 618.37076132242873 32.666473318542558 1.6418117732973767 161.0701263302617
leaf_count=66356 37831 8752 2852 50 4799 409 93 774 41728 6327 2030 16146 1263 118 120 861 12440 3921 213 334 141 71 249 63 314 298 37730 1909 46 40965
internal_value=-0.00027524 -0.000185587 -8.7353e-05 -0.000992847 0.00158312 -0.00896259 0.0272934 0.0546212 0.00220903 0.0295588 -0.000835019 -0.00315793 0.0072824 0.0236498 0.0676125 0.000452198 0.00400719 0.00347468 0.00767632 0.0216169 0.00434046 0.0274197 0.0477614 0.0652212 0.00674258 0.0105741 -0.00139261 -0.0133826 0.0195539 -0.00467878
internal_weight=2424.49 2414.85 2402.92 1558.52 844.402 46.5628 4.4735 2.34403 797.84 5.67599 1549.18 551.851 69.6853 21.5522 3.98458 997.325 340.33 338.035 197.49 37.0748 160.415 15.8208 8.64906 6.28802 21.5947 17.5676 656.995 38.6246 5.95811 482.166
internal_count=289203 251372 242620 185638 56982 4128 1276 1183 52854 11126 119282 58960 1849 586 238 60322 19776 17746 5306 861 4445 524 453 204 527 348 40546 2816 907 57111
is_linear=0
shrinkage=0.03


Tree=238
num_leaves=31
num_cat=0
split_feature=6 31 3 25 0 27 31 30 1 3 17 29 25 6 11 34 22 11 17 21 25 3 5 22 25 17 26 22 34 29
split_gain=4.37706 4.12086 3.54619 3.59133 3.43008 9.84301 15.416 7.10506 9.05282 13.9453 7.87126 14.2027 16.6987 10.2074 8.70558 9.80619 9.64538 12.0752 9.54967 8.79012 8.47385 8.47075 8.02759 7.73939 7.67838 7.1262 8.58657 9.9202 9.86605 12.1284
threshold=0.011049719993025066 3477.741088867188 -1.5283885002136228 0.13306233286857608 2.5000000000000004 0.93440860509872448 524.19323730468761 1.5000000000000002 47.646572113037116 1.1343008279800417 0.59309473633766185 -0.99983122944831837 0.19979527592658999 11.893356323242189 7.6951639652252206 2.089918971061707 -0.24110337346792218 11.047133922576906 1.3829285502433779 0.94619747996330272 0.18199714273214343 -1.0047447085380552 1.9605317115783694 -1.6893652081489561 0.23220069706439975 -1.1297146677970884 26.704795837402347 0.7936081886291505 1.0826733112335207 -0.99983122944831837
decision_type=8 2 2 2 2 2 2 2 2 2 10 2 2 10 2 2 8 2 10 10 2 2 8 10 2 8 2 8 2 2
left_child=2 4 3 -1 5 6 -2 25 10 -10 13 12 -12 -9 -13 21 17 22 -19 20 -18 -16 -17 -15 -22 -6 27 28 29 -27
right_child=1 -3 -4 -5 7 -7 -8 8 9 -11 11 14 -14 23 15 16 19 18 -20 -21 24 -23 -24 -25 -26 26 -28 -29 -30 -31
leaf_value=0.048249596806787282 -0.011022597192148853 -0.017454447639843766 -0.02452237800244178 -0.015106772805364939 0.010613093564236736 0.0082837073443507644 0.0044199356014881725 -0.0048506007824221089 -0.0074188245215043554 0.020505590870711035 -0.010911133426466388 0.0079628795808247988 0.062566434799314813 0.028177083837266834 0.024583537261841804 0.064886218500650072 -0.023953287587329349 -0.004131074378046674 0.033266730669643578 0.015882349569583166 0.01480466485772366 -0.0071474302614574804 0.0079752731816433893 0.0017956000913335404 -0.0066261435187885687 -0.032577463414439643 -0.014783171965431535 -0.0054532008544439185 -0.0032186863660855483 0.0072695562364731856
leaf_weight=0.50337867984489892 160.74370433998774 11.201522896706591 9.7375993803871079 0.99165849682322005 91.408480954734841 56.515617803670466 90.171446402087895 652.7798642711241 25.406521141529083 41.038320865482092 4.1134213875047845 115.42283849540399 6.2057518229121342 9.7264750790782255 6.9237914141267529 5.6255701836198551 15.65224420558661 20.685666127828885 7.6366251385770729 22.747739407233894 20.619992569088936 188.79605745615845 3.836621725698933 152.52387949023978 48.487558666616678 6.0288468849030314 26.256151869802125 116.22213797034055 121.21020793549542 380.82083850415802
leaf_count=80 25328 7813 91389 1366 8560 1161 8424 58169 106 282 118 16797 100 139 425 75 241 267 74 211 243 7150 66 2187 510 275 760 12820 5857 38162
internal_value=-0.000155115 -6.41868e-05 -0.0180551 0.0170137 2.43029e-05 -0.00292909 -0.00547749 0.000459892 -0.000837654 0.00987644 -0.00140032 0.00170392 0.0349005 -0.00317797 0.000878747 -0.0015353 0.00435203 0.0171772 0.00674324 -0.000272249 -0.00474244 -0.00590565 0.0447785 0.00354001 -0.000111756 0.00281568 0.00170544 0.00242146 0.00423001 0.00656617
internal_weight=2420.04 2408.81 11.2326 1.49504 2397.61 307.431 250.915 2090.18 1348.23 66.4448 1281.78 466.754 10.3192 815.03 456.435 341.012 145.292 37.7845 28.3223 107.508 84.7598 195.72 9.46219 162.25 69.1076 741.947 650.538 624.282 508.06 386.85
internal_count=289155 196320 92835 1446 188507 34913 33752 153594 87160 388 86772 26277 218 60495 26059 9262 1687 482 341 1205 994 7575 141 2326 753 66434 57874 57114 44294 38437
is_linear=0
shrinkage=0.03


Tree=239
num_leaves=31
num_cat=0
split_feature=21 16 21 23 15 20 14 14 25 18 22 4 16 25 17 22 17 20 1 14 25 0 16 27 1 1 16 22 33 23
split_gain=4.35148 6.2721 5.27562 4.79192 7.09204 11.963 10.1898 9.84421 9.13914 8.33939 7.99088 7.66736 7.3426 6.7603 9.05783 6.75924 6.77168 6.91817 6.40008 9.26645 6.3022 6.13285 8.05689 10.5917 15.6289 6.73131 6.67812 8.94621 6.18404 10.5966
threshold=-2.4852085113525386 -0.49273669719696039 -2.3061984777450557 -0.59487923979759205 0.96685913205146801 -0.42090128362178797 1.2615455389022829 0.53598681092262279 0.19820998609066012 3.6983947753906254 -0.28911821544170374 40.890956878662116 1.0026341080665591 0.36822286248207098 1.1115874052047732 -0.368576169013977 -1.6810976862907407 -0.76493862271308888 7.0997116565704355 0.84170600771904003 0.13444109261035922 8.5000000000000018 0.034008212387561805 0.66129031777381908 18.309336662292484 24.737689018249515 -0.12876855581998822 -0.10935377702116965 2.338193535804749 -0.72397390007972706
decision_type=10 8 10 10 10 10 10 10 2 10 8 2 8 2 10 10 10 10 2 10 2 2 8 2 2 2 10 10 2 10
left_child=1 -1 -2 4 7 -6 8 15 12 10 -8 -9 -7 -5 -15 20 -17 -18 19 -10 -4 28 23 25 26 -23 27 -25 29 -19
right_child=2 -3 3 13 5 6 9 11 18 -11 -12 -13 -14 14 -16 16 17 21 -20 -21 -22 22 -24 24 -26 -27 -28 -29 -30 -31
leaf_value=0.0033961290314465111 0.01628237361466103 -0.027146120156965114 0.0082206152186551414 0.00012412114833619184 -0.010312824560185802 -0.0083999227129789023 0.026644607534299897 -0.015067097491076521 -0.016697108619774807 -0.012918784308508475 -0.0046637406914671522 0.012111183827151427 0.058553258341165523 0.013491666578580969 -0.01896530977597009 0.038527319603824502 -0.012034746664379321 -0.0081929928021936185 0.018827542664672261 0.06181755323959498 -0.0078682259416383554 -0.016550045802532921 -0.0039183333532627589 -0.020197343625051108 0.008777272559568049 0.026002393529608116 0.090322623082127698 0.046739982302970953 0.0099589697128995621 0.012293638500425906
leaf_weight=10.921668040984512 16.281642575133446 12.038235406373134 23.944870029441518 1609.209362442507 36.733275578972098 11.949681697380582 13.839648450957609 90.080786169306521 1.1737598742838615 22.069923982242472 14.010913265701676 9.6639110818505269 0.66374029557118674 61.949034410194145 7.9351115368772289 3.2777591779267814 33.704979198384535 104.56548111856318 20.413522127317265 7.3895137204744969 189.15189821656531 10.233133213776453 24.527649629428197 1.6636078227311379 18.402088213711977 3.7826408185064784 2.6451633678516364 7.526585197309033 36.667699983110651 28.011411394683819
leaf_count=599 1128 1912 5846 195070 6490 2254 409 13536 184 3910 541 48 140 4167 418 852 6101 23301 440 656 10131 3784 2630 58 157 23 69 215 791 3822
internal_value=-0.000360331 -0.0130823 -0.000233831 -0.00035285 -0.0024058 0.00396418 0.00974463 -0.00379984 0.0205242 0.000537195 0.0112784 -0.0123398 -0.000834391 0.000523597 0.00959072 -0.00203303 0.00107509 0.000483711 0.0295391 0.050435 -0.00603043 0.00229929 0.00978346 0.0172965 0.0270276 -0.00409894 0.0525093 0.03383 -0.000781875 -0.00380486
internal_weight=2434.43 22.9599 2411.47 2395.19 716.094 128.244 91.5107 587.85 41.5902 49.9205 27.8506 99.7447 12.6134 1679.09 69.8841 488.105 275.008 271.73 28.9768 8.56327 213.097 238.025 68.7809 44.2532 30.2374 14.0158 11.8354 9.19019 169.245 132.577
internal_count=289682 2511 287171 286043 86388 15024 8534 71364 3674 4860 950 13584 2394 199655 4585 57780 41803 40951 1280 840 15977 34850 6936 4306 499 3807 342 273 27914 27123
is_linear=0
shrinkage=0.03


Tree=240
num_leaves=31
num_cat=0
split_feature=16 21 16 15 6 18 22 22 28 29 24 27 12 22 16 16 19 8 17 2 20 20 33 18 24 27 28 19 19 8
split_gain=7.16668 12.6005 8.73615 8.85892 8.58986 7.8888 7.46383 11.959 7.83708 11.4672 7.41475 7.69207 8.07809 6.76689 6.58524 6.57601 9.13038 7.81232 7.61093 6.4358 6.3532 13.1377 8.56287 6.33653 6.26056 9.23146 7.72944 6.95873 6.24654 6.07279
threshold=-0.35664898157119745 1.2217931747436526 -0.48393179476261133 0.56958705186843883 6.8125019073486337 1.5151519775390627 0.44523902237415319 -0.40895466506481165 -0.20180235803127286 -0.9852197766304015 0.38193303346633917 0.85250896215438854 22.299015045166019 -0.90332946181297291 -0.47614113986492151 -0.19094709306955335 1.0080909729003908 0.15704969316720965 -2.1556478738784786 3.5994379520416264 -0.090076405555009828 0.33539006114006048 3.4425157308578496 1.5151519775390627 0.065523266792297377 0.24718532711267474 0.70290291309356701 1.6980172991752627 -1.5739998817443845 3.0705628395080571
decision_type=8 10 10 10 8 10 10 10 2 2 10 2 2 10 10 10 10 2 10 2 10 10 2 10 10 2 2 10 10 2
left_child=1 2 3 24 5 -3 7 -7 29 -10 13 14 20 -4 -12 16 -2 -17 19 -19 22 -22 -13 -6 25 -1 -26 -27 -25 -9
right_child=15 4 10 -5 23 6 -8 8 9 -11 11 12 -14 -15 -16 17 -18 18 -20 -21 21 -23 -24 28 26 27 -28 -29 -30 -31
leaf_value=-0.011379146550153025 -0.0070080752383738787 0.053015120642015412 0.018298994630713317 -0.012681192549373523 -0.017560287754244393 0.0027846842675795852 0.00015203602731514359 0.041645216730885518 -0.0039151288790206379 0.09513824865254053 0.037281189991244301 0.004417431331992976 0.0028754313934688928 -0.0087762989775957752 0.0026593936828227887 -0.015710596878764301 0.0095065579576286072 -0.021708463027187444 0.0010468075840960988 0.0059381002887960695 0.074450415351987709 0.013190671730121645 0.049524188281325092 0.048138900580522691 0.0011285253212714856 0.043459039075988817 -0.017243490190098878 -0.0044755002098359467 0.0060787559981354032 -0.0094065228440740282
leaf_weight=6.2635261132563782 222.07549897884746 5.9992130803875616 9.7500841750188538 46.973253183816269 8.403876892058177 10.074633091706344 14.469572601403341 4.1764522014709655 1.2626104632799977 3.6200581580560556 4.3508650373369155 14.323720661923291 15.577663272619246 35.757988468558324 68.196894925920788 25.567205623283371 33.946590217747143 23.211305880893633 1412.3452038639225 10.504548255354164 5.954630291322248 6.7267491150414571 4.2660684436559668 2.5161580266067167 367.88608585734619 9.3445742507901723 20.829623362504208 3.4642096786483298 38.707988458521868 3.0069162170402706
leaf_count=13830 24172 126 1959 8185 84 3035 3419 778 190 1269 436 307 72 7772 6127 82657 4941 2227 96386 55 64 162 20 79 22154 756 6086 390 1578 161
internal_value=0.000681809 0.00321258 0.00166262 -0.000486103 0.013496 0.0232249 0.0170634 0.0276314 0.0465764 0.0732127 0.00755541 0.0114568 0.0208125 -0.0027067 0.00521441 -0.000362288 -0.00478989 0.000410721 0.000706415 -0.0131719 0.0293818 0.0452949 0.0167684 0.00484918 0.000946239 0.0172842 0.000102327 0.0311096 0.00972522 0.0217372
internal_weight=2439.55 711.903 619.666 454.761 92.2375 42.6095 36.6102 22.1407 12.066 4.88267 164.905 119.397 46.8488 45.5081 72.5478 1727.65 256.022 1471.63 1446.06 33.7159 31.2712 12.6814 18.5898 49.628 407.788 19.0723 388.716 12.8088 41.2241 7.18337
internal_count=289477 79039 68320 51401 10719 8978 8852 5433 2398 1459 16919 7188 625 9731 6563 210438 29113 181325 98668 2282 553 226 327 1741 43216 14976 28240 1146 1657 939
is_linear=0
shrinkage=0.03


Tree=241
num_leaves=31
num_cat=0
split_feature=28 12 20 20 28 28 29 29 16 15 28 11 6 20 28 28 29 28 6 3 13 15 16 11 20 34 28 17 3 2
split_gain=5.08764 6.60027 4.38436 7.88987 7.46664 17.6571 9.30292 12.8705 9.86561 11.586 9.2368 8.66282 9.4711 8.45872 12.3901 10.4511 8.23132 7.63586 7.51365 6.89372 12.6395 14.0256 8.26088 6.78519 6.65157 6.43325 6.41721 12.2151 11.8483 10.2061
threshold=-0.99763298034667958 19.064690589904789 1.0609144568443301 0.93556824326515209 -0.97113886475563038 -0.98803845047950734 -0.94703993201255787 -0.92921787500381459 -0.51769682765007008 0.59401768445968639 -0.013976118760183452 10.215309143066408 6.8125019073486337 1.075644373893738 -0.66528618335723866 -0.72696319222450245 0.31595529615879064 -0.18492533266544339 7.2036612033844003 0.73512393236160289 -0.54916286468505848 0.33845810592174536 -0.14754498004913327 13.899862766265871 1.6875765323638918 0.17613258212804797 -0.99054482579231251 1.0000000180025095e-35 0.37734918296337133 2.3728451728820805
decision_type=2 2 10 8 2 2 2 2 10 10 2 2 8 10 2 2 2 2 10 2 8 10 10 2 10 2 2 10 2 2
left_child=1 -1 3 26 5 -4 8 -8 17 10 -10 -12 -13 15 16 -9 -15 18 -6 20 -7 -22 -23 -16 -25 -19 27 28 29 -2
right_child=2 -3 4 -5 6 19 7 13 9 -11 11 12 -14 14 23 -17 -18 25 -20 -21 21 22 -24 24 -26 -27 -28 -29 -30 -31
leaf_value=-0.013902017156347099 0.020629027658938745 0.021611413625057647 -0.012560736241999141 -0.0096880603993286067 -0.013175762572236292 0.070212070965544576 -0.021085402213910712 0.069151043034080623 -0.01575203682560164 0.020348394161960746 -0.024462704890163351 0.053657798443714023 0.0017117806985851704 -0.017692453537008258 0.00068434283644536068 -0.0050670168975810162 0.0093846552367307032 -0.011084217516519678 0.036321009965069942 0.0083964473306300507 -0.020304421416327618 0.07627472441856803 0.011801461052525794 0.025470007179960268 -0.0048108700784485481 0.040575981580663716 -0.00018526757103726362 -0.0030681899617552985 0.0045880989399729559 0.075986380608941279
leaf_weight=39.482236082472809 9.1479400765529153 4.4280628301203242 13.660158439943187 75.638842664040567 7.6602512138488255 6.3418170578843274 26.569821481127292 2.5724824946191802 29.107467047928367 21.509145870921202 3.5486463572160565 4.5703195525566089 7.4556388061027983 43.325038686700282 72.253197195313987 3.0286158782946577 12.392585902496647 2.0473570867325206 3.0580257032997906 11.297312805909312 4.6325746260008653 2.6023164273065049 4.4466368131616036 22.673866342796831 8.6251177483936754 16.560167380579514 1916.5145940404254 32.347358636885474 15.185515865101477 4.4743767559994003
leaf_count=6299 1271 26 1424 10228 391 463 1132 246 1160 967 585 167 130 4546 23810 692 3885 288 67 346 512 136 245 365 151 643 225582 3067 570 108
internal_value=8.43406e-05 -0.00991925 0.000272735 -0.00024362 0.0034772 0.01499 0.00170673 -0.00211197 0.00930296 0.0027662 -0.00595772 0.0121929 0.024057 0.00105439 -0.000322801 0.0343318 -0.0116107 0.0234793 0.00284054 0.0278165 0.0389081 0.0177169 0.0421227 0.00580379 0.0172349 0.0346165 0.00012231 0.00960925 0.0234697 0.0427648
internal_weight=2427.16 43.9103 2383.25 2053.31 329.939 42.9808 286.958 191.441 95.517 66.1912 44.6821 15.5746 12.026 164.871 159.27 5.6011 55.7176 29.3258 10.7183 29.3207 18.0233 11.6815 7.04895 103.552 31.299 18.6075 1977.67 61.1552 28.8078 13.6223
internal_count=289502 6325 283177 240826 42351 3126 39225 34827 4398 3009 2042 882 297 33695 32757 938 8431 1389 458 1702 1356 893 381 24326 516 931 230598 5016 1949 1379
is_linear=0
shrinkage=0.03


Tree=242
num_leaves=31
num_cat=0
split_feature=11 23 17 34 19 28 29 28 23 8 8 22 1 22 11 23 16 16 14 21 16 17 22 16 15 22 17 34 28 18
split_gain=4.28731 6.44034 6.38789 7.99786 8.72074 7.96618 15.3807 8.29834 8.15191 11.9821 8.06398 7.74892 6.85492 6.66414 7.43146 6.51231 6.44051 9.72936 7.39163 7.74721 6.7654 6.2829 6.1717 9.98594 7.41506 9.75716 7.33498 6.14727 7.67978 5.38379
threshold=16.325263977050785 -0.5254627764225005 0.33183827996253973 0.17613258212804797 0.55004972219467174 -0.85227432847022999 -0.49812626838684076 -0.81429189443588246 1.9911930561065676 6.5087673664093026 4.2290804386138925 -0.40895466506481165 21.535994529724125 0.14629438519477847 21.362469673156742 0.69896212220191967 -0.3015496283769607 0.055915949866175658 -0.90447834134101857 0.18039765208959582 0.68584185838699352 1.9474688768386843 -0.91712108254432667 -0.16023672372102735 -1.2209610342979429 -0.45660082995891565 -0.39189775288105005 1.045301139354706 -0.16799356788396833 2.8841705322265629
decision_type=2 10 10 2 10 2 2 2 10 2 2 10 2 10 2 10 10 10 10 8 10 8 10 10 10 10 10 2 2 10
left_child=-1 22 3 4 -3 6 -5 -7 12 -10 -8 -12 13 -9 -15 -16 18 -18 19 -14 -19 -4 23 29 25 -24 -25 28 -20 -2
right_child=1 2 21 5 -6 7 10 8 9 -11 11 -13 16 14 15 -17 17 20 27 -21 -22 -23 24 26 -26 -27 -28 -29 -30 -31
leaf_value=-0.00058706488142642966 0.0059919712636905282 0.0078857680244897241 -0.0007017559439686452 0.053951341061654667 0.051794464392141012 -0.024320869545458753 -0.024592102719082749 -0.020159690486528718 0.065357230499442295 0.0042961217667965863 -0.0062165262408701103 0.027720958886162193 0.021697294816394635 -0.0058026804690495034 -0.0019494626251957898 0.067688239660944768 -0.010967629139554657 0.014550156770579832 0.052217972281527462 -0.015708719846178054 -0.0083602130971677305 0.029307203025453778 -0.018504600536447285 0.00071173836270604441 -0.0070320309288217347 0.031833893040204696 0.032259837668877848 0.0095297011974641473 0.010470454450351397 -0.023940494984319612
leaf_weight=1764.9398306054791 10.694689971394839 10.016070375277197 199.8120228779153 7.5827600117772809 6.4059189757754202 8.2232868727296573 4.7514963138382909 18.953161029610783 3.8263199841312581 7.6033402485772967 9.2884008996188676 14.868432204937559 7.2438080636784434 13.957303384609988 2.074791627033846 1.7242140445741823 35.28327372064814 44.03024173155427 9.0950106764212268 11.602827499620618 14.885333808604626 5.4818898960947982 4.4363399746362111 11.416080099996181 144.57616072043311 9.2543596775503811 14.983876962680368 18.668491071090102 7.5492823710665098 9.3254861593013612
leaf_count=279628 139 293 3068 66 142 132 161 900 78 68 110 169 51 495 97 72 252 332 62 75 101 65 97 130 2372 150 245 144 45 214
internal_value=0.000187663 0.00223359 0.00419013 0.00732646 0.0270036 0.00588086 0.0186055 0.00353331 0.00481623 0.0283512 0.00784025 0.0149435 0.00321816 -0.00823769 0.00488426 0.037175 0.00608895 0.00130727 0.0142312 -0.00096268 0.00871881 0.000237743 -0.00219025 0.00732497 -0.00500956 0.0153729 0.0191414 0.0221435 0.0349493 -0.00842633
internal_weight=2432.55 667.615 462.928 257.634 16.422 241.212 36.4911 204.721 196.497 11.4297 28.9083 24.1568 185.068 36.7095 17.7563 3.79901 148.358 94.1988 54.1594 18.8466 58.9156 205.294 204.687 46.4201 158.267 13.6907 26.4 35.3128 16.6443 20.0202
internal_count=289953 10325 6978 3845 435 3410 506 2904 2772 146 440 279 2626 1564 664 169 1062 685 377 126 433 3133 3347 728 2619 247 375 251 107 353
is_linear=0
shrinkage=0.03


Tree=243
num_leaves=31
num_cat=0
split_feature=19 21 6 14 19 29 23 21 15 11 21 12 31 20 3 25 22 22 22 21 19 30 21 6 13 23 0 14 20 6
split_gain=5.3363 6.647 6.48933 8.6393 8.91413 7.1639 7.86747 6.49384 6.15557 5.95578 11.011 6.72471 6.44733 6.47555 6.41253 6.23554 6.00107 7.51907 5.8328 5.64199 5.64559 6.79924 5.44367 5.41063 7.51002 6.52066 6.41822 7.06924 5.17796 8.46385
threshold=-0.772517830133438 1.2861579060554507 16.084734916687015 1.2792757749557497 -1.010661721229553 -0.93543598055839527 0.094028439372777953 1.0370808839797976 1.5600752234458926 4.7913143634796151 -1.5704898834228513 -0.20818062126636502 281.06619262695318 0.25318808853626257 0.57959952950477611 0.19336975365877154 0.90782335400581371 1.2128054499626162 1.9634075760841372 -1.2861968874931333 -1.4258313775062559 1.5000000000000002 0.71407523751258861 7.4063336849212655 -1.1103193759918211 1.3998836874961855 4.5000000000000009 -1.5529859066009519 -1.1863918900489805 0.45000003278255468
decision_type=8 10 8 10 10 2 10 10 8 2 10 2 2 10 2 2 10 10 8 10 10 2 8 8 10 8 2 10 10 10
left_child=1 2 3 4 7 6 -6 8 28 10 -4 -12 -13 14 15 -14 19 -18 -19 -11 21 -21 -17 24 25 -3 27 -27 29 -1
right_child=-2 23 9 -5 5 -7 -8 -9 -10 16 11 12 13 -15 -16 22 17 18 -20 20 -22 -23 -24 -25 -26 26 -28 -29 -30 -31
leaf_value=-0.023471518256704266 -0.00043752371920122168 0.045184675708347583 0.083087880325859162 -0.019898823145539483 -0.012328812187740299 0.013146306331353125 0.0085705081779653032 0.016621291012392118 0.037775710858748833 -0.011455230537074619 -0.01477583387855624 -0.0046086880588522405 -0.0019030664546687713 -0.014540412923392096 -0.012262754682405719 0.10630146538503109 0.03312438623916053 -0.0013439342148328507 0.029372988941114623 -0.0032032507455278382 0.0028395774645317133 0.033974871923370092 0.0042256027903405536 -0.013791270254407389 -0.0088783765809460347 -0.010075418937087856 -0.018149566650935499 0.048589679467850144 -0.0066579047474481165 0.0042645888024905572
leaf_weight=9.8466611879412067 1708.4020502441635 4.2765292771509831 1.6157056705887942 15.049737424767953 25.686428335786331 97.71804513441748 40.300759351317538 17.014155444881908 2.4570804141585532 18.583005405380391 4.259139553199927 3.2170783946712618 0.77223111619241569 0.88857408554758865 0.64367083836987138 2.0576251593884081 14.588533763191661 21.001691622543152 6.5297979753231621 6.6238015489361723 88.141501237914781 11.441795967301005 0.65661714301677454 36.800606820554094 22.089603882919619 2.7871647217216378 5.2475536425699829 3.2029539822178759 131.4878641945179 113.28529242967852
leaf_count=4178 223466 823 411 4919 1224 13079 1014 1735 146 357 1192 909 655 448 75 209 229 336 128 129 1452 247 48 1097 3226 282 602 181 20003 6177
internal_value=0.00047038 0.00265784 0.00365487 0.00172763 0.00251471 0.00803092 0.000372557 -0.000797144 -0.00200989 0.00844013 0.0265529 0.0136272 0.0283252 0.0466945 0.0601351 0.0732552 0.00675986 0.0164185 0.00671552 0.00339521 0.0060762 0.0208904 0.0893938 -0.00577189 0.00223016 0.0176267 0.00430413 0.0237568 -0.0025401 0.00187536
internal_weight=2416.67 708.271 633.867 452.846 437.796 163.705 65.9872 274.091 257.077 181.021 14.1106 12.4949 8.2358 5.01872 4.13014 3.48647 166.91 42.12 27.5315 124.79 106.207 18.0656 2.71424 74.4044 37.6038 15.5142 11.2377 5.99012 254.62 123.132
internal_count=288977 65511 59300 52475 47556 15317 2238 32239 30504 6825 3947 3536 2344 1435 987 912 2878 693 464 2185 1828 376 257 6211 5114 1888 1065 463 30358 10355
is_linear=0
shrinkage=0.03


Tree=244
num_leaves=31
num_cat=0
split_feature=11 0 27 28 27 28 28 13 15 22 31 28 28 28 11 8 25 13 24 28 23 23 20 5 21 29 5 21 5 34
split_gain=4.99492 6.06257 6.84023 16.1216 11.5887 18.3762 26.8478 15.9558 11.0331 11.631 8.15572 7.9726 12.4892 12.8842 21.8202 9.64193 7.33939 7.09897 6.18513 6.13562 5.98113 5.95849 6.35601 5.7325 5.56315 10.8559 9.0464 7.62238 5.8451 5.80421
threshold=9.6302804946899432 1.5000000000000002 0.74731183052062999 -0.36647418141365046 0.91935485601425182 -0.80418667197227467 -0.8337765336036681 -0.072336308658123002 1.3336295485496523 -0.61349377036094654 281.06619262695318 -0.30163703858852381 0.056951373815536506 0.12545942142605784 7.6951639652252206 3.1230120658874516 0.16356133669614795 0.26736865937709814 0.59415462613105785 -0.31799228489398951 1.6956863403320315 1.6956863403320315 -0.16436927765607831 -3.6211539506912227 0.77747654914855968 -0.031174269504845139 -3.3129745721817012 0.73925980925560009 4.2123990058898935 1.1689498424530032
decision_type=2 2 2 2 2 2 2 8 10 10 2 2 2 2 2 2 2 8 10 2 10 10 10 8 10 2 10 10 8 2
left_child=1 21 -3 4 -4 6 -6 -8 9 -5 -10 19 -13 14 -14 16 -15 23 -17 -11 24 -1 -23 -18 27 29 -27 -2 -28 -26
right_child=20 2 3 8 5 -7 7 -9 10 11 -12 12 13 15 -16 18 17 -19 -20 -21 -22 22 -24 -25 25 26 28 -29 -30 -31
leaf_value=-0.020253152887830743 0.00026649960972010032 0.00011372219875357021 -0.026341636198149415 -0.018285414291549763 -0.017875851048355533 -0.013791670295654335 0.1404482442228554 0.0071463422305704542 -0.01699268073374095 0.0066307168682279679 0.034118928224613536 -0.015244255598623212 0.063811239138475029 -0.01994773287880966 -0.0062442305017118144 0.003438925736844158 0.050471612494348249 -0.0098112980042928451 -0.018029234116981499 0.063569910416144487 -0.0074410626607703517 -0.017744428542378659 0.059040493656340801 0.015108463624532557 -0.001151394291357389 -0.0063496908181554911 0.063510848840674802 -0.018702921691287514 0.020318516413042623 0.0075470341730473267
leaf_weight=25.498906703782271 1233.3756918784711 497.67339723964324 47.206160405505216 34.783359383553034 3.3094291398301721 28.837824475136586 1.4505712147802112 1.3742021718062454 2.9479385378654106 4.3918693524901755 11.589365236286538 37.108364757499658 7.1950178891420347 4.240159629975099 7.5028312397189438 21.756991566158831 5.8381871292367578 5.3547141949529822 25.406801357108634 2.0929967931006095 81.551595423457911 1.2232184917265843 0.97279361428809252 14.025370283343362 144.26010339346249 5.3020383528491974 4.5728066266092329 18.363530373258982 8.8525545607553795 131.00932425248902
leaf_count=23028 30931 212515 4141 1387 134 1070 45 58 127 150 374 1396 82 392 74 653 105 310 799 56 1929 614 662 494 4314 138 257 459 163 2070
internal_value=-0.000523814 -0.00247652 -0.00196537 -0.00583512 -0.0167981 -0.00354172 0.0398237 0.0944227 -0.000880784 -0.00307915 0.0233277 0.000947022 -0.00080091 0.00516977 0.0299303 9.57521e-05 0.0133056 0.0194443 -0.00826004 0.0310458 0.000427239 -0.0160189 0.0241003 0.0274232 0.000846906 0.00455305 0.0260606 -2.64971e-05 0.0384131 0.00300079
internal_weight=2419.07 791.78 764.086 266.412 82.1782 34.972 6.1342 2.82477 184.234 169.697 14.5373 134.913 128.428 91.3201 14.6978 76.6222 29.4584 25.2183 47.1638 6.48487 1627.29 27.6949 2.19601 19.8636 1545.74 293.997 18.7274 1251.74 13.4254 275.269
internal_count=288927 248666 224362 11847 5448 1307 237 103 6399 5898 501 4511 4305 2909 156 2753 1301 909 1452 206 40261 24304 1276 599 38332 6942 558 31390 420 6384
is_linear=0
shrinkage=0.03


Tree=245
num_leaves=31
num_cat=0
split_feature=5 25 25 3 28 25 22 3 31 34 1 17 12 3 33 19 3 8 8 1 19 1 24 14 12 14 19 24 24 17
split_gain=5.22033 6.7133 5.42101 7.59419 11.6169 6.93625 7.32557 6.13404 5.49023 5.20415 5.17397 4.97662 6.61657 6.83177 4.85907 4.59977 4.55857 5.14995 10.4705 7.79709 6.37346 5.91133 5.86935 5.5954 5.6073 5.77834 5.27303 5.13222 7.02707 6.88149
threshold=-11.807638168334959 0.33066377043724066 0.35972231626510626 -0.63261133432388295 0.21022171527147296 0.38587316870689398 -0.559079349040985 1.3612816333770754 513.0165252685548 0.41137257218360906 0.57472833991050731 -0.21567556262016294 -8.7398271560668928 -0.19834028929471967 3.2688672542572026 -0.93981257081031788 1.638525187969208 2.1773326396942143 3.4120500087738042 12.277964591979982 -0.93981257081031788 7.3630783557891855 0.044110449030995376 -1.0278757214546201 -5.0932767391204825 -0.91794678568840016 -0.29872354865074152 0.90486779808998119 0.54594025015831005 0.58353298902511608
decision_type=8 2 2 2 2 2 10 2 2 2 2 10 2 2 2 10 2 2 2 2 10 2 10 10 2 8 10 10 10 8
left_child=1 16 -2 4 5 6 -4 11 10 -9 -8 -5 13 -13 -14 -7 17 20 19 21 -1 26 -20 -24 -25 -26 -19 28 29 -27
right_child=2 -3 3 7 -6 15 8 9 -10 -11 -12 12 14 -15 -16 -17 -18 18 22 -21 -22 -23 23 24 25 27 -28 -29 -30 -31
leaf_value=0.0196126976995993 -0.00061225935847528926 -0.013503358535483947 -0.006846085868465455 0.0093828558560079042 -0.023250980060752966 0.039618665904989796 0.0028161942201646514 -0.010915111241292696 0.014965798124861689 0.021983986005603352 0.087521671823767938 -0.019805203124709219 -0.014521907754172208 0.048033527348960242 0.0080097838219960228 -0.0070707508571042198 -0.015917063484025804 -0.0064971477039283288 0.043711220920104328 0.048958029354274887 -0.017005915518541744 -0.023303961543026056 -0.0092219684515787645 0.025744442767867647 0.040085151823980696 0.0075790862262876142 0.047495787891927807 -0.011003945105972364 0.018897603549085734 -0.019638232624170453
leaf_weight=5.1220388286747065 2117.9524057856343 14.955553626175968 1.5338931283040436 24.508176597068086 3.3244936709088497 1.8233694121299775 0.82036588154733348 4.8135933361481902 2.4247201684338506 19.650361863547005 4.1502195800421759 1.3809525868855415 39.610021555155981 2.7675928022945291 10.235559634864329 5.097104002008563 6.5941972720902404 2.4908099225722262 2.7618831270374349 9.1145407967269403 13.5317906193668 2.6534280041232705 18.626662532333285 13.36180095374584 3.0961804925464094 24.9140831657569 2.7695185682387109 16.473083565710112 26.23245616373606 11.346941758121821
leaf_count=150 278013 431 195 1776 1171 160 209 49 90 234 279 68 3061 158 52 601 81 102 83 112 561 116 343 240 51 419 105 275 402 179
internal_value=0.000133016 0.00512256 -0.000256761 0.0058626 0.0227017 0.0331482 0.0493281 0.00253867 0.0604071 0.0153362 0.0763547 -0.00159222 -0.00665389 0.0259909 -0.00982859 0.00867966 0.00694694 0.00803288 0.0100864 0.0314175 -0.00646473 0.00798952 0.00673661 0.00546908 0.00840264 0.00530303 0.0249757 0.00345505 0.00737967 -0.00123633
internal_weight=2414.14 174.045 2240.09 122.14 19.1742 15.8497 8.9292 102.966 7.39531 24.464 4.97059 78.5023 53.9941 4.14855 49.8456 6.92047 159.089 152.495 133.841 17.0283 18.6538 7.91376 116.813 114.051 95.4245 82.0627 5.26033 78.9666 62.4935 36.261
internal_count=289766 3650 286116 8103 2705 1534 773 5398 578 283 488 5115 3339 226 3113 761 3219 3138 2427 435 711 323 1992 1909 1566 1326 207 1275 1000 598
is_linear=0
shrinkage=0.03


Tree=246
num_leaves=31
num_cat=0
split_feature=11 5 8 0 23 17 1 14 6 34 5 1 6 23 24 23 25 15 14 8 20 17 16 8 19 29 16 3 25 1
split_gain=3.65845 3.88903 8.28628 10.1253 8.22779 10.9333 9.05449 6.75422 7.63751 6.27254 5.97661 8.86288 6.54913 6.63553 7.07434 14.6308 7.92126 6.38212 9.42862 10.0718 11.8666 9.65423 10.2025 9.27835 7.34762 7.13263 6.44318 9.26743 7.93838 6.60714
threshold=0.068596407771110549 2.1356720924377446 7.2039783000946054 8.5000000000000018 -0.75506344437599171 -0.99052309989929188 9.3691072463989276 -1.1367703676223753 16.084734916687015 2.2488121986389165 1.1556624174118044 35.575925827026374 1.4218748807907107 0.71448266506195079 0.89341408014297496 -0.53659281134605397 0.26000218093395239 0.96685913205146801 1.3148477673530581 1.4240731596946719 0.36750175058841711 -1.3188634514808653 -0.10510608926415442 2.4343655109405522 0.14444287121295932 -0.90892156958580006 0.24439277499914172 0.84479612112045299 0.19820998609066012 4.4011771678924569
decision_type=2 10 2 2 10 10 2 10 8 2 10 2 10 10 10 10 2 10 10 2 10 10 10 2 10 2 10 2 2 2
left_child=-1 10 3 7 6 -6 -5 8 -3 -8 17 12 13 14 -12 -16 -17 -2 21 -20 -21 -19 -23 24 -22 -25 27 28 -24 -30
right_child=1 2 -4 4 5 -7 9 -9 -10 -11 11 -13 -14 -15 15 16 -18 18 19 20 23 22 26 25 -26 -27 -28 -29 29 -31
leaf_value=-0.018113527273223889 -6.454407341812947e-05 -0.00010778762123694824 0.001048430738370308 -0.021476510543428064 0.029904231300522673 -0.0066400995529953362 0.046420452806792314 -0.0087598982484262209 0.042682076855615911 -0.0057897218306518505 0.013890507415920792 0.038569189932297104 0.00027695309656177271 -0.009605351881844533 -0.010198592202739309 0.10756890077803462 0.0018899824414814917 -0.014978110130936481 -0.022185627121616206 -0.0061549390570174722 -0.015249681025029478 0.0014240807423388498 0.013026443560677069 0.025128714433155251 0.063766912434970763 -0.0067316238925004841 0.01430923436177655 -0.0039441838754494269 0.022390449610010181 0.075150558325399769
leaf_weight=8.7999270881464309 1219.4569406148221 42.514367324023624 554.48966763931094 2.3275108843517947 8.062296547854201 38.411216937704012 9.24779321963433 264.58963276824215 3.117239892948418 2.3379776257206677 15.637870789090817 7.0659390911459914 62.907585933397058 5.6528616141149532 1.8865501278778536 2.2169191560678878 0.84163378464290861 9.0255370348022534 15.27923249694504 42.488233747215418 0.89357533524162391 26.338684296370047 5.5637186206913674 11.551993837696504 4.5517247888274142 12.077499545324823 28.292390866328788 3.9583461797155897 4.3888069746899401 7.4544629951706156
leaf_count=72689 150559 2503 7305 341 347 1918 310 15878 30 56 2013 33 6843 787 275 219 69 1977 10998 2843 70 3183 1523 213 329 672 4436 102 645 276
internal_value=0.000179362 0.000253561 -0.00127295 -0.0047396 0.00642198 0.000196038 0.0258104 -0.00692593 0.00366794 0.0362617 0.00120312 0.00839512 0.00560204 0.0178914 0.0255382 0.0538397 0.0861196 0.000700125 0.00609479 -0.000868714 0.00392562 0.0131348 0.0166247 0.0183716 0.050446 0.00923213 0.0245 0.0367515 0.0457173 0.0588647
internal_weight=2421.43 2412.63 925.098 370.608 60.3868 46.4735 13.9133 310.221 45.6316 11.5858 1487.53 96.2094 89.1434 26.2358 20.583 4.9451 3.05855 1391.32 171.864 86.8423 71.563 85.0219 75.9964 29.0748 5.4453 23.6295 49.6577 21.3653 17.407 11.8433
internal_count=289442 216753 28688 21383 2972 2265 707 18411 2533 366 188065 10239 10206 3363 2576 563 288 177826 27267 15125 4127 12142 10165 1284 399 885 6982 2546 2444 921
is_linear=0
shrinkage=0.03


Tree=247
num_leaves=31
num_cat=0
split_feature=27 6 25 6 28 29 31 34 1 29 28 11 27 11 18 6 27 15 19 18 19 8 22 24 15 28 8 15 25 17
split_gain=4.12974 7.83321 7.7488 7.57655 13.3748 10.8882 19.0192 19.4625 10.6602 9.61032 12.5431 10.432 9.67955 8.66067 8.21359 7.52338 7.47414 7.38501 7.28094 7.20988 6.98035 6.94829 6.65048 6.62359 8.21745 8.02188 6.59431 7.0843 6.50679 6.47258
threshold=0.34426523745059973 0.23386758565902713 0.32821872830390936 3.6882236003875737 -0.98214942216873158 -0.12545862048864362 390.69824218750006 0.76959505677223217 6.8325910568237314 -0.99864786863327015 0.51297098398208629 5.5423688888549814 0.084187224507331862 12.453388690948488 4.6794433593750009 23.045776367187504 0.061669828370213516 0.63289242982864391 -1.4520292878150938 6.8469085693359384 -0.22467019408941266 1.4240731596946719 -1.1579928398132322 0.75273463129997265 0.39197131991386419 -0.28519254922866816 0.23600448668003085 0.81889548897743236 0.17235015332698825 0.54326373338699352
decision_type=2 8 2 10 2 2 2 2 2 2 2 2 2 2 8 10 2 10 10 10 10 2 8 10 10 2 2 8 2 10
left_child=1 23 3 4 5 8 16 17 19 29 13 12 -12 14 20 18 -7 -8 -5 -3 -11 -22 -14 -1 -25 -26 -24 -28 -17 -6
right_child=-2 2 -4 15 9 6 7 -9 -10 10 11 -13 22 -15 -16 28 -18 -19 -20 -21 21 -23 26 24 25 -27 27 -29 -30 -31
leaf_value=-0.021068484277911321 -0.00055684844354052601 -0.010939114548580499 -0.014359921296226126 -0.029680307470260538 -0.015499641723615608 0.034582829231030641 0.10501736737048528 0.013848128591119802 0.12616602958245288 -0.0062036610059873348 -0.021284338419059089 -0.005648754714823713 -0.017775240405841483 0.017181487626611553 -0.020535077627502295 -0.001540124788325399 -0.019401453996286091 -0.0089077422191640929 -0.00073416144199089364 0.054620123517347553 -0.012394713906583676 0.047354427009170037 -0.0050002432473039661 -0.012298496544354921 0.068378444870922331 -0.015630555446345576 0.051999627482023768 -0.0079532749012991132 0.027544324831387267 0.054484192618947429
leaf_weight=19.443525246102585 2121.1330350225617 1.957511695043652 17.081990419828799 7.5624303148215395 1.0377945287036698 1.9530715686414648 3.1987067777372427 8.2972362945583864 0.89865108649246384 20.299433440319266 2.4336556605776449 11.253653900297648 1.4195913554576689 12.81627806893084 27.693852916836477 12.462826382776258 10.090873939087031 0.41444163761480002 90.961141945728741 3.0306569524982478 2.1448050512590262 4.0882318827352719 2.4024175698868993 5.5780404047545726 1.9876592716755115 1.0790335566089195 15.559285796232862 1.7124658616376205 14.296141360420732 4.5067343467962928
leaf_count=108987 95964 173 1959 600 248 405 491 938 31 6149 10709 2170 1078 683 18812 151 1612 103 6591 138 1391 476 2676 12708 1479 4973 5728 1521 146 206
internal_value=-8.52937e-05 0.00315704 0.00468425 0.00597337 0.0108169 0.0282538 0.0177938 0.0431503 0.062053 0.00575461 0.00345418 0.0178078 0.0288004 -0.0041446 -0.00940482 0.000625087 -0.00866713 0.0928515 -0.0032319 0.0313622 0.00253653 0.0279235 0.0352806 -0.0116823 0.00942432 0.0422444 0.0397835 0.0459454 0.0144309 0.0410182
internal_weight=2428.8 307.662 279.574 262.492 137.209 29.8411 23.9543 11.9104 5.88682 107.368 101.824 34.7811 23.5274 67.0426 54.2263 125.283 12.0439 3.61315 98.5236 4.98817 26.5325 6.23304 21.0938 28.0883 8.64473 3.06669 19.6742 17.2718 26.759 5.54453
internal_count=289296 193332 65185 63226 55738 3891 3549 1532 342 51847 51393 23882 21712 27511 26828 7488 2017 594 7191 311 8016 1867 11003 128147 19160 6452 9925 7249 297 454
is_linear=0
shrinkage=0.03


Tree=248
num_leaves=31
num_cat=0
split_feature=18 15 24 31 12 15 14 28 31 31 31 12 0 5 25 31 28 17 5 14 3 28 1 12 28 28 28 5 28 20
split_gain=3.81853 3.518 15.9536 9.47339 8.64827 14.8405 10.0343 13.6641 9.5568 8.32875 14.5172 11.4524 8.03061 6.38567 6.26851 11.6561 8.34496 6.075 10.6081 12.3843 14.3082 6.01637 13.1008 10.4384 7.30922 6.48038 10.2812 8.84498 6.12663 5.72391
threshold=14.970840454101564 -0.92890295386314381 0.065523266792297377 116.6488609313965 22.299015045166019 -1.8199686408042905 -2.1116474866867061 -0.59869033098220814 240.34812164306643 370.20425415039068 471.14257812500006 -2.2151319980621333 7.5000000000000009 14.881246566772463 0.17876657843589785 260.51104736328131 -0.92923668026924122 0.48208600282669073 -1.5666667222976682 -1.5176128745079038 1.0890932083129885 0.056951373815536506 26.97043609619141 -2.5209399461746211 0.30983042716979986 -0.39036798477172846 -0.79384350776672352 5.5856778621673593 -0.18492533266544339 0.46601943671703344
decision_type=8 10 10 2 2 10 10 2 2 2 2 2 2 8 2 2 2 10 8 10 2 2 2 2 2 2 2 8 2 10
left_child=1 2 9 21 5 -5 7 12 -8 13 11 -11 -7 -1 15 -10 17 -16 -19 -20 -21 23 24 -4 -23 26 -25 -28 -27 -17
right_child=-2 -3 3 4 -6 6 8 -9 14 10 -12 -13 -14 -15 16 29 -18 18 19 20 -22 22 -24 25 -26 28 27 -29 -30 -31
leaf_value=0.00046426046020245018 -0.024820880604784962 -0.0006553705711223397 -0.011211186420999438 -0.020156978813152822 0.0088447987043222126 0.063152066301111545 -0.016043456084235685 -0.019983565106619604 0.030910770660119633 -0.011457927122571295 -0.0027278992997372339 0.12933929191964877 -0.0014507409879860377 0.045946290926762723 -0.0087604707337524765 -0.016408229010438393 0.00072010632292811446 -0.0047260512900832779 -0.012023314364696473 0.066620015107720143 -0.0024470972964152067 0.061259315281334548 -0.02612250510773631 -0.0021948773698619241 -0.0066360524371530177 -0.013661195776190058 0.073988357738139596 0.016359222619911826 0.021748451369210997 0.0021830159325003356
leaf_weight=8.2149782860469696 4.6385362956207237 1963.9468230037928 16.570010184710554 37.40094062695789 70.969916142523289 5.5770191188057652 34.138561802250479 3.4078118215184059 5.8467618097820369 0.45912676861189572 1.7266483447565404 1.6055948022949444 2.2907792610494653 3.2140341634913048 5.602517824299869 43.93491784300204 127.56048691190881 7.5149940197006799 3.2835485337127546 9.771146804996528 3.5101534974528485 6.4082022779293748 2.0442692190408707 5.586986832022375 1.5412747452610345 8.2005316879803996 4.6833717891022371 5.4237792075655307 7.4581015157236861 21.981645686366392
leaf_count=5948 26489 221738 958 5241 351 230 4519 476 745 60 1554 1156 94 672 722 5110 6828 338 298 641 99 348 12 486 835 305 178 76 172 2927
internal_value=-0.000161546 -0.000104044 0.00226708 0.00118889 -0.000533371 -0.00268927 -0.000244047 0.0262712 -0.00147537 0.0314879 0.0652943 0.104508 0.0462999 0.0159222 0.000756649 -0.00653481 0.00410463 0.0181522 0.0245134 0.0372924 0.0494729 0.0123878 0.0325124 0.00761227 0.0488249 0.0175995 0.0306176 0.0473201 0.00349731 -0.0102685
internal_weight=2424.51 2419.87 455.928 440.708 382.791 311.821 274.42 11.2756 263.145 15.2204 3.79137 2.06472 7.8678 11.429 229.006 71.7633 157.243 29.6824 24.0798 16.5648 13.2813 57.9165 9.99375 47.9228 7.94948 31.3528 15.6941 10.1072 15.6586 65.9166
internal_count=289606 263117 41379 31989 28619 28268 23027 800 22227 9390 2770 1216 324 6620 17708 8782 8926 2098 1376 1038 740 3370 1195 2175 1183 1217 740 254 477 8037
is_linear=0
shrinkage=0.03


Tree=249
num_leaves=31
num_cat=0
split_feature=1 28 3 27 22 0 13 19 27 1 24 12 3 8 0 25 5 1 31 14 17 31 24 28 3 20 28 29 13 24
split_gain=4.5695 8.98608 10.1613 12.5495 10.0281 7.91028 4.9574 8.87629 8.88913 7.33939 14.2772 6.5947 5.07512 5.5912 5.07096 6.5251 6.22855 6.15002 5.30532 5.01681 4.78309 7.50951 6.04189 4.76176 9.5397 4.72338 4.61018 6.93946 4.60004 7.14601
threshold=47.646572113037116 0.22700754553079608 1.1343008279800417 0.89068099856376659 -0.16394509375095365 4.5000000000000009 1.4494718909263613 0.081977672874927535 0.7103942632675172 10.098626136779787 0.36901713907718664 -4.8113374710082999 -1.3391843438148496 0.20549450814723971 3.5000000000000004 0.32513566315174108 -0.058333331719040864 3.1691458225250249 54.987888336181648 1.8239918351173403 0.23801729083061221 471.14257812500006 0.049256432801485069 0.27694219350814825 0.19221074134111407 -0.9706650674343108 0.48314048349857336 0.63089349865913402 1.1101266741752627 0.26300869882106787
decision_type=2 2 2 2 10 2 8 10 2 2 10 2 2 2 2 2 8 2 2 10 10 2 10 2 2 10 2 2 8 10
left_child=6 2 4 5 -2 25 12 -8 -9 10 -10 -12 14 -14 18 16 28 20 -1 23 21 22 -18 -11 -25 -4 27 -22 29 -16
right_child=1 -3 3 -5 -6 -7 7 8 9 19 11 -13 13 -15 15 -17 17 -19 -20 -21 26 -23 -24 24 -26 -27 -28 -29 -30 -31
leaf_value=0.031454957135446715 0.005341335633420638 0.021861741427536781 -0.0181218233164178 0.033896633062851345 -0.022960024500852903 0.014649643760217827 -0.015770511639771549 -0.014628344574922172 -0.0049255519605373747 -0.022910164598016411 -0.0013433201875606409 0.082268403780133545 -0.011738773524722006 1.3838965321114146e-05 -0.024726661078718373 -0.012126102958103947 -0.010534089952169406 -0.01249871373672351 -0.025797344947099617 0.016473492200492816 -0.018670969628569907 -0.013905642529968306 0.078390665928443695 -0.021552624699256506 0.038480072310283761 0.002232832876786594 0.058574901017003064 0.03531485104233336 0.042872389686223353 0.010742758389449283
leaf_weight=0.94905924815975495 20.744106575846672 23.268796220421791 15.373132437467573 13.058470420539377 22.886569172143936 28.983944963663816 48.977207104477202 18.856991742863102 4.6862689475528878 8.4337691578548455 1.0189927348401395 3.287974426697474 36.08407760490627 2070.5692297821115 5.346381938361449 8.3703680563485232 0.53618504975747594 2.1051924561616024 5.8115460359258577 11.532095736591144 3.9163248762633884 0.82760898896958668 4.464442411728669 3.9846628243103615 3.6248576305806637 26.983017176389694 0.99505016380862787 2.8288438052259153 2.0479121856042175 25.620286467878032
leaf_count=364 86 128 65 73 96 218 10425 8989 423 230 42 146 119538 134798 1084 1802 692 89 4151 204 1165 548 1078 60 45 122 338 279 247 2036
internal_value=8.95463e-05 0.00512038 0.00193185 0.00798092 -0.00968602 0.00283418 -0.000247149 -0.00660083 0.00163791 0.0101919 0.0322263 0.065961 6.13715e-05 -0.000192941 0.00832963 0.0112702 0.0154555 0.0304814 -0.0147427 0.00212947 0.0375501 0.056642 0.0686893 -0.00854277 0.00819236 -0.00540245 0.0183385 0.0056064 0.0076356 0.00403703
internal_weight=2426.17 151.298 128.029 84.3986 43.6307 71.3401 2274.88 104.403 55.4256 36.5686 8.99324 4.30697 2170.47 2106.65 63.8192 57.0586 48.6882 15.6736 6.76061 27.5754 13.5685 5.82824 5.00063 16.0433 7.60952 42.3561 7.74022 6.74517 33.0146 30.9667
internal_count=289561 788 660 478 182 405 288773 20564 10139 1150 611 188 268209 254336 13873 9358 7556 4189 4515 539 4100 2318 1770 335 105 187 1782 1444 3367 3120
is_linear=0
shrinkage=0.03


Tree=250
num_leaves=31
num_cat=0
split_feature=11 29 28 1 30 24 8 8 22 20 34 34 20 6 19 11 8 28 28 1 1 19 18 31 31 28 34 33 12 17
split_gain=3.95373 4.61782 16.1812 13.1875 8.25692 6.97988 7.05468 8.63999 7.23589 6.80613 7.39797 6.93004 6.02767 5.68918 6.48933 5.39095 4.85483 4.82901 18.4406 14.2744 9.46511 10.2433 10.9704 10.6045 9.49374 9.58107 22.7294 27.6089 17.7611 28.4511
threshold=0.068596407771110549 0.48877522349357611 0.86548283696174633 28.445338249206547 1.5000000000000002 0.83461779356002819 4.3094825744628915 6.3466393947601327 0.32403694093227392 0.62214824557304393 1.6551074981689455 0.37367391586303716 1.2931641936302187 14.002238750457765 0.40326756238937383 0.42385190725326544 0.0015954897389747205 -0.67803022265434254 -0.72696319222450245 25.785140991210941 39.90080642700196 1.3877798318862917 6.1053314208984384 390.69824218750006 238.3560485839844 -0.78326541185379017 1.0826733112335207 1.9557842612266543 2.6170660257339482 -0.14274050295352933
decision_type=2 2 2 2 2 10 2 2 8 10 2 2 8 10 10 2 2 2 2 2 2 10 10 2 2 2 2 2 2 10
left_child=-1 15 5 4 12 6 -3 8 9 10 11 -8 -4 -9 -15 -2 -7 18 20 -20 21 22 24 -24 -17 -26 27 28 -27 -30
right_child=1 2 3 -5 -6 16 7 13 -10 -11 -12 -13 -14 14 -16 17 -18 -19 19 -21 -22 -23 23 -25 25 26 -28 -29 29 -31
leaf_value=-0.018764629246153221 -0.023263031586340629 -0.013854193932846218 0.11068452441638292 -0.021775505871054385 -0.011418230200642872 0.062142657192310921 -0.0096779315852783838 0.0085397365721511416 -0.011825258312142447 -0.0078558421830446801 -0.0043347004701760929 0.095772683454797281 0.012654026139581826 -0.030580011501310459 0.010967403671832738 -0.0091605191637620237 0.011495937907694532 0.0011997053655183436 -0.030200457497309686 0.009127762213134669 -0.012465338987063255 -0.015212937182596654 0.002853422559369516 0.039898233065113649 0.00074844334217614289 0.029633053020884845 -0.0065729224416488574 -0.014614106730858174 0.0050533614256821216 0.14071339215802312
leaf_weight=8.5913686436961125 7.7419769347397951 26.083555568442534 2.3479813235426259 1.157656919211149 0.60536791558479297 0.88053644269893894 0.45859213234507423 21.065914945764234 2.0031673874909757 1.2769911141222108 1.0202154522557974 2.7005021524673793 1.0216596367681634 8.3071858265902829 4.6624692998593664 73.692060805100482 33.475050941047812 1652.1449674981013 32.521266864743666 10.521160211414097 53.052335262298584 33.1903012159637 15.378311064461743 11.954206513975803 364.3628462365632 13.620293684623908 23.785639485460706 7.3632101684343061 2.2106020516948774 3.1436184495687476
leaf_count=72758 22843 35934 181 8 315 1508 127 1106 248 180 233 223 98 113 77 8973 6500 95820 3134 79 276 4000 4435 2173 25987 1126 770 300 92 124
internal_value=0.000459212 0.000535442 0.00659647 0.0539467 0.0759439 0.00371133 -0.00191258 0.00574323 0.0328783 0.0485799 0.0640112 0.0818185 0.09066 -0.000972559 -0.0159282 0.00025113 0.0145149 0.000340475 -0.00185956 -0.0205982 -0.000487264 0.000691431 0.00174288 0.0198918 0.000688157 0.002457 0.0146195 0.0332987 0.0516924 0.0943132
internal_weight=2420.34 2411.75 107.067 5.13267 3.97501 101.934 67.5786 41.495 7.45947 5.4563 4.17931 3.15909 3.36964 34.0356 12.9697 2304.68 34.3556 2296.94 644.796 43.0424 601.753 548.701 515.511 27.3325 488.178 414.486 50.1234 26.3377 18.9745 5.35422
internal_count=289741 216983 46851 602 594 46249 38241 2307 1011 763 583 350 279 1296 190 170132 8008 147289 51469 3213 48256 47980 43980 6608 37372 28399 2412 1642 1342 216
is_linear=0
shrinkage=0.03


Tree=251
num_leaves=31
num_cat=0
split_feature=24 19 11 4 21 0 24 16 15 17 19 15 22 16 29 34 30 18 24 11 3 24 34 27 29 29 18 4 19 27
split_gain=3.9146 5.2156 7.13058 8.6487 4.47267 4.46534 5.30316 4.61751 4.19624 4.14548 12.3573 16.4592 9.00168 7.29224 7.25593 6.42139 8.91431 6.26395 6.54702 6.19076 6.35996 10.9832 9.08641 6.82863 18.0835 13.1362 14.0388 9.79432 6.60557 9.87445
threshold=1.6033810377120974 -1.4520292878150938 11.618136405944826 29.089617729187015 1.9321665763854983 6.5000000000000009 1.9190385937690737 0.52515161037445079 -1.0227897763252256 0.94071781635284435 0.18776108324527743 0.56958705186843883 0.37808011472225195 -0.36329956352710718 -0.15950992703437802 0.015644585713744167 1.5000000000000002 4.1037445068359384 0.33360362052917486 2.3604370355606084 0.73512393236160289 0.3752900511026383 0.34574352204799658 0.37706093490123754 -0.73865258693695057 -0.78324955701827992 2.1415252685546879 16.501370429992679 0.010095224715769293 0.93440860509872448
decision_type=8 10 2 2 10 2 10 10 10 10 10 10 10 8 2 2 2 10 10 2 2 10 2 2 2 2 10 2 8 2
left_child=9 4 3 5 -2 -3 7 -7 -8 -1 15 13 14 -12 -13 16 -11 -18 -19 -17 21 22 -21 -23 25 -25 -27 -26 29 -24
right_child=1 2 -4 -5 -6 6 8 -9 -10 10 11 12 -14 -15 -16 19 17 18 -20 20 -22 23 28 24 27 26 -28 -29 -30 -31
leaf_value=-0.00046610427522582911 -0.017314411941761136 -0.014393759580795322 -0.015412593997692594 0.054671463045680165 0.010470821396731483 -0.012431957606111814 -0.011746866326969918 0.045579705213471947 0.058546409533349442 -0.019150046217423469 -0.001263784072079666 0.035388221678371294 -0.016055038812962153 -0.017647866100809741 -0.024461026731909502 -0.014774442778097335 -0.0061609736831074293 -0.00245209494874424 0.081913182449838182 -0.0057917348204378251 3.1467969294078407e-05 0.020780070552888077 0.055437961883341741 0.0064202146864365262 -0.019873748216693993 -0.0056427075777431678 0.064488842317609318 0.013550129621355586 0.0052313994277939533 -0.01460894642326283
leaf_weight=1837.7628033753717 36.329243172753195 6.1872234256261498 10.819331946186137 2.8216557875275603 5.3778820585212079 5.2362174925729033 0.61835059409713755 0.5402330747747327 2.2296978292251879 1.7445517716569146 41.997501046924299 14.065367909846827 4.5748974955859003 58.065220690270507 1.3640367808948219 13.517397615865773 1.2439252528020004 0.97568140516159507 2.9462873221018526 5.6478524426711401 137.3619465137599 23.839315732671821 12.109259361299335 146.14227830956224 34.922005804313812 3.7180028192233276 6.3504048936883919 9.3437608610838634 4.930754832574169 1.6784084807150055
leaf_count=233018 7748 3175 284 16 290 1044 321 179 706 9268 1981 433 401 2560 176 6995 785 1832 2538 774 3939 2791 427 4333 2840 79 202 134 143 12
internal_value=-2.01638e-06 -0.00693485 0.00292229 0.0143955 -0.0135704 0.00375041 0.0169101 -0.00108095 0.0441982 0.000206558 0.00255076 -0.00587204 0.0183679 -0.0108518 0.0289304 0.00504707 0.0318598 0.0493981 0.0646913 0.00450496 0.00521646 0.00806884 0.026813 0.00592279 0.0040617 0.00885488 0.0404211 -0.012675 0.0364455 0.0464997
internal_weight=2434.46 70.1598 28.4527 17.6334 41.7071 14.8117 8.6245 5.77645 2.84805 2364.3 526.539 120.067 20.0043 100.063 15.4294 406.472 6.91045 5.16589 3.92197 399.561 386.044 248.682 24.3663 224.316 200.476 156.211 10.0684 44.2658 18.7184 13.7877
internal_count=289424 13763 5725 5441 8038 5425 2250 1223 1027 275661 42643 5551 1010 4541 609 37092 14423 5155 4370 22669 15674 11735 1356 10379 7588 4614 281 2974 582 439
is_linear=0
shrinkage=0.03


Tree=252
num_leaves=31
num_cat=0
split_feature=21 24 6 27 28 28 28 27 18 11 29 28 1 23 28 29 34 34 21 12 23 28 28 18 6 20 11 23 27 14
split_gain=5.6579 4.64194 7.19388 7.35237 8.98685 8.1076 7.11845 11.7315 12.5122 11.491 12.2014 8.74782 8.34083 8.76727 7.28712 7.07465 10.8277 6.68746 9.80903 6.63275 8.90023 6.27366 11.9816 7.80581 6.67997 7.19021 6.17878 6.70894 5.99905 9.57242
threshold=-2.7952520847320552 0.70549258589744579 0.039039777591824538 0.1474910452961922 -0.99054482579231251 -0.99630266427993763 -0.013976118760183452 0.92903226613998424 3.0806121826171879 8.3011608123779315 -0.85225707292556752 0.022575936280190948 47.646572113037116 -1.0131149888038633 0.67802080512046825 -0.73865258693695057 0.41137257218360906 5.039884328842164 -0.59246307611465443 -0.83170625567436207 -0.50229331851005543 0.94138324260711681 0.91248813271522533 3.8845062255859379 7.6117815971374521 0.11566593125462533 8.6928663253784197 -1.5123376250267027 0.38243727385997778 0.047683985903859145
decision_type=10 10 8 2 2 2 2 2 10 2 2 2 2 10 2 2 2 2 10 2 8 2 2 8 10 10 2 10 2 10
left_child=-1 2 -2 4 5 -4 -5 8 9 10 17 -11 13 26 -12 -6 -17 18 -8 20 -9 22 -3 24 25 -24 -10 -28 29 -15
right_child=1 21 3 6 15 -7 7 19 12 11 14 -13 -14 28 -16 16 -18 -19 -20 -21 -22 -23 23 -25 -26 -27 27 -29 -30 -31
leaf_value=-0.024110368330304079 -0.022204948323748881 0.0015415564969682388 -0.018224558613991255 -0.0028249441089144732 0.032236922709668721 0.048347302471541238 0.0019061180385527791 0.063491674559984043 -0.0035749135846141842 0.040145886786816999 -0.024583486105198463 0.0030809951227799086 0.021483304050869147 0.01822101019324876 0.020574297867723169 -0.019866468873649522 0.013160992738757985 0.0067164074864999278 0.069975404220845486 -0.012177905122613941 -0.018918948835460213 -0.014642639545925989 0.081899724904749047 -0.014864392291796029 0.0028883171370168064 -0.0047687806808226381 -0.0046571138451339386 0.026049293371808186 -0.006952239424932314 -0.0090566340421201
leaf_weight=7.7968556258037998 13.442115525269399 995.7595356797774 1.4948190443428755 908.54934159432014 5.684641792166075 7.2516732252188358 2.4198224169667801 1.5343364404980091 18.40055013843812 5.3161459402181199 3.6778599776152978 64.482190736103803 14.996489681303499 23.822264538583113 9.5368178113421873 15.004886368620644 19.230044175550574 3.3079992070561266 9.0786219811416249 60.305645512649789 1.5449065673165017 20.174084820608186 3.5819032942490567 1.7283137995618751 2.1716949969995767 0.93077881255885575 8.3471296870266105 23.135230797866825 140.41155416419497 20.84483549635479
leaf_count=1377 91434 63455 652 51497 1853 546 51 63 3258 70 269 923 88 5968 519 33058 5933 41 231 817 92 6511 242 1390 31 67 218 497 10824 6590
internal_value=-9.48163e-05 -7.01336e-06 -0.00114119 -0.000918204 0.0104147 0.0362673 -0.00134369 0.00192837 0.00409606 0.0131332 0.0290305 0.00643119 0.000521188 -0.000902101 0.00716087 0.00400247 -0.00146767 0.0468612 0.056949 -0.00984411 0.0276429 0.00152258 0.00186159 0.0355536 0.0488276 0.0664013 0.0101374 0.0180152 -0.00391598 0.00557176
internal_weight=2413.96 2406.17 1381.82 1368.38 48.6661 8.74649 1319.71 411.162 347.778 97.8195 28.0211 69.7983 249.958 234.962 13.2147 39.9196 34.2349 14.8064 11.4984 63.3849 3.07924 1024.35 1004.17 8.41269 6.68438 4.51268 49.8829 31.4824 185.079 44.6671
internal_count=288565 287188 215492 124058 42042 1198 82016 30519 29547 2104 1111 993 27443 27355 788 40844 38991 323 282 972 155 71696 65185 1730 340 309 3973 715 23382 12558
is_linear=0
shrinkage=0.03


Tree=253
num_leaves=31
num_cat=0
split_feature=6 27 17 3 31 31 3 5 14 29 29 27 27 20 20 27 34 0 8 18 29 3 29 8 18 29 29 24 8 29
split_gain=4.25037 4.28384 8.455 8.43628 10.4622 12.1951 8.15288 13.6693 8.36209 8.12534 10.5176 20.4433 52.2005 31.0953 17.5026 19.6417 9.45449 10.0497 8.99392 9.10371 12.8748 10.3529 9.04498 8.21742 8.10859 11.3665 11.1414 8.03471 7.93017 7.75383
threshold=0.0048611110541969546 0.34426523745059973 -0.6824088692665099 1.7961651086807253 524.19323730468761 408.92024230957037 1.4404339194297793 23.231354713439945 -1.5529859066009519 -0.074115883558988557 -0.13398942351341245 0.64498206973075878 0.59569892287254345 0.27279753983020788 -0.75170448422431935 0.47222222387790685 2.089918971061707 6.5000000000000009 0.14436823874711993 2.6732330322265629 0.34840355813503271 1.5261604189872744 0.36447542905807501 4.3094825744628915 8.0742034912109393 0.48877522349357611 0.50370931625366222 0.10113285109400751 4.7308192253112802 0.097680736333131804
decision_type=8 2 10 2 2 2 2 8 10 2 2 2 2 8 10 2 2 2 2 10 2 2 2 2 10 2 2 10 2 2
left_child=-1 2 -2 9 5 -5 8 -8 -4 10 -3 12 14 -14 15 -12 -13 23 -11 20 21 -20 -22 -18 27 28 -27 29 -26 -10
right_child=1 3 6 4 -6 -7 7 -9 24 18 11 16 13 -15 -16 -17 17 -19 19 -21 22 -23 -24 -25 25 26 -28 -29 -30 -31
leaf_value=-0.020111408465851823 -0.0085322252078905494 4.0723986572655184e-05 -0.014301541946610102 0.013136887088048353 0.035122908440738877 -0.020995093702846742 -0.010956315427382502 0.014263854660340209 0.05566304759572422 0.044949078966597188 0.11457994418566531 -0.015302656712781144 0.20618543921992905 0.00015246912950829265 -0.024686739583720113 -0.012629403650551391 0.087272702896142557 -0.0029614130725223579 -0.015726525349122243 -0.017676316388864865 0.08188436675241724 0.035663068150440444 0.01305635936680085 0.0092181208917154686 -0.021999958655456064 0.0929757372667631 -0.015652150155216375 0.010862239506238804 0.025129615398553254 0.015132563398395362
leaf_weight=7.8398125593121213 40.742814915356576 1931.5522014105518 11.570420963093055 36.685359878465533 12.012014971580355 11.594327490776775 52.467015436996007 29.317035088926787 6.6630891199201896 1.7808606841863355 1.2680464128497964 13.6925069114659 1.4103243649005879 0.90952321665827218 5.1936545344069609 1.7666173317411447 1.7778960202122087 7.0554114286787808 25.431775100747476 55.66311031881196 1.3423567826393981 3.1122179748490444 8.5613645679550228 2.6327472385019064 16.302814647586281 0.93318053861366879 1.0789559001495943 131.21938665470225 3.0676009130984303 12.05387666658862
leaf_count=86438 24911 83157 6213 232 74 62 2957 462 1257 832 91 771 135 67 771 194 54 106 2136 5874 41 30 571 71 21411 193 6368 35366 364 8715
internal_value=0.000654665 0.000729942 0.00404595 0.000251319 0.0112196 0.00468041 0.00600701 -0.00185258 0.00951261 -7.44887e-05 0.000343059 0.0162512 0.0492975 0.149785 0.00780541 0.0557499 0.00104103 0.0202202 -0.00855579 -0.0100302 0.001207 -0.00910593 0.0290395 0.0509961 0.0111946 -0.00586373 0.0488686 0.01365 -0.013669 0.0316524
internal_weight=2436.7 2428.86 305.416 2123.44 60.2917 48.2797 264.673 81.7841 182.889 2063.15 1967.26 35.7067 10.5482 2.31985 8.22832 3.03466 25.1586 11.4661 95.8917 94.1108 38.4477 28.544 9.90372 4.41064 171.319 21.3826 2.01214 149.936 19.3704 18.717
internal_count=289924 203486 108217 95269 368 294 83306 3419 79887 94901 85417 2260 1258 202 1056 285 1002 231 9484 8652 2778 2166 612 125 73674 28336 6561 45338 21775 9972
is_linear=0
shrinkage=0.03


Tree=254
num_leaves=31
num_cat=0
split_feature=1 34 24 20 27 29 27 1 17 31 28 21 15 31 20 21 11 13 11 18 34 29 29 31 29 28 29 11 29 17
split_gain=3.80827 6.1162 4.78337 5.0038 3.33712 8.51202 11.0143 8.79828 6.51432 5.86966 6.64183 5.21276 7.15976 5.16243 4.75869 5.07278 13.7141 8.1854 5.45431 5.04792 4.74885 14.8487 14.0718 14.9438 9.77628 16.4511 13.6509 24.7178 13.1817 15.6161
threshold=0.072008404880762114 0.0057708427775651225 0.30044716596603399 1.1039167046546938 0.1474910452961922 -0.85225707292556752 0.13655914366245273 24.737689018249515 0.65755513310432445 308.68588256835943 -0.99467751383781422 -0.33009801805019373 -1.0227897763252256 3477.741088867188 -0.58017906546592701 -0.45636121928691858 1.1934921741485598 0.31848162412643438 3.7753593921661381 1.5151519775390627 2.5997183322906499 -0.99983122944831837 -0.99761277437210072 771.62255859375011 -0.80417042970657338 -0.41398024559020991 -0.75013810396194447 13.625600814819338 -0.53495380282402027 0.17020932585000995
decision_type=2 2 10 8 2 2 2 2 8 2 2 10 10 2 8 10 2 10 2 10 2 2 2 2 2 2 2 2 2 10
left_child=2 -2 -1 -4 5 -3 7 8 9 10 -7 12 -8 20 19 16 17 -16 -17 -11 -6 -22 -23 -24 25 -25 27 -26 29 -28
right_child=1 4 3 -5 13 6 11 -9 -10 14 -12 -13 -14 -15 15 18 -18 -19 -20 -21 21 22 23 24 26 -27 28 -29 -30 -31
leaf_value=-0.022480604300757472 0.050388437503703615 0.061721418804472412 -0.0064094222701320726 0.035934615216284126 -0.00044496378313495255 0.03296417615189897 -0.011874149699601105 0.019870851509886822 -0.027614505353784648 0.046528002169890365 -0.024659503000470279 -0.0082698101962499996 0.059542964240902906 -0.02354972134760748 0.12414145853527847 -0.021811550871936054 -0.0084861576902551146 -0.0083316959775133377 0.02962876961142135 -0.023837748499919438 0.041795842961168658 -0.022746246184977569 0.023654282348980562 -0.028900955010354772 -0.026355797483098183 -8.7207424578742966e-05 0.006746676951604141 0.044446377909539432 0.0081433212272149606 -0.027913178477520714
leaf_weight=13.903424849262594 1.1939836089986773 1.4985305820373458 12.436492020902731 2.0911243533901134 1921.1409350373215 1.2779153487645079 1.2189219984429653 12.079916545888407 10.372635476600399 0.17520281550241668 9.3411258923843068 1.6738493439333959 5.1489356415404473 7.2756726615043581 0.93956663792777673 2.6227336005176811 1.7310480747073596 0.38385411633134936 2.8422299114608904 3.7212594646916841 7.7319283156539305 18.339064792206045 29.466698870062828 19.338861988857388 5.1253499267622855 144.8308972420491 23.036738816852449 17.23913309071213 131.78442063985858 22.135471637739101
leaf_count=95741 347 368 27151 4390 109961 248 79 99 10343 31 10049 844 757 4432 1104 5398 1139 1083 494 4773 108 311 155 626 329 2602 848 135 4600 607
internal_value=0.000190404 0.000321605 -0.0105358 0.00160734 0.000275768 0.00751153 0.00488988 -0.0010976 -0.00903678 0.000129645 -0.0154847 0.0351334 0.0461163 0.000103024 0.013643 0.0253059 0.0508266 0.0986695 0.00538644 -0.0118176 0.000186589 0.00307627 0.00224877 0.00347005 0.00177339 -0.00363584 0.00622458 0.0277868 0.00335863 -0.0104742
internal_weight=2432.1 2403.67 28.431 14.5276 2402.47 55.0277 53.5292 45.4875 33.4076 23.0349 10.619 8.04171 6.36786 2347.45 12.4159 8.51943 3.05447 1.32342 5.46496 3.89646 2340.17 419.029 411.297 392.958 363.491 164.17 199.321 22.3645 176.957 45.1722
internal_count=289152 161870 127282 31541 161523 36809 36441 34761 34662 24319 10297 1680 836 124714 14022 9218 3326 2187 5892 4804 120282 10321 10213 9902 9747 3228 6519 464 6055 1455
is_linear=0
shrinkage=0.03


Tree=255
num_leaves=31
num_cat=0
split_feature=31 34 3 25 22 21 4 28 6 8 6 3 16 23 11 28 14 19 3 3 15 3 6 23 12 24 12 21 1 25
split_gain=4.52012 7.62218 7.83423 13.66 7.68224 11.8813 7.55923 6.23579 7.27318 5.64467 10.5952 7.87156 6.44804 6.39037 6.52675 6.52499 16.7168 10.78 7.49659 10.0556 8.69654 7.81312 5.91434 6.28023 8.12856 5.90494 5.49528 5.39365 9.06874 8.6616
threshold=69.397317886352553 0.18926093727350238 -0.7895296812057494 0.18199714273214343 0.4230069518089295 -0.3086289763450622 -2.1828078031539913 0.039769539609551437 0.45000003278255468 5.6656913757324228 16.084734916687015 0.2360622510313988 0.078549850732088103 0.87416487932205211 6.5451679229736337 0.19337368011474612 0.1621760502457619 -0.45338194072246546 -0.39371374249458307 -0.27662768959999079 0.29826043546199804 0.072908528149127974 13.17088031768799 -0.12627568095922467 2.9396884441375737 0.48644058406353002 -10.92639112472534 -0.79686099290847767 47.646572113037116 0.23038215190172198
decision_type=2 2 2 2 10 10 2 2 8 2 10 2 8 8 2 2 10 10 2 2 10 2 8 10 2 10 2 10 2 2
left_child=9 2 3 6 -4 7 -2 -6 -9 10 11 13 22 14 -1 18 17 -17 20 -20 -16 -21 23 24 -11 -13 -3 28 29 -28
right_child=1 26 4 -5 5 -7 -8 8 -10 12 -12 25 -14 -15 15 16 -18 -19 19 21 -22 -23 -24 -25 -26 -27 27 -29 -30 -31
leaf_value=-0.01029297145576373 0.029921879757413082 -0.011055870465587883 -0.028070976828429413 -0.010340914509698365 -0.012605824034733679 -0.026551818073629864 -0.013183250725332524 -0.01602321447544049 0.057094246407039514 -0.021719416343340504 0.049185335182668044 -0.025535998478369168 -0.012988285396931179 -0.011019593050870684 -0.013203930296026945 -0.010977803614597841 -0.018368363026950142 0.11523139565123813 0.062809687785964768 0.00091982526041923054 0.031169751347581248 0.039569148588781848 -0.0067868013902636767 0.027073048351719659 0.02742540513638415 0.0047221388464843686 -9.4913236192090846e-05 0.00095199287815175035 0.012227314171405882 -0.0087145454498005828
leaf_weight=6.4344520374706908 13.876376446001816 39.103775850671809 25.708947947734487 46.413916539167985 2.3670408682646666 7.2198369354628067 4.2131448229920343 1.1396195281540711 3.904137177290977 6.7108999630145281 4.806921523064374 8.8699567443691212 26.230908595724031 8.0616236602490954 11.810531230599738 0.56707302268478144 1.5192753002920651 1.8722532824176588 4.5389141568448421 12.59031839494128 4.7636875564639913 6.5657565693254574 19.406720569357276 14.441409571860275 3.9956751745194197 13.480722654327108 237.06113422132694 1653.1667707120214 32.866391349583864 187.26198889849911
leaf_count=9320 9525 2280 84919 19452 5261 23413 1518 9386 2223 222 71 659 568 2869 861 102 294 200 112 340 412 156 202 319 76 586 15329 88373 170 9815
internal_value=-9.85203e-05 -0.000441791 -0.00830124 -0.00173884 -0.0184987 -0.000958471 0.0197178 0.0241678 0.0406559 0.00481232 0.00993705 0.00703909 -0.00145713 0.0127485 0.0166707 0.0207343 0.0539458 0.0912303 0.0162415 0.0267167 0.000597657 0.0154728 0.00546775 0.0148225 -0.00260263 -0.00786526 -5.47534e-05 0.000154231 -0.0027262 -0.00391047
internal_weight=2410.97 2254.3 104.843 64.5034 40.3396 14.6306 18.0895 7.4108 5.04376 156.667 85.8815 81.0746 70.7856 58.7239 50.6623 44.2278 3.9586 2.43933 40.2692 23.695 16.5742 19.1561 44.5547 25.148 10.7066 22.3507 2149.46 2110.36 457.19 424.323
internal_count=289033 271664 155697 30495 125202 40283 11043 16870 11609 17369 15982 15911 1387 14666 11797 2477 596 302 1881 608 1273 496 819 617 298 1245 115967 113687 25314 25144
is_linear=0
shrinkage=0.03


Tree=256
num_leaves=31
num_cat=0
split_feature=29 28 1 30 25 28 6 11 28 31 19 16 4 29 8 28 31 13 13 8 25 21 1 29 3 28 23 20 20 5
split_gain=5.42237 11.5187 17.1593 7.03729 8.02171 6.75515 8.02163 7.31085 8.35294 10.3157 6.81778 6.27717 7.14382 6.74986 6.03716 8.14373 6.51468 6.73667 8.10006 9.43978 9.05804 6.62003 6.45607 8.37145 8.89501 9.71824 8.7057 6.31625 6.27009 6.03356
threshold=0.48877522349357611 0.86548283696174633 26.97043609619141 1.5000000000000002 0.063515041023492827 -0.27694603800773615 10.37556838989258 1.4972584247589114 -0.35846811532974238 390.69824218750006 0.47921371459960943 0.69761338829994213 1.4796272516250613 0.73136293888092052 0.22827085107564929 -0.96689236164093006 69.397317886352553 0.19377631694078448 0.067289661616086974 0.55959579348564159 0.19722230732440951 -0.10957202315330504 26.97043609619141 -0.61236745119094838 -0.69814637303352345 -0.30163703858852381 -1.0659864544868467 -0.43346327543258661 -0.027360548265278336 -14.858241558074949
decision_type=2 2 2 2 2 2 8 2 2 2 10 10 2 2 2 2 2 10 10 2 2 10 2 2 2 2 10 10 10 8
left_child=14 5 3 4 -3 7 -7 8 10 -10 -2 12 -9 -13 15 -1 17 18 19 27 22 29 23 24 -21 -26 -27 -16 -19 -22
right_child=1 2 -4 -5 -6 6 -8 11 9 -11 -12 13 -14 -15 16 -17 -18 28 -20 20 21 -23 -24 -25 25 26 -28 -29 -30 -31
leaf_value=0.011865290778524771 0.021258791015657773 -0.010710678850710772 -0.028926544483983695 -0.011385879649802512 0.0947408710825315 -0.023716704623820858 0.0099413891099917589 -0.022722276511962507 -0.012191984188343895 0.10883181303386572 -0.022609893164953578 0.051254817691095959 0.0038689305533390998 -0.00048130364029716629 -0.014097702014132381 -0.018919673864797575 -0.00050750285384050552 0.0082153637205992485 0.038536079796378381 -0.020429369257232353 0.027604416083660738 0.0073665670838183412 -0.0017719126768432787 -0.0092878873022632751 0.059870458409515832 0.047741516177865054 -0.010565753036197485 0.061703405709396336 -0.014104629062174669 -0.016686544675110458
leaf_weight=9.4378402891379647 19.608623617124984 0.53887935928287278 1.6074640266597269 0.60306479229438981 3.4350320767553058 14.178746713147122 10.227939461565255 10.440841323910716 0.67048870789585524 0.93881395099015208 2.9266700652206046 3.5292235022388905 43.389711435273057 4.512314326257183 0.85933109319012135 31.040707022451898 2120.1158660841029 20.079347921742738 7.3279740993602891 1.8197383678052599 2.1850567907094955 31.960546857619192 10.936969840899108 4.5305977664393167 9.4298198870383239 2.8551484625786543 5.0385621987516034 3.4102836660531457 23.624127905412024 25.494307382323317
leaf_count=6103 17149 122 10 379 278 54717 6510 3575 1963 1132 9130 216 2096 436 146 58057 120778 1095 301 141 29 962 66 604 197 36 138 375 1384 831
internal_value=3.29376e-05 0.00631669 0.0431515 0.0691134 0.0811628 0.00388493 -0.00977572 0.00782886 0.0214746 0.0730609 0.0148429 0.00224695 -0.00160898 0.0253819 -0.000286839 -0.0116289 -7.95253e-05 0.00595075 0.0100145 0.00752719 0.00528281 -0.00183659 0.0172577 0.0257647 0.0341097 0.040641 0.0135206 0.046667 -0.00389544 -0.0123495
internal_weight=2426.75 116.608 6.18444 4.57698 3.97391 110.423 24.4067 86.0167 24.1446 1.6093 22.5353 61.8721 53.8306 8.04154 2310.15 40.4785 2269.67 149.552 105.848 98.5204 94.2507 59.6399 34.6108 23.6739 19.1433 17.3235 7.89371 4.26961 43.7035 27.6794
internal_count=288956 97713 789 779 400 96924 61227 35697 29374 3095 26279 6323 5671 652 191243 64160 127083 6305 3826 3525 3004 1822 1182 1116 512 371 174 521 2479 860
is_linear=0
shrinkage=0.03


Tree=257
num_leaves=31
num_cat=0
split_feature=18 27 3 3 23 5 20 21 17 34 29 34 11 1 33 20 21 20 20 13 6 3 11 1 11 33 31 31 23 18
split_gain=5.53677 8.41301 11.9339 11.7401 17.8131 10.5261 9.61041 7.8905 11.4746 8.03258 7.13707 6.79788 6.57212 10.1615 6.4482 7.01493 6.7253 13.8142 13.8731 11.2354 8.4727 10.6627 11.9875 13.5407 9.22537 8.56582 7.88281 10.6128 8.58451 8.77057
threshold=1.9287567138671877 0.91254481673240673 1.0890932083129885 0.4836986511945725 0.23447231948375705 5.8806872367858896 1.5244455337524416 -0.85194978117942799 0.41200980544090277 0.49591793119907385 -0.98801845312118519 0.77913779020309459 12.678295135498049 25.785140991210941 3.7635247707366948 0.69365397095680248 0.19087604433298114 0.010970545001327993 -0.58017906546592701 0.9285484552383424 7.2036612033844003 0.66441920399665844 16.823272705078129 16.390750885009769 8.8221378326416033 0.001941387774422765 69.397317886352553 164.34678649902347 -0.39125786721706385 7.0401153564453134
decision_type=8 2 2 2 10 10 10 10 10 2 2 2 2 2 2 10 10 8 10 10 10 2 2 2 2 2 2 2 10 10
left_child=-1 14 3 4 6 -5 7 8 9 -3 -8 -11 -9 -14 16 -16 17 18 19 -2 21 22 24 -24 25 -20 28 -28 -18 -30
right_child=1 2 -4 5 -6 -7 10 12 -10 11 -12 -13 13 -15 15 -17 26 -19 20 -21 -22 -23 23 -25 -26 -27 27 -29 29 -31
leaf_value=0.0023085912058871303 -0.0007072655704901369 0.067405259913522114 0.022013431347034738 -0.031543034623905959 -0.01915125228268038 -0.0064585759570098839 0.026975470559051935 0.011129478466494713 -0.016583036872951203 -0.013220484725739322 -0.024293779529880186 0.03099340425442278 -0.015192902473032377 0.020176704294185794 0.0038137124488990793 0.030933696940879211 -0.01304338352736242 -0.0058882878403966367 0.0027099070608032237 -0.018607596201406413 0.013982452080290586 -0.011752345058015033 0.0032898249965656622 0.068937709035396671 -0.0071190222731557541 0.029850977534327916 -0.011489585566302137 0.0020512083483312121 0.026361915974001185 -0.011083344244852515
leaf_weight=574.56126070151004 184.27074765577891 3.6868751685833621 11.636823408305643 29.867759930901229 46.06644886021968 30.658719490282238 2.0242405172321041 33.665806177421473 4.8895162912085643 3.6516080214641979 15.246529682248363 10.493047894909976 29.4057636433281 8.6872306279838067 33.970476802438498 10.65182964876294 8.0973955181798356 466.09305093477997 29.475704886968742 37.101467088177742 88.157690795313101 35.894121076264128 5.840809480258029 4.6810250408016145 39.948002807483135 15.423937684990959 56.448562585756008 558.26123962662859 30.318565104586014 6.2731825304017539
leaf_count=12543 28257 80 58 261 1387 258 60 1133 193 118 372 100 794 51 180 60 1915 77549 21872 15642 2035 2704 320 84 2422 3598 15150 94592 2526 2845
internal_value=-0.000259897 -0.00106237 -0.00641683 -0.0080255 -0.0036659 -0.0191484 0.00283079 0.00662216 0.0216249 0.0324261 -0.0171372 0.0194598 0.0016399 -0.00681696 -0.000294435 0.0108237 -0.000617886 -0.00229307 0.00151321 -0.00377751 0.00684389 0.00198011 0.0072169 0.0359441 0.00327728 0.0124806 0.00168602 0.000791121 0.0137088 0.0198183
internal_weight=2415.45 1840.89 229.98 218.344 157.817 60.5265 111.751 94.4798 22.721 17.8315 17.2708 14.1447 71.7588 38.093 1610.91 44.6223 1566.29 906.887 440.794 221.372 219.421 131.264 95.3695 10.5218 84.8476 44.8996 659.399 614.71 44.6891 36.5917
internal_count=289159 276616 4865 4807 4288 519 2901 2469 491 298 432 218 1978 845 271751 240 271511 154483 76934 43899 33035 31000 28296 404 27892 25470 117028 109742 7286 5371
is_linear=0
shrinkage=0.03


Tree=258
num_leaves=31
num_cat=0
split_feature=31 29 29 29 29 27 11 5 29 29 8 17 5 16 25 29 11 17 29 29 25 0 5 23 18 19 19 29 3 13
split_gain=4.17816 5.83296 11.5392 12.9504 13.8732 12.2891 7.49009 8.05343 9.35133 6.6866 13.8074 8.90144 7.48708 6.09997 5.80023 5.77829 7.58408 5.23894 5.22293 5.20323 6.09403 5.02524 9.64645 9.90676 7.98509 14.107 7.33316 12.4867 15.3938 15.5542
threshold=69.397317886352553 -0.75013810396194447 -0.82413947582244862 -0.80417042970657338 -0.76140165328979481 0.79032260179519664 11.252642154693605 8.164225101470949 -0.98212954401969899 -0.91595870256423939 12.409204483032228 -0.77693238854408253 -2.1445131301879878 -0.034550063312053673 0.23038215190172198 -0.98801845312118519 16.325263977050785 -0.092063363641500459 -0.92921787500381459 -0.98801845312118519 0.20761676132678988 7.5000000000000009 -7.9967195987701407 2.2253229618072514 1.8009033203125002 -1.3052549362182615 0.6002490520477296 -0.97507822513580311 0.39507968723773962 1.6283195614814761
decision_type=2 2 2 2 2 2 2 8 2 2 2 10 10 10 2 2 2 10 2 2 2 2 8 8 8 10 10 2 2 8
left_child=1 2 6 5 -5 -4 19 8 -8 11 14 -10 -13 -3 -11 -9 -17 -6 -18 20 -1 22 23 -2 25 -24 -23 28 29 -28
right_child=21 13 3 4 17 -7 7 15 9 10 -12 12 -14 -15 -16 16 18 -19 -20 -21 -22 26 24 -25 -26 -27 27 -29 -30 -31
leaf_value=0.039369921615917375 0.0040830762037785129 -0.014893381105045836 0.096040059884580295 -0.021025808855860886 0.094863889759718378 -0.005154275197069849 -0.0030193903319550514 0.017872237528228401 -0.014114194163042767 -0.026402205885099787 0.054436509578582495 0.02219350994040744 0.063083006292180055 0.0068252552427151255 0.012783041903624753 -0.03036716558851368 -0.014883183564238981 0.0015547595979564077 0.019002107541423799 -0.019338937466495874 -0.020242700406765467 0.00034516920079240466 -0.0088634546593350794 0.045651863001357033 -0.0034260502016015691 0.0064766386007353519 0.055127702272158262 0.0036940695490886195 0.00053933929516983259 -0.022321217136839291
leaf_weight=2.5728742790233801 179.21414606824692 22.088826283219532 3.1605076235973684 4.5995991943673289 0.66477725719232694 1.3266282761469481 15.21158433286473 8.1578254969790596 2.4060039423638946 5.9581345175392944 3.3557874821126452 10.466112369205803 8.0113270113943145 22.604478199546065 5.7829655287787318 8.8905487712472695 6.6548369941301662 0.85291028051142148 7.8467255001887644 14.789034346511473 1.8885631099401505 676.8032715264344 72.528793030331144 4.3291430767858392 906.79325923979923 202.0072623650085 13.687582246144302 169.334326290842 13.35302330739796 2.2096787620102996
leaf_count=130 4590 6318 143 379 35 41 479 120 87 122 24 142 192 7136 87 128 79 67 54 1523 219 59134 2721 107 179023 3657 621 21219 244 102
internal_value=0.000395777 0.00510622 0.00872409 0.0371113 0.00605174 0.0706349 0.00544092 0.00935643 0.0165931 0.0247421 0.00870421 0.0354086 0.0422507 -0.0039998 -0.00761341 -0.00253454 -0.0100922 0.0638713 0.00349501 -0.0110196 0.0150494 6.29232e-05 -0.00107473 0.0053056 -0.00206969 0.00240653 0.00183591 0.00688939 0.024654 0.0436786
internal_weight=2397.55 157.29 112.597 10.6044 6.11729 4.48714 101.992 82.7419 51.1919 35.9803 15.0969 20.8834 18.4774 44.6933 11.7411 31.5499 23.3921 1.51769 14.5016 19.2505 4.46144 2240.26 1364.87 183.543 1181.33 274.536 875.388 198.585 29.2503 15.8973
internal_count=288923 17505 4051 665 481 184 3386 1514 1133 654 233 421 334 13454 209 381 261 102 133 1872 349 271418 190098 4697 185401 6378 81320 22186 967 723
is_linear=0
shrinkage=0.03


Tree=259
num_leaves=31
num_cat=0
split_feature=14 33 23 21 22 23 24 6 6 23 21 25 33 6 21 21 27 28 28 30 12 19 31 21 29 5 33 27 22 6
split_gain=5.63943 5.09017 5.40233 7.64817 7.30448 4.64078 5.7275 6.50471 5.23645 5.089 7.1781 6.18176 4.63314 4.62064 4.07488 4.07115 12.0268 9.07338 9.87481 10.5353 16.5429 14.2706 10.6094 7.56221 7.51716 8.26746 8.94818 7.60975 7.26052 7.03553
threshold=-1.6222195029258726 1.8509858250617983 0.14616978913545611 0.89311021566391002 0.62006792426109325 0.23447231948375705 0.068549450486898436 5.9570436477661142 0.51564314961433422 1.8793832659721377 0.61628428101539623 0.18643653392791751 3.3494656085968022 3.4504072666168217 -0.99950608611106861 -0.81075862050056446 0.96774193644523632 -0.44504626095294947 -0.35041563212871546 2.5000000000000004 5.518719196319581 0.55004972219467174 238.3560485839844 -0.78224766254425038 -0.53495380282402027 8.164225101470949 3.3100395202636723 0.86881721019744884 -1.9290292859077451 19.771276473999027
decision_type=10 2 8 10 10 10 10 10 10 10 8 2 2 10 10 10 2 2 2 2 2 8 2 10 2 10 2 2 8 10
left_child=1 5 4 -4 12 -1 8 -8 -7 10 11 -9 13 -3 -13 16 17 24 19 22 21 -21 -19 -17 25 -2 -27 -26 -25 -24
right_child=15 2 3 -5 -6 6 7 9 -10 -11 -12 14 -14 -15 -16 23 -18 18 -20 20 -22 -23 29 28 27 26 -28 -29 -30 -31
leaf_value=-0.017705955793244892 -0.020338572677005794 -0.011105592632757106 -0.02004109310313577 0.007882905682915952 0.043784221769871776 0.068898385142520363 -0.015831955424334559 -0.0037661940437604918 -0.012973271976263606 -0.017050055493081497 -0.013641613193063337 0.06396854350362198 -0.013405865134647872 0.029238535023380509 0.014948370208027169 0.018675784358467867 0.017963045397409293 0.022284110595282861 -0.0022189533068636483 0.020305884599581422 -0.010758691294238582 0.096362975454594851 -0.022439451284495635 0.013951303157022841 -0.0041624367061761751 0.0095722737403174732 -0.031579068173294499 0.048449172755752258 0.00027169376374408722 0.039062114379575623
leaf_weight=40.901896053705059 63.610072405572282 3.2181021197466233 16.842433969519334 16.668457900290377 4.1955529416445634 0.79371742527473432 26.205298906934331 3.5428269277908822 0.71593105827560066 5.2367228508228427 4.7553094920003813 3.1890849005430937 7.6911298744380465 6.5065178838849533 3.6696737723541446 19.954257523369961 23.864339880994521 11.415280504275872 210.00288382695726 5.8287382569978936 4.6777553407009682 3.4712023613101328 12.47280644308557 34.636093273276856 112.8371364142622 19.554144254652787 5.1871861964464179 1.5327259220648546 1738.4578157784053 0.9897210821509369
leaf_count=7768 4610 151 399 252 136 1464 5147 97 197 126 156 72 43 187 93 2218 321 540 34363 386 54 61 1197 3340 15715 338 30 23 209889 8
internal_value=-0.00026267 -0.00599578 0.00116359 -0.00632563 0.0125427 -0.0103931 -0.00394175 -0.00619545 0.0403734 0.00634845 0.0149876 0.0281246 0.00304755 0.0160971 0.0429805 0.000104075 -0.00236105 -0.00347242 0.000369389 0.0140633 0.0339463 0.0552937 0.00201191 0.000758679 -0.00816726 -0.0146916 5.30012e-05 -0.00304353 0.000546628 -0.0155298
internal_weight=2412.62 144.133 55.1222 33.5109 21.6113 89.0105 48.1086 46.5989 1.50965 20.3936 15.1569 10.4016 17.4157 9.72462 6.85876 2268.49 475.444 451.58 248.858 38.8555 13.9777 9.29994 24.8778 1793.05 202.721 88.3514 24.7413 114.37 1773.09 13.4625
internal_count=289381 16288 1168 651 517 15120 7352 5691 1661 544 418 262 381 338 165 273093 57646 57325 36609 2246 501 447 1745 215447 20716 4978 368 15738 213229 1205
is_linear=0
shrinkage=0.03


Tree=260
num_leaves=31
num_cat=0
split_feature=0 22 28 15 25 5 2 25 18 8 11 16 21 18 11 18 21 15 5 0 33 28 5 25 23 5 29 3 3 3
split_gain=4.95084 9.00638 7.98515 9.89819 8.42861 7.1933 6.83368 7.39395 7.99594 6.76175 6.47421 5.41318 5.34418 4.94671 11.5751 8.33182 7.3756 7.10295 6.79469 6.40724 10.1266 17.1301 10.4835 8.00355 12.8825 18.1791 11.284 9.15262 8.74949 7.91862
threshold=1.5000000000000002 -0.32908758521080012 0.12545942142605784 0.045712731778621681 0.21082678437232974 17.730406761169437 3.5116205215454106 0.17235015332698825 1.6046752929687502 5.3126883506774911 4.5189309120178232 -0.71407222747802723 0.93353399634361278 1.8655853271484377 14.173423767089846 1.2105102539062502 -0.98212793469429005 0.81889548897743236 -0.2485726326704025 5.5000000000000009 2.7992755174636845 0.19337368011474612 -2.0580778121948238 0.23038215190172198 0.28515079617500311 8.7344632148742694 -0.02257579285651445 1.638525187969208 0.085111711174249663 -0.15049175173044202
decision_type=2 10 2 10 2 10 2 2 10 2 2 10 8 8 2 10 10 10 8 2 2 2 8 2 8 10 2 2 2 2
left_child=1 5 6 4 12 -1 -3 8 -8 10 -6 -5 -4 14 16 -16 18 -17 -2 20 22 -22 -15 24 29 26 -26 28 -25 -21
right_child=13 2 3 11 9 -7 7 -9 -10 -11 -12 -13 -14 19 15 17 -18 -19 -20 23 21 -23 -24 27 25 -27 -28 -29 -30 -31
leaf_value=-0.021204212703600581 0.0022357284230102646 -0.013778259542082404 -0.0020035921511588855 0.031889437001911498 -0.0089359841417526453 0.0015057731844823354 -0.0017320604197225875 -0.0096793797111178054 0.033832776471436933 0.016991354701931079 0.098603043461620354 -0.020450410958273529 0.045417126682438469 0.0017993703348296167 -0.0019560983309288354 0.015084440093502032 0.0014768550653715832 -0.0053607973585616054 -0.022779400750722739 0.014451873866170886 0.010531682576246173 -0.025440612344935006 -0.0074485263873838459 0.0021808640086225812 -0.014344590516994526 0.017063239233395353 0.0097138812376243982 0.0097804657276051431 -0.0048948049694186235 0.0043672546973037227
leaf_weight=39.495994783414062 16.466533190745395 34.810890258513609 8.2481275914287853 1.3151113370149685 0.41327147377887685 18.008810647763312 11.432953141629698 18.006265603005886 10.146085560321806 3.2612472647451796 2.1724105994508136 7.327732974670651 1.8518103036076343 164.53619513941521 46.14677850343287 126.20523931528442 249.409402024874 16.876057049725205 22.46166994730811 96.807966656802819 90.604248033952899 12.730681513203306 331.78092383109833 270.23888948541935 84.538994610700684 28.775530407147016 21.315882149243407 65.277964646462351 373.8040623588895 252.58958603538667
leaf_count=11014 738 9535 2810 277 246 114 54 104 58 84 255 3623 888 10207 420 1178 6575 184 1179 30078 1207 157 99536 27727 10429 452 23060 582 15924 31179
internal_value=0.000287871 -0.00485601 0.000652953 0.0151271 0.0285348 -0.0141879 -0.00426828 0.00422812 0.0157477 0.0544163 0.0837164 -0.0100051 0.0099993 0.000644377 0.00335417 0.00909837 -0.000434005 0.0126525 -0.0124071 -7.88446e-05 -0.00260623 0.0058986 -0.00438526 0.00119227 0.00416227 -0.00370257 -0.00945439 -0.000837408 -0.00192709 0.00719468
internal_weight=2427.06 156.491 98.9859 24.5897 15.9469 57.5048 74.3962 39.5853 21.579 5.84693 2.58568 8.64284 10.0999 2270.57 477.566 189.228 288.338 143.081 38.9282 1793 599.652 103.335 496.317 1193.35 484.028 134.63 105.855 709.321 644.043 349.398
internal_count=289874 29062 17934 8183 4283 11128 9751 216 112 585 501 3900 3698 260812 10274 1782 8492 1362 1917 250538 111107 1364 109743 139431 95198 33941 33489 44233 43651 61257
is_linear=0
shrinkage=0.03


Tree=261
num_leaves=31
num_cat=0
split_feature=28 27 24 18 3 23 6 14 14 24 27 27 0 23 31 31 18 28 28 29 27 6 25 29 27 17 12 17 34 31
split_gain=3.99159 8.55763 9.11045 9.37346 17.1343 13.0241 9.92931 10.9322 8.1094 8.06698 7.8729 7.78288 9.36712 10.7845 11.0952 16.0904 15.3237 12.7723 14.1541 18.2131 11.5051 12.8785 10.565 9.10417 8.46834 20.0419 17.3054 7.65584 7.72623 12.1358
threshold=0.07411635667085649 0.084187224507331862 0.61511299014091503 3.2394256591796879 0.36075805127620703 0.69896212220191967 4.2820518016815194 0.94054031372070324 -1.2211329936981199 0.57201719284057628 0.087455198168754592 0.78136202692985546 1.5000000000000002 0.92434784770011913 513.0165252685548 281.06619262695318 4.9540100097656259 -0.78326541185379017 -0.99275806546211232 -0.091258823871612535 0.66129031777381908 19.771276473999027 0.20046015828847888 -0.96234029531478871 0.73763442039489757 0.67943924665451061 3.8414391279220585 0.50368979573249828 1.4871631860733034 164.34678649902347
decision_type=2 2 8 10 2 10 10 8 8 10 2 2 2 10 2 2 10 2 2 2 2 10 2 2 2 8 2 10 2 2
left_child=11 -2 3 4 6 -6 7 9 -4 -3 -5 12 -1 22 15 23 17 18 19 -17 -19 -22 24 -15 -14 26 -26 -10 29 -29
right_child=1 2 8 10 5 -7 -8 -9 27 -11 -12 -13 13 14 -16 16 -18 20 -20 -21 21 -23 -24 -25 25 -27 -28 28 -30 -31
leaf_value=-0.010994556557409817 -0.025223258144269557 0.050535161156019755 0.0090788268128371048 0.056463134675594537 -0.0048599721275280538 0.039585738535627378 0.010392265754247208 -0.00017372186353408015 -0.0084964794317327445 0.0031884658853020146 0.0017006240315941275 -0.0027666297621765923 0.004809653240217527 0.029251566381157577 -0.0064080418307038579 0.1280796091130664 0.00070354018965499191 0.010530416592746837 -0.0055920592619349892 0.01230311290674788 0.068126819765690391 -0.0093040361599857485 -0.0014001714497185434 -0.0036194853723281444 0.014278098695397683 -0.015973891245262998 0.091491147830129266 0.026736983631366219 0.01056910252379537 -0.013096712762463696
leaf_weight=52.384325910896223 9.1234779396418144 21.416110219652186 53.040957873858133 1.3899948277103238 48.268085028510541 5.7464607181027523 28.86924181052018 6.3800608096062232 132.38833468042503 3.9495957265316965 220.32342887959385 823.65470986790024 153.93776463536415 8.0893691284290963 30.299759222405555 0.89333444018848229 17.107943480637914 6.1540833754006625 11.708363546491453 4.1725766604358823 16.011290122056383 1.9290386736392964 585.47992378185518 44.878104655062998 6.2355900457478111 5.7867340121883926 4.1372237561736256 7.3707384268855085 50.560902082215762 38.524204225555877
leaf_count=13121 72191 766 3441 2178 456 62 488 241 9038 137 39161 19848 57183 759 4818 93 4284 965 1326 417 488 15 39397 8147 479 260 106 1107 2200 6215
internal_value=9.34096e-05 0.00214807 0.00259208 0.0059188 0.0128456 0.000502087 0.0236584 0.0350366 -0.00138423 0.0435635 0.00229593 -0.000634461 0.00121665 0.00194137 0.00951937 0.0138877 0.0246677 0.0344429 0.0132253 0.0504683 0.0480987 0.0597494 0.000514072 0.00184969 0.00707263 0.0270934 0.0504115 -0.00383829 0.00257679 -0.00626568
internal_weight=2400.21 627.352 618.228 336.343 114.63 54.0145 60.615 31.7458 281.885 25.3657 221.713 1772.86 949.205 896.821 141.244 110.944 57.9766 40.8687 16.7743 5.06591 24.0944 17.9403 755.577 52.9675 170.097 16.1595 10.3728 228.844 96.4558 45.8949
internal_count=289387 137681 65490 43489 2150 518 1632 1144 22001 903 41339 151706 131858 118737 21312 16494 7588 3304 1836 510 1468 503 97425 8906 58028 845 585 18560 9522 7322
is_linear=0
shrinkage=0.03


Tree=262
num_leaves=31
num_cat=0
split_feature=6 29 29 29 19 3 18 29 3 34 15 3 15 32 18 3 28 18 28 34 34 15 17 34 25 12 1 28 17 29
split_gain=4.53445 3.37965 15.9566 13.4876 12.6395 12.095 12.2251 11.8404 19.6018 11.7263 11.6406 11.9907 10.476 20.8721 10.7623 10.1573 9.90057 13.3355 9.29526 12.0647 11.9161 9.25113 9.00097 8.89816 8.82544 8.80881 10.0868 13.9706 8.49844 11.9885
threshold=0.0034965164959430699 -0.92272481322288502 -0.90161547064781178 -0.94703993201255787 0.82030305266380321 0.016760945320129398 3.9555664062500004 -0.86974579095840443 0.71112760901451122 0.17613258212804797 -0.43819326162338251 -0.36006510257720942 0.33062581717967993 1.0000000180025095e-35 8.5876922607421893 1.3612816333770754 -0.28519254922866816 2.0303497314453129 0.46800856292247778 0.53128674626350414 1.7736251950263979 0.85163989663124096 0.90693283081054699 0.84969079494476329 0.23220069706439975 -2.5209399461746211 5.1198632717132577 -0.11692013591527937 0.28110454976558691 -0.94137725234031666
decision_type=8 2 2 2 10 2 10 2 2 2 10 2 10 2 8 2 2 10 2 2 2 10 10 2 2 2 2 2 8 2
left_child=-1 3 12 4 10 6 28 8 18 -7 11 -2 14 -14 -3 -11 17 -12 19 -4 -20 -6 -18 -10 -22 -23 27 -27 -5 -30
right_child=1 2 7 5 21 9 -8 -9 23 15 16 -13 13 -15 -16 -17 22 -19 20 -21 24 25 -24 -25 -26 26 -28 -29 29 -31
leaf_value=-0.022583782625377222 -0.010707331627514086 0.0035787326681462105 -0.0023807541503776592 -0.0036137988662367617 0.0055039271527875331 0.023740319827781062 -0.019694628820300632 0.0011961749519638 -0.0083443593656939655 -0.021044867674114877 0.035526264187265053 0.0053985570663998761 0.03735171953641462 -0.018510422753436947 0.049131475043585844 0.014574403086405646 -0.0086724143182051027 -0.0056320406846567719 -0.025917222146004511 -0.029496346115702392 0.050974455430840046 -0.012307281816033718 0.0026007989965091999 0.024540215338724851 -0.014069730977647797 0.12358659388590161 0.024168597231386462 -0.01269306933324553 -0.021484204802671835 0.029901421032796287
leaf_weight=6.7680588089588118 47.446663359834929 86.671027915115701 21.767586852329259 25.796929992240621 83.746245693822857 5.5945364853832862 18.002287981653353 1180.040238890253 11.62800727854483 84.444530079315882 11.638372727669777 295.38393177487887 26.775003716895299 7.0198792165538171 3.9500264425441847 7.1754928398877373 258.69695038334612 15.599466252082491 4.8135438374229107 46.187022658996284 4.6979435573157389 3.7531543654913575 83.961424066132167 17.631271270452999 2.2645462847722229 1.3132785025518443 16.453154426766559 0.71513258868071439 4.2749946538824615 20.632420185545925
leaf_count=84162 3762 2362 2072 631 4105 84 2520 158760 222 2276 135 6779 987 336 764 92 10560 616 1282 1957 89 382 2782 339 74 70 333 370 118 433
internal_value=0.000300235 0.000374206 0.00131381 -0.000974574 0.000609316 -0.00874682 0.000895601 0.000319661 -0.009095 -0.0155014 -0.000832833 0.00314489 0.0115292 0.0255495 0.00607888 -0.018128 -0.00451805 0.0125897 -0.0167495 -0.020971 0.00734558 0.010225 -0.00591061 0.0116276 0.0307088 0.0270044 0.0352096 0.087214 0.00844556 0.020593
internal_weight=2404.84 2398.08 1413.45 984.629 818.708 165.921 68.7066 1289.03 108.99 97.2146 712.727 342.831 124.416 33.7949 90.6211 91.62 369.896 27.2378 79.7306 67.9546 11.776 105.981 342.658 29.2593 6.96249 22.2347 18.4816 2.02841 50.7043 24.9074
internal_count=289454 205292 169244 36048 29894 6154 3702 164795 6035 2452 24634 10541 4449 1323 3126 2368 14093 751 5474 4029 1445 5260 13342 561 163 1155 773 440 1182 551
is_linear=0
shrinkage=0.03


Tree=263
num_leaves=31
num_cat=0
split_feature=0 1 5 20 27 29 20 28 29 1 8 15 12 28 29 30 25 5 29 3 1 3 15 34 21 27 31 14 28 6
split_gain=5.7103 10.6346 19.5421 7.83399 9.90512 9.00956 7.64528 10.7348 17.7445 16.4574 9.74282 8.92952 8.08308 7.32767 9.88991 8.28885 7.04762 7.0077 6.88655 6.73815 20.1912 8.60666 9.12417 8.28529 7.84727 7.25303 8.09201 7.08123 9.82463 8.50239
threshold=5.5000000000000009 5.2297408580780038 2.2236543893814091 1.6480531692504885 0.3715053796768189 -0.99864786863327015 -0.03804758004844188 -0.98523971438407887 -0.074115883558988557 21.535994529724125 4.5539617538452157 1.6193484067916872 -2.6061348915100093 -0.082689788192510591 0.14888729155063632 2.5000000000000004 0.12583254277706149 -13.064011573791502 -0.90892156958580006 1.1343008279800417 24.737689018249515 -0.15049175173044202 -1.7097232341766355 0.6803039312362672 0.51682144403457653 0.72114697098732006 247.52179718017581 -1.0950754284858701 -0.97113886475563038 0.25777128338813787
decision_type=2 2 8 10 2 2 10 2 2 2 2 8 2 2 2 2 2 10 2 2 2 2 10 2 10 2 2 8 2 10
left_child=1 3 6 4 5 -1 7 8 9 12 11 13 -3 14 -8 -16 -15 -12 -5 21 -21 22 -2 24 -22 26 -25 28 29 -23
right_child=19 2 -4 18 -6 -7 10 -9 -10 -11 17 -13 -14 16 15 -17 -18 -19 -20 20 23 27 -24 25 -26 -27 -28 -29 -30 -31
leaf_value=0.047640068093048618 -0.019423918641917687 0.0016100177934110765 -0.0049230348108066264 0.060321302614855785 -0.019160973205646917 -0.0044230822118301247 -0.0059494321293400024 0.0065995153746077322 -0.011693055212908612 -0.020346624541674348 -0.022564172290105051 0.051948269445565985 0.10240833412926918 0.050894192632810628 -0.017311600199879186 0.060282581393867107 0.010325965699349574 -0.0024710814841210683 -0.0059323627256644062 -0.015548600830201877 -0.0089439126315314713 -0.017898926328631482 0.0047904657026067513 0.023887794509474352 0.020163402928763563 0.019819721190770148 0.003981970607106782 -0.0025586373229071887 0.0030899316379624621 0.053954290539825422
leaf_weight=2.2043941468291441 13.52718378164718 0.87581112002953876 409.78098161763046 1.6481250808283219 64.13826306903502 44.101083729854508 47.228864421020262 208.81804329932493 3.8488776645390299 1.213399432133883 17.93987796723377 2.8927366527495897 3.9177332847611979 3.6343049767310722 1.27938431748771 2.8888632609450724 28.769589897798141 91.072400961900712 2.682171003532857 34.09220433964947 36.541616154834628 1.4056810617221334 410.72117165022246 21.276174085214734 9.7274687420576793 63.371033363044262 108.71979020070285 657.51663201205702 113.99740665907666 5.2072910987917567
leaf_count=324 3029 69 12740 574 19482 88911 3600 8363 582 20 279 163 226 253 236 142 1462 3387 3742 4485 229 163 70235 126 64 326 698 56875 7994 410
internal_value=0.000348126 -0.00148 -0.000283645 -0.00999401 -0.0116197 -0.000989912 0.00430506 0.00814663 0.0372983 0.0658778 -6.93724e-06 0.00745226 0.0874485 0.00532182 -0.00175512 0.0377248 0.0162633 -0.0059528 0.0258699 0.00151119 0.00575021 0.000542176 0.00397453 0.00883234 -0.00252737 0.0115495 0.0073974 -0.0013319 0.00532179 0.038336
internal_weight=2415.04 938.935 824.161 114.774 110.444 46.3055 414.38 218.674 9.85582 6.00694 195.706 86.6937 4.79354 83.801 51.3971 4.16825 32.4039 109.012 4.3303 1476.1 273.728 1202.38 424.248 239.636 46.2691 193.367 129.996 778.127 120.61 6.61297
internal_count=289189 144555 31522 113033 108717 89235 18782 9260 897 315 9522 5856 295 5693 3978 378 1715 3666 4316 144634 5928 138706 73264 1443 293 1150 824 65442 8567 573
is_linear=0
shrinkage=0.03


Tree=264
num_leaves=31
num_cat=0
split_feature=3 27 3 21 29 27 16 22 5 20 22 30 29 16 16 1 29 23 23 3 1 11 34 34 21 30 5 24 18 27
split_gain=4.2959 11.323 8.67212 7.8822 7.22332 8.65666 7.08541 7.06465 9.76326 7.33343 6.8363 10.5469 13.7461 7.9637 7.20215 7.18925 6.9075 6.6245 9.74342 7.99417 6.26404 6.25594 7.51152 7.19202 7.75711 9.84312 10.3221 6.32212 5.97029 6.17755
threshold=1.0890932083129885 0.80107527971267711 0.60036975145339977 -0.21169604361057279 -0.82413947582244862 0.83602148294448864 0.60691267251968395 -0.91712108254432667 17.730406761169437 -1.429590582847595 -0.87351778149604786 2.5000000000000004 -0.80417042970657338 0.18077732622623446 -0.3765884637832641 47.646572113037116 -0.42958799004554743 1.4307851791381838 1.1759706139564516 0.84479612112045299 15.394500732421877 20.160427093505863 0.87130847573280346 7.4628975391387948 0.030255426652729515 2.5000000000000004 0.38631503283977514 0.53339192271232616 13.304382324218752 0.39784945547580725
decision_type=2 2 2 10 2 2 10 8 10 8 10 2 2 8 10 2 2 10 10 2 2 2 2 2 10 2 10 10 8 2
left_child=2 10 28 6 -3 -6 7 8 -4 -9 -2 -12 -13 14 16 -15 -14 18 21 20 -20 23 -23 24 25 -5 -27 -28 29 -1
right_child=1 4 3 17 5 -7 -8 9 -10 -11 11 12 13 15 -16 -17 -18 -19 19 -21 -22 22 -24 -25 -26 26 27 -29 -30 -31
leaf_value=0.0058631870663340127 -0.0069394625410286962 0.017008418674644928 -0.0073485942697380981 0.0029291227081652202 0.015486051055290308 -0.016504499666801054 0.0057104670624573521 0.0095699418537413903 0.030885577909868043 -0.016756756843670135 0.0061052467531203828 -0.034035416223385746 0.017537153562353615 -0.021280628237658063 0.012203862680207284 0.019004395372449821 -0.01749165495546454 -0.017718176874846094 -0.003972857648609991 -0.0029603807782925041 0.070462736425361716 0.019620470059282188 -0.015205165634917885 -0.025544931804217959 -4.5955490436953354e-05 -0.0021076096870017561 0.0033978846321133303 0.064818615884396885 -0.026045710354216173 3.7416752831236975e-05
leaf_weight=187.06558669074548 87.277245194381976 68.683299276977777 27.084349464166735 22.277935750200413 13.89486648887396 14.574893236160277 25.044724384635629 9.7552031155428249 6.6484231716021887 112.98455528432532 224.07058512778895 12.225916395196689 6.0281704855151501 22.571298878319798 39.781834875349887 3.9875350743532172 17.866064828187518 18.085954633221263 1.1951291234581711 3.6025344452937134 3.3417202646378428 5.5971478046267285 38.993617131141946 7.1975265567307352 137.46983761918091 4.49513228383148 2.0183861787372717 6.7025489505613223 6.5009866070668059 1270.4738879265133
leaf_count=152157 2312 349 1379 1153 69 74 1457 368 41 5780 7314 148 66 727 869 29 578 799 170 158 79 141 375 394 6537 230 106 167 36665 68511
internal_value=0.000206668 0.00264531 -0.000451396 -0.00417862 0.0118061 -0.000895601 -0.00892251 -0.011286 0.000859289 -0.0146039 0.000471277 0.0024672 -0.00547091 -0.00127008 0.00449859 -0.0147621 -0.00830492 -0.000725847 0.00066386 0.0310287 0.0536783 -0.000568376 -0.0104993 0.00193396 0.0032177 0.0155129 0.0350268 0.0524152 0.00065177 0.000788623
internal_weight=2407.5 510.962 1896.54 432.495 97.1531 28.4698 181.517 156.473 33.7328 122.74 413.809 326.531 102.461 90.2349 63.6761 26.5588 23.8942 250.977 232.892 8.13938 4.53685 224.752 44.5908 180.161 172.964 35.494 13.2161 8.72094 1464.04 1457.54
internal_count=289202 12535 276667 19334 492 143 9025 7568 1420 6148 12043 9731 2417 2269 1513 756 644 10309 9510 407 249 9103 516 8587 8193 1656 503 273 257333 220668
is_linear=0
shrinkage=0.03


Tree=265
num_leaves=31
num_cat=0
split_feature=6 17 22 25 5 17 11 20 15 3 3 21 28 5 22 23 28 22 28 28 20 24 16 25 25 17 23 6 11 23
split_gain=3.99135 8.3908 8.15333 8.26247 7.03327 7.03626 10.1006 8.18454 7.15324 8.02475 11.2806 7.32642 6.47155 7.48292 8.18412 5.07019 12.2174 7.33323 6.19023 4.93976 5.26891 4.50788 4.41676 4.21595 4.11487 6.74089 5.9433 7.16618 10.839 9.42191
threshold=0.40383964776992803 -0.24885680526494977 1.2128054499626162 0.10506675764918329 0.25706624984741216 0.50368979573249828 2.5008794069290166 -0.79348757863044728 -0.061590634286403649 -0.970607429742813 -1.2068973779678343 -1.1855679154396055 0.42179998755455023 -0.20138891041278836 -0.2126020938158035 -0.19698998332023618 -0.98523971438407887 0.041104752570390708 -0.70291268825530995 0.58481550216674816 -0.53290823101997364 0.0044402326457202443 -0.35664898157119745 0.17235015332698825 0.36822286248207098 1.1115874052047732 -0.15655416995286939 4.1890077590942392 13.625600814819338 -0.07321471348404883
decision_type=8 10 10 2 10 10 2 10 10 2 2 10 2 8 10 10 2 10 2 2 10 8 10 2 2 10 10 10 2 8
left_child=1 -1 3 -3 5 6 -5 -8 11 10 -10 -9 13 -13 -15 16 17 -7 -17 20 -20 -2 -19 -6 -23 26 -26 28 29 -28
right_child=21 2 -4 4 23 15 7 8 9 -11 -12 12 -14 14 -16 18 -18 22 19 -21 -22 24 -24 -25 25 -27 27 -29 -30 -31
leaf_value=-0.016951242062388228 0.013862051393369748 -0.026204012082111743 -0.02267110971602895 -0.017383399054708221 0.014413760449057032 -0.0048581175520956343 -0.0090734682567737059 -0.013471766394946731 -0.015959177348886144 -0.006451483682848611 0.08730027065751586 0.017285710303163181 -0.0011559666278530029 0.12452189570352955 0.024462506414936712 -0.01718346380993702 -0.018762713807560654 -0.0064165678792454254 -0.0091204749605330176 -0.012877389740787285 0.044730097196502665 -1.8531658455596033e-05 0.10547027306386594 -0.02400896015592378 0.00031117736937127547 -0.011406769808484275 0.055036419932643479 0.031406303344589617 0.02895319478145458 -0.01418998553385027
leaf_weight=36.700719636663052 21.111839983204845 6.3640022723429857 11.049488035188913 3.7148381636343428 2.8151161248097187 1.269220048074206 3.1099895568913807 0.77746992786705948 1.1078753396141112 4.9550910806065049 1.506609629752347 1.9278250036586539 1.0181168042327042 2.6187294832780021 1.6674909350113014 3.2943101509627004 14.783338146036842 0.26275497123788227 1.6716142720979403 1.9107704266152712 7.1119863795283873 2178.7462232719863 0.54662627231300565 8.0957003157527634 34.585098497162107 15.352566842804661 0.9809574659448117 17.34553941024933 11.131343539222142 16.628125533257851
leaf_count=62105 11319 50454 13179 8610 679 314 566 115 442 968 268 200 553 292 396 1661 5466 82 465 2161 1452 120651 130 1315 2109 760 93 617 245 1765
internal_value=0.00010398 -0.00524669 0.000160453 0.0040043 0.00735653 0.0118475 0.024257 0.0329964 0.0414353 0.0171267 0.0512349 0.0599576 0.0685289 0.0785238 0.0975867 0.00235686 -0.00851766 0.0467733 0.0151587 0.0257389 0.034597 0.000381802 0.085676 -0.0137176 0.000250657 0.0062957 0.00976309 0.016699 0.00706524 -0.00758329
internal_weight=2414.16 118.28 81.579 70.5295 64.1655 53.2547 22.404 18.6892 15.5792 7.56958 2.61448 8.00963 7.23216 6.21405 4.28622 30.8506 16.8619 2.0786 13.9887 10.6944 8.7836 2295.88 0.809381 10.9108 2274.77 96.0236 80.6711 46.086 28.7404 17.6091
internal_count=289432 151873 89768 76589 26135 24141 12410 3800 3234 1678 710 1556 1441 888 688 11731 5992 526 5739 4078 1917 137559 212 1994 126240 5589 4829 2720 2103 1858
is_linear=0
shrinkage=0.03


Tree=266
num_leaves=31
num_cat=0
split_feature=1 15 28 28 28 21 8 3 27 8 6 1 34 15 34 18 12 28 11 16 28 25 25 12 3 6 8 1 15 1
split_gain=5.28035 8.50599 5.39895 11.7029 15.7869 8.47057 6.04181 5.87508 10.3043 6.85312 10.3303 6.70981 6.84239 9.41908 6.64903 6.1684 6.66412 7.21716 8.97735 9.34714 9.21198 8.01748 8.90985 6.67187 8.82808 9.71408 5.6556 5.99579 5.64266 5.63258
threshold=13.444710254669191 -2.0644029378890987 0.99818283319473278 0.93845596909523021 0.93544191122055065 -0.34115915000438685 3.2385717630386357 -0.64970704913139332 0.1474910452961922 12.409204483032228 6.6259648799896249 0.37685906887054449 0.12999127060174945 -1.5178775787353513 3.7969349622726445 8.0742034912109393 1.6229605078697207 0.19337368011474612 4.2402455806732187 -0.16023672372102735 0.58481550216674816 0.35972231626510626 0.30026407539844518 -6.1780338287353507 -0.69814637303352345 9.2285242080688494 2.8597393035888676 5.2297408580780038 -1.3179402351379392 2.5918904542922978
decision_type=2 10 2 2 2 8 2 2 2 2 8 2 2 10 2 10 2 2 2 10 2 2 2 2 2 8 2 2 10 2
left_child=1 -1 3 4 7 6 -4 8 -3 14 29 -9 13 -13 15 16 17 21 -19 -20 26 22 23 24 -10 -26 -21 -28 -17 -11
right_child=-2 2 5 -5 -6 -7 -8 11 9 10 -12 12 -14 -15 -16 28 -18 18 19 20 -22 -23 -24 -25 25 -27 27 -29 -30 -31
leaf_value=-0.026368546495718691 0.0014545163172906665 0.037179964767371072 0.00051646160810498365 -0.028127847048060754 0.088657919881490563 -0.011348050945564707 0.055581589402047854 -0.027080283694662536 -0.011407924483974286 -0.0014969180542778282 -0.0037718312624653253 0.053482842403624234 -0.0032356867087719619 0.0044650823850448992 -0.017301680768206287 0.02739831639006398 -0.015918813879769445 -0.0076494244431344156 0.0018450573987644535 0.061213340414618192 -0.018868642224719619 0.023864133645194185 -0.016411162944593237 0.0075147129790178431 -0.011554140928033628 0.072268939880690664 -0.014203603419450903 0.041577188620239111 -0.022282997768125968 0.063050701676446108
leaf_weight=11.148901080947324 1465.5508730417932 6.5337283809858482 2.7219459760544851 13.478378950720069 0.76663416723022138 4.7976151879702211 4.3656856546585914 9.0066034830742847 37.432152615743689 1.5209191696485476 6.5747256104368725 2.8411213969739029 571.17104753355306 46.905450854221272 16.631693796021864 1.5212873273485445 14.455705969070548 9.3544323277747008 9.4214234385290201 8.6906435384298657 1.6394815225503396 12.816167727854916 24.016887996112928 92.751358089553833 1.9774874142021865 1.5428175774868575 2.425614562467671 2.899416429689154 13.838513118404078 4.2903987371828407
leaf_count=4715 26148 5778 1708 26102 726 3338 249 96805 3317 96 97 270 69613 6099 524 531 1107 4611 855 666 382 1361 3183 18712 172 26 126 50 11895 99
internal_value=0.000330127 -0.00142718 -0.00109891 -0.00136917 -0.00093815 0.0181885 0.0371129 -0.00111273 0.00258039 0.00158627 0.0225025 -0.00269923 -0.0023026 0.00826333 0.000470761 0.00179777 0.00310971 0.0045225 0.0168464 0.0259272 0.0394391 0.00195062 3.08192e-05 0.00308416 -0.00689034 0.033043 0.047062 0.0179399 -0.0159884 0.0484179
internal_weight=2403.09 937.538 926.389 914.504 901.026 11.8852 7.08763 900.259 270.335 263.801 12.386 629.924 620.918 49.7466 251.415 234.783 219.424 204.968 34.431 25.0766 15.6552 170.537 157.721 133.704 40.9525 3.5203 14.0157 5.32503 15.3598 5.81132
internal_count=289361 263213 258498 253203 227101 5295 1957 226375 53588 47810 292 172787 75982 6369 47518 46994 34568 33461 6690 2079 1224 26771 25410 22227 3515 198 842 176 12426 195
is_linear=0
shrinkage=0.03


Tree=267
num_leaves=31
num_cat=0
split_feature=20 33 31 31 29 29 3 12 21 29 29 31 14 8 5 20 29 29 11 19 30 31 8 12 14 8 29 29 29 30
split_gain=5.26008 7.03745 6.73078 10.2623 16.434 15.1816 20.1224 17.7797 15.5311 21.4939 8.55687 8.47694 13.0609 11.5656 12.1363 18.0745 7.96053 33.9884 10.2355 12.2002 12.28 7.16834 8.54578 7.44607 7.06182 7.64861 7.38691 6.72514 6.70392 6.24233
threshold=0.70718082785606395 3.6756894588470463 334.84590148925787 408.92024230957037 -0.71502926945686329 -0.95752304792404164 0.66441920399665844 -6.3776755332946768 0.56114187836647045 -0.90892156958580006 -0.99983122944831837 54.987888336181648 0.1621760502457619 4.9181418418884286 -2.4412858486175533 1.2524422407150271 -0.24372464418411252 -0.18493013828992841 12.030828952789308 0.19767924398183825 2.5000000000000004 390.69824218750006 18.712434768676761 -1.3810988068580625 1.476594150066376 1.5744971036911013 -0.45273527503013605 -0.87810534238815297 -0.99761277437210072 2.5000000000000004
decision_type=10 2 2 2 2 2 2 2 10 2 2 2 10 2 10 8 2 2 2 8 2 2 2 2 10 2 2 2 2 2
left_child=-1 2 11 4 5 -4 7 -7 9 -9 -5 12 13 14 -2 -16 -13 18 19 -18 -21 -6 23 -23 28 -26 -27 -8 -12 -30
right_child=1 -3 3 10 21 6 27 8 -10 -11 24 16 -14 -15 15 -17 17 -19 -20 20 -22 22 -24 -25 25 26 -28 -29 29 -31
leaf_value=-0.00083259949296833754 0.0019379731945012499 0.017050036689199129 0.0056755105956374221 0.035889845747799617 -0.018934007041930639 -0.009875645320831539 -0.028390403231525141 0.15652368386001653 0.026960199993765973 0.021257861770312692 -0.022344601536088596 -0.0073157865804836667 -0.021138716263585731 0.0023036742717089877 0.10011834593651604 -0.0084627265458481708 0.0041977824778256729 -0.0063541483604431194 0.0054998894104821838 0.098324924876954128 -0.013299942205121876 -0.018592557116722381 -0.040300792258242721 0.046924438309727694 -0.021888452117121 0.050765322324747897 0.001114354697517574 0.029414809404937219 -0.0070959649858958786 0.0041854230956110093
leaf_weight=1821.5972915413276 3.4126792019706071 27.258304294198751 11.92542138983845 5.6657469349447629 11.009843235795417 1.720336312544531 2.4839570596814156 3.2818876743622218 3.273523593432401 1.8760960466588588 10.266987671784589 161.87488461085013 6.1786517515392907 9.4075566833780595 4.1040020499076491 1.6899976262793668 2.402206373455555 47.748350805179143 3.9540235656313589 5.3218475564262908 0.77571006966172706 1.5179331271865519 1.0072297137230632 4.7973211606731629 2.1715135131817069 6.3272559429751709 4.3398521854905976 2.7773440830205791 58.030831051388304 174.25647849666348
leaf_count=215556 228 139 753 117 5214 223 46 256 449 527 279 16292 664 203 552 513 110 21337 103 322 101 334 6 1311 862 155 302 60 16258 6272
internal_value=-3.98e-05 0.00244361 0.00169497 0.00465609 0.0176169 0.0319446 0.0506853 0.0735041 0.0897599 0.118766 0.00233009 -0.00198808 0.014307 0.0265505 0.0486731 0.0718633 -0.00386326 0.00538792 0.0475336 0.06445 0.0842513 -0.00429675 0.017342 0.0307879 0.00144851 0.0222928 0.032392 0.0019483 0.000258199 0.00134873
internal_weight=2402.46 580.858 553.599 306.73 45.6709 27.3386 15.4131 10.1518 8.43151 5.15798 261.059 246.87 24.7929 18.6142 9.20668 5.794 222.077 60.2021 12.4538 8.49976 6.09756 18.3323 7.32248 6.31525 255.393 12.8386 10.6671 5.2613 242.554 232.287
internal_count=289544 73988 73849 33424 9179 2314 1561 1455 1232 783 24245 40425 2160 1496 1293 1065 38265 21973 636 533 423 6865 1651 1645 24128 1319 457 106 22809 22530
is_linear=0
shrinkage=0.03


Tree=268
num_leaves=31
num_cat=0
split_feature=3 8 28 28 28 17 22 28 21 13 11 0 17 30 22 28 20 19 34 1 19 11 22 1 28 16 15 33 12 20
split_gain=5.30467 6.70831 9.84819 11.1192 26.705 10.3218 10.5176 9.32555 10.2416 13.7047 9.38541 9.27988 8.82715 8.66365 8.98247 8.37621 7.55866 8.66273 7.55097 9.6551 7.30711 6.67284 6.15556 5.84522 5.76526 5.24993 5.56448 5.17626 6.74867 5.71396
threshold=-0.83008018136024464 4.2290804386138925 -0.96689236164093006 -0.82415616512298573 -0.76141706109046925 -0.07118907198309897 -0.15605982393026349 -0.78326541185379017 0.32189247012138372 -0.42522437870502466 10.521538734436037 5.5000000000000009 0.73448023200035106 1.5000000000000002 0.99035295844078075 -0.98523971438407887 -0.4704334139823913 0.45689553022384649 0.15927212685346606 5.9359681606292733 -0.64364689588546742 5.1693558692932138 -0.67318364977836598 0.036538461223244674 -0.55657517910003651 0.37508416175842291 -0.6903390884399413 1.2425999045372011 -2.1451216936111446 -0.027360548265278336
decision_type=2 2 2 2 2 10 10 2 10 10 2 2 10 2 8 2 10 8 2 2 10 2 8 2 2 10 8 2 2 10
left_child=1 2 11 -4 5 6 -5 -3 10 -10 27 -1 -6 -14 16 21 -15 24 -11 -20 -17 22 -13 -2 -18 26 -24 29 -29 -9
right_child=23 7 3 4 12 -7 -8 8 9 18 -12 15 13 14 -16 20 17 -19 19 -21 -22 -23 25 -25 -26 -27 -28 28 -30 -31
leaf_value=-0.017578628450499439 -0.026203093940735771 -0.012866897964489156 -0.024913015752857964 0.0050810294701408628 -0.0093677432476490796 0.015743117708896134 0.10299574944901266 0.024832898562743247 0.0012556636728023904 -0.0060001057483279668 -0.013904581325909654 -0.017849035952337874 -0.013529590079171289 -0.016149427365601359 -0.018860424806438951 -0.013759910242774512 -0.0018389199265061885 -0.019336689871664526 0.074186344603224638 -0.006425865246864699 0.067662754368202196 -0.02270282682237703 -0.011488435644157542 -0.00030823969477584084 0.051839038364820067 -0.01352269803470979 0.070631323343740435 0.06794795051910256 0.00801050991538187 -0.010272794775624984
leaf_weight=3.7373981082564596 6.8738087518831881 9.7801567061396764 15.51162699224369 1.4847537254318011 69.106344316787727 6.2157942042103951 2.7668246406392427 7.6506822328956305 6.7794272879837107 1.4414231209375419 11.144679464166982 1.426620092912344 9.1634556756253023 2.3162093650025843 3.6499459689875975 0.82344239077065129 2.0285535357543312 1.6566036944859721 8.4119113608030585 1.3821024182252575 5.1666946297191307 2.8092164939153008 0.60971553230774589 2194.1316450892155 11.391844517078408 0.79915662795247033 2.8040075738390429 2.7701085805892944 3.6220377173740408 7.2538311596436005
leaf_count=2485 104305 657 9551 320 21514 760 331 476 317 137 264 328 2606 626 906 161 186 172 321 45 480 273 190 138736 1611 251 335 53 185 427
internal_value=2.84697e-05 0.00464784 0.00109182 -0.00195754 0.00148161 0.0448395 0.0762803 0.0129613 0.0181204 0.0356588 0.00760618 0.0211175 -0.00348966 0.0098274 0.0201508 0.0316236 0.0289176 0.0364149 0.0546184 0.0632692 0.0561026 0.0101672 0.027494 -0.000400973 0.0441605 0.0433272 0.0566843 0.0189817 0.0396632 0.00817577
internal_weight=2404.71 203.705 143.468 125.292 109.78 10.4674 4.25158 60.2364 50.4562 18.0149 32.4413 18.1763 99.313 30.2066 21.0432 14.4389 17.3932 15.077 11.2354 9.79401 5.99014 8.44872 5.6395 2201.01 13.4204 4.21288 3.41372 21.2967 6.39215 14.9045
internal_count=289009 45968 43086 38583 29032 1411 651 2882 2225 820 1405 4503 27621 6107 3501 2018 2595 1969 503 366 641 1377 1104 243041 1797 776 525 1141 238 903
is_linear=0
shrinkage=0.03


Tree=269
num_leaves=31
num_cat=0
split_feature=0 13 22 30 12 20 13 30 17 23 22 28 1 28 31 20 1 3 14 12 20 12 28 27 28 28 28 21 28 13
split_gain=5.02771 6.47429 10.5178 6.85357 6.82678 5.76589 5.44051 5.83991 12.2911 11.121 12.1981 9.05493 14.4405 11.7097 10.6726 8.39472 9.4236 8.26983 8.14917 9.72046 9.39107 7.93641 7.87821 8.9571 17.322 10.5822 11.2958 16.9449 14.2974 7.88581
threshold=1.5000000000000002 -0.48987770080566401 0.89062836766242992 1.5000000000000002 11.623711585998537 1.5511099100112917 1.6283195614814761 1.5000000000000002 -0.90647554397582997 0.87416487932205211 -1.1761838197708128 -0.97509795427322377 30.305106163024906 -0.99630266427993763 408.92024230957037 1.8293674588203432 9.3691072463989276 -0.47630240023136133 1.2968114018440249 7.9707732200622567 0.4025502502918244 0.54776728153228771 -0.86114627122879017 0.93440860509872448 -0.81429189443588246 -0.78326541185379017 -0.76141706109046925 0.33264335989952093 -0.67803022265434254 1.0935167670249941
decision_type=2 8 10 2 2 8 8 2 10 10 10 2 2 2 2 10 2 2 10 2 10 2 2 2 2 2 2 10 2 10
left_child=1 2 3 -1 5 -5 7 8 9 18 -11 12 13 -10 22 16 -15 -12 -2 20 -20 -19 -13 25 -25 -24 27 -27 -28 -30
right_child=6 -3 -4 4 -6 -7 -8 -9 11 10 17 14 -14 15 -16 -17 -18 21 19 -21 -22 -23 23 24 -26 26 28 -29 29 -31
leaf_value=-0.018565911692455379 0.003185659521204076 -0.010799727945298191 0.021924281364745165 -0.018788425754769064 0.013705491463161194 0.041058158316013879 -0.0079642764019246092 -0.00045013767488114557 -0.0091803380294542356 -0.02126578520462585 0.060753767950951283 -0.01667779854013933 -0.020840395317328623 0.0075039947599888877 -0.0072316803546311707 0.067840836325792159 0.034075914306480416 -0.0074569862907941046 0.076035123582583672 -0.0041535484181068347 -0.0064623277660568962 0.033109352017383284 -0.024814783242546844 0.037317749626595571 -0.0086723984588419432 -0.0099496968958467328 -0.02701509484442504 0.08341744974198706 0.0081200496795127263 -0.010210888198442397
leaf_weight=19.65207062832269 87.489368191270842 82.507129933876058 16.294972435598538 12.519989120743046 20.849313707556576 0.67859016693364438 66.052963653650295 1400.4213088645211 12.724006675478448 3.4997145699599086 6.7893695180100684 18.117869197747495 10.263599701225756 29.81555030560412 143.20547162112962 2.5539260771110994 20.015177125809714 5.5828273244296716 3.6991598640051944 3.9400998436613008 1.4877681733196366 14.514531453860398 9.1526668670376221 7.0380437304265788 89.491332440637052 2.7236956148790332 10.760484296724824 3.0875130234326207 277.46373406633211 22.012767699596225
leaf_count=3481 15139 19946 2261 2865 188 196 12441 120160 3102 2121 1127 7029 53 4305 34202 127 840 1801 1239 51 435 559 2036 76 965 478 2915 248 44970 3896
internal_value=9.55261e-05 -0.00515786 0.00155098 -0.00491899 0.00326285 -0.0130365 0.000453425 0.00071132 0.00278014 0.0112867 0.0268311 0.00112469 0.010838 0.0160714 -0.000147375 0.0222621 0.0186374 0.0336297 0.00617317 0.0316683 0.0551525 0.0220211 0.0021703 0.00301757 -0.00497097 0.00539677 0.0063472 0.0446206 0.00548922 0.00674315
internal_weight=2404.41 152.502 69.9949 53.7 34.0479 13.1986 2251.9 2185.85 785.429 127.003 30.3864 658.426 75.3723 65.1087 583.054 52.3847 49.8307 26.8867 96.6164 9.12703 5.18693 20.0974 439.848 421.73 96.5294 325.201 316.048 5.81121 310.237 299.477
internal_count=289252 28937 8991 6730 3249 3061 260315 247874 127714 22472 5608 105242 8427 8374 96815 5272 5145 3487 16864 1725 1674 2360 62613 55584 1041 54543 52507 726 51781 48866
is_linear=0
shrinkage=0.03


Tree=270
num_leaves=31
num_cat=0
split_feature=31 8 28 18 6 20 22 22 27 8 13 28 29 29 25 3 25 3 29 18 13 28 6 28 29 27 15 32 17 15
split_gain=4.45046 4.71166 8.04214 6.98367 9.01611 4.56583 4.348 4.11885 7.05531 10.0797 4.60377 6.24102 10.7531 11.1742 10.5633 12.9977 8.50714 10.1525 8.33407 12.951 8.1602 7.52271 7.41463 7.35843 7.29892 14.3332 9.56541 8.00935 7.23649 8.48051
threshold=2479.698608398438 5.7881591320037851 -0.99054482579231251 5.5553131103515634 0.096428576856851592 -1.0197236537933347 0.95642271637916576 -2.597282767295837 0.86881721019744884 6.846297264099122 -0.96182161569595326 -0.92923668026924122 -0.97874867916107167 -0.99273797869682301 0.29462280869483953 0.37734918296337133 0.28570199012756353 0.8739074468612672 0.34840355813503271 3.0408477783203129 -0.99145036935806263 -0.39036798477172846 9.9773979187011737 0.022575936280190948 -0.73865258693695057 0.89068099856376659 -0.62883469462394703 1.0000000180025095e-35 0.61659395694732677 -0.80416950583457936
decision_type=2 2 2 10 10 10 10 8 2 2 8 2 2 2 2 2 2 2 2 10 10 2 10 2 2 2 10 2 10 10
left_child=7 2 -2 4 -3 -5 -6 8 9 -1 11 14 13 16 18 -16 17 23 22 -20 21 24 -9 -13 25 26 -14 -26 29 -15
right_child=1 3 -4 5 6 -7 -8 10 -10 -11 -12 12 20 28 15 -17 -18 -19 19 -21 -22 -23 -24 -25 27 -27 -28 -29 -30 -31
leaf_value=-0.0035692017941092676 0.021894601153342342 0.059873102349478645 -0.027299934449118674 0.023563783486588424 -0.01095783784428641 -0.023550443903393968 0.021167010809054872 -0.0060305662289690089 -0.014768732164797179 0.040053229991040627 -0.00057044218342627232 -0.0203805995090501 0.019305086721035831 0.031814664667705474 -0.0015879327791742893 0.055441116547892286 0.018833885434134917 0.015110613099823986 0.084258749575738812 -0.015875549615693145 0.020979286475928297 -0.00980193295997373 0.017111653382027886 0.0015031131607350088 -0.017601849631310527 -0.014976424627469891 -0.012032591356794355 0.0057974191361764927 0.0049902042554056001 -0.007341704559666159
leaf_weight=8.1504464268873615 2.8020386153148165 1.9296876820735658 17.145702240262835 1.359458308055763 8.6289183040789776 11.024488215742165 5.2632320596894706 36.591200052189379 5.7590828817337743 9.9930714061483723 1875.9280078051925 29.0393390309182 49.540358028578339 30.394571577555325 5.8126121293316819 8.2094982753042114 17.577971552731469 17.984107372583821 1.7844211224874009 1.5336746931461673 11.57475942149358 104.41019868930198 17.649398275301792 25.387755314732203 29.850588324492492 19.741559608606622 9.8935270985821244 22.289744459289068 26.529443698032992 5.5209433042473384
leaf_count=891 737 113 15310 100 504 643 213 5393 90 151 225630 989 1819 726 621 253 789 224 35 150 1598 22834 294 807 5100 285 240 1951 494 176
internal_value=3.94771e-05 -0.0088955 -0.0196743 -0.000859864 0.0120362 -0.0170043 0.00181718 0.000224603 0.0123612 0.0212943 9.58021e-05 0.00274318 0.00127033 0.00751144 0.0108373 0.0332688 0.000705589 -0.0038917 0.00489789 0.0450171 -0.0025914 -0.00383252 0.00167315 -0.0103299 0.00095202 0.00666007 0.0139757 -0.00767792 0.0171536 0.0257597
internal_weight=2419.3 48.1535 19.9477 28.2058 15.8218 12.3839 13.8922 2371.15 23.9026 18.1435 2347.24 471.316 399.735 152.434 71.5808 14.0221 89.9892 72.4112 57.5587 3.3181 247.301 235.726 54.2406 54.4271 131.316 79.1754 59.4339 52.1403 62.445 35.9155
internal_count=289160 17620 16047 1573 830 743 717 271540 1132 1042 270408 44778 38032 4205 6746 874 2809 2020 5872 185 33827 32229 5687 1796 9395 2344 2059 7051 1396 902
is_linear=0
shrinkage=0.03


Tree=271
num_leaves=31
num_cat=0
split_feature=17 11 16 8 29 29 25 28 23 6 19 19 15 6 17 11 11 29 23 23 0 3 12 34 16 19 22 29 25 21
split_gain=4.59955 7.66069 7.90238 6.41206 6.14401 7.36572 5.35499 5.31837 6.48885 5.67457 5.26545 6.7681 4.95933 4.92757 4.57204 4.33414 3.90541 8.3679 3.89299 9.00003 8.1925 8.92591 8.33012 10.258 9.70203 11.7575 9.52932 7.90338 7.53618 7.0386
threshold=-1.7665923237800596 12.678295135498049 -1.2667360305786131 3.8605737686157231 -0.42958799004554743 -0.31800055503845209 0.24392045289278033 -0.46038399636745447 0.99014621973037731 6.1143321990966806 -1.0547325015068052 -0.33877134323120112 -1.5178775787353513 2.6724555492401127 -2.1556478738784786 4.2402455806732187 3.1809537410736088 -0.98212954401969899 -0.063526663929224 -0.13698478043079373 2.5000000000000004 0.44824056327342993 8.9321517944335955 0.6803039312362672 0.29968860745429998 0.66241598129272472 0.73938214778900158 -0.99273797869682301 0.19510243833065036 1.310144364833832
decision_type=8 2 10 2 2 2 2 2 8 8 10 8 10 10 8 2 2 2 8 10 2 2 2 2 10 10 10 2 2 10
left_child=1 2 3 -1 12 6 -6 8 -3 13 -11 -12 -4 -9 -7 -16 17 -14 19 29 -21 22 23 24 25 26 27 -22 -29 -2
right_child=18 7 4 -5 5 14 -8 9 -10 10 11 -13 16 -15 15 -17 -18 -19 -20 20 21 -23 -24 -25 -26 -27 -28 28 -30 -31
leaf_value=0.079188343254259885 -0.00037796634369783948 0.031328104940759958 0.022659743256591647 -0.014048248751912946 -0.0094668447757391052 -0.015655060548466722 0.089644621900280511 0.0080039304768021458 -0.0020681966449271698 -0.0098906089921901828 0.049649011425596176 0.0039172071623324095 0.075939549448497984 -0.033498780092381893 -0.016595336701488096 0.037871948990059197 -0.015122540758344339 -0.017937723994173819 -0.0017725600319939429 -0.017319843799122974 -0.012232444360179907 0.0011715057015720277 0.053772893383500241 -0.0017791275524562417 -0.01399459939540355 -0.0087768485267897354 -0.0076049243895333369 0.021220256627644256 0.10055825699121757 0.012826400082589614
leaf_weight=0.86868112566480593 1088.6911617740443 19.954498785256874 2.993544410022877 0.62812122376635671 0.44263589875845066 4.8286009032963193 0.71995725565648172 4.2387109084229468 6.8223705560667467 5.108623516745868 4.4771130601875484 6.6236319912131858 0.41051513205457002 4.5194256476825103 1.2286570944361299 3.2346364905388327 36.36115863075247 1.4521642370400503 1106.6267209315483 7.1071061020502375 0.64115008839871279 24.569347067365015 6.3310339902527621 13.96898234765831 2.6181957197295551 2.5617461790498046 1.3765041136066427 2.1401167822477936 4.548411666553875 36.585553707975123
leaf_count=163 126587 241 58 13 361 4044 84 126 145 38 35 98 132 82 3696 303 2376 1865 135409 1538 38 857 75 777 1340 747 513 1429 408 5459
internal_value=-0.000210663 0.00590202 -0.00209716 0.0501063 -0.00453195 0.0150744 0.0649811 0.0140053 0.0230511 0.00378992 0.014026 0.0249403 -0.00974422 -0.0146507 0.00312299 0.022585 -0.012795 0.0220519 -0.000492206 0.000697795 0.0113912 0.0150959 0.0247855 0.0165619 0.0338925 0.0452532 0.0604176 0.0725715 0.0812344 6.23477e-05
internal_weight=2402.68 104.913 53.1687 1.4968 51.6719 10.4545 1.16259 51.7444 26.7769 24.9675 16.2094 11.1007 41.2174 8.75814 9.29189 4.46329 38.2238 1.86268 2297.77 1191.14 65.8626 58.7555 34.1861 27.8551 13.8861 11.2679 8.70618 7.32968 6.68853 1125.28
internal_count=289037 13860 13095 176 12919 8488 445 765 386 379 171 133 4431 208 8043 3999 4373 1997 275177 139768 7722 6184 5327 5252 4475 3135 2388 1875 1837 132046
is_linear=0
shrinkage=0.03


Tree=272
num_leaves=31
num_cat=0
split_feature=20 11 21 21 33 28 19 4 8 21 24 28 21 11 13 17 28 0 22 6 15 17 17 34 12 31 5 21 33 15
split_gain=4.4291 8.26486 5.87536 5.36444 5.54944 6.80599 9.28257 6.30959 5.92387 8.317 5.14432 4.62142 5.05387 5.19202 4.01457 10.5194 12.4909 12.1091 10.5944 9.79332 7.97101 8.28802 9.93877 10.7351 8.44639 7.93121 8.86282 8.26721 7.79724 9.50882
threshold=-1.5680059194564817 11.252642154693605 -2.7952520847320552 0.48239274322986608 3.6141122579574589 -0.50556187331676472 -1.5100377202033994 40.890956878662116 1.9175794720649721 -0.46766765415668482 1.5651921033859255 -0.99054482579231251 -0.13994357734918592 6.1182446479797372 -1.2134677767753599 -1.105588376522064 -0.59869033098220814 2.5000000000000004 -0.24110337346792218 11.893356323242189 -1.5772650837898252 1.0847653150558474 -0.062159439548850053 1.4413047432899477 -0.9279808998107909 220.38897705078128 -3.45591127872467 0.62790784239768993 0.59190997481346141 -1.290644586086273
decision_type=10 2 10 10 2 2 10 2 2 10 10 2 10 2 10 10 2 2 10 10 10 10 10 2 2 2 10 8 2 10
left_child=1 11 -2 4 5 6 -3 8 9 -7 -5 12 -1 -14 15 18 17 -17 -4 20 25 22 -22 24 -24 26 -19 -28 29 -18
right_child=2 3 14 10 -6 7 -8 -9 -10 -11 -12 -13 13 -15 -16 16 28 19 -20 -21 21 -23 23 -25 -26 -27 27 -29 -30 -31
leaf_value=-0.021405032815055951 -0.027377985606842074 -0.0023023670178712115 -0.012103358512723148 -0.015979547424076188 0.029588094577897156 -0.020490289228428819 0.038314727619077692 0.024073292032355774 -0.019420920556456375 0.059816136130994756 0.0083254883518255763 -0.016635139519185001 -0.015120708428955998 0.05229101059600115 -0.00051797894118043274 -0.014747501981301552 -0.016495208814582819 -0.022525602566249983 0.032065927182704242 0.032405265070878903 -0.014643626136310324 -0.00045902778389154595 0.072801164306443081 -0.0087681884536985957 0.025231183012021152 -0.018284270015026461 0.079267898050515748 -0.014136357663418246 0.0044724954658365099 0.0023204542136004329
leaf_weight=1.7567853903401554 6.0963807805292154 11.425033827777954 5.8795515522524537 24.465791984577663 6.8921827226877204 1.5991552912892077 7.9467456496786317 3.876373164355754 19.963110746699385 1.2918775557191171 10.578951801289803 53.832613212200158 0.99881987246590087 2.0571970032178797 1967.7005409379581 14.050119728199205 58.055010454985677 1.60485798641821 18.965654818564872 19.969730771845207 3.8217825471383575 17.07812308773282 5.6200936611785499 3.7777711619564789 10.540507893054381 14.28569311216779 1.6933586544728341 0.86176209192308317 65.384257439778594 40.550958943618753
leaf_count=460 940 233 1134 532 32 73 154 18 464 65 173 14901 323 187 241148 1699 11483 118 1062 242 799 1181 616 226 1286 1922 212 249 1680 5656
internal_value=-0.000453152 -0.00548633 -0.0001236 0.00035119 0.0063303 0.00229896 0.0154226 -0.00742499 -0.0135527 0.0215454 -0.00861516 -0.0141087 0.012151 0.0319625 -3.76186e-05 0.00330252 0.00146391 0.0101685 0.0215495 0.0147143 0.00831642 0.0155918 0.0266812 0.0349234 0.0450527 -0.00776447 0.0249037 0.0526503 -0.00352023 -0.0088118
internal_weight=2402.62 146.685 2255.94 88.0392 52.9945 46.1023 19.3718 26.7305 22.8541 2.89103 35.0447 58.6454 4.8128 3.05602 2249.84 282.139 257.294 93.3038 24.8452 79.2537 59.284 40.8383 23.7602 19.9384 16.1606 18.4457 4.15998 2.55512 163.99 98.606
internal_count=289268 17615 271653 1744 1039 1007 387 620 602 138 705 15871 970 510 270713 29565 27369 8550 2196 6851 6609 4108 2927 2128 1902 2501 579 461 18819 17139
is_linear=0
shrinkage=0.03


Tree=273
num_leaves=31
num_cat=0
split_feature=28 29 29 11 27 28 25 28 27 27 1 31 11 31 14 27 29 28 28 31 1 1 29 27 1 20 28 31 28 29
split_gain=3.77431 10.651 15.239 12.0767 18.1027 14.0759 14.6639 11.4853 10.1815 18.5618 17.286 16.9173 14.8338 10.095 9.90189 9.43977 10.5809 22.2686 20.3951 22.7181 25.2281 11.7897 9.99633 10.1491 13.4782 11.0929 9.32295 8.78357 16.9267 12.8632
threshold=-0.23537230491638181 -0.92272481322288502 -0.90161547064781178 17.829542160034183 0.80878135561943065 -0.99630266427993763 0.13306233286857608 -0.59869033098220814 0.67204302549362194 0.56827956438064586 6.176544427871705 334.84590148925787 14.827176094055178 513.0165252685548 -1.158303380012512 0.73763442039489757 -0.24372464418411252 -0.78326541185379017 -0.75015330314636219 325.69728088378912 8.8748779296875018 25.785140991210941 -0.21022038161754605 0.45358422398567205 22.957602500915531 -0.5564826726913451 -0.99763298034667958 471.14257812500006 -0.99467751383781422 0.046214086934924133
decision_type=2 2 2 2 2 2 2 2 2 2 2 2 2 2 10 2 2 2 2 2 2 2 2 2 2 10 2 2 2 2
left_child=1 14 8 4 13 26 7 -7 9 -3 -11 -10 -13 15 -1 16 17 21 19 -19 -21 -4 23 -18 25 -25 -6 -24 29 -29
right_child=-2 2 3 -5 5 6 -8 -9 11 10 -12 12 -14 -15 -16 -17 22 18 -20 20 -22 -23 27 24 -26 -27 -28 28 -30 -31
leaf_value=-0.019851369652173847 0.001877070198374232 -0.0019735822717043177 -0.023060343526717715 0.0059803572307565549 0.0052725562101141651 -0.008578425766243054 -0.014744886311093981 0.020593154031963865 -0.0080411675269061976 0.097835950792831458 0.023911698362794383 0.036970002531674644 -0.00079131887246329557 -0.0064795925589691099 -0.0035105915842612166 0.016798383239958223 -0.022745395523603534 -0.013513539111066886 -0.00114227863840395 0.090049214535540101 0.0037364867451220047 0.0071648313886519569 0.0023672668171307695 -0.011205347422526084 -0.0041970718589528187 0.059837891333953397 0.082901955629940488 0.10004108819999202 -0.0033124027260014914 -0.017630807102556677
leaf_weight=39.067056235682685 1030.5269920939299 10.027838683279697 56.491969476519444 213.35004164765269 3.8202673174382653 27.326742668810766 167.52544295263942 20.323438878345769 36.375828327611089 3.875484165677336 9.1727360197110084 20.350964157609269 16.601548670325428 136.22921651561592 204.07035367080243 38.551445612014504 2.8027656193153261 5.9907514175574788 104.99962728361425 6.645060071081387 5.2178213651059195 14.049869321286677 204.93989437976961 2.0314909541630213 6.0856142677366725 10.900645362184148 1.3350233888486389 2.5860487937025032 5.3877755653484183 0.74301132441905782
leaf_count=1199 166667 701 12078 3133 276 1714 5584 721 734 138 145 431 204 23761 5920 2073 471 758 8715 273 138 97 50602 150 43 411 56 209 1913 76
internal_value=0.000504925 -0.000522679 0.000700706 -0.00036427 -0.00201231 -0.00935151 -0.0105876 0.00403119 0.0120462 0.0290114 0.0512695 0.00638883 0.0204312 0.000677502 -0.00620677 0.00277279 0.00147589 -0.00371327 0.00400566 0.0327361 0.055327 -0.0170244 0.00573537 0.0246229 0.0323913 0.0486746 0.035578 0.00370069 0.0315805 0.075772
internal_weight=2407.4 1376.88 1133.74 1037.33 823.984 220.331 215.176 47.6502 96.4044 23.0761 13.0482 73.3283 36.9525 603.653 243.137 467.424 428.872 193.395 122.853 17.8536 11.8629 70.5418 235.477 21.8205 19.0178 12.9321 5.15529 213.657 8.71684 3.32906
internal_count=289391 122724 115605 113252 110119 8351 8019 2435 2353 984 283 1369 635 101768 7119 78007 75934 22059 9884 1169 411 12175 53875 1075 604 561 332 52800 2198 285
is_linear=0
shrinkage=0.03


end of trees

feature_importances:
month_sin=909
month_cos=699
clim_wet_frac=549
fc_clim_ratio=453
fc_region_mean=364
elevation_proxy_m=357
fc_neighbor_std=317
fc_jump_abs=282
dewpoint_depression=282
dewpoint_z=277
elev_x_fc=273
lead_day=259
fc_jump=246
forecast_rain=245
hist_bust_rate=240
mslp_region_z=238
fc_region_dev=230
wind_v_z=213
dewpoint_depression_z=181
wind_u_z=179
wind_speed_z=174
temp_z=172
mslp_tendency=163
era5_tp_rel=160
surface_pressure_z=145
region_id=136
mslp_z=126
fc_log1p=121
coastal_x_fc=112
fc_minus_rain_threshold=105
coastal=9
bust_threshold_mm=4

parameters:
[boosting: gbdt]
[objective: binary]
[metric: binary_logloss]
[tree_learner: serial]
[device_type: cpu]
[data_sample_strategy: bagging]
[data: ]
[valid: ]
[num_iterations: 3000]
[learning_rate: 0.03]
[num_leaves: 31]
[num_threads: 0]
[seed: 0]
[deterministic: 0]
[force_col_wise: 0]
[force_row_wise: 0]
[histogram_pool_size: -1]
[max_depth: -1]
[min_data_in_leaf: 50]
[min_sum_hessian_in_leaf: 0.001]
[bagging_fraction: 0.8]
[pos_bagging_fraction: 1]
[neg_bagging_fraction: 1]
[bagging_freq: 1]
[bagging_seed: 7719]
[bagging_by_query: 0]
[feature_fraction: 0.8]
[feature_fraction_bynode: 1]
[feature_fraction_seed: 2437]
[extra_trees: 0]
[extra_seed: 11797]
[early_stopping_round: 0]
[early_stopping_min_delta: 0]
[first_metric_only: 0]
[max_delta_step: 0]
[lambda_l1: 0]
[lambda_l2: 1]
[linear_lambda: 0]
[min_gain_to_split: 0]
[drop_rate: 0.1]
[max_drop: 50]
[skip_drop: 0.5]
[xgboost_dart_mode: 0]
[uniform_drop: 0]
[drop_seed: 21238]
[top_rate: 0.2]
[other_rate: 0.1]
[min_data_per_group: 100]
[max_cat_threshold: 32]
[cat_l2: 10]
[cat_smooth: 10]
[max_cat_to_onehot: 4]
[top_k: 20]
[monotone_constraints: ]
[monotone_constraints_method: basic]
[monotone_penalty: 0]
[feature_contri: ]
[forcedsplits_filename: ]
[refit_decay_rate: 0.9]
[cegb_tradeoff: 1]
[cegb_penalty_split: 0]
[cegb_penalty_feature_lazy: ]
[cegb_penalty_feature_coupled: ]
[path_smooth: 0]
[interaction_constraints: ]
[verbosity: -1]
[saved_feature_importance_type: 0]
[use_quantized_grad: 0]
[num_grad_quant_bins: 4]
[quant_train_renew_leaf: 0]
[stochastic_rounding: 1]
[linear_tree: 0]
[max_bin: 255]
[max_bin_by_feature: ]
[min_data_in_bin: 3]
[bin_construct_sample_cnt: 200000]
[data_random_seed: 38]
[is_enable_sparse: 1]
[enable_bundle: 1]
[use_missing: 1]
[zero_as_missing: 0]
[feature_pre_filter: 1]
[pre_partition: 0]
[two_round: 0]
[header: 0]
[label_column: ]
[weight_column: ]
[group_column: ]
[ignore_column: ]
[categorical_feature: ]
[forcedbins_filename: ]
[precise_float_parser: 0]
[parser_config_file: ]
[objective_seed: 8855]
[num_class: 1]
[is_unbalance: 0]
[scale_pos_weight: 1]
[sigmoid: 1]
[boost_from_average: 1]
[reg_sqrt: 0]
[alpha: 0.9]
[fair_c: 1]
[poisson_max_delta_step: 0.7]
[tweedie_variance_power: 1.5]
[lambdarank_truncation_level: 30]
[lambdarank_norm: 1]
[label_gain: ]
[lambdarank_position_bias_regularization: 0]
[eval_at: ]
[multi_error_top_k: 1]
[auc_mu_weights: ]
[num_machines: 1]
[local_listen_port: 12400]
[time_out: 120]
[machine_list_filename: ]
[machines: ]
[gpu_platform_id: -1]
[gpu_device_id: -1]
[gpu_device_id_list: ]
[gpu_use_dp: 0]
[num_gpu: 1]

end of parameters

pandas_categorical:[]
