{"type": "FeatureCollection", "features": [{"type": "Feature", "properties": {"subdivision_id": 27, "subdivision_code": "CST.AP", "subdivision_name": "Coastal Andhra Pradesh"}, "geometry": {"type": "MultiPolygon", "coordinates": [[[[80.27319000037511, 13.400759999836666], [80.17840999963629, 13.441910000297622], [80.04748099783562, 13.487971318364918], [79.95432495177957, 13.668378723882173], [79.74829550577022, 13.772668257122115], [79.71830246588429, 13.887323507066746], [79.64046009964522, 13.800798055496893], [79.57129450997823, 13.905641859560147], [79.43419431841308, 13.904800604658655], [79.44185097424904, 14.220536688101657], [79.32240424825224, 14.458867567330016], [79.20345992883374, 14.60146347359552], [79.11259798647527, 14.887675628970822], [79.06083937133957, 15.174159180801528], [78.93265218594696, 15.192145574668245], [78.74517028215465, 15.228593388869207], [78.82739366438663, 15.84138898504249], [78.92469353894181, 15.985780022074179], [78.915270274753, 16.083304561769268], [78.91752298762559, 16.081334361573443], [78.92870399198303, 16.194995796630074], [79.06429819578935, 16.244088968049237], [79.20067575966759, 16.215404478933216], [79.21125691198624, 16.41274220338746], [79.23472617890829, 16.556393535128574], [79.4202997956472, 16.599726183831784], [79.63051897747835, 16.678931856286717], [79.7914745510249, 16.72776057666795], [79.87854048073986, 16.69238062631852], [79.92853058077404, 16.626880727430535], [80.07663946894355, 16.777062529941187], [79.99539404780356, 16.884297657851437], [80.11289954575756, 16.986478657579312], [80.20591955577656, 17.028714030975923], [80.30550782119869, 16.987226052790014], [80.35568236627324, 16.8498732117341], [80.39303106486427, 16.82009149586687], [80.5110754560642, 16.78453075674596], [80.60419236080804, 16.778751449494926], [80.57298436039594, 16.856419564679694], [80.59768233809982, 16.92224109723217], [80.50438530986831, 16.96986939028152], [80.49833084567747, 16.910063184645697], [80.40494089566046, 16.981561612043592], [80.39840277762053, 17.083185472909665], [80.46692163681764, 17.03554479657221], [80.51656579125903, 17.0655643645117], [80.5598822932319, 17.14937012658916], [80.65945171867189, 17.113687637662284], [80.67202329271365, 17.03597916483168], [80.70925958206341, 17.071911036120184], [80.83362190962785, 17.03617565267688], [80.88326672910019, 17.161774017887183], [80.939242717652, 17.161798612188694], [80.92677539956274, 17.23354459278971], [80.99521830985614, 17.179745281993924], [81.1818753656995, 17.23347572956595], [81.1757384626657, 17.32316782101416], [81.25043754104358, 17.32308836630747], [81.3190457567685, 17.400717929543102], [81.3812461572611, 17.364735024545368], [81.51232923588711, 17.484019023843977], [81.5376022680176, 17.603527394767454], [81.58786399772085, 17.722957076295025], [81.71908096172912, 17.77632662197041], [81.7943836137697, 17.871689032431163], [81.8065827971181, 17.906234874413475], [81.90811000002822, 17.937920000385553], [82.00063000021166, 17.953540000149015], [82.11717999954138, 18.02456999972253], [82.240229999634, 17.992319999890697], [82.28539000009509, 18.02515999958428], [82.36535999968405, 18.249839999909515], [82.33528000030968, 18.397030000088584], [82.39065999985237, 18.45478999992417], [82.52105000001976, 18.441780000346352], [82.57897000040386, 18.214249999793473], [82.6411900002372, 18.209600000031422], [82.8057699998917, 18.334310000462324], [82.8332400003804, 18.40540000004788], [82.9246799998674, 18.339809999684586], [83.05514000039736, 18.33667000001909], [83.02055999972329, 18.58530000008282], [83.14517999955171, 18.73361999987419], [83.25438999993914, 18.727959999582314], [83.40668000044049, 18.82917000001985], [83.32378000002696, 18.935669999724873], [83.35355000014086, 18.959260000368282], [83.44319999954162, 18.94643000017279], [83.63830999966534, 19.117219999972917], [83.67447999979275, 18.978119999714757], [83.77158000010303, 18.9036900000971], [83.79377999964268, 18.93573999971878], [83.81510000013846, 18.97244999985612], [83.8794899994916, 18.7918300004487], [84.2814900002248, 18.740190000001945], [84.3916600001047, 18.851870000264], [84.41654000010742, 18.94788999960041], [84.64113999993425, 19.05203000015918], [84.62195999985924, 19.1035800003353], [84.73182999983553, 19.079469999932577], [84.78206999944504, 19.020610000015846], [84.09760999956207, 18.22501999975154], [83.75338999961656, 18.061440000247014], [83.62598999968023, 17.968319999779574], [83.48704999971473, 17.874410000453008], [83.37331000040876, 17.671210000043352], [83.23290999997901, 17.584590000276346], [83.21912000034244, 17.521650000029627], [82.57808000039772, 17.196750000043643], [82.28932999982904, 16.89047000045119], [82.32102999991446, 16.806400000056815], [82.36979000009781, 16.907949999793324], [82.41653000002104, 16.86454000012], [82.34418000039925, 16.664810000065618], [82.31874000028087, 16.498809999621383], [81.71849000011082, 16.276640000387133], [81.64538000013285, 16.285769999616175], [81.59736000015873, 16.30021000014591], [81.33915000034709, 16.29617999992857], [81.19779999977548, 15.955420000144782], [81.05156999953411, 15.80696999975179], [81.03849999996118, 15.723440000351381], [80.854559999719, 15.63739999998257], [80.78924000045195, 15.80226999956141], [80.58366000039422, 15.80715999969905], [80.4343900003052, 15.71496999978914], [80.33040999971782, 15.630860000287733], [80.22798999996057, 15.371099999691314], [80.12910000002427, 15.29617000037789], [80.0528300001749, 14.960109999781782], [80.16759999967519, 14.535359999896668], [80.18326000008851, 14.294829999932118], [80.1658899995373, 14.202040000035417], [80.05906999979467, 14.133650000028318], [80.153309999815, 14.112959999604227], [80.26465999969962, 13.747810000439584], [80.30919999960145, 13.385779999589928], [80.27319000037511, 13.400759999836666]]]]}}, {"type": "Feature", "properties": {"subdivision_id": 4, "subdivision_code": "AR", "subdivision_name": "Arunachal Pradesh"}, "geometry": {"type": "MultiPolygon", "coordinates": [[[[92.22435331954854, 26.944889329216075], [92.09696315464117, 27.198439391552874], [92.1854633938456, 27.364899354729232], [92.063713195634, 27.518059410711988], [91.68678252266876, 27.57007955371368], [91.62311243749129, 27.6413095754553], [91.68865257840469, 27.777229555958908], [91.66703257076244, 27.89545956448301], [92.00677315822028, 27.761049438386866], [92.25780375264247, 27.91867933075855], [92.39642406614388, 27.86547926098492], [92.57340454451665, 27.906599166183792], [92.78098520533167, 28.032829042398316], [92.72171507971798, 28.149119083282095], [92.7689252539762, 28.21249905552192], [93.28307720586803, 28.41822868012678], [93.22212701032959, 28.50362873531817], [93.34402763456929, 28.69935863926928], [93.429118036471, 28.742758565441495], [94.02636119123935, 28.794737917477153], [94.03309134654964, 28.92566791884441], [94.2532429990195, 29.182437641886317], [94.64685621435062, 29.42400704812005], [94.76673717302283, 29.37406682901378], [94.81267747504452, 29.29253673459645], [95.0423595857311, 29.28131627449058], [95.35785265378809, 29.154805533021907], [95.49961426914356, 29.161675170531932], [95.63933634103418, 29.37314482491636], [96.09986315895264, 29.58588342748971], [96.31993607049257, 29.34634256009785], [96.41637785637778, 29.412902196995052], [96.43158794843383, 29.349652117894447], [96.36893668065858, 29.26978234746053], [96.18919361161085, 29.193563014002198], [96.222173716928, 29.031992852306324], [96.39099671341494, 29.144862225722555], [96.54921950222341, 29.173091573187143], [96.53916912578737, 29.10450159724466], [96.65619049121723, 28.869471008645633], [96.38827529664015, 28.653552108282554], [96.40237536593123, 28.599612036553236], [96.3208439638036, 28.556962355810683], [96.37955471893075, 28.50188210611703], [96.44328561673791, 28.463261832010005], [96.67910999073712, 28.588030819316725], [96.91162393910533, 28.489759644523573], [97.161238974803, 28.493218278941743], [97.45488490583021, 28.366026416925486], [97.38507270129112, 28.23589681752117], [97.46217403853596, 28.151346280558545], [97.42824284187279, 28.063046469965755], [97.3345506908511, 28.043527064534512], [96.97787233660992, 27.76330906417067], [97.0738730852587, 27.523018454746367], [97.25430539917593, 27.283047302665288], [97.2165545098424, 27.24969752492065], [96.98226072254563, 27.36324892200879], [96.82667877920602, 27.546749801916036], [96.62646512040645, 27.44407076094371], [96.30512025520252, 27.400252161080637], [96.14544790253716, 27.324682775010753], [96.00680570926112, 27.160003257369983], [95.5272996701336, 26.796094748706754], [95.37563824263897, 26.776945167930766], [95.28325761510578, 26.859605418664763], [95.2875281253164, 27.090015432595305], [95.33010861488233, 27.143125329088175], [95.46688005027612, 27.217474972150825], [95.5544009955341, 27.255334729008364], [95.61478182473007, 27.34744456496919], [95.69236262306565, 27.338874330274024], [95.7673834714004, 27.351834097050848], [95.96737581991027, 27.36875343217769], [96.0986176606298, 27.446002973976785], [96.11900806713535, 27.496162906935794], [96.07882763495252, 27.525213061055457], [95.97536634913367, 27.527703431749956], [95.97779667068873, 27.636083442781768], [95.89308583662233, 27.713343745901], [95.86951583770394, 27.826733843367286], [96.02611844071134, 28.072403354682034], [95.77813536346328, 28.086424181964492], [95.61518328077032, 27.993934659495547], [95.34109036325223, 27.971065404887604], [94.98631690257645, 27.845196222364816], [94.65119401627531, 27.65771686986554], [94.45150265103536, 27.65852721658613], [94.3910922754363, 27.671217315929475], [94.35066208033857, 27.72162738283151], [94.29465170813475, 27.701587467845382], [94.30065166718411, 27.63507745426443], [94.36843205067629, 27.60417734701155], [94.09696024687273, 27.41725773580293], [93.92857919034857, 27.24169794752174], [93.9045989362141, 27.104717971293322], [93.76767821795201, 27.019988132765576], [93.60731751419623, 27.007848311009056], [93.33996646702236, 27.000928575299273], [93.13524573127417, 26.964408751764196], [92.83398488041321, 27.09166898196253], [92.74647462833968, 27.08013904013708], [92.57253413240898, 26.998349145467188], [92.41299373420004, 26.957899234659397], [92.29749346593572, 26.926469293102386], [92.22435331954854, 26.944889329216075]]]]}}, {"type": "Feature", "properties": {"subdivision_id": 10, "subdivision_code": "ASM", "subdivision_name": "Assam & Meghalaya"}, "geometry": {"type": "MultiPolygon", "coordinates": [[[[95.2875281253164, 27.090015432595305], [95.10341638287302, 26.99494587137977], [94.96360525771253, 26.979226185249473], [94.89435455470121, 26.870556323947852], [94.76448353020454, 26.806586583702266], [94.68095290087574, 26.76238674175366], [94.60489240606064, 26.76012688318772], [94.41087089323578, 26.51660720497165], [94.3657507553985, 26.60168728387992], [94.25227990900682, 26.423387452460787], [94.10561895916265, 26.246647659864962], [94.05672849408734, 26.04773771919463], [94.08819856000133, 25.98358767160899], [93.9731479778247, 25.92164782755123], [93.82819742309185, 25.964708015345806], [93.50664595030703, 25.664258368882212], [93.49567582915554, 25.570218377365773], [93.5835260460033, 25.493128282222816], [93.59556595264148, 25.35544826514519], [93.53528577063241, 25.36965833034661], [93.4662654914313, 25.301898401008476], [93.36693493837402, 25.009338492411516], [93.31525473302496, 24.935388540325476], [93.28226460078817, 24.88278857018249], [93.22787445905405, 24.880328619347324], [93.17334423762885, 24.774198666061945], [93.26797439480961, 24.68321857898552], [93.25658428027948, 24.58229858741876], [93.1390539845439, 24.55898869154263], [93.12041378840179, 24.366258703904997], [92.98112348605964, 24.353098818264517], [92.89632340129556, 24.47231888453207], [92.6727527546105, 24.10686903712618], [92.56736260853985, 24.146139104230627], [92.52408256262143, 24.18457913069816], [92.48923253820857, 24.236659152587766], [92.35747233586456, 24.224449226270643], [92.4096124577117, 24.31105919810717], [92.3678724973852, 24.51108922323757], [92.40779267821978, 24.742129204032757], [92.3413026243863, 24.850599241530567], [92.3634926978504, 24.925969230309487], [92.55291298757561, 24.854119120851532], [92.5864230699177, 24.89299910089776], [92.5977931300146, 24.96105909543824], [92.53036305107496, 25.04679913721194], [92.28097266819972, 25.150459275851343], [92.14050247625973, 25.22607934567101], [91.76444192168373, 25.1444095016653], [91.50291163308901, 25.19573959058627], [91.21251135051088, 25.226839672590895], [91.07272121836401, 25.186829706214816], [90.4402807716165, 25.16155982481461], [89.92500053368194, 25.294269887872396], [89.89713052421013, 25.326319890557482], [89.95851057576935, 25.60604988505085], [89.90961057125895, 25.80609989018073], [89.94585059039069, 25.843679887043205], [89.95142060192497, 25.94654988667502], [89.78857055287371, 26.250709902974876], [89.83978057906883, 26.291149898576048], [89.88529060253137, 26.325279894355386], [89.90119061467605, 26.383899892580505], [89.9067106211017, 26.429889891899307], [89.90943063401603, 26.579069892591974], [89.92184065123102, 26.717199891266592], [90.24525084032678, 26.768279855809734], [90.31918090082289, 26.881739846902015], [90.45349099947381, 26.917729828965566], [90.54451105964627, 26.849389814859393], [90.72112119624022, 26.78933978596296], [91.05145151030928, 26.79060972057819], [91.17281165292924, 26.84685969240722], [91.40437192540459, 26.80969963216015], [91.49992206618741, 26.870339604830185], [91.60663220613363, 26.825319571373793], [91.7931524956416, 26.840879507719098], [91.96201281864109, 26.955769444872914], [92.159893165768, 26.882379358190992], [92.22435331954854, 26.944889329216075], [92.29749346593572, 26.926469293102386], [92.41299373420004, 26.957899234659397], [92.57253413240898, 26.998349145467188], [92.74647462833968, 27.08013904013708], [92.83398488041321, 27.09166898196253], [93.13524573127417, 26.964408751764196], [93.33996646702236, 27.000928575299273], [93.60731751419623, 27.007848311009056], [93.76767821795201, 27.019988132765576], [93.9045989362141, 27.104717971293322], [93.92857919034857, 27.24169794752174], [94.09696024687273, 27.41725773580293], [94.36843205067629, 27.60417734701155], [94.30065166718411, 27.63507745426443], [94.29465170813475, 27.701587467845382], [94.35066208033857, 27.72162738283151], [94.3910922754363, 27.671217315929475], [94.45150265103536, 27.65852721658613], [94.65119401627531, 27.65771686986554], [94.98631690257645, 27.845196222364816], [95.34109036325223, 27.971065404887604], [95.61518328077032, 27.993934659495547], [95.77813536346328, 28.086424181964492], [96.02611844071134, 28.072403354682034], [95.86951583770394, 27.826733843367286], [95.89308583662233, 27.713343745901], [95.97779667068873, 27.636083442781768], [95.97536634913367, 27.527703431749956], [96.07882763495252, 27.525213061055457], [96.11900806713535, 27.496162906935794], [96.0986176606298, 27.446002973976785], [95.96737581991027, 27.36875343217769], [95.7673834714004, 27.351834097050848], [95.69236262306565, 27.338874330274024], [95.61478182473007, 27.34744456496919], [95.5544009955341, 27.255334729008364], [95.46688005027612, 27.217474972150825], [95.33010861488233, 27.143125329088175], [95.2875281253164, 27.090015432595305]]]]}}, {"type": "Feature", "properties": {"subdivision_id": 12, "subdivision_code": "BR", "subdivision_name": "Bihar"}, "geometry": {"type": "MultiPolygon", "coordinates": [[[[87.94475009129368, 25.22506998491902], [87.70898444755508, 25.27703856282276], [87.586608951212, 25.348999012606143], [87.4776001542235, 25.21820067541336], [87.35223393641947, 25.213989250636747], [87.24920658607603, 25.111389153584447], [87.1690063868031, 25.04620360675841], [87.16040042798608, 24.896423334043753], [87.09460452625179, 24.825012201534424], [87.05358889780516, 24.608032221975556], [86.95800784022126, 24.649414057571104], [86.91522219459888, 24.574829097613485], [86.60021974489263, 24.600219723801935], [86.53100587493871, 24.544006345082714], [86.46942140139863, 24.380432126458846], [86.28900147674267, 24.462036131487466], [86.32440186753574, 24.58642577893401], [86.15618897474621, 24.591186521575647], [86.0578003017273, 24.778991697618032], [85.70959473234929, 24.769226073628392], [85.67938232900919, 24.594604491120702], [85.39501953461998, 24.532226561285793], [85.16601562730138, 24.412597656225337], [84.90661621191012, 24.395019530752126], [84.82800293095882, 24.524841309230943], [84.49182129003019, 24.29119872955315], [84.28198242220998, 24.548034668210633], [84.11761474630221, 24.479187012392337], [84.02899169960509, 24.632202148403245], [83.94018554736182, 24.550415038644783], [83.81280517640566, 24.52819824212442], [83.55588999964543, 24.520730000350746], [83.41956000053771, 24.701439999612283], [83.37164000053387, 24.752230000364076], [83.3536299999689, 24.997360000249397], [83.4106899997931, 25.16332000030141], [83.5136499997283, 25.218849999880614], [83.65848000027701, 25.27867999970682], [83.76797999998622, 25.31114000035455], [83.89249999988472, 25.432050000094154], [83.96708999988924, 25.499629999646125], [84.43536000090508, 25.702129999952792], [84.54428000090702, 25.592270000128526], [84.64248000118934, 25.596289999819174], [84.61140000129686, 25.695830000138805], [84.52675000060519, 25.74049999981858], [84.193480000094, 25.931849999925248], [84.0437200001668, 26.02482000000558], [84.01386000040121, 26.138270000508818], [84.17534000010231, 26.173450000058537], [84.16946000060265, 26.283220000464578], [83.91399000005441, 26.38523000007959], [83.93259000014353, 26.430870000446475], [84.03658000024349, 26.463300000348564], [84.12913000040795, 26.57249000009173], [84.39000000097121, 26.54371999995386], [84.37923000124455, 26.634670000256207], [84.29778000081491, 26.643160000220636], [84.24610000031846, 26.73548000040052], [84.07288000077416, 26.810170000241897], [83.98814000002197, 27.202109999728115], [83.9346600004969, 27.258470000106023], [83.8894900001806, 27.234520000028176], [83.82247999999164, 27.238399999989397], [83.81232000065185, 27.278430000096346], [83.84755000030651, 27.31683000031994], [83.89517000076535, 27.32282], [83.83792000019324, 27.39149000011582], [83.86555000073811, 27.423519999962913], [84.03863000064653, 27.40563999978294], [84.13528000092161, 27.44947000026936], [84.30825000035013, 27.33067999986379], [84.64856000107137, 27.2641400004568], [84.71118000115779, 27.135680000033307], [84.689790000997, 26.987600000294677], [84.7568400012196, 26.959720000071467], [85.16548000277746, 26.823739999641315], [85.26472000394932, 26.725589999965287], [85.65800000672185, 26.823119999517267], [85.73901000791064, 26.743409999541555], [85.74954000827815, 26.599559999183047], [85.87189000923951, 26.53123999957502], [86.06055001184177, 26.60917999865295], [86.1640200141826, 26.601909998622155], [86.41837001932016, 26.55303999831486], [86.79049003088608, 26.382299996193762], [87.0736900432857, 26.54851999538392], [87.09379004408318, 26.443679994741764], [87.3840900602194, 26.337119992738764], [87.51559006961241, 26.41474999151471], [87.6825300829291, 26.366299988750722], [87.93021010762065, 26.4392199856092], [88.0611601212025, 26.3389099832971], [88.18238013993403, 26.528169980260632], [88.25878014977825, 26.492969979351], [88.30048015513594, 26.413289977480563], [88.32689015647621, 26.299419977460964], [88.0546801177908, 26.138819982663133], [87.91021009959059, 25.972249985700124], [87.88891009558714, 25.8493799863075], [88.10076011406805, 25.648079981779098], [88.06435010831711, 25.55148998292081], [88.15511011834649, 25.50218998081876], [88.11669011310117, 25.455889981563338], [87.9974601001293, 25.466869983626175], [87.88350008902687, 25.412129985531347], [87.94475009129368, 25.22506998491902]]]]}}, {"type": "Feature", "properties": {"subdivision_id": 24, "subdivision_code": "KNK/GA", "subdivision_name": "Konkan & Goa"}, "geometry": {"type": "MultiPolygon", "coordinates": [[[[73.23077000167078, 20.078379961864417], [73.24183627716995, 20.100807787707915], [73.37067766516022, 20.040377464606447], [73.46402397478951, 19.980275855968692], [73.41170109038144, 19.814169787983175], [73.50687528074465, 19.71132872606567], [73.61203621257202, 19.55179947303983], [73.72094551470113, 19.470709641314556], [73.69286105977712, 19.426806881947275], [73.80882411540355, 19.35304177022765], [73.66830410131749, 19.30464601929515], [73.6711672687506, 19.2406153110832], [73.57669177733469, 19.172652028596126], [73.52815505021904, 19.08516621800191], [73.5482226113764, 18.971972473819], [73.44582094575945, 18.917930872244394], [73.34218085944144, 18.728466059358006], [73.40666073422075, 18.62425286386744], [73.29608657896428, 18.591243277619178], [73.43878470403277, 18.40471114296104], [73.50547468302346, 18.243498707505054], [73.6806044939015, 18.157660202596215], [73.62316266036548, 18.105570043198973], [73.64250909600457, 17.999417593401887], [73.55777684552203, 17.88928535562983], [73.60796511067211, 17.755816502564116], [73.61118859876038, 17.677554702498597], [73.72310902487435, 17.667493458411293], [73.75137417134782, 17.51886216946078], [73.67892146283629, 17.473427484811296], [73.68291315354355, 17.373802540529336], [73.73607335742592, 17.154808197492834], [73.83232304995424, 17.15826439478642], [73.9635958650847, 17.02030168322918], [74.05558167554165, 16.937903516077085], [74.3171679419538, 16.875326038045678], [74.52639813507784, 16.82497593072843], [74.66991167738743, 16.743802031052237], [74.7072188050864, 16.714312774026688], [74.67778003595544, 16.707369993193165], [74.65196003824649, 16.602299992453045], [74.5455200435819, 16.577399991907175], [74.54324004252253, 16.624749991924148], [74.43472004789055, 16.639709990496762], [74.36694005243143, 16.545039989503664], [74.23795006063985, 16.534269988421034], [74.32561005703423, 16.404539989334168], [74.30650005958215, 16.298069988913472], [74.43819005338648, 16.241009990429053], [74.46020005376333, 16.10863999089678], [74.3467600613097, 16.069509989581075], [74.41804005727836, 16.033219990860726], [74.31606006758244, 15.763839989593093], [74.19901007661338, 15.724529987449023], [74.14934007974595, 15.779909986696016], [74.10362008549194, 15.701539986205239], [74.08273008821725, 15.66100998593975], [74.23970007480558, 15.646599988728228], [74.23017007748962, 15.545039988202136], [74.21246008066818, 15.4609299881389], [74.28469007603987, 15.351299989064257], [74.29156007652986, 15.312449989360362], [74.1954600858109, 15.255099987630372], [74.26444008106469, 15.189079988696456], [74.21928008797171, 14.963009988615957], [74.09455010048904, 14.942019986287766], [74.02625010774582, 14.954099985034773], [73.94747011349241, 15.058789983928953], [73.90075011314987, 15.301899983289772], [73.81835012171273, 15.361839980948382], [73.85767011610689, 15.392699982012454], [73.76410012296402, 15.561989979838014], [73.70534012532865, 15.719239978946511], [73.5996101318881, 15.928099976064772], [73.5261501410302, 15.938949973930205], [73.34067014265791, 16.531139967914992], [73.37042013748903, 16.564589968654065], [73.31171012475578, 17.069499966199732], [73.23246012375867, 17.29018996351607], [73.28414011870863, 17.280629965596006], [73.207940122454, 17.382399962226902], [73.19272011667073, 17.540899961215462], [73.25951010907343, 17.57363996451062], [73.18861011437119, 17.60305996170044], [73.09272010822384, 17.926349957467977], [73.11900010174553, 18.008039957971413], [73.04148010825358, 18.02696995507182], [72.99079010205942, 18.218689952318098], [72.99776009919421, 18.268179952397777], [73.0435900953355, 18.266849955111653], [72.96901009574034, 18.36298995165873], [72.98689008502393, 18.541999952291576], [72.92555007914717, 18.725879948787615], [72.95634007341879, 18.79191995004189], [73.02329006924418, 18.777329953602546], [73.02021006670039, 18.835769953445595], [72.94630006869102, 18.879859950181316], [73.05489005195446, 19.094219954873967], [72.92772006401208, 18.987039948424485], [72.89458006579987, 18.984119946815635], [72.88468006166612, 19.064019946502963], [72.8378500496845, 19.300909943806534], [72.9277700419369, 19.3595499483654], [72.81989004428792, 19.38856994290999], [72.80906003796176, 19.495019942054878], [72.87186003498802, 19.520279945285], [72.86465003161311, 19.582269945019803], [72.77304003470093, 19.5662799400125], [72.72214001863667, 19.822749937246474], [72.7359700105236, 19.95038993747001], [72.80157000926381, 19.957179941330814], [72.86859998767461, 20.322249944682316], [72.93983998988958, 20.286479948467157], [72.99247999375687, 20.22040995148149], [72.98789999874427, 20.130239951013717], [73.06358000169543, 20.077859954787854], [73.23077000167078, 20.078379961864417]]]]}}, {"type": "Feature", "properties": {"subdivision_id": 20, "subdivision_code": "SAU/KCH", "subdivision_name": "Saurashtra & Kutch"}, "geometry": {"type": "MultiPolygon", "coordinates": [[[[72.86859998767461, 20.322249944682316], [72.92084998501814, 20.37402994751083], [72.96515998078368, 20.455229949752233], [72.98589998707976, 20.346409951431166], [72.86859998767461, 20.322249944682316]]], [[[71.28419994047155, 24.685853567216107], [71.26295127317887, 24.49871543582995], [71.36863461333063, 24.4700483268859], [71.4290901852128, 24.35554117894343], [71.23340476399538, 24.21277714798614], [71.32209180124879, 24.064635911845794], [71.31994262885449, 23.922481665862165], [71.1397157182474, 23.922744387664743], [70.98145801485667, 23.640409787021746], [71.18055314253046, 23.724259148838776], [71.30181946281232, 23.64915273708713], [71.40325320871491, 23.667361621329583], [71.42898899393944, 23.491426578377865], [71.79268749045079, 23.430637498769563], [71.97719911566931, 23.5481394839849], [71.99888980805466, 23.419068159899176], [71.89822227600305, 23.38949297251058], [71.85848868191542, 23.221319802126075], [72.02447851360252, 23.230966140893706], [71.89207151340682, 23.104827584802777], [72.08973149071127, 23.021406342567563], [71.99402275753508, 22.921163429502283], [72.09639605146532, 22.725539608138], [72.0366395237859, 22.662932874093986], [72.16025788684723, 22.52765034421199], [72.06621966925607, 22.40393446226685], [71.95229231513036, 22.587076734065054], [71.88696813962923, 22.417534723717086], [71.67129131769241, 22.405121552255277], [71.6609607895661, 22.17959234566615], [71.87052138169034, 22.08498901296969], [72.15436745129387, 22.01778080261857], [72.4494681629174, 22.103591084259325], [72.43999983865191, 22.066479917375716], [72.41978983815696, 22.0334299157189], [72.37507983735907, 21.97539991232824], [72.42752987404882, 21.603079916175307], [72.24084989309513, 21.198029900047555], [71.74975987307596, 20.979069846447555], [71.55135987224914, 20.86117981857701], [71.49511986374706, 20.881279809913813], [71.47755987013332, 20.83235980663292], [71.2824298567137, 20.800579772961886], [71.23094985509996, 20.781829763584284], [71.11764985360546, 20.733669741299984], [70.98114984351517, 20.71787971121621], [70.94520984293922, 20.705259702606572], [70.83426981654155, 20.75352967578731], [70.7238497854436, 20.810119646931508], [70.3478896403706, 21.030109529650254], [69.51877885460354, 21.886039144817055], [69.35461865447131, 22.005289042507727], [69.13743823977029, 22.30436889112242], [69.18145813117198, 22.511368924688966], [69.2310282433404, 22.430348959675484], [69.35725837775941, 22.418789044971934], [69.38431848523334, 22.295769062002584], [69.8256387965033, 22.388769311393876], [69.88984880973638, 22.46119934163729], [70.33622907374674, 22.550199524943192], [70.49832907015676, 22.853909580462027], [70.60407910730049, 22.94143961333127], [70.65344910933345, 23.035059627373748], [70.59347907168498, 23.038099609837435], [70.46283902414827, 22.924559568946307], [70.42592895551323, 23.061179557441417], [70.40244897599537, 22.950949549404186], [70.03341873459203, 22.869339407793056], [69.89869866806725, 22.772739347279526], [69.36162807035868, 22.891689049664087], [68.85550715337473, 23.179908668690757], [68.78118695858655, 23.258968603403897], [68.89274713109536, 23.276948702088436], [68.8545669896214, 23.367648669573036], [68.79635688986058, 23.365458618209008], [68.71579664620967, 23.47090854555851], [68.6155464683955, 23.45265844785618], [68.64693642592188, 23.562108480468872], [68.60653630082142, 23.60580844032675], [68.72027624125292, 23.925178555240734], [68.66179610567035, 23.934708499750478], [68.65500621675505, 23.80074849105418], [68.5136760987305, 23.61041834535836], [68.35858572161239, 23.634308174766062], [68.37107544367468, 23.912968193636665], [68.41464547335072, 23.98692824396482], [68.57003581535828, 24.021708410287452], [68.59217556054463, 24.343488437899463], [68.63794563625859, 24.384168483868393], [68.71422589364042, 24.300678555122794], [68.75803596122039, 24.33936859627859], [68.83269616994303, 24.29089866260104], [69.44612730903427, 24.325289114252666], [69.58936757894628, 24.239029196932428], [69.78324786914949, 24.20276929934337], [69.89904799346974, 24.257829354900963], [69.98350804894639, 24.376369394298532], [70.41531849722081, 24.461859560155673], [70.46925861133668, 24.255599576483107], [70.65265877392451, 24.247679631718345], [70.96158896379411, 24.449979711522232], [70.85509886505716, 24.53717968626475], [70.97843891788722, 24.726469716166466], [71.01390895252166, 24.688549723360456], [71.07192899371255, 24.690119736401687], [71.11887903461337, 24.64868974633741], [71.28419994047155, 24.685853567216107]]]]}}, {"type": "Feature", "properties": {"subdivision_id": 6, "subdivision_code": "HR/DL", "subdivision_name": "Haryana, Chandigarh & Delhi"}, "geometry": {"type": "MultiPolygon", "coordinates": [[[[77.60454999930276, 30.32674999981681], [77.44842999876441, 30.091930000617037], [77.2461199982506, 30.003070000584902], [77.2011199981802, 29.94822999983928], [77.15404999782778, 29.91665000014401], [77.15587999791155, 29.762000000056393], [77.13003999792515, 29.63527000031803], [77.06491999673587, 29.582200000231875], [77.01644999678011, 29.48811000048229], [77.13266999701473, 29.320840000332534], [77.13994999741944, 29.22652000044321], [77.09094999733169, 29.191100000312435], [77.0908699968633, 29.138790000102375], [77.10663999727569, 29.03130000038191], [77.16149999808145, 28.829249999910225], [77.3022199981662, 28.612930000091904], [77.31747999789205, 28.447009999887985], [77.4949099984429, 28.321900000477807], [77.44317999855832, 28.06231000037008], [77.40708999879097, 28.012690000463714], [77.46788999885051, 27.886749999682905], [77.44029999894639, 27.845529999740748], [77.29774999875602, 27.81772999965442], [77.28391999835803, 27.775510000381004], [77.26168999802653, 27.743619999781917], [77.01488999685729, 27.759030000210977], [77.0306399970593, 27.69232999985817], [76.91881999644973, 27.603159999485996], [76.85663999646563, 27.60694000016619], [76.922099996628, 27.812619999577663], [76.91275999696832, 28.112939999671653], [76.8049399960628, 28.17486000032779], [76.50828999405942, 27.922299999754067], [76.44137999301229, 28.100480000018813], [76.28382999092489, 28.12267999964932], [76.3272599919585, 28.091819999318044], [76.31904999126677, 28.00642999994307], [76.17544998949988, 27.988239999312153], [76.1207399889302, 27.93645999889875], [76.20053999045203, 27.766759999226743], [76.14356998959842, 27.767539999436668], [76.03800998753874, 27.78409999935228], [75.96304998658977, 27.796039999035994], [75.91811998537192, 27.913209999370405], [75.97261998611442, 27.99694999903623], [75.95104998600178, 28.08505999945874], [76.0021999863551, 28.218419999507724], [75.86306998366446, 28.323799998554538], [75.61635997688958, 28.49313999864464], [75.52304997365896, 28.64618999792873], [75.4563299703294, 28.90402999786051], [75.49502997173208, 28.979999998151083], [75.37878996755731, 29.033499997419398], [75.3835299673567, 29.228809997309707], [75.31537996450487, 29.235839997137788], [75.30958996349892, 29.289959997312174], [75.20392995885707, 29.20891999718866], [75.16630995715316, 29.248799996549685], [74.91385994236386, 29.273889995370848], [74.8938499404387, 29.349349995220262], [74.59006991703211, 29.295189993250357], [74.52240990992469, 29.41959999207497], [74.59517991639555, 29.47538999321084], [74.59669991511603, 29.68524999320694], [74.47632990349976, 29.750209992110396], [74.55394991035469, 29.932669992535207], [74.61478991574276, 29.936069993445116], [74.72107992473852, 29.980839994023604], [74.99061994543703, 29.857449995842213], [75.12835995286888, 29.85758999682454], [75.11529995327136, 29.77549999675952], [75.17784995620224, 29.819759996470005], [75.1777599570355, 29.607239996845937], [75.28504996169474, 29.539419997395377], [75.41314996674996, 29.766359998191678], [75.58941997422691, 29.741289997951366], [75.8046299804337, 29.799199998644063], [75.89142998265768, 29.73526999943947], [75.95886998385032, 29.69265999929979], [76.0557799861145, 29.73027999915305], [76.10447998726569, 29.818969999508848], [76.17065998794997, 29.82102999923669], [76.22079998903874, 29.83140999959874], [76.1487399877111, 29.967189999235117], [76.26289998925385, 30.014969999165512], [76.21132998898334, 30.09208999940065], [76.38131999148376, 30.094329999854242], [76.39834999077871, 30.129719999767623], [76.5706599934135, 30.048069999534466], [76.7137099950291, 30.34023999995785], [76.76508999493963, 30.383949999844567], [76.9075399964882, 30.379269999918062], [76.93229999624643, 30.56692000050776], [76.84438999608439, 30.67278999970253], [76.68117999451796, 30.69015], [76.69400999388318, 30.748580000309147], [76.85167999545101, 30.7569600002306], [76.81736999486364, 30.797760000364278], [76.78425999503482, 30.877830000436877], [76.90884999547454, 30.838860000139956], [77.09981999765775, 30.718999999868974], [77.15976999725902, 30.647449999976644], [77.1625899970086, 30.451600000437523], [77.39914999844667, 30.37851000052986], [77.60454999930276, 30.32674999981681]]]]}}, {"type": "Feature", "properties": {"subdivision_id": 2, "subdivision_code": "HP", "subdivision_name": "Himachal Pradesh"}, "geometry": {"type": "MultiPolygon", "coordinates": [[[[78.44552000018341, 32.48663000002602], [78.54113999986954, 32.39850000061723], [78.49570999940822, 32.19438000047637], [78.6414399995241, 32.15363000073559], [78.70948999982038, 32.0452199999794], [78.81903999941858, 31.889299999998684], [78.761180000281, 31.839960000571317], [78.73882999965889, 31.680390000630936], [78.86332000046097, 31.533280000720087], [78.73801999986452, 31.421560000243055], [78.82471999980572, 31.371780000623374], [78.937729999918, 31.191180000509128], [78.98969000010271, 31.04711000009931], [78.92285000040178, 31.033840000150278], [78.77011999955097, 31.123230000297283], [78.4852699996037, 31.14775000010765], [78.33102999952177, 31.225700000471903], [78.09206999977329, 31.085479999858755], [77.94695999937196, 31.098310000350804], [77.84176999951977, 30.957030000419827], [77.77456999899505, 30.858120000056562], [77.80211999966905, 30.793070000284075], [77.74057999934617, 30.729319999938358], [77.78061999916042, 30.599200000260726], [77.73943999872368, 30.520430000489583], [77.81847999880407, 30.471790000641427], [77.58862999865558, 30.35747999995479], [77.60454999930276, 30.32674999981681], [77.39914999844667, 30.37851000052986], [77.1625899970086, 30.451600000437523], [77.15976999725902, 30.647449999976644], [77.09981999765775, 30.718999999868974], [76.90884999547454, 30.838860000139956], [76.78425999503482, 30.877830000436877], [76.61870999365118, 30.974179999598782], [76.64862999416563, 31.151159999710973], [76.62163999344489, 31.225219999733426], [76.44390999137731, 31.278699999963667], [76.42534999136595, 31.388829999712087], [76.35648998972883, 31.351650000028588], [76.2974599892274, 31.280270000164467], [76.23728998849356, 31.244959999783134], [76.14406998686474, 31.40201999917698], [76.07505998528963, 31.653269999329623], [75.99036998301253, 31.756429999850823], [76.0029099836358, 31.840489999616597], [75.8336299790039, 31.966259998808074], [75.64167997272922, 32.04744999905963], [75.7399199759782, 32.2433199986875], [75.94175998087627, 32.37216999950554], [75.92955998136604, 32.424589999691015], [75.86210997869773, 32.464809999662855], [75.95468998124154, 32.59578999922672], [75.93013998088855, 32.720709999598874], [75.83158997790518, 32.85351999895927], [75.86506997886147, 32.89037999891225], [75.97393998209947, 32.863249999882775], [76.1169599850459, 32.972949999353126], [76.26594998749322, 32.98343999999769], [76.43639999112177, 33.133280000295855], [76.74780999387166, 33.13080999988635], [76.79897999445208, 33.172989999974696], [76.80224999422613, 33.192240000572376], [76.87303999548338, 33.16655999987373], [76.87626999532094, 33.04643000048762], [76.96977999554396, 32.953710000391595], [77.30755999805817, 32.790700000632654], [77.48282999828757, 32.81619000039428], [77.73750999916692, 32.92343000067403], [77.80363999950302, 32.890100000514856], [77.95712999961742, 32.5999600002477], [78.08154000005575, 32.54597000068], [78.38138999998813, 32.70317000002728], [78.33294999997158, 32.51224000031519], [78.38514999969037, 32.410670000518046], [78.44552000018341, 32.48663000002602]]]]}}, {"type": "Feature", "properties": {"subdivision_id": 1, "subdivision_code": "J&K", "subdivision_name": "Jammu, Kashmir & Ladakh"}, "geometry": {"type": "MultiPolygon", "coordinates": [[[[78.44552000018341, 32.48663000002602], [78.38514999969037, 32.410670000518046], [78.33294999997158, 32.51224000031519], [78.38138999998813, 32.70317000002728], [78.08154000005575, 32.54597000068], [77.95712999961742, 32.5999600002477], [77.80363999950302, 32.890100000514856], [77.73750999916692, 32.92343000067403], [77.48282999828757, 32.81619000039428], [77.30755999805817, 32.790700000632654], [76.96977999554396, 32.953710000391595], [76.87626999532094, 33.04643000048762], [76.87303999548338, 33.16655999987373], [76.80224999422613, 33.192240000572376], [76.79897999445208, 33.172989999974696], [76.74780999387166, 33.13080999988635], [76.43639999112177, 33.133280000295855], [76.26594998749322, 32.98343999999769], [76.1169599850459, 32.972949999353126], [75.97393998209947, 32.863249999882775], [75.86506997886147, 32.89037999891225], [75.83158997790518, 32.85351999895927], [75.93013998088855, 32.720709999598874], [75.95468998124154, 32.59578999922672], [75.86210997869773, 32.464809999662855], [75.64775997222726, 32.41138999864344], [75.59662997025129, 32.287749998884344], [75.37748996074065, 32.30758999787252], [75.14665994821826, 32.43409999755489], [75.16588994977809, 32.46276999722938], [74.76094991911665, 32.49725999549985], [74.70106991320814, 32.59881999460706], [74.76343991836994, 32.81993999550342], [74.5751598996424, 32.75849999449938], [74.47463988849157, 32.79884999320738], [74.39865987883664, 32.79255999274015], [74.10455983563128, 32.90044998946022], [73.96684981163811, 33.00343998786299], [73.87135979227236, 32.98848998599059], [73.62205973571226, 33.10813998181086], [73.69178975124639, 33.27683998354422], [73.62351973444156, 33.368439981844915], [73.65880974184608, 33.630659982913016], [73.68598974716254, 33.694109984087504], [73.64114973531358, 33.86436998307278], [73.55463971217681, 33.978229981463734], [73.612189726895, 34.113129982986784], [73.61903972829671, 34.265459982843744], [73.51114969831602, 34.394229981361], [73.57060971414856, 34.54793998279901], [73.7852997665448, 34.58079998640314], [73.86339978331985, 34.75539998734566], [74.15481983804533, 34.89141999178985], [74.21048984688127, 35.05625999211447], [74.20171984445257, 35.12052999226882], [73.83942977719055, 35.21869998771764], [73.81614977188916, 35.342479987645596], [73.9164897926894, 35.47038998908618], [73.80324976866835, 35.49974998778844], [73.61627972404278, 35.45572998489255], [73.28081962301809, 35.68786997858589], [73.27243961950221, 35.81595997841474], [72.98168950740266, 35.84309997091332], [72.89518946942347, 35.802889967927506], [72.6708293585686, 35.872239960426164], [72.70232937509869, 36.19546996210035], [72.95431949626608, 36.28512997126139], [73.23022960442135, 36.55637997843064], [73.22741960358826, 36.63086997847019], [73.28854962457389, 36.68381997999759], [74.00890981061433, 36.68061999139407], [74.0841398244404, 36.70748999207034], [73.89918978861829, 36.77442999025263], [73.82728977385737, 36.86410998909971], [73.98427980584844, 36.873149991428875], [74.22498984786792, 36.80857999309715], [74.56967989430947, 36.933879995928486], [74.70803990952393, 36.926149996646075], [74.84268992196445, 37.03472999754624], [75.0060999354102, 36.89358999817242], [75.09431994133257, 36.878989998046904], [75.42214996100077, 36.98676999896744], [75.58781996787593, 36.76809999927626], [75.89220997824665, 36.52350999966528], [76.26306998762537, 36.364640000096486], [76.34662998832593, 36.28296000033147], [76.44433999015035, 36.28133000067087], [76.61442999247832, 36.128490000260356], [76.79190999451767, 36.07993000093203], [76.87502999470273, 35.94923000045104], [76.83623999495015, 35.849120000335], [76.88494999498401, 35.801280000967836], [77.02099999608757, 35.723560000926646], [77.50414999881244, 35.640440000876], [77.55861999906114, 35.46219000057854], [77.43602999823553, 35.46616000027658], [77.5826099987477, 35.396980000394386], [77.80059999913667, 35.473060000526615], [78.00010999973124, 35.41244000046698], [78.03184999899553, 35.52081000086455], [78.20383999932638, 35.47646000026195], [78.36577999944818, 35.65714000061479], [78.77321999957708, 35.783260000657606], [79.22750000050004, 35.7402800005351], [79.2773900001195, 35.88958000093304], [79.38531000050459, 35.919120000798195], [79.53162000011575, 35.792980000243624], [79.81772999968695, 35.70197000024602], [80.040530000157, 35.72254000075216], [80.14368000053331, 35.57475000026554], [80.33582999966744, 35.46438000086721], [80.32112000052678, 35.29716000085353], [80.0524600000049, 34.61496000056289], [79.84150999995943, 34.55865000020746], [79.7713899997192, 34.38755000036535], [79.5632599995414, 34.41011000074665], [79.60423000016935, 34.175500000633555], [79.44510000027034, 33.957500000303135], [79.17030000043931, 34.02706000027558], [79.1563300001967, 33.96880000045782], [78.9684000001246, 33.99342000072547], [78.94468999960438, 33.93797000077749], [78.9941499996449, 33.790480000697606], [79.07733999959791, 33.71841000022527], [79.05106000040921, 33.63456000015415], [79.12261000019508, 33.59636000038297], [78.98692999967871, 33.575720000573085], [78.99327000034943, 33.312940000683454], [79.14367999947343, 33.23360000040494], [79.4524600001479, 33.19179000065643], [79.47918999956633, 33.16123000034936], [79.3874300001101, 32.93384000082773], [79.62370000010021, 32.692260000230995], [79.59871999978812, 32.62820999997635], [79.46734000019634, 32.49087999995138], [79.34434999971532, 32.53459000031465], [79.31421999946244, 32.478790000745164], [79.18369000008144, 32.452580000474306], [79.19360000048832, 32.38804000049545], [79.14422999976593, 32.345280000287126], [78.97135999950446, 32.30277000039685], [78.8101899997515, 32.41564000066196], [78.78315999996641, 32.60447000044409], [78.50928999982176, 32.571710000170775], [78.44552000018341, 32.48663000002602]]]]}}, {"type": "Feature", "properties": {"subdivision_id": 32, "subdivision_code": "SI.KA", "subdivision_name": "South Interior Karnataka"}, "geometry": {"type": "MultiPolygon", "coordinates": [[[[75.07108936120336, 14.630442104213847], [75.1984321638546, 14.62677598139078], [75.29597869599672, 14.543446379181068], [75.36539907609531, 14.409352998483572], [75.46295795580633, 14.318752238020549], [75.5738886567154, 14.278428711277988], [75.63880692718028, 14.322798200446194], [75.63555735280224, 14.458558230802629], [75.78855795235503, 14.504908258239437], [75.82872861985865, 14.67027362678595], [75.71757834296008, 14.710666543554767], [75.65639696148692, 14.809350809770779], [75.73563138265784, 14.875531276904406], [75.66056971305295, 14.9381362807666], [75.77064011477748, 14.947838667908588], [75.84208998344695, 15.035281435316055], [75.90640705126808, 15.115405608216511], [76.05977839256255, 15.168889427027398], [76.17643252958473, 15.22150192683242], [76.2507245178982, 15.194468038132467], [76.37294956190992, 15.332984321048531], [76.4907350336515, 15.342556606288655], [76.65793494898739, 15.460414503480568], [76.81216726829608, 15.499186728765583], [76.84648327474653, 15.628713167555368], [76.9183499519893, 15.73030963222825], [77.04993960059699, 15.821112077601864], [77.08576000145774, 15.64173999948532], [77.02182000204519, 15.614940000120829], [77.02396000180369, 15.465369999929715], [76.97196000256018, 15.479589999780979], [77.16013000166627, 15.113989999713377], [77.09988000186857, 14.971139999826082], [76.81864000344537, 15.032569999635875], [76.7683300038068, 14.945489999624229], [76.83736000337774, 14.934349999905928], [76.86822000287984, 14.85487999989789], [76.78108000306433, 14.740389999610288], [76.75598000362939, 14.573789999431385], [76.77603000344543, 14.511849999804177], [76.9602700026704, 14.442789999737643], [76.8669700032844, 14.303219999340671], [76.98559000278388, 14.20912000024368], [77.09714000272056, 14.20400999946188], [77.12897000240676, 14.314889999922666], [77.36057000124993, 14.167119999769872], [77.37633000146286, 14.279629999974274], [77.42607000122425, 14.26438000002078], [77.50436000125326, 14.171410000367967], [77.35766000155435, 14.09468000034471], [77.3376500014959, 14.020190000029691], [77.42950000160565, 13.901439999970057], [77.35186000106975, 13.872760000188698], [77.27343000184466, 13.980490000015216], [77.03996000233072, 14.002779999437003], [76.99987000277797, 14.143390000261595], [76.90580000318315, 14.128249999646076], [76.91802000276864, 14.074559999443672], [77.0053700031664, 13.891890000119977], [76.97667000283637, 13.705899999425448], [77.14159000202787, 13.737629999704527], [77.1285300027041, 13.859059999590453], [77.1740600019157, 13.86795999964286], [77.24133000149878, 13.815829999735454], [77.39642000146469, 13.807340000272559], [77.4340100015865, 13.686159999920669], [77.48540000097245, 13.678350000155621], [77.696860000947, 13.718449999588577], [77.79390000093744, 13.80190999955164], [77.78725000097904, 13.894669999613393], [77.93835000084562, 13.908920000389914], [77.90980000044465, 13.812170000191795], [78.07321000040405, 13.825489999660212], [78.11967999991589, 13.727450000220255], [78.09027999992065, 13.61031999995174], [78.3786800003922, 13.52311999985488], [78.3765800000497, 13.283749999695976], [78.58077999971472, 13.226389999691419], [78.41984000041465, 12.921379999577548], [78.46095000010298, 12.85948000028566], [78.38496000023491, 12.902630000010673], [78.29823000026161, 12.857610000215498], [78.21900000035906, 12.708769999776461], [78.22245000014149, 12.75050999989901], [78.0667900008411, 12.818959999984612], [77.99160000043157, 12.765540000304108], [77.85747000074886, 12.847900000271029], [77.81591000077165, 12.841060000348977], [77.78648000050742, 12.851929999772219], [77.74832000118182, 12.699540000069767], [77.69601000051115, 12.639740000110685], [77.62888000063174, 12.643739999861989], [77.54948000135923, 12.561399999678466], [77.61445000109926, 12.410049999799867], [77.59241000131826, 12.355159999559437], [77.4167000015472, 12.214390000058883], [77.4498100015968, 12.125810000143705], [77.71560000108458, 12.125640000279677], [77.74873000076956, 12.02035000003795], [77.62430000132053, 11.94325000016324], [77.63615000153953, 11.892429999702006], [77.51860000130304, 11.882009999777155], [77.30777000178907, 11.730689999562992], [77.23781000216395, 11.758589999657724], [77.0627400034176, 11.697240000106119], [77.00446000395505, 11.762229999743964], [76.91782000433818, 11.768519999438418], [76.80663000540314, 11.594830000088448], [76.54915000810057, 11.533729999340222], [76.49185000829661, 11.64393999951062], [76.40288000959373, 11.624039999962564], [76.32688001049281, 11.72187999918018], [76.08363001548321, 11.851139998928168], [76.07081001539562, 11.931489998884329], [75.94453001792809, 11.888489998567785], [75.9153600186124, 11.88795999870908], [75.82600002151545, 11.930769998535762], [75.72796002336128, 12.071559999014289], [75.53014003003753, 12.153829998369728], [75.39928003523333, 12.313309997897688], [75.3420000373076, 12.383469997193158], [75.37355144151608, 12.484789205829706], [75.55089093110976, 12.488442319913686], [75.65578136298329, 12.576341789450812], [75.67161278646915, 12.748249343127645], [75.56941053616352, 12.9844491933945], [75.37059746865927, 13.180306238505384], [75.28512059040169, 13.092664614087955], [75.22393099139681, 13.215139118668784], [75.0754023883083, 13.326018679292273], [75.14090677680177, 13.432319846528609], [75.07165906954295, 13.478314188261258], [75.0085158960216, 13.667270153205852], [74.95544591224487, 13.837376428169192], [74.83733690779313, 13.882026467579115], [74.6984316195233, 13.9736519253529], [74.6441971087658, 14.17209499451672], [74.76169613509093, 14.156154641089303], [74.75855462593744, 14.270301834690859], [74.90615796437933, 14.226529902367679], [74.89460486702212, 14.29288277161922], [74.99167474276449, 14.314408397944874], [74.88967491060723, 14.47365858967032], [74.95621809276913, 14.54203985289176], [75.02690796449585, 14.458149796059486], [75.07108936120336, 14.630442104213847]]]]}}, {"type": "Feature", "properties": {"subdivision_id": 31, "subdivision_code": "KL", "subdivision_name": "Kerala"}, "geometry": {"type": "MultiPolygon", "coordinates": [[[[75.49663003330454, 11.66412999800158], [75.35154003912643, 11.80001999802255], [75.20663004572226, 11.980439996708276], [74.95508005875543, 12.455579995631581], [74.86989006251824, 12.724319994827223], [74.95995005584845, 12.75329999530554], [75.04484005183892, 12.646739996551556], [75.1093800475611, 12.675079996634107], [75.10950004794984, 12.630579996103918], [75.28344003922334, 12.548149997649412], [75.2718700403311, 12.476519997397107], [75.37367003536592, 12.485169997320446], [75.3420000373076, 12.383469997193158], [75.39928003523333, 12.313309997897688], [75.53014003003753, 12.153829998369728], [75.72796002336128, 12.071559999014289], [75.82600002151545, 11.930769998535762], [75.9153600186124, 11.88795999870908], [75.94453001792809, 11.888489998567785], [76.07081001539562, 11.931489998884329], [76.08363001548321, 11.851139998928168], [76.32688001049281, 11.72187999918018], [76.40288000959373, 11.624039999962564], [76.3179100112242, 11.53843999961575], [76.21590001249714, 11.515479999530728], [76.21944001307004, 11.423909999148425], [76.48348000881025, 11.304159999812974], [76.50320000853415, 11.248019999931454], [76.43144001017953, 11.164579999483067], [76.5628600081242, 11.157349999383198], [76.69363000627752, 11.190719999544104], [76.68407000695383, 11.08327999973876], [76.76389000585498, 11.013210000178699], [76.65323000737644, 10.959839999530741], [76.62473000761796, 10.867889999903891], [76.7347700064891, 10.837119999915565], [76.85171000565592, 10.717650000225577], [76.75819000583675, 10.593450000183859], [76.78018000614975, 10.316609999625532], [76.79661000608985, 10.279899999705298], [76.80738000630198, 10.246800000108832], [76.90804000480621, 10.192760000254706], [77.15553000300996, 10.317789999539755], [77.24391000322488, 10.196949999828874], [77.24069000301695, 10.157209999660141], [77.21558000281401, 10.079370000239551], [77.17574000286554, 10.059509999596171], [77.2215300027512, 9.908692999514797], [77.16131000342932, 9.53163099981296], [77.28582000257903, 9.539545999935884], [77.37177000279362, 9.431718999608497], [77.34529000284721, 9.392710999500375], [77.3161300030465, 9.346299000139387], [77.31036000310701, 9.28817299959995], [77.24812000315936, 9.216506999530704], [77.22916000294128, 9.102969000280032], [77.11716000358548, 8.944136999890643], [77.20824000358672, 8.784122999864978], [77.1384900036673, 8.666402999935546], [77.14879000362731, 8.588319000186393], [77.21112000342865, 8.491554999942935], [77.1485700038309, 8.395157000260319], [77.0774800042714, 8.184670999624753], [76.8452100060076, 8.403191999738127], [76.61252000910444, 8.730149000090396], [76.50655001011684, 8.809545999687053], [76.41956001228529, 9.075235999610223], [76.29711001390291, 9.33586599919874], [76.22504001525832, 9.828048999749537], [76.186760015333, 9.93536899897525], [76.12420001651766, 10.141999999632006], [76.03998001889993, 10.351079998960246], [75.92281002163269, 10.609519999449134], [75.86668002248202, 10.657459999177716], [75.93804002079197, 10.786329998643229], [75.86054002260613, 10.776589999245443], [75.78034002423198, 11.128329998468216], [75.67164002730608, 11.347359998094051], [75.49663003330454, 11.66412999800158]], [[75.49663003330454, 11.66412999800158], [75.53628003238533, 11.614019997947972], [75.5800600299904, 11.632479997874723], [75.61713002844705, 11.658219997973507], [75.59214002934114, 11.709829997893968], [75.58585003003098, 11.713149998009266], [75.49663003330454, 11.66412999800158]]]]}}, {"type": "Feature", "properties": {"subdivision_id": 16, "subdivision_code": "W.MP", "subdivision_name": "West Madhya Pradesh"}, "geometry": {"type": "MultiPolygon", "coordinates": [[[[78.20597173512337, 24.39289031720178], [78.09278868118132, 24.34317026118485], [78.07002805286422, 24.199474179413155], [78.13932714358015, 24.009770654735735], [78.24275379039855, 24.03554679117395], [78.28846588885443, 23.713980088903785], [78.38088136262478, 23.631986350672562], [78.46904771887827, 23.764807427086566], [78.51225529093539, 23.538614808174085], [78.71841924035786, 23.601492106677206], [78.61778091469591, 23.432782977711806], [78.76272694249263, 23.279660365352377], [78.79132780161899, 23.112848885369257], [78.47107531810045, 22.976673370951318], [78.64077880431839, 22.85985620581927], [78.70839599123855, 22.669738631789738], [78.51496998816944, 22.690739268328198], [78.54388723888856, 22.512035911647583], [78.53378208747898, 22.356616311915143], [78.3527247833683, 22.42540987342951], [78.26283944724253, 22.423910862704506], [78.26772219810387, 22.173215201562602], [78.36011633070734, 22.031426576883387], [78.3751185433191, 21.912238258582015], [78.51587272303195, 21.91442514559943], [78.46721443672841, 21.77035797427503], [78.458437975516, 21.54401220395706], [78.44016999990268, 21.560749999696334], [78.22848000015804, 21.492709999669287], [78.05118000003256, 21.36466999990578], [77.74708999994041, 21.319209999793976], [77.54455999985119, 21.350540000273966], [77.48234999934992, 21.451459999925685], [77.47125999965965, 21.491959999748026], [77.62307999973915, 21.492760000128957], [77.52440999986872, 21.72630000024509], [77.06023999939707, 21.661010000126833], [76.99405999913694, 21.560589999480808], [76.83664999947852, 21.542590000121212], [76.83488999902384, 21.426229999500517], [76.69900999882071, 21.313690000071357], [76.69731999931193, 21.243339999598444], [76.5130499994435, 21.14531999909424], [76.41783999921061, 21.05124999933557], [76.19135999834555, 21.06313999888804], [76.09065999809995, 21.351859999074247], [75.51673999542918, 21.370209997661668], [75.37970999445601, 21.322459996986076], [75.29045999439461, 21.36304999641043], [75.19692999271784, 21.40121999609459], [75.0866199908961, 21.557169995481882], [74.6515999839847, 21.665029992228174], [74.60386998263814, 21.730359992138506], [74.59829998120581, 21.87973999191768], [74.52229997807498, 21.981289991022198], [74.3585999750951, 21.91000998905095], [74.20772997008655, 21.93557998643645], [74.21318996807466, 22.111089986616417], [74.13714996215772, 22.30087998579179], [74.24512996616383, 22.298109987074017], [74.32057996702277, 22.36848998851664], [74.24117996395753, 22.425399987274314], [74.17299996134383, 22.411539986139108], [74.13633995820025, 22.51295998603267], [74.18236996104613, 22.471709986425612], [74.43494996820073, 22.594489989567947], [74.54555996960931, 22.77568999076403], [74.555469969734, 22.81838999142943], [74.41944996402032, 22.89859998984007], [74.39708996238127, 22.999219989259192], [74.59478996882198, 23.045709991792677], [74.83507997498859, 23.13319999357797], [74.63003996828218, 23.26362999234232], [74.70534996956516, 23.400419993167333], [74.85936997326388, 23.455969994531838], [75.00699997687086, 23.54909999482326], [75.02765997734946, 23.685689995191865], [74.77642996628839, 24.068569993115585], [74.81247996654312, 24.1704799940051], [74.63646995935945, 24.194399992254386], [74.71145996073385, 24.410529993106994], [74.64613995732995, 24.419369992564235], [74.64198995692558, 24.504689992475935], [74.70691995856365, 24.706339993231044], [74.8048899633582, 24.56980999338751], [74.88428996616001, 24.69852999412567], [74.74399996006022, 24.727559993562995], [74.72619995779559, 24.918799992864315], [74.93001996704056, 24.78612999479849], [75.028949970495, 24.849519995031194], [75.06583997055857, 25.00233999522813], [75.11671997234527, 25.002749995808777], [75.1510699735643, 24.994489996556783], [75.27177997755018, 24.965069997015277], [75.21144997628423, 24.863269996217134], [75.16855997452488, 24.899889995965218], [75.18694997581476, 24.818549996705777], [75.34891998037749, 24.80359999661262], [75.26114997741692, 24.756549996249923], [75.10595997289809, 24.826449996216464], [75.14286997477838, 24.763239995927744], [75.08870997353765, 24.679409995456403], [75.48726998410785, 24.611119997603407], [75.68672998685135, 24.694729998302336], [75.7342399883819, 24.553709998090913], [75.80808998925028, 24.49906999857109], [75.78072998957548, 24.396509998599154], [75.66087998720573, 24.3655399984653], [75.63857998734672, 24.29426999828767], [75.70627998892226, 24.22060999869004], [75.65138998835585, 24.0760499977323], [75.71360998973236, 24.037449998028112], [75.6502799890166, 23.928869997932836], [75.67891998924144, 23.879499998414285], [75.57931998794821, 23.903719997506936], [75.54762998690707, 23.840899997663797], [75.58130998836855, 23.81292999753437], [75.63698998931382, 23.719849997646147], [75.75442999037273, 23.69895999811059], [75.78325999130803, 23.712549998621046], [75.8040299910482, 23.72380999803343], [75.7873799908461, 23.79145999830342], [75.9219599924418, 23.814549998733977], [75.85974999178167, 23.944149998531202], [76.0286499925642, 24.0350299988962], [76.04956999270297, 24.212609999005288], [76.09907999384816, 24.242189999464703], [76.11076999402849, 24.15315999874794], [76.44476999611106, 24.088349999414735], [76.52002999686263, 24.179579999404133], [76.57688999679362, 24.17964999984138], [76.60489999668792, 24.089499999342504], [76.71444999726444, 24.031669999850497], [76.79087999766934, 24.04687999946945], [76.84768999847341, 24.111419999791035], [76.74742999754154, 24.209179999961485], [76.74116999765018, 24.35150999937795], [76.74628999721514, 24.446359999931833], [76.85704999833162, 24.37521999957652], [76.99061999872994, 24.45766999946692], [76.9244899975442, 24.692859999883588], [76.72648999718747, 24.688140000090506], [76.69224999655509, 24.734570000009192], [76.81667999784693, 24.783879999365716], [76.77203999775024, 24.935479999400325], [76.80317999734304, 24.977159999856674], [77.08462999869957, 25.033799999888952], [77.23310999844662, 25.01177000033064], [77.30693999870182, 25.046649999790652], [77.32273999928577, 25.125209999568696], [77.2391099987212, 25.357300000390417], [77.1182599986891, 25.271389999792373], [76.96225999810179, 25.262099999592078], [76.71268999689849, 25.228059999713967], [76.56809999594331, 25.272439999781128], [76.45549999498822, 25.407609999471024], [76.47078999542724, 25.5665399992086], [76.40271999407, 25.720539999545167], [76.51307999490822, 25.81333999982481], [76.66641999594441, 25.824829999753938], [76.78321999675903, 26.012879999787845], [77.36273999900166, 26.31896000040855], [77.47580999857634, 26.341289999993293], [77.82982999967972, 26.58607000031417], [78.02290000002004, 26.626560000528805], [78.31436000025182, 26.76328000039426], [78.41936999974135, 26.776660000067576], [78.51880999992756, 26.70461000048718], [78.61701999942893, 26.71761000038319], [78.81718999984324, 26.670760000167434], [78.99204000000064, 26.51712000004155], [79.08830000046214, 26.346320000425337], [79.08453000015439, 26.216119999950333], [79.01524999965746, 26.194179999772654], [78.93227000015659, 26.074159999686152], [78.92819000003547, 25.9958099998246], [78.98523999969657, 25.964069999958543], [78.91295999964323, 25.85518999993792], [78.89385000010607, 25.827970000409998], [78.85319000031815, 25.830249999913267], [78.84453000042295, 25.71124000041594], [78.75474999953924, 25.701670000231754], [78.7723800001868, 25.598449999893916], [78.62335000035348, 25.492890000459752], [78.54123000009912, 25.50775000048373], [78.44550000033328, 25.516070000183035], [78.3974299997753, 25.498459999777648], [78.25000999976439, 25.29607999972095], [78.38847000027653, 25.07357000052624], [78.29522999950431, 24.97953000021086], [78.31039999953629, 24.931119999812942], [78.13546999980392, 24.85743000020255], [78.1100800002948, 24.78936000036311], [78.25182999970046, 24.616879999925963], [78.14827999959145, 24.487650000228452], [78.19017999988797, 24.4143499998236], [78.20597173512337, 24.39289031720178]]]]}}, {"type": "Feature", "properties": {"subdivision_id": 21, "subdivision_code": "MDH.MH", "subdivision_name": "Madhya Maharashtra"}, "geometry": {"type": "MultiPolygon", "coordinates": [[[[73.9635958650847, 17.02030168322918], [73.83232304995424, 17.158264394786404], [73.73607335742591, 17.154808197492816], [73.68291315354355, 17.373802540529322], [73.67892146283629, 17.473427484811296], [73.75137417134782, 17.518862169460743], [73.72310902487435, 17.667493458411293], [73.61118859876038, 17.677554702498586], [73.60796511067211, 17.755816502564116], [73.55777684552203, 17.88928535562983], [73.64250909600457, 17.99941759340187], [73.62316266036548, 18.105570043198973], [73.68060449390151, 18.1576602025962], [73.50547468302346, 18.24349870750504], [73.43878470403277, 18.404711142961023], [73.29608657896428, 18.591243277619178], [73.40666073422075, 18.62425286386744], [73.34218085944144, 18.728466059357974], [73.44582094575946, 18.91793087224439], [73.54822261137639, 18.971972473818983], [73.52815505021903, 19.0851662180019], [73.57669177733469, 19.172652028596087], [73.67116726875061, 19.240615311083168], [73.66830410131749, 19.30464601929515], [73.80882411540355, 19.35304177022765], [73.69286105977712, 19.426806881947286], [73.72094551470113, 19.47070964131454], [73.61203621257201, 19.55179947303979], [73.50687528074467, 19.711328726065652], [73.41170109038144, 19.81416978798317], [73.46402397478951, 19.980275855968692], [73.37067766516022, 20.040377464606447], [73.24183627716995, 20.1008077877079], [73.26657999817256, 20.150939963395967], [73.48009999662382, 20.208329970806297], [73.43783998932422, 20.40843996934313], [73.53069998790514, 20.489079971494828], [73.44488998066193, 20.66374996926834], [73.51964998012228, 20.728989971606115], [73.68365998729843, 20.573219976118867], [73.7654599879764, 20.57458997846048], [73.83678998823427, 20.595109979674387], [73.86094998631093, 20.703349979999004], [73.98496998723687, 20.744719982856022], [73.96227998436147, 20.838699982266345], [73.94144998143494, 20.967009981735366], [73.78127997489771, 21.091499978748285], [73.78586997390562, 21.156179978854343], [73.95965997589195, 21.26869998245322], [74.00057997491906, 21.359179983310685], [74.40937998159892, 21.478679989234198], [74.40252998092278, 21.520119989243604], [74.2185399764934, 21.536429986523036], [73.99798997212534, 21.489799982848538], [73.91982997020669, 21.48090998114632], [73.85409996521072, 21.613799979969226], [73.95328996692201, 21.662649982543535], [73.87620996160823, 21.79750998053142], [73.97718996428308, 21.843489982566954], [74.07496996823839, 21.824009984583096], [74.20772997008655, 21.93557998643645], [74.3585999750951, 21.91000998905095], [74.52229997807498, 21.981289991022198], [74.59829998120581, 21.87973999191768], [74.60386998263814, 21.730359992138506], [74.6515999839847, 21.665029992228174], [75.0866199908961, 21.557169995481882], [75.19692999271784, 21.40121999609459], [75.29045999439461, 21.36304999641043], [75.37970999445601, 21.322459996986076], [75.51673999542918, 21.370209997661668], [76.09065999809995, 21.351859999074247], [76.19135999834555, 21.06313999888804], [76.4007799651312, 21.05215639791503], [76.36505041586821, 20.973563153606182], [76.29700311728844, 20.95738680843643], [76.18080444606667, 21.018513250009896], [76.08467742370458, 20.92992847895516], [76.12386519974763, 20.895291741832775], [76.05847123346079, 20.800431254641268], [75.99862731579017, 20.770086231383846], [76.00168379981612, 20.67720305261979], [76.02093433793742, 20.631778693253498], [75.91352252870927, 20.5864223839703], [75.85211238313265, 20.60605298530685], [75.83080037948953, 20.56251353536958], [75.7072404174063, 20.623114832265244], [75.67565188210192, 20.65788634564138], [75.56414442838313, 20.590067608461894], [75.45955112653382, 20.543857548476346], [75.39970607631062, 20.520488795654874], [75.35998501402095, 20.569220711427825], [75.28393652530372, 20.573864225945474], [75.20220597430391, 20.528269576149317], [75.11568589003421, 20.411045195433097], [75.1105648657462, 20.346578027559616], [75.05925648449927, 20.301975411285504], [74.98982456038635, 20.335309068638878], [74.90272619786904, 20.23943988896273], [74.9362789400551, 20.15490324470307], [74.86634895200986, 20.202460911575724], [74.79609564536003, 20.25710976052165], [74.73096737336876, 20.183385536486323], [74.7271311916518, 20.090430597215438], [74.6730601582549, 19.931430462858263], [74.60199314936915, 19.821799207031038], [74.66452024441017, 19.766925629160877], [74.84857582902296, 19.687681526183653], [74.93356095617523, 19.63344909410796], [75.16152366122738, 19.58386414477291], [75.29205063193646, 19.516602419684773], [75.34871744178938, 19.404051411859157], [75.46861617092043, 19.42204643774329], [75.53097668805142, 19.359611195864332], [75.50447343591475, 19.251598110182435], [75.40020147354832, 19.21984055237173], [75.43922339511644, 19.178151476573596], [75.43726713278116, 19.1244903735747], [75.48633160963205, 19.118824604288573], [75.42004968061457, 19.077513663645842], [75.38238458181107, 19.079939414818945], [75.31044464590322, 19.095590204895547], [75.28465693155825, 19.080498511056636], [75.3162739306557, 19.03503216910424], [75.34399851298413, 18.993010069090797], [75.29558825045872, 18.980801071051626], [75.26459529876863, 19.00842130070291], [75.26312036262469, 19.051246542096514], [75.23210700740756, 19.078856316725048], [75.21184652935564, 19.121087254946136], [75.17943743793722, 19.080767497661842], [75.20044277637132, 19.01713073870783], [75.14754467918783, 19.026173968225727], [75.07887773094131, 19.056123821011884], [75.11437372434689, 19.114412991815875], [75.06946280494907, 19.10939473690915], [74.97927032696509, 19.11002797802522], [74.94070432377653, 19.13732568004549], [74.91989018644998, 19.09021501014476], [74.92158683408596, 19.043850080091815], [74.95999893538622, 19.02011799497408], [74.946552015528, 18.976824665727595], [74.90596372248963, 18.957634690231714], [74.87157508269881, 18.974349503296423], [74.8038412013975, 18.97922774150842], [74.84691091242681, 18.930683179805307], [74.9050704335797, 18.879048476178664], [74.96396127511534, 18.805983739683427], [75.05612037654745, 18.74466500540062], [75.16442043054292, 18.648067062458377], [75.16908960561504, 18.730371226487428], [75.25547824493665, 18.725905400808823], [75.33151116004646, 18.806834244415374], [75.38142466271688, 18.77261687539603], [75.39826702642517, 18.830296209979963], [75.45614616288805, 18.782002434092483], [75.46129723093517, 18.739272897504183], [75.55146960145208, 18.734779587756755], [75.57930193464426, 18.685552087478133], [75.54229320221107, 18.6701803058729], [75.49837823230095, 18.63673118968299], [75.4193700368126, 18.530768521585834], [75.3510683359288, 18.55731708213506], [75.31144179885315, 18.509676268727], [75.29230969564661, 18.40906135916244], [75.39639374231366, 18.3156910980906], [75.42156765841416, 18.23066962455665], [75.43086054567704, 18.173765877346117], [75.52569004823441, 18.13003876375027], [75.564444171292, 18.206195618371694], [75.60037283904911, 18.253678387249835], [75.65094518011814, 18.312294119656528], [75.720798672737, 18.353567098698242], [75.71498434112932, 18.42132631015062], [75.76308930363429, 18.440537486136066], [75.80608668911934, 18.3809440509235], [75.90047650518031, 18.354898802803792], [75.94049595536427, 18.26657319297403], [75.94298003085541, 18.180819091260435], [75.94534773757057, 18.09863705433314], [76.00998374888206, 18.060987159788027], [75.97516498415784, 17.97068263565965], [75.91148750888463, 17.976170351083606], [75.88079296766966, 18.00396519096984], [75.83298275495945, 17.977665086320822], [75.85112496956923, 17.86731023924789], [75.9195066002299, 17.826199550580373], [76.0092454138682, 17.821366002599326], [76.01496459032802, 17.749988555231187], [76.08916800660592, 17.766171420688025], [76.15679823512023, 17.74997457372717], [76.17287077832981, 17.707449124990017], [76.2071025917973, 17.683249647554085], [76.29530216708028, 17.735466999569198], [76.39777574914802, 17.669923226660984], [76.45764807963137, 17.618662578738107], [76.44302000249269, 17.602189999279773], [76.40118000321334, 17.555079999428145], [76.3292400034983, 17.564189999763126], [76.39256000374469, 17.330989999606874], [76.36506000355331, 17.298029999604307], [76.06319000574842, 17.331209999289623], [76.02128000580687, 17.295179999307607], [75.8985000072959, 17.283729998734955], [75.66850000858213, 17.439339997853256], [75.60253000944766, 17.353499997955698], [75.63593000946827, 17.28815999838412], [75.68953001051693, 16.95829999775494], [75.35597001545749, 16.957289996904404], [75.26845001668524, 16.9378099967969], [75.31338001685133, 16.877409996684232], [75.19109001980978, 16.818129996755694], [75.06267002132641, 16.970569995487516], [74.91982002552366, 16.959929994848263], [74.89983002738037, 16.759629994922463], [74.70721880508638, 16.714312774026688], [74.66991167738743, 16.743802031052216], [74.52639813507786, 16.82497593072843], [74.31716794195381, 16.875326038045678], [74.05558167554163, 16.937903516077085], [73.9635958650847, 17.02030168322918]]]]}}, {"type": "Feature", "properties": {"subdivision_id": 14, "subdivision_code": "NE.HL", "subdivision_name": "Nagaland, Manipur, Mizoram & Tripura"}, "geometry": {"type": "MultiPolygon", "coordinates": [[[[92.3678724973852, 24.51108922323757], [92.4096124577117, 24.31105919810717], [92.35747233586456, 24.224449226270643], [92.48923253820857, 24.236659152587766], [92.52408256262143, 24.18457913069816], [92.56736260853985, 24.146139104230627], [92.6727527546105, 24.10686903712618], [92.89632340129556, 24.47231888453207], [92.98112348605964, 24.353098818264517], [93.12041378840179, 24.366258703904997], [93.1390539845439, 24.55898869154263], [93.25658428027948, 24.58229858741876], [93.26797439480961, 24.68321857898552], [93.17334423762885, 24.774198666061945], [93.22787445905405, 24.880328619347324], [93.28226460078817, 24.88278857018249], [93.31525473302496, 24.935388540325476], [93.36693493837402, 25.009338492411516], [93.4662654914313, 25.301898401008476], [93.53528577063241, 25.36965833034661], [93.59556595264148, 25.35544826514519], [93.5835260460033, 25.493128282222816], [93.49567582915554, 25.570218377365773], [93.50664595030703, 25.664258368882212], [93.82819742309185, 25.964708015345806], [93.9731479778247, 25.92164782755123], [94.08819856000133, 25.98358767160899], [94.05672849408734, 26.04773771919463], [94.10561895916265, 26.246647659864962], [94.25227990900682, 26.423387452460787], [94.3657507553985, 26.60168728387992], [94.41087089323578, 26.51660720497165], [94.60489240606064, 26.76012688318772], [94.68095290087574, 26.76238674175366], [94.76448353020454, 26.806586583702266], [94.89435455470121, 26.870556323947852], [94.96360525771253, 26.979226185249473], [95.10341638287302, 26.99494587137977], [95.2875281253164, 27.090015432595305], [95.28325761510578, 26.859605418664763], [95.37563824263897, 26.776945167930766], [95.30429752318047, 26.73002535032901], [95.25093697627156, 26.683445481633026], [95.20446626525286, 26.521675581827157], [95.300946165937, 26.119155297208458], [95.14147457609116, 25.938295683669388], [95.15446435800398, 25.79103563994633], [95.10052390785913, 25.755755768296186], [94.92990236692012, 25.542316143859342], [94.81860166837124, 25.527926382079805], [94.73847080774156, 25.30471653241736], [94.89760133547297, 25.11356618842699], [94.75191988870702, 24.766246477415418], [94.71107970149832, 24.774436560093456], [94.58208865221025, 24.525346798766048], [94.47647786914114, 24.33032698417727], [94.4047371167251, 24.044687100561863], [94.28400652097076, 23.940447298970817], [94.18615615065843, 23.910677452388505], [93.89544534508835, 23.973607868334284], [93.91380548277363, 24.040027845583314], [93.78612510203057, 24.02740800947949], [93.50378437429251, 24.034568333795185], [93.27879349470187, 23.6363385522471], [93.31433338523078, 23.44278851652559], [93.1946029347678, 23.184878624917513], [93.06036259346358, 23.035898739039222], [93.03275249446313, 22.96490876157587], [92.99832234806046, 22.84542878863777], [92.92603217578124, 22.748148845565137], [93.06756205410227, 22.385758730092075], [93.02511188384261, 22.242348764247883], [92.94759177434224, 22.209338826578005], [92.86320154932832, 22.028588890199654], [92.59341141233226, 22.16960907648444], [92.56051129541899, 22.031879096429563], [92.50217123885703, 22.01234913217708], [92.52093133921561, 22.149119121091786], [92.3938014012388, 22.4294291963028], [92.42580160886894, 22.73958917872826], [92.26866154538081, 22.90012926513778], [92.27638165482375, 23.096699262173136], [92.21318165951286, 23.233519295085365], [92.27864176125165, 23.298309261294545], [92.20076172585286, 23.395639301370128], [92.15824176117069, 23.566099323924462], [92.19300186038238, 23.692509307190537], [92.1447418411773, 23.770429330802582], [91.94062158209029, 23.682119422206398], [91.88086153083196, 23.702799446900638], [91.8231714829038, 23.722459469934353], [91.83070139550374, 23.474119465703666], [91.69755123294614, 23.341109515418072], [91.71195116282773, 23.11391950936566], [91.58530102060662, 22.964119553463746], [91.47717096260402, 23.00616958868394], [91.29298092285448, 23.27107964325895], [91.29871088621894, 23.12114964139955], [91.21613084573403, 23.154519663521295], [91.19614086303041, 23.267419669345667], [91.08182086478884, 23.554789698427484], [91.15942095609253, 23.733349679282068], [91.48649127111749, 23.993529589299456], [91.5262613312983, 24.078969576491595], [91.76681157210587, 24.11832949386315], [91.8148316595003, 24.221559475929563], [91.88618171715353, 24.169869447347242], [91.93124178890484, 24.224729429080746], [92.05653191030527, 24.161519375168528], [92.06557199803296, 24.340759372000594], [92.24678226360983, 24.396209285895523], [92.28422236927915, 24.504809267587856], [92.3678724973852, 24.51108922323757]]]]}}, {"type": "Feature", "properties": {"subdivision_id": 19, "subdivision_code": "OD", "subdivision_name": "Odisha"}, "geometry": {"type": "MultiPolygon", "coordinates": [[[[83.98607000011593, 22.46755999967085], [84.26564000021034, 22.285369999876895], [84.41351000048647, 22.29427000024071], [84.51803000067716, 22.358259999852592], [85.02073000106604, 22.38666999987844], [85.06707000103971, 22.379089999569175], [85.07954000142496, 22.317049999957185], [84.99954000122044, 22.010140000155257], [85.23917000069191, 21.970909999940314], [85.34103000129876, 22.10142999920842], [85.66873000188662, 22.011539999351527], [85.79356000301729, 22.035439998890148], [85.7624100019566, 21.934529999030993], [85.8013200025479, 21.916169998751904], [85.92062000289816, 21.95401999932633], [85.99689000355569, 22.124859998989496], [85.95994000357729, 22.16190999902913], [85.9583000043533, 22.458149998856896], [86.01604000474454, 22.47229999893942], [86.6614300097239, 22.162489997195234], [86.67034000889161, 22.103179997176483], [86.93131001226435, 21.9982199953645], [86.98553001146738, 21.800499995091027], [87.04607001185362, 21.806449995030544], [87.12284001459818, 21.92508999429673], [87.18824001410823, 21.795769993236863], [87.38515001729867, 21.74002999193348], [87.45477001669155, 21.538429991192825], [87.03510000925978, 21.423369995214966], [86.79041000583479, 21.139609996307463], [86.95079000365934, 20.75221999544263], [86.8900800032677, 20.7395399955484], [87.0134000038486, 20.662779994640342], [86.77740000161205, 20.478169996036765], [86.71777000136242, 20.387449996725707], [86.75063000075512, 20.370529996601878], [86.7758700013502, 20.43831999645258], [86.78993000130438, 20.34224999614505], [86.39508999910916, 19.93710999778186], [86.24849999861867, 19.849089997952944], [85.58736999908561, 19.66063999902601], [85.55199999950146, 19.596679999863436], [85.15613999927187, 19.40914999933969], [84.81907999934985, 19.08653999992315], [84.73182999983553, 19.079469999932577], [84.62195999985921, 19.1035800003353], [84.64113999993425, 19.052030000159164], [84.41654000010742, 18.94788999960039], [84.3916600001047, 18.851870000263986], [84.28149000022479, 18.74019000000193], [83.8794899994916, 18.79183000044867], [83.81510000013844, 18.972449999856106], [83.79377999964268, 18.93573999971878], [83.77158000010303, 18.903690000097118], [83.67447999979275, 18.978119999714757], [83.63830999966534, 19.117219999972896], [83.4431999995416, 18.94643000017279], [83.35355000014084, 18.95926000036826], [83.32378000002696, 18.93566999972485], [83.40668000044049, 18.829170000019815], [83.25438999993914, 18.727959999582275], [83.14517999955171, 18.73361999987417], [83.02055999972329, 18.585300000082803], [83.05514000039734, 18.33667000001909], [82.9246799998674, 18.339809999684586], [82.8332400003804, 18.40540000004786], [82.8057699998917, 18.33431000046231], [82.6411900002372, 18.209600000031422], [82.57897000040386, 18.214249999793452], [82.52105000001976, 18.441780000346352], [82.39065999985237, 18.45478999992417], [82.33528000030968, 18.39703000008857], [82.36535999968405, 18.2498399999095], [82.28539000009509, 18.02515999958428], [82.240229999634, 17.992319999890697], [82.11717999954136, 18.024569999722516], [82.00063000021166, 17.953540000149015], [81.9081100000282, 17.937920000385553], [81.80182999965601, 17.904749999736122], [81.63305999995626, 17.838729999842197], [81.40329999974206, 17.77685000044602], [81.47048000001453, 17.90165999965882], [81.49516999969097, 18.150409999682513], [81.9746200004005, 18.541910000004574], [81.9365700004359, 18.621320000382962], [82.0867599995321, 18.697519999726413], [82.21599000025017, 18.876050000376868], [82.16765999967676, 19.362290000375623], [82.02669999993756, 19.525569999714946], [82.01388999971157, 19.759610000029305], [81.85519999988328, 19.87001999979202], [81.87227000009176, 19.986739999624678], [81.94859000036321, 20.042460000315113], [82.2499800003507, 19.945010000425523], [82.34423999995158, 19.802699999876868], [82.3950099995279, 19.852120000022367], [82.5909600003232, 19.824249999624904], [82.6045300001865, 19.749810000224862], [82.70108000038633, 19.895899999837347], [82.46243999970807, 19.963449999705347], [82.37511000015434, 20.039819999687875], [82.4036600004398, 20.382650000363153], [82.34035000000323, 20.780360000329587], [82.48071000013516, 20.796029999861126], [82.63919999992116, 21.019879999790952], [82.63444999958932, 21.09409000024511], [82.67518999954783, 21.107380000441932], [83.14623000025001, 21.079350000263705], [83.27232999979752, 21.31340000008193], [83.37169999961235, 21.313059999855074], [83.33854999986279, 21.479560000010967], [83.43442999989368, 21.600910000175848], [83.3824100004512, 21.667529999686334], [83.56649999957358, 21.748759999747197], [83.58935999976528, 21.82084000006719], [83.52565000036209, 21.950159999755726], [83.55250000045274, 22.0558799996371], [84.03463999999579, 22.326989999588328], [83.95754000045727, 22.44511000007482], [83.98607000011593, 22.46755999967085]]]]}}, {"type": "Feature", "properties": {"subdivision_id": 3, "subdivision_code": "PB", "subdivision_name": "Punjab"}, "geometry": {"type": "MultiPolygon", "coordinates": [[[[75.37748996074065, 32.30758999787252], [75.59662997025129, 32.287749998884344], [75.64775997222726, 32.41138999864344], [75.86210997869773, 32.464809999662855], [75.92955998136604, 32.424589999691015], [75.94175998087627, 32.37216999950554], [75.7399199759782, 32.2433199986875], [75.64167997272922, 32.04744999905963], [75.8336299790039, 31.966259998808074], [76.0029099836358, 31.840489999616597], [75.99036998301253, 31.756429999850823], [76.07505998528963, 31.653269999329623], [76.14406998686474, 31.40201999917698], [76.23728998849356, 31.244959999783134], [76.2974599892274, 31.280270000164467], [76.35648998972883, 31.351650000028588], [76.42534999136595, 31.388829999712087], [76.44390999137731, 31.278699999963667], [76.62163999344489, 31.225219999733426], [76.64862999416563, 31.151159999710973], [76.61870999365118, 30.974179999598782], [76.78425999503482, 30.877830000436877], [76.81736999486364, 30.797760000364278], [76.85167999545101, 30.7569600002306], [76.69400999388318, 30.748580000309147], [76.68117999451796, 30.69015], [76.84438999608439, 30.67278999970253], [76.93229999624643, 30.56692000050776], [76.9075399964882, 30.379269999918062], [76.76508999493963, 30.383949999844567], [76.7137099950291, 30.34023999995785], [76.5706599934135, 30.048069999534466], [76.39834999077871, 30.129719999767623], [76.38131999148376, 30.094329999854242], [76.21132998898334, 30.09208999940065], [76.26289998925385, 30.014969999165512], [76.1487399877111, 29.967189999235117], [76.22079998903874, 29.83140999959874], [76.17065998794997, 29.82102999923669], [76.10447998726569, 29.818969999508848], [76.0557799861145, 29.73027999915305], [75.95886998385032, 29.69265999929979], [75.89142998265768, 29.73526999943947], [75.8046299804337, 29.799199998644063], [75.58941997422691, 29.741289997951366], [75.41314996674996, 29.766359998191678], [75.28504996169474, 29.539419997395377], [75.1777599570355, 29.607239996845937], [75.17784995620224, 29.819759996470005], [75.11529995327136, 29.77549999675952], [75.12835995286888, 29.85758999682454], [74.99061994543703, 29.857449995842213], [74.72107992473852, 29.980839994023604], [74.61478991574276, 29.936069993445116], [74.55394991035469, 29.932669992535207], [74.50471990516537, 29.938689992685035], [74.44575989937456, 29.952979991903526], [73.90045982382985, 29.975459984243443], [73.87711981860926, 30.027299984052338], [73.96963983288944, 30.183899985911975], [73.98752983489808, 30.265039985656696], [73.90828982009727, 30.39140998500104], [73.96648983030501, 30.433969985469567], [73.94550982650921, 30.470869985882434], [74.09434984969418, 30.545159987870903], [74.43615989189183, 30.940599992238425], [74.76962992485281, 31.091179994653668], [74.60085990908408, 31.08312999330304], [74.55180990374915, 31.13081999318983], [74.56205990388622, 31.329049993311823], [74.66735991428406, 31.433679994122482], [74.54593990088897, 31.722739993274814], [74.66935991280387, 31.864269994015892], [74.98515993831239, 32.036739996364275], [75.30898995851037, 32.11191999744582], [75.4202699633622, 32.262809998153834], [75.37748996074065, 32.30758999787252]]]]}}, {"type": "Feature", "properties": {"subdivision_id": 5, "subdivision_code": "W.RJ", "subdivision_name": "West Rajasthan"}, "geometry": {"type": "MultiPolygon", "coordinates": [[[[75.6614101327403, 28.462298352995862], [75.35465974232935, 28.32500603859063], [75.21721439080821, 28.476420827332277], [74.9068940513186, 28.248542555356263], [74.76421525326305, 27.927852642261737], [74.65172233358683, 27.651346669941248], [74.83323720117814, 27.273902924887178], [75.0664054315147, 27.39832488492345], [75.19792420293629, 27.332429323615518], [75.07477423950745, 27.241516919967548], [75.38292732620748, 27.154216245106586], [75.15714431940003, 26.887767180962538], [74.91100231113381, 27.02018847417033], [74.668449054491, 26.795231789269078], [74.69613890379262, 26.58224823586763], [74.56779638958267, 26.605044332159025], [74.24939628368912, 26.347579934002678], [74.41549676622262, 26.212579225342342], [74.14975153351868, 25.886133302796697], [73.99244443224134, 25.878583966808947], [73.79897237393652, 25.4268614390668], [73.5173194472743, 25.15606188941869], [73.21469857008529, 24.7413302310561], [72.99971172882208, 24.929390357499557], [73.08582207707879, 25.048007006623358], [73.03721591483003, 25.073888266631222], [73.01233280960531, 25.21501623338212], [72.8515471229758, 25.277403335799253], [72.73539685199162, 25.14272878797238], [72.50186383450499, 24.90165758117987], [72.4970520172052, 24.7447987630447], [72.37286559673329, 24.737649065361566], [72.16784431370994, 24.594630951693944], [71.91519945953058, 24.6835498700773], [71.74325938440678, 24.67669984923059], [71.71535937578531, 24.637159845267885], [71.40230920310856, 24.704399798881276], [71.29082913947883, 24.68733977944289], [71.11887903461337, 24.64868974633739], [71.07192899371255, 24.690119736401677], [71.01390895252165, 24.688549723360456], [70.9784389178872, 24.726469716166466], [70.77947868137142, 25.057459669197637], [70.75156862137447, 25.205389663221634], [70.5770983889219, 25.434269615980817], [70.54471826817901, 25.76067960898438], [70.21093784481296, 25.75735949816352], [70.03255753513095, 25.891779429195584], [69.97369736855306, 26.09028940646325], [70.05687745280964, 26.23836944280784], [70.05525731725255, 26.6347294471611], [69.75583675628414, 26.64786931541686], [69.45405601879453, 26.816119157191057], [69.37760577216683, 26.935129114550282], [69.52143597852222, 27.26493920482358], [69.98105685219502, 27.649439432009036], [70.1795771383299, 27.9749495124516], [70.45043757164731, 28.10965960304356], [70.5831077916934, 28.03741964088099], [70.68416798028046, 27.81017966527462], [70.83768818878687, 27.766489702477056], [71.25971863508241, 27.90151978833902], [71.65443897637329, 27.910169848449815], [71.8290790975648, 27.970519869278295], [71.89049912413162, 28.151139877070882], [72.17679928177263, 28.437659905846534], [72.36501936389979, 28.778639921383796], [72.62629948151067, 28.901599938649504], [72.9313295945599, 29.079159954943407], [73.10156964557493, 29.268919961896565], [73.302089697335, 29.610009969853262], [73.42515972327374, 29.96322997333713], [73.80346980514076, 30.081249982555534], [73.96963983288944, 30.183899985911975], [73.87711981860926, 30.027299984052338], [73.90045982382985, 29.975459984243443], [74.44575989937456, 29.952979991903526], [74.50471990516537, 29.938689992685035], [74.55394991035469, 29.932669992535207], [74.47632990349976, 29.750209992110396], [74.59669991511603, 29.68524999320694], [74.59517991639555, 29.47538999321084], [74.52240990992469, 29.41959999207497], [74.59006991703211, 29.295189993250357], [74.8938499404387, 29.349349995220262], [74.91385994236386, 29.273889995370848], [75.16630995715316, 29.248799996549685], [75.20392995885707, 29.20891999718866], [75.30958996349892, 29.289959997312174], [75.31537996450487, 29.235839997137788], [75.3835299673567, 29.228809997309707], [75.37878996755731, 29.033499997419398], [75.49502997173208, 28.979999998151083], [75.4563299703294, 28.90402999786051], [75.52304997365896, 28.64618999792873], [75.61635997688958, 28.49313999864464], [75.6614101327403, 28.462298352995862]]]]}}, {"type": "Feature", "properties": {"subdivision_id": 8, "subdivision_code": "E.UP", "subdivision_name": "East Uttar Pradesh"}, "geometry": {"type": "MultiPolygon", "coordinates": [[[[80.10328115767726, 25.28255457682114], [80.14634853616009, 25.436679931523184], [80.27173466917586, 25.58787422868204], [80.3501869903975, 25.69575671514257], [80.24649160300777, 25.831436741506174], [80.3649781201962, 25.889341558871493], [80.30133761372362, 25.932052347479466], [80.21415031811352, 25.931605702421766], [80.09482358524383, 25.988244980687735], [80.0942735674865, 26.05991041716806], [79.96726328654628, 26.06622449881023], [79.96663360035524, 26.13788644935595], [79.86383994725615, 26.094113615252056], [79.74388132303896, 26.179114098647318], [79.56017609436142, 26.263383669084018], [79.51916844248238, 26.363286265248913], [79.63636331867916, 26.54359476830198], [79.71466524599917, 26.666140591617328], [79.67396181748802, 26.737422638544494], [79.77716354550273, 26.788510174921175], [79.63217271410052, 26.894665166027096], [79.54464541966729, 26.865129554510478], [79.34369731133181, 26.948894920855558], [79.43793705782554, 27.071773080834635], [79.30677063864917, 27.27802361122903], [79.27270593024221, 27.406562989353983], [79.2387824501094, 27.520763060741388], [79.1476440887104, 27.684343657152805], [79.24373307765175, 27.714250866043045], [79.50285225922669, 27.602666525726484], [79.62311083274275, 27.63257036556109], [79.65711695096907, 27.482443934836137], [79.7535917780819, 27.47617630608576], [79.71167495769492, 27.626256624681332], [79.75904542893139, 27.70550149898795], [79.83991819079665, 27.670378224269715], [80.07268424235455, 27.743783493847104], [80.05484103706897, 27.94428385916055], [80.23944776146843, 28.081563687855795], [80.28725457468502, 28.18213008751755], [80.39961698034445, 28.33313273931103], [80.30970990435502, 28.461672609478008], [80.44745945107573, 28.47663135341832], [80.4031108866842, 28.60493333108528], [80.40375999983232, 28.604670000521395], [80.53925999986123, 28.594930000007462], [80.54327000048734, 28.633250000195815], [80.77819000002141, 28.473680000020725], [81.18968999976804, 28.310119999908302], [81.35236000032566, 28.10819999981661], [81.4200100001142, 28.107729999990134], [81.80904999961594, 27.849529999873837], [81.90282000019769, 27.806980000200596], [81.97891000038281, 27.881280000140926], [82.06415999998904, 27.87174000003114], [82.24186000001586, 27.78006000052193], [82.4955799999655, 27.631729999780568], [82.70065000031917, 27.646060000537233], [82.76948999996381, 27.46931000046602], [83.206210000198, 27.397710000052825], [83.27463999963295, 27.36840999980013], [83.30218000038187, 27.287599999903687], [83.37753000013738, 27.275940000381688], [83.42605000037864, 27.445730000529334], [83.65602000015922, 27.42642000050176], [83.84755000030651, 27.31683000031994], [83.81232000065185, 27.278430000096346], [83.82247999999164, 27.238399999989397], [83.8894900001806, 27.234520000028176], [83.9346600004969, 27.258470000106023], [83.98814000002197, 27.202109999728115], [84.07288000077416, 26.810170000241897], [84.24610000031846, 26.73548000040052], [84.29778000081491, 26.643160000220636], [84.37923000124455, 26.634670000256207], [84.39000000097121, 26.54371999995386], [84.12913000040795, 26.57249000009173], [84.03658000024349, 26.463300000348564], [83.93259000014353, 26.430870000446475], [83.91399000005441, 26.38523000007959], [84.16946000060265, 26.283220000464578], [84.17534000010231, 26.173450000058537], [84.01386000040121, 26.138270000508818], [84.0437200001668, 26.02482000000558], [84.193480000094, 25.931849999925248], [84.52675000060519, 25.74049999981858], [84.61140000129686, 25.695830000138805], [84.64248000118934, 25.596289999819174], [84.54428000090702, 25.592270000128526], [84.43536000090508, 25.702129999952792], [83.96708999988924, 25.499629999646125], [83.89249999988472, 25.432050000094154], [83.76797999998622, 25.31114000035455], [83.65848000027701, 25.27867999970682], [83.5136499997283, 25.218849999880614], [83.4106899997931, 25.16332000030141], [83.3536299999689, 24.997360000249397], [83.37164000053387, 24.752230000364076], [83.41956000053771, 24.701439999612283], [83.55588999964543, 24.520730000350746], [83.55591999998519, 24.466640000013797], [83.49561000043423, 24.432480000462952], [83.43525999998766, 24.368869999909847], [83.47028000042049, 24.28044999988483], [83.39790000024321, 24.056689999989416], [83.2623100003576, 23.906950000252827], [83.18271000034922, 23.79954999966889], [82.98993000036143, 23.747879999848877], [82.77501000026224, 23.842479999972603], [82.78026000030326, 23.91622000033338], [82.62842000005219, 24.006969999617755], [82.65056999978135, 24.052899999862312], [82.71633999954464, 24.041580000335625], [82.7977900004438, 24.191250000506226], [82.71909000000629, 24.314020000157047], [82.73726999994985, 24.45682000045349], [82.81459000038565, 24.44611000022859], [82.79099999954515, 24.51509000033811], [82.69976999995552, 24.576439999727935], [82.40185999967011, 24.594900000330426], [82.37616000026115, 24.50164999964445], [82.32101000003435, 24.52775000043876], [82.29518000043805, 24.59767000003893], [82.21220999983488, 24.595989999839393], [82.21768000022549, 24.66867999978967], [82.1627800000171, 24.675949999993904], [82.07457999964151, 24.74450999999596], [81.9326199999587, 24.785890000451506], [81.85125999957495, 24.917670000374084], [81.6763899998544, 24.939730000480367], [81.58666999991006, 25.001439999730838], [81.61265000013705, 25.04064999966183], [81.55202000002039, 25.14430000013409], [81.49418999995176, 25.11904999984663], [81.47936999951622, 24.98960000019446], [81.39713999963057, 24.982850000388066], [81.40190999958978, 25.047170000308558], [81.27192000021938, 25.08401999977847], [81.19846999982596, 24.843930000361727], [81.12308000013158, 24.816080000201374], [81.044140000444, 24.856520000239247], [80.82342999997945, 24.825710000326254], [80.79163000028588, 24.888860000461253], [80.8978799998962, 25.086749999973005], [80.85311999956225, 25.03740000045356], [80.69687999994409, 25.018500000128174], [80.76036000035339, 24.976610000120548], [80.72275999976829, 24.96688000021035], [80.59685000011496, 25.05249999983765], [80.56535000007082, 24.98770000008116], [80.51077999960779, 25.010440000078322], [80.53516000030625, 24.93422000039292], [80.45522000039796, 24.883490000113696], [80.42801000007678, 24.97491000048335], [80.36255999999536, 24.921050000295022], [80.25830000007444, 24.952129999698], [80.35116999975467, 25.027350000375044], [80.32587000046149, 25.061860000366163], [80.40922999963367, 25.07374000020471], [80.41893999958181, 25.142710000406954], [80.29812000026685, 25.18352999977469], [80.25626000040046, 25.3309400002056], [80.10328115767726, 25.28255457682114]]]]}}, {"type": "Feature", "properties": {"subdivision_id": 13, "subdivision_code": "GWB", "subdivision_name": "Gangetic West Bengal"}, "geometry": {"type": "MultiPolygon", "coordinates": [[[[88.15410260952198, 24.657401982143302], [88.13033009724445, 24.579389981224583], [88.240220104582, 24.409329978731407], [88.38731011866759, 24.327269974275303], [88.8033201708943, 24.240539960947785], [88.8340201708029, 24.111389959351687], [88.7902401605407, 24.029209960889187], [88.8387601649611, 23.950369959004785], [88.79757015717712, 23.894879960684595], [88.58850012813419, 23.840289968430046], [88.4733801088386, 23.626569972413712], [88.60738011888314, 23.497829968076147], [88.66167012579373, 23.51047996619288], [88.6515401225474, 23.45404996590923], [88.69830012771743, 23.43807996445152], [88.69379012134485, 23.293379964733983], [88.62542011216141, 23.23204996724644], [88.65972011468062, 23.20174996577373], [88.86967013747163, 23.176739957591007], [88.7887501192373, 22.95854996078712], [88.848300121963, 22.874029958957554], [88.83206010627032, 22.53613995881501], [89.00450010449619, 22.133049951300528], [88.91999009207937, 22.034459955581823], [88.94149008696108, 21.878219954373044], [88.72216007286363, 21.913689963252963], [88.68948007341687, 21.994259964495928], [88.61357006781479, 21.97680996761015], [88.58234006664253, 21.99584996812278], [88.5325200594934, 21.864619969612768], [88.37498004799737, 21.760689974633145], [88.12901003774253, 21.74531998079167], [88.10918004046881, 21.895389980858745], [88.16508004581965, 22.062339979813764], [88.12763004671983, 22.14844998082867], [88.07054004347555, 22.145959981415377], [88.11454004453995, 22.064129981175128], [87.80583002567892, 21.6776999868404], [87.45477001669155, 21.538429991192825], [87.38515001729867, 21.74002999193348], [87.18824001410823, 21.795769993236863], [87.12284001459818, 21.92508999429673], [87.04607001185362, 21.806449995030544], [86.98553001146738, 21.800499995091027], [86.93131001226435, 21.9982199953645], [86.67034000889161, 22.103179997176483], [86.6614300097239, 22.162489997195234], [86.71186000967725, 22.143359996719052], [86.8117600114327, 22.235289996098036], [86.68795001080342, 22.39433999720528], [86.68736001143925, 22.496009996527203], [86.59566000965486, 22.51535999713584], [86.50637000970687, 22.64695999723127], [86.40713000829163, 22.685759998049353], [86.39313000884185, 22.745539997524276], [86.40485000841761, 22.851709998167717], [86.49438000977646, 22.9229199975628], [86.14494000676206, 22.947049998536087], [85.9669500048911, 23.06087999869949], [85.90354000466738, 23.07301999920366], [85.80665000460687, 23.16119999894307], [85.81356000495582, 23.342399999564808], [85.8303000044392, 23.39177999873432], [85.84354000521827, 23.39967999899161], [85.99516000589716, 23.421989999109297], [85.97784000578699, 23.460259998945553], [86.0835000067372, 23.48985999904383], [86.12237000714907, 23.38365999853442], [86.24818000841779, 23.3192899985968], [86.29467000908153, 23.331789998240875], [86.36309001070288, 23.509819998300614], [86.56007001347862, 23.63299999696078], [86.73983001672819, 23.602799996816863], [86.81624001943102, 23.730669995873612], [86.79155001906975, 23.773939996204135], [86.84333002054433, 23.835929995807092], [86.99101002373959, 23.739019995354784], [87.18884003013873, 23.799869993861627], [87.23788003225883, 23.775369993196097], [87.33006003653205, 23.88534999276684], [87.30015003520379, 23.93401999254205], [87.37985003882186, 23.97094999247297], [87.392170039153, 23.934199992238206], [87.53321004594223, 23.928359990021665], [87.59636005090069, 24.063709990004753], [87.80125006364533, 24.115009986854123], [87.77650006300102, 24.217999987165935], [87.88431007206593, 24.303659985780726], [87.8706900739829, 24.485839985611527], [87.95986008135394, 24.535329983965283], [87.94386008205042, 24.628289984778174], [87.93692008303994, 24.736069984836856], [88.15410260952198, 24.657401982143302]]]]}}, {"type": "Feature", "properties": {"subdivision_id": 9, "subdivision_code": "SIK/NWB", "subdivision_name": "Sub-Himalayan West Bengal & Sikkim"}, "geometry": {"type": "MultiPolygon", "coordinates": [[[[88.15410260952198, 24.657401982143302], [87.93692008303994, 24.736069984836856], [87.93860008658665, 24.97689998469645], [87.87020008223891, 25.047799985939243], [87.84749008209914, 25.201659986144954], [87.94475009129368, 25.22506998491902], [87.88350008902687, 25.412129985531347], [87.9974601001293, 25.466869983626175], [88.11669011310117, 25.455889981563338], [88.15511011834649, 25.50218998081876], [88.06435010831711, 25.55148998292081], [88.10076011406805, 25.648079981779098], [87.88891009558714, 25.8493799863075], [87.91021009959059, 25.972249985700124], [88.0546801177908, 26.138819982663133], [88.32689015647621, 26.299419977460964], [88.30048015513594, 26.413289977480563], [88.25878014977825, 26.492969979351], [88.18238013993403, 26.528169980260632], [88.23039015133166, 26.766429979339794], [88.18237014722101, 26.917099980527052], [88.03819012911889, 27.04625998346636], [88.04078013143345, 27.16868998356914], [88.07466014013659, 27.416639982969116], [88.13728015160659, 27.617709982294063], [88.21935016681884, 27.758359980686276], [88.16740016085105, 27.90118998203703], [88.44964021121274, 27.962569974902998], [88.62381025169489, 28.081119970034052], [88.72968027651653, 28.081039967128824], [88.86284030912762, 28.00139996143905], [88.93565032522976, 27.861989958691687], [88.82703028312406, 27.422719962561263], [88.93380030670124, 27.304699957841866], [88.79675026822541, 27.166159963214877], [88.9082602936823, 27.103429958630098], [88.91873029378286, 27.011349958440416], [88.97069030612084, 26.986759956384574], [89.22655037444868, 26.81092994324347], [89.4716104620094, 26.856269928745377], [89.68204054419725, 26.800479912991225], [89.72898055983413, 26.72403990860594], [89.92184065123102, 26.717199891266592], [89.90943063401603, 26.579069892591974], [89.9067106211017, 26.429889891899307], [89.90119061467605, 26.383899892580505], [89.88529060253137, 26.325279894355386], [89.83978057906883, 26.291149898576048], [89.78857055287371, 26.250709902974876], [89.66169049436418, 26.177889913405405], [89.63712047273161, 25.998599914712376], [89.38678038671453, 26.024689932680886], [89.2062503378457, 26.151509943098567], [89.15361033217269, 26.356899946837704], [89.01647029915016, 26.45067995372971], [88.954390279924, 26.371939956314577], [89.07426030590891, 26.241319950187474], [88.95305027638429, 26.276529956114675], [88.78953023790223, 26.244989962944032], [88.82967024356654, 26.157639961271123], [88.78777023431276, 26.141999962531116], [88.71090022001046, 26.182179965463746], [88.7617302339691, 26.29852996396438], [88.47255018514359, 26.568489973155334], [88.3974101721542, 26.527179975037807], [88.410610172385, 26.439999975287407], [88.59556020275703, 26.368139969280026], [88.56893019696713, 26.3147599707219], [88.43966017332122, 26.29337997420959], [88.39089016341985, 26.173079975141352], [88.24027014066607, 26.11110997916462], [88.16188012675973, 25.917519980822224], [88.1843001263707, 25.7459599802811], [88.32625014446172, 25.744089977323572], [88.54539017085487, 25.52008997050377], [88.71562019759223, 25.429219964720584], [88.88012023050747, 25.486389958193687], [88.88462022706902, 25.36859995792834], [89.09326026840863, 25.279959948473845], [89.00342024319839, 25.155149952817528], [88.52895015831943, 25.14461997122025], [88.40592013410338, 24.854339974049566], [88.31045012210915, 24.84051997658369], [88.28960012161807, 24.90427997773754], [88.22659011357615, 24.894359979225193], [88.15410260952198, 24.657401982143302]]]]}}, {"type": "Feature", "properties": {"subdivision_id": 18, "subdivision_code": "JH", "subdivision_name": "Jharkhand"}, "geometry": {"type": "MultiPolygon", "coordinates": [[[[87.94475009129368, 25.22506998491902], [87.84749008209914, 25.201659986144954], [87.87020008223891, 25.047799985939243], [87.93860008658665, 24.97689998469645], [87.93692008303994, 24.736069984836856], [87.94386008205042, 24.628289984778174], [87.95986008135394, 24.535329983965283], [87.8706900739829, 24.485839985611527], [87.88431007206593, 24.303659985780726], [87.77650006300102, 24.217999987165935], [87.80125006364533, 24.115009986854123], [87.59636005090069, 24.063709990004753], [87.53321004594223, 23.928359990021665], [87.392170039153, 23.934199992238206], [87.37985003882186, 23.97094999247297], [87.30015003520379, 23.93401999254205], [87.33006003653205, 23.88534999276684], [87.23788003225883, 23.775369993196097], [87.18884003013873, 23.799869993861627], [86.99101002373959, 23.739019995354784], [86.84333002054433, 23.835929995807092], [86.79155001906975, 23.773939996204135], [86.81624001943102, 23.730669995873612], [86.73983001672819, 23.602799996816863], [86.56007001347862, 23.63299999696078], [86.36309001070288, 23.509819998300614], [86.29467000908153, 23.331789998240875], [86.24818000841779, 23.3192899985968], [86.12237000714907, 23.38365999853442], [86.0835000067372, 23.48985999904383], [85.97784000578699, 23.460259998945553], [85.99516000589716, 23.421989999109297], [85.84354000521827, 23.39967999899161], [85.8303000044392, 23.39177999873432], [85.81356000495582, 23.342399999564808], [85.80665000460687, 23.16119999894307], [85.90354000466738, 23.07301999920366], [85.9669500048911, 23.06087999869949], [86.14494000676206, 22.947049998536087], [86.49438000977646, 22.9229199975628], [86.40485000841761, 22.851709998167717], [86.39313000884185, 22.745539997524276], [86.40713000829163, 22.685759998049353], [86.50637000970687, 22.64695999723127], [86.59566000965486, 22.51535999713584], [86.68736001143925, 22.496009996527203], [86.68795001080342, 22.39433999720528], [86.8117600114327, 22.235289996098036], [86.71186000967725, 22.143359996719052], [86.6614300097239, 22.162489997195234], [86.01604000474454, 22.47229999893942], [85.9583000043533, 22.458149998856896], [85.95994000357729, 22.16190999902913], [85.99689000355569, 22.124859998989496], [85.92062000289816, 21.95401999932633], [85.8013200025479, 21.916169998751904], [85.7624100019566, 21.934529999030993], [85.79356000301729, 22.035439998890148], [85.66873000188662, 22.011539999351527], [85.34103000129876, 22.10142999920842], [85.23917000069191, 21.970909999940314], [84.99954000122044, 22.010140000155257], [85.07954000142496, 22.317049999957185], [85.06707000103971, 22.379089999569175], [85.02073000106604, 22.38666999987844], [84.51803000067716, 22.358259999852592], [84.41351000048647, 22.29427000024071], [84.26564000021034, 22.285369999876895], [83.98607000011593, 22.46755999967085], [84.18940000032572, 22.584119999583436], [84.35411999992549, 22.82139000016073], [84.34322000048722, 22.88067000043419], [84.11615999991878, 22.913570000029036], [84.01286000018352, 23.09730000000403], [84.03648000012153, 23.164440000056338], [84.0546000002456, 23.254329999942573], [83.95356000049354, 23.284699999792053], [84.00484000050761, 23.53450999992828], [83.9289700003566, 23.537120000380014], [83.88571000005909, 23.46391000018535], [83.77908000008026, 23.486830000053782], [83.68378000016828, 23.607159999784106], [83.60889999967479, 23.8205000002403], [83.47468999968646, 23.897959999846993], [83.2623100003576, 23.906950000252827], [83.39790000024321, 24.056689999989416], [83.47028000042049, 24.28044999988483], [83.43525999998766, 24.368869999909847], [83.49561000043423, 24.432480000462952], [83.55591999998519, 24.466640000013797], [83.55588999964543, 24.520730000350746], [83.81280517640566, 24.52819824212442], [83.94018554736182, 24.550415038644783], [84.02899169960509, 24.632202148403245], [84.11761474630221, 24.479187012392337], [84.28198242220998, 24.548034668210633], [84.49182129003019, 24.29119872955315], [84.82800293095882, 24.524841309230943], [84.90661621191012, 24.395019530752126], [85.16601562730138, 24.412597656225337], [85.39501953461998, 24.532226561285793], [85.67938232900919, 24.594604491120702], [85.70959473234929, 24.769226073628392], [86.0578003017273, 24.778991697618032], [86.15618897474621, 24.591186521575647], [86.32440186753574, 24.58642577893401], [86.28900147674267, 24.462036131487466], [86.46942140139863, 24.380432126458846], [86.53100587493871, 24.544006345082714], [86.60021974489263, 24.600219723801935], [86.91522219459888, 24.574829097613485], [86.95800784022126, 24.649414057571104], [87.05358889780516, 24.608032221975556], [87.09460452625179, 24.825012201534424], [87.16040042798608, 24.896423334043753], [87.1690063868031, 25.04620360675841], [87.24920658607603, 25.111389153584447], [87.35223393641947, 25.213989250636747], [87.4776001542235, 25.21820067541336], [87.586608951212, 25.348999012606143], [87.70898444755508, 25.27703856282276], [87.94475009129368, 25.22506998491902]]]]}}, {"type": "Feature", "properties": {"subdivision_id": 11, "subdivision_code": "E.RJ", "subdivision_name": "East Rajasthan"}, "geometry": {"type": "MultiPolygon", "coordinates": [[[[75.6614101327403, 28.462298352995862], [75.86306998366446, 28.323799998554538], [76.0021999863551, 28.218419999507724], [75.95104998600178, 28.08505999945874], [75.97261998611442, 27.99694999903623], [75.91811998537192, 27.913209999370405], [75.96304998658977, 27.796039999035994], [76.03800998753874, 27.78409999935228], [76.14356998959842, 27.767539999436668], [76.20053999045203, 27.766759999226743], [76.1207399889302, 27.93645999889875], [76.17544998949988, 27.988239999312153], [76.31904999126677, 28.00642999994307], [76.3272599919585, 28.091819999318044], [76.28382999092489, 28.12267999964932], [76.44137999301229, 28.100480000018813], [76.50828999405942, 27.922299999754067], [76.8049399960628, 28.17486000032779], [76.91275999696832, 28.112939999671653], [76.922099996628, 27.812619999577663], [76.85663999646563, 27.60694000016619], [76.91881999644973, 27.603159999485996], [77.0306399970593, 27.69232999985817], [77.01488999685729, 27.759030000210977], [77.26168999802653, 27.743619999781917], [77.39757999888172, 27.37395000040943], [77.58932999870346, 27.17955999977059], [77.64510999922004, 27.191579999938675], [77.56672999929505, 27.058220000411307], [77.47622999881621, 27.017090000456836], [77.71009999902057, 26.94561999969079], [77.4366999985805, 26.82601999997366], [77.39956999924141, 26.704569999856034], [77.44246999911611, 26.67994999995517], [77.46692999859502, 26.77223000031344], [77.79770999992789, 26.841629999978696], [78.00088000001396, 26.781250000320455], [78.0823999996366, 26.88535999974313], [78.19997999953335, 26.889350000201773], [78.23408999979836, 26.82317999982235], [78.07911999950579, 26.721440000428], [78.02290000002004, 26.626560000528805], [77.82982999967972, 26.58607000031417], [77.47580999857634, 26.341289999993293], [77.36273999900166, 26.31896000040855], [76.78321999675903, 26.012879999787845], [76.66641999594441, 25.824829999753938], [76.51307999490822, 25.81333999982481], [76.40271999407, 25.720539999545167], [76.47078999542724, 25.5665399992086], [76.45549999498822, 25.407609999471024], [76.56809999594331, 25.272439999781128], [76.71268999689849, 25.228059999713967], [76.96225999810179, 25.262099999592078], [77.1182599986891, 25.271389999792373], [77.2391099987212, 25.357300000390417], [77.32273999928577, 25.125209999568696], [77.30693999870182, 25.046649999790652], [77.23310999844662, 25.01177000033064], [77.08462999869957, 25.033799999888952], [76.80317999734304, 24.977159999856674], [76.77203999775024, 24.935479999400325], [76.81667999784693, 24.783879999365716], [76.69224999655509, 24.734570000009192], [76.72648999718747, 24.688140000090506], [76.9244899975442, 24.692859999883588], [76.99061999872994, 24.45766999946692], [76.85704999833162, 24.37521999957652], [76.74628999721514, 24.446359999931833], [76.74116999765018, 24.35150999937795], [76.74742999754154, 24.209179999961485], [76.84768999847341, 24.111419999791035], [76.79087999766934, 24.04687999946945], [76.71444999726444, 24.031669999850497], [76.60489999668792, 24.089499999342504], [76.57688999679362, 24.17964999984138], [76.52002999686263, 24.179579999404133], [76.44476999611106, 24.088349999414735], [76.11076999402849, 24.15315999874794], [76.09907999384816, 24.242189999464703], [76.04956999270297, 24.212609999005288], [76.0286499925642, 24.0350299988962], [75.85974999178167, 23.944149998531202], [75.9219599924418, 23.814549998733977], [75.7873799908461, 23.79145999830342], [75.8040299910482, 23.72380999803343], [75.78325999130803, 23.712549998621046], [75.75442999037273, 23.69895999811059], [75.63698998931382, 23.719849997646147], [75.58130998836855, 23.81292999753437], [75.54762998690707, 23.840899997663797], [75.57931998794821, 23.903719997506936], [75.67891998924144, 23.879499998414285], [75.6502799890166, 23.928869997932836], [75.71360998973236, 24.037449998028112], [75.65138998835585, 24.0760499977323], [75.70627998892226, 24.22060999869004], [75.63857998734672, 24.29426999828767], [75.66087998720573, 24.3655399984653], [75.78072998957548, 24.396509998599154], [75.80808998925028, 24.49906999857109], [75.7342399883819, 24.553709998090913], [75.68672998685135, 24.694729998302336], [75.48726998410785, 24.611119997603407], [75.08870997353765, 24.679409995456403], [75.14286997477838, 24.763239995927744], [75.10595997289809, 24.826449996216464], [75.26114997741692, 24.756549996249923], [75.34891998037749, 24.80359999661262], [75.18694997581476, 24.818549996705777], [75.16855997452488, 24.899889995965218], [75.21144997628423, 24.863269996217134], [75.27177997755018, 24.965069997015277], [75.1510699735643, 24.994489996556783], [75.11671997234527, 25.002749995808777], [75.06583997055857, 25.00233999522813], [75.028949970495, 24.849519995031194], [74.93001996704056, 24.78612999479849], [74.72619995779559, 24.918799992864315], [74.74399996006022, 24.727559993562995], [74.88428996616001, 24.69852999412567], [74.8048899633582, 24.56980999338751], [74.70691995856365, 24.706339993231044], [74.64198995692558, 24.504689992475935], [74.64613995732995, 24.419369992564235], [74.71145996073385, 24.410529993106994], [74.63646995935945, 24.194399992254386], [74.81247996654312, 24.1704799940051], [74.77642996628839, 24.068569993115585], [75.02765997734946, 23.685689995191865], [75.00699997687086, 23.54909999482326], [74.85936997326388, 23.455969994531838], [74.70534996956516, 23.400419993167333], [74.63003996828218, 23.26362999234232], [74.83507997498859, 23.13319999357797], [74.59478996882198, 23.045709991792677], [74.39708996238127, 22.999219989259192], [74.34312995822913, 23.117989988359554], [74.218489952478, 23.116179986744772], [74.18155994863957, 23.232309986566914], [74.07567994179772, 23.307969984420264], [73.93078993150576, 23.357169982180302], [73.75725991736213, 23.402009977986488], [73.6929499075042, 23.597329976721813], [73.61651990188886, 23.566379974806726], [73.48931988345426, 23.7646199710662], [73.23590984159117, 24.073979962575862], [73.10086982399308, 23.99288995699652], [72.97018979640106, 24.13012995085784], [72.94819978939842, 24.191429949956017], [73.06189980300793, 24.340559955518646], [72.96016978202205, 24.40326995079584], [72.96092977969275, 24.45924995072735], [72.96131977901085, 24.488049950188874], [72.90754976830226, 24.49054994751276], [72.79048975039011, 24.353659941536275], [72.1111995466159, 24.564649890765864], [72.17367956591748, 24.592569896620425], [72.16784431370994, 24.594630951693944], [72.37286559673329, 24.737649065361566], [72.4970520172052, 24.7447987630447], [72.50186383450499, 24.90165758117987], [72.73539685199162, 25.14272878797238], [72.8515471229758, 25.277403335799253], [73.01233280960531, 25.21501623338212], [73.03721591483003, 25.073888266631222], [73.08582207707879, 25.048007006623358], [72.99971172882208, 24.929390357499557], [73.21469857008529, 24.7413302310561], [73.5173194472743, 25.15606188941869], [73.79897237393652, 25.4268614390668], [73.99244443224134, 25.878583966808947], [74.14975153351868, 25.886133302796697], [74.41549676622262, 26.212579225342342], [74.24939628368912, 26.347579934002678], [74.56779638958267, 26.605044332159025], [74.69613890379262, 26.58224823586763], [74.668449054491, 26.795231789269078], [74.91100231113381, 27.02018847417033], [75.15714431940003, 26.887767180962538], [75.38292732620748, 27.154216245106586], [75.07477423950745, 27.241516919967548], [75.19792420293629, 27.332429323615518], [75.0664054315147, 27.39832488492345], [74.83323720117814, 27.273902924887178], [74.65172233358683, 27.651346669941248], [74.76421525326305, 27.927852642261737], [74.9068940513186, 28.248542555356263], [75.21721439080821, 28.476420827332277], [75.35465974232935, 28.32500603859063], [75.6614101327403, 28.462298352995862]]]]}}, {"type": "Feature", "properties": {"subdivision_id": 15, "subdivision_code": "GJ", "subdivision_name": "Gujarat Region"}, "geometry": {"type": "MultiPolygon", "coordinates": [[[[71.91519945953058, 24.6835498700773], [72.17367956591748, 24.592569896620443], [72.1111995466159, 24.564649890765864], [72.79048975039011, 24.353659941536307], [72.90754976830226, 24.490549947512783], [72.96131977901086, 24.48804995018889], [72.96092977969276, 24.45924995072735], [72.96016978202206, 24.40326995079584], [73.06189980300795, 24.34055995551868], [72.94819978939842, 24.19142994995604], [72.97018979640107, 24.13012995085784], [73.10086982399308, 23.99288995699654], [73.23590984159117, 24.073979962575862], [73.48931988345427, 23.76461997106623], [73.61651990188885, 23.566379974806743], [73.69294990750421, 23.597329976721834], [73.75725991736213, 23.402009977986502], [73.93078993150577, 23.357169982180334], [74.0756799417977, 23.30796998442028], [74.18155994863957, 23.232309986566936], [74.218489952478, 23.116179986744772], [74.34312995822913, 23.117989988359543], [74.39708996238127, 22.999219989259192], [74.41944996402033, 22.898599989840083], [74.555469969734, 22.818389991429438], [74.54555996960931, 22.77568999076403], [74.43494996820073, 22.59448998956796], [74.18236996104613, 22.471709986425612], [74.13633995820025, 22.51295998603269], [74.17299996134385, 22.411539986139108], [74.24117996395753, 22.425399987274332], [74.32057996702277, 22.36848998851664], [74.24512996616383, 22.298109987074017], [74.13714996215772, 22.300879985791802], [74.21318996807466, 22.111089986616435], [74.20772997008655, 21.93557998643647], [74.0749699682384, 21.82400998458308], [73.97718996428308, 21.843489982566954], [73.87620996160824, 21.79750998053142], [73.95328996692203, 21.662649982543556], [73.85409996521071, 21.61379997996926], [73.9198299702067, 21.480909981146336], [73.99798997212534, 21.489799982848538], [74.2185399764934, 21.536429986523036], [74.40252998092278, 21.520119989243618], [74.4093799815989, 21.478679989234216], [74.00057997491908, 21.359179983310703], [73.95965997589195, 21.26869998245322], [73.78586997390562, 21.156179978854365], [73.7812799748977, 21.091499978748303], [73.94144998143494, 20.967009981735377], [73.96227998436147, 20.838699982266327], [73.98496998723688, 20.744719982856022], [73.86094998631093, 20.70334997999904], [73.83678998823429, 20.595109979674387], [73.76545998797641, 20.57458997846048], [73.68365998729843, 20.573219976118885], [73.51964998012228, 20.728989971606115], [73.44488998066193, 20.66374996926834], [73.53069998790512, 20.489079971494863], [73.43783998932423, 20.40843996934313], [73.48009999662382, 20.208329970806297], [73.26657999817256, 20.150939963395967], [73.23077000167078, 20.078379961864417], [73.06358000169543, 20.077859954787854], [72.98789999874427, 20.130239951013717], [72.99247999375687, 20.22040995148149], [72.93983998988958, 20.286479948467157], [72.86859998767461, 20.322249944682316], [72.98589998707976, 20.346409951431166], [72.96515998078368, 20.455229949752233], [72.97994997288956, 20.61619995042484], [72.80450993952014, 21.083539941224885], [72.75541993813891, 21.06508993821642], [72.70731992192353, 21.26939993568671], [72.77556991480161, 21.4551899394393], [72.81936991361759, 21.535589942444087], [72.93655991895099, 21.582419948619595], [72.9439499175395, 21.63464994888047], [72.6548498936431, 21.633549932344945], [72.70871988374344, 21.87145993605078], [72.65512987926941, 21.85854993235725], [72.6180998715991, 21.90626992946212], [72.60814985694019, 22.10003992912846], [72.67132986079011, 22.161229933480918], [72.63851985596536, 22.177709931595256], [72.54149984539524, 22.152449924714833], [72.49014983028593, 22.262979921272233], [72.4494681629174, 22.103591084259325], [72.15436745129387, 22.01778080261857], [71.87052138169034, 22.08498901296969], [71.6609607895661, 22.17959234566615], [71.67129131769241, 22.405121552255277], [71.88696813962923, 22.417534723717086], [71.95229231513036, 22.587076734065054], [72.06621966925607, 22.40393446226685], [72.16025788684723, 22.52765034421199], [72.0366395237859, 22.662932874093986], [72.09639605146532, 22.725539608138], [71.99402275753508, 22.921163429502283], [72.08973149071127, 23.021406342567563], [71.89207151340682, 23.104827584802777], [72.02447851360252, 23.230966140893706], [71.85848868191542, 23.221319802126075], [71.89822227600305, 23.38949297251058], [71.99888980805466, 23.419068159899176], [71.97719911566931, 23.5481394839849], [71.79268749045079, 23.430637498769563], [71.42898899393944, 23.491426578377865], [71.40325320871491, 23.667361621329583], [71.30181946281232, 23.64915273708713], [71.18055314253046, 23.724259148838776], [70.98145801485667, 23.640409787021746], [71.1397157182474, 23.922744387664743], [71.31994262885449, 23.922481665862165], [71.32209180124879, 24.064635911845794], [71.23340476399538, 24.21277714798614], [71.4290901852128, 24.35554117894343], [71.36863461333063, 24.4700483268859], [71.26295127317887, 24.49871543582995], [71.28419994047155, 24.685853567216107], [71.29082913947883, 24.687339779442922], [71.40230920310856, 24.704399798881294], [71.71535937578533, 24.637159845267885], [71.74325938440678, 24.676699849230612], [71.91519945953058, 24.6835498700773]]]]}}, {"type": "Feature", "properties": {"subdivision_id": 7, "subdivision_code": "W.UP", "subdivision_name": "West Uttar Pradesh"}, "geometry": {"type": "MultiPolygon", "coordinates": [[[[80.4031108866842, 28.60493333108528], [80.44745945107573, 28.47663135341832], [80.30970990435502, 28.461672609478008], [80.39961698034445, 28.33313273931103], [80.28725457468502, 28.18213008751755], [80.23944776146843, 28.081563687855795], [80.05484103706897, 27.94428385916055], [80.07268424235455, 27.743783493847104], [79.83991819079665, 27.670378224269715], [79.75904542893139, 27.70550149898795], [79.71167495769492, 27.626256624681332], [79.7535917780819, 27.47617630608576], [79.65711695096907, 27.482443934836137], [79.62311083274275, 27.63257036556109], [79.50285225922669, 27.602666525726484], [79.24373307765175, 27.714250866043045], [79.1476440887104, 27.684343657152805], [79.2387824501094, 27.520763060741388], [79.27270593024221, 27.406562989353983], [79.30677063864917, 27.27802361122903], [79.43793705782554, 27.071773080834635], [79.34369731133181, 26.948894920855558], [79.54464541966729, 26.865129554510478], [79.63217271410052, 26.894665166027096], [79.77716354550273, 26.788510174921175], [79.67396181748802, 26.737422638544494], [79.71466524599917, 26.666140591617328], [79.63636331867916, 26.54359476830198], [79.51916844248238, 26.363286265248913], [79.56017609436142, 26.263383669084018], [79.74388132303896, 26.179114098647318], [79.86383994725615, 26.094113615252056], [79.96663360035524, 26.13788644935595], [79.96726328654628, 26.06622449881023], [80.0942735674865, 26.05991041716806], [80.09482358524383, 25.988244980687735], [80.21415031811352, 25.931605702421766], [80.30133761372362, 25.932052347479466], [80.3649781201962, 25.889341558871493], [80.24649160300777, 25.831436741506174], [80.3501869903975, 25.69575671514257], [80.27173466917586, 25.58787422868204], [80.14634853616009, 25.436679931523184], [80.10328115767726, 25.28255457682114], [80.09090000012212, 25.278630000434667], [79.93400000039298, 25.169269999747765], [79.81930999968736, 25.149129999638202], [79.82358999974024, 25.033540000373097], [79.56038999969891, 25.07496999969921], [79.35345999972587, 24.98944000047334], [79.44885999956125, 25.190939999917955], [79.28344000032392, 25.25728999987852], [79.24816999962775, 25.264319999931136], [79.2367399996405, 25.188720000407905], [79.27011999975551, 25.045350000162216], [79.12468999983986, 25.04508000013642], [78.99568000026774, 25.113680000276556], [79.02747000025147, 25.163529999866746], [78.95915000027391, 25.18694999985041], [78.85123999983381, 25.114159999791575], [78.88286999979447, 25.242610000411755], [78.83316000031468, 25.261069999705747], [78.7636299996319, 25.179360000128018], [78.73796000021967, 25.208940000341293], [78.8609999999766, 25.330840000373716], [78.91708999983217, 25.322729999860503], [78.90853000047082, 25.479879999824377], [78.8619499995394, 25.503979999996897], [78.81702000010455, 25.398449999969987], [78.71324999947159, 25.329369999709307], [78.57017000026546, 25.37979999992128], [78.3990899995346, 25.217410000262607], [78.53450999992276, 25.134940000161475], [78.59036999956332, 24.899590000068528], [78.74519999989967, 24.820550000057434], [78.70083000013017, 24.54793999984825], [78.86004999983535, 24.520859999672233], [78.89627999997735, 24.43040000031343], [78.86379000044217, 24.395619999702536], [78.9618100000336, 24.369980000064263], [78.97917999978229, 24.351780000306103], [78.92793999991586, 24.305810000489522], [78.83555000001903, 24.185240000251902], [78.8566400004315, 24.13093999982827], [78.74136000040153, 24.077909999642817], [78.49540999992433, 24.29259999991751], [78.33446999998046, 24.217910000461575], [78.19017999988797, 24.4143499998236], [78.14827999959145, 24.487650000228452], [78.25182999970046, 24.616879999925963], [78.1100800002948, 24.78936000036311], [78.13546999980392, 24.85743000020255], [78.31039999953629, 24.931119999812942], [78.29522999950431, 24.97953000021086], [78.38847000027653, 25.07357000052624], [78.25000999976439, 25.29607999972095], [78.3974299997753, 25.498459999777648], [78.44550000033328, 25.516070000183035], [78.54123000009912, 25.50775000048373], [78.62335000035348, 25.492890000459752], [78.7723800001868, 25.598449999893916], [78.75474999953924, 25.701670000231754], [78.84453000042295, 25.71124000041594], [78.85319000031815, 25.830249999913267], [78.89385000010607, 25.827970000409998], [78.91295999964323, 25.85518999993792], [78.98523999969657, 25.964069999958543], [78.92819000003547, 25.9958099998246], [78.93227000015659, 26.074159999686152], [79.01524999965746, 26.194179999772654], [79.08453000015439, 26.216119999950333], [79.08830000046214, 26.346320000425337], [78.99204000000064, 26.51712000004155], [78.81718999984324, 26.670760000167434], [78.61701999942893, 26.71761000038319], [78.51880999992756, 26.70461000048718], [78.41936999974135, 26.776660000067576], [78.31436000025182, 26.76328000039426], [78.02290000002004, 26.626560000528805], [78.07911999950579, 26.721440000428], [78.23408999979836, 26.82317999982235], [78.19997999953335, 26.889350000201773], [78.0823999996366, 26.88535999974313], [78.00088000001396, 26.781250000320455], [77.79770999992789, 26.841629999978696], [77.46692999859502, 26.77223000031344], [77.44246999911611, 26.67994999995517], [77.39956999924141, 26.704569999856034], [77.4366999985805, 26.82601999997366], [77.71009999902057, 26.94561999969079], [77.47622999881621, 27.017090000456836], [77.56672999929505, 27.058220000411307], [77.64510999922004, 27.191579999938675], [77.58932999870346, 27.17955999977059], [77.39757999888172, 27.37395000040943], [77.26168999802653, 27.743619999781917], [77.28391999835803, 27.775510000381004], [77.29774999875602, 27.81772999965442], [77.44029999894639, 27.845529999740748], [77.46788999885051, 27.886749999682905], [77.40708999879097, 28.012690000463714], [77.44317999855832, 28.06231000037008], [77.4949099984429, 28.321900000477807], [77.31747999789205, 28.447009999887985], [77.3022199981662, 28.612930000091904], [77.16149999808145, 28.829249999910225], [77.10663999727569, 29.03130000038191], [77.0908699968633, 29.138790000102375], [77.09094999733169, 29.191100000312435], [77.13994999741944, 29.22652000044321], [77.13266999701473, 29.320840000332534], [77.01644999678011, 29.48811000048229], [77.06491999673587, 29.582200000231875], [77.13003999792515, 29.63527000031803], [77.15587999791155, 29.762000000056393], [77.15404999782778, 29.91665000014401], [77.2011199981802, 29.94822999983928], [77.2461199982506, 30.003070000584902], [77.44842999876441, 30.091930000617037], [77.60454999930276, 30.32674999981681], [77.58862999865558, 30.35747999995479], [77.60223125986973, 30.364262276069834], [77.94796674669674, 30.213086983703857], [77.82863945153426, 30.07902800539128], [77.72350926534827, 29.939263335870184], [77.76465176256954, 29.725550441957164], [77.84827519544461, 29.67388427384842], [77.9567728992261, 29.70028418376552], [77.97364349506711, 29.593292897046926], [78.14899081003813, 29.668769523172912], [78.30983353957225, 29.785494050429296], [78.52323939672827, 29.729998824208828], [78.5607202715144, 29.593455548543155], [78.74095459047909, 29.471330804049888], [78.96007453410633, 29.42712807478626], [78.79883604192545, 29.317141975464818], [78.71061446641714, 29.303722612215456], [78.87630635286024, 29.193070759012944], [78.95252063120994, 29.12264075575042], [79.05399774660202, 29.14802614664422], [79.14958597911465, 29.12550655386637], [79.16518744118554, 29.012317173149775], [79.35603252736044, 28.96703591993789], [79.4525493613875, 28.86670433881448], [79.57410449407844, 28.90386157254906], [79.61583028215699, 28.826693399216293], [79.82541979434804, 28.876439054550254], [79.86611029441322, 28.87678753521295], [79.83300117147537, 28.804867449835236], [79.96224186554663, 28.75816306926363], [80.05306493570103, 28.799009319409635], [80.052140000139, 28.792629999886266], [80.30691000023276, 28.690479999783168], [80.27862999987244, 28.655350000230044], [80.4031108866842, 28.60493333108528]]]]}}, {"type": "Feature", "properties": {"subdivision_id": 26, "subdivision_code": "TG", "subdivision_name": "Telangana"}, "geometry": {"type": "MultiPolygon", "coordinates": [[[[81.8065827971181, 17.906234874413475], [81.7943836137697, 17.871689032431146], [81.71908096172912, 17.776326621970398], [81.58786399772082, 17.722957076295007], [81.53760226801758, 17.60352739476744], [81.51232923588711, 17.484019023843977], [81.3812461572611, 17.364735024545368], [81.3190457567685, 17.400717929543102], [81.25043754104358, 17.32308836630747], [81.17573846266569, 17.32316782101416], [81.1818753656995, 17.233475729565928], [80.99521830985614, 17.179745281993902], [80.92677539956271, 17.233544592789695], [80.939242717652, 17.16179861218868], [80.88326672910019, 17.16177401788717], [80.83362190962784, 17.03617565267688], [80.70925958206341, 17.071911036120156], [80.67202329271365, 17.03597916483168], [80.65945171867189, 17.113687637662284], [80.55988229323188, 17.14937012658916], [80.51656579125901, 17.065564364511683], [80.46692163681764, 17.03554479657221], [80.39840277762053, 17.083185472909648], [80.40494089566046, 16.981561612043592], [80.49833084567747, 16.91006318464568], [80.50438530986831, 16.969869390281502], [80.59768233809982, 16.922241097232153], [80.57298436039594, 16.856419564679662], [80.60419236080804, 16.778751449494912], [80.51107545606419, 16.78453075674596], [80.39303106486427, 16.820091495866837], [80.35568236627321, 16.849873211734085], [80.30550782119869, 16.987226052789996], [80.20591955577656, 17.02871403097594], [80.11289954575754, 16.986478657579298], [79.99539404780356, 16.884297657851437], [80.07663946894355, 16.77706252994117], [79.92853058077404, 16.626880727430535], [79.87854048073986, 16.69238062631852], [79.7914745510249, 16.72776057666795], [79.63051897747835, 16.6789318562867], [79.4202997956472, 16.599726183831784], [79.23472617890828, 16.556393535128556], [79.21125691198623, 16.41274220338746], [79.20067575966758, 16.215404478933216], [79.06429819578935, 16.244088968049216], [78.92870399198301, 16.194995796630057], [78.91752298762559, 16.081334361573443], [78.83639764972841, 16.15224301017444], [78.83756287190631, 16.04468350807074], [78.72667859605905, 16.013656570156158], [78.63309585182178, 16.090326300836946], [78.57202389883643, 16.029888594373027], [78.42925495948744, 16.081996767076898], [78.26935529235999, 16.02624773992573], [78.25188860086048, 15.948362564139615], [78.12394819454673, 15.827222285592986], [78.03653488623628, 15.897722301754388], [77.93181599301242, 15.884314646644508], [77.65381551518055, 15.90407356137899], [77.49083353346113, 15.907115648650628], [77.51286000094711, 16.306230000211837], [77.29919000091586, 16.365320000343313], [77.30378000133001, 16.457369999962967], [77.40177000102858, 16.48630999975353], [77.47093000049566, 16.589249999887333], [77.43921000093883, 16.7376100002464], [77.48714000044771, 17.09124000023863], [77.38721000050762, 17.191500000231226], [77.57446000063837, 17.405269999561668], [77.70739000045226, 17.478980000328068], [77.51316000046681, 17.50874000023286], [77.45710000070896, 17.57415000004441], [77.52856000082514, 17.766279999713177], [77.67426000028061, 17.93676000008455], [77.64464000021574, 17.978299999905097], [77.57987000079926, 17.9470300002551], [77.55212000042305, 17.994149999594573], [77.60861000004395, 18.069010000363797], [77.58765999993865, 18.199809999827277], [77.62504000042381, 18.251249999963836], [77.583979999868, 18.265729999507514], [77.56930000006034, 18.273019999824644], [77.53383000042194, 18.3915800003794], [77.58423999987333, 18.41342999999438], [77.57661000074542, 18.483030000070375], [77.79901000048596, 18.558410000367584], [77.77457000050146, 18.65757999988327], [77.8610900005265, 18.78461000025144], [77.87365000044451, 18.89522999984939], [77.77727999984242, 18.95664000021821], [77.87572000028376, 19.079099999885337], [77.87978000014814, 19.2601799996442], [77.98512000050323, 19.298130000057593], [78.08712000005423, 19.166110000075047], [78.21384000048516, 19.2198800003963], [78.2166400001826, 19.356370000231404], [78.31215000048381, 19.41450999980109], [78.33576999994128, 19.529750000042434], [78.3123599998892, 19.64283999976324], [78.37336000003496, 19.749909999873587], [78.32866999984786, 19.8201800003376], [78.33611999965198, 19.873109999811412], [78.4855399998832, 19.702259999692117], [78.74236000042268, 19.740520000353044], [78.80142000027946, 19.701760000450438], [78.80961999996157, 19.63219000010948], [78.95823000014045, 19.50365000007233], [79.22992999966196, 19.410479999679787], [79.2844200002595, 19.557200000072342], [79.50017999973288, 19.465470000149526], [79.81469000010006, 19.516320000338535], [79.84502000037249, 19.437380000375306], [80.00455000034115, 19.340540000001866], [80.01916000039989, 19.28851999986152], [79.88586999988942, 19.080840000261418], [79.87898999981172, 19.03441999972708], [79.98344999965903, 18.93765000046203], [79.92270000035793, 18.759479999705736], [80.09534000032535, 18.699640000236563], [80.25240000027692, 18.68893999969132], [80.33496000002847, 18.57718000041016], [80.41588999954814, 18.57591999984813], [80.60778000003451, 18.53414000016911], [80.74220000038915, 18.33275000024125], [80.78582999966045, 18.126259999964077], [80.87659999991527, 18.178639999775715], [80.8743100002724, 18.12011999972503], [80.98231999985684, 18.126820000319064], [81.02071999998036, 17.77071000040161], [81.06328999995962, 17.74994999987596], [81.19294999992927, 17.819549999885542], [81.40329999974206, 17.77685000044602], [81.63305999995626, 17.838729999842197], [81.80182999965601, 17.904749999736122], [81.8065827971181, 17.906234874413475]]]]}}, {"type": "Feature", "properties": {"subdivision_id": 30, "subdivision_code": "RYL", "subdivision_name": "Rayalaseema"}, "geometry": {"type": "MultiPolygon", "coordinates": [[[[78.915270274753, 16.083304561769268], [78.92469353894181, 15.985780022074179], [78.82739366438663, 15.84138898504249], [78.74517028215463, 15.228593388869223], [78.93265218594696, 15.192145574668245], [79.06083937133957, 15.174159180801544], [79.11259798647527, 14.887675628970822], [79.20345992883372, 14.601463473595485], [79.32240424825224, 14.45886756733], [79.44185097424904, 14.220536688101657], [79.43419431841309, 13.904800604658655], [79.57129450997822, 13.905641859560147], [79.64046009964524, 13.800798055496873], [79.71830246588429, 13.887323507066712], [79.74829550577022, 13.772668257122115], [79.95432495177957, 13.668378723882139], [80.0474809978356, 13.487971318364918], [80.04278999990439, 13.4896199995909], [80.05122999988562, 13.425580000218174], [79.96001000030662, 13.309839999585714], [79.82342999977725, 13.25907000030123], [79.79971000019356, 13.20715999956596], [79.44130999981304, 13.30470999969442], [79.41406000019097, 13.155359999951267], [79.31194000012049, 13.061599999669546], [79.29787000045464, 13.004089999660431], [79.23542999989266, 12.986389999832035], [78.7294499997219, 13.073090000160265], [78.6143100002712, 13.003039999929726], [78.5560599997612, 12.776530000251844], [78.40603999998805, 12.59126999974295], [78.29313000026957, 12.656410000262708], [78.21900000035906, 12.708769999776461], [78.29823000026161, 12.857610000215498], [78.38496000023491, 12.902630000010673], [78.46095000010298, 12.85948000028566], [78.41984000041465, 12.921379999577548], [78.58077999971472, 13.226389999691419], [78.3765800000497, 13.283749999695976], [78.3786800003922, 13.52311999985488], [78.09027999992065, 13.61031999995174], [78.11967999991589, 13.727450000220255], [78.07321000040405, 13.825489999660212], [77.90980000044465, 13.812170000191795], [77.93835000084562, 13.908920000389914], [77.78725000097904, 13.894669999613393], [77.79390000093744, 13.80190999955164], [77.696860000947, 13.718449999588577], [77.48540000097245, 13.678350000155621], [77.4340100015865, 13.686159999920669], [77.39642000146469, 13.807340000272559], [77.24133000149878, 13.815829999735454], [77.1740600019157, 13.86795999964286], [77.1285300027041, 13.859059999590453], [77.14159000202787, 13.737629999704527], [76.97667000283637, 13.705899999425448], [77.0053700031664, 13.891890000119977], [76.91802000276864, 14.074559999443672], [76.90580000318315, 14.128249999646076], [76.99987000277797, 14.143390000261595], [77.03996000233072, 14.002779999437003], [77.27343000184466, 13.980490000015216], [77.35186000106975, 13.872760000188698], [77.42950000160565, 13.901439999970057], [77.3376500014959, 14.020190000029691], [77.35766000155435, 14.09468000034471], [77.50436000125326, 14.171410000367967], [77.42607000122425, 14.26438000002078], [77.37633000146286, 14.279629999974274], [77.36057000124993, 14.167119999769872], [77.12897000240676, 14.314889999922666], [77.09714000272056, 14.20400999946188], [76.98559000278388, 14.20912000024368], [76.8669700032844, 14.303219999340671], [76.9602700026704, 14.442789999737643], [76.77603000344543, 14.511849999804177], [76.75598000362939, 14.573789999431385], [76.78108000306433, 14.740389999610288], [76.86822000287984, 14.85487999989789], [76.83736000337774, 14.934349999905928], [76.7683300038068, 14.945489999624229], [76.81864000344537, 15.032569999635875], [77.09988000186857, 14.971139999826082], [77.16013000166627, 15.113989999713377], [76.97196000256018, 15.479589999780979], [77.02396000180369, 15.465369999929715], [77.02182000204519, 15.614940000120829], [77.08576000145774, 15.64173999948532], [77.0485500021399, 15.828059999873057], [77.19420000102613, 15.931089999740175], [77.48987000066474, 15.8896899998534], [77.49083353346113, 15.907115648650628], [77.65381551518055, 15.90407356137899], [77.93181599301242, 15.884314646644508], [78.03653488623628, 15.897722301754388], [78.12394819454673, 15.827222285592986], [78.25188860086048, 15.948362564139615], [78.26935529235999, 16.02624773992573], [78.42925495948744, 16.081996767076898], [78.57202389883643, 16.029888594373027], [78.63309585182178, 16.090326300836946], [78.72667859605905, 16.013656570156158], [78.83756287190631, 16.04468350807074], [78.83639764972841, 16.15224301017444], [78.915270274753, 16.083304561769268]]]]}}, {"type": "Feature", "properties": {"subdivision_id": 23, "subdivision_code": "CG", "subdivision_name": "Chhattisgarh"}, "geometry": {"type": "MultiPolygon", "coordinates": [[[[82.7780656666122, 23.88541431302333], [82.77501000026224, 23.842479999972603], [82.98993000036143, 23.747879999848877], [83.18271000034922, 23.79954999966889], [83.2623100003576, 23.906950000252827], [83.47468999968646, 23.897959999846993], [83.60889999967479, 23.8205000002403], [83.68378000016828, 23.607159999784106], [83.77908000008026, 23.486830000053782], [83.88571000005909, 23.46391000018535], [83.9289700003566, 23.537120000380014], [84.00484000050761, 23.53450999992828], [83.95356000049354, 23.284699999792053], [84.0546000002456, 23.254329999942573], [84.03648000012153, 23.164440000056338], [84.01286000018352, 23.09730000000403], [84.11615999991878, 22.913570000029036], [84.34322000048722, 22.88067000043419], [84.35411999992549, 22.82139000016073], [84.18940000032572, 22.584119999583436], [83.98607000011593, 22.46755999967085], [83.95754000045727, 22.44511000007482], [84.03463999999579, 22.326989999588328], [83.55250000045274, 22.0558799996371], [83.52565000036209, 21.950159999755726], [83.58935999976528, 21.82084000006719], [83.56649999957358, 21.748759999747197], [83.3824100004512, 21.667529999686334], [83.43442999989368, 21.600910000175848], [83.33854999986279, 21.479560000010967], [83.37169999961235, 21.313059999855074], [83.27232999979752, 21.31340000008193], [83.14623000025001, 21.079350000263705], [82.67518999954783, 21.107380000441932], [82.63444999958932, 21.09409000024511], [82.63919999992116, 21.019879999790952], [82.48071000013516, 20.796029999861126], [82.34035000000323, 20.780360000329587], [82.4036600004398, 20.382650000363153], [82.37511000015434, 20.039819999687875], [82.46243999970807, 19.963449999705347], [82.70108000038633, 19.895899999837347], [82.6045300001865, 19.749810000224862], [82.5909600003232, 19.824249999624904], [82.3950099995279, 19.852120000022367], [82.34423999995158, 19.802699999876868], [82.2499800003507, 19.945010000425523], [81.94859000036321, 20.042460000315113], [81.87227000009176, 19.986739999624678], [81.85519999988328, 19.87001999979202], [82.01388999971157, 19.759610000029305], [82.02669999993756, 19.525569999714946], [82.16765999967676, 19.362290000375623], [82.21599000025017, 18.876050000376868], [82.0867599995321, 18.697519999726413], [81.9365700004359, 18.621320000382962], [81.9746200004005, 18.541910000004574], [81.49516999969097, 18.150409999682513], [81.47048000001453, 17.90165999965882], [81.40329999974206, 17.77685000044602], [81.19294999992927, 17.819549999885542], [81.06328999995962, 17.74994999987596], [81.02071999998036, 17.77071000040161], [80.98231999985684, 18.126820000319064], [80.8743100002724, 18.12011999972503], [80.87659999991527, 18.178639999775715], [80.78582999966045, 18.126259999964077], [80.74220000038915, 18.33275000024125], [80.60778000003451, 18.53414000016911], [80.41588999954814, 18.57591999984813], [80.33496000002847, 18.57718000041016], [80.25240000027692, 18.68893999969132], [80.37663000029922, 18.78318999989955], [80.2727400002952, 18.974880000383962], [80.29739000004875, 19.048149999988635], [80.418859999575, 19.12008000045509], [80.55682000028914, 19.357099999765364], [80.63310999971797, 19.339999999883826], [80.68636000016299, 19.22181000024405], [80.88159000014866, 19.306960000168896], [80.83495000015664, 19.364820000004844], [80.8971100001493, 19.439599999631778], [80.84255999995426, 19.49193999962261], [80.66757999984875, 19.57371999986295], [80.56051999956804, 19.746900000428536], [80.40652000002714, 19.762460000152274], [80.49998999983043, 19.82143000046307], [80.42938999992907, 19.84309000036714], [80.44238000037353, 19.900560000223052], [80.51980999961378, 19.864950000419828], [80.54554999997582, 19.913999999716726], [80.5167800001636, 20.07834000021205], [80.42053000013931, 20.101039999691952], [80.42096000026318, 20.21513999980288], [80.62087999977537, 20.26240999958024], [80.61510999994348, 20.497059999913603], [80.50808999983154, 20.585679999646228], [80.59013999961111, 20.635340000423785], [80.56809000021391, 20.773570000155658], [80.47098000036841, 20.91677000015421], [80.464700000282, 21.076180000023083], [80.69675999969796, 21.22695000041838], [80.70196999983428, 21.277870000432124], [80.62719155119153, 21.290059704694293], [80.7269435627554, 21.464433281918602], [80.74170623128269, 21.780001710135515], [80.86455437909994, 21.78014799707708], [80.91043437707577, 22.08137199097488], [81.06430607776248, 22.05269931178989], [81.14163606012636, 22.454224659629702], [81.32695420101004, 22.525662498590567], [81.41931623101043, 22.439400732498196], [81.80631519308893, 22.667378691589676], [81.85436610547676, 22.93958691222128], [81.9639610055781, 23.11102904165782], [82.14996832282439, 23.109783089441567], [82.18248039392397, 23.28160059851998], [81.96685972558095, 23.512493412230548], [81.76498145401409, 23.556632303497754], [81.6557484471755, 23.485436138621864], [81.6099716021764, 23.67202915891295], [81.70376231557665, 23.74332448310539], [81.62677659187015, 23.93005642513461], [81.82855012862056, 23.77138241655703], [81.92252866463684, 23.842539052794052], [82.29602188867702, 23.78250363942413], [82.60755547234822, 23.779573713064526], [82.7780656666122, 23.88541431302333]]]]}}, {"type": "Feature", "properties": {"subdivision_id": 17, "subdivision_code": "E.MP", "subdivision_name": "East Madhya Pradesh"}, "geometry": {"type": "MultiPolygon", "coordinates": [[[[78.458437975516, 21.54401220395706], [78.46721443672841, 21.77035797427503], [78.51587272303195, 21.91442514559943], [78.3751185433191, 21.912238258582015], [78.36011633070734, 22.031426576883387], [78.26772219810387, 22.173215201562602], [78.26283944724253, 22.423910862704506], [78.3527247833683, 22.42540987342951], [78.53378208747898, 22.356616311915143], [78.54388723888856, 22.512035911647583], [78.51496998816944, 22.690739268328198], [78.70839599123855, 22.669738631789738], [78.64077880431839, 22.85985620581927], [78.47107531810045, 22.976673370951318], [78.79132780161899, 23.112848885369257], [78.76272694249263, 23.279660365352377], [78.61778091469591, 23.432782977711806], [78.71841924035786, 23.601492106677206], [78.51225529093539, 23.538614808174085], [78.46904771887827, 23.764807427086566], [78.38088136262478, 23.631986350672562], [78.28846588885443, 23.713980088903785], [78.24275379039855, 24.03554679117395], [78.13932714358015, 24.009770654735735], [78.07002805286422, 24.199474179413155], [78.09278868118132, 24.34317026118485], [78.20597173512337, 24.39289031720178], [78.33446999998046, 24.217910000461575], [78.49540999992433, 24.29259999991751], [78.74136000040153, 24.077909999642817], [78.8566400004315, 24.13093999982827], [78.83555000001903, 24.185240000251902], [78.92793999991586, 24.305810000489522], [78.97917999978229, 24.351780000306103], [78.9618100000336, 24.369980000064263], [78.86379000044217, 24.395619999702536], [78.89627999997735, 24.43040000031343], [78.86004999983535, 24.520859999672233], [78.70083000013017, 24.54793999984825], [78.74519999989967, 24.820550000057434], [78.59036999956332, 24.899590000068528], [78.53450999992276, 25.134940000161475], [78.3990899995346, 25.217410000262607], [78.57017000026546, 25.37979999992128], [78.71324999947159, 25.329369999709307], [78.81702000010455, 25.398449999969987], [78.8619499995394, 25.503979999996897], [78.90853000047082, 25.479879999824377], [78.91708999983217, 25.322729999860503], [78.8609999999766, 25.330840000373716], [78.73796000021967, 25.208940000341293], [78.7636299996319, 25.179360000128018], [78.83316000031468, 25.261069999705747], [78.88286999979447, 25.242610000411755], [78.85123999983381, 25.114159999791575], [78.95915000027391, 25.18694999985041], [79.02747000025147, 25.163529999866746], [78.99568000026774, 25.113680000276556], [79.12468999983986, 25.04508000013642], [79.27011999975551, 25.045350000162216], [79.2367399996405, 25.188720000407905], [79.24816999962775, 25.264319999931136], [79.28344000032392, 25.25728999987852], [79.44885999956125, 25.190939999917955], [79.35345999972587, 24.98944000047334], [79.56038999969891, 25.07496999969921], [79.82358999974024, 25.033540000373097], [79.81930999968736, 25.149129999638202], [79.93400000039298, 25.169269999747765], [80.09090000012212, 25.278630000434667], [80.25626000040046, 25.3309400002056], [80.29812000026685, 25.18352999977469], [80.41893999958181, 25.142710000406954], [80.40922999963367, 25.07374000020471], [80.32587000046149, 25.061860000366163], [80.35116999975467, 25.027350000375044], [80.25830000007444, 24.952129999698], [80.36255999999536, 24.921050000295022], [80.42801000007678, 24.97491000048335], [80.45522000039796, 24.883490000113696], [80.53516000030625, 24.93422000039292], [80.51077999960779, 25.010440000078322], [80.56535000007082, 24.98770000008116], [80.59685000011496, 25.05249999983765], [80.72275999976829, 24.96688000021035], [80.76036000035339, 24.976610000120548], [80.69687999994409, 25.018500000128174], [80.85311999956225, 25.03740000045356], [80.8978799998962, 25.086749999973005], [80.79163000028588, 24.888860000461253], [80.82342999997945, 24.825710000326254], [81.044140000444, 24.856520000239247], [81.12308000013158, 24.816080000201374], [81.19846999982596, 24.843930000361727], [81.27192000021938, 25.08401999977847], [81.40190999958978, 25.047170000308558], [81.39713999963057, 24.982850000388066], [81.47936999951622, 24.98960000019446], [81.49418999995176, 25.11904999984663], [81.55202000002039, 25.14430000013409], [81.61265000013705, 25.04064999966183], [81.58666999991006, 25.001439999730838], [81.6763899998544, 24.939730000480367], [81.85125999957495, 24.917670000374084], [81.9326199999587, 24.785890000451506], [82.07457999964151, 24.74450999999596], [82.1627800000171, 24.675949999993904], [82.21768000022549, 24.66867999978967], [82.21220999983488, 24.595989999839393], [82.29518000043805, 24.59767000003893], [82.32101000003435, 24.52775000043876], [82.37616000026115, 24.50164999964445], [82.40185999967011, 24.594900000330426], [82.69976999995552, 24.576439999727935], [82.79099999954515, 24.51509000033811], [82.81459000038565, 24.44611000022859], [82.73726999994985, 24.45682000045349], [82.71909000000629, 24.314020000157047], [82.7977900004438, 24.191250000506226], [82.71633999954464, 24.041580000335625], [82.65056999978135, 24.052899999862312], [82.62842000005219, 24.006969999617755], [82.78026000030326, 23.91622000033338], [82.7780656666122, 23.88541431302333], [82.60755547234822, 23.779573713064526], [82.29602188867702, 23.78250363942413], [81.92252866463684, 23.842539052794052], [81.82855012862056, 23.77138241655703], [81.62677659187015, 23.93005642513461], [81.70376231557665, 23.74332448310539], [81.6099716021764, 23.67202915891295], [81.6557484471755, 23.485436138621864], [81.76498145401409, 23.556632303497754], [81.96685972558095, 23.512493412230548], [82.18248039392397, 23.28160059851998], [82.14996832282439, 23.109783089441567], [81.9639610055781, 23.11102904165782], [81.85436610547676, 22.93958691222128], [81.80631519308893, 22.667378691589676], [81.41931623101043, 22.439400732498196], [81.32695420101004, 22.525662498590567], [81.14163606012636, 22.454224659629702], [81.06430607776248, 22.05269931178989], [80.91043437707577, 22.08137199097488], [80.86455437909994, 21.78014799707708], [80.74170623128269, 21.780001710135515], [80.7269435627554, 21.464433281918602], [80.62719155119153, 21.290059704694293], [80.43887999993093, 21.320599999942058], [80.43426000028896, 21.423290000419218], [80.3277800002889, 21.529950000307885], [79.96566999989271, 21.50789000011031], [79.83173000026291, 21.45281000036043], [79.57978999973383, 21.515450000261964], [79.47012999964703, 21.61315999971271], [79.2802099999809, 21.67177000024029], [79.23077999962267, 21.59700000039668], [78.98056000047715, 21.530950000133814], [78.9626100003914, 21.443089999774358], [78.63981999961499, 21.401170000193105], [78.47653999965529, 21.45907999993382], [78.46526000000517, 21.53775999970088], [78.458437975516, 21.54401220395706]]]]}}, {"type": "Feature", "properties": {"subdivision_id": 28, "subdivision_code": "CST.KA", "subdivision_name": "Coastal Karnataka"}, "geometry": {"type": "MultiPolygon", "coordinates": [[[[75.37355144151608, 12.484789205829706], [75.37367003536592, 12.485169997320446], [75.36774562188187, 12.484667635255688], [75.2718700403311, 12.476519997397107], [75.28344003922334, 12.548149997649412], [75.10950004794984, 12.630579996103918], [75.1093800475611, 12.675079996634107], [75.04484005183892, 12.646739996551556], [74.95995005584845, 12.75329999530554], [74.86989006251824, 12.724319994827223], [74.78017006769015, 12.903029994939182], [74.67084007103257, 13.35125999371917], [74.65189007038383, 13.600449993701677], [74.70454006654342, 13.585019994042236], [74.69490006666564, 13.626559993641022], [74.64922007064219, 13.629159993499908], [74.56416007411417, 13.893489992436567], [74.48289007937123, 14.01122999210394], [74.36430008253744, 14.504139990116808], [74.31364008738292, 14.506539989255094], [74.25027008894716, 14.751069989046542], [74.18540009404944, 14.812519987817044], [74.22776008880399, 14.86846998880827], [74.12498009858831, 14.8833799867781], [74.09455010048906, 14.942019986287733], [74.21928008797171, 14.963009988615973], [74.26444008106469, 15.18907998869642], [74.1954600858109, 15.25509998763034], [74.29156007652988, 15.312449989360337], [74.28469007603988, 15.351299989064257], [74.2124600806682, 15.4609299881389], [74.22841357575889, 15.536697779253615], [74.42825600356193, 15.507699784660504], [74.4220672718003, 15.393348221522361], [74.5292589927014, 15.415537033755621], [74.63939446835263, 15.342591746062705], [74.71550320559022, 15.420906122371342], [74.89728100175103, 15.24508832654146], [74.84181145747286, 15.129320646923416], [74.91308584202848, 15.036042788514521], [75.05836901719984, 15.097045694813337], [75.09404482764737, 14.869397184519515], [75.01121452147252, 14.676781137316336], [75.07115662239525, 14.630704357480063], [75.02690796449585, 14.458149796059486], [74.95621809276913, 14.54203985289176], [74.88967491060723, 14.47365858967032], [74.99167474276449, 14.314408397944874], [74.89460486702212, 14.29288277161922], [74.90615796437933, 14.226529902367679], [74.75855462593744, 14.270301834690859], [74.76169613509093, 14.156154641089303], [74.6441971087658, 14.17209499451672], [74.6984316195233, 13.9736519253529], [74.83733690779313, 13.882026467579115], [74.95544591224487, 13.837376428169192], [75.0085158960216, 13.667270153205852], [75.07165906954295, 13.478314188261258], [75.14090677680177, 13.432319846528609], [75.0754023883083, 13.326018679292273], [75.22393099139681, 13.215139118668784], [75.28512059040169, 13.092664614087955], [75.37059746865927, 13.180306238505384], [75.56941053616352, 12.9844491933945], [75.67161278646915, 12.748249343127645], [75.65578136298329, 12.576341789450812], [75.55089093110976, 12.488442319913686], [75.37355144151608, 12.484789205829706]]]]}}, {"type": "Feature", "properties": {"subdivision_id": 29, "subdivision_code": "NI.KA", "subdivision_name": "North Interior Karnataka"}, "geometry": {"type": "MultiPolygon", "coordinates": [[[[77.04993960059699, 15.821112077601864], [76.9183499519893, 15.73030963222825], [76.84648327474653, 15.628713167555368], [76.81216726829608, 15.499186728765583], [76.65793494898739, 15.460414503480568], [76.4907350336515, 15.342556606288655], [76.37294956190992, 15.332984321048531], [76.2507245178982, 15.194468038132467], [76.17643252958473, 15.22150192683242], [76.05977839256255, 15.168889427027398], [75.90640705126808, 15.115405608216511], [75.84208998344695, 15.035281435316055], [75.77064011477748, 14.947838667908588], [75.66056971305295, 14.9381362807666], [75.73563138265784, 14.875531276904406], [75.65639696148692, 14.809350809770779], [75.71757834296008, 14.710666543554767], [75.82872861985865, 14.67027362678595], [75.78855795235503, 14.504908258239437], [75.63555735280224, 14.458558230802629], [75.63880692718028, 14.322798200446194], [75.5738886567154, 14.278428711277988], [75.46295795580633, 14.318752238020549], [75.36539907609531, 14.409352998483572], [75.29597869599672, 14.543446379181068], [75.1984321638546, 14.62677598139078], [75.07108936120336, 14.630442104213847], [75.07115662239525, 14.630704357480063], [75.01121452147252, 14.676781137316336], [75.09404482764737, 14.869397184519515], [75.05836901719984, 15.097045694813337], [74.91308584202848, 15.036042788514521], [74.84181145747286, 15.129320646923416], [74.89728100175103, 15.24508832654146], [74.71550320559022, 15.420906122371342], [74.63939446835263, 15.342591746062705], [74.5292589927014, 15.415537033755621], [74.4220672718003, 15.393348221522361], [74.42825600356193, 15.507699784660504], [74.22841357575889, 15.536697779253615], [74.23017007748963, 15.545039988202122], [74.2397000748056, 15.646599988728212], [74.08273008821725, 15.661009985939767], [74.10362008549194, 15.701539986205255], [74.14934007974595, 15.779909986696017], [74.19901007661338, 15.724529987448985], [74.31606006758243, 15.763839989593059], [74.41804005727836, 16.033219990860708], [74.3467600613097, 16.069509989581075], [74.46020005376333, 16.108639990896744], [74.43819005338648, 16.241009990429053], [74.30650005958215, 16.298069988913458], [74.32561005703423, 16.404539989334154], [74.23795006063985, 16.534269988421023], [74.36694005243143, 16.545039989503664], [74.43472004789054, 16.639709990496762], [74.54324004252253, 16.624749991924165], [74.5455200435819, 16.577399991907157], [74.65196003824647, 16.60229999245303], [74.67778003595544, 16.707369993193165], [74.89983002738037, 16.759629994922463], [74.91982002552366, 16.959929994848263], [75.06267002132641, 16.970569995487516], [75.19109001980978, 16.818129996755694], [75.31338001685133, 16.877409996684232], [75.26845001668524, 16.9378099967969], [75.35597001545749, 16.957289996904404], [75.68953001051693, 16.95829999775494], [75.63593000946827, 17.28815999838412], [75.60253000944766, 17.353499997955698], [75.66850000858213, 17.439339997853256], [75.8985000072959, 17.283729998734955], [76.02128000580687, 17.295179999307607], [76.06319000574842, 17.331209999289623], [76.36506000355331, 17.298029999604307], [76.39256000374469, 17.330989999606874], [76.3292400034983, 17.564189999763126], [76.40118000321334, 17.555079999428145], [76.44302000249269, 17.602189999279773], [76.5467800027514, 17.71895999915785], [76.71461000217447, 17.665589999922382], [76.81270000194897, 17.7849399994337], [76.76221000176366, 17.84558000010806], [76.89290000160777, 17.87518999970215], [76.96012000069948, 18.059089999573246], [76.92842000150706, 18.0977099993487], [77.12167000068965, 18.119590000292156], [77.2154200004477, 18.236799999541763], [77.18356000028881, 18.289390000090943], [77.28355000070795, 18.386199999554343], [77.39352000015892, 18.393880000204387], [77.38126000082691, 18.28414000002244], [77.56930000006034, 18.273019999824644], [77.583979999868, 18.265729999507514], [77.62504000042381, 18.251249999963836], [77.58765999993865, 18.199809999827277], [77.60861000004395, 18.069010000363797], [77.55212000042305, 17.994149999594573], [77.57987000079926, 17.9470300002551], [77.64464000021574, 17.978299999905097], [77.67426000028061, 17.93676000008455], [77.52856000082514, 17.766279999713177], [77.45710000070896, 17.57415000004441], [77.51316000046681, 17.50874000023286], [77.70739000045226, 17.478980000328068], [77.57446000063837, 17.405269999561668], [77.38721000050762, 17.191500000231226], [77.48714000044771, 17.09124000023863], [77.43921000093883, 16.7376100002464], [77.47093000049566, 16.589249999887333], [77.40177000102858, 16.48630999975353], [77.30378000133001, 16.457369999962967], [77.29919000091586, 16.365320000343313], [77.51286000094711, 16.306230000211837], [77.48987000066474, 15.8896899998534], [77.19420000102613, 15.931089999740175], [77.0485500021399, 15.828059999873057], [77.04993960059699, 15.821112077601864]]]]}}, {"type": "Feature", "properties": {"subdivision_id": 22, "subdivision_code": "VID", "subdivision_name": "Vidarbha"}, "geometry": {"type": "MultiPolygon", "coordinates": [[[[78.33512134574174, 19.86601598553102], [78.31308794537489, 19.876027833862878], [78.19860448879928, 19.92442729945831], [78.03953462195479, 19.921847447318402], [77.90362785683944, 19.898035860213202], [77.8528855897467, 19.78251078945168], [77.96760511388821, 19.720007255785596], [78.08185321668181, 19.678909408238987], [78.19592722913231, 19.644895675986348], [78.18985947550031, 19.558803197113356], [78.11568105534855, 19.47880462895517], [77.98727375514551, 19.47671302069882], [77.87288522040664, 19.53209249408625], [77.82182314557406, 19.438060368395508], [77.68564393736347, 19.449949873745865], [77.73719953429678, 19.51536339535436], [77.66093757591206, 19.549788890871955], [77.65219915930514, 19.60693629730987], [77.51449165756196, 19.683113141439204], [77.39951073773464, 19.752463028789958], [77.3281715232247, 19.89424478700195], [77.25216403031588, 19.906980675119293], [77.21227723496742, 19.99206464734974], [77.11473826105606, 19.954149723896283], [77.00788709316342, 19.987573187792535], [76.91798738646887, 19.94972860561639], [76.82700902015763, 19.954768712178684], [76.69355469798654, 19.851373976854628], [76.565056127313, 19.848218431967204], [76.4721271322624, 19.924590880231275], [76.39652491239858, 19.922645138178677], [76.30687038014104, 19.884524145343182], [76.14151181995975, 19.851467096054623], [76.04753359228427, 19.956159462867593], [75.97815891886778, 19.997115784854653], [76.08220723545371, 20.057261147734888], [76.13850616100008, 20.194728432951127], [76.18752527626387, 20.324840405667807], [76.08835576710395, 20.343534067887724], [75.93113386589057, 20.28182321938105], [75.94348493999509, 20.367996848573494], [75.9011212251712, 20.502629080866114], [75.99211535117296, 20.505284670275618], [76.03461048236579, 20.599484810426624], [76.00168379981612, 20.67720305261979], [75.99862731579017, 20.770086231383846], [76.05847123346079, 20.800431254641268], [76.12386519974763, 20.895291741832775], [76.08467742370458, 20.92992847895516], [76.18080444606667, 21.018513250009896], [76.29700311728844, 20.95738680843643], [76.36505041586821, 20.973563153606182], [76.4007799651312, 21.05215639791503], [76.41783999921061, 21.05124999933557], [76.5130499994435, 21.14531999909424], [76.69731999931193, 21.243339999598444], [76.69900999882071, 21.313690000071357], [76.83488999902384, 21.426229999500517], [76.83664999947852, 21.542590000121212], [76.99405999913694, 21.560589999480808], [77.06023999939707, 21.661010000126833], [77.52440999986872, 21.72630000024509], [77.62307999973915, 21.492760000128957], [77.47125999965965, 21.491959999748026], [77.48234999934992, 21.451459999925685], [77.54455999985119, 21.350540000273966], [77.74708999994041, 21.319209999793976], [78.05118000003256, 21.36466999990578], [78.22848000015804, 21.492709999669287], [78.44016999990268, 21.560749999696334], [78.46526000000517, 21.53775999970088], [78.47653999965529, 21.45907999993382], [78.63981999961499, 21.401170000193105], [78.9626100003914, 21.443089999774358], [78.98056000047715, 21.530950000133814], [79.23077999962267, 21.59700000039668], [79.2802099999809, 21.67177000024029], [79.47012999964703, 21.61315999971271], [79.57978999973383, 21.515450000261964], [79.83173000026291, 21.45281000036043], [79.96566999989271, 21.50789000011031], [80.3277800002889, 21.529950000307885], [80.43426000028896, 21.423290000419218], [80.43887999993093, 21.320599999942058], [80.70196999983428, 21.277870000432124], [80.69675999969796, 21.22695000041838], [80.464700000282, 21.076180000023083], [80.47098000036841, 20.91677000015421], [80.56809000021391, 20.773570000155658], [80.59013999961111, 20.635340000423785], [80.50808999983154, 20.585679999646228], [80.61510999994348, 20.497059999913603], [80.62087999977537, 20.26240999958024], [80.42096000026318, 20.21513999980288], [80.42053000013931, 20.101039999691952], [80.5167800001636, 20.07834000021205], [80.54554999997582, 19.913999999716726], [80.51980999961378, 19.864950000419828], [80.44238000037353, 19.900560000223052], [80.42938999992907, 19.84309000036714], [80.49998999983043, 19.82143000046307], [80.40652000002714, 19.762460000152274], [80.56051999956804, 19.746900000428536], [80.66757999984875, 19.57371999986295], [80.84255999995426, 19.49193999962261], [80.8971100001493, 19.439599999631778], [80.83495000015664, 19.364820000004844], [80.88159000014866, 19.306960000168896], [80.68636000016299, 19.22181000024405], [80.63310999971797, 19.339999999883826], [80.55682000028914, 19.357099999765364], [80.418859999575, 19.12008000045509], [80.29739000004875, 19.048149999988635], [80.2727400002952, 18.974880000383962], [80.37663000029922, 18.78318999989955], [80.25240000027692, 18.68893999969132], [80.09534000032535, 18.699640000236563], [79.92270000035793, 18.759479999705736], [79.98344999965903, 18.93765000046203], [79.87898999981172, 19.03441999972708], [79.88586999988942, 19.080840000261418], [80.01916000039989, 19.28851999986152], [80.00455000034115, 19.340540000001866], [79.84502000037249, 19.437380000375306], [79.81469000010006, 19.516320000338535], [79.50017999973288, 19.465470000149526], [79.2844200002595, 19.557200000072342], [79.22992999966196, 19.410479999679787], [78.95823000014045, 19.50365000007233], [78.80961999996157, 19.63219000010948], [78.80142000027946, 19.701760000450438], [78.74236000042268, 19.740520000353044], [78.4855399998832, 19.702259999692117], [78.34710341961164, 19.860569638985094], [78.33611999965198, 19.873109999811412], [78.33512134574174, 19.86601598553102]]]]}}, {"type": "Feature", "properties": {"subdivision_id": 25, "subdivision_code": "MWD", "subdivision_name": "Marathwada"}, "geometry": {"type": "MultiPolygon", "coordinates": [[[[76.02093433793742, 20.631778693253498], [76.03461048236579, 20.599484810426624], [75.99211535117296, 20.505284670275618], [75.9011212251712, 20.502629080866114], [75.94348493999509, 20.367996848573494], [75.93113386589057, 20.28182321938105], [76.08835576710395, 20.343534067887724], [76.18752527626387, 20.324840405667807], [76.13850616100008, 20.194728432951127], [76.08220723545371, 20.057261147734888], [75.97815891886778, 19.997115784854653], [76.04753359228427, 19.956159462867593], [76.14151181995975, 19.851467096054623], [76.30687038014104, 19.884524145343182], [76.39652491239858, 19.922645138178677], [76.4721271322624, 19.924590880231275], [76.565056127313, 19.848218431967204], [76.69355469798654, 19.851373976854628], [76.82700902015763, 19.954768712178684], [76.91798738646887, 19.94972860561639], [77.00788709316342, 19.987573187792535], [77.11473826105606, 19.954149723896283], [77.21227723496742, 19.99206464734974], [77.25216403031588, 19.906980675119293], [77.3281715232247, 19.89424478700195], [77.39951073773464, 19.752463028789958], [77.51449165756196, 19.683113141439204], [77.65219915930514, 19.60693629730987], [77.66093757591206, 19.549788890871955], [77.73719953429678, 19.51536339535436], [77.68564393736347, 19.449949873745865], [77.82182314557406, 19.438060368395508], [77.87288522040664, 19.53209249408625], [77.98727375514551, 19.47671302069882], [78.11568105534855, 19.47880462895517], [78.18985947550031, 19.558803197113356], [78.19592722913231, 19.644895675986348], [78.08185321668181, 19.678909408238987], [77.96760511388821, 19.720007255785596], [77.8528855897467, 19.78251078945168], [77.90362785683944, 19.898035860213202], [78.03953462195479, 19.921847447318402], [78.19860448879928, 19.92442729945831], [78.31308794537489, 19.876027833862878], [78.33512134574174, 19.86601598553102], [78.32866999984786, 19.8201800003376], [78.37336000003496, 19.749909999873587], [78.3123599998892, 19.64283999976324], [78.33576999994128, 19.529750000042434], [78.31215000048381, 19.41450999980109], [78.2166400001826, 19.356370000231404], [78.21384000048516, 19.2198800003963], [78.08712000005423, 19.166110000075047], [77.98512000050323, 19.298130000057593], [77.87978000014814, 19.2601799996442], [77.87572000028376, 19.079099999885337], [77.77727999984242, 18.95664000021821], [77.87365000044451, 18.89522999984939], [77.8610900005265, 18.78461000025144], [77.77457000050146, 18.65757999988327], [77.79901000048596, 18.558410000367584], [77.57661000074542, 18.483030000070375], [77.58423999987333, 18.41342999999438], [77.53383000042194, 18.3915800003794], [77.56930000006034, 18.273019999824644], [77.38126000082691, 18.28414000002244], [77.39352000015892, 18.393880000204387], [77.28355000070795, 18.386199999554343], [77.18356000028881, 18.289390000090943], [77.2154200004477, 18.236799999541763], [77.12167000068965, 18.119590000292156], [76.92842000150706, 18.0977099993487], [76.96012000069948, 18.059089999573246], [76.89290000160777, 17.87518999970215], [76.76221000176366, 17.84558000010806], [76.81270000194897, 17.7849399994337], [76.71461000217447, 17.665589999922382], [76.5467800027514, 17.71895999915785], [76.45764807963137, 17.618662578738107], [76.39777574914802, 17.669923226660984], [76.29530216708028, 17.735466999569198], [76.2071025917973, 17.683249647554085], [76.17287077832981, 17.707449124990017], [76.15679823512023, 17.74997457372717], [76.08916800660592, 17.766171420688025], [76.01496459032802, 17.749988555231187], [76.0092454138682, 17.821366002599326], [75.9195066002299, 17.826199550580373], [75.85112496956923, 17.86731023924789], [75.83298275495945, 17.977665086320822], [75.88079296766966, 18.00396519096984], [75.91148750888463, 17.976170351083606], [75.97516498415784, 17.97068263565965], [76.00998374888206, 18.060987159788027], [75.94534773757057, 18.09863705433314], [75.94298003085541, 18.180819091260435], [75.94049595536427, 18.26657319297403], [75.90047650518031, 18.354898802803792], [75.80608668911934, 18.3809440509235], [75.76308930363429, 18.440537486136066], [75.71498434112932, 18.42132631015062], [75.720798672737, 18.353567098698242], [75.65094518011814, 18.312294119656528], [75.60037283904911, 18.253678387249835], [75.564444171292, 18.206195618371694], [75.52569004823441, 18.13003876375027], [75.43086054567704, 18.173765877346117], [75.42156765841416, 18.23066962455665], [75.39639374231366, 18.3156910980906], [75.29230969564661, 18.40906135916244], [75.31144179885315, 18.509676268727], [75.3510683359288, 18.55731708213506], [75.4193700368126, 18.530768521585834], [75.49837823230095, 18.63673118968299], [75.54229320221107, 18.6701803058729], [75.57930193464426, 18.685552087478133], [75.55146960145208, 18.734779587756755], [75.46129723093517, 18.739272897504183], [75.45614616288805, 18.782002434092483], [75.39826702642517, 18.830296209979963], [75.38142466271688, 18.77261687539603], [75.33151116004646, 18.806834244415374], [75.25547824493665, 18.725905400808823], [75.16908960561504, 18.730371226487428], [75.16442043054292, 18.648067062458377], [75.05612037654745, 18.74466500540062], [74.96396127511534, 18.805983739683427], [74.9050704335797, 18.879048476178664], [74.84691091242681, 18.930683179805307], [74.8038412013975, 18.97922774150842], [74.87157508269881, 18.974349503296423], [74.90596372248963, 18.957634690231714], [74.946552015528, 18.976824665727595], [74.95999893538622, 19.02011799497408], [74.92158683408596, 19.043850080091815], [74.91989018644998, 19.09021501014476], [74.94070432377653, 19.13732568004549], [74.97927032696509, 19.11002797802522], [75.06946280494907, 19.10939473690915], [75.11437372434689, 19.114412991815875], [75.07887773094131, 19.056123821011884], [75.14754467918783, 19.026173968225727], [75.20044277637132, 19.01713073870783], [75.17943743793722, 19.080767497661842], [75.21184652935564, 19.121087254946136], [75.23210700740756, 19.078856316725048], [75.26312036262469, 19.051246542096514], [75.26459529876863, 19.00842130070291], [75.29558825045872, 18.980801071051626], [75.34399851298413, 18.993010069090797], [75.3162739306557, 19.03503216910424], [75.28465693155825, 19.080498511056636], [75.31044464590322, 19.095590204895547], [75.38238458181107, 19.079939414818945], [75.42004968061457, 19.077513663645842], [75.48633160963205, 19.118824604288573], [75.43726713278116, 19.1244903735747], [75.43922339511644, 19.178151476573596], [75.40020147354832, 19.21984055237173], [75.50447343591475, 19.251598110182435], [75.53097668805142, 19.359611195864332], [75.46861617092043, 19.42204643774329], [75.34871744178938, 19.404051411859157], [75.29205063193646, 19.516602419684773], [75.16152366122738, 19.58386414477291], [74.93356095617523, 19.63344909410796], [74.84857582902296, 19.687681526183653], [74.66452024441017, 19.766925629160877], [74.60199314936915, 19.821799207031038], [74.6730601582549, 19.931430462858263], [74.7271311916518, 20.090430597215438], [74.73096737336876, 20.183385536486323], [74.79609564536003, 20.25710976052165], [74.86634895200986, 20.202460911575724], [74.9362789400551, 20.15490324470307], [74.90272619786904, 20.23943988896273], [74.98982456038635, 20.335309068638878], [75.05925648449927, 20.301975411285504], [75.1105648657462, 20.346578027559616], [75.11568589003421, 20.411045195433097], [75.20220597430391, 20.528269576149317], [75.28393652530372, 20.573864225945474], [75.35998501402095, 20.569220711427825], [75.39970607631062, 20.520488795654874], [75.45955112653382, 20.543857548476346], [75.56414442838313, 20.590067608461894], [75.67565188210192, 20.65788634564138], [75.7072404174063, 20.623114832265244], [75.83080037948953, 20.56251353536958], [75.85211238313265, 20.60605298530685], [75.91352252870927, 20.5864223839703], [76.02093433793742, 20.631778693253498]]]]}}, {"type": "Feature", "properties": {"subdivision_id": 33, "subdivision_code": "TN/PY", "subdivision_name": "Tamil Nadu & Puducherry"}, "geometry": {"type": "MultiPolygon", "coordinates": [[[[77.14879000362731, 8.588319000186393], [77.13849000366731, 8.666402999935546], [77.20824000358672, 8.784122999864994], [77.11716000358548, 8.944136999890679], [77.22916000294128, 9.102969000280067], [77.24812000315936, 9.21650699953072], [77.31036000310702, 9.288172999599983], [77.3161300030465, 9.346299000139387], [77.34529000284721, 9.392710999500359], [77.37177000279364, 9.431718999608497], [77.28582000257903, 9.539545999935902], [77.16131000342932, 9.531630999812961], [77.22153000275121, 9.908692999514797], [77.17574000286555, 10.059509999596203], [77.21558000281401, 10.079370000239566], [77.24069000301695, 10.157209999660141], [77.24391000322488, 10.196949999828858], [77.15553000300999, 10.317789999539771], [76.90804000480622, 10.192760000254722], [76.80738000630198, 10.246800000108848], [76.79661000608986, 10.279899999705314], [76.78018000614975, 10.316609999625566], [76.75819000583675, 10.593450000183859], [76.85171000565595, 10.717650000225577], [76.7347700064891, 10.837119999915585], [76.62473000761796, 10.867889999903891], [76.65323000737645, 10.95983999953076], [76.76389000585498, 11.013210000178699], [76.68407000695383, 11.083279999738796], [76.69363000627753, 11.190719999544104], [76.56286000812422, 11.157349999383214], [76.43144001017953, 11.164579999483083], [76.50320000853417, 11.248019999931472], [76.48348000881026, 11.304159999812994], [76.21944001307004, 11.423909999148439], [76.21590001249714, 11.515479999530728], [76.3179100112242, 11.538439999615766], [76.40288000959373, 11.624039999962577], [76.49185000829662, 11.643939999510637], [76.54915000810057, 11.533729999340238], [76.80663000540315, 11.594830000088448], [76.91782000433821, 11.76851999943845], [77.00446000395505, 11.762229999743964], [77.06274000341762, 11.697240000106117], [77.23781000216395, 11.75858999965774], [77.30777000178905, 11.730689999563012], [77.51860000130304, 11.88200999977719], [77.63615000153955, 11.892429999702006], [77.62430000132052, 11.943250000163257], [77.74873000076954, 12.020350000037967], [77.71560000108458, 12.125640000279697], [77.4498100015968, 12.125810000143721], [77.41670000154721, 12.214390000058897], [77.59241000131827, 12.355159999559454], [77.61445000109927, 12.410049999799888], [77.54948000135924, 12.561399999678466], [77.62888000063175, 12.643739999862024], [77.69601000051117, 12.639740000110702], [77.74832000118184, 12.699540000069785], [77.78648000050742, 12.851929999772235], [77.81591000077165, 12.841060000348993], [77.85747000074886, 12.847900000271029], [77.99160000043157, 12.765540000304108], [78.0667900008411, 12.818959999984612], [78.2224500001415, 12.750509999899045], [78.21900000035906, 12.708769999776461], [78.29313000026958, 12.65641000026269], [78.40603999998805, 12.59126999974295], [78.5560599997612, 12.776530000251858], [78.6143100002712, 13.003039999929742], [78.7294499997219, 13.073090000160247], [79.23542999989266, 12.986389999832051], [79.29787000045465, 13.004089999660449], [79.31194000012049, 13.061599999669527], [79.41406000019097, 13.155359999951267], [79.44130999981304, 13.304709999694438], [79.79971000019357, 13.207159999565976], [79.82342999977726, 13.259070000301246], [79.96001000030664, 13.30983999958573], [80.05122999988563, 13.425580000218174], [80.04278999990439, 13.4896199995909], [80.17840999963629, 13.441910000297622], [80.27319000037511, 13.400759999836666], [80.36386999958295, 13.281659999596517], [80.35477000002979, 13.105479999595456], [80.32991999961314, 13.034170000273217], [80.31078999970735, 12.971189999729837], [80.17227999970656, 12.422910000011523], [80.03732999977831, 12.43812999972492], [80.14197000009796, 12.372969999773717], [80.03221000012358, 12.180570000108819], [79.97835000003137, 12.077879999938922], [79.89723000030722, 11.978949999986606], [79.8604400003568, 11.866960000171753], [79.82742000015435, 11.72443999994705], [79.79344999957453, 11.35151999972823], [79.74294000007805, 11.298629999646229], [79.81500999983606, 11.29228000014532], [79.86638999961201, 10.941689999687648], [79.8541500001499, 10.847420000177285], [79.85596999983191, 10.768850000304772], [79.86773000040816, 10.183169999577313], [79.56542999977253, 10.19361000011623], [79.54766999959374, 10.233310000093464], [79.30605000003754, 10.193480000106543], [79.24099999996002, 10.086310000205527], [79.2441699997957, 9.942336000355471], [79.13375999977471, 9.788062000299842], [78.96056000044149, 9.559835999680672], [78.90180000017268, 9.380816000385234], [78.92737000042203, 9.265702000332888], [79.16816000001138, 9.166792000136725], [78.84064999980582, 9.140117999959577], [78.3915000005423, 9.005393999958038], [78.13727000054192, 8.796600999612354], [78.1309000009346, 8.670473999617036], [78.17178000011566, 8.65235899974965], [78.10675000062135, 8.569094999922973], [78.09903000046012, 8.38601300036529], [78.01503000074099, 8.267700000084512], [77.75536000107124, 8.091819999687475], [77.53533000172908, 8.040088999925072], [77.50207000230057, 7.963499999700512], [77.34200000287889, 8.00219400001209], [77.0774800042714, 8.184670999624768], [77.1485700038309, 8.395157000260353], [77.21112000342865, 8.491554999942952], [77.14879000362731, 8.588319000186393]]]]}}]}