tree
version=v4
num_class=1
num_tree_per_iteration=1
label_index=0
max_feature_idx=30
objective=binary sigmoid:1
feature_names=lead_day forecast_rain fc_log1p fc_clim_ratio fc_minus_rain_threshold fc_jump fc_jump_abs fc_jump_gap fc_neighbor_std fc_spread fc_spread_rel fc_region_mean fc_region_dev mslp_z surface_pressure_z mslp_region_z mslp_tendency dewpoint_z dewpoint_depression dewpoint_depression_z temp_z wind_u_z wind_v_z wind_speed_z era5_tp_rel hist_bust_rate bust_threshold_mm clim_wet_frac month_sin month_cos region_id
feature_infos=[1:10] [0:799.29998779296875] [0:6.6849865913391113] [-3.3719909191131592:3.746570348739624] [-2.5:796.79998779296875] [-482.60000610351562:424.39999389648438] [0:482.60000610351562] [3:3] [0:563.493408203125] none none [0:111.32221984863281] [-110.52222442626953:691.9888916015625] [-3.3172552585601807:3.1333260536193848] [-3.3294763565063477:2.9824972152709961] [-2.4851055145263672:2.2617306709289551] [-1.1839735507965088:1.3490511178970337] [-3.0950229167938232:3.1328661441802979] [0.30000001192092896:26.489999771118164] [-2.9065382480621338:3.2399055957794189] [-3.4019739627838135:3.4713773727416992] [-3.0674655437469482:3.1880745887756348] [-2.9759707450866699:3.4014942646026611] [-2.8585062026977539:3.536043643951416] [0:2.9724709987640381] [0.052561577409505844:0.47453221678733826] [25:36.939998626708984] [0:0.79032260179519653] [-0.99999940395355225:0.99998557567596436] [-0.99997919797897339:0.99999076128005981] [0:3]
tree_sizes=3351 3454 3440 3455 3440 3452 3459 3458 3441 3456 3469 3460 3469 3457 3468 3468 3468 3474 3480 3466 3487 3463 3472 3462 3468 3475 3478 3471 3479 3475 3486 3489 3480 3493 3489 3480 3485 3498 3462 3490 3485 3476 3488 3489 3480 3493 3506 3501 3515 3491 3490 3495 3513 3496 3503 3479 3506 3496 3504 3499 3498 3511 3513 3536 3491 3500 3495 3514 3517 3512 3531 3509 3500 3520 3513 3504 3511 3520 3508 3500 3513 3522 3528 3527 3525 3516 3511 3509 3506 3529 3508 3519 3515 3503 3525 3503 3511 3514 3513 3511 3496 3519 3528 3484 3497 3515 3516 3480 3495 3502 3507 3519 3484 3509 3492 3515 3503 3504 3479 3507 3505 3516 3512 3507 3506 3512 3492 3536 3520 3532 3533 3509 3492 3497 3543 3499 3495 3475 3538 3476 3512 3498 3512 3481 3497 3508 3486 3472 3512 3520 3513 3496 3505 3514 3481 3505 3520 3479 3512 3530 3516 3504

Tree=0
num_leaves=31
num_cat=0
split_feature=1 1 27 0 5 1 1 1 25 1 1 1 18 5 18 25 5 6 25 1 5 27 5 27 27 0 5 5 12 0
split_gain=14561.5 2145.12 1195.1 1112.74 486.733 355.545 321.103 252.755 222.457 222.317 226.994 162.255 157.591 123.492 102.587 89.5348 82.9602 74.8433 54.6801 51.3356 51.2214 50.2494 57.1466 50.1857 49.7166 48.2809 49.6278 44.7957 43.3749 42.0523
threshold=2.4500000476837163 5.2500000000000009 0.28452381491661077 5.5000000000000009 -4.2499999999999991 3.6499999761581425 0.94999998807907116 47.649999618530281 0.15472894161939624 42.149999618530281 10.250000000000002 10.449999809265138 4.7950000762939462 -4.4500000476837149 5.0250000953674325 0.24141756445169452 -4.1499998569488517 22.94999980926514 0.15835136175155642 1.8499999642372134 -1.0000000180025095e-35 0.54919356107711803 7.4500000476837167 0.46190476417541509 0.56559139490127575 3.5000000000000004 5.1499998569488534 1.4499999880790713 -2.4118055105209346 5.5000000000000009
decision_type=2 2 2 2 10 2 2 2 2 2 2 2 2 8 2 2 8 8 2 2 10 2 8 2 2 2 8 10 2 2
left_child=2 5 6 7 12 18 13 11 27 10 21 15 23 -1 -6 25 -8 -12 20 -18 -2 22 -5 -4 -20 26 -3 -7 -14 -16
right_child=1 3 4 9 14 8 16 -9 -10 -11 17 -13 28 -15 29 -17 19 -19 24 -21 -22 -23 -24 -25 -26 -27 -28 -29 -30 -31
leaf_value=-1.4635022396737714 -1.4186553508533168 -1.491203041543764 -1.4512013063989968 -1.4263482200219846 -1.4698991775345354 -1.4673887816777456 -1.4566547484860644 -1.4032016182855618 -1.4031609552742443 -1.3674817884932908 -1.4650887944274127 -1.4945492618641807 -1.4551273018217088 -1.5158857551201175 -1.5038939872477568 -1.4344034190422104 -1.5033363986986137 -1.4371906677895723 -1.3712472397286324 -1.489137921318116 -1.3829199472556015 -1.4366769883257935 -1.4001601460569546 -1.4128397344449233 -1.4083171822064569 -1.4552470588830171 -1.4528104813110385 -1.4297215552522353 -1.4786981843971665 -1.482953551269147
leaf_weight=40.256507366895676 66.491085201501846 133.13294383883476 50.810647875070572 130.56979542970657 129.96670168638229 65.134124279022217 41.010374546051025 39.502640187740326 414.17462822794914 55.03230407834053 129.96670168638229 349.34205082058907 160.42293572425842 4604.9222771525383 418.09473755955696 66.641858637332916 876.14443561434746 269.73367670178413 438.29837796092033 311.79946529865265 110.06460815668106 83.67925688624382 222.2400444149971 88.654780268669128 44.327390134334564 87.599366217851639 38.145679265260696 51.112194746732712 125.14195173978806 108.70764723420143
leaf_count=267 441 883 337 866 862 432 272 262 2747 365 862 2317 1064 30542 2773 442 5811 1789 2907 2068 730 555 1474 588 294 581 253 339 830 721
internal_value=-1.48324 -1.42542 -1.50648 -1.44808 -1.47751 -1.3949 -1.51182 -1.47599 -1.41346 -1.42574 -1.42971 -1.48037 -1.45253 -1.51543 -1.4937 -1.46515 -1.49816 -1.4462 -1.3801 -1.49962 -1.39594 -1.41473 -1.40966 -1.42649 -1.37449 -1.47323 -1.48253 -1.45052 -1.46541 -1.49958
internal_weight=9751.12 2795.19 6955.93 1605.59 1081.8 1189.6 5874.13 714.365 530.421 891.222 836.189 674.862 425.03 4645.18 656.769 325.52 1228.95 399.7 659.181 1187.94 176.556 436.489 352.81 139.465 482.626 258.878 171.279 116.246 285.565 526.802
internal_count=64674 18539 46135 10649 7175 7890 38960 4738 3518 5911 5546 4476 2819 30809 4356 2159 8151 2651 4372 7879 1171 2895 2340 925 3201 1717 1136 771 1894 3494
is_linear=0
shrinkage=1


Tree=1
num_leaves=31
num_cat=0
split_feature=1 1 27 6 5 0 1 1 25 27 1 18 1 1 1 5 18 1 1 0 5 15 15 5 6 25 1 11 5 27
split_gain=13682.9 1881.96 1185.09 920.771 538.62 345.218 275.64 254.264 239.254 181.772 156.688 130.612 106.275 103.851 78.5895 75.3634 63.4929 59.3131 58.4526 53.8364 52.3098 48.6219 45.2084 41.9864 41.1838 39.3373 37.8012 36.0454 34.3384 33.6792
threshold=2.4500000476837163 5.5499999523162851 0.24780701845884326 33.45000076293946 -4.2499999999999991 4.5000000000000009 0.94999998807907116 3.6499999761581425 0.16400627046823504 0.40994623303413397 43.850000381469734 1.4950000047683718 10.949999809265138 9.1500000953674334 10.449999809265138 -3.1499999761581416 4.2249999046325692 1.9499999880790713 42.95000076293946 2.5000000000000004 5.1499998569488534 -0.40627662837505335 0.37742297351360327 -3.9500000476837154 10.550000190734865 0.24141756445169452 45.350000381469734 5.2708334922790536 -0.84999999403953541 0.065591398626565947
decision_type=2 2 2 8 10 2 2 2 2 2 2 2 2 2 2 8 2 2 2 2 10 2 2 8 10 2 2 2 10 2
left_child=2 7 6 5 9 14 15 22 19 24 13 -6 -7 -5 20 -1 -11 23 -16 -9 25 -13 -2 -8 -4 -3 -14 -18 29 -17
right_child=1 3 4 10 11 12 17 8 -10 16 -12 21 26 -15 18 28 27 -19 -20 -21 -22 -23 -24 -25 -26 -27 -28 -29 -30 -31
leaf_value=0.00058898559089145099 0.087701644293295425 -0.0044857206942399098 0.0062453023823543169 0.070758019837821345 0.037250289943557661 0.04662911664420346 0.016191165038479532 0.01627836093363659 0.077247701196232893 0.063724089717813265 0.099742095973905362 -0.0023779197576797042 0.014044436751951344 0.043558301022114894 -0.018455842903624595 -0.033114737787353646 0.017163450891744887 -0.0017816896426031781 0.03331406169430054 0.051895482555192773 0.036031756539492539 -0.020063046894033702 0.10594206426064513 -0.020395982955985787 0.055592412826765351 0.033416025787036979 0.075088739291081966 0.047608419060001093 -0.035089939729541914 -0.024304800627765622
leaf_weight=61.001940920948982 488.4266956448555 150.48072019219398 241.29967187345028 216.6478803306818 43.60154889523983 234.73615498840809 28.472036600112915 78.523200571537018 481.25600250065327 101.57182824611664 80.577390864491463 186.97713665664196 196.48347513377666 324.00361101329327 250.53591406345367 976.81022787094116 72.909055441617966 218.6641480922699 20.381479144096375 75.921539708971977 50.425917565822601 558.32974444329739 212.08894026279449 867.2078792899847 15.282418325543402 28.436469867825508 8.6568532437086088 69.624269276857376 2706.1600161194801 680.93240189552307
leaf_count=406 3043 998 1592 1372 287 1512 186 512 3044 648 503 1250 1295 2087 1674 6616 479 1455 131 490 328 3741 1320 5823 100 183 54 453 18329 4612
internal_value=5.07848e-05 0.0546646 -0.0231273 0.0322662 0.00277246 0.0135134 -0.0291564 0.0807933 0.0668125 0.0270797 0.0605784 -0.0126691 0.0328682 0.0545682 -0.00353686 -0.0325158 0.0455606 -0.0157997 -0.0144529 0.0340081 0.00936479 -0.0156355 0.0933673 -0.0192162 0.0093889 0.0016905 0.0169722 0.0322632 -0.0329786 -0.0295128
internal_weight=9726.43 2897.58 6828.84 1561.37 1289.6 940.137 5539.25 1336.22 635.701 500.687 621.229 788.908 439.876 540.651 500.261 4424.9 244.105 1114.34 270.917 154.445 229.343 745.307 700.516 895.68 256.582 178.917 205.14 142.533 4363.9 1657.74
internal_count=64523 18546 45977 10137 8550 6175 37427 8409 4046 3272 3962 5278 2861 3459 3314 29963 1580 7464 1805 1002 1509 4991 4363 6009 1692 1181 1349 932 29557 11228
is_linear=0
shrinkage=0.03


Tree=2
num_leaves=31
num_cat=0
split_feature=1 1 27 0 5 1 1 1 25 1 1 18 1 5 18 0 5 3 1 6 0 1 1 11 5 5 5 14 1 5
split_gain=12609.4 1649.27 1180.98 946.676 394.288 302.815 180.878 175.893 174.909 160.599 148.209 144.22 127.38 125.293 114.098 94.2034 73.2153 59.4694 54.6373 44.6574 43.6359 42.3975 43.8752 41.7307 40.0358 39.7329 39.1958 39.1237 37.7537 35.9237
threshold=2.4500000476837163 5.2500000000000009 0.28452381491661077 5.5000000000000009 -3.8500000238418575 0.84999999403953563 3.6499999761581425 57.750000000000007 0.16054676473140719 42.149999618530281 8.7500000000000018 4.7950000762939462 10.449999809265138 -3.9500000476837154 1.235000014305115 2.5000000000000004 -4.1499998569488517 0.12913323938846591 1.8499999642372134 22.44999980926514 4.5000000000000009 16.050000190734867 32.049999237060554 4.8173611164093026 -9.5500001907348615 1.3499999642372134 -10.65000009536743 0.67549243569374096 1.9499999880790713 4.9500000476837167
decision_type=2 2 2 2 10 2 2 2 2 2 2 2 2 8 2 2 8 2 2 10 2 2 2 2 8 8 8 2 2 10
left_child=2 6 5 7 11 13 27 12 25 10 -5 26 15 -1 -6 -3 -7 -17 -18 -14 28 -12 -23 24 -13 -8 -4 -2 -16 -19
right_child=1 3 4 9 14 16 8 -9 -10 -11 21 23 19 -15 20 17 18 29 -20 -21 -22 22 -24 -25 -26 -27 -28 -29 -30 -31
leaf_value=0.016687570498409045 0.081501851425043348 -0.0051324489647902212 0.080393710899430579 0.061942573546511601 0.039135935614006787 0.021957419501042193 0.016841909959397425 0.072088196765231483 0.072441638579418682 0.096390469257384162 0.044564575489099784 0.051357944504545117 -0.014419792321226204 -0.032707045830218134 -0.022411487075305395 0.044071762260804677 -0.02052388239603371 0.0020846803417017535 -0.0059945069121842554 0.013879842704873663 -0.0013389790444110548 0.020538672858992406 0.056639228729064524 0.027292408471138667 0.00062506585585787595 0.049871329575256924 0.042060802281313023 0.098670973074105092 0.0059514163977521014 0.039905103582708587
leaf_weight=46.161654233932495 551.67528490722179 122.99609652161598 31.330947309732437 379.9665460139513 39.200688600540161 43.84221363067627 69.650953188538551 33.406727313995361 442.25778214633465 65.844432473182678 288.53116558492184 14.346989735960959 302.58766975998878 4233.0259969085455 339.95147097110748 103.1079815775156 991.39869105815887 82.576705098152161 305.75062823295593 59.294220894575119 189.32373683154583 181.67934484779835 36.112840726971626 134.96762251853943 159.74456423521042 63.660715997219086 124.61492837965488 194.782654479146 47.788528561592102 30.185320973396301
leaf_count=304 3260 811 193 2326 252 284 447 201 2668 386 1816 93 2033 29275 2301 658 6759 533 2044 388 1271 1154 229 866 1048 399 778 1143 323 192
internal_value=0.000157292 0.0511728 -0.0227481 0.0314754 0.00595952 -0.0282712 0.0762547 0.00586275 0.0633487 0.0511975 0.0477351 0.0267856 0.00260735 -0.0321704 -0.00977282 0.0158018 -0.0158139 0.0276982 -0.0171064 -0.00975744 -0.0131572 0.0369722 0.0267561 0.0148344 0.00507543 0.0328684 0.0502254 0.086108 -0.0189095 0.0124706
internal_weight=9709.77 3008.32 6701.45 1686.29 1081.27 5620.18 1322.03 734.155 575.569 952.134 886.29 465.005 700.748 4279.19 616.264 338.866 1340.99 215.87 1297.15 361.882 577.064 506.323 217.792 309.059 174.092 133.312 155.946 746.458 387.74 112.762
internal_count=64435 18644 45791 10727 7125 38666 7917 4816 3514 5911 5525 2978 4615 29579 4147 2194 9087 1383 8803 2421 3895 3199 1383 2007 1141 846 971 4403 2624 725
is_linear=0
shrinkage=0.03


Tree=3
num_leaves=31
num_cat=0
split_feature=1 1 27 6 5 1 1 27 1 1 18 6 5 6 1 1 18 3 27 13 5 5 1 27 5 3 6 5 18 1
split_gain=11658.3 1483.13 1163.25 735.914 411.594 306.984 236.819 130.309 120.144 105.786 103.946 99.7912 97.0883 64.6942 61.4503 59.2839 57.1379 47.5365 44.0648 40.5837 40.1948 40.181 39.7034 38.4953 34.9935 60.6479 34.0687 32.7228 29.3424 28.9368
threshold=2.4500000476837163 6.1499998569488534 0.28452381491661077 31.849999427795414 -3.3500000238418575 0.84999999403953563 3.9500000476837163 0.46190476417541509 11.650000095367433 43.850000381469734 1.4950000047683718 67.299999237060561 -3.6499999761581416 1.8499999642372134 45.350000381469734 9.0500001907348651 9.2150001525878924 -0.24353894591331479 0.46190476417541509 -0.36003917455673212 -0.94999998807907093 -10.65000009536743 1.8499999642372134 0.076036866754293456 4.6499998569488534 0.5273852050304414 47.750000000000007 -15.65000009536743 2.6550000905990605 3.0499999523162846
decision_type=2 2 2 8 10 2 2 2 2 2 2 8 8 10 2 2 2 2 2 2 10 10 2 2 10 2 8 8 2 2
left_child=2 6 5 8 7 12 29 27 24 15 -6 17 -1 22 -10 -5 21 -8 -13 -12 23 -9 -7 -14 25 -3 -11 -4 -17 -2
right_child=1 3 4 9 10 13 11 16 14 26 19 18 20 -15 -16 28 -18 -19 -20 -21 -22 -23 -24 -25 -26 -27 -28 -29 -30 -31
leaf_value=0.0088712169319141044 0.084180559772519759 0.02259435231610905 0.062441108282580836 0.060539416606822424 0.03402569768587782 -0.020479518277473012 0.058745735159714874 0.062500504029711787 -0.0056487962100838333 0.044537324645405975 -0.0020041261551280356 0.078762611772277932 -0.032294930422924313 0.0046004852463244336 0.042025777650692299 0.021661684866334723 0.012711880535987525 0.037727058230516856 0.050045733097246747 -0.019881496232118014 -0.034705100243818433 0.031361330252595236 -0.0073706281030360334 -0.022449874038498647 0.03208233945943588 -0.0066521110149722453 0.092245330361330494 0.010537034082554828 0.04348029205808613 0.072411248655730703
leaf_weight=51.536363661289215 447.56240618228912 211.63555154204369 10.45308208465576 178.67048957943916 41.937747091054916 921.46107336878777 161.27379579842091 109.31767308712006 396.88741272687912 20.389899283647537 163.89600186049938 169.41790400445461 944.50520622730255 131.84987144172192 24.921577244997025 73.920086041092873 43.627698838710785 270.42343547940254 78.045814767479897 378.400813549757 2602.7116915136576 61.790109038352966 270.43472909927368 595.69364514946938 138.84809331595898 90.631633102893829 69.175698131322861 271.53066629171371 268.74469983577728 479.90996640920639
leaf_count=338 2517 1338 64 1049 264 6366 961 663 2638 118 1108 983 6674 879 149 455 280 1645 454 2585 18417 386 1815 4181 872 584 387 1749 1650 2735
internal_value=0.000145724 0.0483254 -0.0223483 0.0265644 0.00610531 -0.0279222 0.0682587 0.0261557 0.00870824 0.0517317 -0.0109572 0.0546214 -0.0318981 -0.0153094 -0.00273932 0.0463852 0.0437174 0.0456969 0.0699437 -0.0144921 -0.0324073 0.0515031 -0.0175139 -0.0285043 0.0196362 0.0138321 0.0819961 0.012675 0.0388503 0.0781752
internal_weight=9679.6 3080.46 6599.15 1473.83 1080.95 5518.19 1606.63 496.719 862.924 610.901 584.235 679.161 4194.45 1323.75 421.809 521.335 214.735 431.697 247.464 542.297 4142.91 171.108 1191.9 1540.2 441.115 302.267 89.5656 281.984 342.665 927.472
internal_count=64304 18535 45769 9240 7099 38670 9295 3142 5581 3659 3957 4043 29610 9060 2787 3154 1329 2606 1437 3693 29272 1049 8181 10855 2794 1922 505 1813 2105 5252
is_linear=0
shrinkage=0.03


Tree=4
num_leaves=31
num_cat=0
split_feature=2 2 27 0 5 2 2 2 2 27 2 2 0 18 5 0 2 27 18 0 5 3 5 15 5 5 18 3 5 0
split_gain=10737.5 1295.47 1118.14 749.646 424.209 265.32 161.958 138.395 135.787 133.413 127.66 125.819 122.966 95.1304 73.1879 65.8848 61.2875 50.2277 46.2873 44.7058 44.211 43.2609 41.8187 41.5813 40.4085 36.7 34.0951 33.2986 32.9731 32.0394
threshold=1.2382691502571108 1.8325494527816775 0.24780701845884326 5.5000000000000009 -4.0499999523162833 0.61482027173042308 3.8846513032913212 1.5368093848228457 3.8033230304718022 0.46190476417541509 2.5297127962112431 2.437980175018311 2.5000000000000004 4.6400001049041757 -4.6499998569488517 2.5000000000000004 1.047165095806122 0.54919356107711803 9.1449999809265154 4.5000000000000009 22.94999980926514 0.12913323938846591 -3.9500000476837154 -0.64864274859428395 4.9500000476837167 4.5499999523162851 0.69999998807907116 -0.43563185632228846 -0.84999999403953541 2.5000000000000004
decision_type=2 2 2 2 10 2 2 2 2 2 2 2 2 2 8 2 2 2 2 2 8 2 8 2 8 10 2 2 10 2
left_child=2 7 5 6 9 14 11 26 10 23 17 15 -9 -6 -1 25 22 -5 -11 27 -12 -17 -7 -4 -23 -3 -2 -15 -16 -13
right_child=1 3 4 8 13 16 -8 12 -10 18 20 29 -14 19 28 21 -18 -19 -20 -21 -22 24 -24 -25 -26 -27 -28 -29 -30 -31
leaf_value=0.016025192428493318 0.037619275766939513 -0.0134671211693233 0.030569888152924787 0.05521073913726747 0.012327952555061141 0.016252174157453718 0.057494848534538352 0.021911223262835493 0.086483234878606194 0.049916157739293678 0.013081188869175099 -0.023271862180019382 0.060867051942761922 -0.024586297864288731 -0.028701771017563275 0.037687075487889916 -0.0035941849255950952 0.032213081366020628 0.0146349786251024 -0.0048867530491659671 0.035174571599648138 -0.0002580915863938276 -0.02069572793323967 0.0056391119237775428 0.039267519790948287 0.023643790313656449 0.075729865886201564 0.004507214379959607 -0.034406068263355225 -0.0044960885094218941
leaf_weight=27.919529378414154 24.769700393080711 90.2030059248209 78.284230917692184 451.56958219408989 124.95139108598232 27.73334151506424 47.914593607187271 86.276918277144432 65.222608223557472 159.93903231620789 123.06865298748016 132.50344409048557 529.63368846476078 380.60917185246944 1524.1075783073902 103.94615425169468 281.3316555172205 111.8466936647892 43.578558757901192 208.88546434044838 250.7865165323019 82.704403728246689 905.28994381427765 253.04501183331013 31.390537917613983 31.558477461338043 789.43687011301517 38.714576944708824 2476.1262070387602 212.80898544192314
leaf_count=180 135 594 501 2611 815 177 271 521 347 944 784 899 2988 2650 10947 633 1892 659 276 1427 1508 528 6338 1634 191 199 4260 266 17935 1433
internal_value=-6.36392e-05 0.0452717 -0.0220433 0.0278255 0.00299911 -0.0281953 0.00475612 0.0664094 0.0446723 0.0234062 0.0416737 0.000989327 0.0554545 -0.0115046 -0.031902 0.0139288 -0.0158835 0.0507105 0.04247 -0.0162569 0.027956 0.0237645 -0.0195813 0.0116038 0.0108631 -0.00373436 0.074618 -0.0218959 -0.0322404 -0.0117471
internal_weight=9696.16 3165.64 6530.52 1735.52 1288.01 5242.51 733.03 1430.12 1002.49 534.847 937.271 685.115 615.911 753.161 4028.15 339.803 1214.35 563.416 203.518 628.209 373.855 218.041 933.023 331.329 114.095 121.761 814.207 419.324 4000.23 345.312
internal_count=64543 18561 45982 10657 8513 37469 4748 7904 5909 3355 5562 4477 3509 5158 29062 2145 8407 3270 1220 4343 2292 1352 6515 2135 719 793 4395 2916 28882 2332
is_linear=0
shrinkage=0.03


Tree=5
num_leaves=31
num_cat=0
split_feature=1 1 27 6 5 1 0 1 1 25 18 1 18 5 25 1 1 5 27 5 5 11 1 1 5 15 27 27 27 0
split_gain=10173.8 976.993 939.789 546.907 362.053 237.317 217.393 159.838 200.447 199.946 131.511 103.645 100.493 83.3077 64.9061 64.8298 60.9926 49.5291 46.8328 44.4168 41.8898 43.8405 41.4383 47.8528 46.0562 40.1686 38.069 36.3817 33.5144 32.0577
threshold=2.3500000238418584 6.6499998569488534 0.26209677755832678 33.45000076293946 -4.2499999999999991 0.65000000596046459 4.5000000000000009 2.4500000476837163 4.2500000000000009 0.17606391757726672 5.4149999618530282 43.850000381469734 4.7950000762939462 -3.1499999761581416 0.13219076395034793 1.9499999880790713 11.750000000000002 -1.1500000357627866 0.15921659022569659 2.8500000238418584 -11.249999999999998 4.8173611164093026 10.449999809265138 41.350000381469734 4.7500000000000009 -0.17364571988582608 0.4016129076480866 0.45437787473201757 0.017105263657867912 6.5000000000000009
decision_type=2 2 2 8 10 2 2 2 2 2 2 2 2 8 2 2 2 10 2 8 8 2 2 2 10 2 2 2 2 2
left_child=2 7 5 6 10 13 22 -2 14 19 26 -5 -6 -1 28 17 -8 -7 -16 -10 -12 -22 24 -24 -3 27 -4 -20 -9 -11
right_child=1 3 4 11 12 15 16 8 9 29 20 -13 -14 -15 18 -17 -18 -19 25 -21 21 -23 23 -25 -26 -27 -28 -29 -30 -31
leaf_value=0.0056637603945400147 0.013861759660373981 -0.0053452745025438847 0.015491860161425119 0.039764980757940584 0.011828657039490197 -0.01419033710714843 0.035625815004835713 0.097746045883714133 0.0064910122460413722 0.044880901524727818 0.048700117772801504 0.073941523239980142 -0.01748251003752253 -0.032673206566474759 0.08272181746512168 -0.0014726764754462184 0.011929458377707536 -0.025878525885712472 0.064464911318746404 0.036900837528975924 -0.0033187369711404698 0.020201528807356883 -0.017842954844323883 0.024743613591052337 0.028563881005275252 0.071289497000973645 0.049471159524733029 0.041340564325990869 0.045718582396494137 0.061063311703190494
leaf_weight=51.474078729748726 77.127264723181725 116.42346538603306 39.320778027176857 506.1047550290823 127.83139097690582 631.14860287308693 199.65351514518261 11.903206437826155 112.85690693557262 197.00261503458023 21.927884101867676 96.273807004094124 579.85574281215668 3581.1839918643236 200.81117431819439 188.3972932100296 193.5754705965519 686.38852390646935 181.26370464265347 69.618182510137558 169.75049601495266 121.71501983702183 247.91085286438465 25.379375725984573 51.066255554556847 455.02788351476192 136.83111926913261 105.21541723608971 179.37052673101425 314.65217766165733
leaf_count=344 509 756 246 2923 827 4468 1181 63 691 1118 132 501 4049 26436 1051 1266 1237 4915 955 410 1099 760 1706 153 311 2387 785 559 971 1722
internal_value=-6.2111e-05 0.042289 -0.0223994 0.0235832 0.00153671 -0.0279754 0.00783296 0.0563746 0.05816 0.0453242 0.0213482 0.0453407 -0.0121787 -0.0321286 0.0659729 -0.0179423 0.0240206 -0.0202945 0.0692712 0.0182309 0.00963425 0.00653874 -0.00663007 -0.0138123 0.00510152 0.0655221 0.0420165 0.0561454 0.0494478 0.0549323
internal_weight=9677.06 3341.24 6335.82 1436.39 1197.23 5138.59 834.009 1904.85 1827.72 694.13 489.545 602.379 707.687 3632.66 1133.59 1505.93 393.229 1317.54 942.318 182.475 313.393 291.466 440.78 273.29 167.49 741.507 176.152 286.479 191.274 511.655
internal_count=64531 19204 45327 8768 7898 37429 5344 10436 9927 3941 3022 3424 4876 26780 5986 10649 2418 9383 4952 1101 1991 1859 2926 1859 1067 3901 1031 1514 1034 2840
is_linear=0
shrinkage=0.03


Tree=6
num_leaves=31
num_cat=0
split_feature=1 1 11 0 18 1 5 1 1 1 25 5 12 18 5 5 1 1 1 1 25 5 5 15 18 18 5 5 18 14
split_gain=9462.36 857.003 848.238 528.381 366.866 210.359 209.809 160.83 156.569 183.394 184.895 113.723 112.267 75.5771 70.4896 64.3557 64.3364 60.658 56.3235 53.4227 43.1069 37.787 36.1397 34.9275 34.1672 30.1135 30.0908 29.6256 27.617 27.3009
threshold=2.3500000238418584 6.4500000476837167 2.6881943941116337 5.5000000000000009 4.6400001049041757 0.65000000596046459 -3.9500000476837154 47.649999618530281 2.4500000476837163 3.6499999761581425 0.16400627046823504 -3.0499999523162837 26.264583587646488 10.635000228881838 -5.6499998569488517 -4.8500001430511466 1.4499999880790713 11.650000095367433 15.750000000000002 1.8499999642372134 0.24141756445169452 1.3499999642372134 5.3500001430511483 -0.31243947148323054 7.2249999046325692 1.235000014305115 -10.349999904632567 -10.65000009536743 11.204999923706056 -1.0686678886413572
decision_type=2 2 2 2 2 2 10 2 2 2 2 8 2 2 10 8 2 2 2 2 2 10 8 2 2 2 8 8 2 2
left_child=2 8 5 7 14 11 13 17 -2 -10 21 -1 18 26 27 -7 -8 20 -5 23 22 -11 24 -17 -3 -16 -6 -4 -20 -18
right_child=1 3 4 12 6 15 16 -9 9 10 -12 -13 -14 -15 25 19 29 -19 28 -21 -22 -23 -24 -25 -26 -27 -28 -29 -30 -31
leaf_value=0.0091607148174694744 0.012401522428151122 0.0087333073274633542 0.072670898530033945 0.040197976470950379 0.051598037942350905 0.020482121826244377 -0.02420948856348145 0.052678217430156812 0.065646886517663067 0.0085378020951909096 0.053471305747019547 -0.032495332767312611 0.071788694051427168 -0.0048081257488136898 0.034675346022170143 -0.013648689322500988 0.028266050332349399 -0.011625353028170769 0.025935512551495687 -0.0057142972522535029 0.031021904247360555 0.034056910604097983 0.020397450804750004 -0.025164046116085463 -0.019861780726975267 0.0034288628867986041 0.015718002018638894 0.03818660785724972 -0.0070837843121734721 -0.0076925083308188071
leaf_weight=59.635394737124443 79.263644084334373 70.479824557900429 31.128274142742157 547.98513551056385 22.772522926330566 37.390676274895668 513.16872781515121 51.177772596478462 871.32657161355019 104.72274082899094 739.29068151116371 3374.3567786514759 82.830513909459114 229.87243628501892 42.883308589458466 345.05245569348335 20.454411029815674 299.46364133059978 201.68273238837719 227.48105053603649 56.450063213706017 104.96867752075195 64.071951329708099 788.52971890568733 78.579829499125481 76.234501019120216 206.61132603883743 98.125929310917854 25.261610180139542 166.06246815621853
leaf_count=393 518 457 169 3097 134 234 3747 273 4395 630 3955 25394 425 1577 259 2482 142 2049 1201 1541 340 614 393 5686 518 498 1337 565 150 1161
internal_value=8.7777e-05 0.0405269 -0.0218047 0.0233712 -0.0013066 -0.0277727 -0.00840273 0.00226779 0.0538558 0.0556531 0.0464176 -0.0317695 0.0386101 0.00734327 0.0317059 -0.0179429 -0.0187337 -0.00235038 0.0349758 -0.0190127 0.00795756 0.0214133 0.00173239 -0.021674 -0.00637308 0.0148729 0.0194886 0.0469856 0.0222451 -0.0036194
internal_weight=9617.32 3377.56 6239.76 1477.98 1407.31 4832.45 1158.94 620.223 1899.57 1820.31 948.982 3433.99 857.76 459.256 248.372 1398.45 699.686 569.045 774.929 1361.06 269.582 209.691 213.132 1133.58 149.06 119.118 229.384 129.254 226.944 186.517
internal_count=64334 19015 45319 8903 9589 35730 8098 4030 10112 9594 5199 25787 4873 3048 1491 9943 5050 3757 4448 9709 1708 1244 1368 8168 975 757 1471 734 1351 1303
is_linear=0
shrinkage=0.03


Tree=7
num_leaves=31
num_cat=0
split_feature=1 27 1 1 6 5 1 0 1 25 5 1 15 18 27 5 5 27 1 0 13 1 25 5 0 0 5 25 25 5
split_gain=8681.3 848.979 584.89 552.293 470.41 256.336 237.651 186.12 171.795 189.837 109.937 94.6484 82.9035 68.5687 46.936 46.7471 46.6152 53.4996 43.6374 39.8902 38.7608 35.1115 33.898 32.7395 31.3838 30.2875 29.9851 29.9049 28.9939 28.7212
threshold=2.0499999523162846 0.31155914068222051 6.6499998569488534 2.4500000476837163 32.45000076293946 -3.3500000238418575 0.84999999403953563 4.5000000000000009 3.7500000000000004 0.1641858518123627 -4.4500000476837149 42.149999618530281 -0.40627662837505335 5.4149999618530282 0.28452381491661077 -5.3500001430511466 -1.2499999999999998 0.076036866754293456 12.84999990463257 2.5000000000000004 0.08086706325411798 11.550000190734865 0.15600236505270007 2.8500000238418584 6.5000000000000009 4.5000000000000009 -0.45000000298023218 0.27107964456081396 0.1641858518123627 -10.65000009536743
decision_type=2 2 2 2 8 10 2 2 2 2 8 2 2 2 2 8 10 2 2 2 2 2 2 8 2 2 8 2 2 8
left_child=1 6 3 14 7 13 10 19 22 23 -1 21 27 -3 28 -8 17 -12 -9 -4 -17 -6 26 -10 -11 -14 -5 -7 -2 -15
right_child=2 5 4 8 11 12 15 18 9 24 16 -13 25 29 -16 20 -18 -19 -20 -21 -22 -23 -24 -25 -26 -27 -28 -29 -30 -31
leaf_value=0.016615753519640022 0.01350776417626438 0.036683796716669943 -0.016513258313139514 0.034012705453259427 0.043818472965072214 0.0042157705940948018 0.022144291139934831 0.02973519549633347 0.0095676601336850495 0.042102646825410504 -0.031310402964764471 0.066883624830771399 -0.025141437143375325 0.045168415278136725 0.022983114029646094 -0.010707057501201911 -0.033408525747787229 -0.019126737820936403 0.0097642147767193904 0.001790496019975722 -0.021811303243363171 0.027898253528757203 0.064612392627793877 0.034711875794378073 0.055105771306998556 -0.003306593879478124 0.058045149241865331 0.045890404936945357 -0.010160854138230669 0.0080235679188696389
leaf_weight=43.573753714561462 79.825238779187202 184.25084018707275 210.72716034948826 73.672976493835449 247.77449209988117 96.521028086543083 28.822772428393364 228.64210994541645 143.60332489013672 299.61955733597279 824.0331104695797 105.99164405465126 208.75202360749245 19.846908181905746 134.9917047470808 597.88880597054958 2545.2369786053896 546.44532789289951 174.84050568938255 216.61629204452038 542.73776978254318 269.82897979021072 701.06525997817516 68.867053911089897 459.21148511767387 79.060070380568504 161.42836597561836 17.521583542227745 108.94040675461292 193.94411341845989
leaf_count=275 536 1037 1429 372 1338 648 181 1313 857 1601 6325 522 1501 114 868 4283 19659 4063 1098 1430 3913 1539 3430 394 2367 549 799 114 731 1227
internal_value=9.56614e-06 -0.0224661 0.0361596 0.0458091 0.0213349 0.00627343 -0.0269487 0.00653831 0.0519558 0.0430174 -0.0304595 0.0410067 -0.010617 0.0233095 0.00954618 -0.0150468 -0.0309874 -0.0264699 0.0211267 -0.00725274 -0.0160052 0.035589 0.0611739 0.017842 0.0500337 -0.0191758 0.0506901 0.0109619 -0.000133429 0.0116661
internal_weight=9614.28 5928.64 3685.65 2231.23 1454.42 799.897 5128.74 830.826 1907.47 971.301 3959.29 623.595 401.855 398.042 323.757 1169.45 3915.72 1370.48 403.483 427.343 1140.63 517.603 936.167 212.47 758.831 287.812 235.101 114.043 188.766 213.791
internal_count=64513 43889 20624 11955 8669 5190 38699 5270 9820 5219 30322 3399 2812 2378 2135 8377 30047 10388 2411 2859 8196 2877 4601 1251 3968 2050 1171 762 1267 1341
is_linear=0
shrinkage=0.03


Tree=8
num_leaves=31
num_cat=0
split_feature=1 18 1 1 6 1 0 5 0 11 6 1 8 1 1 5 25 6 0 1 1 18 15 1 1 5 25 18 18 1
split_gain=8398.33 629.171 518.066 562.465 451.002 290.109 177.653 149.191 140.73 113.906 99.1419 86.3324 80.8943 73.1934 71.6525 66.3761 57.8123 52.3948 48.2743 45.8819 42.8193 42.6028 36.2646 34.9745 39.1414 44.267 29.9982 27.9395 27.9387 26.9058
threshold=2.0499999523162846 5.7750000953674325 6.5499999523162851 2.4500000476837163 33.45000076293946 0.65000000596046459 4.5000000000000009 -3.4500000476837154 2.5000000000000004 2.0236111879348759 1.6500000357627871 2.9500000476837163 2.334344863891602 4.1499998569488534 32.049999237060554 -6.9500000476837149 0.25170557200908666 9.9499998092651385 4.5000000000000009 11.550000190734865 12.84999990463257 1.4950000047683718 -0.10950152575969695 43.850000381469734 10.449999809265138 5.1499998569488534 0.20099434256553653 3.4300000667572026 7.7650001049041757 4.1499998569488534
decision_type=2 2 2 2 8 2 2 8 2 2 8 2 2 2 2 10 2 10 2 2 2 2 2 2 2 10 2 2 2 2
left_child=1 9 3 27 6 7 23 -3 11 -1 -7 -5 17 -10 19 -11 -9 -12 28 -6 -8 -17 -14 24 25 26 -4 -2 -15 -13
right_child=2 5 4 8 14 10 20 16 13 15 12 29 22 18 -16 21 -18 -19 -20 -21 -22 -23 -24 -25 -26 -27 -28 -29 -30 -31
leaf_value=-0.017155189325878301 0.038293397109748176 0.010648702164150007 -0.01699346594618888 0.05960431393194357 0.043157121697407472 -0.02238519431177767 0.029073180649697342 -0.032080273200397191 0.058263173870001336 0.035261952983705561 -0.013708998285047415 0.030766516287647001 0.027035420858268887 0.042957610791099866 0.059277256019120123 0.031078812691364179 -0.014692255423540711 0.053963363057148529 0.049335989442235294 0.024903724952610288 0.0094187130971855222 -0.00066163987287711998 -0.0010744874407129087 0.030737380583781733 -0.01652004508172232 0.026601363812546214 0.014695147843000213 0.0053084171294827953 0.01540267088558097 0.0087226447756851219
leaf_weight=91.462991282343864 24.033289521932602 77.967004626989365 85.931312948465347 63.835617333650589 267.79271425306797 902.87134200334549 233.9127890765667 3368.7027643024921 1023.6687662452459 149.78557926416397 682.37677952647209 97.94650562107563 68.522325351834297 64.676459401845932 136.30453690886497 52.258408457040787 183.92919600009918 9.49074539542198 523.88989444077015 241.60618203878403 175.7634249329567 133.2140484303236 101.59105511009693 20.241871178150177 241.37651836872101 47.250374868512154 38.033531367778778 309.77370217442513 70.370771378278732 102.63416127860546
leaf_count=669 139 499 575 309 1413 6688 1321 26494 4938 836 4888 501 456 350 679 308 1344 56 2677 1357 1096 889 682 116 1697 280 234 2047 392 612
internal_value=-7.33707e-05 -0.0226588 0.0348119 0.0437973 0.0210208 -0.0254322 0.00654795 -0.0302834 0.0499633 0.0123847 -0.0154409 0.0294356 -0.00814962 0.0531698 0.0398655 0.0204706 -0.0311844 -0.0127042 0.0451809 0.0345654 0.0206843 0.0084002 0.0103401 -0.00684891 -0.00876276 0.00220576 -0.00723132 0.00779054 0.028818 0.0195862
internal_weight=9591.21 5822.17 3769.04 2280.83 1488.21 5395.45 842.51 3630.6 1947.02 426.721 1764.85 264.416 861.981 1682.61 645.703 335.258 3552.63 691.868 658.937 509.399 409.676 185.472 170.113 432.834 412.592 171.215 123.965 333.807 135.047 200.581
internal_count=64542 43809 20733 11965 8768 41107 5319 28337 9779 2702 12770 1422 6082 8357 3449 2033 27838 4944 3419 2770 2417 1197 1138 2902 2786 1089 809 2186 742 1113
is_linear=0
shrinkage=0.03


Tree=9
num_leaves=31
num_cat=0
split_feature=2 27 2 6 6 2 25 2 18 2 25 27 2 2 6 6 2 2 6 13 25 11 2 6 2 2 27 25 6 27
split_gain=7658.69 953.814 617.321 413.141 327.332 253.865 154.992 117.941 112.541 103.171 107.105 94.5631 81.0377 74.026 69.5995 63.4735 56.9884 39.4092 38.1221 33.4246 33.4098 33.2899 29.8162 32.4421 30.1028 29.5159 28.9915 24.3567 22.6251 28.7593
threshold=1.2088489532470705 0.24780701845884326 1.8794359564781191 31.849999427795414 4.6499998569488534 0.61482027173042308 0.20035602152347567 1.2382691502571108 5.0250000953674325 1.4928410053253176 0.15472894161939624 0.40994623303413397 2.4552968740463261 3.5986802577972417 1.7500000000000002 3.1499999761581425 2.3174616098403935 0.97438162565231334 10.650000095367433 -0.31279833614826197 0.22267599403858188 9.4062500000000018 2.5376493930816655 5.1499998569488534 3.7099061012268071 3.8362206220626835 0.030414746142923835 0.19389292597770694 0.84999999403953563 0.1090831905603409
decision_type=2 2 2 8 8 2 2 2 2 2 2 2 2 2 10 10 2 2 10 2 2 2 2 10 2 2 2 2 8 2
left_child=1 5 7 6 8 14 22 -2 20 -9 26 27 -8 16 28 17 -5 -7 21 -10 -3 -13 23 -4 -24 -14 -11 -6 -1 -30
right_child=2 4 3 13 11 15 12 9 19 10 -12 18 25 -15 -16 -17 -18 -19 -20 -21 -22 -23 24 -25 -26 -27 -28 -29 29 -31
leaf_value=-0.033456774475607458 0.01109126739966532 0.002593990751562246 -0.0069394655356633996 0.044490009780973533 0.029903090190853576 -0.019868992923408338 0.030390344249918287 0.056736618202704384 -0.0047991723938421143 0.068129436612240232 0.046904312295196399 0.01979633797848292 0.0052426309037683213 0.059245770886308571 -0.011038340817105233 0.019292482863706339 0.026167668051304202 -0.0076109931952049121 0.056051819263383346 -0.020804753346436989 0.032536475374233091 0.046098307172932305 -0.017800450009404334 0.015061885172235563 0.0238638598705459 0.045883563104988513 0.017736255328638907 0.0036067140621310698 -0.030817934062169219 -0.019921144092421135
leaf_weight=2198.7052774354815 78.577326089143753 96.836035624146461 141.57059235870838 281.45031695067883 36.237899869680405 719.776246920228 298.27820383012295 806.86267378926277 164.42227083444595 10.127095118165014 743.49843561649323 157.1125945597887 258.77543911337852 132.80439418554306 156.39448608458042 47.544822514057159 348.95865821838379 353.69941194355488 52.25484262406826 416.27550691366196 50.467178836464882 60.701058238744736 158.97564253211021 103.58820231258869 16.428046628832817 16.186238795518875 169.75114919245243 215.89905546605587 954.43806003034115 292.81643731892109
leaf_count=17818 504 620 912 1420 220 5371 1643 3768 1184 53 3648 913 1662 642 1161 309 1912 2495 274 3061 317 332 1122 628 97 86 939 1391 7628 2279
internal_value=0.000112129 -0.0206552 0.0348981 0.0222131 0.00264414 -0.0268214 0.00944895 0.0472008 -0.0103523 0.0488333 0.0418734 0.0207475 0.0195835 0.0387996 -0.030702 -0.014335 0.0344053 -0.0158409 0.0330521 -0.0162889 0.0130027 0.0273034 -0.00437849 0.0023803 -0.0137851 0.00779265 0.0209344 0.00748931 -0.031591 -0.0282777
internal_weight=9539.41 5973.58 3565.83 1757.02 1250.21 4723.37 993.802 1808.82 728.001 1730.24 923.377 522.205 573.24 763.213 3602.35 1121.02 630.409 1073.48 270.068 580.698 147.303 217.814 420.562 245.159 175.404 274.962 179.878 252.137 3445.96 1247.25
internal_count=64409 45373 19036 10124 8312 37061 6150 8912 5182 8408 4640 3130 3391 3974 28886 8175 3332 7866 1519 4245 937 1245 2759 1540 1219 1748 992 1611 27725 9907
is_linear=0
shrinkage=0.03


Tree=10
num_leaves=31
num_cat=0
split_feature=1 27 1 1 0 18 1 1 25 0 1 1 27 1 0 8 3 27 0 27 14 25 27 14 14 27 25 27 18 25
split_gain=7094.89 834.001 407.228 415.239 356.039 210.21 174.635 123.237 156.087 97.9274 95.7439 81.2548 55.7296 51.4097 44.4648 43.7669 41.5392 34.4519 33.3197 32.5045 34.2744 31.9316 29.3021 28.0993 26.8613 34.1219 33.3903 27.1152 25.8576 21.1577
threshold=2.0499999523162846 0.24780701845884326 6.6499998569488534 2.4500000476837163 4.5000000000000009 5.4149999618530282 0.65000000596046459 3.8500000238418584 0.15472894161939624 4.5000000000000009 42.95000076293946 43.850000381469734 0.60483872890472423 11.550000190734865 8.5000000000000018 1.9446496367454531 -0.17687736451625821 0.28452381491661077 2.5000000000000004 0.032795699313282974 -0.45806138217449183 0.2334999963641167 0.11359446868300439 -0.23720650374889371 0.8253346085548402 0.50806450843811046 0.16303177922964099 0.060829492285847671 10.635000228881838 0.22267599403858188
decision_type=2 2 2 2 2 2 2 2 2 2 2 2 2 2 2 2 2 2 2 2 2 2 2 2 2 2 2 2 2 2
left_child=1 6 3 17 10 12 22 24 -9 23 16 13 21 -6 28 -11 18 -2 -4 -8 -21 -3 -1 -7 25 26 27 -5 -15 -10
right_child=2 5 4 7 11 9 19 8 29 15 -12 -13 -14 14 -16 -17 -18 -19 -20 20 -22 -23 -24 -25 -26 -27 -28 -29 -30 -31
leaf_value=-0.0323322909559665 -0.00096460705046120436 0.0048677352892113343 -0.010633899494729308 0.059738462663094766 0.033261626273419609 -0.0048145989283083909 -0.02768168527659633 0.01094314355148536 0.033246348524893499 -0.0055748315753838072 0.034650055916963546 0.056675888375974329 0.046630616551538467 0.016162201080821399 0.03094401751752679 0.014070723617798996 -0.011304352118066829 0.018533181257741619 0.034731709555495732 -0.0073156561727237618 -0.019179366223307157 0.025596365821219554 -0.024665315814650621 -0.022586698469297718 0.060656564936559687 0.033853233817307586 0.055572124249439622 0.034428383494444458 -0.0066289694883966488 0.044905010583657735
leaf_weight=2675.3367325514555 183.80156293511391 131.91536496579647 24.437285736203194 52.999850556254387 472.23811584711075 112.88347706198692 245.66953673958778 180.207379296422 205.53228260576725 221.57647563517094 53.879024192690849 86.255108565092087 63.531142860651016 238.64163868129253 178.66167706251144 187.59772345423698 359.46379254758358 145.49296861886978 33.773203894495964 320.20995099842548 706.03192517161369 135.89085167646408 561.76270765811205 279.95572401583195 227.69894526898861 130.85666117072105 487.51316496729851 164.06095236539841 54.516528770327568 589.4993809312582
leaf_count=22074 1231 812 163 246 2473 808 1884 1039 1044 1515 275 395 347 1419 967 1223 2457 914 206 2392 5341 776 4529 2078 1039 611 2231 776 329 2876
internal_value=-6.97307e-05 -0.0215249 0.0312126 0.0389649 0.0189734 0.00147992 -0.0273062 0.0440127 0.0362266 -0.0068259 -0.00261561 0.0288472 0.0215445 0.0262473 0.0191713 0.00344459 -0.00749407 0.00768018 0.0158289 -0.0178634 -0.0154884 0.015442 -0.0310098 -0.017505 0.0511143 0.0484441 0.0511022 0.040854 0.0119158 0.0419366
internal_weight=9511.89 5642.36 3869.53 2367.66 1501.87 1133.35 4509.01 2038.37 975.239 802.013 471.553 1030.31 331.337 944.058 471.82 409.174 417.674 329.295 58.2105 1271.91 1026.24 267.806 3237.1 392.839 1063.13 835.431 704.574 217.061 293.158 795.032
internal_count=64470 43779 20691 12007 8684 7559 36220 9862 4959 5624 3101 5583 1935 5188 2715 2738 2826 2145 369 9617 7733 1588 26603 2886 4903 3864 3253 1022 1748 3920
is_linear=0
shrinkage=0.03


Tree=11
num_leaves=31
num_cat=0
split_feature=1 27 1 1 6 5 1 0 1 0 5 5 18 3 12 5 11 3 0 18 5 1 1 1 1 27 5 5 19 27
split_gain=6942.41 728.944 417.155 357.457 350.101 225.751 194.087 138.392 130.377 141.015 94.7423 82.0079 77.9244 59.8416 58.7737 50.2857 44.2044 39.9915 39.4725 39.3913 36.9893 33.5932 30.8405 29.2064 27.2133 26.9291 26.5393 25.2314 23.1157 22.9725
threshold=2.0499999523162846 0.28452381491661077 7.0499999523162851 2.4500000476837163 31.849999427795414 -3.3500000238418575 0.65000000596046459 4.5000000000000009 3.4500000476837163 3.5000000000000004 -3.6499999761581416 -10.65000009536743 1.4950000047683718 -0.24941156804561612 26.264583587646488 -0.94999998807907093 5.1312499046325692 -0.16313990205526349 4.5000000000000009 3.0649999380111699 0.55000001192092907 12.84999990463257 43.850000381469734 16.050000190734867 35.549999237060554 0.58198922872543346 -4.1499998569488517 -0.84999999403953541 -0.10808897763490675 0.13924731314182284
decision_type=2 2 2 2 8 10 2 2 2 2 8 8 2 2 2 10 2 2 2 2 10 2 2 2 2 2 8 10 2 2
left_child=1 6 3 19 7 11 10 17 -5 13 28 -3 -7 -10 23 26 -13 -4 -14 -2 -15 -9 -19 -6 -23 -18 -8 -12 -1 -22
right_child=2 5 4 8 14 12 15 21 9 -11 27 16 18 20 -16 -17 25 22 -20 -21 29 24 -24 -25 -26 -27 -28 -29 -30 -31
leaf_value=0.031374771547076324 0.047682310504278541 0.048566712234129956 0.016702938461730113 0.051705457432817806 0.034565490450370988 0.028147573712129538 0.010423129440456445 0.024937187766201987 0.034690680257430398 0.041530591464846597 -0.027586925779899674 0.0024860586386305701 -0.021675236781447744 -0.011608640571058025 0.052691680147151587 -0.022927091259425273 0.016916193335862511 -0.014050125074304542 -0.0025036145173386575 0.0062452928266980611 0.035818025845627273 0.0029072228079402031 0.022449327889056774 0.019172041768437859 0.038313051270438686 0.045712048213583913 -0.012937176971019655 -0.033212419795219161 -0.011514223902805347 0.0062936593987161678
leaf_weight=24.949270442128181 21.161369875073433 64.083646059036255 50.004087492823601 842.16884915530682 345.90520948171616 39.116954654455185 46.175083488225937 212.97957579791546 106.54698346555233 1035.1188376247883 1190.8487478122115 205.96992558240891 301.90623778104782 65.075190827250481 124.25365473330021 665.86817742139101 157.74370545148849 327.59180320799351 142.36840544641018 311.6788887232542 36.728058785200119 158.55861429870129 21.363375529646873 170.14464938640594 21.318672358989716 35.736533522605896 654.31089430302382 2008.8501318916678 19.323530286550522 65.360837236046791
leaf_count=162 118 329 316 3786 1772 226 291 1158 563 4994 9857 1286 2272 376 571 5167 908 2276 1003 2038 201 989 117 921 116 190 4946 17059 127 366
internal_value=-4.73356e-05 -0.0216043 0.0305425 0.0379781 0.0176288 0.00236809 -0.0265275 0.0042787 0.0424535 0.0364654 -0.0305245 0.0173078 -0.0119641 0.0172284 0.0341055 -0.0170223 0.0121842 -0.00815782 -0.0155511 0.00901472 0.00595819 0.016897 -0.0117578 0.0295371 0.00729206 0.0224426 -0.0113846 -0.031128 0.0128144 0.0171599
internal_weight=9473.21 5557.25 3915.96 2483.84 1432.12 946.925 4610.33 791.816 2151 1308.83 3243.97 463.534 483.392 273.711 640.304 1366.35 399.45 398.959 444.275 332.84 167.164 392.857 348.955 516.05 179.877 193.48 700.486 3199.7 44.2728 102.089
internal_count=64501 43823 20678 12442 8236 6214 37609 4972 10286 6500 27205 2713 3501 1506 3264 10404 2384 2709 3275 2156 943 2263 2393 2693 1105 1098 5237 26916 289 567
is_linear=0
shrinkage=0.03


Tree=12
num_leaves=31
num_cat=0
split_feature=1 27 1 1 6 5 1 0 1 25 5 13 11 1 5 5 27 27 5 5 6 0 1 5 27 1 5 8 14 0
split_gain=6346.89 727.963 319.131 447.629 319.361 215.463 159.346 131.523 128.958 119.31 79.6846 70.8745 59.5903 58.9017 56.6268 55.7963 48.1021 39.1488 34.9379 34.561 33.8336 32.0173 30.6627 39.3558 30.6029 29.8671 29.4069 28.5589 26.1707 25.4698
threshold=1.9499999880790713 0.24780701845884326 6.6499998569488534 2.4500000476837163 24.250000000000004 -3.1499999761581416 0.65000000596046459 4.5000000000000009 3.9500000476837163 0.15472894161939624 -10.65000009536743 -0.31279833614826197 5.2708334922790536 47.649999618530281 -9.5500001907348615 -3.9500000476837154 0.28452381491661077 0.53809526562690746 -0.35000000894069666 -1.4499999880790708 8.6500000953674334 1.5000000000000002 11.550000190734865 5.1499998569488534 0.58198922872543346 43.850000381469734 2.8500000238418584 6.4274151325225839 -0.91235175728797901 3.5000000000000004
decision_type=2 2 2 2 8 10 2 2 2 2 8 2 2 2 8 8 2 2 10 8 8 2 2 10 2 2 10 2 2 2
left_child=1 6 3 16 7 10 14 22 21 26 -3 17 28 27 -1 -8 -2 -7 -17 -16 -18 -5 23 -4 -14 -24 -10 -6 -12 -13
right_child=2 5 4 8 13 11 15 -9 9 -11 12 29 24 -15 19 18 20 -19 -20 -21 -22 -23 25 -25 -26 -27 -28 -29 -30 -31
leaf_value=0.049795428302272959 -0.0021838437780485965 0.046107097385245335 -0.0082828006134257805 0.027263236214665493 0.034691474138955181 -0.0029865758539103756 0.017800961269499815 0.016382639720993603 0.00013135750203855946 0.036974716138424291 0.019369264259443911 -0.027681252183637119 0.016560303651231428 0.051750244200796061 -0.017226221389449972 -0.014310640732622747 0.007589122412621354 0.039066531153344138 -0.024901535090674078 -0.031629288046130577 0.033890689074799765 0.048328621616409259 -0.019136019004773883 0.020974269909337116 0.047370303818647888 0.023358974926035364 0.026645425533341201 0.021689311407892282 -0.0048608397077020563 -0.011174969080884082
leaf_weight=6.9956919103860855 242.21889011561871 62.211754530668259 134.42238686978817 73.687682434916496 296.18190959095955 185.56255530565977 37.739796340465546 396.13629697263241 112.34807628393173 772.90541660785675 49.38776233792305 198.38884542137384 172.86665810644627 110.68095587193966 162.14234768599272 653.26337746530771 111.05791044235229 21.307143449783325 499.3374478071928 2928.2808590829372 72.785233572125435 1093.0817437171936 192.82756592333317 58.588654518127441 34.553564697504044 15.287569209933279 55.629084706306458 330.17672577500343 195.85439717769623 149.28244134038687
leaf_count=44 1638 315 894 343 1489 1313 239 2247 655 3692 304 1548 1012 492 1293 5055 723 131 3960 25286 416 4876 1408 354 181 83 303 1764 1258 1111
internal_value=-0.000120403 -0.0215714 0.0281267 0.0346668 0.0173112 0.00057232 -0.0270931 0.00414108 0.040334 0.0319984 0.0145328 -0.0123923 0.0101013 0.0315324 -0.0306812 -0.0177384 0.00660303 0.00151191 -0.0189165 -0.0308794 0.0181292 0.0470227 -0.00795888 0.000660539 0.0218955 -0.0159177 0.00901776 0.0278831 7.75505e-05 -0.0206462
internal_weight=9425.19 5357.17 4068.02 2533.71 1534.3 1069.42 4287.76 797.262 2107.65 940.883 514.874 554.541 452.662 737.04 3097.42 1190.34 426.062 206.87 1152.6 3090.42 183.843 1166.77 401.126 193.011 207.42 208.115 167.977 626.359 245.242 347.671
internal_count=64427 43050 21377 12646 8731 7173 35877 4986 9869 4650 3070 4103 2755 3745 26623 9254 2777 1444 9015 26579 1139 5219 2739 1248 1193 1491 958 3253 1562 2659
is_linear=0
shrinkage=0.03


Tree=13
num_leaves=31
num_cat=0
split_feature=1 27 1 1 5 5 1 1 25 25 5 18 5 5 1 27 18 5 14 1 1 18 27 5 8 18 15 6 1 1
split_gain=5939.81 691.657 281.689 379.375 289.53 233.233 153.833 130.287 118.156 85.5673 76.9122 70.0056 59.7715 48.7193 47.0585 44.3659 43.0909 42.1431 35.8803 34.6542 36.9498 34.0758 32.7956 31.0492 29.2103 26.6077 25.5009 24.4869 29.5314 24.0864
threshold=1.9499999880790713 0.24780701845884326 7.0499999523162851 2.4500000476837163 34.649999618530281 -3.3500000238418575 0.65000000596046459 3.8500000238418584 0.17606391757726672 0.17785710096359256 -10.65000009536743 1.235000014305115 -1.7499999999999998 -0.94999998807907093 32.049999237060554 0.58198922872543346 5.2950000762939462 2.8500000238418584 -0.13595851510763166 13.449999809265138 45.350000381469734 2.6550000905990605 0.20483870804309848 -7.5499999523162833 3.5802699327468877 7.3450000286102304 0.37742297351360327 5.6499998569488534 11.650000095367433 32.549999237060554
decision_type=2 2 2 2 8 10 2 2 2 2 8 2 8 10 2 2 2 8 2 2 2 2 2 8 2 2 2 10 2 2
left_child=1 6 3 16 9 10 12 26 17 27 -3 -7 -1 23 21 24 -2 25 -13 -11 -21 -6 -19 -8 -12 -9 -5 -4 -29 -30
right_child=2 5 4 7 14 11 13 8 -10 19 15 18 -14 -15 -16 -17 -18 22 -20 20 -22 -23 -24 -25 -26 -27 -28 28 29 -31
leaf_value=-0.0099575129454806521 0.030136776694967227 0.044125076879727387 -0.018824381370113785 0.041834501733154096 0.0097177058443076569 0.026761574936238274 0.032411553614249133 0.020278923988924377 0.036044972959561737 0.018949152090525966 0.00077657610472486719 -0.0063101669212391942 -0.031259292495630593 -0.023784433365068542 0.046631621165346492 0.036044637571250364 0.0031992349151255682 0.041880536541188791 -0.02228535467398389 -1.1508996172679427e-05 0.040110241560166286 0.030832853678536814 0.0072283832841552494 -0.012602250554211049 0.017965081083174492 -0.0043056265610122808 0.052154297495694328 0.014185351732038149 -0.018384672162281259 0.013210644577752581
leaf_weight=124.82008874416351 61.424363851547241 68.420241042971611 116.59061193466187 772.99671001732349 85.193763509392738 36.09289762377739 13.191424041986464 59.614074185490608 823.39635442197323 286.62813812494278 260.04573830962181 211.49688024073839 2896.9123638793826 580.13305173069239 147.4387089163065 51.529755651950836 373.91750356554985 62.526257246732712 317.92032410949469 226.9981352686882 21.726529583334923 383.82623796164989 40.893671274185181 587.12521542608738 134.34423798322678 113.64346913993359 335.43491470813751 68.507551699876785 86.234932020306587 28.109788745641708
leaf_count=973 350 338 812 3411 438 204 80 337 3870 1602 1638 1538 25591 4681 666 271 2479 319 2479 1451 107 1934 219 4526 791 647 1462 416 627 173
internal_value=-0.000268641 -0.0212904 0.0268447 0.0326753 0.0162074 0.000125182 -0.0267924 0.0377191 0.030347 0.0046811 0.0147297 -0.0131604 -0.030383 -0.0175832 0.0317832 0.0101307 0.00706033 0.0133209 -0.0159274 0.0118565 0.00363978 0.0270263 0.028379 -0.0115609 0.00666226 0.0042212 0.0450017 -0.008144 -0.00126861 -0.0105703
internal_weight=9377.13 5282.03 4095.1 2643.85 1451.25 1079.85 4202.18 2208.51 1100.07 834.796 514.34 565.51 3021.73 1180.45 616.459 445.92 435.342 276.677 529.417 535.353 248.725 469.02 103.42 600.317 394.39 173.258 1108.43 299.443 182.852 114.345
internal_count=64430 43110 21320 13094 8226 7259 35851 10265 5392 5188 3038 4221 26564 9287 3038 2700 2829 1522 4017 3160 1558 2372 538 4606 2429 984 4873 2028 1216 800
is_linear=0
shrinkage=0.03


Tree=14
num_leaves=31
num_cat=0
split_feature=1 27 0 1 5 1 1 1 1 13 1 5 5 1 3 5 1 5 27 27 15 18 27 15 27 5 1 0 27 21
split_gain=5693.25 712.31 272.233 301.924 215.337 198.549 164.207 156.308 85.6173 80.8681 71.3909 61.038 60.2011 57.0896 56.6351 51.5725 46.3018 43.9353 43.6703 43.5683 41.0492 37.8458 31.6233 35.0859 29.1307 26.038 32.0143 25.4293 24.8724 24.8286
threshold=1.9499999880790713 0.24780701845884326 4.5000000000000009 5.2500000000000009 -3.3500000238418575 2.4500000476837163 5.3500001430511483 0.55000001192092907 2.3500000238418584 -0.33577369153499598 37.95000076293946 -10.65000009536743 46.750000000000007 16.050000190734867 -0.17938899248838422 -4.1499998569488517 4.1499998569488534 -3.1499999761581416 0.42634408175945288 0.28452381491661077 -0.78887802362442005 8.9349999427795428 0.032795699313282974 -0.098551891744136796 0.53809526562690746 3.8500000238418584 10.449999809265138 6.5000000000000009 0.56559139490127575 -1.2256151437759397
decision_type=2 2 2 2 10 2 2 2 2 2 2 8 10 2 2 8 2 8 2 2 2 2 2 2 2 10 2 2 2 2
left_child=1 7 3 8 11 19 18 17 -2 24 13 -3 14 27 -5 -9 29 -1 -7 -4 -20 -13 -17 -24 -6 -16 -27 -8 -29 -10
right_child=2 4 5 12 9 6 10 15 16 -11 -12 21 -14 -15 25 22 -18 -19 20 -21 -22 -23 23 -25 -26 26 -28 28 -30 -31
leaf_value=0.00072749960291360006 0.0051000963707023986 0.040560065418126609 -0.0028738335229494868 0.017577144544153406 -0.0014290808471334501 0.045902241300413663 0.020138283923200852 0.014252464942277386 0.057449515520944093 -0.021060882609814698 0.048729595081420378 0.01716577327203048 0.048753361620666492 0.01231801399519126 -0.014681364951113933 -0.02855759042861597 0.017617416127976248 -0.031157600807548019 0.01011879312547421 0.0212112158711289 0.037564251511614022 -0.00080141828274872193 -0.010503914128119367 -0.021714956078854038 0.033850604650538713 0.015192448738561038 -0.008080928015392461 0.034141547940061745 0.019411078902668088 0.034662420104323494
leaf_weight=39.405069977045059 123.61929486691952 69.561255633831024 161.0282414406538 97.996593743562698 184.15576828271151 831.74272894859314 273.68976402282715 41.990959525108337 50.653269842267036 347.96322353184223 120.14600102603436 283.3704426586628 19.942078933119774 273.3971054404974 226.33135192096233 263.82254475355148 144.02524952590466 2753.693755723536 58.560590744018555 115.24432373046875 332.3253356218338 167.61778311431408 447.31502854079008 582.34239310026169 22.774949699640274 77.813726782798767 162.65104183554649 526.19810053706169 134.25203980505466 396.81100809574127
leaf_count=271 815 338 1090 573 1307 3651 1456 262 231 2734 538 1619 87 1535 1508 2188 743 24865 261 686 1473 1089 3598 4744 136 456 1128 2543 670 1823
internal_value=-0.000138612 -0.0210043 0.0261747 0.0147947 0.000742254 0.0314008 0.0340172 -0.0266678 0.0278548 -0.0122492 0.026673 0.0145878 -0.00119771 0.0244399 -0.00304446 -0.0182019 0.0325939 -0.0307077 0.0419642 0.00721327 0.0334888 0.0105009 -0.0192657 -0.0168594 0.00259795 -0.00740197 -0.000518 0.0279707 0.0311811 0.0373643
internal_weight=9330.44 5204.01 4126.43 1299.84 1075.44 2826.58 2550.31 4128.57 715.109 554.894 1327.68 520.549 584.735 1207.54 564.793 1335.47 591.49 2793.1 1222.63 276.273 390.886 450.988 1293.48 1029.66 206.931 466.796 240.465 934.14 660.45 447.464
internal_count=64418 43151 21267 7364 7223 13903 12127 35928 3612 4177 6742 3046 3752 6204 3665 10792 2797 25136 5385 1776 1734 2708 10530 8342 1443 3092 1584 4669 3213 2054
is_linear=0
shrinkage=0.03


Tree=15
num_leaves=31
num_cat=0
split_feature=1 18 1 0 1 1 5 1 1 25 8 5 5 1 25 0 1 5 3 1 3 18 13 5 29 13 25 14 3 5
split_gain=5438.04 504.948 237.931 235.487 271.138 192.799 146.821 124.434 120.984 95.0027 77.2914 75.0301 63.9599 63.28 58.5434 55.412 53.6689 52.0422 51.2898 45.5903 43.9717 37.2254 36.7528 29.0105 28.9803 28.4042 27.6713 27.3707 25.668 24.9832
threshold=1.9499999880790713 5.7750000953674325 0.65000000596046459 5.5000000000000009 5.2500000000000009 2.4500000476837163 -1.8499999642372129 6.1499998569488534 2.4500000476837163 0.21837224811315539 1.4329414367675783 43.149999618530281 -4.5499999523162833 35.549999237060554 0.25818870961666113 2.5000000000000004 4.2500000000000009 -1.6500000357627866 0.15393796563148501 16.650000572204593 -0.34248003363609308 4.3750000000000009 -0.11389823257923125 -1.0500000119209287 -0.13398942351341245 -0.54839909076690663 0.17543553560972217 0.20693675428628924 -1.6907572150230405 -3.9500000476837154
decision_type=2 2 2 2 2 2 8 2 2 2 2 10 8 2 2 2 2 10 2 2 2 2 2 10 2 2 2 2 2 10
left_child=1 9 6 4 8 20 22 21 25 12 23 15 -1 19 -8 -6 -10 27 -17 -9 -5 -7 29 -4 -11 -2 -18 -12 -16 -3
right_child=3 2 10 5 11 7 14 13 16 24 17 -13 -14 -15 28 18 26 -19 -20 -21 -22 -23 -24 -25 -26 -27 -28 -29 -30 -31
leaf_value=0.024273384507636137 0.024086564383173113 0.031328349478050833 -0.013351897373967204 0.02356259925518598 -0.0093662224491081244 0.02763510012264438 -0.03108425473029329 0.027289960543841033 0.037260509474017801 0.028890052635456923 0.016106109176334222 0.050619552198585001 -0.01314907222321105 0.04743599204974587 0.025761402779527747 0.021326941871221944 0.006852467064292953 -0.015178039198453803 0.00062837819674212516 0.011259727053865612 -0.0037718332042479073 0.042876733333542812 -0.014798273290758453 -0.022836487051656792 -0.0037523484191826109 -0.00098587705594106734 0.030705207401661366 -0.0046566776048899286 -0.016000192699314814 -0.0015202555936074987
leaf_weight=54.114299699664116 56.481249257922173 34.539731338620186 599.45497493445873 78.817755982279778 263.72160552442074 176.90093524754047 2779.4830928817391 710.07992415130138 582.72802744805813 184.18504252284765 124.01464688777924 28.27203805744648 160.84674356877804 113.76487252116203 13.665234938263891 163.21997483074665 93.136054754257202 171.56436751782894 313.48063553869724 208.5478263348341 156.78971496224403 1011.7141818553209 97.275252975523472 574.45558398962021 27.959410227835178 138.76162004470825 82.858739674091339 104.59544292837381 145.61920938640833 50.162546299397945
leaf_count=279 357 210 4602 456 1782 783 25591 3504 2573 1006 838 122 1196 502 83 900 500 1370 1974 1137 1054 4410 738 4746 178 910 380 720 1180 411
internal_value=-9.34845e-05 -0.0208125 -0.0236533 0.0252977 0.0167776 0.031263 -0.0284508 0.0339994 0.027453 0.010397 -0.01413 0.00351077 -0.00365957 0.0263296 -0.0300695 0.00164614 0.0328672 -0.0027355 0.00774528 0.023667 0.00543329 0.0406335 -0.00228817 -0.0180087 0.0245906 0.00635304 0.0181924 0.00662765 -0.012279 0.0120839
internal_weight=9301.21 5121.94 4694.83 4179.28 1722.66 2456.62 3120.75 2221.01 953.966 427.105 1574.09 768.694 214.961 1032.39 2938.77 740.422 758.723 400.174 476.701 918.628 235.607 1188.62 181.978 1173.91 212.144 195.243 175.995 228.61 159.284 84.7023
internal_count=64492 43148 40489 21344 9498 11846 28213 10336 4720 2659 12276 4778 1475 5143 26854 4656 3453 2928 2874 4641 1510 5193 1359 9348 1184 1267 880 1558 1263 621
is_linear=0
shrinkage=0.03


Tree=16
num_leaves=31
num_cat=0
split_feature=1 18 1 1 1 6 5 0 1 0 5 25 5 25 3 5 1 5 12 3 13 12 3 15 13 0 18 3 1 5
split_gain=4916.69 508.268 248.935 322.301 240.254 233.688 129.659 98.5287 91.6095 99.4254 91.2896 89.2845 86.8771 55.9485 54.805 49.781 47.3342 40.804 34.7171 31.8158 30.1838 28.9542 28.6014 28.1067 25.9061 24.7468 23.5402 23.5032 21.5305 32.4714
threshold=1.9499999880790713 6.1349999904632577 7.0499999523162851 2.4500000476837163 0.65000000596046459 22.250000000000004 -1.7499999999999998 4.5000000000000009 3.6499999761581425 4.5000000000000009 -1.6500000357627866 0.22267599403858188 -4.5499999523162833 0.25865717232227331 -0.23790729045867917 -10.050000190734862 47.649999618530281 1.7500000000000002 -3.217361211776733 -1.6907572150230405 -0.11389823257923125 -3.1236110925674434 -1.6119829416275022 0.3341935425996781 -0.1835541948676109 2.5000000000000004 4.3750000000000009 0.56221327185630809 11.650000095367433 5.1499998569488534
decision_type=2 2 2 2 2 8 8 2 2 2 10 2 8 2 2 8 2 10 2 2 2 2 2 2 2 2 2 2 2 10
left_child=1 11 3 21 6 7 20 28 23 14 15 12 -1 -8 25 -6 -7 -16 -17 -15 -3 -2 -13 -5 -12 -10 -11 -9 29 -4
right_child=2 4 5 8 10 16 13 27 9 26 24 22 -14 19 17 18 -18 -19 -20 -21 -22 -23 -24 -25 -26 -27 -28 -29 -30 -31
leaf_value=0.027771259953116616 0.017532751239180428 0.0083740678081142758 -0.010888158087367624 0.036596897266030111 0.039825966831620013 0.022357891778201907 -0.030695280702900639 0.019766465525656769 0.013724648644822214 0.0228697757191112 -0.013841204790708802 0.035863497668349786 -0.013396698133921164 0.031926038092897256 -0.0054741356040709831 0.0045317952973733221 0.043457997730056028 0.019818753610001745 -0.010937226828665712 -0.016026877936138939 -0.015278282818600612 0.00033166694866791136 0.013944109673309467 0.047430782260562493 -0.025155467852295613 0.039057325953396983 0.035947626639147121 0.0048040638375294632 -0.016527208984055738 0.017150621207811322
leaf_weight=61.050074428319931 122.44568479061127 89.886595025658607 112.57856558263302 689.14184504747391 19.606660962104797 627.17921330034733 2704.403187058866 191.36288067698479 58.330986082553864 158.14179629087448 302.24819387495518 95.478579416871071 178.94291660934687 12.758716225624083 126.31012044847012 167.87303514033556 113.94061358273029 103.72854021191597 579.30739150941372 137.10738585144281 103.41691742092371 307.49996770918369 125.44659792631865 342.38659630715847 476.77665230631828 90.773982286453247 723.45011550188065 187.36057640612125 187.58319030702114 54.266271457076073
leaf_count=311 738 666 758 2928 102 3154 25508 1028 311 716 2471 488 1365 76 693 1141 484 555 4459 1125 802 2021 744 1435 3999 426 3248 1058 1381 322
internal_value=-0.000268179 -0.0201952 0.0237313 0.029109 -0.0232084 0.0137883 -0.0280956 0.00177302 0.0335781 0.0281035 -0.0135614 0.00981951 -0.0028525 -0.0297055 0.015198 -0.00620091 0.025656 0.0059673 -0.00746031 -0.0117599 -0.00429339 0.00525974 0.0235361 0.0402354 -0.0207891 0.0293044 0.0336303 0.0123965 -0.00958159 -0.0017207
internal_weight=9250.78 5054.3 4196.48 2722.21 4593.38 1474.27 3047.57 733.151 2292.26 1260.74 1545.81 460.918 239.993 2854.27 379.144 766.787 741.12 230.039 747.18 149.866 193.304 429.946 220.925 1031.53 779.025 149.105 881.592 378.723 354.428 166.845
internal_count=64513 43257 21256 13071 40349 8185 28177 4547 10312 5949 12172 2908 1676 26709 1985 5702 3638 1248 5600 1201 1468 2759 1232 4363 6470 737 3964 2086 2461 1080
is_linear=0
shrinkage=0.03


Tree=17
num_leaves=31
num_cat=0
split_feature=1 27 1 1 5 5 1 25 27 14 1 5 25 5 12 27 27 27 15 12 5 15 1 25 5 5 25 27 15 1
split_gain=4675.62 664.712 235.776 310.568 232.761 200.404 144.243 71.9281 66.3469 65.6556 64.7727 59.9562 56.5164 46.011 37.4598 36.759 35.8699 32.6976 31.9689 30.9847 29.5543 28.7578 28.4703 24.1111 23.5498 23.4341 22.7929 20.7932 29.351 20.695
threshold=1.9499999880790713 0.24780701845884326 6.1499998569488534 2.4500000476837163 28.94999980926514 -3.3500000238418575 0.65000000596046459 0.22624232620000842 0.46720430254936224 -0.40237650275230402 3.4500000476837163 -1.7499999999999998 0.16400627046823504 -3.9500000476837154 5.2562499046325692 0.023057644255459312 0.28452381491661077 0.55725806951522838 0.58156219124794017 26.264583587646488 -0.35000000894069666 -0.20989897102117536 56.149999618530281 0.19458198547363284 -9.5500001907348615 -7.3500001430511466 0.1385723948478699 0.46190476417541509 0.098716422915458693 10.449999809265138
decision_type=2 2 2 2 8 10 2 2 2 2 2 8 2 8 2 2 2 2 2 2 8 2 2 2 10 10 2 2 2 2
left_child=1 6 3 16 7 8 11 22 -3 17 -5 24 15 -8 -9 -12 20 -7 -10 -6 26 -15 29 -11 -1 -18 -2 -14 -29 -4
right_child=2 5 4 10 19 9 13 14 18 23 12 -13 27 21 -16 -17 25 -19 -20 -21 -22 -23 -24 -25 -26 -27 -28 28 -30 -31
leaf_value=0.041085122562851441 0.042151959519670795 0.0055062236274302095 0.0018223508395594347 0.039612622414682677 0.023809592143424662 -0.0016065882302108828 0.014663230523185191 0.020190464566443182 0.033291421040737713 -0.025672585444802686 0.067772543635348292 -0.030406051055552687 0.035797698512571079 -0.011729235498795907 0.0027935162010673253 0.013660273626281265 0.028026970225907749 0.041682796603106878 0.0039575599934412063 0.039682181710424015 -0.0071725057695179104 -0.021794036731727709 0.043547461971507703 -0.0094631274366817446 -0.012031958866155367 0.0063459408400701953 0.00089802381996489098 0.017867091752846405 0.035688789337207698 -0.010554143803821567
leaf_weight=7.0765454173088065 20.33259391784668 320.00454449653625 235.84621313214302 906.73069503903389 614.11233328282833 177.29457207024097 39.904645040631294 269.015570089221 163.85898888111115 217.75622645020485 10.943775296211241 2646.9049120917916 584.11881618201733 424.89366631954908 190.24380028247833 243.76282747089863 76.82191501557827 16.223294347524643 42.312101677060127 138.22395476698875 196.82974073290825 657.62075415253639 10.340724036097525 135.44685601443052 112.0178988724947 107.8221869468689 27.813403189182281 182.50855131447315 158.49310901761055 249.44812320172787
leaf_count=43 134 1970 1412 3797 2949 1269 249 1413 830 1823 52 25631 2559 3490 1124 1264 418 94 236 599 1331 5524 51 1057 914 682 185 814 702 1761
internal_value=-0.000271587 -0.0200186 0.0229248 0.0287644 0.0143063 0.000886063 -0.0257853 0.00446513 0.0140889 -0.0118231 0.0335451 -0.0294689 0.0288525 -0.0166898 0.0130057 0.0162412 0.00552191 0.00221815 0.0273195 0.0267746 -0.00200772 -0.017858 -0.00345886 -0.0195008 -0.00855994 0.0154688 0.0188232 0.0323033 0.0262305 -0.00454796
internal_weight=9184.72 4961.32 4223.41 2516.18 1707.23 1072.9 3888.42 954.894 526.176 546.721 2086.56 2766 1179.83 1122.42 459.259 254.707 429.62 193.518 206.171 752.336 244.976 1082.51 495.635 353.203 119.094 184.644 48.146 925.12 341.002 485.294
internal_count=64377 43130 21247 11938 9309 7279 35851 5761 3036 4243 9188 26588 5391 9263 2537 1316 2750 1363 1066 3548 1650 9014 3224 2880 957 1100 319 4075 1516 3173
is_linear=0
shrinkage=0.03


Tree=18
num_leaves=31
num_cat=0
split_feature=1 27 0 1 1 1 1 5 5 1 14 1 27 27 0 1 1 27 0 1 5 15 29 5 27 15 15 8 1 5
split_gain=4497.44 587.801 228.122 200.146 194.923 188.986 157.265 157.004 82.3167 67.6091 62.3672 52.2635 50.3787 46.2359 43.0892 36.4422 37.3502 35.4362 33.6054 35.5419 32.4818 30.0222 29.8496 28.8368 28.2607 27.298 26.3353 26.1785 26.0217 25.5836
threshold=1.9499999880790713 0.24780701845884326 3.5000000000000004 4.8500001430511483 2.4500000476837163 6.7500000000000009 0.84999999403953563 -3.7499999999999996 -1.7499999999999998 45.350000381469734 -0.41216638684272761 2.3500000238418584 0.46720430254936224 0.45080643892288214 5.5000000000000009 56.149999618530281 10.449999809265138 0.55725806951522838 7.5000000000000009 3.4500000476837163 -0.35000000894069666 0.13985200971364978 -0.43733099102973932 5.2500000000000009 0.28452381491661077 -0.81618118286132801 0.7099319100379945 6.4274151325225839 12.449999809265138 -0.84999999403953541
decision_type=2 2 2 2 2 2 2 10 8 2 2 2 2 2 2 2 2 2 2 2 10 2 2 10 2 2 2 2 2 10
left_child=1 6 3 11 24 13 8 12 25 14 17 -2 -3 18 28 16 23 -9 19 -6 -8 -13 -21 -5 -4 -1 -14 -16 -7 -10
right_child=2 7 4 15 5 9 20 10 29 -11 -12 21 26 -15 27 -17 -18 -19 -20 22 -22 -23 -24 -25 -26 -27 -28 -29 -30 -31
leaf_value=0.019916925693710619 0.0018719113843302815 0.0047326180749556598 -0.0034159177907483727 -0.004094967648420946 0.040880808269836727 0.015244259117850672 -0.0087470433156182914 -0.0013252267681762903 -0.025886521631786938 0.042515439878909829 -0.018282606952485313 0.020451523834282379 0.029434986962927522 0.027262049212235861 0.025395438963534765 0.027896983723842823 -0.016789184177672885 0.042823645125702685 0.043279987822143783 0.034679705464427314 -0.020741669009692598 0.037365841672960205 0.017077124209360563 0.022466301975372954 0.014378529744408597 -0.012782263553234119 -0.00064315301868667085 0.014890536538429557 -0.0045822219205516133 -0.03193568291239765
leaf_weight=27.692852824926376 89.100895062088966 306.16879108548164 189.0096178650856 192.48979833722115 297.27108435332775 123.69957055151463 481.58981399983168 178.99793362617493 1027.9955341368914 103.08445730805397 362.24705338478088 241.72903740406036 156.80866047739983 532.94715398550034 439.90866178274155 27.697524607181549 193.02663044631481 17.003212854266167 585.53327086567879 191.35381877422333 353.9570369720459 160.67469850182533 164.57344318926334 44.424704968929291 138.31344209611416 115.30217183381319 31.363202467560768 427.12653787434101 113.39617414772511 1789.0540560483932
leaf_count=215 583 1871 1281 1167 1230 706 3846 1275 9838 434 2977 1114 782 2319 2113 123 1414 96 2471 858 3026 726 753 249 807 933 174 2179 758 17826
internal_value=-0.000112731 -0.0198659 0.0223916 0.00941455 0.0261131 0.028527 -0.0253655 -2.91234e-05 -0.0286111 0.0193459 -0.010923 0.022688 0.0122703 0.0347686 0.0171463 -0.00485956 -0.00702963 0.00270265 0.0379735 0.0331579 -0.013847 0.0272811 0.0266113 0.000959129 0.00412419 -0.0063553 0.0244449 0.0202435 0.0057824 -0.0297382
internal_weight=9103.54 4848.18 4255.36 949.143 3306.22 2978.89 3795.59 1052.59 2960.04 1207.22 558.248 491.505 494.341 1771.68 1104.13 457.639 429.941 196.001 1238.73 653.198 835.547 402.404 355.927 236.915 327.323 142.995 188.172 867.035 237.096 2817.05
internal_count=64144 42859 21285 5376 15909 13821 35684 7175 28812 6190 4348 2423 2827 7631 5756 2953 2830 1371 5312 2841 6872 1840 1611 1416 2088 1148 956 4292 1464 27664
is_linear=0
shrinkage=0.03


Tree=19
num_leaves=31
num_cat=0
split_feature=1 27 1 1 0 5 1 25 18 1 1 27 5 0 3 1 27 5 1 5 1 1 27 27 1 5 27 14 29 11
split_gain=4318.8 613.877 201.304 258.442 194.859 191.853 142.36 81.2005 71.5913 67.7973 66.587 57.0794 52.3797 42.4666 41.7794 41.5821 39.6005 35.2136 31.6799 29.9511 31.7755 29.1423 28.2669 26.7397 26.4248 28.3435 25.9544 25.1343 25.1722 23.4789
threshold=1.9499999880790713 0.22718893736600879 6.7500000000000009 2.4500000476837163 5.5000000000000009 -3.7499999999999996 0.65000000596046459 0.1641858518123627 1.4950000047683718 42.95000076293946 4.3500001430511483 0.46720430254936224 -1.7499999999999998 4.5000000000000009 0.15393796563148501 31.550000190734867 0.15357143431901935 -4.1499998569488517 4.5499999523162851 4.4500000476837167 10.250000000000002 25.550000190734867 0.023057644255459312 0.22718893736600879 2.9500000476837163 -1.3499999642372129 0.032795699313282974 -0.47707018256187433 0.98486763238906871 2.3881944417953496
decision_type=2 2 2 2 2 10 2 2 2 2 2 2 8 2 2 2 2 8 2 8 2 2 2 2 2 8 2 2 2 2
left_child=1 6 3 23 9 11 12 10 -7 14 22 -3 -1 -10 -4 21 -9 -8 -18 -16 -21 -6 -5 -2 25 -24 -19 -28 -29 -15
right_child=2 5 4 7 15 8 17 16 13 -11 -12 -13 -14 29 19 -17 18 26 -20 20 -22 -23 24 -25 -26 -27 27 28 -30 -31
leaf_value=-0.0090299126563696801 -0.0021869653774689657 0.0054735982246882477 0.010780846820197285 0.057090930733368045 0.020619179132613925 0.025140829105946869 0.014315632414437189 0.045370058973553291 -0.02040543397909407 0.026504368668280879 0.0049945618776121199 0.025864933522123892 -0.030059750065232385 -0.015494591579707808 -0.017731917960920784 0.036843208769655161 0.035601674463790381 -0.026498604357311408 0.026272988169092883 0.018941541430574148 -0.007536408219568266 -0.0032687170248227948 0.012802930702022505 0.01272111638389078 0.019177731574702404 0.044791530744440589 -0.0065128361970746987 -0.019286973994979643 0.01390140181831759 0.0055844741932344483
leaf_weight=112.45404610037804 203.87523280084133 341.46593764424324 134.01297087967396 27.070638090372086 775.98133313655853 43.221821323037148 32.585193410515785 250.96644262969494 375.3299567848444 75.78480139374733 165.86342363059521 193.24583534896374 2491.9823801964521 79.937422908842564 176.00304174423218 141.99725790321827 950.45201547443867 208.05616822093725 527.10806603729725 52.723497420549393 168.48818764090538 48.583471685647964 35.150636494159698 229.32698535919189 232.23911632597446 94.245199039578438 245.16902734339237 544.38604201376438 20.69303385913372 114.44142874330282
leaf_count=915 1379 2149 815 113 3797 239 201 1048 3150 350 913 969 25284 643 1230 629 3973 1824 2351 295 1206 257 148 1385 1041 391 2032 4669 177 860
internal_value=0.000153834 -0.0193841 0.022028 0.0269753 0.0134763 -0.000242146 -0.0253923 0.0310048 -0.0116899 0.0001519 0.0209479 0.0128776 -0.0291555 -0.0145233 -0.00365027 0.0218354 0.0342175 -0.0160468 0.0322938 -0.00853391 -0.00116882 0.0192094 0.027725 0.00571614 0.0253754 0.0362666 -0.0170315 -0.0145708 -0.0180492 -0.00311913
internal_weight=9092.84 4802.97 4289.87 2716.3 1573.57 1147.64 3655.33 2283.1 612.931 607.012 554.569 534.712 2604.44 569.709 531.228 966.562 1728.53 1050.89 1477.56 397.215 221.212 824.565 388.706 433.202 361.635 129.396 1018.3 810.248 565.079 194.379
internal_count=64433 43112 21321 12742 8579 8010 35102 9978 4892 3896 2606 3118 26199 4653 3546 4683 7372 8903 6324 2731 1501 4054 1693 2764 1580 539 8702 6878 4846 1503
is_linear=0
shrinkage=0.03


Tree=20
num_leaves=31
num_cat=0
split_feature=1 27 1 1 0 5 1 1 0 5 5 13 1 1 5 27 0 29 0 5 12 1 15 13 25 27 25 5 5 27
split_gain=3938.79 621.734 187.439 244.772 178.636 161.057 146.772 81.1869 70.8659 70.2547 59.0354 59.0118 58.7705 57.8196 50.8003 33.3581 32.6057 31.5808 31.0696 30.536 29.8086 29.3214 27.1854 22.5023 23.4495 23.6603 22.4544 23.1725 22.2058 23.3984
threshold=1.9499999880790713 0.24780701845884326 7.0499999523162851 2.4500000476837163 4.5000000000000009 -3.0499999523162837 0.55000001192092907 3.8500000238418584 3.5000000000000004 -3.1499999761581416 -10.65000009536743 -0.31279833614826197 42.95000076293946 48.750000000000007 -7.5499999523162833 0.37715053558349615 2.5000000000000004 -0.52034142613410939 5.5000000000000009 -0.15000000223517415 -2.3472222089767452 12.050000190734865 -0.3776156604290008 0.95888337492942821 0.12231866642832757 0.45437787473201757 0.22624232620000842 6.3500001430511483 -0.84999999403953541 0.12591963633894923
decision_type=2 2 2 2 2 10 2 2 2 8 8 2 2 2 8 2 2 2 2 10 2 2 2 2 2 2 2 8 10 2
left_child=1 6 3 20 13 10 9 23 -9 -1 -3 -7 17 21 -8 -12 -17 -6 -13 22 -2 26 -16 24 -5 -26 27 -4 29 -11
right_child=2 5 4 7 12 11 14 8 -10 28 15 18 -14 -15 19 16 -18 -19 -20 -21 -22 -23 -24 -25 25 -27 -28 -29 -30 -31
leaf_value=0.010835775463716486 0.015518701300583511 0.037870144746135967 -0.010871446186785594 0.021522736261247198 0.019635762226311273 0.0018035823712583784 0.037785778320390859 0.0085744817132283047 0.027099933519666875 -0.028156807572495429 -0.0008132443780003428 -0.023714212409209286 0.040468910891063241 0.026032987742364542 -0.0046031474929153424 -0.0075525134961409654 0.019719010916388922 0.0072595202942714425 0.00055749732174899616 -0.023336770710163792 -0.00087875730760427601 -0.015612912423212943 -0.017055952904473679 0.043981122072242793 0.037678828372729053 0.025828139870721328 0.021616484609009147 0.016231923821856876 -0.032024915500366138 -0.014949871986517196
leaf_weight=38.395808599889278 150.55906331539154 70.373370632529259 116.1502576097846 151.07301071286201 717.78465989232063 197.75801578909159 14.441593065857885 233.47025001049042 933.38433089852333 709.33782301098108 199.09596776217222 251.38019596785307 100.77099248766899 50.459963917732239 222.62102261185646 46.777193695306778 236.15240328758955 252.34565982222557 58.404299050569534 451.75855381041765 291.74520538747311 204.87985688447952 548.57144149392843 200.60294634103775 617.60418930649757 215.1242922693491 36.323964431881905 36.515002802014351 1532.6531566083431 150.05438635498285
leaf_count=266 891 323 790 640 3598 1416 84 1245 4110 7213 1287 2183 416 224 1861 275 1282 1261 457 4110 1915 1531 4750 820 2537 896 210 219 16119 1438
internal_value=-0.000140978 -0.0190473 0.0206033 0.0252122 0.0120952 0.00118985 -0.0248942 0.0290624 0.0234038 -0.0291791 0.0123885 -0.0109989 0.0187252 -0.00389053 -0.0164611 0.00859757 0.0151994 0.0164273 -0.0191511 -0.017132 0.0047253 -0.00778036 -0.0134718 0.0346128 0.0326598 0.034652 0.000748257 -0.00432532 -0.0298257 -0.0258709
internal_weight=9036.57 4727.78 4308.79 2793.56 1515.23 1059.94 3667.83 2351.26 1166.85 2430.44 552.399 507.543 1070.9 444.329 1237.39 482.026 282.93 970.13 309.784 1222.95 442.304 393.869 771.192 1184.4 983.801 832.728 188.989 152.665 2392.05 859.392
internal_count=64367 43064 21303 13054 8249 7223 35841 10248 5355 25036 3167 4056 5275 2974 10805 2844 1557 4859 2640 10721 2806 2750 6611 4893 4073 3433 1219 1009 24770 8651
is_linear=0
shrinkage=0.03


Tree=21
num_leaves=31
num_cat=0
split_feature=1 8 1 1 1 6 5 5 1 0 0 3 18 18 1 5 18 5 3 5 5 12 5 18 8 0 5 1 29 14
split_gain=3796.28 473.32 187.758 183.343 215.412 142.884 135.134 110.039 85.1974 113.582 63.1287 48.3823 45.1612 44.7967 41.6702 40.3234 36.1389 31.3448 31.0928 28.8917 27.1186 23.3137 22.3055 22.0345 21.7901 22.8925 21.6805 21.1752 20.7064 20.0056
threshold=1.9499999880790713 1.9446496367454531 0.65000000596046459 8.7500000000000018 2.4500000476837163 1.6500000357627871 22.349999427795414 -2.0499999523162837 3.9500000476837163 4.5000000000000009 3.5000000000000004 -0.24572154134511945 5.7750000953674325 11.72499990463257 33.95000076293946 1.7500000000000002 5.2950000762939462 -0.15000000223517415 0.46864496171474462 -10.65000009536743 -11.65000009536743 -2.3472222089767452 -0.65000000596046437 10.934999942779543 3.5802699327468877 2.5000000000000004 -10.050000190734862 37.95000076293946 0.94909128546714794 -0.25639854371547693
decision_type=2 2 2 2 2 8 8 8 2 2 2 2 2 2 2 8 2 10 2 8 10 2 10 2 2 2 8 2 2 2
left_child=1 2 7 4 21 16 10 20 -6 11 -5 -10 -4 19 -8 -13 -3 26 -12 -7 -1 -2 23 -9 -21 -26 -14 -20 -11 -22
right_child=3 5 12 6 8 13 14 22 9 28 18 15 17 -15 -16 -17 -18 -19 27 24 29 -23 -24 -25 25 -27 -28 -29 -30 -31
leaf_value=0.046495668008325657 0.014130645277976632 0.0087928822560894848 0.0070625723222515749 -0.012343980556073211 0.032833377653622327 0.036906469713305787 0.015095421174410959 -0.01783128607786727 0.022602262265619847 0.028381757434662168 0.017465731048859241 -0.010428261623618634 0.03399456175782533 -0.004458140045323326 0.032528877572876209 0.012735091886361745 -0.018463386871587842 -0.022004971912543032 -0.0023323202059364638 0.0023059011067361923 0.0083946807013796365 -0.00036657662654441463 -0.031690075373996769 -0.028371162263471781 -0.0035924570627489149 0.022795203564705158 -0.012253317448934967 0.029786055216781526 0.0069207437542062253 -0.015922204868133373
leaf_weight=9.0051892697811109 150.26162560284138 51.878939665853977 86.605172261595726 222.93949094414711 1261.323533564806 54.054173603653908 403.00199450552464 246.51881562918425 147.54611270129681 977.60133783519268 165.28678402304649 133.09850151836872 8.2990613430738431 116.75404615700245 179.53865803778172 135.4902014285326 262.54674796015024 411.15282380580902 212.02396665513515 109.12019500881433 55.008900105953217 293.50484918057919 1477.2409957423806 723.04190094769001 34.782072991132736 188.08279827982187 760.22170079499483 19.228613749146461 42.993082404136658 65.915999516844749
leaf_count=46 883 349 550 1622 5195 243 1965 2372 731 4293 911 758 42 912 793 750 2450 3711 1259 730 396 1928 15797 7424 223 1099 6231 96 190 518
internal_value=-4.25058e-05 -0.0188473 -0.0232552 0.0201317 0.0239441 0.0018839 0.0101553 -0.0279048 0.027129 0.0221016 0.000395994 0.00886351 -0.0137792 0.0117954 0.0205149 0.00126044 -0.0139526 -0.015314 0.0075716 0.01671 -0.000993473 0.00456299 -0.0293329 -0.0257124 0.0133206 0.0186793 -0.0117104 0.000455067 0.0274854 -0.0048823
internal_weight=9004.07 4660.23 3843.01 4343.84 3141.82 817.219 1202.02 2576.73 2698.05 1436.73 619.479 416.135 1266.28 502.793 582.541 268.589 314.426 1179.67 396.539 386.039 129.93 443.766 2446.8 969.561 331.985 222.865 768.521 231.253 1020.59 120.925
internal_count=64467 43093 37087 21374 14728 6006 6646 26553 11917 6722 3888 2239 10534 3207 2758 1508 2799 9984 2266 2295 960 2811 25593 9796 2052 1322 6273 1355 4483 914
is_linear=0
shrinkage=0.03


Tree=22
num_leaves=31
num_cat=0
split_feature=1 27 5 1 1 0 1 18 6 3 18 5 5 0 3 27 25 11 5 1 15 1 27 27 5 27 5 25 25 13
split_gain=3659.3 555.202 189.323 168.003 275.989 202.62 100.654 59.4979 53.5528 63.2672 52.4575 51.4167 41.0012 34.8482 33.081 30.0853 35.1243 28.6807 27.6568 28.484 27.0051 26.6862 38.9099 26.4359 25.8244 25.48 23.0351 22.9766 22.0696 21.7308
threshold=1.8499999642372134 0.19677419215440753 -3.7499999999999996 2.4500000476837163 4.5499999523162851 3.5000000000000004 0.75000000000000011 5.7750000953674325 32.95000076293946 0.40049608051776892 9.0050001144409197 -2.0499999523162837 38.199998855590827 4.5000000000000009 -0.41764706373214716 0.017105263657867912 0.11955621838569643 5.1881945133209237 2.0499999523162846 10.250000000000002 0.092285078018903746 32.049999237060554 0.45437787473201757 0.45437787473201757 -1.1500000357627866 0.53279572725296032 -2.1499999761581416 0.21065280586481097 0.14165424555540088 0.94697436690330516
decision_type=2 2 10 2 2 2 2 2 8 2 2 8 8 2 2 2 2 2 10 2 2 2 2 2 8 2 8 2 2 2
left_child=1 6 10 17 15 12 11 27 9 -7 23 -1 14 -9 -6 -5 29 24 -16 -20 26 22 -10 -3 28 -18 -8 -4 -2 -17
right_child=3 2 7 4 5 8 20 13 21 -11 -12 -13 -14 -15 18 16 25 -19 19 -21 -22 -23 -24 -25 -26 -27 -28 -29 -30 -31
leaf_value=-0.0046005257085097659 0.038239823500655232 0.0095125851715546928 -0.0052451636101028569 0.059334326003136602 0.016571446654278583 0.021714428878219196 0.014344360054085905 -0.022960792354507282 0.027949352010725664 0.0054487848087264121 -0.00052106321333746845 -0.029569208928825093 0.036875494242601427 -0.0072014432372949156 -0.016755602700333216 0.014123780333364746 0.033762629526991939 0.014470124105651547 0.010527310601576452 -0.010426723196740682 -0.022525779818825253 0.036550637944223141 0.015007095402998613 0.026336787936844623 -0.0047502210697980335 0.022637439918487202 -0.012962475249360424 0.019309757990493861 0.0030158576732596978 0.046315915019015712
leaf_weight=77.024295300245285 23.640604346990585 173.9509013146162 88.165415480732918 32.859354257583618 57.443464994430542 437.91983465850353 29.156845077872276 360.28966399282217 457.73526188731194 424.02184714376926 241.88529106229544 2386.3025485575199 21.566872641444206 196.04461742937565 169.84254064410925 166.59220819175243 1149.1684252023697 147.81297980248928 106.42392279207706 126.90991000831127 333.7124589830637 133.40352572500706 392.98291066288948 164.95169173181057 312.2015360891819 231.64198118448257 383.73644441366196 54.812503658235073 46.249733880162239 20.658259034156799
leaf_count=616 151 1026 624 135 305 2126 205 3307 2030 2330 1680 25773 91 1650 1145 736 4734 871 622 931 2986 561 1812 782 2147 968 3359 335 291 89
internal_value=-8.74714e-05 -0.0192027 -0.00249485 0.0191605 0.0212985 0.0146951 -0.0258628 -0.0130006 0.019216 0.0137283 0.0101554 -0.0287907 -0.00261743 -0.0174303 -0.00454242 0.0308869 0.0302533 0.00329686 -0.00758423 -0.000865416 -0.0161773 0.0240036 0.0219954 0.0177547 -0.00105203 0.031914 -0.0110042 0.00423703 0.0153018 0.0179025
internal_weight=8949.11 4490.03 1280.1 4459.08 3929.17 2328.25 3209.93 699.312 1846.06 861.942 580.788 2463.33 482.187 556.334 460.62 1600.92 1568.06 529.905 403.176 233.334 746.606 984.122 850.718 338.903 382.092 1380.81 412.893 142.978 69.8903 187.25
internal_count=64418 42343 9404 22075 18615 11953 32939 5916 8859 4456 3488 26389 3094 4957 3003 6662 6527 3460 2698 1553 6550 4403 3842 1808 2589 5702 3564 959 442 825
is_linear=0
shrinkage=0.03


Tree=23
num_leaves=31
num_cat=0
split_feature=1 27 5 0 1 5 1 1 1 27 13 6 1 6 27 0 3 13 12 3 25 13 13 5 29 18 13 0 3 3
split_gain=3477.55 529.702 153.645 151.108 153.864 128.161 128.136 100.418 96.9159 86.84 56.5009 53.7598 51.0346 50.0235 48.6342 48.1605 44.8699 43.6899 35.5246 35.3412 30.4088 28.4608 27.4147 25.907 25.8244 26.4618 21.982 21.9115 21.7641 21.2123
threshold=1.8499999642372134 0.23763440549373629 -3.3500000238418575 5.5000000000000009 5.2500000000000009 -1.6500000357627866 2.4500000476837163 2.3500000238418584 0.65000000596046459 0.45080643892288214 -0.37334802746772761 45.399999618530281 6.8500001430511483 12.250000000000002 0.1764289736747742 2.5000000000000004 -0.1168651022017002 -0.23954662680625913 -8.8826389312744123 1.4243296980857851 0.23774631321430209 0.1571534872055054 -0.89317777752876271 -6.9500000476837149 -0.43733099102973932 8.1949996948242205 0.93272170424461376 3.5000000000000004 0.019570295698940757 -1.7794376611709593
decision_type=2 2 10 2 2 8 2 2 2 2 2 10 2 10 2 2 2 2 2 2 2 2 2 10 2 2 2 2 2 2
left_child=1 5 13 4 7 17 14 22 -7 12 20 15 -8 18 -5 -6 -17 23 -3 26 -4 -9 -2 -1 -14 -26 -11 -12 -23 -29
right_child=3 2 10 6 11 8 9 21 -10 19 27 -13 24 -15 -16 16 -18 -19 -20 -21 -22 28 -24 -25 25 -27 -28 29 -30 -31
leaf_value=0.045687368121362683 0.023077481156176409 0.024373642222472604 -0.0063298258710725031 -0.010697522715780854 -0.010739762295086816 -0.029533993974531009 0.033928409392564786 0.01921983234222931 -0.017805940701480276 0.014820173319081427 -0.026616571217230611 0.033911425619753528 0.026906596933799046 0.036739396720381338 0.014131912118152231 0.022928230778306094 0.0005720969772877695 -0.014744912009004775 0.0036127468529086816 0.041250186962394929 0.020175682821814051 0.036407681547840229 -0.0048487336546959546 0.0051314873552739939 0.031270604930350512 0.0032838740816500981 0.026967211708199313 0.029183716556557431 0.020528002160188158 -0.014029198469622148
leaf_weight=16.156942710280418 38.01565732806921 91.223840937018394 145.74656458199024 115.83733413368464 255.12640130519867 2282.6264992654324 979.26887068152428 499.57431419193745 886.5696352943778 756.14154417812824 179.43260376900434 42.974732086062431 262.0083342641592 59.161585792899132 180.17219676822424 101.91630767285824 376.2200284153223 118.279556684196 381.6830990165472 57.220962658524513 52.035419918596745 215.69046010077 166.3056869879365 83.59131832420826 41.426922291517258 108.31594678759575 164.84085124731064 10.130005173385142 129.28528718650341 134.62468475848436
leaf_count=93 242 470 1095 826 1762 25403 4031 2205 8030 3433 1663 190 1232 263 1087 519 2309 986 2289 240 339 923 1127 674 195 511 738 75 571 1142
internal_value=-0.00013116 -0.0189516 -0.000377782 0.0184837 0.0118229 -0.0247296 0.0230387 0.0193108 -0.0262598 0.0253631 -0.0119304 0.00169318 0.0301873 0.0109567 0.00441211 -0.000238663 0.00537529 -0.00246924 0.00766051 0.0184792 0.000710052 0.0238716 0.000434258 0.0120889 0.0212291 0.0111826 0.0170212 -0.0196207 0.030533 -0.0108257
internal_weight=8931.6 4441.26 1054.04 4490.34 1825.11 3387.22 2665.23 1048.87 3169.2 2369.22 521.969 776.237 1391.02 532.069 296.01 733.263 478.136 218.028 472.907 978.203 197.782 844.55 204.321 99.7483 411.751 149.743 920.982 324.187 344.976 144.755
internal_count=64663 42522 7336 22141 9848 35186 12293 5068 33433 10380 4314 4780 5969 3022 1913 4590 2828 1753 2759 4411 1434 3699 1369 767 1938 706 4171 2880 1494 1217
is_linear=0
shrinkage=0.03


Tree=24
num_leaves=31
num_cat=0
split_feature=1 27 1 1 0 5 6 5 18 27 5 1 11 1 5 0 0 27 12 1 27 19 13 27 1 1 19 25 5 13
split_gain=3253 489.664 265.074 247.737 176.541 132.561 82.4102 60.24 55.182 46.7517 43.2747 52.9601 42.4759 40.4614 38.997 38.7718 33.1065 27.0487 26.5623 25.8902 29.4465 23.6118 22.9516 22.7879 21.7526 21.0336 21.0296 20.8448 20.1355 23.2452
threshold=1.5500000119209292 0.22718893736600879 2.4500000476837163 4.8500001430511483 3.5000000000000004 -3.0499999523162837 0.84999999403953563 -4.1499998569488517 1.4950000047683718 0.045622119680047042 38.199998855590827 12.84999990463257 5.0437500476837167 56.149999618530281 -10.65000009536743 4.5000000000000009 1.5000000000000002 0.017105263657867912 -4.6826388835906974 47.649999618530281 0.45437787473201757 -0.67132568359374989 -0.58357581496238697 0.017105263657867912 3.4500000476837163 37.95000076293946 -0.13542209565639493 0.11808994412422182 -1.1500000357627866 -1.4358106255531309
decision_type=2 2 2 2 2 10 8 8 2 2 8 2 2 2 8 2 2 2 2 2 2 2 2 2 2 2 2 2 8 2
left_child=1 6 12 16 13 14 -1 -8 -7 -9 11 -6 17 21 -3 -10 -4 -2 -16 20 -12 -5 -14 -18 -25 -13 -11 -26 29 -19
right_child=2 5 3 4 10 8 7 9 15 26 19 25 22 -15 18 -17 23 28 -20 -21 -22 -23 -24 24 27 -27 -28 -29 -30 -31
leaf_value=-0.029979267540487218 -0.029000109988661663 0.031456912432696722 0.012323153142636094 0.0041614109127011663 0.017676656673427327 0.023738403745086675 0.012068459667855184 -0.02850241933343077 -0.021831063400442566 -0.011208230520415941 0.025823993309988573 -0.0017009819855971376 0.025713429830402354 0.031412221746485912 0.01535469585453471 -0.0027001481091616852 0.055191501603553947 0.057656165992852816 0.00016402345338046477 0.03829974498261577 0.014430550842416115 -0.010834648372127186 0.0056660416766649586 0.032149885338245567 0.0057872515416562582 0.022267681439589185 -0.021009494219715149 0.026329890289188838 -0.0041976953878805788 0.0060219420587802695
leaf_weight=1735.4651946276426 32.912984415888786 64.228716298937798 110.87969802320004 141.09214347600937 589.12236994504929 34.074928492307663 49.881326124072075 505.44178011268377 285.50910370796919 348.5551835000515 434.15678481757641 234.29382419586182 74.083090610802174 26.977959141135216 177.00381529331207 143.36178477853537 30.512400567531586 7.5335148572921744 247.89642595499754 80.72285084426403 395.138611510396 282.46496813744307 165.53354739397764 868.77167452871799 48.239474952220917 37.323363348841667 466.27477529644966 683.01054695248604 455.75440762937069 102.65422878414392
leaf_count=19508 265 285 497 939 2839 186 313 5414 2609 3398 1904 1414 423 116 957 1146 124 47 1594 324 1795 1897 1032 3509 230 180 4635 2861 3399 679
internal_value=-8.65665e-05 -0.0198586 0.0166243 0.0198661 0.0132149 -0.00103461 -0.0256272 -0.0200969 -0.0125273 -0.0213203 0.017479 0.0126309 0.00129801 -0.00354588 0.00984621 -0.0154572 0.0283376 -0.00297503 0.00651331 0.0220456 0.0204192 -0.00584124 0.0119453 0.0294184 0.0288928 0.00166219 -0.0168357 0.0249845 -0.00141303 0.010039
internal_weight=8858.87 4057.69 4801.18 3962.71 2221.29 952.075 3105.62 1370.15 462.946 1320.27 1770.76 860.74 838.472 450.535 489.129 428.871 1741.41 598.855 424.9 910.018 829.295 423.557 239.617 1630.53 1600.02 271.617 814.83 731.25 565.942 110.188
internal_count=64519 40045 24474 18629 11408 6777 33268 13760 3941 13447 8456 4433 5845 2952 2836 3755 7221 4390 2551 4023 3699 2836 1455 6724 6600 1594 8033 3091 4125 726
is_linear=0
shrinkage=0.03


Tree=25
num_leaves=31
num_cat=0
split_feature=1 27 1 1 25 5 1 5 25 3 14 5 1 5 5 18 15 14 27 25 5 6 1 27 3 5 3 8 15 27
split_gain=3029.34 463.209 189.076 236.145 148.057 125.715 99.292 51.528 48.6895 45.3203 43.1732 40.6753 46.5514 38.725 33.46 31.7896 30.7494 30.704 29.6523 37.9127 31.9032 28.211 27.4676 26.5553 40.516 25.0363 28.7931 23.6133 22.3539 26.1153
threshold=1.6500000357627871 0.23763440549373629 2.4500000476837163 4.8500001430511483 0.19750786572694781 -3.3500000238418575 0.55000001192092907 -2.5499999523162837 0.22267599403858188 -1.7794376611709593 -0.43473815917968744 29.849999427795414 12.550000190734865 22.349999427795414 -4.2499999999999991 1.235000014305115 0.38218085467815405 -0.65888094902038563 0.15921659022569659 0.14808583259582522 1.8499999642372134 10.449999809265138 9.6500000953674334 0.45437787473201757 1.4243296980857851 3.1499999761581425 -0.40982127189636225 2.1786844730377202 0.13985200971364978 0.051315790042281158
decision_type=2 2 2 2 2 10 2 8 2 2 2 8 2 8 8 2 2 2 2 2 8 10 2 2 2 10 2 2 2 2
left_child=1 6 10 16 13 9 7 -1 17 -3 -2 12 -6 22 -8 -10 18 -7 20 -20 -4 -11 25 -13 -25 26 -5 -12 29 -16
right_child=2 5 3 4 11 8 14 -9 15 21 27 23 -14 -15 28 -17 -18 -19 19 -21 -22 -23 -24 24 -26 -27 -28 -29 -30 -31
leaf_value=0.00088411657521146299 0.012495957441234499 0.026571099565452786 0.019813009413424319 0.023291152690435319 0.017033755182115692 -0.0023086946305568806 0.012914577904721185 -0.028879667968211321 0.042932228702635279 0.0021099075606561264 -0.0068632004671598454 0.026500380924966909 0.0015167105907086078 0.019126036032854295 -0.021962536398907082 -0.0016299058302000331 0.033266851789430216 -0.022911796738357585 0.0078532271193409026 0.024438905288555853 0.040258685796485373 0.029340243186705958 -0.012555297860976304 0.012568179564195999 0.038562029211485237 0.012442509825290788 -0.011178794437558997 0.0078000825505797717 -0.022953202399258195 -0.0083644336004235296
leaf_weight=53.621788360178471 249.68340560048819 114.92499452829361 113.08001241087914 24.979948133230209 513.45643177628517 88.079863108694553 32.733384549617767 2107.6912326067686 15.444667369127272 324.15942037850618 355.35770663619041 437.70978283882141 263.25209208577871 73.178574815392494 206.30191674828529 115.81446203589439 526.69827514886856 251.14910284429789 149.52349928021431 763.23950602114201 188.66774244606495 37.313862085342407 201.91030528396368 401.61350007355213 61.832239016890526 117.24789537489414 135.93826915323734 135.84796383231878 407.1075066998601 334.33025632798672
leaf_count=403 1623 549 477 135 2441 662 199 24492 77 1974 2586 1902 1572 356 2012 905 2155 2325 662 3123 771 169 1479 1808 254 634 819 853 3968 3078
internal_value=-0.000109302 -0.019003 0.0162814 0.0188758 0.0124051 -0.0006085 -0.0245449 -0.0281412 -0.0115957 0.010244 0.0023645 0.0168405 0.0117832 -0.00105233 -0.0165969 0.00389848 0.0271553 -0.0175848 0.0244797 0.0217335 0.0326874 0.00499401 -0.0041615 0.0211815 0.0161118 0.00195439 -0.00571709 -0.00280031 -0.0176288 -0.0135844
internal_weight=8801.89 4088.67 4713.22 3972.33 2231.12 946.886 3141.79 2161.31 470.488 476.398 740.889 1677.86 776.709 553.255 980.473 131.259 1741.21 339.229 1214.51 912.763 301.748 361.473 480.076 901.156 463.446 278.166 160.918 491.206 947.74 540.632
internal_count=64463 40813 23650 18588 11400 6661 34152 24895 3969 2692 5062 7977 4013 3423 9257 982 7188 2987 5033 3785 1248 2143 3067 3964 2062 1588 954 3439 9058 5090
is_linear=0
shrinkage=0.03


Tree=26
num_leaves=31
num_cat=0
split_feature=1 27 1 1 6 5 1 13 0 5 1 25 6 27 12 11 1 1 5 27 6 17 13 27 1 25 25 5 0 27
split_gain=2957.62 483.647 149.311 168.499 150.907 146.898 125.407 60.3149 58.8048 51.2438 50.6347 46.7458 44.3879 40.5067 39.7501 30.4234 28.4323 27.5581 26.0632 24.9918 24.1213 23.4452 21.9099 22.3805 20.7646 20.4534 20.4235 21.4404 20.2397 20.1402
threshold=1.9499999880790713 0.19677419215440753 6.7500000000000009 2.4500000476837163 24.550000190734867 -3.8500000238418575 0.84999999403953563 -0.27246546745300287 2.5000000000000004 -1.4499999880790708 3.6499999761581425 0.19142556190490725 11.84999990463257 0.43440860509872442 -4.535416603088378 5.1881945133209237 12.550000190734865 32.549999237060554 -1.6500000357627866 0.017105263657867912 0.45000000298023229 0.7466210424900056 0.59280768036842357 0.15357143431901935 20.150000572204593 0.11955621838569643 0.16400627046823504 -1.0500000119209287 6.5000000000000009 0.42634408175945288
decision_type=2 2 2 2 8 10 2 2 2 8 2 2 10 2 2 2 2 2 8 2 8 2 2 2 2 2 2 8 2 2
left_child=1 6 3 15 8 12 9 13 -4 -1 22 19 14 -7 -3 26 -10 24 -8 -12 -11 -15 23 -5 -6 -25 27 -2 -9 -13
right_child=2 5 4 10 17 7 18 28 16 20 11 29 -14 21 -16 -17 -18 -19 -20 -21 -22 -23 -24 25 -26 -27 -28 -29 -30 -31
leaf_value=-0.010172973672708379 0.031526276037021517 0.014785530035037023 -0.014573351116797311 0.034634962932629992 0.01842084329445498 -0.0078687715843359235 0.0070722323601280839 -0.021567746967457214 0.010440488230770413 -0.031464018263744981 0.055083863670982419 0.02837361879738538 0.030865908475543956 0.0022160766992736385 -0.0014845976239636727 0.01643636259809381 -0.0024837629416081791 0.028812250575684685 -0.014477027585600655 0.009768904989091387 -0.025050151994305533 0.03674712694400805 0.036297294586155313 0.0050867658084042845 0.0039264810286670955 0.025103507084848851 -0.0069289149845500018 0.0019355445777271612 0.00055553744535522323 0.019327488669482768
leaf_weight=145.23750898241997 27.576858967542648 228.59924586117268 176.19848065078259 226.20531897246838 502.36578492820263 215.94832298904657 54.543409258127213 369.85184355825186 362.5231518894434 1244.5590978637338 10.375340089201925 478.2634938955307 67.231093421578407 38.506135299801826 328.11424872279167 132.0819236189127 264.22131040692329 197.31706979870796 602.01878253370523 346.64322696626186 976.46269302815199 31.961643554270267 304.89683954417706 51.247595608234406 108.81520247459412 497.31364159286022 187.66457335650921 96.96020732820034 41.31411224603653 436.02088476717472
leaf_count=1332 168 1248 1313 911 2273 1794 403 3495 1885 15045 45 1983 296 258 2157 748 1661 857 5537 1706 11149 190 1223 211 551 2005 1227 653 348 1844
internal_value=-0.00012728 -0.0176906 0.0171876 0.0213808 0.00990536 -0.00254898 -0.0243072 -0.0120004 0.000689398 -0.027527 0.0245817 0.0204886 0.00802017 -0.00142067 0.00521082 0.00442565 0.00499664 0.0190458 -0.0126788 0.011236 -0.0286567 0.0181731 0.0293779 0.0266117 0.0158509 0.0232462 -0.000691926 0.0086869 -0.0193488 0.0240854
internal_weight=8751.04 4344.35 4406.69 2795.25 1611.44 1321.53 3022.82 697.582 802.943 2366.26 2350.97 1271.3 623.945 286.416 556.713 444.284 626.744 808.498 656.562 357.019 2221.02 70.4678 1079.66 774.767 611.181 548.561 312.202 124.537 411.166 914.284
internal_count=64516 43252 21264 12724 8540 9786 33466 6085 4859 27526 9928 5578 3701 2242 3405 2796 3546 3681 5940 1751 26194 448 4350 3127 2824 2216 2048 821 3843 3827
is_linear=0
shrinkage=0.03


Tree=27
num_leaves=31
num_cat=0
split_feature=1 27 6 1 1 0 1 18 6 0 3 1 18 1 1 15 27 6 18 29 27 27 28 25 1 18 29 27 12 27
split_gain=2698.21 486.699 167.316 118.014 194.818 156.169 114.108 61.5167 41.2452 37.6945 36.2172 45.4876 36.1803 34.8242 35.9932 31.9528 31.4665 29.942 25.1921 25.146 24.9401 23.5867 22.4165 24.7712 22.0095 20.9012 20.0926 19.9995 19.9627 19.486
threshold=1.8499999642372134 0.19677419215440753 1.6500000357627871 2.4500000476837163 5.1499998569488534 4.5000000000000009 0.65000000596046459 10.045000076293947 1.6500000357627871 1.5000000000000002 -0.23790729045867917 41.350000381469734 5.4149999618530282 43.850000381469734 11.650000095367433 0.14629735797643664 0.045622119680047042 10.750000000000002 0.69999998807907116 0.94909128546714794 0.051315790042281158 0.51639783382415783 -0.99763298034667958 0.26876139640808111 3.0499999523162846 11.034999847412111 -0.46039597690105433 0.58198922872543346 0.36458334326744085 0.56559139490127575
decision_type=2 2 8 2 2 2 2 2 10 2 2 2 2 2 2 2 2 10 2 2 2 2 2 2 2 2 2 2 2 2
left_child=1 6 12 16 9 10 8 17 -1 -5 -6 -12 -3 14 19 20 -2 22 -11 29 -8 -18 -4 26 -20 -16 -24 -25 -22 -7
right_child=3 2 7 4 5 13 15 -9 -10 18 11 -13 -14 -15 25 -17 21 -19 24 -21 28 -23 23 27 -26 -27 -28 -29 -30 -31
leaf_value=-0.029106385062104775 -0.019022264369001344 0.0023840436150376473 -0.028096616448539568 0.0082544087783165878 0.01483743855879891 0.021722825770696758 -0.018091905809880758 -0.0051217960601131918 -0.0092942520005789512 0.00712376109151097 -0.0087079195322284086 0.018735504978313049 -0.019668408713056508 0.03286822977679036 0.0112647077472301 -0.021725264349130247 0.002415404016199395 0.031055887451276815 0.031211365910864413 -0.0086609123744579453 -0.0079752947780767271 0.022281144985931534 -0.0022275608483344205 0.014227769483922469 0.023838894088973363 -0.0053628325531421585 0.017170813177058382 0.040053018647802759 0.011888005529501113 0.010236326477117674
leaf_weight=2004.0937846526504 53.917719282209873 80.05189623683691 12.75503199547529 121.40014031529427 95.722223453223705 708.5476271957159 184.7457389831543 268.42737828195095 100.47861688584089 64.708425030112267 429.02154955267906 61.270552590489388 402.12518695741892 105.39210706949234 447.88821412622929 345.55656182020903 425.22276031970978 67.785377144813538 566.74984504282475 28.863671749830246 216.24919122457504 60.639248736202717 151.65674714744091 173.68040531873703 1122.7674777060747 79.578383535146713 69.21968612074852 31.62733768671751 56.671306200325489 166.96173943579197
leaf_count=24501 392 545 85 545 514 3109 1773 2027 897 268 2961 282 3893 427 2259 3354 2775 293 2274 129 1947 331 945 976 4652 412 465 146 509 747
internal_value=-0.000315903 -0.01775 -0.00215207 0.0156838 0.0174607 0.0112287 -0.0244915 0.00647757 -0.0281654 0.0245057 -0.00194682 -0.00524723 -0.0160099 0.0162495 0.0150041 -0.0148424 0.00251162 0.0126201 0.025625 0.0186377 -0.00960944 0.00493547 0.00970894 0.0109035 0.026329 0.00875073 0.00390162 0.018381 -0.00382238 0.0195465
internal_weight=8703.78 4165.12 1257.33 4538.65 3998.87 2123.25 2907.8 775.152 2104.57 1875.63 586.014 490.292 482.177 1537.23 1431.84 803.223 539.78 506.725 1754.23 904.373 457.666 485.862 438.939 426.184 1689.52 527.467 220.876 205.308 272.92 875.509
internal_count=64433 42356 9375 22077 18579 10840 32981 4937 25398 7739 3757 3243 4438 7083 6656 7583 3498 2910 7194 3985 4229 3106 2617 2532 6926 2671 1410 1122 2456 3856
is_linear=0
shrinkage=0.03


Tree=28
num_leaves=31
num_cat=0
split_feature=1 27 1 1 0 5 6 27 6 15 15 3 5 27 5 13 15 15 1 1 27 0 25 5 27 0 3 6 1 15
split_gain=2619.93 409.296 196.702 182.26 161.155 125.555 94.0761 63.1006 43.2088 43.1903 41.7326 37.3998 36.9 35.7377 32.4328 29.61 27.971 26.6365 29.256 23.7048 34.0353 23.6222 22.7622 22.1388 23.2247 20.2332 23.2757 22.4113 19.3026 19.0006
threshold=1.5500000119209292 0.22718893736600879 2.4500000476837163 4.5499999523162851 3.5000000000000004 -3.0499999523162837 0.84999999403953563 0.034210527315735824 33.95000076293946 -0.52459284663200367 -0.1705028638243675 0.40049608051776892 -5.4500000476837149 0.40994623303413397 -1.0000000180025095e-35 -1.3648983240127561 -0.38504406809806818 0.750198394060135 3.0499999523162846 32.049999237060554 0.45437787473201757 2.5000000000000004 0.22684004902839663 0.35000000894069677 0.40994623303413397 2.5000000000000004 -0.23790729045867917 35.549999237060554 0.94999998807907116 0.078744161874055876
decision_type=2 2 2 2 2 10 8 2 8 2 2 2 8 2 10 2 2 2 2 2 2 2 2 8 2 2 2 10 2 2
left_child=1 6 9 17 15 13 28 -8 11 23 22 -6 -9 -3 -11 -5 -14 18 -4 20 -10 -20 -7 -2 -25 27 -27 -17 -1 -22
right_child=2 5 3 4 8 10 7 12 19 14 -12 -13 16 -15 -16 25 -18 -19 21 -21 29 -23 -24 24 -26 26 -28 -29 -30 -31
leaf_value=-0.030332707603921854 0.024471346276756723 0.0006113611536998747 0.028883278948165666 0.01621852632695903 0.017088695004397809 -0.0086287664824855944 -0.027783380342814638 0.01930677616692068 0.02379433113880608 0.0019561415736134434 -0.020764738595041892 0.0047537147586515617 -0.0063849324155267522 0.016768473933522411 -0.012724186755305263 -0.014234638484192728 -0.018414629447150003 0.033798564785414514 0.0074483030907833599 0.031907977963757626 0.0060021497925915384 0.021823773695998749 0.015040286042096087 -0.00085024144152403246 0.031601695645611952 0.023553522165627835 -0.00422823011952826 0.019363284520182399 -0.018691988111007932 0.019106446537502032
leaf_weight=1446.9628702551126 85.906342893838882 240.91604391485453 521.9870737940073 57.448736563324928 447.59724740684032 128.28903232514858 422.8683760613203 28.821740388870239 465.80547660589218 418.96767491102219 261.44108849018812 438.57205935567617 251.69859885424376 251.34415959566832 198.9955133870244 238.37107186764479 573.04226217418909 264.0416047424078 121.59161977469921 133.7855820953846 225.09635163843632 719.40242204070091 50.001970916986465 110.47803298383951 23.181433029472828 33.869321465492249 121.55545109510422 18.452253445982933 147.29921753704548 179.58861213922501
leaf_count=18164 534 1561 2096 359 2103 1066 4908 172 1992 2845 2486 2349 2550 1263 1559 1642 6050 1069 543 553 1012 2937 344 795 119 167 789 87 1453 801
internal_value=-0.000177723 -0.0187966 0.014498 0.0172736 0.0119397 -0.00152061 -0.0244029 -0.0183063 0.0158456 0.00127943 -0.0131555 0.0109963 -0.0135841 0.00887833 -0.00278411 -0.00378088 -0.0147555 0.0249988 0.0232705 0.0201094 0.0182616 0.0197567 -0.00194388 0.012677 0.00497099 -0.00660039 0.00193769 -0.011755 -0.0292696 0.0118503
internal_weight=8627.38 3802.69 4824.69 3987.16 2360.14 931.992 2870.69 1276.43 1890.45 837.529 439.732 886.169 853.563 492.26 617.963 469.697 824.741 1627.02 1362.98 1004.28 870.49 840.994 178.291 219.566 133.659 412.248 155.425 256.823 1594.26 404.685
internal_count=64368 40017 24351 18499 11854 6720 33297 13680 8810 5852 3896 4452 8772 2824 4404 3044 8600 6645 5576 4358 3805 3480 1410 1448 914 2685 956 1729 19617 1813
is_linear=0
shrinkage=0.03


Tree=29
num_leaves=31
num_cat=0
split_feature=1 27 1 1 0 5 6 18 27 6 11 1 12 1 8 1 0 8 5 29 0 3 29 14 18 19 1 5 5 14
split_gain=2533.22 389.495 144.75 195.257 147.652 133.212 82.9449 49.3286 49.0756 42.3263 38.492 35.6566 31.8863 31.2512 30.0293 32.8767 28.7447 28.6722 27.1913 26.1395 25.6299 25.4072 25.2271 22.3101 21.8837 21.5421 20.0145 19.6836 18.4838 18.4555
threshold=1.6500000357627871 0.19677419215440753 2.4500000476837163 4.8500001430511483 4.5000000000000009 -3.5499999523162837 0.94999998807907116 10.175000190734865 0.045622119680047042 11.84999990463257 5.1312499046325692 54.45000076293946 -4.535416603088378 11.650000095367433 28.640341758728031 10.449999809265138 4.5000000000000009 1.8018506765365603 5.2500000000000009 -0.12545862048864362 2.5000000000000004 -0.42554919421672815 0.92191100120544445 0.2286929786205292 9.6549997329711932 0.37432262301445013 0.94999998807907116 -1.3499999642372129 1.4499999880790713 -0.41216638684272761
decision_type=2 2 2 2 2 10 8 2 2 10 2 2 2 2 2 2 2 2 8 2 2 2 2 2 2 2 2 8 8 2
left_child=1 6 10 17 14 9 26 16 27 12 25 13 -3 22 15 18 -7 28 21 -18 -19 -5 -6 -10 -15 -2 -1 -8 -4 -12
right_child=2 5 3 4 11 7 8 -9 23 -11 29 -13 -14 24 -16 -17 19 20 -20 -21 -22 -23 -24 -25 -26 -27 -28 -29 -30 -31
leaf_value=-0.030239446809717779 0.0026233785864393463 0.013144567306749759 0.022998205933298169 0.016158977725773044 0.018901080125633296 -0.011767330367913382 -0.0049218244252828749 -0.02224722721114554 -0.0088408581520739177 0.030531191011009935 0.023465675853680045 0.036665313474253794 -0.0024109827735944163 0.012127223619907665 0.018671037669581669 -0.011970849795738767 0.016385522020726326 0.008827146837800488 0.02183943291229171 -0.017176300655557093 0.022690006010210546 -0.0059705161323068082 -0.0058611077488997963 -0.019725185632897761 -0.0023052013401509558 -0.0098748678464462749 -0.018949762838847924 -0.027859514958534889 0.032289296100050803 0.0056374435130161354
leaf_weight=1385.6292865946889 330.36370823532343 203.31597405672073 353.2095842808485 58.350915640592575 938.91832941770554 191.8054425790906 37.091363899409771 290.07066150009632 409.9949632063508 60.599912211298943 87.718660451471806 69.128460004925728 282.08472191542387 430.8775417804718 59.360851235687733 241.31874429434538 78.612355209887028 143.72622293233871 53.985924810171127 27.407629504799843 785.12926083803177 218.01688092201948 38.114690154790878 291.83855038881302 120.69264586269855 197.51956064254045 164.61480609327555 423.53877753764391 469.05111017823219 129.2968286126852
leaf_count=17848 2339 1102 1438 288 4077 1670 371 2925 4192 262 485 279 1865 2128 296 1819 566 637 291 226 3200 1302 169 3112 611 1476 1645 5066 1892 801
internal_value=-0.000260262 -0.018333 0.0144541 0.0167253 0.0108276 -0.00356325 -0.024503 -0.0134621 -0.0184146 0.00710027 0.00231308 0.0156777 0.00411828 0.0147052 -0.00145798 -0.00357708 -0.00485987 0.0242213 0.00257208 0.0076299 0.0205567 -0.00125679 0.0179301 -0.0133884 0.00897071 -0.00206295 -0.0290536 -0.0260272 0.028331 0.0129183
internal_weight=8571.38 3846.6 4724.78 3979.88 2228.76 1133.9 2712.71 587.896 1162.46 546.001 744.899 1597.73 485.401 1528.6 631.033 571.672 297.825 1751.12 330.354 106.02 928.855 276.368 977.033 701.834 551.57 527.883 1550.24 460.63 822.261 217.015
internal_count=64378 40850 23528 18427 11260 8616 32234 5387 12741 3229 5101 7264 2967 6985 3996 3700 2462 7167 1881 792 3837 1590 4246 7304 2739 3815 19493 5437 3330 1286
is_linear=0
shrinkage=0.03


Tree=30
num_leaves=31
num_cat=0
split_feature=1 11 5 1 1 1 6 5 5 12 25 1 25 1 5 15 3 5 29 3 15 25 1 14 15 14 15 1 1 25
split_gain=2392.78 419.641 162.263 102.464 128.713 89.5751 89.2855 50.6261 47.3927 46.1029 45.5334 42.625 47.0774 39.3345 34.2402 33.9153 31.7594 28.0133 25.3864 25.1547 24.6612 25.3411 24.3852 23.3999 22.8223 22.7447 21.6234 20.6688 26.5475 19.9129
threshold=1.9499999880790713 1.4881944060325625 -1.6500000357627866 6.4500000476837167 2.4500000476837163 0.65000000596046459 23.150000572204593 -10.949999809265135 -1.8499999642372129 -4.535416603088378 0.20099434256553653 3.0499999523162846 0.15472894161939624 0.94999998807907116 -0.25000000745058054 0.14629735797643664 -2.2447574138641353 -1.0500000119209287 0.96407344937324535 -1.8914836049079893 0.17591251432895663 0.14165424555540088 10.550000190734865 0.010870031081140043 0.1555106118321419 -0.73103830218315113 0.098716422915458693 32.549999237060554 19.94999980926514 0.25547169148921972
decision_type=2 2 10 2 2 2 8 8 8 2 2 2 2 2 10 2 2 8 2 2 2 2 2 2 2 2 2 2 2 2
left_child=1 5 7 4 20 8 10 -3 26 19 -5 -6 14 16 -13 17 -4 25 -14 -9 21 -2 24 29 -12 -7 -1 28 -8 -15
right_child=3 2 13 6 11 15 27 9 -10 -11 22 12 18 23 -16 -17 -18 -19 -20 -21 -22 -23 -24 -25 -26 -27 -28 -29 -30 -31
leaf_value=0.010368741685352479 0.025253635855645013 0.026015266313741212 0.041530170481606309 -0.0064030256900455612 0.028275231080662336 0.038614191025815023 0.016099515200585782 0.027050348941576763 -0.029088467999795347 -0.0043599298524858001 0.0067454659569424003 -0.0050204828177322141 0.022197544196011509 -0.0033584102127384163 0.015454647068026271 -0.02260427484253881 -0.02298927941047877 -0.011882442799809597 -0.0011926467544334772 0.0057332294991048905 -0.0043909204341214631 0.0041467349001301449 0.0015971906282873608 -0.016795640317744248 0.025377893086207054 -0.0044510708380498566 -0.022209751482448168 0.024216762357628312 0.00033435765022477856 0.029440479714420993
leaf_weight=40.124227158725262 69.227157711982727 76.799967914819717 6.1015871912240973 330.79091899096966 609.98157265782356 17.862624682486057 546.556834384799 60.670500457286835 1725.0193807259202 569.39310836791992 139.44270785152912 107.84198749065399 1319.2570367008448 128.58680143207312 227.20121785998344 286.88489762693644 413.58891884237528 306.7581697627902 43.023113772273064 264.06289974600077 188.10882261395454 190.87433786690235 266.39208419620991 123.97609266638756 103.10763078927994 26.17039255797863 32.143801376223564 208.26460465788841 116.65616942197084 18.1179089397192
leaf_count=329 438 336 36 2298 2446 133 2420 297 22392 4573 660 517 5426 1116 1053 2865 4689 2958 177 1730 1205 1159 1571 1189 487 216 285 904 589 128
internal_value=-0.000174373 -0.0167323 -0.00510294 0.0150106 0.0185918 -0.0246612 0.00923627 0.0028037 -0.0280917 0.000783131 0.00225041 0.0214486 0.0189801 -0.0162107 0.00886889 -0.0149636 -0.0219548 -0.00866847 0.0214585 0.00978676 0.00387075 0.00983963 0.0078763 -0.00725638 0.0147377 0.0134885 -0.00422707 0.0159574 0.0133312 0.000864121
internal_weight=8562.99 4096.26 1661.3 4466.73 2755.52 2434.96 1711.21 970.926 1797.29 894.127 839.733 2307.3 1697.32 690.371 335.043 637.676 419.691 350.791 1362.28 324.733 448.21 260.101 508.942 270.681 242.55 44.033 72.268 871.478 663.213 146.705
internal_count=64622 43272 14094 21350 12421 29178 8929 6936 23006 6600 5016 9619 7173 7158 1570 6172 4725 3307 5603 2027 2802 1597 2718 2433 1147 349 614 3913 3009 1244
is_linear=0
shrinkage=0.03


Tree=31
num_leaves=31
num_cat=0
split_feature=1 27 1 5 1 0 6 18 14 18 19 1 27 27 0 8 1 5 18 14 27 5 3 1 18 27 14 28 8 5
split_gain=2188.33 389.616 190.175 145.097 138.557 104.943 59.5003 52.4754 45.0084 42.6481 42.0466 39.7961 33.8999 31.7266 31.5206 28.4335 33.1542 26.9366 26.3402 26.2776 26.0452 26.1282 24.5127 24.3014 25.5255 22.4901 20.5646 20.1644 19.3474 21.3736
threshold=1.4499999880790713 0.15357143431901935 2.4500000476837163 -3.3500000238418575 5.3500001430511483 4.5000000000000009 0.84999999403953563 8.9349999427795428 0.050514589995145805 2.6550000905990605 -1.3288236260414121 43.850000381469734 0.045622119680047042 0.017105263657867912 1.5000000000000002 20.306443214416507 10.449999809265138 5.2500000000000009 1.235000014305115 0.31050634384155279 0.13924731314182284 1.5500000119209292 -0.16313990205526349 8.7500000000000018 10.984999656677248 0.39354838430881506 -0.83898097276687611 -0.99763298034667958 2.9701290130615239 -1.8499999642372129
decision_type=2 2 2 10 2 2 8 2 2 2 2 2 2 2 2 2 2 10 2 2 2 8 2 2 2 2 2 2 2 8
left_child=1 6 9 8 14 10 -1 18 27 -2 -6 23 -8 -11 -4 16 17 22 -5 28 21 -16 -12 -7 -25 -10 -14 -3 29 -15
right_child=2 3 4 7 5 11 12 -9 25 13 15 -13 26 19 20 -17 -18 -19 -20 -21 -22 -23 -24 24 -26 -27 -28 -29 -30 -31
leaf_value=-0.029535658492672083 0.024733197314345555 -0.023211398648959498 0.0064210463747680141 0.021352080752077188 0.023331281962922036 0.017588210248661511 -0.026150184164262357 -0.020687677245711824 -0.011146290511925628 -0.027226724704728134 0.010050153019185971 0.032406868286948207 -0.0039274267903850017 0.017543597407409905 0.016302039575015161 0.012382756139108187 -0.016009130526281522 0.020134349823191185 -0.0069639695631245968 -0.0065082496131644877 0.020441123777377411 0.034465340619785692 -0.012206502524685815 0.011970263443002779 -0.0022842831280675416 0.0077760837291911767 -0.017904855055197507 0.015001925870478668 0.01493636368443148 -0.0017503210101677534
leaf_weight=1333.2766910642385 60.528150707483292 12.054713383316992 121.4410749822855 34.00419956445694 57.412210382521152 587.42851427197456 432.5345780402422 405.59078350663185 139.34736730158329 38.933857850730419 67.849515378475189 101.40821023285389 120.8787661716342 59.888428077101707 101.47880937159061 83.737756103277206 189.10418651998043 49.904704019427299 189.66341694444418 327.2914969548583 1456.163227841258 264.07863049209118 125.42584310472012 650.95455035567284 136.43047823011875 93.754720240831375 448.39784560352564 326.1538422331214 118.33130992949009 340.65602872520685
leaf_count=17744 298 81 543 182 364 2510 5355 4382 1106 340 358 411 1253 369 422 455 1483 267 1682 2454 5943 1074 806 3138 671 488 4950 1955 737 2557
internal_value=-0.000218898 -0.0182334 0.0126796 -0.00433965 0.0155439 0.0100946 -0.0253718 -0.0142668 0.00660024 0.000581523 -0.000796645 0.014323 -0.0198064 -0.00109615 0.0212837 -0.00352103 -0.00662322 0.000711212 -0.0025832 0.000136888 0.0222704 0.0294814 -0.00438177 0.0129665 0.00950061 -0.00353492 -0.014949 0.0135755 0.0043329 0.00117096
internal_weight=8474.1 3535.66 4938.45 1200.57 3992.82 2049.66 2335.09 629.258 571.311 945.629 573.434 1476.22 1001.81 885.101 1943.16 516.022 432.284 243.18 223.668 846.167 1821.72 365.557 193.275 1374.81 787.385 233.102 569.277 338.209 518.876 400.544
internal_count=64378 39178 25200 9876 18445 10463 29302 6246 3630 6755 3733 6730 11558 6457 7982 3369 2914 1431 1864 6117 7439 1496 1164 6319 3809 1594 6203 2036 3663 2926
is_linear=0
shrinkage=0.03


Tree=32
num_leaves=31
num_cat=0
split_feature=2 11 5 5 2 2 25 2 8 19 8 2 2 25 14 15 6 12 5 14 29 5 5 15 8 6 25 14 25 15
split_gain=2128.27 413.187 139.473 93.4867 89.2831 156.478 105.581 69.1571 61.7328 42.8407 37.8221 32.1002 45.8657 29.509 28.5974 26.515 25.4067 24.2472 22.5088 20.9153 19.26 19.1172 18.9393 18.498 18.4213 20.2223 18.2943 17.8631 20.72 17.4862
threshold=1.047165095806122 1.5645833611488345 -1.6500000357627866 -1.8499999642372129 1.2382691502571108 1.7137573361396792 0.18988029658794406 0.50031594932079326 3.6368484497070317 -0.14643473923206327 2.5560377836227421 2.4466760158538823 3.8362206220626835 0.12134459242224695 -0.73103830218315113 -0.077363658696413026 22.650000572204593 -2.959027767181396 0.15000000223517421 -0.41216638684272761 0.94909128546714794 0.84999999403953563 -6.0499999523162833 0.11602937802672388 2.9701290130615239 4.9500000476837167 0.16732075065374377 -0.45806138217449183 0.15472894161939624 0.14629735797643664
decision_type=2 2 10 8 2 2 2 2 2 2 2 2 2 2 2 2 8 2 8 2 2 8 8 2 2 8 2 2 2 2
left_child=1 3 8 15 17 13 14 -5 9 22 -4 20 16 18 21 -1 -13 19 -6 -2 -8 -7 26 -10 -16 -26 -3 28 -12 -9
right_child=4 2 10 7 5 6 11 29 23 -11 27 12 -14 -15 24 -17 -18 -19 -20 -21 -22 -23 -24 -25 25 -27 -28 -29 -30 -31
leaf_value=0.01545083806763079 0.02547682188516345 0.04579023300998894 -0.019048904008782105 -0.028804723915588842 -0.00068600199259598673 -0.0064518118338206254 0.018128150644361542 -0.011467652750835571 0.020334058845419313 -0.0097277111257454401 -0.0090250545973204286 -0.00080036588959968215 0.026993198432001816 0.024224412142323369 0.0057460258184235261 -0.012021681994654124 0.011110087407395454 -0.0016062144241974232 0.019634237172473649 0.0035699053929816138 -0.005679786143468429 0.015374572240148621 0.0027407895634448554 0.0036745887434652749 -0.019115186740611054 -0.0027304638244279389 0.007901955219878503 -0.01106690256529968 0.024741346046442864 -0.022340972713712555
leaf_weight=58.7872444242239 63.564467914402485 18.342747986316681 488.35938990116119 1653.0478985831141 78.218609184026718 50.230736017227173 1031.3039778321981 298.01886120438576 188.53479994833469 315.23085995018482 28.315031632781029 265.71494162082672 113.28683117032051 1414.3475546389818 94.798393204808235 66.113188207149506 408.25765409320593 381.98007687181234 130.3172657340765 100.93822350353003 31.083672180771828 123.40836005657911 267.42259760200977 88.510660536587238 114.77151510119438 164.55929227918386 29.478662565350533 78.568509660661221 36.447666428983212 246.40674533694983
leaf_count=453 339 92 5425 22446 337 321 4453 2962 1047 2633 272 1603 466 5708 506 565 1891 2601 549 591 135 730 2050 540 765 1041 138 784 269 2604
internal_value=6.71326e-05 -0.0163246 -0.00426658 -0.0243111 0.0139282 0.0154745 0.0105976 -0.0257455 0.00326791 -0.00192242 -0.0150791 0.0140221 0.0094111 0.0226678 -0.000970161 0.000928906 0.00642014 0.00254558 0.0120455 0.0121376 0.0174269 0.00905979 0.00588862 0.015044 -0.00563696 -0.0095068 0.0230749 -0.00151486 0.0100655 -0.0164208
internal_weight=8428.37 3861.58 1539.21 2322.37 4566.78 4020.3 2397.42 2197.47 907.52 630.475 631.691 1849.65 787.259 1622.88 547.768 124.9 673.973 546.483 208.536 164.503 1062.39 173.639 315.244 277.045 374.129 279.331 47.8214 143.331 64.7627 544.426
internal_count=64316 42280 13250 29030 22036 18505 11911 28012 6500 4913 6750 8548 3960 6594 3363 1018 3494 3531 886 930 4588 1051 2280 1587 2312 1806 230 1325 541 5566
is_linear=0
shrinkage=0.03


Tree=33
num_leaves=31
num_cat=0
split_feature=1 27 1 1 5 6 6 1 27 15 25 8 5 5 12 13 15 1 8 5 5 3 19 27 15 15 15 25 3 5
split_gain=2017.56 377.108 149.569 126.721 100.239 92.7465 87.7129 57.2206 53.0199 45.9131 40.0684 31.7223 30.4233 27.2298 27.0374 26.9615 25.5204 25.1865 26.4789 24.1692 23.6632 32.4593 22.7619 22.7359 22.2894 21.3825 21.0455 20.3951 19.2498 22.5481
threshold=1.4499999880790713 0.22718893736600879 2.3500000238418584 4.8500001430511483 -1.6500000357627866 25.750000000000004 0.84999999403953563 11.650000095367433 0.065591398626565947 -0.012315737549215553 0.17906992137432101 3.5802699327468877 -11.65000009536743 6.7500000000000009 -3.4354166984558101 -0.49225190281867975 0.070605494081974043 54.45000076293946 5.1622831821441659 -1.6500000357627866 -0.94999998807907093 0.27758127450942999 -0.76593786478042591 0.023057644255459312 0.37742297351360327 -0.52459284663200367 -1.1854096651077268 0.34759546816349035 -0.42554919421672815 1.8499999642372134
decision_type=2 2 2 2 10 8 8 2 2 2 2 2 8 10 2 2 2 2 2 8 8 2 2 2 2 2 2 2 2 10
left_child=1 6 9 23 11 7 -1 10 19 14 13 22 -10 28 -2 -14 -6 18 -7 26 21 -16 -3 -4 -25 -12 -8 -11 -5 -30
right_child=2 4 3 5 16 17 8 -9 12 27 25 -13 15 -15 20 -17 -18 -19 -20 -21 -22 -23 -24 24 -26 -27 -28 -29 29 -31
leaf_value=-0.028584676898455282 0.018899160860339961 0.013159831673123268 0.041342069313282152 0.019709528380759987 -0.006142216830015413 0.020058277786716476 0.045759450088490437 -0.0053757539444892685 0.054222905854189499 -0.007956529230628083 0.0026265411585113191 0.015850067598652002 -0.001848277937549392 0.025378769778153312 0.0057800689992592242 -0.01603510001428678 -0.023527947552092428 0.031015276374786363 0.010094872335573412 -0.025239017433608943 -0.0019010913981820574 0.052391961529141218 -0.0038424261940707633 0.017529468240660862 0.024811452890851245 0.016814085565403876 -0.010659872033676012 0.019615314238958386 -0.017672794187733945 0.0014361965481330412
leaf_weight=1406.4417438730597 131.12231691926718 99.710201136767864 44.946991100907326 26.933961093425751 161.66572872549295 449.78117769956589 6.0913193374872199 391.95134367793798 5.4577979147434235 397.63529892265797 125.835185803473 218.51937315613031 179.23956219106913 31.42391973733902 52.471125595271587 369.09446503967047 144.02535231411457 93.74671670794487 522.6446545124054 555.43323862552643 236.20259490609169 17.222527302801609 238.19584839046001 1264.2477455288172 553.76186113059521 402.52601801604033 36.015772439539433 24.76136439293623 95.673377245664597 130.4015689343214
leaf_count=19458 761 569 190 144 1405 1889 51 2621 29 3087 582 1192 1798 177 331 3993 1528 380 2363 7151 1820 120 1661 5262 2296 1836 350 148 628 747
internal_value=-2.08992e-05 -0.0177697 0.0121364 0.0145032 -0.000609006 0.00973888 -0.0235514 0.00403014 -0.0173833 0.00074778 0.00856695 0.00697068 -0.0106661 -0.000512645 0.00755639 -0.0114095 -0.0143835 0.0161798 0.0147192 -0.0235806 0.00264857 0.0178769 0.00119867 0.0203026 0.01976 0.0134465 -0.00162592 -0.00629773 -0.00381563 -0.00669281
internal_weight=8413.18 3419.89 4993.29 4133.87 862.117 2270.92 2557.77 1204.75 1151.33 859.415 812.794 556.425 553.792 284.433 437.019 548.334 305.691 1066.17 972.426 597.54 305.896 69.6937 337.906 1862.96 1818.01 528.361 42.1071 422.397 253.009 226.075
internal_count=64567 39185 25382 19115 6355 11367 32830 6735 13372 6267 4114 3422 5820 1696 3032 5791 2933 4632 4252 7552 2271 451 2230 7748 7558 2418 401 3235 1519 1375
is_linear=0
shrinkage=0.03


Tree=34
num_leaves=31
num_cat=0
split_feature=1 27 1 1 5 6 6 0 18 1 27 8 25 8 27 3 13 5 1 13 13 27 18 25 27 5 13 25 29 3
split_gain=1960.74 378.465 160.345 129.817 118.338 78.1837 75.1767 45.8976 45.7417 42.6678 40.9444 35.5434 34.3161 32.5505 31.8822 28.4936 26.7575 26.2748 25.57 23.6353 23.2398 22.7109 21.6407 20.6725 20.6588 21.1526 20.5331 23.5808 20.8757 20.0833
threshold=1.4499999880790713 0.19677419215440753 2.4500000476837163 7.0499999523162851 -4.1499998569488517 23.150000572204593 0.84999999403953563 2.5000000000000004 1.235000014305115 3.4500000476837163 0.051315790042281158 2.1786844730377202 0.17452392727136615 5.4347646236419687 0.017105263657867912 0.40049608051776892 -0.17260695248842237 6.2500000000000009 60.750000000000007 -1.4670717120170591 -0.60409873723983754 0.017105263657867912 4.0350000858306894 0.20612683892250064 0.52446237206459057 -1.3499999642372129 -0.50463828444480885 0.15170557796955111 0.94909128546714794 0.31324499845504766
decision_type=2 2 2 2 10 8 8 2 2 2 2 2 2 2 2 2 2 10 2 2 2 2 2 2 2 8 2 2 2 2
left_child=1 6 11 9 13 7 -1 -5 23 24 -8 21 14 22 -11 -9 -10 -17 -7 -16 -12 -2 -3 -6 25 -4 27 -23 -28 -22
right_child=2 4 3 5 8 18 10 15 16 12 20 -13 -14 -15 19 17 -18 -19 -20 -21 29 26 -24 -25 -26 -27 28 -29 -30 -31
leaf_value=-0.028689553836803081 -0.025602233483219598 0.018642048532847535 0.015761017611601546 -0.012976188038055439 -0.0016711862019967239 0.012863202193526779 -0.02397607007609617 0.012419602759738971 -0.0059581599654938136 0.053334233868038934 -0.0021660601209777591 0.010069870003222589 0.018555642629960675 0.021876965007417946 0.03017517013688252 -0.0090007083855790371 -0.020041128237031813 0.0075210831088494646 0.03168423416187232 0.0039051877331612475 -0.017082306690966328 0.021062669859409151 0.00025693043279797145 0.041798589046338527 0.012744251592145955 0.028210635345940489 -0.0067129977481912902 -0.00077733447787912957 0.019696568276961986 0.026161230764382617
leaf_weight=1327.7467061728239 35.808082140982151 72.044425658881664 156.26791478693485 161.37416796386242 19.984508723020554 741.52164105325937 514.80440900474787 261.82932368665934 212.41971753537655 12.518966332077978 152.38265506178141 276.82126834988594 1126.1125945001841 126.8393827304244 33.048557624220848 171.25428295135498 286.09825506806374 173.28454066812992 70.912050917744637 331.08257115632296 378.35339693725109 66.451664119958878 273.02696881443262 18.267772942781448 128.06639179587364 662.54798957705498 408.56328992545605 130.52389103919268 27.874985560774803 9.0624177232384664
leaf_count=18891 323 332 628 1249 113 3334 6667 1351 1887 53 1565 1698 4625 628 158 997 3044 1032 288 1592 4271 478 1806 88 514 2663 3161 902 222 91
internal_value=0.000176757 -0.0174124 0.0121648 0.0147736 -0.0020068 0.00806192 -0.0239316 0.00119368 -0.0116315 0.0190979 -0.0179198 0.0010486 0.0159331 0.00894215 0.00806379 0.0049799 -0.0140643 -0.000693416 0.0145429 0.00636556 -0.0121103 -0.00269247 0.00413817 0.0196243 0.0240986 0.0258568 -0.00135903 0.00665978 -0.00498507 -0.016006
internal_weight=8366.89 3391.03 4975.86 4029.82 1008.68 1580.18 2382.35 767.742 536.77 2449.64 1054.6 946.043 1502.76 471.911 376.65 606.368 498.518 344.539 812.434 364.131 539.798 669.222 345.071 38.2523 946.882 818.816 633.414 196.976 436.438 387.416
internal_count=64651 39383 25268 18484 7898 8251 31485 4629 5132 10233 12594 6784 6428 2766 1803 3380 4931 2029 3622 1750 5927 5086 2138 201 3805 3291 4763 1380 3383 4362
is_linear=0
shrinkage=0.03


Tree=35
num_leaves=31
num_cat=0
split_feature=1 27 1 1 5 0 18 5 13 0 13 8 18 1 1 5 1 1 27 1 27 5 5 5 18 18 13 0 5 1
split_gain=1841.52 313.567 160.498 137.765 133.12 96.3247 58.668 47.0883 41.5679 32.4845 32.1521 30.6397 30.4532 30.1521 29.9303 29.1432 28.0261 30.1295 22.9754 22.5855 21.3267 31.7181 21.1529 20.9519 20.877 20.8706 20.328 18.9352 18.7915 17.5822
threshold=1.3499999642372134 0.13118279725313189 2.4500000476837163 5.3500001430511483 -1.6500000357627866 4.5000000000000009 9.0050001144409197 -0.45000000298023218 -0.46086665987968439 1.5000000000000002 -0.1217743046581745 20.306443214416507 4.8949999809265146 0.65000000596046459 11.650000095367433 -1.6500000357627866 45.350000381469734 15.750000000000002 0.023057644255459312 3.1499999761581425 0.11547619104385377 0.35000000894069677 -10.949999809265135 5.2500000000000009 7.5150001049041757 11.204999923706056 -0.93163362145423878 3.5000000000000004 12.449999809265138 3.4500000476837163
decision_type=2 2 2 2 10 2 2 10 2 2 2 2 2 2 2 10 2 2 2 2 2 8 8 10 2 2 2 2 10 2
left_child=1 7 8 9 6 11 22 13 20 19 -8 14 -6 -1 23 -10 17 -7 -11 -4 21 -2 -3 24 -5 -19 -13 -14 -16 -20
right_child=2 4 3 5 12 16 10 -9 15 18 -12 26 27 -15 28 -17 -18 25 29 -21 -22 -23 -24 -25 -26 -27 -28 -29 -30 -31
leaf_value=-0.023473552044185029 0.026518888155819681 0.028867069472778922 0.022555160166571338 0.0046166665853370039 0.004222340108145769 0.013758920997221796 0.0048902891872545035 -0.029661693873233436 0.0019273083731611153 0.043672600712538721 -0.013918275158245683 0.032516103170372672 -0.026284857995194408 -0.011015742166360766 -0.021429924719673917 -0.010390222391330018 0.028220760865029133 0.0063177994691731845 0.023033024178909765 -0.0046934701518285774 0.013506035999362983 -0.011526475611557766 0.0078349118534338184 0.014637320499847532 -0.013463288751731629 -0.015945356929922983 0.0034979636505780634 -0.013880990744374556 0.00048610566466546814 0.017038374104395286
leaf_weight=706.67746940255165 24.933048531413078 49.054056078195572 39.995703831315041 120.06365846842527 50.728849455714226 1062.7830835282803 134.08849098533392 1054.722354143858 379.84707120060921 37.18637789785862 207.12518030405045 31.379030287265778 229.0434346050024 235.97123958170414 123.66339997947216 315.87413802742958 93.022138521075249 304.84231427311897 865.71574793756008 81.642578989267349 256.5390734821558 81.412892825901508 319.65302043408155 70.170066624879837 108.61832125484943 42.290261417627335 66.912806898355484 222.70170547068119 49.010650880634785 940.9229059368372
leaf_count=9592 191 204 161 698 347 4669 1075 15455 2603 151 1798 162 2798 2428 1013 2684 379 1505 3481 378 1577 670 1906 389 703 222 363 2526 375 3874
internal_value=-0.000189585 -0.0179861 0.0110192 0.0137443 -0.00594395 0.00834229 0.00242092 -0.0252889 0.000620735 0.0194341 -0.00653429 -0.0021583 -0.0177436 -0.02037 -0.0053381 -0.00367203 0.0123222 0.011254 0.0204245 0.00437697 0.00883828 -0.00244271 0.0107036 0.000416294 -0.0039921 0.00356753 0.012996 -0.0202142 -0.0152424 0.0199221
internal_weight=8306.59 3209.77 5096.83 4038.22 1212.39 2072.76 709.921 1997.37 1058.61 1965.46 341.214 569.818 502.474 942.649 471.526 695.721 1502.94 1409.92 1843.83 121.638 362.885 106.346 368.707 298.852 228.682 347.133 98.2918 451.745 172.674 1806.64
internal_count=64377 38129 26248 18523 10654 10478 4983 27475 7725 8045 2873 3703 5671 12020 3178 5287 6775 6396 7506 539 2438 861 2110 1790 1401 1727 525 5324 1388 7355
is_linear=0
shrinkage=0.03


Tree=36
num_leaves=31
num_cat=0
split_feature=1 11 1 1 5 0 6 15 18 5 3 5 11 18 5 6 14 3 18 29 1 14 25 29 14 11 1 5 5 15
split_gain=1680.53 339.741 134.141 112.251 102.168 94.737 83.1452 40.0931 37.984 33.9491 41.4426 32.683 29.2996 29.1457 27.3187 26.0145 25.862 22.3898 41.4532 21.9966 23.6004 20.9757 19.6634 19.1722 18.8399 18.583 18.3409 26.4134 26.3981 18.2404
threshold=1.4499999880790713 2.1590276956558232 2.4500000476837163 3.6499999761581425 -3.1499999761581416 2.5000000000000004 0.84999999403953563 -0.66067320108413685 1.4950000047683718 29.849999427795414 -0.42958056926727289 0.15000000223517421 0.39444445073604589 10.795000076293947 -9.3499999046325666 1.9499999880790713 -1.9872805476188657 0.929590404033661 5.2950000762939462 -0.52034142613410939 12.84999990463257 1.0000000180025095e-35 0.23774631321430209 -0.013976481743156908 -0.85381150245666493 1.0527777671813967 8.8499999046325701 50.550001144409187 2.7500000000000004 0.32879470288753515
decision_type=2 2 2 2 10 2 8 2 2 8 2 8 2 2 8 8 2 2 2 2 2 2 2 2 2 2 2 10 10 2
left_child=1 6 7 -4 13 16 -1 11 -6 10 -7 23 -8 -3 -14 29 -5 18 -11 20 -12 -16 -10 -2 -19 -21 28 -28 -18 -9
right_child=2 4 3 5 8 9 12 15 22 17 19 -13 14 -15 21 -17 26 24 -20 25 -22 -23 -24 -25 -26 -27 27 -29 -30 -31
leaf_value=-0.028416653734673874 0.018271291960825487 0.011297692193336612 0.021392913013984542 0.040735560012421089 0.019046552869184982 0.020660264750304847 -0.026420613225198088 -0.002665556368483328 -0.017367185556325757 0.0040008621445835621 0.013338623306218282 0.0031010399534879894 0.027898877560538615 -0.0038485753863216443 -0.0099890453299989745 0.002464289957158459 -0.0067186072140757629 0.032800809251011316 0.017892073638971717 0.027089278767881315 0.0018403998086566325 -0.019759735296215459 0.00065300281325092815 0.052653671273041221 0.017637963555459192 -0.00060295137639266401 -0.016108875780279128 0.040080788627728035 0.016710103207897134 -0.016741816504687486
leaf_weight=1253.3889350816607 55.929315030574799 371.51598969101906 1083.8068677037954 10.215196028351782 31.241828270256519 223.10488304495811 227.78998754918575 191.48309082537889 375.870984390378 299.96199932694435 498.33969175070524 129.50242536514997 12.760641649365423 164.38410603255033 397.95074749737978 408.82501641660929 141.70316039770842 102.5033860206604 546.54008667171001 22.110287487506866 237.39415089040995 400.34361907094717 63.628368601202965 19.817259423434734 282.22893399000168 386.79679914563894 147.0275032222271 6.9947424978017798 61.127071276307106 145.66481836885214
leaf_count=18461 316 2077 4365 61 167 944 3103 1518 4326 1278 2302 895 65 1437 4491 2706 783 432 2261 95 1434 4744 551 128 1196 1913 1126 28 335 1239
internal_value=-0.000212538 -0.0168306 0.0107504 0.0131311 -0.00229924 0.010106 -0.0232083 0.00061161 -0.0124833 0.0121204 0.00885594 0.0123199 -0.0169029 0.00665315 -0.0142006 -0.00262203 -0.00415109 0.0157367 0.0129802 0.0065391 0.0096361 -0.0149076 -0.0147628 0.0278355 0.0217523 0.000956847 -0.00554625 -0.013315 0.000389458 -0.00877873
internal_weight=8299.95 3298.88 5001.08 4049.85 1006.64 2966.05 2292.23 951.222 470.741 2598.98 1367.75 205.249 1038.84 535.9 811.055 745.973 367.068 1231.23 846.502 1144.64 735.734 798.294 439.499 75.7466 384.732 408.907 356.852 154.022 202.83 337.148
internal_count=64777 39422 25355 18553 8558 14188 30864 6802 5044 11855 6688 1339 12403 3514 9300 5463 2333 5167 3539 5744 3736 9235 4877 444 1628 2008 2272 1154 1118 2757
is_linear=0
shrinkage=0.03


Tree=37
num_leaves=31
num_cat=0
split_feature=1 27 5 1 1 0 1 13 5 6 0 3 27 27 1 25 13 15 27 12 5 25 29 27 1 27 5 5 5 27
split_gain=1673.26 392.359 130.766 88.8917 105.817 96.5259 57.0877 47.8988 39.1472 34.4665 32.3676 29.3598 27.7177 26.8409 25.6208 24.9412 24.8903 23.546 23.246 22.2654 22.197 21.0355 19.9909 30.3114 22.0446 19.6469 19.6008 19.5417 19.3164 25.1236
threshold=1.6500000357627871 0.12591963633894923 -3.1499999761581416 2.4500000476837163 4.2500000000000009 5.5000000000000009 0.65000000596046459 -0.33577369153499598 -10.65000009536743 45.399999618530281 2.5000000000000004 0.12913323938846591 0.017105263657867912 0.44274193048477178 0.94999998807907116 0.23391375690698626 -0.53918662667274464 0.7099319100379945 0.51639783382415783 -4.6826388835906974 -1.0500000119209287 0.16192330420017245 -0.50557503104209889 0.55725806951522838 8.1500000953674334 0.017105263657867912 -1.7499999999999998 1.5500000119209292 1.5500000119209292 0.13924731314182284
decision_type=2 2 10 2 2 2 2 2 8 10 2 2 2 2 2 2 2 2 2 2 10 2 2 2 2 2 8 10 10 2
left_child=1 6 8 12 17 9 26 13 -3 10 28 -12 -2 14 -4 -9 -10 18 21 -18 -8 25 23 -7 -24 -5 -1 -13 -6 -30
right_child=3 2 7 4 5 22 20 15 16 -11 11 27 -14 -15 -16 -17 19 -19 -20 -21 -22 -23 24 -25 -26 -27 -28 -29 29 -31
leaf_value=-0.010051366403929658 -0.028099072496889137 0.025028292755197107 -0.013635450290578714 0.042598001518752655 -0.015884837464177314 0.019878668710917449 -0.00892568526751099 -0.021947645782812011 0.010591492267452282 0.027525714497630326 0.012677067453327131 -0.010608226077553918 0.0031322334461975809 0.01800306644468708 0.0068847175228804866 -0.0029680603985366345 0.0082910155921249017 0.028201639514380067 0.0082079867550451848 -0.0066701308290753247 -0.021995423370613266 0.022595491400388364 0.014129732266014054 0.0094788838598558536 0.00080227369342865157 0.01107132017456206 -0.028166548330547402 0.0041570353943119042 0.027043295896109935 -0.0051761377306625547
leaf_weight=57.324389427900314 25.528630644083023 78.119319766759872 172.07774485647678 18.165248841047287 127.65291887521744 748.38536544144154 237.2570279315114 383.31565865129232 226.1030887067318 45.173729076981544 255.26483057439327 117.16778259724379 713.89996200054884 43.981962412595749 79.366287142038345 74.781351804733276 131.71307274699211 250.54198636114597 186.09944275021553 274.23662906140089 234.14354139566422 720.49999478459358 287.27027556300163 384.84652535617352 182.56614546477795 285.11081092059612 1440.5056818909943 253.24898842722178 24.393029361963272 152.16537859290838
leaf_count=558 216 333 1851 74 880 3211 2421 4682 1440 194 1196 700 4838 278 688 736 778 1015 751 2201 2789 2902 1179 1704 833 1172 22149 1494 146 1032
internal_value=0.000105245 -0.0158692 -0.00410091 0.0115836 0.0133342 0.00967298 -0.0246099 -0.0127983 0.00513243 0.00222659 0.00096932 0.00487019 0.00201749 -0.003363 -0.00715681 -0.0188626 0.00263773 0.0197865 0.018022 -0.00180744 -0.0154502 0.0197962 0.014198 0.0163584 0.00896373 0.0130935 -0.0274804 -0.000529401 -0.0070434 -0.000597515
internal_weight=8210.91 3432.93 1463.7 4777.98 4038.55 2578.13 1969.23 753.523 710.172 975.067 929.893 625.682 739.429 295.426 251.444 458.097 632.053 1460.42 1209.88 405.95 471.401 1023.78 1603.07 1133.23 469.836 303.276 1497.83 370.417 304.211 176.558
internal_count=64441 40904 12987 23537 18483 12569 27917 8235 4752 5642 5448 3390 5054 2817 2539 5418 4419 5914 4899 2979 5210 4148 6927 4915 2012 1246 22707 2194 2058 1178
is_linear=0
shrinkage=0.03


Tree=38
num_leaves=31
num_cat=0
split_feature=2 11 5 2 2 6 5 2 8 15 13 25 18 6 25 5 6 15 3 2 12 2 5 18 2 5 2 3 2 2
split_gain=1538.71 307.285 112.289 109.27 90.4291 83.9217 75.1745 48.9429 46.331 36.101 31.1189 30.1651 28.9462 28.5826 27.3274 24.984 24.123 23.8517 20.5249 20.4931 19.8692 19.0477 18.7991 18.0976 16.965 23.9865 16.6853 16.106 15.8376 19.8039
threshold=0.89587974548339855 1.5312500000000002 -1.6500000357627866 1.2088489532470705 1.9670879244804385 22.250000000000004 -1.6500000357627866 0.3709686696529389 3.3679851293563847 0.098716422915458693 -1.003706097602844 0.20122590661048892 4.8949999809265146 11.449999809265138 0.13407288491725924 -0.35000000894069666 9.6500000953674334 -0.33779321610927576 0.27758127450942999 1.3736354708671572 -3.1236110925674434 4.1001608371734628 1.4499999880790713 0.69999998807907116 2.3174616098403935 5.9500000476837167 3.8033230304718022 1.4243296980857851 1.5580891966819765 1.2382691502571108
decision_type=2 2 10 2 2 8 8 2 2 2 2 2 2 10 2 8 10 2 2 2 2 2 10 2 2 10 2 2 2 2
left_child=1 6 8 9 14 11 10 -8 13 15 -1 24 -4 17 19 18 -12 -3 -2 -5 -17 -7 -21 -16 25 -6 -26 -23 29 -25
right_child=3 2 12 4 5 21 7 -9 -10 -11 16 -13 -14 -15 23 20 -18 -19 -20 22 -22 27 -24 28 26 -27 -28 -29 -30 -31
leaf_value=0.03102772782951976 0.010277085849318806 0.0041338593163973156 0.0051929461664591316 0.019156873160035764 -0.0050196240263601297 0.012232804402895734 -0.0287437322294464 -0.01790173355233465 0.013069716876672237 -0.0064746369309368499 -0.012189542166504587 0.0050758304844821375 -0.018439754493058739 0.029010149044395039 0.0040306125852040738 0.013663284083885754 0.042593728852881596 -0.0096162576025462451 0.037733819538364813 -0.0039707764380395947 -0.0032438137588837158 0.00044932448448719144 0.012438083444825766 0.0050836376774946032 -0.01364616529844497 0.023709779019354241 0.026390588763420961 0.034431768629181604 0.015255031109076797 0.022003019977689293
leaf_weight=20.961408138275146 131.32388484477997 183.11567468941212 51.724610038101673 112.29879294335842 112.31816896051168 840.72180515527725 1268.2286090366542 541.9145793877542 247.60377179086208 375.7479208111763 97.505453459918499 545.31527448445559 440.49398823827505 23.273149818181992 85.681419491767883 83.170555524528027 6.8334020525217047 295.88544325530529 29.551943473517895 132.75024574995041 242.70154366642237 15.678867220878599 117.7079883813858 67.574760437011719 194.7805627733469 33.008768618106842 8.9339787065982801 62.486866399645805 893.32743789255619 910.73729307949543
leaf_count=166 792 1396 368 483 705 3724 19871 6714 1402 2910 940 2818 5554 101 351 485 34 2622 204 622 1896 64 529 397 1496 165 47 256 3675 3680
internal_value=-0.000165514 -0.0164839 -0.00483286 0.0102149 0.0122412 0.00721574 -0.0239548 -0.0255096 0.00247647 0.000501407 -0.00147007 0.000671285 -0.0159508 -0.00276122 0.016164 0.00588884 -0.00823137 -0.00436211 0.0155227 0.00856577 0.00109989 0.0135778 0.0037597 0.0175671 -0.00620488 0.00162325 -0.01177 0.0277072 0.0181843 0.0208407
internal_weight=8173.36 3177.54 1242.1 4995.82 4133.32 1813.24 1935.44 1810.14 749.878 862.496 125.3 894.357 492.219 502.274 2320.08 486.748 104.339 479.001 160.876 362.757 325.872 918.888 250.458 1957.32 349.041 145.327 203.715 78.1657 1871.64 978.312
internal_count=64467 39168 11443 25299 19012 9275 27725 26585 5521 6287 1140 5231 5922 4119 9737 3377 974 4018 996 1634 2381 4044 1151 8103 2413 870 1543 320 7752 4077
is_linear=0
shrinkage=0.03


Tree=39
num_leaves=31
num_cat=0
split_feature=1 27 1 1 18 25 15 1 27 13 8 1 27 27 27 25 25 29 8 1 11 8 1 8 15 18 27 3 29 13
split_gain=1442.14 313.909 128.564 103.87 102.245 57.6711 41.7309 40.556 30.9449 30.8922 28.2573 30.6821 26.5911 26.3034 25.2554 25.2935 21.7714 21.1584 23.3128 22.0422 20.4956 19.594 19.1435 18.7274 18.0209 17.3397 17.2304 16.4814 16.4108 16.1724
threshold=1.2500000000000002 0.12591963633894923 2.4500000476837163 5.1499998569488534 9.0050001144409197 0.23368935286998752 -0.0414779745042324 0.45000000298023229 0.42634408175945288 0.08086706325411798 25.264962196350101 11.650000095367433 0.58198922872543346 0.45437787473201757 0.017105263657867912 0.16773472726345065 0.22267599403858188 -0.46039597690105433 6.4274151325225839 35.049999237060554 1.4881944060325625 1.6542861461639407 43.850000381469734 7.2077505588531503 -0.66067320108413685 0.69999998807907116 0.032795699313282974 -0.25330673158168787 0.4584775865077973 -1.1189827322959898
decision_type=2 2 2 2 2 2 2 2 2 2 2 2 2 2 2 2 2 2 2 2 2 2 2 2 2 2 2 2 2 2
left_child=1 7 6 14 8 10 13 -1 24 23 11 -5 17 26 -4 21 -11 18 -7 -20 -8 -16 -14 27 -3 -17 -2 -6 -28 -12
right_child=2 4 3 5 9 12 20 -9 -10 16 29 -13 22 -15 15 25 -18 -19 19 -21 -22 -23 -24 -25 -26 -27 28 -29 -30 -31
leaf_value=-0.027871598201801937 -0.014926716030634172 0.009071844966667051 0.04317008270141437 0.0032784232669979905 -0.0098522861948294998 0.020617954047176312 -0.013016416820724146 -0.017605758602301357 0.013598621883455576 -0.023847580361664376 0.043127028670798775 -0.010248040163585647 0.0017120402832175618 0.019989014948067943 0.018077721119544293 0.0029855957958877569 -0.0085509502144290178 0.0060148923336312329 0.0064166445585118522 0.026020884180653812 -0.001114444274862565 0.0060611112227339347 0.021691477014472479 0.019978159090908006 -0.0071379438427719199 0.019505037666000712 0.0017823384276835642 0.015456206137733223 0.015503637972848091 0.0098255891148264548
leaf_weight=1264.1044548675418 41.709952622652054 94.121340561658144 32.125233739614487 461.63803197443485 257.7094949670136 429.64936765283346 195.10948474705219 487.24251203984022 225.0896407365799 235.54118442907929 17.711727485060692 223.01385358721018 340.22157811373472 102.22440665215254 203.20065960288048 60.298944607377052 132.12090546637774 258.51443935185671 279.44751027226448 62.656712643802166 388.17841574549675 307.93637050688267 48.470989465713501 23.079031985253096 174.87812986969948 1268.2803959846497 329.88103201240301 24.543513968586922 102.05937597900629 46.971969716250896
leaf_count=20190 382 738 132 2501 2756 1843 1785 6234 1226 2973 84 1634 1608 533 833 243 1249 1133 1326 270 2821 1329 201 195 1455 5121 2345 247 775 235
internal_value=-0.000124722 -0.0169987 0.00934831 0.0118746 -0.00493992 0.00739993 0.000540451 -0.0250272 0.00541726 -0.0125406 0.000665508 -0.00113612 0.0109533 0.0062637 0.0170513 0.016572 -0.0183888 0.0134747 0.0159625 0.0100726 -0.00511111 0.0108642 0.0042528 -0.00546146 -0.00145364 0.0187581 0.0032656 -0.00760477 0.00505274 0.019462
internal_weight=8117.73 2918.43 5199.3 4040.14 1167.08 2168.3 1159.16 1751.35 494.089 672.994 749.336 684.652 1418.96 575.875 1871.84 1839.72 367.662 1030.27 771.754 342.104 583.288 511.137 388.693 305.332 268.999 1328.58 473.65 282.253 431.94 64.6837
internal_count=64397 37263 27134 18493 10839 10835 8641 26424 3419 7420 4454 4135 6381 4035 7658 7526 4222 4572 3439 1596 4606 2162 1809 3198 2193 5364 3502 3003 3120 319
is_linear=0
shrinkage=0.03


Tree=40
num_leaves=31
num_cat=0
split_feature=1 11 1 18 1 6 1 5 15 25 15 5 1 5 29 6 5 18 5 1 12 1 1 13 29 8 8 25 3 22
split_gain=1428.42 315.968 107.719 93.2973 84.9932 56.1732 52.6061 45.832 41.3117 41.2653 38.854 34.4355 27.878 27.5291 27.9359 27.4781 27.3541 28.0024 26.1788 25.4488 23.4758 23.1534 21.2937 21.2771 20.6544 18.178 15.4137 15.186 14.7546 14.4364
threshold=1.4499999880790713 1.5312500000000002 2.4500000476837163 9.0050001144409197 9.1500000953674334 0.84999999403953563 43.850000381469734 -2.4500000476837154 -0.58587211370468129 0.24399357289075854 0.13985200971364978 -3.2499999999999996 0.65000000596046459 -0.25000000745058054 -0.54219084978103627 1.9499999880790713 -4.6499998569488517 1.235000014305115 7.4500000476837167 11.650000095367433 -8.8826389312744123 4.7500000000000009 3.8500000238418584 -0.89317777752876271 0.94909128546714794 7.63686227798462 0.73026466369628917 0.20441298186779025 0.13732396066188815 -0.64519211649894703
decision_type=2 2 2 2 2 8 2 10 2 2 2 8 2 8 2 8 10 2 8 2 2 2 2 2 2 2 2 2 2 2
left_child=1 5 8 16 10 -1 9 25 26 18 13 -7 -13 14 21 -10 -3 -18 28 -20 -15 -4 -22 -8 -12 -5 -2 -19 -6 -24
right_child=2 3 4 7 6 11 23 -9 15 -11 24 12 -14 20 -16 -17 17 27 19 -21 22 -23 29 -25 -26 -27 -28 -29 -30 -31
leaf_value=-0.028481712803958274 -0.0051837650114081096 0.011468854679083262 0.01732373800464258 -0.0052021707078837801 0.0040781154029075452 0.0067835072636284414 0.037102827025325122 -0.01869551034058229 -0.009242224410724361 0.0074002412834011802 0.019742242828070505 -0.023175289672705733 -0.010635595718448776 0.00036121152517583702 -0.0056505004660243798 0.0025668559328220785 0.021245202638714236 -0.011911431770383753 0.02270455122632974 -0.0031503760380909044 0.02034470138305592 0.00012272102006842067 0.00085834443750231111 0.013562465943835957 -0.0016927813712217083 0.022648326120563868 0.01495505628396503 0.0046601322626572432 -0.016641920502795872 0.013699447052573649
leaf_weight=1041.4465328119695 40.695571549236774 283.6183946877718 178.95159506797791 303.56521094590425 37.986384235322475 47.356379978358746 51.20098403096199 372.72226009145379 324.30015985667706 656.81082557141781 1148.7203477919102 540.35066494345665 230.10990369319916 101.62826513499022 139.88023855537176 389.14579401910305 38.475385084748268 143.15728235989809 44.079035103321075 142.03978062421083 464.76341797411442 115.7411133274436 91.749599821865559 108.68890303373337 41.776843875646591 21.677683621644974 199.97929555177689 75.337151154875755 157.75415432453156 563.09619358927011
leaf_count=16952 293 1496 731 2782 245 329 215 4882 2688 3122 4854 7953 2478 421 625 2586 195 1458 221 967 1881 555 402 463 176 139 1268 584 1149 2467
internal_value=-2.8938e-05 -0.0160328 0.00988971 -0.00428879 0.0120281 -0.0238496 0.00532054 -0.0115281 0.000821328 0.00284498 0.0148497 -0.0179233 -0.0194488 0.0118638 0.0053624 -0.00280644 0.00506202 -0.00202627 -0.00498907 0.00306153 0.014171 0.0105913 0.0154231 0.0212845 0.0189893 -0.00328218 0.0115424 -0.00620234 -0.0126206 0.0119043
internal_weight=8096.81 3097.82 4998.99 1238.55 4044.87 1859.26 1198.56 697.965 954.121 1038.67 2846.31 817.817 770.461 1655.81 434.573 713.446 540.588 256.97 381.859 186.119 1221.24 294.693 1119.61 159.89 1190.5 325.243 240.675 218.494 195.741 654.846
internal_count=64577 39248 25329 11536 18494 27712 6382 7803 6835 5704 12112 10760 10431 7082 1911 5274 3733 2237 2582 1188 5171 1286 4750 678 5030 2921 1561 2042 1394 2869
is_linear=0
shrinkage=0.03


Tree=41
num_leaves=31
num_cat=0
split_feature=1 11 5 5 1 1 0 1 19 3 1 0 14 15 29 1 15 0 1 15 6 5 5 1 15 19 14 11 0 5
split_gain=1291.91 295.274 97.5085 83.1649 82.237 101.357 62.5119 53.2946 36.0885 32.958 31.3574 26.7403 26.5317 26.1472 25.4671 27.7863 25.1103 24.8415 20.9002 19.241 18.8857 18.8541 16.5963 16.5199 15.5075 14.7113 14.4532 14.401 14.1121 13.8419
threshold=1.5500000119209292 1.5881944298744204 -2.5499999523162837 -1.1500000357627866 2.4500000476837163 5.3500001430511483 3.5000000000000004 0.45000000298023229 0.059398224577307708 -2.2447574138641353 43.850000381469734 2.5000000000000004 -1.4609656929969785 0.3341935425996781 -0.40613879263401026 16.050000190734867 -0.077363658696413026 4.5000000000000009 2.9500000476837163 1.1397635340690615 1.8499999642372134 -10.65000009536743 -3.1499999761581416 32.049999237060554 0.77559402585029613 -1.3288236260414121 1.5007829666137698 6.9437499046325692 6.5000000000000009 -3.4500000476837154
decision_type=2 2 10 8 2 2 2 2 2 2 2 2 2 2 2 2 2 2 2 2 8 8 10 2 2 2 2 2 2 8
left_child=1 3 8 16 13 11 12 -5 21 -4 14 18 -7 -2 15 19 -1 -11 -6 -8 -15 -3 -18 -17 -20 -14 -22 29 -16 -13
right_child=4 2 9 7 5 6 10 -9 -10 17 -12 27 25 20 28 23 22 -19 24 -21 26 -23 -24 -25 -26 -27 -28 -29 -30 -31
leaf_value=0.0084639837505371043 0.0046544953436796861 0.025694675874372772 0.043990509934756832 -0.028442266737552995 0.020314333429865161 0.018451680434623054 0.011754972312830897 -0.016965818939063331 -0.0054014320937895589 -0.01908807014025686 0.024260467903996167 0.010088136893710783 0.014287188584911879 -0.015386132909267686 -0.0067857708653401225 -0.0011999042737280985 0.0057779438397616541 -0.0062294372227776427 -0.00093232666099094235 0.030780214858215124 0.0047985743377032004 0.0065308877442204188 -0.020789734383869343 0.015508210014846084 0.025812046868023086 -0.0084405458886645263 -0.018575115492702476 0.013060145412569843 0.0054633596064534388 0.020409499098108616
leaf_weight=83.665331222116947 557.04562246054411 51.700460702180862 8.0298657417297346 1149.7795062065125 78.916954338550568 41.277649357914925 843.89066863059998 541.80920743569732 250.8479451239109 338.32301006838679 114.78473739326 134.39989069104195 26.889932118356228 122.00193407386541 129.41508702933788 244.060376919806 28.731925129890442 227.05820663645864 173.22708511352539 50.226647973060608 125.13262326270342 388.28303948789835 75.577664118260145 67.083116307854652 20.98139825463295 329.30287768691778 28.350189693272114 474.73539200425148 240.2912095785141 1088.1161583811045
leaf_count=809 3763 214 51 19382 318 264 3743 6946 2020 4113 478 547 173 1038 681 1266 211 2572 772 222 845 2624 952 315 91 2291 194 1922 1034 4429
internal_value=-0.000137399 -0.0151386 -0.00392361 -0.022676 0.00950781 0.0112696 0.00665788 -0.0247786 0.00366584 -0.0130577 0.00917492 0.016149 -0.00403888 0.000917747 0.00806078 0.0101721 -0.00372342 -0.0139441 0.00739956 0.0128569 -0.00662767 0.0088359 -0.0134863 0.00244054 0.00207444 -0.00668957 0.000388869 0.0175518 0.00116883 0.019284
internal_weight=8033.94 3143.81 1264.24 1879.56 4890.13 4057.6 2087.22 1691.59 690.831 573.411 1689.75 1970.38 397.47 832.53 1574.97 1205.26 187.975 565.381 273.125 894.117 275.485 439.984 104.31 311.143 194.208 356.193 153.483 1697.25 369.706 1222.52
internal_count=64280 39894 11594 28300 24386 18546 10467 26328 4858 6736 7739 8079 2728 5840 7261 5546 1972 6685 1181 3965 2077 2838 1163 1581 863 2464 1039 6898 1715 4976
is_linear=0
shrinkage=0.03


Tree=42
num_leaves=31
num_cat=0
split_feature=1 27 1 1 5 0 6 14 27 5 19 27 0 19 3 27 14 5 14 25 27 6 27 1 27 22 27 0 22 27
split_gain=1279.49 261.344 129.26 96.3166 90.0068 85.8689 54.8589 37.6478 35.9419 32.1734 29.2224 30.8078 29.0786 25.1636 20.7387 20.1 20.0392 19.2885 19.2747 23.2113 18.9285 17.8755 18.5887 17.8339 17.2612 17.7128 16.6789 16.2587 15.9522 14.9469
threshold=1.1500000357627871 0.1475806459784508 2.4500000476837163 4.4500000476837167 -1.4499999880790708 4.5000000000000009 0.45000000298023229 0.060920758172869689 0.032795699313282974 -2.5499999523162837 0.24241946637630465 0.46190476417541509 4.5000000000000009 -1.0335236191749571 -0.40982127189636225 0.051315790042281158 -1.39924019575119 -5.0499999523162833 0.8253346085548402 0.13219076395034793 0.045622119680047042 1.2500000000000002 0.54919356107711803 69.350002288818374 0.46190476417541509 1.1994932293891909 0.43440860509872442 6.5000000000000009 1.0920232534408572 0.40994623303413397
decision_type=2 2 2 2 10 2 8 2 2 8 2 2 2 2 2 2 2 8 2 2 2 10 2 2 2 2 2 2 2 2
left_child=1 6 8 15 7 13 -1 17 -2 -8 11 -10 16 -5 -15 -4 -6 -3 19 -17 -11 22 -7 -23 -21 -26 28 -13 -14 -9
right_child=2 4 3 5 12 21 9 29 10 20 -12 27 26 14 -16 18 -18 -19 -20 24 -22 23 -24 -25 25 -27 -28 -29 -30 -31
leaf_value=-0.029502484211186293 -0.017785771503666521 0.02038677738813862 0.029147016536671476 0.010023885953183322 0.0078836915834232801 0.015642984411316424 0.0053780020987639898 -0.01242808188729202 0.0021535563231252284 -0.025046473730408792 -0.0043736493995356713 0.0098153130833039566 -0.013931913372188617 0.0092926519792704866 -0.006888427159594172 0.0040814223865860534 -0.025051504081812587 0.004526208878844265 0.022772355652249696 0.018607819746415601 -0.015859760402720975 0.0065878405386334792 0.0065072586713704767 0.041735121428232075 0.012585826412919741 -0.0097444045092855286 0.023032318610165227 0.030620058928726095 0.016144522189615606 0.003014388856717148
leaf_weight=834.38492178916931 92.439221791923046 90.678539708256721 113.21541014313698 133.67280215024948 17.540607448667288 798.48955076932907 46.86848708242178 152.4435777887702 572.56620498746634 378.32815245911479 458.03883020579815 93.718623504042625 93.009484969079494 83.1455367654562 468.73032980412245 174.79899710416794 218.17628741636872 282.73351939022541 299.39878460764885 678.94538313150406 452.81101271882653 718.74276565015316 270.33204787969589 12.275604411959646 254.3002700060606 35.798074513673782 15.966822907328604 53.291472122073174 18.220825389027596 88.683032535016537
leaf_count=14696 926 422 466 808 167 3330 389 1435 4305 5968 3692 514 1133 396 3032 734 2892 2029 1225 2757 6315 3328 1165 51 1025 144 114 255 202 537
internal_value=-6.34079e-05 -0.0169178 0.00847292 0.0110957 -0.00453427 0.00742596 -0.0239797 0.00246385 0.000124105 -0.0187037 0.00154387 0.00531145 -0.0163587 -0.00160779 -0.00443819 0.016947 -0.0225777 0.00842192 0.0159705 0.0141717 -0.0200666 0.0108658 0.0133406 0.00723426 0.0159858 0.00980627 -0.00474765 0.017513 -0.00890509 -0.00675956
internal_weight=8001.75 2689.85 5311.9 4041.85 977.453 2485.39 1712.39 614.539 1270.05 878.008 1177.62 719.576 362.914 685.549 551.876 1556.46 235.717 373.412 1443.24 1143.84 831.139 1799.84 1068.82 731.018 969.044 290.098 127.197 147.01 111.23 241.127
internal_count=64452 36299 28153 18461 8931 12110 27368 4423 9692 12672 8766 5074 4508 4236 3428 6351 3059 2451 5885 4660 12283 7874 4495 3379 3926 1169 1449 769 1335 1972
is_linear=0
shrinkage=0.03


Tree=43
num_leaves=31
num_cat=0
split_feature=2 27 2 5 2 0 6 18 27 27 5 15 0 6 22 2 2 11 0 27 25 15 27 29 5 28 28 25 19 27
split_gain=1231.29 321.762 98.7721 94.4307 86.7604 87.4649 62.5883 47.4987 33.5209 30.0874 29.9302 26.0364 24.9818 23.2346 22.9356 22.7571 32.1049 22.4657 22.239 19.753 20.7848 18.7579 17.9711 16.5602 14.9516 21.6143 14.3116 14.1988 14.5592 14.1707
threshold=0.89587974548339855 0.15357143431901935 1.2382691502571108 -3.0499999523162837 1.5789255499839785 2.5000000000000004 0.45000000298023229 5.5650000572204599 0.045622119680047042 0.032795699313282974 -10.65000009536743 0.14629735797643664 3.5000000000000004 47.750000000000007 1.4739624857902529 3.8846513032913212 2.5376493930816655 9.2708330154418963 5.5000000000000009 0.43440860509872442 0.15170557796955111 0.7099319100379945 0.50806450843811046 0.94636487960815441 -1.7499999999999998 -0.44504626095294947 1.0000000180025095e-35 0.34239405393600469 0.03934712894260884 0.13924731314182284
decision_type=2 2 2 10 2 2 8 2 2 2 8 2 2 10 2 2 2 2 2 2 2 2 2 2 10 2 2 2 2 2
left_child=1 6 9 10 21 13 -1 -5 -8 -2 -3 19 -9 29 -10 16 23 -12 -18 20 24 22 -4 -7 25 -11 -24 -13 -29 -6
right_child=2 3 4 7 5 15 8 12 14 11 17 27 -14 -15 -16 -17 18 -19 -20 -21 -22 -23 26 -25 -26 -27 -28 28 -30 -31
leaf_value=-0.029009523213560276 -0.01907695641920179 0.024071018859708596 0.017920071517313192 0.0073653473652661346 0.0084936885750988116 0.012425983618697619 -0.024500864791017991 -0.023006237774697177 -0.014848585683109554 -0.0030596681613144681 0.00016372330684117419 -0.0059404539468219629 -0.0086600699531796284 0.029317722930421966 0.0085054179219450458 0.02360385116438948 -0.005076451743075281 0.016085539209265708 0.0073612075720562425 0.016997347768158758 -0.0016855294194354795 0.026157426475989513 0.013861331979965872 -0.0027029121098909783 0.007468947550475784 0.051624705099987289 -0.0049096755392497955 0.045699919614641767 0.00014992033993014561 -0.0097800112372394589
leaf_weight=845.76803031563759 65.135704673826694 68.975748226046562 837.84901259839535 95.582490306347609 43.153981044888496 1647.2234220281243 406.08068816736341 220.91755944862962 548.57593180239201 9.9512787312269229 423.34008254110813 336.87337709218264 218.9672366194427 15.286976456642149 40.01681887358427 110.00692030787468 176.18858860433102 97.279382839798927 479.99667397141457 116.78212395310402 274.19048387557268 208.9710166156292 94.290038391947746 67.457867257297039 105.24426913261414 17.219533167779446 58.639153480529785 8.8568744659423846 17.596094131469727 291.12393889576197
leaf_count=15160 606 291 3414 680 249 7053 6373 2894 7251 58 2961 2596 2518 67 504 458 1212 505 2227 613 1888 860 380 295 808 100 236 49 104 1958
internal_value=2.69816e-05 -0.0152752 0.0091367 -0.00263246 0.0111891 0.00831829 -0.0229981 -0.0117417 -0.0178627 0.000444144 0.0056464 0.00189799 -0.0159008 -0.00571777 -0.0132491 0.0102975 0.00967044 0.0031639 0.004019 0.00617624 0.00303421 0.0179493 0.0161934 0.0118296 0.0127467 0.032199 0.00667864 -0.00426506 0.0165099 -0.00740265
internal_weight=7947.54 2965.5 4982.04 1125.06 4030.19 2830.44 1840.44 535.467 994.673 951.85 589.595 886.714 439.885 349.565 588.593 2480.87 2370.87 520.619 656.185 523.388 406.606 1199.75 990.778 1714.68 132.415 27.1708 152.929 363.326 26.453 334.278
internal_count=64368 39137 25231 9849 18409 13519 29288 6092 14128 6822 3757 6216 5412 2274 7755 11245 10787 3466 3439 3467 2854 4890 4030 7348 966 158 616 2749 153 2207
is_linear=0
shrinkage=0.03


Tree=44
num_leaves=31
num_cat=0
split_feature=2 12 5 6 2 2 0 5 2 12 6 0 3 2 0 12 13 14 2 5 14 3 6 8 3 15 3 8 2 5
split_gain=1118.2 259.085 86.336 84.4024 72.56 86.3466 53.2856 31.3218 33.4787 29.2567 27.3768 27.0617 26.3816 24.3834 21.8301 21.1561 19.2525 19.0475 18.9664 23.3374 18.5421 17.6354 17.3855 17.2742 16.5124 15.4575 15.287 15.2399 15.2259 15.0276
threshold=0.89587974548339855 -1.5354166626930235 -3.1499999761581416 0.55000001192092907 1.2088489532470705 1.9670879244804385 5.5000000000000009 -1.6500000357627866 0.3709686696529389 -3.4354166984558101 45.399999618530281 4.5000000000000009 -1.6119829416275022 3.8362206220626835 1.5000000000000002 -4.535416603088378 -0.60409873723983754 -0.43473815917968744 2.5376493930816655 5.9500000476837167 -1.2651975154876707 -0.57478433847427357 11.84999990463257 6.4274151325225839 0.089978020638227477 0.7099319100379945 -1.8914836049079893 15.415738582611086 1.423035800457001 -0.94999998807907093
decision_type=2 2 10 8 2 2 2 8 2 2 10 2 2 2 2 2 2 2 2 10 2 2 8 2 2 2 2 2 2 8
left_child=1 2 12 -3 9 14 10 16 -9 17 18 26 15 23 28 -1 -5 -2 19 24 -14 -13 -19 -8 -7 29 -4 -20 -6 -11
right_child=4 3 11 7 5 6 13 8 -10 25 -12 21 20 -15 -16 -17 -18 22 27 -21 -22 -23 -24 -25 -26 -27 -28 -29 -30 -31
leaf_value=0.023568124717183187 0.019685977631795182 -0.028052955149431409 0.0080282775591768059 0.011915870759637237 0.016189262991093759 0.005929143202298157 0.011376742064013639 -0.023651739497834799 -0.011923902517717614 0.008888443730032853 0.021253566068927424 0.0059775485233469327 0.016915908458770421 0.025501003272734569 0.014629451961066069 -0.00038593054483838978 -0.01020474662887381 -0.0066576642362801497 -0.013712150875838004 0.01700686692786146 -0.0013857788944940637 -0.013454602503876468 0.014484612531985118 0.0038041977424900586 -0.0092473009435286892 -0.01289460189766479 -0.019533289251442824 0.00025826809772057759 -0.0041113523657701169 -0.0034895043384657373
leaf_weight=107.38799376040697 95.189376354217529 898.41435403376818 18.91928519308567 50.003908336162567 48.942802011966705 117.24587550759315 587.08530482649803 436.03972242772579 447.50569968298078 112.58677753806114 43.240184754133224 95.846254985779524 58.257615439593792 74.848763793706894 2163.3836326599121 47.77918791025877 115.08847498893738 81.270478174090385 190.39659279584885 70.39077889919281 312.15709668397903 73.314556784927845 59.96632195264101 505.75255723297596 141.13334085047245 114.4814196228981 262.79452724382281 110.9928125590086 98.645161971449852 395.19472786039114
leaf_count=478 505 16104 149 389 207 631 2494 7185 5409 729 186 897 380 313 9050 237 1096 569 1489 372 2405 995 337 2301 899 976 3374 679 473 3167
internal_value=-0.000236274 -0.0149777 -0.00236299 -0.0212996 0.00836587 0.0100073 0.00515617 -0.0154926 -0.0177319 0.000426812 -0.00156345 -0.0119808 0.00589482 0.00902937 0.0138681 0.0162369 -0.00347335 0.00938787 -0.0031603 0.00182212 0.00153045 -0.00247395 0.00235765 0.00787894 -0.00236431 -0.0029875 -0.0176605 -0.00858342 0.00268434 -0.000732954
internal_weight=7934.26 2923.51 976.457 1947.05 5010.75 4152.06 1841.09 1048.64 883.545 858.689 673.4 450.875 525.582 1167.69 2310.97 155.167 165.092 236.426 630.159 328.77 370.415 169.161 141.237 1092.84 258.379 622.263 281.714 301.389 147.588 507.782
internal_count=64475 39098 8915 30183 25377 19094 9364 14079 12594 6283 4256 5415 3500 5108 9730 715 1485 1411 4070 1902 2785 1892 906 4795 1530 4872 3523 2168 680 3896
is_linear=0
shrinkage=0.03


Tree=45
num_leaves=31
num_cat=0
split_feature=1 27 1 6 1 0 8 6 14 3 17 27 29 8 1 6 15 6 27 8 0 13 0 8 15 19 1 27 6 18
split_gain=1100.37 235.728 140.056 99.6691 72.8935 68.9208 45.9623 38.7201 34.4348 32.0102 28.2235 27.3757 23.9828 22.5364 26.1059 21.0771 20.6372 19.755 19.6426 19.2415 21.3438 18.6573 20.2565 18.5231 18.3817 18.3716 18.3569 22.3453 27.6722 21.5271
threshold=0.94999998807907116 0.13118279725313189 2.4500000476837163 1.4499999880790713 3.9500000476837163 4.5000000000000009 1.3431926965713503 0.45000000298023229 -0.10659082233905791 -0.23790729045867917 0.7466210424900056 0.017105263657867912 0.98486763238906871 20.306443214416507 10.449999809265138 8.1500000953674334 0.7099319100379945 2.0499999523162846 0.45437787473201757 0.9214996099472047 3.5000000000000004 -0.52764263749122609 6.5000000000000009 3.4651839733123784 1.1704998016357424 -0.5967249572277068 57.750000000000007 0.46190476417541509 1.2500000000000002 8.3649997711181658
decision_type=2 2 2 8 2 2 2 8 2 2 2 2 2 2 2 8 2 10 2 2 2 2 2 2 2 2 2 2 10 2
left_child=1 7 6 19 16 9 11 -1 -5 -6 15 -2 21 14 -11 -8 18 -9 -4 -3 -21 -13 -23 -10 26 -20 27 28 -7 -30
right_child=2 3 4 8 5 24 10 17 23 13 -12 12 -14 -15 -16 -17 -18 -19 25 20 -22 22 -24 -25 -26 -27 -28 -29 29 -31
leaf_value=-0.029434137793277658 -0.02471687023430965 -0.024808774903633524 0.016756283888270444 0.0099333392693574836 0.010807048319865759 0.01622817665907202 -0.0039462504634396583 -0.020963912884937163 -0.010459392380524348 -0.00066469598259853886 0.01638844637188781 0.002601411985447459 0.02051915245607255 0.010431370634708496 -0.014745836791614503 0.0093034590217599012 0.024517623592711625 -0.0017430149952848851 -0.0030543660014135869 -0.021608818876964 0.00086058839230619428 -0.01251190185862527 -0.0011253840529493846 0.0079714395249920814 0.022725964465671499 0.013435169236538877 0.026693567661877003 0.0057234238630410536 0.014288146345009009 -0.00043699943902649206
leaf_weight=733.57586235925555 57.038006596267223 171.16209057718515 789.93768212199211 298.12561989575624 187.01393476873636 618.28110368549824 244.26793154329062 678.91504197567701 173.54015003889799 324.05205558985472 166.47919823974371 236.43641719967127 35.127473384141922 89.4857192710042 185.89776085317135 192.21081208437681 222.98406131565571 51.995828546583652 97.760583490133286 72.815228775143623 78.370046682655811 313.31826192885637 254.82737531512976 67.430865310132504 104.24971942603588 158.5242326259613 55.474367752671242 855.68084102869034 153.82858563959599 211.15458336472511
leaf_count=14050 642 2522 3232 1962 886 2547 1879 10924 1607 1793 1009 1873 309 475 1551 1132 922 485 394 947 886 2976 2201 423 442 642 234 3762 696 962
internal_value=9.717e-05 -0.017222 0.00735191 -0.00476165 0.0102487 0.00752861 -0.000480975 -0.0245431 0.00313134 4.75088e-06 0.00591823 -0.00478549 -0.00340385 -0.00337777 -0.00581667 0.00189641 0.0162071 -0.0196008 0.0144141 -0.0179308 -0.0100322 -0.00447248 -0.00741572 -0.00529027 0.0104877 0.00715776 0.00980256 0.00927878 0.0123639 0.00579126
internal_weight=7879.96 2325.93 5554.03 861.444 4054.33 2785.12 1499.71 1464.49 539.097 786.449 602.958 896.748 839.71 599.436 509.95 436.479 1269.21 730.911 1046.22 322.347 151.185 804.582 568.146 240.971 1998.67 256.285 1894.42 1838.95 983.264 364.983
internal_count=64365 33806 30559 8347 18538 13348 12021 25459 3992 4705 4020 8001 7359 3819 3344 3011 5190 11409 4268 4355 1833 7050 5177 2030 8643 1036 8201 7967 4205 1658
is_linear=0
shrinkage=0.03


Tree=46
num_leaves=31
num_cat=0
split_feature=1 27 5 1 1 0 19 1 15 14 5 27 29 5 27 1 29 8 19 27 27 1 25 15 0 22 27 6 13 27
split_gain=1073.37 291.287 91.5504 65.7111 85.0465 61.9883 45.8616 45.108 32.0765 27.197 25.1662 24.8354 24.7252 20.4877 29.9393 25.7428 21.9091 20.1452 19.5358 19.0789 18.6021 18.3635 16.8728 16.7042 16.5849 17.7386 16.4308 16.3999 16.3889 19.9995
threshold=1.4499999880790713 0.12591963633894923 -3.1499999761581416 2.4500000476837163 3.8500000238418584 2.5000000000000004 -0.45834670960903162 0.45000000298023229 0.098716422915458693 0.060920758172869689 -1.6500000357627866 0.45437787473201757 0.94909128546714794 22.94999980926514 0.42634408175945288 14.150000095367433 -0.54940786957740773 1.9891343116760256 -0.65474757552146901 0.032795699313282974 0.53809526562690746 37.95000076293946 0.33664514124393469 -1.0124964118003843 4.5000000000000009 -0.69619527459144581 0.39354838430881506 2.4500000476837163 0.95888337492942821 0.52446237206459057
decision_type=2 2 10 2 2 2 2 2 2 2 8 2 2 8 2 2 2 2 2 2 2 2 2 2 2 2 2 10 2 2
left_child=1 7 9 8 28 18 20 10 11 -3 23 -2 13 15 -15 16 -7 -8 27 -9 -4 -17 -10 -1 -19 -26 -11 -6 29 -5
right_child=3 2 6 4 5 12 17 19 22 26 -12 -13 -14 14 -16 21 -18 24 -20 -21 -22 -23 -24 -25 25 -27 -28 -29 -30 -31
leaf_value=0.033469262777569203 0.0028893895385260554 0.0089935240458420742 -0.0037557442519591511 0.016810565585807291 -0.014675437250593082 0.011786899597812426 -0.022092379936978511 -0.024609119392220834 -0.0069739211520369777 -0.0097828351495142726 -0.027731662703325798 0.019312640914697043 -0.0080277801461157705 0.017405946680272837 0.0077904031425228143 -0.0053895848013847305 0.0024130656522657499 -0.016073924919294023 -0.010322594585864417 -0.011840671966477263 0.026969479719306001 0.020217803974962759 0.015263545812228222 -0.013033989676956046 -0.022066644516953268 0.019899001928733062 0.0057740031759582044 0.010155456058550201 0.024450330499399722 0.0045587686986650429
leaf_weight=7.4112527891993514 439.5706534832716 385.53606302291155 200.90254010632634 850.87994435429573 30.339830935001373 686.36455252766609 298.91532921418548 153.30535681545734 372.76019321382046 153.44913116842508 1035.8109348155558 101.2700362727046 75.326355375349522 537.4529854953289 641.92975823581219 206.73319366574287 334.08963593095541 67.567661963403225 213.3863930106163 346.43626153841615 18.443473197519779 27.694305814802647 32.52120827883482 39.468406461179256 11.880779735743998 29.985441479831934 100.24767561256886 100.91348814964294 205.8057309538126 140.61013962328434
leaf_count=68 3123 2411 2156 3487 186 3089 4188 2319 2934 1400 19712 522 346 2213 2719 1294 1557 837 1429 4608 103 132 189 430 125 297 519 645 856 567
internal_value=-3.97742e-05 -0.0147312 -0.00400621 0.00833767 0.00999967 0.00718026 -0.0121356 -0.0233099 0.00121754 0.00398289 -0.026759 0.00599454 0.00881835 0.00934272 0.0121833 0.00666546 0.00872334 -0.0180669 -0.00473896 -0.015799 -0.00106158 -0.00229141 -0.00515633 -0.00513676 -0.00697076 0.00775305 -0.00363705 0.00434811 0.0167092 0.0150794
internal_weight=7847.01 2849.36 1266.93 4997.65 4051.53 2854.23 627.695 1582.43 946.122 639.233 1082.69 540.841 2509.59 2434.26 1179.38 1254.88 1020.45 408.349 344.64 499.742 219.346 234.427 405.281 46.8797 109.434 41.8662 253.697 131.253 1197.3 991.49
internal_count=64461 39173 12036 25288 18520 13610 7706 27137 6768 4330 20210 3645 11350 11004 4932 6072 4646 5447 2260 6927 2259 1426 3123 498 1259 422 1919 831 4910 4054
is_linear=0
shrinkage=0.03


Tree=47
num_leaves=31
num_cat=0
split_feature=1 27 1 5 1 0 6 15 13 27 18 3 15 5 27 1 3 5 27 29 5 27 27 15 1 28 0 3 15 30
split_gain=988.873 237.895 122.197 107.099 84.1044 67.9787 43.2574 40.5591 29.5218 27.5132 25.6939 24.7121 24.0693 22.9144 22.712 20.146 20.8971 28.8639 31.1537 16.7952 26.5193 22.1449 19.3009 16.097 22.0706 19.0005 16.0295 20.075 15.9137 17.6965
threshold=1.0500000119209292 0.12591963633894923 2.4500000476837163 -1.6500000357627866 3.6499999761581425 3.5000000000000004 0.45000000298023229 0.092285078018903746 -0.57417032122611988 0.40994623303413397 8.0349998474121112 -1.8914836049079893 -0.49087053537368769 -3.7499999999999996 0.22718893736600879 77.149997711181655 -0.24353894591331479 2.0499999523162846 0.13924731314182284 -0.52034142613410939 2.9500000476837163 0.46190476417541509 0.10263158008456232 -0.11844686791300772 48.750000000000007 0.54219430685043346 8.5000000000000018 0.33640503883361822 0.38218085467815405 2.5000000000000004
decision_type=2 2 2 10 2 2 8 2 2 2 2 2 2 10 2 2 2 8 2 2 8 2 2 2 2 2 2 2 2 2
left_child=1 6 7 8 28 15 -1 9 -3 -2 -5 -10 -8 14 -9 16 -6 -18 -19 21 -21 26 -22 24 -23 -25 27 -7 29 -4
right_child=2 3 4 10 5 19 12 13 11 -11 -12 -13 -14 -15 -16 -17 17 18 -20 20 22 23 -24 25 -26 -27 -28 -29 -30 -31
leaf_value=-0.029507789967820185 0.00054975098022239913 0.011732439891086912 0.016824124833813476 -0.0034617625691253026 0.006680763180227812 0.019139527010033987 -0.0097213520637368777 -0.0099238941940346537 0.014496958317057338 0.013807887175504421 -0.021617804340102603 -0.0057610696419810219 -0.022226267637534096 -0.012208423982368381 0.0069811499436998091 0.037775973330078302 -0.015464938940596921 0.023698169218685526 -0.0045013204646498634 -0.0039665335156201988 0.022582767837457475 0.0016732027007048346 0.0065625653680877099 0.013100736259075915 0.025114157417762521 -0.01107853946656737 0.021434551886398222 0.0063652564029336471 0.022436531189497223 0.0058087906765198248
leaf_weight=691.10348898544908 584.9455252289772 225.03903476893902 585.05398119986057 93.286184098571539 148.46258332580328 189.63586691021919 190.81689390540123 127.42847158014774 65.26422905921936 184.5948358848691 287.20794129371643 296.86055989563465 528.6432548314333 315.5118307992816 160.43977329134941 10.126724705100058 179.74717403203249 41.49933335185051 205.96582742035389 197.05764988064766 77.780282109975815 408.08967562764883 495.0339647680521 468.06436450779438 38.684717670083046 30.456445589661598 231.5168943554163 267.92115473747253 315.08027032017708 170.96676163375378
leaf_count=13878 4678 1422 2396 945 714 778 2920 1160 332 980 4346 2579 8632 3064 923 42 1220 233 1403 881 334 1843 2160 2068 164 137 947 1257 1315 696
internal_value=-0.000144075 -0.016274 0.00691687 -0.00481098 0.00953202 0.00694404 -0.0241287 -0.000820127 0.00322465 0.00374386 -0.0171872 -0.00208018 -0.0189278 -0.00663752 -0.000510528 -0.00221687 -0.00298467 -0.0063513 0.000304014 0.00917613 0.00551159 0.0108979 0.00877345 0.00790212 0.00375443 0.0116043 0.0149902 0.0116898 0.0167433 0.0143441
internal_weight=7812.29 2378.22 5434.06 967.658 4061.14 2990.04 1410.56 1372.92 587.164 769.54 380.494 362.125 719.46 603.38 287.868 585.802 575.675 427.212 247.465 2404.24 769.872 1634.37 572.814 945.295 446.774 498.521 689.074 457.557 1071.1 756.021
internal_count=64447 35054 29393 9624 18588 14181 25430 10805 4333 5658 5291 2911 11552 5147 2083 3612 3570 2856 1636 10569 3375 7194 2494 4212 2007 2205 2982 2035 4407 3092
is_linear=0
shrinkage=0.03


Tree=48
num_leaves=31
num_cat=0
split_feature=1 27 1 1 27 15 25 27 14 27 11 27 14 28 15 27 25 1 27 15 25 25 27 3 15 3 1 29 11 25
split_gain=955.445 203.302 140.132 68.0934 59.2076 53.4812 53.4756 39.8196 37.837 29.1745 26.0212 24.2853 23.5308 23.0558 21.3726 21.0526 20.4455 19.8025 19.4647 21.6589 21.573 18.944 25.3769 18.5829 18.2991 18.0986 17.1994 16.7919 14.5497 14.0597
threshold=0.84999999403953563 0.12591963633894923 2.4500000476837163 4.5499999523162851 0.42634408175945288 0.12468858808279039 0.17785710096359256 0.46190476417541509 -0.10659082233905791 0.22718893736600879 5.9416666030883798 0.017105263657867912 -0.48932540416717524 -0.99275806546211232 0.1555106118321419 0.023057644255459312 0.17136809229850772 0.55000001192092907 0.46190476417541509 1.1397635340690615 0.27314952015876776 0.16192330420017245 0.28452381491661077 1.4243296980857851 -1.1401489377021787 0.060885749757289893 31.550000190734867 -0.49812626838684076 5.5937500000000009 0.30106806755065924
decision_type=2 2 2 2 2 2 2 2 2 2 2 2 2 2 2 2 2 2 2 2 2 2 2 2 2 2 2 2 2 2
left_child=1 17 5 14 8 7 12 11 -3 -7 -6 -2 26 -13 15 -4 -11 24 20 23 -8 -17 -23 25 -1 -20 -5 -15 -29 -9
right_child=2 4 3 6 10 9 18 29 -10 16 -12 13 -14 27 -16 21 -18 -19 19 -21 -22 22 -24 -25 -26 -27 -28 28 -30 -31
leaf_value=-0.012956130234568219 -0.022207143046372304 -0.0031118843784220316 0.037219911950694254 0.0016324573607657724 -0.0018932695596600079 -0.013941631303617266 0.006214114105571344 0.010818939410612696 -0.018177549262792407 -0.014179024297376648 0.019261994060973425 -0.021101158061092966 -0.0081617703462995832 -0.0028460072498140321 0.018107494379189654 0.003465528220488514 0.0028444609055696016 -0.015441086338377435 0.0073440828671834501 0.025375532161697859 0.015761441339415434 0.020541526312117819 0.0083347601369992055 0.019069286012110061 -0.027379408726384467 -0.0010208325182962934 0.027002654818539813 0.0047632036775618804 0.022842214404278503 0.030112276628074246
leaf_weight=88.617186039686203 39.082823880016804 311.33641284704208 26.023655906319618 186.95986947417259 110.15825347602367 337.23466324806213 378.96557135134935 111.21422912925482 289.48127843439579 83.877572931349277 98.398233979940414 36.701612308621407 293.01537784188986 273.26518624275923 664.23130291700363 263.76783087849617 251.1648888066411 182.41372627392411 499.90886108577251 46.398940332233906 491.48066465556622 248.5009928047657 404.15510550141335 73.153180189430714 1034.2407490648329 434.5016870200634 26.627235151827335 391.35520350188017 43.785906173288822 49.352421693503857
leaf_count=1626 450 3162 110 1173 766 3570 1747 600 3855 730 495 314 1875 2003 2751 1099 1734 2762 2182 206 2080 1023 1638 320 20191 2158 138 3394 296 228
internal_value=-0.000235874 -0.0174346 0.00619774 0.00918578 -0.00561227 -0.0012644 0.00601456 0.00333691 -0.0103888 -0.00772602 0.0081322 0.000542089 -0.00265334 0.00176351 0.0139773 0.0110503 -0.00144686 -0.0247556 0.00829658 0.00554613 0.0116167 0.0102674 0.0130068 0.00460872 -0.0262536 0.00345746 0.00490638 0.00297617 0.0066306 0.0168987
internal_weight=7769.37 2114.65 5654.72 4037.69 809.374 1617.03 2431.01 944.757 600.818 672.277 208.556 784.191 506.602 745.108 1606.68 942.448 335.042 1305.27 1924.41 1053.96 870.446 916.424 652.656 1007.56 1122.86 934.411 213.587 708.406 435.141 160.567
internal_count=64676 32857 31819 18500 8278 13319 11879 7285 7017 6034 1261 6457 3186 6007 6621 3870 2464 24579 8693 4866 3827 3760 2661 4660 21817 4340 1311 5693 3690 828
is_linear=0
shrinkage=0.03


Tree=49
num_leaves=31
num_cat=0
split_feature=1 11 1 5 0 5 18 1 1 1 13 18 15 5 18 28 1 6 1 5 29 1 5 3 3 1 15 29 1 18
split_gain=903.992 192.833 103.68 90.6107 54.4963 49.4089 43.8351 43.1268 36.0512 36.6232 34.8394 23.7943 22.9127 21.5519 19.0983 18.8665 17.6517 16.318 20.9402 27.9322 16.0087 16.86 16.6714 19.3751 15.7703 15.3564 14.7728 14.7664 14.0843 14.7534
threshold=0.94999998807907116 1.4291666150093081 2.3500000238418584 -1.6500000357627866 2.5000000000000004 -1.1500000357627866 4.4849998950958261 2.9500000476837163 9.6500000953674334 32.549999237060554 0.08086706325411798 10.635000228881838 -0.31243947148323054 -3.7499999999999996 0.69999998807907116 0.52033990621566784 0.45000000298023229 36.549999237060554 8.9499998092651385 2.4500000476837163 0.94909128546714794 3.0499999523162846 -5.3500001430511466 0.68430435657501232 -0.4035369604825973 35.549999237060554 -0.61382856965064991 0.94636487960815441 16.050000190734867 5.2950000762939462
decision_type=2 2 2 10 2 8 2 2 2 2 2 2 2 10 2 2 2 10 2 10 2 2 8 2 2 2 2 2 2 2
left_child=1 5 6 11 7 12 -2 -4 20 15 -8 26 -1 -12 -5 28 -7 18 19 24 22 -22 23 -6 -9 -20 -3 -13 29 -10
right_child=2 3 4 14 8 16 10 17 9 -11 13 27 -14 -15 -16 -17 -18 -19 25 -21 21 -23 -24 -25 -26 -27 -28 -29 -30 -31
leaf_value=0.012030029155473253 0.013633884428252363 0.014847820935056953 0.018101581419932452 0.019241493374050938 0.0071240114736421398 -0.027331395723055419 0.0021146411631415489 0.0042656359101666472 0.00058335962746341476 0.016394957043342685 -0.0019683519927380672 -0.0089199920444256297 -0.01464285440088558 -0.01349677129394641 -0.019119493143897107 -0.0096659638477486261 -0.018486754894524608 0.019547203175182697 -0.020302163075219672 0.013346960689134681 0.019293015152399184 -0.0057542307584174772 0.013175960675992204 -0.027585269769094735 -0.013209063209266772 0.0062995385264064075 0.0020631552946398703 0.017845338508503252 -0.0010663732536368969 0.012454629016640524
leaf_weight=42.701806392520666 166.29764030128717 133.16745410859585 93.934338837862015 11.359380334615706 241.12533290684223 941.44881308823824 636.94138560444117 71.042356088757515 157.764908015728 204.26048636436462 278.64401862025261 172.52944732457399 85.479879826307297 306.3762334138155 314.35637579858303 104.30725613236427 271.3675018325448 23.6693165153265 106.69874805957079 84.585149496793747 32.31106261909008 87.328727677464485 2262.9400785937905 14.418501466512678 131.29931536316872 23.362264335155487 207.59819066897035 19.836208954453468 286.71403203159571 233.29668768495321
leaf_count=458 840 800 407 57 1020 19086 5199 321 762 910 2135 1859 1081 3231 4819 553 4293 108 945 443 143 372 9544 70 705 139 1326 216 1542 1145
internal_value=-0.000124422 -0.0163934 0.00632902 -0.00528609 0.00869807 -0.023498 -0.00076954 -0.000243302 0.0100166 0.00511598 -0.00273926 0.00233353 -0.00573284 -0.00801854 -0.0177268 0.00215301 -0.0253693 -0.00418599 -0.00557669 -0.00103478 0.0118462 0.00111412 0.0123554 0.00506572 -0.00708287 -0.0155122 0.00708809 -0.00608201 0.00398347 0.00767914
internal_weight=7747.16 2199.85 5547.32 858.847 4159.06 1341 1388.26 534.591 3624.47 986.343 1221.96 533.131 128.182 585.02 325.716 782.083 1212.82 440.657 416.988 286.927 2638.12 119.64 2518.48 255.544 202.342 130.061 340.766 192.366 677.776 391.062
internal_count=64529 33995 30534 9077 19129 24918 11405 3068 16061 4912 10565 4201 1539 5366 4876 4002 23379 2661 2553 1469 11149 515 10634 1090 1026 1084 2126 2075 3449 1907
is_linear=0
shrinkage=0.03


Tree=50
num_leaves=31
num_cat=0
split_feature=1 5 1 18 1 18 5 18 8 1 15 18 29 5 5 29 15 5 3 8 15 5 13 25 5 29 1 8 1 5
split_gain=871.467 166.76 136.553 88.6719 75.9696 53.5935 53.4841 37.258 29.0142 26.9764 26.1914 25.0114 24.2937 22.871 21.8365 21.5358 20.9424 20.2988 21.8444 17.9763 16.5839 18.4805 16.4797 16.4338 16.3086 28.9699 17.0849 16.1936 15.9249 15.6052
threshold=0.84999999403953563 -0.94999998807907093 2.4500000476837163 9.0050001144409197 4.4500000476837167 15.465000152587892 34.649999618530281 1.4950000047683718 7.4823124408721933 10.250000000000002 -0.92664656043052662 0.69999998807907116 0.97062206268310558 -2.5499999523162837 -0.35000000894069666 0.52583932876586925 0.750198394060135 4.5499999523162851 0.13732396066188815 17.148371696472172 0.14629735797643664 -12.550000190734862 -0.11389823257923125 0.17136809229850772 -1.7499999999999998 -0.38243420422077173 3.0499999523162846 1.5340543389320376 69.350002288818374 2.9500000476837163
decision_type=2 10 2 2 2 2 8 2 2 2 2 2 2 8 8 2 2 10 2 2 2 10 2 2 8 2 2 2 2 8
left_child=1 3 5 15 16 7 9 -2 12 17 -11 -3 20 22 -14 -1 19 18 -6 24 -9 -22 -5 -12 25 -4 -26 -15 -8 -28
right_child=2 11 4 13 6 -7 28 8 -10 10 23 -13 14 27 -16 -17 -18 -19 -20 -21 21 -23 -24 -25 26 -27 29 -29 -30 -31
leaf_value=0.0071392064754764607 0.02166254563727691 0.022059121990512583 0.012286277370025571 0.014183929836966697 0.007336872962930386 -0.013787685143392242 0.0098647912097404832 -4.9029804111897803e-05 0.013325372118395466 0.011406159761733687 -0.015814395182032759 -0.026476978354099654 0.047283198079383026 -0.01874207154861561 0.0063407251399362503 -0.014250519845348707 0.022123944130935897 0.014407147945895385 -0.003169409062700944 -0.0037341414811371239 0.00059551530142522161 -0.012667287163876733 -0.011847088292364963 -0.0029586433349563786 0.019789379783412817 -0.011336933942768464 0.0066295311069820995 -0.0053842317953087049 0.029153547562180929 0.016311092701028373
leaf_weight=284.74859788268805 72.250593259930611 8.9431848824024183 179.99199023842812 38.461025536060333 410.11856827884912 269.34256642311811 1027.32968108356 660.106868930161 124.74939658492804 88.228188641369343 120.74088256806135 969.47487838938832 14.096445135772226 535.5644705593586 54.370305314660072 48.785064473748207 240.8348536491394 165.64697001874447 313.47004832327366 58.505115076899529 150.0098329782486 254.38110717386007 48.15182764083147 340.33828717470169 394.4714037925005 62.102862849831581 288.17057602107525 97.523825947195292 39.347242772579193 316.33501204848289
leaf_count=1921 329 45 737 272 1838 2744 4264 5221 758 552 1007 19455 112 8762 509 613 1010 773 1601 238 1140 2405 416 1953 1641 258 1190 1149 168 1293
internal_value=-0.000254358 -0.0170982 0.00580982 -0.0088015 0.00874293 -0.00161064 0.00551574 0.000863942 -0.000347114 0.00173885 -0.00348425 -0.0260113 -0.001863 -0.0147209 0.0153296 0.00397734 0.0139844 0.00496559 0.00278729 0.0124602 -0.00298215 -0.00775808 -0.00025788 -0.00635206 0.013226 0.00620468 0.0149196 -0.0166961 0.0106029 0.0117144
internal_weight=7676.59 2031.65 5644.94 1053.23 4045.63 1599.31 2505.22 1329.96 1257.71 1438.54 549.307 978.418 1132.96 719.701 68.4668 333.534 1540.41 889.236 723.589 1299.58 1064.5 404.391 86.6129 461.079 1241.07 242.095 998.977 633.088 1066.68 604.506
internal_count=64374 32633 31741 13133 18523 13218 12156 10474 10145 7724 3512 19500 9387 10599 621 2534 6367 4212 3439 5357 8766 3545 688 2960 5119 995 4124 9911 4432 2483
is_linear=0
shrinkage=0.03


Tree=51
num_leaves=31
num_cat=0
split_feature=1 27 5 6 0 1 1 27 19 0 27 1 5 3 5 1 27 17 8 1 6 29 19 3 14 3 1 18 13 18
split_gain=801.553 253.888 89.6464 56.0296 55.5456 51.0925 47.8875 29.893 28.6128 28.4801 26.7243 24.235 23.046 27.9069 22.2765 22.0405 20.8413 20.6805 20.6517 19.8759 24.7917 19.6953 19.0906 18.176 17.6822 16.9798 17.0618 16.4439 15.2914 15.2615
threshold=1.4499999880790713 0.12591963633894923 -1.6500000357627866 0.45000000298023229 2.5000000000000004 2.4500000476837163 5.5499999523162851 0.46190476417541509 -0.19254158437252042 3.5000000000000004 0.038972431793808944 4.3500001430511483 6.1499998569488534 0.37655246257781988 2.8500000238418584 1.9499999880790713 0.023057644255459312 0.50922837853431713 2.5560377836227421 8.8499999046325701 47.750000000000007 0.94909128546714794 -1.3288236260414121 0.30047854781150823 -0.43473815917968744 -0.4035369604825973 35.549999237060554 5.0250000953674325 0.36234189569950109 9.5250000953674334
decision_type=2 2 10 8 2 2 2 2 2 2 2 2 8 2 10 2 2 2 2 2 10 2 2 2 2 2 2 2 2 2
left_child=1 3 8 -1 11 7 16 24 -3 27 -5 15 13 -8 25 17 -7 -2 28 -16 -21 -18 -12 -24 -6 -13 -27 -4 -11 -9
right_child=4 2 9 10 5 6 12 29 -10 18 22 14 -14 -15 19 -17 21 -19 -20 20 -22 -23 23 -25 -26 26 -28 -29 -30 -31
leaf_value=-0.028281743433420943 -0.019498790381260983 0.0084005996690365379 0.00017329952874738821 -0.022770717192063882 0.0053985834963590834 0.037141482871222958 0.0073360142419684896 0.019401157855597536 -0.0031993643307342053 -0.0046626014477389056 0.0071481756665399158 0.0038479414535465138 0.0090134253549012597 -0.0053990361935580362 0.014523389726577221 0.0082918516771672956 0.013749386859450548 0.010827539951095057 0.0089888664773235868 -0.012784439379545922 0.036072466329413057 -0.0010518758009725358 -0.015331282414389327 0.0087768306482597577 -0.0050029734607107352 -0.024030897965404911 0.017951878279971394 -0.024207908265055325 -0.022676107908359909 -0.0037601075330049626
leaf_weight=651.69137641042471 56.520464532077312 415.73288444429636 28.428066626191139 333.3195870667696 227.7684588059783 32.169674083590508 359.79645162820816 107.32086312770844 353.13801583275199 115.92496709898114 43.887202244251966 31.935987174510956 1148.9434579387307 270.39316472411156 58.250397980213165 285.70190110057592 1633.1880426257849 30.425703875720501 58.920456860214472 85.534530535340309 9.5094249993562681 84.981776133179665 376.31504476442933 29.782772600650787 411.09712055325508 107.06512540578842 8.7627478539943677 198.60876282304525 66.52546439319849 33.150300972163677
leaf_count=14216 533 2626 228 6012 1538 138 1677 537 2924 1505 608 168 5190 1468 317 1342 6723 230 599 671 39 351 5839 347 3257 819 52 3140 1008 213
internal_value=6.20845e-05 -0.0131908 -0.00322786 -0.0217728 0.00717123 0.00842347 0.00995818 0.00146918 0.00307557 -0.0135592 -0.0163283 -0.000838307 0.0064863 0.00187194 -0.00715619 0.00427133 0.0134815 -0.00888403 -0.00634471 0.000864076 -0.00757148 0.0130171 -0.0115163 -0.013546 -0.00129197 -0.0154265 -0.0207283 -0.0211677 -0.0113185 0.0139473
internal_weight=7654.79 2672.27 1237.28 1435 4982.52 4308.81 3529.47 779.337 768.871 468.408 783.305 673.706 1779.13 630.19 301.058 372.648 1750.34 86.9462 241.371 153.294 95.044 1718.17 449.985 406.098 638.866 147.764 115.828 227.037 182.45 140.471
internal_count=64315 39052 12030 27022 25263 21092 15547 5545 5550 6480 12806 4171 8335 3145 2066 2105 7212 763 3112 1027 710 7074 6794 6186 4795 1039 871 3368 2513 750
is_linear=0
shrinkage=0.03


Tree=52
num_leaves=31
num_cat=0
split_feature=2 27 5 2 2 0 27 6 6 27 6 27 27 27 29 0 8 15 22 12 29 12 15 29 2 15 15 27 29 27
split_gain=784.082 197.112 96.1723 83.4696 59.5087 53.0821 41.8399 33.848 27.9636 26.2159 25.6344 25.0786 23.8722 23.7838 22.8347 22.6913 19.5604 21.2794 18.5914 17.4958 27.0309 19.0681 22.7509 17.1218 17.0919 17.0788 16.6976 24.1291 15.4756 16.6996
threshold=0.66750052571296703 0.11359446868300439 -1.6500000357627866 1.2382691502571108 1.8484237790107729 5.5000000000000009 0.2787634432315827 0.45000000298023229 60.350000381469734 0.017105263657867912 10.449999809265138 0.038972431793808944 0.52446237206459057 0.032795699313282974 0.96633976697921764 1.5000000000000002 3.5802699327468877 -0.61382856965064991 -0.65406569838523854 -4.535416603088378 -0.75581181049346913 0.48819445073604589 -0.0414779745042324 0.96177148818969738 3.8033230304718022 -0.33779321610927576 -0.17364571988582608 0.46190476417541509 -0.4755979031324386 0.53279572725296032
decision_type=2 2 10 2 2 2 2 8 10 2 8 2 2 2 2 2 2 2 2 2 2 2 2 2 2 2 2 2 2 2
left_child=1 7 16 6 9 8 13 -1 -6 -5 18 -9 -4 -2 19 -11 17 -3 -8 20 -15 -21 -23 26 -7 -13 27 -17 29 -20
right_child=3 2 12 4 5 24 10 11 -10 15 -12 25 -14 14 -16 23 -18 -19 28 21 -22 22 -24 -25 -26 -27 -28 -29 -30 -31
leaf_value=-0.028783104842098471 -0.017638798863927 0.010289924355672074 -0.019078990066480183 0.03757136617920958 -0.0026938738046453719 0.0072929831853745632 -0.010773143540158387 -0.025181975372974962 0.031941325687096143 -0.0012208201266508986 0.012827711075786133 -0.0033937304126347013 0.015388749302518259 -0.0088053747247007503 0.016941589568787795 0.012754801145087868 0.010976181767414977 -0.0055321898562597791 -0.0057575895108565329 -0.0097790878382992032 0.025998764426733639 0.011768938908435939 -0.008106098281204616 -0.0019578321246291716 0.021575341456338611 -0.0179065013765442 0.015300443212603281 0.00037676576842251007 0.013713061430184517 0.014033297443113258
leaf_weight=594.5679883658886 109.94273009896278 104.89042717963457 338.85397600010037 34.228752478957176 746.45414392650127 1279.8393755406141 96.003312438726425 278.790293186903 20.588227227330208 120.37610331177711 255.3906332924962 113.22515404969454 18.380428865551949 38.480606913566589 48.587122581899166 497.26278731226921 173.9850761666894 274.71700122579932 146.20739585161209 391.88213120773435 40.15683401376009 99.169230826199055 106.44933342933655 73.177074506878853 79.495325818657875 207.17354396730661 1012.0376942008734 198.16952718794346 102.68402455002069 50.903040483593941
leaf_count=13555 1264 735 5353 148 4639 5487 770 5384 90 530 1312 1755 138 304 428 2062 987 2499 1018 3714 319 823 1050 304 340 3532 4198 804 775 284
internal_value=-8.78011e-05 -0.0156746 -0.00515545 0.00582721 0.00805249 0.00458492 -0.000256954 -0.0236896 -0.00172385 0.0118582 0.00543786 -0.0185958 -0.0172675 -0.00470111 -0.00271682 0.0113757 0.00267756 -0.00114479 0.000649212 -0.00415241 0.00907093 -0.00590499 0.00149014 0.0122274 0.00814348 -0.0128044 0.0128362 0.00923318 0.00433065 -0.000601629
internal_weight=7652.07 2104.58 910.827 5547.49 4061.63 2126.38 1485.86 1193.76 767.042 1935.25 651.188 599.189 357.234 834.668 724.725 1901.02 553.593 379.607 395.798 676.138 78.6374 597.501 205.619 1780.65 1359.33 320.399 1707.47 695.432 299.794 197.11
internal_count=64601 33938 9712 30663 18602 10556 12061 24226 4729 8046 4159 10671 5491 7902 6638 7898 4221 3234 2847 6210 623 5587 1873 7368 5827 5287 7064 2866 2077 1302
is_linear=0
shrinkage=0.03


Tree=53
num_leaves=31
num_cat=0
split_feature=1 27 1 5 1 0 18 5 13 18 27 1 27 25 18 1 1 18 1 3 5 27 15 15 5 0 29 27 15 25
split_gain=757.774 197.829 90.9334 86.7503 44.6463 45.415 40.7791 40.0098 33.5264 30.5447 27.2247 24.0621 24.6189 27.2964 22.0789 22.0059 20.3061 19.2211 19.0817 26.115 21.9966 31.7647 18.8821 17.6024 17.0162 16.1365 16.0728 16.9169 14.9455 14.7249
threshold=0.94999998807907116 0.13118279725313189 1.9499999880790713 -1.4499999880790708 5.5499999523162851 5.5000000000000009 1.4950000047683718 -0.84999999403953541 -0.37334802746772761 15.414999961853029 0.038972431793808944 2.4500000476837163 0.017105263657867912 0.16773472726345065 9.0050001144409197 32.549999237060554 16.050000190734867 0.69999998807907116 42.95000076293946 0.41369783878326422 4.4500000476837167 0.36754386126995092 -1.1401489377021787 -0.14814987778663632 -3.7499999999999996 3.5000000000000004 0.92843842506408703 0.56559139490127575 -1.399510860443115 0.16163485497236255
decision_type=2 2 2 10 2 2 2 10 2 2 2 2 2 2 2 2 2 2 2 2 10 2 2 2 10 2 2 2 2 2
left_child=1 7 6 8 11 18 -2 10 -3 23 -1 29 -13 -14 -5 16 26 -15 19 25 -21 28 -12 -8 -25 -6 27 -7 -22 -4
right_child=2 3 4 14 5 15 9 -9 -10 -11 22 12 13 17 -16 -17 -18 -19 -20 20 21 -23 -24 24 -26 -27 -28 -29 -30 -31
leaf_value=-0.024626441452193629 0.024556868470465211 0.011033101134021497 0.011893868559417988 -0.0050066456182851198 -0.004248174958887985 0.011266481345218954 0.0033928014289074482 -0.027757305601924562 -0.0040325131855962152 -0.014874658384746267 0.013725452848349117 0.036281685507004176 0.0055005291391589731 -0.0019717703851365571 -0.022820385456231568 0.018822073931767377 -0.0013978634987721315 0.014205662345645229 0.012446956335754112 -0.01734798794839049 0.047485609232847392 -0.014923633648015508 -0.013186409678896062 0.00052531609046769525 -0.011730409513963539 0.0095721531327394131 -0.01401989980815624 0.0012987462599997116 0.0055860112491318663 0.00034607025715387851
leaf_weight=232.63264791294932 47.49791219830513 252.78436594083905 145.62131731212139 92.21904269233346 141.5279576331377 688.93223048746586 393.41448022425175 704.50182221084833 278.37745001167059 176.83267545327544 24.738913614302874 35.277733758091927 540.01018108427525 69.213330253958702 198.66711261123419 141.26703602075577 243.23124885559082 1368.1843929588795 76.310999140143394 153.40159902721643 7.3467487916350356 93.851480834186077 287.57856873050332 207.38063718378544 199.41458048671484 162.21963489800692 27.175505518913269 197.35620923340321 99.441307038068771 308.63113185018301
leaf_count=4537 217 1600 939 1007 930 2869 3195 16126 2368 2003 348 154 2322 279 3373 606 1145 5641 338 1138 43 687 4560 1509 2237 792 116 843 645 1879
internal_value=-3.76938e-05 -0.015507 0.00576552 -0.00406994 0.00760209 0.0043061 -0.00229884 -0.0230224 0.0031446 -0.00362818 -0.0168616 0.0103142 0.0117217 0.0112654 -0.0172094 0.00767695 0.00630071 0.0134259 -0.00165624 -0.00330878 -0.00883466 -0.00227194 -0.0110177 -0.00112743 -0.00549658 0.00313991 0.00834992 0.00905086 0.0088824 0.00406598
internal_weight=7595.04 2071.5 5523.54 822.048 4499 2032.06 1024.54 1249.45 531.162 977.042 544.95 2466.94 2012.69 1977.41 290.886 1297.96 1156.7 1437.4 734.1 657.789 354.041 200.64 312.317 800.21 406.795 303.748 913.464 886.288 106.788 454.252
internal_count=64446 33919 30527 8348 21366 10152 9161 25571 3968 8944 9445 11214 8396 8242 4380 5579 4973 5920 4573 4235 2513 1375 4908 6941 3746 1722 3828 3712 688 2818
is_linear=0
shrinkage=0.03


Tree=54
num_leaves=31
num_cat=0
split_feature=1 27 1 6 1 13 6 6 27 6 12 15 8 8 13 1 13 6 3 27 1 18 15 6 1 27 25 27 1 25
split_gain=727.528 185.865 93.9341 77.2079 45.9902 37.4135 34.4208 31.3799 28.9664 26.4623 25.6061 22.2676 22.1736 22.1532 21.6762 19.7674 19.6656 19.2464 17.4046 17.0929 16.5759 17.3517 17.1467 16.4963 14.1572 31.1005 28.0409 30.2699 17.5769 16.653
threshold=0.84999999403953563 0.12591963633894923 2.0499999523162846 1.4499999880790713 7.5499999523162851 0.28222392499446874 0.45000000298023229 6.5499999523162851 0.017105263657867912 4.8500001430511483 -5.0118055343627921 -1.1854096651077268 2.9701290130615239 1.1037790775299074 -0.028430950827896592 45.350000381469734 -0.89317777752876271 0.45000000298023229 0.29024566709995275 0.045622119680047042 16.050000190734867 9.4749999046325701 1.1047805547714236 4.6499998569488534 2.4500000476837163 0.017105263657867912 0.16842219233512881 0.13924731314182284 3.0499999523162846 0.1641858518123627
decision_type=2 2 2 8 2 2 8 8 2 8 2 2 2 2 2 2 2 10 2 2 2 2 2 10 2 2 2 2 2 2
left_child=1 6 5 13 24 8 -1 18 -2 -7 -5 17 -10 -3 23 20 -17 -8 -6 -13 22 -22 -9 -12 29 -26 28 -28 -27 -4
right_child=2 3 4 10 7 9 11 15 12 -11 14 19 -14 -15 -16 16 -18 -19 -20 -21 21 -23 -24 -25 25 26 27 -29 -30 -31
leaf_value=-0.028744056921703648 -0.024351010284588085 -0.023992718545266013 0.013319946174341559 0.011864827795974744 0.0033368425555259343 -0.015330247370719049 -0.013959343256329242 0.0061617531588721991 0.00028372165885815251 -0.00081276609793679456 -0.00029349149939864489 -0.025857113400347118 0.011653996803623098 -0.0069493969691727855 -0.011294342621339997 0.032778112258692954 0.0083040220002218307 0.023156478388689773 -0.010854911095769824 -0.014845650578821588 0.0028008080091056612 -0.011931655879817944 0.029156081471759531 0.021533210257225207 0.037518783947889142 0.012685616918999627 0.023253863186052527 0.01072151537373432 0.0016732369652461244 -0.00039549420840915417
leaf_weight=571.46961833536625 34.385062199085951 166.7373230792582 118.65002423524857 173.07420906051993 131.60581580549479 241.39445120841265 30.772721603512764 570.55094549059868 561.98626241832972 211.91189082711935 147.99226581305265 245.93137442320585 211.84146800264716 118.0420169942081 139.29293232783675 43.344114139676094 91.661096677184105 19.810322299599648 187.8186946734786 274.39889137074351 328.73280471563339 91.034178264439106 29.870453573763371 38.468089684844017 37.141108959913254 180.51101697981358 193.55396702885628 1680.3668420836329 465.01528204232454 238.3023347184062
leaf_count=13767 446 2919 745 992 717 2826 559 2682 4987 1735 1234 5044 1278 1614 1420 187 397 293 1228 4710 1770 518 132 186 164 747 814 6946 2184 1441
internal_value=0.000113644 -0.0158044 0.00554198 -0.00454336 0.00761568 -0.00167165 -0.0235181 0.00329561 0.00219784 -0.00856033 0.00257487 -0.0182458 0.00340745 -0.0169772 -0.00238213 0.00559611 0.0163448 0.0007438 -0.00501561 -0.0200898 0.00415909 -0.000414961 0.00735228 0.00430036 0.0098003 0.010582 0.0101701 0.0120277 0.00476753 0.00418796
internal_weight=7575.67 1925.99 5649.68 783.607 4388.16 1261.52 1142.38 1474.62 808.213 453.306 498.827 570.913 773.828 284.779 325.753 1155.19 135.005 50.583 319.425 520.33 1020.19 419.767 600.421 186.46 2913.54 2556.59 2519.45 1873.92 645.526 356.952
internal_count=64682 32738 31944 8365 20672 11272 24373 7631 6711 4561 3832 10606 6265 4533 2840 5686 584 852 1945 9754 5102 2288 2814 1420 13041 10855 10691 7760 2931 2186
is_linear=0
shrinkage=0.03


Tree=55
num_leaves=31
num_cat=0
split_feature=2 11 2 8 5 2 0 5 18 14 2 6 6 13 8 28 0 18 5 0 18 0 2 5 19 0 18 3 18 3
split_gain=695.06 197.203 87.0498 56.857 54.5483 48.7167 54.8943 37.3678 31.4922 30.2753 25.3877 20.2056 18.8958 16.287 17.349 23.095 20.5638 15.9069 14.7008 14.6159 14.5238 27.0689 14.1642 17.6177 17.4579 14.0665 13.8806 13.6333 13.3183 19.5618
threshold=0.71754226088523876 1.5312500000000002 1.2382691502571108 3.6368484497070317 -1.2499999999999998 1.5993365645408633 2.5000000000000004 -2.0499999523162837 15.855000019073488 -0.33382800221443171 0.3709686696529389 15.250000000000002 35.549999237060554 0.28222392499446874 2.9701290130615239 0.69056403636932384 6.5000000000000009 11.324999809265138 -5.2499999999999991 5.5000000000000009 8.2650003433227557 6.5000000000000009 2.3174616098403935 2.4500000476837163 -0.65474757552146901 4.5000000000000009 8.4549999237060565 -1.7794376611709593 3.0649999380111699 1.4243296980857851
decision_type=2 2 2 2 8 2 2 10 2 2 2 10 10 2 2 2 2 2 8 2 2 2 2 10 2 2 2 2 2 2
left_child=1 4 8 7 9 -4 12 18 11 -1 -6 13 22 14 -2 16 -16 25 -3 -15 28 -22 23 -7 -25 -9 -11 -5 29 -8
right_child=2 3 5 27 10 6 20 17 -10 26 -12 -13 -14 19 15 -17 -18 -19 -20 -21 21 -23 -24 24 -26 -27 -28 -29 -30 -31
leaf_value=0.015005022762268413 0.00036443576536306137 0.011477696085966294 0.01314750331101068 0.018901142156384259 -0.026513736834891555 -0.0097511711171669978 0.0035734276331056496 -0.015794007961601075 -0.011749904540832166 0.029293446738888413 -0.016181906757696603 0.02674010502071298 0.01958770435813826 -0.011300922763653297 -0.0020912606730640881 0.035702707899504325 0.017961156689425287 -0.02285622076832319 -0.0042920815047623349 0.00087315397627061697 -0.0010435012729823924 0.0088284060474550872 -0.015243029983188961 0.02745628119160266 -0.0022799604232427717 0.0044415353315799032 -0.018694942903172061 0.0038732472132767758 0.011667294526944158 0.024885445127491589
leaf_weight=50.037620704621077 564.937021933496 64.130603842437267 1249.6866647750139 84.951960101723671 843.18251316994429 109.22790457308292 436.1248207911849 83.635990988463163 192.98960773646832 5.0032528005540362 295.39405325055122 26.449798598885536 24.18707375228405 160.27298228442669 106.89646765589714 27.219237245619297 79.588342867791653 146.92003531381488 289.73577174544334 197.0910502448678 416.93754842877388 622.56507951021194 124.10594116151333 27.75855764746666 46.138546496629715 48.13932254165411 67.842004660516977 149.57885872200131 922.35981784760952 41.612611137330532
leaf_count=504 4478 321 5225 407 19441 644 1994 1220 1957 46 4968 113 112 1480 642 173 421 2680 2710 1543 2085 2589 1080 144 254 607 928 1212 4158 188
internal_value=0.000269981 -0.0142358 0.00601476 -0.0032161 -0.0218019 0.00823074 0.00600941 -0.00789141 -0.000559807 -0.00278748 -0.0238498 0.00130646 -0.005434 0.000691291 0.00312396 0.0103832 0.0065169 -0.0160867 -0.00140986 -0.00460306 0.00756558 0.00487165 -0.00746102 -0.00213291 0.00910755 -0.00842391 -0.0150469 0.0093738 0.00956078 0.00547788
internal_weight=7504.7 2128.55 5376.15 867.093 1261.46 4020.7 2771.02 632.562 1355.44 122.883 1138.58 1162.45 331.418 1136.01 778.641 213.704 186.485 278.695 353.866 357.364 2439.6 1039.5 307.231 183.125 73.8971 131.775 72.8453 234.531 1400.1 477.737
internal_count=64324 35044 29280 9157 25887 18473 13248 7538 10807 1478 24409 8850 2234 8737 5714 1236 1063 4507 3031 3023 11014 4674 2122 1042 398 1827 974 1619 6340 2182
is_linear=0
shrinkage=0.03


Tree=56
num_leaves=31
num_cat=0
split_feature=1 27 5 1 1 13 6 27 6 13 1 5 3 25 8 15 5 8 3 29 17 29 28 27 1 25 1 8 13 8
split_gain=630.663 174.882 91.4207 81.4656 44.1525 38.6036 35.84 31.412 25.0988 25.061 21.9357 23.1676 21.1777 19.9471 19.6488 19.3484 18.4413 17.6463 17.5947 17.2396 17.0076 16.3908 20.7815 25.7099 16.2866 23.6633 20.4726 16.2008 17.8359 15.9811
threshold=0.84999999403953563 0.1090831905603409 -1.2499999999999998 2.0499999523162846 5.4500000476837167 0.28222392499446874 24.250000000000004 0.017105263657867912 0.45000000298023229 -0.28064805269241327 11.650000095367433 6.1499998569488534 -1.341171860694885 0.15835136175155642 1.1335762739181521 -1.1854096651077268 0.75000000000000011 0.34879930317401892 -2.0190341472625728 -0.54940786957740773 0.66356012225151073 -0.42958799004554743 -0.99275806546211232 0.070802006870508208 2.4500000476837163 0.1641858518123627 2.9500000476837163 18.598476409912113 -0.88013765215873707 0.88125446438789379
decision_type=2 2 10 2 2 2 8 2 8 2 2 10 2 2 2 2 8 2 2 2 2 2 2 2 2 2 2 2 2 2
left_child=1 8 9 5 24 7 10 -2 -1 -3 11 19 20 -7 -4 16 -10 -14 -11 -6 -9 -19 -23 -24 -5 26 -26 -27 -29 -15
right_child=3 2 14 4 6 13 -8 12 15 18 -12 -13 17 29 -16 -17 -18 21 -20 -21 -22 22 23 -25 25 27 -28 28 -30 -31
leaf_value=-0.02853044459477239 -0.025883648308724413 0.0079654512620694427 -0.024713156421506746 0.0036104390700759442 0.0041789694868835155 -0.01891728543230628 0.0076375350859446672 0.0044605384640397589 0.022812323771534325 0.013770870781254298 -0.0060260132520201602 0.015603057342563058 -0.01460707382140088 -0.012153083664110682 -0.0087806526392407765 -0.020826645433068686 -0.015302076785261805 -0.0029298505350722004 -0.0076152011067460498 -0.0067037895966759993 0.030277300102024139 -0.015953820274618714 -0.0032306673250169994 0.01484280823207787 0.014409445401517893 0.013297896349372829 0.0012707219256454653 -0.025490860671920117 0.0083400552884897068 0.00155896984876767
leaf_weight=510.0145613476634 33.95906064286828 282.91633774340153 187.77640207111835 349.72924114018679 393.43020780384541 130.66955658048391 1003.7908872738481 49.369813941419125 17.792706605046988 39.348800078034401 380.24816253036261 108.3506497964263 56.164464194327593 144.01217496022582 112.92763615772128 443.54732770100236 28.142044626176357 259.30262978002429 245.30504906922579 195.16357740014791 42.618311829864979 31.578361574560404 102.62596710398793 225.46997005864978 149.9459058791399 1383.1168028712273 365.19569189846516 19.299385353922844 44.418718665838242 161.48237553611398
leaf_count=12934 454 1988 3607 2144 1934 1597 4278 266 265 202 2591 524 532 1555 1626 8781 538 1933 2573 1038 200 286 1104 1874 625 5739 1590 78 181 1316
internal_value=-0.000191947 -0.0152931 -0.00543456 0.00481978 0.00673467 -0.00197872 0.00356208 0.00193211 -0.0238433 0.0016559 -0.000239224 0.00292212 0.00319554 -0.00914959 -0.0187787 -0.0189113 -0.000367073 0.00134479 -0.00462106 0.000565258 0.0166185 0.00281345 0.00695065 0.00919692 0.00958784 0.010651 0.00511561 0.0126169 -0.00214243 -0.00492355
internal_weight=7497.71 1867.77 868.274 5629.94 4392.69 1237.25 2080.98 801.089 999.497 567.57 1077.19 696.944 767.13 436.164 300.704 489.482 45.9348 675.141 284.654 588.594 91.9881 618.977 359.674 328.096 2311.71 1961.98 515.142 1446.83 63.7181 305.495
internal_count=64353 32514 9996 31839 20722 11117 10365 6649 22518 4763 6087 3496 6195 4468 5233 9584 803 5729 2775 2972 466 5197 3264 2978 10357 8213 2215 5998 259 2871
is_linear=0
shrinkage=0.03


Tree=57
num_leaves=31
num_cat=0
split_feature=1 27 1 5 6 1 6 13 27 0 0 27 5 8 8 1 14 1 27 5 0 0 13 1 25 27 14 3 22 8
split_gain=646.436 167.675 83.7142 73.8927 43.0885 41.9297 41.146 36.2471 30.2928 29.0703 28.811 28.7683 24.3142 21.1271 20.1018 18.6125 17.8861 16.7452 33.0546 31.5306 25.151 16.5666 16.5357 16.3822 14.5 14.8267 14.4349 14.3559 16.3801 14.241
threshold=0.84999999403953563 0.12591963633894923 2.0499999523162846 -1.4499999880790708 0.45000000298023229 6.2500000000000009 22.250000000000004 0.28222392499446874 0.045622119680047042 6.5000000000000009 3.5000000000000004 0.017105263657867912 5.1499998569488534 0.85828411579132091 2.9701290130615239 11.34999990463257 0.050514589995145805 2.4500000476837163 0.13924731314182284 -1.0000000180025095e-35 1.5000000000000002 3.5000000000000004 -1.4670717120170591 3.0499999523162846 0.14273057878017428 0.40994623303413397 -1.0524014830589292 0.5273852050304414 1.1388978362083437 3.8126978874206547
decision_type=2 2 2 10 8 2 8 2 2 2 2 2 10 2 2 2 2 2 2 8 2 2 2 2 2 2 2 2 2 2
left_child=1 4 7 16 -1 17 10 11 -6 -9 12 -2 -7 -5 -13 -14 -3 24 19 23 -20 -15 -8 -19 -4 -26 -10 28 -22 -18
right_child=2 3 5 13 8 6 22 9 26 -11 -12 14 15 21 -16 -17 29 18 20 -21 27 -23 -24 -25 25 -27 -28 -29 -30 -31
leaf_value=-0.028879764824042219 -0.024730826252891063 0.0069270708285113702 0.013751880149040644 -0.025159105407956968 -0.024295166220701485 -0.016775061503232453 0.021114288227928622 -0.015590593258753454 0.0048885591885978021 -0.00024808332625355912 0.0027396676877448566 0.00051348725361989014 0.015010311319297429 -0.019218531104312618 0.011402747145042334 -0.0090201785455801455 -0.0097587163117626736 0.017373989407391228 -0.0051719018544466953 0.021242336441831267 0.011910680250922227 0.0018105186792145591 0.0069428389620486705 -0.016621096927519965 -0.0048297119830954961 0.010431238808258166 -0.013063839228926533 0.0015079293778857586 0.0025176075878976354 0.0093689483890970812
leaf_weight=528.82465493679047 32.990541633218527 310.2200258821249 93.49838250130415 137.316685911268 256.7839020639658 153.65185638517141 80.487005278468132 235.41412160918117 47.778491042554379 209.82842705398798 620.97781785577536 561.58645481616259 50.079561956226826 64.123402453958988 208.54100290313363 66.151031598448753 136.10090873762965 19.738036587834358 106.67397581785917 374.78424246609211 1329.7420485168695 69.58503907173872 859.20272604376078 32.229999855160713 178.50864963233471 83.157653748989105 242.04441276565194 169.19062361121178 191.78584346175194 46.172008231282234
leaf_count=13729 451 2091 578 2571 5538 1232 349 2616 744 1963 3117 4985 272 994 1245 590 1398 83 493 1604 5537 926 3703 146 1150 436 4366 719 794 303
internal_value=0.000314009 -0.0151333 0.00533626 -0.00437379 -0.0227611 0.00727741 0.00380198 -0.0015212 -0.0167995 -0.00837692 -0.000817702 0.00228525 -0.00898282 -0.0169238 0.00347313 0.00137341 0.00255296 0.00974151 0.0107075 0.0182127 0.00891638 -0.00834232 0.00817782 -0.00362514 0.00367926 4.14728e-05 -0.0100977 0.0098078 0.0107291 -0.00488876
internal_weight=7497.17 1838.95 5658.22 763.518 1075.43 4409.86 1830.55 1248.36 546.607 445.243 890.86 803.118 269.882 271.025 770.127 116.231 492.493 2579.31 2224.14 426.752 1797.39 133.708 939.69 51.968 355.165 261.666 289.823 1690.72 1521.53 182.273
internal_count=64723 32660 32063 8283 24377 20803 9263 11260 10648 4579 5211 6681 2094 4491 6230 862 3792 11540 9376 1833 7543 1920 4052 229 2164 1586 5110 7050 6331 1701
is_linear=0
shrinkage=0.03


Tree=58
num_leaves=31
num_cat=0
split_feature=1 27 5 1 6 1 1 19 0 18 6 27 0 0 1 29 11 29 15 27 5 29 29 14 29 18 5 3 1 14
split_gain=558.084 191.127 72.9652 72.3963 43.1193 38.3965 35.2402 29.7792 27.9946 24.4998 21.4378 18.442 18.4314 18.111 17.3079 17.026 16.5547 15.2466 15.0224 17.9305 22.5852 21.172 16.5228 15.1687 14.4521 14.3426 13.7163 13.4891 14.8974 13.2305
threshold=1.0500000119209292 0.12591963633894923 -1.6500000357627866 2.1499999761581425 0.45000000298023229 8.7500000000000018 33.95000076293946 0.11859317123889924 2.5000000000000004 6.7249999046325692 10.550000190734865 0.045622119680047042 2.5000000000000004 1.5000000000000002 3.1499999761581425 -0.50557503104209889 4.7055554389953622 -0.86112883687019337 0.37742297351360327 0.42634408175945288 2.1499999761581425 -0.54219084978103627 -0.33426210284233088 -1.2251749634742735 -0.42958799004554743 18.224999427795414 3.0499999523162846 0.065742678940296187 2.3500000238418584 -0.38836620748043055
decision_type=2 2 10 2 8 2 2 2 2 2 10 2 2 2 2 2 2 2 2 2 8 2 2 2 2 2 10 2 2 2
left_child=1 4 10 7 -1 13 8 16 -7 17 -3 -6 -9 14 -5 -10 24 -4 19 20 27 -21 -23 -22 -2 -20 -16 28 -15 -8
right_child=3 2 9 5 11 6 29 12 15 -11 -12 -13 -14 18 26 -17 -18 -19 25 21 23 22 -24 -25 -26 -27 -28 -29 -30 -31
leaf_value=-0.028046347172865974 -0.0096630975967611377 0.0010277826718149553 0.021323958873513644 0.012373951491944016 -0.021994854957317032 -0.014736545891275106 0.019845492029516396 -0.021723682826830674 0.003699154232059936 -0.01862508317427564 0.020096929402385558 -0.011439990486132817 -0.0053045668843428361 -0.010120178076487711 -0.012475633094489919 -0.0058268612189749207 0.0089509518451494716 -0.0086881538349855361 0.013367866206191893 0.0065820378316981338 0.023738286359217813 -0.022034115170884813 -0.00018591186337594011 0.011380796556101207 0.002271742097770783 -0.0017249726147518054 0.010050157505820325 0.0012829174689660127 0.014524387679504447 0.0056812376372816168
leaf_weight=532.77295050770044 129.19257743284106 528.82721891999245 22.504812829196453 61.247787587344646 277.95698815584183 106.90488346666098 113.92630444467068 72.524635285139084 701.78043135255575 267.51902377605438 57.993346035480499 329.93247072398663 385.20625172182918 24.702961593866348 96.48912301659584 221.30578950792551 209.76950829476118 42.327770531177521 791.75200463086367 586.24771674722433 105.82379828393459 39.946031600236893 130.32223262637854 593.47438423335552 304.91992260888219 60.798108592629433 31.583895929157734 326.17370144277811 166.5720793902874 125.09205026179552
leaf_count=14033 1016 4074 178 282 5931 983 527 780 3447 4680 244 5629 3563 150 516 1140 1234 447 3513 2460 461 170 558 2586 2718 287 165 1520 713 590
internal_value=-0.000328116 -0.0136052 -0.00341923 0.00475143 -0.0218032 0.00651488 0.00213489 -0.00210626 -0.000277206 -0.0146284 0.0029433 -0.0162944 -0.00794776 0.00835701 -0.000622707 0.0014115 0.00205231 0.00189537 0.00895863 0.00751347 0.00976796 0.00387934 -0.00541037 0.0132821 -0.00129413 0.0122908 -0.00688576 0.00500242 0.0113055 0.0124871
internal_weight=7445.59 2059.83 919.172 5385.76 1140.66 4284.14 1269.01 1101.61 1029.99 332.352 586.821 607.889 457.731 3015.13 189.321 923.086 643.882 64.8326 2825.81 1973.26 1216.75 756.516 170.268 699.298 434.113 852.55 128.073 517.449 191.275 239.018
internal_count=64595 35216 9623 29379 25593 20068 6687 9311 5570 5305 4318 11560 4343 13381 963 4587 4968 625 12418 8618 5430 3188 728 3047 3734 3800 681 2383 863 1117
is_linear=0
shrinkage=0.03


Tree=59
num_leaves=31
num_cat=0
split_feature=2 5 18 2 2 0 29 5 8 12 5 14 8 13 5 13 5 16 5 29 2 22 8 2 13 5 8 2 2 13
split_gain=520.281 170.995 71.1898 64.2441 55.0032 36.486 28.1646 31.0913 27.656 22.1452 21.9415 20.2539 20.0019 18.9275 22.0855 18.6682 18.3758 16.1124 15.914 15.8417 15.3044 16.3442 15.133 13.9202 15.6163 16.2468 13.4854 18.5218 16.5658 13.2958
threshold=0.66750052571296703 -0.84999999403953541 10.175000190734865 1.2382691502571108 1.4928410053253176 2.5000000000000004 -0.52034142613410939 2.9500000476837163 1.6276255846023562 -8.4590277671813947 -10.65000009536743 0.8253346085548402 0.9214996099472047 -0.50463828444480885 -0.15000000223517415 -1.3843411803245542 -2.2499999999999996 0.2251817733049393 -6.6499998569488517 0.93158200383186351 0.29941825568676 1.9738534092903139 0.36957451701164251 0.50031594932079326 -1.4358106255531309 -2.2499999999999996 5.1622831821441659 3.5130357742309575 2.7942231893539433 0.49586397409439092
decision_type=2 10 2 2 2 2 2 8 2 2 10 2 2 2 8 2 8 10 8 2 2 2 2 2 2 10 2 2 2 2
left_child=1 2 18 8 11 15 26 -8 13 -3 -10 -5 16 14 -2 -6 17 -4 -1 -15 -11 -22 -20 24 25 -18 -7 28 -28 -12
right_child=3 9 12 4 5 6 7 -9 10 20 29 -13 -14 19 -16 -17 23 -19 22 -21 21 -23 -24 -25 -26 -27 27 -29 -30 -31
leaf_value=0.015461816261080952 0.014078373850291974 0.0072776246877809996 0.012794284307487473 0.010752835181885733 0.012943358029831441 0.010468947760616793 -0.0073904433626856853 0.0049861566723748149 0.011855140631059307 -0.027611849470895712 0.0029928109151748641 0.022073099537297945 -0.0038717841621122621 -0.0084411329567800533 -0.0033260850652043011 -0.0066635719375276953 -0.0077973941662441747 -0.024114599687035006 -0.010726816188495579 0.007846680434187122 -0.019525959826913679 0.033245040887932863 0.0037392214899547404 -0.0068396568016976123 -0.021874463350755172 0.06482871788478467 0.0064601554868595687 0.014185895741519202 -0.0028214649548532981 -0.011423656829481722
leaf_weight=77.150232866406441 95.230550859123468 19.434146869927645 34.438829690217972 715.10669793188572 49.377091065049171 922.494254745543 256.74984785169363 626.31340965628624 218.88020440191031 550.75174360722303 234.23587827384472 178.57199491560459 181.12614327296615 572.97006425261497 205.43912990763783 331.46115486323833 10.180700261145828 14.219524912536142 82.151882443577051 58.513940770179033 240.93830714374781 4.5270249843597403 298.54707265645266 85.496889527887106 313.31171532347798 2.7247558012604705 520.69308588653803 174.23500420898199 258.27349784970284 75.23723728582263
leaf_count=340 670 236 336 3017 300 3915 1175 2787 1206 14377 1579 783 2260 5537 1723 2169 197 149 1190 585 4815 84 2332 1155 6372 42 2296 784 1380 658
internal_value=-0.000172125 -0.0136334 -0.00590269 0.00452176 0.00647356 0.00460175 0.00580325 0.00138338 -0.000868977 -0.0240329 0.00460906 0.013037 -0.0123447 -0.00397559 0.00221479 -0.00409422 -0.0156627 0.00173992 0.00313058 -0.00692187 -0.0248053 -0.0184218 0.000597638 -0.0177186 -0.0205402 0.0110957 0.00788224 0.00537051 0.00338308 -0.000537539
internal_weight=7408.78 1915 1099.35 5493.78 4033.28 3139.6 2758.76 883.063 1460.51 815.651 528.353 893.679 641.499 932.154 300.67 380.838 460.372 48.6584 457.849 631.484 796.217 245.465 380.699 411.714 326.217 12.9055 1875.7 953.202 778.967 309.473
internal_count=64449 33885 14373 30564 18606 14806 12337 3962 11958 19512 3443 3800 10511 8515 2393 2469 8251 485 3862 6122 19276 4899 3522 7766 6611 239 8375 4460 3676 2237
is_linear=0
shrinkage=0.03


Tree=60
num_leaves=31
num_cat=0
split_feature=1 27 1 5 1 27 6 15 6 27 5 29 27 8 29 6 12 6 29 8 5 17 14 15 15 25 16 27 3 5
split_gain=515.664 155.694 74.2709 67.2353 50.0608 40.7697 29.8815 28.8813 28.8319 26.5911 29.4471 25.3206 23.1878 22.1804 20.8123 20.5611 20.3673 21.6759 18.0461 17.587 16.9606 19.6546 16.51 15.2463 14.8609 15.3272 14.4329 14.415 14.336 32.0721
threshold=0.84999999403953563 0.1090831905603409 2.4500000476837163 -1.4499999880790708 6.4500000476837167 0.017105263657867912 0.45000000298023229 0.17043440788984301 22.250000000000004 0.15357143431901935 0.35000000894069677 -0.4755979031324386 0.6803763508796693 1.1037790775299074 -0.92272481322288502 1.8499999642372134 -9.3472223281860334 9.4499998092651385 0.94353348016738903 1.6542861461639407 -1.7499999999999998 1.4417915344238283 -1.9872805476188657 1.1884223222732546 -0.53361305594444264 0.22901142388582232 -0.54196619987487782 0.1475806459784508 0.51190853118896495 4.6499998569488534
decision_type=2 2 2 10 2 2 8 2 8 2 8 2 2 2 2 8 2 10 2 2 8 2 2 2 2 2 10 2 2 10
left_child=1 6 5 16 9 -2 -1 12 28 10 19 23 -7 -5 -15 -9 -3 18 -18 -4 21 -8 -10 -11 -13 -26 -12 -17 -6 -30
right_child=2 3 4 13 8 7 20 15 22 11 26 24 -14 14 -16 27 17 -19 -20 -21 -22 -23 -24 -25 25 -27 -28 -29 29 -31
leaf_value=-0.028409693007659095 -0.025586616547088947 0.015485658027713378 0.013708377896153161 -0.022755614804465623 0.0024372984314225158 0.002224063882684822 -0.0073877306975482018 -0.012271808278231737 0.030520002496189629 0.0093503293528393837 0.038622132740029791 -0.0052758220101971828 0.036532109085044083 0.022025735403497518 -0.011573388764025231 -0.011158541878383889 -0.0050809536680083795 0.019292123297798076 0.017087965714988249 -0.015495814420964283 -0.019351579651645353 0.05082802662498101 0.005532256341998683 0.025654673211891035 -0.00089567469102895775 0.01031468008618458 0.017072907361324906 0.0026651638826940809 -0.015287236519707691 0.0014467507130941338
leaf_weight=458.28686191514134 59.150139037519693 76.938880804926157 33.689877212047577 186.19235016778111 421.57117415964603 913.42881709709764 38.237194508314133 242.38490656763315 23.522487133741379 1147.4861090406775 30.164319694042206 159.3748205602169 17.08804652094841 18.826802488416433 101.98985758051276 90.684232905507088 381.97365456447005 41.588963285088539 35.192793678492308 38.929653212428093 420.97566068172455 5.0203342214226714 881.51151376962662 53.467303916811943 195.93112543225288 248.16802045702934 367.11307121813297 260.66529726982117 172.67695931345224 253.2048365175724
leaf_count=12886 776 409 143 3827 2269 6963 458 2790 103 4812 129 674 74 212 1598 929 3448 183 381 178 9162 51 3812 229 853 1032 1582 1775 1169 1571
internal_value=-0.000307257 -0.0144442 0.00414265 -0.00511289 0.00630671 -0.00136137 -0.0229534 -0.000405121 0.0024941 0.00924213 0.0155983 0.00757918 0.00289264 -0.0162817 -0.00619982 -0.00556964 0.00130644 -0.0011001 -0.00317436 -0.00194514 -0.0175176 0.00036441 0.00621467 0.010097 0.00256023 0.00537791 0.018802 -0.000924314 -0.00148192 -0.00535809
internal_weight=7375.44 1765.22 5610.21 842.703 4026.81 1583.4 922.52 1524.25 1752.49 2274.32 469.897 1804.43 930.517 307.009 120.817 593.734 535.694 458.755 417.166 72.6195 464.233 43.2575 905.034 1200.95 603.474 444.099 397.277 351.35 847.453 425.882
internal_count=64478 32615 31863 10058 18556 13307 22557 12531 8924 9632 2032 7600 7037 5637 1810 5494 4421 4012 3829 321 9671 509 3915 5041 2559 1885 1711 2704 5009 2740
is_linear=0
shrinkage=0.03


Tree=61
num_leaves=31
num_cat=0
split_feature=1 5 27 1 1 0 27 13 18 27 5 27 1 1 8 13 5 5 6 29 29 5 11 11 3 0 18 11 5 3
split_gain=515.796 143.776 70.7476 55.957 48.9175 39.9292 39.7683 28.6756 27.7631 26.5798 24.3319 22.967 20.5075 22.7436 19.4747 18.5416 18.5086 18.1832 17.2223 17.525 16.1689 24.3257 28.9489 20.5961 15.6744 15.5546 17.1462 15.316 14.1501 22.1077
threshold=0.84999999403953563 -0.84999999403953541 0.076036866754293456 2.4500000476837163 3.4500000476837163 2.5000000000000004 0.017105263657867912 0.1571534872055054 15.465000152587892 0.15921659022569659 -5.0499999523162833 0.3852150440216065 47.649999618530281 11.650000095367433 7.4823124408721933 0.58118191361427318 7.0499999523162851 -0.94999998807907093 24.849999427795414 -0.49812626838684076 -0.52034142613410939 2.9500000476837163 1.8409721851348879 10.235416889190676 -1.8914836049079893 6.5000000000000009 1.4950000047683718 5.5937500000000009 1.0000000180025095e-35 0.48191118240356451
decision_type=2 10 2 2 2 2 2 2 2 2 8 2 2 2 2 2 8 8 10 2 2 8 2 2 2 2 2 2 8 2
left_child=1 2 17 6 9 -6 -2 10 14 -5 -4 -3 13 20 18 -11 -15 -1 19 25 23 -22 -23 -7 -9 26 -8 28 29 -21
right_child=3 11 7 4 5 12 8 24 -10 15 -12 -13 -14 16 -16 -17 -18 -19 -20 27 21 22 -24 -25 -26 -27 -28 -29 -30 -31
leaf_value=-0.0030850505832262709 -0.024472498081759959 -0.025530837594997829 0.017356207095506171 0.020622043157163549 -0.0046678519736442232 0.011443434815077425 0.015932537835998822 0.0084998175022056484 -0.0089032903571310152 0.0058818342152957776 -0.00041410242927432931 -0.00012379625278071313 0.018636306199321849 -0.0087305594811965363 0.012019762524932674 0.017170455094311483 0.0030670458164073961 -0.021972382161966945 0.038399981977707151 0.0050975416659120266 -0.0047581774672173505 0.020286881649534058 0.0029009085006115988 0.0031706508624041231 -0.01300489892856985 0.0025591504735097267 -0.010365045264508309 0.017439574124346855 -0.0010966541537287882 0.037116028074182489
leaf_weight=56.073892336338758 59.027395524084568 711.50811967998743 85.219118908047676 249.60639184713364 385.32910127937794 850.7606214210391 23.445560790598392 35.124739918857813 240.70740785077214 465.26294772326946 354.15101772546768 33.538314986974001 104.1717577278614 153.95404263585806 157.67228639870882 182.34390407800674 524.79686572402716 260.41098632290959 9.8524860292673093 151.45786513760686 234.58263831585646 112.08938873559237 364.32456371188164 398.56886075437069 203.99491155892611 205.14278206601739 268.27338925376534 65.188956931233406 377.85684046149254 21.348117250949144
leaf_count=934 798 18637 390 1088 2493 3586 110 207 2557 1950 3407 354 455 948 895 797 2539 5885 42 1329 1033 473 1533 1664 2667 1352 2188 445 3431 162
internal_value=-0.000167164 -0.014431 -0.00695742 0.00426208 0.00613941 0.00436593 -0.000522215 -0.0014857 0.000422757 0.0123118 0.00306417 -0.0243888 0.00563609 0.00511607 0.0021818 0.0090819 0.00038221 -0.0186462 0.000790519 0.000423327 0.00675411 0.00313634 0.00702536 0.00880885 -0.00982379 -0.0037641 -0.00820429 0.00380232 0.00215922 0.00924383
internal_weight=7345.79 1740.02 994.975 5605.76 4025.79 3128.58 1579.97 678.49 1520.95 897.213 439.37 745.046 2743.25 2639.08 1280.24 647.607 678.751 316.485 1122.57 1112.71 1960.33 710.997 476.414 1249.33 239.12 496.862 291.719 615.852 550.663 172.806
internal_count=64349 32481 13490 31868 18559 14724 13309 6671 12511 3835 3797 18991 12231 11776 9954 2747 3487 6819 9059 9017 8289 3039 2006 5250 2874 3650 2298 5367 4922 1491
is_linear=0
shrinkage=0.03


Tree=62
num_leaves=31
num_cat=0
split_feature=1 27 27 6 0 13 1 3 27 15 27 1 27 27 25 1 1 15 13 15 1 28 1 1 28 0 5 29 12 5
split_gain=480.656 193.615 53.3204 40.7392 30.7659 29.2374 24.1577 35.0921 35.2645 25.8171 20.3073 30.8098 20.6267 20.0224 19.7903 19.2884 19.4942 19.2314 18.5579 18.3739 17.7868 20.8786 17.6079 19.2836 17.225 17.1049 27.1205 16.1492 17.9521 16.1288
threshold=1.2500000000000002 0.12591963633894923 0.42634408175945288 0.35000000894069677 6.5000000000000009 -0.1217743046581745 2.1499999761581425 -0.14657729119062421 0.068421054631471648 0.19276182353496554 0.47850877046585089 2.4500000476837163 0.1764289736747742 0.032795699313282974 0.17136809229850772 77.149997711181655 2.8500000238418584 1.1397635340690615 -0.9532327651977538 0.17043440788984301 9.0500001907348651 0.35042373836040502 33.95000076293946 2.3500000238418584 -0.99630266427993763 4.5000000000000009 0.84999999403953563 0.42763730883598333 -3.3236111402511592 1.4499999880790713
decision_type=2 2 2 8 2 2 2 2 2 2 2 2 2 2 2 2 2 2 2 2 2 2 2 2 2 2 10 2 2 8
left_child=1 3 5 -1 6 24 9 19 -9 27 11 12 29 -5 -4 16 -10 22 -15 -8 21 -21 23 -12 -3 26 -18 28 -2 -6
right_child=4 2 14 13 10 -7 7 8 15 -11 17 -13 -14 18 -16 -17 25 -19 -20 20 -22 -23 -24 -25 -26 -27 -28 -29 -30 -31
leaf_value=-0.027398151995419409 0.0083465694971089546 -0.027416957564488278 -0.0042140964555085229 -0.022832537765546071 0.013074476456249148 -0.012851655786534215 0.0053753003444606826 0.015230897871927905 0.010045644565397164 -0.0127659147047099 0.017185428349711655 0.011679667113633361 0.0085051891707852434 0.000471951501635497 0.013381231156242538 0.030386263373631778 -0.013776152539626297 0.022966077642959302 -0.014966878693209045 0.020378761859334731 -0.013762360728302838 0.00035693888023082898 0.015914018977314166 -0.00077163048613667544 0.00037206036957440381 0.0020823166564353825 -0.00070838745854073868 0.014100696877743336 -0.0083008842487967624 -0.0087458187888329077
leaf_weight=455.2839497923851 93.423261426389217 20.191632844507694 79.109695050865412 233.15001045539975 36.526411551982164 361.79447797685862 462.63392069935799 145.25760016590357 132.98010194301605 167.92473189532757 57.944108515977859 1240.22241063416 226.0276851952076 87.379681795835495 206.07657587528229 17.142479419708252 221.40125837177038 42.033126711845398 351.53707149252295 241.09177601337433 17.826725579798222 58.174298569560051 76.19398620724678 618.64127415418625 380.52736863493919 497.25654802471399 400.35281314700842 72.325712062418461 151.47871633991599 162.86053051054478
leaf_count=13145 575 231 621 5375 341 5122 2047 706 671 1707 273 5224 1457 1389 1124 75 1384 180 6577 1075 102 267 331 2610 3789 2307 2475 621 1235 1464
internal_value=-1.52442e-05 -0.0118336 -0.00254431 -0.0204566 0.00498742 -0.0066817 0.00276159 0.00410089 0.00128178 -0.00329142 0.0074091 0.00929148 0.00231807 -0.0157204 0.00850268 -0.000325494 -0.00076992 0.00345762 -0.0118992 0.00920645 0.0147616 0.0165009 0.00233929 0.000789341 -0.00109295 -0.00206303 -0.00537635 0.00174826 -0.00194223 -0.00470318
internal_weight=7314.77 2175.05 1047.7 1127.35 5139.72 762.513 2679.27 2194.12 1414.39 485.152 2460.45 1665.64 425.415 672.067 285.186 1269.13 1251.99 794.812 438.917 779.727 317.093 299.266 752.779 676.585 400.719 1119.01 621.754 317.228 244.902 199.387
internal_count=64500 37373 10887 26486 27127 9142 15247 11109 7618 4138 11880 8486 3262 13341 1745 6912 6837 3394 7966 3491 1444 1342 3214 2883 4020 6166 3859 2431 1810 1805
is_linear=0
shrinkage=0.03


Tree=63
num_leaves=31
num_cat=0
split_feature=1 27 5 1 1 5 0 27 27 29 17 27 15 24 29 5 27 27 15 28 0 27 3 25 0 17 14 16 25 14
split_gain=463.634 165.83 67.4753 51.4975 38.6683 36.607 33.3982 27.0735 25.9045 24.6887 22.1639 23.8746 21.6225 18.0858 17.8201 31.864 19.5887 18.1792 16.3535 15.2037 14.6221 16.6598 15.6582 15.252 14.5256 14.0897 14.2138 14.0062 16.4346 13.8407
threshold=0.94999998807907116 0.12591963633894923 -3.1499999761581416 2.3500000238418584 3.4500000476837163 -0.45000000298023218 2.5000000000000004 0.038972431793808944 0.045622119680047042 0.97062206268310558 0.65071284770965587 0.54562214016914379 -0.35777920484542841 0.90113559365272533 -0.50557503104209889 2.9500000476837163 0.58198922872543346 0.13924731314182284 -0.33779321610927576 -0.72696319222450245 6.5000000000000009 0.30322581529617315 0.5935654640197755 0.17785710096359256 4.5000000000000009 -0.15562979876995084 0.67549243569374096 -0.22551141679286954 0.19750786572694781 -0.18244744092226026
decision_type=2 2 10 2 2 10 2 2 2 2 2 2 2 2 2 8 2 2 2 2 2 2 2 2 2 2 2 8 2 2
left_child=1 5 29 8 25 7 13 -1 -2 10 20 -12 -4 -6 16 -16 19 27 -9 -8 22 23 -10 -22 -14 -5 -27 -17 -29 -3
right_child=3 2 12 4 6 -7 14 18 9 -11 11 -13 24 -15 15 17 -18 -19 -20 -21 21 -23 -24 -25 -26 26 -28 28 -30 -31
leaf_value=-0.023748513826438077 -0.012866399027943572 0.0096548728402538354 -0.0029087534392161331 0.015328333798998792 -0.0077620800667679334 -0.027287787379813071 0.016527558717917997 -0.00025614052730380118 -0.0074773153557396999 0.020957797783158601 0.0032030563031275627 0.027054009096100715 -0.022807694590329324 0.0072176377334179686 -0.0071720853600019891 0.029528417659906679 0.0023541971105152538 0.0028304863418665361 -0.014995921020940075 0.0077120576608019631 0.013642620302091506 0.0098209726387398135 0.022838606448463156 -0.0064891866740034139 -0.0073526795947950587 0.0061255163899904671 0.020754055542784026 -0.0015748839359694309 0.023735972596983724 -0.0010710787444810509
leaf_weight=216.79407827556133 140.84416054189205 242.55899005383253 142.09849512949586 426.03926691412926 283.45263269543648 485.24648924171925 208.23934612423182 105.3880659788847 441.53313924744725 50.737478040158749 290.7790564596653 42.480738334357738 163.24571954831481 96.494445234537125 245.67383760213852 41.653976283967495 549.03094539046288 482.45213329046965 188.83448470011353 1153.3823393806815 39.570245891809464 137.6057580858469 14.932226561009882 204.96912714466453 84.026806738227606 471.43051548302174 67.831163704395294 56.849767260253429 37.745171204209328 194.60689869523048
leaf_count=5197 1685 1477 1765 1908 1843 14316 909 1788 4013 419 2114 192 2922 617 1129 185 2489 2140 3708 5119 383 757 117 1793 1281 2053 308 262 157 1551
internal_value=-3.42217e-05 -0.0131376 -0.00319679 0.00432296 0.00599499 -0.0213734 0.00438495 -0.0157149 -0.000730507 0.000676918 -0.000218286 0.00631519 -0.0122639 -0.00394875 0.00552698 0.00194978 0.00714343 0.00557762 -0.00973501 0.00907139 -0.00281909 0.00150897 -0.00643784 -0.00318925 -0.0176066 0.0112472 0.00800058 0.0152136 0.00866728 0.00488861
internal_weight=7306.53 1822.8 826.537 5483.73 4120.28 996.263 3154.97 511.017 1363.45 1222.61 1171.87 333.26 389.371 379.947 2775.03 864.375 1910.65 618.701 294.223 1361.62 838.61 382.145 456.465 244.539 247.273 965.301 539.262 136.249 94.5949 437.166
internal_count=64597 34005 8996 30592 19119 25009 14850 10693 11473 9788 9369 2306 5968 2460 12390 3873 8517 2744 5496 6028 7063 2933 4130 2176 4203 4269 2361 604 419 3028
is_linear=0
shrinkage=0.03


Tree=64
num_leaves=31
num_cat=0
split_feature=2 27 2 6 15 2 2 6 27 6 27 29 27 23 14 25 15 27 2 15 29 27 22 29 6 24 16 16 23 27
split_gain=427.892 126.344 91.969 45.504 39.6753 32.0884 36.5116 29.3977 26.5686 23.1733 20.5382 19.5743 19.859 18.316 17.8038 19.4902 17.4229 18.2507 17.0829 15.3555 14.7945 15.2294 14.7436 14.7433 14.1449 13.8575 13.8164 13.7395 13.737 13.3831
threshold=0.43773436546325689 0.11359446868300439 1.1150072216987612 1.4499999880790713 -0.077363658696413026 2.2772542238235478 3.8033230304718022 4.2500000000000009 0.038972431793808944 1.6500000357627871 0.48360213637351995 0.4584775865077973 0.58198922872543346 0.29464729130268102 -1.9872805476188657 0.24399357289075854 0.11602937802672388 0.16397849470376971 1.2382691502571108 -1.2053942680358884 0.28313310444355017 0.030414746142923835 2.0350886583328252 0.96407344937324535 23.750000000000004 1.0296972393989565 -0.22551141679286954 -0.54196619987487782 2.089649081230164 0.56559139490127575
decision_type=2 2 2 8 2 2 2 8 2 10 2 2 2 2 2 2 2 2 2 2 2 2 2 2 10 2 8 10 2 2
left_child=1 9 4 10 8 16 14 -6 -2 -1 -3 12 22 25 -7 -16 17 27 -18 -11 29 -22 -10 -23 26 -13 -9 -4 -5 -20
right_child=2 3 5 28 7 6 -8 24 11 19 -12 13 -14 -15 15 -17 18 -19 20 -21 21 23 -24 -25 -26 -27 -28 -29 -30 -31
leaf_value=-0.024395004183678171 -0.013535017867779928 -0.018717510451152688 0.028014292483741658 0.0012110958562115109 -0.013035259806863602 0.023941827565798528 0.015624318458578762 0.0093283222703742525 -0.0011014945279466041 0.039824682971188206 0.017421690189069573 0.01418226666997572 0.020908385496065201 -0.0014762082477723592 -0.0061873355865460118 0.0022599344927409252 0.00073569622172216514 0.0038650200060012887 0.014469674819470065 -0.0090361266167232265 0.031785706868129628 0.0048177554560064201 0.025809484409718982 -0.01965139147350807 0.040369690858518582 0.040057820065804363 -0.0050361618894912002 0.0092529519448261398 0.03256441042370186 0.005023538502939926
leaf_weight=727.89422094449401 86.29514828696847 175.42013194039464 38.134619325399399 330.16632883623242 401.17758699506521 26.02480161190033 149.93924723565578 73.990838583558798 511.88095444440842 5.8492450267076483 14.614224854856728 75.283663488924503 42.664258740842342 48.478495590388775 378.19526067376137 697.98627188056707 155.46026626974344 1373.1079715564847 801.89967646449804 36.425373140722513 15.277085348963736 163.38691374659538 18.001478932797909 24.619888752698898 6.149094507098197 24.791556715965271 306.49649038165808 378.42542369663715 12.079594433307646 163.9559445977211
leaf_count=20505 1317 3572 177 2668 5486 136 667 645 4196 51 119 726 194 468 2604 3189 1011 6034 3462 479 70 716 131 106 26 229 2783 1790 83 692
internal_value=0.000188611 -0.0153822 0.00359241 -0.00413125 -0.00257113 0.00584425 0.00178654 -0.00735655 0.00210154 -0.0231425 -0.0158616 0.00398895 0.00146184 0.0136539 -0.000108341 -0.000711621 0.00747462 0.00553876 0.010084 -0.00151154 0.0113254 0.00394494 -0.000140365 0.00152645 -0.00144583 0.0209253 -0.00222567 0.0110335 0.00240936 0.012873
internal_weight=7264.07 1302.45 5961.62 532.28 1595.21 4366.41 1252.15 787.814 807.396 770.169 190.034 721.1 572.547 148.554 1102.21 1076.18 3114.27 1789.67 1324.6 42.2746 1169.14 203.284 529.882 188.007 386.636 100.075 380.487 416.56 342.246 965.856
internal_count=64332 27477 36855 6442 16201 20654 6596 8940 7261 21035 3691 5944 4521 1423 5929 5793 14058 8001 6057 530 5046 892 4327 822 3454 955 3428 1967 2751 4154
is_linear=0
shrinkage=0.03


Tree=65
num_leaves=31
num_cat=0
split_feature=1 27 1 5 15 5 0 1 5 22 1 1 6 27 14 1 11 5 25 15 14 3 19 30 0 15 5 0 18 6
split_gain=423.118 111.714 86.9415 53.4943 44.6355 28.8228 27.4066 21.9914 21.2745 19.8919 19.7456 24.6905 16.9531 16.1782 15.9511 15.6762 15.2221 15.1739 14.8221 14.7674 14.5611 14.5539 14.0111 13.8866 13.0297 12.7448 16.371 12.441 12.2619 13.2752
threshold=0.55000001192092907 0.11359446868300439 1.9499999880790713 -1.4499999880790708 -0.3776156604290008 -4.2499999999999991 1.5000000000000002 3.1499999761581425 -1.2499999999999998 -0.50197142362594593 7.5499999523162851 33.549999237060554 6.5499999523162851 0.017105263657867912 -0.86674389243125904 18.94999980926514 14.29444456100464 0.35000000894069677 0.21260195970535281 -0.26504428684711451 -1.9872805476188657 0.56221327185630809 -0.68211001157760609 2.5000000000000004 3.5000000000000004 -0.381549522280693 2.7500000000000004 4.5000000000000009 1.9700000286102297 16.550000190734867
decision_type=2 2 2 10 2 10 2 2 8 2 2 2 8 2 2 2 2 10 2 2 2 2 2 2 2 2 10 2 2 10
left_child=1 8 4 14 13 28 7 -4 -1 -7 19 12 21 -2 24 -14 -16 -15 22 23 -13 -12 -11 -8 -3 26 -9 -5 -6 -30
right_child=2 3 6 27 5 9 10 25 -10 18 11 20 15 17 16 -17 -18 -19 -20 -21 -22 -23 -24 -25 -26 -27 -28 -29 29 -31
leaf_value=-0.0057132718903405389 -0.020628508798815868 0.029500418328999148 0.0095685620220180411 -0.02344250776642752 0.021625387554930715 -0.019852456750557246 0.0066571148257626757 -0.011914407588438199 -0.024653585493793727 0.0035333357704789682 0.00037823712104058599 0.046325211494039883 0.0055097200496935159 0.0072205731842036047 -0.004389287468615671 -0.0035692387252891336 0.02787062392640963 -0.0067375873028719165 0.0051347427788081511 0.0090392941938240955 0.010408332696831321 -0.013627294196743344 -0.014395148018639543 -0.0010547934785564183 0.0052520429139293204 -0.015678057779719864 0.014105893733198921 -0.0066793639931235355 -0.0034039548456310234 0.031275456859509686
leaf_weight=58.556943614035845 22.277709312736988 25.8376181460917 78.130572468042374 126.76804429292679 18.58022466301918 182.67597006261349 757.9512055888772 48.151631392538548 696.43764169700444 48.739308960735798 167.23220047354698 9.8032094836235029 685.04565501213074 429.80270247533917 227.00243233144283 227.29100721329451 12.977615147829054 82.895010709762573 66.591020952910185 1736.1441516950727 208.74781291931868 110.10699810832739 193.04221293330193 290.26613914966583 80.06564599648118 113.40255166590214 38.052312299609184 59.4024130217731 440.25259682908654 9.1691825687885267
leaf_count=883 370 156 390 2652 78 2630 3411 304 20180 597 902 44 3186 3417 2044 1229 65 881 668 7991 963 714 2832 1261 525 737 240 1041 4105 39
internal_value=-0.000188129 -0.0157812 0.00317879 -0.00523845 -0.00308503 -0.00695526 0.00527244 -0.00384301 -0.0231941 -0.012025 0.00587706 0.0029791 0.00127208 0.00385318 0.00174779 0.00324644 -0.00253632 0.00495504 -0.00733891 0.00734115 0.0122231 -0.00521111 -0.0107814 0.00452261 0.0113886 -0.00911413 -0.000398432 -0.0181581 -0.00162159 -0.00262855
internal_weight=7251.4 1287.05 5964.35 532.054 1494.03 959.051 4470.33 277.737 754.995 491.049 4192.59 1408.23 1189.68 534.975 345.883 912.337 239.98 512.698 308.373 2784.36 218.551 277.339 241.782 1048.22 105.903 199.606 86.2039 186.17 468.002 449.422
internal_count=64535 27546 36989 6483 15617 10949 21372 1671 21063 6727 19701 7038 6031 4668 2790 4415 2109 4298 4097 12663 1007 1616 3429 4672 681 1281 544 3693 4222 4144
is_linear=0
shrinkage=0.03


Tree=66
num_leaves=31
num_cat=0
split_feature=1 6 18 1 1 18 25 14 8 8 11 25 5 18 5 15 14 28 25 14 29 1 6 5 29 5 15 5 3 21
split_gain=382.535 150.042 63.3574 41.4159 35.5964 34.9117 23.4381 28.1633 22.4964 20.9657 20.1462 19.9239 14.5035 14.0213 19.79 13.607 13.5799 12.7409 19.5407 13.4363 12.3982 11.3965 15.3791 12.1828 12.0718 11.1445 11.0561 19.2204 24.8998 15.3298
threshold=1.0500000119209292 0.84999999403953563 12.184999942779543 2.3500000238418584 4.1499998569488534 8.9349999427795428 0.22684004902839663 -1.4292433857917783 3.5802699327468877 2.1786844730377202 0.4708333313465119 0.18630514293909076 -4.6499998569488517 8.8649997711181658 0.35000000894069677 0.7099319100379945 0.21644303202629092 0.73865729570388805 0.20804911851882937 -0.61319804191589344 0.28313310444355017 9.2500000000000018 22.250000000000004 6.7500000000000009 -0.056951010599732392 26.150000572204593 -0.14814987778663632 0.35000000894069677 0.31324499845504766 -0.47613757848739618
decision_type=2 8 2 2 2 2 2 2 2 2 2 2 8 2 8 2 2 2 2 2 2 2 8 8 2 8 2 8 2 2
left_child=1 5 8 9 15 11 7 25 12 26 -4 -1 -3 21 -15 -5 17 18 -11 -20 -17 23 -23 24 -9 -6 27 28 -2 -30
right_child=3 2 10 4 6 -7 -8 13 -10 16 -12 -13 -14 14 -16 20 -18 -19 19 -21 -22 22 -24 -25 -26 -27 -28 -29 29 -31
leaf_value=-0.014719906708962003 0.0013901922423199082 0.0092436597374799933 -0.024143805360434371 0.0079268460236630311 0.0098340082593610031 -0.025004113557364684 0.00541916211875626 0.0066779084744132767 0.0094589215156049584 -0.0050094085261911192 -0.0097215909001436059 0.012985206845735424 -0.0049139281523702923 -0.017582299425183828 -0.0023944223520139395 0.019436486900681945 -0.0029331698590205563 0.026708916450880804 0.004085129650680518 0.022937825072460321 0.0030643737274224257 -0.0097552494780337659 0.0091005256027597431 0.028475135359060138 -0.015482030228214455 0.036018794547504479 -0.006456930295091607 -0.004935041935363294 -0.006724853147150287 0.038337378235273917
leaf_weight=79.549526076763868 111.56104205548763 77.183371387422085 116.45936987549067 1187.0774386674166 71.500306278467178 629.13184808753431 1753.7378101274371 183.09901764988899 199.03935512900352 82.423083655536175 350.31475051864982 32.020298212766647 390.03480754420161 100.67984662204981 322.63532723486423 185.84081414341927 125.96115255728364 31.397722288966179 69.422922439873219 66.736308351159096 54.102196201682091 123.64040049165487 55.701322451233864 19.19877102971077 24.189399711787701 17.867193788290024 475.52488118037581 238.75970167294145 8.2813331037759763 31.031086497008801
leaf_count=1775 802 392 2761 5134 410 17916 7609 908 1164 540 5619 336 5077 601 1724 836 929 210 340 371 247 994 286 83 123 77 4727 1986 68 257
internal_value=-0.00011372 -0.0117727 -0.00490102 0.00397842 0.0054318 -0.0222634 0.0033868 -0.000495321 0.00103909 -0.00082251 -0.0133638 -0.00672388 -0.00256038 -0.00222611 -0.00603958 0.00925623 0.00508413 0.00911952 0.00648281 0.0134253 0.015773 0.00175673 -0.00388089 0.00621827 0.00403005 0.0154098 -0.00339206 0.000355396 0.00870497 0.0289135
internal_weight=7214.1 1873.73 1133.03 5340.37 4099.27 740.702 2672.25 918.512 666.258 1241.1 466.774 111.57 467.218 829.144 423.315 1427.02 375.941 249.98 218.582 136.159 239.943 405.829 179.342 226.487 207.288 89.3675 865.158 389.633 150.873 39.3124
internal_count=64302 35040 15013 29262 19032 20027 12815 5206 6633 10230 8380 2111 5469 4719 2325 6217 2390 1461 1251 711 1083 2394 1280 1114 1031 487 7840 3113 1127 325
is_linear=0
shrinkage=0.03


Tree=67
num_leaves=31
num_cat=0
split_feature=4 27 5 4 4 5 15 5 14 4 28 18 8 15 27 4 5 5 8 25 25 18 11 29 27 4 0 20 8 26
split_gain=384.125 139.099 63.0009 39.3525 28.1584 33.3798 27.3895 26.8132 21.7194 19.3644 19.3231 19.3074 18.2658 17.488 17.0207 23.5648 33.707 16.6452 18.2993 16.4796 16.4549 15.782 15.6672 15.3539 14.1044 13.7988 13.3606 13.1242 13.0075 12.5931
threshold=-1.6500000357627866 0.1090831905603409 -1.4499999880790708 -0.45000000298023218 7.7500000000000009 13.050000190734865 0.17591251432895663 -1.7499999999999998 -1.9872805476188657 -2.2499999999999996 -0.99275806546211232 8.6050000190734881 1.1037790775299074 1.1301589012145998 0.1475806459784508 -1.0000000180025095e-35 -1.0000000180025095e-35 -0.15000000223517415 2.3703022003173833 0.14273057878017428 0.1641858518123627 13.925000190734865 1.4881944060325625 0.96633976697921764 0.045622119680047042 -1.0000000180025095e-35 3.5000000000000004 -0.94594159722328175 1.4891213178634646 25.332500457763675
decision_type=2 2 10 2 2 8 2 8 2 2 2 2 2 2 2 2 8 8 2 2 2 2 2 2 2 2 2 2 2 2
left_child=1 7 21 6 13 29 10 -1 -7 -9 -2 -8 -4 14 15 20 28 23 -19 25 -5 -3 -13 -12 -11 -16 -14 -26 -17 -6
right_child=3 2 12 4 5 8 11 9 -10 24 17 22 26 -15 19 16 -18 18 -20 -21 -22 -23 -24 -25 27 -27 -28 -29 -30 -31
leaf_value=0.0017841169516069845 -0.019927257447335544 0.0042836305530300775 -0.021859739161553617 0.0087221720154296179 -0.0076041423635444128 0.035695012486128351 0.005060056482447583 -0.026656337654490068 0.0040880931001131124 -0.023146609175875153 0.007517717340144418 -0.01754802029881309 -0.016801206435200278 0.015119347492753621 0.013538910027161653 0.014148188792018134 0.016409415067539998 -0.0038502713959584411 0.0098651857613004917 0.0058435218797302738 -0.015212336608047045 -0.0096204431632031327 -0.004634045982603527 0.040161002545552486 0.0090399692791901139 -0.0035085407654374856 0.003567963927708551 -0.014151573648006026 -0.017517775314404127 0.010615318361597442
leaf_weight=41.592862043529749 32.276412077248096 446.88529202342033 166.12278494425118 54.626105271279812 366.72580844908953 19.235281877219677 93.821977395564318 474.90053789131343 616.38947112113237 147.57593282498419 271.14091987907887 148.91908045113087 54.754896838217974 197.61858221143484 48.674431473016739 15.55260783433914 411.77223248779774 325.7230437323451 118.59813815355301 2194.7406620979309 47.332856304943562 86.919115539640188 196.23792727291584 12.702577657997606 26.375728491693735 305.0401239618659 59.75722086802125 114.70272451266646 39.439678102731705 36.766095019876957
leaf_count=508 301 3326 3789 351 2450 90 683 14666 2871 4051 1960 2022 954 915 279 67 1819 3246 730 9559 331 1108 2008 102 613 1544 863 2702 186 189
internal_value=5.34406e-05 -0.0127973 -0.00404748 0.0038029 0.00512813 0.000818085 -0.001008 -0.0216321 0.00509915 -0.0229084 0.00243612 -0.00696621 -0.015528 0.00647859 0.00592612 0.0106175 0.0134664 0.00345337 -0.000175412 0.00487541 -0.00242888 0.00200588 -0.0102404 0.00911444 -0.0166713 -0.0011311 -0.00623285 -0.00978262 -0.00846945 -0.00592185
internal_weight=7172.92 1619.59 814.439 5553.33 4353.91 1039.12 1199.42 805.148 635.625 763.555 760.441 438.979 280.635 3314.8 3117.18 568.723 466.765 728.165 444.321 2548.46 101.959 533.804 345.157 283.843 288.654 353.715 114.512 141.078 54.9923 403.492
internal_count=64283 32580 10040 31703 20651 5600 11052 22540 2961 22032 6339 4713 5606 15051 14136 2754 2072 6038 3976 11382 682 4434 4030 2062 7366 1823 1817 3315 253 2639
is_linear=0
shrinkage=0.03


Tree=68
num_leaves=31
num_cat=0
split_feature=1 5 18 1 1 8 0 12 29 5 24 8 14 15 5 3 5 15 6 15 15 13 1 12 8 1 25 3 5 18
split_gain=387.377 127.648 59.5807 45.4671 38.8263 32.4884 28.7417 22.6487 21.6271 23.2124 19.2001 18.453 15.24 14.5495 15.8515 24.2097 14.2274 19.7594 13.1804 12.9682 11.8965 11.5228 13.6299 12.0455 11.5031 12.3148 11.2836 16.2061 13.9864 11.1095
threshold=0.84999999403953563 -0.84999999403953541 9.9949998855590838 2.4500000476837163 3.4500000476837163 1.3431926965713503 2.5000000000000004 -8.4590277671813947 -0.52034142613410939 2.9500000476837163 0.8133806884288789 1.6276255846023562 0.87636598944664013 -0.36890387535095209 -0.15000000223517415 0.026850542984902862 -10.65000009536743 0.11602937802672388 2.0499999523162846 -0.80908161401748646 -0.0024839577381499107 -1.4670717120170591 8.2500000000000018 -3.6354167461395259 6.5518443584442148 32.549999237060554 0.15835136175155642 -1.0728822350502012 -1.2499999999999998 16.845000267028812
decision_type=2 10 2 2 2 2 2 2 2 8 2 2 2 2 8 2 10 2 8 2 2 2 2 2 2 2 2 2 8 2
left_child=1 2 -1 5 12 13 10 -3 24 -10 -6 -4 26 14 15 -2 -7 20 -15 -9 -18 -11 23 -23 29 -26 28 -28 -5 -8
right_child=3 7 11 4 6 16 8 19 9 21 -12 -13 -14 18 -16 -17 17 -19 -20 -21 -22 22 -24 -25 25 -27 27 -29 -30 -31
leaf_value=0.0026069339062665961 -0.00099326585415845698 0.011211606791348139 -0.015147008606099169 -0.0097577091362805284 -0.0084904026099210609 0.0095581695152875453 0.0090729380477024488 -0.013490771402275345 -0.0066552090514192504 0.017743953713343821 0.0065172993475951079 -0.00077873262905286142 0.019058314951381081 -0.011648279031441227 -0.0038040315391572564 0.029378486436723167 0.0036586577309550969 -0.0084247984923454082 -0.0027618100867223337 -0.026068092047264825 0.027107524416680503 -0.015420645104944234 -0.0032903800168712131 0.0076599833787799384 0.0019085840336391239 0.010966436034030269 -0.0051648467327907168 0.013085961667176328 0.0076775363075562864 -0.0098430503541056848
leaf_weight=401.74989657104015 61.173172678798437 16.02651946619153 450.72444675862789 55.510404691100121 263.79064917564392 271.35934625566006 1050.7249042242765 89.362339848652482 260.04248820990324 49.502938538789749 107.17118912190199 98.011761847883463 164.18503357470036 296.76534660160542 210.49687101691961 37.414109833538532 221.77460560575128 138.52696192264557 304.79238906130195 544.12634838372469 20.409075081348419 20.719319358468056 209.81717199087143 341.65098661184311 637.19508599489927 170.64958641678095 47.914546757936478 454.75119490921497 154.37549458444118 27.922687456011772
leaf_count=3460 420 218 8938 226 1722 1530 4514 2460 1196 225 693 1173 748 3610 1871 292 1480 1198 2703 16342 157 86 1027 1423 3004 773 198 1986 655 118
internal_value=-0.00017618 -0.0131843 -0.0061687 0.00355634 0.00524547 -0.000785035 0.00368441 -0.0234254 0.00473523 0.000855226 -0.0041488 -0.0125867 0.0108244 -0.00444335 0.000845748 0.0107122 0.00432293 0.000576134 -0.00715781 -0.0243179 0.00573806 0.00400236 0.00278461 0.00630149 0.0065473 0.00383316 0.00890306 0.0113395 0.00304188 0.0085746
internal_weight=7178.64 1600 950.486 5578.64 4015.92 1562.71 3139.19 649.515 2768.23 881.733 370.962 548.736 876.737 910.642 309.084 98.5873 652.07 380.711 601.558 633.489 242.184 621.69 572.187 362.37 1886.49 807.845 712.552 502.666 209.886 1078.65
internal_count=64446 32591 13571 31855 18594 13261 14781 19020 12366 3957 2415 10111 3813 8896 2583 712 4365 2835 6313 18802 1637 2761 2536 1509 8409 3777 3065 2184 881 4632
is_linear=0
shrinkage=0.03


Tree=69
num_leaves=31
num_cat=0
split_feature=4 5 18 4 4 13 5 11 4 15 11 15 0 8 15 29 11 13 18 8 8 29 5 16 11 4 5 29 24 15
split_gain=327.088 126.626 54.6577 35.4879 26.8163 32.332 26.1457 21.7739 21.2071 19.3705 19.2577 19.1737 18.8406 18.4226 16.9057 15.8719 14.9942 14.6491 14.5761 14.4249 14.3163 15.7038 13.4169 16.9074 13.175 13.1432 12.7309 14.4596 12.1281 13.2308
threshold=-1.6500000357627866 -0.74999999999999989 11.765000343322756 -0.45000000298023218 8.0500001907348651 -1.9801886081695554 -0.35000000894069666 0.46458333730697637 30.050000190734867 -0.381549522280693 13.949999809265138 0.30095024406909948 2.5000000000000004 3.5802699327468877 1.0838180780410769 0.13185577094554904 8.5812497138977069 -0.52764263749122609 12.59500026702881 2.5560377836227421 1.0649638772010805 -0.50557503104209889 -3.3500000238418575 0.24982044845819476 1.8055555224418642 23.349999427795414 -1.3499999642372129 0.79773375391960155 0.074338864535093321 -0.58587211370468129
decision_type=2 10 2 2 2 2 10 2 2 2 2 2 2 2 2 2 2 2 2 2 2 2 8 8 2 2 8 2 2 2
left_child=1 2 13 6 11 -6 14 -4 12 19 -11 26 -7 17 20 -13 -8 -1 25 -3 -2 -22 23 24 -9 28 27 -5 29 -14
right_child=3 9 7 4 5 8 16 22 -10 10 -12 15 18 -15 -16 -17 -18 -19 -20 -21 21 -23 -24 -25 -26 -27 -28 -29 -30 -31
leaf_value=0.0030807270643784719 -0.0013549792680999902 -0.017574938302207996 -0.024400268126165178 0.0012222614562379748 0.03021562265863853 -0.017631504393050765 -0.0099143650950649313 0.049646452756558053 0.0072426521236403675 -0.026608420248720059 0.054098274093599186 0.01090399358910807 0.026509648794738289 0.0095524977962731152 -0.013987250859194996 0.0023998866209377339 0.013514067887744535 -0.0088553148262167179 -0.014528584044437472 0.0074075364944375336 0.001849769567826275 0.013735597766076907 -0.011026577977183968 -0.019643195195481571 -6.5015001377207279e-06 -0.011720826928139793 0.0055050487324361094 -0.021571028501145773 -0.0014534038659529945 0.0043844523444691611
leaf_weight=196.34630582481623 391.45413795486093 162.78823948837817 113.6703713145107 451.94927208125591 30.627372346818447 71.435520514845848 318.42644465342164 9.5079007446765917 234.20663709193468 429.8980514742434 1.7835065573453892 912.15605941414833 28.663641691207886 162.91089181602001 57.149450402706861 252.88949842005968 25.776488937437534 173.40962857566774 68.462991818785667 23.263287784531713 249.28618961572647 166.52365680783987 290.34682728350163 10.120307043194773 8.8684235736727697 74.445482790470123 1700.8356181904674 25.514990925788879 357.48305356502533 138.60982505977154
leaf_count=2389 3709 4769 2879 2043 157 744 3925 72 1114 13470 26 4150 148 967 581 1220 216 2171 370 378 1526 1216 5380 81 64 396 7667 124 1820 700
internal_value=-2.73563e-05 -0.0120536 -0.00525584 0.00340056 0.00466454 0.000364199 -0.00114595 -0.0131654 -0.000605194 -0.0226491 -0.0261507 0.00595534 -0.00309845 0.00117916 0.00163955 0.0090617 -0.0081258 -0.00252587 -0.00151947 -0.0144283 0.00276177 0.00663134 -0.00909627 0.0102784 0.0269203 -1.13608e-05 0.00429053 -3.83167e-05 0.00166896 0.00831079
internal_weight=7138.81 1582.91 965.181 5555.9 4347.28 1003.93 1208.62 432.514 973.307 617.733 431.682 3343.35 739.101 532.667 864.413 1165.05 344.203 369.756 667.665 186.052 807.264 415.81 318.843 28.4966 18.3763 599.202 2178.3 477.464 524.757 167.273
internal_count=64472 32646 14003 31826 20653 5449 11173 8476 5292 18643 13496 15204 4178 5527 7032 5370 4141 4560 3434 5147 6451 2742 5597 217 136 3064 9834 2167 2668 848
is_linear=0
shrinkage=0.03


Tree=70
num_leaves=31
num_cat=0
split_feature=4 27 4 5 11 5 19 15 0 27 4 8 0 27 4 15 4 27 27 6 5 27 22 15 14 11 29 15 29 18
split_gain=307.769 120.421 56.8285 43.6629 36.8488 27.4736 27.2268 25.0694 21.4255 26.3079 22.1402 19.0127 18.386 18.1955 18.1062 17.9876 16.4889 16.7537 16.3654 16.2159 15.3073 15.0686 14.9468 14.6088 14.4825 13.98 15.2225 13.6999 13.4359 13.3513
threshold=-1.9499999880790708 0.11359446868300439 -0.45000000298023218 -1.4499999880790708 3.0937500000000004 -1.5500000119209287 -0.69106212258338917 -0.36890387535095209 5.5000000000000009 0.54919356107711803 1.9499999880790713 26.802751541137699 6.5000000000000009 0.48360213637351995 9.1500000953674334 -1.2053942680358884 -1.0000000180025095e-35 0.11973684281110765 0.017105263657867912 12.949999809265138 5.9500000476837167 0.42634408175945288 0.45183910429477697 -0.61382856965064991 -1.5759938359260557 1.0527777671813967 0.94636487960815441 0.86659634113311779 0.99803557991981517 7.3450000286102304
decision_type=2 2 2 10 2 8 2 2 2 2 2 2 2 2 2 2 2 2 2 10 10 2 2 2 2 2 2 2 2 2
left_child=1 5 4 23 7 15 -6 18 10 16 22 14 -8 -5 20 -1 -10 -18 -2 -16 29 -14 -4 -3 -21 -19 -27 28 -9 -12
right_child=2 3 8 13 6 -7 12 27 9 -11 11 -13 21 -15 19 -17 17 25 -20 24 -22 -23 -24 -25 -26 26 -28 -29 -30 -31
leaf_value=0.045868138701855653 -0.024037621216523485 0.011800209965273417 0.0080898623666775787 -0.018208800214904782 0.011126181809449727 -0.023890160875053933 -0.0074577602484445886 -0.0083809113635340861 -0.0012178138246464775 -8.1244456027560979e-05 0.0032802750858166407 0.011721009437127889 -0.00047024909499235508 0.016233412106677034 -0.016273275624499567 -0.0071999875399760827 0.015797477450633691 0.036992477116107161 0.0027862785687744265 0.033790265452411455 0.012811686218484337 0.017117886448341498 -0.0004596641485332143 -0.001311041336389088 -0.0043017560911295999 0.0075430171186483905 -0.0074892070245607435 -0.019007616436892284 0.024677146179846753 -0.0064895026461306848
leaf_weight=5.7245126105844966 21.122306071221828 112.67216767370701 551.99245306104422 161.70971547625959 235.01072315499187 644.05868791416287 224.97413732483983 470.65035090781748 179.28423923254013 516.53397507965565 239.62998934835196 87.287593849003315 142.43728468194604 14.319942213594912 141.97004862129688 38.606636386364698 234.47598396241665 13.144044756889341 273.27522572502494 8.8222616761922819 72.588236980140209 62.301379770040512 275.68252553790808 233.26410359144211 104.22921580076218 1608.2518528103828 62.235381424427032 118.54902326129377 10.386493755504487 263.17363774776459
leaf_count=53 368 731 2558 3630 1428 20474 2092 6163 1100 2218 1205 424 1155 114 1208 544 1033 58 2745 59 369 317 1238 2055 715 6812 262 1746 139 1435
internal_value=-0.00031193 -0.0140893 0.00250773 -0.00321212 -0.00240751 -0.0223201 0.00293932 -0.00638199 0.00426536 0.00598357 0.00169017 -0.00151821 -0.00155353 -0.0153311 -0.00292225 0.000513413 0.0074765 0.00828937 0.00078687 -0.00955921 3.08235e-05 0.00493896 0.00524506 0.00298102 -0.00105894 0.00723497 0.00697883 -0.00989736 -0.00761741 -0.00183608
internal_weight=7128.36 1210.36 5918.01 521.966 1558.71 688.39 664.724 893.983 4359.3 2613.93 1745.38 917.701 429.713 176.03 830.413 44.3311 2097.39 1918.11 294.398 255.022 575.392 204.739 827.675 345.936 113.051 1683.63 1670.49 599.586 481.037 502.804
internal_count=64448 27601 36847 6530 16153 21071 4992 11161 20694 11483 9211 5415 3564 3744 4991 597 9265 8165 3113 1982 3009 1472 3796 2786 774 7132 7074 8048 6302 2640
is_linear=0
shrinkage=0.03


Tree=71
num_leaves=31
num_cat=0
split_feature=1 27 1 5 5 19 5 1 0 5 5 27 13 14 29 23 8 1 8 16 8 1 14 18 0 6 29 27 25 0
split_gain=332.829 94.695 55.3398 37.2719 33.8553 25.5824 23.137 22.0182 24.5314 22.2361 20.046 19.8139 19.2995 16.7061 16.0848 16.3379 15.9114 14.7836 13.8434 13.0681 13.1711 12.6891 14.2148 12.5908 12.5343 11.8044 10.9428 15.5393 13.3056 10.7324
threshold=0.55000001192092907 0.11359446868300439 2.0499999523162846 -0.35000000894069666 -3.4500000476837154 -0.30688068270683283 -1.6500000357627866 6.1499998569488534 4.5000000000000009 5.1499998569488534 -18.150000572204586 0.48360213637351995 -1.9142250418663023 -0.45806138217449183 0.92843842506408703 0.0501602590084076 0.33393259346485143 10.449999809265138 1.3431926965713503 0.029942267574369911 0.73026466369628917 43.850000381469734 -0.62563818693161 5.4149999618530282 2.5000000000000004 0.35000000894069677 -0.52034142613410939 0.50806450843811046 0.29651139676570898 4.5000000000000009
decision_type=2 2 2 10 10 2 8 2 2 8 8 2 2 2 2 2 2 2 2 10 2 2 2 2 2 8 2 2 2 2
left_child=1 6 3 5 -3 14 -1 -4 9 23 -7 29 -11 19 16 -16 -2 -14 -12 -5 -21 26 -23 -9 -20 -8 27 -10 -29 -6
right_child=2 4 7 13 11 10 25 8 21 12 18 -13 17 -15 15 -17 -18 -19 24 20 -22 22 -24 -25 -26 -27 -28 28 -30 -31
leaf_value=0.0001083310357351821 -0.012587342296319559 0.0028339437632179201 0.0064257580746824123 -0.006769758250854266 -0.020010209159302874 0.043177414941861017 -0.027483797311696985 -0.0019460362807549791 0.0089784223887402637 0.044529380059943363 -0.0074980776111228335 0.010901523801259392 0.013802979645260243 -0.014243143451452916 0.039449402825370454 0.00074195789834246651 0.0060244763044476277 -0.0036190846788216476 -0.015214155373597315 -0.010141268957892835 0.025838499923525195 0.029913565734303857 0.0056326738968061557 -0.015450187389853371 0.0042355937189477522 -0.019074214725165059 -0.0012192418064161741 0.0071386336882824052 -0.0029832320181217547 -0.0061491480261009852
leaf_weight=40.167995814234018 44.818649243563414 257.62641211971641 2520.2500734478235 119.22685463540256 152.95090996474028 7.2811152338981628 319.07099584490061 107.6229692697525 459.56005525588989 8.7154302597045881 371.13046572543681 28.214483957737684 60.023180961608887 261.89497351646423 23.412475802004337 16.476897679269314 427.41816233098507 154.69872646033764 33.513865940272808 13.539152797311543 24.712740706279874 34.163996338844299 58.261096253991127 147.08428777754307 218.65514516085386 310.77466598153114 342.09401047229767 200.02365259826183 278.3452045917511 76.410010335966945
leaf_count=518 514 1883 11414 1406 3108 31 11783 723 1979 49 4374 214 299 4094 233 161 3008 1115 311 202 224 158 259 1125 1692 8689 1516 905 1206 1275
internal_value=-3.02991e-05 -0.0145373 0.00286971 -0.00197595 -0.0048531 0.000833124 -0.0219655 0.00460154 0.00211508 -0.00373139 -0.0032101 -0.0125229 0.00316987 -0.00961388 0.00580809 0.0238699 0.00423522 0.00129247 -0.00382027 -0.0018739 0.0131696 0.00415316 0.014832 -0.00977412 0.00160079 -0.0233712 0.00337111 0.00504488 0.00125516 -0.0154392
internal_weight=7118.14 1185.22 5932.92 1562.08 515.202 1142.71 670.014 4370.84 1850.59 478.145 630.581 257.575 223.437 419.374 512.126 39.8894 472.237 214.722 623.299 157.479 38.2519 1372.45 92.4251 254.707 252.169 629.846 1280.02 937.929 478.369 229.361
internal_count=64468 27470 36998 16250 6480 10324 20990 20748 9334 3311 6408 4597 1463 5926 3916 394 3522 1414 6377 1832 426 6023 417 1848 2003 20472 5606 4090 2111 4383
is_linear=0
shrinkage=0.03


Tree=72
num_leaves=31
num_cat=0
split_feature=1 5 1 18 8 1 0 5 16 6 12 8 8 22 29 14 8 6 1 5 29 18 13 29 18 25 23 12 18 18
split_gain=294.108 86.941 62.8324 40.6558 40.4115 31.5523 31.9869 29.041 20.5854 20.5504 20.1287 19.4407 17.5035 17.0339 16.4493 15.6524 14.5608 14.3066 14.0583 14.4194 13.5924 13.57 13.3481 12.8994 12.8453 12.3692 12.0763 11.9611 11.7352 18.6238
threshold=0.45000000298023229 -0.74999999999999989 2.4500000476837163 10.934999942779543 1.0801223516464236 4.9500000476837167 4.5000000000000009 -2.0499999523162837 0.24982044845819476 11.84999990463257 26.264583587646488 19.420950889587406 5.2543632984161386 1.9738534092903139 -0.46039597690105433 0.010870031081140043 0.33393259346485143 9.9499998092651385 12.050000190734865 5.2500000000000009 -0.84313312172889698 11.09500026702881 0.28222392499446874 0.94909128546714794 0.69999998807907116 0.33938485383987432 -1.2765368223190305 -11.7590274810791 9.6549997329711932 5.2950000762939462
decision_type=2 10 2 2 2 2 2 8 10 10 2 2 2 2 2 2 2 8 2 8 2 2 2 2 2 2 2 2 2 2
left_child=1 3 4 -1 9 24 11 8 14 13 12 18 23 16 -5 -6 -2 -17 19 21 -3 -7 -18 27 -4 -9 -19 -8 29 -14
right_child=2 20 5 7 15 6 10 25 -10 -11 -12 -13 28 -15 -16 17 22 26 -20 -21 -22 -23 -24 -25 -26 -27 -28 -29 -30 -31
leaf_value=0.0011106179474018774 -0.013442363867613499 0.001208185900028676 -0.0048113903116899955 -0.014250432103248056 0.0057418417852146001 -0.0025216815786827276 -0.011925578482228093 -0.019338428590555887 -0.025008191209498213 0.031734521543020186 0.016480262237349497 0.0079113267728154104 -0.0025743691223640655 0.02048886623286765 0.031466345426849236 -0.0067025086550612676 -0.0018864536272619459 0.025517924852171872 -0.014339130413974388 0.0083812485282447041 -0.025668683251065812 -0.018171148447848454 -0.0099140688296158082 -0.013589541321276368 0.0082678599184335677 0.03147327918718415 0.0016222761060609161 0.0080653763610070046 -0.0067609450757610589 0.0082318226553494758
leaf_weight=280.71781905926764 233.19061478041112 17.525707807391882 69.844550281763077 9.0988597683608514 578.50627999939024 215.28080106526613 27.086380839347839 257.4137896001339 12.138554997742174 11.952044248580931 116.10142239928246 107.48956125229597 319.25177700817585 19.964293396100402 24.74266430363059 236.37902121245861 495.0624491404742 20.789130814373493 134.82286705821753 77.601760447025299 436.31345049105585 64.073186114430428 298.61162212118506 26.512424632906914 1650.2244255840778 3.5221062377095214 151.91852233558893 748.50163218379021 165.55602104216814 259.27216830849648
leaf_count=2990 3787 345 285 84 3916 1242 111 6262 136 54 521 584 1429 213 242 2329 5281 123 1241 413 15255 422 3874 113 7101 33 1049 3107 763 1149
internal_value=-6.64341e-05 -0.0147797 0.00247765 -0.00714293 -0.0017941 0.00467304 0.00234235 -0.014671 0.00718481 -0.00586318 0.00448393 -0.00359564 0.00357307 -0.00632232 0.0191184 0.0025698 -0.00686301 -0.00191897 -0.00612171 -0.00298658 -0.0246304 -0.00616309 -0.00491544 0.00664448 0.00773428 -0.018535 0.00462898 0.00735276 0.00025768 0.0022744
internal_weight=7069.47 1041.47 6027.99 587.634 2046.37 3981.62 2261.55 306.916 45.9801 1058.78 1662.28 599.268 1546.18 1046.83 33.8415 987.593 1026.86 409.087 491.779 356.956 453.839 279.354 793.674 802.1 1720.07 260.936 172.708 775.588 744.08 578.524
internal_count=64454 25347 39107 9747 20626 18481 11095 6757 462 13209 7193 3902 6672 13155 326 7417 12942 3501 3318 2077 15600 1664 9155 3331 7386 6295 1172 3218 3341 2578
is_linear=0
shrinkage=0.03


Tree=73
num_leaves=31
num_cat=0
split_feature=1 27 5 1 13 1 0 13 15 5 25 13 1 1 27 0 3 27 0 8 5 22 27 29 28 27 30 5 5 5
split_gain=293.252 107.855 52.0956 34.3989 30.536 21.0773 20.7952 23.8601 19.6374 18.2134 17.076 16.1712 13.6708 13.1987 13.6738 20.0764 26.2767 12.9269 14.6801 12.7717 12.6071 12.4201 12.1522 14.0978 11.3303 11.3041 11.295 13.011 11.1224 11.0701
threshold=0.94999998807907116 0.065591398626565947 -1.6500000357627866 1.9499999880790713 -0.28064805269241327 5.5499999523162851 3.5000000000000004 -1.1764565110206602 1.1301589012145998 -1.1500000357627866 0.23664513975381854 -0.60409873723983754 0.45000000298023229 57.750000000000007 0.56559139490127575 8.5000000000000018 0.56221327185630809 0.45080643892288214 4.5000000000000009 5.1622831821441659 16.44999980926514 -0.33421839773654932 1.0000000180025095e-35 0.97648853063583385 0.18492960184812549 0.030414746142923835 2.5000000000000004 -16.150000572204586 0.35000000894069677 5.3500001430511483
decision_type=2 2 10 2 2 2 2 2 2 8 2 2 2 2 2 2 2 2 2 2 10 2 2 2 2 2 2 8 8 8
left_child=1 9 11 8 17 24 7 -7 10 -1 22 -3 -11 14 15 16 -8 18 -4 -12 -16 -18 -2 26 -5 -14 27 -24 -25 -9
right_child=3 2 4 5 -6 6 13 29 -10 12 19 -13 25 -15 20 -17 21 -19 -20 -21 -22 -23 23 28 -26 -27 -28 -29 -30 -31
leaf_value=-0.0016748678396967891 -0.030161121561114237 0.0059676910745762018 -0.01503033915313849 0.0078217139965400927 -0.021333147932273283 0.011636786322425053 0.008063807273278446 -0.013000276208028202 -0.018693775481129875 -0.025246253267743844 0.0015904721559466259 -0.003829482749257207 -0.025398061549193877 0.016658502563777787 -0.0028698517121633531 0.010178751390314262 -0.0098130794845783416 0.019265661408705732 0.0043183562986054249 0.015785749496854101 0.018442825892858943 0.00074500237071609696 0.034889592504852046 0.034210170039894183 0.0034930706807043493 -0.0063669728523249487 0.0039587268609894664 -0.0070042540124077455 0.0017871610496561947 -0.0011610513976420065
leaf_weight=39.606289878487587 14.153739660978315 243.59035011008382 85.717920064926147 1564.3467084318399 220.2878972645849 67.107574135065079 346.42981662601233 170.31799205392599 57.108648601919413 437.43095364421606 241.33187019452453 397.95149910077453 44.768129050731659 65.609200641512871 403.79688430577517 396.89226469397545 153.92057855427265 17.820983525365591 58.899324998259544 73.812038980424404 25.62835955619812 283.92700462043285 5.798882931470871 14.416696719825266 838.29758137464523 75.227913031354547 120.30469502881169 437.44473557546735 25.214205704629421 121.84636989980936
leaf_count=671 225 1796 1878 7180 5730 442 1498 1320 693 15439 1786 4166 1168 302 1825 1627 757 121 1130 374 128 1407 24 133 3967 1748 1149 4577 276 849
internal_value=-6.1127e-05 -0.0112529 -0.00533621 0.0032834 -0.0140801 0.00441097 0.00216326 -0.00437797 -0.00177293 -0.0213776 -0.000717711 -0.000106045 -0.022772 0.00356706 0.00302376 0.00468941 0.00190204 -0.00417365 -0.00717452 0.00495466 -0.00155801 -0.00298048 -0.00361675 -0.00294499 0.0063135 -0.0136183 -0.00416892 -0.00637886 0.0141335 -0.00808356
internal_weight=7049.01 1621.3 1024.27 5427.71 382.726 4438.12 2035.48 359.272 989.586 597.033 932.477 641.542 557.427 1676.2 1610.59 1181.17 784.277 162.438 144.617 315.144 429.425 437.848 617.333 603.179 2402.64 119.996 563.548 443.244 39.6309 292.164
internal_count=64386 33847 14821 30539 8859 21302 10155 2611 9237 19026 8544 5962 18355 7544 7242 5289 3662 3129 3008 2160 1953 2164 6384 6159 11147 2916 5750 4601 409 2169
is_linear=0
shrinkage=0.03


Tree=74
num_leaves=31
num_cat=0
split_feature=4 27 4 27 5 8 0 29 18 13 0 15 27 11 5 27 29 13 6 22 5 28 27 27 18 3 21 27 29 27
split_gain=263.983 108.173 53.6583 36.6936 34.837 30.2915 29.9463 28.5102 26.3863 22.5167 19.4788 21.2731 20.0512 17.4239 17.4034 17.3355 16.9345 17.0365 15.4663 15.1082 14.3784 14.1978 13.8458 13.4782 15.6845 13.088 12.2612 12.1396 14.431 12.114
threshold=-1.9499999880790708 0.12591963633894923 -1.0000000180025095e-35 0.045622119680047042 -1.4499999880790708 1.6129642128944399 2.5000000000000004 0.92843842506408703 1.4950000047683718 -0.6954306662082671 6.5000000000000009 0.37742297351360327 0.45080643892288214 1.4881944060325625 -1.2499999999999998 0.15921659022569659 -0.49812626838684076 -0.60409873723983754 9.9499998092651385 0.47593112289905554 -2.0499999523162837 -0.99467751383781422 0.48360213637351995 0.13924731314182284 11.465000152587892 -0.98495379090309132 0.52927091717720043 0.023057644255459312 0.94353348016738903 0.56559139490127575
decision_type=2 2 2 2 10 2 2 2 2 2 2 2 2 2 8 2 2 2 10 2 8 2 2 2 2 2 2 2 2 2
left_child=1 9 3 14 26 15 23 8 -5 20 11 16 -12 -9 19 -4 18 21 -10 -2 -1 -18 -6 -7 -25 -14 -3 -8 29 -29
right_child=2 4 5 7 22 6 27 13 10 -11 12 -13 25 -15 -16 -17 17 -19 -20 -21 -22 -23 -24 24 -26 -27 -28 28 -30 -31
leaf_value=0.017768006488118299 -0.012554462506241371 -0.0016512923763900061 0.017683446064043044 0.0136315103931734 -0.017140528340401962 0.0070633305313194212 0.026741446223976003 -8.5546399777555688e-05 -0.0095180854600141907 -0.024712024643852942 -0.0008281769962838213 -0.013201034801071 0.008378265073538416 0.024125363456078526 -0.016045959026662122 0.0071207925204975564 -0.027556938340727016 -0.003450069279447061 0.014133344950656596 0.045934809111131451 -0.014417934677856738 0.014280273328764213 0.013437261562319948 -0.0040137820533766638 -0.021000445493372301 0.036292856374742798 0.010253202846277079 0.0055087757593170646 -0.0075760826772697781 0.00076315095717018814
leaf_weight=12.712493032217024 7.2046924717724306 206.84330858662724 184.84292653948069 98.189499586820602 142.05152796208858 74.301889039576054 20.30736055970192 44.830906754359603 271.02093746326864 481.88931555859745 588.36906958557665 230.39811788126826 87.685721941292286 65.315866641700268 193.00210964865983 577.9414269477129 6.9027182385325423 159.03907100856304 26.506373673677444 7.0301076471805573 158.75288242474198 109.75481811910868 13.962775863707064 283.49782186746597 58.325064420700073 17.551969267427921 123.65953380987048 2061.168444879353 92.91278325766325 633.08394573628902
leaf_count=113 79 1733 839 435 3296 376 92 484 2315 16343 5275 2714 426 566 3095 2511 65 1748 113 59 5008 960 115 1830 379 88 853 9231 421 2883
internal_value=-0.000208486 -0.0134185 0.00234587 -0.00178396 -0.00269933 0.00432745 0.00305351 -0.00033228 -0.00135493 -0.0213842 -0.00234619 -0.0055223 0.00133635 0.0143592 -0.0136724 0.00970021 -0.00241835 0.0029335 -0.00737072 0.0174506 -0.0119425 0.0115916 -0.0143358 -0.00444923 -0.00696501 0.0133318 0.00282034 0.00416676 0.00399275 0.00439437
internal_weight=7039.06 1139.87 5899.18 1912.8 486.517 3986.38 3223.6 1705.57 1595.42 653.355 1497.23 803.622 693.607 110.147 207.237 762.784 573.224 275.697 297.527 14.2348 171.465 116.658 156.014 416.125 341.823 105.238 330.503 2807.47 2787.17 2694.25
internal_count=64445 27461 36984 18422 5997 18562 15212 15189 14139 21464 13704 7915 5789 1050 3233 3350 5201 2773 2428 138 5121 1025 3411 2585 2209 514 2586 12627 12535 12114
is_linear=0
shrinkage=0.03


Tree=75
num_leaves=31
num_cat=0
split_feature=1 27 1 27 13 5 5 5 1 6 27 1 0 27 29 3 28 29 5 1 28 29 13 5 1 27 29 5 27 3
split_gain=259.959 90.8468 51.231 35.4819 34.1159 28.8253 28.3472 25.0595 17.1395 20.8568 18.895 16.376 16.1472 16.01 15.7832 15.4277 15.0862 14.9742 15.9778 16.135 15.2637 14.5261 14.7566 14.2415 14.0108 13.8553 21.5223 20.5405 20.2617 15.4254
threshold=0.45000000298023229 0.12591963633894923 1.9499999880790713 0.017105263657867912 -0.1993625536561012 -4.2499999999999991 -1.4499999880790708 -3.4500000476837154 3.9500000476837163 23.150000572204593 0.42634408175945288 2.4500000476837163 1.5000000000000002 0.060829492285847671 -0.43733099102973932 1.4243296980857851 -0.99467751383781422 -0.52034142613410939 3.0499999523162846 10.050000190734865 -0.5276680290699004 0.96849882602691661 0.6123502552509309 -0.45000000298023218 10.050000190734865 0.070802006870508208 -0.49812626838684076 -1.2499999999999998 0.53279572725296032 0.3896040171384812
decision_type=2 2 2 2 2 10 8 10 2 8 2 2 2 2 2 2 2 2 10 2 2 2 2 10 2 2 2 8 2 2
left_child=1 6 3 -2 16 -6 -1 -3 11 12 14 -4 -10 -13 -11 -12 -5 20 -19 -20 -14 22 -15 -8 -22 27 28 29 -27 -18
right_child=2 7 8 4 5 -7 23 -9 9 10 15 13 17 21 -16 -17 25 18 19 -21 24 -23 -24 -25 -26 26 -28 -29 -30 -31
leaf_value=0.0011692357004518144 -0.023453120416932968 0.0041229365335613277 0.0015483397867336814 -0.019150900549895232 2.578029674724201e-05 -0.01145407739481146 -0.01803011800911267 -0.010809476283866887 -0.0095612810807435659 0.013775734950572249 0.00056884258412990012 0.019802319007546396 0.0095884896912329029 0.0056483202956131269 0.003508857761685301 0.013938845736614393 -0.0012512893700632954 -0.0093206261457610996 0.0081303990694266935 -0.0089924778463133046 0.0041235901279331761 -0.011134404953368565 0.013605774098784509 -0.027911089616731631 -0.0049060078578542837 -0.0032407811802889763 0.012072162389126666 -0.010127376383739683 0.015588843934454361 0.062069185544581421
leaf_weight=45.283414989709854 67.37001321837306 206.08709709346294 453.62045342475176 24.96832761913538 395.58509036339819 390.83750972896814 248.46301393955946 196.89190423116088 139.35954183340073 323.50281466543674 648.33701921254396 98.322921425104141 250.31426682323217 766.30621731281281 231.98198487609625 87.262899629771709 7.2046411037445051 212.5780903249979 142.47296286374331 74.680479742586613 435.28931576758623 36.754678830504417 289.47654482722282 302.51742024719715 238.6117095053196 250.90890812315047 276.30250114761293 99.747212430462241 63.628675080835819 5.5981639325618744
leaf_count=657 1430 1446 2759 259 3755 6070 7320 3645 1030 1352 2756 448 1243 3283 970 398 76 1075 637 502 1907 156 1307 12268 1468 1921 2468 1585 281 36
internal_value=-3.58151e-05 -0.0141971 0.00232025 -0.00231248 -0.00135739 -0.0056868 -0.021624 -0.0031816 0.00397538 0.00253965 0.00533047 0.0064033 0.00012481 0.00824979 0.00950208 0.00217167 0.00331853 0.0011281 -0.00349346 0.0022275 0.00327844 0.00719296 0.00784092 -0.023496 0.0009239 0.00414219 0.00597923 -0.00546921 0.000605648 0.0289272
internal_weight=7010.27 999.243 6011.02 1582.15 1514.78 786.423 596.264 402.979 4428.87 2784.39 1291.08 1644.48 1493.31 1190.86 555.485 735.6 728.358 1353.95 429.732 217.153 924.215 1092.54 1055.78 550.98 673.901 703.39 590.84 112.55 314.538 12.8028
internal_count=64508 25336 39172 17881 16451 9825 20245 5091 21291 13338 5476 7953 7862 5194 2322 3154 6626 6832 2214 1139 4618 4746 4590 19588 3375 6367 4670 1697 2202 112
is_linear=0
shrinkage=0.03


Tree=76
num_leaves=31
num_cat=0
split_feature=1 27 6 1 27 8 18 6 27 25 27 3 29 15 5 18 25 5 12 12 1 27 3 20 27 29 17 3 5 13
split_gain=252.283 102.673 42.1137 37.8994 37.2699 35.2892 25.1931 23.0342 22.482 25.7641 21.5694 21.7501 21.4933 21.4278 20.4941 19.8665 19.855 18.5853 19.5746 14.9968 14.1409 14.6739 19.265 15.1781 14.6685 15.9627 16.0498 13.9983 17.1922 20.694
threshold=0.55000001192092907 0.23763440549373629 0.45000000298023229 2.4500000476837163 0.032795699313282974 1.6812690496444704 1.235000014305115 16.550000190734867 0.017105263657867912 0.174971878528595 0.15921659022569659 0.57838517427444469 -0.49812626838684076 -0.36890387535095209 -0.15000000223517415 12.184999942779543 0.11189823597669603 -7.9500000476837149 -0.7708333134651183 -8.4590277671813947 77.149997711181655 0.58198922872543346 -0.54101058840751637 1.2074194550514223 0.3852150440216065 -0.85225707292556752 1.7467666268348696 -1.0434936881065366 0.15000000223517421 -0.82435283064842213
decision_type=2 2 8 2 2 2 2 10 2 2 2 2 2 2 8 2 2 10 2 2 2 2 2 2 2 2 2 2 8 2
left_child=1 2 -1 4 -2 10 -6 12 -7 27 -5 -12 17 14 -14 -4 -3 18 -8 -16 21 22 -11 24 25 -24 -27 -10 -29 -30
right_child=3 16 15 5 6 8 7 -9 9 20 11 -13 13 -15 19 -17 -18 -19 -20 -21 -22 -23 23 -25 -26 26 -28 28 29 -31
leaf_value=-0.026452496011392913 -0.015946389459575945 -0.016591433121428988 -0.0046964726668940237 0.018201297691921824 0.015526991159603223 0.031942006255809598 0.0041588398342017165 0.026258743726359463 0.023062267019117576 0.013958746598672049 0.0082238944692398716 -0.01621178364772765 0.018156873575912679 -0.0016375211315867383 0.041285483830795444 -0.017693736043224512 0.0047165885117167921 -0.0090173174391684225 -0.017703440979285695 0.0011066102774801333 0.027479725185120884 -0.00056512497085898096 0.015932119593344857 -0.0041467860368563777 0.0021572185853811388 0.0043515882268619667 0.030789266312708678 -0.010430871994046426 0.009092699572625167 -0.0042631258266654128
leaf_weight=357.26713152788579 138.78238984942436 45.228420209139585 175.86021323315799 199.99657272547483 89.9171983897686 22.456237286329269 243.13238173723221 27.06931334733963 17.713876485824585 191.89211308956146 588.29846701025963 33.803228169679642 113.58149411529303 585.28043753840029 7.6896629408001891 268.45321780443192 264.03486308269203 427.26249465160072 42.415932219475508 222.86501547507942 21.744493082165718 558.43421794474125 175.5146436393261 185.03361847996712 792.90384951978922 496.5919122621417 20.608367174863815 208.2470713481307 149.85031789541245 338.16072961688042
leaf_count=14251 2378 592 3617 914 395 103 1461 115 77 812 2555 156 889 6623 51 7002 2078 4004 380 2025 105 2568 768 821 3570 2157 90 1226 806 1928
internal_value=-1.58087e-05 -0.0131244 -0.0187836 0.00245437 -0.00103659 0.00411016 0.000148014 -0.00068918 0.00267578 0.00245754 0.00964709 0.00687224 -0.00114908 0.00185603 0.00778513 -0.0125715 0.00155695 -0.00506448 0.000860923 0.0026192 0.00392248 0.00369964 0.00497793 0.00393865 0.0049478 0.00813428 0.00546241 -0.00255296 -0.00323679 -0.000151833
internal_weight=7010.09 1110.84 801.581 5899.25 1898 4001.25 1759.21 1669.3 3179.15 3156.7 822.098 622.102 1642.23 929.417 344.136 444.313 309.263 712.811 285.548 230.555 2442.72 2420.98 1862.54 1670.65 1485.62 692.715 517.2 713.972 696.258 488.011
internal_count=64517 27540 24870 36977 18321 18656 15943 15548 15031 14928 3625 2711 15433 9588 2965 10619 2670 5845 1841 2076 10891 10786 8218 7406 6585 3015 2247 4037 3960 2734
is_linear=0
shrinkage=0.03


Tree=77
num_leaves=31
num_cat=0
split_feature=2 27 2 27 2 5 27 14 28 29 27 27 29 5 0 5 0 6 14 29 28 13 2 28 27 13 28 27 27 17
split_gain=239.631 82.8614 45.0962 48.6741 30.2951 25.9061 23.875 23.6496 24.8011 23.1488 28.9696 20.8869 25.5578 25.6153 20.7404 20.3213 17.4648 16.9249 15.8963 15.687 15.474 14.3969 15.5376 13.8929 23.8313 14.1545 14.2413 13.6133 12.5987 12.5057
threshold=0.3709686696529389 0.12591963633894923 1.2382691502571108 0.032795699313282974 1.4928410053253176 -1.3499999642372129 0.39354838430881506 0.2286929786205292 -0.99275806546211232 -0.49812626838684076 0.53279572725296032 0.017105263657867912 -0.50557503104209889 2.8500000238418584 5.5000000000000009 -2.6499999761581416 2.5000000000000004 16.550000190734867 -1.2086961865425108 -0.46039597690105433 -0.12546116113662717 -0.6191902458667754 2.021525621414185 0.52766072750091564 0.34435483813285833 0.30156320333480841 -0.71504372358322132 0.37715053558349615 0.060829492285847671 0.12717652320861819
decision_type=2 2 2 2 2 8 2 2 2 2 2 2 2 8 2 8 2 10 2 2 2 2 2 2 2 2 2 2 2 2
left_child=1 5 3 -2 -4 -1 15 8 -5 10 17 -6 16 -14 29 19 -13 -10 -17 -3 -21 -15 -23 24 -18 26 -26 -16 -11 -9
right_child=2 6 4 7 11 -7 -8 14 9 28 -12 12 13 21 27 18 23 -19 -20 20 -22 22 -24 -25 25 -27 -28 -29 -30 -31
leaf_value=-0.00048714037380969533 -0.017733210048262307 -0.009969804988897879 0.0088398010878319583 -0.018143932515900959 0.036028812175185769 -0.023347856636939491 0.0068311035684769815 -0.014759980301188701 -0.0056376820806378408 -0.0028581439296909076 0.012702151842164179 -0.0035242800901877144 -0.0087815887224843483 0.0079745648580435233 -0.003259697104095587 0.0063729042582294261 0.014629121166847264 0.030455571018189243 -0.016029073831268399 0.0050812910657199563 0.050469622430382555 0.0042365479180095644 -0.006819470981957977 -0.0021282167508893586 0.01094724285015241 0.0085826283776782343 0.00072675565091715323 0.010271846274336997 0.0090687796268618375 -0.001005951361611271
leaf_weight=48.810601787641644 155.81003164872527 22.624106962233782 848.93178187310696 50.679078850895166 15.588792160153387 523.21228236146271 131.48794943094254 208.03904543444514 435.10234237089753 94.175146479159594 105.95429366081953 238.09379190206528 313.9514561444521 214.70670320093632 298.02704326435924 33.05700016207993 245.14309266209602 11.032603040337561 186.63377649523318 17.450793750584129 10.306594487279652 222.37028522789478 233.5728103518486 212.66983462125063 144.43756458908319 499.76812813431025 786.00761616975069 85.203166279941797 503.59304703213274 83.382028244435787
leaf_count=755 2953 138 3770 503 70 19441 794 2672 3410 1260 486 1582 1580 1012 3467 402 1086 46 3566 120 74 931 1172 953 637 2214 3546 484 4454 950
internal_value=-0.000279373 -0.014078 0.00195929 -0.00167695 0.00381703 -0.0214014 -0.00361846 -0.000334086 0.00219116 0.0031024 -0.00132636 0.00245074 0.00227094 -0.00172377 -0.00482434 -0.00871239 0.00412083 -0.004679 -0.0126446 0.00834669 0.0231034 0.00158836 -0.00142981 0.00508629 0.00600282 0.00451506 0.00232338 -0.00023234 0.00718812 -0.0108415
internal_weight=6979.82 973.583 6006.24 2031 3975.24 572.023 401.56 1875.19 1200.54 1149.86 552.089 3126.31 3110.72 984.601 674.651 270.072 2126.12 446.135 219.691 50.3815 27.7574 670.65 455.943 1888.03 1675.36 1430.21 930.445 383.23 597.768 291.421
internal_count=64528 25290 39238 20685 18553 20196 5094 17732 10159 9656 3942 14783 14713 4695 7573 4300 10018 3456 3968 332 194 3115 2103 8436 7483 6397 4183 3951 5714 3622
is_linear=0
shrinkage=0.03


Tree=78
num_leaves=31
num_cat=0
split_feature=1 27 1 5 6 18 0 15 13 5 14 27 27 22 1 1 5 27 29 23 24 15 27 1 1 18 24 28 5 29
split_gain=219.012 90.0623 35.6557 32.7147 31.7472 30.1749 28.791 22.3032 20.3725 17.7616 16.3382 16.2992 14.0768 12.7738 12.4581 14.795 12.7114 16.7367 14.3296 11.3767 13.8439 11.1493 11.0963 11.0812 13.7481 17.9632 11.4284 10.2811 10.3598 12.345
threshold=0.45000000298023229 0.1090831905603409 1.4499999880790713 -1.2499999999999998 0.94999998807907116 13.965000152587892 2.5000000000000004 -1.2198550105094907 -0.16446979343891141 -10.65000009536743 -1.7987640500068662 0.44274193048477178 0.032795699313282974 -0.01814471464604139 2.9500000476837163 1.8499999642372134 1.4499999880790713 0.16397849470376971 -0.79382744431495655 1.3953854441642763 0.25497339665889746 -0.069162186235189424 0.28801843523979193 54.45000076293946 11.550000190734865 11.034999847412111 1.1569498777389529 -0.99866804480552662 -1.4499999880790708 -0.46039597690105433
decision_type=2 2 2 8 8 2 2 2 2 8 2 2 2 2 2 2 10 2 2 2 2 2 2 2 2 2 2 2 10 2
left_child=1 3 4 7 8 11 10 -1 19 -6 -4 27 -11 -14 15 21 18 -18 -16 -2 -21 -12 -22 24 -8 -26 -25 -3 29 -29
right_child=2 5 6 -5 9 -7 23 -9 -10 12 14 -13 13 -15 16 -17 17 -19 -20 20 22 -23 -24 26 25 -27 -28 28 -30 -31
leaf_value=0.051233844122562315 -0.0060130503597830877 -0.030958014540658444 0.018371816574130163 -0.02391067295985114 0.017957551629538812 -0.018960680162916348 0.0048365939405640764 -0.006021031791599114 -0.018165777789481887 -0.015222818119935059 0.0013153782274887532 0.010870200345643873 -0.0038096195735350053 0.0044079326903400089 -0.0037389178086794854 0.0070891986540005045 0.014570399097829255 -0.0060007875858875785 -0.020045654251772779 0.046963904857299524 -0.02524462869315159 -0.024297062910821211 0.028740641130820515 0.0092420126241527546 0.0022614438360184109 -0.011009535164605767 0.037559437007906586 -0.0066966761706397648 -0.010430264898231744 0.0097227299165119872
leaf_weight=6.3714467175304881 133.08127576299012 10.617579281330107 31.044282369315624 474.00002331845462 48.692874044179916 87.735286485403776 3451.3454466797411 35.308060141280293 159.44475255347788 53.655334642156959 33.643732417374849 99.025497511029243 316.38980816677213 366.24883929640055 94.126587711274624 155.57198513671756 44.484350949525833 162.83711634576321 100.29933129251003 7.6130823921412256 7.1193899121135455 26.901863276958466 4.9354259148240089 59.189322933554649 614.330336779356 106.89071473479271 15.788774341344832 74.006230488419533 86.319331245496869 90.568191338330507
leaf_count=66 2196 178 175 18265 206 2027 17082 624 3437 1156 265 543 3347 3249 588 855 232 1111 615 117 100 331 34 272 3091 576 74 569 2136 890
internal_value=0.000128036 -0.0131365 0.0022632 -0.021674 -0.00262315 -0.00328889 0.00335843 0.00372674 -0.0106985 0.00059801 -0.00252403 0.000566683 -0.000572817 0.000599255 -0.00360192 0.00219976 -0.00672061 -0.00153814 -0.0122107 -0.00283655 0.017908 -0.0102747 -0.00263374 0.00425749 0.00404961 0.000282058 0.0156209 -0.00336146 -0.00207533 0.00234336
internal_weight=6957.59 963.952 5993.63 515.68 1097.18 448.272 4896.45 41.6795 312.194 784.987 648.909 360.537 736.294 682.639 617.865 216.118 401.747 207.321 194.426 152.749 19.6679 60.5456 12.0548 4247.54 4172.57 721.221 74.9781 261.511 250.894 164.574
internal_count=64407 25298 39109 18955 13842 6343 25267 690 5884 7958 4172 4316 7752 6596 3997 1451 2546 1343 1203 2447 251 596 134 21095 20749 3667 346 3773 3595 1459
is_linear=0
shrinkage=0.03


Tree=79
num_leaves=31
num_cat=0
split_feature=1 6 12 1 0 14 6 6 22 14 23 3 11 3 1 1 25 29 12 24 1 1 15 1 22 24 29 14 28 1
split_gain=212.858 99.7626 36.8074 29.3063 26.9118 26.0513 24.6552 19.8768 19.745 17.4116 15.9562 22.1213 14.0305 13.2405 13.0208 17.1041 12.5229 10.858 10.2353 9.93513 13.7699 19.6211 12.1285 11.0109 9.98452 9.7048 9.66955 9.9842 9.72398 9.57418
threshold=0.55000001192092907 0.75000000000000011 -1.3291667103767393 1.4499999880790713 2.5000000000000004 -1.7987640500068662 3.1499999761581425 10.650000095367433 -0.57819834351539601 -0.51460236310958851 0.59254243969917308 -0.92583820223808277 9.8812499046325701 -1.6119829416275022 11.34999990463257 42.95000076293946 0.22901142388582232 -0.99938741326332081 -4.535416603088378 0.91898947954177868 2.9500000476837163 2.3500000238418584 0.795727699995041 8.7500000000000018 0.33743183314800268 1.1569498777389529 -0.39036008715629572 0.17820080369710925 0.031174179166555408 2.4500000476837163
decision_type=2 8 2 2 2 2 10 10 2 2 2 2 2 2 2 2 2 2 2 2 2 2 2 2 2 2 2 2 2 2
left_child=1 12 13 7 5 -5 9 8 -2 10 -4 -12 -1 18 17 26 -10 -6 -3 20 21 -7 -22 -24 -21 -17 28 -28 -16 -19
right_child=3 2 6 4 14 19 -8 -9 16 -11 11 -13 -14 -15 15 25 -18 29 -20 24 22 -23 23 -25 -26 -27 27 -29 -30 -31
leaf_value=-0.024304988148613968 -0.010941475667273298 0.015890371158990141 -0.012286836584625017 0.025176549745345337 -0.0066250468692737258 -0.0072459972712100341 0.014030618371160732 0.018119545293547517 -0.0038427441719389292 -0.0200096983157773 0.07372699450329237 0.0027462019583030547 0.014651121941413619 -0.0025106326771001191 0.0030574391564304275 0.0069101479101748775 0.0046307508944385262 0.0021343803631521606 -0.0023080772919172108 0.010382248045342157 -0.011681812733328582 0.013586440925764809 0.017504567457872027 -0.022829402937124876 -0.0053753262681425383 0.028973774736404619 -0.0022340162645282818 -0.020611855652628998 -0.005301995374882751 0.0059785766507441194
leaf_weight=418.13615289703012 234.44145123288035 82.629178315401077 66.870085699483752 28.220871724188328 71.642577603459358 101.97021749988198 28.610961578786373 39.164866074919701 446.88893620111048 191.60610855184495 3.7114579640328911 25.041249755769968 7.8692751787602893 206.49778689444065 389.32693145424128 98.422619119286537 240.6970647778362 754.24431474879384 41.332137480378151 76.984335653483868 275.47781401127577 66.279702231287956 24.036334931850437 7.1147543042898169 66.660293731838465 21.263767927885056 70.61566423624754 41.964465752243996 183.40750483423471 2591.3516067191958
leaf_count=16447 3245 400 1679 160 325 865 216 165 6268 5384 33 578 109 2490 1953 445 1845 5432 249 488 1755 298 124 70 414 99 391 230 939 11174
internal_value=-2.11979e-05 -0.0122989 -0.00485606 0.00223868 0.00318365 -0.00251204 -0.0121625 -0.00254647 -0.00344298 -0.0148112 -0.00429539 0.0140786 -0.0235528 0.00214277 0.00405648 0.000623071 -0.000874086 0.00486487 0.00985259 -0.00381396 -0.00590234 0.000992436 -0.00967649 0.00786895 0.00308312 0.0110376 -0.0012092 -0.00920555 0.000375911 0.00511282
internal_weight=6902.48 1072.3 646.299 5830.18 4868.98 646.744 315.84 961.192 922.027 287.229 95.6228 28.7527 426.005 330.459 4222.24 805.001 687.586 3417.24 123.961 618.523 474.879 168.25 306.629 31.1511 143.645 119.686 685.315 112.58 572.734 3345.6
internal_count=64270 27585 11029 36685 25162 4174 7890 11523 11358 7674 2290 611 16556 3139 20988 4057 8113 16931 649 4014 3112 1163 1949 194 902 544 3513 621 2892 16606
is_linear=0
shrinkage=0.03


Tree=80
num_leaves=31
num_cat=0
split_feature=8 1 27 5 27 1 5 13 27 8 13 1 1 5 13 25 18 5 12 3 3 29 5 5 12 1 27 8 25 18
split_gain=199.42 49.8431 49.9893 43.2366 35.2957 34.1245 23.5308 18.2524 16.5512 16.4886 14.8101 14.4098 14.6372 20.0071 14.3593 13.8656 13.7035 13.3487 12.4936 14.1085 12.0712 11.6375 11.3576 11.2468 9.97997 9.65065 24.0732 21.8067 23.6005 17.3292
threshold=0.35237091779708868 1.5500000119209292 0.032795699313282974 -1.3499999642372129 0.42634408175945288 2.6499999761581425 -3.4500000476837154 -0.39909964799880976 0.038972431793808944 0.77942124009132396 -1.4358106255531309 69.350002288818374 11.650000095367433 13.050000190734865 -1.9142250418663023 0.19788529723882678 2.6550000905990605 7.4500000476837167 -5.7173612117767325 0.31324499845504766 0.36330404877662664 -0.49812626838684076 0.35000000894069677 -1.4499999880790708 -8.8826389312744123 2.4500000476837163 0.017105263657867912 1.6812690496444704 0.17136809229850772 7.3450000286102304
decision_type=2 2 2 8 2 2 10 2 2 2 2 2 2 8 2 2 2 10 2 2 2 2 8 8 2 2 2 2 2 2
left_child=3 2 23 10 6 8 15 -8 -5 -6 -1 12 17 20 -15 18 -16 25 -4 -20 -14 -12 -10 -2 -11 -3 -27 -28 29 -29
right_child=1 11 4 5 9 -7 7 -9 22 24 21 -13 13 14 16 -17 -18 -19 19 -21 -22 -23 -24 -25 -26 26 27 28 -30 -31
leaf_value=0.03356039639721204 0.016190314817674349 0.00065664428052650096 0.032018261414805106 -0.02566733507525536 -0.014096387299116289 0.012492527959995097 -0.0022167506065958595 -0.013559256994493535 -0.020637335613071621 0.017583126152329535 -0.014187139094023913 0.020683006035392318 0.0028165904167804369 0.026795887776911873 -0.007031638801048878 -0.0028974443548226893 0.0045898560822083432 0.018121454189832908 0.001411564580905649 0.03133306542330911 -0.010388716738449003 0.0072811244634609033 -0.0098502676610956671 -0.022971234440333364 0.0056068337596751503 0.028975243353873855 0.0085659694342255389 0.0053291068860788597 0.0043259514591962884 -0.0065622528171945015
leaf_weight=11.530313685536383 6.2929016426205635 782.86929811164737 16.251867931336164 235.66402088664472 29.693540804088116 31.021096780896187 225.89186732284725 294.08280856907368 179.69734267890453 86.692600976675749 36.43569028750062 41.155113741755486 86.483530409634113 20.826151296496391 117.27642625570297 338.94163687899709 400.15307497233152 57.106376014649868 122.97392851114273 15.048350591212509 218.515798792243 56.850470472127199 177.73870624788105 121.69093331508338 225.05921687558293 34.472075119614601 738.44770427793264 157.27723818272352 1701.7798696532845 363.51130045205355
leaf_count=90 95 5551 100 9358 254 137 3487 6327 6127 415 334 194 542 97 556 3272 1901 275 1495 163 1578 725 3041 3703 1383 168 3257 809 7214 1831
internal_value=-3.70109e-05 0.00170824 -0.00308865 -0.0148692 -0.00138835 -0.0178593 -0.00419922 -0.00864546 -0.0194652 0.00694043 0.00293559 0.00321538 0.00305735 -0.000520783 0.00295668 0.000496249 0.00194734 0.00384396 0.00792286 0.00487577 -0.00664734 -0.00116548 -0.0153158 -0.0209351 0.0089828 0.00362343 0.00439832 0.00410251 0.00261634 -0.00296775
internal_weight=6931.43 6202.49 1482.62 728.938 1354.64 624.121 1013.19 519.975 593.1 341.445 104.816 4719.87 4678.72 843.255 538.256 493.216 517.43 3835.46 154.274 138.022 304.999 93.2862 357.436 127.984 311.752 3778.36 2995.49 2961.02 2222.57 520.789
internal_count=64479 44667 20694 19812 16896 18663 14844 9814 18526 2052 1149 23973 23779 4674 2554 5030 2457 19105 1758 1658 2120 1059 9168 3798 1798 18830 13279 13111 9854 2640
is_linear=0
shrinkage=0.03


Tree=81
num_leaves=31
num_cat=0
split_feature=2 27 2 5 18 6 27 15 0 28 21 15 29 5 13 27 5 12 3 3 0 27 27 2 12 28 8 12 12 5
split_gain=201.092 86.0516 29.7211 26.0828 25.4786 24.2823 21.4868 19.7142 25.5766 18.2943 18.0917 17.8432 16.3321 15.7588 18.2793 14.6339 25.7791 29.2858 16.0738 21.7049 16.0192 14.3612 14.1751 14.106 16.7093 13.0486 12.9492 12.619 12.3803 14.1198
threshold=0.43773436546325689 0.11359446868300439 1.0816615223884585 -0.65000000596046437 13.965000152587892 16.550000190734867 0.017105263657867912 0.08535900712013246 5.5000000000000009 -0.99467751383781422 -1.3493092656135557 -0.0024839577381499107 -0.4755979031324386 -0.15000000223517415 -0.28064805269241327 0.42634408175945288 3.0499999523162846 2.3173611164093022 -0.54101058840751637 1.4243296980857851 2.5000000000000004 0.62096774578094494 0.33602151274681097 1.2088489532470705 6.0291666984558114 -0.99630266427993763 25.264962196350101 -4.2472221851348868 2.4645833969116215 1.1500000357627871
decision_type=2 2 2 10 2 10 2 2 2 2 2 2 2 8 2 2 8 2 2 2 2 2 2 2 2 2 2 2 2 8
left_child=1 3 5 11 -3 6 -2 9 -9 -8 28 -1 21 14 -14 16 17 -12 -17 20 -20 -11 -15 -18 25 -25 -26 -22 -4 -30
right_child=2 4 10 -5 -6 -7 7 8 -10 12 15 -13 13 22 -16 18 23 -19 19 -21 27 -23 -24 24 26 -27 -28 -29 29 -31
leaf_value=-0.0062701592987882918 -0.020472358501372242 0.00024655184844063808 0.013458782416015527 -0.026475331070934121 -0.017288434279325214 0.025669633098441308 -0.022185767863420854 -0.013621252727524997 -0.00039407938682495855 -0.0042619506827673431 0.0032699528357354418 -0.021936445929866294 0.021256470837547396 -0.00026735401261343512 -0.0022676348940138613 0.0047854133849278497 -0.0042233071741929673 -0.0098795666143748836 -0.012825090912301265 0.011888180754021387 -0.0084212860211275095 0.017461700950661411 0.020813095219910576 0.032524550367896359 -0.0010810563624415487 0.0095818043066963274 0.022369639159895396 0.0003399740176433655 -0.01760944710011135 0.0072911029852187389
leaf_weight=145.80268713831902 54.962370049208403 399.37973983585835 247.49247346073389 291.11019929870963 90.693156553432345 27.596375301480293 27.341499615460634 225.02703032270074 314.97386489249766 321.84925926290452 823.1395031735301 119.43004156276584 100.85365643166006 248.33719849027693 41.728805243968964 601.00637170672417 87.166402526199818 186.03182454407215 117.16986355185509 103.98770266771317 177.66424036771059 28.942076794803143 31.457458734512329 22.124524250626564 215.28752054274082 843.90923465043306 22.497474625706673 860.448346093297 25.850136905908585 85.65234749019146
leaf_count=3924 1170 4500 1188 13354 2000 115 285 3199 3582 2589 4080 3755 828 3006 449 2633 561 1040 906 494 760 133 182 99 1159 3753 102 3991 146 419
internal_value=-9.9098e-05 -0.0122039 0.00207063 -0.0202676 -0.00302708 -0.0016992 -0.00225843 -0.00149694 -0.00592104 0.0014911 0.00328464 -0.0133803 0.00235596 0.00632305 0.014404 0.00271238 0.0043679 0.000838575 0.000753091 -0.00117367 -0.00235864 -0.0024251 0.00216841 0.00735523 0.00827256 0.0102048 0.00122207 -0.0011661 0.00973175 0.00141308
internal_weight=6888.91 1046.42 5842.5 556.343 490.073 1423.07 1395.47 1340.51 540.001 800.51 4419.43 265.233 773.168 422.377 142.582 4060.43 2200.16 1009.17 1860.28 1259.27 1155.28 350.791 279.795 1190.99 1103.82 866.034 237.785 1038.11 358.995 111.502
internal_count=64402 27533 36869 21033 6500 15538 15423 14253 6781 7472 21331 7679 7187 4465 1277 19578 10794 5120 8784 6151 5657 2722 3188 5674 5113 3852 1261 4751 1753 565
is_linear=0
shrinkage=0.03


Tree=82
num_leaves=31
num_cat=0
split_feature=1 27 1 14 27 5 5 15 29 5 1 1 0 15 18 18 21 14 20 29 1 5 27 1 15 29 30 21 12 18
split_gain=192.805 88.8436 30.9741 26.0918 23.9065 21.7262 19.7838 23.3549 17.4738 17.0959 15.4215 21.1542 16.5456 14.0341 12.2366 12.0954 11.6922 10.9085 10.8878 10.8675 20.3133 11.3162 23.1695 32.7813 13.9605 12.8957 14.6374 11.3298 11.4075 13.4049
threshold=0.55000001192092907 0.1090831905603409 1.9499999880790713 -0.52709469199180592 0.017105263657867912 -0.15000000223517415 -0.84999999403953541 -1.2053942680358884 0.99611392617225658 -0.94999998807907093 8.7500000000000018 32.549999237060554 2.5000000000000004 1.0277521610260012 15.34500026702881 11.034999847412111 -1.3493092656135557 -1.9872805476188657 -0.45721171796321863 0.94909128546714794 3.0499999523162846 1.6500000357627871 0.23095238208770755 2.4500000476837163 -0.1705028638243675 -0.82413947582244862 1.0000000180025095e-35 0.23998627811670306 -6.6118056774139395 3.2649999856948857
decision_type=2 2 2 2 2 10 8 2 2 10 2 2 2 2 2 2 2 2 2 2 2 8 2 2 2 2 2 2 2 2
left_child=1 6 4 -3 -2 8 7 18 13 -5 16 12 -12 -6 -7 -14 -4 -13 -1 21 -21 25 23 -23 27 26 -18 28 -24 -30
right_child=2 3 10 9 5 14 -8 -9 -10 -11 11 17 15 -15 -16 -17 19 -19 -20 20 -22 22 24 -25 -26 -27 -28 -29 29 -31
leaf_value=0.0028381096091232468 -0.021000689543590648 0.0046601664470899721 0.010339670623291566 -0.004275791331703983 0.0015423135997781931 -0.0048113212473995855 -0.022951260763309712 -0.011987880453670729 0.029185945740670943 -0.019947770670508048 -0.013198015598715879 0.036639240963555031 0.0013891285766716734 -0.011192151940111618 -0.01927605889148459 -0.0077726897321991235 -0.0048344687054238883 0.0069382400752056161 0.07049271631420588 0.0099319284056660195 -0.01219952853787898 -0.0067814388168282065 -0.021649837229875131 0.014172134375104728 0.0064398269660933417 -0.00039718794961446304 0.0084711766134690988 0.0031350383619740923 0.015612885368256467 -0.0074517545429065371
leaf_weight=3.963138435035944 54.961981758475304 218.85835280455649 272.96531121432781 212.31612567231059 961.4558974262327 241.11867882311344 453.83064225316048 54.157731683924794 18.485266666859388 88.341702576726675 96.404867365956306 10.775024026632307 752.77486128360033 83.746756022796035 66.756466697901487 155.63888283073902 91.312255881726742 232.14327649772167 3.8906724937260142 59.22956445068121 97.356504194438457 78.29790286719799 35.246028333902359 451.60376098752022 566.23811767995358 729.96384820342064 388.03337468206882 272.28409758210182 27.639048159122467 108.27522534877062
leaf_count=53 1181 2285 1299 2383 8608 3294 18865 1153 178 2694 973 52 3682 1015 1231 806 443 1116 49 313 437 538 148 2023 2472 3562 1744 1174 117 474
internal_value=-4.86559e-05 -0.0119756 0.00206293 -0.00320775 -0.00178044 -0.000995497 -0.0207826 -0.00479883 0.00103749 -0.00893152 0.00330175 0.000474933 -0.00144754 0.000512243 -0.00799996 -0.00018739 0.00441095 0.00840048 0.0405297 0.00385059 -0.00381828 0.00428866 0.00599409 0.0110691 0.00332231 0.0021143 0.00593175 -0.000664017 -0.00669071 -0.00268163
internal_weight=6888.07 1035.36 5852.71 519.516 1426.53 1371.56 515.842 62.0115 1063.69 300.658 4426.18 1247.74 1004.82 1045.2 307.875 908.414 3178.45 242.918 7.85381 2905.48 156.586 2748.89 1539.58 529.902 1009.68 1209.31 479.346 443.444 171.16 135.914
internal_count=64362 27482 36880 7362 15507 14326 20120 1255 9801 5077 21373 6629 5461 9623 4525 4488 14744 1168 102 13445 750 12695 6946 2561 4385 5749 2187 1913 739 591
is_linear=0
shrinkage=0.03


Tree=83
num_leaves=31
num_cat=0
split_feature=1 6 27 1 18 1 16 27 6 27 6 29 29 6 15 28 29 27 25 3 19 1 6 6 25 19 3 15 27 28
split_gain=174.999 84.4402 37.3148 31.3013 30.984 22.2856 22.1546 21.0413 20.8011 13.5775 16.4736 14.4878 13.3385 13.1162 13.2094 16.1349 18.2883 18.5837 14.2156 12.6162 14.9121 14.8309 12.4769 12.1153 12.0458 11.9321 11.8647 11.6414 13.6491 13.5769
threshold=0.45000000298023229 0.65000000596046459 0.045622119680047042 1.9499999880790713 15.414999961853029 6.6499998569488534 0.39016793668270117 0.016397849656641487 22.250000000000004 0.42634408175945288 3.1499999761581425 -0.46039597690105433 -0.36648371815681452 24.250000000000004 -0.077363658696413026 -0.99275806546211232 -0.49812626838684076 0.070802006870508208 0.27107964456081396 1.4983282685279848 -0.98771044611930836 32.049999237060554 1.8499999642372134 1.3499999642372134 0.15600236505270007 -1.3024327158927915 -1.2706387042999265 0.77559402585029613 0.56559139490127575 0.16799744963645938
decision_type=2 8 2 2 2 2 10 2 8 2 10 2 2 10 2 2 2 2 2 2 2 2 8 10 2 2 2 2 2 2
left_child=1 12 23 4 7 27 9 -2 25 10 -4 -12 -1 14 15 -9 18 -18 -17 -10 -21 -22 -6 -3 -16 -7 -20 28 29 -5
right_child=3 2 6 5 22 8 -8 13 19 -11 11 -13 -14 -15 24 16 17 -19 26 20 21 -23 -24 -25 -26 -27 -28 -29 -30 -31
leaf_value=-0.008645175062664474 -0.023018089930334173 -0.023986153655558357 -0.005389942056182347 0.0065518465057734761 -0.018489358803748308 0.0078865754798689933 -0.020315103029967391 -0.020227665360184988 0.0017322122551947595 0.010718730805168141 -0.0031706785527402725 0.027263651349437219 -0.026110347267126056 0.026755076130780923 -0.010904047454497348 -0.006208316690350978 -0.0026655589110325313 0.012376908373352988 0.017873904077846316 0.026100281473214193 -0.0072677241807321971 0.013258882280456304 -0.0051628065039514585 0.0056091549463374588 -0.0006324341372577236 -0.0043508193578243011 -0.0018917675901890039 0.0096048142251627128 -0.0025188299880807164 0.0014806073725267175
leaf_weight=46.61420613899827 33.814663326367736 99.478544114157557 242.52332619577646 1342.3949042856693 119.05608296953142 78.661141410470009 47.331395957618952 25.069996546953917 715.1298151165247 99.680460844188929 26.788958206772804 28.236254170536995 305.47746563516557 16.05415903031826 137.62574662640691 203.18539766408503 100.99058050476015 271.57649850659072 49.463588871061802 41.877261564135551 49.385060891509056 84.89047883450985 135.89383847825229 13.82379321567714 397.63022682256997 724.1199282631278 59.255143664777279 380.3242134526372 260.54978928714991 736.23986567556858
leaf_count=1422 785 3705 4489 6172 2428 456 820 259 3058 533 154 182 13764 67 2092 1699 1568 2359 221 195 216 392 1853 235 4184 4355 359 1860 1093 3506
internal_value=-9.96408e-05 -0.0123465 -0.00506964 0.00177093 -0.00189633 0.00305865 -0.0011363 -1.0781e-05 0.00035728 0.00119421 -0.00202178 0.0126546 -0.0238291 0.000624003 0.000265784 0.00294818 0.00382531 0.00830317 -0.00153291 0.00351035 0.0106786 0.00571151 -0.0114339 -0.0203578 -0.00328889 -0.00314341 0.00718193 0.00474067 0.00394605 0.00475722
internal_weight=6873.14 909.954 557.863 5963.19 1549.62 4413.57 444.56 1294.67 1694.06 397.229 297.549 55.0252 352.092 1260.85 1244.8 709.541 684.471 372.567 311.904 891.283 176.153 134.276 254.95 113.302 535.256 802.781 108.719 2719.51 2339.18 2078.63
internal_count=64481 25304 10118 39177 17874 21303 6178 13593 8672 5358 4825 336 15186 12808 12741 6465 6206 3927 2279 3861 803 608 4281 3940 6276 4811 580 12631 10771 9678
is_linear=0
shrinkage=0.03


Tree=84
num_leaves=31
num_cat=0
split_feature=4 5 18 18 25 4 3 8 13 27 4 27 29 15 29 30 8 0 22 5 8 4 12 13 6 25 19 19 29 12
split_gain=177.14 71.119 38.5716 31.8584 24.5493 22.8908 14.4261 13.2218 13.0965 12.4046 19.3014 25.7653 19.4358 17.8239 15.5831 22.5249 13.4895 11.8905 11.4582 11.2735 11.1646 11.0369 16.64 10.9588 10.7979 10.6824 14.5264 11.6387 10.6391 10.4002
threshold=-2.1499999761581416 -0.74999999999999989 13.545000076293947 11.265000343322756 0.18988029658794406 -1.0500000119209287 -1.6119829416275022 2.5560377836227421 -0.60409873723983754 0.58198922872543346 -1.0000000180025095e-35 0.1475806459784508 -0.52034142613410939 1.1704998016357424 0.99681594967842113 1.0000000180025095e-35 1.9446496367454531 3.5000000000000004 1.2860301136970522 -1.8499999642372129 9.6753983497619647 -0.65000000596046437 1.9645833373069765 -1.9142250418663023 1.8499999642372134 0.16732075065374377 -1.1175692677497862 -1.4297310709953306 -0.45273527503013605 -3.6354167461395259
decision_type=2 10 2 2 2 2 2 2 2 2 2 2 2 2 2 2 2 2 2 8 2 2 2 2 10 2 2 2 2 2
left_child=1 3 4 -1 8 17 18 -7 24 10 14 -12 13 20 16 -16 -8 -4 -6 28 -13 -10 -23 -22 -2 -3 27 -27 -5 -11
right_child=2 25 5 19 6 7 9 -9 21 29 11 12 -14 -15 15 -17 -18 -19 -20 -21 23 22 -24 -25 -26 26 -28 -29 -30 -31
leaf_value=0.0016974445115759578 -0.0011610538094334482 -0.026614185549474419 -0.020755765924487423 -0.024227080314467218 0.018586203604783618 0.0022259487227991471 -0.0034451914525053624 -0.0058816045717806058 -0.0076617347319292376 -0.0068253198275915646 0.021337683211433929 0.0085076215173667796 0.00086737660112607437 0.025082388066586234 0.064800173005968603 -0.012014826744979284 0.0047740278377705206 -0.0067875142913550526 -0.008571033244741795 -0.017692428051819691 0.026574687100566353 0.0034170996350535829 -0.0070433456840572296 0.00060788716561872781 0.0067502126301965601 -0.0079323528536328815 -0.018544116876719099 0.057677267154247681 0.0094579531578333417 0.0022844115215354642
leaf_weight=237.6181095149368 295.79133225232363 273.70509218238294 67.055279906839132 10.719145406037567 97.473998066037893 560.93366806209087 416.06129770539701 266.07375266030431 275.74021501466632 148.40884222090244 97.443380668759346 930.61810303479433 553.40945502370596 49.524270333349705 7.0253550317138416 5.5381823517382145 314.78340076655149 294.11270838230848 15.696644134819506 169.29206016287208 14.399289786815642 374.42121246829629 214.39380298554897 292.97318960726261 325.25394935160875 4.7787092756479979 38.75423870049417 3.5531371012330037 29.146342340856791 459.21083934605122
leaf_count=2698 2914 12691 1482 118 479 3585 3811 1374 4082 629 437 4039 2431 221 59 58 1962 5588 70 5023 66 1976 1426 1343 1800 107 1447 82 339 2151
internal_value=-1.12794e-05 -0.0135813 0.00170484 -0.0058213 0.00288322 -0.00314134 0.00428767 -0.000386454 -0.000334225 0.0039224 0.00479902 0.0063745 0.00557131 0.00759095 0.000688053 0.0325497 9.66089e-05 -0.00943104 0.0147774 -0.0143306 0.00687155 -0.00272028 -0.000397144 0.00190657 0.00298643 -0.0243372 -0.010823 0.0232295 2.9414e-05 5.1835e-05
internal_weight=6843.91 767.567 6076.34 446.776 4888.17 1188.18 3402.57 827.007 1485.6 3289.4 2681.78 1938.37 1840.92 1287.51 743.408 12.5635 730.845 361.168 113.171 209.158 1237.99 864.555 588.815 307.372 621.045 320.791 47.0861 8.33185 39.8655 607.62
internal_count=64488 22505 41983 8178 29954 12029 17756 4959 12198 17207 14427 8537 8100 5669 5890 117 5773 7070 549 5480 5448 7484 3402 1409 4714 14327 1636 189 457 2780
is_linear=0
shrinkage=0.03


Tree=85
num_leaves=31
num_cat=0
split_feature=8 5 2 27 13 27 25 28 2 27 14 18 29 0 29 23 12 29 12 28 27 18 18 27 3 5 2 27 13 28
split_gain=153.523 47.7503 37.5376 35.6058 31.9567 25.9674 25.7735 20.5666 19.0961 17.6659 17.5926 14.895 13.6914 13.5752 13.347 12.6375 12.5396 16.0538 12.8159 15.7364 12.044 11.736 14.6325 11.5231 14.943 12.7081 10.8327 10.6233 10.4566 11.6847
threshold=0.35705426335334783 -1.3499999642372129 1.0816615223884585 0.032795699313282974 0.2137991860508919 0.045622119680047042 0.15835136175155642 -0.99275806546211232 2.2772542238235478 0.31155914068222051 -1.9872805476188657 12.055000305175783 0.99803557991981517 5.5000000000000009 0.94909128546714794 0.039734669029712684 -13.682639122009276 -0.4755979031324386 -4.535416603088378 0.77788564562797557 0.63709676265716564 2.6550000905990605 9.6549997329711932 0.065591398626565947 0.48191118240356451 0.75000000000000011 0.13881587237119677 0.054887218400835998 0.7635992467403413 -0.87812310457229603
decision_type=2 10 2 2 2 2 2 2 2 2 2 2 2 2 2 2 2 2 2 2 2 2 2 2 2 8 2 2 2 2
left_child=1 5 3 -2 7 -1 -6 -5 14 12 -10 26 -8 15 -4 -12 -9 18 19 20 -18 -15 -23 24 -19 -26 -3 -16 -11 -30
right_child=2 11 8 4 6 -7 9 16 10 28 13 -13 -14 21 27 -17 17 23 -20 -21 -22 22 -24 -25 25 -27 -28 -29 29 -31
leaf_value=-0.019199721061537351 -0.016956771132969641 -0.02512328324331032 0.0045136173533196896 -0.016769228599137816 -0.017043789677402534 -0.00141794890818104 -0.0094701717646813038 0.0160189129505439 0.020965590306701296 -0.003104208990954468 -0.010474643594625958 -0.0262778051755518 0.045105747162551356 -0.005684764601282327 0.01028935688763148 -0.0001778453571947384 -0.0014419980647369102 -0.010220819203974751 -0.0069010893820076104 0.03583661546736578 0.022008429569046903 0.0063872006575097064 -0.0035095606434283806 0.007672574007370086 0.046940298404342114 0.00022386695372481936 -0.0061472798031444332 -0.0082513388500472483 0.036537981291739415 0.0067418691113170582
leaf_weight=99.136411206796765 138.08862204290926 41.344011591747403 2953.7647726386786 49.852458206936717 161.85561007633805 282.94554513692856 213.75881943851709 59.591190872713923 32.945975318551064 83.341360777616501 209.34558799117804 216.84386222995818 3.2431035134941331 165.06010992825031 34.510692857205868 218.99744109064341 177.42550904303789 74.017236346378922 240.78722118213773 11.5223171710968 21.16219998896122 428.21709023416042 195.01902304589748 422.07894022576511 7.3816735930740833 14.010027367621662 77.712915278971195 128.44894313812256 13.343048810958861 72.414313081651926
leaf_count=3288 3976 1891 13663 612 3256 3747 3356 320 165 601 1495 9423 45 736 175 1517 1145 1768 2355 76 92 1866 865 4634 66 140 1949 605 113 548
internal_value=-0.00023351 -0.0133485 0.00130448 -0.00238813 -0.00114105 -0.00606975 -0.00703314 0.00185817 0.0027964 -0.00280344 -0.000336787 -0.0215854 -0.00845137 -0.000930389 0.00405229 -0.00522291 0.00277693 0.00194638 -0.00218937 0.00321739 0.00115471 0.00140574 0.00328971 0.00554722 -0.00383719 0.0177208 -0.0128913 -0.00428608 0.00445155 0.0117456
internal_weight=6848.17 717.983 6130.18 1763.87 1625.79 382.082 547.956 1077.83 4366.31 386.101 1249.59 335.901 217.002 1216.64 3116.72 428.343 1027.98 968.385 450.897 210.11 198.588 788.296 623.236 517.488 95.4089 21.3917 119.057 162.96 169.099 85.7574
internal_count=64488 20298 44190 23103 19127 7035 7919 11208 21087 4663 6644 13263 3401 6479 14443 3012 10596 10276 3668 1313 1237 3467 2731 6608 1974 206 3840 780 1262 661
is_linear=0
shrinkage=0.03


Tree=86
num_leaves=31
num_cat=0
split_feature=8 6 1 27 0 18 5 1 1 27 15 6 27 15 27 1 27 20 15 15 5 1 5 13 1 15 18 1 1 25
split_gain=166.544 39.1508 35.0308 37.2424 20.9652 31.2078 18.2497 17.9057 23.897 18.612 17.2532 14.2557 13.8905 13.6083 13.2544 15.8292 18.7993 14.4438 12.7103 12.2997 15.8108 12.1626 11.6154 11.2373 10.8749 10.8582 16.7696 10.8412 13.0233 12.9815
threshold=0.35705426335334783 0.45000000298023229 0.35000000894069677 0.28452381491661077 6.5000000000000009 8.4549999237060565 -4.5499999523162833 1.8499999642372134 3.0499999523162846 0.017105263657867912 -0.36890387535095209 70.350002288818374 0.045622119680047042 0.76289388537406932 0.51639783382415783 2.4500000476837163 0.017105263657867912 -1.4185954332351682 -0.0024839577381499107 0.52571198344230663 2.9500000476837163 7.6499998569488534 -0.65000000596046437 -1.4670717120170591 3.7500000000000004 -0.28321020305156702 3.0649999380111699 48.750000000000007 2.4500000476837163 0.26233515143394476
decision_type=2 8 2 2 2 2 8 2 2 2 2 8 2 2 2 2 2 2 2 2 10 2 10 2 2 2 2 2 2 2
left_child=1 -1 3 22 5 11 18 10 -9 -10 -7 13 -8 -4 15 16 -6 -17 -3 20 24 -15 -2 -19 -11 27 -27 28 -16 -30
right_child=2 6 4 -5 14 7 12 8 9 19 -12 -13 -14 21 25 17 -18 23 -20 -21 -22 -23 -24 -25 -26 26 -28 -29 29 -31
leaf_value=-0.023689554841025726 -0.0089578753628057478 0.028274920740357406 0.0025508924586760619 0.0045061883297782363 -0.023727089863231028 0.0011137821906953449 -0.019204563880244729 0.0057111311874245155 0.033293184536932759 -0.0030191383176061846 -0.011907378007505999 0.030582782728903201 -0.0070266111115755252 0.020800254728663578 0.010103902018800818 0.017767828437595792 0.002664660917968921 0.017778215210635488 -0.0092424738360081093 0.001946092691551123 -0.00016299216123118928 -0.0026854677042805466 -0.022522740060103689 0.0056044930000268452 -0.014816784993358168 -0.0071998552855053743 0.0075146655849319061 0.020168280913206979 0.011614738487283529 -0.011458599130958256
leaf_weight=236.45404939167202 148.12443395517766 18.678455330431465 1351.2556384075433 155.2197910156101 24.1543905492872 134.54199484735727 114.93329020403326 373.3017321638763 11.127055943012236 106.57441036403179 284.75451407395303 16.506331246346235 317.71148787438869 69.008772568777204 38.199301451444626 107.19428583979607 710.61775601282716 71.748585894703865 13.183496899902819 209.07189386337996 204.89556764811277 27.4031146094203 93.69494092464447 1175.5463375300169 209.25273456424475 93.293217465281487 267.26154272258282 14.37502199411392 24.066190525889397 184.97789187729359
leaf_count=10916 3059 100 7551 1093 472 1628 3972 2163 51 451 4599 80 5123 392 160 459 6410 309 83 1067 1110 170 4228 5062 1138 398 1160 72 103 777
internal_value=6.92753e-05 -0.0137697 0.00165992 -0.00694573 0.00225951 0.000530163 -0.00867999 -0.00246004 -0.000469284 -0.00358669 -0.0077365 0.00366153 -0.0102985 0.00333367 0.00417053 0.00531467 0.00176601 0.00723699 0.0129425 -0.00419378 -0.00665796 0.0141659 -0.0142848 0.00631845 -0.0108578 0.000326142 0.00369791 -0.00431712 -0.00581624 -0.00875963
internal_weight=6807.13 700.961 6106.17 397.039 5709.13 2997.69 464.507 1533.52 1114.22 740.922 419.297 1464.17 432.645 1447.67 2711.43 2089.26 734.772 1354.49 31.862 729.795 520.723 96.4119 241.819 1247.29 315.827 622.173 360.555 261.618 247.243 209.044
internal_count=64356 20194 44162 8380 35782 20400 9278 12207 5980 3817 6227 8193 9095 8113 15382 12712 6882 5830 183 3766 2699 562 7287 5371 1589 2670 1558 1112 1040 880
is_linear=0
shrinkage=0.03


Tree=87
num_leaves=31
num_cat=0
split_feature=8 1 5 5 18 0 27 5 5 27 30 1 1 25 3 30 1 1 1 27 27 5 29 11 29 1 28 12 12 14
split_gain=159.106 46.5502 41.3848 29.3188 22.3881 20.3739 20.1316 17.2714 15.9593 18.1192 14.5332 13.6145 12.998 12.1964 11.6978 11.6147 10.4373 21.7752 13.7406 18.2433 17.1997 24.8538 18.6575 16.0816 14.933 14.2056 14.1799 25.5451 12.9774 12.9143
threshold=0.36957451701164251 0.35000000894069677 -1.3499999642372129 -0.74999999999999989 15.465000152587892 1.5000000000000002 0.045622119680047042 -1.4499999880790708 -20.05000019073486 0.13924731314182284 2.5000000000000004 1.8499999642372134 71.649997711181655 0.16732075065374377 -2.2447574138641353 2.5000000000000004 16.050000190734867 32.549999237060554 2.2500000000000004 0.017105263657867912 0.10263158008456232 1.1500000357627871 -0.52034142613410939 9.5437502861022967 0.96633976697921764 3.4500000476837163 0.77788564562797557 -3.7590278387069698 -1.4944444298744199 0.26898197829723364
decision_type=2 2 10 10 2 2 2 8 8 2 2 2 2 2 2 2 2 2 2 2 2 8 2 2 2 2 2 2 2 2
left_child=2 3 6 10 5 8 7 -1 -3 -10 -2 -4 14 -5 -7 -6 18 -18 19 -16 21 -20 23 -22 26 -24 -21 -28 -26 -29
right_child=1 4 11 13 15 12 -8 -9 9 -11 -12 -13 -14 -15 16 -17 17 -19 20 24 22 -23 25 -25 28 -27 27 29 -30 -31
leaf_value=0.019352490990484181 -0.0070258057765027462 0.027094323027470554 -0.022245730416339139 -0.026380501832079038 -0.004600948847124909 0.027650320550570873 -0.0021419989748496294 -0.021974339970481392 0.0084635840327596489 -0.0090680746126180246 0.008420936226154396 0.0044876298317242432 0.022673729352975919 -0.0031636367242701214 -0.02048904075842704 0.0090080807121688429 -0.0051452416651358605 0.0076797778300146443 -0.007498686780687709 -0.00034811714268685707 0.0082323507279425633 0.017709334167343882 0.0064901742235828584 0.0023971798069842652 0.039296491496259169 -0.0017053652668243338 0.033255535764215978 0.0084013335230315126 0.0082351364288874972 -0.010716411985401367
leaf_weight=9.3566077444702369 200.48962072469294 13.244932010769842 314.90590617991984 86.246968964114785 503.57533180341125 17.10034853219986 278.99241598136723 88.89694688282907 66.386237336322665 250.58268886059523 74.371030973270535 17.805481515824795 31.290919199585915 26.951993195340037 32.488759007304907 62.61490947753191 331.73431604355574 184.61955644935369 42.780481457710266 977.61721240915358 1183.4332031533122 185.72338559478521 275.16623135656118 664.71338469535112 14.90993373095989 611.65270943939686 30.393798990175128 130.3162565715611 54.157869454473257 41.031239913776517
leaf_count=154 2863 71 13390 3867 4432 75 3765 3195 585 1778 818 105 153 736 654 619 1850 873 204 8314 5305 880 1293 2935 139 2782 217 1394 548 539
internal_value=0.000324145 0.00189079 -0.0131061 -0.00815037 0.00257504 0.00319882 -0.0062783 -0.0178835 -0.00400069 -0.00538116 -0.00283089 -0.0208059 0.0036939 -0.0209288 0.00356487 -0.0030827 0.00347257 -0.000553744 0.00396241 0.00136471 0.00508439 0.0129778 0.0044204 0.00613608 0.00194937 0.00084203 0.00114893 0.00836941 0.0154056 0.00378774
internal_weight=6803.55 6093.59 709.957 388.06 5705.53 5139.34 377.246 98.2536 330.214 316.969 274.861 332.711 4809.13 113.199 4777.84 566.19 4760.74 516.354 4244.38 1280.92 2963.47 228.504 2734.97 1848.15 1248.43 886.819 1179.36 201.741 69.0678 171.347
internal_count=64533 43924 20609 8284 35640 30589 7114 3349 2434 2363 3681 13495 28155 4603 28002 5051 27927 2723 25204 11805 13399 1084 12315 8240 11151 4075 10464 2150 687 1933
is_linear=0
shrinkage=0.03


Tree=88
num_leaves=31
num_cat=0
split_feature=8 11 11 0 13 1 3 5 1 6 5 6 28 25 15 3 20 15 11 25 1 16 6 29 0 6 3 29 3 1
split_gain=147.169 37.4015 33.3233 27.6991 18.9342 25.4972 31.6152 30.1598 20.721 17.926 17.5966 16.1269 14.4332 14.4179 12.7515 13.4303 11.7262 11.3694 11.0797 10.96 10.362 10.7992 10.1018 10.1528 9.96859 9.89847 9.82891 9.71731 12.8941 15.8346
threshold=0.33393259346485143 1.0763888955116274 0.4118055552244187 5.5000000000000009 -0.60409873723983754 1.8499999642372134 0.13732396066188815 -3.4500000476837154 2.8500000238418584 1.8499999642372134 0.35000000894069677 1.6500000357627871 0.52033990621566784 0.27563980221748358 -0.32932367920875544 -1.8914836049079893 -0.18225366622209546 0.47833210229873663 3.1826388835906987 0.073153536766767516 0.25000000745058065 -0.1467587202787399 2.1499999761581425 0.4584775865077973 4.5000000000000009 61.649999618530281 -0.29915776848793024 0.84199059009552013 0.72818839550018322 8.1500000953674334
decision_type=2 2 2 2 2 2 2 10 2 8 10 10 2 2 2 2 2 2 2 2 2 8 10 2 2 10 2 2 2 2
left_child=1 11 -2 4 19 7 16 17 22 -3 13 -1 27 -10 24 -16 -7 -6 -12 -4 21 -11 23 -8 -9 -21 -13 28 -5 -30
right_child=2 9 3 12 5 6 8 14 10 20 18 26 -14 -15 15 -17 -18 -19 -20 25 -22 -23 -24 -25 -26 -27 -28 -29 29 -31
leaf_value=-0.021774885690205928 -0.013810972812549248 -0.015549994936660531 -0.010920566732942593 0.003966123078299722 0.0095610293351024531 -0.0009957099470427062 -0.0059736436030007898 -0.0079610345729056609 -0.020035576837808881 0.040084276087713401 0.0028536045269928903 -0.014276945079832093 -0.00020484178020040478 0.013525147875131894 0.013828522566423243 -0.017968777645062734 0.0074665600196946839 -0.0095263051580640294 -0.0082162321119482185 0.0033710848229572144 -0.0025320208513748754 0.0010607172141180667 0.028575339507152801 0.016502692218259746 0.018436106230243367 0.029411808017265516 0.02260104435349895 -0.00090920111077685611 0.018272544434232683 0.006007510657200045
leaf_weight=339.65055367536843 126.63605232164264 96.45969308540225 47.232167460024357 1991.3807304985821 90.151103587821126 232.84844306856394 44.777703680098057 59.586757583543658 122.87888690084219 10.294706977903841 126.4480918943882 12.625659298151733 779.10643823817372 12.011306986212729 11.856637787073849 246.58512904681265 399.48655842989683 39.672094624489546 225.21901310235262 770.48657125793397 145.18440933525562 14.80364064872265 16.140369981527328 28.949055269360542 15.362975804135202 12.387079909443854 11.477189797908066 276.21041535958648 132.03737912327051 335.39376495778561
leaf_count=14472 3747 2594 414 11112 488 1142 287 935 803 156 647 158 6182 65 119 5122 1978 253 1448 5394 1409 252 85 193 210 58 153 2260 601 1492
internal_value=-5.90377e-05 -0.0138501 0.00135849 0.00168004 -0.000732248 -0.00257065 -0.000275264 -0.00854698 -0.00535207 -0.00528917 -0.00779598 -0.0200962 0.00339732 -0.0169696 -0.0133128 -0.0164623 0.0043538 0.00369998 -0.00423907 0.00296925 0.000580101 0.0179898 0.0078199 0.0029545 -0.00237873 0.00382011 0.00348426 0.00442314 0.00502227 0.00950368
internal_weight=6773.34 630.496 6142.84 6016.21 2502.08 1671.97 1208.76 463.215 576.424 266.742 486.557 363.753 3514.13 134.89 333.392 258.442 632.335 129.823 351.667 830.106 170.283 25.0983 89.8671 73.7268 74.9497 782.874 24.1028 2735.02 2458.81 467.431
internal_count=64229 19194 45035 41288 19641 13775 6648 7127 3528 4411 2963 14783 21647 868 6386 5241 3120 741 2095 5866 1817 408 565 480 1145 5452 311 15465 13205 2093
is_linear=0
shrinkage=0.03


Tree=89
num_leaves=31
num_cat=0
split_feature=11 1 18 5 1 6 13 0 27 17 17 15 1 27 27 17 16 21 22 13 27 6 27 18 15 27 15 1 3 29
split_gain=139.023 60.8658 52.6829 36.6172 19.4009 17.7787 15.1389 12.6947 15.6772 12.4174 13.4756 11.9307 14.8129 11.9003 11.4543 11.0935 14.1721 10.889 10.8421 13.2427 12.3206 10.3853 10.3727 9.69717 11.5648 11.062 14.6251 12.2747 15.8789 14.015
threshold=0.41736111044883734 1.4499999880790713 10.534999847412111 -0.74999999999999989 0.55000001192092907 17.050000190734867 -0.48036055266857142 2.5000000000000004 0.13924731314182284 0.66356012225151073 0.80925580859184276 -1.1401489377021787 9.1500000953674334 0.017105263657867912 0.034210527315735824 1.2663926482200625 -0.22961626201868054 -1.3493092656135557 -0.33421839773654932 0.55951768159866344 0.31155914068222051 17.650000572204593 0.55725806951522838 17.069999694824222 0.28056585788726812 0.49193547666072851 0.28964857757091528 2.4500000476837163 -0.82361945509910572 -0.43733099102973932
decision_type=2 2 2 10 2 10 2 2 2 2 2 2 2 2 2 2 10 2 2 2 2 10 2 2 2 2 2 2 2 2
left_child=4 2 5 13 -1 9 -5 8 -3 18 -11 21 -13 -4 -6 -15 -17 -9 -2 20 -20 -10 -12 25 -25 27 -27 -19 -29 -30
right_child=1 7 3 6 14 -7 -8 17 11 10 22 12 -14 15 -16 16 -18 23 19 -21 -22 -23 -24 24 -26 26 -28 28 29 -31
leaf_value=-0.024383984859176571 -0.011191877762669843 0.0079111382875600104 -0.024392192101200093 -0.0062715322761057093 -0.018062077853014346 0.024809600288968212 -0.022060675440313329 0.0082289509156976571 0.0017965631634511664 0.018857657418544418 0.0003398879213780821 -0.0023834306702345716 -0.015210008654635091 -0.0047670050031253857 0.0046472244193028582 0.045916856574557331 -0.0021766117718117371 0.00021095748100809426 -0.0056173350685250235 -0.020643773381516392 0.0078582702151901405 0.031643730925325964 0.017400279636756343 0.0069767370545997095 -0.009978411311920253 -0.0015616437805821587 0.0055417860563230451 0.032388883230240834 0.0071510488008482602 0.0019327561521771664
leaf_weight=224.41270370595157 108.78374300710857 128.58355021104217 25.738481413573027 74.737914929166436 39.690225815400481 27.287639588117599 213.12653802707791 346.95024384185672 42.285335682332516 49.526799032464623 293.48113577254117 346.05256659165025 105.01767070218921 515.12874927558005 38.650645434856415 8.0008603166788834 14.017345290631054 554.22599368169904 105.93191150389612 24.422700060531497 141.48249385505915 13.01396621763706 35.015696819871664 52.901093374937773 109.92501590400934 835.98668610304594 377.98588895052671 18.280313298106194 1123.6105540320277 789.2808700799942
leaf_count=10419 1143 827 850 2286 845 114 7658 1783 248 497 3441 1969 973 8183 632 118 206 3983 1682 227 913 69 157 309 683 3779 1740 82 5019 3586
internal_value=-7.18617e-05 0.000857727 -0.00414237 -0.00931114 -0.0199081 0.00145741 -0.0179973 0.00254762 -0.00140472 0.000585903 0.00443136 -0.00378124 -0.00539674 -0.00484495 -0.00694074 -0.00386471 0.0165349 0.00314403 -0.00323492 -2.13567e-05 0.00208922 0.009258 0.00220571 0.00268522 -0.00446084 0.00300087 0.000652841 0.00414703 0.00527595 0.00500006
internal_weight=6783.54 6480.78 1636.68 850.75 302.754 785.932 287.864 4844.1 634.953 758.644 378.024 506.37 451.07 562.885 78.3409 537.147 22.0182 4209.15 380.621 271.837 247.414 55.2993 328.497 3862.2 162.826 3699.37 1213.97 2485.4 1931.17 1912.89
internal_count=64421 52525 27475 19301 11896 8174 9944 25050 4086 8060 4095 3259 2942 9357 1477 8507 324 20964 3965 2822 2595 317 3598 19181 992 18189 5519 12670 8687 8605
is_linear=0
shrinkage=0.03


Tree=90
num_leaves=31
num_cat=0
split_feature=8 11 1 5 5 6 0 6 3 23 1 1 27 27 5 17 17 27 6 28 12 5 21 15 28 11 0 3 13 12
split_gain=130.004 48.4571 26.5849 27.7305 25.5557 21.0699 19.5416 17.7411 15.6225 19.9634 15.2771 21.028 19.1626 15.2668 20.0878 13.9315 13.3996 12.7417 11.9251 11.0424 10.7351 10.7239 10.701 13.5088 11.4082 11.0094 12.1005 12.1219 10.5524 9.97728
threshold=0.35705426335334783 1.5881944298744204 0.35000000894069677 -0.74999999999999989 -1.4499999880790708 67.299999237060561 2.5000000000000004 2.0499999523162846 -1.6907572150230405 0.85772269964218151 2.4500000476837163 3.8500000238418584 0.017105263657867912 0.53279572725296032 1.0000000180025095e-35 0.60464885830879223 -0.82232475280761708 0.1475806459784508 1.4499999880790713 -0.99275806546211232 0.84097221493721019 -12.550000190734862 0.4033504724502564 1.1704998016357424 0.26866988837718969 6.9437499046325692 8.5000000000000018 -0.42554919421672815 -1.6972995996475218 -6.6118056774139395
decision_type=2 2 2 10 8 10 2 8 2 2 2 2 2 2 8 2 2 2 8 2 2 8 2 2 2 2 2 2 2 2
left_child=1 4 3 -2 -1 6 16 -3 9 -8 12 13 -10 -12 -15 -14 -4 18 -18 -17 -20 -19 23 24 -13 26 27 -26 -9 -5
right_child=2 7 5 29 -6 -7 8 28 10 -11 11 22 15 14 -16 19 17 21 20 -21 -22 -23 -24 -25 25 -27 -28 -29 -30 -31
leaf_value=0.0034887900658708724 -0.0012226969366703913 -0.012414625161506538 -0.011650453416007029 0.014243354666851072 -0.020703790137332631 0.029177676586282175 0.023291541548861924 0.039000242811992825 -0.020233203803714114 -0.0092580490673697651 0.0087108513994045601 0.0010951686740648628 -0.0018189136488237954 0.01054049155769652 -0.013668320815937727 -0.022156689326404088 -0.001517797078042632 0.012270672866686313 0.034161579782606359 0.0055510177695006708 0.0081322630428279311 -0.0045569399289689221 0.0043931594803301851 0.010241484098569681 0.015342291207338444 -0.012906185625346052 0.0080397444159739182 -0.0088006144199296778 0.0027466570120288146 -0.021500867397954457
leaf_weight=43.271763250231743 272.44310687109828 85.663912801072001 125.77246139571071 6.8743702396750441 400.0978379920125 24.249453097581863 64.615590617060661 6.6167070567607871 41.65048499032855 22.249630842357874 785.51481615006924 1082.1011584699154 960.97385680302978 55.690205588936806 66.729716345667839 12.393216621130703 77.818692216649652 35.871161006391048 18.956514393910766 413.26473555527627 53.422604955732822 456.74235102534294 928.67967046797276 113.6478623226285 20.313939541578293 110.17988652735949 79.777604028582573 156.78606194257736 146.06209983676672 101.32943375222385
leaf_count=584 3727 1947 1128 116 16424 115 314 46 869 99 3584 4859 9605 239 284 122 943 209 131 3378 299 3280 4190 503 84 508 332 740 1266 4491
internal_value=-7.27245e-05 -0.0124865 0.00131914 -0.0063471 -0.0183401 0.00183145 0.00170966 -0.00156645 0.00240535 0.0149438 0.0021767 0.00327033 -0.000426691 0.00717654 -0.00265929 0.000182393 -0.0027362 -0.000976647 0.0066449 0.00469426 0.0153221 -0.00330921 0.00184454 0.000328209 -0.000455749 -0.00501847 -0.00159835 -0.00596075 0.00456135 -0.0191203
internal_weight=6769.76 681.712 6088.05 380.647 443.37 5707.4 5683.15 238.343 4914.57 86.8652 4827.7 3399.42 1428.28 907.935 122.42 1386.63 768.584 642.811 150.198 425.658 72.3791 492.614 2491.49 1562.81 1449.16 367.057 256.878 177.1 152.679 108.204
internal_count=64416 20267 44149 8334 17008 35815 35700 3259 29710 413 29297 15323 13974 4107 523 13105 5990 4862 1373 3500 430 3489 11216 7026 6523 1664 1156 824 1312 4607
is_linear=0
shrinkage=0.03


Tree=91
num_leaves=31
num_cat=0
split_feature=1 5 8 12 5 18 5 12 22 17 29 29 1 13 27 1 27 28 1 13 17 21 20 12 8 29 21 5 1 27
split_gain=124.879 56.0652 28.4043 23.6148 16.8866 14.6345 21.3939 15.266 14.4545 14.1372 13.9411 13.725 13.7144 23.8186 12.5396 12.4142 12.4327 16.9877 12.6245 15.0579 12.2614 11.8877 12.2728 11.2375 11.0981 12.1653 10.3692 11.9372 9.69108 20.0543
threshold=0.35000000894069677 -0.65000000596046437 0.31348003447055822 -4.535416603088378 -1.6500000357627866 8.8649997711181658 1.6500000357627871 2.7763888835906987 2.0350886583328252 0.61602354049682628 -0.4755979031324386 -0.84313312172889698 1.4499999880790713 0.1571534872055054 0.045622119680047042 77.149997711181655 0.47071307897567755 -0.82415616512298573 2.8500000238418584 0.019294436089694503 -1.5844764709472654 -0.87772855162620533 0.5480346977710725 4.5527777671813974 7.4823124408721933 -0.42958799004554743 1.0541003346443178 0.15000000223517421 2.4500000476837163 0.15357143431901935
decision_type=2 10 2 2 8 2 8 2 2 2 2 2 2 2 2 2 2 2 2 2 2 2 2 2 2 2 2 8 2 2
left_child=1 3 8 -1 10 15 7 12 14 -6 -5 -3 13 24 -2 16 -4 -18 21 -20 -21 -19 -23 28 25 -7 -27 -28 -8 -30
right_child=2 11 5 4 9 6 23 -9 -10 -11 -12 -13 -14 -15 -16 -17 17 18 19 20 -22 22 -24 -25 -26 26 27 -29 29 -31
leaf_value=0.0070683237752204925 -0.022594003570214388 0.0091350232672724862 0.0050674350612296476 -0.014608776229266041 -0.018664708559315058 -0.013335225155129036 0.00015407907866521012 -0.013764100089857314 0.044887563736469051 -0.0027502674735811446 0.0086776405085495535 -0.024071684730649676 0.00049803227905810207 -0.015487969620840761 -0.0058593504372207571 0.02458836598378825 -0.011181849655204374 -0.0077527090080871681 -0.0024942088294626747 0.02329266496117155 0.0034117165802692354 0.0060212881750497842 0.021425327632166653 -0.002837291162262516 0.024486211483270032 -0.00096478017485258861 0.038955475374938202 -0.0018003983224592029 0.012276086388222297 0.0024723243991065466
leaf_weight=104.42081494629383 48.257929826155305 11.211568569764493 1424.3111446537077 33.665264721959829 159.2323821336031 56.047778306528926 471.92349577508867 102.8231538683176 3.6035075187683097 73.748287158086896 68.600654885172844 260.47738206386566 772.42169562727213 153.12391097657382 229.24508111365139 23.400747328996658 93.631045274436474 38.319451935589314 625.11236943304539 29.128146067261696 391.16484324634075 179.28659373149276 62.529093086719513 293.88640014082193 14.66054769232869 102.14364499412477 13.070658793672917 11.813756063580515 270.01055366545916 613.82681097835302
leaf_count=722 1755 253 7933 270 4968 796 4726 639 55 1875 702 13680 4856 3057 3435 117 458 207 2975 134 1839 869 307 1546 139 1689 196 205 1245 2694
internal_value=-0.000104902 -0.0119831 0.00129957 -0.00534092 -0.00921561 0.00175585 0.000243521 -0.0027566 -0.00799478 -0.0136604 0.000944671 -0.0226729 -0.00173765 -0.00664694 -0.00884019 0.00327225 0.00308824 0.00109971 0.001975 0.000456864 0.00484157 0.0076186 0.0100763 0.00247369 0.000242889 -0.00182097 0.00332387 0.0202848 0.00362619 0.00547784
internal_weight=6735.1 711.356 6023.74 439.667 335.247 5742.64 2875.75 1226.11 281.107 232.981 102.266 271.689 1123.28 350.86 277.503 2866.88 2843.48 1419.17 1325.54 1045.41 420.293 280.135 241.816 1649.65 197.736 183.076 127.028 24.8844 1355.76 883.837
internal_count=64342 22470 41872 8537 7815 36627 21788 11577 5245 6843 972 13933 10938 6082 5190 14839 14722 6789 6331 4948 1973 1383 1176 10211 3025 2886 2090 401 8665 3939
is_linear=0
shrinkage=0.03


Tree=92
num_leaves=31
num_cat=0
split_feature=2 5 18 11 8 12 2 18 5 6 2 26 29 11 8 16 17 3 15 14 29 6 25 13 2 29 3 5 2 5
split_gain=126.188 59.7917 23.9979 20.6984 16.3693 13.2947 12.8081 12.0075 11.9522 11.6764 11.1399 11.0119 10.0434 9.05782 8.70985 8.4525 8.83651 11.0322 11.2276 9.90353 8.39113 8.19374 9.17817 12.4365 13.2217 15.6261 12.3623 14.5842 11.9992 14.4793
threshold=0.29941825568676 -0.65000000596046437 15.515000343322756 0.39444445073604589 0.34879930317401892 0.65277776122093212 1.2088489532470705 15.625000000000002 -3.4500000476837154 4.9500000476837167 2.3561146259307866 25.967500686645511 -0.84313312172889698 0.34097222983837133 0.53995364904403698 0.37204378843307501 0.73046040534973156 -0.27972586452960962 -0.33779321610927576 -0.61319804191589344 -0.99983122944831837 61.649999618530281 0.22684004902839663 -1.4670717120170591 1.6955735087394717 -0.99864786863327015 -0.49607577919960016 6.2500000000000009 2.5376493930816655 7.2500000000000009
decision_type=2 10 2 2 2 2 2 2 8 10 2 2 2 2 2 8 2 2 2 2 2 10 2 2 2 2 2 8 2 10
left_child=1 3 4 -1 6 9 -2 15 -9 -4 11 14 -3 -6 -7 16 -5 19 -19 -18 -15 22 23 -22 -25 -26 -27 -28 29 -29
right_child=2 12 5 7 13 10 -8 8 -10 -11 -12 -13 -14 20 -16 -17 17 18 -20 -21 21 -23 -24 24 25 26 27 28 -30 -31
leaf_value=-0.020690470475987946 -0.0087296995988848623 0.0041191764885142607 -0.0094740875560323963 -0.0026667831445656692 -0.015374487541106627 0.027690616029252782 0.0092425890247485754 0.031654396692125372 -0.01996680142984646 0.021278803663610551 -0.016364471972328407 0.027658510938798859 -0.024364179852308827 -0.0082883453387754928 -0.00020612437488782767 -0.01438130126365874 -0.0025603751990140537 0.046391192983686276 -0.0083541755211033273 0.017726171658092444 0.0078987817945479089 0.018119965628627496 0.0037564145363554453 0.0021347589898928969 0.024518146612503452 0.0099615412206670879 -0.0084666017500748206 0.0015053941071679565 -0.0047106583957035805 0.02783509577529196
leaf_weight=63.783040067180991 197.47709532268345 11.369163500145076 306.52599095925689 173.28140051476657 24.450637405738235 9.4986804239451867 42.650755293667316 3.5211151987314224 46.540581874549389 10.607949174940584 30.914709385484457 13.664080392569302 254.89195652864873 62.281788375228643 247.926160575822 32.42919285595417 64.286938877776265 10.775654913857577 4.3440245538949958 31.505367150530219 222.27612165547907 29.888366430997849 2806.5033076759428 1354.5536107830703 17.040619887411594 52.979034818708897 386.93233481794596 59.068768680095673 119.69292283058167 26.657172165811062
leaf_count=2308 3784 265 4799 2716 505 103 193 30 1438 64 185 95 13717 322 1552 583 595 261 154 353 1441 141 13772 10953 101 244 2393 259 855 136
internal_value=8.88076e-05 -0.0119889 0.00148802 -0.00505568 0.00212929 -0.00410199 -0.00551243 -0.0022872 -0.0157872 -0.00838177 0.000405026 0.00237052 -0.0231371 0.00248575 0.000926402 -0.000109714 0.00156353 0.00813745 0.0311198 0.00422592 0.00257372 0.00270861 0.00261375 0.00118056 0.000436623 -0.00303406 -0.00379841 -0.0050438 0.00141326 0.00991938
internal_weight=6718.32 696.728 6021.59 430.467 5402.45 619.138 240.128 366.684 50.0617 317.134 302.004 271.089 266.261 5162.32 257.425 316.623 284.193 110.912 15.1197 95.7923 5137.87 5075.59 5045.7 2239.2 2016.92 662.371 645.33 592.351 205.419 85.7259
internal_count=64317 22420 41897 8438 35099 6798 3977 6130 1468 4863 1935 1750 13982 31122 1655 4662 4079 1363 415 948 30617 30295 30154 16382 14941 3988 3887 3643 1250 395
is_linear=0
shrinkage=0.03


Tree=93
num_leaves=31
num_cat=0
split_feature=11 8 6 18 1 25 6 13 1 12 8 15 28 18 25 29 6 1 15 6 12 26 14 30 12 23 25 16 30 5
split_gain=118.452 43.6402 33.7592 27.5064 17.7501 16.9384 19.4294 22.5343 15.7468 13.5671 12.2344 11.5332 12.1784 11.0267 12.0262 10.9971 14.671 10.9464 10.5592 9.70759 9.50757 9.53085 9.33062 18.9581 11.5094 9.53528 9.07059 8.87746 11.4507 8.57571
threshold=0.42916667461395269 0.33393259346485143 1.5500000119209292 15.515000343322756 0.45000000298023229 0.16773472726345065 0.84999999403953563 -1.5521367192268369 1.1500000357627871 0.52916666865348827 0.56123095750808727 -0.75241270661354054 -0.86114627122879017 9.4749999046325701 0.12134459242224695 -0.52034142613410939 2.4500000476837163 3.4500000476837163 1.1397635340690615 2.1499999761581425 5.6409721374511728 25.967500686645511 0.19764282554388049 1.5000000000000002 -0.62361112236976612 -0.3259905725717544 0.11955621838569643 -0.022779008373618122 2.5000000000000004 -1.4499999880790708
decision_type=2 2 8 2 2 2 8 2 2 2 2 2 2 2 2 2 8 2 2 10 2 2 2 2 2 2 2 10 2 8
left_child=4 2 -2 5 29 6 8 13 -3 19 22 12 -4 -8 -15 16 -7 27 -18 -5 21 -11 23 -9 -24 -26 -14 -10 -29 -1
right_child=1 3 11 9 -6 15 7 10 17 20 -12 -13 26 14 -16 -17 18 -19 -20 -21 -22 -23 24 -25 25 -27 -28 28 -30 -31
leaf_value=-0.00074562887451896248 -0.018651523318354929 -0.016173681498657194 0.038558089654226045 -0.011603209033011722 -0.007637072858693951 0.0086708972107504678 0.0079157800883057749 0.00056058233187975968 -0.0050855374856901038 0.00039412379273105731 -0.0011385580659773373 -0.0047704252252120721 0.033595331090126523 0.0094535987255074637 0.047618749567736804 0.00089104173323993521 0.0026490152851265992 -0.013956131114161923 0.013329999240630297 0.0048525708910305051 -0.014316002449634206 0.025477679404742257 -0.02443434970357317 0.043107525523676346 -0.0078452992478135787 0.051996242399505226 -0.0027244557083929821 0.0024515641974864385 0.029991297017319056 -0.025255017335052799
leaf_weight=13.846404429525135 172.94371864199638 114.3425471726805 10.258723590523003 246.47618769295514 92.495312923565507 529.36241646297276 73.627281572669744 18.891641288995743 74.407739728689194 242.059769526124 903.34781554341316 208.06391849927604 6.4323168694972983 15.046617260202767 14.978642916306852 1364.3164116553962 2033.2169949989766 51.115107052028179 85.948967915028334 36.537802752107382 36.754718139767647 13.44906537234783 10.10425419919193 17.863466788083315 4.5952706150710583 3.5455673746764642 36.28781052865088 51.835524491965771 17.516180709004402 189.02595067769289
leaf_count=223 6795 3395 99 4068 1989 3171 448 228 584 1484 6246 3520 60 96 101 9188 9677 310 419 283 209 88 126 204 57 56 503 453 135 10113
internal_value=-9.85047e-05 0.000760869 -0.00841273 0.00143023 -0.0186397 0.00209665 -0.000781489 0.00114685 -0.00738668 -0.00479966 -0.000296257 -0.00158412 0.010786 0.0143648 0.0294141 0.00308008 0.00420694 -0.00217466 0.0030883 -0.00946912 -0.000261104 0.00180861 0.0133114 0.021833 -0.00409816 0.0210545 0.00338751 0.00208183 0.00973472 -0.0235941
internal_weight=6688.69 6393.33 433.986 5959.34 295.368 5384.06 1371.22 1062 309.217 575.278 958.348 261.043 52.9789 103.653 30.0253 4012.84 2648.53 194.875 2119.17 283.014 292.264 255.509 55.0002 36.7551 18.2451 8.14084 42.7201 143.759 69.3517 202.872
internal_count=64328 52003 10977 41026 12325 34894 12439 7562 4877 6132 6917 4182 662 645 197 22455 13267 1482 10096 4351 1781 1572 671 432 239 113 563 1172 588 10336
is_linear=0
shrinkage=0.03


Tree=94
num_leaves=31
num_cat=0
split_feature=11 1 18 6 0 12 15 1 11 18 29 14 5 1 14 1 29 5 15 29 1 3 19 5 17 20 16 12 15 23
split_gain=118.416 39.1176 38.4272 28.9741 18.4398 15.157 11.771 11.1495 10.9436 10.8713 13.5569 12.163 10.8346 10.1428 23.8842 10.4647 21.0684 26.7532 19.5182 20.0211 15.7413 13.2521 13.4505 11.9482 12.4123 12.1891 12.0976 11.1341 10.0227 9.90636
threshold=0.41736111044883734 1.0500000119209292 12.09500026702881 0.84999999403953563 6.5000000000000009 0.040972223505377776 -0.74348038434982289 77.149997711181655 0.4708333313465119 2.6550000905990605 -0.97874867916107167 -0.45806138217449183 -12.050000190734862 12.84999990463257 -0.48932540416717524 2.3500000238418584 -0.49812626838684076 -0.15000000223517415 0.750198394060135 -0.6258755326271056 2.8500000238418584 -0.065289817750453935 -1.2545167803764341 1.6500000357627871 -0.9551597237586974 -0.29314099252223963 -0.20683974027633664 -2.959027767181396 -0.36890387535095209 0.061988679692149169
decision_type=2 2 2 8 2 2 2 2 2 2 2 2 8 2 2 2 2 8 2 2 2 2 2 10 2 2 10 2 2 2
left_child=5 2 6 28 7 -1 -2 8 -3 10 -6 -12 -5 15 29 16 27 21 19 -17 -21 -18 -23 -22 -25 -26 -27 -10 -4 -15
right_child=1 4 3 12 9 -7 -8 -9 13 -11 11 -13 -14 14 -16 18 17 -19 -20 20 23 22 -24 24 25 26 -28 -29 -30 -31
leaf_value=-0.024736831374325252 0.0058510091030540019 0.024107118974138954 -0.0069532442402649372 0.041238924143873312 -0.013115186259993212 -0.010358871637977479 -0.0022096992064048445 0.022881862545679563 -0.0028866343035800633 0.0045924151540243131 0.0068396860783894236 -0.007653528790251136 -0.0056707866317237121 -0.0069692013494014335 -0.011307577826529651 0.0038437865013707206 0.0047745998150579179 -0.0056226413826528081 0.010061313206791711 0.0063804621955338685 -0.010002716344709728 0.053751744074934653 0.015780570343926555 -0.017506609794808514 0.0097138767537237325 0.0096279755168024953 -0.009721094658966499 -0.014452573769767258 -0.024300426559950093 0.0098905391859016589
leaf_weight=167.25445566233248 238.30521006882191 16.026419579982758 40.005225313827395 3.5069181770086288 68.430103868246078 112.36615623906255 510.6641948139295 18.53158575296402 160.80160323157907 2224.4793758243322 154.51284690201283 77.422003909945488 310.84086800180376 44.949898019433022 205.74578965455294 795.43493982031941 96.236950606107712 165.57634238153696 228.52684947475791 123.55532619357109 263.13169488310814 9.6436198353767377 48.301997199654579 34.678336724638939 95.049160823225975 39.987936727702618 99.661654449999332 140.28195759654045 131.9822845896706 98.559758953750134
leaf_count=8776 2958 153 1573 19 294 3140 7085 89 1103 11497 657 331 6214 318 1443 3712 745 1764 1095 576 1268 62 427 166 462 189 482 1288 5921 646
internal_value=6.06483e-05 0.000891167 -0.00390649 -0.0104634 0.00202934 -0.0190165 0.000359419 0.000298151 0.000132659 0.00386928 -0.0014837 0.00198963 -0.00501834 -2.13635e-05 -0.00477745 0.000702339 -0.0026231 0.00273662 0.00193206 0.000646131 -0.00323077 0.011692 0.0229046 -0.00546859 -0.00101898 0.00148112 -0.00415153 -0.00830548 -0.0203289 0.00459807
internal_weight=6724.45 6444.83 1235.3 486.335 5209.53 279.621 748.969 2684.68 2666.15 2524.84 300.365 231.935 314.348 2650.12 349.255 2300.87 620.842 319.759 1680.03 1451.5 656.064 154.183 57.9456 532.509 269.377 234.699 139.65 301.084 171.988 143.51
internal_count=64453 52537 23770 13727 28767 11916 10043 15988 15899 12779 1282 988 6233 15746 2407 13339 5389 2998 7950 6855 3143 1234 489 2567 1299 1133 671 2391 7494 964
is_linear=0
shrinkage=0.03


Tree=95
num_leaves=31
num_cat=0
split_feature=11 8 6 0 18 12 5 3 27 27 11 29 13 18 12 0 23 15 3 21 5 19 13 17 12 29 18 0 17 6
split_gain=112.567 36.9717 22.9485 22.5622 22.4137 20.7645 14.4091 13.0561 12.8366 13.0056 10.8607 10.3846 9.81199 9.69349 9.54047 9.46046 8.78374 8.74121 11.269 8.63025 8.18439 7.58145 7.47724 7.78392 10.3897 8.45875 8.43635 7.60607 7.04454 7.02951
threshold=0.41736111044883734 0.35237091779708868 1.3499999642372134 1.5000000000000002 17.069999694824222 0.094444446265697493 -16.650000572204586 -1.7794376611709593 0.068421054631471648 0.11547619104385377 2.8812500238418584 0.84199059009552013 -2.2851428985595699 12.525000095367433 2.0708333253860478 5.5000000000000009 -0.91846826672554005 -0.97038468718528736 1.0000000180025095e-35 0.0098667740821838396 1.3499999642372134 -0.81559780240058888 0.95888337492942821 1.5469057559967043 -5.0118055343627921 -0.9852197766304015 9.4049997329711932 8.5000000000000018 1.4144421219825747 0.15000000223517421
decision_type=2 2 8 2 2 2 8 2 2 2 2 2 2 2 2 2 2 2 2 2 10 2 2 2 2 2 2 2 2 8
left_child=5 2 13 6 7 -1 -3 10 14 19 -5 15 -8 -2 -7 -6 20 18 -4 -10 -14 -18 23 28 25 -25 27 -26 29 -9
right_child=1 3 17 4 11 8 12 22 9 -11 -12 -13 16 -15 -16 -17 21 -19 -20 -21 -22 -23 -24 24 26 -27 -28 -29 -30 -31
leaf_value=-0.024863267331704825 -0.0082107090923120435 0.021699003626195895 0.018569897512126298 -0.0099190028863773358 -0.01267042248991637 -0.014965320285117958 0.030483136320460687 -0.0065195392924928437 0.00606302715578203 -0.011027992825512494 0.01370330868672295 -0.020372586806119034 -0.0046108692175154458 -0.022600954194177385 0.030024909745618302 0.00012853194429965763 -0.0026556576890091124 -0.0041592047866109497 -0.025151863563470881 0.063206190623230102 0.018424268474413627 -0.012838703135378108 0.0050264350996959998 -0.021786276257931652 0.008153133504608924 0.0021488759537504894 -0.0029563160890291483 0.021671163669641547 -0.0063150665476562817 0.0016997172684174958
leaf_weight=176.78368142060935 80.099899089895189 15.723414376378058 30.602069510146976 19.274480542168021 75.27389929164201 78.281670872122049 5.2818503752350798 94.964700578711927 4.5617244467139262 8.6480871848762018 139.93132114037871 39.719357153400779 42.204992331564426 92.167891222052276 3.5693492591381064 163.10030258633196 98.077638800255954 253.4122076202184 5.4725443050265303 4.5693339519202709 19.486192900687456 202.88937319815159 681.04675226379186 17.370362900197506 160.26513407193124 47.493539998307824 44.177620977163315 49.004876719787717 105.44985059462488 3938.0956988604739
leaf_count=9465 2690 87 354 122 1012 2126 33 1632 108 161 657 440 446 4314 17 1605 708 4215 82 85 132 1946 4472 79 987 260 394 266 665 24876
internal_value=8.63014e-07 0.000809147 -0.00735957 0.00144328 0.00192782 -0.0187093 -0.00558459 0.00236402 -0.00765122 0.0148749 0.0107994 -0.00635948 -0.00680617 -0.0159959 -0.0126647 -0.00394917 -0.0074316 -0.00218289 0.0114378 0.0380747 0.00284299 -0.00954009 0.00210059 0.00165246 0.0061661 -0.00449435 0.00890132 0.0114067 0.00130389 0.00150461
internal_weight=6697 6420.59 461.755 5958.83 5575.17 276.414 383.663 5297.07 99.6302 17.7791 159.206 278.094 367.94 172.268 81.851 238.374 362.658 289.487 36.0746 9.13106 61.6912 300.967 5137.87 4456.82 318.312 64.8639 253.448 209.27 4138.51 4033.06
internal_count=64436 52474 11655 40819 37467 11962 3352 34410 2497 354 779 3057 3265 7004 2143 2617 3232 4651 436 193 578 2654 33631 29159 1986 339 1647 1253 27173 26508
is_linear=0
shrinkage=0.03


Tree=96
num_leaves=31
num_cat=0
split_feature=11 8 6 1 25 14 5 12 28 1 1 18 1 5 13 17 27 18 27 20 28 28 5 18 27 14 8 19 27 27
split_gain=90.8295 40.433 24.6366 19.8583 16.9568 15.8205 14.6315 15.6418 13.9103 12.6204 12.0919 17.257 12.6982 11.2283 11.0322 10.8976 10.523 9.82666 9.77904 9.67946 13.1572 9.67832 9.54713 10.2438 9.27962 9.17397 9.15388 8.60802 9.22369 8.60073
threshold=0.42916667461395269 0.76047518849372875 0.25000000745058065 0.45000000298023229 0.16923331469297412 -0.20388751477003095 0.84999999403953563 2.4645833969116215 -0.98523971438407887 1.0500000119209292 9.1500000953674334 10.984999656677248 71.649997711181655 -9.5500001907348615 -0.14399884641170499 -0.21744945645332334 0.72956991195678722 11.425000190734865 0.034210527315735824 1.1482899785041811 0.9646572768688203 -0.87812310457229603 -0.45000000298023218 6.7249999046325692 0.015207373071461918 -1.9872805476188657 28.640341758728031 -0.021204351447522637 0.23763440549373629 0.030414746142923835
decision_type=2 2 8 2 2 2 8 2 2 2 2 2 2 8 2 2 2 2 2 2 2 2 8 2 2 2 2 2 2 2
left_child=3 2 17 22 6 24 7 16 -8 13 -6 12 25 -7 -11 29 -3 21 -5 20 -16 -2 23 -1 -4 -12 -17 28 -27 -10
right_child=1 4 5 18 10 9 8 -9 15 14 11 -13 -14 -15 19 26 -18 -19 -20 -21 -22 -23 -24 -25 -26 27 -28 -29 -30 -31
leaf_value=0.051566183109726806 0.019005046786292029 -0.0031171759270070595 -0.025963624243580501 -0.015272761729244324 0.003405286183244322 0.02736237906541197 0.020997717806878171 -0.016666549976514362 0.015433297939696276 -0.027019766538322068 0.018239229733068057 -0.010210507209244653 0.020725177047798648 -0.012930347590682595 0.0035255043428153985 0.0027614630162113014 0.036486074940742783 -0.023282308522990663 0.003979607192378512 -0.014401681761357392 -0.022983622938993632 -0.013038474605437207 -0.025491593375157242 -0.01157545204578618 0.0018253297121709876 0.016793132506019111 0.024102614795848541 0.0036129067324677027 -0.0035134779930846038 -0.0064541484424542449
leaf_weight=1.5194685906171823 9.9633098905906063 652.40562185365707 10.11056842561811 46.019388111308217 2953.7760760020465 5.4888672679662704 31.569534905254841 80.895090717822313 16.679168052971363 14.548380944877861 24.43662316352129 138.11874544620514 27.889386847615242 229.22788744512945 209.27263654023409 379.48368381150067 5.0996129587292662 83.195501640439034 47.309577152132988 40.168410003185272 17.321834333240986 37.184381642378867 158.65021767653525 28.951837968081236 407.78953499905765 20.06819386780262 18.026426404714584 337.19432869553566 460.34922824800014 193.03817534632981
leaf_count=30 247 6638 316 1157 16335 29 208 620 126 115 113 668 143 5921 1810 2375 24 3977 883 387 193 1257 9262 1004 5261 90 87 1640 2244 1230
internal_value=-0.000359414 0.000376166 -0.00496046 -0.0169779 0.00144069 -0.00324567 -0.00142612 -0.00429962 0.00189695 -0.00675431 0.00243735 -0.000399448 0.00116817 -0.011876 -0.002454 0.000871014 -0.00275507 -0.017129 -0.00557478 -0.00101836 0.00140695 -0.00601291 -0.0225462 -0.00688839 0.00109264 0.000496614 0.0037873 -5.53068e-05 -0.0026321 -0.00464842
internal_weight=6685.75 6403.3 1064.27 282.45 5339.03 933.928 1377.2 738.4 638.797 516.028 3961.83 1008.06 869.938 234.717 281.311 607.227 657.505 130.343 93.329 266.763 226.594 47.1477 189.122 30.4713 417.9 842.048 397.51 817.612 480.417 209.717
internal_count=64390 52054 19513 12336 32541 14032 11308 7282 4026 8455 21233 4898 4230 5950 2505 3818 6662 5481 2040 2390 2003 1504 10296 1034 5577 4087 2462 3974 2334 1356
is_linear=0
shrinkage=0.03


Tree=97
num_leaves=31
num_cat=0
split_feature=1 5 27 15 18 0 19 15 5 25 3 19 1 25 16 1 1 17 28 16 12 17 21 23 3 18 1 1 3 27
split_gain=98.8481 78.9969 26.8584 21.4761 15.0302 14.8091 13.0191 12.5219 16.0023 13.351 10.8238 10.8183 10.7731 10.6641 10.5039 10.4505 13.1308 10.6675 11.2181 11.4536 10.7136 12.042 11.2934 10.3083 10.0601 9.61153 9.58712 12.0292 13.515 10.8865
threshold=0.84999999403953563 -0.84999999403953541 0.045622119680047042 -0.36890387535095209 15.515000343322756 1.5000000000000002 -0.70644983649253834 0.38218085467815405 -4.1499998569488517 0.19251531362533572 -0.38843865692615503 -1.0812660455703733 77.149997711181655 0.22134459763765338 0.46599903702735906 1.8499999642372134 9.5500001907348651 -0.30515423417091364 0.8522624969482423 0.18826942145824435 1.4055555462837221 -1.4991580843925474 -0.98391374945640553 -1.2170960903167722 0.48191118240356451 13.965000152587892 11.650000095367433 31.550000190734867 0.95943397283554088 0.53279572725296032
decision_type=2 10 2 2 2 2 2 2 8 2 2 2 2 2 10 2 2 2 2 10 2 2 2 2 2 2 2 2 2 2
left_child=1 2 11 13 5 6 -2 8 9 -4 25 -1 26 -3 -12 -6 17 20 -19 -20 21 -17 -23 -8 -24 -10 -7 28 -28 -29
right_child=4 3 7 -5 15 12 23 -9 10 -11 14 -13 -14 -15 -16 16 -18 18 19 -21 -22 22 24 -25 -26 -27 27 29 -30 -31
leaf_value=0.0031505169603103294 0.0037191188842505959 -0.011710724877012571 0.02020847489119041 -0.023573018713065327 -0.010127468759055585 0.0032116481504745427 0.012003936616034825 -0.0073843026249807674 -0.0014720073349271626 0.00022836777032540781 0.010091489153815301 -0.019453510934540758 0.023021782776118837 0.014996182465090831 -0.027273639168707019 -0.014113067609467457 -0.018772337954012907 -0.013107408290177376 0.022124666323247888 -0.015454001484755684 0.01121301720675053 -0.012791227782689292 0.020405920283877912 -0.011131523652992479 -0.0030064233711711093 -0.017116999150649358 0.00070760638124231154 0.013813296412912854 -0.0088615206375630608 -7.2519557084334014e-05
leaf_weight=23.144822668284178 119.03798029571772 122.68519952986389 68.749787703156471 263.89002682361752 138.30673330277205 3795.0485181491822 18.418364230543375 164.06465980410576 282.10466849990189 52.989522457122803 98.729518484324217 100.53761632926762 22.35071188211441 14.236063791438935 6.3116660285741082 43.148034263402224 31.514149632304907 73.826888147741556 18.899368040263656 10.653260573744772 114.52794682979584 23.073161795735359 40.500301249325275 174.0318221077323 27.058385640382767 39.445483772084117 381.65996566787362 86.743183396756649 202.64074658975005 120.71215711534023
leaf_count=713 752 5261 346 13601 2075 21041 145 2696 2629 241 2109 4000 116 152 156 238 192 395 102 60 550 132 231 1354 160 692 2041 414 1168 571
internal_value=7.83927e-06 -0.00764404 -0.00238717 -0.0185764 0.00174804 0.00226138 -0.00406044 -0.00013885 0.00203854 0.0115844 -0.000706361 -0.0152323 0.0026894 -0.00884534 0.00761028 -0.00309062 -0.000531107 0.00115205 -0.00690374 0.00851571 0.00452021 -0.00125013 0.00496084 -0.00886675 0.0111218 -0.00343834 0.00258533 -0.000417024 -0.00262052 0.00577196
internal_weight=6679.04 1236.89 836.078 400.811 5442.15 4920.64 311.488 712.395 548.331 121.739 426.591 123.682 4609.16 136.921 105.041 521.508 383.201 351.687 103.38 29.5526 248.308 133.78 90.6318 192.45 67.5587 321.55 4586.8 791.756 584.301 207.455
internal_count=64333 32596 13582 19014 31737 27602 2251 8869 6173 587 5586 4713 25351 5413 2265 4135 2060 1868 557 162 1311 761 523 1499 391 3321 25235 4194 3209 985
is_linear=0
shrinkage=0.03


Tree=98
num_leaves=31
num_cat=0
split_feature=1 5 18 18 3 12 8 6 25 19 1 27 28 6 15 29 15 6 1 5 21 1 15 3 5 16 22 13 17 29
split_gain=89.6033 55.2698 26.5918 18.6082 13.8384 12.6185 13.9442 11.6519 11.6481 12.6815 11.6349 16.987 17.0885 15.4902 16.3038 12.6308 12.8941 11.0433 12.3959 13.3631 11.0269 10.6931 11.8194 10.1748 10.1735 10.2738 9.94053 9.90117 9.78712 9.60586
threshold=0.35000000894069677 -0.45000000298023218 10.934999942779543 15.465000152587892 -2.2447574138641353 1.3354166746139529 2.9701290130615239 1.8499999642372134 0.16732075065374377 -1.1175692677497862 1.5500000119209292 0.032795699313282974 -0.99275806546211232 10.550000190734865 0.11602937802672388 -0.99983122944831837 0.13985200971364978 2.4500000476837163 11.550000190734865 6.0499999523162851 0.086958240717649474 3.8500000238418584 -1.657309293746948 0.61093491315841686 -2.0499999523162837 0.24982044845819476 1.9017640352249148 0.85137704014778148 -0.71162328124046315 -0.49812626838684076
decision_type=2 10 2 2 2 2 2 8 2 2 2 2 2 8 2 2 2 10 2 10 2 2 2 2 8 10 2 2 2 2
left_child=1 2 -1 4 -2 7 -7 -5 -3 -10 11 -6 -13 14 29 -12 21 -18 19 -19 -20 26 23 -23 25 -4 -17 -8 -29 -14
right_child=3 8 24 5 10 6 27 -9 9 -11 15 12 13 -15 -16 16 17 18 20 -21 -22 22 -24 -25 -26 -27 -28 28 -30 -31
leaf_value=0.002656897903423776 0.026009321667082325 -0.02586694148880507 0.01206251392582184 -0.013337537797759045 -0.015845620970156217 0.0073601969641451338 -0.01812053552565724 -0.002865775266035184 0.032860761510558674 -0.014591106297887103 -0.01213609204147374 -0.016382415150277319 -0.0041085899415685117 0.0053763440391051236 -0.010086827055490792 0.0029379721817619983 0.0064185050180465613 0.0022227192643024707 -0.011887274270562518 0.021758469469430521 0.005435613848815979 0.0024843457532650001 -0.0007985850517414528 0.029886321397393573 -0.014846759973827691 -0.024195275052903996 0.017815767627275103 -0.0082042448970686115 0.024825297604330988 0.0054153590716813499
leaf_weight=228.19152557477355 19.929058287292719 183.78902723360807 26.296038888394833 156.72886245790869 66.288392820395529 145.11245508491993 41.433777563273907 244.7839681096375 5.2537566795945194 26.173091011121869 53.233989465981722 54.870977969840169 177.38339762948453 377.71702330559492 173.49152210075408 998.51428845524788 1029.6551880091429 376.21954005211592 99.870660904794931 33.432095773518085 48.488522380590439 29.502989359200001 1588.5976792387664 20.03416383266449 181.04978698305786 8.4853793382644636 41.182835951447487 21.741336558014154 11.547121811658142 203.71421932149678
leaf_count=2824 92 11546 267 3086 1984 733 224 2683 152 1277 266 760 1718 3339 2775 5206 5269 1785 640 152 306 137 7710 99 6347 109 208 115 60 2676
internal_value=-5.83597e-05 -0.0105493 -0.00448101 0.00109329 0.00165994 -0.00381888 0.00195352 -0.00697636 -0.0229905 -0.00588963 0.00156479 -0.0012611 -0.000266711 0.000698317 -0.00249171 0.00225424 0.00243663 0.00457795 0.0011763 0.00386615 -0.00622711 0.00116583 -0.000344703 0.0139385 -0.0120052 0.00278797 0.00354384 -0.00850493 0.00364293 0.000983248
internal_weight=6672.71 659.239 444.023 6013.47 5392.13 621.348 219.835 401.513 215.216 31.4268 5372.2 1053.47 987.177 932.306 554.589 4318.73 4265.5 1587.67 558.011 409.652 148.359 2677.83 1638.13 49.5372 215.831 34.7814 1039.7 74.7222 33.2885 381.098
internal_count=64545 22522 9547 42023 35122 6901 1132 5769 12975 1429 35030 13252 11268 10508 7169 21778 21512 8152 2883 1937 946 13360 7946 236 6723 376 5414 399 175 4394
is_linear=0
shrinkage=0.03


Tree=99
num_leaves=31
num_cat=0
split_feature=11 1 5 0 14 27 1 14 28 0 12 1 24 5 18 0 18 3 19 1 28 27 19 22 18 28 28 27 1 29
split_gain=95.1486 42.149 37.6604 25.9626 22.0403 16.8327 15.6416 13.8576 14.4894 12.08 11.1087 17.9366 14.3303 11.0397 11.1264 10.8919 10.4567 10.3246 11.1716 10.93 9.9649 9.77913 10.7994 12.1919 9.83842 9.51058 10.8129 10.7183 22.383 13.5943
threshold=0.4118055552244187 1.4499999880790713 -0.74999999999999989 3.5000000000000004 -0.13595851510763166 0.017105263657867912 0.45000000298023229 0.04006346873939038 -0.99630266427993763 1.5000000000000002 26.264583587646488 21.050000190734867 1.1780070066452029 -0.35000000894069666 6.6150000095367441 1.5000000000000002 17.069999694824222 -1.8914836049079893 -1.2792513370513914 1.0000000180025095e-35 0.82414472103118908 0.28801843523979193 -0.24404071271419522 0.99660745263099682 7.0450000762939462 0.52033990621566784 0.46039463579654699 0.2787634432315827 2.4500000476837163 -0.43733099102973932
decision_type=2 2 10 2 2 2 2 2 2 2 2 2 2 8 2 2 2 2 2 2 2 2 2 2 2 2 2 2 2 2
left_child=6 2 5 -4 -5 -2 13 8 -7 -3 11 16 -12 14 -1 -9 25 -17 -19 -20 -18 -13 23 -23 -24 26 27 28 -11 -30
right_child=1 9 3 4 -6 7 -8 15 -10 10 12 21 -14 -15 -16 17 20 18 19 -21 -22 22 24 -25 -26 -27 -28 -29 29 -31
leaf_value=0.055307609952536023 -0.021574898467432106 -0.003834065705167553 -0.020258748506206785 0.0035460982124239679 -0.014431539022854109 -0.01957591095899985 -0.0070862004360700628 -0.020120909476113828 0.0033294757376476276 -0.0014197682298696544 0.0057286566313160796 -0.026983488395086592 0.028127927126158945 -0.026877779449313435 -0.011626157069013683 0.011599981856487031 -0.0082738406804656241 0.031776951901150985 0.0320632472681249 -0.0059058954419907439 0.006792793198891086 -0.018643790207071308 0.011594238367026279 0.0036116856776962033 -0.006138278050646484 -2.4650297869851221e-05 0.014357442911469988 0.0023764299441879806 0.0158929468509665 0.0060603590381783628
leaf_weight=1.4177022567018855 33.068355971947312 291.23671993985772 170.57899740897119 128.48934769071639 115.95877283997834 24.828584583476186 80.620649283751845 35.046619854867458 666.84160360693932 228.09631609171629 134.99737034738064 17.44538240134716 31.002022288739681 138.58747062366456 30.62736695446074 38.951115116477013 142.24147172272205 6.5222701784223309 5.975289048627018 357.24459277838469 53.697422709316015 66.103417258709669 52.409736879169941 32.646030560135841 58.636203333735466 775.72414618358016 82.222953915596008 2330.3485716767609 203.36093855649233 338.26396418735385
leaf_count=31 1121 1931 5870 3299 4201 269 1846 483 6621 1795 646 106 152 8628 1225 200 877 77 127 5442 357 360 276 176 325 4225 409 10960 933 1575
internal_value=-2.0238e-05 0.000689575 -0.00355738 -0.0113086 -0.005006 -0.000796941 -0.0180936 -0.000173339 0.00248018 0.00207995 0.00245949 0.00216946 0.0100553 -0.0232228 -0.00708086 -0.00430573 0.00261882 -0.00290373 -0.00445881 -0.00519495 -0.00413128 -0.00602032 -0.0041574 -0.0113238 0.00225962 0.00295394 0.00367979 0.00339205 0.00645979 0.00977463
internal_weight=6673.19 6421.94 1583.51 415.027 244.448 1168.48 251.253 1135.41 691.67 4838.43 4547.2 4381.2 165.999 170.633 32.0451 443.74 4153.96 408.693 369.742 363.22 195.939 227.241 209.795 98.7494 111.046 3958.02 3182.29 3100.07 769.721 541.625
internal_count=64543 52813 27710 13370 7500 14340 11730 13219 6890 25103 23172 22374 798 9884 1256 6329 21131 5846 5646 5569 1234 1243 1137 536 601 19897 15672 15263 4303 2508
is_linear=0
shrinkage=0.03


Tree=100
num_leaves=31
num_cat=0
split_feature=1 5 18 0 19 1 1 5 14 11 13 6 25 15 30 1 13 15 3 24 1 18 15 3 28 15 17 5 5 1
split_gain=86.6222 66.5785 20.025 15.0093 18.8744 15.8212 22.3375 14.096 11.8712 11.7332 11.6214 10.9563 8.55498 8.53563 8.35576 11.0842 12.3096 10.9476 11.4346 8.2535 8.17194 7.98493 13.1479 10.4228 8.97108 8.35519 7.93718 7.60311 10.3257 18.3313
threshold=0.55000001192092907 -0.74999999999999989 10.175000190734865 4.5000000000000009 -0.68211001157760609 1.4499999880790713 5.2500000000000009 -9.8499999046325666 -0.64741811156272877 0.39444445073604589 -1.4670717120170591 70.350002288818374 0.13043221831321719 -0.92664656043052662 2.5000000000000004 2.4500000476837163 1.1348112225532534 0.48605027794837957 -0.68031051754951466 0.94666555523872387 3.1499999761581425 17.069999694824222 1.1397635340690615 -1.1434167623519895 0.9970000982284547 1.222594738006592 0.35637857019901281 -19.05000019073486 1.8499999642372134 9.2500000000000018
decision_type=2 10 2 2 2 2 2 8 2 2 2 10 2 2 2 2 2 2 2 2 2 2 2 2 2 2 2 8 10 2
left_child=1 2 -1 4 27 7 13 -6 12 -4 -11 21 -3 20 -15 17 19 18 -16 -17 -7 22 24 -24 -5 -25 -27 -2 -29 -30
right_child=3 8 9 11 5 6 -8 -9 -10 10 -12 -13 -14 14 15 16 -18 -19 -20 -21 -22 -23 23 25 -26 26 -28 28 29 -31
leaf_value=0.0027032358927771586 0.017835444500361754 -0.01960541523958171 -0.021050647113043258 0.002169153037614099 0.018873811178705634 -0.0009829322685267817 -0.0078129454437084467 -0.013360396769688554 -0.024371297667724331 0.020042559212032882 -0.0072276937769600738 0.032110963523605922 -0.00044298221600004231 0.00025467734051225384 -0.009056987795632911 0.0046527710735779692 0.03713816505789002 -0.021241470988762154 0.02489909607802605 0.026864620153451899 -0.030320987051399313 -0.0035219313724447728 -0.015543378642121266 0.022647024902955906 -0.011202730579306859 0.011188549235058139 -0.0099525359555810693 -0.00040314106143439954 0.017408164963522193 -0.0018574893130008541
leaf_weight=279.37266225740314 29.686089977622032 44.739259998314083 53.385998977348208 3535.9666200578213 12.237761199474333 21.50270663574338 356.49546448513865 178.79627481102943 210.94817130547017 13.991353390738366 238.14579575881362 9.9646785259246808 38.804385490715504 445.8982753008604 18.272125415503979 74.998170390725136 16.043214336037636 18.250619176775217 15.765992738306521 18.040422335267067 13.256542459130285 216.13555259630084 12.198260992765425 48.776883509010077 44.761428637430072 99.175085578113794 18.210983237251639 366.57266013883054 93.967370919883251 83.230554573237896
leaf_count=2766 143 2471 2301 20258 54 118 2493 3044 12567 222 5695 50 1489 2638 112 327 74 176 131 78 58 2060 71 263 334 589 115 2527 441 579
internal_value=-0.000204285 -0.00896739 -0.00309774 0.00113766 -0.00116668 -0.00332105 -0.00180246 -0.0112079 -0.0205753 -0.00839372 -0.00564124 0.00215712 -0.0108154 0.00154191 0.00237705 0.00820388 0.0136087 -0.00311512 0.00693275 0.00919958 -0.012707 0.00207398 0.00239658 0.0103242 0.00199891 0.0123048 0.00785241 0.00330028 0.00247548 0.00839937
internal_weight=6627.59 879.388 584.896 5748.2 1763.01 1189.56 998.524 191.034 294.492 305.523 252.137 3985.19 83.5436 642.028 607.269 161.371 109.082 52.2887 34.0381 93.0386 34.7592 3975.22 3759.09 178.361 3580.73 166.163 117.386 573.457 543.771 177.198
internal_count=64244 27511 10984 36733 12993 9303 6205 3098 16527 8218 5917 23740 3960 3712 3536 898 479 419 243 405 176 23690 21630 1038 20592 967 704 3690 3547 1020
is_linear=0
shrinkage=0.03


Tree=101
num_leaves=31
num_cat=0
split_feature=11 1 6 14 6 13 0 11 18 3 29 18 1 1 15 29 23 27 12 6 27 17 3 27 15 3 6 6 20 15
split_gain=85.6888 31.9592 37.6541 20.3601 18.4938 16.2406 13.2189 13.4305 12.8646 16.9822 13.0061 12.2777 12.8968 19.3881 15.2082 14.9539 13.757 12.166 12.0311 11.594 11.5285 10.6669 10.6395 11.7874 10.9468 10.4684 10.2824 9.84161 9.80216 9.59577
threshold=0.42916667461395269 1.0500000119209292 0.84999999403953563 -0.13595851510763166 0.35000000894069677 -0.59491252899169911 6.5000000000000009 0.4708333313465119 4.3750000000000009 1.1482270359992983 -0.96687281131744374 8.5349998474121112 3.7500000000000004 2.1499999761581425 0.34967167675495153 0.34840355813503271 -0.9394715130329131 0.051315790042281158 -13.682639122009276 70.350002288818374 0.034210527315735824 1.1388231515884402 -0.42554919421672815 0.049193548038601882 -0.26504428684711451 0.33640503883361822 2.1499999761581425 7.9500000476837167 1.2074194550514223 0.76289388537406932
decision_type=2 2 8 2 8 2 2 2 2 2 2 2 2 2 2 2 2 2 2 10 2 2 2 2 2 2 10 10 2 2
left_child=4 2 3 -2 -1 -4 7 -3 9 10 -8 19 13 14 15 27 -17 -7 -5 29 -6 25 -14 24 -24 -22 -25 -13 -10 -9
right_child=1 6 5 18 20 17 8 11 28 -11 -12 12 22 -15 -16 16 -18 -19 -20 -21 21 -23 23 26 -26 -27 -28 -29 -30 -31
leaf_value=-0.02637384016002213 -0.0053322878466294564 0.02871642152898846 0.0044122365167332898 0.050374157558611306 -0.018082684012168278 -0.015506206941075983 -0.011446425054517694 0.00102561830314777 0.0051386963249936326 0.015236483495097526 0.00011814277755667339 -0.0077167007300492033 0.0095039572515096052 0.0047742970834354576 -0.014601091777808724 0.038978319560855693 0.0044989110484364185 -0.0021519912921374486 -0.021883476371354741 0.027110640266736551 -0.011398821893343585 0.025543158657217985 -0.0068614245556877541 -0.015180356774432947 0.027871435247111921 0.019705405018042604 -0.0051848845750306852 0.027412712680230419 -0.0011706074060193646 0.01078148200987351
leaf_weight=106.57397625409067 156.14497669041157 13.798258643597363 346.49863561056554 1.189913636073469 79.262489504180849 69.648645658046007 116.56033334136009 1254.6790555119514 1740.5716361552477 51.092824459075928 342.49793146550655 137.78969280049205 38.814481094479561 420.77890962362289 100.84947603195906 11.919422402977942 55.537689577788115 472.88105409406126 144.19437946099788 15.40411466360092 56.795511914417148 10.048490431159733 15.325776100158693 124.28656437620521 15.739362202584742 10.768887072801588 363.31708643585443 6.6003248989582053 253.54866025224328 96.842648036777973
leaf_count=7162 5157 136 3474 22 3089 2333 493 6727 9166 237 1455 1413 166 2027 1347 118 530 5739 6528 77 1793 218 73 667 73 117 2044 32 1350 548
internal_value=-3.07263e-05 0.000664221 -0.00376568 -0.0129078 -0.0167638 -0.00065395 0.0016837 0.000215653 0.00324918 -0.00100039 -0.00283674 5.69484e-05 -0.00204035 0.000574378 -0.00507443 -0.000491985 0.0110717 -0.00389175 -0.020952 0.00203773 -0.0101095 -0.00184037 -0.00547538 -0.00661249 0.0110566 -0.00622612 -0.00775851 -0.00593337 0.0043363 0.00173212
internal_weight=6629.96 6366.51 1190.56 301.529 263.449 889.028 5175.95 2671.68 2504.27 510.151 459.058 2657.88 1290.96 733.476 312.697 211.847 67.4571 542.53 145.384 1366.93 156.875 77.6129 557.483 518.669 31.0651 67.5644 487.604 144.39 1994.12 1351.52
internal_count=64311 51932 23253 11707 12379 11546 28679 15978 12701 2185 1948 15842 8490 5467 3440 2093 648 8072 6550 7352 5217 2128 3023 2857 146 1910 2711 1445 10516 7275
is_linear=0
shrinkage=0.03


Tree=102
num_leaves=31
num_cat=0
split_feature=11 1 27 6 1 5 22 15 11 29 5 27 5 1 14 3 29 27 1 6 3 28 27 27 11 24 28 13 16 29
split_gain=83.0996 30.6953 32.3545 25.7818 17.4487 15.9483 15.7857 14.8723 13.7126 14.5836 16.8541 15.7912 13.0715 12.4173 11.7699 14.0739 12.3791 11.3124 11.1616 16.3021 14.5963 10.6098 14.1502 13.5671 10.5607 11.039 10.0431 9.89332 12.3117 12.5882
threshold=0.4118055552244187 2.0499999523162846 0.017105263657867912 0.84999999403953563 0.84999999403953563 -10.65000009536743 -0.75921314954757679 1.1301589012145998 14.29444456100464 -0.4755979031324386 -3.1499999761581416 0.58198922872543346 -0.84999999403953541 0.35000000894069677 -1.8643730878829954 0.84845378994941723 0.96849882602691661 0.31962364912033087 7.0499999523162851 6.5499999523162851 -0.028383887372910973 -0.99275806546211232 0.076036866754293456 0.24780701845884326 0.75277778506279003 0.91898947954177868 -0.44504626095294947 -0.3035555481910705 -0.18295824527740476 0.36447542905807501
decision_type=2 2 2 8 2 8 2 2 2 2 8 2 8 2 2 2 2 2 2 8 2 2 2 2 2 2 2 2 10 2
left_child=4 2 -2 6 12 26 -4 14 9 11 24 -7 -1 -8 15 17 18 -3 -16 20 -20 22 -12 -23 -11 -26 -5 28 29 -15
right_child=1 7 3 5 -6 8 13 -9 -10 10 21 -13 -14 27 16 -17 -18 -19 19 -21 -22 23 -24 -25 25 -27 -28 -29 -30 -31
leaf_value=0.00017522384285992865 -0.021822375351101188 0.019004481224876968 -0.019184913697273286 0.00043395592817212241 -0.00084950411515672937 -0.0065115790489909519 -0.014003552742971666 0.0094938620017935467 0.012285873845171368 0.038109629801073332 0.022153941550519175 0.0081138426124671235 -0.023975183092831774 -0.012021530591126175 0.0030236623096009225 0.024405671735758184 -0.0076419115909785017 -0.0036352167378113079 0.0045959307648474994 0.0014197287429912183 -0.0098158964171610498 -0.001640791767223384 -0.016617431533403209 0.008075823823983681 0.015149095525853017 -0.0083148903950842606 0.020425797167276279 -0.0077589168703225547 0.012641567320297441 0.015413246122273213
leaf_weight=22.829006146639585 72.364785141311586 28.21187811344862 87.442217122763395 38.235089853405952 47.46988563798368 525.77142141200602 100.88289565779269 234.63399436697364 71.087507620453835 12.035047717392443 8.9629938434809429 75.165192648768425 171.27836974337697 55.505178988911211 2358.2204975560308 42.977608017623425 129.57152349874377 61.318696886301041 84.184094995260239 1107.0414667204022 247.37630721181631 469.77130064740777 59.569007938727736 177.33905823901296 67.567822564393282 23.761125847697258 54.516912385821342 128.27288070134819 69.653885127976537 19.573398667387664
leaf_count=547 2901 130 2902 164 751 4719 5044 1143 385 88 189 396 10441 729 10826 216 632 275 434 5429 1597 7690 703 1333 439 136 232 2757 982 308
internal_value=5.61384e-05 0.000708191 -0.00224705 -0.00154406 -0.0171797 0.000275224 -0.0077769 0.00216583 -0.000479101 -0.00112636 0.00147759 -0.00467179 -0.0211485 -0.00506482 0.00173999 0.0105006 0.00144173 0.00362987 0.00175365 -0.000328853 -0.00615388 -0.000164635 -0.011301 0.00103038 0.0127402 0.00902051 0.0122771 -0.00172266 0.00364366 -0.00476055
internal_weight=6652.59 6411.01 2117.48 2045.11 241.577 1583.78 461.33 4293.54 1491.03 1419.94 819.006 600.937 194.107 373.888 4058.9 132.508 3926.39 89.5306 3796.82 1438.6 331.56 715.642 68.532 647.11 103.364 91.3289 92.752 273.005 144.732 75.0786
internal_count=64518 52779 32097 29196 11739 16474 12722 20682 16078 15693 10578 5115 10988 9820 19539 621 18918 405 18286 7460 2031 9915 892 9023 663 575 396 4776 2019 1037
is_linear=0
shrinkage=0.03


Tree=103
num_leaves=31
num_cat=0
split_feature=8 5 18 11 11 1 13 16 1 22 1 3 1 22 28 13 11 5 3 23 28 28 11 23 16 1 11 5 1 16
split_gain=81.5153 26.6081 23.2168 18.5012 18.4615 17.1389 13.3961 15.0715 11.7512 10.881 10.81 8.08499 8.63985 16.2184 13.1227 12.9988 11.4318 10.9658 17.5874 11.0536 8.19 8.29919 8.12994 15.641 11.1746 10.3899 12.9767 7.98729 7.79467 11.8843
threshold=0.25811813771724706 -1.8499999642372129 15.414999961853029 1.5881944298744204 0.4118055552244187 0.25000000745058065 -1.7489507794380186 -0.42992922663688654 0.35000000894069677 1.0920232534408572 69.350002288818374 -1.8914836049079893 1.9499999880790713 -0.1725799888372421 -0.99275806546211232 1.083101809024811 7.5409722328186044 2.1499999761581425 1.0284321904182436 -1.2927901148796079 0.9996619224548341 -0.98214942216873158 1.8055555224418642 0.62527891993522655 0.36360514163970953 5.5499999523162851 1.4055555462837221 -10.65000009536743 0.15000000223517421 0.094928693026304259
decision_type=2 8 2 2 2 2 2 10 2 2 2 2 2 2 2 2 2 8 2 2 2 2 2 2 10 2 2 8 2 10
left_child=1 8 4 6 -2 -4 7 -3 -1 -9 11 28 13 -13 -15 16 17 18 19 -14 21 -16 23 24 25 26 -19 -23 -6 -30
right_child=2 3 5 -5 10 -7 -8 9 -10 -11 -12 12 15 14 20 -17 -18 22 -20 -21 -22 27 -24 -25 -26 -27 -28 -29 29 -31
leaf_value=0.021755074329480883 -0.012918318588393275 -0.024895598433640819 -0.02185084901665851 -0.0052243004421385804 -0.0032700236347744348 -0.0033048843850636543 -0.021146779370516573 -0.0031754672811699991 -0.0055110495730641643 0.080112016101928238 0.01697640089482353 -0.0053594971922477086 0.013542608700405459 -0.015216849345515081 0.017055985200108092 0.0070065320792095567 -0.00079252304535477013 0.0054257600974655668 -0.016688880841528538 0.00035250330227908181 0.031192497728724136 0.014720829235818781 0.0034881428151628995 0.02525804396518095 -0.016343480102885694 -0.0099367763447491472 0.027464289289148458 0.00074629680608852896 0.0044370124411123755 0.025110529620389739
leaf_weight=24.118026953190565 80.205612246878445 3.9210743037983775 47.463896181434393 109.65329357422888 37.514475584030151 611.39143017027527 258.75666667521 2.2360248323529941 32.091787088662386 2.516154813580215 39.288169965147972 472.24959378689528 60.463475368916988 39.276073290966451 30.745150161907077 401.72260355576873 1395.0788216628134 81.771567724645138 50.960203021764755 821.56487601995468 7.7502105413004747 37.66505753993988 980.14635303243995 46.112126357853413 17.73560343682766 22.517277106642723 33.479499541223049 770.76691335253417 64.511233374476433 40.462408728897572
leaf_count=246 2803 189 2283 1978 192 6403 13655 89 281 105 198 6236 299 551 348 1950 6641 411 327 4022 118 158 4638 221 84 110 163 9163 311 218
internal_value=-0.000234107 -0.0127981 0.000647165 -0.0156638 0.00128141 -0.00467202 -0.0199088 0.0153927 0.00636384 0.0471839 0.00149264 0.00137713 0.00118558 -0.000875146 0.00151787 0.0019013 0.00131515 0.00270527 0.00027321 0.001271 0.00231097 0.00200743 0.0046235 0.0100985 0.00547055 0.00837632 0.012009 0.00141476 0.008404 0.0125674
internal_weight=6624.14 433.293 6190.84 377.083 5531.99 658.855 267.43 8.67325 56.2098 4.75218 5451.78 5412.49 5270.01 1358.45 886.203 3911.55 3509.83 2114.75 932.989 882.028 846.927 839.177 1181.76 201.616 155.504 137.768 115.251 808.432 142.488 104.974
internal_count=64391 16543 47848 16016 39162 8686 14038 383 527 194 36359 36161 35440 16574 10338 18866 16916 10275 4648 4321 9787 9669 5627 989 768 684 574 9321 721 529
is_linear=0
shrinkage=0.03


Tree=104
num_leaves=31
num_cat=0
split_feature=11 18 1 5 18 1 13 5 17 13 5 1 18 5 3 3 18 18 27 29 5 12 15 8 21 8 21 5 13 16
split_gain=76.6722 29.2159 24.8671 14.5552 14.1946 19.2868 19.7009 13.4295 15.7049 12.0583 11.5218 19.0036 10.3279 9.86445 9.83048 10.7837 10.1934 10.7955 9.81747 12.518 9.49109 9.46248 10.5162 9.33828 12.3782 11.8067 11.7306 10.8725 10.3548 10.2952
threshold=0.34722222387790685 15.465000152587892 0.35000000894069677 -3.2499999999999996 8.9349999427795428 0.55000001192092907 -0.28064805269241327 -1.4499999880790708 0.90065181255340587 -0.037106949836015694 6.2500000000000009 4.1499998569488534 7.4349999427795419 -3.9500000476837154 0.5935654640197755 1.6856843233108523 3.7050000429153447 6.7249999046325692 0.038972431793808944 -0.46039597690105433 -1.4499999880790708 -0.37083333730697626 -0.36890387535095209 0.44340743124485021 1.4076451659202578 0.56123095750808727 -0.5361168086528777 1.8499999642372134 0.95888337492942821 0.36360514163970953
decision_type=2 2 2 8 2 2 2 8 2 2 8 2 2 10 2 2 2 2 2 2 8 2 2 2 2 2 2 10 2 10
left_child=7 4 3 -3 9 6 18 8 -1 12 11 23 -2 -14 -11 16 -16 -18 20 -20 -6 -21 -23 24 -7 26 -25 28 -27 -29
right_child=1 2 -4 -5 5 10 -8 -9 -10 14 -12 -13 13 -15 15 -17 17 -19 19 21 -22 22 -24 25 -26 27 -28 29 -30 -31
leaf_value=-0.012797968870588762 0.00045781799944482666 0.027512152066191637 -0.0028007164111002545 -0.022380982505314308 0.02493658572180376 -0.01118713445279864 -0.013725055858682483 -0.022189724324752757 0.052977580869399368 0.0066035867837408585 0.0032406255038430446 -0.0067062322427106054 0.010881742915038026 0.0012285976756638757 -0.018271793309653662 0.018380334258312758 0.009496770011161863 -0.008092189508217407 -0.010062704128877812 0.0057969990676874378 -0.019660355357752197 0.047173909290082382 -0.0031751757554342942 -0.006551481058715827 0.035633250033175509 -0.0016520852289403159 0.027026558585881624 0.014504744293070098 0.0087138688563868794 -0.0098573569063109667
leaf_weight=9.230862867087124 1670.7724561905488 4.7689547576010227 593.24194675311446 86.920111810788512 4.1295524071902037 77.568104146048427 176.52998414542526 154.22870314400643 3.83669589459896 926.84804509673268 1004.996725615114 375.76728317886591 184.74309714697301 196.20242445264012 33.404475215822458 21.481844343245029 58.29378966614604 65.771750163286924 37.19632372725755 76.840091711841524 29.201475546695292 10.367390504106877 5.3808960365131489 12.763571903109549 4.468387095257639 548.48280473984778 30.994165517389774 88.201584994792938 101.98368323780596 18.183645095676184
leaf_count=160 9007 40 6292 4350 54 1341 6125 8934 43 5050 6273 1971 1102 1708 181 106 303 346 696 1775 1622 337 194 191 66 4308 401 413 839 86
internal_value=0.000267527 0.000789351 -0.00506367 -0.0195171 0.00148603 -0.00015417 -0.00680943 -0.0197222 0.00890717 0.00283783 0.000847079 -0.00106552 0.00147554 0.00592621 0.00536184 -0.0010705 -0.00382319 0.000182063 0.000712949 0.00445667 -0.0135696 0.0103349 0.0308082 0.00134077 -0.00823849 0.00233139 0.0173047 0.001444 -1.59734e-05 0.0102877
internal_weight=6612.8 6445.5 684.931 91.6891 5760.57 2603.06 339.646 167.296 13.0676 3157.52 2263.41 1258.41 2051.72 380.946 1105.8 178.952 157.47 124.066 163.116 129.785 33.331 92.5884 15.7483 882.646 82.0365 800.609 43.7577 756.852 650.466 106.385
internal_count=64314 55177 10682 4390 44495 26692 10803 9137 203 17803 15889 9616 11817 2810 5986 936 830 649 4678 3002 1676 2306 531 7645 1407 6238 592 5646 5147 499
is_linear=0
shrinkage=0.03


Tree=105
num_leaves=31
num_cat=0
split_feature=11 18 1 0 12 14 8 8 12 5 1 5 27 3 1 27 15 5 3 27 5 0 13 28 27 18 3 5 3 27
split_gain=75.0018 25.2441 20.2317 19.2036 17.277 15.6306 13.8225 11.19 11.7817 10.5599 12.4618 10.1609 10.0997 9.79283 8.80757 23.3964 17.478 17.1025 16.2101 15.13 14.3064 13.8498 11.9377 16.7006 11.0681 16.1861 14.8978 13.4043 11.3263 10.7629
threshold=0.41736111044883734 15.414999961853029 0.75000000000000011 1.5000000000000002 0.040972223505377776 -1.5759938359260557 0.27370892465114599 3.0155149698257451 1.3354166746139529 -9.5500001907348615 2.7500000000000004 -4.8500001430511466 0.034210527315735824 -1.8914836049079893 2.4500000476837163 0.10263158008456232 0.31710016727447515 -0.65000000596046437 0.019570295698940757 1.0000000180025095e-35 4.0499999523162851 5.5000000000000009 0.28222392499446874 -0.99630266427993763 0.45437787473201757 9.1449999809265154 1.8003689050674441 8.6500000953674334 -0.57478433847427357 0.54919356107711803
decision_type=2 2 2 2 2 2 2 2 2 8 2 8 2 2 2 2 2 8 2 2 8 2 2 2 2 2 2 8 2 2
left_child=4 3 -3 5 -1 -2 -5 8 11 10 -7 -4 -6 -8 19 17 24 -16 20 -15 -18 -20 23 -21 25 -17 28 -27 -26 -22
right_child=1 2 7 6 12 9 13 -9 -10 -11 -12 -13 -14 14 15 16 18 -19 21 22 29 -23 -24 -25 26 27 -28 -29 -30 -31
leaf_value=-0.023506062719383214 0.014251261274386773 -0.014946320804273713 0.026112863111421521 -0.0055954412196362879 -0.016303645235910547 0.031173709820009332 0.010204173505647297 -0.010374157410173116 0.0070478780436687358 -0.0084328876480136532 -0.0075391138879370868 -0.0046095405047852454 0.0026705134884408509 -0.030142183679141087 -0.0178138182200481 0.0056161150013517491 0.013753494244689787 0.015120740243595526 -0.0063967989897798002 -0.017218426015023488 0.0089905386910596585 0.0047617922113104344 -0.0040585042311913891 0.0025258016637207115 0.0028982977890409062 -0.0062155475296897513 0.020420126269785087 0.0039189270096209239 -0.0041500085753500048 -0.0060558334529704745
leaf_weight=136.10064509231597 33.391092308796942 140.60406904108822 9.0644908398389799 220.6723125865683 50.327982782386243 12.81254728883505 128.49395505338907 116.60417827777565 143.35075424239039 333.27761674020439 15.665344476699827 268.15372424013913 49.213161113671958 13.838752364739774 14.532985441386698 675.67286293208599 280.04474423825741 185.24346803873777 136.04064612463117 38.931456391699612 102.84805552661419 370.78962129354477 416.82446780148894 1125.8674570741132 283.03434348106384 257.85986511781812 25.902957655489445 214.11277258396149 739.49379827082157 71.86826166510582
leaf_count=8851 287 5542 56 5645 1869 57 606 679 700 3594 110 2907 1247 357 70 3094 1263 872 798 473 458 1617 4913 11027 1180 1236 134 977 3533 307
internal_value=-3.75557e-06 0.000611764 -0.00485726 0.00126313 -0.0165881 -0.00510887 0.00173889 -0.00219361 9.37075e-05 -0.00693023 0.0103449 -0.00351473 -0.00698956 0.00205844 0.0018451 0.00271696 0.00208484 0.0126481 0.00545557 9.81677e-06 0.00956141 0.00175996 0.000292517 0.00185168 0.000607102 0.00264166 -0.00162038 -0.00161943 -0.00219812 0.00280208
internal_weight=6610.64 6375 677.777 5697.22 235.642 395.147 5302.07 537.173 420.569 361.756 28.4779 277.218 99.5411 5081.4 4952.91 3357.44 3157.67 199.776 961.591 1595.46 454.761 506.83 1581.62 1164.8 2196.08 1147.65 1048.43 471.973 1022.53 174.716
internal_count=64459 52492 9884 42608 11967 4048 38560 4342 3663 3761 167 2963 3116 32915 32309 15539 14597 942 4443 16770 2028 2415 16413 11500 10154 5307 4847 2213 4713 765
is_linear=0
shrinkage=0.03


Tree=106
num_leaves=31
num_cat=0
split_feature=11 8 6 12 5 1 0 14 3 1 27 29 29 1 3 11 19 28 27 29 27 13 28 21 20 22 17 11 13 1
split_gain=67.2465 22.7943 26.4665 17.5118 14.2042 13.7368 11.76 21.4446 12.2937 15.7404 19.9311 19.114 23.6305 17.6876 16.1151 15.9528 14.0988 16.7822 13.3342 15.2582 12.2838 12.2667 14.2345 12.03 11.5467 10.922 10.5888 10.4459 10.2977 10.1287
threshold=0.39444445073604589 0.35237091779708868 1.5500000119209292 0.20555555820465091 -4.2499999999999991 0.35000000894069677 2.5000000000000004 -1.6483671665191648 -1.6907572150230405 2.4500000476837163 0.017105263657867912 -0.46039597690105433 -0.35846087336540217 3.6499999761581425 -0.82361945509910572 5.1312499046325692 -1.3521066308021543 0.91248813271522533 0.017105263657867912 -0.52034142613410939 0.5900537669658662 -0.44167736172676081 -0.99630266427993763 0.57603281736373912 -0.22794666886329648 1.9017640352249148 -0.85395893454551686 7.4062500000000009 0.63966277241706859 2.7500000000000004
decision_type=2 2 8 2 8 2 2 2 2 2 2 2 2 2 2 2 2 2 2 2 2 2 2 2 2 2 2 2 2 2
left_child=3 2 25 -1 5 -4 7 -3 28 10 -10 15 14 20 -13 24 -16 27 -15 -20 -11 22 -14 -19 -12 -2 -9 -18 -8 -6
right_child=1 6 4 -5 29 -7 8 26 9 13 11 12 21 18 16 -17 17 23 19 -21 -22 -23 -24 -25 -26 -27 -28 -29 -30 -31
leaf_value=-0.022951860696483296 -0.016955243785803951 0.015225748215983961 0.046282508147726026 -0.0039675450486868621 -0.0052499804708976252 0.0043579008967198655 0.0058956950579114398 -0.011909832112104545 -0.021958447626678014 0.007129297834119145 -0.016181500812483013 0.045919527478587158 -0.020805976100912709 0.032128529119162579 -0.023915047897443049 -0.00017628016476048085 0.0015124435039329815 0.066830756812925579 0.0024006255493172922 -0.0025913737238374866 -0.0078693393488253275 -0.0026364036946155585 0.0064005475083651498 0.0045988103528710519 -0.0046209540192824541 0.028799262949051815 -0.0023183267564410226 0.042853152404385954 0.025835021819226048 0.013493876032666037
leaf_weight=141.70939390733838 162.10955346655101 55.867391826584935 9.5195804536342639 63.745226481929421 217.40657684672624 21.958200000226498 131.88916743174195 122.73297349829227 40.441523711197078 736.61955547332764 134.8114210171625 13.846335515379904 17.35890831425786 11.329556152224539 8.173637140542267 335.71981194801629 39.098875807598233 7.6561510069295746 1777.6725499480963 797.47639044374228 51.844019502401352 470.70568246114999 311.44771664123982 4.3605862129479647 184.66186048462987 3.9587884163483968 641.49944481346756 5.4173787888139477 27.601465946063399 28.478113539516926
leaf_count=9365 7401 390 53 1588 4386 125 614 1296 1091 3435 1367 95 180 53 75 2157 428 112 7998 3630 223 6742 3229 53 2105 133 5657 42 151 125
internal_value=-0.000258687 0.000287266 -0.00626574 -0.0171095 -0.000581738 0.0180715 0.000778404 -0.00255427 0.00131385 0.00104861 -0.00142853 -0.000873073 0.00201965 0.00220376 0.0176128 -0.00474696 0.0109489 0.0163176 0.00100364 0.000854289 0.00613437 0.000467519 0.00490548 0.0463365 -0.00953455 -0.0156987 -0.00387224 0.00737434 0.00948587 -0.00303322
internal_weight=6577.12 6371.66 443.431 205.455 277.362 31.4778 5928.23 820.1 5108.13 4948.64 1573.7 1533.26 878.065 3374.94 78.553 655.193 64.7066 56.533 2586.48 2575.15 788.464 799.512 328.807 12.0167 319.473 166.068 764.232 44.5163 159.491 245.885
internal_count=64299 53346 12223 10953 4689 178 41123 7343 33780 33015 17676 16585 10956 15339 805 5629 710 635 11681 11628 3658 10151 3409 165 3472 7534 6953 470 765 4511
is_linear=0
shrinkage=0.03


Tree=107
num_leaves=31
num_cat=0
split_feature=11 1 12 15 6 6 12 6 3 28 0 17 22 16 6 1 8 22 11 0 13 1 19 1 11 16 13 11 5 12
split_gain=63.1416 24.6045 30.4208 26.6 28.3119 17.905 14.1559 12.429 10.6878 10.8161 10.0512 10.6689 10.0808 10.3626 10.3 9.81831 9.27782 8.93878 12.1097 8.52477 10.7544 21.4341 9.43802 12.4027 9.25837 8.90655 8.7477 8.54486 10.3034 13.3912
threshold=0.4118055552244187 1.5500000119209292 -4.535416603088378 -0.3776156604290008 0.55000001192092907 1.0500000119209292 0.15902777761220935 11.34999990463257 -1.6119829416275022 0.77788564562797557 2.5000000000000004 0.45840835571289068 1.3960908055305483 -0.04225646145641803 6.2500000000000009 1.0000000180025095e-35 6.5518443584442148 1.9738534092903139 0.88819444179534923 6.5000000000000009 0.95888337492942821 2.2500000000000004 0.30872124433517462 7.3500001430511483 0.48819445073604589 -0.59977933764457692 -0.77075326442718495 16.8881950378418 1.7500000000000002 2.4645833969116215
decision_type=2 2 2 2 8 10 2 10 2 2 2 2 2 10 8 2 2 2 2 2 2 2 2 2 2 8 2 2 10 2
left_child=5 2 8 17 -5 6 -1 15 10 -10 11 -2 13 -12 -15 -6 19 -4 -19 20 22 -22 24 -24 -3 26 -26 28 29 -27
right_child=1 16 3 4 7 -7 -8 -9 9 -11 12 -13 -14 14 -16 -17 -18 18 -20 -21 21 -23 23 -25 25 27 -28 -29 -30 -31
leaf_value=-0.024515280163203462 -0.020720661572277456 0.028897720540672168 -0.00014618980300956153 -0.019351421557197226 0.016155562123337609 0.0054273459193412005 -0.0069824439034041168 0.017699498565830599 -0.0010035441654583526 0.018835988707459346 0.0080483979614975557 0.014399090105408874 -0.0079796523323260871 0.047821180918312188 0.018169977526710911 -0.006788866412698949 -0.00031410030137996389 0.05047742144762999 0.0029413475647089098 0.004166231042942988 -0.01308702920480553 0.010227637647448226 -0.0014306909797966992 -0.015661168128062272 0.016639887138523584 0.00051524753924993467 -0.0075858331384306586 -0.01276298530494074 0.0053952667296951638 -0.012763880498616747
leaf_weight=130.17922782432288 15.702811682596804 10.061936944723127 440.05107215419412 164.30263057816774 16.385135752148926 31.186551498249173 62.095660857856274 19.50919184088707 246.08188137412071 26.485277620144188 47.545214466750622 13.636137232184408 14.351815409958361 15.254077482968567 37.072888806462288 552.49877925310284 1374.2140213139355 6.4890952566638616 13.928902725689111 1634.5108853541315 41.0730215087533 229.11773685365915 328.57968968525529 65.295719400048256 58.252098731696606 555.39186906442046 16.695778094232082 40.548695586621761 332.88026983290911 76.92869771271944
leaf_count=9424 121 65 7302 7441 335 558 1786 85 2284 323 215 77 62 83 157 9593 6981 136 165 7911 445 1123 1828 405 287 2973 92 202 1639 459
internal_value=0.0001276 0.00067661 -0.00250473 -0.00490472 -0.00837553 -0.0155117 -0.0189184 -0.00528299 0.00448707 0.000986064 0.0110812 -0.00446114 0.0150774 0.018437 0.0275484 -0.00610083 0.00176503 0.000774622 0.0197003 0.00260787 0.0011548 0.00664827 0.000151232 -0.00382347 0.00158869 0.00130795 0.0112144 0.00055932 0.00113163 -0.00111791
internal_weight=6616.31 6392.85 1629.29 1213.16 752.696 223.461 192.275 588.393 416.13 272.567 143.563 29.3389 114.224 99.8722 52.327 568.884 4763.55 460.469 20.418 3389.34 1754.83 270.191 1484.63 393.875 1090.76 1080.7 74.9479 1005.75 965.201 632.321
internal_count=64557 52789 28379 25057 17454 11768 11210 10013 3322 2607 715 198 517 455 240 9928 24410 7603 301 17429 9518 1568 7950 2233 5717 5652 379 5273 5071 3432
is_linear=0
shrinkage=0.03


Tree=108
num_leaves=31
num_cat=0
split_feature=8 6 18 6 0 14 3 5 15 5 29 6 23 18 1 13 1 15 5 27 3 17 6 3 21 21 1 27 17 11
split_gain=61.2228 36.0885 14.7335 13.3341 13.4174 17.9068 14.5973 12.2639 11.58 14.0686 13.0167 10.162 9.72119 9.59941 9.53236 17.5715 15.4093 10.5173 9.89498 11.1009 10.8048 9.15698 8.89403 9.25615 8.61285 8.81976 8.52401 10.4152 12.2395 9.22789
threshold=0.33393259346485143 0.45000000298023229 17.069999694824222 67.299999237060561 2.5000000000000004 -1.5759938359260557 -1.6907572150230405 -12.050000190734862 0.092285078018903746 -1.7499999999999998 0.4584775865077973 1.0500000119209292 0.65108215808868419 6.0050001144409189 1.8499999642372134 -0.76022210717201222 2.9500000476837163 0.74633851647377025 2.4500000476837163 0.32795698940753942 1.2966548800468447 0.86958327889442455 1.1500000357627871 -0.44955916702747339 0.50691100955009472 0.98662668466568004 0.35000000894069677 0.032795699313282974 -1.0694465637207029 7.5409722328186044
decision_type=2 8 2 10 2 2 2 8 2 8 2 8 2 2 2 2 2 2 10 2 2 2 10 2 2 2 2 2 2 2
left_child=1 -1 3 4 5 -2 12 13 9 10 24 -4 -6 -7 15 22 21 18 -18 20 -20 -16 -9 -24 -3 -26 27 -8 -29 -28
right_child=2 8 11 -5 6 7 26 14 -10 -11 -12 -13 -14 -15 16 -17 17 -19 19 -21 -22 -23 23 -25 25 -27 29 28 -30 -31
leaf_value=-0.022251950756266084 0.012664298325551656 -0.010620632206478711 -0.015555618823051719 0.02324335343487895 0.015797180189468209 0.022560551917135838 -0.022664323669120127 -0.0082464134026589662 -0.01109894750027858 -0.0044674750133754789 0.03892119609473025 -0.0026366729923794278 0.00043218269212843988 -0.0055465355219660589 0.010269388324344418 -0.014660472611750443 -0.012943387681838973 0.0085850596724653758 0.019309100103181341 -0.0084700656493655688 -0.0084882031609248062 -0.0085638995816163695 0.0039806114541649134 0.03861204485878101 0.037047361617114957 -0.0039723898684435443 0.0024758851227270301 0.026137537006454721 -0.0044856547823640992 -0.00037073735342284779
leaf_weight=151.39076136797667 62.645641055889428 17.381799221038818 71.253737157210708 23.28985196352005 104.42217083275318 26.100887253880501 24.856452974490821 27.40867099352181 156.85115748178214 169.88359763566405 12.469725370407103 229.23775435611606 57.237597737461329 17.783149819821119 104.86768167838454 172.86022627167404 156.32127288356423 39.225502591580153 32.463322915136814 86.638381205499172 19.432935185730457 28.942985668778419 23.087007055059075 9.1069367267191392 9.2495583295822161 8.4149165265262109 3026.272006155923 11.718076383695005 153.60965358838439 1549.1528146155179
leaf_count=10485 488 152 1886 114 509 140 1466 577 4159 4203 123 2222 266 112 587 3186 987 241 180 632 151 150 147 77 62 63 20017 335 3414 7397
internal_value=-0.000129256 -0.00994043 0.00072355 0.00106191 0.000967782 -0.00261611 0.00155509 -0.00391759 -0.00491418 -0.000421555 0.0138377 -0.0057415 0.0103931 0.0113009 -0.00488593 -0.00983888 -0.00240942 -0.0058509 -0.00779388 -0.0019321 0.00893651 0.00616248 0.00415594 0.0146452 0.00408067 0.0183407 0.00125317 -0.00495399 -0.00217105 0.0015122
internal_weight=6583.58 525.642 6057.93 5757.44 5734.15 806.885 4927.27 744.239 374.251 217.4 47.516 300.491 161.66 43.884 700.355 232.463 467.892 334.081 294.856 138.535 51.8963 133.811 59.6026 32.1939 35.0463 17.6645 4765.61 190.184 165.328 4575.42
internal_count=64528 19247 45281 41173 41059 7655 33404 7167 8762 4603 400 4108 775 252 6915 3987 2928 2191 1950 963 331 737 801 224 277 125 32629 5215 3749 27414
is_linear=0
shrinkage=0.03


Tree=109
num_leaves=31
num_cat=0
split_feature=11 8 5 0 18 6 1 1 15 23 1 5 1 5 25 19 25 13 17 23 8 11 3 1 1 23 25 3 15 3
split_gain=62.8449 28.0019 17.5435 14.0186 15.1783 13.6811 13.0848 14.769 12.3599 11.3555 11.1362 16.9326 15.4631 14.3377 13.1588 11.7652 10.7863 13.5811 9.2884 9.20074 8.89015 8.85326 8.63126 8.38334 16.3806 10.6097 8.37058 8.19672 8.04665 9.53547
threshold=0.37083333730697637 0.34879930317401892 -1.8499999642372129 5.5000000000000009 8.4549999237060565 1.4499999880790713 11.650000095367433 77.149997711181655 -0.80908161401748646 -1.2927901148796079 1.4499999880790713 -0.74999999999999989 4.3500001430511483 4.1499998569488534 0.14273057878017428 -0.1254279017448425 0.12134459242224695 -0.037106949836015694 0.90065181255340587 -1.0882471799850462 12.716065883636476 1.1763888597488406 0.56221327185630809 33.549999237060554 21.050000190734867 1.2745322585105898 0.30939725041389471 -0.14657729119062421 -0.9202158749103545 0.48191118240356451
decision_type=2 2 10 2 2 10 2 2 2 2 2 8 2 10 2 2 2 2 2 2 2 2 2 2 2 2 2 2 2 2
left_child=5 2 16 4 6 -1 9 19 -4 -3 11 15 -12 27 -15 -6 17 -2 -7 -8 26 -18 -10 24 -5 -25 -21 -14 -22 -30
right_child=1 3 8 23 10 18 7 -9 22 -11 12 -13 13 14 -16 -17 21 -19 -20 20 28 -23 -24 25 -26 -27 -28 -29 29 -31
leaf_value=-0.020599273576561123 0.030561482242028367 0.015193578411705617 0.0040741114894820374 0.0021905051652150601 0.0086463882828798251 -0.0059978519949484511 -0.028474500302291914 0.023909150550246193 -0.018741607626314966 0.0020558792666041758 0.0013926541406511042 -0.015908521592132688 0.00064646141512595128 0.0098426801214946749 -0.0082305314290213455 -0.0080935594362512991 -0.011478016188947006 -0.01389136067877618 0.041851755913175977 -0.015024576912672531 0.014570348792697954 0.00057455710027121457 0.032546252383206638 0.0058283285302799049 -0.0083238938661349769 0.029929253754417608 0.015865876912891479 -0.014400377857879702 0.018255488651707775 -0.0090132795728925554
leaf_weight=158.08724163193256 17.403212696313862 62.195085593499243 27.20401446800679 3241.2665117625147 61.107682637870312 11.990290852263572 15.811761669814585 13.775472089648245 145.6451661568135 950.70278596132994 570.90344512462616 139.37203522119671 40.127438493072987 71.020652517676353 72.020178191363811 95.546198235824704 89.284547860734165 8.5995375923812372 4.1296254657208911 81.576560281217098 26.776943638920784 139.53314713388681 2.1383748203515998 104.66078536957502 138.1036137342453 18.693501397967339 7.9169229269027701 170.40461878851056 13.060613527894018 64.158644031733274
leaf_count=9783 145 357 1009 20810 714 196 116 69 6914 5498 3545 4565 188 466 427 1419 2816 114 45 712 157 1528 17 477 635 92 47 1108 92 404
internal_value=-0.000197615 0.000288438 -0.00709778 0.000822272 -0.000915024 -0.0179234 0.00142785 -0.00513453 -0.0143835 0.00287676 -0.00328683 -0.00834105 -0.00166115 -0.00658207 0.000748964 -0.0015502 -0.00205794 0.0158902 0.00798894 -0.00715069 -0.00527068 -0.00415783 -0.0177857 0.00204056 0.00175848 0.00969197 -0.0121468 -0.011543 0.000705836 -0.0042267
internal_weight=6563.22 6389.01 429.808 5959.2 2456.48 174.207 1235.97 223.077 174.988 1012.9 1220.5 296.026 924.476 353.573 143.041 156.654 254.82 26.0028 16.1199 209.301 193.49 228.818 147.784 3502.72 3379.37 123.354 89.4935 210.532 103.996 77.2193
internal_count=64465 54441 12543 41898 19884 10024 7452 1597 7940 5855 12432 6698 5734 2189 893 2133 4603 259 241 1528 1412 4344 6931 22014 21445 569 759 1296 653 496
is_linear=0
shrinkage=0.03


Tree=110
num_leaves=31
num_cat=0
split_feature=11 6 8 6 0 19 18 2 18 18 13 25 8 2 2 24 3 20 16 27 13 2 16 3 2 27 0 23 16 21
split_gain=56.17 20.859 20.2395 18.3898 13.2546 18.2851 13.1071 12.4647 10.6518 10.0701 9.09446 9.47342 9.26152 14.2026 8.1726 11.8157 8.25164 9.6374 8.02188 7.75777 9.7796 12.1293 11.0396 11.1317 8.91854 8.87601 8.82104 9.52756 12.1507 9.55179
threshold=0.42916667461395269 1.1500000357627871 0.34879930317401892 1.5500000119209292 1.5000000000000002 -0.70644983649253834 7.9649999141693124 0.2223429158329964 17.069999694824222 12.055000305175783 -0.97203630208969105 0.33233979344367987 2.6092780828475957 1.2382691502571108 4.0456790924072275 1.1297776699066164 -1.7794376611709593 0.041644074022769935 0.12272956222295762 0.56559139490127575 0.95888337492942821 1.1472764611244204 0.48252362012863165 0.82358643412590038 2.3655488491058354 0.5736559033393861 8.5000000000000018 -0.18397908657789228 0.33882489800453192 -0.60897892713546742
decision_type=2 10 2 8 2 2 2 2 2 2 2 2 2 2 2 2 2 2 10 2 2 2 10 2 2 2 2 2 8 2
left_child=1 7 3 9 5 -4 -3 -1 14 -2 -10 12 13 -12 16 18 17 -6 -16 20 22 -22 24 -24 -18 -21 27 28 -26 -29
right_child=2 6 4 -5 8 -7 -8 -9 10 -11 11 -13 -14 -15 15 -17 19 -19 -20 25 21 -23 23 -25 26 -27 -28 29 -30 -31
leaf_value=-0.024870571374398083 -0.0053338171711635185 0.053017001061289211 0.0042272255533052196 -0.00093982069134081387 0.0017144575733103551 -0.0094986173733016422 -1.5317437447612665e-05 -0.0096462668263676554 0.030352050505008409 -0.021380035839254474 -0.010417734082080032 0.017351093310030839 -0.017253938779129344 0.0060227799654764026 -0.003494452392730764 0.033161195634404644 0.0024312999543766867 0.016838220614452112 0.019743120517548868 -0.01825165551329103 -0.0019397407956574337 0.0082848968988076255 -0.009240474304663111 0.01008464236404512 -0.012846828233383747 -0.00070377177619228965 0.0040275995119333054 0.01797707358422556 0.023246045641292439 -0.0025596162101688661
leaf_weight=107.00914558395743 63.829570971429348 3.9072116166353217 139.70376745983958 254.11576384492218 84.288732817396522 230.04442146141082 28.871355252340436 91.34599987976253 5.6739485487341872 79.914098151959479 109.64129685238004 14.901729028671978 55.486715945415199 81.724008083343506 36.379664696753025 16.682526662945747 3028.0842617135495 68.316631488502026 19.923020839691162 25.922181751579046 139.25920162722468 412.45322354137897 148.48782577551901 31.825970228761435 128.5864987783134 716.28783354908228 165.26205871999264 21.450987365096807 8.0733459554612619 220.40363851562142
leaf_count=8373 2272 38 1025 4245 402 2285 493 3414 58 4515 2179 89 393 373 177 86 21863 348 96 130 1928 1959 1115 155 767 3351 684 130 49 1260
internal_value=0.000202359 -0.0142906 0.000735691 -0.0058053 0.00117702 -0.0043151 0.00768855 -0.0179431 0.00154434 -0.0143408 -0.00428622 -0.00514972 -0.00657256 -0.00340188 0.00184088 0.0117434 0.00169963 0.00855043 0.00492934 0.00149079 0.00197922 0.00570523 0.00142999 -0.00579272 0.00179612 -0.00134038 -0.00173892 -0.00426061 -0.0105612 -0.000671617
internal_weight=6537.86 231.134 6306.72 397.859 5908.86 369.748 32.7786 198.355 5539.12 143.744 267.428 261.754 246.852 191.365 5271.69 72.9852 5198.7 152.605 56.3027 5046.1 4303.89 551.712 3752.17 180.314 3571.86 742.21 543.777 378.514 136.66 241.855
internal_count=64252 12318 51934 11032 40902 3310 531 11787 37592 6787 3092 3034 2945 2552 34500 359 34141 750 273 33391 29910 3887 26023 1270 24753 3481 2890 2206 816 1390
is_linear=0
shrinkage=0.03


Tree=111
num_leaves=31
num_cat=0
split_feature=1 5 18 0 29 16 25 0 1 14 1 5 28 29 1 29 1 14 5 24 12 20 20 24 19 23 20 5 12 18
split_gain=52.4473 40.6148 16.3265 16.3631 15.4245 12.7157 11.5364 13.1367 12.1853 17.6674 11.3164 10.8955 10.6248 11.2627 12.8286 10.5474 9.7868 17.7837 14.6845 9.34275 9.09017 10.0227 9.06162 9.06082 8.88692 8.73901 8.5227 11.4484 15.4816 8.39367
threshold=0.35000000894069677 -0.45000000298023218 9.0749998092651385 6.5000000000000009 -0.84313312172889698 0.31298215687274938 0.14273057878017428 3.5000000000000004 1.6500000357627871 -0.40237650275230402 77.149997711181655 -1.2499999999999998 0.31799963116645819 -0.43733099102973932 8.6500000953674334 -0.30982844531536097 3.0499999523162846 1.0887163281440737 1.4499999880790713 0.36254860460758215 0.39444445073604589 1.2777142524719241 -0.070313747972249971 1.6622945666313174 2.1157487630844121 1.3002636432647707 -0.73322591185569752 0.45000000298023229 -0.33541667461395258 10.234999656677248
decision_type=2 10 2 2 2 8 2 2 2 2 2 8 2 2 2 2 2 2 8 2 2 2 2 2 2 2 2 8 2 2
left_child=1 5 10 6 -3 11 7 8 9 19 -2 15 13 -5 26 -1 -10 18 -18 -4 24 -22 -8 -9 -14 -13 27 28 -15 -29
right_child=2 4 3 12 -6 -7 22 23 16 -11 -12 25 20 14 -16 -17 17 -19 -20 -21 21 -23 -24 -25 -26 -27 -28 29 -30 -31
leaf_value=-0.0023738575230804969 0.0019559317490658802 0.01840003345138783 -0.0098059926404229381 0.0072735655088856472 -0.022823940797363589 -0.015901004193047619 -0.0099403540450422427 0.0068327183639461568 0.0056695473628764342 -0.020004280963791247 0.022658130423292771 -0.0082986354352709447 -0.0060651552592159257 0.071083711165772487 -0.015075805820561516 0.013598823386620881 -0.018899853212443609 0.020880075287749558 -0.00040783492519910194 0.016414686619371951 0.0040186339524349649 -0.011985172385205854 -0.0032248724394710344 -0.014312175421116258 0.032965812155892574 0.0094903295682681309 -0.00026915338387910819 -0.011983902909105282 0.0029466156469035542 0.010307439214582124
leaf_weight=83.619977561756968 3002.3972573280334 7.868907860480248 23.944062454625964 369.19995552301407 166.77213013079017 64.011276807636023 294.38462079316378 223.87883129622787 135.65174614265561 78.69912444613874 22.963994026184082 180.94384753145278 309.03220047894865 5.0165840201079845 43.030408397316933 65.681658850982785 67.457829400897026 20.126432627439499 88.86194970831275 23.048421775922179 260.96457587182522 39.708007315173745 470.36427316721529 18.918295005336404 4.3605182673782101 27.93306837324053 370.54712234158069 18.256452109664679 6.1689458172768337 72.72927681170404
leaf_count=627 16055 205 422 1867 12802 1831 2407 2677 921 1963 123 5506 3705 58 189 801 418 125 545 348 1540 222 3824 221 51 683 3470 140 100 694
internal_value=-0.000275195 -0.00874689 0.000573099 -0.00101706 -0.0208723 -0.00369368 -0.0032936 -0.000450911 -0.00355249 -0.0113992 0.00212051 -0.00147388 0.00117868 0.00328109 0.000414516 0.00469666 -0.000366073 -0.00501206 -0.00845724 0.00312853 -0.00185156 0.00187239 -0.00581955 0.0051332 -0.00541895 -0.00588584 0.00185341 0.00947936 0.036831 0.00575299
internal_weight=6566.54 596.831 5969.71 2944.35 174.641 422.19 1445.34 680.587 437.79 125.692 3025.36 358.179 1499.01 884.949 515.749 149.302 312.098 176.446 156.32 46.9925 614.065 300.673 764.749 242.797 313.393 208.877 472.718 102.171 11.1855 90.9857
internal_count=64540 22455 42085 25907 13007 9448 13871 7640 4742 2733 16178 7617 12036 6518 4651 1428 2009 1088 963 770 5518 1762 6231 2898 3756 6189 4462 992 158 834
is_linear=0
shrinkage=0.03


Tree=112
num_leaves=31
num_cat=0
split_feature=8 6 2 27 15 20 12 0 13 6 13 8 21 5 27 6 3 23 3 5 29 28 12 20 18 23 5 5 3 6
split_gain=62.1662 26.4861 16.4606 19.5929 12.7836 15.6957 12.7302 12.1349 14.9193 11.4027 10.9898 10.0118 16.6268 9.67898 12.422 17.747 10.0881 9.28034 9.2678 12.253 9.26087 10.0558 9.04132 13.7151 8.79962 8.87229 8.55925 8.10444 8.04157 10.0092
threshold=0.27370892465114599 0.35000000894069677 0.29941825568676 0.31155914068222051 -0.53361305594444264 0.52831572294235241 -3.4354166984558101 2.5000000000000004 -1.8582422137260435 1.6500000357627871 -2.2851428985595699 0.81137156486511242 0.15075685083866122 -12.550000190734862 0.1475806459784508 1.5500000119209292 1.1482270359992983 -0.043064709752798074 -1.6907572150230405 0.35000000894069677 0.4584775865077973 -0.30983471870422358 -14.94027805328369 -0.32180325686931605 7.6050000190734872 0.40662679076194769 -1.7499999999999998 -36.800001144409173 0.019570295698940757 47.750000000000007
decision_type=2 8 2 2 2 2 2 2 2 10 2 2 2 8 2 8 2 2 2 8 2 2 2 2 2 2 8 10 2 10
left_child=1 -1 3 4 5 -2 -3 8 -4 10 -8 12 -7 -10 15 -15 -17 -5 19 -9 -11 -22 23 -20 25 -19 -6 -27 -16 -30
right_child=2 6 7 17 26 11 9 18 13 20 -12 -13 -14 14 28 16 -18 24 22 -21 21 -23 -24 -25 -26 27 -28 -29 29 -31
leaf_value=-0.023505111372042246 -0.0088785399924468759 0.0070652486502277758 0.016914527513125634 -0.0051679418013577212 -0.00037776647811257435 -0.010594710745921693 0.049123064073053432 0.0208692003413113 0.010346941550324942 -0.0046580896539579085 -0.013361429676034046 0.002540399492770521 0.069392034939498595 -0.0054149760458136274 -0.0037080071840953901 0.022881064897830761 -0.00069465376259814061 0.028597826661043484 -0.023974506430936054 -0.0014548130863253884 -0.0069743849919545178 0.041944721494641068 0.0015158645696133999 0.00079516131460901696 0.032600898979899942 0.017190570549138084 -0.018945033121108752 -0.0081400639973904926 -0.012709618395688217 0.023284225456025424
leaf_weight=115.29348227381706 63.213721630163491 50.126176434569061 33.016235262155533 58.018191257491708 27.086143683642149 3.2115522557869571 1.6071877628564823 49.386636920273304 42.42346903309226 40.64029972627759 200.8646887820214 13.139094120822845 5.7726949965581298 96.741093319840729 339.38057011552155 44.004347128793597 25.552093088626862 11.302323827520011 30.707358438521624 39.236066590994596 5.9034968242049208 8.4140698574483377 4815.119833634235 54.878152463585138 12.634130971506236 15.883514642715452 127.7793030841276 33.796128407120705 185.03810389339924 6.3310074955224982
leaf_count=9068 1749 515 202 437 315 101 49 247 246 428 6969 310 157 1349 2587 269 152 61 145 170 73 100 30598 264 121 69 6001 182 1469 29
internal_value=-0.000186184 -0.011298 0.000581572 -0.00552761 -0.0106101 -0.00126081 -0.00666054 0.000976717 -0.00252002 -0.0093502 -0.0126265 0.0199482 0.0426022 -0.00340942 -0.00426027 0.00288132 0.0143332 0.00375692 0.00151851 0.0110797 0.00272989 0.0226356 0.00134338 -0.00826623 0.0107658 0.00578901 -0.0157209 0.000138015 -0.00649913 -0.011404
internal_weight=6556.5 422.849 6133.65 371.837 240.203 85.3371 307.556 5761.81 772.487 257.43 202.472 22.1233 8.98425 739.471 697.047 166.298 69.5564 131.634 4989.33 88.6227 54.9579 14.3176 4900.71 85.5855 73.6161 60.982 154.865 49.6796 530.75 191.369
internal_count=64432 17202 47230 9503 8633 2317 8134 37727 6303 7619 7018 568 258 6101 5855 1770 421 870 31424 417 601 173 31007 409 433 312 6316 251 4085 1498
is_linear=0
shrinkage=0.03


Tree=113
num_leaves=31
num_cat=0
split_feature=11 8 18 2 5 16 0 29 28 22 20 25 19 2 25 15 16 5 25 22 5 3 2 5 18 21 19 28 12 5
split_gain=59.5707 19.3312 18.2728 19.0288 18.4548 15.8551 13.7388 10.7582 11.6543 11.7072 11.6479 10.536 10.4289 12.3218 10.2712 10.2538 10.0627 9.52963 9.48775 10.1502 9.24129 8.71789 11.9855 18.642 13.0514 12.9668 8.92136 8.49482 8.28467 8.07895
threshold=0.44722221791744238 0.40207259356975561 9.0050001144409197 0.3709686696529389 -0.84999999403953541 0.27316945791244512 6.5000000000000009 -0.46039597690105433 0.35042373836040502 -0.40559779107570643 0.84296703338623058 0.26997847855091101 -0.057989142835140221 4.0456790924072275 0.16732075065374377 -0.28321020305156702 -0.53249651193618763 -0.65000000596046437 0.14808583259582522 1.9017640352249148 -3.6499999761581416 -0.49121353030204767 1.3986406922340395 1.4499999880790713 16.164999961853031 -1.2256151437759397 1.3502688407897951 0.63257020711898815 0.064583335071802153 -27.449999809265133
decision_type=2 2 2 2 8 10 2 2 2 2 2 2 2 2 2 2 10 8 2 2 8 2 2 10 2 2 2 2 2 8
left_child=1 17 12 4 5 7 18 14 16 -10 20 -6 13 29 -4 27 -9 -1 19 21 -11 -5 24 26 -23 -25 -24 -14 -3 -2
right_child=2 28 3 6 11 -7 -8 8 9 10 -12 -13 15 -15 -16 -17 -18 -19 -20 -21 -22 22 23 25 -26 -27 -28 -29 -30 -31
leaf_value=-0.00079534286692312128 0.01138894792433119 -0.016488576927876017 -0.020807740753219388 -0.010857269715360388 -0.0152463360322312 -0.020666962513982597 0.0016830495117667412 0.046297063715470349 0.067656471002368754 0.037315889606668012 0.05534490493533821 0.0037051155526305417 0.00060985196358857711 0.015926777020110035 0.015365532191066239 0.0064323503157144683 -0.0021667952132281196 -0.025201798931159078 -0.0048445561296025196 0.024016879325930111 -0.012689095851157373 0.0078222140699480101 -0.017305187878265356 0.024034114950714631 -0.0080851178454270992 -0.001064837205964978 0.014104605805523371 -0.020720866119499415 0.00055756648872100562 0.0003503190801017085
leaf_weight=16.468005318194628 60.379204422235489 38.149001366458833 17.13048394955695 63.705550267361104 197.13730357121676 20.37399610877037 1438.5237447926775 3.4157344549894324 5.2008680831640985 3.8254413157701492 4.4007268380373707 30.060404175892472 157.33184364810586 47.612325303256512 10.668704232200978 709.2280105073005 29.831089088693261 117.35501571837813 730.87006543856114 14.664900982752441 9.7407743632793444 244.56806751806289 86.656551863998175 20.334497440606356 56.379876569844782 140.14864842966199 8.2270934879779798 17.805460039526224 74.296280678361654 2148.3313342677429
leaf_count=547 275 2365 280 837 9944 406 10099 37 98 24 68 404 787 241 123 3770 485 8712 5445 105 204 2733 517 114 870 803 54 103 1460 12446
internal_value=-0.000116605 -0.0145598 0.000452321 -0.00116744 -0.00794999 0.00246376 -0.00036236 0.00823668 0.0156726 0.0315381 0.0180671 -0.0127336 0.00206945 0.000986228 -0.00687375 0.00482889 0.00401879 -0.0222266 -0.00251672 0.000167294 0.00300524 -0.000434568 0.000776311 -0.0039955 0.00482521 0.00224454 -0.014463 -0.00166408 -0.00532 0.000657098
internal_weight=6522.82 246.268 6276.55 3135.86 331.786 104.588 2804.08 84.2138 56.4146 23.1678 17.9669 227.198 3140.69 2256.32 27.7992 884.365 33.2468 133.823 1365.56 634.685 13.5662 620.02 556.315 255.367 300.948 160.483 94.8836 175.137 112.445 2208.71
internal_count=64356 13084 51272 33650 12073 1725 21577 1319 916 394 296 10348 17622 12962 403 4660 522 9259 11478 6033 228 5928 5091 1488 3603 917 571 890 3825 12721
is_linear=0
shrinkage=0.03


Tree=114
num_leaves=31
num_cat=0
split_feature=8 6 6 1 27 15 28 15 6 17 19 4 21 6 15 21 3 21 12 18 28 1 23 14 28 12 17 6 3 13
split_gain=52.6639 23.3032 16.5687 14.3305 15.6412 12.9204 12.3253 10.6232 10.2356 9.97334 9.68619 9.39933 11.9978 9.38608 9.16907 8.64861 8.46984 8.46202 8.15213 7.4832 8.38988 8.71016 7.17326 6.81734 11.6763 12.3263 12.9293 9.66102 10.0054 7.61902
threshold=0.33393259346485143 0.35000000894069677 67.299999237060561 0.35000000894069677 0.28452381491661077 -0.80908161401748646 -0.86114627122879017 -1.1090576648712156 9.2500000000000018 1.5469057559967043 -1.0930767655372617 -2.3500000238418575 0.73585024476051342 13.150000095367433 1.8390398025512698 0.66545274853706371 0.37655246257781988 -0.31595422327518458 -3.217361211776733 17.595000267028812 0.81925055384635936 1.8499999642372134 1.6927160620689394 0.8253346085548402 0.52033990621566784 9.4527778625488299 -0.047810815274715417 3.4500000476837163 -0.56505125761032093 1.2336226701736452
decision_type=2 8 10 2 2 2 2 2 10 2 2 2 2 10 2 2 2 2 2 2 2 2 2 2 2 2 2 10 2 2
left_child=1 7 3 4 13 6 -3 11 16 14 15 -1 -13 -2 19 -8 -7 -11 -16 23 -21 -22 -6 -5 25 26 -25 28 29 -28
right_child=2 5 -4 9 22 8 10 -9 -10 17 -12 12 -14 -15 18 -17 -18 -19 -20 20 21 -23 -24 24 -26 -27 27 -29 -30 -31
leaf_value=-0.018892448250216517 -0.011597267456881494 0.031990350377626764 0.027051334377506453 0.00013777087757168039 -0.0001970717867916287 -0.010557940128381045 -0.0094293411648686751 -0.023227510205779241 0.021906703626981525 -0.0039159730838068361 -0.011941888209077187 -0.011738102422326039 0.07652148845294196 0.035957674519311728 -0.0095288205799719146 0.024702849704254886 0.012463468787966928 0.0081658373758018311 0.016837607831938783 -0.0093197555661607267 -0.010546406219379507 0.013320080976084617 0.021172672708102309 0.0032023385643921488 -0.0043504374710452596 -0.0071478933412588101 0.02960091771841853 0.024319498405739989 0.0031221006870251916 0.0046797414799203477
leaf_weight=4.2357447883114219 199.87999769020826 12.198761216364799 20.243392184376717 4181.6540130637586 130.44936875626445 282.29510227777064 9.824906977824865 114.40173262637109 8.7781344726681692 63.803291792050004 29.402911105193201 2.1020618565380556 2.0789871290326118 2.8590059131383887 12.464790172874926 17.362626702524722 14.33725177682936 273.02847887109965 52.257504965178668 137.76819487474859 21.24292919319123 35.319118920713663 14.852994421496986 446.19618039764464 155.83569484204054 70.322043944150209 27.833065113052726 46.428051270544529 98.715349829755723 18.596910379827023
leaf_count=323 7669 165 102 26161 961 8008 194 9213 44 378 634 100 113 14 84 313 144 1572 326 1398 434 199 89 2838 1282 379 194 234 670 134
internal_value=-0.000173218 -0.00954817 0.000603569 0.000509679 -0.00538948 -0.00579678 0.0058849 -0.0208387 -0.00843852 0.00087451 -0.000200219 0.0106491 0.0384471 -0.0107535 0.000556105 0.0124714 -0.0094071 0.00587246 0.011692 0.000416352 -0.00534528 0.00432908 0.00211716 0.000639276 0.00306374 0.00469927 0.00601471 0.0125144 0.00859771 0.0199282
internal_weight=6506.77 497.018 6009.75 5989.51 348.041 374.2 68.7892 122.819 305.41 5641.47 56.5904 8.41679 4.18105 202.739 5304.63 27.1875 296.632 336.832 64.7223 5239.91 194.33 56.562 145.302 5045.58 863.927 708.092 637.77 191.573 145.145 46.43
internal_count=64369 19251 45118 45016 8733 9502 1306 9749 8196 36283 1141 536 213 7683 34333 507 8152 1950 410 33923 2031 633 1050 31892 5731 4449 4070 1232 998 328
is_linear=0
shrinkage=0.03


Tree=115
num_leaves=31
num_cat=0
split_feature=27 1 27 8 5 0 18 11 18 29 16 11 27 27 1 23 5 21 14 18 20 18 11 5 27 1 1 5 19 0
split_gain=47.9824 41.5531 22.0472 18.2579 16.6375 13.5079 17.3327 12.657 11.5944 12.8161 10.6313 13.0009 9.57882 9.34609 9.04671 12.2835 9.96435 9.79191 9.466 8.35362 9.65527 9.6844 9.40705 8.17384 13.2314 12.9514 9.97818 16.3375 13.5088 11.8625
threshold=0.032795699313282974 2.4500000476837163 0.017105263657867912 0.35237091779708868 -1.5500000119209287 5.5000000000000009 8.5349998474121112 0.34722222387790685 4.3750000000000009 -0.9852197766304015 0.26767598092556005 2.8812500238418584 1.0000000180025095e-35 0.017105263657867912 12.84999990463257 0.069571007043123259 6.7500000000000009 -1.2432827949523924 -0.65888094902038563 1.235000014305115 -0.17259632050991056 7.8250000476837167 1.5312500000000002 9.0500001907348651 0.30322581529617315 4.1499998569488534 1.8499999642372134 -0.84999999403953541 -0.41466867923736567 3.5000000000000004
decision_type=2 2 2 2 8 2 2 2 2 2 10 2 2 2 2 2 8 2 2 2 2 2 2 10 2 2 2 8 2 2
left_child=1 4 -3 7 13 6 14 -2 9 -7 -9 -12 -6 -1 16 -16 17 -5 -18 -19 21 -21 -23 25 -25 26 27 28 -8 -29
right_child=3 2 -4 5 12 8 23 10 -10 -11 11 -13 -14 -15 15 -17 18 19 -20 20 -22 22 -24 24 -26 -27 -28 29 -30 -31
leaf_value=-0.010421454825097702 -0.022539916871425283 0.02719327937017519 -0.0058984686742447846 0.013448033331037527 -0.030471812658555624 -0.010492285511035957 0.013853511144630607 -0.0012949480652104976 0.0030264345358076449 0.00047508105531738888 -0.02247687382376122 0.0023635201867826684 -0.015640847930360934 0.035800049854555149 -0.012269472178175757 0.0023764996467488045 -0.0020781469341585516 0.0078007634214929539 0.03107269903022717 -0.0049250921574820637 0.0035075760690508094 0.035968390279258994 0.0027738127069910027 0.024750097992601788 -0.0064697266727010592 -0.0093816620885345866 0.0011245193460821389 -0.018378251076445837 -0.0042949444852032753 -0.003200570410392416
leaf_weight=6.9385412782430631 35.392906468361616 31.313000038266182 40.607134446501732 64.550061193294823 51.137662900611758 112.91334716230631 50.477689241990447 291.79238580167294 2696.7510562827811 605.75173587910831 51.512382054701447 29.405047570355237 186.99889048561454 7.14994384534657 91.027163632214069 116.53911286219954 12.062326729297636 154.54631659388542 20.111656257882714 341.98413509782404 392.15770024806261 8.6100140493363124 39.343460936099291 22.49362526088953 24.779882937669754 295.68134056404233 421.71214059740305 105.84923777170479 129.49250859580934 82.730733172036707
leaf_count=108 2457 162 193 376 2959 492 492 6904 17519 2646 1824 350 9404 99 670 812 68 705 110 2054 2318 95 276 171 176 1769 2185 3202 1741 2053
internal_value=-0.000105503 -0.0113392 0.00868454 0.000483766 -0.0170605 0.000916421 -0.000821428 -0.00564136 0.00212433 -0.00126025 -0.00398063 -0.0135313 -0.0189398 0.0138541 0.00162756 -0.00407445 0.00277572 0.00223736 0.0189561 0.00145124 0.000188181 -0.00315055 0.00934687 -0.00350227 0.00859023 -0.0040361 -0.0020267 -0.00562576 0.000843723 -0.0117718
internal_weight=6521.81 324.145 71.9201 6197.67 252.225 5789.57 2374.15 408.103 3415.42 718.665 372.71 80.9174 238.137 14.0885 1240.93 207.566 1033.37 1001.19 32.174 936.642 782.095 389.938 47.9535 1133.22 47.2735 1085.94 790.262 368.55 179.97 188.58
internal_count=64390 12925 355 51465 12570 39930 19273 11535 20657 3138 9078 2174 12363 207 7484 1482 6002 5824 178 5448 4743 2425 371 11789 347 11442 9673 7488 2233 5255
is_linear=0
shrinkage=0.03


Tree=116
num_leaves=31
num_cat=0
split_feature=11 6 18 18 1 6 0 13 1 1 29 6 13 8 27 26 22 25 20 8 29 27 22 15 18 11 19 6 18 11
split_gain=57.1104 20.9418 16.2679 15.0526 11.3101 14.2209 10.6262 14.1529 13.0382 15.8058 15.0203 11.8129 11.7049 11.6007 10.5363 10.4736 10.1613 10.1232 11.8385 10.0413 9.68272 11.8419 9.53808 11.0169 9.50533 9.07456 8.77561 8.72099 8.61637 8.97249
threshold=0.41736111044883734 1.1500000357627871 7.1549999713897714 15.465000152587892 0.45000000298023229 3.0499999523162846 6.5000000000000009 -0.60409873723983754 1.8499999642372134 5.2500000000000009 -0.6258755326271056 6.4500000476837167 -0.20996274799108502 18.598476409912113 0.032795699313282974 26.965000152587894 -0.69619527459144581 0.17009598761796954 -1.1583632826805113 0.40207259356975561 -0.81427544355392445 0.068421054631471648 0.69435477256774913 -0.41107678413391108 14.784999847412111 7.0312500000000009 -0.91187784075736988 44.149999618530281 14.644999980926515 2.1312500238418584
decision_type=2 10 2 2 2 10 2 2 2 2 2 10 2 2 2 2 2 2 2 2 2 2 2 2 2 2 2 10 2 2
left_child=1 19 -3 6 5 -5 7 27 11 12 25 15 20 -12 -8 -9 -6 18 -16 -1 -10 -22 23 26 -14 -11 -20 28 -2 -30
right_child=3 2 -4 4 16 -7 14 8 9 10 13 -13 24 -15 17 -17 -18 -19 22 -21 21 -23 -24 -25 -26 -27 -28 -29 29 -31
leaf_value=-0.025378000709946624 0.0017501153144484408 0.064305251453018575 -0.00092184483808852643 -0.017511667022221997 -0.0076267043252252866 0.024950244346378284 -0.0089380233630745147 -0.0084431868734094317 0.0051604102554038585 0.0046536891157606198 -0.013190126797266175 0.004569021797465953 0.0054780020512552692 0.01296460042997319 -0.011746718117125667 0.024335267677724034 0.00079962185738496861 0.002299384926130191 0.012135612683122209 -0.010515118697956308 0.015264256529902591 -0.012308049390439451 0.0009395686989346776 0.013010192418525114 -0.012622919393876957 -0.0041709115880722908 0.054747578824521331 0.019395385190072809 0.036642564703381682 -0.0077159532223796505
leaf_weight=104.86019305512309 1006.6389435175806 2.9149020221084383 28.224854120984674 79.550367910414934 201.11018129717559 6.9116474613547316 71.326849152334034 428.04376964550465 68.423165135085583 169.43328866735101 171.23465374857187 82.158970266580582 567.29153986275196 15.954886157065628 15.273949725553392 8.0150930518284422 354.63085295818746 2534.0807901481166 7.3809916451573399 70.348989893682301 15.208111584186552 108.64454779028893 25.523792429827154 39.10964810103178 26.439930912107229 271.70844524726272 12.77147852629423 26.023651689291 11.635913258418443 5.6310670450329772
leaf_count=8355 7944 28 509 4246 2056 60 1821 8738 307 970 1094 399 2792 91 202 145 3350 14677 83 3129 78 512 299 497 147 1557 153 127 184 56
internal_value=2.23785e-06 -0.0154906 0.0069947 0.000509636 -0.00384053 -0.0138709 0.00100138 -0.000233652 -0.00175664 -0.000263828 -0.00380767 -0.00582252 0.00257034 -0.0109038 0.00236246 -0.00778639 -0.0022579 0.00267173 0.0119855 -0.0195039 -0.00384866 -0.00882725 0.0163479 0.0228584 0.00465207 -0.000778708 0.0404522 0.00256865 0.00212247 0.022546
internal_weight=6536.51 206.349 31.1398 6330.16 642.203 86.462 5687.95 2982.49 1932.56 1414.34 628.331 518.218 786.007 187.19 2705.47 436.059 555.741 2634.14 100.06 175.209 192.276 123.853 84.7859 59.2621 593.731 441.142 20.1525 1049.93 1023.91 17.267
internal_count=64606 12021 537 52585 9712 4306 42873 25141 16830 7548 3712 9282 3836 1185 17732 8883 5406 15911 1234 11484 897 590 1032 733 2939 2527 236 8311 8184 240
is_linear=0
shrinkage=0.03


Tree=117
num_leaves=31
num_cat=0
split_feature=27 1 27 0 5 1 15 27 27 21 6 5 12 3 27 17 5 21 29 18 29 28 6 5 21 3 17 15 22 1
split_gain=44.2357 45.8551 20.4529 16.3892 17.5874 16.4678 17.0242 13.4567 13.3619 13.6943 13.2827 10.7712 10.1731 9.67247 11.5726 9.01553 11.7184 9.38618 9.11446 8.97136 8.66427 8.63102 9.4254 8.59396 11.4116 10.7099 8.4612 8.16338 12.5898 9.30922
threshold=0.032795699313282974 2.4500000476837163 0.023057644255459312 2.5000000000000004 -11.249999999999998 0.75000000000000011 -0.74348038434982289 1.0000000180025095e-35 0.13924731314182284 1.5122985839843752 0.35000000894069677 -1.3499999642372129 2.940972208976746 -0.0098217930644750578 0.36075268685817724 -0.017591728828847405 -1.4499999880790708 0.60925322771072399 0.4584775865077973 17.069999694824222 -0.34234976768493647 0.94138324260711681 2.4500000476837163 1.5500000119209292 0.35185010731220251 1.4243296980857851 -0.85395893454551686 0.10426390916109086 -1.2091478705406187 2.4500000476837163
decision_type=2 2 2 2 8 2 2 2 2 2 8 8 2 2 2 2 8 2 2 2 2 2 10 8 2 2 2 2 2 2
left_child=1 7 -3 4 -2 6 11 -1 23 13 -9 20 -4 14 26 -12 -17 18 -18 27 -6 22 -15 24 -7 -25 -10 28 -5 -29
right_child=3 2 12 19 5 8 -8 10 9 -11 15 -13 -14 21 -16 16 17 -19 -20 -21 -22 -23 -24 25 -26 -27 -28 29 -30 -31
leaf_value=-0.030528970398785167 0.012303031925957164 0.024737760828007872 0.007303584123103655 -0.0085286290535538396 0.0020648141456375106 -0.0087355073819449219 -0.017838208766131281 -0.025033714848274213 -0.014187653205931126 0.012386498239655857 -0.016291674698658443 -0.011067242018326292 -0.026573364523831647 -0.021899864425707165 -0.0053280979498565098 0.029846233846538069 -0.016789318971448725 -0.019881624371478248 0.012266445241341965 -0.0040428631393551072 0.042205396187312519 0.013428957865469772 -0.0074141998351289632 0.025324610636806178 0.013574862396381948 -0.0092837833298770305 0.014220939607782807 0.00013920522216323168 0.0010441403324943227 0.0045416900655940173
leaf_weight=50.644315851852298 60.93126442283392 39.091499626636505 17.52384123206139 128.08387640491128 10.629349801689388 46.857001012191176 128.30133845563978 58.434476346708834 10.65617919154465 40.166404131799936 62.801836086437106 18.013460147194564 13.164613366127012 61.831514924764633 224.24892416968942 8.7235161904245597 13.250996988266705 24.248715879395604 29.647905304096639 265.01058307103813 8.0552479363977891 11.562845960259436 118.37082276120782 33.207441069185734 35.277684500440955 9.9459260180592519 51.519189324229956 639.51105834264308 2937.414681554772 1333.3747411817312
leaf_count=2971 335 200 81 972 73 533 4355 4933 125 254 2299 582 65 450 1413 106 451 819 1081 4099 65 82 949 164 308 69 473 9000 20970 6087
internal_value=0.00013896 -0.0107631 0.0106056 0.000701405 -0.0031138 -0.00428922 -0.0127153 -0.0168001 -0.00211279 -0.00423809 -0.0131363 0.00519301 -0.0076088 -0.00565744 -0.00215239 -0.00797962 -0.000976944 -0.00536056 0.00311343 0.00132744 0.0206351 -0.0108543 -0.012478 0.00664417 0.000895046 0.0173185 0.00920451 0.00161065 0.000641516 0.00311542
internal_weight=6490.5 317.532 69.78 6172.97 869.575 808.643 164.999 247.752 643.644 518.356 197.107 36.6981 30.6885 478.189 286.424 138.673 75.8711 67.1476 42.8989 5303.39 18.6846 191.765 180.202 125.288 82.1347 43.1534 62.1754 5038.38 3065.5 1972.89
internal_count=64364 13006 346 51358 10230 9895 5075 12660 4820 3746 9689 720 146 3492 2011 4756 2457 2351 1532 41128 138 1481 1399 1074 841 233 598 37029 21942 15087
is_linear=0
shrinkage=0.03


Tree=118
num_leaves=31
num_cat=0
split_feature=11 18 0 14 5 8 1 6 27 5 21 5 28 24 1 1 30 8 1 25 5 28 18 30 1 5 25 1 24 18
split_gain=51.8245 21.6829 15.5765 16.4484 12.797 12.7176 11.6155 10.9216 10.4602 9.72016 9.67768 9.5052 8.53499 9.49667 8.86368 11.4262 9.14624 7.92956 10.4167 10.0698 9.03257 7.78964 7.24865 7.19134 6.59774 15.6113 13.8588 12.6271 11.7366 8.9924
threshold=0.34722222387790685 17.069999694824222 1.5000000000000002 -1.3776372671127317 -1.1500000357627866 0.35705426335334783 0.35000000894069677 2.6499999761581425 0.015207373071461918 -0.45000000298023218 -0.18905635178089139 -9.8499999046325666 -0.98523971438407887 0.034021656960248954 1.7500000000000002 3.1499999761581425 1.0000000180025095e-35 2.7584717273712163 2.4500000476837163 0.3044129759073258 -5.0499999523162833 0.83849048614501964 9.2150001525878924 2.5000000000000004 11.550000190734865 7.4500000476837167 0.19389292597770694 44.549999237060554 1.1780070066452029 12.315000057220461
decision_type=2 2 2 2 8 2 2 10 2 8 2 8 2 2 2 2 2 2 2 2 8 2 2 2 2 10 2 2 2 2
left_child=4 2 3 7 10 8 -3 9 -4 -2 -1 -5 13 -13 -14 16 -16 18 20 -19 -8 -20 -12 -17 25 -7 -27 29 -29 -26
right_child=1 6 5 11 -6 24 17 -9 -10 -11 22 12 14 -15 15 23 -18 19 21 -21 -22 -23 -24 -25 27 26 -28 28 -30 -31
leaf_value=-0.020307246335891427 0.020043305434705075 -0.02156585271187066 -0.02856008235591407 0.011104260137008343 -0.021277496131149227 0.0021275111759472502 0.035852011707173961 0.023575030997296215 -0.0029312512915456901 -0.015018619173608971 0.059951498259830802 -0.011655161252796654 -0.01626839812371721 0.035597571327074827 0.023887057690861697 -0.015101769004316101 -0.0018488699396789193 -0.020187479680068371 0.00019223897479639523 0.012075982250274713 -0.0089498848902156841 0.019201942588389573 0.0064908726300309319 -0.00024777916252183415 -0.0011027979867401991 0.035802834747893419 0.0048424070943939345 0.0037769031690613481 0.027613552647284888 -0.01329404612543505
leaf_weight=6.3248663814738419 10.0920112747699 40.914765208028257 13.998222745023666 23.312403123825788 120.36734904535115 4402.4763432517648 3.2102772668004036 27.286829873919487 334.96545982640237 18.892694390378896 2.519566781818865 6.4425665494054538 109.50855209771544 7.2419105153530836 15.822829477488993 93.46645986661315 47.100723952054977 47.53950884193182 73.766864560544491 9.9063714891672117 129.47608569264412 25.333192437887192 7.326921172440052 42.59352207928896 645.26875323429704 22.344928957521915 30.235278561711311 97.717976674437523 22.089436605572701 58.499682892113924
leaf_count=144 97 2485 951 137 8848 30385 23 151 8774 223 27 115 2395 109 95 662 262 327 333 48 2553 116 145 303 3474 109 132 469 114 343
internal_value=0.000289188 0.000683115 0.00109344 -0.00460634 -0.0179301 0.0015011 -0.00679121 0.0103092 -0.00403799 -0.00254931 0.00677317 -0.00705845 -0.00840298 0.0140725 -0.00944222 -0.00562294 0.00489516 -0.00463409 -0.00213405 -0.0145123 -0.00760585 0.00519502 0.0244367 -0.0104875 0.00186798 0.00232392 0.0184223 -0.000598205 0.00836397 -0.0021336
internal_weight=6496.04 6359.5 6029.36 401.761 136.539 5627.6 330.147 56.2715 348.964 28.9847 16.1714 345.489 322.177 13.6845 308.492 198.984 62.9236 289.232 231.786 57.4459 132.686 99.1001 9.84649 136.06 5278.63 4455.06 52.5802 823.576 119.807 703.768
internal_count=64349 55185 49300 4549 9164 44751 5885 471 9725 320 316 4078 3941 224 3717 1322 357 3400 3025 375 2576 449 172 965 35026 30626 241 4400 583 3817
is_linear=0
shrinkage=0.03


Tree=119
num_leaves=31
num_cat=0
split_feature=27 1 27 0 18 27 5 6 21 12 1 5 27 1 5 14 21 27 24 3 18 12 27 5 12 5 3 28 18 3
split_gain=36.5373 42.8333 19.5475 18.6537 21.4762 14.6824 16.3581 11.0147 11.6152 12.4046 10.8546 14.6595 13.7104 12.8054 23.3974 13.1473 9.5482 9.27722 9.65205 9.23073 8.93673 10.4207 8.54692 10.068 13.1256 11.1603 8.44073 8.38299 13.1537 11.0275
threshold=0.032795699313282974 2.4500000476837163 0.017105263657867912 4.5000000000000009 13.765000343322756 1.0000000180025095e-35 -0.45000000298023218 0.94999998807907116 0.086958240717649474 0.98263889551162731 5.9500000476837167 5.1499998569488534 0.42634408175945288 1.8499999642372134 -3.8500000238418575 -0.70624771714210499 0.074237372726202025 0.28801843523979193 0.024922490119934086 0.31324499845504766 15.965000152587892 -0.55902779102325428 0.3852150440216065 -1.1500000357627866 -1.7173610925674436 -2.3500000238418575 0.51190853118896495 0.31799963116645819 4.3750000000000009 1.1482270359992983
decision_type=2 2 2 2 2 2 8 10 2 2 2 8 2 2 8 2 2 2 2 2 2 2 2 8 2 10 2 2 2 2
left_child=1 5 -3 4 10 -1 20 8 -6 -10 13 -12 -13 14 17 22 -15 18 -2 -8 21 -7 23 24 -16 -26 -17 28 29 -5
right_child=3 2 -4 27 7 6 19 -9 9 -11 11 12 -14 16 15 26 -18 -19 -20 -21 -22 -23 -24 -25 25 -27 -28 -29 -30 -31
leaf_value=-0.030443548308015416 -0.0010015226368989979 0.027903101883833603 -0.003467607652366719 -0.0019390385538352833 -0.02320337859519277 0.05445518112668029 -0.021016126739185119 -0.0043610051431331237 -0.012873009515023921 0.022380434798827769 -0.0094315380259071685 0.010710626928078931 -0.0050407453214946253 0.007558654609434225 -0.0078552085829812508 -0.011801429331594816 0.00042007579177725412 0.0031862747222984118 0.031543180948688659 -0.006171384388874615 -0.019311548428953898 0.006236038113104427 0.01362699217466151 -0.01092673974583099 -0.0064253595244082844 0.04114112537047894 0.035073653188757416 -0.00024734530749381985 0.0038092262725990303 0.011173479623804224
leaf_weight=48.849433039315045 12.334332190454004 31.242835521697998 39.687194332480431 672.28080466017127 75.633599576540291 4.4880779124796453 103.29003170877695 179.52363303024322 34.131545786745846 11.090957995504139 238.85171686857939 84.185320265591145 118.56053581833839 319.86219780147076 21.507041160017252 221.33824288379401 355.69744102656841 119.76784759014845 23.127778649330139 60.775332135148346 6.624509052373468 16.460714836604893 33.431638740003109 63.945064324885607 6.2556998357176807 12.49089061282575 2.5696431919932357 1265.3970511155203 2240.496176706627 62.140101000666618
leaf_count=2995 77 164 188 2958 2883 111 7691 1744 1428 73 1761 560 797 1560 185 4978 1654 585 122 1028 297 453 214 1619 48 138 33 11615 15965 297
internal_value=0.000177918 -0.00983144 0.0105462 0.000684252 -0.00175653 -0.0158604 -0.0120044 -0.00911498 -0.016083 -0.00392986 -0.000399011 -0.00441136 0.0015201 0.00108948 -0.00246254 -0.00664077 0.00380621 0.00724901 0.0205066 -0.0155878 0.00911686 0.0185769 0.000657679 -0.00359344 0.00803838 0.0257467 -0.0111099 0.00179782 0.00266753 -0.00081589
internal_weight=6486.04 311.418 70.93 6174.62 1934.31 240.488 191.639 300.38 120.856 45.2225 1633.93 441.598 202.746 1192.33 516.768 361.538 675.56 155.23 35.4621 164.065 27.5733 20.9488 137.63 104.199 40.2536 18.7466 223.908 4240.31 2974.92 734.421
internal_count=64221 12927 352 51294 20459 12575 9580 6128 4384 1501 14331 3118 1357 11213 7999 7215 3214 784 199 8719 861 564 2204 1990 371 186 5011 30835 19220 3255
is_linear=0
shrinkage=0.03


Tree=120
num_leaves=31
num_cat=0
split_feature=1 5 16 5 29 8 27 13 18 1 19 0 25 0 3 19 5 29 3 8 18 6 13 14 17 22 22 21 1 5
split_gain=36.8189 39.954 16.0048 17.036 12.697 12.6433 11.4748 10.7756 9.4531 10.0887 9.23012 8.53905 8.51746 8.34876 12.3637 9.54436 8.63809 7.77484 7.54915 7.3647 7.35536 6.93756 14.3833 10.2559 6.78361 8.79114 10.7239 10.8341 6.57173 7.66533
threshold=0.35000000894069677 -0.45000000298023218 0.31298215687274938 -1.6500000357627866 -0.66527268290519703 1.0801223516464236 0.038972431793808944 -1.6972995996475218 15.515000343322756 8.8499999046325701 -0.10808897763490675 1.5000000000000002 0.10586830973625184 1.5000000000000002 1.9607543349266054 -0.65474757552146901 -20.05000019073486 0.59696555137634288 -2.2447574138641353 5.518907070159913 15.625000000000002 0.94999998807907116 -0.49225190281867975 -0.68388271331787098 -0.30515423417091364 -1.1131686568260191 0.51254537701606762 -0.86286136507987965 11.250000000000002 2.9500000476837163
decision_type=2 10 10 8 2 2 2 2 2 2 2 2 2 2 2 2 10 2 2 2 2 8 2 2 2 2 2 2 2 10
left_child=1 2 3 5 19 10 7 17 13 20 -1 -8 -7 14 15 16 -2 -5 -14 -3 -10 22 23 -22 25 -23 27 -27 29 -18
right_child=8 4 -4 6 -6 12 11 -9 9 -11 -12 -13 18 -15 -16 -17 28 -19 -20 -21 21 24 -24 -25 -26 26 -28 -29 -30 -31
leaf_value=0.028011950935113435 0.030318725526894925 -0.0025169973186514433 -0.017184064640379762 0.068146588483586165 -0.022934484726329123 -0.02284304785048185 -0.02356981945769231 -0.022924485345531324 -0.017386509336205221 -0.018227082131018063 0.0021285868636249281 0.00022574291569924494 -0.013926860700964171 0.0012243456908968087 0.030828889267370648 -0.0085401257149637939 -0.0012374468697848189 -0.0063636030010664002 0.0095157395580646852 0.05365063652960865 -0.00081580180072279677 -0.005919305299805621 -0.011514409176337911 0.050591653367419602 -0.0053516356700002597 -0.0022262188013364992 -0.0084911435838290663 0.013867543548341653 -0.019558780315155136 0.020263069139333394
leaf_weight=35.348541809245944 7.9142462983727446 9.7912670699879509 57.265726588666439 1.1287602167576545 142.20034168846905 10.986906029283999 13.834439995698629 42.419180686585605 25.855285402387381 36.148897159844637 19.085144458338618 159.33916850108653 14.848414100706576 4978.1321569997817 8.1566175818443281 205.48621539864689 93.183034718036652 2.7201308645308018 55.969309765845537 1.6476467428728927 8.3149243304505926 72.588571717962623 103.43887200765312 4.9839340010657898 122.01064782310277 53.129901867359877 36.828894739970565 126.1282623000443 13.090861178934572 16.748157560825348
leaf_count=300 40 426 1709 47 12586 97 431 2656 239 214 253 3508 68 32127 55 1851 699 128 351 25 151 675 2239 74 1227 530 327 1209 128 84
internal_value=-0.000188402 -0.00748696 -0.00260939 -0.000221213 -0.0204951 0.0080773 -0.00538654 -0.0184896 0.000512197 -0.00308947 0.019139 -0.00179964 0.000574473 0.000911545 -0.00359795 -0.00452152 0.00180204 0.0250355 0.00447503 0.00923604 -0.00206934 -0.00128699 -0.00770708 0.0206407 0.000552216 0.00305738 0.00608623 0.00911166 -0.000262166 0.00219132
internal_weight=6478.72 566.585 412.946 355.68 153.639 136.238 219.442 46.2681 5912.14 589.428 54.4337 173.174 81.8046 5322.71 344.579 336.423 130.936 3.84889 70.8177 11.4389 553.279 527.424 116.738 13.2989 410.686 288.676 216.087 179.258 123.022 109.931
internal_count=64454 22585 9548 7839 13037 1069 6770 2831 41869 6885 553 3939 516 34984 2857 2802 951 175 419 451 6671 6432 2464 225 3968 2741 2066 1739 911 783
is_linear=0
shrinkage=0.03


Tree=121
num_leaves=31
num_cat=0
split_feature=11 1 27 27 8 14 28 0 27 29 27 29 27 29 5 27 11 18 6 23 29 20 29 25 3 1 3 29 6 3
split_gain=38.2154 19.2005 34.5839 19.9232 17.208 16.48 19.3208 17.1126 15.8209 16.0346 15.3398 13.6168 13.5769 14.6069 21.9317 16.1504 15.434 13.2469 20.4998 12.628 13.2391 13.7603 11.6602 11.6291 10.5459 10.5356 11.382 10.3331 10.0835 11.289
threshold=0.34722222387790685 2.4500000476837163 0.015207373071461918 1.0000000180025095e-35 1.6812690496444704 0.20693675428628924 -0.99275806546211232 2.5000000000000004 0.15921659022569659 -0.46039597690105433 0.22718893736600879 -0.39036008715629572 0.62096774578094494 -0.49812626838684076 -0.25000000745058054 0.051315790042281158 5.3527777194976816 7.0450000762939462 0.84999999403953563 0.17963013797998431 0.029024410061538223 0.32810397446155554 0.90438663959503185 0.15170557796955111 -0.31659471988677973 1.8499999642372134 -0.34897291660308832 0.96849882602691661 2.3500000238418584 0.18146748840808871
decision_type=2 2 2 2 2 2 2 2 2 2 2 2 2 2 8 2 2 2 10 2 2 2 2 2 2 2 2 2 8 2
left_child=17 2 -2 -3 8 6 -4 25 -5 28 -9 -11 13 16 23 -16 -8 18 -1 20 -13 -22 -21 24 -15 -7 -27 -6 29 -10
right_child=1 3 5 4 27 7 12 10 9 11 -12 19 -14 14 15 -17 -18 -19 -20 22 21 -23 -24 -25 -26 26 -28 -29 -30 -31
leaf_value=-0.023960567675714535 -0.029219053380840503 0.04067538318090469 -0.01514093341949993 0.013048817573435316 0.00069341178628336937 -0.019118185862262559 -0.0080162258710016164 -0.0071859823844442564 0.017226215244050953 -0.02825167178797193 0.0017293423569050255 0.0035548445423594604 0.013749469281012101 0.0075678035056436178 -0.0088639601647591149 0.0025810315660166967 0.0015068904567510128 -0.018277032544236394 0.071432656772008718 0.012844822119660869 -0.0065169115471185026 -0.035989676156093067 -0.017584350250833811 0.0033346460675653185 0.023368704205914838 -0.017765618073408523 0.018339700780552189 -0.010215798093421375 0.0031898240081195059 -0.0070606059663866402
leaf_weight=3.4395667240023604 39.852012590505183 10.671036288142203 68.043473085388541 184.34334847331047 3012.0961580909789 103.40418190788478 294.58464621379972 362.23407922964543 109.15588103607297 17.411417134106159 332.26608722470701 52.447947934269905 71.548634950071573 80.005225325934589 150.85777305625379 411.13097700104117 317.34107478149235 124.72250465210527 2.9180956017225981 67.233064413070679 42.254665482789278 20.978160884231329 12.685896351933478 141.39769108314067 73.996150000952184 14.032025501132013 15.470134910196064 79.224038850516081 256.51592342182994 19.847548916935921
leaf_count=216 1964 56 984 896 14477 2845 3193 8892 494 80 2780 237 321 1193 4807 5131 1955 8878 29 303 193 95 56 1442 1145 98 117 383 1150 92
internal_value=-0.000111633 0.000219974 -0.00184408 0.00153571 0.00141743 -0.00138448 0.000385399 -0.00482236 0.00538744 0.00300995 -0.00292432 -0.00358507 0.00108041 0.000454552 0.00298012 -0.000501499 -0.00308319 -0.0160836 0.0235816 -0.00125682 -0.00756658 -0.0167029 0.00785705 0.00958316 0.0152618 -0.0146447 0.00114759 0.000410618 0.00665375 0.013464
internal_weight=6492.11 6361.03 2476.16 3884.87 3874.19 2436.31 1608.91 827.407 782.874 598.531 694.5 213.011 1540.86 1469.31 857.388 561.989 611.926 131.08 6.35766 195.6 115.681 63.2328 79.919 295.399 154.001 132.906 29.5022 3091.32 385.519 129.003
internal_count=64502 55379 36867 18512 18456 34903 20171 14732 3596 2700 11672 964 19187 18866 13718 9938 5148 9123 245 884 525 288 359 3780 2338 3060 215 14860 1736 586
is_linear=0
shrinkage=0.03


Tree=122
num_leaves=31
num_cat=0
split_feature=11 18 1 14 5 0 5 1 1 27 16 24 13 13 24 27 3 14 18 11 17 1 8 14 5 5 22 14 23 13
split_gain=46.0392 18.9927 23.2387 19.0686 19.5777 16.0663 9.97968 9.8036 8.25474 9.86501 8.38418 7.66657 7.25415 7.21315 6.94505 6.83779 8.1857 6.9169 6.65953 6.70667 8.02504 10.1949 8.01812 9.44516 10.4299 9.90765 8.15439 8.04381 7.61654 10.0932
threshold=0.28263889253139501 8.5349998474121112 0.55000001192092907 -1.2086961865425108 -1.4499999880790708 6.5000000000000009 -1.6500000357627866 77.149997711181655 1.0000000180025095e-35 0.23095238208770755 -0.24520675092935559 0.10075087472796442 0.75524306297302257 0.81277024745941173 0.036929301917552955 0.076036866754293456 0.44020017981529241 -1.8643730878829954 7.7650001049041757 8.0118055343627947 0.67866191267967235 0.94999998807907116 1.6129642128944399 -0.95555073022842396 -4.8500001430511466 2.5499999523162846 0.89535763859748851 -1.39924019575119 0.47825890779495245 0.061220739036798484
decision_type=2 2 2 2 10 2 8 2 2 2 10 2 2 2 2 2 2 2 2 2 2 2 2 2 8 10 2 2 2 2
left_child=6 7 3 -3 8 11 -1 12 9 10 -5 14 18 -14 -4 16 -13 -17 19 20 -2 -22 28 24 -24 -25 -27 -26 29 -23
right_child=1 2 5 4 -6 -7 -8 -9 -10 -11 -12 15 13 -15 -16 17 -18 -19 -20 -21 21 22 23 25 27 26 -28 -29 -30 -31
leaf_value=0.011390142561908262 0.00028078050935905304 0.0097474493900325653 -0.0032741707050322664 0.033039380047006045 -0.017525129302493996 0.0021618903756277148 -0.024923281205724568 0.022122345633074112 -0.0057023929740277765 0.042437624761921346 -0.015357489037770952 -0.0098664532770982687 0.018247873859929535 0.0046591677954873683 -0.0122904840273436 0.019393237100169124 0.011465406551726979 -0.0016824315029151447 0.0059322507683105463 -0.00065868235267201719 -0.0023186699011710369 -0.010982246433443567 -0.016573320246274018 0.016725584864556744 0.013628200115040592 -0.0080967611699408089 0.021748540744750397 -0.001981176036320512 0.0094694385372490249 0.018974400124812767
leaf_weight=6.9021329525858164 651.37737304903567 51.648394336923957 689.4997585657984 3.5902410587295899 161.6566804968752 1516.5152680166066 76.09746927395463 21.321606680750847 221.70896935090423 6.217732109129428 9.8090204680338502 19.376854253001511 38.99161484092474 304.89788264688104 85.808653919026256 13.366467021405695 80.593335330486298 576.98242224007845 285.37222161702812 1070.5575830154121 129.53802022989839 58.121419999748468 19.235693536698818 166.79586694389582 66.050080750137568 29.239608757197857 10.324698805809019 52.952102538198233 48.194520961493254 11.269564479589461
leaf_count=106 3614 1460 6032 96 11028 10413 6488 118 5656 51 292 472 205 1614 625 76 599 4249 2135 5195 1550 333 90 781 312 160 55 252 275 65
internal_value=0.000261808 0.000551286 -0.000966261 -0.00727651 -0.00947712 -2.13964e-06 -0.0218039 0.00231048 -0.00403593 0.0141613 -0.000995933 -0.00224125 0.00215948 0.00624835 -0.00428661 5.88006e-05 0.00727396 -0.00117326 0.00161626 0.00108159 0.00257963 0.0051055 0.00718681 0.0094892 0.00338637 0.0135414 3.58143e-05 0.00672391 0.000416291 -0.00591664
internal_weight=6484.01 6401.01 3436.77 454.631 402.983 2982.14 82.9996 2964.24 241.326 19.617 13.3993 1465.63 2942.92 343.889 775.308 690.319 99.9702 590.349 2599.03 2313.66 1243.1 591.722 462.184 344.598 138.238 206.36 39.5643 119.002 117.586 69.391
internal_count=64397 57803 41049 18583 17123 22466 6594 16754 6095 439 388 12053 16636 1819 6657 5396 1071 4325 14817 12682 7487 3873 2323 1650 654 996 215 564 673 398
is_linear=0
shrinkage=0.03


Tree=123
num_leaves=31
num_cat=0
split_feature=11 1 5 5 5 29 28 15 6 16 18 27 11 0 3 15 28 11 27 3 27 5 29 27 13 0 25 6 1 11
split_gain=35.4743 17.0655 20.0108 12.39 11.443 12.454 9.86442 9.6793 9.23186 8.98873 8.56297 8.16433 8.12659 7.9235 16.774 13.8524 11.9731 13.1359 12.8541 9.86341 15.3667 12.6191 13.2536 12.7002 11.8299 16.8138 15.9111 13.3615 14.0898 11.4344
threshold=0.34722222387790685 0.45000000298023229 -0.65000000596046437 -1.1500000357627866 -3.4500000476837154 -0.43733099102973932 0.18492960184812549 -0.20421390235424039 61.649999618530281 -0.40084165334701533 7.1549999713897714 0.12591963633894923 5.4527776241302499 8.5000000000000018 0.929590404033661 -1.657309293746948 0.73865729570388805 1.029166638851166 0.54919356107711803 0.5273852050304414 0.1475806459784508 4.7500000000000009 -0.82413947582244862 0.2787634432315827 -1.1980097889900205 3.5000000000000004 0.13797606527805331 12.250000000000002 1.4499999880790713 3.029166698455811
decision_type=2 2 10 8 8 2 2 2 10 10 2 2 2 2 2 2 2 2 2 2 2 10 2 2 2 2 2 10 2 2
left_child=3 2 4 10 5 9 -7 11 13 -2 -1 -4 -11 15 16 -3 18 -18 -15 24 -21 22 23 -22 -17 27 29 28 -26 -27
right_child=1 8 7 -5 -6 6 -8 -9 -10 12 -12 -13 -14 14 -16 19 17 -19 -20 20 21 -23 -24 -25 25 26 -28 -29 -30 -31
leaf_value=0.049694893506768791 0.023035105971930807 0.012589295390094065 -0.015098223499871362 -0.019365968053080333 -0.0043006718925615427 0.0093944310476916336 0.042014367401641134 -0.022549627023545564 0.017330374732645266 -0.018213252635813391 -0.0023020230616290485 0.0062421433100735765 0.0049891655403640741 0.003978753613930088 0.0099268416085390634 -0.0045196487130589212 0.0093813639834994175 -0.0097089818820349956 -0.0046030474725443143 0.0015400224545477927 0.012694121163890643 -0.00081247083923084999 -0.01298346121988463 -0.0071759117032124059 -0.011126981222178915 0.0066634799313342241 0.0020743987231193217 0.011972259147366883 -0.0012151813197193956 0.027168194953860095
leaf_weight=2.5184712074697044 10.537084504961966 75.415336580947042 38.191116814967245 110.84922648593783 336.10006496403366 25.687838058918715 11.977789379656313 69.575375522952527 28.754367433488369 25.022690746933222 14.602767925709484 26.679236797615886 27.730280250310898 841.12558144982904 228.8511236384511 358.30395026598126 40.185006959363818 153.7726262640208 192.21710290014744 471.46287132799625 39.531656093895435 299.69072907790542 257.88726464286447 100.39144156500697 170.33889031130821 71.382669099606574 1852.9720501834527 52.004045508801937 524.51242620870471 37.024311367422342
leaf_count=21 49 403 3015 8851 7469 147 74 5515 145 147 301 741 126 5169 1010 2232 553 1110 802 2818 189 1782 1424 577 2811 1167 12138 273 3174 310
internal_value=-0.000141017 0.000174465 -0.00476686 -0.0157178 -0.00164054 0.00717087 0.020586 -0.0148427 0.000662446 -0.00100886 0.00766681 -0.00636005 -0.00615069 0.00057635 0.00248883 -7.00793e-05 0.00109494 -0.00572593 0.0023795 -0.000298405 -0.00264197 -0.00546687 -0.00896244 -0.0015119 0.000595534 0.0012737 0.00273202 -0.00255464 -0.0036575 0.0138508
internal_weight=6495.3 6367.32 571.501 127.97 437.056 100.956 37.6656 134.446 5795.82 63.2901 17.1212 64.8704 52.753 5767.07 1456.15 4310.92 1227.3 193.958 1033.34 4235.5 1168.96 697.501 397.81 139.923 3066.54 2708.23 1961.38 746.855 694.851 108.407
internal_count=64543 55370 17283 9173 8012 543 221 9271 38087 322 322 3756 273 37942 8644 29298 7634 1663 5971 28895 6790 3972 2190 766 22105 19873 13615 6258 5985 1477
is_linear=0
shrinkage=0.03


Tree=124
num_leaves=31
num_cat=0
split_feature=11 27 1 27 5 6 1 1 0 18 6 1 18 22 19 18 3 19 12 11 14 29 28 28 1 24 8 12 20 22
split_gain=36.5019 14.823 23.2581 22.2054 13.3512 13.3269 12.0787 11.9435 10.0302 17.3341 13.9378 17.0215 11.9277 10.614 9.85795 9.54776 9.30617 9.29785 9.60594 10.3049 11.3343 10.9067 10.0306 13.4889 9.45698 11.8484 9.92822 12.9314 9.39202 14.1736
threshold=0.35277777910232549 0.032795699313282974 2.4500000476837163 0.023057644255459312 -1.4499999880790708 1.1500000357627871 42.95000076293946 15.750000000000002 6.5000000000000009 8.5349998474121112 0.84999999403953563 1.0500000119209292 4.0350000858306894 0.92959430813789379 0.81598055362701427 11.425000190734865 1.1892068982124331 -1.3521066308021543 0.45277777314186102 0.51736110448837291 -0.034631827846169465 0.9543682634830476 0.31799963116645819 -0.94705909490585316 0.84999999403953563 0.074338864535093321 0.66078832745552074 -2.4118055105209346 0.540907382965088 0.31781952083110815
decision_type=2 2 2 2 8 10 2 2 2 2 8 2 2 2 2 2 2 2 2 2 2 2 2 2 2 2 2 2 2 2
left_child=5 2 4 -4 -2 -1 7 8 9 14 11 13 -10 -11 -3 -9 -5 -14 22 20 -20 -21 23 28 25 -25 27 -27 -19 -30
right_child=1 6 3 16 -6 -7 -8 15 12 10 -12 -13 17 -15 -16 -17 -18 18 19 21 -22 -23 -24 24 -26 26 -28 -29 29 -31
leaf_value=-0.01954168298799774 0.016520491396928249 0.0014652248542193051 0.022644932618877414 0.0063781017932356132 -0.015541429904654961 0.0070511183245781286 0.0090863547617874157 -0.0025903454715607457 -0.0024525187388060514 -0.019264453652877312 -0.00085625843321682628 -0.0027517375154714244 0.010562152172176958 0.0016872627411040543 0.013449504210514029 -0.015904476371758732 -0.024206167311460663 -0.010521387538971487 0.00046683270981058035 0.00598846128868585 0.058215501063455875 -0.0084729084237513321 -0.0027879338350325065 0.0018036260978276284 0.0029213195680434277 0.070318460702641875 0.011179845010824366 0.02061468244904472 0.015025642687792804 -0.020802055663635962
leaf_weight=111.65842425310984 11.841983018442987 1311.5804467359558 38.075005888938904 16.008481800556183 153.53386573912576 19.440218755044043 147.82562906295061 417.05925441160798 421.80501063168049 120.06381940189749 1087.3990423418581 262.02034832537174 138.01491167023778 26.343230661004782 63.856405621394515 53.956952348351479 18.396646715700626 102.73075751680881 5.5307143852114677 631.44879541546106 5.8893406912684423 49.834642097353935 417.20493666734546 57.440998278558254 682.61182644218206 6.0934644155204323 42.872693215496838 18.409303934313357 35.680339766666293 12.672536212019621
leaf_count=9063 158 7797 199 75 6940 375 721 2380 1806 6257 8243 2210 1043 1116 353 347 89 1008 52 3020 71 238 4822 1120 3504 61 412 529 376 119
internal_value=3.38019e-05 0.000358133 -0.00697369 0.00712865 -0.0131601 -0.0155748 0.000644257 0.000433751 0.000826675 -0.000399091 -0.00263344 -0.00735138 0.00216543 -0.0155087 0.00203098 -0.004146 -0.0101973 0.00304895 0.00254277 0.00542133 0.0325373 0.00491977 0.00109047 0.00277975 0.00431932 0.0118809 0.0203203 0.0352479 -0.00542243 0.00540452
internal_weight=6487.3 6356.2 237.856 72.4801 165.376 131.099 6118.35 5970.52 5499.5 2871.26 1495.83 408.427 2628.24 146.407 1375.44 471.016 34.4051 2206.44 2068.42 692.703 11.4201 681.283 1375.72 958.512 807.428 124.816 67.3755 24.5028 151.084 48.3529
internal_count=64504 55066 7461 363 7098 9438 47605 46884 44157 25976 17826 9583 18181 7373 8150 2727 164 16375 15332 3381 123 3258 11951 7129 5626 2122 1002 590 1503 495
is_linear=0
shrinkage=0.03


Tree=125
num_leaves=31
num_cat=0
split_feature=27 1 27 0 27 3 1 29 6 29 29 14 17 27 1 15 22 15 12 12 13 22 27 3 6 19 21 23 21 23
split_gain=27.6715 36.8755 16.0029 14.3837 14.2309 12.6366 12.813 21.1345 11.9119 11.4942 11.1894 15.8404 11.1797 11.0723 10.8896 10.7151 13.3857 11.3293 10.647 10.5301 10.5153 10.1261 10.6324 13.3086 10.1651 9.402 9.29144 13.8734 13.0158 11.2463
threshold=0.032795699313282974 2.4500000476837163 1.0000000180025095e-35 1.5000000000000002 0.017105263657867912 -1.8914836049079893 2.3500000238418584 0.96633976697921764 0.25000000745058065 0.94353348016738903 0.97263759374618541 -0.3155937641859054 0.20302593708038333 0.045622119680047042 3.0499999523162846 0.13985200971364978 -1.2091478705406187 -0.016699605621397492 4.2812500000000009 -4.535416603088378 -0.84959435462951649 1.9738534092903139 0.40994623303413397 -0.64634516835212696 11.84999990463257 -1.5792973637580869 -1.3493092656135557 -0.64954987168312062 -1.7587182521820066 -1.0882471799850462
decision_type=2 2 2 2 2 2 2 2 8 2 2 2 2 2 2 2 2 2 2 2 2 2 2 2 10 2 2 2 2 2
left_child=1 2 -1 12 -3 19 7 21 -4 13 11 -9 -2 -8 -11 16 17 -15 -17 -5 -16 22 24 -24 -7 -10 28 -28 -18 -30
right_child=3 4 8 5 -6 6 9 10 25 14 -12 -13 -14 15 20 18 26 -19 -20 -21 -22 -23 23 -25 -26 -27 27 -29 29 -31
leaf_value=-0.030423854055474261 -0.0098312270019052343 0.025242284566051345 -0.023883563530568159 0.016181418387155217 -0.0018423126339614914 -0.0038285050229226632 0.023547695615348672 0.070612939761817817 0.021128408667084389 0.0093862399421519912 0.0079805775174820199 0.00011621736256120816 3.5830613171848752e-05 -0.003609988705331516 0.0034017523024665124 0.0054227435540374304 -0.009787283470794432 -0.026126385972987956 -0.00063725806056581726 -0.0022560065147753357 -0.017374852648897317 0.011579033793296277 0.001043890519575095 0.030622986473473304 0.017309326746945651 -0.008253960399279555 -0.0046419923240600671 0.001992509036164923 0.00072437924186814285 0.028125494611285939
leaf_weight=45.310098017100245 200.30357411876321 30.50920432806015 44.157733714208007 86.732335399836302 38.874463006854057 1384.6651863399893 20.69743537902832 5.4291181620210409 9.6696297740563733 28.559975191950798 107.56302742799744 5.1856959508731943 212.36751790996641 70.325990304350853 30.680533319711685 1120.3780043683946 19.04423451051116 27.399032063782215 339.80248123779893 40.537892024964094 73.357113298028708 47.467558334581554 360.60276884026825 13.234547257423399 19.811040833592415 126.06628370704129 346.25227568671107 1548.5643353313208 21.021997809410095 36.850168332457542
leaf_count=3014 2919 166 4385 390 186 23600 97 79 283 135 1811 110 2244 337 145 5078 92 127 1769 223 346 489 2221 73 87 4936 1626 7226 97 174
internal_value=0.00020811 -0.00875857 -0.0146365 0.000637795 0.0102567 0.00102608 0.000813681 -0.00115639 -0.0105139 0.00185357 0.0110851 0.0391481 -0.00476566 0.0021781 -0.00678693 0.00204615 0.00065708 -0.0101236 0.00401303 0.010337 -0.0112738 -0.00195438 -0.00232192 0.00216995 -0.00351824 -0.00602159 0.00119626 0.000778334 0.0113497 0.0183534
internal_weight=6461.42 294.587 225.204 6166.83 69.3837 5754.16 5626.89 1943.96 179.894 3682.93 118.178 10.6148 412.671 3550.34 132.598 3529.64 2069.46 97.725 1460.18 127.27 104.038 1825.78 1778.31 373.837 1404.48 135.736 1971.73 1894.82 76.9164 57.8722
internal_count=64465 12970 12618 51495 352 46332 45719 28470 9604 17249 2000 189 5163 16623 626 16526 9679 464 6847 613 491 26470 25981 2294 23687 5219 9215 8852 363 271
is_linear=0
shrinkage=0.03


Tree=126
num_leaves=31
num_cat=0
split_feature=11 18 6 6 1 17 18 5 3 21 3 22 19 6 1 16 23 22 15 1 16 5 12 5 29 15 15 5 18 29
split_gain=34.2731 15.7763 16.0076 12.4877 10.2663 9.71762 9.02536 13.3268 9.60802 8.88645 9.66843 9.15787 8.76989 7.56268 7.42318 7.12194 6.99483 6.55429 9.57219 6.57737 9.26457 12.2225 7.8248 9.99547 7.6069 7.32939 6.96823 8.44645 11.4782 6.88771
threshold=0.39444445073604589 9.0050001144409197 0.15000000223517421 0.35000000894069677 0.35000000894069677 -1.7204831242561338 7.0450000762939462 -0.84999999403953541 0.61093491315841686 0.91817164421081554 -1.1434167623519895 2.1915444135665898 0.94064196944236766 10.34999990463257 77.149997711181655 0.16811116784811023 2.089649081230164 -1.6457469463348386 1.9283785820007326 0.65000000596046459 0.4420889168977738 -3.2499999999999996 3.976388812065125 4.7500000000000009 -0.46039597690105433 0.89104595780372631 -1.1401489377021787 -1.4499999880790708 10.744999885559084 0.59696555137634288
decision_type=2 2 8 8 2 2 2 8 2 2 2 2 2 8 2 10 2 2 2 2 10 8 2 8 2 2 2 10 2 2
left_child=3 5 4 -1 -3 -2 7 -5 -8 11 13 17 16 -11 -7 -14 -12 18 -4 20 21 24 -21 25 -19 29 27 -23 -29 -24
right_child=1 2 9 6 -6 14 8 -9 -10 10 12 -13 15 -15 -16 -17 -18 19 -20 22 -22 26 23 -25 -26 -27 -28 28 -30 -31
leaf_value=-0.024521497698053164 0.016314158346548695 -0.024030024561818502 -0.0093853392623415091 0.062563183139377337 -0.0055416241213702613 0.0013177854720685018 -0.012757817117346682 -0.016701962360409578 0.018445092376511443 0.041234496982723072 0.0024031648020536745 0.022662881519211104 -0.016558725015040181 -0.0011131435897688789 0.018685133318360799 0.008014099564827298 0.017585015396713932 -0.0040676987361522674 0.020341105972867233 -1.8700903824010287e-05 -0.02040386458446378 -0.0018492990991113461 -0.024439357230537882 -0.0020347582016069917 0.026122035020996626 0.0040988355702074016 -0.0073687343282533881 -0.018739094540004494 0.068027367419916357 0.00050733375062484039
leaf_weight=60.53789750719443 39.063364200294018 41.362906779628247 154.65530175762251 2.968506745994091 77.048757266253233 3098.9785001548007 84.721232220064849 3.0390427364036432 9.0245634373277408 9.2597406394779647 371.37722293194383 12.878584577701984 36.244031727313995 5.9422381743788728 21.31597988307476 14.14388216473162 28.537723093293607 12.127746142446997 9.473736126907168 1772.5897099198774 32.496915235649794 12.204040329903366 47.361092273145914 217.10731146857142 17.764734849333763 14.618904050439594 220.15204258123413 1.4987589279189695 3.24548324290663 12.493907537311314
leaf_count=6561 199 3705 1635 30 1393 17607 4198 114 108 98 3709 120 305 31 122 148 235 88 64 12967 1159 200 352 1101 117 90 7710 54 132 91
internal_value=-0.00021372 0.000136742 -0.00137455 -0.0138686 -0.012147 0.00163136 -0.00722447 0.025804 -0.00959105 -0.000946327 0.00286017 -0.00164461 0.00203623 0.0256344 0.00144238 -0.00963941 0.00352769 -0.00177736 -0.0075567 -0.00137303 -0.00552011 -0.00363917 -0.000768949 -0.00531423 0.0141385 -0.014721 -0.00593046 0.0121218 0.0421265 -0.0193093
internal_weight=6444.23 6283.94 3124.58 160.291 118.412 3159.36 99.7533 6.00755 93.7458 3006.17 465.505 2540.67 450.303 15.202 3120.29 50.3879 399.915 2527.79 164.129 2363.66 299.49 266.993 2064.17 291.581 29.8925 74.4739 237.1 16.9483 4.74424 59.855
internal_count=64443 53432 35504 11011 5098 17928 4450 144 4306 30406 4526 25880 4397 129 17729 453 3944 25760 1699 24061 9460 8301 14601 1634 205 533 8096 386 186 443
is_linear=0
shrinkage=0.03


Tree=127
num_leaves=31
num_cat=0
split_feature=11 1 27 13 5 15 12 13 1 15 1 28 11 27 20 28 13 28 1 18 5 5 11 16 23 5 3 24 15 28
split_gain=33.2286 18.2383 20.5505 11.8435 11.6687 11.6433 9.59838 8.70777 13.5045 8.70632 9.7074 9.45976 13.2045 10.5049 14.3015 9.51156 11.0466 10.3594 9.28117 12.3414 15.9947 12.0157 11.8398 11.0224 10.719 10.451 12.7614 9.13187 8.92325 8.80752
threshold=0.27638889849185949 0.55000001192092907 0.045622119680047042 -0.59491252899169911 -0.65000000596046437 -1.2198550105094907 -0.51180556416511525 -0.60409873723983754 53.049999237060554 -0.26504428684711451 5.3500001430511483 0.31799963116645819 8.1527776718139666 0.53809526562690746 1.2997488975524905 -0.8940606117248534 0.95888337492942821 -0.96689236164093006 2.4500000476837163 3.0649999380111699 8.4499998092651385 2.3500000238418584 8.3062500953674334 -0.21172297745943067 0.82870090007781994 -4.2499999999999991 0.18146748840808871 1.1297776699066164 0.027860140427947048 0.16799744963645938
decision_type=2 2 2 2 10 2 2 2 2 2 2 2 2 2 2 2 2 2 2 2 8 10 2 10 2 10 2 2 2 2
left_child=-1 2 5 6 -5 -2 -4 8 -3 10 -9 15 -13 14 -14 16 -11 -18 25 20 -20 23 -23 27 29 -17 -27 -21 -28 -25
right_child=1 7 3 4 -6 -7 -8 9 -10 11 -12 12 13 -15 -16 18 17 -19 19 21 -22 22 -24 24 -26 26 28 -29 -30 -31
leaf_value=-0.019554007687233026 0.0095998149144890486 0.0022512548486481108 0.00079666126201050058 -0.0026848859725039304 -0.016204162972519403 -0.019622416478559526 0.018517496670313337 -4.9618527049974591e-05 0.019354259682696984 -0.0048695446181386617 -0.0064345276222047875 -0.00051559831901803641 -0.012597145995284723 -0.02779982606399645 0.02322413352392956 0.0034973923480308374 0.016771388204860505 -0.0013072362231304126 0.0051954101444744794 0.0028394236053744899 -0.013221940058298732 0.0054656509124861421 -0.0080441599265297734 0.010611542135365245 -0.0004029437169970512 -0.0094587649369897615 0.033323960210263737 -0.015724902975689167 0.00056147332320884754 -0.0011871188288675063
leaf_weight=75.486955215688795 13.411036964040248 1687.0592914437875 208.35631418041885 274.95199923589826 71.835125250741839 97.368722309824079 30.711659661959857 571.21610672492534 41.624624654650688 324.22738558799028 342.00306262820959 757.36475833319128 49.852794475853443 27.390619777143002 11.533216562122105 220.66960406396538 45.997576729394495 72.247675687074661 89.517068967223167 127.24890387430787 79.025379665195942 122.57464245334268 109.68578442931175 619.77273911982775 113.9921785928309 164.18652733229101 9.6595803629606944 28.296497642993927 25.216522475704551 62.483088988810778
leaf_count=6476 633 9903 2687 4758 4864 7602 1006 3822 217 2553 1769 6348 283 133 65 1611 423 493 440 594 368 659 593 2840 521 2007 124 128 391 290
internal_value=0.000102406 0.000337288 -0.00424149 -0.00198878 -0.00552387 -0.0160305 0.0031408 0.000897258 0.00267403 0.00012392 -0.00244521 0.000890956 -0.00180583 -0.0126846 -0.00560265 0.00192158 -0.0020097 0.00580705 0.00290363 0.00411227 -0.00346708 0.00519316 -0.000921538 0.00668469 0.00810997 -0.000991737 -0.00596074 -0.000616637 0.0103116 0.00953083
internal_weight=6474.97 6399.48 696.635 585.855 346.787 110.78 239.068 5702.85 1728.68 3974.16 913.219 3060.94 846.141 88.7766 61.386 2214.8 442.473 118.245 1772.33 1352.6 168.542 1184.05 232.26 951.793 796.248 419.732 199.063 155.545 34.8761 682.256
internal_count=64601 58125 21550 13315 9622 8235 3693 36575 10120 26455 5591 20864 6829 481 348 14035 3469 916 10566 6433 808 5625 1252 4373 3651 4133 2522 722 515 3130
is_linear=0
shrinkage=0.03


Tree=128
num_leaves=31
num_cat=0
split_feature=27 2 27 27 19 0 18 13 25 29 5 25 11 2 21 23 13 5 5 15 19 22 3 12 8 2 30 13 29 25
split_gain=32.4246 23.9727 19.4074 14.6517 12.4422 11.67 18.1586 11.2663 11.049 10.5169 10.9769 10.7378 9.63084 12.2122 11.5006 10.6519 9.59128 9.46748 9.41278 8.61873 9.3024 8.01918 7.91806 10.2387 13.8624 12.3745 8.5151 7.73358 7.72507 10.2721
threshold=0.032795699313282974 1.2382691502571108 0.017105263657867912 1.0000000180025095e-35 -1.2545167803764341 5.5000000000000009 16.295000076293949 -1.4670717120170591 0.34239405393600469 0.96633976697921764 -17.349999427795407 0.18630514293909076 4.1291666030883798 2.4203583002090459 -0.81918221712112416 0.069571007043123259 -0.54839909076690663 6.7500000000000009 -0.25000000745058054 -1.657309293746948 -1.7165496349334715 0.092831525951623931 -1.6119829416275022 0.094444446265697493 6.5518443584442148 3.4980204105377202 2.5000000000000004 -0.04749119654297828 0.72548371553421032 0.17136809229850772
decision_type=2 2 2 2 2 2 2 2 2 2 8 2 2 2 2 2 2 10 10 2 2 2 2 2 2 2 2 2 2 2
left_child=1 3 -3 -1 18 6 7 9 12 10 -2 19 -9 14 16 -15 -14 -16 21 -12 -21 -5 -7 -24 -25 26 -26 -28 29 -23
right_child=5 2 -4 4 -6 22 -8 8 -10 -11 11 -13 13 15 17 -17 -18 -19 -20 20 -22 28 23 24 25 -27 27 -29 -30 -31
leaf_value=-0.030264929578659991 0.030125323697623482 0.023349835517344202 -0.0079238079949768159 -0.016808508274397348 -0.013686256363511354 0.0092122440038967645 -0.011350432410311263 -0.0034466048713892145 0.016858546643557574 0.031906294973393423 0.024435453473279422 -0.0074137507300060168 0.030448207940542829 -0.01060528733958211 0.00021179601487511846 0.0013600391821037316 0.0069729924917169769 0.025015338646310545 -0.013563549534050805 -0.010870143645040294 0.0083473455696867916 0.080255501788908085 -3.8733688443705625e-05 0.0051999025803839563 -0.00044403761066338086 0.0073548162203464365 -0.017062523747758327 -0.0019321059310822904 0.007592697921797854 -0.00084356449743304234
leaf_weight=42.031331962440163 12.901911266148089 30.15277162194252 41.015671148896217 2.8379233456216779 155.51877191942185 120.72887846827507 141.99940965510905 991.67198680341244 29.627684190869331 12.165082428604363 20.947293686680496 65.87711846921593 16.851901952177286 141.4755474217236 693.05190768372267 125.95367814600468 139.01527183130383 13.132842063903807 9.059700239915399 28.351633450947702 99.427857781760395 3.7736002593301219 1924.2486993521452 1051.5304079130292 266.78709958866239 125.22308114171028 64.262893557548523 57.456144951283932 5.7443021470680833 1.9630220159888265
leaf_count=2994 59 166 195 95 8755 546 3396 12981 143 106 181 345 103 1070 4249 919 945 61 488 249 844 105 16798 6019 1187 586 289 260 191 59
internal_value=0.000129935 -0.00961848 0.00546621 -0.0144805 -0.0106244 0.000594981 -0.000966053 -0.000344704 -0.00103306 0.00581117 0.0042823 0.00259611 -0.00129079 0.00060336 0.00234102 -0.00498579 0.00968899 0.000707786 0.00946983 0.00704978 0.00403208 0.0239774 0.00168995 0.00142714 0.00322807 -0.000810238 -0.00345412 -0.00999432 0.034598 0.0564984
internal_weight=6434.79 292.097 71.1684 220.929 178.897 6142.69 2532.45 2390.45 2150.78 239.671 227.506 214.604 2121.15 1129.48 862.052 267.429 155.867 706.185 23.3785 148.727 127.779 14.3188 3610.24 3489.51 1565.26 513.729 388.506 121.719 11.4809 5.73662
internal_count=64384 13048 361 12687 9693 51336 25651 22255 20471 1784 1678 1619 20328 7347 5358 1989 1048 4310 938 1274 1093 450 25685 25139 8341 2322 1736 549 355 164
is_linear=0
shrinkage=0.03


Tree=129
num_leaves=31
num_cat=0
split_feature=11 18 12 1 27 27 25 27 29 11 12 29 6 13 28 28 8 27 6 27 28 18 8 13 1 29 6 23 28 13
split_gain=31.9688 15.6676 9.59889 9.52434 23.3293 18.6157 16.3494 15.129 14.5815 31.0892 13.8675 17.1235 23.0095 15.8364 16.6965 14.0793 13.8791 13.4384 13.279 12.8321 12.811 12.4073 12.6241 12.3503 12.2851 12.1834 12.1174 10.5213 10.1496 10.2891
threshold=0.39444445073604589 17.814999580383304 0.064583335071802153 2.4500000476837163 0.017105263657867912 0.15357143431901935 0.23217020183801654 0.017105263657867912 -0.50557503104209889 7.5409722328186044 -4.535416603088378 -0.43733099102973932 1.8499999642372134 -0.1835541948676109 -0.99275806546211232 0.77788564562797557 0.085355341434478774 0.63709676265716564 11.050000190734865 0.31155914068222051 0.21862474083900454 5.1549999713897714 1.4148025512695315 0.45731094479560858 0.45000000298023229 -0.72694849967956532 1.2500000000000002 -1.4332581162452696 0.95752912759780895 -0.0080531081184744818
decision_type=2 2 2 2 2 2 2 2 2 2 2 2 10 2 2 2 2 2 8 2 2 2 2 2 2 2 8 2 2 2
left_child=2 3 -1 4 -2 6 7 -5 9 -7 15 18 13 14 -13 17 -14 -6 -12 -16 -19 -9 -23 -17 -15 27 -11 -20 29 -26
right_child=1 -3 -4 5 10 8 -8 21 -10 26 11 12 16 24 19 23 -18 20 25 -21 -22 22 -24 -25 28 -27 -28 -29 -30 -31
leaf_value=-0.020374786157120895 -0.019460424770162126 -0.0080247786801039157 -0.0052287465859008515 0.026249778045183806 0.00044925478045032026 0.005495146447190599 0.017777829308762549 0.034154425931092393 -0.0028237785468527171 0.0082480906623535744 -0.0098779326846613006 -0.016966756691320018 0.047385166716978254 -0.016344346257561142 0.0015610012641873096 0.026129611665005756 0.0074627181966258494 0.026232909872621248 0.039187745299018972 0.017365751128042076 -0.0095603355375948607 0.012580677181183051 -0.0014213849096594796 -0.018580538668256298 -0.014408218885087391 -0.0081796737049637178 -0.002282275703332115 0.0038668189306714559 -0.015578921597455143 0.0010985078753649152
leaf_weight=86.447458852548152 60.670165260322392 211.27514003682882 67.729160400573164 24.574288874864578 503.63963720854372 1043.6103482507169 94.827379837632179 9.7352356910705549 918.68004630878568 106.03083331510425 358.85974367149174 37.917303088121116 7.2185436822473994 85.370619738008827 361.63594258530065 36.322824858129025 195.83811542019248 34.349110174924135 7.2416354995220891 52.05797409825027 11.486198529601095 71.657027572393417 285.56132170557976 5.797054784372448 44.841713267378509 92.677379308268428 1214.0561428964138 100.80454106628895 52.964090934023261 240.11341801099479
leaf_count=8381 2815 3841 2543 137 3633 4916 442 46 4438 518 4731 535 74 4513 6616 309 1428 156 44 330 53 350 1381 72 536 824 5781 766 782 3342
internal_value=-0.000346534 -1.36165e-05 -0.0137978 0.000267029 -0.00125863 0.00119408 0.00666524 0.00393535 0.000381626 0.00162811 -0.000754733 -0.00217678 3.47972e-05 -0.00207882 0.00182754 0.00317854 0.0091072 0.00187956 -0.00642953 0.0035869 0.0172506 0.00237371 0.00141467 0.0196879 -0.00624103 -0.000245978 -0.00143086 0.00657181 -0.00364787 -0.00138355
internal_weight=6423.99 6269.81 154.177 6058.54 2289.81 3768.73 486.355 391.528 3282.38 2363.7 2229.14 1637.54 1077.96 874.901 451.611 591.595 203.057 549.475 559.583 413.694 45.8353 366.954 357.218 42.1199 423.29 200.724 1320.09 108.046 337.919 284.955
internal_count=64333 53409 10924 49568 31559 18009 2356 1914 15653 11215 28744 24521 18156 16654 7481 4223 1502 3842 6365 6946 209 1777 1731 381 9173 1634 6299 810 4660 3878
is_linear=0
shrinkage=0.03


Tree=130
num_leaves=31
num_cat=0
split_feature=11 1 27 6 3 14 16 13 20 25 28 22 28 19 6 24 3 27 28 28 25 6 24 6 5 15 1 3 27 25
split_gain=32.0526 12.9378 21.2436 17.0091 17.3742 17.1544 13.6485 9.38868 10.3674 8.56951 9.57385 8.89021 8.79757 9.63695 21.5495 9.01168 8.53804 9.09152 16.3917 8.66982 8.59945 8.21655 8.12927 14.2723 13.6787 11.5113 14.1994 13.4389 12.0753 15.6304
threshold=0.27638889849185949 1.0500000119209292 0.016397849656641487 0.94999998807907116 0.36330404877662664 -0.13595851510763166 0.51945006847381603 -1.8582422137260435 -0.6365530490875243 0.13842209428548816 0.41398981213569647 -0.61215123534202565 -0.98803845047950734 -0.68211001157760609 0.45000000298023229 0.80527579784393322 -1.5520551800727842 0.56559139490127575 -0.76141706109046925 -0.71504372358322132 0.45700980722904211 0.55000001192092907 1.0197068452835085 24.250000000000004 -4.3500001430511466 0.13985200971364978 2.4500000476837163 -0.54101058840751637 0.20483870804309848 0.30174984037876135
decision_type=2 2 2 8 2 2 10 2 2 2 2 2 2 2 10 2 2 2 2 2 2 10 2 10 8 2 2 2 2 2
left_child=21 2 -2 5 6 7 -5 8 -4 -9 11 -11 -13 -14 15 -15 -3 20 -19 -20 22 -1 25 24 -24 -18 -27 -28 -29 -30
right_child=1 16 3 4 -6 -7 -8 9 -10 10 -12 12 13 14 -16 -17 17 18 19 -21 -22 -23 23 -25 -26 26 27 28 29 -31
leaf_value=-0.025109201648167809 -0.023488494894148483 0.010799174308410363 -0.0055963829301375811 0.00081947204408909209 0.052541276609741103 -0.016180067621098158 -0.01646581566021239 -0.011159163854978244 0.048311365736105401 -0.022613174491305975 -0.01048256428090321 -0.017626148044335533 0.0070955338091173367 0.031848512802095115 -0.0072369365008990525 0.094321192596744846 -0.00076076349132929942 -0.015058967458733342 0.018512502882574985 -0.0013103988851870883 -0.025455607355226915 -0.00075599582395775313 -0.0090319035719410856 0.026636446802012513 0.0045945033436420044 -0.0021628965309830731 0.01431307956733424 0.0091385257450846049 -0.0019934548093212311 0.0072016335846979409
leaf_weight=55.894569414667785 41.1984963552095 76.072227355092764 5.6765118176117539 814.40773038566113 4.6906171534210435 129.31734754843637 42.295569303445518 68.825725418981165 5.8721873797476274 5.2586684608831993 27.648113466799259 5.3731234166771165 21.309705470688638 6.4379923106171244 6.0107761221006504 3.9707757420837879 1992.9551746789366 79.052905954420567 19.425852470099926 714.18273262307048 9.7938534021377546 16.04926086217165 72.072915807366371 23.442134410142899 721.58928052522242 388.06060973368585 112.16168487071991 242.55334736779332 450.3425828255713 262.58027773350477
leaf_count=5960 3225 398 150 11124 85 7728 813 3302 174 153 981 137 420 236 119 115 11161 390 91 3436 42 587 368 116 4104 3949 522 1176 2252 1137
internal_value=1.20068e-05 0.000239017 -0.00258208 -0.00181141 0.000294876 -0.00814077 -5.21078e-05 -0.00143231 0.0234798 -0.00356611 0.00336497 0.0113336 0.0158941 0.0209997 0.0376016 0.0618593 0.000888521 0.000738257 -0.00216866 -0.000761005 0.00129116 -0.0197613 0.00135852 0.00404716 0.00334727 0.000720496 0.00274758 0.00453277 0.00337091 0.00139858
internal_weight=6424.52 6352.58 1188.29 1147.09 861.394 285.701 856.703 156.384 11.5487 144.835 76.0092 48.361 43.1024 37.7292 16.4195 10.4088 5164.29 5088.21 812.661 733.609 4275.55 71.9438 4265.76 817.104 793.662 3448.65 1455.7 1067.64 955.476 712.923
internal_count=64451 57904 28762 25537 12022 13515 11937 5787 324 5463 2161 1180 1027 890 470 351 29142 28744 3917 3527 24827 6547 24785 4588 4472 20197 9036 5087 4565 3389
is_linear=0
shrinkage=0.03


Tree=131
num_leaves=31
num_cat=0
split_feature=11 1 13 12 5 1 5 0 27 23 13 11 5 11 18 0 27 5 1 12 23 25 5 23 1 27 5 20 27 25
split_gain=27.3248 15.1069 26.7557 17.1335 12.7005 12.778 10.4158 7.79919 7.70186 7.54807 12.4854 12.379 11.4507 14.6067 11.1004 7.32452 12.6444 9.94053 9.71846 9.34588 8.80893 9.7836 9.88389 8.196 8.6339 13.2769 10.3893 10.0734 9.3674 13.3756
threshold=0.27083334326744085 0.55000001192092907 -0.59491252899169911 -1.3708333373069761 -1.5500000119209287 0.25000000745058065 -1.4499999880790708 3.5000000000000004 0.015207373071461918 0.70609703660011303 -0.42038820683956141 1.8055555224418642 -5.1499998569488517 8.5812497138977069 10.984999656677248 6.5000000000000009 0.52446237206459057 16.849999427795414 31.550000190734867 13.640972137451174 -0.82813033461570729 0.26997847855091101 -3.0499999523162837 -0.95293962955474842 2.4500000476837163 0.22123655676841739 -1.3499999642372129 -1.4185954332351682 0.017105263657867912 0.17221879214048388
decision_type=2 2 2 2 8 2 8 2 2 2 2 2 10 2 2 2 2 10 2 2 2 2 10 2 2 2 8 2 2 2
left_child=6 2 8 7 5 -5 -1 -4 -2 11 -11 14 -13 -14 -9 -3 18 20 19 23 -18 22 -22 -17 28 26 -26 -27 -25 -30
right_child=1 15 3 4 -6 -7 -8 9 -10 10 -12 12 13 -15 -16 16 17 -19 -20 -21 21 -23 -24 24 25 27 -28 -29 29 -31
leaf_value=0.013093254596370426 -0.026913165060624751 -0.00078388282945571588 -0.011603949973852015 0.019094146509066115 -0.018892279813110056 -0.015917029193701256 -0.023509962757697681 0.080698312118386392 0.0034220000497166962 -0.029005247170020773 0.024446218647646165 -0.012424972266174771 -0.00038495074993154965 0.048695784112222223 0.0049946402936950898 -0.0016647418244359828 0.0045872109187688782 0.023881720697007426 0.016580614092658177 -0.012086319379326789 -0.00042942946286051082 -0.0069511363649883617 0.025677593665975763 -0.019666212035956906 -0.016731512177887143 0.013846124985665023 0.011292861834545871 0.0017419071533209417 0.011950565493468386 -0.00060181313524491388
leaf_weight=7.2668266631662846 6.7496710098348549 2914.5567186065018 64.74100820813328 16.927413117140532 168.72932549612597 18.684339134022593 59.522380221635103 1.9053642870858301 277.67497200751677 3.8895032228902009 21.396830956451595 66.967805128544569 31.095831606537104 5.6148835951462379 4.7200996512547135 361.63706670235842 110.30060627311468 11.627303540706633 41.927667737007141 39.689939856529236 83.632057458162308 381.87473008036613 14.457914255559443 18.997837130911648 11.544838920235632 66.963204726576805 296.74762123823166 697.06791864335537 88.1478530773893 533.81909229978919
leaf_count=128 533 20346 1515 263 11537 279 6080 47 5581 40 324 656 752 58 172 2349 476 56 194 179 358 1635 67 500 52 287 1381 2993 1145 4541
internal_value=-0.000447003 -0.000245091 -0.00443618 -0.00938306 -0.0154747 0.000791889 -0.019393 -0.00312354 0.00261035 0.000980948 0.0154337 -0.00244114 -0.00510837 0.00821415 0.0344934 0.000264692 0.0013725 -0.00246929 0.00244539 0.00215742 -0.00302787 -0.00478379 0.0036389 0.00243557 0.00330152 0.00494681 0.0101927 0.00281949 0.000545551 0.00119349
internal_weight=6428.88 6362.09 689.097 404.672 204.341 35.6118 66.7892 200.331 284.425 135.59 25.2863 110.304 103.679 36.7107 6.62546 5672.99 2758.44 601.893 2156.54 2114.62 590.265 479.965 98.09 2074.93 1713.29 1072.32 308.292 764.031 640.965 621.967
internal_count=64524 58316 21757 15643 12079 542 6208 3564 6114 2049 364 1685 1466 810 219 36559 16213 2592 13621 13427 2536 2060 425 13248 10899 4713 1433 3280 6186 5686
is_linear=0
shrinkage=0.03


Tree=132
num_leaves=31
num_cat=0
split_feature=8 27 0 5 19 3 20 17 17 13 8 1 27 15 27 1 27 27 29 29 29 11 15 21 3 5 15 11 3 18
split_gain=27.8306 14.8966 10.9537 13.0379 9.41134 9.40847 8.83164 11.0688 8.686 12.3479 10.7516 9.78733 11.4073 8.42446 8.42349 19.1969 9.96274 8.02665 10.0487 7.96388 9.51732 10.6779 7.62978 8.8813 7.4326 8.37572 9.62361 7.20748 16.5726 14.9525
threshold=0.25811813771724706 0.045622119680047042 2.5000000000000004 -16.150000572204586 0.03934712894260884 -1.6119829416275022 1.401503920555115 1.6706700325012209 1.345591187477112 -0.76022210717201222 0.86890259385108959 0.15000000223517421 0.1475806459784508 -1.2421639561653135 0.032795699313282974 2.4500000476837163 0.023057644255459312 1.0000000180025095e-35 0.34840355813503271 0.65071284770965587 0.54759982228279125 0.42916667461395269 -1.1921226382255552 0.086958240717649474 0.40049608051776892 -1.8499999642372129 -0.75241270661354054 0.4708333313465119 -0.17938899248838422 13.394999980926515
decision_type=2 2 2 8 2 2 2 2 2 2 2 2 2 2 2 2 2 2 2 2 2 2 2 2 2 8 2 2 2 2
left_child=1 13 3 4 -2 6 7 -4 11 10 -10 -5 22 -1 15 17 -17 -7 -19 20 -20 -22 -13 -24 25 26 -3 28 -16 -30
right_child=2 24 5 8 -6 14 -8 -9 9 -11 -12 12 -14 -15 27 16 -18 18 19 -21 21 -23 23 -25 -26 -27 -28 -29 29 -31
leaf_value=0.0086425678515060587 0.022794132639145735 0.029864883006661919 0.0078114212729456034 -0.019806172954929136 -0.010071901587060438 -0.029846996057077527 0.030862170170398551 -0.022352250212877959 0.042658627151160894 -0.0084259970154715071 0.007906947549427704 -0.016454117501733811 -0.0057351562247900494 -0.020625320000357696 -0.0092921641679462961 0.021241175169401855 -0.0043473652573501366 -0.024197868250529657 -0.00067281216604347927 -0.0090977729431253856 -0.018019730355436997 0.065325059060621804 -0.0015790244915814804 0.013538800846860263 0.020157640533050858 -0.008000397241290284 -0.0013209025944626216 0.0010430703477610863 0.0041741595934666528 0.041033042100076043
leaf_weight=9.2645627274177951 28.753921840339899 10.497374296188353 168.00064989551902 34.47957428265363 9.9900223277509195 19.557836980558932 12.820175632834433 10.750756187364457 8.9410624061711115 34.354784052353352 45.151438888628036 14.496823509223757 521.36368260253221 89.424721624702215 21.903601953759789 27.385215952992439 25.910583019256592 26.151915976312011 13.39155793329701 45.936608869582415 1.4186859307810653 3.9320810842327774 71.807888007722795 66.83747258875519 9.9286461360752565 191.90341836865991 39.167627014219761 4807.9976804191247 19.9374447055161 19.194382823072374
leaf_count=448 152 63 822 1513 59 958 68 50 110 325 321 128 4403 8361 1161 150 122 868 477 1811 94 108 991 801 64 7234 401 31463 385 498
internal_value=0.000212129 -0.00799867 0.000687807 -0.00249822 0.0142795 0.00119813 0.00770623 0.00588301 -0.00333024 0.00549027 0.0143212 -0.0044368 -0.00362299 -0.0178186 0.000948915 -0.00572464 0.00894996 -0.0128263 -0.00887627 -0.00240712 0.0136216 0.0438694 0.00355831 0.00575366 -0.00408994 -0.00516553 0.00573 0.00117439 0.0113356 0.0228256
internal_weight=6410.65 350.186 6060.47 836.177 38.7439 5224.29 191.572 178.751 797.433 88.4473 54.0925 708.985 674.506 98.6893 5032.72 163.684 53.2958 110.389 90.8308 64.6789 18.7423 5.35077 153.142 138.645 251.497 241.568 49.665 4869.03 61.0354 39.1318
internal_count=64409 16571 47838 8803 211 39035 940 872 8592 756 431 7836 6323 8809 38095 4588 272 4316 3358 2490 679 202 1920 1792 7762 7698 464 33507 2044 883
is_linear=0
shrinkage=0.03


Tree=133
num_leaves=31
num_cat=0
split_feature=11 18 0 19 27 1 8 1 6 27 16 1 6 6 25 29 3 20 23 23 22 27 28 18 19 28 0 12 3 3
split_gain=30.1532 15.8606 12.8992 17.2892 9.6932 27.2234 9.55079 14.3764 8.40335 12.0412 8.5328 7.82076 7.66538 6.79033 6.48524 9.51536 6.20701 6.75394 7.25199 10.5445 6.78476 5.95419 9.84297 9.46492 9.82998 8.7365 8.58876 13.0934 11.9926 9.89239
threshold=0.28263889253139501 17.595000267028812 1.5000000000000002 -0.37326976656913752 0.016397849656641487 2.4500000476837163 2.4508501291275029 1.2500000000000002 2.6499999761581425 0.45080643892288214 0.0437039751559496 71.649997711181655 11.650000095367433 0.65000000596046459 0.096675343811512007 -0.85225707292556752 -1.7794376611709593 1.2641810178756716 -0.87953296303749073 -0.34193748235702509 1.3960908055305483 0.56559139490127575 -0.78326541185379017 10.855000019073488 -0.25104823708534235 0.5055736005306245 8.5000000000000018 0.45277777314186102 1.06749564409256 1.06749564409256
decision_type=2 2 2 2 2 2 2 2 10 2 10 2 10 8 2 2 2 2 2 2 2 2 2 2 2 2 2 2 2 2
left_child=-1 2 3 8 5 -4 7 12 10 -10 -2 16 -5 -3 15 -9 17 18 -6 -20 -21 26 -23 24 -24 -26 28 29 -18 -28
right_child=1 13 4 6 11 -7 -8 14 9 -11 -12 -13 -14 -15 -16 -17 21 -19 19 20 -22 22 23 -25 25 -27 27 -29 -30 -31
leaf_value=-0.0192519428362663 -0.0097786576692687702 -0.018084680590610702 -0.02124671005510597 -0.021931371756936716 0.020226231604271946 0.021300914506893961 -0.017966123685402121 -0.01744379403472214 0.017043503600835532 -0.0033350927548532533 0.0092721396346699663 0.016606909538538599 0.030890770829343623 -0.004788174547594423 -0.0063446327873165984 0.017636792201798118 0.0011824720163230087 0.026089157039830151 -0.016675433080105745 0.0096355645839531334 -0.010266825831724292 -0.012612992431853541 -0.0033532047513182102 -0.014160175205308658 0.0057098820113989429 -0.0089319822727813789 0.0007260764357191863 0.0074509764745058068 -0.0046433801814625107 0.028994062104610571
leaf_weight=70.039563214406371 72.82078754529357 41.108540221117437 50.301765811629593 39.689352418296039 22.427481174468994 17.487368777394295 87.706581223756075 7.8631780296564093 56.019990403205156 47.603906486183405 28.763084605336189 28.540957376360893 1.7761958092451084 201.2208751803264 37.278451606631279 33.456773240119219 3047.6972057092935 14.083787400275467 21.398920923471451 83.653172198683023 17.985082656145096 64.489713620394468 319.5891086384654 41.601164735853672 302.36108748987317 40.814262598752975 785.83129855804145 467.39557899534702 354.05188185721636 10.303435057401655
leaf_count=6679 978 2205 2873 1557 120 103 802 58 343 277 448 161 8 2832 273 260 28978 76 105 399 84 312 1475 203 1420 209 7060 2280 1947 43
internal_value=0.000184701 0.000402243 0.000701598 -0.00441151 0.00107341 -0.0101207 -0.0104904 -0.00492614 0.00176434 0.00773936 -0.00434669 0.00121016 -0.0189946 -0.00710883 0.00264122 0.0107065 0.00112865 0.00694261 0.00492339 0.00199338 0.00604808 0.000956702 -0.00148806 -0.000453055 0.000427367 0.00394761 0.00135984 0.00347088 0.000574935 0.00112783
internal_weight=6415.36 6345.32 6102.99 412.978 5690.01 67.7891 207.771 120.064 205.208 103.624 101.584 5622.22 41.4655 242.329 78.5984 41.32 5593.68 159.548 145.465 123.037 101.638 5434.13 768.855 704.366 662.764 343.175 4665.28 1263.53 3401.75 796.135
internal_count=64568 57889 52852 5004 47848 2976 2958 2156 2046 620 1426 44872 1565 5037 591 318 44711 784 708 588 483 43927 3619 3307 3104 1629 40308 9383 30925 7103
is_linear=0
shrinkage=0.03


Tree=134
num_leaves=31
num_cat=0
split_feature=11 1 14 5 14 29 28 11 11 20 24 23 25 16 29 5 16 21 28 16 16 29 14 0 1 1 16 11 1 5
split_gain=24.6848 10.5495 17.3808 13.532 11.0979 8.89267 9.25776 11.4232 9.60362 9.73597 14.7585 11.2769 10.2967 8.79745 8.52839 9.2054 8.01614 7.81674 8.1856 8.79374 7.51805 7.41789 11.702 9.32404 11.3785 14.8528 8.32665 8.16443 10.3382 9.55299
threshold=0.27638889849185949 0.84999999403953563 -0.57666879892349232 -0.94999998807907093 -0.58913123607635487 -0.99983122944831837 0.18492960184812549 0.50555557012557995 0.37083333730697637 0.44723869860172277 1.2283933162689211 -0.59612488746643055 0.40648287534713751 0.37666466832160955 -0.84313312172889698 -0.15000000223517415 -0.1788804158568382 -0.13619282096624372 0.30164402723312383 -0.11477670446038245 0.05346671678125859 -0.54219084978103627 -0.71823769807815541 2.5000000000000004 2.3500000238418584 4.4500000476837167 -0.61986958980560292 6.8291666507720956 2.4500000476837163 -7.1499998569488517
decision_type=2 2 2 10 2 2 2 2 2 2 2 2 2 8 2 10 10 2 2 8 10 2 2 2 2 2 10 2 2 10
left_child=-1 2 4 13 -2 -3 7 -7 -8 12 11 -11 17 -4 15 -5 -6 -10 19 -19 -17 22 26 24 -24 -26 -9 28 29 -25
right_child=1 5 3 14 16 6 8 21 9 10 -12 -13 -14 -15 -16 20 -18 18 -20 -21 -22 -23 23 27 25 -27 -28 -29 -30 -31
leaf_value=-0.018142357290820421 0.00118546962801097 -0.010911891976760924 -0.0014705685477119771 -0.011955364920586929 -0.0010866448636686751 0.016860110517419737 0.026807207931421471 0.0092577672564515944 -0.0056929091089215258 0.0055259800604848331 0.014348817330944846 -0.0032525967805847791 -0.027093281796812741 -0.012644461205469654 -0.016366292074893693 0.062268653461959984 0.065674096420082595 -0.018172305242680476 0.00068067030731334835 0.0013915103957383779 0.00052630197028854793 -0.00034285433874236111 -0.015852089628642155 0.0098789397150723206 0.013344386556417074 -0.0063153342274553607 -0.0028406304454613941 0.0029409732230826205 0.010237708614720557 -0.0083778728106893817
leaf_weight=67.623732871841639 402.08744737878442 60.027366377413273 348.59992948360741 9.1128713414072973 2.5919313421472907 42.053829193115234 9.9856784082949144 56.779154896736145 452.50412550382316 208.06256812252104 71.816149201244116 354.90235005505383 14.754854157567022 76.613437878899276 134.94965841015801 2.7090225964784613 3.1734578460454932 44.910721454769373 580.40571245364845 37.381556108593941 3.4367946330457926 1431.9119882453233 42.935151997953653 44.337786488234997 56.907523542642593 84.916352175176144 449.6679954752326 866.4977288916707 363.6328394562006 58.845583356916904
leaf_count=6566 7532 314 6574 297 64 566 177 273 2992 1314 463 2359 65 1702 9897 66 48 244 3656 212 102 8897 416 247 251 668 2182 4047 1654 516
internal_value=-0.000246498 -5.20662e-05 -0.00290576 -0.00625947 0.00182959 0.000474507 0.000606168 0.00150131 -0.00115827 -0.0013316 0.00163971 -4.13369e-06 -0.00300078 -0.00350878 -0.0139715 0.00691248 0.0399363 -0.00265804 -0.000580309 -0.00937536 0.0326472 0.00130962 0.00247799 0.00379474 -0.00251032 0.00161142 -0.00146868 0.00466967 0.0078653 -0.000513416
internal_weight=6384.14 6316.51 983.275 575.422 407.853 5333.24 5273.21 3498.49 1774.72 1764.74 634.781 562.965 1129.96 425.213 150.208 15.2587 5.76539 1115.2 662.698 82.2923 6.14582 3456.43 2024.52 1518.07 184.759 141.824 506.447 1333.31 466.816 103.183
internal_count=64361 57795 26282 18638 7644 31513 31199 19717 11482 11305 4136 3673 7169 8276 10362 465 112 7104 4112 456 168 19151 10254 7799 1335 919 2455 6464 2417 763
is_linear=0
shrinkage=0.03


Tree=135
num_leaves=31
num_cat=0
split_feature=11 13 0 1 1 6 6 8 19 18 6 14 12 14 22 14 11 8 18 12 8 27 20 27 19 19 19 14 17 13
split_gain=30.3185 13.6354 12.904 18.3856 16.8091 12.2211 11.3035 9.20441 8.82874 8.39143 12.473 11.0966 10.2717 9.9756 7.93226 9.00248 8.97372 12.42 8.66389 7.94612 7.89271 10.5066 7.85815 8.92793 7.79831 7.57599 12.6726 7.55221 10.2814 8.50733
threshold=0.40555556118488317 -0.60409873723983754 2.5000000000000004 1.8499999642372134 4.8500001430511483 9.2500000000000018 61.649999618530281 0.65319228172302257 1.4740826487541201 12.015000343322756 0.35000000894069677 0.802685707807541 3.1173610687255864 1.0253497362136843 -1.1747477054595945 1.6047952175140383 6.0236110687255868 2.8925189971923833 13.204999923706056 6.0291666984558114 0.77942124009132396 0.034210527315735824 0.77945134043693554 0.36075268685817724 0.43441815674304968 -1.1175692677497862 -0.79218265414237965 1.0887163281440737 -0.40822279453277582 0.98551204800605785
decision_type=2 2 2 2 2 10 10 2 2 2 8 2 2 2 2 2 2 2 2 2 2 2 2 2 2 2 2 2 2 2
left_child=7 6 3 5 8 -3 -2 -1 25 11 -11 -4 13 24 16 19 18 -18 -12 -16 21 -9 23 -14 -13 -5 -27 29 -29 -15
right_child=1 2 9 4 -6 -7 -8 20 -10 10 14 12 22 27 15 -17 17 -19 -20 -21 -22 -23 -24 -25 -26 26 -28 28 -30 -31
leaf_value=-0.017746153472667503 0.0020404949538735877 -0.015188690219742996 -0.00016312697833586573 -0.021559961642768084 -0.009071204490412042 0.011310915288510736 0.027666813375894075 -0.0095631531326229573 0.026633650212351489 -0.012844688738677 0.0098796035922097993 0.020226100996356744 -0.017075057519063092 -0.026520421183196804 -0.00010978412559355424 0.011070821820161838 -0.0015997918773516797 -0.034937396665022755 -0.0066662292097118409 -0.011311400705688673 -0.0079379622605059656 0.050571373137952312 -0.012134701689557785 0.0077745637821436397 0.0053816237977673195 0.028233659106457445 0.0014825793548682623 0.012851184549741684 -3.1368027049960554e-05 0.0027070697165709843
leaf_weight=111.08343341760337 1972.9047151040286 167.79378456715494 1899.0934291034937 10.053947627544401 140.40484564751387 16.545777350664139 14.621417157351969 4.563170906621961 13.823153309524058 89.351873541716486 34.2512815175578 74.624965882394463 15.096126303076742 13.718662296421824 855.31284445896745 59.72915619192645 19.23661950789392 20.31106211617589 148.57030199142173 60.065593417733908 37.610895089805126 4.3872795864008367 47.338866792619228 67.331591367721558 56.677193661686033 16.611998543143272 169.16204137727618 101.24819598626345 122.61031897645444 22.503826676867902
leaf_count=9621 14936 4582 11760 49 1221 77 80 246 75 3754 280 484 70 82 9204 675 127 104 1791 331 1569 166 233 321 331 80 870 558 712 130
internal_value=-0.000136793 0.00019302 -0.000767813 -0.00512146 -0.00107308 -0.012762 0.00224284 -0.0130877 0.00430096 -0.000138998 -0.00209554 0.000901719 0.00477495 0.00719554 -0.00128342 -0.000115177 -0.00638283 -0.0191608 -0.00352952 -0.000856357 -0.0018345 0.0220332 -0.00252489 0.00307339 0.0139075 0.00259723 0.00401303 0.0037667 0.00582648 -0.00877745
internal_weight=6386.64 6228.99 4241.47 534.396 350.056 184.34 1987.53 157.645 209.651 3707.07 1286.83 2420.24 521.15 391.383 1197.48 975.108 222.369 39.5477 182.822 915.378 46.5613 8.95045 129.767 82.4277 131.302 195.828 185.774 260.081 223.859 36.2225
internal_count=64519 52917 37901 6954 2295 4659 15016 11602 1074 30947 16266 14681 2921 2297 12512 10210 2302 231 2071 9535 1981 412 624 391 815 999 950 1482 1270 212
is_linear=0
shrinkage=0.03


Tree=136
num_leaves=31
num_cat=0
split_feature=11 27 1 27 27 3 8 0 18 14 1 23 6 26 11 5 5 8 18 3 28 25 6 17 8 4 1 5 19 15
split_gain=27.9983 14.8223 25.1263 18.671 11.5956 8.96981 7.90147 8.02523 9.1614 9.70832 9.00213 14.2154 10.6998 9.48747 9.08989 8.81061 8.23302 7.96395 7.87076 10.2759 9.78424 9.45017 11.291 9.86084 9.54281 11.7727 9.24041 7.74074 7.64348 9.19001
threshold=0.28263889253139501 0.032795699313282974 2.4500000476837163 0.023057644255459312 1.0000000180025095e-35 1.1892068982124331 43.866336822509773 6.5000000000000009 8.9349999427795428 -1.8643730878829954 11.949999809265138 0.069571007043123259 12.949999809265138 25.332500457763675 6.5354166030883798 5.9500000476837167 0.35000000894069677 20.306443214416507 3.7050000429153447 1.1482270359992983 0.31799963116645819 0.17785710096359256 0.45000000298023229 -1.2630501389503477 0.79686269164085399 -2.2499999999999996 25.150000572204593 -0.74999999999999989 -1.3521066308021543 -0.12524337321519849
decision_type=2 2 2 2 2 2 2 2 2 2 2 2 10 2 2 8 8 2 2 2 2 2 8 2 2 2 2 8 2 2
left_child=27 2 4 -4 -2 -5 7 8 10 16 15 13 -13 17 -14 -3 -10 -12 19 26 21 22 24 -24 25 -20 -9 -1 -23 -30
right_child=1 6 3 5 -6 -7 -8 18 9 -11 11 12 14 -15 -16 -17 -18 -19 20 -21 -22 28 23 -25 -26 -27 -28 -29 29 -31
leaf_value=0.0034071924591857171 -0.030133964501017556 0.0016202583048951699 0.022576472845444662 0.0065586679735091099 -0.0093387582424586096 -0.024434911677485512 0.011838750828042303 -0.0018213247185790136 0.028253279862143817 -0.0024609532983237135 -0.01909977328817547 -0.0064780843131094163 0.0349239160189369 0.012422157949261744 0.0056167121612006495 0.013482192935178702 -0.0046751394422629416 -0.00069036867553551404 -0.0035105599718674462 0.012902429634519737 -0.00020388570068673883 0.012840797543190509 -0.016059418508255575 0.013058016461889426 0.0074423022963590064 0.10052326408367816 -0.019014837671193822 -0.023342713988183154 -0.00037821792096024592 0.0045877804708751831
leaf_weight=11.461616853252051 28.61834002751857 1318.2346146004274 37.091460376977921 16.953940182924271 141.48043665010482 15.047958321869372 56.612534638494253 414.09688299149275 16.248418453149498 1428.6020912900567 80.016149993985891 66.409592550247908 10.122217223048208 12.663230262696741 70.891401410102844 57.905650394037366 10.904012836515905 28.724469222128391 1.2482583937235179 38.894278436899185 801.55792609322816 70.31047054566443 11.082087703980504 83.680620495229959 3.7488901428878307 2.6484442739747456 29.212284743785858 55.916853567585349 528.51793231768534 916.12754332553595
leaf_count=386 1887 8006 204 80 6798 74 288 1775 180 18082 621 508 70 67 404 280 68 159 117 183 7140 438 143 1040 70 111 130 6277 3044 5649
internal_value=0.000284392 0.000491627 -0.00681752 0.00835449 -0.0129931 -0.00831396 0.000781274 0.00067502 -0.000386069 -0.00211876 0.00114767 -0.00386412 0.00239545 -0.0114227 0.00965967 0.00212882 0.0153334 -0.0142874 0.00180885 -0.00168826 0.0025064 0.0038489 0.0126289 0.00952072 0.0455959 0.0732862 -0.00299455 -0.0188091 0.00324745 0.00277198
internal_weight=6365.03 6297.65 239.192 69.0934 170.099 32.0019 6058.46 6001.85 3100.72 1455.75 1644.97 268.827 147.423 121.404 81.0136 1376.14 27.1524 108.741 2901.13 482.203 2418.92 1617.36 102.408 94.7627 7.64559 3.8967 443.309 67.3785 1514.96 1444.65
internal_count=64279 57616 9043 358 8685 154 48573 48285 28445 18330 10115 1829 982 847 474 8286 248 780 19840 2088 17752 10612 1481 1183 298 228 1905 6663 9131 8693
is_linear=0
shrinkage=0.03


Tree=137
num_leaves=31
num_cat=0
split_feature=8 6 11 8 0 8 13 21 3 8 13 20 2 5 8 21 3 15 5 2 14 13 6 23 2 16 5 18 18 2
split_gain=21.3174 14.7528 10.836 8.95474 8.2698 10.8699 17.4578 17.6104 10.5482 10.0747 10.0466 8.58528 8.56916 13.2468 8.46496 12.9534 8.78503 8.75813 7.65949 8.32692 14.8334 13.9065 8.83089 7.71557 7.51382 10.5376 7.81184 8.01437 7.45347 7.05419
threshold=0.27370892465114599 1.7500000000000002 0.39444445073604589 0.18660254031419757 2.5000000000000004 0.56123095750808727 -1.1764565110206602 1.1826283335685732 -1.7794376611709593 43.866336822509773 0.79847395420074474 1.2641810178756716 2.2874586582183842 4.5499999523162851 0.44340743124485021 -0.31595422327518458 -0.44955916702747339 0.4096194207668305 -11.65000009536743 1.047165095806122 0.32212887704372412 -0.76022210717201222 1.1500000357627871 0.67946052551269542 1.3736354708671572 -0.59977933764457692 0.15000000223517421 1.685000002384186 13.434999942779543 0.29941825568676
decision_type=2 10 2 2 2 2 2 2 2 2 2 2 2 10 2 2 2 2 8 2 2 2 10 2 2 8 10 2 2 2
left_child=1 2 -1 28 5 6 7 -2 11 12 14 -6 13 18 17 -16 -17 -8 23 21 24 22 -20 -7 -21 -26 27 -27 -3 -10
right_child=4 3 -4 -5 8 9 10 -9 29 -11 -12 -13 -14 -15 15 16 -18 -19 19 20 -22 -23 -24 -25 25 26 -28 -29 -30 -31
leaf_value=-0.021393304116867417 0.080607306331019965 0.0067337866172136511 -0.0070508747997825704 -0.0080075712551229833 0.0064559797130970108 0.018797748845810178 -0.0090231950457458059 -0.0033247862335808059 -0.0048234499514866703 0.020297272472758254 -0.021731157777905602 0.031410741017846799 -0.011356960555025785 0.016790379346731818 -0.01619031019112941 0.0087287643629118099 0.066036947287112138 0.033922617063123821 -0.010320890305816434 0.0012750320488325371 0.0077539319204701744 -0.014910131595535166 0.011063426428134179 -0.0094709463693732985 0.016551670293008997 0.0070945194133959456 -0.0054506343182383959 -0.023360923593627392 0.036607318744484939 0.00082861365508411712
leaf_weight=59.241544313263148 4.6902949879877252 29.918750621378422 232.71954366518185 25.193262612447143 121.92756101489067 25.089428581297398 20.814130464568738 3.5948017835617065 206.21131134266034 14.842754025012253 10.639111570548264 12.962978240102528 115.81529878079891 29.516161382198334 3.8114020694047204 4.277018171735107 5.7578244572505346 4.3154325573705128 29.989427064079791 91.677027441561222 106.03003198280931 131.82121439510956 38.608959555625916 12.278487823903559 12.060751833021639 8.5158472657203657 82.772724077105522 56.983217045664787 9.3405198454856855 4864.2191324066371
leaf_count=6922 89 255 9604 242 565 114 477 54 6812 80 343 64 1141 151 107 78 132 131 612 488 606 2858 262 55 59 42 428 323 144 31046
internal_value=-4.33877e-05 -0.00716173 -0.0100242 0.00575982 0.000379227 -0.00243108 0.00998949 0.0477542 0.000819027 -0.00339427 0.00286435 0.00906763 -0.00389544 -0.00249762 0.00995377 0.0279148 0.0446158 -0.000632225 -0.00347964 -0.00436387 -0.00161375 -0.00924443 0.00170079 0.00950436 -0.00557015 -0.00946783 -0.011681 -0.0193541 0.014574 0.000597842
internal_weight=6375.64 356.414 291.961 64.4525 6019.22 813.901 57.9 8.2851 5205.32 756.001 49.6149 134.891 741.159 625.343 38.9758 13.8462 10.0348 25.1296 595.827 558.459 358.04 200.42 68.5984 37.3679 252.01 160.333 148.272 65.4991 39.2593 5070.43
internal_count=64284 17167 16526 641 47117 8630 1411 143 38487 7219 1268 629 7139 5998 925 317 210 608 5847 5678 1946 3732 874 169 1340 852 793 365 399 37858
is_linear=0
shrinkage=0.03


Tree=138
num_leaves=31
num_cat=0
split_feature=1 5 13 1 1 1 29 29 5 6 13 22 25 19 8 19 8 28 21 5 20 20 29 30 28 16 20 0 25 14
split_gain=19.2095 26.3826 10.1918 9.88017 9.48931 22.2298 20.5637 18.9899 15.9379 12.6517 11.8143 11.5953 11.0672 14.5849 10.8569 12.7978 10.4778 11.3548 12.3449 11.0226 10.2252 12.0427 9.95171 11.5603 9.90856 9.03864 10.0131 8.88857 9.87914 14.2013
threshold=0.15000000223517421 -0.55000001192092884 -0.60409873723983754 71.649997711181655 2.4500000476837163 3.0499999523162846 0.97062206268310558 -0.43733099102973932 -0.15000000223517415 23.150000572204593 0.072013303637504592 -0.53712126612663258 0.15472894161939624 -0.37326976656913752 1.9891343116760256 -1.2792513370513914 4.0538046360015878 0.30164402723312383 -1.2771622538566587 -1.5500000119209287 1.1123238205909731 0.90663161873817455 0.99988442659378063 1.0000000180025095e-35 0.39827039837837225 0.36360514163970953 0.50497791171073925 6.5000000000000009 0.14165424555540088 0.93247124552726757
decision_type=2 10 2 2 2 2 2 2 8 10 2 2 2 2 2 2 2 2 2 8 2 2 2 2 2 10 2 2 2 2
left_child=1 25 3 -2 6 20 9 10 11 14 12 -8 13 -7 27 -16 17 18 -12 -19 21 -6 23 -10 -21 26 -1 28 29 -4
right_child=2 -3 4 -5 5 7 8 -9 22 -11 16 -13 -14 -15 15 -17 -18 19 -20 24 -22 -23 -24 -25 -26 -27 -28 -29 -30 -31
leaf_value=-0.0038578088013010623 0.0018357755544308738 -0.022233493910943824 -0.00014672010726066314 0.025413702802939975 0.0068610697199969406 0.0026001019774261084 -0.0063420521429525915 -0.0048004395574978856 0.015297392944081356 0.02321595758000939 0.023151688174866663 0.046048659873647924 -0.00061071947551568154 -0.023152035075861263 0.022479457983439609 -0.0010189408325346077 0.00029703223981719884 -0.022005263202774131 0.0068549831354457998 -0.015055846634710011 0.018989209886483886 -0.014944880090456594 0.047424195376138727 -0.011071062586002618 0.0067081910844384428 -0.021855386902669881 0.013052529772444881 -0.0025591205675204484 -0.012662761715612056 -0.01818270073535546
leaf_weight=116.02240188466385 1899.5359401027672 80.699506622739136 184.55257356213406 15.138768069446085 286.64907115697861 33.562214709818363 4.6359926583245423 690.78810888901353 26.346741805318743 14.940499991178511 48.059688687324524 15.684141180943696 554.70703024044633 46.609858836978674 20.894363919273019 440.27977325301617 568.76535359397531 18.421818196773529 298.28824109956622 22.518687203526497 56.159207567572594 23.820964679121971 3.4533937675878397 32.05198177928105 93.672445707023144 16.780416137073189 42.131797639653087 461.77274215733632 240.95424405531958 48.92420077463612
leaf_count=2526 13883 9140 4563 91 1380 222 120 3341 324 65 212 251 2526 303 130 3666 2830 86 1333 100 276 114 81 1047 418 579 1043 8075 4203 1598
internal_value=-0.000115968 -0.00815766 0.000219504 0.00203537 -0.000601455 0.000446824 -0.0025238 -0.000615384 0.011977 -0.00337537 0.00110257 0.034359 -0.00212585 -0.0124723 -0.00367608 9.20334e-05 0.00305529 0.00630971 0.00917648 -0.00107951 0.00731183 0.00514539 0.00419416 0.000882398 0.00239768 -0.00157484 0.000700761 -0.00553037 -0.00841087 -0.00398752
internal_weight=6406.82 255.634 6151.19 1914.67 4236.51 2742.02 1494.49 2375.39 82.1723 1412.32 1684.61 20.3201 634.879 80.1721 1397.38 461.174 1049.73 480.961 346.348 134.613 366.629 310.47 61.8521 58.3987 116.191 174.935 158.154 936.204 474.431 233.477
internal_count=64526 13288 51238 13974 37264 13141 24123 11371 1823 22300 8030 371 3051 525 22235 3796 4979 2149 1545 604 1770 1494 1452 1371 518 4148 3569 18439 10364 6161
is_linear=0
shrinkage=0.03


Tree=139
num_leaves=31
num_cat=0
split_feature=27 1 27 27 5 1 28 8 22 8 8 0 19 6 16 16 1 1 27 16 5 5 16 22 8 24 6 27 6 1
split_gain=20.9339 25.783 14.4286 13.9145 14.7597 9.76748 9.3893 9.29273 8.70069 16.6767 8.12322 7.0924 12.4114 12.7596 10.0583 9.65925 9.03558 17.4982 9.82506 9.82261 9.51554 9.43745 9.14869 9.79082 8.57693 8.48401 7.52992 8.1874 9.20912 7.06251
threshold=0.032795699313282974 2.4500000476837163 1.0000000180025095e-35 1.0000000180025095e-35 -1.2499999999999998 0.15000000223517421 0.25206111371517187 43.866336822509773 1.3357129096984866 0.21014931797981265 2.4052025079727177 2.5000000000000004 -0.41466867923736567 0.84999999403953563 0.18409381061792376 0.35634753108024603 6.5499999523162851 1.8499999642372134 0.15357143431901935 0.062466830015182502 5.0499999523162851 -11.65000009536743 -0.38303315639495844 0.60799390077590953 1.0801223516464236 0.73850840330123912 32.45000076293946 0.13924731314182284 2.1499999761581425 11.250000000000002
decision_type=2 2 2 2 8 2 2 2 2 2 2 2 2 8 10 10 2 2 2 10 10 8 10 2 2 2 8 2 10 2
left_child=1 3 -3 -1 6 -6 -5 11 -7 -10 -4 12 13 14 -2 -16 17 21 19 -19 -18 -14 -20 25 -15 -24 27 28 -26 -29
right_child=7 2 10 4 5 8 -8 -9 9 -11 -12 -13 16 24 15 -17 20 18 22 -21 -22 -23 23 -25 26 -27 -28 29 -30 -31
leaf_value=-0.030139283187308779 -0.014135823869105089 0.038988344377743754 0.0093060498495169206 -0.0080938327504810077 -0.025636865557420754 -0.010858769285399457 0.039396067630502955 0.01214327891435832 0.076157598851839092 -0.003678518684238579 -0.013961443260709453 0.00057580082904113534 0.01681561986937697 0.013785623119938825 0.034815413343688845 -0.019035533358482046 -0.024805290244240132 0.024913849598478435 -0.024243370716728517 -0.0022653356968962255 -0.0039602328585003699 -0.01305923497488821 0.00036477964660296228 -0.014708803135117606 -0.0066191161136131679 0.020102525264277884 0.021053583595200195 0.00020575415296511494 0.023767675950156851 -0.015408302274956796
leaf_weight=36.883979129604995 62.703797993715852 10.029904596507548 39.458196148276329 6.1451855432242137 37.571552766021341 99.908969046082348 7.5727562755346298 57.892707863822579 2.0988540053367606 9.4623035090044123 19.280118964612484 5232.1319529111497 9.3133355975151044 66.595826807431877 7.2029948555864376 3.9252673201262951 40.877638913691044 27.841461975127459 13.670147664844988 20.190303806215525 38.081695321947336 150.756284694653 95.682004373520613 29.13685630261898 13.576398089528082 23.66129207611084 15.696692409925161 149.63691761158407 23.567928593605757 30.566279899328947
leaf_count=3051 1265 58 205 121 4458 4520 121 292 169 262 96 40837 40 529 161 118 467 148 72 110 328 4677 504 149 94 121 76 864 126 320
internal_value=-7.67368e-05 -0.00826087 0.00750204 -0.0137008 -0.00981429 -0.0125771 0.0190177 0.000283925 -0.0079864 0.0157243 0.00156292 0.000168546 -0.00241908 0.0016203 -0.00947014 0.0158172 -0.00577355 -0.00378653 0.0019066 0.0136758 -0.0149271 -0.0112274 -0.0016421 0.000587 0.00437542 0.00441256 0.00163891 0.000146789 0.0127788 -0.00251314
internal_weight=6381.12 268.412 68.7682 199.644 162.76 149.042 13.7179 6112.71 111.47 11.5612 58.7383 6054.82 822.683 373.472 73.8321 11.1283 449.211 370.252 210.182 48.0318 78.9593 160.07 162.15 148.48 299.64 119.343 233.044 217.348 37.1443 180.203
internal_count=64359 13061 359 12702 9651 9409 242 51298 4951 431 301 51006 10169 3553 1544 279 6616 5821 1104 258 795 4717 846 774 2009 625 1480 1404 220 1184
is_linear=0
shrinkage=0.03


Tree=140
num_leaves=31
num_cat=0
split_feature=11 1 15 29 20 12 22 29 25 27 25 25 20 16 11 0 27 28 1 18 12 27 21 28 20 29 17 11 12 25
split_gain=23.1566 11.9668 12.1262 14.2029 12.3794 13.047 19.8288 9.50421 7.88198 7.24128 7.49309 6.62213 6.49089 6.38534 6.36858 6.23678 11.7898 11.0369 12.5834 8.57226 8.56453 14.6287 10.8382 9.1161 10.6648 8.56282 9.0178 8.24238 8.11913 7.57757
threshold=0.25277778506278997 0.35000000894069677 -0.33779321610927576 -0.90892156958580006 0.52831572294235241 -0.78819444775581349 1.4739624857902529 -0.99983122944831837 0.10832091420888902 0.11359446868300439 0.10586830973625184 0.45700980722904211 -1.0986075997352598 0.28906710445880895 6.1312499046325692 8.5000000000000018 0.54919356107711803 0.64579916000366222 35.049999237060554 6.5250000953674325 2.3173611164093022 0.023057644255459312 0.41603989899158483 -0.99275806546211232 0.86837291717529308 -0.99761277437210072 -0.26399612426757807 0.78263890743255626 2.4645833969116215 0.16732075065374377
decision_type=2 2 2 2 2 2 2 2 2 2 2 2 2 8 2 2 2 2 2 2 2 2 2 2 2 2 2 2 2 2
left_child=-1 2 4 14 -2 -6 8 12 -7 -5 -11 15 -3 -10 -4 20 17 18 -17 -19 23 -22 25 24 29 26 -23 -24 -29 -9
right_child=1 7 3 9 5 6 -8 11 13 10 -12 -13 -14 -15 -16 16 -18 19 -20 -21 21 22 27 -25 -26 -27 -28 28 -30 -31
leaf_value=-0.019901448086309313 -0.0030684658355854492 0.0053275195499382583 -0.0053667112278619651 -0.01757014648821844 0.0025257996312324817 -0.023250951279210435 0.093636020177523233 0.0089271506804425565 0.036490833438369813 -0.024546173990496901 -0.0026676492263915746 -0.020805987009063005 -0.01607207120093445 -0.019846340843749657 0.018624977531885859 0.0046076815339713174 -0.003630292795849051 -0.021860149642747979 0.027440629014984556 -0.00035429946147657118 0.025213033511234207 -0.0071657247992105294 -0.021958516863662424 0.001271844991321379 -0.027290696157913175 -0.0054868424936282655 0.030575082487029268 -0.023232614481697882 0.0028827120131905697 -0.010391643636172948
leaf_weight=50.735787202138454 171.13418704317883 16.577910672873259 17.806710537523031 104.72229781886563 32.235272465739399 2.7905469932593432 3.0283178775571278 29.12352729588747 9.132779651321469 15.914266424253581 86.341369405854493 11.802041843533514 48.931060360744596 1.5356703670695413 20.616663105785847 947.3274059323594 236.66901844739914 16.930839248001575 21.285092383623123 239.86409903224558 16.397828295826912 9.9725772105157393 12.194709107279776 3146.5959010785446 19.558697828091681 646.52448859810829 11.389669291675089 10.031766690313814 379.5835640989244 45.588242850266397
leaf_count=5528 4384 97 268 8753 667 192 101 407 430 627 1800 51 256 80 132 5949 1004 93 102 2154 83 54 53 24455 249 3613 66 46 2104 450
internal_value=8.77909e-05 0.000251084 -0.00437484 -0.00894497 0.000743692 0.013926 0.0347962 0.000618647 0.0159967 -0.0120481 -0.0062774 0.000747809 -0.0106579 0.0273755 0.00765231 0.000795336 0.00248859 0.00367235 0.00513721 -0.00185151 0.000222746 -0.00208164 -0.00252321 0.000995409 -0.00814809 -0.00486282 0.0134239 0.00136809 0.00215254 -0.00284251
internal_weight=6382.34 6331.61 465.258 245.401 219.857 48.7226 16.4873 5866.35 13.459 206.978 102.256 5800.84 65.509 10.6685 38.4234 5789.04 1462.08 1225.41 968.612 256.795 4326.96 1086.09 1069.7 3240.87 94.2705 667.887 21.3622 401.81 389.615 74.7118
internal_count=64248 58720 17434 11580 5854 1470 803 41286 702 11180 2427 40933 353 510 400 40882 9302 8298 6051 2247 31580 6019 5936 25561 1106 3733 120 2203 2150 857
is_linear=0
shrinkage=0.03


Tree=141
num_leaves=31
num_cat=0
split_feature=1 5 1 1 3 3 12 14 15 24 29 18 1 1 20 0 29 27 27 18 16 23 3 21 5 1 5 27 13 29
split_gain=20.2185 21.4813 8.8087 19.336 11.4771 8.5825 10.9917 7.96199 7.71598 7.29557 6.85965 6.64117 11.4109 11.5608 11.0652 9.37475 14.5355 11.6296 8.84927 8.7524 7.19414 6.93013 6.92464 8.39566 10.7906 11.1811 8.31954 10.2268 6.87277 7.57865
threshold=0.15000000223517421 -0.55000001192092884 31.550000190734867 25.550000190734867 1.4243296980857851 -2.0190341472625728 -4.6826388835906974 -1.607232332229614 0.28056585788726812 1.0000000180025095e-35 -0.84313312172889698 13.585000038146974 0.45000000298023229 12.050000190734865 -1.145241320133209 4.5000000000000009 -0.9852197766304015 0.46190476417541509 0.1475806459784508 15.684999942779543 -0.22105721384286878 0.17963013797998431 0.12913323938846591 -0.3300435990095138 1.0000000180025095e-35 2.6499999761581425 -0.94999998807907093 0.060829492285847671 -2.1471436023712154 -0.29342786967754358
decision_type=2 10 2 2 2 2 2 2 2 2 2 2 2 2 2 2 2 2 2 2 10 2 2 2 10 2 8 2 2 2
left_child=1 8 3 5 -4 6 -2 -6 -1 -9 -3 28 14 15 19 18 21 -18 22 -13 -20 -17 -14 -24 25 26 -25 -28 29 -7
right_child=2 10 4 -5 7 11 -8 9 -10 -11 -12 12 13 -15 -16 16 17 -19 20 -21 -22 -23 23 24 -26 -27 27 -29 -30 -31
leaf_value=0.0010868888727809203 0.018648199117532297 0.015687363566022027 -0.0019151442346163514 -0.013867467584162768 0.032165619086544868 -0.013759526583634303 -0.0061621153555380661 0.022203558140364722 -0.014360434191795135 0.0051122344442601142 -0.023219136076604252 0.047872449911395928 -0.018443017287785475 -0.018482091330243911 -0.014001399915985204 0.027425572011259489 0.0013958657954022922 -0.015181173210025269 -0.024809799162167141 -0.014649141279057273 -0.0070439619459322462 0.0033604733099415287 -0.0067554779557045096 0.066363094390940208 0.0017290636605672165 -0.0017745408386275574 -0.018294298854968895 0.047102996039595092 0.00096224002399119342 0.0049941685421298222
leaf_weight=133.88608324155211 48.591032162308693 3.642238548025488 97.835280153900385 85.481619190424681 13.990588039159773 57.361155399121344 23.176990682259202 28.067297250032425 36.143324516713619 103.6035216152668 74.197041449137032 3.9553002351894966 15.058132399339227 31.291243687272072 94.728330228943378 26.471472196280956 652.82229948509485 39.44530700519681 25.037514491938055 2.7694568219594657 104.17409586161375 18.228500165045261 52.249457746744156 6.0023301653563976 55.947240301407874 7.8065973445773116 3.389928559772672 3.4437534641474485 4515.0974789336324 28.407793975435197
leaf_count=2778 222 101 496 515 78 288 128 142 1298 521 9093 246 524 209 5601 158 6561 195 232 193 1058 108 629 55 564 42 93 34 32102 260
internal_value=0.000105482 -0.00827735 0.000444941 0.00021371 0.00602484 0.000423038 0.0106613 0.0113345 -0.00226153 0.00889536 -0.0212227 0.000293276 -0.00175258 -0.000811909 -0.0113059 -0.000246764 0.00151318 0.000430773 -0.00498406 0.023561 -0.0106506 0.0179002 0.000142525 0.00244003 0.00871941 0.0267099 0.0429097 0.0164678 0.000801722 -0.00756209
internal_weight=6392.3 247.869 6144.43 5900.94 243.497 5815.46 71.768 145.661 170.029 131.671 77.8393 5743.69 1142.82 1041.37 101.453 1010.08 736.968 692.268 273.109 6.72476 129.212 44.7 143.897 128.839 76.5898 20.6426 12.836 6.83368 4600.87 85.7689
internal_count=64524 13270 51254 50017 1237 49502 350 741 4076 663 9194 49152 16502 10462 6040 10253 7022 6756 3231 439 1290 266 1941 1417 788 224 182 127 32650 548
is_linear=0
shrinkage=0.03


Tree=142
num_leaves=31
num_cat=0
split_feature=27 1 27 19 25 27 1 8 6 25 16 25 0 14 1 29 16 17 27 29 8 6 3 6 27 25 12 8 1 29
split_gain=22.4615 22.3038 12.9665 8.63729 9.68357 8.3586 8.28291 8.03668 7.44794 7.50107 15.9078 16.8055 6.79825 13.4492 9.02873 8.71952 12.2774 7.51415 8.36219 7.46608 9.20081 7.33569 6.91265 8.57779 8.40881 13.6869 11.1772 11.3188 10.0435 17.9694
threshold=0.032795699313282974 2.4500000476837163 1.0000000180025095e-35 0.021436670795083049 0.17543553560972217 0.017105263657867912 3.4500000476837163 43.866336822509773 1.1500000357627871 0.15896404534578326 -0.15408459305763242 0.12926075607538226 2.5000000000000004 -1.4918746352195738 0.15000000223517421 0.21652257442474368 -0.49019506573677057 0.18121452629566195 0.20483870804309848 -0.074115883558988557 32.696607589721687 4.5499999523162851 -1.7794376611709593 2.1499999761581425 0.58198922872543346 0.18630514293909076 -0.37083333730697626 3.4651839733123784 2.4500000476837163 -0.49812626838684076
decision_type=2 2 2 2 2 2 2 2 8 2 8 2 2 2 2 2 10 2 2 2 2 10 2 8 2 2 2 2 2 2
left_child=1 2 -1 4 8 -3 -7 12 -4 10 11 -10 13 15 21 17 -17 -2 -19 22 -21 -15 23 -14 28 -26 27 -27 29 -24
right_child=7 5 3 -5 -6 6 -8 -9 9 -11 -12 -13 19 14 -16 16 -18 18 -20 20 -22 -23 24 -25 25 26 -28 -29 -30 -31
leaf_value=-0.030010590069380227 -0.018218439762152094 0.018543153644356273 -0.0092757337865530618 -0.017834398761673746 -0.027169655625565812 0.012462344773651246 -0.014082715397767256 0.011068380775135524 0.0013284084192353471 -0.0028556651116755701 -0.00014368052753809614 0.089917274188997531 0.027021854367266788 -0.021341328731358071 -0.0027253311326940776 -0.0053976984221101301 0.042217048890716445 -0.0095327044184954756 0.015932049652127751 -0.0015085349232290218 0.036371635128602905 0.0073362011493657842 -0.0037610529948765492 0.0048612931778519754 0.013021097335807766 -0.018176420368520338 9.4932665285547225e-05 -0.0040205074612745069 0.0028284300347020319 0.0043276300647001392
leaf_weight=35.27570398664102 10.918637425173072 27.50373250991106 37.407792795449495 70.187794599216431 12.606414513662456 17.795131608843803 23.249384932219982 60.777967292815447 3.2382934559136629 22.006146089173853 11.492132489569487 3.8733118083328009 17.566370334476233 40.225967530626804 691.99743669107556 7.1878635878674713 12.899546877481042 16.009981298353523 36.54527018032968 1330.2144794431515 4.7973116468638173 9.4356240369379503 663.08124408824369 107.55567041411996 47.890359524637461 73.43786995857954 323.47387330234051 162.93092194199562 2123.483618311584 392.76646822644398
leaf_count=3038 84 161 2971 4824 524 87 111 307 42 906 263 98 108 2623 6937 82 137 149 216 16860 25 49 6363 471 259 323 1508 697 9699 4771
internal_value=-6.72663e-05 -0.00860792 -0.0137394 -0.0100067 -0.0038157 0.00605743 -0.00255124 0.00030259 0.000254018 0.0090443 0.0225483 0.0547148 0.000193032 -0.00233645 -0.00362469 0.00900513 0.0257311 0.00339491 0.00814154 0.00059121 -0.00134529 -0.0158554 0.00125221 0.00816208 0.00102181 -0.002209 -0.00353271 -0.00847668 0.00163989 -0.000750883
internal_weight=6397.83 264.636 196.088 160.812 90.6241 68.5482 41.0445 6133.2 78.0177 40.6099 18.6037 7.11161 6072.42 825.22 741.659 83.5613 20.0874 63.4739 52.5553 5247.2 1335.01 49.6616 3912.19 125.122 3787.06 607.733 559.843 236.369 3179.33 1055.85
internal_count=64693 13025 12666 9628 4804 359 198 51668 4280 1309 403 140 51361 10277 9609 668 219 449 365 41084 16885 2672 24199 579 23620 2787 2528 1020 20833 11134
is_linear=0
shrinkage=0.03


Tree=143
num_leaves=31
num_cat=0
split_feature=6 1 6 21 8 5 29 18 22 24 6 29 19 19 23 28 1 3 28 29 24 8 28 1 22 5 8 15 13 1
split_gain=16.9352 17.3177 9.41652 7.63411 6.89147 11.6886 10.8103 6.11562 6.52845 7.73668 10.0842 6.80521 8.12638 10.8597 13.8315 6.18891 6.3918 6.23166 6.11109 6.09659 6.006 7.06555 6.18733 5.86241 5.59809 5.59419 5.99546 7.48034 5.59108 8.40433
threshold=0.15000000223517421 0.25000000745058065 70.350002288818374 -0.74436986446380604 0.064222853630781188 -1.4499999880790708 0.31595529615879064 15.515000343322756 -1.1933117508888242 0.059647863730788238 2.7500000000000004 0.83730375766754161 0.92564383149147045 1.123424291610718 1.3953854441642763 0.41398981213569647 2.4500000476837163 0.90039527416229259 0.98049071431159984 0.21652257442474368 0.18864222615957263 0.2943375706672669 -0.95244166254997242 5.3500001430511483 1.4543924331665041 5.5499999523162851 2.2970978021621709 1.0277521610260012 0.95888337492942821 0.94999998807907116
decision_type=8 2 10 2 2 8 2 2 2 2 8 2 2 2 2 2 2 2 2 2 2 2 2 2 2 8 2 2 2 2
left_child=1 -1 4 -3 5 6 -2 28 9 15 -11 12 19 14 -14 17 -17 -9 23 24 22 -22 -21 -5 -10 -12 27 -27 -6 -30
right_child=2 3 -4 18 7 -7 -8 8 11 10 25 -13 13 -15 -16 16 -18 -19 -20 20 21 -23 -24 -25 -26 26 -28 -29 29 -31
leaf_value=-0.021915567505741428 -0.010231775957046298 -0.016324903772002741 0.021393796378459888 0.0045024337186223675 0.00011659792583159822 -0.017498138574715275 0.046623869511689398 -0.030391790358518755 -0.010655458448056218 -0.017558971506605764 0.033026229710505228 -0.0089917834201163945 0.021041744118832594 0.00066372447374284398 -0.034720720311896054 -0.017901317519197397 0.0065768207766494216 0.0026163835174152312 -0.03037536553976004 0.030005622025959845 -0.024976683716619017 0.015807761469171778 -0.0075560010213473585 -0.017426902265032181 0.017414667836044003 0.028982303846436311 -0.017290935755433483 -0.0098768840744631568 -0.0066534725332046199 0.0042416916209031133
leaf_weight=60.754079408943653 5.8649097736924869 29.228172765579075 17.678902924060822 99.331551755778491 4828.9363116947934 42.76289512263611 4.6160983704030514 27.312327716499567 97.596695083193481 17.164859700948 6.5519963875412941 81.694039381109178 46.611876276321709 158.82083932356909 3.4743342688307157 19.487408414948732 17.313811738044024 6.1073082610964766 4.4633750538341692 3.3069792618043712 3.424223657231777 31.702032594010234 48.438696710392833 11.330310687422751 5.9515187721699467 9.7637571925297468 7.6624250970780841 6.9345794771797946 70.567461419384927 586.77426719479263
leaf_count=7642 78 736 97 1962 36508 2769 66 518 1395 376 42 1650 701 2243 66 533 83 32 168 66 185 374 833 62 63 148 43 105 1510 3334
internal_value=-0.000157589 -0.00861658 0.000125581 -0.00290717 6.08571e-05 -0.0105849 0.0166888 0.000155722 -0.0027191 -0.00900184 0.000290679 -0.0011585 0.000462485 0.00453802 0.0165697 -0.0152788 -0.00651579 -0.0244589 0.000610591 -0.00400907 0.00184494 0.0112506 -0.00463214 0.0021212 -0.00889097 0.0104417 0.00330464 0.0131984 0.000470205 0.00306374
internal_weight=6361.63 205.107 6156.52 144.353 6138.84 53.2439 10.481 6085.6 599.32 118.298 48.0776 481.021 399.327 208.907 50.0862 70.2209 36.8012 33.4196 115.125 190.42 86.8719 35.1263 51.7457 110.662 103.548 30.9128 24.3608 16.6983 5486.28 657.342
internal_count=64388 10570 53818 2928 53721 2913 144 50808 9456 1880 714 7576 5926 3010 767 1166 616 550 2192 2916 1458 559 899 2024 1458 338 296 253 41352 4844
is_linear=0
shrinkage=0.03


Tree=144
num_leaves=31
num_cat=0
split_feature=8 27 29 17 29 24 23 21 28 14 18 29 1 6 20 14 18 1 14 21 3 18 5 11 17 29 6 8 23 23
split_gain=17.3466 16.2996 8.4 15.7007 9.42192 7.96984 8.6435 7.74608 16.5235 9.61285 12.617 8.65852 7.96264 7.28111 7.16797 7.33508 7.14254 8.83382 10.6758 7.97823 8.9055 8.82675 9.49858 9.66106 9.05236 7.82221 7.46191 7.25948 7.11125 8.45134
threshold=0.27370892465114599 0.045622119680047042 0.94909128546714794 -0.5794396400451659 0.98630350828170787 2.2555080652236943 0.079781055450439467 0.52927091717720043 -0.69057363271713246 -0.22693587839603421 9.6549997329711932 -0.99273797869682301 3.2500000000000004 2.0499999523162846 -0.33073620498180384 -0.51460236310958851 15.414999961853029 0.25000000745058065 -0.9273085594177245 -0.83243209123611439 -1.0434936881065366 2.2350000143051152 -3.2499999999999996 0.74722221493721019 -1.4706084132194517 -0.88620507717132557 90.500000000000014 0.38929694890975958 -1.191039979457855 -1.6227592229843137
decision_type=2 2 2 2 2 2 2 2 2 2 2 2 2 10 2 2 2 2 2 2 2 2 10 2 2 2 10 2 2 2
left_child=1 -1 7 4 -4 16 -7 11 9 10 -9 -3 -13 -10 15 -8 19 18 -18 20 25 -22 27 -24 -25 28 -21 -23 29 -2
right_child=5 2 3 -5 -6 6 14 8 13 -11 -12 12 -14 -15 -16 -17 17 -19 -20 26 21 22 23 24 -26 -27 -28 -29 -30 -31
leaf_value=-0.017377882329877435 -0.0070371570944643812 0.028071675592652934 0.079147906188766118 -0.002404799664928401 0.0090336790668119251 -0.017732695730478965 0.0044397466413425455 0.0091001470224461121 -0.012400501300566918 -0.0031327576576774679 0.064594706633025717 -0.01149576966268168 0.011216470339429499 0.012096404438308454 0.017307897582670276 -0.030481419353043215 0.037276476279857168 -0.0017964194377526582 -0.023093387174915263 0.00021494758301340497 -0.0089121002830774374 0.031388206642437647 -0.016665883428843568 -0.010771284641999035 0.0047840196301022313 -0.011531861751221187 0.027521663142296253 0.0077390540265348459 -0.0076423941223225404 0.023039068481817526
leaf_weight=91.175803791265935 12.575802346691487 4.8278928352519861 3.3197972010821131 15.961013362742959 3.356032473500818 44.291288236621767 13.548265926074235 7.5409040278755146 37.813118867110461 7.2584260124713174 7.0125264353118837 141.8259793035686 14.594912454485891 14.293631933629511 14.804219388868658 7.787463208660486 1.9992318251170242 565.52404316607863 28.619361247867346 4430.5879388893954 40.817725367844105 11.188604167196898 23.005598512478173 36.995637257583439 297.73595027718693 62.151470108889043 8.0248885303735715 379.90058172866702 28.393097469583154 22.248236638493836
leaf_count=9178 94 51 126 501 122 392 88 118 1220 271 241 5254 65 95 135 53 90 6213 2043 31429 201 186 701 257 2286 544 45 2189 168 136
internal_value=-5.46603e-05 -0.00654785 -0.00266532 0.014404 0.0496694 0.000322137 -0.00899977 -0.00436242 0.00364548 0.0249615 0.0382739 -0.00803319 -0.00931881 -0.00557941 0.00189214 -0.00910039 0.000449645 -0.00266256 -0.0180973 0.000796631 0.00334572 0.00452483 0.00526817 0.00172779 0.00303783 -0.00405801 0.000270505 0.00849396 0.00335501 0.0122846
internal_weight=6379.18 348.98 257.804 22.6368 6.67583 6030.2 80.4312 235.167 73.9186 21.8119 14.5534 161.249 156.421 52.1068 36.1399 21.3357 5949.77 596.143 30.6186 5353.63 915.013 789.644 748.826 357.737 334.732 125.369 4438.61 391.089 63.2171 34.824
internal_count=64492 17242 8064 749 248 47250 668 7315 1945 630 359 5370 5319 1315 276 141 46582 8346 2133 38236 6762 5820 5619 3244 2543 942 31474 2375 398 230
is_linear=0
shrinkage=0.03


Tree=145
num_leaves=31
num_cat=0
split_feature=27 1 27 5 3 27 19 27 5 6 29 16 14 1 29 27 1 29 19 12 8 3 19 16 11 5 18 5 29 29
split_gain=16.7081 20.2109 15.3561 14.9217 9.5871 9.25608 8.46706 7.39062 7.46007 7.37761 6.86407 7.07357 7.63779 6.38519 11.8481 11.5892 11.0573 10.3714 8.57012 8.31788 8.28233 14.3518 11.6871 10.6956 13.2482 12.7741 8.93678 9.41057 8.39197 10.9693
threshold=0.032795699313282974 2.4500000476837163 1.0000000180025095e-35 -0.35000000894069666 1.3550522327423098 1.0000000180025095e-35 -1.5792973637580869 0.015207373071461918 0.45000000298023229 0.65000000596046459 -0.99983122944831837 0.38326260447502142 -0.74351567029952992 5.2500000000000009 -0.50557503104209889 0.23763440549373629 56.149999618530281 -0.85225707292556752 -1.9232892990112302 -1.4944444298744199 0.9214996099472047 0.30047854781150823 1.4429852962493899 0.0437039751559496 0.50555557012557995 0.45000000298023229 16.23499965667725 -4.5499999523162833 0.44312302768230444 0.52583932876586925
decision_type=2 2 2 8 2 2 2 2 8 10 2 10 2 2 2 2 2 2 2 2 2 2 2 10 2 8 2 8 2 2
left_child=1 3 -3 5 9 -1 -7 -5 -9 -4 11 12 -2 20 15 17 18 -15 -16 -20 21 26 23 24 25 -23 28 -28 -12 -30
right_child=10 2 4 7 -6 6 -8 8 -10 -11 13 -13 -14 14 16 -17 -18 -19 19 -21 -22 22 -24 -25 -26 -27 27 -29 29 -31
leaf_value=-0.02680573160118117 0.007687550798223087 0.038626951062642828 0.025809074924153477 -0.027708110435990797 -0.016280786589826065 0.05600813595859281 0.0066793666534820974 -0.023055652005690572 -0.0070465864147392972 -0.0011140292891737562 -0.0029254379501371169 0.013533263269954968 -0.01844945241319745 0.019946126977758979 0.017135888883776512 -0.00018505177921416589 0.024874589608654869 0.0011724036257580153 0.0077253365733098026 -0.006813242547606106 0.0020726504456474687 0.073038490233229184 0.034809843667847777 -0.0041633200555275902 0.0068823535870436766 0.010220376173414626 0.032219608272375327 -0.011636971984129421 0.026763874364961322 0.0019056581450794521
leaf_weight=5.3380278036929694 12.182303195819257 10.284819863736628 13.737118393182753 37.584200600162148 19.474309504032135 2.6751712015830043 23.973637295886871 38.651523459237069 81.559770127758384 23.999969750642776 654.29508245410398 9.8665384482592327 46.191657059825957 49.495614595711231 14.147168591618536 1380.0212383642793 10.277828037738798 55.974058542400599 37.309937231242657 497.32789840549231 2858.3701284672134 4.7931437082588655 11.655700309202073 68.23615456186235 80.316037230193615 6.6390123106539249 3.6332092881202698 115.05799680016935 16.521799184381962 183.66905366908759
leaf_count=304 64 60 77 3405 97 57 1031 4615 3217 124 10011 53 254 238 73 6831 52 289 182 2633 19214 56 108 645 706 85 25 4460 580 5026
internal_value=8.97225e-05 -0.00738442 0.00664359 -0.0123822 0.000329194 0.00614645 0.0134779 -0.0161532 -0.0123417 0.00909982 0.00040529 -0.00898695 -0.0129572 0.000512737 -0.000850993 0.000550577 -0.00456945 0.0100873 -0.00516513 -0.00578613 0.00120928 -0.000946319 0.00702695 0.00479916 0.0114379 0.0403145 -0.00235834 -0.0100365 -0.00128133 0.00408004
internal_weight=6373.26 257.279 67.4962 189.782 57.2114 31.9868 26.6488 157.795 120.211 37.7371 6115.98 68.2405 58.374 6047.74 2044.55 1485.49 559.063 105.47 548.785 534.638 4003.19 1144.82 171.64 159.984 91.7482 11.4322 973.177 118.691 854.486 200.191
internal_count=64572 12987 358 12629 298 1392 1088 11237 7832 201 51585 371 318 51214 10298 7358 2940 527 2888 2815 40916 21702 1600 1492 847 141 20102 4485 15617 5606
is_linear=0
shrinkage=0.03


Tree=146
num_leaves=31
num_cat=0
split_feature=11 18 0 19 20 20 3 20 15 6 19 16 22 15 3 24 11 3 3 24 26 28 1 1 23 29 1 1 6 28
split_gain=21.1543 12.0307 7.48801 9.54386 11.1345 9.80771 11.9425 8.99507 11.4805 8.52445 9.65119 12.1498 7.87657 7.6234 7.22323 7.02162 6.78701 14.1138 9.62724 6.70155 10.2734 8.98813 6.66259 11.7825 9.9774 9.16511 6.66087 7.35261 7.93243 6.48062
threshold=0.28263889253139501 17.069999694824222 1.5000000000000002 -0.37326976656913752 -0.85701811313629139 -0.36180736124515528 0.30047854781150823 -0.5144171118736266 -0.2966052889823913 2.2500000000000004 -1.0162621140480039 -0.30975560843944544 0.40930554270744329 0.66315558552742015 -1.6907572150230405 0.046432970091700561 1.8763889074325564 0.12913323938846591 1.4243296980857851 0.10580212622880937 25.332500457763675 -0.69674959778785694 31.550000190734867 20.849999427795414 0.54488867521286022 -0.99864786863327015 2.9500000476837163 1.2500000000000002 10.150000095367433 0.23537775129079822
decision_type=2 2 2 2 2 2 2 2 2 10 2 10 2 2 2 2 2 2 2 2 2 2 2 2 2 2 2 2 10 2
left_child=-1 2 3 4 -2 6 7 8 12 -7 11 -11 -6 26 19 -15 17 -3 -19 20 21 -4 23 -16 -24 -25 27 28 -5 -21
right_child=1 16 14 13 5 9 -8 -9 -10 10 -12 -13 -14 15 22 -17 -18 18 -20 29 -22 -23 24 25 -26 -27 -28 -29 -30 -31
leaf_value=-0.01777814377104114 -0.0095052157319874802 -0.01193793779597257 -0.016577594294648806 -0.019034840754953517 -0.00049750285993331968 -0.0097281391667402451 -0.0011408284223361827 0.05452293480005193 -0.016438542122945703 0.022280166021138959 0.018987276914613865 -0.022421126053173809 0.049258189210535576 -0.0081632000847240704 0.00043345686104559553 0.01640615188388711 -0.010885244364376653 0.0073886750287494359 -0.030627199398038749 0.0067722787242349746 0.041287841767790462 0.014771202565355452 0.00063587129256965696 0.021101587046083833 0.013855170876284241 -0.0091590934415306056 -0.017881777264420445 0.003240820497194789 0.020434226999910782 -0.0076878418029268291
leaf_weight=59.777902472764254 62.396572316065431 73.015161810442805 9.3973991088569147 36.366521458607167 4.3019912033341843 42.393381419591606 18.841708429157734 8.1498397439718229 5.793417920824143 7.5396225899457958 30.077269595116377 14.406629391014574 7.4470007559284568 21.731040743179619 4991.9653037870303 18.464782321825624 131.77039567893371 99.09927643975243 5.3979110494256011 92.844415696337819 9.7460292838513833 40.285365048795938 140.42346251755953 8.5993225276470167 80.135239705443382 163.31502407416701 73.120651893317699 42.78182046674192 4.3928808420896521 38.751983880996704
leaf_count=6634 634 3732 60 1246 46 650 141 98 77 40 188 85 79 367 43336 265 1384 1228 29 450 46 222 692 48 406 956 550 347 20 200
internal_value=-0.000164153 6.23432e-06 0.000305348 -0.00366384 0.000929987 0.0056504 0.0170864 0.0299955 0.0162747 0.000133793 0.00820208 -0.00676231 0.0324297 -0.00834338 0.000589437 0.00324752 -0.00575338 -0.00190428 0.00515323 0.0063069 0.0145816 0.00863155 0.000385463 0.000166861 0.00547968 -0.00753214 -0.0113191 -0.0054314 -0.0143936 0.00248825
internal_weight=6342.73 6282.95 5973.67 398.205 201.347 138.951 44.534 25.6922 17.5424 94.4169 52.0235 21.9463 11.749 196.858 5575.46 40.1958 309.283 177.512 104.497 191.025 59.4288 49.6828 5384.44 5163.88 220.559 171.914 156.662 83.5412 40.7594 131.596
internal_count=64256 57622 51249 4833 2038 1404 441 300 202 963 313 125 125 2795 46416 632 6373 4989 1257 978 328 282 45438 44340 1098 1004 2163 1613 1266 650
is_linear=0
shrinkage=0.03


Tree=147
num_leaves=31
num_cat=0
split_feature=6 1 15 6 18 11 21 17 17 17 23 16 18 15 17 17 12 21 21 6 8 1 1 21 1 17 16 12 29 29
split_gain=17.8455 11.8933 9.70279 8.45012 7.91574 7.43849 6.72955 7.70261 8.54441 8.51731 11.4946 8.36434 13.271 6.54677 13.5388 8.48685 9.10497 6.33567 8.51051 8.95317 7.48158 8.38281 7.46022 6.28563 6.17846 5.7395 5.69113 5.64315 12.9364 7.00128
threshold=0.15000000223517421 0.25000000745058065 0.30645649135112768 70.350002288818374 18.474999427795414 3.4645833969116215 1.8471214771270754 0.21281939744949344 1.3653922677040102 -0.85395893454551686 0.5592712163925172 -0.14963161945343015 12.684999942779543 1.8390398025512698 0.37436771392822271 -0.38027031719684595 -3.217361211776733 0.22685261815786364 0.60925322771072399 1.8499999642372134 0.67325937747955333 4.6499998569488534 2.4500000476837163 0.42894378304481512 1.6500000357627871 1.5469057559967043 0.40841799974441534 -6.1472222805023184 -0.9852197766304015 0.79253265261650097
decision_type=8 2 2 10 2 2 2 2 2 2 2 10 2 2 2 2 2 2 2 8 2 2 2 2 2 2 10 2 2 2
left_child=1 5 6 4 13 -1 7 9 -9 -3 11 24 -13 25 15 16 -15 20 19 -19 -6 22 -22 -7 -11 -2 -4 28 -27 -29
right_child=3 2 26 -5 17 23 -8 8 -10 10 -12 12 -14 14 -16 -17 -18 18 -20 -21 21 -23 -24 -25 -26 27 -28 29 -30 -31
leaf_value=-0.023210662887226355 -3.7092907420593921e-06 -0.015299894049912447 -0.020824784851948688 0.020673133486040555 -0.022137128541063998 -0.020895271094668523 0.04059366593530607 -0.0149050989056908 0.012495757005526529 -0.017538613396475371 -0.013734705807873516 0.058411845718010447 0.0033217579217262082 -0.019454086838274959 -0.022835144406581204 0.032308422297142085 0.014889312736565125 -0.0098694787091763592 -0.0092810511396527236 0.031898608286047632 -0.010605617030502532 -0.023820023762278118 0.010463216139855361 0.039162196308772122 0.026559886586108177 -0.024216643934212544 0.0063058293028702452 0.0071285147043440543 0.0042913227166659663 -0.0065204955685039638
leaf_weight=53.956366803031415 5528.6488713552244 9.4009891725145263 35.309139842633158 17.155456379055977 32.964139044750482 1.9380019782111038 2.7468206603080025 39.491778634488583 12.863031419459729 5.3197897514328343 8.2927682967856509 9.7311939923092776 6.4147071507759383 8.1189701594412309 8.8334729950875026 17.265938384924084 28.914651847444475 6.4875980084762004 21.544391409493983 12.29361447598785 28.243891607504338 15.652605246752499 30.331311628222466 2.5951256640255451 4.2333562895655632 19.191032227128744 8.1169314244762045 277.19195530889556 48.551323567517102 37.713278361130506
leaf_count=7466 47393 230 922 95 1469 87 50 669 191 192 129 125 189 58 68 104 198 192 390 180 570 78 143 68 23 90 214 2031 249 551
internal_value=-5.16276e-05 -0.00883854 -0.00408619 0.000236612 0.000175977 -0.0201073 0.00115223 -0.000387158 -0.00806497 0.00884937 0.0157746 0.0254547 0.037995 0.00034599 0.0098795 0.0155182 0.00704659 -0.0066655 0.00340983 0.0177011 -0.0104523 -0.00503788 0.000296714 0.0143504 0.00266811 0.000242518 -0.0157259 0.00379084 -0.00401962 0.00547843
internal_weight=6339.51 200.41 141.921 6139.1 6121.95 58.4895 98.4944 95.7476 52.3548 43.3928 33.9918 25.699 16.1459 5974.43 63.133 54.2996 37.0336 147.518 40.3256 18.7812 107.192 74.2278 58.5752 4.53313 9.55315 5911.3 43.4261 382.648 67.7424 314.905
internal_count=64414 10555 2934 53859 53764 7621 1798 1748 860 888 658 529 314 50742 428 360 256 3022 762 372 2260 791 713 155 215 50314 1136 2921 339 2582
is_linear=0
shrinkage=0.03


Tree=148
num_leaves=31
num_cat=0
split_feature=1 6 25 3 3 21 20 15 13 1 15 1 1 0 3 6 0 18 3 15 6 28 15 6 24 23 16 20 15 8
split_gain=12.8872 18.2251 11.421 8.87665 11.6508 8.02396 10.6799 7.93679 7.38892 10.5402 8.89578 10.4337 15.3807 12.0433 11.499 14.0818 13.0471 13.2282 11.4801 10.6154 10.0408 9.75756 12.208 11.3396 12.9017 9.1065 8.41056 8.82299 7.54039 7.52838
threshold=0.15000000223517421 0.55000001192092907 0.15170557796955111 -0.44434191286563868 -0.71897268295288075 0.54382580518722545 0.540907382965088 0.32879470288753515 -0.60409873723983754 48.750000000000007 -0.23680526018142697 2.4500000476837163 2.8500000238418584 6.5000000000000009 -0.24941156804561612 49.649999618530281 4.5000000000000009 3.0649999380111699 -0.38236200809478754 -0.20989897102117536 2.5499999523162846 0.20180702954530719 0.7099319100379945 67.299999237060561 0.034021656960248954 -0.91846826672554005 -0.47876897454261774 0.85418021678924572 0.12468858808279039 2.1420366764068608
decision_type=2 8 2 2 2 2 2 2 2 2 2 2 2 2 2 8 2 2 2 2 8 2 2 8 2 2 10 2 2 2
left_child=1 2 -1 4 -4 6 -3 -6 9 -2 26 13 20 28 15 -14 -16 -18 -17 -15 -13 -19 23 -23 -25 -24 27 -10 29 -12
right_child=8 5 3 -5 7 -7 -8 -9 10 -11 11 12 14 19 16 18 17 21 -20 -21 -22 22 25 24 -26 -27 -28 -29 -30 -31
leaf_value=-0.025675743120005545 0.001099677529814113 -0.013655074250951195 -0.0024188024270916405 -0.021445552514210514 0.090967404386989206 0.0064525276781562746 0.0070271501722322357 -0.011679468459096964 0.014709631153759986 0.015841676704521569 -0.004586624251215656 0.015301540406395343 0.0076808989437871849 0.027978825496557367 -0.0064227645006298371 -0.0078828578515095383 -0.011262807670778219 0.003487608366575419 0.011063172826153076 0.00013109889345254438 0.002006745595844614 -0.015460476875919033 -0.0096404579210423932 -0.010529080719328586 0.0089710756242965591 0.010746376919733625 -0.0039242812920835916 -0.015991020054873756 -0.0077616583369455629 0.0089730711101485075
leaf_weight=57.032228894531727 1872.6057239142247 68.479103608988225 5.4570326418615878 5.832732580136506 1.7210003500804307 64.613262963946909 32.460296950768679 0.62738715531304468 40.443607754074037 43.700542241334915 110.57312062382698 107.17684738337994 340.40340714901686 11.610631385352461 312.58590383827686 116.18436244130135 78.13863517343998 679.67445836961269 37.207476884126663 534.35366542031989 97.600082993507385 85.039407022297382 25.683317013084888 62.6845523416996 57.678935393691063 75.641440615057945 941.94406155357137 9.6953773288987559 390.66838536132127 54.024127353448421
leaf_count=8000 13740 1836 169 778 131 1350 901 70 341 235 2291 524 1526 192 2034 501 354 3006 161 8088 487 392 114 275 253 338 7442 71 7995 522
internal_value=-0.000364925 -0.00722483 -0.0198639 0.00453372 0.024178 -0.00174263 -0.00700035 0.0682464 -9.74903e-05 0.00144395 -0.000806197 -3.14869e-05 0.00122065 -0.0023906 0.000364219 0.00428709 -0.00104449 0.000539298 -0.00324533 0.000773387 0.00900557 0.00148467 -0.00295053 -0.007143 -0.00118756 0.00553511 -0.00328451 0.00857644 -0.00549738 -0.000108749
internal_weight=6321.54 236.223 70.6704 13.6382 7.80542 165.553 100.939 2.34839 6085.32 1916.31 4169.01 3176.93 2075.7 1101.23 1870.92 493.795 1377.13 1064.54 153.392 545.964 204.777 986.402 306.728 205.403 120.363 101.325 992.083 50.139 555.266 164.597
internal_count=64117 13235 9148 1148 370 4087 2737 201 50882 13975 36907 29053 9965 19088 8954 2188 6766 4732 662 8280 1011 4378 1372 920 528 452 7854 412 10808 2813
is_linear=0
shrinkage=0.03


Tree=149
num_leaves=31
num_cat=0
split_feature=1 5 3 0 18 3 18 18 30 17 23 21 23 11 5 11 1 1 12 29 1 13 29 11 29 15 22 29 5 18
split_gain=13.7159 17.1352 9.47724 7.49152 13.749 12.4247 10.4991 9.17014 11.404 14.4215 11.6559 8.84928 8.48221 8.35247 8.06326 8.02948 7.78172 7.68914 7.65666 8.27052 8.96531 10.4249 13.5032 11.8387 10.459 14.0199 10.773 10.2545 10.0431 7.59464
threshold=0.15000000223517421 -0.55000001192092884 -1.8914836049079893 6.5000000000000009 4.3750000000000009 1.1482270359992983 9.3350000381469744 8.5349998474121112 2.5000000000000004 -0.50389420986175526 -0.87953296303749073 1.6509557366371157 -1.9827672243118284 10.45277786254883 -1.8499999642372129 1.4291666150093081 10.050000190734865 0.25000000745058065 4.2812500000000009 0.99981042742729198 2.4500000476837163 -0.73213553428649891 0.94909128546714794 4.3937499523162851 -0.70900321006774891 0.17591251432895663 0.57225173711776745 -0.63257205486297596 0.65000000596046459 11.515000343322756
decision_type=2 10 2 2 2 2 2 2 2 2 2 2 2 2 10 2 2 2 2 2 2 2 2 2 2 2 2 2 8 2
left_child=1 -1 -2 7 5 13 11 15 -9 16 -11 -6 -8 14 -5 -4 -10 -14 19 20 28 -22 23 -23 25 26 -25 -26 -19 -12
right_child=2 -3 3 4 6 -7 12 8 9 10 29 -13 17 -15 -16 -17 -18 18 -20 -21 21 22 -24 24 27 -27 -28 -29 -30 -31
leaf_value=-0.0019630435902153547 0.0088126942738022927 -0.019582606344218198 0.0095985583843862746 -0.0036536280611241651 0.0052754965194346561 0.010574895967473642 0.029522498519274139 -0.0039466525937724099 -0.0018118211870534519 0.021575826196018891 -0.0014132331448028761 -0.0085605419733109731 -0.012884587527381664 -0.0095436299385606958 0.0098600768373577254 0.00011913143142184747 -0.021039796890028304 0.0074005714251950839 -0.0053319201841511808 0.035050973619780088 0.013202403418936351 0.008016226038609334 -0.016902023787401223 -0.015142712378914668 -0.034096168349153667 0.010974104908069408 0.014144049911312014 -0.0050103485239029839 -0.0028193214707913929 0.01279065366268522
leaf_weight=169.87287007039413 111.25267417915165 69.360947928391397 84.299842580221593 251.94520494528115 865.65587613359094 52.217902936041355 8.0195902893319708 1237.7036893293262 122.98327242163941 41.719259493518621 93.489656747318804 42.823666410520673 37.533832622691989 192.65118615329266 46.162301533855498 1406.3336134981364 21.445323418825865 102.12887945398688 166.59549504518509 5.5762089858762911 90.989290535449982 251.89170499145985 30.199188284575939 43.272001162171364 11.557183772325514 92.631473898887634 14.304532274603842 87.574350893497467 537.51415547775105 51.98220161581412
leaf_count=4112 574 9181 958 1102 4664 250 65 15416 1412 480 825 263 1874 814 223 8096 160 1995 728 81 416 1190 134 187 51 412 62 383 7483 873
internal_value=-0.000100481 -0.00713173 0.000176288 1.44715e-05 0.00109816 -0.00320695 0.00207787 -0.00102365 -0.00262352 0.00231184 0.00778913 0.0046146 0.000518435 -0.00469189 -0.00153505 0.000661297 -0.00479191 0.000340455 0.00069529 0.00149098 0.00131506 0.00387546 0.00225674 0.00344241 -0.00119178 0.00379339 -0.00774935 -0.00870795 -0.00117855 0.00371499
internal_weight=6341.69 239.234 6102.45 5991.2 2931.24 542.977 2388.27 3059.96 1569.32 331.62 187.191 908.48 1479.79 490.759 298.108 1490.63 144.429 1471.77 1434.23 1267.64 1262.06 622.42 531.43 501.231 249.34 150.208 57.5765 99.1315 639.643 145.472
internal_count=64464 13293 51171 50597 22377 2389 19988 28220 19166 3750 2178 4927 15061 2139 1325 9054 1572 14996 13122 12394 12313 2835 2419 2285 1095 661 249 434 9478 1698
is_linear=0
shrinkage=0.03


Tree=150
num_leaves=31
num_cat=0
split_feature=6 2 21 18 22 14 2 5 12 15 3 15 18 20 17 3 20 3 29 29 12 19 3 8 27 2 24 19 5 6
split_gain=14.8215 16.7744 10.672 9.01012 8.56213 9.69279 8.11134 14.5987 12.03 9.07831 8.02484 7.21452 12.5058 7.86357 8.56248 7.77926 6.99355 9.84348 8.82232 9.24998 8.44611 9.61723 8.49584 8.44498 7.97474 10.2389 10.1853 7.97817 7.58177 7.39588
threshold=0.15000000223517421 0.13881587237119677 0.52123722434043895 14.784999847412111 -0.57819834351539601 1.6047952175140383 0.43773436546325689 -3.4500000476837154 -3.8708332777023311 -0.098551891744136796 -0.089264634996652589 0.28056585788726812 14.644999980926515 -0.010570854879915713 1.4417915344238283 -0.78783258795738209 0.51848381757736217 -1.0000000180025095e-35 -0.99938741326332081 -0.92921787500381459 0.33541667461395269 0.94793397188186657 1.3550522327423098 11.013401031494142 0.51639783382415783 2.3369747400283818 0.32178457081317907 0.0082878847606480139 0.45000000298023229 90.500000000000014
decision_type=8 2 2 2 2 2 2 8 2 2 2 2 2 2 2 2 2 2 2 2 2 2 2 2 2 2 2 2 10 10
left_child=1 -1 -3 16 -5 6 7 -6 9 -8 -10 12 13 15 -15 -4 29 18 -18 23 -19 22 -22 -20 26 -26 -21 -28 -29 -2
right_child=3 2 11 4 5 -7 8 -9 10 -11 -12 -13 -14 14 -16 -17 17 20 19 24 21 -23 -24 -25 25 -27 27 28 -30 -31
leaf_value=-0.02484855964072346 6.1654729952768562e-05 -0.0089538556033291819 0.045209042035854269 -0.0065104951976584589 0.032053777905593363 0.019318530028262476 -0.0071353099085118259 -0.015044496010417853 -0.010355150096451838 0.034818463409018924 0.0013408267168825874 -0.019431019962453947 0.059194518847646274 -0.022797301446341865 0.021330796101499374 0.0068945582648535014 -0.019104122179107032 -0.0051521088664760366 0.0072346001309057844 0.0011620499642425396 0.0064079478941457997 -0.0075887504296946497 -0.0052824552767498671 0.021425361146073085 -0.005552854313329008 0.018773112986253667 0.017220822655764516 -0.0015316921960964452 0.024971094825623128 0.029981192894743672
leaf_weight=41.013081969693303 3902.2845239909366 103.15299731027335 5.6342209046706584 311.69233331782743 5.6111141256988049 21.017984563019127 6.2282931227237013 60.936955519486219 62.74118687491864 14.346842732280491 306.59635019302368 6.687734799925237 3.5872350982390335 11.434718126431109 4.8918986511416724 18.703822244890034 12.758657589554785 209.19514237344265 222.65636607538909 224.58697796892375 293.11643095966429 74.400587817654014 68.287229288369417 45.079160986468196 138.57315808534622 16.545403651893139 85.270489110145718 53.810262841638178 10.829011885449288 6.4499208927154532
leaf_count=6068 29938 3200 52 5346 47 410 56 3842 722 119 2749 296 175 225 77 459 64 1508 1267 2755 1757 397 373 215 665 83 964 575 68 37
internal_value=8.06467e-05 -0.00803852 -0.00343302 0.000339362 -0.00265153 -0.000124107 -0.00105963 -0.0106576 0.00060157 0.0223766 -0.000668623 0.00770386 0.0121435 0.00667176 -0.00910732 0.0171985 0.000779818 0.00255447 0.00475405 0.00515926 -0.000211252 0.00216683 0.00419056 0.00969476 0.00285249 -0.00285455 0.00521768 0.0112457 0.0032211 0.000118682
internal_weight=6348.12 195.106 154.093 6153.01 789.171 477.479 456.461 66.5481 389.913 20.5751 369.338 50.9396 44.2519 40.6647 16.3266 24.338 5363.84 1455.11 810.109 797.351 644.999 435.804 361.404 267.736 529.615 155.119 374.497 149.91 64.6393 3908.73
internal_count=64509 10552 4484 53957 13291 7945 7535 3889 3646 175 3471 1284 988 813 302 511 40666 10691 6656 6592 4035 2527 2130 1482 5110 748 4362 1607 643 29975
is_linear=0
shrinkage=0.03


Tree=151
num_leaves=31
num_cat=0
split_feature=11 6 8 22 29 14 27 29 15 29 3 6 18 19 18 28 19 6 3 29 14 11 8 13 15 22 0 27 25 29
split_gain=14.2436 10.1041 8.76622 10.1182 7.75656 8.78525 7.53573 7.52222 13.5424 14.4086 10.5757 8.28547 9.75717 7.92834 17.0496 7.62867 8.37625 7.34168 7.20231 7.07422 10.294 9.77857 7.94128 6.83292 10.5253 6.61285 6.61051 7.62549 12.1731 12.1742
threshold=0.27083334326744085 1.4499999880790713 0.33393259346485143 2.0350886583328252 -0.99983122944831837 -0.9273085594177245 0.030414746142923835 0.44312302768230444 -0.32932367920875544 0.53312596678733837 -0.055551679804921143 5.1499998569488534 14.744999885559084 -1.0653740167617796 8.7750000953674334 0.39827039837837225 -0.17099989950656888 1.4499999880790713 0.25436277687549597 -0.26037105917930597 0.35293316841125494 2.2645833492279057 0.28575892746448522 -0.15440560877323148 0.18430966883897784 0.80816587805747997 5.5000000000000009 0.47850877046585089 0.28661148250103002 -0.50557503104209889
decision_type=2 10 2 2 2 2 2 2 2 2 2 8 2 2 2 2 2 10 2 2 2 2 2 2 2 2 2 2 2 2
left_child=1 -1 3 6 5 -4 -2 11 9 10 -9 18 15 14 -11 16 25 -10 -8 20 -14 -22 -21 -18 -25 -13 -6 -28 29 -29
right_child=2 -3 4 -5 26 -7 7 8 17 13 -12 12 19 -15 -16 -17 23 -19 -20 22 21 -23 -24 24 -26 -27 27 28 -30 -31
leaf_value=-0.020114412550043946 -0.016602229889386255 0.017937636906688859 0.014703088197275855 0.027288742326853476 -0.00035951644888788145 -0.014011025144850536 -0.013176307695982952 0.077322200301425073 -0.011251693430299473 -0.0062579203632164163 -0.0023847018253553239 0.02052897048667239 -0.010171308929144146 -0.0011773408402577042 0.061048491551451332 -0.015291696251884607 -0.034507199320409632 0.018102707662801747 0.020100416636656446 -0.0071284700327913716 0.078555903997437906 0.0083450744051780656 0.046032547408099429 0.023767915175641911 -0.017604444283332014 -0.0099382841237361953 0.002613345630314407 0.0069895485829150374 -0.0027669033366346475 -0.0070032080575161554
leaf_weight=45.6919468883425 41.298785537015647 6.464833687990903 10.652446372434495 8.154427661560474 2397.8865809780546 56.660272161476314 114.55764462053776 4.2171871587634087 44.58901201793924 6.5412262603640539 2.0197207988239816 22.735866363160316 3.0481217605993169 26.381922028493136 5.6705902819521725 37.254873742349446 6.4991618972271707 8.2863348200917226 5.2988336430862537 13.406769107095895 3.883572238497436 3.2302626632153988 2.0701500549912444 8.2244520457461494 12.83818390779197 8.0922332331538183 2414.8997537246905 273.40995319932699 688.42763388156891 69.432906556874514
leaf_count=6068 4054 114 58 187 20609 307 4519 187 2558 180 61 214 52 801 175 604 56 124 92 464 78 39 50 79 135 71 18101 1204 2987 319
internal_value=0.000315191 -0.0151491 0.000445609 -0.00391504 0.00073266 -0.00931821 -0.00465423 -0.00315343 0.00384127 0.0157973 0.0547476 -0.00599173 -0.000448332 0.00827907 0.0272511 -0.00487572 0.00191563 -0.00640081 -0.011551 0.0156309 0.0338436 0.0516322 0.00234441 -0.00991333 -0.00110447 0.0124705 0.000850002 0.00169146 -0.00046774 0.00414359
internal_weight=6351.83 52.1568 6299.67 388.299 5911.37 67.3127 380.145 338.846 97.706 44.8306 6.23691 241.14 121.284 38.5937 12.2118 95.6448 58.3899 52.8753 119.856 25.6389 10.162 7.11383 15.4769 27.5618 21.0626 30.8281 5844.06 3446.17 1031.27 342.843
internal_count=64547 6182 58365 14780 43585 365 14593 10539 4086 1404 248 6453 1842 1156 355 1159 555 2682 4611 683 169 117 514 270 214 285 43220 22611 4510 1523
is_linear=0
shrinkage=0.03


Tree=152
num_leaves=31
num_cat=0
split_feature=27 2 27 27 5 0 27 5 21 3 12 18 28 12 13 8 18 15 25 22 18 14 15 23 28 22 2 25 25 12
split_gain=11.1195 20.8203 14.7917 13.1237 10.4435 9.38289 11.4223 14.08 12.4272 11.034 9.51366 11.1319 9.14728 8.43132 11.7232 8.49792 8.40666 12.8449 7.99507 7.86283 7.52429 9.36315 9.3579 8.19117 12.399 7.51432 7.45428 7.38344 7.37883 8.78582
threshold=0.032795699313282974 1.2382691502571108 1.0000000180025095e-35 1.0000000180025095e-35 -1.2499999999999998 6.5000000000000009 0.47850877046585089 18.349999427795414 -0.49774484336376185 -1.6119829416275022 0.45277777314186102 3.4300000667572026 -0.72696319222450245 4.2812500000000009 0.48203437030315405 1.3946222066879275 11.324999809265138 0.070605494081974043 0.22901142388582232 0.73786553740501415 8.5349998474121112 -1.5759938359260557 0.77559402585029613 -0.4214071780443191 0.0655368957668543 0.60799390077590953 3.612267374992371 0.16435411572456363 0.34239405393600469 -1.2236111164093015
decision_type=2 2 2 2 8 2 2 10 2 2 2 2 2 2 2 2 2 2 2 2 2 2 2 2 2 2 2 2 2 2
left_child=1 2 -1 -3 25 20 10 8 26 -10 -7 12 -12 14 27 -16 17 -11 -17 -14 22 23 28 24 -22 -4 -8 -13 -2 -30
right_child=5 3 4 -5 -6 6 7 -9 9 16 11 13 19 -15 15 18 -18 -19 -20 -21 21 -23 -24 -25 -26 -27 -28 -29 29 -31
leaf_value=-0.029943151778643977 -0.00041873391343634649 0.037535369910843712 -0.0022293557849583749 0.0020500709280411632 -0.010068449539321856 0.0010802604706399903 0.0025424136031200733 0.028205689953274198 0.0081346885893708101 -0.0079061844766279213 0.032941454472755018 0.027797826521255547 0.022800150463691125 -0.00050216125752939027 0.0091962792275307337 -0.017621449715615245 -0.018695956080728406 0.0020788214073856185 0.00021712902686672029 -0.0094424190291708173 0.058263103924450034 -0.0028733460161351073 0.0096616043183921016 0.0023892660532591516 0.0051330409996793664 0.039877277821143739 0.024590383645295463 0.0086845416905723741 -0.0016189242640610242 0.024272087846511123
leaf_weight=31.364217211026698 1459.1950991433114 10.187046527862547 8.5811115438118559 58.914149232208729 136.76680910773575 1286.9512225687504 216.25662952661514 13.156875930726526 58.067692808806896 335.49961951375008 22.063986353576183 18.628984954208136 12.362822785973551 222.52953225374222 60.589795049279928 30.042237404733896 39.489373862743378 176.3777030557394 83.179262459278107 13.039821811020373 5.7694851891137651 1494.7678227112629 94.090074702166021 47.07521895179525 10.025650276336817 5.7270346460863939 13.773864313960074 307.59693635255098 22.821730207651854 23.158183909952641
leaf_count=3004 9013 62 171 305 9324 12916 934 66 245 1434 94 125 53 953 437 140 182 759 369 55 61 20546 582 459 106 72 66 1610 103 109
internal_value=-3.51949e-05 -0.00620317 -0.0114986 0.00774221 -0.00749763 0.000221533 0.00145023 -0.00146813 -0.00196621 -0.00420714 0.00266002 0.00529543 0.019227 0.00435493 0.00651315 0.000215464 -0.0055193 -0.0044683 -0.004629 0.00651846 -0.000911014 -0.00239439 0.000534345 0.00885968 0.0268534 0.0161284 0.00396333 0.00985761 -4.22456e-05 0.0116604
internal_weight=6318.05 251.54 182.439 69.1012 151.075 6066.51 2909.61 852.622 839.465 609.434 2056.98 770.033 47.4666 722.567 500.037 173.811 551.367 511.877 113.221 25.4026 3156.9 1557.64 1599.27 62.8704 15.7951 14.3081 230.03 326.226 1505.18 45.9799
internal_count=64355 12938 12571 367 9567 51417 20438 3686 3620 2620 16752 3836 202 3634 2681 946 2375 2193 509 108 30979 21172 9807 626 167 243 1000 1735 9225 212
is_linear=0
shrinkage=0.03


Tree=153
num_leaves=31
num_cat=0
split_feature=11 15 18 3 22 11 25 12 13 16 25 6 12 6 13 12 16 3 1 8 6 28 12 25 14 18 18 1 1 24
split_gain=13.2114 8.22034 7.74469 7.60453 7.84448 7.39894 7.24645 6.18332 6.13945 8.82098 11.8235 7.58289 9.03751 7.43714 7.96506 7.974 7.58953 7.43221 7.39678 11.0713 9.40461 11.6782 9.22775 8.7299 7.43238 7.29242 9.81453 7.13049 9.6582 8.62395
threshold=0.34097222983837133 -1.2748406529426572 17.069999694824222 0.089978020638227477 -1.1933117508888242 3.029166698455811 0.1641858518123627 0.040972223505377776 0.95888337492942821 0.2339352145791054 0.45700980722904211 0.15000000223517421 6.9590277671813974 26.650000572204593 -1.7489507794380186 -5.3472220897674552 -0.0031653305049985643 0.57838517427444469 1.8499999642372134 8.6739072799682635 0.55000001192092907 -0.99054482579231251 -0.39444445073604578 0.13006585836410525 1.0253497362136843 9.1449999809265154 10.355000019073488 7.0499999523162851 44.549999237060554 2.0793194770812993
decision_type=2 2 2 2 2 2 2 2 2 10 2 10 2 10 2 2 10 2 2 2 8 2 2 2 2 2 2 2 2 2
left_child=1 6 8 -4 5 -5 -1 -3 9 10 13 12 -11 27 -15 -16 -17 25 20 23 -10 22 -22 -20 -23 -13 -27 29 -29 -2
right_child=2 7 3 4 -6 -7 -8 -9 18 11 -12 17 -14 14 15 16 -18 -19 19 -21 21 24 -24 -25 -26 26 -28 28 -30 -31
leaf_value=0.041775200154211246 0.0017047708842938421 -0.020943492934891259 -0.010507356069247116 -0.0021465138981931631 0.0028944105317878612 -0.026253920947593705 -0.015505572486222568 -0.0046145236067323698 -0.019799296715637169 -0.00076867697002122224 -0.031666208112129605 0.00061965537900350901 0.013990901708591533 0.026092746124163062 0.023787234246057842 -0.0043784043721295718 0.01238106907792281 -0.011347774283193085 0.020344065959903835 -0.003565056799670248 0.0042464641839049166 0.013147167433671062 0.059112651356348751 0.0056027204573533395 -0.0049899797426403792 -0.020742596830484562 -0.0036898018062406796 -0.0021849106328885441 0.01087767065243209 -0.0068654289088766517
leaf_weight=3.8563590119592837 3036.199930167757 45.675411251373589 110.0233121663332 31.948622043710202 143.76470378693193 17.041771995835006 2.6661523152142763 39.043018600903451 22.709072580561042 310.66456137411296 9.0386461019515973 241.91112516494468 41.425057597458363 17.567336283624172 16.236936569213867 66.006411969661713 37.198054373264313 116.04378689266741 38.774405524134636 113.08917145803571 6.2062927894294262 23.634212129749358 4.2227622931823117 424.3293606415391 115.83865678636357 37.691555106081069 144.37203466054052 955.84174055233598 52.821792751550674 108.51181591814384
leaf_count=205 28370 6468 4122 327 1398 94 114 2215 1280 3079 39 1435 184 88 72 324 178 707 238 583 115 303 66 2089 1774 333 1966 5082 270 1047
internal_value=0.0002529 -0.0110178 0.000419356 -0.00425292 -0.000647123 -0.0108899 0.0194123 -0.0135598 0.000658178 0.000291622 0.000855005 -0.00242146 0.00100257 0.000930881 0.00778243 0.00489508 0.00172307 -0.00465164 0.00319577 0.00482584 -0.00224204 0.00053134 0.0296903 0.00687815 -0.00184486 -0.00279649 -0.00731417 0.000703048 -0.00149075 0.00140696
internal_weight=6334.35 91.2409 6243.11 302.778 192.755 48.9904 6.52251 84.7184 5940.33 5191.53 4299.42 892.108 352.09 4290.38 137.009 119.441 103.204 540.019 748.804 576.193 172.611 149.902 10.4291 463.104 139.473 423.975 182.064 4153.38 1008.66 3144.71
internal_count=64565 9002 55563 5941 1819 421 319 8683 49622 43174 35470 7704 3263 35431 662 574 502 4441 6448 2910 3538 2258 181 2327 2077 3734 2299 34769 5352 29417
is_linear=0
shrinkage=0.03


Tree=154
num_leaves=31
num_cat=0
split_feature=11 6 18 2 6 11 18 21 21 11 16 13 2 27 2 11 22 23 19 8 6 11 3 18 14 0 8 14 14 2
split_gain=13.0403 9.76044 9.25828 9.80501 15.8532 9.24172 7.46314 6.57815 10.917 7.07082 6.81109 7.28794 6.46171 5.99555 20.4375 7.27351 15.9532 11.2159 9.85363 10.0583 15.3292 8.57271 8.13285 7.60209 11.1144 8.81866 7.59307 6.66821 10.3706 8.52238
threshold=0.28263889253139501 0.55000001192092907 15.855000019073488 0.3709686696529389 3.2500000000000004 1.1291666626930239 6.9349999427795419 0.25197765231132513 0.4837146401405335 0.84097221493721019 0.029942267574369911 0.99910274147987377 1.2088489532470705 0.015207373071461918 1.2382691502571108 0.57638889551162731 1.4739624857902529 -1.3627728819847105 -0.13542209565639493 0.53995364904403698 0.15000000223517421 0.4118055552244187 0.5935654640197755 15.305000305175783 0.31050634384155279 5.5000000000000009 1.1965177059173586 0.802685707807541 0.73085099458694469 2.7819153070449834
decision_type=2 10 2 2 10 2 2 2 2 2 8 2 2 2 2 2 2 2 2 2 10 2 2 2 2 2 2 2 2 2
left_child=1 -1 13 4 -4 7 -3 9 -9 -5 -11 -12 -13 14 -2 16 17 21 19 20 -18 -15 -21 -19 25 -25 -26 28 -17 -29
right_child=2 6 3 5 -6 -7 -8 8 -10 10 11 12 -14 15 -16 27 18 23 -20 22 -22 -23 -24 24 26 -27 -28 29 -30 -31
leaf_value=-0.022263342547073701 -0.026501688894751831 0.055487988807082354 -0.018845383449682968 -0.0063809677550066531 0.03181110742951148 -0.0050123768188581235 -0.0025628934014018793 0.036636053528292897 0.0036189820727471609 -0.0059111527439867431 0.040414434229580756 -0.017633941756229173 0.024108223267262398 -0.0083706379562715101 0.022497289478189617 -0.00015683159728368607 -0.0044948494748027496 -0.0012189292123787334 0.078502878527607789 -0.020852638708909372 0.074584596422030469 0.049812164892787614 0.028930414407494304 0.0058829844299348377 -0.020687472329673069 0.091574833407563783 0.042548231767492756 0.0035599504611515042 -0.010793750274333323 -0.0056953058763485843
leaf_weight=40.03488903795369 24.588433803291991 1.3140303697437037 62.108656932367012 58.999281736090779 5.1950001753866664 333.6541163334623 13.842542133294044 12.294257679022847 28.789130083285272 13.073407674208282 8.7090051807463187 5.3853561971336585 6.0423412248492241 2.895166324451564 10.055364556610582 4571.0852741119452 3.4949720599688643 134.72664400469512 2.3991015595383933 6.0830631977878493 4.5206843633204699 6.5635792477987707 4.0655857361853123 1.9470562078058704 4.6790168760344386 1.9251748886890707 1.4462187197059391 778.6365651357919 83.0097198439762 100.25321798399091
leaf_count=6001 1724 17 5081 1151 45 2883 600 193 423 163 109 131 30 150 63 32565 165 4866 68 132 118 171 28 90 260 79 24 5899 625 536
internal_value=-0.000262312 -0.0146501 -0.000133484 -0.00390709 -0.0145269 -0.00234864 0.00559283 0.00430682 0.0141352 -0.000176809 0.0107095 0.0212693 0.00460096 0.000218219 -0.0120476 0.000294765 0.00630319 0.00290315 0.0304795 0.0203713 0.0434304 0.0329058 -0.000103247 0.000729917 0.0247155 0.0585378 -0.00188095 0.000103898 -0.000348828 0.00249895
internal_weight=6331.82 55.1915 6276.63 534.251 67.3037 466.947 15.1566 133.293 41.0834 92.2094 33.2101 20.1367 11.4277 5742.37 34.6438 5707.73 174.746 154.183 20.5634 18.1643 8.01566 9.45875 10.1486 144.724 9.99747 3.87223 6.12524 5532.98 4654.09 878.89
internal_count=64390 6618 57772 10209 5126 5083 617 2200 616 1584 433 270 161 47563 1787 45776 6151 5640 511 443 283 321 160 5319 453 169 284 39625 33190 6435
is_linear=0
shrinkage=0.03


Tree=155
num_leaves=31
num_cat=0
split_feature=11 5 16 13 22 28 17 15 29 3 21 13 20 5 8 3 2 12 8 17 21 27 21 26 2 27 27 29 5 27
split_gain=13.3496 6.45614 6.69475 7.83185 6.18037 8.49384 10.1251 6.77821 6.6736 6.8335 5.63719 8.50288 6.8463 5.44913 5.42983 8.82533 7.59204 9.78613 7.57533 6.39003 8.10304 7.67127 6.47801 8.78368 6.33194 23.515 16.3842 15.5259 23.1096 16.571
threshold=0.25277778506278997 -0.74999999999999989 0.071787945926189436 -0.3486305028200149 2.1915444135665898 0.74443450570106517 0.024460226297378544 -0.85934928059577931 -0.99983122944831837 -1.341171860694885 0.20460628718137744 0.35236898064613348 -1.145241320133209 3.2500000000000004 28.640341758728031 1.8003689050674441 2.9932260513305669 4.2812500000000009 20.306443214416507 0.24760092794895175 0.11128447204828264 0.66397851705551159 -0.088844828307628618 29.70999908447266 1.2382691502571108 1.0000000180025095e-35 0.023057644255459312 -0.49812626838684076 -0.45000000298023218 0.50806450843811046
decision_type=2 8 10 2 2 2 2 2 2 2 2 2 2 8 2 2 2 2 2 2 2 2 2 2 2 2 2 2 8 2
left_child=1 2 -1 -4 8 6 -6 -8 9 -2 11 -11 -12 -9 16 -16 18 -18 24 20 22 -22 23 -19 25 -10 -26 29 -29 -27
right_child=4 -3 3 -5 5 -7 7 13 14 10 12 -13 -14 -15 15 -17 17 19 -20 -21 21 -23 -24 -25 26 27 -28 28 -30 -31
leaf_value=-0.014196952448985046 -0.033797874885752144 -0.021922091650355739 0.074429741243064354 -0.0035679333465780203 0.032459055796214387 0.029844239749045709 0.0078325635582181356 0.00038743169875621477 -0.029722482452457337 0.022381178920526195 0.0067994484264657443 -0.011180290241058525 -0.021807179964368276 -0.030962661017652646 0.0019243277089876368 0.017414064333975712 -0.023008878386644293 -0.0053920089972247665 -0.0082878904949713634 -0.0071708303073040602 0.011972948013960037 -0.010994660107264553 -0.020047285786798059 0.020053804705425057 0.022287400898499791 -0.0055851018161531315 0.0011543613192697953 0.0075423632859199967 -0.00090775500673418406 0.0039439655288255673
leaf_weight=5.401969326194374 7.8740386497229329 34.761235490674153 1.1855382462963464 2.2822961560450494 8.1115602841600758 13.300212935544549 25.240872799884524 9.8785053817555326 23.830513449618593 12.171246273443105 10.256765425205229 13.131126396358011 23.748849004507065 9.0331220626831072 166.75929979048669 40.404952518641949 22.046926774084568 69.790198378264904 88.661547346040606 160.98202039301395 69.630343269556761 15.235863287001846 18.971282627433538 13.756038397550581 32.37425871938467 709.21168035781011 3125.7579101845622 416.07072501257062 965.1719408268109 212.86726254969835
leaf_count=174 46 5321 23 113 53 141 168 71 2014 66 60 71 125 51 807 224 128 424 445 908 388 86 108 60 187 7829 14711 5736 22666 1161
internal_value=0.000129895 -0.0162195 0.0060862 0.0337877 0.00024597 0.00933876 0.00365816 -0.00223474 0.000148618 -0.00918554 -0.00541164 0.00520097 -0.0132311 -0.0153899 0.000252035 0.00501456 8.52423e-05 -0.00406782 0.000361911 -0.00280668 0.000960746 0.00776959 -0.00469637 -0.00101467 0.000503208 -0.000684016 0.00137798 -0.000370811 0.00164128 -0.00338337
internal_weight=6327.9 43.631 8.8698 3.46783 6284.27 65.5643 52.2641 44.1525 6218.7 67.182 59.308 25.3024 34.0056 18.9116 6151.52 207.164 5944.36 370.413 5573.95 348.366 187.384 84.8662 102.518 83.5462 5485.28 2327.15 3158.13 2303.32 1381.24 922.079
internal_count=64365 5631 310 136 58734 484 343 290 58250 368 322 137 185 122 57882 1031 56851 2102 54749 1974 1066 474 592 484 54304 39406 14898 37392 28402 8990
is_linear=0
shrinkage=0.03


Tree=156
num_leaves=31
num_cat=0
split_feature=27 3 19 22 27 14 17 5 23 29 20 8 17 13 0 16 5 27 1 15 27 1 1 3 23 23 29 14 29 12
split_gain=12.4486 14.5932 10.6949 7.58682 6.97189 6.85994 6.64487 6.35299 6.20839 5.60093 6.82919 6.5296 6.72239 6.1329 5.19117 9.49349 8.95416 9.24618 12.6978 11.7517 11.3459 9.08362 9.41946 11.5166 8.74533 8.68781 8.22093 8.03501 9.55128 10.6163
threshold=0.032795699313282974 0.37655246257781988 -0.92409268021583546 0.064804341644048705 0.015207373071461918 0.70596134662628185 0.73046040534973156 -0.25000000745058054 -1.1611897349357603 -0.99983122944831837 -1.0986075997352598 43.866336822509773 0.12717652320861819 -0.10063444450497626 6.5000000000000009 0.26295806467533117 -3.0499999523162837 0.45080643892288214 2.4500000476837163 -0.39517623186111445 0.11973684281110765 2.4500000476837163 4.3500001430511483 -0.57478433847427357 -1.8179634213447569 -1.7403013706207273 -0.26037105917930597 -0.42470249533653254 -0.96234029531478871 -4.2472221851348868
decision_type=2 2 2 2 2 2 2 8 2 2 2 2 2 2 2 8 10 2 2 2 2 2 2 2 2 2 2 2 2 2
left_child=1 2 4 -3 -1 8 7 -6 -5 10 -2 14 -13 -12 15 -11 17 18 24 21 -20 -19 -23 -24 -16 -22 -25 -27 -29 -30
right_child=9 3 -4 5 6 -7 -8 -9 -10 11 13 12 -14 -15 16 -17 -18 19 20 -21 25 22 23 26 -26 27 -28 28 29 -31
leaf_value=-0.025921143814657616 0.0063907453749723377 -0.0071638417635047618 -0.019884450825385199 0.023228571067484705 0.070029004874001863 0.036339985021164416 -0.0019503711717969272 0.009971644817540112 -0.00066505557471609872 0.00025638951526105332 -0.027645330481004923 -0.0020202930974570592 0.019347900096915824 -0.0057588662892957112 0.029715134202820886 -0.0038665216646479959 0.0048533109235357613 0.0029185828903122734 0.012713682302510701 0.00056824062026634091 -0.021467272379625545 -0.02130826872909029 0.015681745007357525 -0.011547361365915887 -0.0014723962283077891 0.007774499238240304 0.0088815892842281467 0.012725613984222084 -0.012520681861566416 0.0013593579887684149
leaf_weight=5.4014411820098784 20.043261861428618 65.126313826069236 83.609924008371308 11.111876035109161 1.6730974866077302 5.5416358076035968 14.893278266303239 4.9290523650124696 50.723184200935066 2448.2752128145657 17.848584824241698 22.043180704116821 31.574592866003513 31.486108314245939 7.1834694771096101 631.46480765007436 494.01860989211127 64.781314507126808 120.90248693525791 504.64480375498533 12.037330955266951 49.007951453328133 17.976870700716972 142.95392144471407 733.72112165857106 236.38308378309011 19.473033890128136 54.61390233039856 56.211547613143921 371.57685130089521
leaf_count=563 122 849 9370 123 95 75 910 397 585 23575 95 113 165 167 76 6923 4294 274 587 2175 52 205 73 612 8782 1029 81 241 254 1637
internal_value=-3.39087e-06 -0.00664764 -0.0146452 8.20002e-05 0.00177032 0.00708817 0.00957168 0.0324009 0.00393002 0.000262861 -0.00815136 0.000361188 0.0106869 -0.014069 0.0002666 -0.000589946 0.0011807 0.000420314 0.00174113 -0.00221186 0.00423741 -0.00696649 -0.00975839 -0.00652061 -0.00113037 0.0028197 -0.00905882 0.00325568 0.00102991 -0.000489431
internal_weight=6331.23 243.01 110.507 132.503 26.8969 67.3767 21.4954 6.60215 61.8351 6088.22 69.378 6018.84 53.6178 49.3347 5965.23 3079.74 2885.49 2391.47 1592.63 798.838 851.725 294.193 229.412 180.404 740.905 730.823 162.427 718.785 482.402 427.788
internal_count=64499 12967 11335 1632 1965 783 1402 492 708 51532 384 51148 278 262 50870 30498 20372 16078 12658 3420 3800 1245 971 766 8858 3213 693 3161 2132 1891
is_linear=0
shrinkage=0.03


Tree=157
num_leaves=31
num_cat=0
split_feature=8 15 6 3 6 0 6 13 16 13 24 6 12 23 3 22 1 1 17 6 24 17 14 24 12 25 19 23 0 18
split_gain=12.8539 17.5827 12.2925 8.78858 7.78082 6.76862 8.67432 8.49006 6.68868 6.86326 6.61403 8.19192 9.31653 6.48588 7.33534 6.93783 7.07134 12.4979 6.67481 6.42783 5.8494 5.84007 7.41579 7.08219 5.68904 5.66473 6.27989 8.62687 6.401 7.31014
threshold=0.25811813771724706 -0.80908161401748646 2.4500000476837163 0.57838517427444469 1.3499999642372134 1.5000000000000002 20.250000000000004 -2.2851428985595699 -0.56763204932212818 -2.2851428985595699 0.54058021306991588 0.35000000894069677 -3.0354166030883785 -0.90821215510368336 -1.2706387042999265 1.6412529945373537 3.1499999761581425 1.9499999880790713 1.1388231515884402 9.5500001907348651 0.67889457941055309 0.30720803141593939 0.367068961262703 0.93050891160964977 -2.8708332777023311 0.12134459242224695 -0.82755556702613819 -1.3627728819847105 9.5000000000000018 7.3450000286102304
decision_type=2 2 8 2 10 2 10 2 10 2 2 8 2 2 2 2 2 2 2 10 2 2 2 2 2 2 2 2 2 2
left_child=1 4 3 -3 8 6 7 -2 -1 -10 11 12 -11 14 -9 16 17 19 -17 -15 -6 -18 23 -23 -16 -4 -27 -28 -29 -30
right_child=5 2 25 -5 20 -7 -8 13 9 10 -12 -13 -14 15 24 18 21 -19 -20 -21 -22 22 -24 -25 -26 26 27 28 29 -31
leaf_value=-0.0252222633403105 0.028728141929109521 -0.017393661900675202 0.015433026044763255 0.044300199495356081 0.039259842391637934 0.00085207478037538907 0.012956423024481963 -0.019901941506964352 0.061813766672234226 0.08525420347093518 0.017348005621561829 -0.019108402736374343 0.00067103217469895171 -0.012733334267094354 0.029833942351775302 0.018786999244884604 -0.020706518335384977 0.0080764553787484143 -0.015372482849822351 0.017289236397445184 0.0029340957119023282 -0.018963027156931458 0.018808024701002669 0.0046312600969569372 0.0035093778457737832 -0.020608835487574643 0.030053006828355586 -0.010900258779622638 -0.03009360728257995 0.0081622802552973762
leaf_weight=5.901080629322677 5.7629152256995431 112.47992025921121 12.516785408835856 1.1893676593899716 9.9167952835559863 5644.012861025054 26.332360338419676 8.9894546782597882 0.94700197083875437 0.55609580129384895 16.508318125037476 14.546393499244003 4.8136842336971348 84.665771308355033 8.0530973058193904 15.822709298226984 58.010261707007885 49.205297492444515 6.5442820847965768 6.0810689926147452 6.5592196863144627 34.112687703222036 7.6411378607153884 16.493067231029272 42.192708713002503 18.66384523594752 6.0221904711797825 57.143344697076827 4.0522748529911032 40.741581982001662
leaf_count=248 35 10318 120 11 77 43892 147 120 48 24 647 470 578 1780 75 138 449 249 50 28 45 236 56 111 544 495 141 2053 19 1219
internal_value=0.000285572 -0.00563617 -0.00909171 -0.0163674 0.00889394 0.000594225 -0.00333172 -0.00461406 0.00202209 0.00686927 0.00382724 -0.00767358 0.0214395 -0.00526597 0.00369982 -0.00717884 -0.00858097 -0.00399358 0.00856224 -0.010555 0.0257937 -0.0140222 -0.00712789 -0.0113326 0.00822836 -0.00307349 -0.00500946 -0.00214827 -0.00432411 0.00411988
internal_weight=6326.48 312.558 252.809 113.669 59.7486 6013.92 369.907 343.574 43.2726 37.3715 36.4245 19.9162 5.36978 337.812 59.2353 278.576 256.209 139.952 22.367 90.7468 16.476 116.257 58.2469 50.6058 50.2458 139.14 126.623 107.959 101.937 44.7939
internal_count=64423 16513 14376 10329 2137 47910 4018 3871 2015 1767 1719 1072 602 3836 739 3097 2909 2057 188 1808 122 852 403 347 619 4047 3927 3432 3291 1238
is_linear=0
shrinkage=0.03


Tree=158
num_leaves=31
num_cat=0
split_feature=1 6 15 0 28 28 22 16 16 3 12 21 29 29 15 15 27 14 24 12 1 28 29 6 1 6 29 29 14 1
split_gain=11.6245 19.6105 10.5294 10.8805 13.7984 9.68845 10.6168 8.01982 7.27866 9.24445 9.79423 8.78674 7.17499 7.12202 6.92027 6.78683 6.57162 7.00938 6.7395 6.47763 10.6184 15.0065 8.86442 11.1735 6.60261 12.03 11.3946 8.93168 16.4269 8.61954
threshold=0.55000001192092907 0.45000000298023229 -0.21560558676719663 4.5000000000000009 -0.85227432847022999 -0.98803845047950734 0.70864537358284008 0.39016793668270117 0.18826942145824435 -0.16665210574865338 -0.39444445073604578 0.87119016051292431 -0.66527268290519703 0.63755506277084362 0.28056585788726812 -1.657309293746948 0.038972431793808944 -0.88601419329643238 0.35094106197357183 -8.8826389312744123 2.1499999761581425 -0.4218058288097381 -0.99273797869682301 1.5500000119209292 7.5499999523162851 4.6499998569488534 -0.56369942426681507 0.79773375391960155 -1.1458680033683775 2.4500000476837163
decision_type=2 8 2 2 2 2 2 10 10 2 2 2 2 2 2 2 2 2 2 2 2 2 2 8 2 8 2 2 2 2
left_child=1 2 3 -1 5 -5 -7 8 14 10 11 13 -4 -10 -3 -2 -6 -18 -19 20 21 -17 -22 -24 29 26 -26 -27 -29 -21
right_child=15 7 12 4 16 6 -8 -9 9 -11 -12 -13 -14 -15 -16 19 17 18 -20 24 22 -23 23 -25 25 27 -28 28 -30 -31
leaf_value=-0.015440877568825586 0.0084109611419404245 0.00051363872994233516 0.0046341087041945036 -0.016506861218096136 -0.022975911656275754 0.10125868306282035 0.0036909600058558697 -0.012112295546803421 0.017670863722650493 -0.018471122069937732 0.042362689305593351 -0.020646709725754074 -0.024905983120821738 -0.014613953884122101 -0.0087101075465328744 -0.0088180365282568875 -0.0089258952635770435 0.0035858562358351991 0.060694917600903092 -0.00048674115795164439 -0.017516914096009473 0.010863249761569228 0.01203150817287002 -0.0068833686777132171 -0.0039633575778838673 0.00046153744074565193 -0.020724627374633542 0.014859099288334864 -0.023499355880776857 0.0024193416134994641
leaf_weight=35.682181711308658 92.19810900464654 334.55703775631264 8.0170919992960972 1.1252376390621064 7.2721840592566904 2.1727423011325331 1.5827212575823066 53.883293049875647 39.552706635091454 8.79444817220792 7.8526812344789496 7.3279953366145483 64.721909807994962 6.4677541251294306 92.677748666144907 56.154383195564151 7.8030256847850978 4.1474525076337141 2.5834350907243788 1591.9415024439804 54.570834808051586 88.588701793923974 32.113394573330879 186.96728079766035 151.07619626075029 1123.2076906040311 47.430640257894993 13.27235224470496 34.203312836587429 2169.6801365539432
leaf_count=3253 482 6226 430 46 1021 134 67 1672 616 571 388 107 9181 168 2858 361 342 297 164 17027 245 556 146 833 949 5711 369 72 197 9886
internal_value=-6.62722e-05 -0.00375013 -0.0139481 -0.00478731 0.00950048 0.0502864 0.0695622 -0.00122931 -2.80132e-05 0.0088686 0.013031 0.00801352 -0.0216315 0.0129192 -0.00150289 0.000382418 -0.00143302 0.0101313 0.030521 0.000247535 -0.00333728 0.0032196 -0.00680453 -0.00406871 0.000540454 -0.00124272 -0.00805205 -8.22039e-05 -0.0126905 0.00118967
internal_weight=6327.63 686.222 135.108 62.369 26.6868 4.8807 3.75546 551.114 497.23 69.9956 61.2011 53.3485 72.739 46.0205 427.235 5641.4 21.8061 14.5339 6.73089 5549.21 418.395 144.743 273.652 219.081 5130.81 1369.19 198.507 1170.68 47.4757 3761.62
internal_count=64375 27541 14935 5324 2071 247 201 12606 10934 1850 1279 891 9611 784 9084 36834 1824 803 461 36352 2141 917 1224 979 34211 7298 1318 5980 269 26913
is_linear=0
shrinkage=0.03


Tree=159
num_leaves=31
num_cat=0
split_feature=11 8 11 14 29 11 20 23 13 19 23 23 23 28 23 30 11 29 12 28 15 20 14 13 28 16 23 1 27 25
split_gain=13.4983 6.86886 10.7656 13.0298 10.4054 15.4559 6.77312 7.78398 9.91762 12.8556 8.84844 8.05538 7.50941 11.1669 9.79603 8.76313 15.85 11.6326 10.6722 8.02787 10.0561 7.52719 8.11411 7.19207 7.04132 6.91588 6.8503 6.73868 7.30019 7.76851
threshold=0.25277778506278997 0.35705426335334783 1.1763888597488406 -2.1603918075561519 0.97062206268310558 3.5354166030883794 0.22871413081884387 0.20303712785243991 -0.6307866871356963 0.51454085111618053 0.091609388589859023 0.63614493608474743 0.13595839589834216 0.93845596909523021 0.069571007043123259 2.5000000000000004 8.4562497138977069 -0.74443665146827687 -7.4236111640930167 0.9937499761581422 -0.26504428684711451 0.95620930194854747 -0.16811985522508618 -0.57417032122611988 -0.95754238963127125 -0.56763204932212818 1.0035550594329836 39.049999237060554 0.098387096077203764 0.17785710096359256
decision_type=2 2 2 2 2 2 2 2 2 2 2 2 2 2 2 2 2 2 2 2 2 2 2 2 2 10 2 2 2 2
left_child=-1 2 3 -2 -4 -6 7 8 9 -3 -10 -9 14 24 15 17 25 -8 -18 20 -15 -19 23 -23 -14 -17 27 28 29 -13
right_child=1 6 4 -5 5 -7 12 11 10 -11 -12 26 13 19 -16 16 18 21 -20 -21 -22 22 -24 -25 -26 -27 -28 -29 -30 -31
leaf_value=-0.016925881696665406 0.043805840273445341 0.00095480480804668291 -0.0010310950913594769 -0.010212721096900973 0.0057596317071838534 0.07528627623070136 0.0043180119696226253 0.0043709011034871008 -0.0023551613281713557 0.027370000094882517 -0.011383262148381441 0.00027295324358435813 -0.011163824636619545 0.036710889185645253 0.01281403751413669 -0.015921820506069904 0.009067203320213069 0.00065251809611991546 -0.0073007168072052493 -0.001609419615302383 0.0069643254934493278 -0.0070064524290560908 -0.010591864187670517 0.013557370665749203 -0.00073339619964215728 0.012093308480160126 0.0012517245809110975 0.019434265967473073 -0.0063798652332969922 0.032904464027869069
leaf_weight=41.390308301430196 3.1388277895748606 496.54340676544234 227.61368674738333 180.91912902286276 10.893744611646978 3.0070533421821883 445.76150998054072 468.712437402457 1359.464086972177 16.158534722402692 104.39339622342959 28.403434982523322 61.966030729934573 16.251749911811203 84.075146529823542 7.3924404033459714 55.468241504393518 309.10385342687368 97.24725865572691 28.352615226060152 26.623652757611126 32.236511170864105 144.13314003963023 27.425509106367826 780.39709874847904 221.6223024900537 739.87365370756015 9.7542259469628316 280.05843540001661 7.547040691599249
leaf_count=5559 97 3637 4141 11580 264 38 2684 3302 10291 115 764 408 546 148 615 50 279 2873 484 286 339 296 1411 273 5558 1726 4758 50 1648 107
internal_value=-5.38999e-05 6.00764e-05 -0.00361516 -0.00905978 0.00055443 0.0248429 0.00032806 -0.000505014 -0.0017492 0.00183898 -0.00300632 0.00109785 0.00157871 -0.000544012 0.00293957 0.00231111 0.00614885 0.000778134 -0.00133537 0.0107779 0.0188194 -0.0023008 -0.00676151 0.00251401 -0.00151301 0.0111237 -0.000344525 -0.00396267 -0.00474388 0.00782836
internal_weight=6315.93 6274.54 425.572 184.058 241.514 13.9008 5848.97 3510.91 1976.56 512.702 1463.86 1534.35 2338.06 913.591 1424.47 1340.39 381.73 958.661 152.716 71.228 42.8754 512.899 203.795 59.662 842.363 229.015 1065.64 325.763 316.009 35.9505
internal_count=64327 58768 16120 11677 4443 302 42648 25080 14807 3752 11055 10273 17568 6877 10691 10076 2539 7537 763 773 487 4853 1980 569 6104 1776 6971 2213 2163 515
is_linear=0
shrinkage=0.03


Tree=160
num_leaves=31
num_cat=0
split_feature=1 5 29 16 3 25 27 5 25 15 28 5 12 20 16 3 16 24 25 28 1 28 1 25 8 8 3 28 15 24
split_gain=12.1332 17.639 12.3681 10.1527 7.29466 6.74383 6.88776 11.7749 11.5007 10.1061 9.15943 8.96019 14.209 8.64867 9.30641 8.58827 8.35773 8.17813 8.69446 8.17017 8.89475 12.9782 8.19981 7.66755 8.42704 17.7046 8.28503 8.2512 7.70443 8.83911
threshold=0.35000000894069677 -0.45000000298023218 -0.80417042970657338 0.39016793668270117 -2.2447574138641353 0.45700980722904211 0.47850877046585089 2.5499999523162846 0.12966524064540866 0.51912948489189159 -0.84315016865730275 3.0499999523162846 2.7763888835906987 -1.3102827072143552 0.16485347598791125 -0.73687115311622609 0.2194236367940903 1.3852758407592776 0.10260724648833276 0.36648264527320867 2.3500000238418584 -0.25205527991056437 17.250000000000004 0.33368934690952307 2.9701290130615239 4.2569549083709726 -0.94316148757934559 -0.97113886475563038 -0.62663754820823658 0.06245586276054383
decision_type=2 10 2 10 2 2 2 8 2 2 2 8 2 2 10 2 8 2 2 2 2 2 2 2 2 2 2 2 2 2
left_child=1 3 -3 -1 -2 6 11 8 17 10 15 12 23 16 -15 -10 -13 18 -8 20 21 -11 -22 26 -25 -26 27 -6 -29 -30
right_child=4 2 -4 -5 5 -7 7 -9 9 19 -12 13 -14 14 -16 -17 -18 -19 -20 -21 22 -23 -24 24 25 -27 -28 28 29 -31
leaf_value=-0.00016754050946718568 0.017740192321466303 0.020546458296450149 -0.018744283890663738 -0.016846154451053252 0.012982924006611881 -0.023375777642216065 -0.0037718470984166568 -0.0036192188478983821 0.0033254816910677442 -0.018804647808061271 0.0013591593669288549 0.0052697568989505091 -0.0089163382633709841 0.0030901489139914399 -0.0015667373186666902 -0.028830380633848754 0.021175009098255804 0.01870837991372367 -0.024962575058395001 -0.0036985972508955726 0.018444112576367536 0.019173295665889999 -0.0087605617594043242 -0.00019641907798281577 0.049838267095115865 0.0052175997405025107 0.0004415240807035492 0.0027370011552701537 -0.0031850353858521446 -0.021363371088781738
leaf_weight=342.41586403455585 20.271848998963833 6.9929095655679694 93.81680359155871 35.335437196306884 15.820105240680276 9.9549829065799695 41.937650136649609 961.17725981771946 12.469297461211683 17.546203352510933 532.42499436624348 162.59356231754646 166.03483802452683 1238.3447265173309 560.32499859994277 16.987087979912758 35.736858312040567 7.4213025104254475 29.349617127329111 37.888550942763686 100.52327318489552 13.386527895927427 10.471321869641541 38.761392526328564 10.97459940612316 24.965895067900419 1629.8367603402585 34.605501975864172 42.430419495329261 55.898811295628548
leaf_count=8309 94 246 12791 1234 195 43 296 4537 80 144 2611 1058 1061 8511 3984 84 239 51 199 235 479 98 63 213 55 121 16204 213 497 546
internal_value=-0.000173094 -0.00475997 -0.0158437 -0.00176804 0.000204296 0.000140045 0.000184446 -0.0013676 0.00127157 0.00243233 0.000446323 0.000873077 -0.000535989 0.00229745 0.00163936 -0.0155561 0.00822755 -0.00955995 -0.0127209 0.00860135 0.0118878 -0.00228348 0.0158223 0.000219202 0.00956995 0.019823 -0.000178691 -0.00693167 -0.00938088 -0.0136302
internal_weight=6306.7 478.561 100.81 377.751 5828.14 5807.87 5797.91 1781.58 820.406 741.697 561.881 4016.33 2019.33 1997 1798.67 29.4564 198.33 78.7086 71.2873 179.816 141.927 30.9327 110.995 1853.29 74.7019 35.9405 1778.59 148.755 132.935 98.3292
internal_count=64491 22580 13037 9543 41911 41817 41774 8877 4340 3794 2775 32897 19105 13792 12495 164 1297 546 495 1019 784 242 542 18044 389 176 17655 1451 1256 1043
is_linear=0
shrinkage=0.03


Tree=161
num_leaves=31
num_cat=0
split_feature=18 8 6 25 0 19 2 6 2 14 8 25 3 25 12 27 23 22 18 28 28 18 6 27 28 20 20 22 29 21
split_gain=10.7192 11.0855 8.66053 10.7483 7.09896 9.27192 9.89295 13.772 9.95761 10.6072 9.99266 8.47935 8.58102 8.1957 12.4248 10.7323 8.50092 10.7698 9.14815 9.37774 11.5803 11.0414 8.33772 8.33344 8.02134 10.6062 12.134 7.80135 9.0547 9.13177
threshold=9.0050001144409197 0.10773502662777902 1.8499999642372134 0.27107964456081396 4.5000000000000009 -0.67132568359374989 0.89587974548339855 0.94999998807907116 1.3736354708671572 1.0887163281440737 15.415738582611086 0.13562649488449099 -0.52436158061027516 0.18365649878978732 -3.6354167461395259 0.045622119680047042 2.2232671976089482 0.8503834903240205 9.7849998474121112 0.47559651732444769 -0.90893998742103566 10.684999942779543 1.7500000000000002 0.28452381491661077 0.21862474083900454 -0.62114873528480519 0.11506470292806627 -1.2285829186439512 0.9974811077117921 0.057858733460307128
decision_type=2 2 10 2 2 2 2 10 2 2 2 2 2 2 2 2 2 2 2 2 2 2 10 2 2 2 2 2 2 2
left_child=-1 2 3 -2 5 -3 7 -7 -8 10 -10 -11 -13 14 23 -15 17 27 -19 20 -20 -21 -22 -6 -9 -26 -27 -17 -29 -30
right_child=1 4 -4 -5 13 6 8 24 9 11 -12 12 -14 15 -16 16 -18 18 19 21 22 -23 -24 -25 25 26 -28 28 29 -31
leaf_value=0.0010360513269099018 -0.018475128108601309 0.003567563045843668 0.011668746435925231 0.013899152325625773 0.030803050032335924 -0.018568811832408289 0.0023287408310887479 -0.0098865589715309028 -0.010321298505999521 0.018927089528433447 0.011691957390468412 0.020645189663601696 -0.011528801690539792 -0.016408731119700416 0.0020385604619326432 -0.0052426258258249101 0.016099869325652848 -0.019983943671046799 -0.014749954433134201 0.013664912597026452 0.011046006697720002 -0.017910195259916533 -0.0100408445684126 -0.011589285213389987 -0.025196782410814231 0.038674058951490675 0.0020270334907422772 0.00056416207706753963 0.039900890703159018 -0.0030198737695829067
leaf_weight=3147.805491019506 75.994465639349073 143.91599515872076 12.142452299594877 9.7497393283992988 21.096360317431394 95.787090150639415 218.74374839663506 61.825628259219229 238.3904379568994 23.519508101046085 19.298943728208542 8.9439148008823377 29.073220226913691 39.77343882014975 478.0009508121293 220.81823035422713 25.282152713276446 39.695260315202177 31.280259857419878 11.137017622590063 70.539828626438975 60.300330982543528 21.228386774659157 4.5865753628313533 6.9690517568960777 10.561342968605457 27.818559238687158 1140.307134650182 9.5915104430168885 7.4803545260801902
leaf_count=18714 7979 2097 142 119 248 6136 1754 978 1408 143 129 42 177 1335 10013 1608 201 237 259 87 498 529 110 26 129 169 484 8501 73 60
internal_value=-0.00020325 -0.0014362 -0.0113232 -0.0146761 -0.00111695 -0.00338173 -0.00473453 -0.0103628 -0.00259586 -0.00596709 -0.00863385 0.00515967 -0.00362441 -0.000197038 0.00315517 -0.00120489 -0.000825847 -0.00110106 -0.00703456 -0.00430284 0.000732821 -0.012867 0.00611241 0.0230818 -0.00292475 0.00657503 0.0128375 -8.84766e-05 0.000898569 0.0219679
internal_weight=6311.66 3163.85 97.8867 85.7442 3065.97 884.847 740.931 202.962 537.97 319.226 257.689 61.5366 38.0171 2181.12 503.684 1677.43 1637.66 1612.38 234.181 194.486 123.048 71.4373 91.7682 25.6829 107.175 45.349 38.3799 1378.2 1157.38 17.0719
internal_count=64385 45671 8240 8098 37431 13646 11549 7896 3653 1899 1537 362 219 23785 10287 13498 12163 11962 1720 1483 867 616 608 274 1760 782 653 10242 8634 133
is_linear=0
shrinkage=0.03


end of trees

feature_importances:
forecast_rain=712
fc_jump=542
clim_wet_frac=484
fc_jump_abs=263
dewpoint_depression=259
lead_day=224
month_cos=223
fc_clim_ratio=221
mslp_region_z=219
hist_bust_rate=183
fc_neighbor_std=178
mslp_z=164
fc_region_mean=149
surface_pressure_z=131
fc_region_dev=128
month_sin=119
fc_log1p=114
dewpoint_depression_z=82
mslp_tendency=72
wind_v_z=67
wind_speed_z=65
dewpoint_z=62
wind_u_z=61
temp_z=51
era5_tp_rel=40
fc_minus_rain_threshold=24
region_id=16
bust_threshold_mm=7

parameters:
[boosting: gbdt]
[objective: binary]
[metric: binary_logloss]
[tree_learner: serial]
[device_type: cpu]
[data_sample_strategy: bagging]
[data: ]
[valid: ]
[num_iterations: 3000]
[learning_rate: 0.03]
[num_leaves: 31]
[num_threads: 0]
[seed: 0]
[deterministic: 0]
[force_col_wise: 0]
[force_row_wise: 0]
[histogram_pool_size: -1]
[max_depth: -1]
[min_data_in_leaf: 50]
[min_sum_hessian_in_leaf: 0.001]
[bagging_fraction: 0.8]
[pos_bagging_fraction: 1]
[neg_bagging_fraction: 1]
[bagging_freq: 1]
[bagging_seed: 7719]
[bagging_by_query: 0]
[feature_fraction: 0.8]
[feature_fraction_bynode: 1]
[feature_fraction_seed: 2437]
[extra_trees: 0]
[extra_seed: 11797]
[early_stopping_round: 0]
[early_stopping_min_delta: 0]
[first_metric_only: 0]
[max_delta_step: 0]
[lambda_l1: 0]
[lambda_l2: 1]
[linear_lambda: 0]
[min_gain_to_split: 0]
[drop_rate: 0.1]
[max_drop: 50]
[skip_drop: 0.5]
[xgboost_dart_mode: 0]
[uniform_drop: 0]
[drop_seed: 21238]
[top_rate: 0.2]
[other_rate: 0.1]
[min_data_per_group: 100]
[max_cat_threshold: 32]
[cat_l2: 10]
[cat_smooth: 10]
[max_cat_to_onehot: 4]
[top_k: 20]
[monotone_constraints: ]
[monotone_constraints_method: basic]
[monotone_penalty: 0]
[feature_contri: ]
[forcedsplits_filename: ]
[refit_decay_rate: 0.9]
[cegb_tradeoff: 1]
[cegb_penalty_split: 0]
[cegb_penalty_feature_lazy: ]
[cegb_penalty_feature_coupled: ]
[path_smooth: 0]
[interaction_constraints: ]
[verbosity: -1]
[saved_feature_importance_type: 0]
[use_quantized_grad: 0]
[num_grad_quant_bins: 4]
[quant_train_renew_leaf: 0]
[stochastic_rounding: 1]
[linear_tree: 0]
[max_bin: 255]
[max_bin_by_feature: ]
[min_data_in_bin: 3]
[bin_construct_sample_cnt: 200000]
[data_random_seed: 38]
[is_enable_sparse: 1]
[enable_bundle: 1]
[use_missing: 1]
[zero_as_missing: 0]
[feature_pre_filter: 1]
[pre_partition: 0]
[two_round: 0]
[header: 0]
[label_column: ]
[weight_column: ]
[group_column: ]
[ignore_column: ]
[categorical_feature: ]
[forcedbins_filename: ]
[precise_float_parser: 0]
[parser_config_file: ]
[objective_seed: 8855]
[num_class: 1]
[is_unbalance: 0]
[scale_pos_weight: 1]
[sigmoid: 1]
[boost_from_average: 1]
[reg_sqrt: 0]
[alpha: 0.9]
[fair_c: 1]
[poisson_max_delta_step: 0.7]
[tweedie_variance_power: 1.5]
[lambdarank_truncation_level: 30]
[lambdarank_norm: 1]
[label_gain: ]
[lambdarank_position_bias_regularization: 0]
[eval_at: ]
[multi_error_top_k: 1]
[auc_mu_weights: ]
[num_machines: 1]
[local_listen_port: 12400]
[time_out: 120]
[machine_list_filename: ]
[machines: ]
[gpu_platform_id: -1]
[gpu_device_id: -1]
[gpu_device_id_list: ]
[gpu_use_dp: 0]
[num_gpu: 1]

end of parameters

pandas_categorical:[]
