tree
version=v4
num_class=1
num_tree_per_iteration=1
label_index=0
max_feature_idx=34
objective=binary sigmoid:1
feature_names=lead_day forecast_rain fc_log1p fc_clim_ratio fc_minus_rain_threshold fc_jump fc_jump_abs fc_jump_gap fc_neighbor_std fc_spread fc_spread_rel fc_region_mean fc_region_dev mslp_z surface_pressure_z mslp_region_z mslp_tendency dewpoint_z dewpoint_depression dewpoint_depression_z temp_z wind_u_z wind_v_z wind_speed_z era5_tp_rel hist_bust_rate bust_threshold_mm clim_wet_frac month_sin month_cos region_id elevation_proxy_m coastal coastal_x_fc elev_x_fc
feature_infos=[1:10] [0:799.29998779296875] [0:6.6849865913391113] [-3.3719909191131592:3.746570348739624] [-2.5:796.79998779296875] [-482.60000610351562:424.39999389648438] [0:482.60000610351562] [3:3] [0:563.493408203125] none none [0:111.32221984863281] [-110.52222442626953:691.9888916015625] [-3.3172552585601807:3.1333260536193848] [-3.3294763565063477:2.9824972152709961] [-2.4851055145263672:2.2617306709289551] [-1.1839735507965088:1.3490511178970337] [-3.0950229167938232:3.1328661441802979] [0.30000001192092896:26.489999771118164] [-2.9065382480621338:3.2399055957794189] [-3.4019739627838135:3.4713773727416992] [-3.0674655437469482:3.1880745887756348] [-2.9759707450866699:3.4014942646026611] [-2.8585062026977539:3.536043643951416] [0:2.9724709987640381] [0.052561577409505844:0.47453221678733826] [25:36.939998626708984] [0:0.79032260179519653] [-0.99999940395355225:0.99998557567596436] [-0.99997919797897339:0.99999076128005981] [0:3] [19.302169799804688:2799.66357421875] [0:1] [0:6.6849865913391113] [0:12.098690986633301]
tree_sizes=3344 3399 3428 3410 3408 3407 3437 3409 3436 3423 3429 3435 3420 3441 3433 3429 3432 3435 3437 3457 3431 3445 3454 3438 3455 3427 3434 3455 3435 3443 3437 3455 3438 3426 3451 3458 3443 3453 3442 3431 3462 3464 3447 3448 3465 3448 3454 3431 3471 3465 3467 3461 3455 3463 3452 3463 3484 3480 3460 3456 3473 3466 3472 3471 3453 3432 3483 3453 3468 3446 3479 3469 3446 3457 3449 3469 3483 3482 3470 3470 3459 3466 3475 3462 3473 3457 3482 3479 3479 3445 3467 3467 3476 3471 3468 3469 3461 3467 3468 3458 3457 3465 3479 3456 3463 3459 3483 3478 3467 3473 3473 3466 3455 3460 3479 3478 3483 3477 3470 3498 3489 3466 3469 3484 3438 3479 3485 3506 3484 3471 3474 3471 3467 3489 3490 3498 3481 3467

Tree=0
num_leaves=31
num_cat=0
split_feature=1 6 6 27 11 1 6 1 8 1 27 6 18 11 24 24 0 18 27 27 24 18 27 27 20 25 6 34 31 21
split_gain=16450.8 1326.01 795.218 498.581 164.466 88.2085 84.4504 76.8677 59.9461 45.0348 43.7006 41.6693 37.959 35.5016 54.0801 26.439 21.8639 20.5244 19.9895 22.9643 19.8847 18.9702 18.846 17.1114 16.8994 16.0821 16.0573 15.9485 15.1582 14.9736
threshold=32.549999237060554 33.45000076293946 22.250000000000004 0.41801074147224432 10.45277786254883 25.849999427795414 7.9500000476837167 45.350000381469734 5.8363800048828134 27.150000572204593 0.63709676265716564 4.2500000000000009 9.0749998092651385 18.954166412353519 0.35568720102310186 0.024922490119934086 3.5000000000000004 1.4950000047683718 0.43440860509872442 0.6803763508796693 0.22952092438936236 2.6550000905990605 0.46720430254936224 0.49193547666072851 1.4441341161727907 0.21837224811315539 7.0499999523162851 0.039538998156785972 300.16123962402349 -0.76780995726585377
decision_type=2 8 10 2 2 2 8 2 2 2 2 8 2 2 2 2 2 2 2 2 2 2 2 2 2 2 10 2 2 2
left_child=2 7 3 5 8 -1 20 16 10 13 -5 -10 15 22 -15 -4 -2 -12 28 27 -6 -21 -8 -22 -24 -25 -7 -20 -13 -29
right_child=1 -3 12 4 6 26 9 -9 11 -11 17 18 -14 14 -16 -17 -18 -19 19 21 23 -23 24 25 -26 -27 -28 29 -30 -31
leaf_value=-4.0135482846516277 -3.8597472395441441 -2.9661172776960205 -3.9125412894115481 -4.0002767235994892 -3.9942990347177769 -3.7935805901398019 -3.9815470768706027 -3.3869205964713744 -3.9891165663277075 -3.771615018704022 -3.8841283556507737 -3.8363275430186241 -3.9121028692354471 -3.7611304623231354 -3.9415425051651685 -3.7151940134913155 -3.6437698166209582 -3.9698641419063652 -3.8726881737844647 -3.8451087928612373 -3.9959275766717663 -3.9675914888255721 -3.9058022994469281 -3.9748372961494582 -4.0026329559440468 -3.8996890342881243 -3.9680644782824057 -4.0099253305285991 -3.9735478736974108 -3.9538324056705729
leaf_weight=918.46620096825063 2.473379563540222 12.438589978963135 1.6309966687113027 84.471289006993175 10.413286423310639 0.89615201577544101 4.3373757563531425 2.7243021279573441 18.442808484658599 2.0790726765990248 3.1186090148985368 2.1866109184920783 2.4913026038557282 2.7780712489038697 3.4770698212087154 7.7965225372463465 2.957301652058959 7.5814460534602404 0.89615201577544823 2.5271486844867459 3.656300224363803 2.1507648378610611 20.360573798418049 4.1939914338290674 1.3979971446096886 7.0437548439949751 0.91407505609095097 4.6062213610857787 1.1649976205080745 19.482344822958108
leaf_count=51245 138 694 91 4713 581 50 242 152 1029 116 174 122 139 155 194 435 165 423 50 141 204 120 1136 234 78 393 51 257 65 1087
internal_value=-3.98541 -3.1651 -4.00095 -4.00362 -3.96156 -4.01306 -3.92004 -3.54672 -3.97879 -3.89004 -3.99291 -3.95303 -3.76686 -3.90382 -3.84163 -3.73913 -3.70739 -3.93841 -3.93334 -3.94394 -3.9629 -3.88847 -3.92346 -3.94173 -3.91253 -3.92463 -3.84437 -3.95763 -3.87047 -3.96513
internal_weight=1159.15 20.5936 1138.56 1126.64 206.366 920.276 59.7375 8.15498 146.628 34.4302 95.1713 51.457 11.9188 32.3511 6.25514 9.42752 5.43068 10.7001 33.0142 29.6626 25.3073 4.67791 26.0959 14.894 21.7586 11.2377 1.81023 24.9847 3.35161 24.0886
internal_count=64674 1149 63525 62860 11514 51346 3333 455 8181 1921 5310 2871 665 1805 349 526 303 597 1842 1655 1412 261 1456 831 1214 627 101 1394 187 1344
is_linear=0
shrinkage=1


Tree=1
num_leaves=31
num_cat=0
split_feature=1 27 6 1 6 27 6 0 8 0 1 1 25 1 18 8 24 6 5 17 0 5 11 6 17 15 29 21 11 11
split_gain=7869.7 605.256 269.8 208.019 131.294 86.7956 66.6576 65.0695 48.2636 44.0476 40.194 39.0402 31.4402 49.2603 31.2784 25.4103 21.5556 20.2411 21.7784 18.9948 24.9012 18.5678 17.993 17.4949 17.3336 21.2497 16.6741 15.883 15.5564 15.3032
threshold=29.050000190734867 0.40994623303413397 22.44999980926514 43.850000381469734 7.2500000000000009 0.66397851705551159 11.050000190734865 5.5000000000000009 32.696607589721687 2.5000000000000004 24.849999427795414 13.650000095367433 0.33542805910110479 17.650000572204593 1.4950000047683718 5.6295351982116708 0.84182405471801769 22.44999980926514 7.8500001430511483 0.99810847640037548 3.5000000000000004 -23.749999999999996 11.856250286102297 2.9500000476837163 1.3890921473503115 0.027860140427947048 -0.88620507717132557 -1.2256151437759397 7.2527778148651132 2.976388812065125
decision_type=2 2 10 2 8 2 10 2 2 2 2 2 2 2 2 2 2 10 8 2 2 10 2 10 2 2 2 2 2 2
left_child=1 6 4 7 11 8 10 17 15 -4 -1 14 16 -14 23 22 26 18 -2 20 -17 -8 -6 -3 25 -25 -7 -22 -16 -29
right_child=3 2 9 -5 5 12 21 -9 -10 -11 -12 -13 13 -15 28 19 -18 -19 -20 -21 27 -23 -24 24 -26 -27 -28 29 -30 -31
leaf_value=-0.028975410885050221 0.1381250889603324 0.001657211457310101 0.27627690639522529 0.42442652918843926 0.00088450962613850174 0.11074485023724272 0.10403762649998241 0.31829852900791195 0.14648961825623677 0.11210414170734979 0.1096715385800652 0.059369186244093097 0.22042916065550047 -0.0019922002930414608 -0.023809379237255957 -0.012453087620485994 0.0041044467397846887 0.21175373438360559 0.0076992200569933784 -0.001932760160387604 -0.010688327632454905 0.017801818715011488 0.044586008287903114 0.1230698080706279 -0.017320855003672551 -0.015505063387537772 -0.0038106040454354553 -0.017295087467770195 0.0025130644543582721 0.077043365526080543
leaf_weight=880.19790838100016 1.8477808441966788 7.3970491774380189 2.3250037115067235 29.143824577331543 35.278860682621598 6.857102267444132 2.1231323424726716 11.963825071230529 2.2221645396202794 8.248467877507208 0.92886845953762431 7.3452873677015296 3.1851187199354163 1.1177045926451681 56.916786402463913 3.9961041733622578 3.3394524175673714 4.6878131162375212 2.1458683349192147 6.3482375741004935 2.046318573877218 10.179187037050722 10.179507523775099 3.2993438821285963 1.3068381585180757 1.0289188306778667 1.2621400989592073 1.3017575237900043 30.763216143473983 22.975344320759177
leaf_count=50489 89 409 105 690 1983 355 103 362 117 374 46 402 165 57 3205 214 174 165 104 336 112 576 527 179 71 56 66 70 1707 1215
internal_value=-0.000114815 -0.0167771 0.0278596 0.365082 0.0199193 0.0444916 -0.0277245 0.265571 0.0316457 0.168957 -0.0287051 -0.00304488 0.107247 0.173173 -0.0081359 0.0268134 0.0705792 0.167535 0.0836204 0.0450877 0.0546801 0.0393866 0.0114197 0.03361 0.0689823 0.0934002 0.094472 0.0649542 -0.0146497 0.0715008
internal_weight=1161.96 1112.17 218.741 49.7891 208.167 100.11 893.429 20.6453 84.3483 10.5735 881.127 108.057 15.7615 4.30282 100.712 82.1261 11.4587 8.68146 3.99365 36.6678 30.3195 12.3023 45.4584 13.0322 5.6351 4.32826 8.11924 26.3234 87.68 24.2771
internal_count=64523 63113 11899 1410 11420 5391 51214 720 4574 479 50535 6029 817 222 5627 4457 595 358 193 1947 1611 679 2510 715 306 235 421 1397 4912 1285
is_linear=0
shrinkage=0.03


Tree=2
num_leaves=31
num_cat=0
split_feature=2 27 5 0 8 5 2 25 27 28 5 12 5 11 11 16 24 21 29 12 29 11 16 22 17 25 27 28 16 31
split_gain=5482.41 550.585 199.638 135.186 101.92 77.1137 70.7641 55.2206 48.8974 39.2131 37.8382 33.6738 33.5033 26.7065 24.588 22.9582 21.1225 20.3352 19.8534 18.5502 17.8058 20.1223 17.0391 16.9696 16.1038 12.4937 15.2605 21.0509 21.1957 16.1304
threshold=3.2902640104293828 0.40994623303413397 -18.150000572204586 4.5000000000000009 5.6295351982116708 -11.249999999999998 3.4291354417800908 0.24399357289075854 0.63709676265716564 -0.26866367459297175 46.750000000000007 -16.856249809265133 -5.5499999523162833 12.076388835906984 10.45277786254883 0.26295806467533117 0.39885468780994421 -1.2256151437759397 -0.91595870256423939 2.6118055582046513 -0.99864786863327015 4.5527777671813974 0.22911328077316287 0.33743183314800268 0.70841091871261608 0.37499585747718817 0.52446237206459057 -0.16799356788396833 0.05346671678125859 375.10404968261724
decision_type=2 2 8 2 2 8 2 2 2 2 10 2 10 2 2 10 2 2 2 2 2 2 10 2 2 2 2 2 10 2
left_child=1 5 9 10 8 15 14 24 13 23 -2 -9 18 -4 -5 19 17 -13 -10 -1 -19 -22 -11 -3 -6 26 -18 -28 29 -29
right_child=3 2 4 6 7 -7 -8 11 12 22 -12 16 -14 -15 -16 -17 25 20 -20 -21 21 -23 -24 -25 -26 -27 27 28 -30 -31
leaf_value=0.11527648368891837 0.14227278444758176 0.09675355507913462 -0.014590264399499616 0.033832684013979035 -0.0025160541486746128 -0.028985737674845077 0.29204549157219123 0.16449935105156688 0.11565551322376243 0.20233348344204144 0.25396144831346884 -0.00081872304326281351 0.0015028798301394554 0.025223334919125855 0.17867408852814931 -0.020422021761645467 0.0032127584283118782 -0.017079773522055784 0.0072607430443515303 0.0019231391447472523 0.015888293656438502 0.098784442612935661 0.058592790035021859 0.0014682764689913008 0.040221838086296931 -0.017213826979911261 0.01626406142338508 0.037021406837779318 0.0079856871821590899 0.16762727567470564
leaf_weight=4.1452282909303904 19.73693444207311 3.4757238831371069 89.279255952686071 2.265278158709406 23.606729740276933 855.89921196177602 44.365761186927557 1.9238705672323693 5.3610614668577909 5.5663925167173129 5.8187289386987677 3.0514399614185121 7.4323300663381797 17.281615136191249 2.7280906848609447 2.0065133422613144 7.0032147802412572 1.2603045478463197 2.1834751982241869 1.7843133173882959 3.5304328687489059 18.940927945077419 2.029721962288022 2.7451080568134785 10.871501578018067 3.5173970907926551 6.6915768459439313 2.1130585912615008 2.1243938617408276 2.3323564380407333
leaf_count=217 583 145 5082 105 1274 50471 820 90 262 227 86 165 397 899 117 106 367 63 109 91 186 949 84 113 583 174 339 104 108 119
internal_value=-5.5894e-05 -0.0172674 0.0247552 0.246427 0.0171056 -0.0280987 0.278509 0.0417009 -0.000690366 0.131246 0.176309 0.0608112 0.0482873 -0.00795898 0.129574 0.0601025 0.0537525 0.071983 0.088806 0.0863662 0.0809985 0.0869926 0.17521 0.0607328 0.0117137 0.0311452 0.0399539 0.0577707 0.0923133 0.123745
internal_weight=1161.07 1086.16 222.322 74.9148 208.505 863.835 49.3591 86.9672 121.538 13.8169 25.5557 52.489 14.9769 106.561 4.99337 7.93605 50.5651 26.7831 7.54454 5.92954 23.7317 22.4714 7.59611 6.22083 34.4782 23.782 20.2646 13.2614 6.56981 4.44542
internal_count=64435 62724 11839 1711 11270 50885 1042 4521 6749 569 669 2664 768 5981 222 414 2574 1363 371 308 1198 1135 311 258 1857 1211 1037 670 331 223
is_linear=0
shrinkage=0.03


Tree=3
num_leaves=31
num_cat=0
split_feature=2 27 6 6 5 3 6 27 0 0 18 11 2 17 17 17 34 27 15 11 28 28 15 2 12 13 20 19 19 6
split_gain=3996.87 532.045 170.898 98.8733 84.3168 73.0755 82.6098 56.3232 30.1709 29.5687 26.8805 24.9898 23.2703 22.6439 21.3555 21.1865 19.5336 18.5458 16.2086 17.8237 15.35 15.0077 14.5636 14.459 17.6697 13.9223 12.6884 12.2519 11.3537 16.4576
threshold=3.3375458717346196 0.40994623303413397 22.44999980926514 5.2500000000000009 -21.150000572204586 1.4983282685279848 24.550000190734867 0.66397851705551159 5.5000000000000009 2.5000000000000004 1.4950000047683718 20.990972518920902 2.256527423858643 0.67866191267967235 -0.98780161142349232 0.15348152816295627 0.52516824007034313 0.31962364912033087 0.13985200971364978 5.9416666030883798 0.048362692818045623 -0.20180235803127286 0.56788066029548656 1.8945885896682741 -0.85902777314186085 -0.4085263311862945 0.49184957146644598 -0.41466867923736567 -1.4297310709953306 0.84999999403953563
decision_type=2 2 10 8 8 2 8 2 2 2 2 2 2 2 2 2 2 2 2 2 2 2 2 2 2 2 2 2 2 10
left_child=1 4 3 10 16 9 -7 11 27 -2 28 22 -12 14 -9 -13 -1 -6 19 -16 -15 -10 -5 -19 -25 -14 -22 -4 -3 -30
right_child=5 2 8 7 17 6 -8 13 21 -11 12 15 25 20 18 -17 -18 23 -20 -21 26 -23 -24 24 -26 -27 -28 -29 29 -31
leaf_value=0.17375208538136289 0.072198393058179378 -0.01054928937345106 0.19714730302921993 0.027373513116415001 -0.029766183673607872 0.10868931861709059 0.23837109652709265 0.017578295476466572 -0.0044971840874955243 0.16424439932398133 -0.019009053008512855 0.0082292701600877212 0.066514271306014214 -0.016593426382121131 0.023671625361479792 0.13312193491882054 0.018106614152035766 -0.021794619055466747 0.059097356939248301 0.17300798024109995 0.0029137280759065315 0.090837606908539592 -0.0015184105719450276 0.058938275114942082 -0.006640534354568778 0.0015272657550339692 0.11277653079438867 0.083473563402320775 -0.020201197374538973 0.068463574947187897
leaf_weight=1.2039882726967337 5.9545460510998955 3.5217461977154008 4.3955138381570569 75.070795740932226 763.9123171325773 7.7859142795205107 40.158252773806453 2.7432223167270431 2.4491184409707785 35.503557628020644 69.257429422810674 2.0990078859031192 3.6401994023472062 3.29930137656629 1.2197742220014332 2.4835365377366543 1.4716172553598879 54.109067203477025 5.0218443032354116 4.8938761036843061 1.697571409866214 2.4568021837621918 19.658201720565557 3.7009152229875353 16.608019417151809 8.362218162044881 1.3047217242419717 3.9913405776023856 1.9475061986595372 7.1821773704141378
leaf_count=50 162 190 142 3907 46305 200 546 126 94 688 3954 93 193 147 55 112 63 3270 232 218 76 85 1049 223 991 453 58 143 106 373
internal_value=-0.00057727 -0.0167793 0.0239343 0.0171214 -0.0277691 0.190963 0.219962 0.0351106 0.124458 0.153036 -0.00589658 0.0253231 -0.0123096 0.0798074 0.100406 0.087637 0.116362 -0.0283672 0.11768 0.150729 0.0269035 0.0505419 0.0214246 -0.0138023 0.00751503 0.0248368 0.0669063 0.157705 0.0331787 0.0494229
internal_weight=1157.1 1067.7 226.696 213.403 841.006 89.4023 47.9442 119.492 13.2928 41.4581 93.9113 99.3115 81.2598 20.1803 13.8787 4.58254 2.67561 838.33 11.1355 6.11365 6.30159 4.90592 94.729 74.418 20.3089 12.0024 3.00229 8.38685 12.6514 9.12968
internal_count=64304 62708 11806 11342 50902 1596 746 6073 464 850 5269 5161 4600 912 631 205 113 50789 505 273 281 179 4956 4484 1214 646 134 285 669 479
is_linear=0
shrinkage=0.03


Tree=4
num_leaves=31
num_cat=0
split_feature=1 27 5 1 5 27 11 27 8 26 5 16 15 27 25 28 15 5 28 13 17 11 16 8 16 5 20 11 1 11
split_gain=3398.94 501.543 111.897 103.201 99.0048 60.7357 58.5004 40.4344 34.2358 33.485 33.3931 31.1462 28.749 25.8727 22.4338 21.8007 27.4906 21.107 17.1705 18.923 27.0428 16.4003 22.1385 16.0861 15.4645 19.0424 15.1466 14.5294 13.0265 13.0172
threshold=26.150000572204593 0.49193547666072851 -20.05000019073486 43.850000381469734 -22.55000019073486 0.35241934657096868 10.45277786254883 0.71774193644523632 5.4347646236419687 25.967500686645511 22.349999427795414 0.1422289237380028 -0.24363106489181516 0.65564516186714183 0.26702268421649938 0.31799963116645819 0.10426390916109086 -3.5499999523162837 -0.54220184683799733 -0.90659841895103443 -0.6989074945449828 18.954166412353519 0.21039681136608127 4.8442404270172128 -0.07385681569576262 1.4499999880790713 0.23892294615507129 6.9437499046325692 8.1500000953674334 15.081249713897707
decision_type=2 2 8 2 8 2 2 2 2 2 8 10 2 2 2 2 2 10 2 2 2 2 10 2 8 8 2 2 2 2
left_child=1 4 -3 10 11 -6 7 17 -7 12 -2 26 24 -11 28 16 27 23 19 -16 -21 22 29 -4 -8 -26 -1 -9 -10 -15
right_child=3 2 6 -5 5 8 9 15 14 13 -12 -13 -14 21 18 -17 -18 -19 -20 20 -22 -23 -24 -25 25 -27 -28 -29 -30 -31
leaf_value=0.17625382065849576 0.073763826709950686 0.11577036641537833 -0.0002270458972583307 0.18771845684432326 -0.02918133330572039 -0.017425019012519971 0.087843968147965204 0.19105722572546596 -0.025867462455611553 0.028806256961803608 0.13919246030784338 -0.0086595547644261646 0.010643182302239535 0.14600613584120167 -0.012797569131205113 -0.0096157698210535877 0.0088202673860949127 -0.011119304411460126 0.0045744830434088475 -0.011962672687512199 0.1002193370327404 0.2123563582541379 -0.017589168366516549 0.037386021405340454 -0.014065710914351805 0.063289008601627006 0.030672213422089107 0.034283911225984225 0.023335061625814158 0.019287029726710953
leaf_weight=2.0447646491229539 14.155716808512805 12.69874871894717 19.779425140470266 60.44039148837328 774.4458367228508 81.438226643949747 9.6370018590241653 1.7084016669541591 11.940838990733029 4.0545791555196029 31.869712004438043 1.7427088264375923 20.083860367536545 2.0588266290724282 2.404995208606123 1.8789915796369312 2.0548486970365047 40.692624161019921 9.2505990881472808 2.2487113755196324 7.4890408776700523 1.3471100889146326 1.3361468259245155 20.17654343508184 4.4669643789529818 5.7106565572321415 1.4512756709009407 1.3168200422078369 6.7991676013916722 1.4122806936502454
leaf_count=69 435 409 1085 674 48286 4776 456 73 686 189 573 67 981 84 129 86 96 2280 488 115 394 51 57 993 220 262 54 53 364 58
internal_value=-0.000413833 -0.0168204 0.0337362 0.160299 -0.025286 -0.0260893 0.0253918 0.0103777 -0.00631486 0.0509257 0.121066 0.0942636 0.0368378 0.0977853 0.0161053 0.0749021 0.102603 0.00396083 0.0364045 0.0584602 0.075612 0.132851 0.077841 0.0192155 0.0616014 0.031117 0.136084 0.148287 -0.00773822 0.110293
internal_weight=1158.14 1051.67 150.414 106.466 901.256 896.017 137.715 87.6077 121.572 50.1074 46.0254 5.23875 39.8985 10.2089 40.1334 6.95906 5.08007 80.6486 21.3933 12.1427 9.73775 6.15436 4.80725 39.956 19.8146 10.1776 3.49604 3.02522 18.74 3.47111
internal_count=64543 62861 7433 1682 55428 55238 7024 4666 6952 2358 1008 190 1919 439 2176 308 222 4358 1126 638 509 250 199 2078 938 482 123 126 1050 142
is_linear=0
shrinkage=0.03


Tree=5
num_leaves=31
num_cat=0
split_feature=1 6 11 5 1 18 1 3 11 0 23 19 3 18 17 3 3 18 24 12 3 33 5 3 1 28 5 25 0 33
split_gain=2812.84 389.418 219.331 84.5204 70.8559 63.8688 47.2593 31.7432 29.5787 29.4604 34.0203 28.7843 26.5404 24.8566 24.511 24.2396 24.0783 22.8239 22.214 21.9727 21.9044 23.6901 19.5147 20.2879 30.7824 17.2917 16.4276 16.2209 16.0445 15.7222
threshold=24.849999427795414 9.5500001907348651 5.1881945133209237 -20.05000019073486 47.649999618530281 1.0000000000000002 7.9500000476837167 -1.1750870943069456 10.45277786254883 5.5000000000000009 -0.39929760992527003 -1.3835408687591551 0.61093491315841686 9.4749999046325701 -1.0346028208732603 0.74989476799964916 -1.7794376611709593 3.0649999380111699 0.8133806884288789 -2.8708332777023311 0.17178362607955935 2.0856528282165532 -4.3500001430511466 -0.56505125761032093 2.0499999523162846 0.39827039837837225 -3.7499999999999996 0.19458198547363284 2.5000000000000004 2.4638441801071171
decision_type=2 10 2 10 2 2 2 2 2 2 2 2 2 2 2 2 2 2 2 2 2 2 10 2 2 2 10 2 2 2
left_child=1 2 17 14 9 7 16 11 -8 10 -2 -4 29 15 -3 -11 28 -1 -12 -5 21 -16 23 24 -18 -17 -13 -21 -7 -10
right_child=4 3 5 19 -6 6 8 -9 12 13 18 26 -14 -15 20 25 22 -19 -20 27 -22 -23 -24 -25 -26 -27 -28 -29 -30 -31
leaf_value=0.0053942612341284137 0.017071745656097058 0.0016536187885598302 0.0086631137399540425 0.067544164170634816 0.15816074697152299 -0.020483555194955504 0.003068585879781868 0.026932349174398719 0.076485099040660212 0.064799028030905495 0.065724928285659873 0.17655767225976682 -0.0010061029326881206 0.060807270392401809 0.1533404595919188 0.16086983474064054 -0.011933418630340177 -0.02911552748080359 0.14787330017994482 -0.012394813005182451 0.048252714365114732 0.022624893396601498 -0.02162291839912632 -0.013863117079384623 0.049845539608329659 0.059019675743540966 0.024366812415867276 0.034507721261420272 0.069750350451504226 -0.0098190607790886505
leaf_weight=17.363349217921495 7.0445191208273199 1.7893081419169927 2.0707931527867913 9.6986662885174137 61.994806699454784 2.0328408852219573 27.541876113973558 14.116866325028239 15.518147820606833 5.8269426152110126 12.245354782789947 2.910058505833149 7.1296973526477805 7.022895721718668 11.527894623577597 22.52037701942027 13.534864781424405 742.94591045938432 5.3552260510623446 10.582606172189118 4.6891291495412579 1.8110673837363709 73.300681981258094 35.023409888148308 13.91130130458623 3.2640437558293334 1.1933688130229736 15.126495686359702 4.6835353849455714 1.9066960066556919
leaf_count=962 184 62 108 475 587 114 1499 691 707 123 294 120 381 116 343 339 785 47309 134 585 157 53 4466 2080 670 50 60 758 232 87
internal_value=3.86924e-06 -0.0163583 -0.020766 0.060459 0.13365 0.00597528 0.000574575 0.0553063 0.0247522 0.10755 0.0759464 0.107384 0.0480021 0.125286 0.108744 0.137307 -0.00837624 -0.0283214 0.0973259 0.03119 0.118727 0.138408 -0.0112319 0.00110942 0.0200312 0.150662 0.145744 0.0154601 0.0433241 0.067021
internal_weight=1155.68 1030.41 975.183 55.2252 125.274 214.874 194.583 20.2911 52.0964 63.2794 24.6451 6.17422 24.5545 38.6343 19.8174 31.6114 142.487 760.309 17.6006 35.4078 18.0281 13.339 135.77 62.4696 27.4462 25.7844 4.10343 25.7091 6.71638 17.4248
internal_count=64531 62704 60271 2433 1827 12000 11021 979 2674 1240 612 288 1175 628 615 512 8347 48271 428 1818 553 396 8001 3535 1455 389 180 1343 346 794
is_linear=0
shrinkage=0.03


Tree=6
num_leaves=31
num_cat=0
split_feature=1 18 5 6 8 8 1 26 12 1 5 3 3 29 18 19 28 5 1 24 5 17 16 3 1 3 1 3 29 1
split_gain=2521.77 391.82 123.066 111.842 65.5987 44.1527 39.7986 36.8856 36.0778 30.2735 29.4257 24.2094 21.0246 29.3021 20.554 21.8841 19.4421 17.8227 17.7718 16.1432 16.9563 18.5089 21.0973 16.0143 15.7945 15.7207 14.4055 18.2116 13.6463 13.4235
threshold=24.849999427795414 4.6400001049041757 -9.3499999046325666 10.750000000000002 4.6229500770568857 5.2543632984161386 47.649999618530281 32.417499542236335 -3.4354166984558101 5.5499999523162851 22.349999427795414 -1.7794376611709593 1.2966548800468447 -0.90161547064781178 1.4950000047683718 -0.74903684854507435 -0.34235668182373041 -7.1499998569488517 3.6499999761581425 1.6208929419517519 -3.8500000238418575 0.80925580859184276 -0.51948744058608998 -0.028383887372910973 7.7500000000000009 -0.62203386425971974 11.949999809265138 1.0284321904182436 -0.88620507717132557 0.65000000596046459
decision_type=2 2 8 10 2 2 2 2 2 2 8 2 2 2 2 2 2 10 2 2 10 2 10 2 2 2 2 2 2 2
left_child=1 2 16 4 18 14 7 10 9 11 -2 -6 13 -5 15 -4 -1 -11 -3 20 21 22 -7 24 -20 -22 -10 -28 -26 -24
right_child=6 3 5 12 8 19 -8 -9 26 17 -12 -13 -14 -15 -16 -17 -18 -19 23 -21 25 -23 29 -25 28 -27 27 -29 -30 -31
leaf_value=0.051455402030807812 0.070110071670824628 -0.029808412404479769 0.010852458854544103 0.0012471282843877093 0.085352325692872932 -0.017690951370414782 0.13968749636801442 0.015541112831572551 -0.022028177221224909 0.11575885435963269 0.12163497049460507 -0.004527952759528938 -0.024224925242185707 0.070934379027417574 -0.012741439621672549 0.10112616224335264 0.1194921517978952 0.015014766307767703 -0.004882623409388543 -0.013605574838209145 -0.0098059431831493526 0.025413331179251607 -0.0021367167182937091 -0.022813151405055944 0.090760906423132517 0.0414063486778211 0.02737366224965421 -0.02711126451334642 -0.016616062648945974 0.10441469711997035
leaf_weight=8.4756491184234637 19.679890932515264 677.7132365508005 14.927026839926841 8.3751724120229518 2.1084727533161702 1.3543997006490816 66.503205627202988 4.5993995666503897 52.063443785533309 3.5087827881798148 44.718929892405868 19.766150844283402 3.8190550357103339 14.637613356113434 36.09583942592144 1.9625214003026474 13.346153373830019 2.9565597502514711 18.896155270747844 4.3175912611186495 7.6889563649892834 9.1686651436611992 1.1222832258790756 57.675666806288064 2.2162701841443782 14.829149590805171 13.486268558539452 7.9610948991030446 1.1901467274874438 11.211127865128217
leaf_count=313 520 44473 771 344 102 60 560 70 3175 148 660 1138 217 639 2095 84 426 148 1100 214 414 422 49 3668 102 732 660 486 65 479
internal_value=3.83137e-05 -0.0162899 0.0333606 -0.0232935 -0.0251867 0.019145 0.121078 0.101401 -0.00255389 0.0256519 0.107202 0.00748809 0.0360808 0.0466808 -4.04878e-06 0.0264085 0.0964791 0.0778716 -0.0282217 0.0391605 0.0443665 0.0623418 0.0836636 -0.0145743 0.00679644 0.0242462 -0.0136261 0.00684248 0.0579882 0.0952859
internal_weight=1146.37 1010.87 124.499 886.374 859.542 102.678 135.501 68.9982 101.851 28.34 64.3988 21.8746 26.8318 23.0128 52.9854 16.8895 21.8218 6.46534 757.691 49.6922 45.3746 22.8565 13.6878 79.9782 22.3026 22.5181 73.5108 21.4474 3.40642 12.3334
internal_count=64334 62524 6059 56465 55265 5320 1810 1250 5857 1536 1180 1240 1200 983 2950 855 739 296 49408 2370 2156 1010 588 4935 1267 1146 4321 1146 167 528
is_linear=0
shrinkage=0.03


Tree=7
num_leaves=31
num_cat=0
split_feature=2 27 6 27 3 6 3 6 8 2 6 11 3 25 8 17 0 8 25 18 13 19 6 25 11 15 3 16 8 31
split_gain=2074.55 449.782 111.143 72.4043 61.5947 51.2629 35.3619 33.782 31.2899 30.6294 26.8454 21.7316 19.8057 18.6751 17.9025 19.3986 16.6986 15.9431 19.0136 14.6034 14.1093 13.9613 25.3265 15.2062 13.2052 13.4944 12.8271 15.9267 12.8519 12.247
threshold=3.2523087263107304 0.41801074147224432 5.3500001430511483 0.66397851705551159 1.4243296980857851 11.250000000000002 -1.0434936881065366 24.550000190734867 5.6295351982116708 3.6901279687881474 9.5500001907348651 7.2527778148651132 0.99061518907547008 0.23424675315618518 3.6842002868652348 0.78347623348236095 4.5000000000000009 2.8463423252105717 0.30035601556301122 9.5950002670288104 0.82441812753677379 -0.43942362070083613 16.349999427795414 0.24399357289075854 5.1881945133209237 -0.67237323522567738 0.56221327185630809 0.2251817733049393 1.5072023868560793 449.94015502929693
decision_type=2 2 8 2 2 10 2 8 2 2 10 2 2 2 2 2 2 2 2 2 2 2 10 2 2 2 2 10 2 2
left_child=1 5 11 8 16 -1 -5 9 10 -6 -4 -3 21 -8 -13 -16 -2 18 -12 -18 -15 22 24 -23 -10 -26 27 28 -7 -17
right_child=4 2 3 6 7 26 13 -9 12 -11 17 14 -14 20 15 29 19 -19 -20 -21 -22 23 -24 -25 25 -27 -28 -29 -30 -31
leaf_value=-0.028499759431762053 0.048907305551559588 -0.01761412818669205 -0.0020816765681871022 0.11964268242204414 0.0079202378687427705 0.0040383612654308169 -0.0039294467577148124 0.12930115545759446 -0.0094240469042047286 0.10140344525463575 0.096467726658620842 -0.013383859781517864 -0.023697102680123129 0.077483509281408708 0.0093471580764514194 0.022162861168198249 0.09433309977863788 0.010360957682811974 -0.017539646988057767 0.02411856805281044 -0.0029445102092439308 -0.0042413670175835095 0.12085500066136717 0.043067034476813051 0.019551091592252892 0.080443442788768305 -0.0013443844561674115 -0.018666278701025808 0.10584113202739301 0.10874177687562166
leaf_weight=749.70767617318779 17.807392979040742 54.820177044719458 44.26954441703856 10.947329523041846 5.1527593750506622 1.605643218383191 4.5919900760054615 73.622531320899725 3.2674440536648097 7.9462984837591648 5.3627065941691381 14.753667306154965 3.3857374135404816 11.178372912108896 16.280690783634785 3.5574175342917433 39.035769611597061 7.0112842936068773 1.3127795308828352 3.7334337234497061 2.255026262253522 8.0792762767523545 4.7245383951812974 22.16685551404953 6.7635354232043063 7.3685996513813681 6.1955775171518326 1.5512048639357088 3.3950536660850048 2.6632565781474113
leaf_count=50599 349 3299 2384 353 146 68 173 623 155 103 203 834 156 384 840 178 526 273 51 53 87 364 125 931 279 306 332 74 135 130
internal_value=-0.000749903 -0.0163035 0.0199448 0.0364364 0.103949 -0.0274759 0.0781202 0.12089 0.0252274 0.0678 0.00953246 -0.00572858 0.0410864 0.0479394 0.0117641 0.0281209 0.0781251 0.0446821 0.0746833 0.088895 0.0647137 0.0456402 0.0638557 0.0306988 0.0426514 0.0545187 0.030435 0.0566849 0.0792741 0.0691562
internal_weight=1144.51 997.215 234.76 142.685 147.298 762.455 28.9727 86.7216 113.712 13.0991 57.9563 92.0752 55.756 18.0254 37.255 22.5014 60.5766 13.6868 6.67549 42.7692 13.4334 52.3702 22.1241 30.2461 17.3996 14.1321 12.7475 6.5519 5.0007 6.22067
internal_count=64513 62713 11505 6224 1800 51208 997 872 5227 249 2911 5281 2316 644 1982 1148 928 527 254 579 471 2160 865 1295 740 585 609 277 203 308
is_linear=0
shrinkage=0.03


Tree=8
num_leaves=31
num_cat=0
split_feature=1 27 27 5 5 11 13 3 0 5 8 11 12 5 16 8 18 11 19 13 25 17 23 8 18 8 25 5 28 33
split_gain=1981.63 449.273 96.9092 54.4419 49.4848 25.0275 23.0422 30.1209 22.907 22.4995 22.283 20.5199 19.5202 16.6304 16.5628 15.9618 15.2238 14.2338 13.2731 12.7752 13.5142 12.5719 12.239 16.7489 12.0253 11.8404 10.5638 10.06 10.0354 9.70576
threshold=25.849999427795414 0.42634408175945288 0.66397851705551159 -11.249999999999998 -9.5500001907348615 7.0312500000000009 -0.81203898787498463 1.105854392051697 2.5000000000000004 -19.05000019073486 3.5802699327468877 5.1881945133209237 2.6118055582046513 -31.249999999999996 0.037036137655377395 5.0058300495147714 5.1549999713897714 7.6812500953674325 -0.39822286367416376 -0.59491252899169911 0.27107964456081396 -0.49088357388973231 -0.13526168465614316 3.4097892045974736 2.2350000143051152 1.0519810914993288 0.23774631321430209 -5.8500001430511466 0.048362692818045623 1.3479888439178469
decision_type=2 2 2 8 10 2 2 2 2 10 2 2 2 8 10 2 2 2 2 2 2 2 2 2 2 2 2 10 2 2
left_child=1 3 4 14 8 24 7 -2 13 12 -7 19 29 -3 22 -5 26 -8 27 20 -10 -11 -1 -24 -6 -13 -17 -12 -23 -4
right_child=6 2 9 15 5 10 17 -9 11 21 18 25 -14 -15 -16 16 -18 -19 -20 -21 -22 28 23 -25 -26 -27 -28 -29 -30 -31
leaf_value=0.00040903225946914532 0.053200554703250483 0.13544994359552251 0.074236018246657459 -0.029527587168665506 0.018880418399205824 -0.015883427632000669 0.044695685597963726 0.12972575610184309 0.079730028171674905 -0.00028131410674971536 -0.018183810611243311 -0.013376931664744782 0.030503305849505977 0.030530919162708361 -0.0050756455168074182 -0.014401021828860076 -0.020081537592064994 0.093136270375883318 0.0084326472424236763 -0.017245899705855536 -0.0048914641380044272 0.024778966435198436 0.13492172462739069 0.016773042726251047 -0.021450211284586546 0.036052380355004951 0.041586237879220604 0.054772912974634401 0.076072319259407009 0.14764544886288844
leaf_weight=1.9071006979793308 7.393068140372633 2.0588645003736019 10.669273303821685 686.31985708419234 6.8939646026119581 15.39115983340889 8.7478003837168199 42.001549961045384 1.9918134063482309 5.9224648289382484 1.4460501261055476 4.2413317300379267 5.8419758323580018 3.8916048575192681 4.8669064100831747 4.6178131597116572 48.118831102736294 93.747133817523718 17.442799613811076 14.711638920009134 3.6816242225468159 8.7305196709930879 2.0798322688788158 2.1630933117121458 48.724944613873959 53.291337348520756 6.0722508952021599 13.398287432268258 6.8673419393599024 3.8687427006661883
leaf_count=79 122 38 299 47698 364 869 179 382 85 272 62 210 193 145 216 284 3176 972 872 760 192 366 75 81 2993 2218 329 616 289 106
internal_value=-0.000522149 -0.0161013 0.0206411 -0.0272445 0.0112525 -0.00266774 0.0999742 0.119555 0.0282269 0.0613395 0.0131338 0.0232127 0.0839023 0.0810979 0.0366151 -0.0282365 -0.0129274 0.0894737 0.0270278 -0.00258704 0.0323128 0.0371954 0.0657033 0.0893759 -0.0162061 0.0322421 0.0182382 0.0469668 0.0505848 0.102016
internal_weight=1137.1 985.211 229.066 756.146 187.165 103.297 151.89 49.3946 83.8682 41.9003 47.6783 77.9177 20.38 5.95047 11.0169 745.129 58.8089 102.495 32.2871 20.3851 5.67344 21.5203 6.15003 4.24293 55.6189 57.5327 10.6901 14.8443 15.5979 14.538
internal_count=64542 62887 10949 51938 9424 5776 1655 504 3648 1525 2419 3465 598 183 451 51487 3789 1151 1550 1037 277 927 235 156 3357 2428 613 678 655 405
is_linear=0
shrinkage=0.03


Tree=9
num_leaves=31
num_cat=0
split_feature=1 27 18 5 5 1 27 28 1 8 14 5 5 3 16 14 3 5 8 25 11 11 29 17 17 31 27 19 16 12
split_gain=1789.5 434.195 94.276 60.3767 47.4076 44.2748 36.8483 30.7871 27.9692 25.8954 27.3015 21.5062 21.4625 19.0856 18.9815 18.7432 18.4083 16.2283 15.7111 26.1459 14.7445 13.4622 17.4346 13.3649 17.9102 23.3045 16.2767 12.7769 12.6333 14.2472
threshold=24.849999427795414 0.40994623303413397 1.4950000047683718 -9.8499999046325666 -4.7499999999999991 35.549999237060554 0.69650536775589 0.31799963116645819 8.1500000953674334 5.0058300495147714 -1.5759938359260557 -5.2499999999999991 21.650000572204593 1.3550522327423098 0.027468451298773292 -0.38836620748043055 0.61093491315841686 -8.1500000953674299 2.7196811437606816 0.26702268421649938 16.44375038146973 6.8291666507720956 -0.92272481322288502 0.54885777831077587 0.13572977483272555 69.993082046508803 0.54919356107711803 0.53911513090133678 0.12272956222295762 -11.017361164093016
decision_type=2 2 2 8 10 2 2 2 2 2 2 8 8 2 10 2 2 8 2 2 2 2 2 2 2 2 2 2 8 2
left_child=1 3 6 14 9 12 11 15 -6 17 -11 -3 16 -14 -1 -8 -2 18 19 -4 -19 -10 -23 24 26 -26 -12 -27 29 -13
right_child=5 2 4 -5 8 -7 7 -9 21 10 23 28 13 -15 -16 -17 -18 20 -20 -21 -22 22 -24 -25 25 27 -28 -29 -30 -31
leaf_value=0.068577759201977506 0.085775813241716459 0.075412873661275456 0.092197343329482345 -0.028313941941462129 -0.017654441613926791 0.10004123887372976 0.055933281086119439 -0.0086317267417942139 -0.01069124498028203 0.12544013634280662 0.0035370258477080319 0.061166404801398122 0.051572778556161228 0.10958109704916665 -0.005662054941613091 0.16145810495458418 0.009047925460942555 -0.0099244608979434309 -0.0041229454247278191 -0.014525612081354061 0.044193593209058336 0.0013061592531045988 0.057319500271700186 0.0059128944592297091 -0.011563938550782948 0.10901477580698188 0.047429148982262942 0.0065290511837167433 0.058285562110955064 -4.5081413749122783e-05
leaf_weight=6.547024969942866 2.8445373158901921 10.25912883132696 5.337280744686721 706.9728593211621 62.059625850990415 125.39678404480219 4.1683310121297827 1.7382884826511134 9.5829950012266654 2.0732613392174235 14.749538858421149 3.2471808120608321 16.442325154319409 10.143644537776707 5.0185944242402911 4.9177874829620114 11.602120552211998 33.872053905390203 5.7396392393857232 2.7049937918782234 4.2114032320678225 9.3202875833958405 9.9126627724617702 14.482320446521042 2.1295796874910584 6.7199637591838819 15.087220802903174 1.4304215461015699 6.4209956508129826 17.610615476965911
leaf_count=260 66 312 196 50423 3837 973 112 67 518 70 623 126 266 148 246 129 296 1855 218 100 176 408 448 539 71 236 542 57 281 810
internal_value=0.000286946 -0.015387 0.018804 -0.0271869 0.00956271 0.0908405 0.0559432 0.103254 -0.00639386 0.0228591 0.036708 0.0399753 0.0610115 0.0768754 0.0384765 0.123393 0.0287306 0.0073186 0.0340062 0.0586648 -0.00296227 0.0176363 0.0315816 0.031143 0.0398859 0.0728077 0.0265498 0.0937074 0.0244523 0.0118468
internal_weight=1132.74 966.314 247.776 718.538 199.413 166.429 48.3623 10.8244 90.8756 108.538 56.6723 37.5379 41.0326 26.586 11.5656 9.08612 14.4467 51.8654 13.7819 8.04227 38.0835 28.8159 19.233 54.599 40.1167 10.28 29.8368 8.15039 27.2788 20.8578
internal_count=64409 62660 11731 50929 9894 1749 1837 308 5211 4683 2138 1529 776 414 506 241 362 2545 514 296 2031 1374 856 2068 1529 364 1165 293 1217 936
is_linear=0
shrinkage=0.03


Tree=10
num_leaves=31
num_cat=0
split_feature=1 27 18 11 15 27 27 28 3 14 25 27 28 8 24 0 28 22 27 11 18 15 16 8 16 29 18 0 22 29
split_gain=1470.22 412.804 61.6401 49.0907 26.6275 26.4805 24.8918 23.7727 23.2664 24.349 20.6082 19.7957 19.0618 19.0202 17.5251 16.4865 20.3195 15.3161 14.6842 14.6606 12.5008 12.4889 12.1105 11.8908 11.8902 11.3468 12.0456 10.9812 10.91 10.1272
threshold=24.849999427795414 0.41801074147224432 1.4950000047683718 12.076388835906984 -1.1401489377021787 0.29516129195690161 0.69650536775589 0.21862474083900454 1.4243296980857851 -1.607232332229614 0.35928775370121008 0.49193547666072851 0.3824331015348435 3.86932384967804 0.8524565100669862 4.5000000000000009 0.39827039837837225 0.064804341644048705 0.63709676265716564 7.5409722328186044 11.914999961853029 -1.1623358726501463 0.08850776776671411 2.2638460397720341 -0.050401283428072922 -0.69055965542793263 7.5150001049041757 5.5000000000000009 1.1601510643959048 0.48877522349357611
decision_type=2 2 2 2 2 2 2 2 2 2 2 2 2 2 2 2 2 2 2 2 2 2 10 2 8 2 2 2 2 2
left_child=1 5 6 4 11 -1 -3 14 15 -10 12 -4 28 18 -8 -2 -17 -12 -6 -11 -15 29 -19 -20 -14 26 -23 -21 -5 -7
right_child=8 2 3 10 13 21 7 -9 9 19 17 -13 24 20 -16 16 -18 22 23 27 -22 25 -24 -25 -26 -27 -28 -29 -30 -31
leaf_value=-0.029446413080958384 0.037542094468543993 0.034223621680770207 -0.0069527305962286522 0.025056983801862141 -0.018277513136714663 0.0053766869111707086 0.14141799086178941 0.01171650696413527 0.13122801739520196 0.037378413179883302 0.02189873503927493 0.089186783326008406 0.13200406610489299 0.012466565583491228 0.036179799407630539 0.077651021969021558 0.0071641883336532181 0.13617763527091528 0.054809875768714142 0.067867356431814393 -0.026837553555631478 0.014408574655593002 0.018880756101605937 -0.016057516556105197 0.015353354207372201 -0.024695683722386109 -0.019285873864507246 0.096049262443339695 -0.020349026579204819 0.088709024763272248
leaf_weight=614.82039644289762 21.056683368980885 37.683460285887122 2.8313313685357562 32.268547782674432 57.729025611653924 5.6965524656698099 5.0756572019308788 3.2294999267905942 12.186232244595884 8.7681185118854028 3.5658967159688455 4.2508896365761757 1.3979760352522133 71.19172172062099 3.0146625898778439 48.013585343956947 4.2117816340178242 3.1341771706938744 3.9116834709420791 36.980739805847406 7.1583271631970993 18.368551755324006 1.4291007053107021 3.1302815089002252 1.6157881822437041 45.868227322585881 17.851821142248809 47.878235356882215 4.7873680982738724 0.76545967813581217
leaf_count=45181 339 1473 159 1301 3491 364 114 105 90 139 141 176 49 3284 81 534 60 115 171 313 398 1167 54 141 67 3157 1246 321 191 48
internal_value=-0.000647589 -0.01552 0.0177591 0.0101982 0.00166776 -0.0272343 0.0475549 0.0855542 0.0779545 0.0877034 0.0362077 0.0546473 0.0261153 -0.00131487 0.110497 0.0628866 0.0722079 0.0776448 -0.0132358 0.0807114 0.00858264 -0.0117177 0.10944 0.0252285 0.0888701 -0.0149472 -0.00227028 0.0847013 0.0188103 0.0258131
internal_weight=1129.87 950.776 247.405 198.402 150.203 703.371 49.0033 11.3198 179.095 105.813 48.1989 7.08222 40.0697 143.121 8.09032 73.2821 52.2254 8.12917 64.771 93.6271 78.35 88.5506 4.56328 7.04196 3.01376 82.0886 36.2204 84.859 37.0559 6.46201
internal_count=64470 62674 11511 9738 7820 51163 1773 300 1796 863 1918 335 1608 7485 195 933 594 310 3803 773 3682 5982 169 312 116 5570 2413 634 1492 412
is_linear=0
shrinkage=0.03


Tree=11
num_leaves=31
num_cat=0
split_feature=1 27 6 25 5 27 1 11 3 34 5 6 28 16 31 6 28 1 25 23 24 27 18 6 28 17 31 22 22 14
split_gain=1372.31 411.533 82.4615 44.5354 41.3041 29.4836 28.3636 23.4817 16.8474 16.7675 15.9805 14.2844 17.5383 18.4518 15.7454 14.0529 13.9704 13.7721 12.8637 14.8799 12.7182 12.4259 11.952 11.2417 11.0217 11.0114 10.7152 21.7952 18.1191 14.7168
threshold=24.349999427795414 0.40994623303413397 13.050000190734865 0.25818870961666113 -9.8499999046325666 0.67204302549362194 31.550000190734867 12.076388835906984 -0.44955916702747339 1.7904081344604494 -5.3500001430511466 3.6499999761581425 -0.15101210027933118 0.12637494504451754 300.15628051757818 17.650000572204593 -0.84315016865730275 37.350000381469734 0.33938485383987432 0.38247865438461309 1.3345988392829897 0.47850877046585089 9.8649997711181658 7.7500000000000009 -0.15101210027933118 1.5163313746452334 300.16123962402349 0.1345959156751633 1.4543924331665041 -0.034631827846169465
decision_type=2 2 10 2 8 2 2 2 2 2 8 10 2 10 2 8 2 2 2 2 2 2 2 10 2 2 2 2 2 2
left_child=1 4 3 10 22 7 9 11 25 -2 16 -5 13 14 -13 17 -3 -8 19 24 -10 -9 -1 26 -7 -4 -23 -28 29 -29
right_child=6 2 8 5 -6 18 15 21 20 -11 -12 12 -14 -15 -16 -17 -18 -19 -20 -21 -22 23 -24 -25 -26 -27 27 28 -30 -31
leaf_value=0.047913742920755183 0.025481959852821402 0.084491896729761068 0.083465552910317806 -0.00098957604732529932 -0.028487287508662779 0.0095412237636675716 -0.0016273151431419573 -0.0032117717784924025 0.019459551694171268 0.075223698095669367 -0.011729740944027855 0.12380644917602047 -0.011347225085243344 0.0010244447282187477 0.019385800432432505 0.081141769933097477 0.0082727320744187573 0.061063741330932009 0.085758093881596442 -0.0095555821952788642 0.084368159247000599 0.075788184485538243 -0.012540709515445446 -0.01256179236252537 0.08067609363046005 0.0074048035003516192 -0.015998948919068376 0.10610039043492143 -0.019321870983173263 0.0028246334646020799
leaf_weight=7.3818446816876513 19.990694605745379 1.6112658996134985 18.044374410063032 59.740777598693967 670.20113777182996 3.4641305152326822 4.0150538682937649 5.569147800095382 15.012381356209518 9.1102361306548101 75.467851429246366 2.8880306882783753 5.2460897676646701 3.7530560232698917 2.6097683701664209 144.29019238054752 14.387946101836858 12.880436558276413 6.9541456140577784 4.6391126569360486 2.6382134631276122 9.4136896710842901 4.002573593519628 2.3178894761949769 4.6432528067380208 2.1084139496088019 5.1138825528323633 4.2601952087134176 1.6624567452818153 1.6986685935407821
leaf_count=291 442 82 442 3124 50474 120 79 252 467 202 4323 141 261 184 130 994 637 133 188 157 73 352 203 82 145 46 198 152 60 67
internal_value=-0.000427591 -0.0153932 0.0172132 0.00991149 -0.0275157 0.0215586 0.072791 0.014896 0.0574978 0.0430357 -0.00593743 0.00565178 0.0313181 0.0542599 0.0848505 0.0778647 0.0204675 0.0469074 0.0544001 0.032298 0.0331648 0.036826 0.0273626 0.0457077 0.0546665 0.0762342 0.0520849 0.0303215 0.059653 0.0812965
internal_weight=1125.12 934.83 253.245 215.441 681.586 123.974 190.287 104.274 37.8034 29.1009 91.4671 74.2377 14.4969 9.25086 5.4978 161.186 15.9992 16.8955 19.7006 12.7465 17.6506 30.0359 11.3844 24.4668 8.10738 20.1528 22.1489 12.7352 7.62132 5.95886
internal_count=64501 62651 11683 10655 50968 5613 1850 5003 1028 644 5042 3840 716 455 271 1206 719 212 610 422 540 1163 494 911 265 488 829 477 279 219
is_linear=0
shrinkage=0.03


Tree=12
num_leaves=31
num_cat=0
split_feature=8 27 1 6 6 6 11 21 11 18 6 27 0 27 20 11 15 8 34 15 1 1 19 20 34 25 5 0 3 13
split_gain=1322.78 254.554 135.447 71.5258 57.6366 33.5363 36.2483 23.0909 22.8377 21.487 17.1887 15.3271 15.225 14.4631 13.0819 17.5987 13.0014 12.9069 16.487 12.5092 12.2642 12.055 11.7369 12.1364 11.5301 11.4202 11.2143 10.7407 10.7104 10.4195
threshold=10.17947292327881 0.31962364912033087 31.550000190734867 5.6499998569488534 22.250000000000004 13.050000190734865 12.076388835906984 -0.37150256335735315 17.368749618530277 1.4950000047683718 47.750000000000007 0.63709676265716564 2.5000000000000004 0.63709676265716564 -0.081658203154802309 8.7666664123535174 -1.3681432604789732 2.5560377836227421 0.61261236667633068 -0.016699605621397492 17.250000000000004 10.449999809265138 -1.1320721507072447 1.0159626603126528 1.0050070285797121 0.15934490412473681 -5.5499999523162833 2.5000000000000004 -1.3854255080223081 -0.1993625536561012
decision_type=2 2 2 8 8 10 2 2 2 2 8 2 2 2 2 2 2 2 2 2 2 2 2 2 2 2 10 2 2 2
left_child=1 -1 4 9 11 6 13 28 14 24 12 16 -4 -5 -9 -16 -2 18 -7 -14 25 -11 -8 -24 -3 -19 -13 -28 -6 -23
right_child=2 3 10 5 7 17 22 8 -10 21 -12 26 19 -15 15 -17 -18 20 -20 -21 -22 29 23 -25 -26 -27 27 -29 -30 -31
leaf_value=-0.029584981921070314 0.053335677522146061 0.010270592523248939 0.03475008669789105 -0.0038171967122250208 0.0717493595971576 0.1033617090113798 -0.0043304923235730642 0.029484691159043796 0.11870518794290558 -0.021066862484010771 0.081854752919833712 -0.0036627603887634374 0.081384807150470931 0.028402272966462274 0.10536654270901996 0.034878986948850416 -0.0064032842935235409 0.062885628577183106 0.016476218018037309 0.045172900697968005 0.065374608764170755 0.04767747000085925 0.053788236974391099 -0.0043870670666082039 0.089114028167107895 0.004162832523840327 -0.002994563133752827 0.07040901146579244 0.0042878761821166711 -0.011959778309397271
leaf_weight=589.81673733144999 2.576446194201707 12.196653874590991 20.094357140362263 72.883832773193717 1.6307528186589468 5.6800329070538265 4.6671580560505417 15.747871751897035 5.5824167421087614 85.191641036421061 102.09419194608927 4.4985793251544228 30.469827871769667 14.106070181354879 6.6853820746764567 8.0495960563421232 38.486176176927984 2.8271843418479028 3.4070306550711393 18.718395281583071 6.1043133102357379 3.6009069746360183 23.294329726137224 3.5557238878682247 1.0082672499120224 14.228704528883098 2.2635152647271735 6.4018180361017585 11.640448112040756 5.4629999771714193
leaf_count=45830 126 582 213 4141 46 149 176 462 115 5721 572 137 265 469 208 217 1937 77 89 172 163 167 827 142 45 396 96 229 366 292
internal_value=-0.000179111 -0.0187245 0.0568834 0.0061015 0.0293862 0.0193788 0.0117921 0.0525176 0.0647667 -0.012532 0.0732331 0.00777077 0.0595444 0.00167085 0.0514321 0.0715236 -0.00147611 0.0460664 0.0756485 0.0687791 0.031809 -0.0175709 0.038817 0.0462032 0.0221404 0.0168405 0.0346826 0.0529089 0.0170242 0.0141161
internal_weight=1122.97 848.032 274.94 258.215 103.563 150.754 118.507 49.3365 36.0653 107.46 171.377 54.2265 69.2826 86.9899 30.4828 14.735 41.0626 32.2473 9.08706 49.1882 23.1602 94.2555 31.5172 26.8501 13.2049 17.0559 13.1639 8.66533 13.2712 9.06391
internal_count=64427 59266 5161 13436 3939 6629 5755 1414 1002 6807 1222 2525 650 4610 887 425 2063 874 238 437 636 6180 1145 969 627 473 462 325 412 459
is_linear=0
shrinkage=0.03


Tree=13
num_leaves=31
num_cat=0
split_feature=1 27 6 27 12 3 1 5 15 19 5 25 23 23 28 3 1 0 6 24 12 0 6 17 3 27 33 15 14 3
split_gain=1139.03 367.923 84.8677 37.6346 27.1858 24.5041 21.5952 21.0301 20.7469 16.3162 15.5913 13.8746 13.8437 14.6315 12.2244 12.1282 11.9583 11.9369 13.4844 11.8012 15.8912 11.5474 11.3665 17.8225 11.2002 10.6873 9.99984 9.75732 9.54295 9.23847
threshold=25.849999427795414 0.31962364912033087 3.6499999761581425 0.55725806951522838 -1.1118055582046507 1.4243296980857851 5.7500000000000009 -9.8499999046325666 -1.0305765271186826 -0.44905081391334528 -15.65000009536743 0.23505520820617679 1.3002636432647707 0.98301559686660778 -0.48314717411994929 -0.52436158061027516 6.2500000000000009 9.5000000000000018 7.4500000476837167 0.48140536248683935 26.264583587646488 3.5000000000000004 4.6499998569488534 0.77206921577453624 0.27758127450942999 0.43440860509872442 1.8794359564781191 0.34258162975311285 -0.60276553034782399 -1.1434167623519895
decision_type=2 2 8 2 2 2 2 8 2 2 8 2 2 2 2 2 2 2 8 2 2 2 8 2 2 2 2 2 2 2
left_child=1 10 6 7 12 14 -3 8 -4 25 -1 -9 13 26 -2 27 22 18 -6 20 -7 28 23 -13 -20 -8 -5 -10 -16 -24
right_child=5 2 3 4 17 19 9 11 15 -11 -12 16 -14 -15 21 -17 -18 -19 24 -21 -22 -23 29 -25 -26 -27 -28 -29 -30 -31
leaf_value=0.034271658481963334 0.024370268149918734 -0.019498923114688996 0.089164557936067479 0.040110498828452759 -0.012312068805134819 0.028036841896544564 -0.019018728324109072 -0.013260221752301233 0.057501896048459233 -0.007977823681047571 -0.029349730633495864 -0.0090984119693552599 0.088539755889829846 -0.016136165253991093 0.057943385425090796 -0.00035798877070078249 0.023545463440108563 -0.025230425675363401 0.042246890642619626 0.084084066237282776 0.06848599037279042 0.062209708542421908 0.020197254943197279 0.11939243922894391 -0.00094761798112920261 0.055053031745855276 0.09257819434171706 -0.010884966407115403 0.0078859727778692636 -0.010423438515774684
leaf_weight=2.6975123286247253 16.853547036647797 78.282568413764238 4.229975143447521 33.470649461261928 7.1817233208566895 12.645045211538671 1.6575859626755134 26.765084324404597 7.7883143257349765 13.636710911057888 578.82112681958824 1.8266810681670897 7.5146133173257104 3.0765371471643439 4.912021465599536 11.70130787696689 37.707174675539136 4.4040753198787561 21.879496997222308 55.240725172683597 56.484483677893877 49.844973646104336 10.808498059399424 0.80380596313625563 7.0162909403443328 7.750856464728713 3.6130212787538758 2.0263859778642654 9.0657364055514318 34.748084731400013
leaf_count=110 216 5231 106 1040 332 142 107 1556 224 790 46322 118 214 103 69 389 1810 161 696 369 342 455 561 44 241 352 109 72 124 2025
internal_value=-0.000270061 -0.0146854 0.0107062 0.020885 0.0361131 0.0634249 -0.0120346 0.0109961 0.034928 0.0130774 -0.0289963 0.00526777 0.0513161 0.0423691 0.0492198 0.0207788 0.0111273 0.0174031 0.0231477 0.0721734 0.0615924 0.0553045 0.00112883 0.0522361 0.0320778 0.0414296 0.0475191 0.0436815 0.0281711 -0.00288077
internal_weight=1114.45 909.408 327.889 226.562 88.1564 205.047 101.328 138.405 25.746 23.0452 581.519 112.659 47.6748 40.1602 80.6763 21.516 85.8942 40.4816 36.0775 124.37 69.1295 63.8227 48.1871 2.63049 28.8958 9.40844 37.0837 9.8147 13.9778 45.5566
internal_count=64430 62713 16281 9801 2896 1717 6480 6905 791 1249 46432 6114 1466 1252 864 685 4558 1430 1269 853 484 648 2748 162 937 459 1149 296 193 2586
is_linear=0
shrinkage=0.03


Tree=14
num_leaves=31
num_cat=0
split_feature=8 1 5 11 18 11 5 12 1 8 15 18 12 3 13 5 3 5 13 8 3 17 17 17 17 11 1 22 34 18
split_gain=1096.55 192.284 135.315 69.0844 64.5693 35.0559 26.8825 22.8357 22.7468 20.9871 20.0105 19.9606 17.6918 17.4543 15.8482 13.9649 13.4057 16.9641 17.2838 13.0305 12.1511 11.9889 11.2036 11.0976 13.2694 10.9544 10.5177 15.2749 10.3044 13.2901
threshold=5.6295351982116708 27.849999427795414 -7.5499999523162833 5.2708334922790536 3.8649998903274541 5.1312499046325692 -18.150000572204586 -9.3472223281860334 3.3500000238418584 11.301032066345217 -1.0305765271186826 1.235000014305115 -4.1173613071441642 -0.66851663589477528 -1.9142250418663023 43.149999618530281 -0.35244937241077418 -1.9499999880790708 -0.47187216579914087 2.7196811437606816 1.4243296980857851 -0.13741946965456006 0.1133144646883011 0.26596271991729742 -1.3357300758361814 15.452083110809328 3.3500000238418584 0.37833330035209661 1.1109161376953127 6.1349999904632577
decision_type=2 2 8 2 2 2 10 2 2 2 2 2 2 2 2 8 2 10 2 2 2 2 2 2 2 2 2 2 2 2
left_child=2 4 10 11 7 -6 9 22 -5 -7 -1 -4 21 19 -3 23 17 18 -10 26 25 -9 -2 24 -16 -17 27 -12 -18 -30
right_child=1 14 3 8 5 6 -8 12 16 -11 13 -13 -14 -15 15 20 28 -19 -20 -21 -22 -23 -24 -25 -26 -27 -28 -29 29 -31
leaf_value=0.080880481995520045 0.014555044560639925 0.098462171953627262 0.024712392447803995 -0.017192274527815972 -0.018619864110554222 0.013403952337534983 4.9814680766077361e-05 0.051022758019571915 0.099675058565736274 0.059510489045716389 0.0042986877610221817 -0.029359481380187083 0.041758068515118443 0.00082568740081779819 0.013856547636707949 0.030719777966838089 -0.0076651874008185732 -0.0090137778441987306 0.020234085990147647 0.00640422012963164 0.074196171027160709 -0.014387377878921319 0.095744153278579963 0.034157866214719147 0.065730087836645537 0.066200566487374823 0.11589598920637106 0.088966362406041222 0.059825499212644899 -0.0033204170609114209
leaf_weight=5.9493769267573944 2.3047750452533355 11.350562501698731 5.5020263344049445 60.006821199320257 36.78734237793833 19.975002441555262 41.917389371432364 2.2901330729946503 3.3721455223858365 16.19671589974314 4.9347224570810813 557.95011219475418 45.496745828539133 16.001042710617185 5.7624214962124816 18.720198974013329 36.710317023098469 5.9769888175651422 7.2473382959142336 5.3868996500968924 73.150072190910578 9.80468760617077 8.4483034303411824 36.893270298838615 35.257689112797379 18.196124702692032 2.0605523409321904 2.2540823211893439 4.2903250344097597 6.7008979879319668
leaf_count=180 79 67 259 4234 2414 798 2102 66 134 506 176 45422 1561 667 57 134 2192 334 333 166 376 347 252 364 365 116 52 80 182 403
internal_value=0.000365694 0.0413906 -0.0213282 -0.0243293 0.0190523 0.00520447 0.0165215 0.0419175 -0.00404768 0.0350948 0.0342337 -0.0287886 0.0333501 0.0229053 0.061726 0.0589985 0.00829507 0.0306756 0.0518673 0.0454472 0.0664309 0.000948508 0.0810614 0.0477901 0.0589462 0.049493 0.0653427 0.038469 3.83868e-05 0.0242616
internal_weight=1106.9 382.551 724.344 687.757 183.221 114.876 78.0891 68.3446 124.305 36.1717 36.5867 563.452 57.5916 30.6373 199.33 187.98 64.298 16.5965 10.6195 14.6363 110.066 12.0948 10.7531 77.9134 41.0201 36.9163 9.24936 7.1888 47.7015 10.9912
internal_count=64418 9604 54814 53493 8125 5820 3406 2305 7812 1304 1321 45681 1974 1141 1479 1412 3578 801 467 474 626 413 331 786 422 250 308 256 2777 585
is_linear=0
shrinkage=0.03


Tree=15
num_leaves=31
num_cat=0
split_feature=8 1 27 27 5 25 27 6 18 13 1 26 25 6 1 8 16 15 21 16 1 23 13 31 18 31 5 6 21 25
split_gain=1074.19 174.097 117.731 55.0987 44.2752 31.6742 25.7754 20.3223 18.1448 17.4367 16.9345 22.5538 19.5608 16.3303 16.9334 15.694 23.0365 14.914 13.835 13.4426 13.183 13.9196 12.9516 17.2063 12.7374 12.5192 12.2975 12.2352 15.4757 14.4857
threshold=5.6295351982116708 26.150000572204593 0.42634408175945288 0.35241934657096868 -11.249999999999998 0.26702268421649938 0.63709676265716564 7.2500000000000009 1.0000000000000002 -1.9142250418663023 43.850000381469734 32.752500534057624 0.13407288491725924 12.650000095367433 7.7500000000000009 6.1758935451507577 0.094928693026304259 -1.1090576648712156 -1.1638417840003965 0.2194236367940903 20.650000572204593 1.0745878815650942 0.93272170424461376 424.81584167480474 4.2249999046325692 100.09763717651369 3.2500000000000004 5.4500000476837167 -0.61956512928009022 0.12193324044346811
decision_type=2 2 2 2 8 2 2 10 2 2 2 2 2 10 2 2 10 2 2 10 2 2 2 2 2 2 10 8 2 2
left_child=2 3 4 24 19 13 7 -4 -7 -3 11 12 -11 14 -5 16 -10 -9 -17 -1 21 -15 23 -20 -2 -24 -8 28 -16 -30
right_child=1 9 6 5 -6 8 26 17 15 10 -12 -13 -14 20 27 18 -18 -19 22 -21 -22 -23 25 -25 -26 -27 -28 -29 29 -31
leaf_value=0.059174905375027426 0.036509808357167294 0.093573717605508727 -0.0096777038791427978 -0.016015502290692492 -0.028695620925047564 0.066179818497356532 0.036190628764226344 0.080263606783876909 0.11926164794365783 0.00075283558945172082 0.063220920996067229 -0.012366571393311142 0.052855331202508148 0.024210408807111415 -0.020129865131334398 -0.017250847690506031 -0.001886300394696226 0.011356668381986314 0.0065328472871911836 -0.020592365861119406 -0.016773146051469925 0.092098077364125966 0.11112983433174073 0.042157443134513368 -0.024250792212646342 0.026917727539620965 -0.023508440843659419 0.0010110529028156626 -0.016520664979369479 0.087272172996021483
leaf_weight=5.9903402300551516 2.5833695530891445 13.057689666748045 82.081023241393268 25.684986924752593 573.5178810916841 15.917496639303861 24.342979951761667 2.496232793666425 2.9991017086431375 7.1725239381194106 116.82030580937862 5.5942627862095824 69.652443535625935 10.333064619451763 1.9165711160749195 5.6913450127467504 2.1366642499342561 17.375524682924151 26.994706922210753 2.0338934473693371 3.2306711170822373 3.3589431196451178 2.3823510510846964 21.951736470684409 28.207827328704298 4.7203539852052927 2.8451139759272328 13.151418354362248 1.1680230284109736 4.8537442479282618
leaf_count=205 152 79 4857 1375 48195 438 789 65 113 130 622 52 747 276 98 247 89 623 990 96 104 64 81 769 2137 183 98 537 58 223
internal_value=-1.23809e-05 0.0399644 -0.0219521 0.0178715 -0.0276975 0.0255179 0.00393464 -0.00305702 0.0376582 0.0582431 0.0554719 0.0438623 0.0480631 0.0093998 6.85714e-05 0.0299946 0.0767667 0.0234434 0.0249424 0.038915 0.0337487 0.0459997 0.0294541 0.0230341 -0.0181649 0.0653929 0.029331 0.0194954 0.0465793 0.0676542
internal_weight=1100.26 389.58 710.683 177.282 581.542 146.491 129.141 101.953 82.7938 212.297 199.24 82.4192 76.825 63.6974 46.7747 66.8763 5.13577 19.8718 61.7405 8.02423 16.9227 13.692 56.0491 48.9464 30.7912 7.10271 27.1881 21.0898 7.93834 6.02177
internal_count=64492 9564 54928 7934 48496 5645 6432 5545 2910 1630 1551 929 877 2735 2291 2472 202 688 2270 301 444 340 2023 1759 2289 264 887 916 379 281
is_linear=0
shrinkage=0.03


Tree=16
num_leaves=31
num_cat=0
split_feature=11 2 6 27 6 3 18 25 28 2 27 18 11 6 15 28 6 28 28 6 29 18 29 12 18 27 31 29 27 29
split_gain=924.783 226.152 90.7344 76.2489 28.2949 26.1658 20.3982 17.9515 17.6791 16.0465 19.527 15.7157 15.7025 14.7394 19.9228 14.3949 12.911 11.6886 12.478 11.5519 11.2808 11.2493 13.1324 14.8074 13.0487 11.029 15.4001 12.9961 12.5488 15.3233
threshold=5.1881945133209237 3.2523087263107304 7.5499999523162851 0.41801074147224432 18.44999980926514 1.4243296980857851 9.8649997711181658 0.28053939342498785 -0.26866367459297175 2.266944527626038 0.44274193048477178 1.4950000047683718 23.321528434753422 47.750000000000007 -0.1705028638243675 0.031174179166555408 10.250000000000002 -0.44504626095294947 0.048362692818045623 21.150000572204593 -0.72102889418601979 11.914999961853029 -0.49812626838684076 -5.9236111640930167 3.7050000429153447 0.55725806951522838 300.16123962402349 -0.92272481322288502 0.69650536775589 -0.82413947582244862
decision_type=2 2 10 2 10 2 2 2 2 2 2 2 2 8 2 2 10 2 2 10 2 2 2 2 2 2 2 2 2 2
left_child=2 3 11 16 7 17 15 9 -6 -5 -11 -1 -12 14 -7 -4 -2 -3 -19 -16 -18 22 23 25 -24 26 27 -9 29 -27
right_child=1 5 6 4 8 13 -8 21 -10 10 12 -13 -14 -15 19 -17 20 18 -20 -21 -22 -23 24 -25 -26 28 -28 -29 -30 -31
leaf_value=0.0091548005029469352 -0.016224691075839504 0.019197573157869945 0.018328497272136833 -0.0038768450531297648 0.015720607449636374 0.062505457401921469 -0.012964134152426351 0.0078561611044412286 0.071763666966350892 0.091705683433151816 0.0071339728186104083 -0.028866785824399294 0.085156701525228209 0.06988035737326137 -0.0077874256724696621 0.068823424464795849 0.048101500985502373 0.055082894129196612 0.026797065785105628 0.037531371197741317 -0.017099641841165424 -0.018668089839005503 0.0087635840454974006 0.014193561585692509 0.10806843866563941 0.085882467006033858 -0.0029658697901821071 0.08583625236063587 0.007552762696325716 -0.0079104284553336065
leaf_weight=9.5283611463382822 75.237559549510479 22.638191418722272 14.160012542270129 48.212412443011999 8.5312369484454411 30.31830788590014 9.1811165781691653 3.6689580306410789 14.560895858332513 2.4366242606192854 25.081792126409713 557.68664402421564 1.5896237175911654 78.592476846650243 6.9153170734643963 7.9944038577377787 4.7009930107742548 43.909572321921587 25.24218181706965 15.260567001998423 3.4173049600794894 4.0409424863755694 2.0433381069451562 46.869382955133915 2.6773448046296835 10.022707459516822 9.7758709685876948 3.6318552559241679 3.6306115444749585 1.6412271130830038
leaf_count=429 5948 263 530 2419 191 239 525 147 237 112 994 47417 49 395 78 269 192 393 262 107 158 199 75 1816 112 297 387 137 80 56
internal_value=-0.00039808 0.0299217 -0.0254628 0.0114811 0.0220149 0.0522561 0.023655 0.0174565 0.0525708 0.00677932 0.023972 -0.0282131 0.0146935 0.0610823 0.0468501 0.038735 -0.0123078 0.0391288 0.045287 0.0236729 0.0217905 0.026656 0.0290315 0.0254544 0.0741302 0.0408447 0.0222553 0.0523155 0.0589607 0.0731024
internal_weight=1093.2 494.647 598.551 271.771 188.415 222.877 31.3355 165.323 23.0921 77.3205 29.108 567.215 26.6714 131.087 52.4942 22.1544 83.3559 91.7899 69.1518 22.1759 8.1183 88.0022 83.9613 79.2406 4.72068 32.3712 17.0767 7.30081 15.2945 11.6639
internal_count=64513 15343 49170 13606 7308 1737 1324 6880 428 3574 1155 47846 1043 819 424 799 6298 918 655 185 350 3306 3107 2920 187 1104 671 284 433 353
is_linear=0
shrinkage=0.03


Tree=17
num_leaves=31
num_cat=0
split_feature=11 1 6 27 6 15 27 27 3 1 11 3 6 1 25 19 17 16 17 24 24 25 13 23 3 11 23 26 28 18
split_gain=875.809 203.632 84.361 83.0028 34.2877 20.832 19.7651 18.7438 17.4156 16.1186 14.2353 21.9588 18.0057 13.2003 12.1763 11.8058 15.4292 16.754 11.6918 11.3498 12.7253 11.1641 11.1145 10.9878 10.9317 10.5151 10.5011 10.1077 10.3637 9.53346
threshold=5.1881945133209237 29.050000190734867 9.8499999046325701 0.31962364912033087 9.5500001907348651 -0.098551891744136796 0.37715053558349615 0.49193547666072851 -1.0434936881065366 56.149999618530281 17.368749618530277 0.026850542984902862 19.849999427795414 5.3500001430511483 0.27599358558654791 -1.0162621140480039 -0.27469275891780848 0.081594590097665801 1.1957300305366518 1.0000000180025095e-35 0.37289945781230932 0.22901142388582232 -0.54839909076690663 -0.12401061877608298 0.26470625400543218 5.3527777194976816 1.0035550594329836 31.865000724792484 -0.61913973093032826 12.184999942779543
decision_type=2 2 10 2 8 2 2 2 2 2 2 2 8 2 2 2 2 10 2 2 2 2 2 2 2 2 2 2 2 2
left_child=2 3 6 -2 5 7 -1 24 -4 19 25 12 -12 -14 23 -16 -17 -18 26 -3 21 -21 -11 -9 -5 -6 -10 28 -22 -27
right_child=1 9 8 4 10 -7 -8 14 18 22 11 -13 13 -15 15 16 17 -19 -20 20 27 -23 -24 -25 -26 29 -28 -29 -30 -31
leaf_value=-0.029731609173992316 -0.02272401967946331 0.063654614938378207 0.06484347870750036 -0.017136686952119888 0.078331828223003205 -0.0097953076619182403 -0.01248908697249719 -0.019941591050362941 -0.014517574940749392 0.073503340420229546 -0.002967732539551723 0.014523603611342565 0.047534328964976322 0.12496424949163552 0.0091424898541369124 0.001162724145109236 0.13218220663240027 0.013377240795509376 0.054966527229172342 -0.0026994747254442107 0.024436345112719433 0.033131237145921449 0.048512589785569861 0.029751841590732058 0.030919214076944097 0.024176780624040703 0.043276885725109168 0.011977452949433306 0.057841508842176245 -0.015622195627741083
leaf_weight=487.93243816494942 49.705358962528408 22.199748072773218 7.0815970962867167 14.728648333810272 2.2983676502481094 43.711649825796485 70.511865946464241 4.6287527317181274 11.798750333487989 41.771689862012863 2.2192948199808606 10.102477782405911 6.1930276919156313 4.7475889548659325 3.5109969414770603 1.8374425517395137 3.4168200343847257 1.7332293717190621 3.188332754187285 10.112800531089304 12.821808423846958 31.575483333319426 44.20277601480484 14.360821863636374 4.8572285231202832 117.52085844334215 2.6341014103963962 7.4332812689244738 45.474407371133566 5.0233222888782612
leaf_count=43728 4049 171 169 945 85 2487 4534 221 483 200 57 264 150 97 125 75 119 73 114 109 98 220 221 601 259 3968 94 48 346 267
internal_value=-0.000130038 0.028712 -0.025172 0.012252 0.0195331 0.00515319 -0.0275807 0.018398 0.0282352 0.0507393 0.0284469 0.0499478 0.0741957 0.0887859 0.0331177 0.0578275 0.078083 0.100875 0.0108309 0.0432787 0.0385193 0.0245797 0.0613601 0.0172473 -0.00429596 0.0240755 -0.00184893 0.0468595 0.0510303 0.0224321
internal_weight=1089.33 506.188 583.147 290.596 240.891 92.7856 558.444 49.0739 24.7028 215.592 148.105 23.2624 13.1599 10.9406 29.4881 10.4985 6.98749 5.15005 17.6212 129.618 107.418 41.6883 85.9745 18.9896 19.5859 124.843 14.4329 65.7295 58.2962 122.544
internal_count=64377 15255 49122 13842 9793 4905 48262 2418 860 1413 4888 568 304 247 1214 392 267 192 691 992 821 329 421 822 1204 4320 577 492 444 4235
is_linear=0
shrinkage=0.03


Tree=18
num_leaves=31
num_cat=0
split_feature=8 1 27 6 27 6 1 5 21 3 11 15 27 21 8 16 13 25 1 1 16 16 28 5 23 13 29 33 25 5
split_gain=837.373 111.402 104.897 52.724 45.0718 24.3494 16.5965 16.1842 15.935 16.3821 15.9063 14.2529 12.9591 18.9789 12.7992 15.1077 12.58 12.0391 11.8289 21.4664 11.4449 11.3265 10.8879 11.9801 11.9364 10.6979 11.4796 15.7163 9.81177 9.36744
threshold=5.6295351982116708 26.150000572204593 0.47850877046585089 11.250000000000002 0.41801074147224432 3.8500000238418584 45.350000381469734 -3.6499999761581416 -1.0727198123931883 -0.44955916702747339 12.706249713897707 -0.67237323522567738 0.51639783382415783 0.46197709441185003 6.0625901222229013 -0.067709155380725847 -0.89317777752876271 0.17906992137432101 3.3500000238418584 4.2500000000000009 -0.17425957322120664 0.25795416533946997 -0.63921129703521717 21.650000572204593 -0.083519250154495225 0.42183910310268408 -0.49812626838684076 2.437980175018311 0.25884145498275762 -31.249999999999996
decision_type=2 2 2 10 2 8 2 8 2 2 2 2 2 2 2 8 2 2 2 2 10 10 2 8 2 2 2 2 2 10
left_child=2 4 3 -1 -2 11 22 18 -7 -10 -9 17 13 -12 15 -11 -8 -6 29 -20 -18 -5 23 -3 28 26 -16 -28 -24 -4
right_child=1 6 7 21 5 8 16 10 9 14 12 -13 -14 -15 25 -17 20 -19 19 -21 -22 -23 24 -25 -26 -27 27 -29 -30 -31
leaf_value=-0.028031098574008317 -0.011328388964113128 -0.015933117838797833 0.047521937912369895 0.048558692484802574 0.075711693501145622 -0.0048733471281568359 0.069742810266051419 -0.01002045817499215 0.04775721576070846 0.11843584344753538 0.0033522960571626178 -0.014047193536431871 0.006624492392543169 0.12019680329535783 0.0040704948464764072 0.0024534887763734436 0.025172974945402642 0.0011378408291526673 0.10609084465584886 0.022044771014111477 0.053279468270175594 -0.014976565366758392 0.0056338769438592003 0.031271718197902559 0.052293954606947211 0.042189002213714528 0.073400258018581091 -0.020058175382082669 0.039288840217168879 -0.0088793236439287018
leaf_weight=554.54969674069434 42.883414096198976 6.3360783867537975 2.3944313265383235 9.1627352498471719 2.3890009690076139 10.526280718855558 39.620283558964729 49.761452502571046 42.11341567337513 1.6130936890840528 2.5376625340431955 20.748936072923243 13.957806765101848 1.5870657349005339 37.216039597988122 1.7189020980149501 19.974914498627186 4.6565157882869244 2.7186302542686489 13.605566524900494 62.850803770124912 2.8347655143588772 12.526083961129187 14.299792978912594 46.696524269878864 12.120898504741488 4.1746468273922863 1.8360748142004011 21.449942491948605 11.170657549984755
leaf_count=49798 3120 109 33 285 114 398 184 2797 1135 47 108 1114 472 61 1096 62 101 196 92 420 310 124 154 116 449 412 149 64 186 438
internal_value=-0.000994633 0.0329153 -0.0217256 -0.0266702 0.015363 0.0236131 0.04706 0.00691745 0.0298347 0.0334716 -0.00126008 -0.00147557 0.0221094 0.0629919 0.0225907 0.0729813 0.0547844 0.0326919 0.0249191 0.0413577 0.0468822 0.0335493 0.0372798 0.0167113 0.0422722 0.0183158 0.0108191 0.0460629 0.027397 0.0036555
internal_weight=1070.03 405.752 664.28 566.547 181.997 139.114 223.754 97.7333 111.319 100.793 67.844 27.7945 18.0825 4.12473 58.6797 3.332 122.446 7.04552 29.8893 16.3242 82.8257 11.9975 101.308 20.6359 80.6726 55.3477 43.2268 6.01072 33.976 13.5651
internal_count=64144 9516 54628 50207 7907 4787 1609 4421 3363 2965 3438 1424 641 169 1830 109 595 310 983 512 411 409 1014 225 789 1721 1309 213 340 471
is_linear=0
shrinkage=0.03


Tree=19
num_leaves=31
num_cat=0
split_feature=8 2 27 27 5 6 6 15 34 11 0 24 18 27 25 11 23 34 25 15 25 20 28 28 16 25 25 2 28 18
split_gain=839.076 114.251 98.9405 37.3978 34.3274 22.1136 20.8599 19.2246 15.9634 14.7377 13.552 14.2461 12.9172 11.7034 16.4571 11.5968 11.2389 10.5585 14.9295 10.4616 15.3613 11.6294 10.1131 16.0606 12.6113 13.0184 16.5039 16.2962 12.7568 11.908
threshold=5.6295351982116708 3.2523087263107304 0.31962364912033087 0.29516129195690161 -4.3500001430511466 15.750000000000002 3.8500000238418584 -0.016699605621397492 0.054646093398332603 8.5812497138977069 5.5000000000000009 0.82232517004013073 1.4950000047683718 0.5900537669658662 0.2398079112172127 23.321528434753422 -0.48332355916500086 0.15139237046241763 0.33664514124393469 -0.67237323522567738 0.17906992137432101 -0.43435205519199366 -0.94705909490585316 -0.87812310457229603 0.17193879932165149 0.39900645613670355 0.3064828515052796 3.0228579044342045 -0.16799356788396833 9.1449999809265154
decision_type=2 2 2 2 8 10 8 2 2 2 2 2 2 2 2 2 2 2 2 2 2 2 2 2 10 2 2 2 2 2
left_child=2 3 5 -2 8 -1 19 22 16 12 11 -3 -6 -10 -15 17 -4 18 -9 20 21 -5 -8 -24 25 26 28 -28 -25 -30
right_child=1 10 4 6 9 -7 7 15 13 -11 -12 -13 -14 14 -16 -17 -18 -19 -20 -21 -22 -23 23 24 -26 -27 27 -29 29 -31
leaf_value=-0.029495441392617294 -0.023344418047375991 0.027670214720278707 -0.0058357205743863527 -0.0042211151787842965 0.014098239519593934 0.049142743636430272 -0.021276221062933125 0.0059375710816737901 -0.00026473805773499125 0.0030775495399955077 0.05203422011542113 0.052129860527470206 -0.021441717645123873 0.062982577350947686 -0.00063757280958930953 0.066767077834656283 0.08655064247296608 -0.0011175618339621198 0.080846722909799898 -0.01135947322285775 -0.0072700704562821353 0.10030660162612953 0.10955624617451368 0.0068957929276619364 0.0067784283328309602 -0.012086050148632659 0.072980305835720113 -0.011138928624276446 0.052279762463556582 -0.019820161315626219
leaf_weight=469.91683982219547 20.367721635848284 66.579190507531166 1.4095925185829399 1.2966921264305713 9.7080600727349502 2.3780984226614228 2.2409498505294314 7.1052627703174931 24.395241985097528 48.259178237058222 141.65833639167249 35.37278157658875 78.852226834744215 6.9178696898743492 6.7670155419036746 2.0585166141390792 3.8439445421099654 38.200357686728239 2.7538077645003796 25.576097282581031 5.4077332653105259 1.9814213132485727 1.7812193101271976 14.750937320291987 14.001081977970896 3.7655085790902367 17.943733261898164 2.052844399586319 16.513663818128418 1.812948360107838
leaf_count=44527 1710 596 56 72 443 81 105 238 1081 2344 907 274 5875 171 165 41 133 1471 78 1525 244 97 74 483 442 121 470 63 458 88
internal_value=-0.000465556 0.0323889 -0.0217941 0.0141237 -0.0028562 -0.0289965 0.0190318 0.024677 0.0201246 -0.0102279 0.0457428 0.0365805 -0.0174319 0.0124619 0.033622 0.0100162 0.0647929 0.00627402 0.0323793 -0.00167641 0.0250651 0.0676377 0.0342304 0.036209 0.0328654 0.039063 0.0428483 0.0642254 0.0284197 0.0444908
internal_weight=1075.67 423.221 652.448 179.61 180.153 472.295 159.243 124.981 43.3337 136.819 243.61 101.952 88.5603 38.0801 13.6849 50.1179 5.25354 48.0594 9.85907 34.2619 8.68585 3.27811 74.8629 72.6219 70.8407 56.8396 53.0741 19.9966 33.0775 18.3266
internal_count=64433 9557 54876 7780 10268 44608 6070 4132 1606 8662 1777 870 6318 1417 336 1828 189 1787 316 1938 413 169 2304 2199 2125 1683 1562 533 1029 546
is_linear=0
shrinkage=0.03


Tree=20
num_leaves=31
num_cat=0
split_feature=11 2 6 6 3 6 19 25 0 8 2 3 34 24 19 0 3 13 30 2 3 26 6 2 3 6 13 20 21 11
split_gain=736.96 151.563 82.7037 37.9686 24.244 21.6742 22.4031 18.0255 17.6679 17.0289 16.2528 17.1326 15.0827 26.2017 14.5183 13.9632 13.8027 13.3102 12.5038 12.9678 14.1885 11.9039 11.7403 11.5462 11.5927 10.3145 10.2957 10.3453 10.0952 11.7194
threshold=5.1881945133209237 3.3758780956268315 7.5499999523162851 3.6499999761581425 -0.92583820223808277 31.44999980926514 -0.097739391028881059 0.22901142388582232 4.5000000000000009 5.0058300495147714 2.256527423858643 -1.7794376611709593 0.052394863218069083 0.50746321678161632 -0.92409268021583546 2.5000000000000004 -0.66851663589477528 -1.0989332199096677 1.5000000000000002 1.864050090312958 -0.49607577919960016 32.417499542236335 12.949999809265138 1.6389495730400088 0.11003512144088747 10.84999990463257 -0.54839909076690663 -0.34044387936592096 -1.2432827949523924 11.856250286102297
decision_type=2 2 10 8 2 10 2 2 2 2 2 2 2 2 2 2 2 2 2 2 2 2 8 2 2 8 2 2 2 2
left_child=2 3 23 10 -4 7 14 16 26 28 11 15 13 -11 -7 -2 -5 -12 19 -14 -21 25 -22 -1 -25 -20 -3 -28 -9 -30
right_child=1 8 4 5 -6 6 -8 9 -10 12 17 -13 18 -15 -16 -17 -18 -19 21 20 22 -23 -24 24 -26 -27 27 -29 29 -31
leaf_value=-0.029101354617011525 -0.018761885343452307 0.042571953495449143 0.056051366760021516 0.022346489290650452 0.0024942240789701006 0.02978865562007316 -0.0085452059528851217 0.040088488432072834 0.049328291451854779 0.11591787076900326 0.077711117386738165 -0.018519691088635111 0.0075196600323269927 -0.004949121230868817 0.10077370098477285 0.082328766852404145 -0.012508139244132499 0.0052887154470931466 0.034086199430660005 0.11408856787878198 -0.0033978615242096074 0.044230445158869237 0.05079343468500707 0.007921078294806214 -0.023197260446920498 0.0012885439437310701 -0.00039492419245750095 0.03081425191330861 -0.0079147396361733732 0.020087194158071798
leaf_weight=463.55300641898066 1.5933309765532606 35.305068746209145 10.621289927512406 13.5808780612424 22.310465754941106 6.164123099297286 4.2252089008688918 6.2030940866097799 153.95899140834808 3.2812741938978425 2.044110555201768 56.88335229922086 9.1216412717476505 2.4645679146051407 5.7483037002384672 1.9252046132460234 33.275022258982062 9.8278079964220506 10.075893945991991 2.0959194675087955 4.4798822784796384 9.3069097232073528 15.086245052516459 15.37583738286048 32.043105588294566 39.466535739600658 14.870042771100996 25.63972394540906 35.997197009623051 20.152880424633622
leaf_count=44198 98 248 286 526 1031 73 86 328 858 83 78 4273 336 76 79 89 1621 452 366 46 176 229 491 954 2690 1193 119 219 2230 835
internal_value=-0.000252029 0.0251584 -0.0246766 0.0107934 0.0209105 0.0169544 0.049529 0.0141566 0.04335 0.0189836 -0.00799716 -0.0143287 0.0268987 0.0710259 0.0691939 0.0425299 -0.0021499 0.0228269 0.0233175 0.0386291 0.0508191 0.0147964 0.0388238 -0.0276498 -0.0131518 0.00850133 0.0307257 0.0196247 0.00664276 0.00231109
internal_weight=1066.68 522.773 543.904 292.999 32.9318 220.726 16.1376 204.588 229.774 157.732 72.2738 60.4019 95.3789 5.74584 11.9124 3.51854 46.8559 11.8719 89.633 30.7837 21.662 58.8493 19.5661 510.972 47.4189 49.5424 75.8148 40.5098 62.3532 56.1501
internal_count=64367 15208 49159 13764 1317 8774 238 8536 1444 6389 4990 4460 2996 159 152 187 2147 530 2837 1049 713 1788 667 47842 3644 1559 586 338 3393 3065
is_linear=0
shrinkage=0.03


Tree=21
num_leaves=31
num_cat=0
split_feature=8 27 1 5 27 11 6 5 1 1 25 8 13 0 0 23 1 29 16 23 22 24 13 3 27 12 33 20 19 12
split_gain=706.464 121.641 86.7321 44.4384 42.8049 28.5002 20.0366 18.1188 17.5775 17.1967 15.4194 15.4048 13.8436 14.8293 13.8275 14.1476 14.1606 12.8412 11.4542 10.9372 11.0167 10.5815 9.7764 8.92074 11.8917 8.8507 9.42247 8.63487 11.4202 8.54624
threshold=5.6295351982116708 0.31962364912033087 31.550000190734867 -6.1499998569488517 0.29516129195690161 17.368749618530277 7.7500000000000009 -21.150000572204586 10.750000000000002 2.2500000000000004 0.09921798482537271 17.878618240356449 -1.0660032033920286 6.5000000000000009 5.5000000000000009 -0.39929760992527003 51.45000076293946 -0.83375966548919667 -0.19494571536779401 0.74868836998939525 -0.036244988441467278 0.67889457941055309 0.24606896936893466 -0.5864620804786681 0.49193547666072851 -4.2472221851348868 2.9311902523040776 1.2248131036758425 -0.85670673847198475 22.31875038146973
decision_type=2 2 2 8 2 2 8 8 2 2 2 2 2 2 2 2 2 2 10 2 2 2 2 2 2 2 2 2 2 2
left_child=1 7 4 10 -2 6 -6 -1 22 -5 -3 -8 21 -14 15 16 -4 27 -10 20 -20 23 -7 -11 -25 -13 -27 28 -15 -17
right_child=2 3 14 9 5 8 11 -9 18 12 -12 25 13 17 -16 29 -18 -19 19 -21 -22 -23 -24 24 -26 26 -28 -29 -30 -31
leaf_value=0.054405007550683775 -0.021999081366561233 0.086271698035049096 -0.013514934978225963 -0.022274680083922201 0.00042008858942467388 0.086429655637973141 0.016580194645288777 -0.029231314689771547 -0.014740069655197066 -0.0074822740226899963 0.021307833813055441 0.014445194990199422 -0.018246621707235705 -0.013311823354234786 0.049691890035977827 0.0096939981523262529 0.032231550497916997 -0.0098519360271405298 0.047534784560341756 0.080317481098853477 -0.018741765597326255 -0.0029984411230347548 0.013095230953102919 0.012317890531628975 0.10314162414746822 0.062801305823356302 0.0012819458496334418 -0.02245082503388349 0.039417755819005765 0.043858304747587666
leaf_weight=1.4633459113538263 23.077196329832077 2.8163022659718981 10.194450311362745 46.755987118929625 52.924397818744183 9.8942628428339976 93.588778842240572 445.17801710311323 4.3159490795806041 1.6095330994576214 37.033278775401413 8.1361814327538031 37.815358927473426 4.1601903392002049 122.12485256791115 8.1185159906744939 12.684378817677496 20.718947797082365 3.5412594312801948 3.0168942976742983 3.6865100022405377 5.4665885856375098 2.3946724170818916 2.515272834338246 2.5855507217347622 15.179557578638198 2.6498902756720772 2.7026724116876713 16.361737250350416 60.579255953431129
leaf_count=39 1775 72 106 3543 2730 226 2690 44524 96 77 1132 197 2520 169 594 72 64 1348 73 61 86 281 67 170 97 366 52 129 745 366
internal_value=-7.35885e-05 -0.0204525 0.0292139 0.000332816 0.0159905 0.0204766 0.0158158 -0.0288364 0.0487744 -0.00761671 0.0278986 0.0225711 -0.000163019 -0.00470864 0.0428373 0.0332582 0.0121353 0.00708817 0.023926 0.0400778 0.0155612 0.0283985 0.0742002 0.0510476 0.0677155 0.0427489 0.0542117 0.0219835 0.0286066 0.0400179
internal_weight=1063.29 627.183 436.107 180.541 222.406 199.328 172.479 446.641 26.8495 140.692 39.8496 119.554 93.9359 81.7589 213.701 91.5766 22.8788 43.9435 14.5606 10.2447 7.22777 12.1769 12.2889 6.71036 5.10082 25.9656 17.8294 23.2246 20.5219 68.6978
internal_count=64467 54846 9621 10283 8419 6644 6035 44563 609 9079 1204 3305 5536 4911 1202 608 170 2391 316 220 159 625 293 344 267 615 418 1043 914 438
is_linear=0
shrinkage=0.03


Tree=22
num_leaves=31
num_cat=0
split_feature=8 27 2 18 8 27 0 2 27 15 16 29 15 8 24 23 15 15 28 28 23 0 20 29 24 22 28 15 29 11
split_gain=712.477 110.74 86.6459 38.6515 21.8534 18.5033 15.4103 18.2095 15.2277 18.237 16.5551 14.8271 14.0541 13.894 10.9948 10.0176 9.81483 14.2364 14.2154 18.0095 12.865 9.29261 13.2661 13.0541 10.9767 11.1622 9.24735 11.1042 12.7044 15.0091
threshold=5.6295351982116708 0.31962364912033087 3.2902640104293828 3.8649998903274541 52.641929626464851 0.35241934657096868 5.5000000000000009 4.0456790924072275 0.66397851705551159 -1.0124964118003843 0.13879908621311191 -0.42958799004554743 0.38218085467815405 1.3699061870574953 1.9322004914283755 -0.50553596019744862 -0.051274789497256272 -0.12865126878023145 0.31799963116645819 0.57077592611312877 -0.78788578510284413 5.5000000000000009 0.86837291717529308 -0.97507822513580311 0.050089385360479362 -0.33421839773654932 0.11692284047603609 -1.1854096651077268 -0.96234029531478871 7.1527779102325448
decision_type=2 2 2 2 2 2 2 2 2 2 10 2 2 2 2 2 2 2 2 2 2 2 2 2 2 2 2 2 2 2
left_child=1 -1 3 11 5 -5 7 15 9 -3 -10 14 -12 -11 16 -4 17 18 26 -20 -18 -7 -23 -24 -25 -26 27 -2 -29 -30
right_child=2 8 6 4 -6 21 -8 -9 10 13 12 -13 -14 -15 -16 -17 20 -19 19 -21 -22 22 23 24 25 -27 -28 28 29 -31
leaf_value=-0.028991617180336268 -0.0012961127961903709 0.023744129908123753 -0.0022403951666494825 -0.021271690280659221 0.099057565788505109 -0.0044387728499959639 0.047309286063675099 0.045686969235556457 0.0013905669777731541 -0.022167140440990919 0.084107309745385703 -0.0077147078995644484 0.0040756031309434754 -0.001668540967494933 -0.021943978601198916 0.026636536980003813 0.056179927805710801 0.09849555129706157 0.11838848550493158 0.017909099436092372 0.0020280035937889377 0.0064751392710429758 0.089919231683481177 -0.013816698856764667 0.09247850504680391 0.0086124132012799365 -0.0048855500410238065 0.06568638021289798 0.06164448372485816 -0.0003679553025251764
leaf_weight=433.72117170318961 5.9965819446369926 17.614984659478068 13.683091539889572 25.352131634019315 1.0748973786830891 35.292160287499428 143.23067551106215 46.270434781908989 13.490617237985136 41.676727181300521 4.4423248674720517 8.0274284128099662 3.2665746649727225 98.928481364622712 2.3687964128330341 48.011847022920847 4.4945569755509522 3.3769299630075684 3.2120716720819464 3.2736356779932976 14.316845959983764 39.705472244881094 2.7220798255875698 4.3007398173212987 1.6789059340953816 3.5605221390724191 5.7941032294183961 11.868113007396454 4.4978317562490835 9.6956989811733347
leaf_count=44509 166 854 163 2147 25 1666 835 218 367 2983 111 319 102 5887 82 478 139 74 91 98 441 1392 83 167 57 130 153 246 151 284
internal_value=0.000107332 -0.0208075 0.0291146 0.0137592 0.0025803 0.000795626 0.0406656 0.0314986 -0.000972626 -0.00421278 0.0223103 0.0300357 0.0545566 -0.00785816 0.0344817 0.0202984 0.036786 0.0440169 0.0377866 0.0768395 0.017149 0.00737535 0.0153308 0.0413554 0.0202824 0.0460007 0.0292897 0.0354274 0.0436128 0.0220472
internal_weight=1054.95 613.141 441.806 190.61 113.687 112.612 251.196 107.965 179.42 158.22 21.1995 76.9226 7.7089 140.605 68.8952 61.6949 66.5264 47.715 44.338 6.48571 18.8114 87.2599 51.9677 12.2622 9.54017 5.23943 37.8523 32.0582 26.0616 14.1935
internal_count=64418 54813 9605 7911 5667 5642 1694 859 10304 9724 580 2244 213 8870 1925 641 1843 1263 1189 189 580 3495 1829 437 354 187 1000 847 681 435
is_linear=0
shrinkage=0.03


Tree=23
num_leaves=31
num_cat=0
split_feature=8 1 18 6 6 1 29 5 25 18 20 17 6 28 31 21 31 28 22 23 29 28 1 28 19 18 1 28 34 25
split_gain=628.096 90.9541 84.318 36.061 35.3646 28.3696 23.6207 22.5424 22.2085 20.8154 13.7201 14.7652 13.5063 12.1471 10.2914 10.0509 11.4216 9.98817 12.3488 9.97851 9.96639 12.7248 9.7938 9.22457 8.77537 8.61836 9.27403 8.58681 8.78189 8.77798
threshold=5.0058300495147714 31.550000190734867 4.7950000762939462 4.5499999523162851 10.650000095367433 7.9500000476837167 -0.88620507717132557 -3.0499999523162837 0.27314952015876776 11.914999961853029 0.12629720568656924 1.5163313746452334 17.650000572204593 -0.90893998742103566 300.15628051757818 -1.1638417840003965 500.04649353027349 -0.43733984231948847 0.26573903858661657 -1.1445607542991636 -0.4755979031324386 -0.43733984231948847 37.350000381469734 -0.39826117455959315 -0.80745834112167347 2.2350000143051152 16.44999980926514 0.62587949633598339 0.027099445462226871 0.33233979344367987
decision_type=2 2 2 8 10 2 2 8 2 2 2 2 8 2 2 2 2 2 2 2 2 2 2 2 2 2 2 2 2 2
left_child=2 3 7 25 5 -4 8 10 -7 13 14 -12 22 -5 -1 -15 27 18 -6 23 21 -18 -3 -9 -22 -2 -27 28 -17 -30
right_child=1 12 4 9 17 6 -8 19 -10 -11 11 -13 -14 15 -16 16 20 -19 -20 -21 24 -23 -24 -25 -26 26 -28 -29 29 -31
leaf_value=0.03502222638712512 0.014488254294455938 -0.014892771060320121 -0.027879965199369305 -0.010467453933242946 0.0024395744973495668 -0.015674930477269977 -0.019783286379631077 -0.017746966175775914 0.079485007054345719 -0.014938317639131764 0.07779904121657874 -0.010442624026665546 0.042318506263927948 -0.0019405706539440334 -0.0092272261618545487 0.063114037656438013 0.0035151001101241183 -0.0028199743304956333 0.080004342796201347 -0.0079807364944894169 0.022014983079936504 0.041440768500857712 0.02783512611572397 0.064426915774595722 0.098723247984871268 -0.018230398596815266 0.023713742943679346 -0.01583397354365956 0.013704994310745136 0.033094267883653342
leaf_weight=8.910477117635315 11.572627443820236 5.7285593785345581 480.12709708046168 9.1946416739374381 3.5168509809300295 3.0536259487271327 10.253802721388636 1.3576333438977601 4.963497968390584 14.056487428955732 6.9511835193261486 1.8959772326052187 196.33444702997804 12.319826466962693 8.4145836569368822 3.743342835456132 11.027857755310832 8.4915452208369953 3.0488891899585724 40.91997929289937 2.918562182225287 29.61102242488414 18.29039254412055 2.4650919279083601 3.6089068343862882 40.64552637655288 4.4863650323823085 4.9405308961868277 68.378749798052013 31.377397966571152
leaf_count=286 468 76 48833 438 134 183 757 85 204 847 214 57 994 435 272 88 331 258 90 2387 94 690 130 112 101 2919 167 231 1972 810
internal_value=-0.000151306 0.0257077 -0.0208797 0.0131601 -0.0251097 -0.0264838 0.00974687 0.00967006 0.045521 0.0193689 0.0312293 0.0597485 0.0396996 0.0221602 0.0142 0.0239981 0.026051 0.0191927 0.0442717 -0.00334803 0.0384521 0.0314808 0.0174565 0.0376145 0.0719064 -0.00774561 -0.0136373 0.020355 0.0222175 0.0200716
internal_weight=1052.61 468.235 584.37 247.882 513.455 498.398 18.2709 70.9149 8.01712 191.177 26.1722 8.84716 220.353 177.121 17.3251 167.926 155.606 15.0573 6.56574 44.7427 47.1663 40.6389 24.019 3.82273 6.52747 56.7045 45.1319 108.44 103.499 99.7561
internal_count=64663 10791 53872 9591 50459 49977 1144 3413 387 6037 829 271 1200 5190 558 4752 4317 482 224 2584 1216 1021 206 197 195 3554 3086 3101 2870 2782
is_linear=0
shrinkage=0.03


Tree=24
num_leaves=31
num_cat=0
split_feature=11 8 1 18 27 25 27 12 15 3 14 19 19 17 17 29 23 12 14 21 0 24 27 15 14 0 15 21 14 29
split_gain=624.063 100.009 48.0758 47.6162 35.4084 17.5174 14.843 14.4374 13.1191 11.6799 11.1723 14.6194 15.7875 14.4715 10.5184 10.0221 10.3978 9.656 9.34797 8.71118 9.96347 16.7628 8.35403 8.34608 17.1977 12.762 9.57044 11.14 8.72745 9.91787
threshold=5.1881945133209237 5.6295351982116708 56.149999618530281 4.6400001049041757 0.46720430254936224 0.12360946834087373 0.29516129195690161 -16.856249809265133 -1.1921226382255552 -0.42554919421672815 -1.0018810629844663 -0.74274060130119313 -0.17099989950656888 0.45840835571289068 0.85707229375839245 -0.94137725234031666 -0.36701412498950953 3.4881944656372075 1.3898985385894778 -0.41010773181915278 6.5000000000000009 0.64082935452461254 0.77849462628364574 -1.1401489377021787 -0.9273085594177245 2.5000000000000004 -1.3871990442275999 1.2185187339782717 -1.1150949597358701 -0.99628248810768116
decision_type=2 2 2 2 2 2 2 2 2 2 2 2 2 2 2 2 2 2 2 2 2 2 2 2 2 2 2 2 2 2
left_child=3 4 5 15 17 -3 -5 -7 9 -8 13 -12 -13 -6 -11 16 -1 -2 -14 20 -9 -22 23 24 26 -25 -21 -28 29 -27
right_child=1 2 -4 6 10 7 8 19 -10 14 11 12 18 -15 -16 -17 -18 -19 -20 22 21 -23 -24 25 -26 28 27 -29 -30 -31
leaf_value=0.069638011782175394 -0.016699031281132259 -0.0034780580743697955 0.04850898292358647 -0.029584024778400546 0.077575433157138496 0.064672867161748498 -0.019091172779951086 0.0017168454516499824 -0.01771725282396102 -0.0014091303508501421 -0.016066614385808111 0.043619565051909226 -0.0019871786802421751 0.014368189743543576 0.11547218151249408 -0.0010269720091259397 0.0041306727338879107 0.033529671911230463 0.043250298332150779 0.027944176976777195 0.035200527238796867 -0.008590874085682083 0.063401375677253 -0.0024431394757807603 -0.012077210723169139 0.051427990377762446 0.087117928983331108 0.027158799204435626 0.028926897186082445 0.00048459512621258128
leaf_weight=3.1526822950690985 68.714852041564882 19.55687313247472 93.689494445919991 379.3774682963267 4.4874632097780696 7.6760118240490547 1.6346572050824764 30.055451842024922 74.070707533508539 1.0701307961717237 14.622489615343509 13.394853022880847 25.82587846741081 9.5228857081383449 0.84933101478964079 32.155974272638559 4.8781864838674647 2.7128795869648448 3.8725960068404666 13.702409341931343 30.58817742113024 10.022737246938048 5.1811546683311454 15.480337018147109 4.4335661297664037 3.1181351505219963 8.4326740466058236 5.7451855596154937 133.92272872012109 20.987694341689348
leaf_count=106 5686 547 409 41241 123 157 115 767 5695 65 517 518 1168 311 45 1756 149 159 195 229 586 191 63 359 93 49 127 94 2601 398
internal_value=-8.74398e-05 0.0220433 0.0296848 -0.0243751 0.000496264 0.0238374 -0.0271239 0.0256893 -0.0148772 0.0352056 0.0152795 0.00910028 0.0178106 0.0384326 0.0721466 0.00678409 0.0347104 -0.0143547 0.00512838 0.0244019 0.0149379 0.0244461 0.027486 0.0262797 0.0405288 0.023409 0.0490228 0.0662113 0.0259409 0.00886019
internal_weight=1042.94 545.747 402.593 497.189 143.154 308.903 457.002 289.346 77.6248 3.55412 71.7262 57.7158 43.0933 14.0103 1.91946 40.1868 8.03087 71.4277 29.6985 281.67 70.6664 40.6109 211.004 205.823 32.3138 173.509 27.8803 14.1779 158.029 24.1058
internal_count=64519 15347 6670 49172 8677 6261 47161 5714 5920 225 2832 2398 1881 434 110 2011 255 5845 1363 5557 1544 777 4013 3950 543 3407 450 221 3048 447
is_linear=0
shrinkage=0.03


Tree=25
num_leaves=31
num_cat=0
split_feature=11 1 6 6 5 11 1 15 3 1 18 18 1 6 16 3 8 3 3 18 30 29 22 25 16 16 25 23 6 6
split_gain=593.302 105.055 66.5486 38.1245 18.5938 17.5714 16.3752 19.5912 14.0983 15.0233 13.7175 13.6743 13.1557 13.1194 12.2249 11.4433 12.8566 11.1452 10.7455 10.3861 18.3854 14.6297 10.3045 9.71677 9.08329 9.05692 8.21238 11.7777 8.58604 9.265
threshold=5.1881945133209237 29.44999980926514 7.9500000476837167 4.2500000000000009 -44.04999923706054 16.8881950378418 8.5500001907348651 -0.89943042397499073 -1.1434167623519895 12.550000190734865 3.8649998903274541 2.8950001001358037 69.350002288818374 21.94999980926514 -0.41541892290115351 0.61093491315841686 3.6842002868652348 0.45508854091167456 -1.7794376611709593 1.0000000000000002 2.5000000000000004 -0.96687281131744374 -1.5819483399391172 0.20441298186779025 -0.056769249960780137 0.1540009751915932 0.25865717232227331 0.12549131363630298 16.550000190734867 28.349999427795414
decision_type=2 2 10 8 8 2 2 2 2 2 2 2 2 8 10 2 2 2 2 2 2 2 2 2 10 8 2 2 10 10
left_child=2 3 10 6 -5 8 18 -8 19 -10 -1 -4 26 -13 -7 16 -16 -11 23 20 21 -6 -19 -2 -21 -26 27 -3 -29 -30
right_child=1 12 11 4 5 14 7 -9 9 17 -12 13 -14 -15 15 -17 -18 22 -20 24 -22 -23 -24 -25 25 -27 -28 28 29 -31
leaf_value=-0.0040239524876734276 -0.019924344297043844 0.010467502948617194 0.046197342915171122 0.054247011307240342 0.014981332268299331 -0.013850573850755008 0.081274900822409221 0.0011013628264247453 -0.0019050513267903425 0.033411814844959919 -0.028764076480103123 -0.01030366116426655 0.049788055257147697 0.037418258725935141 0.01252711992655103 0.0013770087952977488 0.059948117111279647 0.06144419528617736 -0.018947213193139998 -0.0073974361693365416 -0.013854934003657357 0.10682828843214406 0.002785343113451565 0.057428786768707211 0.056287652028964026 0.0061981869090477378 0.036672706782266064 0.01019833131123399 0.067829854421576283 0.028975232791072645
leaf_weight=21.531326220370829 1.8708998933434475 36.050342369824648 8.9482605289667863 9.6278098635375482 2.8161518396809697 4.1078203767538062 2.4790471252053967 13.101938867941497 93.056060590781271 22.568484545685351 429.95216496568173 16.633906359784309 48.896491050720215 6.3567308299243441 7.8813339313492206 6.2458999799564472 18.260527582839131 1.9146781712770451 59.032704634591937 9.0880522923544085 2.4406762393191457 3.982708162628116 37.491370300762355 2.4082277324050665 5.5068061128258652 7.051330975256862 119.86210928484797 10.633802954107521 8.8450685329735297 19.941723175346851
leaf_count=1252 113 276 185 123 45 111 87 576 4734 577 46611 882 210 126 247 167 387 61 4639 308 61 85 1174 104 182 248 628 86 75 103
internal_value=-0.000362522 0.0207791 -0.0246344 0.00916521 0.0152745 0.0133522 -0.00876965 0.0179899 0.00951181 0.0057334 -0.0275957 0.0167937 0.0354673 0.00390078 0.0321404 0.0382136 0.0466398 0.0170508 -0.0155325 0.0277029 0.0529121 0.0755835 0.00708562 0.026241 0.0150812 0.0306942 0.0316472 0.0232906 0.0344682 0.0427901
internal_weight=1038.58 555.162 483.422 310.933 232.04 222.412 78.8928 15.581 185.916 155.031 451.483 31.9389 244.23 22.9906 36.4956 32.3878 26.1419 61.9745 63.3118 30.8857 9.23954 6.79886 39.406 4.27913 21.6462 12.5581 195.333 75.4709 39.4206 28.7868
internal_count=64463 15407 49056 14029 8510 8387 5519 663 7475 6546 47863 1193 1378 1008 912 801 634 1812 4856 929 191 130 1235 217 738 430 1168 540 264 178
is_linear=0
shrinkage=0.03


Tree=26
num_leaves=31
num_cat=0
split_feature=11 1 5 27 27 5 0 1 17 17 5 23 0 13 0 31 15 24 27 27 27 1 19 1 5 17 29 1 34 25
split_gain=566.172 94.4057 77.909 38.1846 21.1387 16.3958 14.5667 15.2205 13.8095 13.4921 13.1714 12.6447 12.5028 17.7584 11.5357 11.4206 10.6341 10.4931 10.0541 10.0236 9.2564 19.9274 9.21144 9.16345 8.72202 8.39868 14.1411 13.4781 7.97804 7.70995
threshold=5.1881945133209237 24.849999427795414 -7.5499999523162833 0.42634408175945288 0.30322581529617315 -20.05000019073486 5.5000000000000009 77.149997711181655 0.8842846453189851 0.17177493870258334 -11.65000009536743 -0.39929760992527003 2.5000000000000004 -1.1980097889900205 4.5000000000000009 500.04649353027349 -1.2053942680358884 0.69005900621414196 0.63709676265716564 0.71774193644523632 0.44274193048477178 8.1500000953674334 1.0172796249389651 35.549999237060554 -10.349999904632567 -1.4201403856277464 -0.82413947582244862 7.9500000476837167 1.0846403837203982 0.21827102452516559
decision_type=2 2 8 2 2 8 2 2 2 2 8 2 2 2 2 2 2 2 2 2 2 2 2 2 8 2 2 2 2 2
left_child=2 3 8 10 -4 -5 7 11 -1 -6 -2 15 13 -7 -10 -3 17 -11 20 -18 21 -14 24 -8 -20 26 27 -22 -23 -12
right_child=1 6 4 5 9 12 23 -9 14 16 29 -13 18 -15 -16 -17 19 -19 22 -21 25 28 -24 -25 -26 -27 -28 -29 -30 -31
leaf_value=0.0098070142791156032 0.028349075397404281 -0.015043516904507302 -0.029767727046265364 0.036979463719793972 -0.023627637321716188 0.044146456823032379 0.026679985205155909 0.050845190251339489 0.08114895665250639 0.081440126891660636 -0.023596358532931766 0.025971450849057189 -0.00013095650550597372 -0.020233907609939303 0.0089880280675485782 0.027115461813741821 -0.01022475208679121 -0.0086103188236900403 -0.0076799844933714322 0.041804423808736758 0.007358286926509301 0.1202513266649595 -0.0032477176314735833 0.044136260051600894 0.036912816070823078 0.0046662386411895412 -0.020381241204120996 0.11123618955695336 0.025697225702521389 -0.0040178419067563569
leaf_weight=18.665466624312106 7.0436028968542814 14.8132262211293 361.02616245299578 27.651352975517511 47.493223642930388 3.7989176670089391 43.38350834697485 16.618089035153389 4.8306941958144289 1.6830887086689466 30.178620500490069 71.37578840740025 5.9069249983876926 19.026915760710835 3.4500072803348303 8.1173232775181514 33.0414017168805 1.7526029851287601 4.0693990252912045 2.706386591307818 2.1608306691050534 1.5860573817044499 7.586028608493506 115.94899293035269 36.137143213301897 91.563474351540208 1.9493762953206886 1.7471865927800534 2.192645438015461 44.387692598626018
leaf_count=676 204 142 41754 376 3901 136 407 71 128 105 2850 559 337 932 99 67 2487 103 89 78 101 63 220 510 869 3542 85 59 77 3489
internal_value=0.000473233 0.020965 -0.0235778 0.00893411 -0.0265672 0.0158106 0.0336606 0.0248814 0.0252633 -0.013049 -0.00835292 0.0198207 0.0123286 -0.00811588 0.0552923 0.000390041 4.20262e-05 0.0439188 0.015374 -0.00525532 0.0101083 0.0366955 0.0267258 0.0395793 0.0323226 0.00711898 0.0391888 0.0670016 0.0822439 -0.0121491
internal_weight=1031.89 557.243 474.649 286.986 447.703 205.376 270.257 110.924 26.9462 86.6767 81.6099 94.3063 177.725 22.8258 8.2807 22.9305 39.1835 3.43569 154.899 35.7478 107.106 9.68563 47.7926 159.333 40.2065 97.4209 5.85739 3.90802 3.7787 74.5663
internal_count=64516 15185 49331 13429 48428 6886 1756 839 903 6674 6543 768 6510 1068 227 209 2773 208 5442 2565 4264 477 1178 917 958 3787 245 160 140 6339
is_linear=0
shrinkage=0.03


Tree=27
num_leaves=31
num_cat=0
split_feature=11 2 6 27 18 18 3 6 3 29 14 31 28 8 5 20 5 5 11 15 32 28 34 13 24 25 22 5 14 20
split_gain=531.112 86.5804 66.7846 41.1351 18.5566 17.2591 14.9388 14.8464 18.9548 13.4556 11.9482 11.5448 14.9801 23.7061 12.2666 11.3005 10.6677 10.1657 10.1353 9.23094 10.2379 9.18649 15.4877 20.1766 10.6494 12.665 13.3536 14.0007 11.7649 10.1465
threshold=5.1881945133209237 3.2902640104293828 7.5499999523162851 0.31962364912033087 3.8649998903274541 1.0000000000000002 -0.92583820223808277 43.149999618530281 0.77453333139419567 -0.94703993201255787 -1.740517199039459 450.24514770507818 -0.11692013591527937 3.86932384967804 -44.04999923706054 -0.010570854879915713 -15.65000009536743 6.1499998569488534 9.7465276718139666 0.0091532277874648588 1.0000000180025095e-35 -0.84315016865730275 0.37362198531627661 0.16852019727230075 0.35094106197357183 0.20441298186779025 0.8332369625568391 -8.1500000953674299 1.1256318092346194 0.19489315897226336
decision_type=2 2 10 2 2 2 2 8 2 2 2 2 2 2 8 2 8 10 2 2 2 2 2 2 2 2 2 10 2 2
left_child=2 3 4 16 -1 9 19 10 -9 -5 -3 14 18 -14 -7 -15 -2 -17 -13 20 -4 22 -16 -24 25 -23 -27 -28 -26 -29
right_child=1 7 6 5 -6 11 -8 8 -10 -11 -12 12 13 15 21 17 -18 -19 -20 -21 -22 24 23 -25 28 26 27 29 -30 -31
leaf_value=9.1619959784451922e-06 0.042998676951451313 0.05824031223789803 0.019564435566564859 0.043213650624398213 -0.028585977348058813 0.04651033435715593 0.00050062405468818754 0.00189426079992714 0.040526757399139093 0.010502499712584112 0.019692901348014859 -0.012070376026840478 -0.0078359097661045204 0.0204185779000008 -0.0035330696653688427 0.072373282183115853 -0.022853124603158796 -0.00043072550556571973 0.017489279938868292 0.005326513811834372 0.090137489131880549 -0.018018226601113095 0.12716344666534576 -0.015853796519423667 -0.014229748196746678 0.0069909606395239998 0.012144267492398391 0.0097402979750770106 0.037002403553479717 0.12185873487144505
leaf_weight=21.502144711092114 1.4394462592899797 7.1851526089012614 4.2669816175475699 25.562324311584234 406.36686180531979 4.6821721456944942 21.792909708805382 12.488708689808844 148.04770091548562 21.168099808506668 101.85253883339465 16.644354335963726 9.4088504109531623 10.571142906323075 4.5456221029162398 12.83319359179586 39.255827623419464 1.9587275553494699 24.777883411385119 4.6930724382400513 3.6474450258538127 13.081971417181192 1.4728904077783229 1.0744177065789697 50.766979797743261 44.009352599270642 5.2503307508304715 1.2409491594880804 3.4225271791219702 1.7563052112236617
leaf_count=1266 45 49 108 552 46577 65 1012 87 691 646 830 864 451 318 254 354 3960 58 795 132 63 708 67 66 2125 1837 176 61 136 80
internal_value=-0.000104194 0.0194059 -0.0239193 0.00812999 -0.0271523 0.0126198 0.0159232 0.0316665 0.0375517 0.0289265 0.0227392 0.00882628 0.0180382 0.0322762 0.00338474 0.0468893 -0.0195485 0.0633159 0.00560703 0.0405864 0.0585517 0.00143811 0.0323716 0.0793768 -0.000650862 0.00745474 0.0140502 0.0468893 -0.0103822 0.0894883
internal_weight=1026.77 564.497 462.269 294.923 427.869 254.228 34.4004 269.574 160.536 46.7304 109.038 207.498 76.1942 34.7719 131.304 25.3631 40.6953 14.7919 41.4222 12.6075 7.91443 126.621 7.09293 2.54731 119.528 65.3389 52.2569 8.24759 54.1895 2.99725
internal_count=64433 15275 49158 13618 47843 9613 1315 1657 778 1198 879 8415 2840 1181 5575 730 4005 412 1659 303 171 5510 387 133 5123 2862 2154 317 2261 141
is_linear=0
shrinkage=0.03


Tree=28
num_leaves=31
num_cat=0
split_feature=11 2 6 5 2 13 8 8 3 12 6 22 8 21 6 34 15 29 3 33 5 3 8 22 28 13 19 20 21 22
split_gain=502.414 88.2788 61.8689 32.592 18.413 15.6324 13.0382 11.6434 11.4791 16.3116 11.1614 10.832 10.7187 9.63238 14.4755 8.46114 10.4274 8.57327 8.34569 12.6575 9.99881 9.3643 9.17924 8.82469 11.6501 13.4219 12.5413 9.3928 11.219 9.39984
threshold=5.1881945133209237 2.6063797473907475 8.0500001907348651 -2.9500000476837154 3.7830519676208501 -1.3843411803245542 1.4770439267158511 2.2353219985961919 -1.0091213583946226 -0.45902778208255762 47.750000000000007 -1.3447501063346861 30.647702217102054 1.3523904681205752 14.949999809265138 2.9818181991577153 -0.45224875211715693 0.34840355813503271 -0.85346668958663929 1.2382691502571108 -9.8499999046325666 -1.8914836049079893 6.1758935451507577 0.11335667967796327 -0.8337765336036681 -0.44167736172676081 -0.31658054888248438 -1.0000000180025095e-35 -0.76780995726585377 1.1078668236732485
decision_type=2 2 10 10 2 2 2 2 2 2 8 2 2 2 10 2 2 2 2 2 8 2 2 2 2 2 2 2 2 2
left_child=2 3 7 5 11 13 -7 -1 9 -4 -6 -3 -5 14 -2 17 -17 -13 19 21 -21 22 -8 -20 26 -26 -25 -27 -29 -30
right_child=1 4 8 12 10 6 18 -9 -10 -11 -12 15 -14 -15 -16 16 -18 -19 23 20 -22 -23 -24 24 25 27 -28 28 29 -31
leaf_value=-0.029452153230725971 -0.0014145718712543815 0.048997498771638857 0.012623009567991421 -0.015054025722348482 0.025126647248822333 -0.013208956067151828 0.0014371387557810785 -0.016563972576414506 0.0026843550226130727 0.089839126435639738 0.042724862041555942 0.018542779516906544 0.035321783588361348 0.062534443088331018 0.062155997429712534 0.062076307634752574 0.01623021285391665 -0.016166658970125456 -0.005199861629717013 0.009217352435101309 0.078070078203985913 0.0038378444620355955 0.056303368837286052 0.10583726194387624 -0.01209067370499679 0.0013607357792335146 -0.014070613648356019 -0.018660081544919549 0.074117346135174011 -0.0060342473839555882
leaf_weight=334.35621788166463 10.076515547931196 11.728291419334708 7.7442120406776667 68.78604671638459 58.694621354341507 21.109509595669806 4.4306670268997497 83.417236799374223 21.993833309039474 2.9164260411635023 93.80553811788559 147.38694064319134 3.0876655746251336 6.9037965442985287 3.7108839601278296 8.2399940676987189 10.555797091685234 5.957322943955659 35.049517684616148 3.2874442562460899 4.724378500133751 27.079277552664283 6.4471323285251856 1.418984732590616 13.142221109941607 7.3209999157115879 0.85074529610574501 1.5242691542953304 6.1191287189721919 1.440320008434355
leaf_count=40267 396 204 180 5054 297 1349 120 7704 924 50 383 2521 130 194 42 114 168 154 1637 45 93 931 114 79 508 303 58 67 216 66
internal_value=-0.000230548 0.018652 -0.0238162 0.00414554 0.0283794 0.0118824 0.00798792 -0.0269245 0.0155685 0.0396399 0.0361594 0.0217659 -0.0124349 0.0355628 0.0187417 0.0196382 0.0384495 0.0170983 0.0120347 0.0217439 0.0539759 0.0137297 0.0359581 0.00513777 0.0163372 0.0100225 0.0703353 0.0274147 0.0461955 0.0599251
internal_weight=1013.31 562.878 450.428 226.51 336.369 154.636 133.945 417.773 32.6545 10.6606 152.5 183.868 71.8737 20.6912 13.7874 172.14 18.7958 153.344 112.835 45.9689 8.01182 37.9571 10.8778 66.8662 31.8167 29.5469 2.26973 16.4047 9.08372 7.55945
internal_count=64368 15243 49125 11402 3841 6218 5586 47971 1154 230 680 3161 5184 632 438 2957 282 2675 4237 1303 138 1165 234 2934 1297 1160 137 652 349 282
is_linear=0
shrinkage=0.03


Tree=29
num_leaves=31
num_cat=0
split_feature=11 12 6 27 18 13 5 3 6 3 6 27 12 28 34 20 18 31 28 12 13 5 23 12 25 15 16 18 4 19
split_gain=468.781 91.0315 63.6362 43.3494 19.332 16.0044 13.4217 13.3946 12.6249 12.2322 11.3303 9.95937 10.716 10.7745 13.355 10.5477 10.2129 9.57542 9.77305 9.30169 8.72128 8.35 8.58104 8.33904 7.79864 7.4654 7.30654 7.25572 11.1697 7.06758
threshold=4.6437499523162851 10.281250000000002 7.6499998569488534 0.42634408175945288 2.4150000810623173 -1.0660032033920286 -10.050000190734862 0.929590404033661 30.94999980926514 -0.92583820223808277 13.050000190734865 0.63709676265716564 -13.682639122009276 -0.86976337432861317 0.27630075812339788 -0.79911962151527394 0.69999998807907116 325.12968444824224 0.16799744963645938 0.064583335071802153 0.24606896936893466 -7.1499998569488517 0.10853381454944612 -5.5291666984558097 0.28661148250103002 -0.9202158749103545 -0.078102700412273393 6.6150000095367441 -0.25000000745058054 -0.64444157481193531
decision_type=2 2 10 2 2 2 8 2 10 2 8 2 2 2 2 2 2 2 2 2 2 8 2 2 2 2 10 2 2 2
left_child=2 3 4 6 -1 7 23 -3 11 19 -7 12 15 14 -14 -5 21 -18 29 26 -16 -13 -23 -2 -8 -24 -4 28 -17 -19
right_child=1 5 9 8 -6 10 24 -9 -10 -11 -12 16 13 -15 20 27 17 18 -20 -21 -22 22 25 -25 -26 -27 -28 -29 -30 -31
leaf_value=0.010016255917537596 0.053238431909863201 0.0055592933395612722 0.045540991393268476 -0.010018273526470762 -0.02867981285676684 0.0059223813303627181 -0.022866750051816969 0.046844158881080553 0.036880557005401035 0.0025437855124659887 0.027504677753498786 -0.002377374781766705 -0.0083053456051455955 0.00042109323648698466 0.095010830827298443 0.010880648043936436 -0.0026438368059235693 -0.0078872846031549579 0.05902073878309886 0.079953867957103894 -0.0015172224349259261 0.081734258064034185 -0.0090531180092278517 -0.0026557938712686428 -0.0031813337914959371 0.047786774558502679 -0.0078129165160604006 0.0025307762474744804 0.078491690724813892 0.02663466896013169
leaf_weight=11.52332833688706 3.2479813760146499 8.320036778226493 3.6398665551096201 4.589952219277623 378.97179407253861 25.409299844875932 50.797459540888667 60.485254265367985 17.229513252153993 18.664874180220068 191.96315422002226 3.0338999144732952 3.030627639964222 113.00337614957243 2.3410760601982479 3.9528685696423054 19.816104212775826 7.7637333776801851 4.9556515011936417 2.988738308660686 1.0848992820829151 4.5341210123151523 2.9877577256411314 5.3232272099703533 28.411000832915306 4.2565307579934597 4.1069572176784295 3.4830617085099211 5.2738906377926451 13.797777136787774
leaf_count=609 85 95 84 133 45920 424 4990 364 199 874 1383 47 148 4620 96 100 554 175 124 48 68 84 59 172 2142 75 116 121 129 340
internal_value=-0.000121225 0.0171317 -0.0243095 0.00563801 -0.0275152 0.0292357 -0.012037 0.0420031 0.0128721 0.0177742 0.0250205 0.0106071 0.00602852 0.00272958 0.0376578 0.0274147 0.0205857 0.01313 0.0245853 0.0417806 0.071007 0.0416023 0.0522302 0.0218742 -0.0159336 0.0260897 0.0195961 0.0406777 0.0534225 0.0144056
internal_weight=1008.99 589.092 419.896 302.915 390.495 286.178 87.7797 68.8053 215.135 29.4004 217.372 197.905 136.76 119.46 6.4566 17.2998 61.1456 46.3333 26.5172 10.7356 3.42598 14.8123 11.7784 8.57121 79.2085 7.24429 7.74682 12.7098 9.22676 21.5615
internal_count=64378 16727 47651 14461 46529 2266 7389 459 7072 1122 1807 6873 5415 4932 312 483 1458 1193 639 248 164 265 218 257 7132 134 200 350 229 515
is_linear=0
shrinkage=0.03


Tree=30
num_leaves=31
num_cat=0
split_feature=11 1 6 27 8 6 8 8 18 0 18 27 3 17 12 18 18 15 1 15 1 3 18 6 16 19 21 22 8 14
split_gain=463.89 75.6453 60.569 33.3034 17.2116 18.5066 18.6806 16.363 16.2757 15.6936 14.8582 12.4629 12.0023 11.5986 10.5946 16.2311 18.5777 8.67392 8.9479 8.43766 8.23923 7.82107 7.60639 8.83248 7.55564 7.31941 7.29199 7.28527 11.3152 7.25116
threshold=4.7055554389953622 12.550000190734865 7.5499999523162851 0.54919356107711803 1.3216145634651186 10.250000000000002 2.7584717273712163 43.866336822509773 4.6400001049041757 4.5000000000000009 1.4950000047683718 0.47850877046585089 -0.92583820223808277 -0.63659754395484913 26.264583587646488 2.8950001001358037 8.9349999427795428 -1.1623358726501463 8.9499998092651385 -1.5227497220039365 18.44999980926514 1.1892068982124331 7.5150001049041757 3.0499999523162846 -0.30975560843944544 0.86658120155334484 0.58820158243179332 -0.87458026409149159 3.748888492584229 -1.0018810629844663
decision_type=2 2 10 2 2 8 2 2 2 2 2 2 2 2 2 2 2 2 2 2 2 2 2 8 10 2 2 2 2 2
left_child=2 3 8 4 -2 17 11 9 -1 13 -5 29 -4 25 15 21 20 18 -6 -12 -17 -11 -21 -24 -22 -3 -14 -25 -29 -7
right_child=1 7 12 10 5 6 -8 -9 -10 14 19 -13 26 -15 -16 16 -18 -19 -20 22 24 -23 23 27 -26 -27 -28 28 -30 -31
leaf_value=-0.0022449868705025121 -0.022675945671897648 -0.02196747282679111 0.038496163861027145 0.035586328961187602 -0.00072341965641012308 0.055735972837012877 0.0021701101763849 0.045092422528992551 -0.028756074292748238 -0.0035468259163231501 0.055387453116345492 0.069185416545526304 -0.011775009853523415 0.01851791587977604 0.035109567934925139 0.055725580428189467 0.0037370076275274264 -0.015304266369618845 0.074032090352752516 -0.00079268281644922166 0.0017476938966345978 0.028529491178168567 -0.02178153818571887 0.0016090020088489207 0.034445784662186313 0.014000987170089584 0.024835897844009677 -0.01056711043036411 0.065499123627125733 0.0023991947542676972
leaf_weight=22.302533355541527 33.6663070730865 11.27641503699124 11.700185530819001 30.629384233616292 5.0401627440005532 2.123285665642471 47.501578385010362 36.748820602893829 360.98402875987813 27.231285631656647 2.4232286401092997 6.1570765282958737 13.083856365643443 76.367973572574556 105.6940421462059 15.863434269092975 20.584103095345199 50.324377294164151 1.007434658706188 38.083765752613544 7.6761026857420793 8.060826404951511 2.4915439533069703 4.5083713727071872 39.496902375482023 7.8150824196636668 6.507337504066526 1.9784188335761426 6.4216108350083232 9.0108451354317367
leaf_count=1525 3061 176 260 596 344 143 2003 184 45323 451 45 212 619 1025 467 463 480 3729 41 1197 101 67 157 145 484 125 287 72 163 677
internal_value=0.000408642 0.0173007 -0.0239474 0.00430269 -0.00403521 0.00128744 0.0121368 0.0260567 -0.0272233 0.0237374 0.0190966 0.0379014 0.0157789 0.0133365 0.0280792 0.0215896 0.0287223 -0.0111768 0.0204673 0.00959585 0.0366953 0.00436374 0.00654262 0.0236249 0.0292718 -0.00727979 0.0010011 0.0333251 0.0483653 0.0163256
internal_weight=1012.76 598.182 414.578 241.367 154.831 121.165 64.7928 356.815 383.287 320.066 86.5363 17.2912 31.2914 95.4595 224.607 118.913 83.6205 56.372 6.0476 55.9069 63.0364 35.2921 53.4837 15.3999 47.173 19.0915 19.5912 12.9084 8.40003 11.1341
internal_count=64622 16608 48014 12585 10210 7149 3035 4023 46848 3839 2375 1032 1166 1326 2513 2046 1528 4114 385 1779 1048 518 1734 537 585 301 906 380 235 820
is_linear=0
shrinkage=0.03


Tree=31
num_leaves=31
num_cat=0
split_feature=8 5 4 4 6 3 0 21 15 34 13 6 12 25 25 16 19 3 34 3 13 29 5 14 3 4 8 5 6 16
split_gain=445.366 76.7381 45.2446 40.9755 22.8051 17.4573 13.0956 11.3612 10.5264 12.4852 10.4052 10.3793 10.3694 9.76455 9.6903 12.4589 11.5166 9.39845 13.882 9.00364 10.3668 8.57789 8.32315 13.3032 11.6454 8.19844 7.59446 14.5191 12.7352 10.6285
threshold=5.6295351982116708 -4.3500001430511466 0.94999998807907116 40.45000076293946 3.8500000238418584 -0.0098217930644750578 5.5000000000000009 -0.41010773181915278 -1.0305765271186826 0.20171486586332324 -0.90659841895103443 13.449999809265138 -5.1708333492279044 0.27314952015876776 0.25082127749919897 -0.30539257824420923 0.6771163046360017 -0.48309871554374689 0.40071557462215429 -1.1434167623519895 1.7091407179832461 -0.99761277437210072 -5.8500001430511466 0.62469804286956798 0.79920268058776867 6.4500000476837167 10.467409610748293 4.1499998569488534 22.250000000000004 0.26767598092556005
decision_type=2 8 2 2 8 2 2 2 2 2 2 10 2 2 2 10 2 2 2 2 2 2 10 2 2 2 2 8 8 10
left_child=1 8 19 4 25 -4 10 14 17 11 -5 12 -10 -7 -6 -16 22 -1 -19 20 -3 -15 23 -17 -24 -2 27 -9 29 -28
right_child=3 2 5 6 7 13 -8 26 9 -11 -12 -13 -14 21 15 16 -18 18 -20 -21 -22 -23 24 -25 -26 -27 28 -29 -30 -31
leaf_value=0.010860750087910993 -0.013179131126732135 -0.015507308337747938 0.010286984301192653 0.039104123125752607 -0.0095124021068704982 -0.025343788954148082 0.04197709146410112 0.033645449486832915 0.041773872529716101 -0.004706942141829944 0.014935557834986825 0.045011884307923217 -0.016326491378071666 0.05220923610770746 -0.024625147416919048 0.0028834092079530887 -0.0025250545363956285 -0.0059650636740311222 0.10199245088652796 -0.028884251302470795 0.052935547338284185 -0.0059580710714477554 0.088052645279652494 0.051227895651858486 0.0067981067396049163 0.013643276335965964 0.0059257662256400334 0.0032544907271089179 0.031573989363710503 0.04790806945524087
leaf_weight=5.273154869209975 30.176676233299077 28.995845609344546 41.327057702001184 25.605809427797794 20.007255992852151 33.100399810820818 87.748424232006073 19.967785056680441 3.1375115467235446 30.593437707051635 46.112775750458241 10.205027254298328 7.3568695704452711 1.5385419116355503 5.3899014340713611 14.173983313143255 12.916516546159981 1.3772695143707081 2.5946691338904202 330.63062437763438 1.1634678510017682 21.555122889112681 3.7191975545138147 7.1385518647730342 2.6630145004019141 14.343132599256931 38.949332037009299 44.267682227306068 102.70445851329714 5.3872894197702399
leaf_count=128 2262 2363 2261 113 668 3310 359 501 146 1352 224 187 476 82 129 323 323 68 81 42787 100 1498 80 137 43 533 935 1537 1243 129
internal_value=0.000898012 -0.018366 -0.022556 0.0216612 0.0154184 -0.0043713 0.0340846 0.0186093 0.0132054 0.00749725 0.0239836 0.0249205 0.0031669 -0.0151429 0.00759295 0.0150767 0.020811 0.0410518 0.0708876 -0.0274456 -0.0112528 -7.67709e-05 0.0314034 0.0206464 0.0596623 -0.00442776 0.0219991 0.0130725 0.025784 0.0119712
internal_weight=1000.12 518.849 458.311 481.272 321.805 97.5211 159.467 277.285 60.5379 51.2928 71.7186 20.6994 10.4944 56.1941 66.0084 46.0012 40.6113 9.24509 3.97194 360.79 30.1593 23.0937 27.6947 21.3125 6.38221 44.5198 211.277 64.2355 147.041 44.3366
internal_count=64378 54839 52401 9539 8843 7151 696 6048 2438 2161 337 809 622 4890 1703 1035 906 277 149 45250 2463 1580 583 460 123 2795 4345 2038 2307 1064
is_linear=0
shrinkage=0.03


Tree=32
num_leaves=31
num_cat=0
split_feature=27 6 1 8 1 15 8 0 21 16 12 29 29 33 12 20 25 34 1 15 6 22 24 1 17 21 20 34 27 24
split_gain=407.581 77.2033 60.7231 29.4595 20.3774 14.6951 12.9054 12.4131 12.9765 15.3272 12.6608 11.6447 30.7508 11.4061 9.56023 9.29846 8.84105 10.7881 8.32843 8.32771 8.28286 9.31123 10.757 9.21866 13.85 10.6026 11.0717 11.2002 10.8029 8.64182
threshold=0.29516129195690161 13.050000190734865 26.44999980926514 15.910190582275392 2.6499999761581425 -0.0024839577381499107 52.641929626464851 5.5000000000000009 0.35185010731220251 -0.10193632543087004 22.31875038146973 -0.48313741385936732 -0.42958799004554743 3.0325433015823369 -3.1236110925674434 0.22871413081884387 0.25082127749919897 0.33464647829532629 43.850000381469734 -1.1401489377021787 30.94999980926514 0.95392319560050975 0.20496769249439242 6.1499998569488534 -1.7622125148773191 1.5446941256523135 0.86837291717529308 1.7200844883918764 0.50806450843811046 0.42967738211154943
decision_type=2 8 2 2 2 2 2 2 2 10 2 2 2 2 2 2 2 2 2 2 10 2 2 2 2 2 2 2 2 2
left_child=2 4 -1 20 -2 11 7 8 9 -5 -10 13 -13 14 -6 -11 19 -18 -9 -14 23 22 -22 29 -25 26 -26 28 -28 -3
right_child=1 3 -4 6 5 -7 -8 18 10 15 -12 12 16 -15 -16 -17 17 -19 -20 -21 21 -23 -24 24 25 -27 27 -29 -30 -31
leaf_value=-0.028569075920330322 -0.015071937122534525 0.011096546368299086 0.026550186465205506 -0.021198075531646755 0.020243405630868742 -0.0060490908235162882 0.051277657735690318 0.0236393123372181 -0.0015004759214329859 0.0026708615740313065 0.040232471863177854 0.13311202552143675 0.038876379379938139 0.044208969613593149 -0.0044127529808737215 0.037322482587649385 -0.016600006492780661 0.077987890416441968 0.039988879299573538 -0.021631283583081789 0.0016281117592725225 -0.0020290231971256956 0.053165173690890737 0.065053591785105738 0.0060945290833257677 0.046012182601391935 0.070226060457312722 -0.007531612488775521 0.017529455753578029 -0.01004962144634208
leaf_weight=339.69123743148521 62.859300310257822 40.867471896577626 18.232707731425762 12.901717387139795 20.599893627688289 57.773088974412531 21.480790437199175 61.395398961380124 8.6181485708802921 16.956634694710377 25.277427412569523 1.5647036740556348 1.9609849955886591 6.1772070657461873 40.286554215941578 11.037001874297856 1.1721362117677929 2.2887566108256578 64.276200532913208 5.6621654108166686 4.9921353831887307 6.2443427424877873 13.187439791858194 4.0683264499530187 83.646563922986388 7.6120626158080986 6.3169721527956453 4.8923129802569738 8.4764697765931469 28.789958456531167
leaf_count=45096 4921 1991 122 89 842 3053 112 658 88 115 130 70 72 83 1629 81 66 123 261 388 72 63 128 96 1984 157 225 106 192 1303
internal_value=-0.000161652 0.0143308 -0.0256951 0.0214688 -0.001057 0.00541328 0.0290808 0.0264595 0.0164307 0.00483397 0.0298827 0.0136929 0.039038 0.00840926 0.00412155 0.017149 0.0158413 0.0494129 0.0322512 -0.0033629 0.0132892 0.0294736 0.0398358 0.0110015 0.016183 0.0138258 0.0110365 0.0307255 0.0430533 0.00233813
internal_weight=989.306 631.382 357.924 431.037 200.345 137.485 221.943 200.463 74.7909 40.8954 33.8956 79.7124 12.6487 67.0637 60.8864 27.9936 11.084 3.46089 125.672 7.62315 209.094 24.4239 18.1796 184.67 115.013 110.944 103.332 19.6858 14.7934 69.6574
internal_count=64316 19098 45218 7851 11247 6326 1534 1422 503 285 218 3273 719 2554 2471 196 649 189 919 460 6317 263 200 6054 2760 2664 2507 523 417 3294
is_linear=0
shrinkage=0.03


Tree=33
num_leaves=31
num_cat=0
split_feature=27 6 1 1 5 27 13 15 29 8 5 14 16 8 19 6 0 6 8 8 28 28 15 22 31 8 16 29 0 15
split_gain=384.56 72.2856 60.7275 44.9888 17.4555 14.9822 11.7804 10.9937 11.8822 10.601 10.5603 10.2956 10.5206 9.83888 9.75783 9.39761 9.38996 7.67338 8.74628 10.5802 7.02676 10.0445 29.9776 26.0149 9.10751 7.03803 7.5063 7.6206 8.52633 8.25808
threshold=0.29516129195690161 3.9500000476837163 31.550000190734867 42.95000076293946 -15.65000009536743 0.63709676265716564 -1.1189827322959898 -1.1401489377021787 0.59003219008445751 1.2516648769378664 -22.55000019073486 -1.1702900528907774 0.11506164819002153 3.86932384967804 -1.7165496349334715 27.650000572204593 2.5000000000000004 0.84999999403953563 6.5518443584442148 6.298147678375245 -0.95244166254997242 -0.87812310457229603 0.45121642947196966 0.62124058604240429 100.09763717651369 43.866336822509773 0.1540009751915932 -0.99761277437210072 4.5000000000000009 -0.033570403233170502
decision_type=2 8 2 2 8 2 2 2 2 2 8 2 10 2 2 10 2 10 2 2 2 2 2 2 2 2 10 2 2 2
left_child=2 5 4 7 -1 13 -5 10 9 15 -3 -7 -13 -2 -11 -9 -8 -15 19 -19 -16 22 23 24 -22 26 27 28 -23 -30
right_child=1 3 -4 6 -6 11 16 8 -10 14 -12 12 -14 17 20 -17 -18 18 -20 -21 21 25 -24 -25 -26 -27 -28 -29 29 -31
leaf_value=0.035287053954507056 -0.02384558023753839 0.052165688076789521 0.030972564637033101 0.046464330475744317 -0.028817732714195687 0.059259931336928896 0.006196535566589112 -0.016672850144446329 -0.015837841876378961 -0.021802077988324082 0.017912651298859668 -0.020381220137154044 0.030909126169763122 -0.023614063878173389 -0.013527560728110091 0.037750847873637174 0.030376102928781304 0.010763053849309397 -0.0066384020914165374 0.089162423990242157 0.028978399422636313 -0.0023344662958757478 -0.020225341631478898 -0.018236873016814377 0.14392556490652209 0.043595477798868416 0.0057755153448949808 0.0142278742809244 0.070258019412214309 0.018834707004624845
leaf_weight=3.0639029778540134 45.224135596305132 10.014662176370619 15.61535622179508 38.79810094833374 331.7412591939792 2.9445267338305703 17.818953663110733 18.001787221059207 13.799410762730984 6.1659786542877546 39.398969751782715 6.8581379111856204 5.654725918546319 11.265936575829981 7.4123460133559993 2.3952914942055932 91.893195137381554 8.458927064668389 20.548723421059549 1.0076034003868688 1.4929437236860374 4.0065044024959233 3.5809809789061546 1.430109981447458 2.5581665220670402 6.0460462635383001 93.322282824665308 168.69435964990407 5.9541877545416364 6.4116077832877609
leaf_count=90 4442 86 82 161 45263 74 88 1172 674 166 894 282 227 760 428 30 389 620 1041 57 57 84 145 66 93 93 2448 4302 118 135
internal_value=-0.000184115 0.0136229 -0.0254135 0.0179989 -0.0281278 -0.00946793 0.0320215 0.0126004 0.0106265 0.0117865 0.0257518 0.0169702 0.00336963 -0.014332 0.0131791 -0.0088161 0.0265404 -0.00359233 0.00444171 0.0268293 0.0139658 0.0147037 0.0444618 0.0833231 0.115688 0.0136032 0.0127981 0.0162892 0.0354873 0.0469993
internal_weight=991.579 641.159 350.421 539.196 334.805 101.963 148.51 390.686 341.272 327.473 49.4136 15.4574 12.5129 86.5053 307.076 20.3971 109.712 41.2812 30.0153 9.46653 300.91 293.497 9.0622 5.48122 4.05111 284.435 278.389 185.067 16.3723 12.3658
internal_count=64567 19132 45435 11629 45353 7503 638 10991 10011 9337 980 583 509 6920 8135 1202 477 2478 1718 677 7969 7541 361 216 150 7180 7087 4639 337 253
is_linear=0
shrinkage=0.03


Tree=34
num_leaves=31
num_cat=0
split_feature=8 18 6 2 2 3 19 15 6 21 28 17 16 18 20 14 18 2 8 22 6 25 22 14 16 19 18 6 0 24
split_gain=390.139 67.5322 36.848 29.5191 23.5881 16.1417 13.7771 12.6629 11.9872 10.084 9.90662 9.71144 8.94195 8.81919 12.5959 8.29965 8.28603 9.62501 8.18859 7.73195 9.07319 10.1654 8.84651 7.59864 8.7027 7.58163 9.25342 7.54065 16.1154 11.4655
threshold=5.6295351982116708 6.1349999904632577 4.0499999523162851 1.749162018299103 3.7830519676208501 -0.11243508383631705 -0.85670673847198475 -0.66067320108413685 7.5499999523162851 -1.8588752150535581 -0.19337636232376096 0.54885777831077587 0.17907331138849261 4.6400001049041757 -0.31485362350940699 -1.0018810629844663 11.914999961853029 3.4291354417800908 32.696607589721687 0.69435477256774913 6.3500001430511483 0.27107964456081396 -0.20464783906936643 -0.61319804191589344 -0.19062215834856031 1.123424291610718 6.9349999427795419 22.44999980926514 2.5000000000000004 0.37289945781230932
decision_type=2 2 8 2 2 2 2 2 10 2 2 2 10 2 2 2 2 2 2 2 8 2 2 2 10 2 2 10 2 2
left_child=1 6 7 8 9 12 10 13 -3 -4 -1 15 25 14 -2 -8 18 -18 27 20 -13 -22 -23 -6 -25 26 -5 28 -11 -29
right_child=2 3 4 5 23 -7 11 -9 -10 16 -12 19 -14 -15 -16 -17 17 -19 -20 -21 21 22 -24 24 -26 -27 -28 29 -30 -31
leaf_value=0.0035935478806877483 -0.0039959336655914519 -0.028322533112415296 -0.027312715184393276 -0.0046216410817210164 0.03992249924504962 -0.011753686476103857 0.036190651947238639 -0.014529751348638034 0.0027023781880296401 -0.012216200053184629 -0.022403767113528469 0.0050112065280821161 -0.0069010963055219287 -0.011975418957507955 0.062069613138213846 -0.0033460178676597112 -0.020106680522312934 0.024521917811687905 0.038194327652749389 -0.0020239584850161481 0.083844268504868202 -0.016453273136443108 0.051336940687267511 0.0068799577092504534 0.030249915138516978 -0.0018269469300499033 0.08262831140328003 0.011752376774222329 0.017183419761953488 0.039776399277946392
leaf_weight=29.269900263287127 4.3617360154166818 329.08708315854892 3.7132635675370684 1.2880446240305881 63.273031234741211 35.726831722538918 4.7334056617692104 35.422057480085641 11.430093903094528 17.852952572982758 22.673198242671788 4.9102952475659558 4.0316791189834476 5.2499681455083183 5.0307441931217891 27.938656565267593 10.216993127483876 6.1146486848592749 18.127676478587091 5.1374019570648661 4.6638272418640554 2.6039449581876397 2.6394305229187012 18.778285928070545 71.044125691056252 2.1171714924275875 3.7631030380725861 25.307869317010045 173.94670605985448 29.227847230620682
leaf_count=1694 154 45464 116 51 265 3149 165 2171 489 602 1343 336 201 420 146 1437 648 42 282 212 110 79 97 83 310 94 189 244 3797 261
internal_value=0.000379982 -0.0184492 0.0193759 -0.0242105 0.0221601 -0.00185913 0.00292403 -0.00491826 -0.0272763 0.0169458 -0.00796312 0.0136178 0.0280798 0.0177757 0.0339573 0.00328659 0.017626 -0.00294673 0.0189027 0.029569 0.0399581 0.0552314 0.0204281 0.0316774 0.0254937 0.0461904 0.0632926 0.0173344 0.0143977 0.0272173
internal_weight=979.682 492.014 487.668 387.444 437.603 46.9268 104.57 50.0645 340.517 284.508 51.9431 52.627 11.2 14.6424 9.39248 32.6721 280.795 16.3316 264.463 19.9549 14.8175 9.9072 5.24338 153.095 89.8224 7.16832 5.05115 246.335 191.8 54.5357
internal_count=64651 55110 9541 49637 6650 3684 5473 2891 45953 5992 3037 2436 535 720 300 1602 5876 690 5186 834 622 286 176 658 393 334 240 4904 4399 505
is_linear=0
shrinkage=0.03


Tree=35
num_leaves=31
num_cat=0
split_feature=11 2 6 5 8 18 0 24 0 2 22 3 21 17 14 2 6 17 23 8 5 16 12 23 14 5 11 24 13 8
split_gain=370.418 56.1267 45.7995 19.668 21.8829 15.9858 14.7104 11.1311 12.7686 10.6173 10.2762 10.0137 11.5452 9.40532 9.15949 8.78955 8.63691 8.35292 11.9306 10.5324 7.80238 10.3801 10.3903 13.9679 13.2722 7.57068 7.19464 7.1858 7.08736 7.03588
threshold=4.8173611164093026 3.4028613567352299 7.5499999523162851 -18.150000572204586 5.0058300495147714 4.6400001049041757 2.5000000000000004 0.87545570731163036 4.5000000000000009 1.178536653518677 -0.70891252160072316 0.060885749757289893 -0.61956512928009022 -0.89617678523063649 -1.39924019575119 1.864050090312958 53.500000000000007 -0.49088357388973231 -0.095137339085340486 5.7283649444580087 -0.55000001192092884 0.19598247110843661 -0.51180556416511525 -0.034924745559692376 0.65296351909637462 -9.0500001907348615 6.8291666507720956 1.0000000180025095e-35 -0.46086665987968439 2.6432291269302373
decision_type=2 2 10 8 2 2 2 2 2 2 2 2 2 2 2 2 8 2 2 2 10 10 2 2 2 10 2 2 2 2
left_child=2 3 5 29 9 -1 -6 8 27 14 13 12 -8 -4 -5 17 -12 -14 25 -20 21 22 -11 24 28 -19 -17 -3 -24 -2
right_child=1 7 10 4 6 -7 11 -9 -10 20 16 -13 15 -15 -16 26 -18 18 19 -21 -22 -23 23 -25 -26 -27 -28 -29 -30 -31
leaf_value=-0.0023915159299631866 0.048852638652332525 0.028532404291182752 -0.018130097614671842 0.018580473018838632 -0.013038109060692089 -0.028714179750592754 -0.003014436977761784 0.034640432130041046 0.025842039720434265 0.0049414864424334589 -0.0045190459202113396 0.0053050005974584749 -0.014300786202983759 0.0580192460427119 -0.023842283808466834 0.00013853216941936864 0.050300896002401674 0.06824969297288784 0.065252915145260978 0.0033703648067519389 -0.014363711487389621 -0.014452197192539248 0.013024602335068615 0.003194850637282835 -0.015035934182873547 0.0043701301499880062 0.044467048232783267 0.0030102355168915526 0.11547780249559481 0.018094292412778764
leaf_weight=22.415747348219156 8.4813477993011457 11.793886940926312 1.4054856393486259 4.4885971117764702 20.73684231005609 317.61196794966236 14.95080885151401 74.843620486557484 128.64087459072471 32.527926876675338 24.593295432161543 73.761967843398452 6.1667488352395585 4.9912423142231992 35.496062257792801 3.8006803831085589 1.8778116796165694 5.6023817323148251 1.8056847807020009 22.181099403649569 23.132875005248934 15.539846714120356 1.0750729287974539 5.1829382795840484 0.96478944923728693 2.4276517266407556 24.088664322160184 45.671808753162622 2.4869216894730926 32.039688315242529
leaf_count=1545 113 85 67 353 930 45308 555 387 608 1807 947 2275 241 168 3392 115 22 138 78 692 1746 908 61 268 59 131 528 304 122 424
internal_value=-0.000298569 0.0143289 -0.0237274 0.00620961 0.00348819 -0.026991 0.0102294 0.0247489 0.0206071 -0.00630268 0.00983514 0.0134102 0.0206344 0.0410987 -0.0187428 0.0259507 0.00105927 0.0159329 0.022013 0.0104538 -1.18191e-06 0.00589581 0.0135432 0.0392074 0.0724013 0.0515601 0.03864 0.00864667 0.0941889 0.0255538
internal_weight=970.784 597.889 372.896 336.939 296.418 340.028 175.523 260.95 186.107 120.895 32.8678 154.786 81.0237 6.39673 39.9847 66.0729 26.4711 38.1836 32.0168 23.9868 80.9104 57.7775 42.2376 9.70972 4.52678 8.03003 27.8893 57.4657 3.56199 40.521
internal_count=64377 16320 48057 14936 14399 46853 5683 1384 997 8716 1204 4753 2478 235 3745 1923 969 1280 1039 770 4971 3225 2317 510 242 269 643 389 183 537
is_linear=0
shrinkage=0.03


Tree=36
num_leaves=31
num_cat=0
split_feature=11 12 6 27 6 18 2 0 13 21 0 2 0 26 11 11 20 8 28 21 6 3 21 16 16 13 27 3 20 3
split_gain=354.718 62.0446 47.011 27.7431 19.1217 16.8656 15.1606 16.5808 13.0847 11.9062 11.3942 10.2368 10.235 10.1289 10.8847 9.91061 10.9413 10.5257 11.8686 12.4181 8.94723 12.0821 11.0837 14.0825 8.85415 8.45783 10.7713 8.43071 8.16145 10.7736
threshold=4.5527777671813974 6.0291666984558114 7.5499999523162851 0.49193547666072851 10.250000000000002 4.6400001049041757 4.1001608371734628 2.5000000000000004 -1.0660032033920286 1.0541003346443178 2.5000000000000004 1.864050090312958 8.5000000000000018 30.717500686645511 12.706249713897707 17.368749618530277 0.28463459014892584 2.4508501291275029 0.28519915044307714 -0.020719951018691059 9.5500001907348651 0.044897606596350677 -0.5239637792110442 0.1540009751915932 0.2194236367940903 0.75524306297302257 0.65564516186714183 -0.18917732685804364 -0.50230821967124928 -0.98495379090309132
decision_type=2 2 10 2 10 2 2 2 2 2 2 2 2 2 2 2 2 2 2 2 8 2 2 10 10 2 2 2 2 2
left_child=2 3 5 4 11 -1 7 -3 12 25 -10 -2 -5 -9 -15 17 -17 18 19 -12 -13 -22 23 -23 -6 28 -27 -21 29 -4
right_child=1 6 9 8 24 -7 -8 13 10 -11 15 20 -14 14 -16 16 -18 -19 -20 27 21 22 -24 -25 -26 26 -28 -29 -30 -31
leaf_value=-0.00067233774532787132 -0.018451018750693979 -0.0012038210444455686 0.056685957607061521 0.034897557065478757 0.031366765135861625 -0.028454027887387122 0.033674967245705144 0.024852058678953202 -0.015006373190181206 0.049329118508941193 0.064304776868680122 -0.014313074913079978 -0.0036739356317590146 -0.0099535131425448602 0.025567711044448372 0.0092084617213149516 0.050119039717556671 0.0012179449356419902 -0.02256186568095855 -0.014751280582680371 0.063597987534378092 0.077136815302586897 -0.012838964069186961 -0.019386488430724998 -0.017906567483205502 -0.0006490390850980237 0.08531329157590134 0.056184570061674467 -0.018964147507713844 -0.012460942986447307
leaf_weight=21.064801820088178 69.179123368114233 31.615677532274276 2.6921260049566627 29.937140395864844 14.08485793694854 306.03082214202732 89.898039281368256 174.1937686628662 17.056381796486676 5.2884075110778204 6.8364783991128197 15.655156148131935 7.5169413015246382 16.905287445522848 12.785097595304249 14.023811034858229 9.9001289671286923 74.86762651335448 2.7493763649836174 4.6018512342125177 2.8141969172284034 2.3407499240711358 10.700331741478289 1.7410969040356574 3.4849860798567525 3.0068651353940359 1.3069168189540503 1.0716020893305529 13.294064858462662 3.8665702724829396
leaf_count=1470 6644 480 48 596 335 45092 373 1996 688 182 275 1138 162 201 75 263 190 2217 147 209 115 138 591 128 115 166 24 37 505 177
internal_value=0.000354902 0.0141699 -0.0234068 0.00401993 -0.00697105 -0.0266724 0.0231309 0.0189805 0.0118395 0.0125427 0.00726061 -0.0119534 0.0272621 0.0221011 0.00567712 0.0106921 0.0274696 0.00598605 0.0278664 0.0397989 0.00170863 0.015966 0.00344277 0.040252 0.0211554 0.0028524 0.0365484 0.00505849 -0.00587093 0.019666
internal_weight=970.51 613.96 356.551 288.562 120 327.096 325.398 235.5 168.561 29.455 131.107 102.431 37.4541 203.884 29.6904 114.051 23.9239 90.1269 15.2593 12.5099 33.2515 17.5964 14.7822 4.08185 17.5698 24.1665 4.31378 5.67345 19.8528 6.5587
internal_count=64777 17113 47664 13988 9204 46562 3125 2752 4784 1102 4026 8754 758 2272 276 3338 453 2885 668 521 2110 972 857 266 450 920 190 246 730 225
is_linear=0
shrinkage=0.03


Tree=37
num_leaves=31
num_cat=0
split_feature=8 18 8 29 2 5 5 34 5 18 13 17 16 31 0 8 16 5 34 5 12 22 15 17 29 12 14 3 23 17
split_gain=303.959 72.7244 35.6287 21.5005 17.938 16.8874 14.2297 12.843 12.8141 10.9097 10.6781 10.1944 9.53174 8.6298 8.54271 8.09606 8.9156 8.90957 8.09528 7.89147 10.4914 9.17506 7.305 11.4845 11.6059 16.7826 9.59658 8.41061 7.97671 6.95745
threshold=5.6295351982116708 6.1349999904632577 28.640341758728031 -0.78324955701827992 3.2523087263107304 -21.150000572204586 -3.0499999523162837 0.51696446537971508 -7.9500000476837149 11.914999961853029 -1.1189827322959898 0.42496648430824285 -0.036815399304032319 59.846977233886726 1.5000000000000002 6.5518443584442148 0.32939910888671881 -27.449999809265133 0.10023615136742593 3.9500000476837163 -16.856249809265133 -0.97682693600654591 0.31710016727447515 0.79554539918899547 -0.82413947582244862 -3.9944444894790645 0.091890033334493651 0.5453610122203828 -0.57030299305915821 0.91221532225608837
decision_type=2 2 2 2 2 8 8 2 10 2 2 2 10 2 2 2 8 8 2 8 2 2 2 2 2 2 2 2 2 2
left_child=1 6 4 7 9 -5 13 -3 -9 15 -4 -6 -12 -1 -15 16 22 -17 -8 -19 -21 -22 23 24 26 -26 -2 28 -27 -13
right_child=2 3 10 5 11 -7 18 8 -10 -11 12 29 -14 14 -16 17 -18 19 -20 20 21 -23 -24 -25 25 27 -28 -29 -30 -31
leaf_value=0.046933952658943234 -0.0048732470618390086 -0.019886056573613788 0.042631827157850834 0.035282142010186049 0.02410691116349211 -0.027959895822019409 -0.02175485350249064 0.024178071321151462 -0.014184675751100837 -0.020146110956682166 0.011887510868590882 0.00013506277970909956 0.03199666673024127 0.042653838572030228 0.0039039321879241174 0.026100640361387855 -0.017987475704608819 -0.0068624078084134118 0.0020981369091908411 0.054352429109904676 0.031960059630909164 0.00087688522189955287 -0.0064083829036963866 0.0027655138268596682 -0.015680135418692009 0.026688857573068905 0.064595261892484102 0.020854158994008706 0.15620485149862112 0.018041067008077363
leaf_weight=6.8872753595933309 4.5615840642713072 35.719949556980282 41.019507627934217 3.0394426640123129 106.97561026830226 290.75699741812423 16.189765274059027 15.870546495076271 13.730891148559747 13.556350769475101 38.878428848925978 36.788200486451387 50.989048322662711 5.3718000808730713 27.377282273489982 13.899044495075939 3.5434728655964163 55.794330185744911 49.634156527929008 3.1557865012437096 8.9213975770398957 62.134794344659895 3.9050815827213219 6.0515791443176559 1.0013805134221971 1.0724111720919669 1.8175362846814094 1.3353075119666753 1.8812095206230748 40.666115226224065
leaf_count=149 131 3895 306 61 762 43216 1483 922 1303 1210 316 252 435 166 859 153 137 2557 2824 48 265 1999 174 231 40 52 55 76 78 286
internal_value=0.000119944 -0.0173144 0.0163881 -0.0237318 0.0115413 -0.0271882 0.0045559 -0.00801055 0.00650114 0.00483648 0.0297899 0.0181188 0.0235236 0.0185239 0.0113356 0.00694625 0.0223132 0.00412308 -0.0040064 0.00159215 0.00795522 0.00516889 0.0294197 0.0372355 0.0534819 0.0830942 0.0209912 0.10476 0.127824 0.00964644
internal_weight=962.526 464.578 497.948 359.118 367.061 293.796 105.46 65.3214 29.6014 182.631 130.887 184.43 89.8675 39.6364 32.7491 169.075 25.1696 143.905 65.8239 130.006 74.212 71.0562 21.6261 17.721 11.6694 5.29031 6.37912 4.28893 2.95362 77.4543
internal_count=64441 54878 9563 49397 8506 43277 5481 6120 2225 7206 1057 1300 751 1174 1025 5996 974 5022 4307 4869 2312 2264 837 663 432 246 186 206 130 538
is_linear=0
shrinkage=0.03


Tree=38
num_leaves=31
num_cat=0
split_feature=27 6 1 3 27 17 1 6 11 22 5 5 5 20 18 6 17 33 31 12 20 23 22 16 11 27 16 27 16 14
split_gain=329.024 49.883 49.4925 24.2883 23.5573 17.7046 13.077 11.6769 10.1555 13.3523 10.3574 10.1406 9.94308 9.4346 9.1028 8.82427 9.23059 11.3104 9.68224 9.52942 8.63734 8.29129 7.93804 11.059 7.81206 10.4077 11.6742 8.10457 8.45973 9.128
threshold=0.29516129195690161 12.650000095367433 27.150000572204593 1.4983282685279848 0.63709676265716564 0.72039636969566356 45.350000381469734 25.750000000000004 15.452083110809328 -0.79900667071342457 38.199998855590827 -9.5500001907348615 -15.65000009536743 -0.64693230390548695 9.5950002670288104 1.4499999880790713 1.3890921473503115 1.5993365645408633 299.72370910644537 -7.140972137451171 0.57414540648460399 0.29464729130268102 0.8332369625568391 0.07839501649141313 7.6812500953674325 0.63709676265716564 0.21495333313941958 0.54562214016914379 -0.18295824527740476 -0.16811985522508618
decision_type=2 8 2 2 2 2 2 8 2 2 8 10 8 2 2 10 2 2 2 2 2 2 2 10 2 2 8 2 8 2
left_child=2 4 12 8 5 6 -2 21 9 14 24 -6 -1 -13 -3 -7 17 18 22 -20 -15 -5 23 -17 25 26 -11 -26 -29 -30
right_child=1 3 -4 7 11 15 -8 -9 -10 10 -12 13 -14 20 -16 16 -18 -19 19 -21 -22 -23 -24 -25 27 -27 -28 28 29 -31
leaf_value=0.020556805029008397 -0.015202821280053871 0.031362679273891914 0.021436936992671542 -0.018199339797734297 -0.02100926213844256 -0.0134221275635309 0.031559649815502244 0.03264917174124974 0.022074140657140733 0.045873918253211077 0.00076222259557689098 -0.0011806485574954847 -0.028751516110004795 0.044826975934449058 -0.00031136505295346824 -0.019756990918753638 -0.0072182380491567577 -0.015379565442926433 -0.017740629656526764 0.033469274914899552 0.011009417826327698 0.025003189160575531 0.11201854240413088 0.075205139548085137 -0.0098503833462063942 0.00059109123324182469 -0.0079825547696639222 0.036974302132767749 -0.015920750644639572 0.021416520859414867
leaf_weight=3.0619744919240475 99.724744715727866 36.485775483306497 18.588279202580452 7.1241477793082577 4.4242525063455096 10.831294679082928 4.768725484609603 107.14067661389709 91.194850279949605 19.130302548408508 112.13149081217125 10.358646634966133 288.72089609736577 17.495513607747856 10.415413112379609 1.7801217981614237 10.038411174900828 4.3191897217184296 3.5802803067490485 12.887263749260454 12.062314792536197 6.8931498415768147 1.5231371968984602 0.98726145457476366 16.552617366425693 10.464937292039393 4.0893367482349303 9.9914009980857355 9.9301785472780502 11.851036390289664
leaf_count=94 7449 718 117 71 88 809 23 480 1070 341 3836 288 45156 476 526 100 473 170 149 651 369 53 71 53 269 141 101 94 106 125
internal_value=0.000216958 0.0123767 -0.0251356 0.0178214 -0.000323257 -0.0060012 -0.0127898 0.029308 0.0135572 0.0102571 0.00671588 0.0186485 -0.0281656 0.0234501 0.0244691 0.00938117 0.0165916 0.026034 0.0349619 0.0219573 0.0318382 0.00329619 0.0712905 0.0250905 0.014749 0.0256485 0.036451 0.00678572 0.0154888 0.0044426
internal_weight=958.548 648.176 310.371 453.395 194.781 150.44 104.493 121.158 332.237 241.042 194.141 44.3407 291.783 39.9165 46.9012 45.947 35.1157 25.0773 20.7581 16.4675 29.5578 14.0173 4.29052 2.76738 82.0098 33.6846 23.2196 48.3252 31.7726 21.7812
internal_count=64467 19100 45367 7931 11169 9948 7472 604 7327 6257 5013 1221 45250 1133 1244 2476 1667 1194 1024 800 845 124 224 153 1177 583 442 594 325 231
is_linear=0
shrinkage=0.03


Tree=39
num_leaves=31
num_cat=0
split_feature=27 2 6 2 5 27 18 23 11 8 15 28 28 11 15 28 11 15 13 28 28 31 34 22 27 20 20 22 3 28
split_gain=292.216 56.9694 51.0681 33.2571 22.1564 16.4446 10.5027 10.4714 11.7992 9.29712 9.2134 8.5839 9.73085 20.7252 12.6341 17.4578 8.41071 16.7351 13.1203 12.9327 15.9254 12.138 10.8889 9.82493 9.05444 8.67383 7.82394 7.74235 7.69221 7.54891
threshold=0.29516129195690161 3.3375458717346196 3.9500000476837163 3.9070099592208867 -15.65000009536743 0.63709676265716564 11.914999961853029 0.27267897129058843 4.7055554389953622 23.647480010986332 -0.48403422534465784 -0.96235975623130787 -0.87812310457229603 8.0118055343627947 0.11602937802672388 -0.91597726941108693 10.45277786254883 -1.1401489377021787 0.094878289848566069 0.1510155871510506 0.31799963116645819 574.83807373046886 1.3247562646865847 0.37833330035209661 0.36754386126995092 0.47951892018318182 0.65296459197998058 0.39927847683429724 1.4983282685279848 0.18492960184812549
decision_type=2 2 8 2 8 2 2 2 2 2 2 2 2 2 2 2 2 2 2 2 2 2 2 2 2 2 2 2 2 2
left_child=1 4 5 6 -1 -2 11 8 -7 -3 -5 -4 13 14 15 -13 17 22 -19 23 26 27 24 -20 -14 -23 -21 -22 -8 -10
right_child=2 9 3 10 -6 7 28 -9 29 -11 -12 12 16 -15 -16 -17 -18 18 19 20 21 25 -24 -25 -26 -27 -28 -29 -30 -31
leaf_value=0.043165226281545642 -0.01464920489299075 0.0026722639115392506 -0.017618769182385557 0.039093110676732337 -0.02902292885261731 -0.020702175684948879 -0.017338268868013092 -0.010365886238045552 0.067371860799940148 0.044295656307551591 0.021158722125624752 0.030872627168974778 0.063056637199276788 -0.017777453722027142 0.0054202712809136508 0.13423255933852304 0.015729492923449672 -0.0040784820349413836 -0.002144138075058782 0.089012214234867118 -0.027624929087187874 0.0021927429844847772 0.062336170307862981 0.030327653995041878 0.0058338062349350874 0.065966054595240048 0.014133729212044335 0.032352234064299663 0.022927517098677082 0.0034836282631480471
leaf_weight=3.0346165467053652 80.2978904559277 9.20514924824238 7.9141656933352342 47.420071482658386 280.29116609646007 2.0967534389346856 18.450275117531422 6.9850446395575991 5.5838846433907747 9.487866595387457 67.363497197628021 4.1975229596719137 2.0681838961318197 3.9625093555077902 3.0130003234371543 2.2531129349954417 200.89064742345363 92.121345556806773 40.965896364301443 4.1486576106399324 6.0815089577808958 3.4018034618347883 5.9778558230027548 9.509101717732845 14.589864989742635 3.6266785059124231 2.237135804258287 1.7367068850435314 4.5457119522616258 2.3796747922897339
leaf_count=88 6865 76 500 197 45097 136 1229 219 183 41 282 174 82 101 145 74 3275 2765 1304 88 282 129 76 308 325 108 72 48 40 88
internal_value=-0.000445383 -0.024744 0.0109739 0.0145371 -0.0281006 -0.00897356 0.0106758 0.0170936 0.0353726 0.0249752 0.0288415 0.0117878 0.0124108 0.036785 0.0591464 0.0801455 0.0114735 0.00682873 0.00340205 0.0129361 0.0320169 0.0131111 0.0304363 0.00444363 0.016107 0.0392173 0.0682454 -0.0121439 -0.00875499 0.0507992
internal_weight=945.837 302.019 643.819 546.475 283.326 97.3432 431.692 17.0454 10.0603 18.693 114.784 408.696 400.782 13.4261 9.46364 6.45064 387.355 186.465 163.829 71.7075 21.2325 14.8467 22.6359 50.475 16.658 7.02848 6.38579 7.81822 22.996 7.96356
internal_count=64397 45302 19095 11604 45185 7491 11125 626 407 117 479 9856 9356 494 393 248 8862 5587 5104 2339 727 567 483 1612 407 237 160 330 1269 271
is_linear=0
shrinkage=0.03


Tree=40
num_leaves=31
num_cat=0
split_feature=11 8 6 27 6 18 6 26 11 0 14 1 24 25 19 17 20 6 20 23 11 17 14 29 17 11 6 27 24 13
split_gain=293.219 43.3404 41.9688 24.4291 21.5214 20.8993 10.8189 9.79495 10.9698 9.50929 15.3465 10.7699 8.36814 8.1842 8.08545 8.84411 7.95338 8.88431 13.5444 15.4236 10.1746 8.29133 7.91002 7.68284 7.4329 8.34153 7.28676 15.7773 14.9244 10.0839
threshold=4.5527777671813974 10.17947292327881 7.5499999523162851 0.42634408175945288 47.750000000000007 4.3750000000000009 14.949999809265138 28.112500190734867 15.452083110809328 2.5000000000000004 -1.4609656929969785 6.0499999523162851 0.074338864535093321 0.30331180989742285 -0.74903684854507435 0.17177493870258334 -0.39117693901062006 1.9499999880790713 0.37293130159378057 0.2499344199895859 11.635416507720949 0.090349782258272185 0.050514589995145805 0.063390085473656668 -0.16614038497209546 3.7062500715255742 8.2500000000000018 0.54919356107711803 0.69005900621414196 0.31303435564041143
decision_type=2 2 10 2 8 2 10 2 2 2 2 2 2 2 2 2 2 10 2 2 2 2 2 2 2 2 10 2 2 2
left_child=2 3 5 6 9 14 13 23 -9 10 -3 -11 -5 -2 -1 -16 -14 18 19 20 21 -18 -8 -6 25 -4 27 -19 -29 -28
right_child=1 4 24 12 7 -7 22 8 -10 11 -12 -13 16 -15 15 -17 17 26 -20 -21 -22 -23 -24 -25 -26 -27 29 28 -30 -31
leaf_value=-0.010136611838837508 -0.022290355108839071 0.039617795508417271 0.049593689843031454 0.018812806056077977 0.02782138918035167 -0.028248793462168461 0.040747725862486109 0.0040807907448424142 0.029902274083822334 -0.0067342390512407559 -0.0071719367889114156 0.018447195872896099 -0.0052570868149004971 0.00056544767137303568 -0.013175958931435255 0.051702093180229988 -0.022600844388733582 0.003528671157860019 -0.018143544429093827 -0.012169532727025539 0.072090203812787981 0.041055855776812117 -0.021016476974794959 0.057736002647804666 0.00050231587501353193 -0.0082544627546217737 -0.0027386770897454226 0.018488720413885114 0.10131190507938941 0.04045724922573421
leaf_weight=12.243081769905986 46.878226430620998 6.4023732249625018 6.0248878370039183 50.651541228871793 127.76934707164764 276.50685319304466 4.7642175843939176 35.238184650428593 25.017797641456127 17.01946765743196 41.707501372788101 118.01292334124446 46.997581709176302 19.917275839950889 2.4708273210562757 4.0973949655890465 2.7088388078846055 7.7769369482994062 18.228299396578223 8.0965372812934202 4.1550568332895637 2.7592344833537936 2.0139432428404689 8.3645188692025823 22.045291097834706 2.9233364858664572 17.884736412204806 4.4300858620554209 3.5276406668126583 5.6242036195471874
leaf_count=892 5394 84 270 1934 1061 45092 100 328 142 601 653 1233 1423 1611 153 230 132 421 634 267 101 118 61 65 744 105 340 156 109 123
internal_value=0.00032156 0.012337 -0.0226942 0.00252389 0.0186848 -0.0261734 -0.0118522 0.0255792 0.0151148 0.0111929 -0.000265319 0.0152472 0.00867637 -0.0155673 0.00421853 0.0287801 0.00435586 0.0103545 -0.000471618 0.0177057 0.041621 0.0109021 0.0220536 0.0300671 0.010239 0.031765 0.0200367 0.0352604 0.0624153 0.00882445
internal_weight=952.258 625.946 326.312 246.414 379.532 295.318 73.5737 196.39 60.256 183.142 48.1099 135.032 172.841 66.7955 18.8113 6.56822 122.189 75.1916 35.948 17.7197 9.62313 5.46807 6.77816 136.134 30.9935 8.94822 39.2436 15.7347 7.95773 23.5089
internal_count=64577 17091 47486 12924 4167 46367 7166 1596 470 2571 737 1834 5758 7005 1275 383 3824 2401 1252 618 351 250 161 1126 1119 375 1149 686 265 463
is_linear=0
shrinkage=0.03


Tree=41
num_leaves=31
num_cat=0
split_feature=11 27 2 27 6 15 29 29 27 3 29 28 13 0 28 18 6 14 5 28 22 18 28 2 26 31 18 29 20 34
split_gain=283.703 50.6791 48.359 17.7049 15.371 13.0378 14.2552 26.5227 17.969 11.6817 11.0707 19.0177 10.9289 11.4923 10.1097 12.3053 9.44687 12.7797 9.21867 9.17806 9.15218 8.85678 8.59705 8.17527 9.23239 9.25394 11.3528 9.79681 8.09459 11.3525
threshold=5.1881945133209237 0.50806450843811046 3.2902640104293828 0.29516129195690161 4.9500000476837167 -0.028796236030757424 -0.49812626838684076 -0.41399101912975306 0.53279572725296032 0.44020017981529241 -0.88620507717132557 0.31799963116645819 -1.7489507794380186 2.5000000000000004 0.082691702991724028 1.0000000000000002 7.5499999523162851 -1.3520956635475156 -21.150000572204586 0.92273071408271801 -0.63232427835464466 9.0749998092651385 -0.15101210027933118 4.0732877254486093 32.204999923706062 424.81584167480474 4.3750000000000009 -0.36648371815681452 -0.0206012949347496 1.2262601256370547
decision_type=2 2 2 2 10 2 2 2 2 2 2 2 2 2 2 2 10 2 8 2 2 2 2 2 2 2 2 2 2 2
left_child=1 4 3 -2 -1 6 10 8 9 -8 11 14 -4 28 15 -5 17 -3 22 -9 -18 -6 -7 24 25 27 -27 -15 -14 -30
right_child=2 16 12 5 21 18 7 19 -10 -11 -12 -13 13 23 -16 -17 20 -19 -20 -21 -22 -23 -24 -25 -26 26 -28 -29 29 -31
leaf_value=-0.028234468758657365 -0.018048185148465314 0.052393758255191845 0.040866941002134657 0.03270914397567759 0.011294032902264935 -0.0010710155273566347 0.038724703352156241 -0.0040374767855236625 0.0070348555064428248 0.16369859545453402 -0.0029934894538827072 0.055443920814353176 -0.0070983527725228882 0.029873889193892784 -0.0068287527811356063 0.0058815627625874271 0.054146571107702469 -0.011383790037180461 -0.0041941313605905811 0.054411167244017379 0.0089909863034109121 -0.021877782278781215 0.047773203723511265 0.030973144257727868 -0.003376352131756247 -0.012605818006301683 0.018429483565678775 -0.0013694244501608779 -0.0057666709920618691 0.040605922782103301
leaf_weight=272.71151138842106 28.340004928410053 2.2520128581672934 23.326834492385387 23.887827044352889 14.502168345730754 6.6007574815303087 2.0227017127908797 10.145857338793574 2.0472122197970748 1.6061239540576933 48.78519235085696 8.2731194174848479 22.947854122146964 79.218243736773729 23.056423688307405 41.802332362625748 5.5270435335114625 20.816066944040358 103.67300869105384 2.1273696958087376 11.955755706876515 12.658291835803537 5.2954704463481885 66.424899771809578 15.916770391166208 13.694613851606844 38.554199665784836 10.082417912781237 8.4700141176581401 9.2201693933457118
leaf_count=45353 3580 101 113 428 718 95 98 503 34 37 1918 245 172 488 770 1170 112 1436 4551 69 245 1100 62 273 89 82 241 59 73 65
internal_value=-4.06976e-05 -0.0218494 0.0124418 0.00415007 -0.0260969 0.00645864 0.0118777 0.0364273 0.0846473 0.117454 0.00862802 0.0144427 0.021259 0.0193825 0.0100453 0.0159814 0.00943272 -0.00323933 -0.00125589 0.00942971 0.0254237 -0.00439379 0.0226899 0.0220383 0.0180976 0.0205191 0.010211 0.0263703 0.00457271 0.0192823
internal_weight=935.942 340.423 595.519 307.663 299.872 279.323 163.754 17.9493 5.67604 3.62883 145.805 97.0197 287.856 264.529 88.7466 65.6902 40.5509 23.0681 115.569 12.2732 17.4828 27.1605 11.8962 223.891 157.466 141.549 52.2488 89.3007 40.638 17.6902
internal_count=64280 49065 15215 13560 47171 9980 5272 741 169 135 4531 2613 1655 1542 2368 1598 1894 1537 4708 572 357 1818 157 1232 959 870 323 547 310 138
is_linear=0
shrinkage=0.03


Tree=42
num_leaves=31
num_cat=0
split_feature=11 6 1 27 5 18 18 3 6 24 0 21 34 13 21 24 0 6 24 22 28 19 34 27 22 28 11 18 6 16
split_gain=286.925 34.8637 31.852 20.439 12.7059 12.6526 12.0982 11.7697 11.4091 13.4659 12.8623 9.75467 8.09925 7.85893 9.56026 8.88849 7.62038 7.24835 6.00611 5.9594 5.88007 7.27166 5.82653 6.05237 11.7677 7.72959 16.4581 8.14296 7.26574 6.99022
threshold=4.7055554389953622 3.4500000476837163 31.550000190734867 0.29516129195690161 43.149999618530281 9.8649997711181658 1.235000014305115 1.4243296980857851 22.94999980926514 1.2682553529739382 2.5000000000000004 1.7507842779159548 0.041712611913681037 1.0495631098747256 1.0541003346443178 0.14953263849020007 5.5000000000000009 31.44999980926514 0.60660678148269664 0.48871563374996191 -0.048361575230956071 0.65505677461624157 5.2168869972229013 0.66397851705551159 -1.0313974618911741 0.16799744963645938 10.982638835906984 0.30500000715255743 3.2500000000000004 -0.38303315639495844
decision_type=2 10 2 2 8 2 2 2 10 2 2 2 2 2 2 2 2 10 2 2 2 2 2 2 2 2 2 2 10 10
left_child=1 6 3 -2 16 12 -1 -6 10 -10 11 -5 -3 14 -14 -16 17 18 20 -19 21 -4 23 29 28 27 -27 -26 -25 -12
right_child=2 5 4 8 7 -7 -8 -9 9 -11 22 -13 13 -15 15 -17 -18 19 -20 -21 -22 -23 -24 24 25 26 -28 -29 -30 -31
leaf_value=0.013147689117433409 -0.015563740483179425 0.04412071886772588 0.00094276648068461889 -0.015429321852834649 0.013079840699169554 -0.022916215264474883 -0.028694934455657697 0.031948251909073473 0.013831393501071185 0.055535161318508497 -0.0084718621704695848 0.042806360864614833 -0.010532569903361861 0.045765488273141648 0.068076293355519402 -0.00064178781544116208 0.023734257546865943 -0.017266561794997377 0.02636141839293081 0.010053603675729257 -0.012205501786344693 0.037857271357581136 0.045586632528920555 0.065338390810011582 0.029677571017841888 0.0017746892129164532 0.074242733465590155 -0.0042666494133053725 0.0062360138272439074 0.0075626737667175746
leaf_weight=5.8310333248227826 34.772588035557419 4.1395522039383641 13.278431046754127 31.919934721663594 46.323674827814102 14.840525065083055 259.76664726203308 94.286280542612076 37.518623560667038 7.9222685657441607 27.66852440033108 1.8512344839982677 23.132875473238535 2.5102229136973611 2.0236972151324144 3.8104532365687191 34.089336715638638 15.564900778234007 18.847582172602415 11.815715521574019 10.747377648949621 6.5713212713599196 2.7740831710398188 5.4181632660329324 7.1035420130938283 7.0375549569725973 3.7641599606722593 28.745444792322814 2.966252570040524 171.25491331890225
leaf_count=276 4248 176 97 1661 196 1600 44344 387 405 68 1044 72 1063 117 88 165 167 75 128 53 81 47 48 89 89 147 52 539 61 6869
internal_value=-0.000168179 -0.0234025 0.0116519 0.00603454 0.0198744 -0.000525163 -0.0277304 0.0258684 0.00830967 0.0221414 0.00607756 -0.0110977 0.00917561 0.00336299 -0.0017161 0.0296679 0.0121125 0.00671689 0.0134785 -0.0055381 0.00495957 0.014393 0.00837113 0.00778741 0.0165188 0.0101058 0.0311792 0.00308231 0.0473217 0.00530119
internal_weight=938.297 316.055 622.242 370.717 251.525 50.4573 265.598 140.61 335.945 45.4409 290.504 33.7712 35.6168 31.4772 28.967 5.83415 110.915 76.8253 49.4447 27.3806 30.5971 19.8498 256.733 253.959 55.0351 46.6507 10.8017 35.849 8.38442 198.923
internal_count=64452 47829 16623 15392 1231 3209 44620 583 11144 473 10671 1733 1609 1433 1316 253 648 481 353 128 225 144 8938 8890 977 827 199 628 150 7913
is_linear=0
shrinkage=0.03


Tree=43
num_leaves=31
num_cat=0
split_feature=11 8 5 27 18 24 3 8 34 5 1 3 0 19 16 16 1 18 22 18 11 1 16 16 19 27 23 12 1 12
split_gain=274.841 38.3131 33.4818 30.4468 14.1899 9.41179 7.69719 8.28768 7.64592 7.64561 9.64816 9.0097 7.26225 15.7823 9.16831 18.0373 11.6123 11.5942 9.68677 10.6551 10.2083 7.97625 7.23467 11.4955 8.63805 8.2779 7.85401 7.15247 7.0282 12.9655
threshold=4.1291666030883798 19.420950889587406 -4.9500000476837149 0.31962364912033087 4.2249999046325692 1.1780070066452029 0.929590404033661 52.641929626464851 0.10944978892803194 -21.150000572204586 10.34999990463257 -1.0091213583946226 5.5000000000000009 -0.3649745881557464 -0.21172297745943067 -0.18295824527740476 24.349999427795414 4.3750000000000009 0.79657980799674999 2.8950001001358037 13.323610782623293 17.849999427795414 0.013963748700916769 -0.25015544891357416 -1.5792973637580869 0.52446237206459057 1.1280909180641177 -6.8645834922790518 20.849999427795414 3.4881944656372075
decision_type=2 2 8 2 2 2 2 2 2 8 2 2 2 2 10 10 2 2 2 2 2 2 10 10 2 2 2 2 2 2
left_child=2 3 9 -2 -4 6 7 8 -3 -1 11 -11 13 22 18 -16 21 -18 -14 -20 -21 -17 23 28 -24 -26 -25 -27 29 -5
right_child=1 5 4 12 -6 -7 -8 -9 -10 10 -12 -13 14 -15 15 16 17 -19 19 20 -22 -23 24 26 25 27 -28 -29 -30 -31
leaf_value=0.030303757891818044 -0.01618117187369925 0.030829038666676481 0.0016283053228887403 0.014964302034077902 -0.028486885510838788 0.033625695939197071 0.021545421571988289 0.039378034220524598 -0.0032551670261142451 0.01370802039904642 0.059993114151680016 -0.027768078458416421 -0.0074610901347161359 -0.0067813889546373216 0.061379159190267714 0.011314349445764961 0.006969505244677497 0.039381139530146908 -0.0034152836801783172 0.0081610644961092899 0.06481753358527334 -0.014388382679387746 -0.022765024997313976 -0.020118148633996465 0.0052687164236758267 0.0078416486195863108 0.019381155439242535 0.0553572561921582 -0.0037905119618768255 0.076189539627109393
leaf_weight=8.3698984850198013 47.938248857390136 6.0888897557742885 14.818214973434804 15.464658228680497 246.91001501074061 45.157320129219443 145.35733247781172 5.3060921067371956 35.202574234455824 7.6636272715404692 0.99025894794613023 9.5861138072796184 35.574075440410525 66.960783112794161 6.6582752135582259 99.130851134192199 16.667521994560957 25.585310267284513 11.288984340615572 6.1275838040746731 4.9820290012285113 11.328017598018048 2.2605058895424035 16.169285729527477 7.8189382124692228 4.2130816057324401 5.2680196263827375 11.098730812780557 8.3109121499583107 3.1619557924568644
leaf_count=114 5573 133 1025 524 43809 352 688 54 645 282 47 720 995 2855 157 3713 113 183 218 209 81 293 63 516 346 109 150 232 95 74
internal_value=0.000758497 0.0116679 -0.0235305 0.00604687 -0.0267822 0.0212271 0.0181511 0.00733272 0.00238105 0.00826334 -0.00289985 -0.00959985 0.00905953 0.00371317 0.0124884 0.0161856 0.0138287 0.0270524 0.00222232 0.0172634 0.0368227 0.00857298 0.0132028 0.00616212 0.0258749 0.0313747 -0.00998038 0.0435655 0.018906 0.02871
internal_weight=931.458 643.12 288.338 406.008 261.728 237.112 191.955 46.5976 41.2915 26.6099 18.24 17.2497 358.07 140.727 217.343 159.37 152.712 42.2528 57.9727 22.3986 11.1096 110.459 73.7661 48.3748 25.3913 23.1308 21.4373 15.3118 26.9375 18.6266
internal_count=64368 18371 45997 16499 44834 1872 1520 832 778 1163 1049 1002 10926 4964 5962 4459 4302 296 1503 508 290 4006 2109 1359 750 687 666 341 693 598
is_linear=0
shrinkage=0.03


Tree=44
num_leaves=31
num_cat=0
split_feature=11 5 1 18 18 0 5 0 17 34 19 25 34 24 19 0 33 18 0 16 22 5 20 1 12 5 31 12 1 14
split_gain=247.629 43.5628 29.4039 16.9957 14.7316 10.5206 17.0649 10.2396 10.2884 8.78281 8.29117 10.1578 9.64529 10.6229 14.0478 9.43545 9.41608 8.15799 9.03645 8.08954 8.03731 8.15673 7.71855 9.65362 7.38363 7.89911 7.22082 7.21719 11.5008 6.90845
threshold=4.4812500476837167 -3.8500000238418575 42.95000076293946 9.5250000953674334 4.6400001049041757 4.5000000000000009 -18.150000572204586 5.5000000000000009 -0.77653995156288136 5.2168869972229013 -0.82755556702613819 0.28307934105396276 0.98514154553413402 0.46581813693046575 -0.50185993313789357 8.5000000000000018 3.4796992540359502 2.8950001001358037 2.5000000000000004 0.1422289237380028 -0.97682693600654591 -31.249999999999996 -0.62114873528480519 3.7500000000000004 -5.7173612117767325 -12.849999904632567 79.887866973876967 6.4437499046325692 12.84999990463257 -0.91235175728797901
decision_type=2 8 2 2 2 2 10 2 2 2 2 2 2 2 2 2 2 2 2 8 2 8 2 2 2 10 2 2 2 2
left_child=1 26 3 5 -3 6 19 8 -4 -5 11 -7 13 14 24 -13 27 18 -8 -2 -15 -22 -20 -24 -12 -26 -1 28 -16 -10
right_child=2 4 7 9 -6 10 17 -9 29 -11 12 15 -14 20 16 -17 -18 -19 22 -21 21 -23 23 -25 25 -27 -28 -29 -30 -31
leaf_value=0.029814531687983054 0.033926501150610112 -0.00071302878383892399 -0.011977362069330226 -0.0079081187187772396 -0.028817610848964153 -0.010243135818208626 -0.0099065043084613415 0.028797343154253391 0.029988772500693563 0.032659758176032956 0.071533037584899692 0.021174098371663584 0.024914641308467655 0.035228218972164736 0.0041088710560961529 -0.0022361197342007982 0.039369002137873428 -0.011254692297117787 -0.0042019390956989627 -0.0048814866303150397 0.038635692031282864 -0.0083757807972518975 -0.0096750791297837615 0.047216561766207962 0.0033041214849099027 0.049785666239476646 7.9019229968224419e-05 -0.017055718316356917 0.05347399976201337 0.010100477172859116
leaf_weight=9.4490448720753175 17.41048695333302 18.088711383752525 11.476753227412699 79.010368245653808 241.59655905421823 26.843951204791665 15.606648400425909 83.967172414064407 25.63061635196209 4.1304966434836379 4.4797466243617263 36.43723765714094 69.752133366186172 4.0858681905083349 32.100288065616041 26.138328796252608 7.3410075530409804 55.996814319863915 7.4964863648638156 6.2442829329520491 2.627793937921524 39.735334878787398 3.2070448151789597 9.4691803399473411 7.1034593014046559 5.3874347656965229 24.798260446172208 9.8631977178156358 3.934158217161893 42.500826291739941
leaf_count=300 156 1352 54 5303 44048 979 520 346 110 84 125 829 1198 104 1429 691 38 2791 208 73 21 1186 113 199 167 150 1422 197 89 193
internal_value=5.11352e-05 -0.0226869 0.0105462 0.00673832 -0.0268702 0.00935239 0.00172771 0.0214819 0.0135043 -0.00552848 0.0125255 0.00494148 0.0161176 0.0106907 0.0179711 0.0115141 0.0100104 -0.00418299 0.00688972 0.0238997 -0.000460744 -0.00463592 0.0197383 0.0331682 0.040998 0.0255563 0.00889634 0.00457538 0.0107968 0.0179079
internal_weight=931.91 293.933 637.977 474.402 259.685 391.261 115.431 163.575 79.6082 83.1409 275.83 89.4195 186.41 116.658 70.2093 62.5756 53.2387 91.7762 35.7794 23.6548 46.449 42.3631 20.1727 12.6762 16.9706 12.4909 34.2473 45.8976 36.0344 68.1314
internal_count=64475 47122 17353 16650 45400 11263 4060 703 357 5387 7203 2499 4704 3506 2195 1520 1753 3831 1040 229 1311 1207 520 312 442 317 1722 1715 1518 303
is_linear=0
shrinkage=0.03


Tree=45
num_leaves=31
num_cat=0
split_feature=27 6 1 27 12 6 1 0 20 23 26 20 17 1 17 14 21 20 29 29 14 18 33 14 6 0 1 17 6 14
split_gain=229.805 49.8963 35.2104 19.3971 17.5434 17.0995 8.94557 8.38641 9.08185 10.3501 8.86592 9.50957 8.0873 11.9731 7.89902 7.97492 7.77966 10.7817 6.19211 6.83159 10.1385 8.03157 6.96632 6.45876 6.23669 7.68011 6.09376 5.82776 5.67093 5.2265
threshold=0.29516129195690161 21.94999980926514 30.349999427795414 0.66397851705551159 26.264583587646488 1.2500000000000002 77.149997711181655 4.5000000000000009 -0.34044387936592096 0.091609388589859023 33.117500305175788 0.49184957146644598 -0.6989074945449828 9.7500000000000018 0.49611106514930731 -0.86674389243125904 0.074237372726202025 -0.11567542701959609 -0.99983122944831837 -0.99628248810768116 -0.098698407411575304 1.0000000000000002 2.2137389183044438 -0.27678428590297693 3.0499999523162846 8.5000000000000018 10.650000095367433 -0.15562979876995084 28.349999427795414 -0.27678428590297693
decision_type=2 10 2 2 2 8 2 2 2 2 2 2 2 2 2 2 2 2 2 2 2 2 2 2 10 2 2 2 10 2
left_child=1 4 3 5 -1 -2 7 8 9 -4 11 14 13 -7 -9 -16 -15 29 -5 23 -21 -22 24 -20 25 -23 -25 -26 -10 -18
right_child=2 -3 6 18 -6 12 -8 10 28 -11 -12 -13 -14 16 15 -17 17 -19 19 20 21 22 -24 26 27 -27 -28 -29 -30 -31
leaf_value=-0.028122689068893134 -0.019755015748241119 0.031991827780919996 -0.025758043289398212 -0.019534461882396145 0.017840043875627334 -0.018510264775964787 0.032963970141587397 0.033640844292227239 0.028117420267770161 0.0091719079528307934 -0.0019251284519971375 0.010085189886356328 0.005129226501967025 -0.0057698771040622177 0.02606670822569912 -0.005761891360767709 0.013746234622480423 -0.021187480967656078 0.061767584735069776 0.0036570903625007412 0.051096964142361367 -0.020081135381101078 -0.0086788156180160787 0.03636898633081332 0.060851145375834255 0.028792910150371148 -0.015846932405829246 0.013415872290757179 0.0042435060723702393 0.072619397455008949
leaf_weight=244.54675318254158 32.700817057397217 12.894820363260804 12.043247222900392 3.3840464418753973 7.0683361515402785 33.013433943968266 32.164220437407494 62.696401722729206 18.098430519923568 17.548103373497725 14.995285041630266 41.723172053694725 240.10522267222404 10.716789950150998 17.248216159641746 11.078579686582087 2.9084256836213171 2.0007002516649655 4.9724964648485184 39.738057922571898 7.8466696701943865 4.3556711440905982 6.7097133984789243 3.7375614475458843 5.1285106521099806 5.3871125783771276 2.7269061859697104 4.9286301499232632 17.646503031253815 3.0397431114688516
leaf_count=45151 3319 106 84 56 36 2238 135 283 148 102 67 192 10055 388 77 53 64 62 66 691 107 154 139 56 115 89 52 102 84 94
internal_value=-0.000224906 -0.0237919 0.00926127 0.00390123 -0.026766 0.000483075 0.0182441 0.0158785 0.00678781 -0.00542137 0.019826 0.0222791 0.00281092 -0.00785301 0.0276982 0.0138466 0.0109789 0.0316814 0.0162312 0.0178557 0.0141546 0.0258496 0.0167908 0.0387673 0.0254241 0.00710762 0.0151706 0.0409206 0.0167676 0.0499541
internal_weight=923.153 264.51 658.643 413.401 251.615 324.485 245.242 213.078 65.3363 29.5914 147.742 132.746 291.784 51.6791 91.0232 28.3268 18.6657 7.94887 88.9154 85.5313 74.0944 34.3563 26.5096 11.437 19.7999 9.74278 6.46447 10.0571 35.7449 5.94817
internal_count=64365 45293 19072 17847 45187 16220 1225 1090 418 186 672 605 12901 2846 413 130 608 220 1627 1571 1397 706 599 174 460 243 108 217 232 158
is_linear=0
shrinkage=0.03


Tree=46
num_leaves=31
num_cat=0
split_feature=27 1 6 3 18 14 6 5 28 28 15 28 27 27 27 8 24 6 6 32 16 8 6 20 11 20 5 5 15 14
split_gain=243.187 44.9815 27.5275 21.2687 12.2072 10.3671 9.71233 9.43527 9.27311 20.1793 15.5879 33.0365 9.09689 8.50837 15.2073 12.0567 8.78622 8.85765 8.27691 8.31957 8.27015 7.17645 6.93873 6.89898 6.71034 9.22649 10.3437 8.79375 9.83373 10.7341
threshold=0.29516129195690161 26.44999980926514 1.4499999880790713 1.4243296980857851 12.315000057220461 -1.607232332229614 61.649999618530281 -15.65000009536743 -0.95754238963127125 -0.87812310457229603 0.11602937802672388 -0.91597726941108693 0.67204302549362194 0.49193547666072851 0.44274193048477178 7.9536149501800546 0.22952092438936236 10.449999809265138 11.449999809265138 1.0000000180025095e-35 -0.18754515796899793 23.647480010986332 4.9500000476837167 1.2248131036758425 17.368749618530277 0.89420375227928173 15.250000000000002 36.250000000000007 0.070605494081974043 1.3898985385894778
decision_type=2 2 8 2 2 2 8 8 2 2 2 2 2 2 2 2 2 10 8 2 10 2 8 2 2 2 10 8 2 2
left_child=1 7 12 4 8 -5 20 -1 -4 10 11 -10 -2 14 15 18 -17 22 23 -20 -7 -3 -18 -11 27 26 -26 28 -15 -30
right_child=2 21 3 5 -6 6 -8 -9 9 13 -12 -13 -14 24 -16 16 17 -19 19 -21 -22 -23 -24 -25 25 -27 -28 -29 29 -31
leaf_value=0.018740199554562999 -0.017348189098729202 -0.00021857738093049948 -0.018884713775409425 0.042912577682000845 -0.015741038501689349 -0.0048287778786960025 0.026703440077237003 -0.028624874406412398 0.009612902024233148 -0.021465564610762815 -0.0020569699253641075 0.12207236556645359 0.025622477717925144 0.019648742617117545 -0.014139937045570825 0.04351775221532897 -0.019912710576692628 -0.02628476883240637 0.024021280618955969 -0.010683269604305625 0.01743589948846368 0.033796281341940015 0.037715123584849762 0.03491605902516709 0.020729707719710545 0.046010742243302302 -0.011741437024738224 0.0024586317425283198 -0.00066825057611111217 0.038526963276288011
leaf_weight=3.2049886668100953 39.006615634076297 11.027408735826613 9.1981838578358275 17.722412928938866 16.949669287540019 21.763550178147852 64.800362365320325 233.11281885765493 4.9136807075701645 15.797489493619652 4.2064568647183469 3.8627475551329544 4.0962243545800439 94.734363147523254 35.600384009536356 12.021210631355645 1.8217319687828393 3.8306860206648699 15.333711452316493 9.2925282437354326 44.947021744213998 10.278902545571325 6.3346885154023775 1.3021465828642238 46.185656069777906 9.5440805805847031 10.170846857130526 105.84420219436288 52.772915761452168 6.1342891533859065
leaf_count=96 3765 87 722 87 1453 126 301 45193 253 1475 234 132 123 1939 1386 399 127 84 841 577 281 45 216 129 576 104 66 1943 1491 210
internal_value=0.000510894 -0.0241435 0.010183 0.01181 0.00861991 0.0216445 0.0184762 -0.0279062 0.00957267 0.0102095 0.045752 0.066533 -0.0127761 0.00902366 0.00141503 0.00992495 0.026396 0.0071969 5.17977e-05 0.0110199 0.0102083 0.0169708 0.0240749 -0.0154802 0.0113816 0.019912 0.014767 0.00914706 0.013709 0.00398831
internal_weight=915.812 257.624 658.188 615.085 465.852 149.233 131.511 236.318 448.902 439.704 12.9829 8.77643 43.1028 426.721 101.335 65.7342 24.0083 11.9871 41.7259 24.6262 66.7106 21.3063 8.15642 17.0996 325.386 65.9006 56.3565 259.486 153.642 58.9072
internal_count=64461 45421 19040 15152 14357 795 708 45289 12904 12182 619 385 3888 11563 5234 3848 826 427 3022 1418 407 132 343 1604 6329 746 642 5583 3640 1701
is_linear=0
shrinkage=0.03


Tree=47
num_leaves=31
num_cat=0
split_feature=27 1 3 6 11 6 6 27 15 14 3 16 27 14 16 31 31 22 14 8 6 14 3 1 27 6 15 24 33 3
split_gain=231.78 41.7944 28.3595 16.0225 9.11537 15.0904 9.07653 8.96813 8.92336 12.0114 12.686 8.7115 8.57533 7.9978 10.3163 7.88563 10.0015 7.03816 6.64965 6.45133 6.49001 7.63999 7.01885 9.86486 10.7215 12.7811 10.146 11.3546 11.4277 10.0312
threshold=0.29516129195690161 26.44999980926514 1.4243296980857851 1.4499999880790713 6.8291666507720956 9.8499999046325701 61.649999618530281 0.67204302549362194 -1.0676231384277342 -1.2457978725433347 -0.33956995606422419 -0.38303315639495844 0.6803763508796693 -1.740517199039459 -0.20683974027633664 574.83807373046886 350.25697326660162 -1.1747477054595945 0.32212887704372412 1.0801223516464236 1.8499999642372134 0.31050634384155279 -0.65746843814849842 5.7500000000000009 0.44274193048477178 14.050000190734865 0.64945849776268016 1.3852758407592776 2.0081915855407719 0.26470625400543218
decision_type=2 2 2 8 2 10 8 2 2 2 2 10 2 2 10 2 2 2 2 2 8 2 2 2 2 10 2 2 2 2
left_child=1 -1 3 7 5 8 13 -2 9 -5 -11 -7 -10 -4 -15 16 -13 -14 -16 -6 21 -21 -22 -24 25 26 27 28 29 -25
right_child=2 -3 6 4 19 11 -8 -9 12 10 -12 15 17 14 18 -17 -18 -19 -20 20 22 -23 23 24 -26 -27 -28 -29 -30 -31
leaf_value=-0.02795648020770056 -0.016257642100774936 0.015937746298114078 0.040679914386952218 -0.010257889838731131 -0.01065910335744516 0.045692448008470443 0.028397938412717785 0.029065484314608737 -0.012832876936616312 0.089074887677738482 -0.0082012273312202597 0.0078122162553527072 0.053563626405047998 -0.0085899906341518721 0.024015850023452388 -0.01573047480310805 0.052285215446333244 0.00061308730826249594 0.00072492294585016568 0.061289696604580897 0.018950185524168748 -0.015926559515869212 -0.013110732996567537 0.0019693818083894345 0.0075526966512889154 -0.012506682427994983 -0.014304806900265398 -0.01991708375482594 0.0067328205428448772 0.080382783178785777
leaf_weight=229.08907317649573 36.933891144115478 20.697188723832369 7.7557879704982033 4.8702600286342204 11.921686229761688 6.2044419338926664 74.469477720092982 3.4652132643386713 70.91695948317647 2.2581270830705766 1.6689402903430144 25.101867076940838 2.1471228664740911 19.062136209569871 35.012533684261143 8.0560802230611426 4.7042066222056738 8.0917467400431615 15.996492588426916 3.505868285894393 69.685643456876278 1.0790664348751304 17.389789373613894 1.7680397527292466 210.013965328224 4.9179947115480891 2.3157431008294216 1.5375468395650376 3.659069610759615 9.4378533223643881
leaf_count=45226 3752 134 41 259 579 105 349 123 5657 126 93 459 46 113 217 176 122 220 104 153 1712 69 809 89 2977 91 99 60 135 352
internal_value=0.000306277 -0.0242704 0.00957495 0.00616914 0.00772797 0.00109797 0.0209021 -0.0117619 -0.0059442 0.0212417 0.0544601 0.0152861 -0.00911385 0.0134604 0.00991765 0.00925586 0.0163007 0.0154949 0.0168662 0.0103518 0.0111521 0.043519 0.0105555 0.00815933 0.00979152 0.02857 0.0394493 0.0474244 0.0552062 0.0691858
internal_weight=913.734 249.786 663.948 511.651 471.252 134.02 152.296 40.3991 89.9532 8.79733 3.92707 44.0666 81.1558 77.827 70.0712 37.8622 29.8061 10.2389 51.009 337.232 325.311 4.58493 320.726 251.04 233.65 23.6362 18.7183 16.4025 14.865 11.2059
internal_count=64447 45360 19087 18263 14388 7263 824 3875 6401 478 219 862 5923 475 434 757 581 266 321 7125 6546 222 6324 4612 3803 826 735 636 576 441
is_linear=0
shrinkage=0.03


Tree=48
num_leaves=31
num_cat=0
split_feature=11 6 3 13 6 18 18 5 23 11 27 11 11 0 19 15 17 22 3 0 20 3 29 24 1 11 22 13 22 22
split_gain=209.982 41.8721 20.9901 14.3745 17.7962 14.1994 14.0777 12.8121 8.26073 8.10416 7.69968 7.15836 6.34506 7.62177 5.69041 8.72743 12.3753 7.34624 6.87803 10.4734 6.20483 8.88301 8.71066 8.46911 5.9885 6.9436 5.88919 5.87985 5.80372 9.66095
threshold=2.6881943941116337 3.4500000476837163 1.4243296980857851 -1.7489507794380186 47.750000000000007 4.0350000858306894 11.914999961853029 -8.1500000953674299 0.069571007043123259 8.3062500953674334 0.2787634432315827 16.44375038146973 11.38124990463257 2.5000000000000004 -0.85670673847198475 -0.028796236030757424 -0.26399612426757807 0.72134152054786693 -1.0434936881065366 3.5000000000000004 -0.28257484734058375 -0.26687669754028315 -0.99628248810768116 0.7131728231906892 1.5500000119209292 6.3472220897674569 -1.8092021346092222 -1.0521437525749204 -0.18605231493711469 0.36924427747726446
decision_type=2 8 2 2 8 2 2 8 2 2 2 2 2 2 2 2 2 2 2 2 2 2 2 2 2 2 2 2 2 2
left_child=7 5 6 -4 8 11 10 -1 -5 -6 -3 -2 13 -10 15 16 17 -12 28 -20 21 24 -22 27 25 -18 -21 -24 -16 -30
right_child=1 2 3 4 9 -7 -8 -9 12 -11 14 -13 -14 -15 18 -17 20 -19 19 26 22 -23 23 -25 -26 -27 -28 -29 29 -31
leaf_value=0.0077325314492079486 -0.00072895292783398005 -0.016669142221439729 0.044156080529446973 -0.0060128007548834409 -0.0021140875522170873 -0.018284082212130546 -0.015084839930241761 -0.028629883351039428 -0.028079642332027279 0.028685654171546605 0.0063387231170117199 0.035701062118356705 0.025457453264827564 0.014275719858813159 0.033911591677219244 -0.015721634020545293 0.023280725406927359 0.069352975227406077 -0.0042876012525888095 -0.023714980325799936 0.060180906999152919 -0.013381037986962984 0.010412140204629567 0.022659564921042236 0.021446759999662997 -0.024526297597055841 0.012730011095289697 -0.021183333557155119 -0.013391831575606668 0.024878920166865055
leaf_weight=8.7319052987731975 25.025353591889147 9.9900579592213017 18.159061454702169 32.899177871644497 8.4308443423360568 67.161401885561645 23.75468750949949 194.79143599746749 4.7939605829305938 73.163625035900623 3.0606741616502395 5.0114188645966342 19.711529248394072 10.244298046920447 19.630548102781177 17.37989610247314 3.3649456659331936 3.3377878218889236 42.504781864117831 3.1862428174354127 2.2337660305201998 30.421283097937703 9.8604780868627131 17.968330439645797 15.393766227643935 6.4852691423147917 195.35224662581459 9.4599576597101986 8.4375889957882482 15.646024381276218
leaf_count=297 1264 1462 115 378 160 8174 2629 39758 74 353 69 135 113 147 531 468 118 51 1030 133 47 622 169 377 338 148 4603 276 240 397
internal_value=-0.000285559 0.00749763 0.0104345 0.0194459 0.0161655 -0.010699 0.00694971 -0.0270396 0.00467978 0.0255162 0.00824822 0.00630358 0.0146879 -0.000135419 0.00890446 0.00335696 0.00674246 0.0441413 0.0112022 0.00914613 0.00379576 -0.00266165 0.0127319 0.00839197 0.0102738 -0.0075544 0.0120292 -0.00533925 0.0220817 0.0114716
internal_weight=905.592 702.069 604.871 167.402 149.243 97.1982 437.468 203.523 67.649 81.5945 413.714 30.0368 34.7498 15.0383 403.724 118.966 101.586 6.39846 284.757 241.043 95.1878 55.6653 39.5225 37.2888 25.244 9.85021 198.538 19.3204 43.7142 24.0836
internal_count=64676 24621 15048 1340 1225 9573 13708 40055 712 513 11079 1399 334 221 9617 2683 2215 120 6934 5766 2095 1226 869 822 604 266 4736 445 1168 637
is_linear=0
shrinkage=0.03


Tree=49
num_leaves=31
num_cat=0
split_feature=11 1 27 6 15 29 27 5 24 25 24 8 1 17 15 5 18 17 25 20 16 16 33 23 14 11 28 25 23 8
split_gain=205.519 44.3115 30.9845 20.152 10.8079 15.0127 14.6247 14.1021 13.8175 9.22847 8.95977 10.8256 8.66719 8.31361 8.88153 8.16344 7.57518 9.4763 15.1194 9.15023 9.96902 11.3106 10.0627 9.74058 16.6123 16.2359 11.2361 10.3269 8.88343 8.40569
threshold=2.6881943941116337 29.050000190734867 0.29516129195690161 24.849999427795414 -1.1623358726501463 -0.49812626838684076 0.66397851705551159 2.9500000476837163 0.54955381155014049 0.34239405393600469 0.034021656960248954 6.298147678375245 69.350002288818374 0.34307795763015753 -1.1401489377021787 -15.65000009536743 10.855000019073488 -1.3742893338203428 0.35170558094978338 -0.027519562281668183 -0.37029761075973505 0.2194236367940903 0.29941825568676 -0.63095867633819569 0.87636598944664013 12.329166412353517 -0.23537230491638181 0.3044129759073258 -0.12401061877608298 8.3017063140869158
decision_type=2 2 2 10 2 2 2 10 2 2 2 2 2 2 2 8 2 2 2 2 10 10 2 2 2 2 2 2 2 2
left_child=3 2 15 -1 5 -4 16 8 -7 10 11 -8 13 -3 -15 -2 17 18 -6 -19 -21 22 23 24 25 26 -22 -25 -29 -23
right_child=1 12 4 -5 6 7 9 -9 -10 -11 -12 -13 -14 14 -16 -17 -18 19 -20 20 21 29 -24 27 -26 -27 -28 28 -30 -31
leaf_value=-0.028038082434403436 0.030519279914633914 0.019965838218882054 0.0086266852477089092 0.041689990607795255 0.0050745539225455511 0.10408589666799167 0.067472006659110531 -0.019695742868238705 0.022259306005510078 0.035997472318917013 0.0040147497448292137 0.00611669175846675 0.028771329692848117 0.024075098193423926 0.0031794519571736266 -0.022438984393922598 -0.014959494697017951 -0.0061718602986899551 0.075337638970644341 -0.019235675792543025 0.024195431476636119 -0.020505269497531668 -0.0020304117223758729 0.0014018912774167369 -0.0067530880739957331 -0.010168614548269301 0.10986234709934521 -0.0031850361131071916 0.046554897399927297 0.01207871740293116
leaf_weight=194.12630262691528 1.9189952462911604 120.69267830438912 32.981728065293282 2.955748049542307 9.7738811224699003 3.4192591551691276 3.8535223547369224 1.6812731549143789 4.4266436849720776 13.68795082811266 52.142042373307049 6.024356922134757 48.844944775104523 23.138242691755295 77.449485398828983 49.061176412273198 27.609210169874132 111.20885892352089 2.9306741217151275 11.701143320649861 2.8129803468473247 16.231873908545825 21.528703728690743 23.637347986456007 3.9078471460379651 1.8640575655736027 4.2889418439008287 4.3232538145966837 10.51041157590225 11.286202838644384
leaf_count=39736 55 656 835 36 464 118 106 54 140 191 965 115 209 116 416 8509 2212 4640 87 569 140 963 986 1010 174 56 169 151 325 326
internal_value=0.000208085 0.00780402 0.00184223 -0.0267871 0.00478909 0.0188724 0.00297453 0.0501527 0.0656548 0.0145034 0.00926365 0.0340547 0.0173143 0.0146673 0.00817576 -0.0198967 -0.000378742 0.00138291 0.0255974 -0.000102727 0.00591988 0.00901268 0.0151442 0.0222466 0.044043 0.0646388 0.0831053 0.0140217 0.0327727 -0.00718641
internal_weight=900.02 702.938 432.812 197.082 381.832 42.5089 339.323 9.52718 7.8459 75.7079 62.0199 9.87788 270.125 221.28 100.588 50.9802 263.615 236.006 12.7046 223.302 112.093 100.392 72.8735 51.3448 12.8738 8.96598 7.10192 38.471 14.8337 27.5181
internal_count=64529 24757 23360 39772 14796 1147 13649 312 258 1377 1186 221 1397 1188 532 8564 12272 10060 551 9509 4869 4300 3011 2025 539 365 309 1486 476 1289
is_linear=0
shrinkage=0.03


Tree=50
num_leaves=31
num_cat=0
split_feature=11 1 6 8 6 27 5 13 0 33 16 15 5 27 6 8 12 16 21 16 8 12 11 29 20 15 16 5 0 16
split_gain=195.503 31.0913 28.594 14.845 12.1872 11.9034 10.4221 10.1575 9.93036 9.13955 8.49205 7.78702 8.47015 7.44485 7.43263 7.11248 8.80527 7.06134 9.66791 7.74945 10.4321 6.75055 6.42928 7.81262 10.0061 7.08907 7.05132 8.77828 6.52876 6.40427
threshold=4.5527777671813974 45.350000381469734 9.8499999046325701 18.598476409912113 1.4499999880790713 0.67204302549362194 6.5499999523162851 -0.90659841895103443 2.5000000000000004 1.2088489532470705 -0.17425957322120664 -1.1401489377021787 -11.65000009536743 0.31962364912033087 27.050000190734867 5.8363800048828134 1.8590277433395388 0.15745196491479876 -0.90449324250221241 -0.018545987084507939 6.0625901222229013 1.7590277791023257 13.949999809265138 -0.99761277437210072 -0.4920447170734405 0.10426390916109086 -0.22551141679286954 16.050000190734867 5.5000000000000009 -0.50971323251724232
decision_type=2 2 10 2 8 2 8 2 2 2 10 2 8 2 10 2 2 10 2 10 2 2 2 2 2 2 10 10 2 8
left_child=2 4 3 9 5 -2 -5 -3 -9 -1 -10 12 -6 14 -13 -11 -17 18 19 20 21 -15 23 24 -20 -26 27 -25 -24 -4
right_child=1 7 29 6 11 -7 -8 8 10 15 -12 13 -14 17 -16 16 -18 -19 22 -21 -22 -23 28 26 25 -27 -28 -29 -30 -31
leaf_value=-0.028230049742400759 -0.018255521765482435 0.031417225034445544 0.043093204463426502 -0.011575828376702929 0.034751261149630695 0.037520427300016805 0.075917320755114412 -0.0057652615929268914 9.036152341201864e-05 -0.016557748165281216 0.023817442992623596 -0.014395558809003423 0.0091867182181876294 0.014626087798734274 0.027278498308753656 0.066301732304603775 -0.0079379339811477944 -0.00043131206814261107 -0.003409179195693164 0.041889157877772726 -0.0073536336125760117 0.080021367254583545 -0.00043689480505480169 -0.013223132558181307 0.07407282248000803 0.010473498936955017 0.0055979735051777174 0.024772800123430496 0.019797773489004755 0.0014766182759918826
leaf_weight=215.12699072808027 30.665288710501045 49.739102259278297 2.9352474254556 2.2018150808289638 15.048437851481138 2.9249749453738323 1.2507128352299335 17.358738079667091 17.125759765505791 11.998032574076207 64.634289741516113 28.667862787377089 47.221509141847491 4.9028430324979189 3.4887994918972245 1.4797020214609791 2.9841635571792722 115.65696711791679 6.0400337823666632 12.167276090942321 11.008607029914854 1.4324581343680618 20.266099210362881 42.496599366888404 3.1860424214974028 3.1462077959440649 88.674523499794304 5.3253200910985461 47.817493934184313 22.081544009502981
leaf_count=44480 3253 214 58 205 139 91 53 81 72 1554 271 2938 1159 231 30 98 200 2945 136 329 227 47 392 1258 65 75 2385 51 690 647
internal_value=-0.000515213 0.00841025 -0.0223944 -0.0256307 0.00474288 -0.0124544 0.0300513 0.0203734 0.014573 -0.0265864 0.0189086 0.00603261 0.0158164 0.00445132 -0.00918783 -0.00472089 0.0243019 0.00568445 0.00854452 0.0243925 0.0105036 0.0383057 0.00628676 0.00275592 0.0246403 0.0482113 0.000607508 -0.00857126 0.0138555 0.00782822
internal_weight=899.053 638.995 260.058 235.041 490.137 33.5903 3.45253 148.858 99.1188 231.589 81.76 456.547 62.2699 394.277 32.1567 16.4619 4.46387 362.12 246.464 29.5112 17.3439 6.3353 216.952 148.869 12.3723 6.33225 136.496 47.8219 68.0836 25.0168
internal_count=64374 17079 47295 46590 16441 3344 258 638 424 46332 343 13097 1298 11799 2968 1852 298 8831 5886 834 505 278 5052 3970 276 140 3694 1309 1082 705
is_linear=0
shrinkage=0.03


Tree=51
num_leaves=31
num_cat=0
split_feature=8 1 8 25 18 3 15 8 1 12 3 22 25 21 16 3 4 19 25 25 1 0 24 3 28 28 34 1 26 12
split_gain=166.315 44.0575 26.806 17.2262 16.3919 14.325 15.6642 10.3796 8.61752 9.00844 7.88907 7.75502 7.58892 12.5493 15.1939 8.25182 8.49689 12.6434 8.10416 6.88693 6.68084 7.27801 8.05593 7.11575 8.94879 6.65499 6.43834 5.88857 6.62853 6.49981
threshold=3.8126978874206547 3.3500000238418584 28.640341758728031 0.11955621838569643 4.6400001049041757 -1.1172897815704343 -0.98057687282562245 1.6276255846023562 12.550000190734865 -16.856249809265133 2.2130494117736821 -0.84361812472343434 0.33368934690952307 0.14091174304485324 0.26295806467533117 -1.8914836049079893 -1.7499999999999998 -0.94156932830810536 0.40076999366283422 0.10832091420888902 6.9500000476837167 7.5000000000000009 1.2283933162689211 -0.56505125761032093 -0.39036798477172846 -0.15101210027933118 0.17164076119661334 14.250000000000002 32.752500534057624 -0.81180554628372181
decision_type=2 2 2 2 2 2 2 2 2 2 2 2 2 2 8 2 2 2 2 2 2 2 2 2 2 2 2 2 2 2
left_child=1 4 3 -2 19 -3 7 -7 9 25 -4 -10 15 14 18 16 17 -11 -14 -1 23 26 -23 24 -8 -5 -22 29 -29 -13
right_child=2 5 10 8 -6 6 20 -9 11 12 -12 27 13 -15 -16 -17 -18 -19 -20 -21 21 22 -24 -25 -26 -27 -28 28 -30 -31
leaf_value=0.038625790438386043 -0.017214399845040224 0.050716603537724329 0.017526243120202852 -0.0020144493240741258 -0.026791698115668831 0.068104687886290427 0.038736483600481833 0.0084223186410165365 0.022764599114820726 -0.0093104192313034958 0.036383298349089731 -0.0059505479156000927 0.052133710935399306 -0.0058831530723603802 -0.019068503857811767 -0.0064869577737656139 -0.013937367030933057 0.066000978710960015 -0.010084848741786459 -0.0068911450088326148 0.023069121071695751 0.0089972508368469269 0.07210490119997906 -0.02133580864204716 -0.014540461056867989 0.046621389522482799 -0.019375346366312458 0.008664685411149951 -0.012487342349181908 0.03918517324097006
leaf_weight=2.415410183370116 26.026289286091924 3.9782914686948052 108.3490774044767 3.9214836470782757 208.58980700792745 3.1914737178012711 3.7091416609473526 7.9271071348339319 40.871576296165586 2.9218155252747238 25.359223358333111 3.6086136456578979 11.783841844648121 17.54367237072438 3.9465387295931604 101.5334840035066 3.8074769843369705 4.1605122173205018 1.8673338671214867 23.16847868077457 3.3833236540667739 10.062426569405941 1.3365196315571655 31.795120685826991 6.2412105156108684 5.7580705420114082 11.704148403368889 192.20317539805546 13.456435915082691 9.617852989584204
leaf_count=189 1560 93 943 65 43348 136 171 479 548 71 110 67 397 555 160 5741 72 114 67 1252 136 458 65 3748 288 106 636 2268 128 344
internal_value=2.28915e-05 -0.0173825 0.00961834 0.0060387 -0.0240243 0.00134617 -0.00172944 0.0297598 0.0075277 0.00196684 0.0213462 0.0108735 4.09605e-05 0.0120121 0.0292095 -0.00377391 0.0199399 0.0376235 0.0435154 -0.0013025 -0.00721643 0.00447414 0.0216152 -0.0145649 0.00704316 0.0285739 -0.00901496 0.00855971 0.00722697 0.027318
internal_weight=894.239 317.502 576.736 443.028 234.174 83.3288 79.3505 11.1186 417.002 157.244 133.708 259.758 147.565 35.1414 17.5977 112.423 10.8898 7.08233 13.6512 25.5839 68.2319 26.4864 11.3989 41.7455 9.95035 9.67955 15.0875 218.886 205.66 13.2265
internal_count=64315 50999 13316 12263 44789 6210 6117 615 10703 7348 1053 3355 7177 1179 624 5998 257 185 464 1441 5502 1295 523 4207 459 171 772 2807 2396 411
is_linear=0
shrinkage=0.03


Tree=52
num_leaves=31
num_cat=0
split_feature=27 6 6 3 6 27 23 17 27 5 29 15 8 28 28 33 29 23 6 21 8 15 12 1 11 5 6 13 15 25
split_gain=176.319 43.3693 24.1206 20.7332 11.4704 10.1978 9.97591 8.65548 8.55197 6.44499 6.40253 6.29637 9.12601 8.22648 19.5454 30.765 8.92993 6.78741 7.72208 6.11434 6.03373 5.93958 5.92907 5.73193 9.0911 6.71562 9.67458 5.52568 5.04986 5.9421
threshold=0.20483870804309848 3.4500000476837163 26.650000572204593 1.4243296980857851 47.750000000000007 0.63709676265716564 0.37108832597732549 0.72039636969566356 0.29516129195690161 -50.749999999999993 -0.95752304792404164 0.64945849776268016 16.5455436706543 -0.86976337432861317 -0.91597726941108693 0.2223429158329964 0.29958851635456091 0.32316197454929357 14.449999809265138 -0.40028943121433253 32.696607589721687 -1.2053942680358884 11.29444456100464 4.2500000000000009 11.635416507720949 1.1500000357627871 0.84999999403953563 -0.74475392699241627 2.0709668397903447 0.30331180989742285
decision_type=2 8 10 2 8 2 2 2 2 8 2 2 2 2 2 2 2 2 8 2 2 2 2 2 2 10 10 2 2 2
left_child=2 5 22 8 6 7 20 -2 21 -10 -7 13 28 14 16 -16 17 -11 27 -9 -5 -3 -1 -21 25 26 -25 -19 29 -13
right_child=1 3 -4 4 -6 10 -8 19 9 11 -12 12 -14 -15 15 -17 -18 18 -20 23 -22 -23 -24 24 -26 -27 -28 -29 -30 -31
leaf_value=-0.029231978305812447 -0.021363395245983834 0.031759781085857343 0.041975937067753905 -0.0066208947433840639 0.026625391903181153 0.026069478170237432 0.022334038758248308 -0.025696144591428962 0.026297554284457406 -0.026069310852258033 -0.010223771696701562 -0.020662465336657547 0.016097258803693455 0.0072225646563085777 0.11855159348927928 -0.01312083557277546 0.066162015255906426 -0.0023162822703310755 -0.011366159098152256 -0.0057052698517948168 0.018964856635690655 -0.019435688512011436 0.0017782367409866122 -0.0017599544504643932 -0.011466717516871222 0.0014698115655024033 0.10302237065484054 0.07704679265044509 0.034342626644204337 0.0023066178059255068
leaf_weight=165.24627551389858 59.953859353903681 1.4142390410415853 3.6727175563573828 29.985315919388086 86.922782441601157 8.8833565181121212 32.826983540318906 5.3843363770283785 15.03119285032153 5.5348300682380795 7.096869036089628 24.895379873923957 16.520189366769046 347.31575733190402 3.1823477777652434 2.289828481618315 0.8584766383282848 1.1346701807342472 3.5561002693139017 11.165010641328992 10.328157618641852 15.540311053860931 5.6255653356201938 1.0795616665855043 3.1099750068970025 1.823635480366647 1.6787353316321967 1.2297019176185129 1.3034424176439632 16.354626423213631
leaf_count=38530 7874 182 28 290 475 257 237 607 118 423 280 1114 178 8223 91 83 41 58 211 1310 45 2602 140 72 84 131 93 59 57 708
internal_value=0.000450568 0.00704442 -0.0264992 0.0100208 0.0192853 -0.0111829 0.0103207 -0.0153331 0.00673492 0.00755041 0.0102987 0.00682579 -0.00222891 0.00829293 0.0276974 0.0699392 0.00508222 -0.00443963 0.0166263 -0.000163442 0.00023446 -0.0136342 -0.0282066 0.00805399 0.0263845 0.0495276 0.0724556 0.0495923 -0.00954978 -0.0117167
internal_weight=890.944 716.4 174.545 616.224 160.063 100.175 73.1405 84.1951 456.161 439.207 15.9802 424.175 59.0736 365.102 17.786 5.47218 12.3138 11.4553 5.92047 24.2413 40.3135 16.9546 170.872 18.8569 7.69191 4.58193 2.7583 2.36437 42.5534 41.25
internal_count=64601 25903 38698 15195 1047 10708 572 10171 14148 11364 537 11246 2057 9189 966 174 792 751 328 2297 335 2784 38670 1690 380 296 165 117 1879 1822
is_linear=0
shrinkage=0.03


Tree=53
num_leaves=31
num_cat=0
split_feature=27 6 6 18 13 15 8 8 8 16 0 11 21 8 27 23 23 28 15 12 15 5 17 13 13 28 27 1 14 0
split_gain=181.396 32.5072 27.2746 14.8715 11.6629 12.2736 12.2467 10.036 11.4785 11.0844 9.66671 9.13085 8.59749 8.24852 7.32309 7.19276 9.39435 7.58392 7.03176 7.53377 7.40594 6.94414 11.8435 9.06215 6.98213 6.37609 7.06405 6.35373 6.35203 6.74268
threshold=0.26209677755832678 10.150000095367433 13.050000190734865 9.9349999427795428 -1.0660032033920286 -0.87705862522125233 30.647702217102054 3.9295883178710942 4.1894707679748544 -0.033787710592150681 2.5000000000000004 12.706249713897707 1.5446941256523135 5.0058300495147714 0.54919356107711803 0.0097299930639565008 -0.51869687438011158 0.30164402723312383 0.28964857757091528 1.3354166746139529 -0.33779321610927576 -6.1499998569488517 0.91221532225608837 -0.91741305589675892 -1.1189827322959898 -0.88622298836708058 0.69650536775589 2.3500000238418584 -1.0193933844566343 4.5000000000000009
decision_type=2 10 8 2 2 2 2 2 2 8 2 2 2 2 2 2 2 2 2 2 2 10 2 2 2 2 2 2 2 2
left_child=1 -1 3 7 5 25 11 21 9 -9 12 -7 -10 15 -5 16 -6 18 20 27 -18 22 -2 -24 -23 -4 -27 -20 -15 -30
right_child=2 -3 4 14 13 6 -8 8 10 -11 -12 -13 -14 28 -16 -17 17 -19 19 -21 -22 24 23 -25 -26 26 -28 -29 29 -31
leaf_value=-0.028070915136084149 -0.010628890227016755 0.022068512048749427 -0.0057096073049655765 -0.024726397109714453 -0.0034126783392040352 -0.019673544455550314 0.03189295977251607 0.086771884694145707 -0.015062982747153274 -0.0071754911541684913 0.009926675761572766 0.015197363245981917 0.038650883154136749 -0.016817776540126016 0.015157162118108454 -0.010597424247519287 0.042828912602140619 -0.014939100359954228 0.0094862160681833622 -0.0054812150580308278 -0.009904476389921207 0.010351360517238414 -0.0074139187754442143 0.075576489745122946 -0.020053260074035073 0.033506636447743335 0.0078141116404941077 0.09867649277442557 0.0036597236193791636 0.014334407003864262
leaf_weight=181.76475037867203 7.8084659082815033 11.710176249500362 4.719360808376222 28.911619624588639 24.365159824024886 15.464590747375043 10.172099622897802 2.0594081683084369 26.033306862227622 1.5672742933966213 89.210646700579673 10.532862368039785 2.018611177802085 6.2692228658124796 4.1236226838082066 31.551069504115731 3.4081562245264632 2.7936136475764206 1.2005485668778413 1.0837643849663434 4.6057499703019857 7.7880285163409999 1.5712395356968047 2.3727676370181143 33.688640700653195 58.535505219828337 12.350809466093777 2.4458901416510344 70.172237653285265 231.44147952785715
leaf_count=42125 330 344 116 3852 1402 396 62 105 1088 96 3105 116 83 78 208 1599 131 220 72 38 211 629 59 73 3556 706 82 98 636 2830
internal_value=0.000690689 -0.0249383 0.00781746 -0.00130852 0.0116617 0.0201655 0.00558693 0.00222463 0.00699004 0.0533966 0.00511541 -0.00550599 -0.0100004 0.00910953 -0.0194489 -7.50492e-05 0.00830063 0.0257643 0.0351246 0.0609894 0.0147854 -0.00852747 0.0111519 0.047702 -0.0142349 0.0269759 0.0292011 0.0776731 0.0112344 0.0118712
internal_weight=891.741 193.475 698.266 207.154 491.112 111.775 36.1696 174.118 120.889 3.62668 117.263 25.9975 28.0519 379.337 33.0352 71.454 39.9029 15.5377 12.7441 4.7302 8.01391 53.2291 11.7525 3.94401 41.4767 75.6057 70.8863 3.64644 307.883 301.614
internal_count=64446 42469 21977 13184 8793 1478 574 9124 4477 201 4276 512 1171 7315 4060 3771 2172 770 550 208 342 4647 462 132 4185 904 788 170 3544 3466
is_linear=0
shrinkage=0.03


Tree=54
num_leaves=31
num_cat=0
split_feature=11 8 5 27 1 18 24 8 5 25 20 28 29 15 25 5 3 5 15 28 17 25 19 17 34 19 17 3 19 24
split_gain=171.585 26.5764 16.7403 15.2143 12.7384 10.5847 9.1268 8.36161 7.40314 10.8216 8.34875 8.22617 12.642 11.375 11.2211 7.23097 7.11741 6.91383 6.83494 6.39902 6.32113 6.28614 5.75516 6.6771 8.69837 5.54151 5.38428 6.35606 5.69412 5.28917
threshold=2.8812500238418584 5.0058300495147714 -12.550000190734862 0.31962364912033087 45.350000381469734 1.0000000000000002 1.1504810452461245 43.866336822509773 -1.9499999880790708 0.09921798482537271 -0.14215244352817533 -0.048361575230956071 -0.92921787500381459 -0.29304859042167658 0.29784946143627172 -15.15000009536743 -1.0958495140075681 -15.65000009536743 -1.1623358726501463 -0.82415616512298573 0.040443347766995437 0.23217020183801654 -1.3288236260414121 1.0622002482414248 0.31944961845874792 -0.18308198451995847 0.27829253673553472 -1.4309365153312681 -1.1175692677497862 1.9322004914283755
decision_type=2 2 8 2 2 2 2 2 10 2 2 2 2 2 2 8 2 8 2 2 2 2 2 2 2 2 2 2 2 2
left_child=2 3 20 17 7 -4 22 29 9 -5 18 13 14 15 16 -12 -13 -2 -11 -17 -1 -14 -6 24 -24 -16 27 -20 -29 -3
right_child=1 4 5 8 6 -7 -8 -9 -10 10 11 12 21 -15 25 19 -18 -19 26 -21 -22 -23 23 -25 -26 -27 -28 28 -30 -31
leaf_value=0.050302605952600284 0.031049064951571226 0.0068511505809730807 0.023170577955343292 0.049476651757280915 0.032489856146009626 -0.028933148954704432 0.032244544430041142 0.030223733140213625 -0.010620093351533954 0.020688167423726707 -0.015860087991742853 0.0071851363083531286 0.029325537291839759 -0.011255521866562323 0.039356023630036437 -0.01698315656361676 0.090539056988989702 -0.022946286867231325 0.031043828136166293 0.045160756281248791 -0.0041949278487928982 -0.021505055971210607 -0.001028942115573566 -0.0098329697956550857 0.019597986041003206 -0.0108315206609706 -0.025432959082155992 0.03856206174237492 -0.01281000658231804 -0.011869955476719939
leaf_weight=2.2484550094231963 1.4170145783573387 358.39200049964711 2.8803626652806988 3.742653587833046 11.921291485428808 171.60825178399682 29.570913448929787 12.55019480222836 34.975581210106611 6.3005730817094436 2.5462342314422131 1.3619163050316272 2.4073950992897144 21.044284385163337 2.7798333265818664 1.2451801318675277 3.8945299661718327 36.430139818694443 3.3055035187862805 7.9667108417488617 4.3311279946938157 5.1665756171569228 25.706396788358688 11.659045070409773 62.892549440264702 3.465335617773234 13.717707015573977 1.159426537342372 21.318007665686313 13.23201169259846
leaf_count=49 39 7989 125 151 52 40571 129 164 3000 178 37 67 104 1066 67 88 147 7325 143 308 94 293 110 50 272 155 533 45 999 332
internal_value=-0.000212812 0.00652538 -0.0261613 -0.00361336 0.00988495 -0.0279459 0.0175535 0.00701722 0.0010962 0.00520083 0.00302018 0.0111629 0.0262917 0.00184749 0.044835 0.0243429 0.0735428 -0.0201775 -0.00624432 0.0359202 0.0186082 -0.00381257 0.0134302 0.0108654 0.0136685 0.0138565 -0.0109449 -0.00257487 -0.0086305 0.0061545
internal_weight=881.237 700.169 181.068 174.245 525.924 174.489 141.75 384.174 136.397 101.422 97.6792 51.878 19.0756 32.8024 11.5016 11.7581 5.25645 37.8472 45.8012 9.21189 6.57958 7.57397 112.179 100.258 88.5989 6.24517 39.5006 25.7829 22.4774 371.624
internal_count=64682 23843 40839 14745 9098 40696 613 8485 7381 4381 4230 2332 833 1499 436 433 214 7364 1898 396 143 397 484 432 382 222 1720 1187 1044 8321
is_linear=0
shrinkage=0.03


Tree=55
num_leaves=31
num_cat=0
split_feature=11 6 1 27 27 20 11 6 3 1 28 20 15 22 27 23 14 14 6 11 3 13 24 25 3 28 3 3 8 25
split_gain=167.971 28.751 19.1576 13.6676 12.6497 7.96287 7.22268 7.03389 7.02105 9.34583 8.50355 18.292 8.89329 8.24385 6.55401 7.71129 6.38114 6.26523 6.25236 10.8788 6.53267 6.1817 5.88798 6.5393 5.78933 5.49416 8.41315 9.2418 8.29315 5.09188
threshold=2.6881943941116337 3.9500000476837163 60.750000000000007 0.39354838430881506 0.46190476417541509 -1.8967386484146116 12.076388835906984 25.44999980926514 -1.1434167623519895 3.7500000000000004 -0.23537230491638181 0.13746572285890582 0.1555106118321419 -0.37334652245044703 0.63709676265716564 0.29464729130268102 0.77278190851211559 -0.91235175728797901 22.44999980926514 9.0881943702697772 -0.055551679804921143 -0.93163362145423878 0.87545570731163036 0.21837224811315539 -0.53277441859245289 0.0655368957668543 -0.50452467799186695 -0.07606740295886992 3.86932384967804 0.17136809229850772
decision_type=2 8 2 2 2 2 2 10 2 2 2 2 2 2 2 2 2 2 10 2 2 2 2 2 2 2 2 2 2 2
left_child=4 3 5 -2 -1 7 8 -3 9 10 11 12 -7 -12 25 17 -8 -16 29 20 24 -4 23 -21 -20 -5 -27 28 -28 -10
right_child=1 2 21 14 -6 6 16 -9 18 -11 13 -13 -14 -15 15 -17 -18 -19 19 22 -22 -23 -24 -25 -26 26 27 -29 -30 -31
leaf_value=-0.028637915339933699 -0.022921745295742074 0.01433271752784444 0.035801518502877994 -0.011631261247355808 0.0030078731325277699 0.058085482812474436 0.013027710330169393 0.066208847793155279 -0.013519455803792414 0.045512238562324656 0.020368566408580313 -0.018031325123964576 -0.0010297074403092389 -0.01626947476753356 0.069772416170459622 -0.0072563342464403487 -0.0022642211215558399 0.015579532173970963 0.018233387133497238 0.0098695469287471901 0.027396839686002795 0.016881337105550252 0.017142223164816648 -0.024265859155432348 -0.022835046997069747 -0.011295301438858273 -0.0002379498053785503 0.00092144798027634549 0.10329858991808162 0.0010133085826315173
leaf_weight=156.61315545858815 34.639492179267108 8.6132086489815247 24.309000745415688 35.428067383356392 12.057590815238653 8.6333632995374519 182.11086195614189 2.7278715558350077 23.723805631510913 6.4113300535827866 7.4616427118890014 5.7634451151825479 2.9596314914524546 15.022675381507723 1.9170791115611798 7.6302803242579094 28.050829292275012 8.3127435869537294 5.8736601378768682 7.0859680138528409 27.744832607917488 51.214621797204018 7.3781893886625758 13.414661793038247 4.6111815497279149 6.8425825899466872 1.0031509762629869 3.5504934322088939 1.2424461282789705 176.49426588439383
leaf_count=38709 6319 276 109 2402 956 237 2507 18 1365 73 197 221 105 385 35 206 428 321 62 48 237 218 47 95 63 617 94 156 71 7747
internal_value=0.000450158 0.00684857 0.00929956 -0.00795396 -0.0263713 0.00727143 0.00669455 0.0311643 0.00378363 0.0144439 0.0084523 0.0236172 0.0441103 -0.00376119 0.000135444 0.0151641 0.0109856 0.0310441 0.00188519 0.00981035 0.0200031 0.0233595 -0.00437547 -0.0125568 -0.000243929 -0.00564396 0.0107616 0.0346314 0.0712241 -0.000767307
internal_weight=878.842 710.171 609.605 100.566 168.671 534.081 522.74 11.3411 312.579 46.2521 39.8408 17.3564 11.593 22.4843 65.9268 17.8601 210.162 10.2298 266.327 66.1085 38.2297 75.5236 27.8788 20.5006 10.4848 48.0667 12.6387 5.79609 2.2456 200.218
internal_count=64324 24659 14438 10221 39665 14111 13817 294 10882 1218 1145 563 342 582 3902 562 2935 356 9664 552 362 327 190 143 125 3340 938 321 165 9112
is_linear=0
shrinkage=0.03


Tree=56
num_leaves=31
num_cat=0
split_feature=27 6 8 18 27 8 27 6 25 12 31 6 1 22 8 22 13 16 22 22 28 24 6 12 29 29 22 23 14 19
split_gain=138.832 37.8252 24.2434 15.3649 9.49385 9.24018 8.32968 10.269 7.18784 7.12242 10.9409 7.05341 9.06025 11.5991 8.02543 7.10798 11.4689 8.19929 8.17021 7.82772 7.08197 6.72722 5.95384 5.78002 9.15523 16.0814 9.3543 7.92509 10.5304 7.84745
threshold=0.24377475678920749 23.750000000000004 12.716065883636476 11.614999771118166 0.31962364912033087 23.647480010986332 0.33602151274681097 12.650000095367433 0.29784946143627172 -5.7173612117767325 450.05897521972662 41.549999237060554 43.850000381469734 -0.84361812472343434 38.638763427734382 0.18778342008590701 0.08086706325411798 -0.20683974027633664 -0.097017958760261522 -0.63232427835464466 0.82414472103118908 0.14453790336847308 0.84999999403953563 -4.3826386928558341 -0.48313741385936732 -0.41399101912975306 0.95392319560050975 -1.3627728819847105 0.8253346085548402 -0.15994860231876371
decision_type=2 10 2 2 2 2 2 8 2 2 2 8 2 2 2 2 2 10 2 2 2 2 8 2 2 2 2 2 2 2
left_child=1 5 3 4 -2 9 7 -6 -9 10 -1 15 13 -13 -15 17 20 -4 19 -19 21 -17 -8 -24 27 29 -27 28 -25 -26
right_child=2 -3 11 -5 6 -7 22 8 -10 -11 -12 12 -14 14 -16 16 -18 18 -20 -21 -22 -23 23 24 25 26 -28 -29 -30 -31
leaf_value=-0.019802580441998698 -0.018832477844154351 0.035491683650522639 -0.016553308325524142 -0.019513990820081175 -0.0060647197113838621 0.020725100888548516 -0.015266969606238513 0.09790877863854501 0.0072552465858508166 -0.029211111872371485 0.05597285463159115 0.031591162720974793 0.021689443501799775 7.7140828350682518e-05 0.033058654106919348 -0.017526065390930979 0.035117726385919493 -0.00018445945657795791 -0.015205504253155651 0.024139220370274092 0.039165555545064831 0.0084341777608871564 0.0098069954164407246 0.047447471629274159 0.07926754781941639 -0.0054526079174965292 0.035093801260279167 -0.0040826958791078385 -0.012658067799321025 0.0024077686156132828
leaf_weight=4.7908018808811894 17.259345866041258 8.3395929858088476 18.814656786154956 31.364009819924831 2.7184016387909642 2.8995239837095133 14.765393581707029 1.5444906880147757 1.3895329483784733 159.66728661791421 1.4392453995533285 14.897190250921993 96.771366193890572 67.990406986325979 6.3592498395591965 9.8415748779661936 15.652320360764859 24.926254785619673 12.323111312929539 21.772127851843837 4.6987661882303646 52.279105875175446 91.98912591394037 5.3135057194158417 3.5218090866692364 19.993903989903632 5.7950411275960496 146.88814149890095 3.9025442330166698 1.7125977715477372
leaf_count=893 2796 61 259 4121 332 54 1484 73 102 40384 264 149 418 739 70 171 211 393 191 305 63 682 3011 191 84 1266 285 5008 201 92
internal_value=-0.000279143 -0.0239093 0.00577372 0.000178788 0.00218373 -0.0270358 0.00345333 0.0366654 0.0677334 -0.0279897 0.00302331 0.0113815 0.0153537 0.00831962 0.0032994 0.00670568 0.0127869 0.00018185 0.00570353 0.0114243 0.00711523 0.00410888 0.00269237 0.00369354 0.000652096 0.0152687 0.00462849 -0.00233144 0.023248 0.0585403
internal_weight=871.62 177.136 694.484 348.158 316.794 168.797 299.534 5.65243 2.93402 165.897 6.23005 346.326 186.018 89.2468 74.3497 160.308 82.4718 77.8362 59.0215 46.6984 66.8194 62.1207 293.882 279.117 187.128 31.0234 25.7889 156.104 9.21605 5.23441
internal_count=64353 41656 22697 19046 14925 41595 12129 507 175 41541 1157 3651 1376 958 809 2275 1127 1148 889 698 916 853 11622 10138 7127 1727 1551 5400 392 176
is_linear=0
shrinkage=0.03


Tree=57
num_leaves=31
num_cat=0
split_feature=27 1 6 0 5 1 5 18 23 6 25 24 11 6 11 22 29 29 1 29 15 29 15 11 28 27 24 27 19 11
split_gain=169.303 29.8632 15.3929 12.7192 13.7238 10.5923 9.45762 8.18318 7.61305 6.83776 6.33299 13.3769 6.13626 6.02557 6.83877 5.76953 5.26589 6.03501 13.5549 10.1897 21.0935 28.3017 9.06382 7.05314 6.40166 9.32096 10.3618 10.2992 9.58808 7.40181
threshold=0.29516129195690161 26.44999980926514 47.750000000000007 3.5000000000000004 -31.249999999999996 33.549999237060554 -15.65000009536743 2.2350000143051152 1.7566055059432986 4.5499999523162851 0.16303177922964099 0.51773068308830272 9.5437502861022967 28.349999427795414 2.4291666746139531 0.58280962705612194 -0.99938741326332081 -0.81427544355392445 0.35000000894069677 -0.48313741385936732 -0.0083323474973440153 -0.41399101912975306 -1.2053942680358884 9.7465276718139666 -0.49064628779888148 0.55725806951522838 0.014399937819689514 0.35241934657096868 -0.76593786478042591 18.01249980926514
decision_type=2 2 10 2 8 2 8 2 2 10 2 2 2 10 2 2 2 2 2 2 2 2 2 2 2 2 2 2 2 2
left_child=1 6 3 4 -2 13 -1 8 10 -9 11 12 -6 14 -5 -11 -16 24 -19 -20 21 -21 -23 -24 29 26 -26 28 -28 -18
right_child=2 -3 -4 5 7 -7 -8 9 -10 15 -12 -13 -14 -15 16 -17 17 18 19 20 -22 22 23 -25 25 -27 27 -29 -30 -31
leaf_value=0.019779950714099312 0.032882768580472233 0.010421657164422934 0.0238148572830904 -0.015356601351783057 0.060753826742267501 0.015835435297108694 -0.028258758129043614 -0.019858211546736077 0.041171124919281564 -0.0086760257625483669 -0.010614378911301167 -0.0099069540023415652 0.0083889913456303127 -0.010958937439688225 -0.011215608654309869 0.010931434185461702 0.037069380398817339 0.050887460437635763 -0.0058995334448244032 0.092291032703519946 -0.013546822453880893 0.052232156825703244 -0.0085733636942857908 0.037335606646371818 0.018885207311175684 0.016030455170050313 0.077546303606903441 -0.010110178648882129 -0.0014529366414889947 -0.01493843159043151
leaf_weight=3.1031450126320124 8.862716291099785 20.557610580697656 50.419128011912107 10.968802592251448 4.4620503755286354 142.9415627643466 175.79378218809143 31.008179078809917 4.3044288596138349 43.16357736568898 16.433073983062059 9.2713399929925782 3.7742124604992568 16.852943098172545 11.711154456250368 18.495992366224527 14.315829212311657 4.1022187988273791 70.395019172690809 4.2988586584106114 15.28726329654455 3.1040005004033473 12.376283474266527 2.8896622168831518 21.225764655973762 97.919520259834826 1.4500508895143864 45.848988980520517 3.0915657100267699 2.370217257179319
leaf_count=87 60 129 281 1451 133 642 45365 3242 86 1056 347 239 71 185 340 387 497 200 2867 112 1053 97 789 98 1003 1814 84 1696 260 52
internal_value=0.000801659 -0.0233976 0.00801529 0.00669613 -0.00126354 0.00900627 -0.0273202 -0.00380697 0.00773298 -0.00860136 0.00243534 0.0145958 0.0402643 0.00608178 0.00700668 -0.00271379 0.00784376 0.00862602 0.00310032 0.00084227 0.0131764 0.0310088 0.0126435 0.00187774 0.0119284 0.0100616 0.00179208 -0.00563535 0.0332119 0.0292548
internal_weight=870.799 199.455 671.344 620.925 139.776 481.15 178.897 130.913 38.2451 92.6677 33.9407 17.5076 8.23626 338.208 321.355 61.6596 310.386 298.675 112.453 108.351 37.9561 22.6688 18.3699 15.2659 186.222 169.536 71.6164 50.3906 4.54162 16.686
internal_count=64723 45581 19142 18861 5621 13240 45452 5561 876 4685 790 443 204 12598 12413 1443 10962 10622 5216 5016 2149 1096 984 887 5406 4857 3043 2040 344 549
is_linear=0
shrinkage=0.03


Tree=58
num_leaves=31
num_cat=0
split_feature=11 6 18 27 34 24 18 0 27 6 21 3 5 3 29 33 3 6 25 6 33 21 20 11 11 25 22 19 20 20
split_gain=148.896 24.5169 17.7819 13.0346 10.863 10.5287 8.3649 9.31829 7.5584 7.21606 6.95853 6.26142 6.23456 6.15091 5.97042 9.48841 13.8123 6.73702 6.41207 8.0636 7.74119 6.09536 7.11912 5.79293 8.27585 6.78269 9.00836 6.44164 6.3568 5.96655
threshold=2.8812500238418584 13.050000190734865 4.2249999046325692 0.32795698940753942 0.98514154553413402 1.2283933162689211 10.855000019073488 3.5000000000000004 0.26209677755832678 13.449999809265138 1.5446941256523135 2.2130494117736821 -15.65000009536743 1.8003689050674441 -0.48313741385936732 1.6770529150962832 -0.59803038835525502 11.150000095367433 0.33368934690952307 1.6500000357627871 3.0325433015823369 -0.16856521368026731 0.540907382965088 6.3472220897674569 5.1881945133209237 0.12548435106873515 -0.68224677443504322 -0.057989142835140221 -0.081658203154802309 1.102332651615143
decision_type=2 8 2 2 2 2 2 2 2 10 2 2 8 2 2 2 2 10 2 10 2 2 2 2 2 2 2 2 2 2
left_child=2 3 -1 -2 8 11 7 10 12 -4 -5 -6 -3 23 17 16 -16 18 20 -20 -9 -21 -23 24 25 -10 27 -27 -26 -30
right_child=1 4 9 6 5 -7 -8 14 13 -11 -12 -13 -14 -15 15 -17 -18 -19 19 21 -22 22 -24 -25 28 26 -28 -29 29 -31
leaf_value=0.010953653792374883 -0.020729284853913829 0.030673083720962852 -0.02892982132732436 -0.009640615104284489 0.0097089262681899578 0.028870282167275007 -0.022051876324972887 0.00054946220217447813 0.050124425728432662 0.0093808254161661681 0.023324724254855725 0.02703048565687673 -0.022801544994420615 0.022644999896685468 -0.0083347042848081095 -0.015859170429109684 0.06671387565715646 -0.018218803994762344 -0.015890777763890248 0.064228130686994553 0.032963966848990736 -0.0031580722584820965 0.05323780350101897 0.0033721882768169222 0.010904729613610087 0.050743291454105208 -0.012570397784283687 -0.0064447579216924166 0.055106140675394787 -0.0015404800232505661
leaf_weight=10.900659947190432 28.812788643874228 1.4205582477152345 149.41046582791023 57.172223358880728 170.4667876327876 38.729531266726553 12.428850042168049 60.218452299013734 1.5096848635002995 4.1183351809158912 5.4431661590933791 20.667770636733621 11.961683891946448 19.947619092650712 3.0170578127726904 2.8346098377369335 5.5786487110890439 8.7913262750953418 2.7347120898775747 3.6989993453025809 6.4564689570106557 5.4036643668077877 2.1177710383199155 197.96163284312934 10.597383044194432 3.2324743014760315 17.506539274705574 2.7033124524168697 8.0857671508565527 1.9858251772820938
leaf_count=678 5619 34 40020 2794 2230 421 1136 2660 21 112 201 115 1903 104 215 132 253 172 142 122 63 178 50 3375 319 89 948 201 223 65
internal_value=0.000415411 0.00636821 -0.0252251 -0.0023859 0.00990211 0.0147162 0.000719047 0.00257394 0.00586734 -0.0278481 -0.00645333 0.0117129 -0.0153871 0.00700074 0.00818699 0.0277219 0.0422487 0.00541096 0.008179 0.025959 0.00412903 0.0366246 0.0171051 0.00563224 0.0151565 0.00323924 -0.00170736 0.0275243 0.0287299 0.0448067
internal_weight=875.915 711.485 164.429 204.709 506.777 229.864 175.896 163.467 276.912 153.529 62.6154 191.135 13.3822 263.53 100.852 11.4303 8.59571 89.4214 80.6301 13.9551 66.6749 11.2204 7.52144 243.583 45.621 24.952 23.4423 5.93579 20.669 10.0716
internal_count=64595 23785 40810 13737 10048 2766 8118 6982 7282 40132 2995 2345 1937 5345 3987 600 468 3387 3215 492 2723 350 228 5241 1866 1259 1238 290 607 288
is_linear=0
shrinkage=0.03


Tree=59
num_leaves=31
num_cat=0
split_feature=27 6 1 6 8 1 17 0 13 33 24 21 27 16 22 21 13 8 19 22 23 31 17 24 29 8 24 24 21 1
split_gain=140.415 35.8248 18.6183 11.8377 10.4971 8.89937 8.8869 8.61082 11.1109 7.99097 7.78971 9.59243 9.56122 12.7597 11.5555 7.76865 7.18042 8.36294 6.50818 5.83001 8.97241 7.9962 7.56641 7.76142 6.98279 6.29839 8.67269 6.1673 6.18344 6.06425
threshold=0.28801843523979193 21.94999980926514 5.4500000476837167 3.6499999761581425 1.4548750519752505 69.350002288818374 0.13572977483272555 3.5000000000000004 -1.0660032033920286 3.3232342004776005 0.38715793192386633 1.0251428484916689 0.55725806951522838 -0.11765505373477934 -0.9945976436138152 -0.7824869155883788 -1.2388526797294614 25.264962196350101 -1.2144808173179624 0.32670754194259649 -0.64954987168312062 224.99176788330081 -0.80908995866775502 1.0000000180025095e-35 -0.97507822513580311 5.0058300495147714 0.2394964471459389 0.234569326043129 0.63117915391922008 2.3500000238418584
decision_type=2 10 2 10 2 2 2 2 2 2 2 2 2 10 2 2 2 2 2 2 2 2 2 2 2 2 2 2 2 2
left_child=1 9 3 4 -2 7 -6 8 16 -1 11 12 13 -8 -15 -16 17 -4 -17 20 22 25 -5 -24 -25 26 -22 28 -21 -29
right_child=2 -3 5 19 6 -7 10 -9 -10 -11 -12 -13 -14 14 15 18 -18 -19 -20 27 21 -23 23 24 -26 -27 -28 29 -30 -31
leaf_value=-0.027081088017825737 -0.02439258052115445 0.023900274095749553 -0.010393137542764753 -0.02177236633638498 -0.01326021541427341 0.022505419355939218 0.00018738710570062576 0.010700899857978388 -0.00548409085408837 0.020108442522352717 -0.0061952638318821382 -0.016937170774955108 -0.0012213292551483737 -0.016521648223696617 -0.0014016986786900341 0.0021901475617534787 0.043446151945583364 0.030671512825035423 0.093937744338458765 0.01316141250851274 -0.02004447139604635 -0.02312818765106647 -0.0084265386857386923 -0.0077344797245529973 0.058755653505856847 -0.010950962565339652 0.0488769170954379 -0.006718331021758471 0.059058621007200475 0.022175706525839983
leaf_weight=169.7786847774405 24.217210974544287 13.076735982671378 9.8928973535075837 2.3665443814825258 38.036979771917686 44.935483634471893 4.8019625272136208 350.09105687635019 70.345203252276406 2.6121902316808692 25.122704367619008 5.3122126576490691 7.6682952512055627 1.1585376537404979 1.0720405387692178 0.83378034969792025 6.1507873781956723 6.6390502927824846 5.4853065060451565 6.8633451918140036 1.74916149582714 15.499069499783216 2.9466934837400895 1.5241278372704972 5.8407438362482944 6.8845707094296813 4.1517185280099511 12.638131085783245 4.2662074982654303 11.801127871032802
leaf_count=44569 3323 92 203 135 2957 202 337 6079 1710 19 1358 302 202 94 88 58 84 45 403 220 88 585 132 43 204 126 95 318 120 258
internal_value=0.000451595 -0.0226087 0.00678103 -0.00117635 -0.00729093 0.00987883 -0.00244466 0.00855062 0.000430728 -0.0262542 0.00565089 0.0167661 0.0256661 0.0401175 0.0601764 0.0727348 0.0182312 0.00690681 0.0837852 0.00788543 0.000109916 -0.00926232 0.0201676 0.0308669 0.0457161 0.00800489 0.0285028 0.0165922 0.0341734 0.00755716
internal_weight=863.763 185.468 678.295 190.24 113.709 488.054 89.4918 443.119 93.0279 172.391 51.4548 26.3321 21.0199 13.3516 8.54967 7.39113 22.6827 16.5319 6.31909 76.5314 40.9626 28.2845 12.6781 10.3116 7.36487 12.7855 5.90088 35.5688 11.1296 24.4393
internal_count=64449 44680 19769 11446 9122 8323 5799 8121 2042 44588 2842 1484 1182 980 643 549 332 248 461 2324 1408 894 514 379 247 309 183 916 340 576
is_linear=0
shrinkage=0.03


Tree=60
num_leaves=31
num_cat=0
split_feature=27 6 11 6 30 6 18 6 8 8 0 24 5 33 28 23 16 17 24 3 16 17 17 34 13 3 11 5 3 1
split_gain=132.066 22.6765 18.7655 13.8998 8.91368 9.47884 8.25807 9.77867 8.26555 7.94297 7.86961 7.85922 8.76091 8.09003 7.54165 7.50594 7.51447 7.34562 6.8539 6.84012 6.53591 6.46551 11.0252 8.95867 6.36826 6.30514 6.29076 5.88365 8.89635 10.3219
threshold=0.21317204087972644 25.44999980926514 12.076388835906984 0.84999999403953563 1.0000000180025095e-35 90.500000000000014 1.4950000047683718 8.9499998092651385 3.6368484497070317 26.802751541137699 4.5000000000000009 0.06245586276054383 -1.7499999999999998 2.437980175018311 0.11692284047603609 -0.80241471529006947 -0.0091912453062832338 -0.88295987248420704 0.86706507205963146 1.3550522327423098 -0.37029761075973505 0.33162946999073034 0.17177493870258334 0.27630075812339788 -1.5252254605293272 -0.57478433847427357 16.44375038146973 13.84999990463257 0.060885749757289893 4.8500001430511483
decision_type=2 10 2 8 2 10 2 8 2 2 2 2 10 2 2 2 10 2 2 2 10 2 2 2 2 2 2 10 2 2
left_child=1 -1 3 -2 26 10 11 8 -8 21 17 12 -5 -13 -15 16 20 -6 -18 27 -10 22 -9 -24 -23 -22 -4 28 29 -12
right_child=2 -3 4 6 5 -7 7 9 15 -11 19 13 -14 14 -16 -17 18 -19 -20 -21 25 24 23 -25 -26 -27 -28 -29 -30 -31
leaf_value=-0.028063656443412362 -0.020005217438404353 0.029682329040512018 0.015918110907020527 0.010748139069956896 -0.021869651542145752 0.040762893118046324 -0.019768550679274979 0.0024925764196191869 -0.013797100108576928 0.018504178257163748 0.00061724690477526318 0.013868115448119049 0.063901488839448919 -0.018736357637978693 0.015162053753387359 -0.0067964648846793822 -0.016621586675333228 0.0045414226907892026 0.04370024334872117 0.02080746580215697 -0.00019708134196680065 0.019643404466580246 -0.010079296740880549 0.044593351534323492 -0.0083021214410469776 0.086729703279958506 0.05916540069190148 0.025200150193034829 -0.0017442958353184081 0.025600229057768143
leaf_weight=141.52353518386371 24.869263873668388 5.6096603423357001 8.6797714997082931 7.4490245948545635 9.8830299321562034 7.7945880219340316 33.165115467971191 105.09246688173153 0.82430440816096995 27.211058272980154 27.123268328607082 49.818774999119341 4.0165642993524653 15.844361772760751 8.1953104883432371 36.987476358888671 5.1794294917490316 72.502918481826782 1.3361270308960227 57.975060512311757 0.98974573146551925 7.2598014767281702 3.195423627505078 9.5217095019761455 67.900746210012585 2.0551525021437551 4.7698701624758533 15.749285055324433 62.889328388031572 32.120099374093115
leaf_count=39441 3872 34 146 178 194 39 4846 4073 80 253 764 1003 93 187 89 2443 362 1156 61 278 82 226 156 288 2382 145 66 107 886 548
internal_value=9.37299e-05 -0.0256765 0.00545968 0.00128973 0.0111577 0.00995444 0.00270971 0.00036066 -0.0085211 0.00363325 0.0089485 0.0108887 0.033001 0.00706104 -0.00703612 -0.00040091 0.0209743 0.00114887 -8.28419e-05 0.0122069 0.0491683 0.00145168 0.00581902 0.0311225 -0.00538037 0.0654109 0.0342888 0.00846678 0.00612184 0.0143624
internal_weight=857.532 147.133 710.399 410.912 299.487 286.038 386.043 300.719 80.5374 220.181 278.243 85.324 11.4656 73.8584 24.0397 47.3722 10.3848 82.3859 6.51556 195.857 3.8692 192.97 117.81 12.7171 75.1605 3.0449 13.4496 137.882 122.133 59.2434
internal_count=64478 39475 25003 20819 4184 3972 16947 15397 8019 7378 3933 1550 271 1279 276 3173 730 1350 423 2583 307 7125 4517 444 2608 227 212 2305 2198 1312
is_linear=0
shrinkage=0.03


Tree=61
num_leaves=31
num_cat=0
split_feature=27 1 6 18 6 3 28 28 15 34 28 8 6 29 23 3 20 20 30 6 19 6 0 31 29 20 23 3 19 18
split_gain=122.292 26.8123 25.0172 16.1505 10.5601 10.8758 9.95617 20.8307 19.4919 10.0003 9.93976 8.95122 8.15898 7.90749 9.15238 12.7757 8.57531 9.56009 7.80679 7.26585 8.06012 7.22937 6.64568 6.39202 6.1594 5.9896 10.0445 5.96001 5.92846 6.14475
threshold=0.20483870804309848 25.849999427795414 11.250000000000002 10.175000190734865 49.649999618530281 1.6856843233108523 -0.86976337432861317 -0.90893998742103566 0.31710016727447515 1.4122545123100283 -0.13398594409227368 2.6432291269302373 3.4500000476837163 -0.64580103754997242 0.40662679076194769 -0.66851663589477528 1.3152956366539004 -0.22794666886329648 2.5000000000000004 8.0500001907348651 -0.43942362070083613 14.050000190734865 6.5000000000000009 299.94718933105474 -0.99761277437210072 -0.5740392506122588 0.22672785818576816 0.74989476799964916 -0.021204351447522637 7.9649999141693124
decision_type=2 2 10 2 8 2 2 2 2 2 2 2 10 2 2 2 2 2 2 10 2 10 2 2 2 2 2 2 2 2
left_child=2 3 24 6 22 27 7 12 11 13 -11 -9 -2 14 15 16 17 -8 -13 -17 21 -21 25 -4 -1 26 -3 -6 -14 -30
right_child=1 4 23 -5 5 -7 9 8 -10 10 -12 18 28 -15 -16 19 -18 -19 -20 20 -22 -23 -24 -25 -26 -27 -28 -29 29 -31
leaf_value=0.030195430570387774 -0.012585797884831312 -0.024244432052877032 -0.012620886589248139 -0.013591566882293451 -0.0070304843559323192 0.028243424591826848 0.0036468019583306911 0.12887938074269992 -0.020237970828348491 -0.0013314405260084323 0.024669898124135937 -0.0029953146534957929 0.00546794761840528 -0.01266907805353518 -0.005556930142845893 -0.0085409536627733106 -0.02070958749138312 0.028483454621069274 0.067840421545628291 0.056641948070723203 -0.0046496415263688742 0.0063453770383958084 0.020578731747875972 0.040541667949616493 -0.029331073059742432 0.0078129624903361602 0.0065825548012266215 0.01433549835128381 0.089469499958200416 -0.0006488123286023668
leaf_weight=0.82068540458567341 12.472041622735565 15.545605625957249 2.4273240584880105 62.539279458113015 13.073763553053139 55.079052571207285 22.851819379953668 1.6130398607347141 1.9168705374468116 23.519216469023377 28.967563345097005 2.0616127178072929 5.5564548161346465 42.710318201687187 101.98942879750393 50.643781087594107 4.492098511895164 36.173021775437519 2.8867924911901355 4.1020105513744074 12.225370279513298 5.7700777389109135 23.071758110076189 5.3360359463840723 129.31763047096319 80.314379991032183 21.629667736589909 81.811654660850763 0.99479228327982072 1.0121953946072606
leaf_count=135 1593 121 56 8647 79 254 815 102 144 716 733 110 282 2927 3485 2424 205 1306 69 108 301 84 131 121 38214 550 129 394 50 64
internal_value=0.000176725 0.00517395 -0.0255847 0.000362192 0.0121792 0.0177 0.00280393 0.0195064 0.0561541 0.0013216 0.0132117 0.0781964 0.0020661 -0.00093861 0.00120846 0.00627595 0.0159967 0.0190887 0.0427865 -0.00231395 0.0117092 0.030532 0.00620575 0.0243762 -0.0287283 0.00323343 -0.00660579 0.011349 0.0248753 0.0589186
internal_weight=852.925 715.024 137.902 424.498 290.526 149.964 361.959 28.5138 8.47832 333.445 52.4868 6.56145 20.0355 280.958 238.248 136.258 63.5169 59.0248 4.94841 72.7412 22.0975 9.87209 140.561 7.76336 130.138 117.49 37.1753 94.8854 7.56344 2.00699
internal_count=64349 25823 38526 24165 1658 727 15518 2414 425 13104 1449 281 1989 11655 8728 5243 2326 2121 179 2917 493 192 931 177 38349 800 250 473 396 114
is_linear=0
shrinkage=0.03


Tree=62
num_leaves=31
num_cat=0
split_feature=11 1 18 27 5 0 19 11 1 6 17 21 29 1 18 18 11 29 33 29 28 18 13 6 25 1 25 26 19 17
split_gain=120.798 23.1828 20.4139 16.6803 10.3385 10.0918 8.33696 7.07919 6.55404 5.59623 11.9272 5.59098 8.23671 6.84401 5.40441 7.1518 7.46933 5.4796 12.7073 13.1003 8.86802 7.41463 7.74608 7.58557 7.56793 7.53898 7.4049 6.44235 6.37152 8.26835
threshold=2.8812500238418584 31.550000190734867 4.2249999046325692 0.31962364912033087 -10.949999809265135 5.5000000000000009 0.048933019861578948 17.368749618530277 77.149997711181655 20.250000000000004 1.1388231515884402 -0.33979859948158259 -0.94137725234031666 43.850000381469734 10.795000076293947 10.404999732971193 6.0236110687255868 -0.49812626838684076 0.2223429158329964 -0.42958799004554743 -0.88622298836708058 1.0000000000000002 0.072013303637504592 7.6499998569488534 0.14273057878017428 6.6499998569488534 0.26702268421649938 26.539999961853031 -0.62139782309532154 -0.12607139348983762
decision_type=2 2 2 2 8 2 2 2 2 8 2 2 2 2 2 2 2 2 2 2 2 2 2 10 2 2 2 2 2 2
left_child=2 3 -1 -2 6 8 -4 14 11 10 -9 -3 -13 -14 15 17 -17 21 19 20 -19 22 -5 26 25 -25 -23 -26 -21 -30
right_child=1 5 4 7 -6 -7 -8 9 -10 -11 -12 12 13 -15 -16 16 -18 18 -20 28 -22 23 -24 24 27 -27 -28 -29 29 -31
leaf_value=0.014489903442830831 -0.015452333647123962 -0.011023941668018889 -0.022707097796334858 0.0043870751443890049 -0.0292210228751042 0.017851953307312676 0.042484920792644369 -0.011000619647849385 0.023927409901711782 0.019686985353270875 0.037635401574995279 -0.0057892614052210854 0.00012517902749241449 0.023707491966841267 -0.011664463884033758 -0.016751061933286342 0.057384073572101575 0.091028829307723658 -0.0074176619543626574 -0.0064769974350756361 0.021750669011333362 -0.016564917610830246 0.032338353524237522 0.051106363660875127 -0.0021439566420615821 0.0014856460047440474 -0.0017304229981792393 0.025641303688799709 -0.013213601120515882 0.048001986214863845
leaf_weight=10.590186508838086 48.318054223433137 20.217785928398371 2.5382002610713243 47.619738993234932 133.87859708559699 136.98771017789841 2.6426437720656395 17.788633562158797 14.1238706856966 36.301607985980809 4.9834923986345521 29.576413419097662 18.399354722350836 26.867769613862038 25.479104838799685 1.2172222803346802 3.0564633691683412 2.8503328412771225 17.521041120402515 9.5180099545978045 4.4516434306278851 43.182402269449085 10.109004010446368 4.9869630411267263 57.886795773170888 5.2201004382222891 97.154465733096004 7.6115780230611554 2.4312828327529132 5.0053088907152388
leaf_count=648 8838 122 80 975 39944 608 76 478 64 459 103 156 139 119 1899 122 129 59 784 428 108 2824 154 83 1164 125 3348 108 171 185
internal_value=-0.000184684 0.00506103 -0.0245532 0.00102411 -0.0276088 0.0124504 0.0120396 0.00302612 0.00557298 0.0125323 0.000778413 0.00262525 0.0064091 0.0143321 0.00136832 0.00243972 0.0370966 0.00185463 0.01184 0.0254932 0.0565008 0.000293309 0.00974898 -0.00226662 0.00534218 0.0281263 -0.00637998 0.00142201 0.00973578 0.0287945
internal_weight=848.516 698.866 149.65 452.693 139.059 246.173 5.18084 404.375 109.185 59.0737 22.7721 95.0613 74.8435 45.2671 345.301 319.822 4.27369 315.549 41.7776 24.2566 7.30198 273.771 57.7287 216.042 75.7054 10.2071 140.337 65.4984 16.9546 7.43659
internal_count=64500 23752 40748 22544 40100 1208 156 13706 600 1040 581 536 414 258 12666 10767 251 10516 1735 951 167 8781 1129 7652 1480 208 6172 1272 784 356
is_linear=0
shrinkage=0.03


Tree=63
num_leaves=31
num_cat=0
split_feature=27 6 3 6 14 5 19 6 15 27 24 29 29 15 27 29 3 27 6 6 29 5 24 29 19 23 16 5 29 30
split_gain=125.09 25.7145 18.2832 16.3527 10.6256 10.6064 10.6152 8.77627 8.08834 8.92515 7.236 6.11704 9.62108 14.9861 16.5348 9.26627 6.82422 6.77139 7.3957 6.07508 6.06546 9.17981 7.33422 5.71269 5.52081 5.48388 10.7855 12.1274 8.75468 16.7274
threshold=0.20483870804309848 1.9499999880790713 1.4983282685279848 25.44999980926514 -0.75553789734840382 0.84999999403953563 -1.1320721507072447 61.649999618530281 -0.016699605621397492 0.41801074147224432 0.91105988621711742 -0.49812626838684076 -0.41399101912975306 -1.2053942680358884 0.43440860509872442 -0.61236745119094838 1.1482270359992983 0.53279572725296032 10.449999809265138 10.34999990463257 -0.99761277437210072 5.4500000476837167 0.59407958388328563 -0.99761277437210072 -0.85670673847198475 -0.33389925956726069 -0.018545987084507939 -3.8500000238418575 -0.66527268290519703 2.5000000000000004
decision_type=2 8 2 10 2 10 2 8 2 2 2 2 2 2 2 2 2 2 8 10 2 10 2 2 2 2 10 8 2 2
left_child=3 4 8 23 5 -2 -7 10 11 -10 19 15 17 14 -14 20 -17 18 -13 -4 21 22 -3 -1 -11 26 -22 -28 -27 -30
right_child=1 2 7 -5 -6 6 -8 -9 9 24 -12 12 13 -15 -16 16 -18 -19 -20 -21 25 -23 -24 -25 -26 28 27 -29 29 -31
leaf_value=0.027338805411963193 -0.0085804877316359648 0.012599437120275959 0.027117575827253947 0.027790377120530362 -0.020805836129798735 -0.0116787006944046 0.070122107724439442 0.024467815747262856 -0.015444395066177169 -0.012681491833303984 0.024450774574744986 0.010223263377330857 0.10411364344776877 4.5950108771248131e-05 0.007495859723290468 -0.022646336047921139 0.02071463047193273 0.0029485283581720759 0.076913565525224895 -0.00057628728841524653 -0.0035868482693203283 -0.012576307265634832 0.051837583851667202 -0.028949680766259041 0.0041109301573597134 0.0018001661027714489 -0.0060622615389721475 0.039682563530662476 -0.023257976439968429 0.057959769691367125
leaf_weight=0.90223652473650773 11.750519947847353 10.165128716966143 7.37787608988583 4.0842914134263983 44.062965599121526 1.8908037622459231 2.788182627176865 66.428777031134814 28.308066757628694 18.707643257919699 19.720822820439935 2.5460580934304726 1.8929116989020212 28.464065295411277 3.9327451032586396 15.106608995702119 3.2611669530160716 3.0010929740965366 4.412375214509666 47.563631971366704 16.144899155246094 4.927417908795177 7.7152790795080355 126.50456656306051 167.15254064043984 168.2558129359968 6.8346392773091793 18.175068966578696 2.7966549969278258 5.6601549712941051
leaf_count=135 1230 224 78 33 6395 111 190 372 3463 408 143 106 160 2134 86 640 38 30 120 311 527 61 128 38551 4328 3699 150 480 147 119
internal_value=0.000388661 0.00531756 0.00704112 -0.0264011 -0.0132553 0.00702652 0.0408303 0.0165786 0.00441365 -5.25372e-05 0.00932883 0.00755724 0.0177651 0.00962095 0.0495435 0.00575195 -0.0142756 0.0423681 0.0568626 0.00356088 0.00733315 0.0217537 0.0313793 -0.0283413 0.00236188 0.00573101 0.0154651 0.027429 0.00338978 0.0314819
internal_weight=850.535 719.044 658.551 131.491 60.4925 16.4295 4.67899 141.091 517.46 214.168 74.6623 303.292 44.2492 34.2897 5.82566 259.043 18.3678 9.95953 6.95843 54.9415 240.675 22.8078 17.8804 127.407 185.86 217.867 41.1546 25.0097 176.713 8.45681
internal_count=64597 25878 17952 38719 7926 1531 301 904 17048 8199 532 8849 2636 2380 246 6213 678 256 226 389 5535 413 352 38686 4736 5122 1157 630 3965 266
is_linear=0
shrinkage=0.03


Tree=64
num_leaves=31
num_cat=0
split_feature=27 6 1 6 18 6 29 34 8 34 8 6 29 34 18 25 27 27 13 31 18 8 27 20 29 13 17 6 1 29
split_gain=111.455 29.0934 22.4079 12.9294 6.79118 6.20022 6.12008 6.72056 5.01361 8.37438 6.89996 6.03113 5.82171 5.49104 5.42977 5.7609 5.13949 5.02104 11.581 7.27781 5.68574 6.5801 5.07678 5.07145 5.269 6.99836 5.60301 5.15594 4.86252 6.96398
threshold=0.20483870804309848 25.44999980926514 43.850000381469734 0.84999999403953563 14.644999980926515 60.350000381469734 -0.75581181049346913 0.28912435472011572 32.696607589721687 0.098005399107933058 23.647480010986332 102.54999923706056 -0.99938741326332081 1.3247562646865847 6.4049999713897714 0.25884145498275762 0.51639783382415783 0.31962364912033087 -1.5252254605293272 300.16123962402349 12.994999885559084 5.0811743736267099 0.32795698940753942 -1.8967386484146116 -0.99761277437210072 -0.1328511908650398 0.86958327889442455 10.34999990463257 7.6499998569488534 -0.85225707292556752
decision_type=2 10 2 8 2 8 2 2 2 2 2 10 2 2 2 2 2 2 2 2 2 2 2 2 2 2 2 10 2 2
left_child=1 28 3 -2 8 6 7 -4 10 -10 11 12 13 -5 -12 -16 -11 18 19 -14 -20 -22 -19 27 25 26 -25 -24 -1 -30
right_child=2 -3 5 4 -6 -7 -8 -9 9 16 14 -13 17 -15 15 -17 -18 22 20 -21 21 -23 23 24 -26 -27 -28 -29 29 -31
leaf_value=-0.02932787647513737 -0.016951353160273276 0.042512825349224313 0.022028795446353246 -0.02277087301747913 -0.016972235567527787 0.022416486701832578 0.023484284657505062 -0.0013731965661922727 0.05137964444481527 -0.020420513416953365 -0.020260163784219062 0.048321336924626021 -0.0085020244083317889 0.014147863951758656 0.033704710481229673 -0.010543205057840198 0.014912644981613203 0.044115531128145952 -0.018361381101697612 0.066976060352975111 -0.012474495312120928 0.054253801661275525 0.0066301254366504178 0.054352157639213507 0.0040505874832225128 2.393936244590664e-05 0.0031677572865893475 0.050192176584253234 0.044840748769414865 -0.016932533554379438
leaf_weight=116.00060443975963 27.880010412540287 4.6702225208282462 13.788135424256323 12.166590699227529 13.035445704124866 67.636222928762436 20.451993688941002 43.217274159193039 4.1556543759070363 3.6881341137923327 17.833091162145141 1.8004237636923779 1.5666438231710338 4.2291598955634973 3.351875968044622 5.9228691169992089 17.92201840877533 2.0753365270793429 24.915071655763317 1.9131442029029129 2.3988966436590995 1.3506739954464135 6.1055040191858989 5.4016375225037354 398.35423323581927 7.7503998838365069 2.9382346267811954 3.5292839109897614 1.0816665638703851 6.8929349470417938
leaf_count=37929 4367 33 61 389 1756 307 89 192 61 101 259 10 191 80 77 88 212 121 3493 190 581 98 227 116 12392 210 55 44 58 545
internal_value=0.000677995 -0.0249189 0.00530941 0.0026189 0.00365417 0.0157941 0.00979934 0.00456933 0.00419312 0.0168625 0.00351279 0.00435698 0.004089 -0.0129821 -0.0109532 0.0071719 0.008246 0.00472666 -0.00655959 0.0386825 -0.0131707 0.0179245 0.00559133 0.00529946 0.00476176 0.0211013 0.0385892 0.0258063 -0.027779 -0.00449088
internal_weight=844.023 128.645 715.378 570.284 542.404 145.094 77.4574 57.0054 529.369 25.7658 503.603 476.495 474.695 16.3958 27.1078 9.27475 21.6102 458.299 32.1444 3.47979 28.6646 3.74957 426.155 424.079 414.445 16.0903 8.33987 9.63479 123.975 7.9746
internal_count=64332 38565 25767 25118 20751 649 342 253 18995 374 18621 18197 18187 469 424 165 313 17718 4553 381 4172 679 13165 13044 12773 381 171 271 38532 603
is_linear=0
shrinkage=0.03


Tree=65
num_leaves=31
num_cat=0
split_feature=27 1 3 18 6 5 0 3 0 19 15 13 1 19 29 3 1 27 27 14 16 12 6 18 1 5 22 1 3 18
split_gain=111.272 33.2702 17.9552 12.9384 9.25544 8.71544 8.4223 7.09796 10.8651 9.87829 8.74951 7.15357 8.41856 7.58472 9.10072 7.71696 6.28414 5.75757 6.48949 5.56301 5.42157 5.17749 5.07309 4.74095 4.15988 4.10101 4.68551 5.91976 13.4192 7.98393
threshold=0.29516129195690161 26.44999980926514 1.4243296980857851 11.914999961853029 4.3500001430511483 -15.65000009536743 5.5000000000000009 -1.7794376611709593 2.5000000000000004 -0.94156932830810536 0.3341935425996781 1.7091407179832461 3.2500000000000004 -0.44905081391334528 -0.73865258693695057 -0.78783258795738209 77.149997711181655 0.60483872890472423 0.39354838430881506 -1.4609656929969785 -0.3777793794870376 15.13124990463257 1.8499999642372134 3.4300000667572026 4.8500001430511483 -44.04999923706054 -0.79900667071342457 14.34999990463257 0.45508854091167456 2.6550000905990605
decision_type=2 2 2 2 8 8 2 2 2 2 2 2 2 2 2 2 2 2 2 2 8 2 10 2 2 8 2 2 2 2
left_child=1 5 3 4 7 -1 16 8 -2 -10 -11 12 -9 14 15 -14 19 18 -16 -4 -20 -15 23 -17 -22 -6 27 29 -29 -27
right_child=2 -3 6 -5 25 -7 -8 11 9 10 -12 -13 13 21 17 22 -18 -19 20 -21 24 -23 -24 -25 -26 26 -28 28 -30 -31
leaf_value=0.017476766920534684 -0.021963899653037518 0.01314095014191005 0.024150551834182472 -0.018723262077792319 0.017960576623234085 -0.027810465744751964 0.021626891482467481 -0.023337819958563481 -0.008357663339078612 0.10319054471443434 -0.00039270458174104212 0.042862275542034603 0.038108739345767667 -0.01868056837941565 -0.014584549446184815 -0.010006516590582977 0.02460106734705839 -0.01620616328971838 -0.001551240008745442 -0.0015641233843352363 0.011042209636812661 0.020098131805013627 -0.025320696961466507 0.036928933061580231 0.086926201860591842 0.025725339141276313 0.0036165199968006411 0.059157225572763858 0.011155733125830682 -0.0044788512067540686
leaf_weight=3.2937108892947435 2.5627675487194201 21.054109752178192 7.9785016290843478 22.484913267893717 22.810117479413748 142.7897097428795 77.629034135956317 24.758148250170052 1.690772872418165 1.6739109470508995 1.0011488483287392 1.4527678107842792 2.472680428065364 21.605585809331391 0.92797553027048607 4.3558792849071333 13.683992475271223 1.1035788301378486 1.0776674519293008 47.697496334090829 1.175014528911561 2.752636920195072 8.5021508662030083 2.1001940481364727 2.8091391865164042 9.8832645099610072 338.27089330577292 5.814788073301318 25.874493206851184 27.72389331785962
leaf_count=93 221 129 47 2496 169 45210 403 3156 77 62 72 131 80 1647 114 152 64 48 69 297 83 42 325 124 110 159 7529 86 272 1068
internal_value=0.000248751 -0.0216133 0.00563127 0.00306603 0.00405678 -0.0266775 0.0148823 -0.00513293 0.0219958 0.0470846 0.0748658 -0.00789217 -0.00945428 -0.00209561 0.0094941 -0.00257006 0.00713344 0.0357945 0.0463231 0.00248195 0.0580532 -0.0136786 -0.0112611 0.00816692 0.071252 0.00581601 0.00509403 0.0121525 0.0215039 0.00391963
internal_weight=849.011 167.138 681.873 534.884 512.399 146.083 146.989 82.022 6.9286 4.36583 2.67506 75.0934 73.6407 48.8825 24.5243 17.4309 69.36 7.09338 5.9898 55.676 5.06182 24.3582 14.9582 6.45607 3.98415 430.377 407.567 69.2964 31.6893 37.6072
internal_count=64535 45432 19103 18292 15796 45303 811 6513 432 211 134 6081 5950 2794 1105 681 408 424 376 344 262 1689 601 276 193 9283 9114 1585 358 1227
is_linear=0
shrinkage=0.03


Tree=66
num_leaves=31
num_cat=0
split_feature=11 6 2 6 15 28 34 22 29 28 8 12 11 11 11 15 15 15 22 29 8 16 20 23 11 3 2 8 20 13
split_gain=108.82 19.6683 14.7546 11.8422 8.87768 11.5482 9.53904 8.88792 8.16121 9.42458 8.80069 8.14151 7.49336 7.28825 6.70232 6.49428 9.36084 15.6704 7.98651 7.19705 7.15605 6.91764 6.90629 6.22039 9.69987 6.11979 6.2708 6.01152 6.39635 7.98898
threshold=2.6881943941116337 24.849999427795414 3.8033230304718022 0.84999999403953563 -1.1623358726501463 -0.75015330314636219 0.98514154553413402 1.1263650059700014 -0.78324955701827992 -0.49064628779888148 1.5072023868560793 -1.5354166626930235 18.01249980926514 16.44375038146973 11.856250286102297 0.45121642947196966 -0.077363658696413026 -0.028796236030757424 -0.97682693600654591 -0.67168185114860524 13.932306289672853 -0.10457151383161543 0.050454935058951385 0.77658438682556163 13.323610782623293 -0.80715110898017872 1.470109820365906 7.4823124408721933 0.36369962990283972 -0.10063444450497626
decision_type=2 10 2 8 2 2 2 2 2 2 2 2 2 2 2 2 2 2 2 2 2 8 2 2 2 2 2 2 2 2
left_child=1 25 3 27 5 14 11 -8 9 12 -10 -7 13 -6 -5 16 23 -18 22 20 -17 -20 -19 -12 -25 26 -1 -2 -29 -30
right_child=2 -3 -4 4 8 6 7 -9 10 -11 15 -13 -14 -15 -16 19 17 18 21 -21 -22 -23 -24 24 -26 -27 -28 28 29 -31
leaf_value=-0.014628568851510607 -0.025555544951445699 0.043552701520725497 0.013356077279431009 0.051471585292459869 0.019252029295951895 0.0086348322167901989 0.0092381122210211195 0.050006386577134278 -0.021684844927690593 0.0032255136622131417 -0.0081453093450826932 -0.023370462933084177 -0.0092731531343292501 0.068529800862009868 -0.0091961101870004607 -0.011401860462364783 0.059764393147470701 -0.0083227649448434447 0.018280603473160288 -0.020902258432243519 0.048194251420860895 -0.014876429424094275 0.061310938763561487 -0.000288234594858913 0.043841208092178549 -0.029039519051439058 0.041153281322830602 -0.014779455010641478 0.069056344639629758 -0.016319006194193363
leaf_weight=16.087308583548296 18.186079714912925 2.8475071508437386 153.66198681294918 8.7309182593598944 30.289870666107163 18.536722275894135 15.807018021121623 6.3347445747349402 19.071688723983243 273.93689392530359 55.757178378524259 10.309452423593031 6.5744448099285355 2.248823261819779 1.6413996010087419 3.573019124800342 5.1148943630978492 1.6180201980751068 8.343396873213349 21.826144982594997 2.1564164822921157 13.397296148119493 2.7645314177498221 19.812553981086243 4.7888573780655852 110.05794398020953 1.0607694047503162 4.5557725923135868 1.4025461168494078 1.1422410656232385
leaf_count=3041 3556 33 690 386 1077 656 218 90 2961 7851 2269 273 113 41 51 249 175 81 365 1329 37 675 131 761 90 36580 35 315 77 96
internal_value=0.000534471 -0.0245904 0.00515452 0.0028758 0.00383936 0.0144806 0.00820264 0.0225587 0.00242613 0.00522722 -0.00311391 -0.00320345 0.0188167 0.0245995 0.0419066 -0.000432084 0.00281163 0.0164741 0.00610695 -0.0132071 0.0148571 -0.00190748 0.0388325 -0.00263664 0.00967883 -0.0264436 -0.00910044 -0.0167945 0.00602928 0.0369421
internal_weight=841.636 130.054 711.583 557.921 532.634 61.3603 50.9879 22.1418 471.274 313.05 158.224 28.8462 39.1131 32.5387 10.3723 139.152 111.597 31.2381 26.1232 27.5556 5.72944 21.7407 4.38255 80.3586 24.6014 127.206 17.1481 25.2866 7.10056 2.54479
internal_count=64302 39689 24613 23923 19879 1674 1237 308 18205 9082 9123 929 1231 1118 437 6162 4547 1427 1252 1615 286 1040 212 3120 851 39656 3076 4044 488 173
is_linear=0
shrinkage=0.03


Tree=67
num_leaves=31
num_cat=0
split_feature=27 1 1 18 13 25 29 20 29 0 31 11 13 27 26 13 18 15 25 12 17 26 15 34 23 16 16 11 13 20
split_gain=99.147 18.726 10.1249 8.82265 8.56034 7.73317 22.425 13.5831 7.21997 7.00996 6.43657 6.29969 7.6243 7.9209 8.59286 7.68136 6.1606 5.83628 7.52066 6.85443 6.73372 7.63821 6.07963 5.83347 5.8239 5.99269 5.79563 11.0574 5.75637 5.73398
threshold=0.20483870804309848 31.550000190734867 7.6499998569488534 12.265000343322756 -1.9801886081695554 0.32361423969268804 0.29958851635456091 0.35211966931819921 -0.85225707292556752 5.5000000000000009 450.24514770507818 12.076388835906984 0.32242457568645483 0.75000000000000011 35.24749946594239 0.51238432526588451 3.0649999380111699 0.10426390916109086 0.29651139676570898 -6.8645834922790518 0.26596271991729742 25.967500686645511 0.53238591551780712 0.028608421795070175 -0.91846826672554005 -0.50971323251724232 0.4509847760200501 10.982638835906984 0.98551204800605785 0.49184957146644598
decision_type=2 2 2 2 2 2 2 2 2 2 2 2 2 2 2 2 2 2 2 2 2 2 2 2 2 10 10 2 2 2
left_child=2 3 -1 5 -3 17 11 16 -4 24 -11 12 13 14 23 -14 -8 18 -2 20 21 22 -19 -7 -6 -26 -21 -28 -24 -13
right_child=1 4 8 -5 9 6 7 -9 -10 10 -12 29 15 -15 -16 -17 -18 19 -20 26 -22 -23 28 -25 25 -27 27 -29 -30 -31
leaf_value=-0.028173033758924076 0.0048976087375465667 0.036534133674406187 0.043135277687950689 -0.014606461020959234 -0.01668324419151512 0.028088107506689611 0.021401486684980806 -0.017106768709271733 -0.01032154817350376 0.018734803656557716 0.0045892117876749419 0.0054944877074815449 0.043059479871163445 0.03467862445160861 0.040255031924312921 0.0028112129476667892 0.10505278297030603 -0.012391109201311734 -0.010042276758463139 -0.012835351000094775 -0.012629799810981257 0.060686539579883604 0.057665878444245929 -0.015507288240110523 0.029878991624597038 0.0034214394771007739 -0.0067478009607587928 0.055197524123211418 -0.0079303177974782788 0.026142539483011415
leaf_weight=107.40664140530862 165.88613585662097 10.362342670559881 1.9257283629849542 30.719988160068169 10.483880676329134 2.0402690519113085 1.802712520584463 1.2286478574387727 9.2252622134983522 88.557156972587109 43.971734598278999 36.706931932363659 4.9808927341364351 2.8465203009545794 1.9268490555696178 15.449471604777498 2.7206118043977767 5.3230961996596324 36.091315027792007 77.565402724314481 6.793029246851801 2.5361279114149502 2.0336037480738018 44.583364988444373 7.5952541083097449 78.529894229024649 9.8494451851584 2.440470326691865 1.6407870159018783 17.624614327214658
leaf_count=37928 7954 52 63 5202 64 104 34 74 542 394 198 683 183 27 47 672 167 263 1173 4621 294 42 96 1810 44 428 659 53 101 311
internal_value=-9.00035e-05 0.00414784 -0.0253726 0.000679506 0.0109633 0.00177231 0.00782707 0.0611255 0.0017004 0.00965315 0.014111 0.00493544 -0.000912973 -0.00706656 -0.0101646 0.0141751 0.0816253 -0.000819655 0.00219168 -0.00641045 0.00992484 0.0231568 0.0075662 -0.0130498 0.00345599 0.00607086 -0.00981471 0.00878076 0.032944 0.0125439
internal_weight=830.848 712.291 118.558 472.79 239.5 442.07 131.911 5.75197 11.151 229.138 132.529 126.159 71.8274 51.397 48.5505 20.4304 4.52332 310.159 201.977 108.182 18.3266 11.5336 8.99749 46.6236 96.609 86.1251 89.8553 12.2899 3.67439 54.3315
internal_count=64283 25750 38533 24570 1180 19368 4112 275 605 1128 592 3837 2843 1988 1961 855 201 15256 9127 6129 796 502 460 1914 536 472 5333 712 197 994
is_linear=0
shrinkage=0.03


Tree=68
num_leaves=31
num_cat=0
split_feature=27 34 6 11 14 27 17 28 20 1 14 14 14 18 18 17 23 28 1 27 0 18 20 28 11 12 6 30 11 1
split_gain=102.193 18.842 12.9244 10.9767 8.2501 7.82105 7.31194 8.11528 6.94731 6.84319 6.14345 6.08064 8.20343 7.95513 7.64282 7.42326 7.89053 8.45785 7.06933 5.52819 5.38246 5.39717 8.04434 8.41932 5.35949 5.24163 4.5404 9.19036 8.52865 7.62227
threshold=0.26209677755832678 0.98514154553413402 1.4499999880790713 4.4812500476837167 -2.0627975463867183 0.67204302549362194 -0.29627379775047297 -0.90893998742103566 -0.68023329973220814 77.149997711181655 -0.25639854371547693 1.1077771782875063 0.86649248003959667 6.3150000572204599 3.0649999380111699 0.3179068416357041 -0.12401061877608298 -0.37447345256805414 42.149999618530281 0.53279572725296032 4.5000000000000009 7.5150001049041757 -0.30501954257488245 -0.18492533266544339 7.6812500953674325 11.29444456100464 2.3500000238418584 1.5000000000000002 5.1312499046325692 30.750000000000004
decision_type=2 2 8 2 2 2 2 2 2 2 2 2 2 2 2 2 2 2 2 2 2 2 2 2 2 2 10 2 2 2
left_child=1 -1 5 -3 8 20 -5 -8 -4 11 -9 12 26 -14 -13 16 18 24 19 -16 -2 22 -22 -24 -18 -21 27 28 -6 -29
right_child=2 3 4 6 9 -7 7 10 -10 -11 -12 14 13 -15 15 -17 17 -19 -20 25 21 -23 23 -25 -26 -27 -28 29 -30 -31
leaf_value=-0.028017591083962585 -0.026346459598608714 -0.025692170308746175 0.0023588862838491887 -0.013633426627009369 -0.012901370321763778 0.02299780376595208 -0.020486942314610526 0.060996035446812723 0.038732282070800109 0.019963484016569194 -0.005208138831940246 0.040498089933316953 0.0050470970030735383 -0.023996458717518238 -0.01891348052903288 -0.016688392656814106 0.0072104464950900208 -0.00050241490220899389 0.029597895720975043 0.020887706436941839 -0.018120257144177743 -0.021986611487376295 -0.0010944344172072952 0.07030542386534927 0.065737543309490831 -0.01907547071540899 0.0019962315962743357 -0.0015627867714753058 0.019211566666874413 0.013325396076936218
leaf_weight=117.47366617410444 20.069041157606989 5.6771313957870033 7.9002993036992875 3.1363018008414647 7.623122932156547 4.2502964772284022 1.3193669919855882 5.3519355666358015 11.292405978543682 25.786722451448441 1.3884075686801223 7.3288597920909515 15.031073463615028 17.666141148190945 9.9073003586381727 7.6068934639915815 2.1698074988089502 4.2262247093021852 6.9988089203834525 9.2480143941938859 3.7692598623689264 6.2709814498666665 2.9117669989354908 1.9734769831411521 5.2061911034397781 3.2620309349149457 302.33660526946187 98.400069714756683 69.723458707798272 44.032519094645977
leaf_count=40244 2992 1703 136 152 1119 121 34 182 170 122 103 89 301 757 787 302 193 201 31 291 319 1152 229 146 84 35 6844 3765 1647 195
internal_value=6.2624e-05 -0.0237893 0.00470092 0.00556953 0.00570641 -0.0118242 0.0222282 0.0361476 0.0246182 0.00509848 0.0484479 0.00443927 0.00347367 -0.0108914 0.0137846 0.00902332 0.0140753 0.0339789 0.0053659 -0.00314031 -0.016575 -0.00260677 0.0122585 0.0347939 0.0514369 0.00982656 0.00439238 0.00766464 0.0159223 0.00310066
internal_weight=829.338 134.347 694.991 16.8731 655.747 39.2448 11.196 8.05971 19.1927 636.554 6.74034 610.767 554.813 32.6972 55.9541 48.6253 41.0184 11.6022 29.4162 22.4173 34.9945 14.9255 8.6545 4.88524 7.376 12.51 522.116 219.779 77.3466 142.433
internal_count=64446 42418 22028 2174 17069 4959 471 319 306 16763 285 16641 14628 1058 2013 1924 1622 478 1144 1113 4838 1846 694 375 277 326 13570 6726 2766 3960
is_linear=0
shrinkage=0.03


Tree=69
num_leaves=31
num_cat=0
split_feature=11 5 12 24 18 8 18 18 25 25 25 19 21 19 1 16 5 25 16 5 15 34 29 29 3 29 34 25 29 1
split_gain=88.738 17.92 13.2025 10.1372 7.96822 7.27311 5.82502 5.24813 5.21793 4.91877 4.80701 4.72002 4.78283 6.70493 4.85763 4.79417 5.17091 4.51176 5.71589 5.99858 6.46347 5.65148 5.81694 7.81817 11.2308 14.1621 15.6515 9.71346 5.3646 5.2115
threshold=2.4291666746139531 -12.550000190734862 26.264583587646488 1.1569498777389529 13.394999980926515 52.641929626464851 4.2249999046325692 13.244999885559084 0.24399357289075854 0.14506139606237414 0.3611124455928803 -1.3521066308021543 1.199793338775635 -1.0335236191749571 69.350002288818374 0.34309297800064092 36.250000000000007 0.12548435106873515 -0.20341356843709943 -9.5500001907348615 -0.34405061602592463 2.9818181991577153 0.79253265261650097 0.28313310444355017 0.66535356640815746 0.54759982228279125 0.28912435472011572 0.30331180989742285 -0.76140165328979481 2.5499999523162846
decision_type=2 8 2 2 2 2 2 2 2 2 2 2 2 2 2 8 10 2 10 10 2 2 2 2 2 2 2 2 2 2
left_child=1 -1 4 10 5 7 9 17 -5 -3 11 -4 13 -13 15 16 -15 18 29 20 -20 22 23 28 25 26 27 -25 -19 -2
right_child=2 6 3 8 -6 -7 -8 -9 -10 -11 -12 12 -14 14 -16 -17 -18 21 19 -21 -22 -23 -24 24 -26 -27 -28 -29 -30 -31
leaf_value=0.02819464814024351 -0.018829360614783571 0.034296659581661254 0.022946313426674417 0.011679744937136069 -0.01624841293927004 0.029065456331456258 -0.028658095071923809 0.046514936703636718 0.036271717730376629 -0.016841846676153127 0.02139913990918238 -0.022628879844226606 0.018494170015059784 0.00066101447320901399 0.016060315829030315 0.016496869622909631 -0.020799092116209221 0.003198452454512619 -0.0194533372033159 -0.026020611572533398 0.033337086109235622 0.016459969364701871 -0.026529191040339337 -0.019697265132967625 -0.024549330936461462 0.0095578738189298577 0.14604372136338167 0.068023048923277929 -0.0045074975708091292 0.019191705768362172
leaf_weight=4.7529538897797465 3.8803708956111214 1.7648551547899831 11.331085473299025 15.51217771694064 20.929196922341362 7.929727117996662 103.61457004141994 1.3462989055551577 17.896790221333504 3.3909453304950148 18.248794764280319 8.8029962033033353 15.329975530505179 51.605458907783039 20.299546375870705 11.931207207962862 11.548685714602469 312.17989001027308 3.3522159359417856 16.993346645031124 3.0664712917059687 23.164068456040695 5.5454190904274574 1.7385172327049065 2.8186701952945432 7.8233423107303679 0.86916098184883583 1.1109049781225619 108.86162660946138 8.9832536871544999
leaf_count=96 607 188 54 80 3983 81 37731 214 85 303 83 41 73 266 92 57 50 9138 60 1918 58 545 728 188 142 500 93 46 6562 410
internal_value=-6.51455e-05 -0.02458 0.0038665 0.0108034 0.0014646 0.00222238 -0.0271219 0.00174116 0.0255247 0.00339089 0.00735662 0.00525074 0.00339661 0.00102049 0.0034152 -0.000169597 -0.00352632 0.00152817 -0.00852023 -0.017094 0.00686094 0.00233019 0.00155236 0.00196998 0.0229949 0.0356373 0.0768511 0.0232889 0.0012001 0.00719158
internal_weight=826.623 113.523 713.099 182.507 530.592 509.663 108.77 501.734 33.409 5.1558 149.098 130.849 119.518 104.188 95.3849 75.0854 63.1541 500.387 36.2757 23.412 6.41869 464.112 440.948 435.402 14.3606 11.5419 3.71858 2.84942 421.042 12.8636
internal_count=64472 38318 26154 881 25273 21290 38222 21209 165 491 716 633 579 506 465 373 316 20995 3053 2036 118 17942 17397 16669 969 827 327 234 15700 1017
is_linear=0
shrinkage=0.03


Tree=70
num_leaves=31
num_cat=0
split_feature=11 8 5 27 8 13 13 0 5 8 0 34 25 18 20 28 34 11 20 16 16 23 16 18 15 16 34 34 31 28
split_gain=93.3333 18.6806 14.5698 10.3446 9.39102 8.96265 7.30241 7.27959 12.0246 13.7211 7.84134 6.72491 6.71258 9.63274 9.3795 8.27926 8.20928 6.54494 6.53871 6.44619 12.302 9.89662 8.47299 8.18833 8.09252 9.47857 7.32069 10.5206 7.04643 9.09174
threshold=2.6881943941116337 28.640341758728031 -8.1500000953674299 0.29516129195690161 23.647480010986332 -1.6972995996475218 -1.1189827322959898 5.5000000000000009 -21.150000572204586 1.9446496367454531 2.5000000000000004 0.52516824007034313 0.21837224811315539 1.9700000286102297 -0.82716840505599964 -0.13398594409227368 1.5388600230216982 8.4562497138977069 0.19489315897226336 -0.22551141679286954 0.1540009751915932 -1.0641695857048032 -0.18295824527740476 7.0450000762939462 -0.29304859042167658 0.2339352145791054 0.11825485527515413 0.55477154254913341 424.81584167480474 -0.28519254922866816
decision_type=2 2 8 2 2 2 2 2 8 2 2 2 2 2 2 2 2 2 2 10 10 2 10 2 2 10 2 2 2 2
left_child=2 3 -1 4 5 -2 -3 8 9 -5 11 -10 13 14 -12 -16 -15 -18 -13 -9 21 -21 -23 24 -22 -26 -27 -28 -24 -30
right_child=1 6 -4 7 -6 -7 -8 19 10 -11 12 18 -14 16 15 -17 17 -19 -20 20 23 22 28 -25 25 26 27 -29 29 -31
leaf_value=0.01144802068490155 0.029625817468796216 0.025660401356690926 -0.027133427173217529 0.05222029385071001 0.026973719779041779 -0.018924996872504603 0.0099432436459271009 -0.000933551675888743 -0.024298359252145775 0.0056330411362255084 -0.010016646761854641 -0.01369094634653944 -0.0049606320728820437 -0.0077182764041844347 0.013620674371044023 0.077325052679067308 0.052005921841863006 -0.0012216699337168919 0.014318432478114101 0.036486695496856417 -0.0067605139952369876 0.034113559966287461 0.014963315804946146 -0.010038914935417769 -0.0095725752580521732 -0.013922563150276011 0.043622070108033879 0.0036332496560237187 -0.014914667513281209 0.011383668108008513
leaf_weight=9.0299226250499469 2.8374707142356774 38.415564124938101 109.7709865483921 6.0478156320750704 4.3896042474079868 41.275607987307012 89.818626580759883 82.781771768815815 25.780094795627519 31.206548132002354 2.9129143171012402 19.517083466751505 78.168795082252473 23.387051914352927 3.9442293574102223 3.5681571159511787 3.3831742778420439 3.8699668068438768 10.862586899427695 15.510844455799086 22.100207186769694 12.393072589300571 64.416868932312354 38.276535637909546 9.4791485886089486 3.422911157365891 15.982529311440887 9.3900904520414752 20.37352481810376 25.501817006152123
leaf_count=308 388 288 39399 48 35 8164 695 2017 1476 281 90 626 2365 1539 91 66 126 57 407 436 417 252 1617 1418 208 90 263 204 559 518
internal_value=0.000364229 0.0044966 -0.0241298 0.00219705 -0.0109287 -0.0152146 0.0148138 0.00341136 -0.000888687 0.0143633 -0.00419133 -0.0133268 0.000186558 0.00986932 0.0333805 0.0494076 0.00106749 0.026899 -0.00353874 0.00626602 0.00877572 0.0145196 0.0114698 0.000664407 0.00750312 0.0157015 0.0240635 0.0295216 0.00864177 -0.000364608
internal_weight=827.816 709.015 118.801 580.78 48.5027 44.1131 128.234 532.278 212.648 37.2544 175.394 56.1598 119.234 41.0655 10.4253 7.51239 30.6402 7.25314 30.3797 319.629 236.848 138.196 122.685 98.6514 60.3749 38.2747 28.7955 25.3726 110.292 45.8753
internal_count=64448 24741 39707 23758 8587 8552 983 15171 7172 329 6843 2509 4334 1969 247 157 1722 183 1033 7999 5982 3382 2946 2600 1182 765 557 467 2694 1077
is_linear=0
shrinkage=0.03


Tree=71
num_leaves=31
num_cat=0
split_feature=11 1 18 15 18 20 16 11 31 15 1 25 20 14 28 25 11 20 28 5 34 20 16 29 34 12 28 34 20 28
split_gain=90.634 12.8027 11.7464 10.8113 9.87727 8.19388 8.16899 10.4689 7.84593 8.3162 6.55663 6.44171 5.90302 8.13396 7.67618 6.97226 9.85115 11.7571 9.26041 11.7182 11.0833 15.6108 11.6661 14.1918 9.19006 19.8237 12.1983 11.8241 8.3457 7.62302
threshold=2.3881944417953496 47.649999618530281 9.8649997711181658 -0.48403422534465784 3.8649998903274541 -1.7328643798828123 0.017885887064039711 5.3527777194976816 424.81584167480474 0.12468858808279039 8.3499999046325701 0.14506139606237414 -0.22794666886329648 1.2621839046478274 0.5494062900543214 0.35385878384113317 7.7937500476837167 -0.09377454966306685 -0.31799228489398951 0.25000000745058065 0.15158629417419436 0.092038232833147063 0.27782508730888372 -0.9852197766304015 1.0050070285797121 -8.4590277671813947 -0.48314717411994929 1.3021143674850466 0.36369962990283972 0.13398904353380206
decision_type=2 2 2 2 2 2 8 2 2 2 2 2 2 2 2 2 2 2 2 10 2 2 8 2 2 2 2 2 2 2
left_child=4 2 5 -3 11 10 7 -4 -9 -10 -2 -1 13 14 -7 16 18 29 -14 20 -20 -22 23 -23 25 26 -17 -26 -27 -18
right_child=1 3 6 -5 -6 12 -8 8 9 -11 -12 -13 15 -15 -16 24 17 -19 19 -21 21 22 -24 -25 27 28 -28 -29 -30 -31
leaf_value=0.039225828646499233 0.0013529108350721125 0.023399451728894651 -0.017096282374408012 0.0056398919639478635 -0.02747352946482998 0.0002268787369320914 -0.015207973182206704 -0.0038583191466715549 0.047667215033856694 0.001792649044360279 0.03644655057700244 -0.016123065183188495 0.0013527680961323081 0.028061172690013646 -0.021038652835179552 0.087987655502619944 0.04052743475592159 -0.0034979874258983914 0.0061508967628231383 -0.0050864634871618433 -0.016331088432701975 0.0075218696228954995 -0.0010949846458525149 0.07816394266651927 0.060489366845869884 0.010355097836730895 0.012062202680146655 0.011718062584141264 -0.025588201891163651 -0.004488902487598913
leaf_weight=2.6370739133562884 7.9146025755908367 51.283556774258614 14.318792111473156 77.41880014538765 100.20685329590924 191.35740117984824 51.383077791891992 11.845083120744677 7.6190539945382607 6.1928301702719182 11.460068207234142 3.107392491074279 37.241382719250396 7.7477203491143873 15.600452461279927 2.4976526270620525 8.6134510282427055 129.0653451862745 11.623908341629429 10.791667051147668 2.9669893232639906 3.5029042796231797 2.9768568167928633 11.538680611876769 7.1269370429217842 10.067146398359911 5.0293272007256773 11.345339373219756 11.524852847680448 4.9429609728977075
leaf_count=160 459 241 3044 344 37536 5820 5568 942 356 302 193 223 2192 192 878 56 188 2907 573 545 144 114 132 347 87 251 103 151 337 83
internal_value=0.000500422 0.00429808 0.0024355 0.0128423 -0.0252831 0.00422794 -0.00740974 0.0027403 0.0140369 0.0286081 0.0228807 0.0113343 0.00343817 -0.000278797 -0.00146957 0.00637477 0.00411198 -0.000640821 0.0124225 0.0216768 0.0304216 0.0429741 0.0530847 0.0632072 0.0166871 0.00579668 0.0446204 0.032675 -0.00911327 0.0249327
internal_weight=830.948 724.997 596.294 128.702 105.951 504.936 91.3588 39.9758 25.657 13.8119 19.3747 5.74447 485.561 214.706 206.958 270.855 223.264 142.622 80.6424 43.401 32.6093 20.9854 18.0184 15.0416 47.5913 29.119 7.52698 18.4723 21.592 13.5564
internal_count=64468 26549 25964 585 37919 15752 10212 4644 1600 658 652 383 15100 6890 6698 8210 7225 3178 4047 1855 1310 737 593 461 985 747 159 238 588 271
is_linear=0
shrinkage=0.03


Tree=72
num_leaves=31
num_cat=0
split_feature=27 6 2 6 8 20 3 12 24 0 3 27 6 25 23 8 27 19 18 22 13 6 34 2 0 14 6 13 20 20
split_gain=85.5117 24.775 23.1129 8.72728 13.9222 7.83499 7.62897 13.8244 12.7602 7.26331 6.51585 6.54333 8.76893 6.44167 7.47376 6.34145 6.88224 6.0024 6.50799 6.55878 5.79816 6.87622 5.73202 5.68663 5.57082 7.26295 5.82515 5.42525 5.52841 5.36175
threshold=0.20483870804309848 6.7500000000000009 3.7830519676208501 7.6499998569488534 3.6368484497070317 -1.653296113014221 -1.7794376611709593 -5.7173612117767325 0.69990813732147228 8.5000000000000018 0.49803918600082403 0.36075268685817724 25.750000000000004 0.14808583259582522 1.1280909180641177 1.0181630253791811 0.5736559033393861 0.33625331521034246 9.2150001525878924 0.73786553740501415 -1.3843411803245542 35.95000076293946 3.193384170532227 3.4160846471786503 4.5000000000000009 0.59172564744949352 60.350000381469734 -1.0660032033920286 0.15861317515373233 0.28463459014892584
decision_type=2 10 2 8 2 2 2 2 2 2 2 2 8 2 2 2 2 2 2 2 2 8 2 2 2 2 10 2 2 2
left_child=1 -1 3 4 27 9 7 8 -6 20 13 12 -12 14 -7 16 -15 18 19 -14 -5 -22 -17 -13 26 -26 -4 28 -2 -8
right_child=2 -3 24 5 6 10 29 -9 -10 -11 11 23 17 15 -16 22 -18 -19 -20 -21 21 -23 -24 -25 25 -27 -28 -29 -30 -31
leaf_value=-0.029173544525548004 -0.011186442835859326 0.022876533841481993 0.0020085300132836642 0.057678794089770169 0.084420397712312994 0.009998029347868061 -0.0066055441233532188 -0.022078559817953487 -0.008745361705533302 -0.004617607405369286 -0.01423457842491639 -0.012057686513684135 0.069653215743150684 -0.025703924791971724 0.054134394061477735 0.004594882947271681 0.015463107269771051 -0.0011258154370115973 0.0026961857872540335 0.008881281294429914 0.032579585901422625 -0.018906869191182514 0.031408908748582605 0.00024056325338887909 0.023755850372003819 0.0031848305272088565 0.024825850403768532 -0.020865284759301508 0.03322037222561567 0.0094775547023394583
leaf_weight=96.524639646057039 6.7451172769069654 8.259803517488761 45.674691274762154 4.6335441037081191 3.1242938823997974 13.054354413179682 47.778790693497285 2.4913917216472319 1.6930526844225822 6.2934521301649502 7.3226879870053407 55.114708699285984 4.4888330611865985 11.133485991274936 4.0342716244049361 202.71037369943224 4.4478868041187516 5.9656492373906067 3.873118428979069 2.7178142310585827 5.7420103852637103 2.7692984777968386 6.483188552549108 85.144545389339328 69.489730313420296 20.218453884124756 11.994981989264486 46.330854739295319 2.755736151477322 29.211358344648033
leaf_count=38259 794 450 210 67 86 288 3048 142 49 214 347 1192 132 1338 66 5931 87 254 193 77 121 92 212 489 324 88 57 7773 256 1818
internal_value=0.000280472 -0.0248931 0.00400745 0.00124254 -0.0052277 0.00337851 0.00248136 0.0297925 0.0558026 0.0215108 0.00246077 -0.0021357 0.011911 0.00558532 0.0228344 0.00417862 -0.0137285 0.0233096 0.0354703 0.0506094 0.0334625 0.015601 0.00557136 -0.00464317 0.0145472 0.0192058 0.00709666 -0.0167063 0.00363081 -0.000460066
internal_weight=818.222 104.784 713.438 566.06 140.131 425.929 84.2989 7.30874 4.81735 19.4383 406.491 164.627 24.3681 241.864 17.0886 224.775 15.5814 17.0454 11.0798 7.20665 13.1449 8.51131 209.194 140.259 147.378 89.7082 57.6697 55.8317 9.50085 76.9901
internal_count=64454 38709 25745 25066 13966 11100 5143 277 135 494 10606 2684 1003 7922 354 7568 1425 656 402 209 280 213 6143 1681 679 412 267 8823 1050 4866
is_linear=0
shrinkage=0.03


Tree=73
num_leaves=31
num_cat=0
split_feature=11 6 6 19 11 31 29 1 1 13 12 28 28 33 8 8 6 21 11 11 8 1 28 19 8 16 5 25 21 16
split_gain=84.89 20.6005 15.8331 11.8277 10.1122 8.41634 7.43925 6.88592 12.6856 6.63454 7.55587 6.45956 13.3315 16.0652 9.57552 9.55637 9.30236 8.29542 7.60841 7.07271 6.18457 6.49275 6.18258 6.11675 6.26697 12.6946 5.63227 9.23076 8.30645 8.25073
threshold=2.3881944417953496 24.849999427795414 0.84999999403953563 1.0049563646316531 16.000694751739506 299.94718933105474 -0.96234029531478871 10.750000000000002 2.7500000000000004 -1.5872024893760679 3.2881944179534917 -0.86976337432861317 -0.90893998742103566 0.2223429158329964 3.9295883178710942 10.467409610748293 4.1499998569488534 -1.2256151437759397 5.4527776241302499 3.5354166030883794 2.8925189971923833 3.4500000476837163 0.94138324260711681 0.81598055362701427 4.1894707679748544 -0.026877830736339089 -3.6499999761581416 0.18514761328697207 1.0382544398307803 0.13879908621311191
decision_type=2 10 8 2 2 2 2 2 2 2 2 2 2 2 2 2 10 2 2 2 2 2 2 2 2 10 8 2 2 10
left_child=1 -1 -2 4 11 6 -6 8 -8 -7 -11 12 16 15 17 18 -4 20 -14 -18 21 -13 23 24 25 -16 27 28 29 -19
right_child=2 -3 3 -5 5 9 7 -9 -10 10 -12 14 13 -15 22 -17 19 26 -20 -21 -22 -23 -24 -25 -26 -27 -28 -29 -30 -31
leaf_value=-0.027149220181372918 -0.018018142151883264 0.047328662914096556 -0.013244120793417653 -0.0059713529982089652 0.011215940215991876 0.025864501981401441 -0.0033831897530202928 0.02258403902967298 0.080499486730017819 -0.0060252427990087152 0.011695532962185392 0.0012595043851095868 0.0076689708610270845 -0.0036748493801312242 0.068018699210657577 0.0094120579814421235 0.063066184785923352 0.055316286530691358 0.09590549624839935 0.0087740785157267385 -0.019446930433892628 0.062377573678130384 0.028071307080349307 0.023968717957013105 0.0032025310117696822 -0.013952056334909781 -0.014752733214535577 -0.010596193591836608 -0.017454354439938442 -0.0064731321913957755
leaf_weight=98.809694393072277 26.377452563727275 2.5760656110942355 14.205664084060119 74.548301147762686 31.758712903829291 14.320268594194202 2.1412293694447753 22.082466336432844 4.821697806706652 36.167872134130448 51.232602920383215 2.7279310210142276 1.263508222065864 5.0582733885385087 2.8487681343685836 2.6351711866445839 1.8709792734589417 5.4360093297436851 4.5688810870051384 10.547755068400873 1.6673526419326661 2.8049961109645665 9.6208297444973123 13.270636944798751 301.38546473509632 2.5358849694021037 48.854636240983382 19.466737816808745 2.7813933354336768 2.5112860237713903
leaf_count=37943 4594 25 1610 3086 303 134 68 157 113 760 278 356 200 197 135 43 130 221 172 326 106 140 215 312 5987 150 5739 674 99 113
internal_value=0.000748918 -0.0248131 0.00438027 0.00525738 0.00661805 0.0130251 0.0217903 0.0325944 0.0575186 0.00762449 0.00437716 0.0043113 0.0156595 0.0387858 0.00318086 0.0618596 0.00293208 -0.00567226 0.0807104 0.0210439 0.0231907 0.0370495 0.00550727 0.00474364 0.00383681 0.0332759 -0.0085581 0.00161613 0.022789 0.03725
internal_weight=820.899 101.386 719.513 693.135 618.587 162.525 60.8041 29.0454 6.96293 101.721 87.4005 456.062 40.1502 13.5258 415.912 8.46756 26.6244 86.2503 5.83239 12.4187 7.20028 5.53293 329.662 320.041 306.77 5.38465 79.0501 30.1954 10.7287 7.9473
internal_count=64386 37968 26418 21824 18738 1813 641 338 181 1172 1038 16925 2678 612 14247 415 2066 7448 372 456 602 496 6799 6584 6272 285 6846 1107 433 334
is_linear=0
shrinkage=0.03


Tree=74
num_leaves=31
num_cat=0
split_feature=27 6 6 27 17 3 15 29 8 8 16 15 21 6 15 25 6 24 6 11 5 0 3 1 8 0 3 23 29 17
split_gain=82.0365 14.7839 14.1498 12.1532 10.5075 10.4709 6.18099 5.71017 5.05218 12.1061 13.2555 7.08363 10.422 16.067 8.99109 7.90641 8.93189 7.96459 7.38174 6.55347 6.26855 5.86133 5.69076 5.57125 7.74151 4.72689 4.64554 4.55095 4.5349 4.2876
threshold=0.20483870804309848 9.9499998092651385 25.44999980926514 0.39354838430881506 -0.71162328124046315 2.2130494117736821 -0.56859552860259999 -0.99761277437210072 3.5802699327468877 4.1894707679748544 0.040042003616690643 -0.56859552860259999 0.5664125680923463 4.2500000000000009 -0.12297024950385092 0.32361423969268804 3.4500000476837163 1.2183777093887331 2.2500000000000004 11.635416507720949 4.7500000000000009 3.5000000000000004 -1.8914836049079893 3.1499999761581425 1.6129642128944399 5.5000000000000009 1.6856843233108523 0.40662679076194769 -0.99938741326332081 0.34307795763015753
decision_type=2 8 10 2 2 2 2 2 2 2 10 2 2 10 2 2 10 2 10 2 10 2 2 2 2 2 2 2 2 2
left_child=2 3 7 6 -5 28 -2 -1 23 10 -10 18 15 25 -15 17 -17 22 19 -11 -16 -19 -13 -6 27 -14 -24 -25 -3 -30
right_child=1 5 -4 4 8 -7 -8 -9 9 11 -12 12 13 14 20 16 -18 21 -20 -21 -22 -23 26 24 -26 -27 -28 -29 29 -31
leaf_value=0.028599929348708985 -4.127529085106e-05 -0.0082973418021077376 0.023133885585410786 -0.017816401327632937 -0.020202411332356195 0.024244996996844227 -0.026320373544648171 -0.028439649195108767 0.071614232386144699 -0.010546748442538733 -0.018847000704120691 0.029973202505125376 -0.021784396774158634 0.077359666799127771 0.041329525302264906 -0.010766085696348583 0.06451310744736645 -0.0089082117687307432 -0.016861971987346441 0.035261543579195136 -0.020659244352668624 0.058356810068271731 -0.01771251241376574 0.005383491716486795 -0.0083386774894079769 0.022264855099656266 0.02865021423756604 0.058865753722448878 0.0083417630751383316 0.0027014887512500627
leaf_weight=0.84685076028108497 11.367929663276298 20.913314048666507 4.4731977283954611 23.089854654623196 13.408629538258539 26.206952884793282 26.669083390152082 95.441652751527727 3.9537290381267658 4.7173137937206793 1.5687495090533046 1.957272171042862 4.3484060314949629 5.1725011905655265 2.3082947661168856 1.9921615496277798 2.4402537168934941 1.5540784089826041 20.590303495526314 4.8609812883660197 1.8106208210811017 1.9215625363867728 23.508726372383542 3.159948771120983 12.353578019887207 2.7380812354385853 1.2227215170860279 2.0114353417884558 258.65619453438558 230.25388335064054
leaf_count=141 1710 299 33 1708 1440 133 5889 38445 179 221 97 78 208 97 72 93 63 64 510 103 49 71 1051 231 809 87 7 120 6054 4383
internal_value=1.43022e-05 0.0035976 -0.0251895 -0.00385877 0.000248779 0.0060863 -0.0186687 -0.0276492 0.00391607 0.00761094 0.0469675 0.00439323 0.0111316 0.030089 0.0540419 0.00156412 0.0349251 -0.00430139 -0.00698417 0.0138367 0.0153675 0.03301 -0.0101771 -0.00634989 0.00476731 -0.004116 -0.014396 0.0323534 0.00510724 0.00569639
internal_weight=815.518 714.757 100.762 178.726 140.689 536.03 38.037 96.2885 117.599 86.6658 5.52248 81.1433 50.9747 16.3779 9.29142 34.5968 4.43242 30.1644 30.1686 9.5783 4.11892 3.47564 26.6887 30.9336 17.525 7.08649 24.7314 5.17138 509.823 488.91
internal_count=64445 25826 38619 14957 7358 10869 7599 38586 5650 3050 276 2774 1940 513 218 1427 156 1271 834 324 121 135 1136 2600 1160 295 1058 351 10736 10437
is_linear=0
shrinkage=0.03


Tree=75
num_leaves=31
num_cat=0
split_feature=27 5 2 5 3 3 21 28 18 28 23 21 25 11 13 0 15 27 24 25 11 30 34 3 5 27 2 5 5 19
split_gain=80.395 14.7569 12.9093 10.0842 9.78907 9.78265 13.8378 9.71559 8.57013 10.1113 10.0446 17.2151 7.12101 6.31632 6.27834 6.52365 5.69565 5.95581 5.54051 5.51347 5.33548 9.94177 8.16309 7.58069 7.22269 6.19397 10.1773 5.80302 5.28772 5.28026
threshold=0.21317204087972644 -18.150000572204586 1.2088489532470705 26.150000572204593 2.2130494117736821 -1.8914836049079893 -0.43502321839332575 -0.95244166254997242 9.7349996566772479 -0.86976337432861317 0.34855318069458013 0.086958240717649474 0.41776944696903234 9.5437502861022967 -1.7489507794380186 5.5000000000000009 -1.1854096651077268 0.6803763508796693 0.51236155629158031 0.20441298186779025 12.076388835906984 1.0000000180025095e-35 0.052394863218069083 -1.1750870943069456 1.8499999642372134 0.36969439685344702 2.9041613340377812 -10.349999904632567 -5.3500001430511466 0.78352341055870067
decision_type=2 8 2 10 2 2 2 2 2 2 2 2 2 2 2 2 2 2 2 2 2 2 2 2 8 2 2 8 10 2
left_child=1 -1 5 -3 7 6 13 -4 9 10 11 -9 16 19 15 18 -10 -18 -7 -2 23 -22 24 27 -23 26 -25 -11 -16 -27
right_child=2 3 4 -5 -6 14 -8 8 12 20 -12 -13 -14 -15 28 -17 17 -19 -20 -21 21 22 -24 25 -26 29 -28 -29 -30 -31
leaf_value=0.041130389895574375 0.0040205751549108344 -0.027932277207851221 -0.024849280522579242 0.017102641721274122 0.0231074737222191 0.073805003348936193 -0.0032218188864389231 0.014588078687956411 0.02645081680736151 -4.0742758218190745e-05 0.00086342613356573685 0.095117553191132534 0.04074792636665911 0.0016379188301589901 -0.0064837977022368489 -0.013675022143187072 -0.012343167076434951 0.01793407759532728 -0.0032948775472284434 0.075893529993721717 0.035864954963496593 0.074097041165535046 0.0066861180661876383 -0.0026880103518279476 0.0082821183872362428 -0.0019338362351151604 0.041784301653497342 0.037045011224956646 -0.023224304198855128 0.012686258025964471
leaf_weight=2.1748121734708548 1.379866497823971 96.486613520188257 8.7028992690611613 4.053123176097869 27.194445353001356 1.2611331208609038 22.38199222413823 6.614365489920603 3.3729647858999661 6.1885006278753281 6.9737029254902145 3.1911619191523641 1.9714863512199361 2.504760941490531 42.066423491574824 2.4589645096566528 53.173936279257759 5.668442139402031 1.2034528257790951 3.3807220002636313 10.939438078552483 2.1143300831317893 227.35065288841724 9.7676739026792365 3.4564014398492873 182.1171148000285 7.6179352356120935 8.8189581390470249 28.834281279472634 24.305549237178639
leaf_count=31 79 39514 830 20 139 65 516 262 126 59 225 124 47 49 2922 165 3629 75 101 89 134 52 2631 1073 76 4692 96 225 5874 588
internal_value=0.00050138 -0.0241627 0.00412387 -0.0259662 0.00582617 -0.00551648 0.00888967 0.00496619 0.00546975 0.00679539 0.0290573 0.0471733 -0.00479138 0.0420766 -0.0111917 0.0189618 -0.0068562 -0.00917553 0.0460727 0.0593753 0.00596302 0.00907723 0.00767117 0.00275843 0.0407369 0.00132586 0.0180114 0.0227051 -0.0135202 -0.000159509
internal_weight=807.726 102.715 705.012 100.54 599.54 105.472 29.6473 572.346 563.643 499.456 16.7792 9.80553 64.1868 7.26535 75.8243 4.92355 62.2153 58.8424 2.46459 4.76059 482.677 243.861 232.921 238.816 5.57073 223.808 17.3856 15.0075 70.9007 206.423
internal_count=64508 39565 24943 39534 15083 9860 733 14944 14114 10237 611 386 3877 217 9127 331 3830 3704 166 168 9626 2893 2759 6733 128 6449 1169 284 8796 5280
is_linear=0
shrinkage=0.03


Tree=76
num_leaves=31
num_cat=0
split_feature=27 6 1 18 6 0 21 14 17 28 17 17 12 25 29 15 33 28 28 25 12 28 17 28 29 22 14 18 13 29
split_gain=74.0856 16.5865 12.202 9.09064 8.04224 7.43026 8.27644 9.73951 7.25944 6.46778 6.25351 7.88785 6.32367 10.2361 6.22106 16.863 9.52661 10.2518 15.4096 6.59019 7.59651 6.10667 5.95497 6.9317 5.57016 5.15761 5.3337 5.13971 9.2483 6.77892
threshold=0.20483870804309848 6.7500000000000009 35.549999237060554 10.855000019073488 12.650000095367433 5.5000000000000009 -1.0231871008872984 -0.82531791925430287 0.57052981853485119 -0.96689236164093006 0.26596271991729742 0.15348152816295627 -2.559027791023254 0.25998681783676153 -0.49812626838684076 -0.0083323474973440153 0.2223429158329964 -0.90893998742103566 -0.84315016865730275 0.21837224811315539 -0.88263887166976918 -0.95754238963127125 0.040443347766995437 -0.87812310457229603 -0.61236745119094838 -0.84361812472343434 0.25912272930145269 1.0000000000000002 0.072013303637504592 -0.63257205486297596
decision_type=2 10 2 2 8 2 2 2 2 2 2 2 2 2 2 2 2 2 2 2 2 2 2 2 2 2 2 2 2 2
left_child=1 -1 3 9 -5 -4 -7 -8 -9 -2 11 12 13 -6 24 16 17 21 -19 -20 -21 -16 23 -18 27 26 -26 28 -11 -29
right_child=2 -3 5 4 10 6 7 8 -10 14 -12 -13 -14 -15 15 -17 22 18 19 20 -22 -23 -24 -25 25 -27 -28 29 -30 -31
leaf_value=-0.02801654038158486 -0.021432744694199462 0.013370377583066088 0.0036306179881131209 -0.023062010437139201 0.079190609940354609 0.03503857535300349 0.024734098822242534 0.0099032983048785231 -0.014204326094843641 0.0045450958210386866 -0.026435489988488069 0.056771825587395811 -0.0088035415570596621 0.00053234197555234852 0.039967166010934523 -0.012159090292634962 0.054368407618870088 0.07452147522246827 -0.0031271213784354415 0.00052040816113081473 0.054308042501310883 -0.020208525446635463 -0.010596023093376849 -0.011459380451363807 0.039596021780117958 -0.018237680097844988 -0.014106375498330138 0.00028217504891918431 0.031152397801231382 0.036034946760579646
leaf_weight=87.74328233115375 8.8343893133569491 9.0765112824738008 92.696469087153673 23.50654137483798 1.1765922736376602 15.385149523615835 32.583621248602867 50.286580175161362 13.458507746458052 63.927686888258904 5.2273741397075346 1.5884002696257074 15.63897889549844 4.7566524096764624 1.1084184013307092 17.626280359691009 2.3901037736795843 7.1592260950710651 6.0389839969575396 3.6347936764359474 5.859954124549402 4.4667204518336829 10.131127563305197 1.9964149706065644 2.3416755197104093 20.117048050044104 2.553344190120697 286.6153047028929 13.546483924612401 3.854079518467187
leaf_count=38195 1221 460 476 5043 89 68 159 222 60 1088 592 115 1323 422 78 1282 111 194 403 177 188 320 621 120 100 1020 180 9809 178 203
internal_value=0.000456912 -0.0240396 0.00378668 0.00131443 -0.0104717 0.00996777 0.0151473 0.011643 0.00467268 0.0026575 0.000383584 0.00728029 0.00128247 0.0253028 0.00317306 0.0120552 0.0220806 0.0319386 0.0405601 0.0213473 0.0357286 -0.00398575 0.00206422 0.0278431 0.00178041 -0.0116459 0.0139427 0.00272219 0.00953512 0.000878563
internal_weight=815.327 96.8198 718.507 514.097 51.8945 204.41 111.714 96.3287 63.7451 462.202 28.388 23.1606 21.5722 5.93324 453.368 60.412 42.7857 28.2681 22.693 15.5337 9.49475 5.57514 14.5176 4.38652 392.956 25.0121 4.89502 367.944 77.4742 290.469
internal_count=64517 38655 25862 24877 7584 985 509 441 282 17293 2541 1949 1834 511 16072 3494 2212 1360 962 768 365 398 852 231 12578 1300 280 11278 1266 10012
is_linear=0
shrinkage=0.03


Tree=77
num_leaves=31
num_cat=0
split_feature=11 5 6 1 13 31 34 28 23 27 27 6 20 28 1 11 23 21 5 34 13 11 34 31 27 15 23 14 12 31
split_gain=71.8331 12.4331 11.6273 9.38698 8.18061 6.60249 6.44587 8.51108 8.97484 6.13358 5.41496 5.84383 5.18191 8.36834 7.36435 9.39679 7.44442 12.3751 8.85485 7.92714 7.00161 6.58872 9.59372 13.9676 5.87729 8.71108 6.49551 5.75506 6.0241 8.02579
threshold=2.3881944417953496 -8.1500000953674299 0.84999999403953563 35.549999237060554 -1.9142250418663023 224.99176788330081 0.032728247344493873 -0.66528618335723866 -0.46560052037239069 0.67204302549362194 0.29516129195690161 26.050000190734867 -0.027519562281668183 -0.099819734692573533 18.050000190734867 14.681944370269777 -0.35946245491504664 0.66545274853706371 -4.4500000476837149 0.15158629417419436 0.48203437030315405 17.368749618530277 0.51054754853248607 375.10404968261724 0.33602151274681097 -1.1090576648712156 -0.19448594003915784 0.16599901765584948 -6.1472222805023184 224.99176788330081
decision_type=2 8 8 2 2 2 2 2 2 2 2 10 2 2 2 2 2 2 10 2 2 2 2 2 2 2 2 2 2 2
left_child=1 5 9 6 -5 -1 7 8 -4 -2 11 -8 24 21 15 16 19 -18 -19 -15 -16 -14 -23 -24 25 -12 27 -26 29 -29
right_child=2 -3 3 4 -6 -7 10 -9 -10 -11 12 -13 13 14 20 -17 17 18 -20 -21 -22 22 23 -25 26 -27 -28 28 -30 -31
leaf_value=0.036951144242712938 -0.021681650143270788 -0.027681245327526128 -0.008560319124652686 0.034548147214386184 0.0079192005234607222 -0.016405031934304749 -0.015152645142869599 0.0049004516097934008 0.067338508719251552 0.019987761861045519 0.068199360024012348 0.021209124607372072 -0.0025345043406940848 0.0010996781256994135 0.0084764119198492676 -0.0083402091334403156 -0.005150647964819983 0.046309265733196825 -0.0089222136995063869 0.0433766839271865 -0.026544613685837413 -0.012039329782381042 0.073992652698667602 0.0089504308271418434 -0.018019772824504177 0.0012908216985030392 0.0012438602380794193 0.063607006777480976 -0.0066964976463550468 -0.0037613877257777571
leaf_weight=3.5513872785959393 22.35251850029454 86.159874572884291 1.6834324530791489 10.105725914239882 193.87790013477206 3.0495169551577419 29.141627531033009 14.708076767623423 3.8461816825438317 2.8803291800431898 1.6669199890457091 3.6916781552135935 110.29640002781525 5.0704784742556539 15.736473582684996 10.061505652964113 16.768266459926966 9.5147740482352656 3.094480395782738 18.727813871810213 6.4230362633243194 6.8489455766975906 3.4617939786985508 9.915521886199711 35.692202952224761 5.2166756812948725 145.69678929983638 1.8264261181466306 24.635864808456972 3.4054194930940866
leaf_count=75 4496 37878 130 53 934 159 6504 772 214 83 89 35 3861 217 184 213 680 226 162 752 103 119 48 146 1198 429 3679 43 900 146
internal_value=4.71749e-05 -0.0246473 0.00327479 0.00401368 0.00940055 0.0133861 0.00174332 0.0179087 0.0464597 -0.0163445 0.00100584 -0.0105582 0.00190283 0.00518678 0.0124293 0.0175759 0.022543 0.0118141 0.0330951 0.0347767 -0.00238245 0.000389753 0.0157043 0.0297579 -0.00135652 0.0240889 -0.00229522 -0.0100608 -0.000274089 0.0261897
internal_weight=809.108 92.7608 716.347 691.114 203.984 6.6009 487.131 20.2377 5.52961 25.2328 466.893 32.8333 434.06 215.919 85.3968 63.2373 53.1758 29.3775 12.6093 23.7983 22.1595 130.523 20.2263 13.3773 218.14 6.8836 211.257 65.5599 29.8677 5.23185
internal_count=64528 38112 26416 21837 987 234 20850 1116 344 4579 19734 6539 13195 6711 2537 2250 2037 1068 388 969 287 4174 313 194 6484 518 5966 2287 1089 189
is_linear=0
shrinkage=0.03


Tree=78
num_leaves=31
num_cat=0
split_feature=27 6 1 8 18 15 0 8 1 19 16 14 8 6 22 20 8 16 15 24 15 34 33 0 16 6 29 26 29 8
split_gain=70.8581 15.8401 11.2439 9.01044 8.41175 10.6092 11.6543 9.23005 7.11922 7.62659 7.60002 7.06115 7.83104 6.89058 7.88203 6.41005 6.35404 6.81064 6.02021 5.70442 6.79083 6.00158 6.0401 5.7969 8.47183 6.98203 5.66596 5.53374 5.92412 5.95308
threshold=0.20483870804309848 25.44999980926514 2.2500000000000004 2.0215504169464116 0.30500000715255743 -1.1401489377021787 4.5000000000000009 1.5340543389320376 47.649999618530281 -0.95321002602577198 0.12966752797365191 -0.88601419329643238 1.0519810914993288 28.050000190734867 1.6021581292152407 -1.6942343115806577 9.0655021667480487 0.18826942145824435 -0.48403422534465784 0.50072956085205089 0.7099319100379945 0.57411786913871776 0.97438162565231334 2.5000000000000004 -0.50971323251724232 1.2500000000000002 -0.99761277437210072 34.655000686645515 0.56901594996452343 2.0512189865112309
decision_type=2 10 2 2 2 2 2 2 2 2 8 2 2 10 2 2 2 10 2 2 2 2 2 2 8 8 2 2 2 2
left_child=1 26 3 13 -4 7 -7 -6 9 -8 11 -11 -13 14 -2 -12 -17 -18 -10 20 21 22 23 24 -5 -25 -1 28 29 -14
right_child=2 -3 4 19 5 6 8 -9 18 10 15 12 27 -15 -16 16 17 -19 -20 -21 -22 -23 -24 25 -26 -27 -28 -29 -30 -31
leaf_value=0.02893690537792817 -0.026352154876575905 0.023649877922622273 0.013964282037053551 0.043266563992962775 0.059209263809829778 -0.0050313977355506126 -0.0098701701880451204 0.012326295378042834 0.03311302921201037 -0.0070775451298930245 0.032183918837334909 -0.024743892588627654 0.042148584791636474 0.022993964553621096 0.024404859481995941 -0.012177473711714669 -0.017194613306874822 0.0093598593115530437 0.0093983839164780026 -0.0088885662964252304 -0.018908360546385991 -0.02299360004248837 -0.022535051056971483 -0.020048530031024293 -0.025871293940423371 0.031723281082285185 -0.027918349811077537 -0.012099996341290666 -0.0162281526001412 0.01434578486179568
leaf_weight=0.83924359176307817 28.397591381799433 5.1711058393120757 86.858006609138101 1.2899477104656396 3.1793684121221295 134.80986363789998 33.040888643590733 55.457920024869964 12.244660735130308 19.32129861577414 3.8588629020377985 4.1189437783323219 6.8074961779639116 2.5883379057049742 2.2604358245152971 38.720306518720463 10.047827769536523 40.228011283325031 40.639251664280891 30.407327721593902 6.2096305356826624 2.8923631401266894 2.3813523224089286 1.9338776825461561 4.32495263591409 22.244105896679685 86.393966717179865 6.4670373026747248 4.4751190217211834 105.75227025453933
leaf_count=144 5723 36 1053 32 115 4583 1087 911 60 545 85 377 556 21 300 2306 141 558 186 1573 526 298 126 343 372 913 38387 114 340 2596
internal_value=0.000578905 -0.0239895 0.00380132 -0.00522914 0.00537093 0.00390916 0.00236181 0.0158185 0.00542774 0.00344529 0.00531335 0.00953636 0.0120871 -0.0178883 -0.0219571 -0.00139993 -0.00319756 0.00382101 0.0154019 0.000807436 0.00799157 0.0131472 0.0169914 0.0207799 -0.0058482 0.0269505 -0.0270496 0.0135044 0.0150097 0.0163836
internal_weight=803.361 92.4043 710.957 104.93 606.027 519.169 460.532 58.6373 325.722 272.838 239.797 146.942 127.621 33.2464 30.658 92.855 88.9961 50.2758 52.8839 71.6836 41.2762 35.0666 32.1742 29.7929 5.6149 24.178 87.2332 123.502 117.035 112.56
internal_count=64407 38567 25840 10227 15613 14560 13534 1026 8951 8705 7618 4528 3983 6044 6023 3090 3005 699 246 4183 2610 2084 1786 1660 404 1256 38531 3606 3492 3152
is_linear=0
shrinkage=0.03


Tree=79
num_leaves=31
num_cat=0
split_feature=27 6 12 3 5 2 15 15 0 25 11 25 20 22 20 5 23 11 2 34 3 22 22 20 33 23 16 20 21 21
split_gain=69.8127 27.5874 10.319 8.51904 6.58423 11.275 7.39729 7.81969 9.84919 7.70755 7.10083 12.5666 9.67817 6.88683 6.02614 7.68036 7.44056 6.293 6.49549 5.67956 4.97237 7.74754 7.27147 6.91204 6.21181 7.26942 6.21134 5.95881 8.44005 8.31347
threshold=0.29516129195690161 21.94999980926514 26.264583587646488 2.2130494117736821 -1.6500000357627866 1.5789255499839785 -0.0083323474973440153 -0.27564232051372523 3.5000000000000004 0.34239405393600469 11.635416507720949 0.25998681783676153 -1.7809353470802305 -0.13178356736898419 -0.34044387936592096 25.300000190734867 1.1439189910888674 14.681944370269777 3.3516553640365605 0.59391224384307872 1.4243296980857851 -0.64519211649894703 -1.4046131968498228 -0.6365530490875243 2.437980175018311 0.1694854944944382 -0.70039179921150196 -0.15136399120092389 -0.63185003399848927 -0.5847455859184264
decision_type=2 10 2 2 10 2 2 2 2 2 2 2 2 2 2 10 2 2 2 2 2 2 2 2 2 2 8 2 2 2
left_child=1 2 -1 4 20 -6 7 10 13 19 11 12 -7 -9 16 17 -12 -16 -19 -10 22 -22 -2 -23 25 26 -24 29 -29 -28
right_child=3 -3 -4 -5 5 6 -8 8 9 -11 14 -13 -14 -15 15 -17 -18 18 -20 -21 21 23 24 -25 -26 -27 27 28 -30 -31
leaf_value=-0.026742461246343191 -0.011954821308641249 0.020936891241954223 0.010412194013560737 0.024404763683786197 -0.020071506917450337 0.055435548566312741 -0.005456330720101767 0.032266205875948153 0.060779712622758934 -0.0080549962649246621 -0.016911041225702146 -0.026983942183316876 -0.00066749990863950652 -0.016654324916117177 0.049478634611236423 0.00031740683533526331 0.015072738381447697 -0.0075243379238594437 0.032121502349164888 0.020294232649481676 0.037022276752323599 0.0264487650887427 0.047853213411119692 0.00077870323562117193 -0.0037080478563655543 0.0026963068036054117 0.020585809380006714 0.0031679963735476739 0.022275084826041298 -0.0040338188966682264
leaf_weight=106.9035622079391 21.071252368856221 12.679502549581228 6.6667972803115836 17.730897508561611 22.263711742591113 2.1729385731741813 75.245812055887654 2.6419543002266428 6.7447029731702077 3.0521233608014873 13.634173712227495 16.165467347484082 21.471387001220137 8.0011585510801542 7.0134981554001596 15.525473423302172 10.866804996505378 6.3248566449619812 7.0660329423844814 7.7978457238059491 10.090729628689585 12.590850681066511 3.3298673084937036 31.122971171978861 51.806224970612675 147.12427061493509 16.532781908754259 32.313994107302278 59.390330412890762 40.912288228049874
leaf_count=45129 782 99 35 93 3538 41 2049 84 139 52 165 398 709 172 111 76 115 135 40 192 54 69 98 173 659 3902 620 1207 1861 1473
internal_value=0.000575009 -0.0197986 -0.0244896 0.00443783 0.00385853 -0.000281605 0.00196858 0.00632568 0.019982 0.0331615 0.00231931 -0.00740749 0.00652864 -0.00278243 0.00874328 0.0164019 -0.00269064 0.0280538 0.0141741 0.0417735 0.00604888 0.0145075 0.00479146 0.00859858 0.00582667 0.00748223 0.0120524 0.0109398 0.0156491 0.00328274
internal_weight=796.254 126.25 113.57 670.004 652.274 225.988 203.724 128.478 28.2378 17.5947 100.241 39.8098 23.6443 10.6431 60.4308 35.9299 24.501 20.4044 13.3909 14.5425 426.286 53.8046 372.481 43.7138 351.41 299.604 152.479 149.149 91.7043 57.4451
internal_count=64270 45263 45164 19007 18914 8016 4478 2429 639 383 1790 1148 750 256 642 362 280 286 175 331 10898 296 10602 242 9820 9161 5259 5161 3068 2093
is_linear=0
shrinkage=0.03


Tree=80
num_leaves=31
num_cat=0
split_feature=27 8 6 8 2 3 5 16 29 29 12 13 6 29 3 31 19 22 16 2 16 3 16 23 15 11 3 3 15 19
split_gain=61.8409 13.486 14.6283 10.525 6.75054 6.97651 6.15518 5.97309 5.51682 12.2199 8.97916 8.12303 8.80016 7.31139 6.0583 5.75386 4.94303 4.89851 10.5994 6.99365 7.6018 6.94936 10.5701 11.046 6.49649 5.64577 5.43703 11.8616 8.35511 11.1562
threshold=0.15921659022569659 43.866336822509773 0.84999999403953563 15.910190582275392 1.423035800457001 -1.1750870943069456 -3.4500000476837154 -0.16981095820665357 0.063390085473656668 0.53312596678733837 0.45277777314186102 -1.0821769237518308 3.7500000000000004 0.79773375391960155 1.4983282685279848 100.09763717651369 -0.30688068270683283 0.77347633242607128 -0.21172297745943067 2.0081915855407719 0.59554731845855724 0.060885749757289893 0.05346671678125859 1.5300203561782839 -1.5847604274749754 14.29444456100464 -0.65746843814849842 -0.69282656908035267 0.47833210229873663 1.2193824052810671
decision_type=2 2 8 2 2 2 10 8 2 2 2 2 10 2 2 2 2 2 10 2 8 2 10 2 2 2 2 2 2 2
left_child=3 2 -2 -1 6 16 7 -4 17 10 -10 12 -11 14 -13 -12 -6 18 -7 24 21 22 23 25 -19 -21 27 28 -20 -30
right_child=1 -3 4 -5 5 8 -8 -9 9 11 15 13 -14 -15 -16 -17 -18 19 26 20 -22 -23 -24 -25 -26 -27 -28 -29 29 -31
leaf_value=-0.028403967414150751 -0.01916931682166275 0.02026641878642918 0.010058479292759213 0.015940545594742127 0.038581072687956325 -0.0080142379178386042 -0.01685765670987787 -0.005289373787541944 0.10041262340994556 0.054887247329633973 -0.012654723439628791 -0.0088672496041443758 -0.0045582229255611579 -0.030374206355060385 0.032155777576604497 0.03766111998893508 0.0013853758722405893 0.035916957329858293 -0.0050995572144314667 0.024404805370284065 0.050376661678043437 0.0056378655409348895 -0.011871942956270217 -0.0099529617081985655 -0.015116068602262601 0.07461298038337591 0.0027474344121077125 0.072293698963482894 0.057403553821896956 -0.020297689751098424
leaf_weight=69.892127722851001 27.082055653678253 37.630752989090979 33.598220120649785 4.5464265539776525 8.0157676450908166 85.801947012776509 23.474189064814709 66.047282298328355 1.0588086103089143 3.810000030440281 2.2205323004163784 7.7897024665726367 3.9319808164145797 6.5645077005028716 4.1969892245251685 6.7188712639035657 5.1175235975533715 1.6089101671241248 13.012078928295528 5.3754422776401061 3.2039654757827511 95.494491945719346 4.5107227084226897 2.9358481764793387 16.758634341880679 4.7364932652562857 247.82881574949715 2.1594603415578595 4.3472483984660348 1.8064614590257404
leaf_count=34779 5731 291 1912 74 89 1885 4543 4346 91 113 115 411 80 541 38 256 99 44 325 125 43 1379 95 50 846 61 5862 65 122 68
internal_value=0.000335435 0.00301484 0.00204491 -0.0255202 0.0029402 0.00438687 -0.00337747 -6.59012e-05 0.00381994 0.0149528 0.0415228 0.00369812 0.0276284 -0.00719103 0.00686647 0.025147 0.0252109 0.00296589 0.00110949 0.00781629 0.0105309 0.00896982 0.0258109 0.0387559 -0.00902214 0.0525208 0.00403689 0.0182278 0.00885316 0.034945
internal_weight=801.276 726.838 689.207 74.4386 662.125 539.005 123.12 99.6455 525.872 36.2914 9.99821 26.2932 7.74198 18.5512 11.9867 8.9394 13.1333 489.581 354.956 134.625 116.257 113.053 17.5585 13.0478 18.3675 10.1119 269.154 21.3252 19.1658 6.15371
internal_count=64479 29626 29335 34853 23604 12803 10801 6258 12615 1645 462 1183 193 990 449 371 188 10970 8327 2643 1753 1710 331 236 890 186 6442 580 515 190
is_linear=0
shrinkage=0.03


Tree=81
num_leaves=31
num_cat=0
split_feature=27 6 6 6 31 27 0 5 8 19 17 8 14 24 17 1 17 23 17 28 6 8 1 5 18 14 0 1 19 1
split_gain=61.8761 22.7135 10.3348 8.8015 8.66578 6.88347 5.97356 9.49872 13.0054 9.46318 7.75076 9.11635 7.65367 8.73162 7.83217 7.49418 7.4568 7.27194 6.95605 7.85164 6.94323 6.81981 6.63022 6.21407 6.15893 5.66653 6.7516 5.61071 10.4733 5.29185
threshold=0.21317204087972644 11.250000000000002 70.350002288818374 1.4499999880790713 299.94718933105474 0.67204302549362194 2.5000000000000004 -6.1499998569488517 20.306443214416507 -0.43942362070083613 0.34307795763015753 4.6229500770568857 -0.75553789734840382 0.46581813693046575 -1.8873433470726011 7.9500000476837167 0.39580410718917852 -0.63095867633819569 0.15348152816295627 -0.13398594409227368 1.6500000357627871 43.866336822509773 2.4500000476837163 -33.649999618530266 9.9949998855590838 -1.8643730878829954 6.5000000000000009 46.549999237060554 -0.11747407913208006 4.0499999523162851
decision_type=2 10 10 8 2 2 2 8 2 2 2 2 2 2 2 2 2 2 2 2 10 2 2 8 2 2 2 2 2 2
left_child=1 -1 3 5 -3 25 7 9 -9 22 11 12 13 -8 15 -14 -12 -18 -13 -20 -15 23 -5 -19 -25 -2 -27 28 -10 -11
right_child=2 4 -4 6 -6 -7 10 8 27 29 16 18 14 20 -16 -17 17 21 19 -21 -22 -23 -24 24 -26 26 -28 -29 -30 -31
leaf_value=-0.028607010517338435 0.028657213819983401 -0.023420784514686849 0.024208215391455148 -0.005650436359866888 0.035215389432131594 0.022092917522657785 -0.0088591042273773856 -0.024098862078079542 -0.0041972909433770971 0.008827081509475504 -0.023587962886653928 0.0081626300368951854 -0.007342187879236994 0.072554541208212114 -0.0097121669992777659 0.076033382433841903 0.012856220422461876 -0.025317503204015251 0.0083163751387591543 0.038975743070869567 0.0039029180771036182 0.022790962642976025 0.033032321270861323 0.00025548351633926196 -0.02803489480113721 -0.024453148435663239 0.012630210561646206 -0.0057567319063185672 0.055013814024096656 -0.026310155061252949
leaf_weight=80.015724207041785 1.5369539218954731 2.3811503071337921 18.919343926012516 5.1522970134392407 6.899342390242964 3.9638679875060907 4.3566122660413367 31.03576702484861 6.1210166690871137 6.8027951782569271 10.117643994744865 208.57796539762057 1.609570188680663 2.4763891971670091 51.738306152634323 0.95863201562315214 41.324498014058918 8.8002355117350799 16.235261691967029 14.221336127957327 2.3373729267623276 9.4949532020837051 13.406685672700403 183.16790908202529 6.1973200354259452 27.770354997599497 4.5792876316700122 20.20953157544136 3.6207725913263857 6.899065469391644
leaf_count=39291 137 57 108 95 157 130 328 2114 91 171 286 3523 200 187 4422 33 1192 70 261 203 146 74 176 4195 589 5124 747 90 65 140
internal_value=-6.71358e-05 -0.0234631 0.00289742 0.00228132 0.019356 -0.0116006 0.00310015 -0.00390069 -0.0108056 0.00908496 0.0042674 0.00752084 -0.00255352 0.021415 -0.00691495 0.0363661 0.000454585 0.00152202 0.0101956 0.0234163 0.0456251 -0.000784297 0.0225535 -0.00202265 -0.000812776 -0.0160622 -0.0189825 0.0033026 0.0208827 -0.00945117
internal_weight=800.928 89.2962 711.632 692.712 9.28049 37.8505 654.862 93.2479 60.9871 32.2608 561.614 302.511 63.4769 9.17037 54.3065 2.5682 259.103 248.985 239.035 30.4566 4.81376 207.66 18.559 198.165 189.365 33.8866 32.3496 29.9513 9.74179 13.7019
internal_count=64402 39505 24897 24789 214 6138 18651 2942 2360 582 15709 9303 5316 661 4655 233 6406 6120 3987 464 333 4928 271 4854 4784 6008 5871 246 156 311
is_linear=0
shrinkage=0.03


Tree=82
num_leaves=31
num_cat=0
split_feature=11 6 3 33 18 20 16 3 13 18 20 6 16 21 18 11 28 28 24 23 1 0 18 22 6 27 11 12 24 31
split_gain=69.3542 12.139 7.87598 8.45601 6.92262 8.51646 9.4846 6.86589 8.1703 6.97466 6.70655 6.15101 8.71469 6.02589 7.90196 6.89611 6.57165 9.79734 8.96308 6.88746 6.53483 5.74403 5.58664 5.58484 8.13071 8.63429 6.75206 6.07053 6.18712 5.56471
threshold=1.9590277671813967 1.4499999880790713 -1.1750870943069456 0.3709686696529389 4.6400001049041757 0.33879604935646063 -0.28884698450565333 1.4243296980857851 -1.7489507794380186 12.315000057220461 -0.34044387936592096 47.750000000000007 -0.33136206865310663 -0.63185003399848927 2.6550000905990605 8.9472222328186053 -0.86114627122879017 -0.95244166254997242 0.15661977231502536 -0.23770209401845929 2.3500000238418584 9.5000000000000018 3.8649998903274541 -0.86083707213401783 41.549999237060554 0.41801074147224432 7.0312500000000009 -13.682639122009276 0.46581813693046575 59.846977233886726
decision_type=2 8 2 2 2 2 8 2 2 2 2 8 10 2 2 2 2 2 2 2 2 2 2 2 10 2 2 2 2 2
left_child=2 4 3 -1 5 -2 -7 9 -9 10 13 12 -10 14 -3 22 17 -15 -19 29 -20 -21 -16 24 25 -12 -27 28 -25 -18
right_child=1 7 -4 -5 -6 6 -8 8 11 -11 23 -13 -14 16 15 -17 19 18 20 21 -22 -23 -24 27 -26 26 -28 -29 -30 -31
leaf_value=-0.022405160569058696 -0.009369245151535293 -0.01531444700350424 -0.029669456336588948 0.045524313686027995 -0.020291108289105034 0.080867706478411225 -0.0035007975538929306 0.030351906691585898 -0.021135439592035968 -0.013587046232110576 -0.016502186948394386 0.013777229983382983 0.0061705096356146254 -0.018125928264845308 0.034388035132253858 0.036236344331292254 0.0077177169668155412 -0.013245246933179472 -0.0046502659931864469 0.00092465234075650253 0.067744390220457529 -0.018682211832331437 -0.010802499194992524 0.034866810539619056 -0.028505776854915458 0.037864277101388469 0.013518877595229861 0.0031653993382145039 -0.00040109339063414769 -0.024128540479282319
leaf_weight=2.7886216536862767 10.023972156457601 6.419197739101949 66.664655147003941 1.9648968749679623 27.556832640082575 1.38739074813202 2.2510339806322004 15.273143198108299 11.707128690322859 20.826699889381416 5.3297118084738022 74.549122862634249 60.191348554915749 3.8081467110896483 2.4508715169504303 10.969830282498149 5.7389296130277243 2.0395960025489313 1.2624662271700797 112.37628356134519 4.38891384343151 14.263819803250952 7.6215020043309778 10.341267105191948 2.8034183010458937 14.843971976544706 35.064200855791569 231.06569459743332 7.3593396511860183 22.425497952965088
leaf_count=606 702 142 34249 116 6986 52 141 129 138 4044 676 568 675 410 63 240 95 153 84 2885 160 409 627 206 18 549 562 7423 153 1101
internal_value=0.00096541 0.00375918 -0.0270303 0.00870602 -0.0118679 0.00534669 0.0391688 0.00471808 0.0101019 0.00303206 0.00374922 0.00779849 0.00149538 -0.000619978 0.0121448 0.0208363 -0.00278779 0.0181721 0.0361625 -0.00445136 0.0533044 -0.00141279 0.00230618 0.00650165 0.0148133 0.0174796 0.0213614 0.00451086 0.0209662 -0.0175973
internal_weight=795.758 724.339 71.4182 4.75352 41.2192 13.6624 3.63842 683.12 161.721 521.399 500.573 146.448 71.8985 193.765 27.4614 21.0422 166.304 11.4991 7.69098 154.805 5.65138 126.64 10.0724 306.808 58.0413 55.2379 49.9082 248.766 17.7006 28.1644
internal_count=64362 29391 34971 722 7881 895 193 21510 1510 20000 15956 1381 813 6369 1072 930 5297 807 397 4490 244 3294 690 9587 1805 1787 1111 7782 359 1196
is_linear=0
shrinkage=0.03


Tree=83
num_leaves=31
num_cat=0
split_feature=27 6 20 1 6 29 3 33 1 22 25 20 23 20 25 0 3 5 25 20 19 25 26 22 0 29 19 16 0 3
split_gain=54.8299 11.8873 10.1399 9.3864 7.91667 7.35983 7.00023 11.7274 10.6155 9.19928 6.77203 8.77703 7.74341 6.45527 9.56934 6.97687 6.22043 7.82924 7.11475 9.88971 9.21921 11.3944 6.25503 6.19516 6.05255 7.83018 7.77987 10.3984 5.86254 9.74547
threshold=0.15921659022569659 1.4499999880790713 -1.8967386484146116 54.45000076293946 7.5499999523162851 -0.99983122944831837 -0.51534506678581227 1.2088489532470705 7.7500000000000009 1.9738534092903139 0.33368934690952307 0.11506470292806627 0.032343182712793357 0.69120454788208019 0.26371569931507116 2.5000000000000004 -0.019939491525292393 -9.8499999046325666 0.20934358239173892 0.36369962990283972 -0.79218265414237965 0.28661148250103002 33.117500305175788 -0.90518102049827565 4.5000000000000009 -0.94137725234031666 -0.48936864733695978 0.065548270940780654 8.5000000000000018 1.105854392051697
decision_type=2 8 2 2 10 2 2 2 2 2 2 2 2 2 2 2 2 8 2 2 2 2 2 2 2 2 2 10 2 2
left_child=4 -2 -3 5 -1 -4 7 -7 9 -8 13 12 -12 15 -15 -9 17 -10 -19 20 -20 -22 28 -17 25 -5 -26 -28 -18 -30
right_child=1 2 3 24 -6 6 8 10 16 -11 11 -13 -14 14 -16 23 22 18 19 -21 21 -23 -24 -25 26 -27 27 -29 29 -31
leaf_value=-0.028241489503853794 -0.012895828477809046 0.025983374843273808 -0.022516195680232692 -0.012357068498199474 0.0072358373886550363 0.0029104122854801376 -0.013966488707910512 0.032789365825271269 -0.013087994455671484 0.037241352926368661 0.092154930921029568 0.0069146811045457364 0.022684090499662263 0.064665793074996231 -0.0035432117397269855 0.025865406534127205 -0.0011292340769532619 0.05722838633215472 -0.0030386676282187731 -0.0076381184150938614 -0.0045437046479127469 0.058110323377279068 -0.01679744530094229 -0.019735871436009949 0.030889554980886535 0.014713809289468381 -0.0096020620220235737 0.023864917662006106 -0.0020815469666708242 0.020112053316043325
leaf_weight=63.780371149186976 41.644941749400459 16.504607153008692 10.35220547672361 16.978352427482605 5.8063110194634637 132.74757593660615 60.649402055074461 3.7797186940442833 7.7818461246788502 2.3828007119009262 2.8168096863664669 4.7221808647736907 3.7585912505164742 3.2670413972809902 3.0954083097167313 2.5931207572575685 205.90799454366788 2.9907648744992903 6.1004472756758359 11.699490482918916 3.4109395523555603 8.5207438888028246 17.05461690411903 10.191779017681251 23.007948443293571 19.70459608733654 15.305289238691332 16.366483211517334 35.82466152892448 34.075540610123426
leaf_count=34689 8275 464 254 76 275 6737 6603 79 114 157 49 77 68 66 66 55 3822 94 111 223 83 138 183 221 120 89 72 78 801 342
internal_value=1.84146e-05 0.00247828 0.00343515 0.00283743 -0.0252207 0.00140591 0.00188461 0.00701731 -0.000289613 -0.0114793 0.0224119 0.0405973 0.0606809 0.0121286 0.0355073 0.00163863 0.00185411 0.0127236 0.0190681 0.0134921 0.0268827 0.041233 0.000312628 -0.00928131 0.0117143 0.00218889 0.0179505 0.00789321 0.00142749 0.00886865
internal_weight=792.823 723.236 681.591 665.086 69.5867 573.724 563.371 166.972 396.399 63.0322 34.2246 11.2976 6.5754 22.9271 6.36245 16.5646 333.367 40.5042 32.7224 29.7316 18.0321 11.9317 292.863 12.7849 91.3627 36.6829 54.6797 31.6718 275.808 69.9002
internal_count=64481 29517 21242 20778 34964 20343 20089 7418 12671 6760 681 194 117 487 132 355 5911 763 649 555 332 221 5148 276 435 165 270 150 4965 1143
is_linear=0
shrinkage=0.03


Tree=84
num_leaves=31
num_cat=0
split_feature=27 1 3 25 17 3 17 3 14 16 23 16 1 16 25 28 0 33 6 17 3 0 23 14 27 25 28 19 23 15
split_gain=61.368 9.01952 8.92136 7.5044 11.9904 9.73622 8.95232 7.84705 6.73315 7.82045 7.21535 6.71897 6.54721 11.4427 9.82503 7.08746 10.3656 10.8589 6.48993 7.27442 6.3742 9.37757 6.77925 6.8053 6.28682 8.74819 7.55599 6.67514 6.8243 6.59228
threshold=0.16397849470376971 2.3500000238418584 -1.8914836049079893 0.35170558094978338 -1.3080333471298216 -0.33422601222991938 -0.71162328124046315 1.5899890661239626 -1.9872805476188657 -0.21172297745943067 -0.71837192773818959 -0.40752607583999628 34.45000076293946 -0.16981095820665357 0.25884145498275762 -0.87812310457229603 5.5000000000000009 2.0731521844863896 9.9499998092651385 -0.30515423417091364 -2.2447574138641353 9.5000000000000018 -0.63095867633819569 0.41936525702476507 0.53279572725296032 0.27563980221748358 -0.53493988513946522 0.12899268418550494 1.1280909180641177 -0.1705028638243675
decision_type=2 2 2 2 2 2 2 2 2 10 2 8 2 10 2 2 2 2 10 2 2 2 2 2 2 2 2 2 2 2
left_child=-1 2 11 6 -5 -6 -3 -7 -8 10 -10 -2 13 14 -11 16 -15 -18 -4 -20 -13 22 23 -22 29 26 -26 28 -28 -17
right_child=1 3 18 4 5 7 8 -9 9 12 -12 20 -14 15 -16 24 17 -19 19 -21 21 -23 -24 -25 25 -27 27 -29 -30 -31
leaf_value=-0.026730194703461153 0.034955343957592443 -0.0056052417385477529 -0.014624584252649413 0.044039088621168739 0.025046359851626898 -0.001410063898749513 0.021934083189617808 0.022306172390923022 -0.022807085159632298 -0.0021352077132628642 3.7154500769154392e-05 -0.014727562338789572 0.012710258124976979 -0.010397825210074436 0.052618383682002091 0.0017462626930813388 0.061785370944786644 -0.01955063706713055 0.038395501183954621 -0.0050765338669404936 0.061296851649210143 0.06418979897557725 -0.011327962381058279 -0.0098133772826454139 -0.014119736390878421 -0.0060103266648231764 0.0020353951669145193 0.034086117074484425 0.03569373033691061 -0.016990296596374094
leaf_weight=67.820983661571518 5.7860346136149019 93.222389502683654 62.871293265023269 8.3203648228663933 22.995935178594664 64.55916724447161 18.357294017216191 14.557812651153652 13.105898326728491 4.7491660297382605 105.5676888768794 11.360609809402382 98.34281312674284 4.6529862398747337 6.4709993025753647 33.656809864449315 5.315383242093958 1.4049598926212636 3.6502276957035091 12.882052618078886 1.8794296733103721 1.7737391768023378 8.8338410640135336 1.6776983593590555 7.5527012059465042 40.558430027682334 26.505629356019199 13.287236621370537 5.860799871152266 32.607806726126
leaf_count=35404 104 3219 11837 177 501 1303 276 85 520 247 2437 219 478 405 164 1761 410 57 91 256 43 27 277 80 262 729 558 374 99 2088
internal_value=0.00035688 0.00289831 -0.00495886 0.00430337 0.0113616 0.00829773 0.00275945 0.00317776 0.00463388 0.00378644 -0.00265518 0.00841926 0.006507 0.0031155 0.0311646 0.00110927 0.022985 0.0444514 -0.0102734 0.00616435 0.00131306 0.014301 0.00289937 0.0329643 -0.000578525 0.00440382 0.0123068 0.0168876 0.00901722 -0.00758923
internal_weight=800.188 732.367 110.715 621.652 110.433 102.113 511.219 79.117 417.997 399.639 118.674 31.3114 280.966 182.623 11.2202 171.403 11.3733 6.72034 79.4036 16.5323 25.5253 14.1647 12.391 3.55713 160.029 93.7648 53.2064 45.6537 32.3664 66.2646
internal_count=64488 29084 12934 16150 2066 1889 14084 1388 10865 10589 2957 750 7632 7154 411 6743 872 467 12184 347 646 427 400 123 5871 2022 1293 1031 657 3849
is_linear=0
shrinkage=0.03


Tree=85
num_leaves=31
num_cat=0
split_feature=27 8 3 28 31 5 20 8 0 13 12 0 3 34 31 5 23 11 1 25 29 29 28 13 20 19 12 23 34 12
split_gain=49.9927 9.60698 7.09007 7.35049 6.79176 6.18171 5.87102 5.54234 5.35589 6.84226 7.16363 8.34904 7.39933 6.55044 10.1803 7.24718 7.04077 7.32351 6.52761 6.49296 7.25098 6.39089 17.871 16.3954 12.0192 8.65059 6.93921 6.5368 6.05487 8.07909
threshold=0.20483870804309848 13.11741876602173 2.2130494117736821 0.46039463579654699 300.03419494628912 -20.05000019073486 0.77945134043693554 4.3332049846649179 3.5000000000000004 -1.0660032033920286 -8.4590277671813947 2.5000000000000004 -1.0434936881065366 1.5388600230216982 649.89205932617199 -4.9500000476837149 0.32316197454929357 10.606250286102297 43.850000381469734 0.08206584677100183 -0.99465739727020253 0.29958851635456091 -0.79384350776672352 -1.0821769237518308 1.0826698541641238 -0.73064598441123951 -0.21736111491918561 -0.52861088514327992 0.033383056521415717 -2.6354167461395259
decision_type=2 2 2 2 2 8 2 2 2 2 2 2 2 2 2 8 2 2 2 2 2 2 2 2 2 2 2 2 2 2
left_child=1 -1 3 8 -3 -5 -7 -8 9 19 11 -11 -13 15 -15 16 -12 -18 21 -2 -21 28 24 26 25 -23 -24 -27 29 -10
right_child=2 4 -4 5 -6 6 7 -9 18 10 13 12 -14 14 -16 -17 17 -19 -20 20 -22 22 23 -25 -26 27 -28 -29 -30 -31
leaf_value=-0.02712024536930718 0.051731578167647507 -0.023880418774575359 0.016726917862232276 0.014591539300644971 0.024085309571717499 -0.015697776030016833 -0.01946769780750059 0.017715156234559996 0.007748148048614685 -0.0037725969876207903 -0.013053370786854325 0.073528520993902266 -0.0062501947256007034 0.028074937611523784 -0.01391581764173243 -0.020410327990067943 0.031244108029525947 -0.019675763341309736 0.011601982917150472 0.029648464418497254 -0.0033938420398825419 0.01471683516132326 -0.0084317440807230616 -0.019474051155441863 -0.020307820460209357 0.13408518144628515 0.058195908218897141 0.034395503901437488 0.00038939904710585824 0.063060045664990724
leaf_weight=69.161571804899722 1.9050188502296794 3.4765756512060744 26.421834029257298 8.9111767411231977 5.6000033140880987 50.506171444081701 4.4421264613047233 9.8994421868119371 11.521340938052161 7.3209015445318055 16.162796713411812 2.1026639584451918 1.3585799979045985 8.808495571836831 10.140040353289804 47.156518462928943 7.76583304395899 2.7931950967758894 78.64855694770813 6.8650988645385977 24.230732107535005 2.2307427122723311 1.6842267154715953 11.999712343094867 1.1598692976403979 1.3607695733662697 3.6890751128085002 2.0770804237108704 354.85513590543997 2.123618768178857
leaf_count=38468 112 69 141 81 111 3246 766 325 359 409 453 65 76 83 394 3816 187 38 366 107 649 107 179 1503 74 72 114 171 11744 203
internal_value=-0.000757588 -0.0233567 0.00176866 0.00116526 0.0051665 -0.00771511 -0.0109555 0.00567997 0.00225355 -0.00296116 -0.00674248 0.0154472 0.0478326 -0.00945705 0.00603303 -0.0134575 -0.000894087 0.0172373 0.00376798 0.00875979 0.00459745 0.00217353 0.0167911 -0.000158101 0.0544253 0.0704689 0.0392657 0.0951772 0.00117067 0.0200747
internal_weight=786.379 78.2382 708.141 681.719 9.07658 73.7589 64.8477 14.3416 607.96 136.61 103.609 10.7821 3.46124 92.8269 18.9485 73.8783 26.7218 10.559 471.35 33.0008 31.0958 392.702 24.2015 17.373 6.82846 5.66859 5.3733 3.43785 368.5 13.645
internal_count=64488 38648 25840 25699 180 4418 4337 1091 21281 6389 5521 550 141 4971 477 4494 678 225 14892 868 756 14526 2220 1796 424 350 293 243 12306 562
is_linear=0
shrinkage=0.03


Tree=86
num_leaves=31
num_cat=0
split_feature=27 1 6 29 15 8 27 14 29 29 34 28 17 5 23 14 31 29 29 22 22 28 8 16 6 19 25 27 21 27
split_gain=49.8801 11.1988 10.1222 8.15874 7.20629 10.0183 12.1065 7.23031 6.89166 6.66193 6.59774 6.20307 6.18613 10.0398 8.26504 5.82859 8.13299 6.37525 5.89067 5.50525 9.14668 6.56223 11.0754 8.58102 6.56117 8.95385 6.91128 5.84923 5.28928 5.51084
threshold=0.15921659022569659 56.149999618530281 6.7500000000000009 -0.76140165328979481 -1.1854096651077268 1.5072023868560793 0.5900537669658662 -0.82531791925430287 -0.49812626838684076 -0.87810534238815297 1.1356409192085268 -0.39036798477172846 0.91221532225608837 1.1500000357627871 0.39612291753292089 -1.2457978725433347 549.77673339843761 0.82293498516082775 -0.99628248810768116 0.25221787393093115 -0.14126059412956235 -0.67803022265434254 8.4748644828796404 0.27316945791244512 1.5500000119209292 -1.1502740383148191 0.14273057878017428 0.43440860509872442 -1.0873881578445432 0.77849462628364574
decision_type=2 2 10 2 2 2 2 2 2 2 2 2 2 8 2 2 2 2 2 2 2 2 2 10 10 2 2 2 2 2
left_child=2 4 -1 9 8 6 7 10 -2 -3 -6 -8 14 -14 -10 16 18 19 -7 20 -17 22 24 -24 27 -26 -27 -21 -23 -30
right_child=1 3 -4 -5 5 15 11 -9 12 -11 -12 -13 13 -15 -16 17 -18 -19 -20 21 -22 28 23 -25 25 26 -28 -29 29 -31
leaf_value=-0.02846420798405104 0.0048199228240281304 0.012284604782212528 0.011394629692436136 0.029581408588873776 -0.0054036258749659118 0.025964655594097656 0.047793473685870121 -0.024837781077588966 -0.02169619657493858 -0.0112856683126873 0.060828387572197697 -4.0465364445537814e-06 0.072328066222057494 0.0091640516623688346 0.034266768246414704 0.0035014116256286707 -0.027175018038848451 -0.024359720660561402 -0.0057018449055743292 -0.016242574715715642 -0.0089940390220918792 -0.015608273715044545 -0.0075448577096362216 0.039510686412710792 -0.0091587057790179852 -0.0039080676754475662 0.071225980594940397 0.0315788869030868 0.0042750942578608257 0.032335185109710785
leaf_weight=58.434516158304177 50.351504601305351 51.961838692426682 5.8144687450258052 19.229895830154419 6.9137361624743781 5.2845231262035659 2.7482153684832156 34.62706582841929 3.9800401526736122 12.714101836085318 0.64631649421062309 7.0204759354237449 4.0414843086618912 4.7204585830913857 3.5747248912230134 198.08615357440431 13.479160160175523 6.8245219357777378 32.32635735149961 3.2604687757557285 70.71581906650681 10.467977372114545 16.103510289452974 3.3845013319514683 1.6743867493933056 1.1591248945333044 7.0904635688057169 4.2526368510443717 137.68685606843792 5.642237468622624
leaf_count=34518 1116 251 320 95 1148 78 86 7921 232 58 96 228 178 168 161 7248 404 902 849 540 2493 359 343 64 74 104 347 195 3733 47
internal_value=0.000380851 0.0026536 -0.0247377 0.0128881 0.00128541 0.000185137 -0.0122444 -0.0191612 0.0105409 0.00754983 0.00670322 0.0166323 0.0268975 0.0427234 0.00569427 0.00145439 -0.00806906 0.00251275 -0.000695303 0.00296387 0.000192985 0.00684774 0.0180403 0.00215693 0.0347122 0.0497364 0.0613879 0.0113556 0.00406133 0.00559608
internal_weight=784.218 719.969 64.249 83.9058 636.063 569.395 51.9558 42.1871 66.6682 64.6759 7.56005 9.76869 16.3167 8.76194 7.55477 517.439 51.09 466.349 37.6109 459.524 268.802 190.722 36.9251 19.488 17.4371 9.92398 8.24959 7.51311 153.797 143.329
internal_count=64356 29518 34838 404 29114 27259 9479 9165 1855 309 1244 314 739 346 393 17780 1331 16449 927 15547 9741 5806 1667 407 1260 525 451 735 4139 3780
is_linear=0
shrinkage=0.03


Tree=87
num_leaves=31
num_cat=0
split_feature=27 6 6 6 17 8 17 29 18 28 21 17 23 3 21 28 1 18 25 29 21 16 29 20 1 1 26 24 27 16
split_gain=52.9758 13.874 10.7067 9.80899 6.7803 9.17118 9.84476 8.61011 6.91737 6.79956 7.67984 6.76907 8.32389 7.45949 6.41887 5.80982 5.75769 5.65433 5.64113 6.11655 9.67196 8.98694 8.05843 7.37566 11.9368 7.23391 7.00606 7.90355 6.60041 6.50381
threshold=0.15921659022569659 47.750000000000007 1.4499999880790713 6.7500000000000009 0.35637857019901281 4.5555825233459482 0.17177493870258334 -0.99938741326332081 9.6549997329711932 -0.13398594409227368 -0.2810386717319488 -1.689650774002075 1.2745322585105898 -0.034431915730237954 1.4593257904052737 0.91248813271522533 7.1499998569488534 7.8250000476837167 0.36997847259044653 -0.86112883687019337 0.086958240717649474 0.33882489800453192 -0.67168185114860524 -1.3767416477203367 29.44999980926514 13.949999809265138 30.500000000000004 0.028870288282632831 0.50806450843811046 -0.088320806622505174
decision_type=2 10 8 10 2 2 2 2 2 2 2 2 2 2 2 2 2 2 2 2 2 8 2 2 2 2 2 2 2 10
left_child=3 2 17 -1 5 11 7 -7 14 -8 -11 16 -13 -14 15 -6 -4 -2 19 26 22 23 25 -22 29 -21 27 28 -9 -25
right_child=1 -3 4 -5 8 6 9 18 -10 10 -12 12 13 -15 -16 -17 -18 -19 -20 20 21 -23 -24 24 -26 -27 -28 -29 -30 -31
leaf_value=-0.028310100227441209 -0.0017320742626531793 0.019258387794202064 0.00031800113422209632 0.013199144554945691 -0.0010755702122877873 -0.018813710504939862 0.0099998861484142405 -0.009932575605963119 -0.018645106594188273 0.0050339168183237857 0.050324099364619276 -0.0089431523909825877 0.037732675969139554 -0.020696262079172929 0.012919618550048468 0.030242681517824815 0.062512008636674762 -0.024127349084849259 0.020610629187373688 0.042238680810216665 0.043062137285780129 0.069604550117863706 -0.0078379934908267834 0.015699291863996392 0.02748621199790106 0.0032490967017125825 0.019372109282916605 -0.0063415734809584012 0.022356407759185154 -0.025370531010790249
leaf_weight=57.046043058042414 22.21252359659411 48.261414898559451 2.8504840000532559 5.0445763122988856 233.46692885423545 10.236487377434967 16.907198139699176 7.4789597166236517 15.311017428059129 4.9717054169159409 11.305737650953231 61.885210957494564 5.8650699030840769 2.0162260034121564 36.947385784704238 4.4551940642995751 1.5448745354078708 17.942124977125786 27.858988002175465 5.8953910155687472 7.4072693249909198 2.5730950792785725 25.963102989131588 4.7057363592321044 15.462708288803695 11.795125569682567 16.344436561688781 72.556247279397212 17.861661578062922 8.2585439606336895
leaf_count=34729 2320 285 429 308 5614 172 308 208 1751 92 159 6437 409 221 842 183 60 5953 395 217 165 85 823 246 83 152 141 1163 269 314
internal_value=0.00158232 0.00388602 0.00275518 -0.0247819 0.00371558 0.00657266 0.00915254 0.00692362 0.000339786 0.0242333 0.0375829 -0.00273369 -0.00516882 0.0221379 0.00146105 -0.000364997 0.0297125 -0.012082 0.00817727 0.00631723 0.0125138 0.0232931 0.00272068 0.0181683 0.0104387 0.0178071 0.00179621 -0.0013044 0.0128114 -0.0104064
internal_weight=782.431 720.341 672.079 62.0906 631.925 341.744 267.582 234.398 290.181 33.1846 16.2774 74.1619 69.7665 7.8813 274.87 237.922 4.39536 40.1546 224.161 196.302 82.061 38.4074 43.6536 35.8343 28.427 17.6905 114.241 97.8969 25.3406 12.9643
internal_count=64533 29496 29211 35037 20938 12548 4992 4433 8390 559 251 7556 7067 630 6639 5797 489 8273 4261 3866 2085 893 1192 808 643 369 1781 1640 477 560
is_linear=0
shrinkage=0.03


Tree=88
num_leaves=31
num_cat=0
split_feature=11 8 6 3 23 33 34 16 6 18 15 17 25 16 17 18 17 17 15 29 23 26 1 13 34 16 22 22 30 5
split_gain=53.7591 7.92174 8.16323 6.79179 6.41482 5.45628 4.76024 3.77184 3.75178 5.05482 3.60579 3.49429 9.09825 6.09583 6.05836 4.58391 4.52264 7.75976 7.73585 6.63472 6.32229 5.87807 5.52158 7.53908 7.70346 6.17719 5.79014 5.17682 5.16714 8.96284
threshold=1.9590277671813967 43.866336822509773 0.84999999403953563 -1.1750870943069456 0.22672785818576816 0.13881587237119677 1.1917749643325808 -0.078102700412273393 0.94999998807907116 1.0000000000000002 -0.39517623186111445 -0.71162328124046315 0.35170558094978338 -0.070948921144008623 -1.5573351979255674 8.8649997711181658 -0.0389157086610794 0.051427412778139121 0.750198394060135 -0.99864786863327015 -0.095137339085340486 31.865000724792484 4.8500001430511483 -0.64456817507743824 0.2187880873680115 0.39016793668270117 0.20875529944896701 0.8503834903240205 1.5000000000000002 -1.9499999880790708
decision_type=2 2 8 2 2 2 2 8 8 2 2 2 2 8 2 2 2 2 2 2 2 2 2 2 2 8 2 2 2 8
left_child=3 2 6 5 -3 -1 -2 -7 9 -4 -8 12 -10 15 -15 -14 18 -18 20 -19 -13 -21 26 24 -24 27 -22 -25 29 -20
right_child=1 4 8 -5 -6 7 10 -9 11 -11 -12 16 13 14 -16 -17 17 19 28 21 22 -23 23 25 -26 -27 -28 -29 -30 -31
leaf_value=-0.021512427467159621 -0.020735178424674424 0.0023396816469232798 0.069504987477506872 -0.029090793221052652 0.026764818992239862 0.054364638958895491 0.037948211577597396 -0.0069625595339471019 -0.0067870769396342337 -0.00018663384468835454 -0.011414471408154556 -0.0030766736307702366 0.011398183759933645 0.030106337306923595 -0.0095115149636401022 0.057951281799136958 -0.015936138092806775 0.019603482531812051 0.050728660800489864 0.0029388202575816175 -0.026961788304339054 -0.01039661669488785 -0.006210482800013831 0.0096360866134831673 0.039383086690287429 0.035580813980072824 0.0086951654873176926 -0.014794973576369169 0.034331518409336473 -0.021775251689555686
leaf_weight=2.3941302995663127 19.948779584141452 17.954363200347871 0.76001358963549082 57.197053903248161 20.534907204099 1.3300076222512869 1.5866197320865469 1.1430662288330498 89.215224074898288 1.9908632817678151 2.0314594841329372 50.603721614810638 4.8261443504597992 3.9127427047351402 10.894873048760926 3.0189128945348784 20.297520789317787 18.766516822157428 1.1886508741881696 330.15827580320183 5.6065585588803506 31.705052632954903 3.9137627584859755 24.26571787672583 14.79013736406341 4.836913386010564 9.9281474748859164 10.31129759037867 13.768175508477725 4.1340841220226148
leaf_count=542 5125 134 15 34109 159 68 108 111 4473 419 249 2106 72 102 322 85 753 383 62 11220 594 535 70 444 231 108 673 193 543 221
internal_value=0.000331612 0.00265151 0.00189262 -0.0262314 0.0157188 0.00660158 -0.0150944 0.0321758 0.00252215 0.0324648 0.0137622 0.0023474 -0.00246503 0.0141242 0.00219935 0.0338391 0.00333924 0.00169505 0.00789428 0.00267454 0.00505581 0.00174499 0.0106097 0.0148034 0.0300117 0.00702219 -0.00502595 0.00213937 0.0251977 -0.000121569
internal_weight=783.014 720.949 682.46 62.0643 38.4893 4.8672 23.5669 2.47307 658.893 2.75088 3.61808 656.142 111.868 22.6527 14.8076 7.84506 544.275 400.927 143.347 380.63 124.256 361.863 73.6525 58.1178 18.7039 39.4139 15.5347 34.577 19.0909 5.32273
internal_count=64229 29399 29106 34830 293 721 5482 179 23624 434 357 23190 5054 581 424 157 18136 12891 5245 12138 4419 11755 2313 1046 301 745 1267 637 826 283
is_linear=0
shrinkage=0.03


Tree=89
num_leaves=31
num_cat=0
split_feature=27 6 3 18 20 31 28 29 28 3 20 34 0 29 31 22 27 27 8 27 24 27 5 34 1 3 20 6 5 20
split_gain=46.4292 12.6263 10.3363 11.4963 7.92067 4.97364 4.85071 5.0027 12.7592 14.805 21.1773 7.32136 6.43946 6.38962 10.5856 5.29451 5.17493 4.82541 6.78773 10.1849 7.99357 5.97963 6.22424 5.85777 8.71573 8.8687 6.55315 6.16742 5.2611 7.72279
threshold=0.20483870804309848 6.7500000000000009 1.9607543349266054 12.315000057220461 0.47951892018318182 299.94718933105474 -0.96689236164093006 -0.33426210284233088 -0.8337765336036681 0.66535356640815746 0.18188068270683291 0.45801815390586859 6.5000000000000009 -0.29342786967754358 100.09763717651369 0.41958129405975347 0.29516129195690161 0.44274193048477178 9.4765501022338885 0.42634408175945288 0.48140536248683935 0.47850877046585089 -15.65000009536743 0.14434865117073062 6.2500000000000009 0.87425288558006298 0.11506470292806627 41.549999237060554 -1.5500000119209287 -0.22794666886329648
decision_type=2 10 2 2 2 2 2 2 2 2 2 2 2 2 2 2 2 2 2 2 2 2 8 2 2 2 2 8 8 2
left_child=1 -1 3 6 -4 -3 -2 16 9 10 13 -10 15 -9 -15 -13 -8 18 19 -18 28 22 -19 -20 -25 26 -26 -27 -21 -30
right_child=2 5 4 -5 -6 -7 7 8 11 -11 -12 12 -14 14 -16 -17 17 21 23 20 -22 -23 -24 24 25 27 -28 -29 29 -31
leaf_value=-0.027501096521058602 -0.017567992605479706 -0.021369125869721336 0.022169756329544814 -0.017534446766318938 -0.0043596098993497765 0.024125266865359572 -0.019205583859146662 0.011957435068372622 -0.010786276508684602 -0.012132949468262657 -0.007461670394556333 0.015409634034836634 0.033655631625390696 0.018827583718889478 0.13154824359660783 -0.0288985305641868 -0.0056587897884701728 0.019685741284164174 0.046576109876732739 -0.0011740752867720841 -0.014106463320537194 0.0017571791883547541 -0.017891581494438841 -0.021163420103408843 0.012360443522867708 -0.0014204948037451321 0.085615924969271104 0.024539273267256873 0.0059161121930977984 0.079806119182139271
leaf_weight=62.453172803740017 9.9975587844382954 2.232646683813071 37.614250895567238 26.736901088734157 13.334732169285415 6.0263754801126197 9.3951551836216805 1.1142464274307702 17.483966641593724 3.3982138917781404 2.8145011945161968 5.0173225828912127 8.1512055443599802 1.4196318252943445 2.6767997420392931 3.0779375887941569 42.72832800890319 3.8490787949413061 4.3217246506828806 1.8811752346809951 2.599907492287457 444.72432179073803 24.334872252540666 5.2037874765228471 2.4538906221278003 16.737693749833856 1.8265659241005776 15.022282892838119 2.1047148029319942 3.0583634499926102
leaf_count=38185 1494 140 219 5100 79 310 1947 96 1671 111 227 243 331 146 170 200 3507 46 177 101 158 7886 914 297 75 198 49 107 96 141
internal_value=7.80206e-05 -0.0229333 0.00238885 0.00137568 0.015276 0.0108472 0.0021977 0.00254122 0.0120506 0.0380482 0.058287 0.00240408 0.0164015 0.0892839 0.103844 -0.00276206 0.00178175 0.00216014 0.00818567 0.000761366 0.0270651 0.00089763 -0.012261 0.0165194 0.012342 0.0176205 0.053914 0.0112326 0.0421254 0.0555323
internal_weight=783.791 70.7122 713.079 662.13 50.949 8.25902 635.393 625.396 45.1538 11.4234 8.02518 33.7304 16.2465 5.21068 4.09643 8.09526 580.242 570.847 97.9384 52.3725 9.64416 472.908 28.184 45.5659 41.2442 36.0404 4.28046 31.76 7.04425 5.16308
internal_count=64421 38635 25786 25488 298 450 20388 18894 3195 750 639 2445 774 412 316 443 15699 13752 4906 4003 496 8846 960 903 726 429 124 305 338 237
is_linear=0
shrinkage=0.03


Tree=90
num_leaves=31
num_cat=0
split_feature=27 8 28 15 17 6 6 17 17 30 18 18 8 2 23 6 27 27 3 28 14 22 17 19 16 8 17 11 24 6
split_gain=49.7245 10.5283 7.27356 8.86304 6.86663 6.7195 6.48997 7.12535 10.1032 6.27017 6.23322 8.04259 6.15067 9.52359 10.3649 8.48619 8.4065 10.2937 9.82784 7.85969 7.87962 7.58845 8.35426 7.37583 5.90966 6.10475 5.80647 5.84114 5.21233 4.98549
threshold=0.18037634342908862 4.6229500770568857 0.39827039837837225 0.38218085467815405 -2.155430674552917 11.250000000000002 61.649999618530281 0.35637857019901281 0.13572977483272555 2.5000000000000004 9.5950002670288104 7.7650001049041757 2.7584717273712163 1.470109820365906 1.1439189910888674 10.750000000000002 0.47850877046585089 0.52446237206459057 0.44020017981529241 0.16799744963645938 -1.5494566559791563 0.30729886889457708 0.090349782258272185 -0.45834670960903162 -0.13223384320735929 1.9115859270095827 0.73046040534973156 5.6763889789581308 1.1371061801910403 4.4500000476837167
decision_type=2 2 2 2 2 10 10 2 2 2 2 2 2 2 2 10 2 2 2 2 2 2 2 2 10 2 2 2 2 8
left_child=5 2 3 4 -2 -1 7 8 9 -3 11 -9 13 14 15 -6 18 24 -15 20 -14 22 -19 -21 -18 -26 27 -20 29 -16
right_child=1 6 -4 -5 12 -7 -8 10 -10 -11 -12 -13 19 16 28 -17 17 21 26 23 -22 -23 -24 -25 25 -27 -28 -29 -30 -31
leaf_value=-0.028669769192500624 0.057223643517901004 0.0080715335415938328 -0.01884940174358243 -0.015224700453059639 -0.023156676316978018 0.0041937315737111749 0.018839529300606391 -0.0010140949783472636 0.019419302596955498 -0.0017176252891358331 -0.022074177632786046 0.019401224410581609 0.024378715518854351 -0.016977081911341344 -0.00626202363729141 0.016200476843550308 0.0091179544283014544 -0.0087952452616739431 -0.011313747708724061 -0.0081059189204368085 -0.018277019597337196 -0.0093181945588601146 0.049134961833121799 0.056645354936707748 0.020115682970760641 0.1007542487184237 -0.015130832151792865 0.076884985707338371 -0.01229355638252215 0.052304758062960401
leaf_weight=56.803281530505046 1.0198599362047378 143.1793091573054 25.757501790532842 32.565194757771678 19.514703986700628 5.9377584999892852 24.632574584335089 214.28169153339695 45.188952429802157 99.042802731506526 10.410111974924801 17.892145408550277 3.5711638831999144 9.6485496744280663 1.5091331298463035 5.702927333302795 2.0018182257190347 2.9394112802110595 0.59832598140928883 2.8127249017124996 30.452143294620328 6.8740962273441246 5.8159850568044931 2.0823914725333443 1.9528779254760618 2.3536933350842446 0.94204856606665988 1.648061584215611 2.0783703863853589 3.9645329689374194
leaf_count=36497 45 3277 4186 3995 4040 151 140 3445 802 1791 551 443 117 875 324 109 90 94 166 115 1909 204 128 154 99 65 97 117 171 219
internal_value=-0.000144045 0.0021002 -0.00451403 -0.00176254 0.00241898 -0.0255426 0.00408209 0.00336202 0.00654923 0.00407822 -0.000425538 0.00063564 0.00136637 0.00680651 -0.00474833 -0.0139777 0.0175234 0.028405 -0.00178167 -0.0080092 -0.0132315 0.0136434 0.0307784 0.0243757 0.058107 0.0748691 0.037276 0.0571445 0.024101 0.0376844
internal_weight=783.174 720.433 165.806 140.048 107.483 62.741 554.628 529.995 287.411 242.222 242.584 232.174 106.463 67.5445 32.7697 25.2176 34.7749 21.9379 12.837 38.9184 34.0233 15.6295 8.7554 4.89512 6.30839 4.30657 3.18844 2.24639 7.55204 5.47367
internal_count=64416 27768 17319 13133 9138 36648 10449 10309 5870 5068 4439 3888 9093 6798 4863 4149 1935 680 1255 2295 2026 426 222 269 254 164 380 283 714 543
is_linear=0
shrinkage=0.03


Tree=91
num_leaves=31
num_cat=0
split_feature=27 6 1 25 17 17 6 8 34 20 20 21 16 5 5 17 6 1 22 24 24 26 24 18 27 1 3 3 1 20
split_gain=45.7063 13.4874 7.56289 5.26029 14.9009 6.47151 7.617 13.0004 9.09706 6.19241 9.64832 8.53661 6.71855 5.89388 5.6934 5.6727 5.98324 6.35082 9.31899 5.32556 6.26056 4.72367 5.57335 7.92506 7.16287 5.18084 4.62186 6.45099 8.41656 6.74024
threshold=0.20483870804309848 7.5499999523162851 77.149997711181655 0.35170558094978338 -1.4447527527809141 -0.71162328124046315 10.34999990463257 5.8363800048828134 0.33959744870662695 -0.26554702222347254 0.10302426666021348 0.39033332467079168 0.15745196491479876 -2.5499999523162837 -0.15000000223517415 -0.54389429092407215 18.650000572204593 2.4500000476837163 0.017676351591944698 0.08253274112939836 1.0000000180025095e-35 33.530000686645515 0.022067038342356685 6.2249999046325692 0.49193547666072851 54.45000076293946 0.99061518907547008 -0.055551679804921143 2.3500000238418584 -0.5740392506122588
decision_type=2 10 2 2 2 2 10 2 2 2 2 2 8 8 10 2 8 2 2 2 2 2 2 2 2 2 2 2 2 2
left_child=1 -1 3 5 -5 6 14 8 -8 12 11 -11 26 -12 -2 16 19 -18 -19 20 -7 22 23 -15 -25 -24 27 28 -6 -30
right_child=2 -3 -4 4 9 15 7 -9 -10 10 13 -13 -14 21 -16 -17 17 18 -20 -21 -22 -23 25 24 -26 -27 -28 -29 29 -31
leaf_value=-0.027440319151624083 -0.0072427238352130658 0.012929914910235284 0.019381548493566207 0.04518920534322915 -0.021814691263336239 -0.010414165291307167 0.061151161726745035 -0.0046611406753743817 2.7781351988767273e-05 0.048193062058798024 0.030451245703344398 0.0082395976249936831 -0.025990641903233386 -0.015807216188213499 -0.029536178139504793 0.0019173984960850099 0.066790895930990982 -0.015546611961599141 0.034548129356265264 -0.017374606500028832 0.058159336086699126 0.025294941473916355 -0.013993472439907007 -0.0082187633670822938 0.049668526535126448 0.020550327849802097 0.017792558935772779 -0.022931855199605871 0.03687251419194381 -0.015127092739754065
leaf_weight=59.497224220423959 42.882882832083851 7.8975862204097202 23.774723015725613 8.0364059008425084 4.8616948230192056 1.9324226297903826 4.3085581385530514 32.409321692306548 3.7336360071785748 8.836920872563498 5.5413608013186604 10.411556212231515 8.6398097015917283 4.4291734399739635 13.041136804618871 438.07551031641196 2.1718356006313106 4.5410673321457571 8.1166828684508783 6.3156400951556861 1.3482456518104298 4.9271097581367931 28.553052150411531 2.4946061761584133 4.8347028887365013 3.6031730473041526 10.683745545335112 9.5985344343353081 7.0423793676309243 2.4725323235616115
leaf_count=38237 3275 366 130 188 210 235 78 329 108 221 90 190 239 79 1514 16421 116 102 101 474 78 67 671 192 72 18 87 239 160 55
internal_value=0.000831712 -0.0225897 0.00309114 0.00249731 0.00803631 0.00124663 -0.00578711 0.00407779 0.0359156 0.00512133 0.0103645 0.0280563 -0.00382772 0.00370916 -0.012869 0.00272163 0.0165027 0.0278383 0.0167538 -0.00198868 0.0247704 0.000125044 -0.00319925 0.0137367 0.0313447 -0.00961971 0.00227102 -0.00508112 0.00755319 0.0232064
internal_weight=775.013 67.3948 707.618 683.844 124.967 558.877 96.3755 40.4515 8.04219 116.93 73.6317 19.2485 43.2987 54.3832 55.924 462.501 24.4259 14.8296 12.6578 9.59631 3.28067 48.8418 43.9147 11.7585 7.32931 32.1562 34.6589 23.9751 14.3766 9.51491
internal_count=64342 38603 25739 25609 2778 22831 5304 515 186 2590 1600 411 990 1189 4789 17527 1106 319 203 787 313 1099 1032 343 264 689 751 664 425 215
is_linear=0
shrinkage=0.03


Tree=92
num_leaves=31
num_cat=0
split_feature=27 1 3 15 29 5 19 18 29 29 23 6 26 6 8 3 0 5 8 20 28 12 29 17 8 8 28 8 12 27
split_gain=42.1821 7.9654 8.23271 7.32019 9.33229 14.2946 8.20689 8.45865 7.25974 6.99314 6.09225 6.72567 6.49397 6.01122 6.93771 6.10515 5.34086 6.95447 5.94429 6.07702 6.96565 8.42915 6.34876 6.16818 5.75409 5.72396 9.64158 4.95014 4.85853 4.83883
threshold=0.15921659022569659 2.2500000000000004 -1.1434167623519895 -1.1401489377021787 0.47369650006294256 -0.74999999999999989 -1.7165496349334715 0.30500000715255743 -0.99983122944831837 -0.83375966548919667 0.28159028291702276 2.5499999523162846 31.865000724792484 13.150000095367433 1.7024485468864443 -0.46752507984638209 3.5000000000000004 59.349998474121101 0.82560083270072948 -0.34044387936592096 0.33426114916801458 -8.4590277671813947 -0.70289847254753102 1.2266109585762026 1.3699061870574953 1.6129642128944399 -0.091260667890310274 6.4274151325225839 8.0881943702697772 0.66397851705551159
decision_type=2 2 2 2 2 10 2 2 2 2 2 10 2 10 2 2 2 10 2 2 2 2 2 2 2 2 2 2 2 2
left_child=9 2 -2 4 13 28 -5 10 -9 -1 11 -8 -12 14 15 -3 17 18 -10 -20 21 -21 -22 -23 -18 26 -26 -16 -6 -29
right_child=1 3 -4 6 5 -7 7 8 16 -11 12 -13 -14 -15 27 -17 24 -19 19 20 22 23 -24 -25 25 -27 -28 29 -30 -31
leaf_value=0.011764961739979011 0.00046235078537664121 0.068031369673034373 -0.017278775477814874 -0.023719721403720084 0.096694220839559336 -0.0019098741981140863 0.017531699097510286 -0.023521989394588712 0.034349095976714851 -0.02803191526084035 0.025084492525411319 -0.014420125789137749 -0.011386231596711396 0.01677713908924075 -0.020781039081613349 -0.0061667468078674646 -0.014883822311149427 0.033161068857926849 -0.017952933009167046 0.039011887963870534 0.040314505881353969 -0.014842701614382659 -0.0042153057856905802 0.015729626194671768 0.06075319633684987 0.0036840865460456263 -0.018708238615092118 0.010175669140525662 0.023014931950611311 -0.016459540023626755
leaf_weight=3.7677666406380004 68.448838599957526 1.3986702207475903 34.841094053699635 9.933860771940088 2.2587631151545793 4.155722964089362 10.131798505317422 9.4785558107541856 2.1526395656401283 50.689725126721896 32.331237938720733 11.687116140499709 4.4727499578148118 35.17844639532268 10.037914969027041 1.4484779385384161 13.890881367260588 3.2102884203195563 31.874974151956849 2.4011214892379931 5.0983550942037255 36.645996406325139 5.1380356226582062 6.2046788695733985 2.8901262839790434 338.99012152547948 1.5385489624459285 20.950606372905899 2.1548834946006536 7.5424861721694461
leaf_count=1108 3801 34 9137 335 85 98 118 222 147 33702 373 134 45 237 421 97 1599 16 1137 101 216 1352 247 164 227 8571 182 328 20 63
internal_value=9.21193e-05 0.00204043 -0.00563027 0.00333958 0.0114518 0.0394871 0.0020127 0.00255079 0.00116873 -0.025116 0.0131827 0.000535062 0.0204683 0.00784503 3.45237e-05 0.0384923 0.00173976 -0.00464196 -0.00634906 -0.00772925 -0.00164244 -0.00676206 0.0195773 -0.0101581 0.00340422 0.00418502 0.0347867 -0.00370905 0.0716177 0.00280597
internal_weight=770.944 716.487 103.29 613.197 85.126 8.56937 528.071 518.137 459.514 54.4575 58.6229 21.8189 36.804 76.5566 41.3782 2.84715 450.036 92.7261 89.5158 87.3632 55.4882 45.2518 10.2364 42.8507 357.31 343.419 4.42868 38.531 4.41365 28.4931
internal_count=64317 29507 12938 16569 1383 203 15186 14851 14181 34810 670 252 418 1180 943 131 13959 3380 3364 3217 2080 1617 463 1516 10579 8980 409 812 105 391
is_linear=0
shrinkage=0.03


Tree=93
num_leaves=31
num_cat=0
split_feature=11 18 6 20 2 17 25 11 12 24 24 23 21 11 28 28 6 14 24 22 25 18 31 18 19 20 18 25 17 28
split_gain=42.705 15.4927 6.47571 5.31379 5.38481 5.34723 10.2468 5.70727 5.08989 6.23755 6.54131 6.01198 8.01023 5.2056 5.16037 10.3572 8.3182 5.40171 5.48326 8.29871 5.72696 5.16066 8.56801 7.16719 6.97457 9.33807 8.98691 8.65932 9.404 5.17014
threshold=2.6881943941116337 4.2249999046325692 102.54999923706056 -1.8967386484146116 2.4114294052124028 -0.73347800970077504 0.35928775370121008 20.990972518920902 26.264583587646488 0.97580018639564525 0.64748924970626842 -0.62297233939170826 0.28005951642990118 12.981250286102297 0.39827039837837225 0.30164402723312383 45.399999618530281 0.54040303826332103 0.68501833081245433 -0.49172745645046229 0.33233979344367987 11.364999771118166 450.05897521972662 9.7349996566772479 1.6983119845390322 -0.070313747972249971 13.394999980926515 0.3339874148368836 0.24760092794895175 0.21862474083900454
decision_type=2 2 10 2 2 2 2 2 2 2 2 2 2 2 2 2 10 2 2 2 2 2 2 2 2 2 2 2 2 2
left_child=1 -1 3 4 -2 6 7 -5 14 10 11 -10 -13 -14 15 21 -16 18 19 -17 -21 23 -23 29 25 -24 27 28 -27 -7
right_child=2 -3 -4 5 -6 8 -8 -9 9 -11 -12 12 13 -15 16 17 -18 -19 -20 20 -22 22 24 -25 -26 26 -28 -29 -30 -31
leaf_value=0.014370515182481112 -0.0042546736600262381 -0.026545900977200578 0.032889850604076697 -0.0059687408787389247 0.028777040118364482 0.0024413665785585968 0.017130691461360325 -0.032575440689764534 0.021510378924647761 0.019260647058783876 -0.011741527789298231 -0.0088847362373864949 -0.00074580589346077183 0.021557837606723817 -0.0098371604812885396 -0.0052189345651421446 0.041950278542063152 -0.003670098691609927 0.005162001485089854 0.075735829802597771 0.0053317174883763313 -0.0056404132360744486 -0.015417020842329619 -0.01840060092993559 -0.017776239569661324 0.13104597530302989 -0.012581194090905069 0.00054935550309620452 0.0041709057638492468 -0.015951111379694325
leaf_weight=8.8956855458673072 6.406023247633132 64.708286241278984 5.2222129777073851 83.536251742742024 11.95794479199685 314.93976296950132 15.816493278136475 7.0545024652965358 20.380886767059565 32.019461575895548 18.078919108957052 27.844150763005018 16.323420241475105 21.055907793343067 52.981920280260965 1.9370324746705589 1.9651494249701489 4.295214755460619 4.3527235474903128 4.7595739992102626 1.463771699927747 6.1160084366565552 1.0417735857190562 15.876487520872614 0.99621648446191091 1.9270360679365701 0.71657838451210398 0.85912771685980249 0.72313945763744403 13.389962086337617
leaf_count=595 434 39111 30 4369 150 9740 430 90 99 164 91 138 83 103 4098 64 11 224 166 196 47 1241 261 1344 30 188 265 46 171 349
internal_value=9.51547e-05 -0.0214745 0.00241026 0.00213183 0.0176297 0.00168172 -0.00445851 -0.0083737 0.00284591 0.00788687 0.00422398 0.00769241 0.00311498 0.0120523 0.00123424 0.00250151 -0.0072683 0.0248317 0.0341628 0.0473795 0.0622069 0.00138243 0.0196629 0.000669893 0.0417442 0.0540409 0.0708374 0.0868836 0.107053 0.00164513
internal_weight=767.642 73.604 694.038 688.815 18.364 670.451 106.407 90.5908 564.044 135.703 103.683 85.6044 65.2235 37.3793 428.341 373.394 54.9471 16.8083 12.5131 8.16038 6.22335 356.586 12.3799 344.206 6.26387 5.26766 4.22588 3.5093 2.65018 328.33
internal_count=64328 39706 24622 24592 584 24008 4889 4459 19119 678 514 423 324 186 18441 14332 4109 697 473 307 243 13635 2202 11433 961 931 670 405 359 10089
is_linear=0
shrinkage=0.03


Tree=94
num_leaves=31
num_cat=0
split_feature=27 6 6 27 13 16 34 16 5 3 3 1 0 23 15 23 3 1 8 16 22 28 8 8 17 1 22 16 23 29
split_gain=38.386 9.23869 9.12087 8.31728 6.4685 6.88284 7.95764 6.6582 11.1117 6.2976 6.14744 8.57508 7.58356 5.7487 7.33262 6.89008 6.07676 5.73982 5.63246 7.69196 7.02697 7.12386 8.46076 5.10782 5.0063 8.10225 6.5439 7.98386 7.16587 8.30316
threshold=0.15921659022569659 1.4499999880790713 7.5499999523162851 0.67204302549362194 -0.52764263749122609 0.34309297800064092 1.8540546298027041 0.26295806467533117 -3.0499999523162837 2.2130494117736821 -0.66851663589477528 5.4500000476837167 3.5000000000000004 1.0930302739143374 -0.21560558676719663 1.8165000677108767 1.2966548800468447 11.84999990463257 2.7196811437606816 0.12272956222295762 0.092831525951623931 -0.86976337432861317 1.0801223516464236 8.8618092536926287 -0.94068780541419972 1.9499999880790713 1.0761857032775881 -0.060821555554866784 -0.77680471539497364 -0.92921787500381459
decision_type=2 8 10 2 2 10 2 10 10 2 2 2 2 2 2 2 2 2 2 10 2 2 2 2 2 2 2 8 2 2
left_child=2 3 -1 -2 5 7 -7 9 23 18 24 -12 -13 14 16 17 -14 -15 19 20 -3 22 -22 -9 -6 26 28 -28 29 -26
right_child=1 4 -4 -5 10 6 -8 8 -10 -11 11 12 13 15 -16 -17 -18 -19 -20 -21 21 -23 -24 -25 25 -27 27 -29 -30 -31
leaf_value=-0.02788773509707532 -0.016558081509547091 -0.014397616551515342 0.010118367496981879 0.022652095885098159 -0.0099830909778183905 -0.028263050490028006 0.025824872316535623 -0.023075496438037361 0.069435342750094886 0.026244760488672473 -0.015740982538020459 -0.0095059097375273811 -0.016154402949817216 -0.0059371938950950063 0.0045798226158120185 -0.016305098005270111 0.0046292532555216185 0.035201465684315536 0.0039988376976978664 0.062085817943175831 -0.014990416576041455 0.010665247799370468 0.072277852886335495 0.026428746316238465 0.041346522306117774 0.019047378593177774 0.072676245802031234 -0.0088585622652482699 -0.013572784635812272 -0.01071010171621475
leaf_weight=47.4051412405679 34.565657826839015 6.2054239711724284 5.927385105052962 4.7516403431072822 11.450615279842166 8.6297065175604057 2.4162768553942433 2.5151473666774109 3.1810885324375686 13.561260296963153 30.594394438900054 52.570037038298324 31.912800342775881 3.604906050139113 168.70912642404437 3.5655739612411699 19.984660687157884 12.530614940915255 205.93937926238868 2.2171737662283695 0.93849812482950001 18.338063032366332 2.9400169402360916 3.0476514501497149 4.6104403998469934 43.885010748170316 1.3053359125042332 1.6738421142799773 22.654830582672734 4.783027425408358
leaf_count=34672 8096 611 278 129 793 229 39 111 89 79 4528 1277 716 176 3184 76 143 140 3904 168 135 1215 186 33 166 1132 75 124 1503 446
internal_value=0.000766091 0.00259002 -0.0235552 -0.0113751 0.00340847 0.00701242 -0.0152698 0.00801825 0.0324486 0.00703845 0.00104651 -0.000891754 0.000707701 0.00297218 0.00154641 0.0180916 -0.00821482 0.0262004 0.00583167 0.0176352 0.0121753 0.0198979 0.052417 0.00394048 0.00791869 0.0106088 -0.000199008 0.0361524 -0.00456987 0.0163598
internal_weight=776.415 723.082 53.3325 39.3173 683.765 269.93 11.046 258.884 8.74389 250.14 413.835 323.472 292.878 240.308 220.607 19.7011 51.8975 16.1355 236.579 30.6392 28.422 22.2166 3.87852 5.5628 90.3631 78.9125 35.0275 2.97918 32.0483 9.39347
internal_count=64453 29503 34950 8225 21278 6799 268 6531 233 6298 14479 10240 5712 4435 4043 392 859 316 6219 2315 2147 1536 321 144 4239 3446 2314 199 2115 612
is_linear=0
shrinkage=0.03


Tree=95
num_leaves=31
num_cat=0
split_feature=27 8 6 11 27 29 15 3 3 3 17 1 14 19 1 0 14 22 23 21 14 11 26 3 0 19 19 22 28 28
split_gain=36.3423 8.57937 6.11521 6.50651 5.47522 6.98772 7.1883 6.08925 5.13076 5.33306 8.31651 8.0401 6.74432 5.8571 7.22916 6.8662 6.52035 6.03513 6.42879 6.37924 5.80588 6.12462 5.26277 5.12481 4.79401 4.57846 5.73562 4.38505 4.24412 4.54056
threshold=0.20483870804309848 15.910190582275392 5.3500001430511483 3.347222208976746 0.4016129076480866 -0.49812626838684076 -0.033570403233170502 -0.50452467799186695 2.2130494117736821 -0.44434191286563868 1.7467666268348696 5.4500000476837167 -1.3305050730705259 -0.92409268021583546 17.44999980926514 3.5000000000000004 -1.2457978725433347 0.7849443554878236 1.8165000677108767 1.2185187339782717 -0.82531791925430287 23.321528434753422 28.539999961853031 -0.96227136254310597 4.5000000000000009 -1.6135034561157224 -1.5090513825416563 0.86262097954750072 0.099822040647268309 0.39827039837837225
decision_type=2 2 8 2 2 2 2 2 2 2 2 2 2 2 2 2 2 2 2 2 2 2 2 2 2 2 2 2 2 2
left_child=1 23 3 -2 -5 28 7 -7 9 25 11 12 -11 14 -13 -15 -17 19 27 -18 21 22 24 -1 -16 -4 -27 -19 -6 -30
right_child=2 -3 8 4 5 6 -8 -9 -10 10 -12 13 -14 15 20 16 17 18 -20 -21 -22 -23 -24 -25 -26 26 -28 -29 29 -31
leaf_value=0.035415602628703163 -0.021693561060843462 0.0073838719386235437 -0.016117874112531037 -0.016791716573519189 -0.0062510985743542396 -0.0010908200563366983 -0.013256982691880914 0.060121001073986664 0.015567422411959162 0.018062470730054916 0.024594515223282438 -0.019250594047187999 -0.025726325773847203 -0.0068841990408488943 0.00092123431037353367 -0.013469898012301456 0.0020838155326149753 0.048816516405179589 -0.018292297664943061 0.022357602312538184 -0.01346959707167 -0.016228336110780162 -0.011919028961586408 -0.027408914326354113 0.026039300299399611 0.041834646131293222 0.0068727172677752711 0.01581708024385186 0.01978242136576432 -0.010034468829336285
leaf_weight=0.3747617854969566 16.663389319204725 7.2925472573842844 6.5540894876467055 16.872794193448499 49.865230783820152 2.038970312802121 2.4996145293116552 3.8772858362644911 25.527946036309004 3.0930967679014456 11.324404509272425 25.688892867648974 17.009956515161321 55.436958676669747 11.040463847108187 15.629038909450172 174.527760341065 3.5121354847215107 3.5841050758026531 14.215483461041002 20.348114372231066 8.3439870961010438 6.4853144772350779 54.250208195764571 17.297898462973535 3.4051096832845351 143.30740907567088 33.337086821440607 12.78620091150515 6.143784843152388
leaf_count=205 5150 111 234 3301 2708 160 258 145 141 169 213 701 1937 900 93 191 2862 55 44 212 196 47 43 38365 139 67 4346 492 544 407
internal_value=-0.00046784 -0.0223218 0.00146557 -0.00498179 -0.00182492 0.00161863 0.0258625 0.0419175 0.00266259 0.00206273 0.000313003 -0.000416672 -0.0184522 0.000559189 -0.00614853 0.00256591 0.00472521 0.00601918 0.0164005 0.00372055 -0.000633163 0.00558557 0.0111194 -0.026349 0.0166184 0.00683437 0.00796189 0.020169 -0.00167523 0.0100873
internal_weight=772.334 61.9175 710.417 110.747 94.0839 77.2111 8.41587 5.91626 599.669 574.141 420.875 409.55 20.1031 389.447 89.2047 300.243 244.806 229.177 40.4333 188.743 63.5158 43.1677 34.8237 54.625 28.3384 153.267 146.713 36.8492 68.7952 18.93
internal_count=64436 38681 25755 12673 7523 4222 563 305 13082 12941 8294 8081 2106 5975 1219 4756 3856 3665 591 3074 518 322 275 38570 232 4647 4413 547 3659 951
is_linear=0
shrinkage=0.03


Tree=96
num_leaves=31
num_cat=0
split_feature=11 1 3 11 15 29 27 27 8 20 0 5 34 3 0 22 20 15 16 6 20 3 28 8 23 3 11 34 11 8
split_gain=37.1158 8.87928 6.63279 6.39 7.28543 9.20689 8.2027 7.36082 6.17572 6.74131 6.3223 7.22349 8.10378 7.59577 10.0752 5.94406 5.78224 5.72614 5.64138 5.54791 5.182 7.45665 6.59362 7.80286 5.68283 5.37162 6.33759 5.14829 7.08457 6.16271
threshold=1.6173610687255862 77.149997711181655 -0.96227136254310597 5.1881945133209237 -1.2053942680358884 -0.32613736391067499 0.29516129195690161 0.2787634432315827 0.16297879815101626 -0.21435096114873883 4.5000000000000009 -18.150000572204586 1.1356409192085268 -0.42554919421672815 2.5000000000000004 1.1601510643959048 1.7138528823852541 0.750198394060135 -0.50971323251724232 9.1500000953674334 0.42729617655277258 0.49803918600082403 -0.35041563212871546 22.381986618041996 0.96580734848976146 0.77453333139419567 18.01249980926514 0.03187824226915837 6.9437499046325692 1.0519810914993288
decision_type=2 2 2 2 2 2 2 2 2 2 2 10 2 2 2 2 2 2 10 10 2 2 2 2 2 2 2 2 2 2
left_child=2 3 15 4 5 -2 -6 -7 9 -5 11 13 18 -10 -15 -1 -8 -18 -13 -9 22 -22 23 24 -14 26 -24 28 -12 -29
right_child=1 -3 -4 8 6 7 16 19 10 -11 27 12 20 14 -16 -17 17 -19 -20 -21 21 -23 25 -25 -26 -27 -28 29 -30 -31
leaf_value=-0.011432786810394842 -0.0082625479409978581 0.019611491623084228 -0.029331011153538086 -0.014819823567370771 -0.024575185309948476 -0.015796556339674767 -0.0052499526305320827 0.08493516734585678 0.025642720404501357 0.066473847443019873 0.056498828454788257 0.010818826736620933 -0.021661211181601348 0.017532703051684067 -0.026778088179823675 0.053416951280133761 0.051482286314181433 -0.016261861820751622 -0.013669167506771352 0.005980806563404808 -0.014852833852636088 0.027061972939073416 -0.0095312282953942222 0.030804252498889986 0.024458229035517375 -0.020787715909479542 0.041883899258220773 -0.018203118176714595 0.0066488449794916442 0.0045362117198490259
leaf_weight=3.5991847388213491 5.3706145342439413 24.548925243318081 40.454755064914934 0.92234597483184222 19.97085049317684 0.95401127345394154 66.688266857760027 2.1065894759958614 14.653008207678797 1.7131338478066016 3.0233506845543143 8.7734232604270783 6.5729046696797031 8.9090907191857713 7.6681077145040026 0.78255594451911736 2.2543602705700319 1.1270357718458397 75.574261646717787 1.2968170423991976 4.4677830573637065 13.421214195899664 5.7479807483032372 8.3214848767966014 2.5758785472717136 17.690741146216169 2.217493156902492 10.051331309136001 7.9776702472008765 402.13183763890993
leaf_count=956 472 137 31279 130 9852 306 5669 144 106 164 125 316 198 73 79 135 131 133 3546 18 165 134 180 55 72 157 33 1135 253 8237
internal_value=0.000587717 0.00223616 -0.0255969 0.00160168 -0.00539532 0.018092 -0.00810376 0.0460537 0.00276751 0.0417726 0.00252687 -0.0022323 -0.00505213 0.0106423 -0.00332147 0.00792257 -0.00312943 0.0303447 -0.0110251 0.0630411 0.00324958 0.0163616 -0.00243687 0.0114001 -0.0075456 -0.0119332 0.00785732 0.00451344 0.0239151 0.00393899
internal_weight=771.567 726.731 44.8365 702.182 99.7685 9.72803 90.0405 4.35742 602.413 2.63548 599.778 176.593 145.363 31.2302 16.5772 4.38174 70.0697 3.3814 84.3477 3.40341 61.0155 17.889 43.1265 17.4703 9.14878 25.6562 7.96547 423.184 11.001 412.183
internal_count=64390 32020 32370 31883 16725 940 15785 468 15158 294 14864 5114 4856 258 152 1091 5933 264 3862 162 994 299 695 325 270 370 213 9750 378 9372
is_linear=0
shrinkage=0.03


Tree=97
num_leaves=31
num_cat=0
split_feature=11 1 8 15 12 17 12 13 20 8 6 34 11 20 6 34 8 28 28 28 20 28 3 17 5 5 1 28 34 17
split_gain=35.932 8.5001 6.2221 6.16677 7.09369 9.83164 7.40061 8.64712 5.55173 6.28281 6.56659 5.60697 6.60683 8.60488 5.52774 5.52757 4.97606 11.1313 7.9359 6.68587 6.01358 5.96019 7.9695 5.01863 4.89222 6.58158 4.63863 4.54381 4.51122 5.53393
threshold=1.9590277671813967 77.149997711181655 6.0625901222229013 0.32879470288753515 -7.140972137451171 0.26596271991729742 -9.3472223281860334 0.41010546684265142 -1.8967386484146116 1.6812690496444704 3.6499999761581425 0.028820266015827659 5.859027862548829 -0.081658203154802309 13.150000095367433 0.078810106962919249 2.6854547262191777 -0.86976337432861317 -0.92923668026924122 0.31799963116645819 -0.070313747972249971 -0.15101210027933118 -0.39822885394096369 0.79554539918899547 -6.4500000476837149 -3.8500000238418575 3.3500000238418584 -0.35041563212871546 0.090334251523017897 -0.18330636620521543
decision_type=2 2 2 2 2 2 2 2 2 2 8 2 2 2 8 2 2 2 2 2 2 2 2 2 10 8 2 2 2 2
left_child=2 3 -1 8 5 6 27 -8 -2 10 -10 12 13 -11 -6 24 17 18 -17 21 -18 23 -23 26 -13 -26 -19 -5 29 -16
right_child=1 -3 -4 4 14 -7 7 -9 9 11 -12 15 -14 -15 28 16 20 19 -20 -21 -22 22 -24 -25 25 -27 -28 -29 -30 -31
leaf_value=-0.026588577644175358 0.018979491214326741 0.019296092165473844 0.01207108505174574 0.027854099514902666 -0.015408062234700598 -0.015252049876405703 -0.015284176303255284 0.070021478848958749 -0.025852406297056079 0.070561294015198339 -0.00041980087430544365 -0.018592479454063594 0.005704160846849343 -0.008841898320840284 0.03958728202682895 0.005912026125086246 -0.00067594239441127807 -0.020108649042976958 0.099273661172375974 -0.020786664829443673 0.0065507989187019158 0.057796924582307216 -0.005225052564942421 -0.024275101593337425 0.047926864996380179 -0.0050247716921843133 0.026675462860040345 -0.01712984549631982 -0.0039034178126186566 -0.01114723006015066
leaf_weight=47.207558579626493 18.026169327553362 24.118955448269844 3.5010557334171599 3.0125375057104984 38.678078637924045 6.0100083898287258 0.96107839571777809 4.0064995624125004 12.579281414044088 3.0344414679566389 28.03323161159642 18.533843462588269 9.5245043806498852 1.4745572368847204 3.8554377625696361 1.4848872992442923 210.09407300071325 1.7860365599626726 1.2936704515013868 4.7550574149936429 203.18163257802371 4.2198904587421566 2.5252080246573305 3.3814419475384057 1.6295247046509755 10.018451712094246 6.0838834487367421 3.1299945798236877 96.031693905941211 2.6265635539311907
leaf_count=34423 626 135 583 164 4675 262 73 231 4188 144 2825 410 258 153 249 282 4743 170 98 523 4489 164 264 206 51 571 313 178 2725 157
internal_value=0.000424433 0.00214692 -0.0237376 0.00152933 -0.0036635 0.0140557 0.02986 0.0537218 0.003051 0.00246752 -0.00872923 0.00342504 0.021474 0.047703 -0.00589577 0.00284042 0.00370046 0.0163068 0.0641493 0.0080091 0.00288423 0.0163113 0.0365746 0.00216976 -0.0093812 0.00558664 0.014988 0.00574298 -0.00219264 0.020287
internal_weight=774.799 724.091 50.7086 699.972 158.312 17.1201 11.1101 4.96758 541.66 523.634 40.6125 483.021 14.0335 4.509 141.192 468.988 438.806 25.5301 2.77856 22.7515 413.276 17.9965 6.7451 11.2514 30.1818 11.648 7.86992 6.14253 102.514 6.482
internal_count=64333 29327 35006 29192 8714 908 646 304 20478 19852 7013 12839 555 297 7806 12284 11252 2020 380 1640 9232 1117 428 689 1032 622 483 342 3131 406
is_linear=0
shrinkage=0.03


Tree=98
num_leaves=31
num_cat=0
split_feature=11 5 11 5 1 3 15 0 34 30 1 23 22 34 31 15 23 21 22 22 23 16 21 22 5 5 34 8 31 3
split_gain=35.1163 7.42044 7.19956 9.39617 11.8782 10.172 6.63507 6.49523 6.20841 5.94994 5.84825 8.44802 6.33884 6.68008 6.08704 5.60974 5.83488 8.35356 9.49413 12.8311 5.47456 8.06158 5.81217 6.02116 5.35127 7.60402 5.34958 5.233 5.20282 8.71602
threshold=1.6763888597488406 -12.550000190734862 12.076388835906984 -3.5499999523162837 4.2500000000000009 -1.1750870943069456 -1.1921226382255552 4.5000000000000009 0.62372469902038585 1.0000000180025095e-35 0.35000000894069677 0.19096595048904422 0.25221787393093115 0.13311778753995898 450.24514770507818 1.0838180780410769 0.10853381454944612 0.3631498664617539 -0.46292546391487116 -1.0462977290153501 1.4174914956092837 0.27316945791244512 -0.6559956669807433 1.2579342126846316 -5.5499999523162833 -8.7499999999999982 5.2168869972229013 4.3332049846649179 69.993082046508803 0.45508854091167456
decision_type=2 8 2 8 2 2 2 2 2 2 2 2 2 2 2 2 2 2 2 2 2 10 2 2 8 10 2 2 2 2
left_child=1 -1 3 6 -5 -6 -2 8 28 -9 11 27 -12 -14 24 16 17 -7 19 -19 22 -22 23 -18 25 -15 -24 -8 29 -4
right_child=2 -3 7 4 5 15 10 9 -10 -11 12 -13 13 14 -16 -17 20 18 -20 -21 21 -23 26 -25 -26 -27 -28 -29 -30 -31
leaf_value=0.021173712881246188 0.02498694479819644 -0.028666517004956493 0.031959781930346667 -0.014225764116516673 0.050910631975194916 0.0010522820442653677 0.0099351585876017289 0.029004918857287367 0.0047110128225273966 0.0065217629922070157 -0.0055447749816980099 -0.0057498077383035407 -0.013085457177478641 0.025570458891935009 0.00012781886049656688 -0.021973716041000475 -0.0057869992395608574 0.0051668894049234342 0.0043662586944617577 0.086958766579752461 0.00082106495364738668 0.05362980964722034 -0.013486315502962141 0.045952930574524688 0.062473138930122657 -0.023308839639570401 0.017703894108406056 0.083635184461313988 -0.020313940431257324 -0.012681523337497516
leaf_weight=2.1675470718182623 13.500907241832463 42.174568385817111 4.8419609704287714 75.264485187712125 2.4111084397882214 90.979434581357054 1.7642301502637558 10.301740843337027 53.667388193542138 204.00751732394565 54.088618205627427 3.3502022521570325 8.5548473920207453 16.326772629981861 14.423997326404786 10.207109058625063 4.4882253147661677 3.3324635063763708 9.9297093341592682 2.909127464983615 19.95938051247504 1.997314572916365 69.208639942458831 2.4219280153047293 2.1763531949836787 2.6184508198639405 4.4767584756482384 1.5927694344427434 21.515706097241491 11.084355733357368
leaf_count=47 235 32931 123 15894 23 3321 92 170 675 2723 1799 96 207 284 398 535 255 70 463 132 578 75 2229 71 138 128 83 44 651 75
internal_value=-0.000207427 -0.025817 0.00140026 -0.00116763 -0.00400939 -0.000502531 0.00594877 0.00489015 -0.00180638 0.00773221 0.00328561 0.0284535 0.00129688 0.00962497 0.0152992 -0.00129414 -0.000188064 0.00468632 0.0238794 0.050033 -0.00527709 0.00775174 -0.00887804 0.0158641 0.0251857 0.0179848 -0.0113797 0.0560729 -0.0110276 0.00197679
internal_weight=765.744 44.3421 721.402 415.983 297.586 222.321 118.397 305.419 91.1094 214.309 104.896 6.7072 98.189 44.1004 35.5456 219.91 209.703 107.151 16.1713 6.24159 102.552 21.9567 80.5956 6.91015 21.1216 18.9452 73.6854 3.357 37.442 15.9263
internal_count=64545 32978 31567 27150 23729 7835 3421 4417 1524 2893 3186 232 2954 1155 948 7812 7277 3986 665 202 3291 653 2638 326 550 412 2312 136 849 198
is_linear=0
shrinkage=0.03


Tree=99
num_leaves=31
num_cat=0
split_feature=27 6 12 24 31 8 27 8 14 12 16 11 11 22 16 14 6 16 30 24 34 3 21 3 17 1 28 22 23 22
split_gain=36.2002 12.0321 8.77904 10.0537 5.65245 5.43538 11.1312 8.80201 7.3207 6.16823 5.55698 5.88221 7.9239 5.4783 6.09994 4.72324 4.6845 5.11537 8.06254 4.59301 4.53517 4.13871 4.53173 4.06376 4.00135 3.81535 3.79566 3.74941 6.16162 4.60888
threshold=0.21317204087972644 6.7500000000000009 26.264583587646488 1.1780070066452029 299.94718933105474 1.4548750519752505 0.55725806951522838 1.7511898279190066 -0.75553789734840382 -2.0354166030883785 0.27316945791244512 18.01249980926514 5.2708334922790536 0.72134152054786693 -0.28443275392055506 -0.25639854371547693 70.350002288818374 -0.18295824527740476 2.5000000000000004 0.053206229582428939 0.17637304216623309 -0.50452467799186695 1.0251428484916689 1.2401131987571719 -0.058642078191041939 2.5499999523162846 -0.39036798477172846 -0.97682693600654591 -1.6227592229843137 -1.0161712169647215
decision_type=2 10 2 2 2 2 2 2 2 2 8 2 2 2 10 2 8 10 2 2 2 2 2 2 2 2 2 2 2 2
left_child=1 -1 5 16 -3 6 8 10 9 -2 11 12 20 -11 -15 24 17 18 -4 -18 -7 25 -23 -21 -6 -14 -8 28 -9 -30
right_child=2 4 3 -5 15 7 26 27 -10 13 -12 -13 21 14 -16 -17 19 -19 -20 23 -22 22 -24 -25 -26 -27 -28 -29 29 -31
leaf_value=-0.027114232947013987 -0.014009548586627016 -0.023639472919242233 -0.024445550689219657 0.023771670932452024 0.066489558796582526 0.03248444922010639 0.0349572537444219 -0.023694220934154804 -0.026850170622753834 -0.0077412431330273826 -0.012679209301585092 -0.018062937978546887 0.014550484099417074 -0.011127456802849196 0.082982808149856022 -0.011292853054290727 0.024604042150337336 0.0055117410777842874 0.0080355165558379446 -0.0089394046793752277 -0.020711255417899622 -0.0087318218883038947 0.055880788172299821 0.011571170133941641 0.011602693610936105 0.10091968561690365 0.0019040225737130447 -0.00014431740136071209 0.0081854828286034992 0.043760001617181972
leaf_weight=51.33012273942586 5.6719059387687594 2.5988146534655225 14.733956918120384 30.536316107958555 1.4212826208677141 1.7962459813570588 3.8897052241954944 4.2100956419017157 23.604033249081112 1.5694578957045435 2.3049830071395254 1.1550777836237092 1.0014103422872724 0.57785829284694035 1.1067186871077863 2.2001476360019296 15.944919757544993 53.358791299164295 11.53573040664196 11.318011999130247 2.0223017659736797 1.7457358215469869 0.71985895186662663 29.472626499831676 3.4464704025303945 1.9457018696703015 9.0203813384287042 418.23360768600833 53.102634795242921 2.5876820679986841
leaf_count=39070 594 140 78 163 48 175 144 182 5236 296 274 27 94 131 144 154 78 270 57 48 315 135 29 158 147 75 304 13741 2141 95
internal_value=0.000565106 -0.0214128 0.0024993 0.00848593 0.00856573 0.000623772 -0.00918841 0.00154901 -0.0183931 0.00442303 0.0252671 0.0340623 0.0417125 0.0322924 0.0585805 0.0218697 0.00491482 0.000194936 -0.0104106 0.0114211 0.00586045 0.0621473 0.0208137 0.00580245 0.0362287 0.0826936 0.0136599 0.000868027 0.00782267 0.0105812
internal_weight=764.163 60.9968 703.166 166.9 9.66672 536.265 45.4401 490.825 32.53 8.92594 12.6913 10.3863 9.23125 3.25403 1.68458 7.0679 136.364 79.6285 26.2697 56.7356 3.81855 5.41271 2.46559 40.7906 4.86775 2.94711 12.9101 478.134 59.9004 55.6903
internal_count=64543 39559 24984 852 489 24132 6849 17283 6401 1165 1124 850 823 571 275 349 689 405 135 284 490 333 164 206 195 169 448 16159 2418 2236
is_linear=0
shrinkage=0.03


Tree=100
num_leaves=31
num_cat=0
split_feature=11 3 8 18 23 6 20 6 1 3 8 0 5 17 17 8 8 6 6 8 28 28 12 6 3 20 24 5 34 12
split_gain=30.456 8.6595 6.14294 10.3075 6.04865 5.75229 4.32519 3.78657 3.61703 3.58465 6.56696 5.18118 6.20173 5.05567 4.90275 3.82697 3.58297 8.0755 6.75494 6.62077 7.71772 11.6732 6.48986 5.14594 11.7802 9.25419 9.69985 7.70058 6.93895 6.00197
threshold=1.9590277671813967 -0.96227136254310597 1.2516648769378664 1.4950000047683718 1.7271797657012942 90.500000000000014 -0.76085427403450001 27.349999427795414 9.9499998092651385 2.2130494117736821 25.264962196350101 1.5000000000000002 -6.3500001430511466 1.345591187477112 0.44902187585830694 4.1192636489868173 1.76847380399704 3.3500000238418584 4.5499999523162851 3.6842002868652348 -0.86976337432861317 -0.91597726941108693 0.79444444179534923 5.8500001430511483 -1.7794376611709593 0.28463459014892584 0.017740244977176193 -5.3500001430511466 2.7812663316726689 0.017361111473292116
decision_type=2 2 2 2 2 10 2 10 2 2 2 2 10 2 2 2 2 8 8 2 2 2 2 8 2 2 2 10 2 2
left_child=1 4 3 6 -1 9 -2 8 -5 11 14 12 15 -14 -11 -4 17 -13 -19 20 21 -18 -23 24 -21 27 -27 -26 29 -28
right_child=2 -3 5 7 -6 -7 -8 -9 -10 10 -12 16 13 -15 -16 -17 19 18 -20 23 -22 22 -24 -25 25 26 28 -29 -30 -31
leaf_value=-0.0051515242583220679 -0.010924451113705113 -0.027929189793059306 0.030997548289552684 -0.021618248268020123 0.059178834624265264 0.026269413359235348 0.037357235780516744 0.013966305260083698 0.014241899323102497 0.010585338498406739 0.022176664437704663 -0.018880043157400137 -0.022046037186042509 0.013232267808744681 -0.026249004554750564 -0.0023675311931410053 -0.0062144685000583861 0.078249192788639996 0.016114005211151378 0.050361707002122766 -0.010586687778015377 0.087659980014556604 -0.010650707606519054 0.0018484177221231969 0.046638794592143415 -0.012394433920606469 0.015562682067683364 -0.0061727533641478911 -0.022865280599227145 0.052704841972787644
leaf_weight=6.269450021442025 1.8742336009163407 40.82909858378116 3.3550673779100171 29.594350542523902 0.62373885523993511 7.9887278713285914 4.4100853695999822 2.7750923894345751 2.0831396905705324 6.5236178272170964 19.345746546983719 4.2632071011466932 22.929750449024144 3.6280219065956762 4.8022791024995968 10.25672242627479 5.0284422759432346 0.93487409106455466 14.499864768818952 5.1612294157966963 59.25550116924569 1.5266826704610132 0.53432202956173558 445.77120942180045 1.6669230414554466 5.5381948724389103 8.6250699474476331 35.955877881147899 1.328306269366293 8.5951586220180598
leaf_count=1328 75 33605 59 8349 58 48 125 30 63 59 102 1075 1202 127 65 146 752 103 1103 167 4483 168 65 7075 49 473 604 2319 45 322
internal_value=0.000180194 -0.0227742 0.00173488 -0.00944143 0.00742947 0.0024198 0.0234348 -0.0159301 -0.0188964 0.00209648 0.0119519 0.00160537 -0.00869504 -0.0169214 -0.00589523 0.00741496 0.00230984 0.014581 0.0244097 0.00186794 -0.0069823 0.0207287 0.0670196 0.00302468 0.010723 0.00665754 0.0207771 -0.00268591 0.0308087 0.0359767
internal_weight=765.974 47.7223 718.252 40.7369 6.89319 677.515 6.28432 34.4526 31.6775 669.526 30.6716 638.854 40.1696 26.5578 11.3259 13.6118 598.685 19.6979 15.4347 578.987 66.3449 7.08945 2.061 512.642 66.8708 61.7095 24.0867 37.6228 18.5485 17.2202
internal_count=64244 34991 29253 8642 1386 20611 200 8442 8412 20563 226 20337 1534 1329 124 205 18803 2281 1206 16522 5468 985 233 11054 3979 3812 1444 2368 971 926
is_linear=0
shrinkage=0.03


Tree=101
num_leaves=31
num_cat=0
split_feature=27 6 8 6 17 17 15 23 3 3 2 29 21 17 16 29 6 15 25 27 17 31 6 20 20 31 24 3 8 21
split_gain=28.2094 10.3245 7.83544 7.01769 6.02484 11.5147 6.06358 6.01531 8.35956 8.37091 6.61943 10.2376 5.92538 5.87474 12.2283 5.88289 5.84396 14.2378 11.3713 7.32971 7.2351 7.58203 5.82967 5.66312 10.1241 8.80885 7.10682 5.5371 6.8243 5.96535
threshold=0.15921659022569659 6.7500000000000009 52.641929626464851 3.1499999761581425 0.35637857019901281 0.15348152816295627 -0.020547470077872273 1.3002636432647707 -0.44955916702747339 0.95943397283554088 3.2523087263107304 -0.97874867916107167 0.0098667740821838396 0.2245462164282799 -0.078102700412273393 -0.54940786957740773 8.7500000000000018 -0.56859552860259999 0.3339874148368836 0.40994623303413397 1.288691580295563 299.72370910644537 50.750000000000007 -0.5740392506122588 0.072232715785503401 299.72370910644537 0.14453790336847308 0.30047854781150823 30.647702217102054 0.34392882883548742
decision_type=2 10 2 8 2 2 2 2 2 2 2 2 2 2 10 2 8 2 2 2 2 2 8 2 2 2 2 2 2 2
left_child=1 -1 3 27 5 7 16 10 -9 -10 -5 12 -12 -7 -15 -16 17 -6 20 -18 21 -19 -4 -13 -25 -26 -27 28 -2 -29
right_child=2 -3 22 4 6 13 -8 8 9 -11 11 23 -14 14 15 -17 19 18 -20 -21 -22 -23 -24 24 25 26 -28 29 -30 -31
leaf_value=-0.028196972894508288 -0.014690770500385799 0.01230216839539352 -0.0017892121287492845 -0.0037295497329339726 -0.0042732764768549994 0.032171353540924465 -0.0084515357763989482 0.035847081906535183 -0.013051578626856592 0.021574063917005538 0.004559188238515686 0.00091525262076534014 -0.023560495161823285 -0.011464737699915741 0.032846298892577015 -0.0066133849196901556 0.011242722092220743 0.054974519185456386 0.084391680597088015 -0.003915141066140616 -0.022041263694820144 0.002621109416085554 0.030866408966829264 0.030651213994946736 -0.013033261168915415 0.032981723672073408 -0.0014168342305705705 0.023747034132630157 0.029181423487955053 -0.012036904086506097
leaf_weight=39.535868654143997 53.820453448803164 6.0052133924327782 7.4768835771828916 139.12332304287702 18.958484262228012 16.260199806769378 77.458182988222688 9.8699156914371979 12.070789111196065 11.143950550234875 12.065844602882864 35.165704321116209 13.542085841298102 13.42728020052891 15.274858319666235 3.9209792295005199 34.970000049564987 4.3189348836895061 2.3397099860012522 141.35661042016 2.3232776266522697 4.8785960448440164 12.821507446467875 24.038867067545652 13.404128271620719 10.811318114399912 9.821061082184313 8.2272864818805811 2.4752148437546557 6.8350180711131534
leaf_count=34604 10944 315 63 7368 770 391 2144 269 402 121 68 228 77 340 273 204 1557 127 45 1889 111 251 86 145 83 63 57 746 119 451
internal_value=-7.19548e-05 -0.022707 0.00139291 0.000844652 0.00186355 0.00455909 -0.00133836 0.00226831 0.0141135 0.00377456 0.000700537 0.0058742 -0.0106378 0.0178798 0.0100116 0.0248578 0.00132373 0.0127479 0.0347504 -0.000862507 0.018734 0.0301852 0.0193185 0.0104738 0.0161483 0.00532283 0.0172993 -0.0080037 -0.0122861 0.00777045
internal_weight=763.742 45.5411 718.2 697.902 626.544 339.94 286.604 291.057 33.0847 23.2147 257.972 118.849 25.6079 48.8833 32.6231 19.1958 209.146 32.819 13.8605 176.327 11.5208 9.19753 20.2984 93.2411 58.0754 34.0365 20.6324 71.358 56.2957 15.0623
internal_count=64311 34919 29392 29243 16983 10089 6894 8881 792 523 8089 721 145 1208 817 477 4750 1304 534 3446 489 378 149 576 348 203 120 12260 11063 1197
is_linear=0
shrinkage=0.03


Tree=102
num_leaves=31
num_cat=0
split_feature=27 1 28 28 21 34 21 12 34 6 15 16 1 3 13 5 27 17 1 17 3 24 0 3 20 14 16 5 17 6
split_gain=26.8852 8.34938 6.41142 6.05267 10.1311 9.67818 7.34205 8.92635 6.12155 6.03624 5.51748 5.10355 5.63236 6.81294 5.99129 5.08359 5.39338 4.95138 6.0907 4.9564 8.14787 7.31767 6.62087 6.49709 6.71149 6.64116 5.59741 5.26133 5.14355 4.91417
threshold=0.13118279725313189 7.6499998569488534 -0.96689236164093006 -0.87812310457229603 0.0098667740821838396 0.55477154254913341 0.83084419369697582 -1.1118055582046507 1.9392681717872622 102.54999923706056 -1.1921226382255552 -0.50971323251724232 2.2500000000000004 -1.0434936881065366 -0.38928563892841334 -2.3500000238418575 0.5900537669658662 1.5163313746452334 17.250000000000004 0.34307795763015753 1.4983282685279848 0.48650242388248449 3.5000000000000004 0.41369783878326422 0.95620930194854747 -1.9872805476188657 -0.10193632543087004 2.2500000000000004 -0.12607139348983762 18.44999980926514
decision_type=2 2 2 2 2 2 2 2 2 10 2 8 2 2 2 10 2 2 2 2 2 2 2 2 2 2 10 10 2 10
left_child=1 -1 -2 4 -4 6 7 -6 -7 11 -8 -5 29 14 -14 16 -16 19 -19 20 22 27 -15 24 -21 -25 -27 -22 -29 -13
right_child=2 -3 3 9 5 8 10 -9 -10 -11 -12 12 13 17 15 -17 -18 18 -20 23 21 -23 -24 25 -26 26 -28 28 -30 -31
leaf_value=-0.027620927899479144 -0.017643203948693637 0.016162774680519645 -0.0030509318509814574 0.010178598072951206 0.0021584605266516642 -0.018745751667384347 0.047204337479544771 0.080807282223543817 0.032120868620765047 0.027714814166913172 -0.007310486633200621 -0.0097872550917626096 -0.002052172341319334 -0.011042002952421717 0.059961024837982532 -0.013300107157941882 0.019291318732469642 -0.0023682062052302029 0.023813869737776456 0.0071389068256306745 0.015218789120818685 0.026634733369250624 0.0024988681252982397 0.022268582943209873 -0.015493413856246325 -0.01781929171017933 -0.0039531665157462471 -0.015901404905867278 0.01496172739003006 0.0091231930008964946
leaf_weight=35.345740659860894 13.520531889400443 3.7388409673003471 16.254706884617917 55.46555027004797 1.7370021761162213 4.6944090569159007 1.71093599346932 4.901923905359582 2.4011490753619 7.0328225195407859 3.7859624170232564 68.673101986641996 12.537329068873076 38.827340616378933 3.2081396649591651 2.4158095603343126 16.704222145024687 13.976820728043096 17.184365282766521 64.99058822565712 20.18642438587267 20.29728534782771 175.6104788496159 5.2462394809117532 13.386179014923981 44.121554847341031 64.318519741646014 13.831855925265701 6.3080511840526006 14.208542748354374
leaf_count=32338 3011 300 1384 1792 315 364 50 231 66 41 348 10373 195 1714 99 171 228 552 134 2141 138 147 5691 58 602 704 1031 115 54 131
internal_value=0.000787341 -0.0231338 0.00210242 0.00250047 0.0144073 0.0285847 0.0438348 0.063206 0.000309044 0.00185748 0.0143115 0.00154586 0.000753356 0.00188711 0.0145168 0.0235094 0.0283977 0.0009761 0.0123619 0.000191789 0.00277013 0.0123844 7.20711e-06 -0.00349598 0.00312698 -0.00804938 -0.00970622 0.00474093 -0.00598424 -0.00647529
internal_weight=766.622 39.0846 727.538 714.017 35.4861 19.2314 12.1358 6.63893 7.09556 678.531 5.4969 671.498 616.033 533.151 34.8655 22.3282 19.9124 498.286 31.1612 467.125 275.061 60.6236 214.438 192.063 78.3768 113.686 108.44 40.3263 20.1399 82.8816
internal_count=64518 32638 31880 28869 2758 1374 944 546 430 26111 398 26070 24278 13774 693 498 327 13081 686 12395 7859 454 7405 4536 2743 1793 1735 307 169 10504
is_linear=0
shrinkage=0.03


Tree=103
num_leaves=31
num_cat=0
split_feature=11 6 18 8 6 21 23 6 21 13 6 21 27 11 34 6 13 34 13 14 11 6 19 18 25 19 5 1 1 3
split_gain=31.8867 8.14039 9.1934 5.85969 5.64296 4.44875 9.25588 3.57818 3.52694 5.60878 6.4866 4.79944 4.75045 4.49911 3.67913 6.29129 7.61614 6.1198 5.76899 4.88765 5.07537 4.77685 11.7888 4.15045 6.92972 3.78609 4.83211 3.66584 3.64276 6.08297
threshold=1.5881944298744204 1.4499999880790713 4.6400001049041757 3.8126978874206547 60.350000381469734 0.30892312526702886 0.63614493608474743 12.650000095367433 1.8471214771270754 -1.0989332199096677 4.6499998569488534 1.5750658512115481 0.53279572725296032 5.1881945133209237 0.042854933068156249 3.8500000238418584 0.13712424039840701 0.078636791557073607 0.7635992467403413 1.0887163281440737 14.681944370269777 1.7500000000000002 -0.048580611124634736 0.30500000715255743 0.18503890931606296 -2.0071346759796138 -18.150000572204586 4.4500000476837167 36.049999237060554 -0.51534506678581227
decision_type=2 8 2 2 10 2 2 10 2 2 10 2 2 2 2 10 2 2 2 2 2 8 2 2 2 2 10 2 2 2
left_child=7 2 3 -2 8 -5 -7 -1 11 10 12 14 -10 -13 15 18 23 19 -3 20 -16 22 27 -17 -25 26 -23 -19 29 -27
right_child=1 4 -4 5 -6 6 -8 -9 9 -11 -12 13 -14 -15 17 16 -18 21 -20 -21 -22 25 -24 24 -26 28 -28 -29 -30 -31
leaf_value=-0.027624680034438426 -0.018661839789344489 -0.014098622860913594 -0.022287147784076478 -0.0027182248161633964 0.01640444145102285 0.072765237236318808 -0.00094679446994036759 0.011511116914678892 -0.010361569741686031 -0.02460425658688898 -0.014518169861598977 -0.015534378590081551 0.037007273101770162 0.020805368780014356 -0.027336647548592628 0.012838785614411664 -0.011268400853424959 0.0079609115849134052 0.028473664463293236 0.020046911096985028 0.0033600372984232659 0.051064581046361295 -0.017003243304468892 0.0051883063276841205 0.073226733160138821 0.0060850609452965786 -0.0081155573683420589 0.073421783397600193 0.0058478267526742185 -0.0020194012241480271
leaf_weight=36.085925314459018 4.0917680163402101 9.325117119355129 23.328829053323716 4.0451136913616192 26.39730566740036 2.167965792468749 2.9218778646318242 1.7037468398921181 2.2813344175228867 10.027516859350724 7.9398282347247005 2.8267267757328254 4.883276890963316 20.646634902921505 14.210665689082822 4.68271222617477 3.2373938333475953 1.3528086062287914 2.9706966237863517 2.7427591778105116 6.8204994304105631 2.1231904724845667 2.8098791777156285 2.103125527035445 3.7720106680644676 118.62589544628281 1.6638134896056715 2.3133351447759196 155.95249202474952 273.90156312310137
leaf_count=32168 471 927 8295 197 158 102 131 38 159 329 112 304 51 392 962 61 108 286 248 185 92 86 448 67 87 4512 78 90 771 12476
internal_value=0.000889255 0.00231329 -0.011294 0.0082991 0.00305636 0.0210253 0.0372431 -0.025609 0.00249612 -0.00831892 0.00334903 0.0029386 0.0225025 0.0159733 0.00241049 0.0132235 0.0264105 0.00190434 -0.0024451 -0.0126948 -0.0176809 0.00254708 0.0263805 0.0379394 0.0531682 0.00222043 0.0288001 0.0561495 0.00198483 0.000439091
internal_weight=757.956 720.166 36.5556 13.2267 683.611 9.13496 5.08984 37.7897 657.213 25.132 15.1044 632.081 7.16461 23.4734 608.608 26.0911 13.7952 582.517 12.2958 23.7739 21.0312 558.743 6.47602 10.5578 5.87514 552.267 3.787 3.66614 548.48 392.527
internal_count=64391 32185 9196 901 22989 430 233 32206 22831 651 322 22180 210 696 21484 1498 323 19986 1175 1239 1054 18747 824 215 154 17923 164 376 17759 16988
is_linear=0
shrinkage=0.03


Tree=104
num_leaves=31
num_cat=0
split_feature=11 6 18 8 0 5 8 17 5 34 34 5 8 28 23 8 27 22 15 15 23 8 28 20 1 20 20 22 8 31
split_gain=28.3345 13.2927 7.13102 6.96595 6.34803 7.34994 11.8366 6.33578 5.63454 5.29355 6.80621 7.96265 6.31631 6.31342 5.22604 4.93348 9.66192 6.26859 4.81475 4.83141 3.95674 3.66253 10.9299 9.94275 6.96575 8.4193 6.05586 6.04725 5.90975 5.56668
threshold=2.4291666746139531 12.650000095367433 5.5650000572204599 43.866336822509773 1.5000000000000002 -6.1499998569488517 4.1192636489868173 0.56130465865135204 1.2500000000000002 0.033383056521415717 0.024989231489598755 -2.2499999999999996 8.6739072799682635 -0.67803022265434254 1.6525260806083681 1.2516648769378664 0.55725806951522838 -0.42592914402484888 -0.55111354589462269 -0.10950152575969695 -0.3259905725717544 2.6854547262191777 -0.86976337432861317 0.20277765393257144 7.2500000000000009 0.010227426420897247 -0.5740392506122588 -0.57819834351539601 3.6842002868652348 424.81584167480474
decision_type=2 10 2 2 2 10 2 2 10 2 2 8 2 2 2 2 2 2 2 2 2 2 2 2 2 2 2 2 2 2
left_child=1 2 8 4 5 6 7 -2 -1 10 13 -12 -13 20 15 16 -11 -18 -5 -20 -6 22 23 27 -24 26 -26 -17 29 -23
right_child=3 -3 -4 18 9 -7 -8 -9 -10 14 11 12 -14 -15 -16 21 17 -19 19 -21 -22 28 24 -25 25 -27 -28 -29 -30 -31
leaf_value=-0.0097798721488486662 0.003230971129333913 0.022379154360107113 -0.029370760995941658 0.025635338044640899 -0.0069788754387458043 -0.019680216692198087 -0.017649859753763687 0.059662376938405592 0.05068960378173349 -0.020685599082030742 0.061519222211354564 -0.022177846589162008 0.045002782433569179 -0.009659643004349544 -0.0084334619546973019 -0.010500234175004553 -0.02047769915355923 0.036195571259830715 -0.011986885133414263 0.015685382701323618 0.046892246715480181 -0.00055157195701379346 -0.0016818033324025768 -0.016582371916208757 0.010661076139331255 -0.0036641747142169018 0.07795193876365146 0.08095832014118487 0.0028382333710266954 -0.028409720882247403
leaf_weight=4.6948732405435285 3.4463783723767829 5.1066186991520217 43.085755775799043 17.032220321474597 1.4802712703822178 25.393557667382993 7.6181952513288707 3.0219541529659182 0.84727113042026747 19.434824220021259 4.0346595904557034 2.5517077047843482 0.95349009067285795 10.178555862046778 43.962621716200374 0.51833440817426923 1.7953615456353871 4.5767868759576222 8.7652924153953808 12.70442353794351 2.7496557778213182 16.368633993784901 31.81396748998668 1.2040810862090436 2.4893622985109687 4.3928493761923164 2.2678337167017144 3.2474229913204899 464.26500412810128 9.7034032739466038
leaf_count=894 70 101 37121 137 126 1946 135 42 105 4882 99 453 28 653 1366 89 81 117 64 98 161 1226 3090 283 76 155 69 320 9575 752
internal_value=0.000328744 -0.0204666 -0.0253263 0.00193828 0.00121193 -0.0103067 0.00677529 0.0340538 0.00579967 0.00195132 0.0160975 0.0373392 0.00202949 0.00327997 0.00141332 0.0021971 -0.0103739 0.019616 0.0141807 0.00435714 0.0303102 0.00282023 0.0108314 0.0488074 0.0051708 0.0268151 0.0507077 0.0688078 0.00204924 -0.0115862
internal_weight=759.705 53.7345 48.6279 705.971 667.469 39.4801 14.0865 6.46833 5.54214 627.989 21.9483 7.53986 3.5052 14.4085 606.04 562.078 25.807 6.37215 38.5019 21.4697 4.22993 536.271 45.9339 4.96984 40.964 9.15005 4.7572 3.76576 490.337 26.072
internal_count=64314 38221 38120 26093 25794 2193 247 112 999 23601 1520 580 481 940 22081 20715 5080 198 299 162 287 15635 4082 692 3390 300 145 409 11553 1978
is_linear=0
shrinkage=0.03


Tree=105
num_leaves=31
num_cat=0
split_feature=11 5 15 27 8 3 19 19 12 5 24 11 30 21 18 4 8 1 25 14 19 25 5 14 33 11 30 24 33 28
split_gain=30.2719 13.8194 4.29536 6.04573 10.3917 5.23644 6.2842 4.3949 4.72608 6.73792 5.91957 4.28219 6.051 6.93573 6.35353 6.8024 4.62006 4.03742 3.71091 3.47267 8.05874 6.11913 16.4208 4.49892 4.13053 4.02837 8.17629 3.59255 7.53304 4.78795
threshold=2.3881944417953496 -12.550000190734862 -1.1623358726501463 0.31962364912033087 25.264962196350101 1.9607543349266054 -1.5792973637580869 -1.4799364209175108 26.264583587646488 5.9500000476837167 0.70641738176345836 7.6812500953674325 1.0000000180025095e-35 0.89025330543518078 7.7650001049041757 -0.94999998807907093 38.638763427734382 6.8500001430511483 0.25865717232227331 1.321355998516083 1.5948543548583987 0.24141756445169452 -5.4500000476837149 1.2431860566139223 4.1271331310272226 12.076388835906984 1.0000000180025095e-35 1.0822479724884035 1.3216669559478762 -0.75015330314636219
decision_type=2 8 2 2 2 2 2 2 2 10 2 2 2 2 2 2 2 2 2 2 2 2 10 2 2 2 2 2 2 2
left_child=1 -1 7 4 -4 6 -5 8 9 10 18 12 -9 14 -14 -16 -13 -12 -2 23 21 -21 -23 24 25 -8 -27 28 29 -28
right_child=2 -3 3 5 -6 -7 19 11 -10 -11 17 16 13 -15 15 -17 -18 -19 -20 20 -22 22 -24 -25 -26 26 27 -29 -30 -31
leaf_value=0.025641883907109652 0.058812859291836612 -0.026335098837958169 -0.015427026110526373 -0.016401664094400407 0.021115544359454109 0.014107580331404402 -0.00010150595264129634 -0.014616382081432115 0.038880635105289774 -0.024848945798919081 -0.019378037481095869 -0.0042485348328744109 0.022703538810683366 -0.001818419410847268 -0.0084308120718986183 0.11074555900200764 0.023382243028797562 0.01952729998474893 0.012524907835493084 -0.002370761114175556 -0.012606331612359732 0.010532495950002817 0.077383652936146644 -0.022055585253033496 -0.012822017876096551 0.036378919419319471 0.030841893978213443 -0.004439724875446552 0.016892233964005614 0.00096699293168979396
leaf_weight=4.3041393309831619 2.8024684888077953 46.569500314246397 38.215533598442562 16.130206080386415 7.6154618000145993 30.326486222445965 268.47608009271789 3.6216479921713498 6.6887943595647803 3.1595249017700544 3.8583907905267552 40.899295860668644 6.5671941834734735 5.030472211074084 0.38508683023974366 0.91031504631973714 5.2608152888715258 3.7455797421280295 3.8409567584749311 7.0686705820262494 8.2787805028492567 11.754520554328339 3.8333725887350694 6.2318184602772808 15.837852761149405 6.4541045995429149 4.045232518343254 34.135277054738253 42.256952666211873 114.28429268253967
leaf_count=94 153 38040 9604 462 84 171 9460 358 36 53 230 680 155 221 107 80 42 64 102 314 356 284 170 259 75 89 77 491 517 1631
internal_value=0.000588626 -0.0215281 0.00222042 0.00133194 -0.00903374 0.00218107 0.00148488 0.00843018 0.019062 0.00974791 0.0185467 0.00410754 0.0167383 0.0259639 0.0419385 0.0870791 -0.000670455 -0.000171749 0.037191 0.00206716 0.0116567 0.0206806 0.0306465 0.00144142 0.00178775 0.00230663 0.00550497 0.004301 0.00617496 0.0022382
internal_weight=752.589 50.8736 701.715 614.945 45.831 569.114 538.787 86.7705 24.0957 17.4069 14.2474 62.6748 16.5147 12.8931 7.8626 1.2954 46.1601 7.60397 6.64343 522.657 30.9353 22.6566 15.5879 491.722 485.49 469.652 201.176 194.722 160.586 118.33
internal_count=64459 38134 26325 24044 9688 14356 14185 2281 638 602 549 1643 921 563 342 187 722 294 255 13723 1124 768 454 12599 12340 12265 2805 2716 2225 1708
is_linear=0
shrinkage=0.03


Tree=106
num_leaves=31
num_cat=0
split_feature=27 1 21 0 11 21 1 24 13 5 5 5 28 17 1 18 8 13 28 17 28 8 5 0 12 24 1 30 11 24
split_gain=26.1993 7.76959 5.99102 9.28067 7.21639 5.48337 7.18982 8.68259 5.9841 6.07662 5.36094 6.11304 5.08915 8.19915 5.72211 5.49403 5.1743 5.16366 6.85136 5.74394 4.91173 6.09537 7.61587 10.4657 6.72654 6.52708 5.51806 4.87823 4.81932 4.67954
threshold=0.13118279725313189 32.049999237060554 -0.31595422327518458 5.5000000000000009 3.4645833969116215 -0.60897892713546742 45.350000381469734 0.64082935452461254 1.4181059598922732 -5.4500000476837149 -0.84999999403953541 8.6500000953674334 -0.84315016865730275 -0.027811892330646511 0.25000000745058065 7.1549999713897714 21.226712226867679 1.3553709387779238 -0.37447345256805414 -0.65008115768432606 -0.61913973093032826 4.0538046360015878 -3.6499999761581416 1.5000000000000002 -11.017361164093016 0.2664227187633515 0.45000000298023229 1.0000000180025095e-35 9.7465276718139666 1.3852758407592776
decision_type=2 2 2 2 2 2 2 2 2 10 10 10 2 2 2 2 2 2 2 2 2 2 10 2 2 2 2 2 2 2
left_child=1 -1 3 -2 -5 6 7 8 9 -6 -11 -12 13 15 -14 -4 -15 19 28 -16 -21 22 23 -22 25 -25 -23 -7 -19 -9
right_child=2 -3 12 4 5 27 -8 29 -10 10 11 -13 14 16 17 -17 -18 18 -20 20 21 26 -24 24 -26 -27 -28 -29 -30 -31
leaf_value=-0.028490275639806349 -0.010846227598802457 0.017123586867271976 0.046417714178166342 -0.026309321064280373 0.007010925865240436 0.019977025418654981 0.025485828150787222 -0.02327196781620176 -0.016587559509052135 0.06490136387105068 -0.011814172780943285 0.036435621460110479 -0.017932279846191741 -0.0047177067009988175 -0.0055819622412072237 0.0090963599894099013 0.025264333739008167 0.0040082251476163035 -0.00402856977836659 -0.0034520181784980608 0.042078335860247999 0.040877417741123287 -0.021206252672739602 0.045528897390661495 -0.0092694577281900638 -0.0050594149144135379 0.006642613489467558 -0.011199681230866274 0.07038294623855007 0.011826821309607183
leaf_weight=33.351158926670905 79.372484244173393 3.0677864998579016 7.6974984609987569 6.5107949060038655 36.254505202057771 4.4225112795829764 15.993783310055731 12.590590963372962 6.068104520905762 2.4109358551213518 3.4673361715394986 4.5168604794889688 11.302698923216665 20.087020939157814 68.566419973794837 7.0145360812311992 5.8820561103057107 1.5938486527884381 3.6447878057369953 68.913055489654653 4.4199705048231399 3.3525393992895252 14.960160876042208 3.5684114332543677 28.853848983126227 4.2546676308847964 262.19508705945918 27.592251916998066 2.2555079262237996 3.8733934771735212
leaf_count=32566 5842 15 287 2219 1154 197 80 360 351 164 325 54 1285 2117 2582 1431 58 151 265 2280 89 116 2966 88 2034 119 4118 790 56 140
internal_value=0.000184197 -0.024293 0.0014514 -0.00290694 0.0022334 0.00402835 0.00798383 0.00363214 0.00956021 0.0132382 0.0324355 0.0164992 0.00316048 0.0132196 0.00227834 0.0303348 0.00275828 0.00280524 0.0259964 0.00237099 0.00377804 0.00533319 -0.00360537 0.00315329 -0.00252992 0.0205608 0.00722657 -0.00641829 0.049394 -0.0148101
internal_weight=758.055 36.4189 721.636 203.074 123.701 117.19 85.1755 69.1817 52.7177 46.6496 10.3951 7.9842 518.562 40.6811 477.881 14.712 25.9691 466.578 7.49414 459.084 390.518 321.605 56.0571 41.0969 36.6769 7.82308 265.548 32.0148 3.84936 16.464
internal_count=64299 32581 31718 11676 5834 3615 2628 2548 2048 1697 543 379 20042 3893 16149 1718 2175 14864 472 14392 11810 9530 5296 2330 2241 207 4234 987 207 500
is_linear=0
shrinkage=0.03


Tree=107
num_leaves=31
num_cat=0
split_feature=27 6 6 31 20 31 20 6 24 33 19 20 25 3 17 17 13 13 8 26 14 14 29 6 5 1 25 14 23 15
split_gain=28.6277 6.71649 5.93794 5.29201 5.85923 5.84596 6.11139 4.03538 4.48558 9.18281 4.94703 5.83044 4.85585 4.71464 5.17897 4.35233 3.95917 5.88589 5.93663 6.99574 5.55372 5.73751 6.34973 8.27052 5.60628 4.72794 4.65837 4.51341 4.50693 4.35844
threshold=0.1764289736747742 15.750000000000002 0.84999999403953563 450.05897521972662 0.050454935058951385 749.91723632812511 0.88083669543266307 70.350002288818374 0.034021656960248954 4.2304763793945321 1.7663964033126833 1.7138528823852541 0.20804911851882937 -1.8914836049079893 0.54885777831077587 -2.0642153024673457 -1.0660032033920286 -1.0989332199096677 32.696607589721687 30.500000000000004 -1.0808545947074888 -1.1458680033683775 0.63089349865913402 26.349999427795414 7.8500001430511483 53.049999237060554 0.09921798482537271 -1.4292433857917783 1.4458998441696169 -1.2198550105094907
decision_type=2 10 8 2 2 2 2 10 2 2 2 2 2 2 2 2 2 2 2 2 2 2 2 8 8 2 2 2 2 2
left_child=1 -1 3 -2 -5 6 -6 8 9 10 11 13 -13 14 -4 -10 17 18 19 20 21 22 25 -24 -23 26 27 -17 -21 -18
right_child=2 -3 7 4 5 -7 -8 -9 15 -11 -12 12 -14 -15 -16 16 29 -19 -20 28 -22 24 23 -25 -26 -27 -28 -29 -30 -31
leaf_value=-0.027317098593435809 -0.023774706472531094 0.0092560976406761385 0.048947997029945192 -0.017550666936147191 0.074585492222180652 -0.016017096502569599 -0.012187871322083746 0.016933988095059596 0.020381679318832637 -0.041449728314332086 -0.016966485774965168 -0.015013930975445448 0.046673793463982129 0.0058731638997345662 -0.0049075454347952199 0.04107249410876649 -0.021341984486606493 0.033867138569787597 0.017458215240781911 -0.031587665517400186 -0.028666150839964179 0.059581434493313587 -0.010327485920245433 0.051820333480072076 0.0026719919330263761 0.026063821934390795 -0.0039936501725918875 -0.011166567850275658 0.0056329161680272882 -0.00088422100802915582
leaf_weight=38.073978973960038 13.897540770703928 4.6206883513368657 3.7608340948354444 3.5561139499768606 1.5600237993057824 1.1247878934955222 0.6747331463266163 15.472480669617651 8.766711325151844 2.569605976343154 6.3123260539723551 0.92425590357743104 4.7804995574988425 138.81212276627775 2.1716754075605422 3.1767857078230008 8.6208518474595603 4.9173456380376583 20.884751483332366 8.2939169696765003 3.7288505584001532 2.2740147203439838 2.6804632833227506 3.9785445802845061 3.1609975463943556 4.8695858493447295 70.016605647979304 1.7665221205679689 3.8836440928280345 369.33359686390031
leaf_count=36155 3497 67 101 879 243 464 169 95 238 12 478 105 202 6920 49 90 222 125 164 131 142 79 153 112 57 26 1713 63 46 11760
internal_value=0.000337972 -0.0232377 0.00177428 -0.0136455 0.00714197 0.0313098 0.0527178 0.00225489 0.00189635 0.00628381 0.00732402 0.00844847 0.0359308 0.00712622 0.0313693 0.000543437 0.000164384 0.0045832 0.00321199 0.000317683 0.0031105 0.00469413 0.00262899 0.0287217 0.0320417 0.000124049 -0.00188201 0.0236667 -0.0201907 -0.00140593
internal_weight=758.665 42.6947 715.97 20.8132 6.91566 3.35954 2.23476 695.157 679.685 159.331 156.762 150.449 5.70476 144.745 5.93251 520.353 511.586 133.632 128.715 107.83 95.6524 91.9235 86.4885 6.65901 5.43501 79.8295 74.9599 4.94331 12.1776 377.954
internal_count=64557 36222 28335 5252 1755 876 412 23083 22988 7867 7855 7377 307 7070 150 15121 14883 2901 2776 2612 2435 2293 2157 265 136 1892 1866 153 177 11982
is_linear=0
shrinkage=0.03


Tree=108
num_leaves=31
num_cat=0
split_feature=11 6 18 8 15 27 12 16 29 18 25 17 25 18 1 21 24 8 5 25 21 13 29 24 33 8 24 13 13 25
split_gain=27.2423 6.23647 5.90647 4.93154 7.00885 5.84694 5.62277 4.7759 4.53268 6.6565 3.90232 3.55708 6.295 6.5839 4.22304 3.87615 3.83692 3.88757 5.4281 8.56676 5.65857 5.5585 9.26489 6.72164 5.33932 5.1252 5.59666 5.07657 6.28009 7.38981
threshold=1.9590277671813967 70.350002288818374 7.4349999427795419 1.2516648769378664 -1.1090576648712156 0.5900537669658662 -2.0354166030883785 0.12637494504451754 -0.99983122944831837 0.30500000715255743 0.088052123785018935 1.7467666268348696 0.19334246963262561 3.4300000667572026 3.5499999523162846 1.0140432715415957 2.2271350622177128 2.6854547262191777 -9.0500001907348615 0.33664514124393469 0.50691100955009472 -0.60409873723983754 -0.43733099102973932 0.73850840330123912 0.50031594932079326 3.8126978874206547 1.3852758407592776 0.55951768159866344 -0.26184570789337153 0.23391375690698626
decision_type=2 10 2 2 2 2 2 10 2 2 2 2 2 2 2 2 2 2 10 2 2 2 2 2 2 2 2 2 2 2
left_child=2 3 10 4 6 -6 -2 -7 9 -5 -1 16 13 -13 -14 -16 17 18 19 20 27 22 -20 24 -24 26 -19 28 -10 -30
right_child=1 -3 -4 8 5 7 -8 -9 11 -11 -12 12 14 -15 15 -17 -18 25 21 -21 -22 -23 23 -25 -26 -27 -28 -29 29 -31
leaf_value=0.039068815202754036 -0.0056279602409252116 0.019133547413695298 -0.028397480948578004 0.022700772819826166 -0.021030646371442339 -0.012866037484187354 0.046755108142372465 0.031653968992363037 0.017596370950649171 -0.02682172091695359 -0.0091635879319607091 0.055068053517127409 -0.020355863463583389 -0.0077812090087814078 0.022202922331821418 -0.011406783901212171 -0.022324589947491029 -0.014122906980666922 -0.0084683821714084777 -0.0079367796516385484 0.0026125058038373671 -0.014819880779084148 0.10080787243543506 -0.011910100387854021 -0.0078250633150318549 0.0018105588572151549 0.022234635245662007 0.0053505152254802648 0.010183536238878608 0.079860126954873198
leaf_weight=0.9942642092355517 3.6978514088550583 16.61983809992671 33.933237106073648 2.3508565239608279 25.936604266054928 3.7147695138119152 2.3417314931866704 3.1408252289984375 6.6115252162562701 9.4868346783332509 5.2644849132047966 4.1149635300971594 4.0541551637579714 1.8058618145878425 8.640896881464867 3.7989015629282212 4.98604074405739 30.971744103881065 4.3924338484648615 9.1928576839854923 7.5767711033113292 12.397443719208239 1.0453654504963226 0.64337225613417093 0.33926070586312551 531.18852489365963 3.4208133026259011 4.7183547795866607 2.246392412576828 4.5914661450078711
leaf_count=241 504 101 33297 24 7684 127 237 106 348 285 1584 100 198 140 171 78 267 2501 466 512 481 2329 197 151 49 11301 250 411 121 267
internal_value=0.00013857 0.00150506 -0.0235849 0.00105816 -0.00919561 -0.0146803 0.0184391 0.00896344 0.00167579 -0.0159848 0.00282533 0.00202322 0.0135074 0.0375444 0.00322594 0.0118541 0.00158997 0.00181817 0.0094522 0.016296 0.0249222 -0.00343515 0.0175827 0.0581693 0.0820712 0.0010772 -0.0099806 0.0336047 0.0424606 0.0611895
internal_weight=754.218 714.026 40.192 697.407 38.8318 32.7922 6.03958 6.85559 658.575 11.8377 6.25875 646.737 22.4148 5.92083 16.494 12.4398 624.322 619.336 53.7552 34.9374 25.7445 18.8179 6.42043 2.028 1.38463 565.581 34.3926 18.1677 13.4494 6.83786
internal_count=64528 29406 35122 29305 8658 7917 741 233 20647 309 1825 20338 687 240 447 249 19651 19384 5332 2140 1628 3192 863 397 246 14052 2751 1147 736 388
is_linear=0
shrinkage=0.03


Tree=109
num_leaves=31
num_cat=0
split_feature=27 6 21 1 6 25 12 27 24 18 16 24 15 5 31 25 32 31 24 19 22 27 13 1 17 1 11 3 1 6
split_gain=22.4441 6.56358 6.94975 6.19058 4.68543 8.04956 6.7708 6.2848 6.01371 5.92167 4.75349 5.23944 8.83923 5.26309 5.14251 4.66214 4.58549 4.97756 4.30695 5.35186 5.00639 6.47868 6.00602 4.78919 6.93182 5.16309 4.43275 5.56365 4.36232 4.52038
threshold=0.13118279725313189 60.350000381469734 1.5750658512115481 32.049999237060554 7.9500000476837167 0.26732075214385992 -1.6236110925674436 0.56559139490127575 1.6806182861328127 8.8649997711181658 0.25795416533946997 0.39353419840335851 -1.2198550105094907 2.3500000238418584 649.89205932617199 0.37107963860034948 1.0000000180025095e-35 350.25697326660162 0.0080627095885574835 -2.0071346759796138 0.28670077025890356 0.50806450843811046 -0.89317777752876271 4.0499999523162851 -0.24945098906755445 30.750000000000004 2.1312500238418584 -0.86989459395408619 10.150000095367433 16.849999427795414
decision_type=2 10 2 2 8 2 2 2 2 2 8 2 2 8 2 2 2 2 2 2 2 2 2 2 2 2 2 2 2 10
left_child=3 2 4 -1 5 7 9 -2 -9 10 11 13 -13 14 16 -4 17 -7 20 -20 21 28 -22 24 -23 -25 27 -21 -6 -30
right_child=1 -3 15 -5 18 6 -8 8 -10 -11 -12 12 -14 -15 -16 -17 -18 -19 19 26 22 23 -24 25 -26 -27 -28 -29 29 -31
leaf_value=-0.027507451867417054 -0.016097520539272971 0.014914471652735002 0.013421558562713442 0.013737515941618695 -0.020457430465825769 0.11225572589831218 -0.006948661923884868 -0.0033175608295654396 0.043309968188579621 -0.017083414895397518 -0.0094853335707856187 0.054554773882591619 -0.0081545126135758421 -0.0060898116772177668 -0.0041280109010678719 -0.014175092184919569 0.016033494569370733 0.030625932805351044 0.0352295812505658 0.044896257988951832 -0.0097885769244700424 0.056177554712283459 0.022172195601952598 -0.0074626578433256837 -0.0026355459959911676 0.017999359110564987 -0.0012198486765225727 -0.01102885867303062 0.014589605517085553 -0.014655154789723249
leaf_weight=31.16886107478058 60.256373631942552 28.172860596328974 49.624232121976092 3.0437846034765235 13.319121534936132 1.5119075368856978 22.599823860393371 27.586588415317241 1.727216274011879 3.4784960853867224 3.2043338464573088 1.7782410390209404 6.7200260269455594 1.4275621965061924 1.1051114986184982 5.3628818433498955 2.1280148662626743 2.3945191150996834 2.7377007628092533 3.1208168040611781 5.9748665303923216 3.3728788085281849 25.850212990713771 14.389681678730996 2.9236638157162806 12.526706136763094 401.29589840641711 2.0843866296345359 9.8276523852255213 7.4959642379544666
leaf_count=32691 13199 174 1719 15 1921 63 1390 1216 43 450 178 51 320 58 38 94 106 124 94 210 171 73 990 302 69 64 7568 744 257 73
internal_value=-0.000162619 0.000973616 0.00038858 -0.0235521 -0.000496215 -0.00541888 0.00466449 -0.0106304 0.000767898 0.0155503 0.0216905 0.0277453 0.00932941 0.0431286 0.052509 0.010525 0.0619935 0.0786593 0.000836998 -0.000507194 0.00653206 0.0016108 0.0160564 0.0106375 0.0322504 0.00460748 -0.000833735 0.0243331 -0.00820001 0.00182614
internal_weight=758.21 723.998 695.825 34.2126 640.838 135.918 46.348 89.5702 29.3138 23.7482 20.2697 17.0654 8.49827 8.56712 7.13955 54.9871 6.03444 3.90643 504.92 409.239 95.6807 63.8557 31.8251 33.2129 6.29654 26.9164 406.501 5.2052 30.6427 17.3236
internal_count=64465 31759 31585 32706 29772 17236 2778 14458 1259 1388 938 760 371 389 331 1813 293 187 12536 8616 3920 2759 1161 508 142 366 8522 954 2251 330
is_linear=0
shrinkage=0.03


Tree=110
num_leaves=31
num_cat=0
split_feature=6 8 12 27 14 18 29 1 3 15 15 25 8 17 20 6 15 29 3 3 6 14 6 14 25 20 28 6 29 3
split_gain=22.6438 9.1168 5.68756 5.09918 5.24245 4.81154 8.00705 4.76206 4.15617 6.08525 6.45428 5.55886 8.51121 6.87019 4.69776 8.47727 3.98601 8.85117 12.3365 7.59305 5.82317 5.71385 5.93744 6.05435 7.57317 9.53529 6.15056 5.14365 4.85948 6.69919
threshold=0.84999999403953563 0.63574069738388073 0.93541666865348827 0.65564516186714183 -0.29602770507335657 0.30500000715255743 -0.99983122944831837 77.149997711181655 1.2401131987571719 -0.94385161995887745 -0.088020674884319292 0.32582701742649084 14.404455184936525 1.345591187477112 -0.31485362350940699 22.44999980926514 -1.1401489377021787 0.47369650006294256 0.61093491315841686 -0.8860928714275359 47.750000000000007 -0.68388271331787098 2.1499999761581425 -0.48932540416717524 0.33368934690952307 0.59728345274925243 0.83849048614501964 21.94999980926514 -0.99273797869682301 -0.59803038835525502
decision_type=8 2 2 2 2 2 2 2 2 2 2 2 2 2 2 8 2 2 2 2 8 2 8 2 2 2 2 10 2 2
left_child=3 2 -2 -1 -5 8 -7 16 9 -3 11 13 -13 14 15 -11 17 27 19 -19 -20 28 -23 24 26 -26 -24 -8 29 -18
right_child=1 5 -4 4 -6 6 7 -9 -10 10 -12 12 -14 -15 -16 -17 21 18 20 -21 -22 22 23 -25 25 -27 -28 -29 -30 -31
leaf_value=-0.025686618279279396 -0.021131593405368528 -0.0043036328362603396 0.029358384307693147 0.041045479655737072 -0.019919007596201802 -0.023369572159074623 -0.0020359416841109162 0.018188305202944885 0.021082976894352925 -0.00054621339588625068 -0.0046613964003187226 -0.019339259871967211 0.0291269368909714 -0.0016904485184776994 0.057770921707932785 0.044245247424100048 0.042520309840072899 -0.010797902077747921 -0.021231425633582351 0.093787213442619921 0.032465342999923381 -0.014472176523106232 0.00038782278560598816 0.0018443103480938199 0.011399550592993704 0.07103904914380417 0.037304510430264871 0.016579393760946613 -0.0077663417117187728 -0.0036450526064674541
leaf_weight=32.265635725809261 20.006949232367337 33.033027716446668 1.3500085738487531 1.4686699472367766 1.7309949104674149 10.304559296811929 39.986542707774788 15.164187498390673 18.761754460632801 7.2645815145224324 14.53472172282636 6.8003520965576154 4.6049250699579716 6.0318218185566357 5.1575013557449028 6.9252524161711344 3.3156819979194552 0.53347067942377213 2.8144450014806353 2.3447961715282855 2.5015546549693681 16.965469941438641 26.445175228000156 332.9736136845313 6.7380987480282766 3.2338867349899374 3.8034534758189684 18.924751711077988 92.695855679747183 7.8089026014786196
leaf_count=24280 11254 485 204 42 86 270 1447 90 109 158 171 108 34 122 55 68 76 36 159 321 69 4345 980 13869 147 56 184 107 4751 169
internal_value=0.000913322 0.00209298 -0.0167696 -0.0221458 0.0111745 0.00270053 0.00164246 0.00212944 0.00864569 0.00566477 0.0120408 0.0185891 0.000999676 0.0261562 0.0344942 0.0227876 0.00166383 0.00846815 0.0358739 0.0766169 0.00517623 0.00072425 0.00238973 0.00319291 0.0140419 0.0354523 0.00607497 0.00412099 -0.00549777 0.0124866
internal_weight=746.491 711.025 21.357 35.4653 3.19966 689.668 586.554 576.25 103.114 84.3522 51.3192 36.7844 11.4053 25.3792 19.3473 14.1898 561.086 67.1056 8.19427 2.87827 5.316 493.98 390.16 373.194 40.2206 9.97199 30.2486 58.9113 103.82 11.1246
internal_count=64252 39844 11458 24408 128 28386 27076 26806 1310 1201 716 545 142 403 281 226 26716 2139 585 357 228 24577 19581 15236 1367 203 1164 1554 4996 245
is_linear=0
shrinkage=0.03


Tree=111
num_leaves=31
num_cat=0
split_feature=11 1 11 5 16 34 34 34 25 23 21 19 27 20 29 23 28 34 27 21 29 12 25 23 3 19 22 22 3 33
split_gain=23.0289 7.3235 4.63912 6.72758 7.65683 5.47341 6.83054 5.3644 6.59456 5.28598 4.9791 4.70036 5.48535 6.45195 4.6559 5.0785 5.19737 4.60492 4.37336 5.84645 4.26991 4.20363 4.81048 5.92615 4.09408 3.7002 4.1957 3.3522 3.23809 3.22427
threshold=1.6173610687255862 77.149997711181655 4.4812500476837167 -3.8500000238418575 -0.12274585664272307 0.10023615136742593 0.114347942173481 0.076250921934843077 0.12134459242224695 0.039734669029712684 1.2399047613143923 -1.5792973637580869 0.41801074147224432 -0.28257484734058375 -0.91595870256423939 -0.46560052037239069 0.20180702954530719 6.2144815921783456 0.5900537669658662 0.0098667740821838396 -0.56369942426681507 -2.6354167461395259 0.18988029658794406 -0.8168392777442931 -0.96227136254310597 -1.4799364209175108 1.3736138939857485 1.3357129096984866 -0.82361945509910572 4.3174560070037851
decision_type=2 2 2 10 8 2 2 2 2 2 2 2 2 2 2 2 2 2 2 2 2 2 2 2 2 2 2 2 2 2
left_child=24 2 3 4 5 -2 -7 21 -9 18 -11 12 -4 -14 15 16 -10 25 19 -8 -12 -6 -23 -24 27 26 -13 -1 -21 -27
right_child=1 -3 11 -5 7 6 9 8 14 10 20 17 13 -15 -16 -17 -18 -19 -20 28 -22 22 23 -25 -26 29 -28 -29 -30 -31
leaf_value=-0.011150477540244955 -0.010979076108045901 0.018120061677659685 0.0077007720451227682 -0.017519087847397471 -0.018354717810958338 0.078687002293745922 -0.020317739308268665 0.026513867513576313 -0.0068386133155042871 -0.020279896363225438 -0.015549491777580113 0.026904816959910264 -0.029648775225860471 0.0031825768643367995 -0.026412870728843421 -0.018318519393264055 0.065040551685530232 0.024219612672156964 0.067604053783710358 -0.012561943504719061 0.046704059147258961 -0.015482387413364086 -0.013555082846953039 0.067429828974826633 -0.02796754355117715 0.0021262735964661856 -0.012878477025210678 0.038182474611548001 0.048607214149314078 -0.026126728288571936
leaf_weight=3.4566730736987692 4.6929630442173247 22.700065493583679 11.251385358395053 27.004384215164464 1.4023803774034602 0.89411675650626321 1.979647985775953 2.3454675588873242 1.4324978895019742 4.5086806574254297 0.97680132137611542 9.3295073804911208 13.309040494263174 8.3538619671016914 17.383802666328844 3.1325520468526582 0.86193826491944481 7.7796584218740454 1.3889735364355145 0.56301226839423213 1.5851906561292706 0.93700032908236908 0.7154181769001301 2.0144817362888716 27.768056866771076 565.1478159945691 2.4422436715103677 0.72374224109807972 2.303549172822386 2.663641817867755
leaf_count=1022 508 137 552 9118 157 74 424 128 80 489 72 195 247 119 2621 197 53 75 26 31 112 103 96 264 31257 15899 65 112 294 13
internal_value=0.000597169 0.00171858 0.00115874 -0.0057837 0.000889015 0.0154191 0.0242918 -0.00839615 -0.0140732 0.0153917 -0.00269059 0.00201868 -0.00884969 -0.0174062 -0.0191848 0.00447556 0.03171 0.00264172 0.0334347 0.0137529 0.0252669 0.0174533 0.0321464 0.0482622 -0.0239298 0.00231086 0.018289 0.00311224 0.0364515 0.00194804
internal_weight=751.049 719.1 696.4 76.1229 49.1185 18.8929 14.2 30.2255 25.1563 13.3059 7.07067 620.277 32.9143 21.6629 22.8108 5.42699 2.29444 587.363 6.23518 4.84621 2.56199 5.06928 3.6669 2.7299 31.9485 579.583 11.7718 4.18042 2.86656 567.811
internal_count=64540 32149 32012 14847 5729 2030 1522 3699 3079 1448 673 17165 918 366 2951 330 133 16247 775 749 184 620 463 360 32391 16172 260 1134 325 15912
is_linear=0
shrinkage=0.03


Tree=112
num_leaves=31
num_cat=0
split_feature=11 6 24 3 8 18 22 24 30 11 11 24 8 25 11 11 18 17 12 13 25 6 22 11 5 11 25 23 16 33
split_gain=20.6734 11.1793 4.5291 3.99612 6.05698 3.31578 4.07208 4.55707 10.2144 5.8817 6.46332 6.18218 5.55689 7.86881 4.91815 5.03281 6.20302 5.76531 5.29791 4.04745 4.50636 4.05222 3.81824 8.52281 5.611 7.12665 6.53825 6.14422 8.78307 9.72583
threshold=2.3881944417953496 12.650000095367433 2.2271350622177128 2.2130494117736821 25.264962196350101 14.47499990463257 -0.84361812472343434 0.0080627095885574835 1.5000000000000002 3.282638788223267 2.9312499761581425 0.39353419840335851 13.489563941955568 0.26732075214385992 3.9881944656372075 11.856250286102297 7.0450000762939462 -0.21744945645332334 1.5645833611488345 1.2803348898887636 0.20306262373924258 25.150000572204593 0.25221787393093115 19.831250190734867 -4.3500001430511466 9.2708330154418963 0.31533740460872656 1.4174914956092837 0.057001145556569106 0.55920746922492992
decision_type=2 10 2 2 2 2 2 2 2 2 2 2 2 2 2 2 2 2 2 2 2 8 2 2 8 2 2 2 8 2
left_child=1 -1 3 5 -5 6 7 8 -2 10 -9 12 -11 -14 -10 17 -17 -16 -19 20 -13 -22 23 -8 25 27 -27 28 29 -24
right_child=2 -3 -4 4 -6 -7 22 9 14 11 -12 19 13 -15 15 16 -18 18 -20 -21 21 -23 24 -25 -26 26 -28 -29 -30 -31
leaf_value=-0.024262158513293754 -0.0092528554494340238 0.021069916874506333 -0.021569335875871721 -0.00595489544916427 0.021460244218989937 -0.014513761728611674 -9.6065573227816989e-05 -0.0075900122932781901 -0.018085847980435429 -0.018308384859991617 0.065356085988218252 0.027127763848397383 -0.016505617934187651 0.020058675134236356 0.05686844325542622 0.031091205053244277 -0.014129121684980792 -0.020408010427115351 0.036509703560237389 0.039595987723031939 -0.015148289083245345 0.009014143104156689 0.047761798839221915 -0.01767769535938396 0.00051271177535501175 0.0063267511434774056 -0.023827192654732966 -0.0034017128876617049 0.0029504285483742897 0.00015187832220761035
leaf_weight=40.039249305031262 9.3692488052765857 4.7836632838007054 6.4435009619919574 10.396351858042182 20.509865112602711 10.494264188979285 207.32310447626514 1.5185875449678854 1.391883135773244 19.045723868650384 1.7098715840838847 6.274884887563533 8.5454992062877881 10.959935477003453 7.783320697024469 5.3656109177973104 3.9910673053236678 1.9441210363293042 2.0540272404905409 2.7785879087168714 8.7796998240519333 16.293013488641009 14.744784469716253 27.190222849952988 239.23773300705943 33.503046952420846 6.9665528051555148 8.7965589248342422 11.291017348994503 5.1250617273617527
leaf_count=37943 568 95 399 116 122 2793 8484 210 271 918 135 265 91 85 330 71 96 233 60 99 287 291 329 307 8725 463 91 165 289 101
internal_value=0.000461625 -0.0190699 0.00172006 0.00196373 0.0123406 0.0014692 0.00174409 0.00705058 0.0163865 0.00296513 0.0373636 0.000950706 -0.00719723 0.00401582 0.0269888 0.0306397 0.0123008 0.0431024 0.0102874 0.010098 0.00634011 0.000296708 0.000700967 -0.00220094 0.0028301 0.00963243 0.000686566 0.018455 0.0245389 0.0360774
internal_weight=754.65 44.8229 709.827 703.384 30.9062 672.477 661.983 107.805 31.8993 75.9058 3.22846 72.6773 38.5512 19.5054 22.53 21.1381 9.35668 11.7815 3.99815 34.1262 31.3476 25.0727 554.178 234.513 319.665 80.427 40.4696 39.9574 31.1609 19.8698
internal_count=64432 38038 26394 25995 238 25757 22964 4010 1629 2381 345 2036 1094 176 1061 790 167 623 293 942 843 578 18954 8791 10163 1438 554 884 719 430
is_linear=0
shrinkage=0.03


Tree=113
num_leaves=31
num_cat=0
split_feature=11 34 28 25 23 34 14 11 12 17 16 25 3 19 25 25 17 14 25 12 34 16 21 18 0 31 12 25 2 19
split_gain=23.6718 4.81997 5.09708 4.97452 8.95923 7.1633 7.68474 6.75138 6.49159 5.16124 5.00177 10.2465 7.13944 7.06945 5.01656 5.69557 4.76551 8.41135 6.15642 7.48003 6.78068 8.08717 8.45916 7.61582 6.54959 6.41203 5.57471 4.68176 5.66147 5.882
threshold=1.6763888597488406 0.84605041146278392 0.73865729570388805 0.33233979344367987 -1.0882471799850462 1.6021580696105959 0.8253346085548402 7.4062500000000009 -14.94027805328369 -1.106578469276428 -0.067709155380725847 0.33774630725383764 -0.30883286893367762 0.43441815674304968 0.35385878384113317 0.40331180393695837 0.34307795763015753 -1.5759938359260557 0.11955621838569643 8.0881943702697772 0.90027323365211498 0.27316945791244512 0.98662668466568004 7.5150001049041757 8.5000000000000018 300.15628051757818 39.618751525878913 0.30106806755065924 3.4827761650085454 -0.71704238653182972
decision_type=2 2 2 2 2 2 2 2 2 2 10 2 2 2 2 2 2 2 2 2 2 10 2 2 2 2 2 2 2 2
left_child=-1 2 -2 8 5 6 -5 -6 -3 -10 13 -12 -13 14 -9 -16 18 -18 -11 20 23 22 -22 -20 -23 -21 27 28 29 -27
right_child=1 3 -4 4 7 -7 -8 10 9 16 11 12 -14 -15 15 -17 17 -19 19 25 21 24 -24 -25 -26 26 -28 -29 -30 -31
leaf_value=-0.024243041008677756 0.00044039746096817209 0.030670528792664454 -0.016123688281071715 0.099813483419114141 -0.014798598970406862 0.0033965800718125916 0.012151150127589539 -0.0072967946816738967 -0.01293269948179792 -0.017046518518642213 0.041386822163539755 0.031800122667481265 -0.0084518106181776485 0.047965599154043248 0.031855861162423275 -0.0058496942496329149 0.017003791369805153 -0.0052509583561080875 -0.016020497095838603 -0.0065380019667770264 -0.02210190067528138 0.036850812299874476 0.017341873492203848 0.069353472728321791 -0.020582351514736866 -0.0029761366566703981 0.0012353558864867755 0.0010156751589769088 0.018355680479113262 0.052489479543587743
leaf_weight=31.554558368457947 381.24142499588197 6.1171506270766249 16.484833698661532 1.6394567491952323 9.4312680718721804 2.7186723434133455 1.8469460376072673 7.6827515675686362 19.200320128176827 7.584936478524468 4.4940017103217533 3.6098077229689798 27.659967394778509 5.6332977870479217 11.377535203937443 4.6992802126333109 17.401653590903152 89.401527112757321 1.0396869877586135 9.2715700175613147 20.156055656610992 5.1311980141908853 5.5512846254277965 1.3886433907318858 1.7738252460840156 1.8881335100158985 11.396063677966593 6.2727642494719467 21.149793930351734 10.983880364219662
leaf_count=32930 20623 84 3485 48 432 51 56 92 681 360 56 59 323 55 135 51 280 2094 43 98 1110 300 189 104 80 36 57 73 118 253
internal_value=0.000777106 0.00191485 -0.000284862 0.00467126 0.0110501 0.0431193 0.0664334 0.00784711 0.00244735 0.00156563 0.0112992 0.0035835 -0.00296365 0.0202604 0.0120197 0.0211373 0.00294367 -0.00150085 0.00749669 0.00959152 -0.00144686 -0.00550779 -0.0132539 0.0387897 0.0213596 0.0158573 0.0199221 0.0250491 0.0293248 0.0447255
internal_weight=745.782 714.228 397.726 316.501 80.793 6.20508 3.4864 74.5879 235.708 229.591 65.1566 35.7638 31.2698 29.3929 23.7596 16.0768 210.391 106.803 103.588 96.0029 35.0407 32.6124 25.7073 2.42833 6.90502 60.9622 51.6906 40.2946 34.0218 12.872
internal_count=64356 31426 24108 7318 1358 155 104 1203 5960 5876 771 438 382 333 278 186 5195 2374 2821 2461 1826 1679 1299 147 380 635 537 480 407 289
is_linear=0
shrinkage=0.03


Tree=114
num_leaves=31
num_cat=0
split_feature=11 6 6 11 29 29 28 20 0 25 17 16 31 25 29 21 23 5 11 11 15 13 13 23 34 34 15 29 13 1
split_gain=20.0008 7.60218 7.05858 4.27536 6.38052 7.7272 5.30993 5.27234 5.8103 8.01526 4.11766 4.11504 5.29535 3.81067 8.56832 11.5402 6.7077 6.13394 8.88608 7.13538 8.61551 7.21248 8.07009 5.98343 6.48985 6.71278 5.04579 8.02256 7.32089 5.94611
threshold=0.87083333730697643 70.350002288818374 1.4499999880790713 3.7062500715255742 -0.48313741385936732 -0.42958799004554743 -0.21861968189477918 -0.30501954257488245 5.5000000000000009 0.3044129759073258 -0.23877912759780881 -0.12919951230287549 450.05897521972662 0.30939725041389471 0.28313310444355017 0.12889341264963153 0.63614493608474743 -5.8500001430511466 10.45277786254883 23.321528434753422 0.2250802963972092 -1.1980097889900205 -0.27246546745300287 -1.2038622498512266 0.76807382702827465 1.6021580696105959 0.5387445092201234 -0.67168185114860524 1.7091407179832461 57.750000000000007
decision_type=2 10 8 2 2 2 2 2 2 2 2 10 2 2 2 2 2 10 2 2 2 2 2 2 2 2 2 2 2 2
left_child=-1 2 3 -2 6 -6 -5 -8 -9 10 -10 12 -7 26 17 16 -16 23 -19 20 21 -20 -23 24 -15 -26 -4 28 -28 -29
right_child=1 -3 13 4 5 11 7 8 9 -11 -12 -13 -14 14 15 -17 -18 18 19 -21 -22 22 -24 -25 25 -27 27 29 -30 -31
leaf_value=-0.028541424410687879 -0.025297275776657847 0.022865910451757777 0.0020357030602739042 -0.026227435386650705 0.079447443769829429 -0.0084421069131142955 -0.021455493586800361 -0.0026656748173719091 -0.00720687486834495 -0.014881698645598813 0.090210239158631259 -0.021146969418344978 0.06641672917915438 0.0017847698086952202 -0.027846328505992463 0.056383278535915626 0.031916000625246729 -0.0038841532531415823 0.0054225282124796522 -0.0047796146212514485 -0.0026673287486812048 0.070056438416094352 0.015281287333107083 -2.6088245540363332e-05 0.062395296679108529 -0.00083156854844092362 -0.0040795033497948935 -0.027059675892176741 0.032118213833798682 0.02685803797786928
leaf_weight=18.831592926115263 11.559786166006232 14.380451563745735 369.04160324617987 9.8104650127352269 0.63764481514226634 1.4556260748067873 4.2002894806792055 5.2278335322625891 0.30491250171326134 0.92241573671344657 1.2182289786869658 2.3072484088479532 0.55155730003025372 8.3740855629439448 3.0619788339245115 5.6417433006572537 1.9032268984592517 15.223693168954922 3.9637500494718578 5.6525716586038461 4.8004439838696262 7.7164673439692733 4.297339948359876 167.55050953570753 3.5480975315440437 2.2243965292582288 48.106499455636367 18.286835336766675 4.6023771776235654 1.2398525774478901
leaf_count=23681 9189 93 16458 1301 128 358 545 726 59 73 152 806 143 290 196 192 88 563 37 44 66 90 69 3901 99 36 1652 3046 282 6
internal_value=0.00118729 0.0019946 0.00154249 -0.0108392 -0.00387629 0.0239391 -0.0110039 0.00263465 0.0167746 0.0470443 0.0755814 0.00232959 0.027374 0.00225788 0.00534431 0.0305017 -0.00342852 0.00401896 0.0142595 0.0244706 0.0322821 0.0423212 0.0531432 0.00160611 0.0196631 0.0415059 0.000613112 -0.00658327 -0.000379672 -0.0224945
internal_weight=746.644 727.812 713.431 38.196 26.6362 4.95208 21.6841 11.8737 7.67339 2.44556 1.52314 4.31443 2.00718 675.235 233.958 10.6069 4.96521 223.351 41.6543 26.4306 20.778 15.9776 12.0138 181.697 14.1466 5.77249 441.277 72.2356 52.7089 19.5267
internal_count=64369 40688 40595 13480 4291 1435 2856 1555 1010 284 211 1307 501 27115 5671 476 284 5195 869 306 262 196 159 4326 425 135 21444 4986 1934 3052
is_linear=0
shrinkage=0.03


Tree=115
num_leaves=31
num_cat=0
split_feature=27 11 15 17 32 11 29 11 1 24 17 15 27 18 24 34 34 23 19 5 1 21 29 28 17 18 17 11 18 34
split_gain=18.4805 8.49777 7.28875 5.45884 5.27403 4.89356 5.25067 4.66146 4.20552 4.37448 4.09404 4.99046 6.12342 5.32789 3.93822 3.89804 5.87414 6.47742 3.97202 5.52095 5.91159 5.88842 4.18648 3.55728 3.50584 8.95235 8.65715 6.76228 6.02832 6.12799
threshold=0.15921659022569659 4.8173611164093026 -0.088020674884319292 -0.71162328124046315 1.0000000180025095e-35 5.2708334922790536 -0.16799793392419812 5.859027862548829 48.750000000000007 1.1297776699066164 -0.29627379775047297 -0.35777920484542841 0.6475806236267091 1.4950000047683718 2.0973860025405888 3.193384170532227 0.64390417933464061 -1.5448503494262693 0.70238217711448681 -0.15000000223517415 7.9500000476837167 -0.27053360641002649 -0.84313312172889698 0.048362692818045623 0.28834818303585058 9.8649997711181658 0.15348152816295627 7.7937500476837167 4.3750000000000009 1.6021580696105959
decision_type=2 2 2 2 2 2 2 2 2 2 2 2 2 2 2 2 2 2 2 10 2 2 2 2 2 2 2 2 2 2
left_child=1 -1 -3 5 23 -2 15 -8 14 10 -10 13 -13 -12 24 16 -7 -18 -19 20 -20 -21 -22 -4 26 -26 -5 -28 -29 -30
right_child=3 2 4 8 -6 6 7 -9 9 -11 11 12 -14 -15 -16 -17 17 18 19 21 22 -23 -24 -25 25 -27 27 28 29 -31
leaf_value=-0.027964609057321239 -0.01864127386000702 -0.014611610390424098 0.094366812956892837 0.0026534514324505036 -0.014958361712730135 -0.0089240918191049561 0.056455889186486252 0.00033129518036394275 0.021870165293172875 0.021868067974795315 -0.0078788110390870057 -0.022263180025601695 0.0058711566102573314 0.01841078617156237 -0.018778305744575563 -0.027277142732272278 0.045874634637875993 -0.0061776125210620059 -0.008397724075417657 -0.029135332832519879 0.041313434094350114 0.015970802933406136 0.0011445187040563976 0.014588220327447124 0.0014384139971253848 -0.02297115044781687 0.035328432498491859 -0.01307706372156503 0.035349828543994301 -0.0059238141346114829
leaf_weight=26.8701347160968 16.323669132543728 4.7499360810033977 0.4387834303779522 173.35303484159522 0.75378097710199643 47.576739371637814 1.5918413538020093 2.764149229391478 10.456072106957434 18.23962090909481 9.4466459453105944 11.960494935512545 14.348166719079016 21.025165997445583 7.0604122115764758 4.5958473668433717 2.3757243182044467 22.532473342958838 4.1160149608040255 4.3972679735161364 8.4555550236254913 4.1387641490437073 3.1781621943227938 1.4756083191605283 282.81896848598262 13.199230904807335 12.991077787999528 7.2607707928400513 7.3784904717467708 4.8656518862117082
leaf_count=33532 3982 732 122 8744 210 1547 56 140 53 100 52 59 66 105 512 65 63 425 189 98 115 98 71 253 8711 2877 1028 106 210 69
internal_value=0.000857484 -0.0203393 0.00732214 0.00189887 0.0397076 -0.00385823 -0.00142243 0.0275527 0.00308544 0.00920534 0.00550012 0.00215926 -0.00726621 0.0102693 0.00204155 -0.00292456 -0.00150084 0.00571314 0.00275847 0.0109658 0.0210428 -0.00788389 0.0312991 0.0589791 0.0023712 0.000276335 0.0053678 0.0193363 0.00748136 0.0197394
internal_weight=750.738 34.2882 7.41811 716.45 2.66817 122.046 105.723 4.35599 594.404 85.4762 67.2365 56.7805 26.3087 30.4718 508.928 101.367 96.7707 49.194 46.8182 24.2858 15.7497 8.53603 11.6337 1.91439 501.867 296.018 205.849 32.496 19.5049 12.2441
internal_count=64390 34849 1317 29541 585 6849 2867 196 22692 435 335 282 125 157 22257 2671 2606 1059 996 571 375 196 186 375 21745 11588 10157 1413 385 279
is_linear=0
shrinkage=0.03


Tree=116
num_leaves=31
num_cat=0
split_feature=8 3 27 14 12 34 8 5 14 3 5 17 17 17 28 17 17 25 28 21 5 1 23 15 26 1 3 5 5 34
split_gain=18.5842 5.02503 5.97207 5.07745 5.29531 4.12234 4.09603 3.73794 3.73312 4.85286 5.60297 3.70288 10.4517 6.34601 5.88175 5.18923 6.81789 11.2843 7.98501 10.8074 9.46113 8.73033 6.32182 9.05501 6.01547 5.94978 6.39226 6.86352 5.21285 5.81533
threshold=0.69641014933586132 2.2130494117736821 0.2787634432315827 -1.607232332229614 11.29444456100464 0.35819756984710699 21.226712226867679 -7.5499999523162833 -2.0627975463867183 1.2401131987571719 -7.7499999999999991 0.35637857019901281 0.15348152816295627 0.2245462164282799 -0.26866367459297175 -0.088553484529256807 -0.71162328124046315 0.35170558094978338 -0.51297807693481434 0.0098667740821838396 -0.84999999403953541 10.34999990463257 -0.095137339085340486 0.750198394060135 26.847499847412113 37.95000076293946 -1.0728822350502012 -13.249999999999998 -6.6499998569488517 0.45801815390586859
decision_type=2 2 2 2 2 2 2 8 2 2 8 2 2 2 2 2 2 2 2 2 8 2 2 2 2 2 2 10 10 2
left_child=-1 2 3 -2 7 -3 -7 -5 9 10 -4 12 15 -14 -15 16 17 18 19 20 -10 -21 23 25 28 26 27 -18 -25 -30
right_child=1 5 8 4 -6 6 -8 -9 11 -11 -12 -13 13 14 -16 -17 22 -19 -20 21 -22 -23 -24 24 -26 -27 -28 -29 29 -31
leaf_value=-0.021320832414529343 0.022684230915654555 -0.0072434897002497693 0.025231090718622378 0.0091179653730451525 0.024393680299393362 -0.0022972994684683874 0.025442677332972556 -0.025776380063479581 0.022774854854800727 0.035748284490830541 -0.010724547286330018 -0.0019230026361682767 0.030279680985065598 -0.0054193982121941656 0.018584664535063789 -0.0078729414673881833 0.034268680736288387 0.015360211324761506 -0.014080176894337795 -0.0074744148831683089 -0.025450959993980105 0.044648036893394097 0.013162138125460307 -0.012489131000049858 0.048151272792957583 0.012994559115726133 -0.017501108605725863 -0.021698314110109054 0.052589351359618501 -0.0070210521130247725
leaf_weight=34.358152451401111 2.3306420047883902 6.7316508400253978 5.4657082073390484 2.6727305930107832 1.6802977167535562 6.2467743462184471 17.561825253069401 19.96674958412769 4.4253926556557417 5.2184859039261928 8.8955340865068155 287.3305633715936 15.854155645007266 16.423752547241747 18.873124033212662 53.592184070148505 4.1115003146696836 22.445227066753432 59.887587956734933 4.0910874441615288 10.720340288360605 7.1471019267337397 68.765971427666955 5.4422071267617858 3.8132237284444264 10.315885618329046 30.750867373251825 2.3537121276603967 2.3377911674324414 2.2636910408036783
leaf_count=28586 879 43 42 209 133 96 103 15595 329 38 262 7453 433 529 422 1783 88 507 2146 372 702 104 1815 139 69 52 1170 241 135 131
internal_value=-9.45272e-05 0.000964596 0.000418792 -0.0132375 -0.01744 0.0126699 0.0183652 -0.0214454 0.000997717 0.0135722 0.0037114 0.000586642 0.0026847 0.0150572 0.0075739 0.000476852 0.00237519 -0.00315555 -0.00809359 0.00551301 -0.0108221 0.0266133 0.00698378 -3.70732e-05 0.0204567 -0.00630998 -0.011861 0.0137162 0.00653406 0.027246
internal_weight=742.074 707.716 677.176 26.6504 24.3198 30.5403 23.8086 22.6395 650.525 19.5797 14.3612 630.945 343.615 51.151 35.2969 292.464 238.872 108.717 86.2715 26.3839 15.1457 11.2382 130.155 61.3889 13.8569 47.532 37.2161 6.46521 10.0437 4.60148
internal_count=64606 36020 35778 16816 15937 242 199 15804 18962 342 304 18620 11167 1384 951 9783 8000 4160 3653 1507 1031 476 3840 2025 474 1551 1499 329 405 266
is_linear=0
shrinkage=0.03


Tree=117
num_leaves=31
num_cat=0
split_feature=11 18 15 28 22 6 28 20 31 11 1 17 34 0 34 25 1 20 14 31 0 12 6 6 1 30 12 29 12 14
split_gain=18.7713 3.99014 3.94298 3.84177 3.87382 5.33258 3.78865 5.44263 5.96567 5.94003 6.40149 6.09582 4.72605 4.69877 4.50904 4.25427 5.54824 3.89137 6.58516 8.16657 7.15124 10.9358 6.05081 7.68087 6.02448 5.99658 5.93395 6.0153 5.8693 5.74676
threshold=1.6173610687255862 3.8649998903274541 1.6444406509399416 -0.95754238963127125 1.524048984050751 21.94999980926514 -0.86976337432861317 -0.34887683391571039 749.91723632812511 14.681944370269777 3.1499999761581425 0.80925580859184276 0.65674093365669262 5.5000000000000009 1.4976782798767092 0.30174984037876135 45.350000381469734 -0.34887683391571039 -1.2086961865425108 59.846977233886726 5.5000000000000009 5.2562499046325692 13.949999809265138 8.3499999046325701 66.250000000000014 1.5000000000000002 -3.8708332777023311 0.71353760361671459 -13.682639122009276 0.20693675428628924
decision_type=2 2 2 2 2 10 2 2 2 2 2 2 2 2 2 2 2 2 2 2 2 2 8 10 2 2 2 2 2 2
left_child=1 -1 3 4 5 -2 7 9 15 10 -5 12 -12 -10 -14 16 -9 18 25 -20 -21 22 23 -22 26 -8 27 28 29 -19
right_child=2 -3 -4 6 -6 -7 17 8 13 -11 11 -13 14 -15 -16 -17 -18 24 19 20 21 -23 -24 -25 -26 -27 -28 -29 -30 -31
leaf_value=0.017134648557344985 -0.026041709099624444 -0.025758049189418715 -0.021444034288588175 -0.0022399624436050545 0.021448044156163377 0.018964340973486819 0.015455066077294568 -0.022613925431440956 0.070268908248509412 -0.021328612594858902 0.064781085678937228 -0.01027122509480146 -0.017018705758631535 -0.011690656939526598 0.038708395542277139 0.020120010087607689 0.026350700689164432 0.018324265004791604 0.011771932457848711 -0.014262800373547026 -0.0085885831503393992 0.0093923759785089402 -0.017342454937673758 0.040662136952843035 -0.010576388940188582 -0.0020954952575604983 0.0066196481810360756 0.045954247287970304 -0.0066805592800075267 -0.014308516381611557
leaf_weight=1.4284941867226759 11.442514618101994 26.392503524548374 5.5962402998120515 4.0320159214315963 1.7656996986479487 2.1607821751385918 33.509484226757195 10.642655582109002 0.75796472601359599 1.6256993080023665 5.6774048550287244 1.452307458850554 1.5555831345263871 0.59682149329455569 1.9635357256047425 3.2536023027496404 1.6589329093694676 17.758653879864145 23.730618946952745 65.533100363390986 8.2594662622432207 43.656585710239597 35.081570971291512 3.1585838804021469 24.859131120145321 35.166333760193083 285.73496149649145 1.3316442652139802 79.285109632415697 5.7228169995360068
leaf_count=178 2530 32275 528 583 177 21 947 1152 86 26 181 57 115 110 44 189 9 390 446 3487 1134 497 1978 93 130 968 11648 242 3956 187
internal_value=0.000703017 -0.0230376 0.00165504 0.0018666 -0.0125092 -0.0180837 0.00220154 0.0119402 -0.000155026 0.0237672 0.0298027 0.0410859 0.0494081 0.0445316 0.0157599 -0.00650182 -0.0145262 0.00169622 -0.00127261 -0.0042931 -0.00680129 -0.00128066 -0.0112879 0.00721299 0.00347116 0.00656698 0.00439172 -0.00172844 -0.00278321 0.0101115
internal_weight=744.791 27.821 716.97 711.374 15.369 13.6033 696.005 33.2165 16.91 16.3065 14.6808 10.6488 9.19652 1.35479 3.51912 15.5552 12.3016 662.788 248.096 179.42 155.689 90.1562 46.4996 11.4181 414.692 68.6758 389.833 104.098 102.767 23.4815
internal_count=64364 32453 31911 31383 2728 2551 28655 2552 1546 1006 980 397 340 196 159 1350 1161 26103 9550 7635 7189 3702 3205 1227 16553 1915 16423 4775 4533 577
is_linear=0
shrinkage=0.03


Tree=118
num_leaves=31
num_cat=0
split_feature=27 12 6 2 13 16 11 21 8 6 31 11 20 25 21 33 31 6 11 17 18 19 16 21 31 6 2 19 13 3
split_gain=18.5944 5.96906 5.10044 4.5669 7.8695 5.0444 3.85992 3.31439 3.27403 3.33903 7.87908 8.01531 6.93423 4.08868 3.84082 4.38886 4.07731 4.76292 3.50427 3.31483 3.25124 2.93997 5.30073 5.55855 7.58792 5.11517 4.99023 5.83383 4.65945 5.26011
threshold=0.15921659022569659 -6.6118056774139395 25.44999980926514 4.1001608371734628 -1.1189827322959898 0.13469640910625461 8.7666664123535174 0.22685261815786364 52.641929626464851 0.84999999403953563 450.05897521972662 5.6763889789581308 0.11506470292806627 0.17906992137432101 1.8969956636428835 1.047165095806122 2299.869018554688 17.849999427795414 16.000694751739506 0.82593980431556713 16.355000495910648 -0.087245300412178026 0.074974019080400481 0.66545274853706371 649.89205932617199 25.150000572204593 3.3375458717346196 0.92564383149147045 -0.71496742963790882 -0.90736657381057728
decision_type=2 2 10 2 2 10 2 2 2 8 2 2 2 2 2 2 2 8 2 2 2 2 8 2 2 10 2 2 2 2
left_child=1 6 -3 8 -5 7 -1 -6 9 10 -2 -12 -13 -14 16 18 20 -18 -16 -17 21 -11 23 24 25 -23 27 28 -25 -30
right_child=3 2 -4 4 5 -7 -8 -9 -10 14 11 12 13 -15 15 19 17 -19 -20 -21 -22 22 -24 26 -26 -27 -28 -29 29 -31
leaf_value=0.064008084881707047 -0.025920483689044455 -0.028456958693031126 0.010502114989275458 0.025384435490799266 -0.01448474423508719 0.013672871953960461 -0.011976921106680909 0.0041655498545037388 0.017253867755917331 -0.0010343738542370436 -0.022028932654652743 -0.0079025809012599011 0.090884121365510245 0.010176999046538428 -0.029788081845154659 -0.011532511283482292 -0.012236394209050544 0.034356331728773754 0.00080932371093268873 0.024496788910175777 -0.023977220575762868 0.011210585799391947 -0.0012168742177794841 -0.0088837334436367588 -0.01388043063058487 -0.011158579581595555 0.033507261739148461 -0.023848641962007051 0.055900504515376967 0.010764372762596786
leaf_weight=0.27470900153275835 11.987853562808597 27.985532698978208 2.8666886352002612 17.07086756080389 15.57237286865711 20.667467705905437 0.65048819244839251 17.063085921108723 9.050804529571904 340.26826722727856 2.7041699423571108 1.6671826847596096 0.96399383991956744 1.1943558576749636 10.078983606130352 3.7678713240893549 2.2222729128552592 5.5492458431981504 4.7661705841310313 3.557165103033185 3.8254970903508356 63.338901473558508 117.35474957997212 4.2795129761216257 16.556877163995523 9.9109331369400007 11.475603014230726 3.1983792159007853 2.7215138118481281 7.9733779343077913
leaf_count=131 3865 34496 19 111 75 106 299 86 78 10750 1438 209 79 114 411 51 419 314 51 56 1062 3363 5063 232 679 82 62 190 93 365
internal_value=5.16229e-05 -0.0220398 -0.0246209 0.00107171 0.00826874 0.00242073 0.032113 -0.00489971 0.000266679 -4.59597e-06 -0.0122198 0.0130352 0.0372498 0.0635863 0.00038507 -0.011597 0.00085523 0.021157 -0.0205334 0.00680482 0.000547734 0.000751508 0.00331117 0.00773278 0.00391853 0.00807445 0.0187815 0.00821998 0.0161337 0.0260479
internal_weight=740.565 31.7774 30.8522 708.787 70.3738 53.3029 0.925197 32.6355 638.414 629.363 18.5176 6.5297 3.82553 2.15835 610.845 22.1702 588.675 7.77152 14.8452 7.32504 580.904 577.078 236.81 119.455 89.8067 73.2498 29.6484 18.1728 14.9744 10.6949
internal_count=64349 34945 34515 29404 378 267 430 161 29026 28948 5705 1840 402 193 23243 569 22674 733 462 107 21941 20879 10129 5066 4124 3445 942 880 690 458
is_linear=0
shrinkage=0.03


Tree=119
num_leaves=31
num_cat=0
split_feature=11 18 0 21 20 31 30 5 23 31 16 31 27 16 14 12 17 12 18 14 17 14 5 21 1 6 20 6 15 25
split_gain=17.2249 10.4284 5.16798 9.9144 8.91381 9.39856 6.47663 6.80609 6.7228 6.30425 5.86193 5.74514 5.70713 5.88165 5.66935 6.31352 10.5505 7.4443 7.82502 6.14976 5.25287 5.05956 6.04954 4.97146 5.33708 5.07816 4.92866 6.83442 4.91801 7.03801
threshold=2.8409723043441777 7.4349999427795419 5.5000000000000009 0.49572585523128515 -0.0206012949347496 325.12968444824224 1.0000000180025095e-35 16.44999980926514 0.79440540075302135 80.020538330078139 -0.36148041486740107 300.16123962402349 0.6803763508796693 -0.26685981452465052 1.0887163281440737 -3.5354166030883785 -0.19341297447681424 -10.394444465637205 11.864999771118166 0.93247124552726757 0.79554539918899547 -0.85381150245666493 -21.150000572204586 1.7507842779159548 3.0499999523162846 11.34999990463257 -1.7328643798828123 25.44999980926514 0.31710016727447515 0.30035601556301122
decision_type=2 2 2 2 2 2 2 10 2 2 10 2 2 10 2 2 2 2 2 2 2 2 10 2 2 10 2 10 2 2
left_child=1 -1 3 4 11 21 23 14 9 -9 -7 -2 13 -12 19 16 17 -16 -19 -8 -13 -6 -23 24 -4 -26 27 -5 29 -17
right_child=2 -3 6 26 5 10 7 8 -10 -11 12 20 -14 -15 15 28 -18 18 -20 -21 -22 22 -24 -25 25 -27 -28 -29 -30 -31
leaf_value=0.0043068663039303734 -0.0061996144006236393 -0.025519599788166869 -0.0081813514275320097 -0.0039735575557563532 0.012574671062219942 -0.017343961462572919 -8.5008390156656762e-05 0.024669176846002512 0.034523292129138461 -0.0057643148873941742 0.044178917641929709 -0.028270220417861411 0.040671828631850808 0.0039036941802802205 -0.0070716215595442644 0.058767129606873796 -0.0081263576796152398 0.081473998415840992 -0.0027051538567897421 -0.021901928430123813 -6.2750547090092068e-05 0.010944071129491082 -0.019793779650918837 -0.021365314774827237 0.028203521670545541 -0.0023207429265452075 0.002738360110323666 0.052344673353955734 -0.0035618225011936856 -0.0026454447709594636
leaf_weight=14.355509924411306 38.998021248436999 36.259766363305971 5.6280731734586871 3.2565625552088013 6.6428233786136834 5.6281342038419089 286.50221638393123 8.6767752319574374 9.4574543293565494 15.930896989069877 2.6863453297410151 29.680054990807548 4.9403755026869467 30.921153089089785 1.396505353040993 2.1090151775861186 3.911116670467889 3.9787625942844898 1.1632631038082761 11.120505485916508 7.3743143863393916 6.3431725725531569 31.150193172099534 2.3879979574703603 24.336843395198233 5.9034254048019639 109.44176059751771 3.3599220365285873 21.48991386545822 3.4751292149885558
leaf_count=2646 1716 37597 1141 199 227 202 8328 48 65 103 116 1433 67 1484 56 70 175 107 149 449 194 63 1801 114 1011 74 3716 19 791 60
internal_value=-0.000425562 -0.0171407 0.000827438 -0.00230217 -0.00702458 -0.000512658 0.00298162 0.00174479 0.0143205 0.00551097 0.00916675 -0.0144814 0.0133781 0.00830656 0.000427768 0.0112579 0.0299512 0.0507845 0.0650905 -0.000970799 -0.0228057 -0.0101892 -0.0144443 0.0145697 0.0174768 0.0223611 0.00438871 0.0277431 0.00323302 0.0259516
internal_weight=738.506 50.6153 687.891 280.423 164.365 88.3122 407.468 369.212 34.0651 24.6077 44.176 76.0524 38.5479 33.6075 335.146 37.5237 10.4496 6.53853 5.14203 297.623 37.0544 44.1362 37.4934 38.2563 35.8683 30.2403 116.058 6.61648 27.0741 5.58414
internal_count=64221 40243 23978 11237 7303 3960 12741 10401 216 151 1869 3343 1667 1600 10185 1408 487 312 256 8777 1627 2091 1864 2340 2226 1085 3934 218 921 130
is_linear=0
shrinkage=0.03


Tree=120
num_leaves=31
num_cat=0
split_feature=27 11 31 6 16 6 29 18 27 0 11 21 5 19 14 3 14 27 23 21 29 29 15 16 27 5 20 20 20 16
split_gain=19.3813 11.1378 6.74964 5.43565 5.39618 3.90259 3.35177 4.87124 3.34618 3.33794 7.78329 10.7845 7.94771 6.40065 11.6495 16.4398 6.32873 5.74202 5.53732 5.00369 8.25521 4.77839 8.57797 4.74787 6.19482 5.05214 5.01003 6.33676 4.62558 4.61235
threshold=0.2787634432315827 4.8173611164093026 224.99176788330081 102.54999923706056 0.1502010524272919 6.7500000000000009 -0.99983122944831837 0.30500000715255743 0.53279572725296032 5.5000000000000009 17.368749618530277 0.8439791500568391 -15.15000009536743 1.4429852962493899 1.3898985385894778 -0.20968700200319287 -0.014880926348268984 0.54562214016914379 0.1149720922112465 0.074237372726202025 -0.69055965542793263 -0.77243989706039418 -0.39517623186111445 -0.50971323251724232 0.63709676265716564 -4.6499998569488517 -1.8967386484146116 -1.2141181230545042 0.86837291717529308 -0.081642039120197282
decision_type=2 2 2 10 8 8 2 2 2 2 2 2 10 2 2 2 2 2 2 2 2 2 2 8 2 10 2 2 2 10
left_child=1 -1 -3 6 5 -4 7 -2 -9 23 11 12 17 14 -14 -16 -13 18 19 21 -21 29 -23 24 -8 -26 -25 -28 -12 -11
right_child=3 2 4 -5 -6 -7 9 8 -10 10 28 16 13 -15 15 -17 -18 -19 -20 20 -22 22 -24 26 25 -27 27 -29 -30 -31
leaf_value=-0.026698688997776533 0.021279622511472848 -0.025225905684326699 -0.012517211717170001 0.02872389878317232 -0.015462061635809658 0.025452948454879325 0.00091697604197924431 0.0063637135198798146 -0.030284272732097415 -0.002086536627895682 0.0091629811295294451 -0.0036684921293992285 0.012726644197384958 -0.019744071404198395 0.11349665149528497 -0.009286944286492689 -0.02581165142661818 -0.0037846939361551486 -0.003989724857122845 0.001824843961944999 0.046961308857631182 0.024481299125091279 -0.016962187213901726 0.024320527263957115 0.0030884314039711399 0.050157023096749714 -0.017066115233944749 -0.0006236528910586915 0.029367132759768939 0.024738213662691074
leaf_weight=33.45590193226235 2.2058590408414593 6.1806091652251807 2.3957304053474155 5.901285581290721 5.1286421235418009 11.163204857613891 15.856639256351629 2.6047354425536451 7.7542985612526536 8.5916102676419559 63.903082556789741 59.11559895647224 58.262844900542405 3.9379401284968472 1.4864934095530773 1.3900271513266478 13.602694622939451 86.766006740741432 26.841417858493514 6.5609186930814758 7.4542243856703845 5.5543368565849969 13.404481744975786 5.5995228679967104 3.502279955893755 4.483500935137271 22.290488455852028 224.73078885977156 11.645476752426474 15.69529993156902
leaf_count=39675 23 1069 1037 36 778 759 634 139 137 259 653 1591 2403 265 103 62 466 1195 1063 218 389 196 922 173 36 77 838 8655 113 490
internal_value=0.000791132 -0.0156554 -0.000340745 0.00222449 0.00875288 0.018345 0.00194995 -0.0128242 -0.0213203 0.00224988 0.00405503 0.0019246 0.00503674 0.0138737 0.0163219 0.0670737 -0.00810455 0.00160994 0.00715451 0.0123573 0.0273603 0.00698657 -0.00420229 -0.000264373 0.0122532 0.0321554 -0.00148944 -0.0021702 0.0126203 0.0155416
internal_weight=737.466 58.3241 24.8682 679.142 18.6876 13.5589 673.241 12.5649 10.359 660.676 384.212 308.664 235.946 65.0773 61.1394 2.87652 72.7183 170.868 84.1023 57.2609 14.0151 43.2457 18.9588 276.463 23.8424 7.98578 252.621 247.021 75.5486 24.2869
internal_count=64454 43318 3643 21136 2574 1796 21100 299 276 20801 10388 9622 7565 2833 2568 165 2057 4732 3537 2474 607 1867 1118 10413 747 113 9666 9493 766 749
is_linear=0
shrinkage=0.03


Tree=121
num_leaves=31
num_cat=0
split_feature=6 11 31 5 6 11 24 29 18 28 15 34 25 15 21 6 34 8 1 15 29 34 24 24 28 15 13 11 13 25
split_gain=14.9938 5.06139 5.9514 5.3682 4.99833 4.8217 3.80413 3.71721 4.16484 3.45385 3.02465 4.83275 3.94294 5.96471 3.30794 6.56348 6.14121 7.39847 7.08711 4.26347 3.51017 3.09601 13.851 9.21859 4.11964 3.34984 6.21312 3.52756 3.36552 3.08979
threshold=0.84999999403953563 5.6763889789581308 450.05897521972662 0.25000000745058065 90.500000000000014 0.87083333730697643 2.2271350622177128 -0.99983122944831837 0.30500000715255743 -0.57078385353088368 1.0838180780410769 0.62372469902038585 0.35170558094978338 2.0709668397903447 -1.3493092656135557 10.750000000000002 0.16515147686004641 2.6432291269302373 18.650000572204593 -0.020547470077872273 -0.97507822513580311 0.033383056521415717 0.25859898328781133 1.7023105025291445 0.44505654275417333 0.98139888048172008 1.1025216579437258 8.1527776718139666 0.58118191361427318 0.23505520820617679
decision_type=8 2 2 8 10 2 2 2 2 2 2 2 2 2 2 8 2 2 2 2 2 2 2 2 2 2 2 2 2 2
left_child=1 -1 -3 9 5 -2 7 8 -7 -4 14 -12 13 -13 15 19 -17 20 29 -9 -18 22 24 -24 -16 -23 28 -28 -27 -19
right_child=4 2 3 -5 -6 6 -8 10 -10 -11 11 12 -14 -15 21 16 17 18 -20 -21 -22 25 23 -25 -26 26 27 -29 -30 -31
leaf_value=-0.028654987323290429 -0.022795461205040311 -0.018720557748199144 -0.010707060407241861 -0.017918688228182718 0.023915217044753717 0.018188695670835836 -0.01958112733281156 0.014692446545734083 -0.022754515252674336 0.055714824106149426 -0.020438059766971297 -0.018974213425208924 0.034102570888438336 0.036172162312347239 0.042629694698939055 -0.017210899085924145 -0.008410477432799407 0.021268570251638814 0.027119974378508466 -0.026434604838589958 0.069870127828235817 0.0006094671312324337 -0.020661006478062547 0.044911606347565469 -0.0068490758847802339 0.018570586033262938 -0.0033910694734100651 0.052134214006773615 -0.017710607522974348 -0.02104706566977536
leaf_weight=20.010881012945905 6.7850811174139372 7.3122123624198121 0.54548617347609285 1.3495283650700005 7.4382708817720404 2.020638999529182 7.0329269726062185 2.8135610671597533 9.7500831976649334 2.091081082355231 12.907289606577253 5.7474207581253705 2.2903837566263974 1.4042879269691182 8.9979096553288418 3.0624253511778106 0.36644187226193503 1.2261184641392926 12.571995359845458 5.0691361726494497 2.7738242541090568 583.36924925877247 10.32938446808839 1.3577215728582803 1.4867747572134238 3.1251808906090428 1.1896836633095516 3.430761904688552 4.2162939594127238 4.7935634227469563
leaf_count=22906 9068 1185 122 134 49 21 494 262 282 186 1564 506 55 42 574 324 22 51 101 677 321 23518 753 108 406 110 162 63 245 191
internal_value=4.94131e-05 -0.0199357 -0.00341822 0.0227775 0.000963214 0.000684808 0.000947848 0.0011871 -0.0148521 0.0428072 0.00148945 -0.00912599 0.00681394 -0.00503682 0.00186781 0.0110266 0.0184439 0.0240044 0.0149799 -0.0117537 0.0609104 0.0013661 0.0121263 -0.0101038 0.0356279 0.000945693 0.016031 0.0397778 -0.00189136 -0.010626
internal_weight=736.866 31.3092 11.2983 3.9861 705.556 698.118 691.333 684.3 11.7707 2.63657 672.529 22.3494 9.44209 7.15171 650.18 32.6771 24.7944 21.7319 18.5917 7.8827 3.14027 617.503 22.1718 11.6871 10.4847 595.331 11.9619 4.62045 7.34147 6.01968
internal_count=64502 24533 1627 442 39969 39920 30852 30358 303 308 30055 2167 603 548 27888 1949 1010 686 343 939 343 25939 1841 861 980 24098 580 225 355 242
is_linear=0
shrinkage=0.03


Tree=122
num_leaves=31
num_cat=0
split_feature=11 3 15 8 8 14 8 14 20 27 29 27 29 29 31 14 28 20 34 34 1 14 14 11 25 6 8 17 34 23
split_gain=14.7816 6.08399 5.36585 8.22485 5.77636 5.15343 6.27673 6.04937 4.81193 4.67907 4.43078 4.33545 4.15196 4.0905 4.26706 5.81795 6.80007 8.42077 10.6168 8.514 7.59515 7.44091 7.22866 8.39558 8.81546 8.12761 8.45944 6.82645 6.6592 6.34466
threshold=1.6173610687255862 -0.96227136254310597 -1.1401489377021787 2.4052025079727177 6.4274151325225839 -1.926254093647003 0.70474183559417736 -0.5514080524444579 0.11506470292806627 0.72956991195678722 0.55478650331497203 0.45437787473201757 -0.31800055503845209 0.79773375391960155 300.16123962402349 -0.89884871244430531 -0.048361575230956071 0.050454935058951385 2.3296622037887578 1.9392681717872622 19.150000572204593 0.38567002117633825 0.16599901765584948 9.2708330154418963 0.20065408200025561 14.550000190734865 3.86932384967804 -0.047810815274715417 1.6494156122207644 -0.43113349378108973
decision_type=2 2 2 2 2 2 2 2 2 2 2 2 2 2 2 2 2 2 2 2 2 2 2 2 2 8 2 2 2 2
left_child=1 8 3 5 10 -2 -7 -8 12 -6 -5 -12 -1 14 -4 -16 20 19 21 -18 -17 22 25 24 -24 26 -19 28 -22 -23
right_child=2 -3 13 4 9 6 7 -9 -10 -11 11 -13 -14 -15 15 16 17 18 -20 -21 27 29 23 -25 -26 -27 -28 -29 -30 -31
leaf_value=-0.013298049230377626 -0.010811047589156761 -0.027353957908360864 0.0034141687195370961 -0.015616473586683045 0.010276299308607292 -0.010116018000473107 0.054806330886366009 -0.015348922941913663 -0.020133964364665261 -0.01824192867454582 0.055931300681799932 -0.014491566569119346 0.054659224650820411 -0.016199405817723181 -0.01085307888057426 -0.01019924517959441 -0.015649375318494366 -0.0076034571092601852 -0.0058736951909592067 0.01151508563271051 0.032542485499939947 0.019319589984696444 0.00032999980850163178 0.002568301580954631 0.11468977731735944 0.0067852318011489181 0.066082676879470684 -0.0061378971456883917 0.0037527060439679627 -0.014885422816944984
leaf_weight=0.72589143319055471 1.9099214797024604 21.301212914171629 313.56428074190626 15.801380987686573 71.052524019614793 1.7061460251570668 7.8847818711074042 0.82964604091830629 1.7591182676842434 4.6760583966970435 0.73139730910770484 0.84819339285604656 1.4216964966035477 11.719932330015579 49.772377322544344 77.026461870293133 23.444894886226393 1.6296439975267336 17.594180806132499 17.12337089626817 9.8182702404446882 12.805339600774461 0.77746738097630386 1.4259801817825062 1.8580015382030977 11.857431070238816 4.4662354619358666 31.699661883991212 22.755131640937179 6.6587039890000588
leaf_count=145 227 31319 13618 614 931 378 502 83 528 34 96 28 443 2525 1933 5765 1752 349 284 364 102 680 77 37 95 310 185 264 171 558
internal_value=0.000913142 -0.0212211 0.00171484 0.00793492 0.00472395 0.0300082 0.0377813 0.0472348 0.0109778 0.00830057 -0.0104631 0.0271578 0.0347622 0.000639021 0.000991825 -0.00162367 0.000319874 0.00628678 0.0134264 -0.0041824 -0.00390246 0.0215585 0.0331557 0.0661077 0.090324 0.0226066 0.0480883 0.0036844 0.0131413 0.00746238
internal_weight=746.645 25.2079 721.437 105.44 93.1096 12.3305 10.4206 8.71443 3.90671 75.7286 17.381 1.57959 2.14759 615.997 604.277 290.713 240.941 99.6412 59.073 40.5683 141.3 41.4788 22.0148 4.06145 2.63547 17.9533 6.09588 64.2731 32.5734 19.464
internal_count=64397 32435 31962 2893 1703 1190 963 585 1116 965 738 124 588 29069 26544 12926 10993 4691 2575 2116 6302 2291 1053 209 172 844 534 537 273 1238
is_linear=0
shrinkage=0.03


Tree=123
num_leaves=31
num_cat=0
split_feature=11 27 29 20 20 34 1 28 22 31 12 29 20 33 27 22 14 27 20 31 6 12 8 15 11 31 6 8 14 12
split_gain=14.7843 5.83556 5.46103 4.70995 6.35419 5.32076 6.2104 4.9689 9.0301 4.96445 4.86076 4.68473 4.87628 4.8535 11.1236 4.68128 4.47639 5.19454 8.39354 6.71561 5.30735 4.94417 7.8606 6.10659 4.82499 7.42178 5.47399 7.57804 9.49627 8.28393
threshold=1.5881944298744204 0.31962364912033087 -0.99983122944831837 -0.34887683391571039 -1.8967386484146116 0.10084870830178262 64.549999237060561 -0.88622298836708058 0.14573213458061221 2299.869018554688 1.8590277433395388 -0.99628248810768116 -0.53738042712211598 2.9041613340377812 0.66397851705551159 0.95392319560050975 -2.0627975463867183 0.6803763508796693 0.37293130159378057 79.887866973876967 37.250000000000007 -7.140972137451171 3.5802699327468877 -0.381549522280693 3.4055556058883671 224.99176788330081 4.7500000000000009 13.489563941955568 -0.74351567029952992 -2.717361211776733
decision_type=2 2 2 2 2 2 2 2 2 2 2 2 2 2 2 2 2 2 2 2 10 2 2 2 2 2 8 2 2 2
left_child=1 -1 15 4 10 -6 7 8 -7 11 -4 -9 13 -13 -15 -2 -5 19 20 21 -19 22 -18 -24 25 -21 27 28 29 -26
right_child=2 -3 3 16 5 6 -8 9 -10 -11 -12 12 -14 14 -16 -17 17 18 -20 24 -22 -23 23 -25 26 -27 -28 -29 -30 -31
leaf_value=-0.028625819925672352 -0.027666083425172655 0.008444323069286927 -0.0040540046618952712 0.021901500278892802 0.0081809159245458882 0.035897949654807075 0.011714039356939246 0.0048121119552872816 -0.012195597446410373 0.022370928901607474 0.026753899383671408 -0.0099826474098798756 -0.021534921169719477 0.023774170902750549 -0.019590508331512026 0.016182885522433497 -0.024033931404450141 0.025006635177439028 0.0012272217064945681 0.022399713764828248 -0.0057718342214827436 -0.011570407147383884 -0.0046306566632981078 0.046153534057604001 0.01680288541193738 -0.022251004728748306 0.002343160195438905 -0.0094339849020547515 0.010575275388546534 0.080935278806303718
leaf_weight=20.229827286268122 9.0916961892507953 4.1840851274901061 7.1418884996091974 10.395202956919091 32.290934070304502 5.8192352607729827 18.009830690920353 21.078354079334531 6.4804894897970371 3.9426267312956034 10.897809828107709 112.47328265185934 26.840588536055293 11.726950065465646 8.2033947557210904 2.0832771689165375 3.3041935680666921 30.469876756891608 48.726935959421098 3.5119100308511433 5.6083627566695204 51.099874866893515 3.3050833679735661 4.25092419446446 4.6010622681351379 13.128076713415792 230.45262298843591 8.6513446269091201 22.178297016071156 2.9735545992152792
leaf_count=31188 272 1032 549 252 2440 541 105 504 589 310 181 4884 1178 120 65 79 237 348 531 760 31 2553 85 100 530 5256 5729 312 3548 234
internal_value=0.000298075 -0.0221904 0.00109173 0.00143256 -0.00172736 -0.00300413 -0.00471749 -0.00627466 0.0115467 -0.00752014 0.0149848 -0.00829346 -0.0100474 -0.00757468 0.00584192 -0.0188338 0.00332323 0.00282693 0.00943812 0.00119086 0.0201955 -0.00768503 0.0100307 0.025995 0.00313725 -0.0120918 0.00412112 0.0144599 0.0214884 0.048482
internal_weight=743.152 24.4139 718.738 707.563 264.905 246.866 214.575 196.565 12.2997 184.265 18.0397 180.323 159.244 132.404 19.9303 11.175 442.657 432.262 84.8052 347.457 36.0782 61.9601 10.8602 7.55601 285.497 16.64 268.857 38.4043 29.7529 7.57462
internal_count=64543 32220 32323 31972 11466 10736 8296 8191 1130 7061 730 6751 6247 5069 185 351 20506 20254 910 19344 379 2975 422 185 16369 6016 10353 4624 4312 764
is_linear=0
shrinkage=0.03


Tree=124
num_leaves=31
num_cat=0
split_feature=27 8 24 1 13 16 26 0 18 8 11 21 14 14 6 0 3 16 8 17 6 11 22 16 3 12 28 14 16 20
split_gain=17.1081 5.88742 4.2478 3.16822 5.33344 9.77587 4.253 4.00795 3.55649 3.3027 3.80736 3.3015 3.43533 5.33761 3.8384 7.51893 7.11005 3.48884 3.46327 4.77178 4.73255 3.3809 3.3368 3.31281 3.14282 2.86082 4.62474 3.7953 2.94934 2.73467
threshold=0.13118279725313189 25.264962196350101 2.2271350622177128 54.45000076293946 -0.90659841895103443 -0.10816749557852744 36.189998626708991 4.5000000000000009 16.994999885559086 38.638763427734382 15.081249713897707 -1.9145087003707884 1.3898985385894778 1.2431860566139223 2.3500000238418584 5.5000000000000009 -0.31659471988677973 0.33498588204383856 38.638763427734382 -0.13741946965456006 35.549999237060554 10.606250286102297 -0.2137959152460098 0.47406196594238287 1.105854392051697 -1.9826388359069822 -0.37447345256805414 1.7143474817276003 0.2251817733049393 -0.22794666886329648
decision_type=2 2 2 2 2 10 2 2 2 2 2 2 2 2 10 2 2 10 2 2 8 2 2 10 2 2 2 2 8 2
left_child=1 -1 3 6 7 -6 8 -5 11 10 -7 -2 13 18 24 21 -17 -18 29 -20 -21 22 -16 -15 25 26 27 28 -14 -13
right_child=2 -3 -4 4 5 9 -8 -9 -10 -11 -12 12 14 23 15 16 17 -19 19 20 -22 -23 -24 -25 -26 -27 -28 -29 -30 -31
leaf_value=-0.026875543632499058 -0.016853657056517 0.019462380911377936 -0.020138633769675854 0.0063870424508645496 -0.01619159546374381 0.005529439617085896 -0.024519752765070978 0.030660443267848166 -0.023632524580152661 -0.0011005979305764863 0.027558074108552606 -0.00063885219709733181 0.0025383915571898503 -0.02733826051409367 -0.0030308033580456278 0.084855404454492286 0.036250236845994696 -0.014349529437867457 0.038184804813081445 -0.013921418867922856 0.018097916315155085 -0.018921649165256734 0.041539355470728977 0.016349665065877202 0.024054710883746038 -0.019659591369915286 -0.015104625061287917 -0.012676657491937502 0.075346597283465641 0.0035953813026636896
leaf_weight=23.126293465262282 7.1863212081952943 2.0343693564063861 6.6122669596807091 12.492355458438398 16.518368870019913 15.627324447035791 4.5398151672561644 12.405717737972735 3.8813665292109354 15.048975989222525 12.923260256648062 241.09213863202604 0.8138459484325723 7.5073824454448168 3.0450378055684268 1.7975766881136221 1.561907231458463 1.5738015331444328 4.5364332220051464 6.1041045521851602 9.1521635539829731 2.7411760885734111 1.7766082106390948 1.2128321325872091 3.0664896436501285 5.6696641558664878 2.7098857522942117 0.69611265324056137 0.69189034937880944 317.00115693284897
leaf_count=32642 601 24 444 69 79 72 90 85 1707 80 63 11366 59 463 212 61 47 57 58 101 70 55 49 99 35 719 205 99 52 14741
internal_value=0.00130683 -0.0225281 0.00216986 0.00240453 0.00780699 0.00285226 0.00166235 0.0191984 0.00189182 0.0102686 0.0160957 0.00208943 0.00233869 0.00185246 0.0127784 0.0241267 0.0494374 0.0135253 0.00221964 0.0142474 0.00521853 0.0037709 0.0177061 -0.0202051 0.00145006 -0.00661215 0.00922656 0.0345367 0.052712 0.00176835
internal_weight=745.147 25.1607 719.986 713.374 85.016 60.1179 628.358 24.8981 623.818 43.5996 28.5506 619.937 612.75 586.606 26.144 12.4961 4.93329 3.13571 577.886 19.7927 15.2563 7.56282 4.82165 8.72021 13.6479 10.5814 4.91173 2.20185 1.50574 558.093
internal_count=64504 32666 31838 31394 448 294 30946 154 30856 215 135 29149 28548 26898 1650 481 165 104 26336 229 171 316 261 562 1169 1134 415 210 111 26107
is_linear=0
shrinkage=0.03


Tree=125
num_leaves=31
num_cat=0
split_feature=18 18 18 31 25 25 8 30 23 18 19 21 12 28 22 28 25 28 24 25 25 28 34 34 4 15 13 23 18 3
split_gain=9.3779 4.57347 4.76396 7.17336 5.08347 5.77847 4.63224 6.87234 5.21641 6.43524 9.10236 5.35016 5.22349 4.11078 5.42766 4.44253 6.69535 5.35068 4.65089 4.50105 4.55687 7.8522 5.50437 6.70755 5.90812 4.33322 4.2588 3.98363 3.94316 4.96751
threshold=13.394999980926515 13.244999885559084 9.5950002670288104 300.03419494628912 0.40076999366283422 0.33368934690952307 1.3699061870574953 2.5000000000000004 0.13595839589834216 11.364999771118166 -0.3649745881557464 -0.44921907782554621 22.31875038146973 -0.96689236164093006 1.6021581292152407 -0.87812310457229603 0.23391375690698626 -0.79384350776672352 0.27707555890083319 0.40431308746337896 0.35646523535251623 -0.75015330314636219 0.98514154553413402 0.10944978892803194 -1.0000000180025095e-35 0.52571198344230663 0.34046605229377752 1.3002636432647707 7.8250000476837167 0.82358643412590038
decision_type=2 2 2 2 2 2 2 2 2 2 2 2 2 2 2 2 2 2 2 2 2 2 2 2 2 2 2 2 2 2
left_child=1 2 13 -4 5 6 -5 8 9 -8 -11 -12 -10 14 -1 16 18 -17 -15 20 -19 -22 23 24 -23 -25 -24 28 29 -18
right_child=-2 -3 3 4 -6 -7 7 -9 12 10 11 -13 -14 15 -16 17 27 19 -20 -21 21 22 26 25 -26 -27 -28 -29 -30 -31
leaf_value=-0.028568573407145532 -0.015079672562857182 0.03766141434644512 -0.020184827594346238 -0.019544141722887452 0.02930362548722576 -0.021356957018582978 0.0070810930278000827 -0.007204683234494946 -0.021561803067489171 -0.0088650013344910919 0.01189769564835233 0.083014664045290482 0.018554273567474969 0.019591078823641393 0.029030335787191958 -0.011388293381555198 0.054457174726789299 0.0016883640428475392 -0.013229261803194043 -0.011431933664644241 0.051665409770998212 -0.0050356654953454321 0.010988373886601959 -0.0095368694097025253 0.039187491164453324 0.015707317221302829 0.040750513176283726 -0.013994276204422741 -0.0035009877697418294 0.0084097855233385543
leaf_weight=6.6201843859744249 32.54590969387209 2.0758819567272431 21.329456658859272 7.0958815473131827 3.7736282583209677 11.244169940298887 8.5476951960590686 21.599259240203537 4.876278007286599 1.7844569596345525 1.7302403750945803 3.1474919015308851 4.8159833904355764 5.3201235891901915 0.97195137402741227 26.002527746430133 6.5055683322716487 455.69166236411547 9.091554800688753 19.735821815673262 2.8288556123152366 4.1920443057315424 19.477792849531401 30.632351132342592 5.7924137352965754 6.6406770334579042 5.0994085185229769 1.2577424921328191 2.01350863080006 3.5144710601307452
leaf_count=1392 24705 760 7776 6074 98 490 748 952 896 305 271 335 27 469 128 1265 282 14989 571 357 72 120 214 583 93 118 56 96 177 46
internal_value=0.000418206 0.00115566 0.000994142 -0.00541494 -0.000599623 -0.00275856 0.00146291 0.00501244 0.0154782 0.0258922 0.0459532 0.064104 -0.00175751 0.00194432 -0.0186742 0.00223402 0.013757 0.00165703 -0.00062847 0.00229322 0.00282452 0.00964486 0.00730345 0.00120962 0.021852 -0.0047464 0.0185154 0.0283076 0.0334635 0.040535
internal_weight=735.955 703.409 701.333 89.9445 68.6151 64.8415 53.5973 46.5014 24.9021 15.2099 6.66219 4.87773 9.69226 611.389 7.59214 603.797 27.703 576.094 14.4117 550.091 530.355 74.6635 71.8347 47.2575 9.98446 37.273 24.5772 13.2913 12.0335 10.02
internal_count=64465 39760 39000 17972 10196 10098 9608 3534 2582 1659 911 606 923 21028 1520 19508 1641 17867 1040 16602 16245 1256 1184 914 213 701 270 601 505 328
is_linear=0
shrinkage=0.03


Tree=126
num_leaves=31
num_cat=0
split_feature=11 18 1 25 6 6 25 18 20 6 26 28 1 16 16 34 20 23 34 34 20 13 19 20 28 25 11 5 11 5
split_gain=16.1774 9.57872 5.24998 5.58939 4.17107 5.75959 4.8402 3.8534 3.81595 6.58186 4.53479 3.89602 3.67588 3.63926 3.92799 3.40173 5.40232 6.21678 5.13802 5.08974 5.02665 6.53041 6.52883 5.89319 7.8762 6.95408 5.9122 6.0027 6.08533 5.62352
threshold=2.6881943941116337 4.2249999046325692 44.549999237060554 0.30035601556301122 28.050000190734867 47.750000000000007 0.19389292597770694 3.4300000667572026 -1.653296113014221 8.3499999046325701 26.847499847412113 -0.51297807693481434 2.7500000000000004 0.081594590097665801 -0.081642039120197282 0.032728247344493873 -0.09377454966306685 0.17963013797998431 0.024989231489598755 0.22695674747228625 -0.070313747972249971 -1.0330655574798582 -0.77943181991577137 0.092038232833147063 -0.18492533266544339 0.35385878384113317 17.368749618530277 10.650000095367433 8.5812497138977069 1.6500000357627871
decision_type=2 2 2 2 8 10 2 2 2 10 2 2 2 10 8 2 2 2 2 2 2 2 2 2 2 2 2 10 2 10
left_child=1 7 8 4 -4 6 -6 -1 9 10 -2 -11 -9 14 -5 16 18 -18 -10 -17 21 22 -21 25 26 -22 27 -25 -29 -24
right_child=2 -3 3 13 5 -7 -8 12 15 11 -12 -13 -14 -15 -16 19 17 -19 -20 20 23 -23 29 24 -26 -27 -28 28 -30 -31
leaf_value=-0.0016307077509719649 -0.010400357859398393 -0.025169935491758697 0.011545521632939586 0.015195883263365878 -0.023650234870061099 0.0092356603336594383 -0.0013759414926504013 0.062151890424408308 0.007229924501455761 0.049546599274076272 0.023547277914705893 0.011631262769851604 -0.010895300651919527 0.024665102253248083 -0.0084182569400583895 -0.0063882171119470556 0.014644268962685019 -0.028059956024083333 0.048006443924872216 -0.00071051629498432366 0.0072758719895119695 -0.0076430992872592186 0.038342160029162027 -0.011675321214549129 0.0077444344490906689 0.042239185787461116 0.01104087586528512 0.036821287106848052 -0.0049066640493013389 -0.004839976855992089
leaf_weight=6.9541081327479315 12.929416153521748 34.07439859159058 24.472028464078903 16.970028035342693 13.588656187057493 20.876088686287403 22.387026831507683 0.92389610176905967 7.6511721381684783 3.5530322631821036 3.7539135430706656 7.1400260787922871 0.5336605588090606 18.074903890490532 8.9994839429855364 145.83503589918837 5.7396050206152704 4.6800439255312085 3.8061286731972359 38.457798630464822 22.252430777647536 114.35766663076356 7.3184816656284948 66.300570002233144 86.771851455210708 5.8935129604069507 16.74968657491263 3.9846703256480378 7.9920016881078482 3.7252276880899444
leaf_count=410 833 39107 112 97 60 119 111 138 458 57 69 91 47 95 45 7253 493 324 266 1073 971 4960 218 3347 3056 135 228 88 91 91
internal_value=-0.000483397 -0.0182341 0.000627538 0.00615899 0.00144458 -0.00302781 -0.0102014 0.00955126 -0.00060011 0.0101259 -0.00186216 0.0273894 0.0418562 0.0146384 0.00700392 -0.00116003 0.0101669 -0.0053141 0.0235422 -0.00165551 0.000203018 -0.00372225 0.00530763 0.00326976 0.00125483 0.0157949 -0.00468996 -0.00815284 0.010744 0.0245837
internal_weight=736.747 42.4861 694.26 125.368 81.3238 56.8518 35.9757 8.41166 568.892 27.3764 16.6833 10.6931 1.45756 44.0444 25.9695 541.516 21.8769 10.4196 11.4573 519.639 373.804 163.859 49.5015 209.945 181.799 28.1459 95.0269 78.2772 11.9767 11.0437
internal_count=64443 39702 24741 639 402 290 171 595 24102 1050 902 148 185 237 142 23052 1541 817 724 21511 14258 6342 1382 7916 6810 1106 3754 3526 179 309
is_linear=0
shrinkage=0.03


Tree=127
num_leaves=31
num_cat=0
split_feature=11 11 5 1 24 18 15 15 24 11 28 21 6 34 15 23 17 11 15 5 15 20 6 24 23 28 19 28 24 3
split_gain=12.5192 5.35419 8.32794 6.86217 6.45604 12.0655 9.83138 9.32992 6.8998 5.72934 5.50576 5.46867 5.12006 6.97638 6.85708 5.2973 6.28424 5.05903 4.99261 5.70122 5.29489 5.01001 4.70681 4.69174 6.01299 7.48523 7.27233 5.68176 5.82652 7.21008
threshold=0.87083333730697643 12.076388835906984 -1.4499999880790708 0.65000000596046459 0.08253274112939836 0.69999998807907116 -1.1401489377021787 -0.18146958202123639 0.046432970091700561 4.3291666507720956 -0.78326541185379017 0.23998627811670306 0.25000000745058065 0.23560841381549838 0.34258162975311285 -1.2170960903167722 -0.68600806593894947 6.0236110687255868 0.34967167675495153 8.0500001907348651 0.034294925630092628 -0.027519562281668183 3.3500000238418584 1.6208929419517519 -0.69971626996994007 -0.95244166254997242 -0.11747407913208006 -0.11692013591527937 0.042710471898317344 -0.07606740295886992
decision_type=2 2 8 2 2 2 2 2 2 2 2 2 10 2 2 2 2 2 2 10 2 2 8 2 2 2 2 2 2 2
left_child=-1 2 23 -3 5 -4 11 -7 9 -9 -11 -6 13 -12 17 -16 -17 -15 20 -20 -10 -22 -8 24 26 -26 -2 -27 29 -29
right_child=1 3 4 -5 6 7 22 8 18 10 12 -13 -14 14 15 16 -18 -19 19 -21 21 -23 -24 -25 25 27 -28 28 -30 -31
leaf_value=-0.02631203114947089 0.030660531166393168 -0.021992141870142423 0.036889969633615821 0.0050790840698282016 -0.015100809950020978 -0.01515108431243915 -0.023220858834014851 -0.018541276685390344 -0.0079124484051383871 0.025406682209340614 -0.016087203355502063 0.01561545301715086 -0.011367232661102013 0.033286097319814308 -0.006372268824490962 0.0091187085766032995 0.065257002853411392 -0.020647442099279559 -0.017723114686844479 0.045510424447654088 0.0086079536334682984 0.095216532666465903 -0.0079503838382083448 0.024204039417875231 0.036896901907058757 -0.0088862760750339394 0.0014876406535297838 0.041744247158483502 0.00010057339635768458 -0.011109396935843561
leaf_weight=14.05182831204729 13.374427331960762 7.6972759297350413 7.3423217684030524 299.7347192610614 5.858502936956941 27.284686492406763 20.564073751447722 9.2892884591128659 0.76794051588512902 9.4393831510096771 5.6621652964386184 22.288856671191752 16.502628351910971 1.2352937516989175 1.9857477728510255 3.2557259056484309 4.3657697641756403 4.3204329120926559 2.7410520583507609 0.96483464585617174 1.0986634900909855 1.3578455511014902 134.42106976523064 9.7078846803633478 3.6967497554724096 49.457337642030325 16.771202552074101 6.3025265028118156 37.679521728190593 2.8893273450667021
leaf_count=23658 585 308 131 4145 486 4764 6675 6183 75 643 401 1202 965 62 66 144 174 175 316 16 58 80 6858 470 413 2266 1177 529 1321 255
internal_value=0.000771543 0.00132964 -0.000869968 0.00433219 -0.00384593 0.00236996 -0.00715403 -0.000811172 0.00554031 0.00180185 0.00614614 0.00892352 0.000739767 0.0104151 0.0206946 0.0348757 0.0451152 -0.00540735 0.0317388 0.00491244 0.0541094 0.0701781 -0.0101124 0.00508789 0.0034886 -9.46474e-05 0.0149994 -0.00187876 0.00554654 0.0256705
internal_weight=742.109 728.057 420.625 307.432 280.746 97.6138 183.133 90.2715 62.9868 56.0564 46.7671 28.1474 37.3278 20.8251 15.163 9.60724 7.6215 5.55573 6.93034 3.70589 3.22445 2.45651 154.985 139.879 130.171 100.025 30.1456 96.3287 46.8714 9.19185
internal_count=64601 40943 36490 4453 29474 14253 15221 14122 9358 8813 2630 1688 1987 1022 621 384 318 237 545 332 213 138 13533 7016 6546 4784 1762 4371 2105 784
is_linear=0
shrinkage=0.03


Tree=128
num_leaves=31
num_cat=0
split_feature=27 29 15 8 14 20 20 15 28 29 11 11 6 1 29 6 1 8 29 34 21 15 11 24 24 17 24 21 15 0
split_gain=12.267 5.91409 5.30047 4.46935 4.64091 4.0361 6.724 7.543 5.71326 5.76104 8.26026 7.425 9.60919 7.56574 6.74387 6.66873 4.7055 10.607 7.24419 5.37583 6.11829 6.57303 5.24433 4.61739 6.08397 7.38431 5.24193 5.44884 4.74497 4.65169
threshold=0.13118279725313189 -0.83375966548919667 1.2080581784248354 52.641929626464851 1.3898985385894778 -0.22794666886329648 0.35211966931819921 -1.3681432604789732 -0.51297807693481434 -0.81427544355392445 14.681944370269777 3.1409722566604619 1.9499999880790713 42.95000076293946 -0.32613736391067499 13.750000000000002 1.0500000119209292 8.4748644828796404 -0.94137725234031666 0.50416404008865368 1.6509557366371157 0.17043440788984301 7.2527778148651132 0.14953263849020007 0.10580212622880937 -0.12607139348983762 0.91898947954177868 -1.6578006148338316 0.2596831619739533 2.5000000000000004
decision_type=2 2 2 2 2 2 2 2 2 2 2 2 10 2 2 10 2 2 2 2 2 2 2 2 2 2 2 2 2 2
left_child=1 -1 3 4 5 8 16 -8 9 10 15 12 -11 -13 -14 -2 17 -7 -19 20 21 22 -18 24 -9 -26 27 -25 -28 -29
right_child=2 -3 -4 -5 -6 6 7 23 -10 11 -12 13 14 -15 -16 -17 19 18 -20 -21 -22 -23 -24 26 25 -27 28 29 -30 -31
leaf_value=0.015470173905496827 0.047729646855701684 -0.026113723061090107 -0.016185701370874443 0.015448829243496699 0.013489772165038619 0.0018059007999504343 0.020079742628706241 0.0007656989223227634 -0.0048793678300488984 -0.008144238710818966 -0.011203508615043128 -0.006817414795013103 -0.00515427093163341 0.019054328578887295 0.081043213681788934 -0.00067820282079578912 0.0048085220639522272 0.00073245298850431321 0.076976636376822588 0.010491256213954324 0.032353631754930848 0.010110868893227222 -0.020040280027733028 0.033654124231689252 -0.017568580725885758 0.046039070068961935 0.0076970758827288165 0.0063792651229039174 -0.016969537882959598 -0.014560797027036967
leaf_weight=2.9197398311807801 7.5483873526100087 20.304747089219745 14.37515346467262 19.438929351279512 25.60953530925326 7.8883857491891813 13.770387834170831 77.25271130958572 193.79848628648324 3.0496555153513318 4.8425469856010741 57.742714235500898 0.94881715159863267 11.315594568848608 2.1541067410144024 3.6173836421221495 10.8340555964387 1.5734553656075148 3.0798688024515286 86.43416072963737 3.4364841207861891 17.60239419300342 22.522074490552768 1.5189064549049351 1.6850482834852298 4.7326337128761216 33.52453345520189 10.534046361921353 7.8286263530026181 66.63551308499882
leaf_count=1115 278 31523 1536 156 1470 1574 303 4686 7365 1133 63 3001 115 61 193 38 809 30 117 2408 100 821 469 99 79 163 1254 563 566 2296
internal_value=0.000534113 -0.0204631 0.00124347 0.00162348 0.00120706 0.000707654 0.00276755 -0.000628427 -0.0019729 0.00418793 0.0199563 0.000613886 0.0297225 -0.00236672 0.0598535 0.0332803 0.00755598 0.0245162 0.0558856 0.00588336 -0.00149584 -0.00435729 -0.0120644 -0.00211949 0.00326762 0.0292211 -0.00587035 -0.0103713 0.00273699 -0.0116573
internal_weight=738.519 23.2245 715.295 700.919 681.481 655.871 370.853 217.482 285.018 91.2192 16.0083 75.2109 6.15258 69.0583 3.10292 11.1658 153.371 12.5417 4.65332 140.829 54.395 50.9585 33.3561 203.712 83.6704 6.41768 120.042 78.6885 41.3532 77.1696
internal_count=64384 32638 31746 30210 30054 28584 16337 10009 12247 4882 379 4503 1441 3062 308 316 6328 1721 147 4607 2199 2099 1278 9706 4928 242 4778 2958 1820 2859
is_linear=0
shrinkage=0.03


Tree=129
num_leaves=31
num_cat=0
split_feature=27 6 6 4 31 17 17 25 23 13 18 6 3 33 27 24 28 4 17 6 25 28 4 25 25 12 4 20 14 13
split_gain=13.3804 5.1965 3.34642 4.5687 3.7239 3.84879 3.38863 3.38156 4.7252 3.35229 9.72201 10.422 3.97752 7.43164 6.59605 10.5947 7.35834 6.55306 6.05671 7.65775 8.12788 6.0865 5.32812 5.24121 5.22103 5.13823 8.48526 5.59948 5.82082 5.94768
threshold=0.11547619104385377 37.250000000000007 0.84999999403953563 3.4500000476837163 574.83807373046886 -0.22727785259485242 -2.0642153024673457 0.35170558094978338 -0.30252639949321741 -1.6972995996475218 8.5349998474121112 24.849999427795414 -0.51534506678581227 1.2088489532470705 0.45080643892288214 0.27707555890083319 0.31799963116645819 2.9500000476837163 1.4705433249473574 6.1499998569488534 0.20934358239173892 -0.048361575230956071 -1.1500000357627866 0.21837224811315539 0.29251532256603247 -13.682639122009276 7.4500000476837167 -1.9469950199127195 -1.2457978725433347 -1.0660032033920286
decision_type=2 10 8 2 2 2 2 2 2 2 2 10 2 2 2 2 2 2 2 10 2 2 2 2 2 2 2 2 2 2
left_child=1 -1 3 -2 5 -5 7 8 -4 10 11 -8 13 18 15 -15 -16 -14 19 23 -21 -22 -23 -11 -24 26 -19 -27 -29 -30
right_child=2 -3 6 4 -6 -7 9 -9 -10 12 -12 -13 17 14 16 -17 -18 25 -20 20 21 22 24 -25 -26 27 -28 28 29 -31
leaf_value=-0.027482527841582172 -0.020104598640144793 0.02444500319436373 -0.012507475078342413 0.022683024561736646 0.033854279329155856 -0.024963033492031134 -0.0059689890303891184 0.041519613805775658 0.027913972221921452 -0.019616394691526255 0.040153471077662317 0.024365340699876382 -0.013523911118749022 -0.0064339551846376661 0.016292289070612712 0.093163207771955928 -0.025118390784042672 0.045084457335598897 -0.018730863930285009 0.028366886640189725 -0.0086078026640214658 -0.0095662479260225381 0.050117520605297533 0.00089835602848147261 0.0015129695285940538 0.023935874678219497 -0.012140623886506188 -0.01181098896699239 0.014647778507679711 -0.00072584116829870501
leaf_weight=18.544591382611546 13.697236357082149 1.1399670690298069 4.8944066989934063 1.5494525980902834 2.1891254785005003 2.9274450447410336 33.238374312291853 2.6242162270937106 3.7263818481005719 12.914570790657306 6.4357680323882951 13.536255203187464 33.450351062405389 1.4175624353811138 31.258333364035934 1.3613449074327943 3.4850324846338472 4.6826415294781309 11.670895625778938 16.980888503836468 17.167355104116726 3.5977983813500032 4.3257285873405618 57.230745921959169 3.2769025496672839 7.3388854303047983 3.3705486122053117 38.736205558583606 23.20863928005565 350.48624819389079
leaf_count=30465 7104 8 221 113 100 184 792 45 136 2933 270 78 7565 69 540 47 88 78 530 415 347 74 72 3788 50 128 51 583 358 7101
internal_value=0.000347178 -0.0234389 0.00103792 -0.0106598 0.00883821 -0.00734205 0.00139786 0.0170424 0.00605023 0.00111415 0.00827118 0.00313581 0.000493542 0.00448099 0.0160256 0.0540992 0.0115519 -0.0009367 0.0009761 0.00311122 0.0125803 0.00248635 0.0188026 -0.00310128 0.031779 7.67026e-05 0.0224382 -0.000404605 -0.000894573 0.000265495
internal_weight=730.464 19.6846 710.779 20.3633 6.66602 4.4769 690.416 11.245 8.62079 679.171 53.2104 46.7746 625.961 164.687 37.5223 2.77891 34.7434 461.274 127.165 115.494 45.3487 28.3678 11.2004 70.1453 7.60263 427.823 8.05319 419.77 412.431 373.695
internal_count=64333 30473 33860 7501 397 297 26359 402 357 25957 1140 870 24817 8953 744 116 628 15864 8209 7679 958 543 196 6721 122 8299 129 8170 8042 7459
is_linear=0
shrinkage=0.03


Tree=130
num_leaves=31
num_cat=0
split_feature=27 8 6 6 27 13 24 14 6 19 14 13 22 27 29 27 8 29 22 31 29 29 6 0 6 22 26 1 5 15
split_gain=13.1286 6.59901 3.83062 8.72251 7.9944 6.39138 5.1968 5.55976 4.94229 4.84262 4.41826 4.33482 5.09856 6.25935 8.94601 7.99616 5.86665 5.72222 5.62599 8.55597 5.49977 7.99208 4.96192 6.34054 8.46391 6.95729 5.54489 4.91384 4.56926 7.31534
threshold=0.15921659022569659 25.264962196350101 13.050000190734865 14.150000095367433 0.39354838430881506 -0.67199057340621937 1.259327292442322 -0.098698407411575304 11.449999809265138 -1.5792973637580869 -0.67162093520164479 -1.8031802177429197 0.8332369625568391 0.5736559033393861 -0.91595870256423939 0.44274193048477178 3.3216458559036259 -0.70289847254753102 1.0274740457534792 325.12968444824224 -0.64580103754997242 -0.96234029531478871 1.4499999880790713 3.5000000000000004 9.0500001907348651 0.40930554270744329 25.332500457763675 1.8499999642372134 -5.0499999523162833 -0.54534789919853199
decision_type=2 2 8 8 2 2 2 2 10 2 2 2 2 2 2 2 2 2 2 2 2 2 10 2 10 2 2 2 10 2
left_child=1 -1 4 -4 5 10 -5 -8 9 -6 -2 -11 13 15 22 16 -13 -16 19 -14 21 -20 -15 -24 25 26 -25 -22 -18 -30
right_child=2 -3 3 6 8 -7 7 -9 -10 11 -12 12 18 14 17 -17 28 -19 20 -21 27 -23 23 24 -26 -27 -28 -29 29 -31
leaf_value=-0.024952238221153226 -0.0052907686314807231 0.020592723688005396 0.029338316659252722 0.00074293865597553578 -0.020870405595566244 -0.025228255860369076 0.014645425164008307 -0.0038929937466352189 -0.016439943591697079 -0.019769255665182381 0.042302055923969885 -0.01692633965380845 0.051161656605207113 -0.0086581901183176418 -0.018847272703057891 -0.012864978130082652 -0.0077687218161623661 0.013294415116638291 0.016415142938779534 -0.0083550616002521037 -0.015473592441192507 -0.019005197424246108 0.0038428600890407305 0.060927389270346605 -0.010197821639765419 -0.0027683271879724212 0.0077250410997863322 0.047020979768849676 -0.01798023852589168 0.047996648758390922
leaf_weight=23.732340959279103 11.502193806634748 2.4790154834045088 9.7238732071127725 432.27529366285307 6.9557797109009689 20.961334445455577 50.803021826373879 19.753374046762474 13.371800953056661 6.0932710547931483 1.0435720467939962 3.5238130022771648 6.0652610902907309 4.9705705195665351 12.842735636630097 39.953873243532144 2.6097698479425162 6.9181004411075255 11.003179749706762 2.7781447409652174 0.96751834917813795 9.976346872164866 10.878966298652815 9.3224699073471147 2.9663353208452454 2.4720694972202173 2.5105469226837149 3.5200216595549136 1.3590020765550432 6.0304851520340872
leaf_count=34908 2387 30 199 9565 290 7813 942 497 259 183 196 767 204 187 509 2901 89 330 292 141 93 385 284 197 48 46 48 167 78 416
internal_value=0.000406415 -0.0200462 0.00118515 0.00255942 -0.00232157 -0.0154677 0.00198436 0.00947343 0.000391002 0.0019519 0.0014987 0.00316748 0.00429355 0.00100451 0.0082459 -0.00617621 0.0131108 -0.00749639 0.014172 0.0335152 0.00644263 -0.000526569 0.0175826 0.0223541 0.0331655 0.0422362 0.0511213 0.0331827 0.0242726 0.035166
internal_weight=739.364 26.2114 713.153 512.556 200.597 33.5071 502.832 70.5564 167.09 153.718 12.5458 146.762 140.669 106.359 52.8818 53.4769 13.5231 19.7608 34.3105 8.84341 25.4671 20.9795 33.121 28.1504 17.2714 14.3051 11.833 4.48754 9.99926 7.38949
internal_count=64451 34938 29513 11203 18310 10396 11004 1439 7914 7655 2583 7365 7182 5900 1649 4251 1350 839 1282 345 937 677 810 623 339 291 245 260 583 494
is_linear=0
shrinkage=0.03


Tree=131
num_leaves=31
num_cat=0
split_feature=27 6 29 29 20 15 6 18 3 8 6 1 14 6 29 18 0 20 18 29 28 5 1 34 33 3 12 27 27 12
split_gain=11.6694 6.94248 5.72883 11.6552 12.8857 6.58706 6.75118 6.00003 5.28383 8.51979 4.55158 3.74493 3.32028 3.31131 3.77825 6.17392 3.17241 3.49976 3.24226 3.05456 3.97822 3.1989 4.65565 7.30781 5.55356 4.36747 5.82987 4.17641 6.26781 5.5615
threshold=0.15921659022569659 25.44999980926514 0.28313310444355017 0.53312596678733837 0.28463459014892584 -0.29304859042167658 4.7500000000000009 7.4349999427795419 0.66535356640815746 1.6129642128944399 2.6499999761581425 48.750000000000007 1.7847410440444949 90.500000000000014 -0.99983122944831837 0.30500000715255743 9.5000000000000018 -1.2367372512817381 13.045000076293947 -0.15101602673530576 0.97508442401885997 31.44999980926514 43.850000381469734 2.6121995449066167 4.1439275741577157 1.8003689050674441 39.618751525878913 0.19677419215440753 0.29516129195690161 -0.4944444447755813
decision_type=2 10 2 2 2 2 10 2 2 2 8 2 2 10 2 2 2 2 2 2 2 10 2 2 2 2 2 2 2 2
left_child=1 -1 13 4 8 6 7 -5 9 -4 -9 12 -7 14 15 -2 17 -12 -19 20 21 22 27 24 -24 26 -23 29 -29 -16
right_child=2 -3 3 5 -6 11 -8 10 -10 -11 16 -13 -14 -15 19 -17 -18 18 -20 -21 -22 25 23 -25 -26 -27 -28 28 -30 -31
leaf_value=-0.024850609743506787 0.022617640471277529 0.021856699187249546 -0.011408196902560629 0.0018565247539238899 -0.013730731511796662 -0.023125329757387986 -0.0050411004267842639 -0.0031882885593198526 0.021771345568211645 0.09274096128201742 -0.0022595190010865039 0.020616822391687252 0.025201025117792892 0.019241249570715595 -0.016009729115369187 -0.025294290626612162 0.016234996089484061 0.098553368058213006 0.0036451958287588826 -0.01582019195820487 0.03360156435173093 -0.00025318917049598058 0.017190278100321213 -0.011111979804271054 -0.0054203548026027981 0.0046233091885936337 -0.025006092120845341 -0.017761545300090199 0.00036469883187726119 0.050916681467125635
leaf_weight=22.587639474630127 2.2410423010587683 2.4807018954306832 0.60415824985829969 4.5965135746519099 2.8707374806399457 11.597976571589239 9.5766840320429747 1.222558192675933 3.8077239345875569 3.2780048392014578 0.40168890985660244 1.71098232269287 0.60454868542729023 7.0887425765395156 1.1382906765793452 10.345867805124724 1.9012795597664078 1.7741977233090445 0.45630245498614375 9.4612375232391042 2.2556890996638677 16.549470312893391 46.912042878568172 13.664559699594973 11.772086352109907 19.088312849402428 16.792127624154091 16.796414497424848 486.11098694504471 2.1545912251458494
leaf_count=34983 20 20 262 282 366 2310 259 552 103 220 61 9 107 48 870 330 114 205 81 2636 222 79 236 68 61 101 79 4330 14911 599
internal_value=0.000145007 -0.0195674 0.000870839 0.0111798 0.0371925 0.00222806 0.0130266 0.028712 0.0555952 0.077516 0.0467085 -0.0130757 -0.0190036 0.000163948 -7.14315e-05 -0.015727 0.0583088 0.0758628 0.0862761 0.000259131 0.000523939 0.000352708 0.000999716 0.0080634 0.0126397 -0.00667193 -0.0130849 -2.3768e-05 -0.000274739 0.0294413
internal_weight=731.843 25.0683 706.775 44.4034 10.5606 33.8427 19.9292 10.3525 7.68989 3.88216 5.75603 13.9135 12.2025 662.371 655.283 12.5869 4.53347 2.63219 2.2305 642.696 633.235 630.979 578.549 72.3487 58.6841 52.4299 33.3416 506.2 502.907 3.29288
internal_count=64524 35003 29521 4931 951 3980 1554 1295 585 482 1013 2426 2417 24590 24542 350 461 347 286 24192 21556 21334 21075 365 297 259 158 20710 19241 1469
is_linear=0
shrinkage=0.03


Tree=132
num_leaves=31
num_cat=0
split_feature=27 6 1 24 3 14 11 0 23 11 5 5 28 8 17 20 23 6 24 13 20 11 1 29 21 13 14 1 29 6
split_gain=13.4505 7.08199 4.96798 4.96058 3.49508 4.71246 5.84893 5.95007 4.00733 3.49147 5.24593 6.06854 5.21711 7.07756 6.25085 5.19313 5.92905 5.91465 5.82125 6.50047 7.22209 6.32127 6.39741 5.66895 5.79847 7.35772 6.9879 5.9014 6.25225 5.96179
threshold=0.16397849470376971 15.750000000000002 77.149997711181655 2.2271350622177128 -1.1750870943069456 1.5293809771537783 12.076388835906984 5.5000000000000009 2.089649081230164 12.076388835906984 25.300000190734867 22.349999427795414 0.68432405591011058 4.2569549083709726 -1.7622125148773191 -1.840813875198364 0.1149720922112465 4.2500000000000009 0.21122567355632785 1.067498564720154 -0.58673724532127369 10.059027671813967 2.2500000000000004 -0.99761277437210072 0.54382580518722545 -0.77075326442718495 -1.607232332229614 8.2500000000000018 -0.93543598055839527 20.050000190734867
decision_type=2 10 2 2 2 2 2 2 2 2 10 10 2 2 2 2 2 10 2 2 2 2 2 2 2 2 2 2 2 8
left_child=1 -1 3 4 5 8 7 -7 -2 12 11 -11 14 -14 -6 -16 18 -18 19 21 -21 22 -17 -19 -25 26 -26 -27 -29 -30
right_child=2 -3 -4 -5 9 6 -8 -9 -10 10 -12 -13 13 -15 15 16 17 23 -20 20 -22 -23 -24 24 25 27 -28 28 29 -31
leaf_value=-0.027080880730863153 0.0030994826265201727 0.01519317198275363 0.015664095417785961 -0.024841373444708732 0.019726268746744945 0.0026995591234015561 -0.016762417461627689 0.077327791470779686 0.029979009148152286 0.003696563504505835 -0.0068721881900057147 0.03077498949894732 -0.014304438762869041 0.017540487852886512 0.018868570085659005 -0.018420002328447739 -0.015827334578010173 0.023308677999438945 -0.0062305239286442205 0.031085684893366598 -0.021672167925842575 -0.0092365975761096453 0.017623223233027313 -0.017648718677978428 0.012782179426457891 -0.012440022608609779 -0.023035551800211475 -0.0052406880102981324 0.056331267965874392 0.010578036964988562
leaf_weight=21.479844666522698 87.27773271285696 3.5695169963873914 19.872413046658039 5.7226590350037432 9.4900924039538932 1.6106833629892201 1.0609830166213212 1.6969569339416919 4.3246356473537153 209.39551837078761 41.34339601919055 6.7540441267192355 7.5791671075858202 23.736432882200461 7.8127734533627509 4.0936113681527777 62.332614532846492 5.6757921886164686 77.933941739960574 1.936893584206701 11.803406383376565 12.148842394817619 45.085728609468788 22.457116111763753 6.552676634979437 5.2007650024606873 13.790765900048426 4.7873922358267 4.7720450203632909 5.649187653325499
leaf_count=35303 3696 64 126 392 656 175 20 41 101 3358 207 37 2614 808 376 1769 5363 92 4019 89 1030 299 2266 574 125 228 302 82 151 46
internal_value=0.000469745 -0.0207049 0.00124281 0.000806677 0.00105637 0.00633481 0.0337238 0.05005 0.00467853 0.000188989 0.00280619 0.00468051 -0.00183808 0.00962906 -0.00305693 -0.0038621 -0.00455089 -0.00920394 -0.000526471 0.00539937 -0.0126308 0.00957679 0.0143157 -0.00306992 -0.00576464 0.00105 -0.0114402 0.0134527 0.0225283 0.0346269
internal_weight=736.948 25.0494 711.898 692.026 686.303 95.971 4.36862 3.30764 91.6024 590.332 257.493 216.15 332.839 31.3156 301.524 292.034 284.221 131.218 153.002 75.0685 13.7403 61.3282 49.1793 68.8857 63.2099 40.7528 20.3434 20.4094 15.2086 10.4212
internal_count=64409 35367 29042 28916 28524 4033 236 216 3797 24491 3602 3395 20889 3422 17467 16811 16435 6963 9472 5453 1119 4334 4035 1600 1508 934 427 507 279 197
is_linear=0
shrinkage=0.03


Tree=133
num_leaves=31
num_cat=0
split_feature=11 6 27 27 17 20 17 11 3 12 19 22 27 11 15 11 25 3 12 23 17 25 6 1 11 15 19 21 3 29
split_gain=12.1955 4.34312 4.86997 5.26058 4.22476 6.48289 5.21176 5.14138 6.32523 8.11973 6.10933 5.08471 4.91678 7.22002 6.36318 5.09084 4.90692 4.32168 5.22301 4.22566 4.18412 4.17261 5.27785 5.63628 5.06606 7.50513 7.69498 9.01423 6.6554 6.41699
threshold=0.87083333730697643 0.84999999403953563 0.49193547666072851 0.50806450843811046 0.35637857019901281 0.96806222200393688 0.15348152816295627 20.990972518920902 0.66535356640815746 15.13124990463257 0.0082878847606480139 -0.90518102049827565 0.51639783382415783 4.7055554389953622 0.34258162975311285 4.8173611164093026 0.3064828515052796 -2.0190341472625728 -2.1590276956558223 0.95032265782356273 0.2245462164282799 0.23368935286998752 9.3499999046325701 1.6500000357627871 8.1527776718139666 0.13985200971364978 1.0049563646316531 -0.66847354173660267 -0.98495379090309132 1.0000000180025095e-35
decision_type=2 8 2 2 2 2 2 2 2 2 2 2 2 2 2 2 2 2 2 2 2 2 10 2 2 2 2 2 2 2
left_child=-1 2 -2 -4 5 6 21 10 19 -10 -6 16 13 -7 -15 -14 -12 -8 -19 -9 -20 22 -3 -24 29 -26 27 -27 -29 -23
right_child=1 4 3 -5 7 12 17 8 9 -11 11 -13 15 14 -16 -17 -18 18 20 -21 -22 24 23 -25 25 26 -28 28 -30 -31
leaf_value=-0.027737832522185046 -0.023359729156589439 -0.013905741254266959 0.050994182872507184 -0.0049227887186127986 -5.8172929031147915e-05 -0.01349716783271249 0.041205112380834449 0.034628112991807784 -0.024536739605324102 0.013130210133650578 -0.0089430964215371413 -0.017786471654912563 0.04043645585056576 0.056416128494446799 0.012553787796367269 -0.00017918447302564921 0.036504732510826629 -0.0092038858733811107 0.027727856802288144 0.00070279333308453321 0.0059352751264501024 -0.0076234099478366003 0.030740400600718948 -0.0016006046313743979 0.00064048970567824473 0.042583163712392708 -0.0019749932149239059 0.048850662133677246 0.007353355514032555 0.020756648578935069
leaf_weight=11.97539244184736 11.926751314662399 30.642929823399754 0.83899967058095892 7.8316435739398003 257.90963845868828 2.5289019414049099 3.2601192593574515 10.060890528373418 7.1842679267283556 12.899501480162142 4.8267180674301917 31.611948436620878 2.2804595457855639 6.4408292763982882 6.1840002692770213 18.056704553542659 2.4649865307146683 10.137658097781239 12.487863392918369 4.7720988314831621 21.03556855127681 50.778057709685527 4.3406705936649805 51.985451921937056 82.637546356301755 11.645709555479696 18.593798348680139 3.0078786334488532 31.155452854582109 7.3461777275952036
leaf_count=23704 9225 6545 105 616 10206 1322 35 145 65 77 333 1381 126 247 365 345 65 542 461 74 872 3516 88 683 1262 206 359 65 458 1075
internal_value=0.00109387 0.00160634 -0.0116525 0.00520151 0.00200894 0.00418816 0.00288562 -0.00045674 0.0102671 -0.00086853 -0.00174852 -0.0126723 0.0162116 0.0286212 0.0374294 0.00605683 0.00897035 0.0120574 0.0090071 0.0244473 0.0146213 0.00137638 -0.00409977 0.00138446 0.00370634 0.00665767 0.0142507 0.0207381 0.0122923 -0.00374612
internal_weight=738.849 726.873 20.5974 8.67064 706.276 374.546 339.055 331.73 34.9168 20.0838 296.813 38.9037 35.4909 15.1537 12.6248 20.3372 7.2917 46.9212 43.6611 14.833 33.5234 292.134 86.9691 56.3261 205.165 147.04 64.4028 45.809 34.1633 58.1242
internal_count=64568 40864 9946 721 30918 18572 16167 12346 361 142 11985 1779 2405 1934 612 471 398 1910 1875 219 1333 14257 7316 771 6941 2350 1088 729 523 4591
is_linear=0
shrinkage=0.03


Tree=134
num_leaves=31
num_cat=0
split_feature=27 6 28 28 12 27 8 19 16 12 15 17 12 8 34 16 6 5 24 16 34 24 3 19 17 5 8 27 23 28
split_gain=11.4773 4.42077 3.58025 7.70667 6.62573 6.17012 6.88777 6.02412 5.7783 6.6849 5.50934 5.0143 7.37432 4.75808 6.25626 4.81124 4.49834 5.69764 5.40693 5.88491 6.07787 5.41607 7.96354 9.25713 7.80165 6.05019 6.1533 6.11297 5.23316 4.65251
threshold=0.11547619104385377 29.349999427795414 -0.51297807693481434 -0.57780906558036793 -2.3472222089767452 0.55725806951522838 1.7511898279190066 0.39706383645534521 0.12637494504451754 -2.717361211776733 0.26600706577301031 -0.98780161142349232 -6.6118056774139395 7.8027770519256601 1.6494156122207644 -0.12919951230287549 47.750000000000007 -16.150000572204586 0.50072956085205089 -0.0091912453062832338 2.3296622037887578 0.024922490119934086 1.2401131987571719 -1.0039463639259336 -1.0027974247932432 -9.8499999046325666 2.4805904626846318 0.54562214016914379 0.66346079111099254 -0.86976337432861317
decision_type=2 10 2 2 2 2 2 2 10 2 2 2 2 2 2 10 10 8 2 10 2 2 2 2 2 8 2 2 2 2
left_child=1 -1 3 16 7 10 8 -5 9 -7 -4 12 -8 -6 15 -15 17 -2 19 20 21 28 23 29 -25 -26 -27 -28 -19 -23
right_child=2 -3 5 4 13 6 11 -9 -10 -11 -12 -13 -14 14 -16 -17 -18 18 -20 -21 -22 22 -24 24 25 26 27 -29 -30 -31
leaf_value=-0.028426516926434851 -0.017103070775728781 0.015146086126344833 -0.0024000632567479853 0.050322325757177634 -0.01637288643556083 -0.020738696389303875 0.027594918041944833 -0.00032142663634588471 0.039960291299948249 0.028853934121472798 -0.014041861008649011 0.0020871070081308969 -0.01654582337985664 0.00055175357843324584 -0.010757418690151854 0.036666077536668638 0.023087259432542574 -0.0094138920764085792 -0.0054184396795661253 -0.0020836374459794259 -0.018502603285057095 0.027949703052932789 -0.0013243886688515832 -0.016960230491793349 -0.014235379691108791 0.0068463118923571872 0.073383710107305364 0.0050119837543362378 0.022932253541181887 -0.013406648471070639
leaf_weight=15.959139382030118 14.981533804908393 1.7581486329436291 169.04170019648154 6.6386945261619967 5.0340788245666799 4.2161808300297707 2.9956331118010011 2.9052545350859873 6.5888655552407727 3.6171070720301923 45.905391584441531 240.10127633798402 25.215421789558604 5.0462961758021274 5.8235818347893646 8.8822485698619857 6.9229730591177931 11.750775617139881 59.150745704653673 44.450560548517387 4.346360395953524 3.3324046381167136 8.8453009391669166 1.1996767609671248 0.80194975808262825 2.2012756502081148 9.1459878485766222 1.5047631319612254 5.9677792494476298 4.6978195366682503
leaf_count=30603 221 13 10548 308 304 136 68 183 170 109 6233 3100 401 57 53 111 48 1358 3774 4389 111 200 84 183 19 525 375 55 454 168
internal_value=-0.000335494 -0.0235245 0.000274309 0.00351366 0.0163209 -0.00112044 0.00179043 0.0363376 0.0212874 0.00283529 -0.00493987 0.000667283 -0.0110745 0.00750323 0.0140841 0.0244953 0.000984559 -3.11681e-05 0.00169152 0.00598372 0.0125662 0.0156098 0.0228458 0.0318526 0.045167 0.0514106 0.0562388 0.0649833 0.00212369 0.00495013
internal_weight=729.029 17.7173 711.312 213.63 34.3302 497.682 282.734 9.54395 14.4222 7.83329 214.947 268.312 28.2111 24.7862 19.7521 13.9285 179.3 172.377 157.395 98.2447 53.7941 49.4477 31.7292 22.8839 14.8537 13.654 12.852 10.6508 17.7186 8.03022
internal_count=64361 30616 33745 12980 1016 20765 3984 491 415 245 16781 3569 469 525 221 168 11964 11916 11695 7921 3532 3421 1609 1525 1157 974 955 430 1812 368
is_linear=0
shrinkage=0.03


Tree=135
num_leaves=31
num_cat=0
split_feature=27 6 12 20 6 18 29 6 11 6 11 17 15 20 25 17 29 28 30 31 17 17 28 27 25 21 0 21 15 23
split_gain=10.2138 7.25146 4.22117 4.26711 3.79149 3.58104 5.62858 5.51458 7.10403 7.10065 7.76858 8.67219 7.70642 7.22352 7.10129 5.94552 5.76826 10.2181 5.57604 5.80709 6.297 6.27228 6.05357 5.82173 5.46261 6.41897 5.4792 5.02957 4.87 5.08038
threshold=0.18037634342908862 7.5499999523162851 -1.4944444298744199 0.88083669543266307 60.350000381469734 0.30500000715255743 -0.99983122944831837 28.349999427795414 8.7666664123535174 27.349999427795414 7.5409722328186044 -0.0389157086610794 -1.1401489377021787 1.6246397495269778 0.18514761328697207 0.051427412778139121 0.29958851635456091 -0.84315016865730275 1.5000000000000002 450.05897521972662 -0.88295987248420704 -1.4991580843925474 0.52766072750091564 0.5900537669658662 0.20804911851882937 -1.0727198123931883 8.5000000000000018 0.4033504724502564 0.58156219124794017 -0.47430929541587824
decision_type=2 10 2 2 10 2 2 10 2 10 2 2 2 2 2 2 2 2 2 2 2 2 2 2 2 2 2 2 2 2
left_child=1 -1 -3 -4 5 -2 -7 9 -9 10 12 18 14 16 -8 -13 -14 -18 -12 21 23 -20 -22 -21 -15 -26 -27 -23 29 -17
right_child=4 2 3 -5 -6 6 7 8 -10 -11 11 15 13 24 -16 28 17 -19 19 20 22 27 -24 -25 25 26 -28 -29 -30 -31
leaf_value=-0.026055792984625407 0.0049866175246945279 0.050262720816995177 -0.02212349618229955 0.027816889021110618 0.011102213239165633 -0.0228656679804707 0.037919672312060955 0.0057201758788326968 -0.013783668170185275 0.029930644494823026 0.016543324353524933 -0.022039367816352899 -0.012151538435969299 -0.019032134812112175 -0.001271671064552064 0.011845019024785557 0.045494979491598565 -0.0068496073197501185 0.019675914529833555 0.017164185275325837 0.024285091295677467 3.1876575543698154e-05 -0.010929475677159847 -0.02110024340097626 -0.016626616786988135 0.069682041501393358 -0.0038454760645167682 -0.021060229782122138 -0.015126765838787009 -0.0013546252537401341
leaf_weight=21.203166324296038 99.119589352514595 0.79569093114696432 3.0142341377213588 1.5086853685788808 26.578871883451939 9.5585955819697102 5.5083187198033583 23.219367387704551 55.760643437504768 6.2453027591109267 46.604643711238168 11.078741930890827 110.00647417170694 1.6075568282976735 11.365712287020868 32.175553788663819 3.5303485739859743 12.200872835936023 8.1898384240921569 5.1480544464429823 26.559860321460295 28.150643040891737 4.6262398182880125 7.6779629397206008 1.1457858958747236 2.5612801193492492 1.0914179380051789 14.931769875925964 16.841990224551409 124.84613789059222
leaf_count=36615 1402 43 212 55 167 336 394 202 323 44 1246 252 12202 383 625 773 334 2904 189 192 507 793 61 110 130 230 97 372 485 2841
internal_value=-0.000507299 -0.0184323 0.0112732 -0.00344475 0.00020088 -0.000247642 -0.00116397 -0.000754234 -0.0080499 0.000455181 6.37244e-06 0.00259393 -0.00564822 -0.00809953 0.0129276 -0.00168659 -0.00973043 0.00691446 0.00814605 0.00390969 0.0117795 -0.00294189 0.018884 -0.00561122 0.0209032 0.0352571 0.0516076 -0.00759027 -0.000271073 0.00140798
internal_weight=722.853 26.5218 5.31861 4.52292 696.332 669.753 570.633 561.075 78.98 482.095 475.849 326.831 149.018 132.144 16.874 184.942 125.738 15.7312 141.889 95.2844 44.0121 51.2723 31.1861 12.826 6.40604 4.79848 3.6527 43.0824 173.864 157.022
internal_count=64519 36925 310 267 27594 27427 26025 25689 525 25164 25120 7821 17299 16280 1019 4351 15440 3238 3470 2224 870 1354 568 302 840 457 327 1165 4099 3614
is_linear=0
shrinkage=0.03


Tree=136
num_leaves=31
num_cat=0
split_feature=6 3 34 28 28 33 15 18 13 16 16 25 22 24 21 18 33 28 22 3 20 3 13 26 13 21 18 5 1 25
split_gain=8.13735 4.88203 4.7344 4.23483 11.2359 14.1234 6.71014 5.21885 4.20903 5.79997 5.28065 4.38613 4.12607 5.53246 4.89909 4.89865 4.07863 8.60782 7.1246 6.07626 3.89287 6.85015 6.03022 11.1525 9.57087 7.6399 7.29976 6.52341 4.81135 4.55932
threshold=0.84999999403953563 1.4983282685279848 0.18578460812568667 -0.86976337432861317 -0.91597726941108693 0.2223429158329964 1.0435512661933901 12.315000057220461 -1.9801886081695554 -0.11765505373477934 -0.078102700412273393 0.30797183513641363 0.21780753135681155 0.91898947954177868 -0.5239637792110442 9.3350000381469744 1.2382691502571108 -0.95244166254997242 1.1601510643959048 0.27758127450942999 -0.40411855280399317 -0.028383887372910973 -1.0660032033920286 25.332500457763675 -1.5521367192268369 -0.7935410439968108 2.4150000810623173 -14.15000009536743 6.0499999523162851 0.28307934105396276
decision_type=8 2 2 2 2 2 2 2 2 10 10 2 2 2 2 2 2 2 2 2 2 2 2 2 2 2 2 10 2 2
left_child=2 3 -1 4 16 6 -6 20 -3 11 -11 -10 14 -14 15 -12 18 -18 -2 -19 21 22 24 25 -5 28 29 -25 -24 -26
right_child=1 8 -4 7 5 -7 -8 -9 9 10 12 -13 13 -15 -16 -17 17 19 -20 -21 -22 -23 23 27 26 -27 -28 -29 -30 -31
leaf_value=-0.028021742760989773 -0.023837402137569522 0.029022819557971456 -0.002849140184127825 -0.0036539159585723753 0.05645708232428525 -0.0085331631551935887 -0.014938574398377142 -0.015772647733858482 -0.0086323016408181002 0.033376728403360999 0.017343777772166835 0.011378283268571047 -0.0084993629735142413 0.019751069035169599 0.020924120982921731 -0.018189011863115029 -0.022332845722515329 0.06924183934484078 0.020228211003059101 -0.00063317246222828201 0.0013314939473780408 -0.0098506375971864017 -0.0029485738879896344 0.0055403336578356416 -0.011907842237668786 -0.017346729881530108 0.052476189859837076 0.049181100244710597 0.0443427982640026 0.028359364587479403
leaf_weight=13.172309115063401 11.753172947588611 5.7847088348062234 13.275104513944823 15.718906847498149 8.6107869481202179 5.7204528279544311 0.93401703567360606 20.177545762300724 36.15124788301182 6.7883315231301813 5.4583534239791316 12.470949867740272 22.930648468463918 7.4421215528273015 25.107110369746806 6.6166215791890863 2.6336465798085555 1.6845891124103212 3.604129205166827 1.8910680721746755 335.20985112118069 91.11925471201539 4.7386007623863398 12.013936962641308 4.1091799121932109 35.345788653852651 5.9077737335755947 3.3002304339606772 2.1462090054992586 4.2081633981433697
leaf_count=18588 3938 62 5945 607 723 356 207 12373 477 65 40 90 238 71 277 115 341 72 535 113 11799 3300 383 323 68 2424 535 96 55 63
internal_value=7.32893e-05 0.000700976 -0.0159507 -0.000492169 0.00920904 0.0280573 0.0487165 -0.00117726 0.00595393 0.00464333 0.00986203 -0.00337398 0.00704673 -0.00116835 0.0136122 -0.0020288 -0.00478422 0.014274 -0.0128914 0.0402249 -0.000574582 -0.00413938 0.00185297 -0.00383122 0.0125473 -0.0117484 0.029514 0.0173831 0.0155477 0.0093225
internal_weight=726.025 699.577 26.4474 570.827 36.8319 15.2653 9.5448 533.995 128.75 122.965 74.3432 48.6222 67.5549 30.3728 37.1821 12.075 21.5666 6.2093 15.3573 3.57566 513.818 178.608 87.4888 57.5448 29.944 42.2306 14.2251 15.3142 6.88481 8.31734
internal_count=64279 39746 24533 38311 6285 1286 930 32026 1435 1373 806 567 741 309 432 155 4999 526 4473 185 19653 7854 4554 3281 1273 2862 666 419 438 131
is_linear=0
shrinkage=0.03


Tree=137
num_leaves=31
num_cat=0
split_feature=11 3 6 0 5 25 1 5 16 11 1 3 25 1 22 29 6 5 21 31 15 11 34 15 15 6 11 15 15 14
split_gain=11.04 4.30851 3.77531 3.35971 10.4018 4.66924 7.12127 6.15233 4.99776 4.26478 4.2202 7.49125 4.11464 4.11248 3.70169 2.88599 4.50354 4.64954 4.38689 4.87464 3.37485 3.10311 4.75318 3.56472 2.94269 2.80672 2.69566 4.42291 5.47319 5.20254
threshold=1.5881944298744204 -0.96227136254310597 102.54999923706056 2.5000000000000004 -33.649999618530266 0.15835136175155642 10.84999990463257 -6.9500000476837149 -0.056769249960780137 10.768749713897707 1.3499999642372134 -1.2373619079589842 0.10939725115895273 87.500000000000014 2.0886251926422124 -0.95242238044738758 47.750000000000007 38.199998855590827 -0.30352568626403803 299.94718933105474 -0.14814987778663632 12.076388835906984 1.1356409192085268 0.80152088403701793 1.0679761767387392 82.700000762939467 2.8812500238418584 -0.98057687282562245 -1.3681432604789732 -1.1002216339111326
decision_type=2 2 10 2 8 2 2 8 10 2 2 2 2 2 2 2 10 8 2 2 2 2 2 2 2 10 2 2 2 2
left_child=1 -1 3 4 -2 6 7 8 -5 -8 -6 12 -12 14 15 18 17 21 19 -13 -21 23 -23 -17 -25 26 27 28 -7 -30
right_child=2 -3 -4 5 10 25 9 -9 -10 -11 11 13 -14 -15 -16 16 -18 -19 -20 20 -22 22 -24 24 -26 -27 -28 -29 29 -31
leaf_value=0.0065604712243435438 0.022615820513839743 -0.028175948967601293 0.023970407640210571 0.043046671380837849 -0.024151836220395566 -0.019461648326238517 0.03823503662627132 -0.019689209445279986 -0.0083762370657946388 0.0061033315187637976 0.058524577968956229 -0.024210379582513909 0.006752149227387946 0.025591818901643259 0.0291014159607801 -0.014276152377229935 0.028786620171641027 -0.037966943823492291 -0.024170975909052018 0.048672531053999664 -0.0046363461409595942 -0.008031990348452811 0.024547687579191981 0.03733398759695078 -0.014726181511472595 -0.024341939415615056 0.0018354798929117917 -0.019004931605753953 0.066896948335408171 -0.012868069854511279
leaf_weight=3.6008113050484125 10.791034258902071 15.0938792914676 5.5408217385411254 2.5806156005710363 10.789162661851149 1.5244242542539725 9.4391239173710328 7.4509937765833474 2.7228594705811702 6.4600412223953745 1.3136627075728018 1.9634946148726182 4.2142908675596118 2.3145732805132857 1.3096513981872693 23.323241728649027 2.2962031960487357 3.1550794598879213 19.664900448464316 1.4696818656520918 1.6050004205317236 8.4751708785188367 6.1215285062789908 1.4895648848032572 0.91006068335263979 2.8147802650928488 552.91199750814121 11.783345346950226 1.133913239551475 0.70224375612451595
leaf_count=1105 64 30960 35 74 2526 187 254 3524 101 74 48 74 175 14 48 1778 13 16 470 34 74 222 87 85 110 19 17162 4680 140 131
internal_value=0.000664274 -0.0214919 0.0012803 0.00106698 -0.00396359 0.00192138 0.0135305 -0.00315849 0.0195051 0.0263132 -0.00734853 -0.0048004 0.0261359 -0.00742563 -0.00882723 -0.00992938 -0.00527212 -0.00767781 -0.0180177 0.00602511 0.0265365 -0.00444613 0.00632907 -0.0105687 0.0190661 0.00131604 0.00148573 -0.0106064 0.0164469 0.0426097
internal_weight=724.966 18.6947 706.271 700.731 101.206 599.524 28.6536 12.7545 5.30348 15.8992 90.4153 79.6261 5.52795 74.0982 71.7836 70.4739 45.7708 43.4746 24.7031 5.03818 3.07468 40.3196 14.5967 25.7229 2.39963 570.871 568.056 15.1439 3.36058 1.83616
internal_count=64284 32065 32219 32184 5838 26346 4027 3699 175 328 5774 3248 223 3025 3011 2963 2311 2298 652 182 108 2282 309 1973 195 22319 22300 5138 458 271
is_linear=0
shrinkage=0.03


end of trees

feature_importances:
fc_jump_abs=324
clim_wet_frac=249
forecast_rain=228
fc_region_mean=224
fc_neighbor_std=206
fc_clim_ratio=203
fc_jump=197
month_sin=175
dewpoint_depression=172
mslp_region_z=156
month_cos=156
hist_bust_rate=154
dewpoint_z=152
mslp_tendency=141
temp_z=138
lead_day=117
elev_x_fc=114
era5_tp_rel=111
wind_speed_z=108
mslp_z=103
surface_pressure_z=103
fc_region_dev=101
wind_v_z=98
wind_u_z=96
dewpoint_depression_z=92
elevation_proxy_m=73
fc_log1p=49
coastal_x_fc=40
bust_threshold_mm=26
region_id=19
fc_minus_rain_threshold=11
coastal=4

parameters:
[boosting: gbdt]
[objective: binary]
[metric: binary_logloss]
[tree_learner: serial]
[device_type: cpu]
[data_sample_strategy: bagging]
[data: ]
[valid: ]
[num_iterations: 3000]
[learning_rate: 0.03]
[num_leaves: 31]
[num_threads: 0]
[seed: 0]
[deterministic: 0]
[force_col_wise: 0]
[force_row_wise: 0]
[histogram_pool_size: -1]
[max_depth: -1]
[min_data_in_leaf: 50]
[min_sum_hessian_in_leaf: 0.001]
[bagging_fraction: 0.8]
[pos_bagging_fraction: 1]
[neg_bagging_fraction: 1]
[bagging_freq: 1]
[bagging_seed: 7719]
[bagging_by_query: 0]
[feature_fraction: 0.8]
[feature_fraction_bynode: 1]
[feature_fraction_seed: 2437]
[extra_trees: 0]
[extra_seed: 11797]
[early_stopping_round: 0]
[early_stopping_min_delta: 0]
[first_metric_only: 0]
[max_delta_step: 0]
[lambda_l1: 0]
[lambda_l2: 1]
[linear_lambda: 0]
[min_gain_to_split: 0]
[drop_rate: 0.1]
[max_drop: 50]
[skip_drop: 0.5]
[xgboost_dart_mode: 0]
[uniform_drop: 0]
[drop_seed: 21238]
[top_rate: 0.2]
[other_rate: 0.1]
[min_data_per_group: 100]
[max_cat_threshold: 32]
[cat_l2: 10]
[cat_smooth: 10]
[max_cat_to_onehot: 4]
[top_k: 20]
[monotone_constraints: ]
[monotone_constraints_method: basic]
[monotone_penalty: 0]
[feature_contri: ]
[forcedsplits_filename: ]
[refit_decay_rate: 0.9]
[cegb_tradeoff: 1]
[cegb_penalty_split: 0]
[cegb_penalty_feature_lazy: ]
[cegb_penalty_feature_coupled: ]
[path_smooth: 0]
[interaction_constraints: ]
[verbosity: -1]
[saved_feature_importance_type: 0]
[use_quantized_grad: 0]
[num_grad_quant_bins: 4]
[quant_train_renew_leaf: 0]
[stochastic_rounding: 1]
[linear_tree: 0]
[max_bin: 255]
[max_bin_by_feature: ]
[min_data_in_bin: 3]
[bin_construct_sample_cnt: 200000]
[data_random_seed: 38]
[is_enable_sparse: 1]
[enable_bundle: 1]
[use_missing: 1]
[zero_as_missing: 0]
[feature_pre_filter: 1]
[pre_partition: 0]
[two_round: 0]
[header: 0]
[label_column: ]
[weight_column: ]
[group_column: ]
[ignore_column: ]
[categorical_feature: ]
[forcedbins_filename: ]
[precise_float_parser: 0]
[parser_config_file: ]
[objective_seed: 8855]
[num_class: 1]
[is_unbalance: 0]
[scale_pos_weight: 1]
[sigmoid: 1]
[boost_from_average: 1]
[reg_sqrt: 0]
[alpha: 0.9]
[fair_c: 1]
[poisson_max_delta_step: 0.7]
[tweedie_variance_power: 1.5]
[lambdarank_truncation_level: 30]
[lambdarank_norm: 1]
[label_gain: ]
[lambdarank_position_bias_regularization: 0]
[eval_at: ]
[multi_error_top_k: 1]
[auc_mu_weights: ]
[num_machines: 1]
[local_listen_port: 12400]
[time_out: 120]
[machine_list_filename: ]
[machines: ]
[gpu_platform_id: -1]
[gpu_device_id: -1]
[gpu_device_id_list: ]
[gpu_use_dp: 0]
[num_gpu: 1]

end of parameters

pandas_categorical:[]
