tree
version=v4
num_class=1
num_tree_per_iteration=1
label_index=0
max_feature_idx=34
objective=binary sigmoid:1
feature_names=lead_day forecast_rain fc_log1p fc_clim_ratio fc_minus_rain_threshold fc_jump fc_jump_abs fc_jump_gap fc_neighbor_std fc_spread fc_spread_rel fc_region_mean fc_region_dev mslp_z surface_pressure_z mslp_region_z mslp_tendency dewpoint_z dewpoint_depression dewpoint_depression_z temp_z wind_u_z wind_v_z wind_speed_z era5_tp_rel hist_bust_rate bust_threshold_mm clim_wet_frac month_sin month_cos region_id elevation_proxy_m coastal coastal_x_fc elev_x_fc
feature_infos=[1:10] [0:151.18659973144531] [0:5.0251073837280273] [-3.1340296268463135:3.5166671276092529] [-2.5:148.68659973144531] none none none [0:77.552902221679688] none none [0:46.615840911865234] [-41.319618225097656:109.27687835693359] [-2.950573205947876:2.8848624229431152] [-2.9223754405975342:2.8956522941589355] [-2.6326773166656494:2.4222211837768555] none none none none none [-3.4052221775054932:3.5676620006561279] [-3.5688960552215576:3.6809761524200439] [-3.3098928928375244:3.6767451763153076] [0:2.995732307434082] [0.06482958048582077:0.44407525658607483] [25:40.192535400390625] [0:0.99473685026168823] [-0.99983298778533936:0.99993008375167847] [-0.99997919797897339:0.99940818548202515] [0:3] [49.540878295898438:4090.636474609375] [0:1] [0:4.7636942863464355] [0:13.893327713012695]
tree_sizes=3335 3409 3422 3421 3416 3418 3426 3424 3442 3425 3437 3450 3444 3420 3449 3439 3447 3449 3456 3453 3439 3433 3443 3429 3442 3452 3454 3454 3444 3431 3448 3452 3452 3457 3464 3462 3468 3455 3475 3451 3445 3465 3456 3434 3453 3467 3467 3463 3467 3457 3468 3461 3468 3461 3469 3461 3490 3469 3474 3484 3472 3463 3467 3475 3471 3459 3461 3463 3466 3467 3473 3454 3462 3464 3481 3469 3480 3474 3462 3459 3492 3479 3471 3485 3473 3470 3460 3465 3485 3487 3462 3477 3499 3483 3486 3477 3478 3477 3466 3494 3468 3474 3478 3478 3471 3479 3469 3497 3495 3489 3490 3497 3483 3472 3471 3482 3480 3471 3488 3474 3481 3479 3497 3480 3486 3485 3500 3478 3479 3483 3476 3470 3486 3488 3467 3491 3484 3476 3486 3485 3509 3484 3493 3498 3499 3474 3456 3484 3456 3512 3499 3493 3494 3485 3478 3505 3499 3473 3489 3474 3493

Tree=0
num_leaves=31
num_cat=0
split_feature=1 27 4 31 27 25 3 26 0 32 4 34 27 15 8 0 14 27 8 26 27 12 4 34 29 28 27 8 31 25
split_gain=8886.29 952.805 501.607 307.689 216.288 172.157 131.956 81.2989 65.7099 61.4856 105.996 58.6341 47.8933 34.92 29.5555 26.7428 26.026 24.5554 22.4903 25.6657 20.1672 16.887 21.1616 16.3118 18.9532 18.7968 16.0804 14.5269 14.1811 13.8909
threshold=33.519430160522468 0.95000001788139354 22.462359428405765 352.47375488281256 0.47631579637527471 0.26713037490844732 -1.5836307406425474 28.684413909912113 4.5000000000000009 1.0000000180025095e-35 2.517426729202271 2.1461874246597294 0.89210525155067455 -1.0683219432830808 3.5705804824829106 5.5000000000000009 0.86172994971275341 0.82631579041481029 2.9046206474304204 26.599737167358402 0.75526317954063427 -12.113187313079832 -0.82628488540649403 1.950153172016144 -0.81550848484039296 -0.70130121707916249 0.31052631139755255 1.98871386051178 563.36389160156261 0.23221985995769504
decision_type=2 2 2 2 2 2 2 2 2 2 2 2 2 2 2 2 2 2 2 2 2 2 2 2 2 2 2 2 2 2
left_child=1 2 4 5 14 6 -3 8 17 15 -11 -5 16 -8 21 -6 18 -4 -12 20 -20 22 -1 28 29 27 -16 -26 -17 -25
right_child=-2 3 7 11 9 -7 13 -9 -10 10 12 -13 -14 -15 26 23 -18 -19 19 -21 -22 -23 -24 24 25 -27 -28 -29 -30 -31
leaf_value=-4.2290103718557424 -3.3669078773130683 -4.1551735847671569 -4.071857947250666 -4.2320020532711737 -4.223210033435203 -4.1881653949665152 -4.1181500201553316 -4.224571664722002 -3.8973967337970712 -4.2096606042897182 -4.1697671904063132 -4.056389322838549 -4.0290966525894234 -3.7233606222982818 -4.2180074072375158 -4.1971590659845122 -4.2159261633042036 -4.2236112669952508 -4.05002769029071 -4.2242969704907045 -4.1604040484223184 -4.2362266835167945 -4.1018932808308497 -4.0752563327157727 -4.2167824870726642 -4.2290944006872966 -4.1674563774540374 -4.1161464367315297 -4.2317030134713303 -4.1937916682978313
leaf_weight=2.2678409256041054 10.154727201908825 1.1700325794517983 2.42673423886299 3.8134395182132721 72.45535084605217 1.4011501260101793 0.7511320263147353 1.2133671194314954 3.9289982914924622 36.689910516142845 12.133671194314966 1.8056058324873445 2.7300760187208644 4.5934612378478041 18.214951638132337 48.563574470579624 4.3767885379493228 1.0689186528325079 4.7379097044467908 1.1700325794517983 3.6256565116345882 599.02779098600149 0.98224957287311454 1.7622712925076478 1.8056058324873436 5.5468211174011222 7.049085170030593 2.4411790855228901 12.65368567407131 1.7044919058680532
leaf_count=157 703 81 168 264 5016 97 52 84 272 2540 840 125 189 318 1261 3362 303 74 328 81 251 41470 68 122 125 384 488 169 876 118
internal_value=-4.20823 -4.21911 -4.22321 -3.97823 -4.22566 -3.86815 -3.8111 -4.00794 -3.97476 -4.19952 -4.17558 -4.16121 -4.13352 -3.75596 -4.23451 -4.21034 -4.15068 -4.11144 -4.13772 -4.10443 -4.0877 -4.23584 -4.17469 -4.19778 -4.16887 -4.19382 -4.2029 -4.15248 -4.20457 -4.11733
internal_weight=872.267 862.112 848.577 13.5348 839.939 7.91578 6.51463 8.63802 7.42465 212.397 65.464 5.61905 28.7741 5.34459 627.542 146.933 26.0441 3.49565 21.6673 9.5336 8.36357 602.278 3.25009 74.4776 13.2604 9.79361 25.264 4.24678 61.2173 3.46676
internal_count=60386 59683 58746 937 58148 548 451 598 514 14704 4532 389 1992 370 43444 10172 1803 242 1500 660 579 41695 225 5156 918 678 1749 294 4238 240
is_linear=0
shrinkage=1


Tree=1
num_leaves=31
num_cat=0
split_feature=1 27 1 30 3 32 13 8 11 4 27 34 28 8 12 13 23 30 11 11 12 25 28 34 11 23 28 3 8 25
split_gain=4415.96 639.395 314.676 167.114 156.288 93.3098 75.2639 73.2162 64.0832 62.4888 41.5858 36.4668 33.5881 27.428 30.5137 25.8126 23.4278 26.3528 38.3276 20.3722 17.3816 17.2157 17.0394 32.0725 26.7987 17.2684 14.6279 14.2651 12.9848 12.2054
threshold=30.17441558837891 0.95000001788139354 4.0223710536956796 2.5000000000000004 1.5471088290214541 1.0000000180025095e-35 0.77782511711120617 4.0492088794708261 10.937809467315676 22.462359428405765 0.46052631735801702 2.3678934574127202 -0.7878933548927306 8.2690963745117205 1.1807479262351992 0.470775917172432 0.69787979125976574 2.5000000000000004 4.8888726234436044 11.344287395477297 6.9599246978759775 0.23797181993722918 0.43442112207412725 2.3678934574127202 10.937809467315676 -0.87785953283309925 -0.049434980377554887 0.12511552870273593 1.2794821262359621 0.2037037014961243
decision_type=2 2 2 2 2 2 2 2 2 2 2 2 2 2 2 2 2 2 2 2 2 2 2 2 2 2 2 2 2 2
left_child=1 2 10 6 8 9 28 16 -2 13 -1 -5 -9 22 -15 26 21 18 -18 -12 -8 -7 23 -4 -25 -26 -14 -27 -3 -11
right_child=4 3 5 11 -6 7 20 12 -10 29 19 -13 15 14 -16 -17 17 -19 -20 -21 -22 -23 -24 24 25 27 -28 -29 -30 -31
leaf_value=-0.028269900794699113 0.12187310000676711 0.099114996525662247 -0.0055299707129095399 -0.024021435292858773 0.51135462446537505 0.0022291112225977165 -0.0068208049990149764 0.036643389820081772 0.32590791687766635 0.035223581867627272 -0.010734867101076734 0.11651364604955093 0.21831501885822649 0.097564056371160682 0.0062235706634223772 0.031531332880898877 0.014633017258181336 -0.01014286119581591 0.18249499429462207 0.038632363236123145 0.12376614924752601 0.052092358682386583 -0.025409985563579665 0.0094595800330968139 0.15779127083223157 0.092380735087915819 0.076486983058874095 -0.0013452615971512991 0.311299394819261 0.13202266056744225
leaf_weight=553.6770054679364 3.3259753743186655 1.5484622670337538 78.495392930693924 3.7434761105105272 7.8521342845633617 20.121443705633286 1.5491801202297213 4.3698546951636663 14.806951227597891 3.1143913725391021 85.783567303791642 1.6559981256723402 3.4631888335570684 4.3936536284163585 8.8293546615168434 1.9103974821045993 2.3367173140868536 1.9764480693265793 2.1012350721284747 7.2579483101144424 0.94675960391759861 8.0904619470238668 22.950174840167165 11.790757432579996 1.233494817279279 1.6901477770879854 2.6504504960030308 3.1382393436506391 6.0203126296401024 2.8783576833084226
leaf_count=39380 128 82 5480 264 258 1355 86 279 522 186 5968 99 217 304 611 124 158 135 137 503 44 543 1616 815 83 114 172 215 296 162
internal_value=0.000376289 -0.0116367 -0.0152815 0.173533 0.378187 0.0190844 0.240545 0.05513 0.296809 0.0065409 -0.0251548 0.0305517 0.115137 0.00191424 0.0412993 0.149086 0.0310226 0.0788461 0.113055 -0.006514 0.0639472 0.0178224 -0.00275822 0.00284304 0.0379985 0.0843085 0.176224 0.0416841 0.284523 0.093948
internal_weight=873.702 847.717 832.253 15.4642 25.9851 185.534 10.0647 47.0202 18.1329 138.514 646.719 5.39947 12.3939 132.521 13.223 8.02404 34.6263 6.4144 4.43795 93.0415 2.49594 28.2119 119.298 96.348 17.8526 6.06188 6.11364 4.82839 7.56877 5.99275
internal_count=60336 59428 58557 871 908 12706 508 3120 650 9586 45851 363 792 9238 915 513 2328 430 295 6471 130 1898 8323 6707 1227 412 389 329 378 348
is_linear=0
shrinkage=0.03


Tree=2
num_leaves=31
num_cat=0
split_feature=4 27 11 4 25 8 12 25 26 32 32 12 29 12 23 34 11 15 0 27 22 14 12 8 14 27 24 15 24 12
split_gain=3114.21 543.786 243.531 221.835 136.652 75.6002 48.5881 43.9097 50.2338 41.6748 34.6757 55.2092 25.0053 24.8861 22.0179 18.1814 27.8117 17.8305 27.5952 17.7127 17.5185 17.0907 16.9235 19.2211 15.0315 14.6107 30.2846 19.5778 17.6298 18.4593
threshold=22.462359428405765 0.95000001788139354 3.8335590362548833 43.433244705200202 0.13411159068346026 6.7658143043518075 1.1005998253822329 0.26713037490844732 26.145477294921879 1.0000000180025095e-35 1.0000000180025095e-35 1.0384851694107058 -0.78457182645797718 0.3259886652231217 1.7213338017463686 2.3678934574127202 10.335773944854738 0.21901734918355945 4.5000000000000009 0.47631579637527471 -0.25597092509269709 0.42430664598941809 9.6116218566894549 3.4441859722137456 -0.81260138750076283 0.62894734740257274 0.10671400651335718 0.072101768106222167 0.98257541656494152 -4.1392962932586661
decision_type=2 2 2 2 2 2 2 2 2 2 2 2 2 2 2 2 2 2 2 2 2 2 2 2 2 2 2 2 2 2
left_child=1 2 19 22 -3 10 -6 8 -8 13 15 25 -11 17 20 -4 -17 -7 -19 -1 -13 -10 -2 -24 -18 -12 27 -27 -28 -30
right_child=3 4 5 -5 6 9 7 -9 21 12 11 14 -14 -15 -16 16 24 18 -20 -21 -22 -23 23 -25 -26 26 28 -29 29 -31
leaf_value=-0.029129772636772907 0.090637618777000245 -0.022682405190836391 -0.0094024406430161366 0.35575784810066502 0.048782402280349038 0.032278439329897997 0.12758422642950482 0.033534595483264075 0.36830641214697568 0.1675137741321113 -0.005348779711301363 0.0926154412763735 0.026724593400246119 0.0065501732276538206 0.17754887020468971 -0.0074687792538767304 0.12466413306027468 0.000106382349977261 0.19235755670501969 -0.011893257646902456 0.018613777381155536 0.1124535403298253 0.089400006421888834 0.2091607427718051 0.030940976778781812 0.0013960194930236066 -0.0075149682345313296 0.17267258926832624 -0.017866895125556909 0.10184171307635123
leaf_weight=509.93222024291754 3.9453927827998987 2.9229443166404954 127.38773216865957 11.395586878061293 2.4082855144515625 5.222655648365623 4.4977519791573268 1.3488475354388345 2.9853608570992947 3.243671010248363 32.493497977033257 4.8519486971199504 2.1541468426585189 12.795870887115596 0.87677754554897624 13.383613550104203 1.516847572289407 0.97776766400784287 1.156188305467367 62.093074473552406 6.9514039242640111 1.5188525505363939 3.4922661753371385 27.465034085325897 6.8237093482166511 0.89753058739006764 12.088068875484167 0.92213450558483601 1.417072248645127 2.1775187319144598
leaf_count=37250 172 206 9030 238 131 344 186 75 114 183 2283 300 134 880 51 937 98 65 75 4323 439 67 125 883 452 59 797 61 93 139
internal_value=0.000334226 -0.0132219 -0.0166968 0.237079 0.15637 0.00882475 0.196055 0.223004 0.245203 0.0565477 0.00282871 0.0213686 0.124287 0.0333858 0.0747951 -0.00505458 0.0197325 0.0736934 0.132411 -0.0272828 0.0538911 0.318136 0.189502 0.198871 0.0595076 0.00661743 0.0279214 0.118648 0.0109132 0.0610323
internal_weight=871.344 825.045 809.363 46.2983 15.682 237.338 12.7591 10.3508 9.00197 25.5503 211.788 62.676 5.39782 20.1525 12.6801 149.112 21.7242 7.35661 2.13396 572.025 11.8034 4.50421 34.9027 30.9573 8.34056 49.9958 17.5023 1.81967 15.6827 3.59459
internal_count=60190 58772 57993 1418 779 16420 573 442 367 1681 14739 4222 317 1364 790 10517 1487 484 140 41573 739 181 1180 1008 550 3432 1149 120 1029 232
is_linear=0
shrinkage=0.03


Tree=3
num_leaves=31
num_cat=0
split_feature=4 33 27 11 1 31 31 22 34 29 11 27 24 4 27 33 22 3 30 33 1 3 22 28 15 14 24 31 28 21
split_gain=2280.71 519.184 183.089 128.931 91.8357 78.2072 75.6166 53.2115 47.2837 42.0447 27.7102 25.7093 21.5486 20.379 19.7134 22.6733 18.1535 17.9461 17.625 28.6207 16.483 16.5886 15.6655 15.5792 14.2043 17.97 16.2465 13.3393 14.7727 13.3034
threshold=22.462359428405765 1.9276640415191653 0.89210525155067455 3.7320290803909306 38.073665618896491 334.49572753906256 364.99380493164068 -1.0879923105239866 2.3678934574127202 -0.90066882967948902 15.507907867431642 0.77105262875556957 0.62241289019584667 0.34697802364826208 0.73947367072105419 2.2328740358352666 -0.50625678896903981 1.3698779344558718 1.5000000000000002 0.36832667887210851 6.7721362113952646 0.23754105716943744 0.35996134579181677 -0.59262362122535694 -1.5229355096817014 -1.7611994743347166 0.67603793740272533 1457.0352172851565 -0.91978326439857472 0.23429387807846072
decision_type=2 2 2 2 2 2 2 2 2 2 2 2 2 2 2 2 2 2 2 2 2 2 2 2 2 2 2 2 2 2
left_child=1 3 7 11 5 -2 -7 14 18 20 27 -1 -9 -13 15 -3 -4 -6 19 24 -10 -22 -12 -15 25 -5 -27 28 -11 -21
right_child=4 2 16 8 17 6 -8 12 9 10 22 13 -14 23 -16 -17 -18 -19 -20 29 21 -23 -24 -25 -26 26 -28 -29 -30 -31
leaf_value=-0.028364509950988985 0.19455383206235496 0.026786215255960845 0.088000635546252301 -0.0098872993690045079 0.1605440445273448 -0.01090729017611892 0.12437759301205187 -0.0016191307757091149 0.0030887532872515035 0.10356073470831954 0.00049436560160240968 -0.018154247995385595 0.050682282766954981 0.096906882817965639 0.012186628650746083 0.21954456731056796 0.1973774675555364 0.2569701892314436 -0.01314132852559266 0.082862557691002092 0.13334690265410248 0.014959424016392714 0.15120585411527185 -0.0027460724765462526 -0.0056753001484693205 -0.003963377393217578 0.1223390047166589 -0.015316376064266599 -0.000771005496960878 0.0018693510847966929
leaf_weight=541.21428017225116 12.028017796576025 1.1027987059205804 4.5560082616284481 3.3993637226521969 10.861181575804951 4.9770070035010603 12.122051402926443 14.597579766064884 1.697238626889886 1.0178356301039455 0.9523244285956014 6.3595598665997368 12.67584190238267 2.5359251443296671 1.1188939409330485 1.5208918927237389 9.5139187164604646 16.122309178113937 111.7697995249182 4.828129641711711 4.6773829497396946 1.6511666504666207 0.81870544794946909 2.2611339772120118 60.805812202394009 1.2829655222594731 1.7518950784578917 14.891790992580352 3.0576923955231967 2.7258924460038543
leaf_count=40473 371 66 166 236 202 170 401 915 119 65 61 445 770 165 65 80 340 251 7922 328 265 106 48 146 4302 91 122 1035 208 185
internal_value=-0.00105929 -0.0139191 0.0839217 -0.0197669 0.182203 0.136142 0.0865734 0.0407129 -7.04617e-05 0.0350574 0.0109668 -0.0274311 0.0236218 0.0164596 0.134019 0.168274 0.17015 0.225282 -0.00564445 0.00558421 0.0891947 0.108715 0.099589 0.0575637 -0.000976678 0.0382176 0.0811963 -0.0018813 0.0405554 0.0572712
internal_weight=868.895 812.785 45.0859 767.699 56.1106 29.1271 17.0991 31.016 215.328 28.7641 20.7383 552.371 27.2734 11.1566 3.74258 2.62369 14.0699 26.9835 186.564 74.7941 8.02579 6.32855 1.77103 4.79706 67.24 6.43422 3.03486 18.9673 4.07553 7.55402
internal_count=60119 58724 2402 56322 1395 942 571 1896 15093 1907 1417 41229 1685 756 211 146 506 453 13186 5264 490 371 109 311 4751 449 213 1308 273 513
is_linear=0
shrinkage=0.03


Tree=4
num_leaves=31
num_cat=0
split_feature=1 33 27 27 1 22 22 1 11 28 34 33 15 15 27 25 26 25 28 3 28 25 8 21 22 15 1 23 29 8
split_gain=1903.77 520.16 141.688 126.917 71.3848 51.4235 26.4368 25.9962 24.8009 23.9523 25.7861 30.551 26.5096 36.2874 22.6571 21.932 32.0242 77.0563 21.3811 20.062 17.6062 16.2185 21.108 19.2027 18.0149 17.0775 18.0851 17.3964 17.6132 15.7712
threshold=23.556706428527836 1.9118178486824038 0.89210525155067455 0.47631579637527471 38.073665618896491 -1.0879923105239866 1.0454362630844118 30.17441558837891 15.094107151031496 0.43442112207412725 1.950153172016144 1.0465660095214846 0.49950365722179418 0.23660612851381305 0.67105263471603405 0.26126764714717871 26.145477294921879 0.16707278043031695 -0.13505011796951291 -0.85146379470825184 -0.11798679083585738 0.2578341811895371 1.196966886520386 -1.5405887365341184 -0.65384450554847706 -0.6288856267929076 8.6698055267334002 -0.18466953188180921 -0.78457182645797718 8.2690963745117205
decision_type=2 2 2 2 2 2 2 2 2 2 2 2 2 2 2 2 2 2 2 2 2 2 2 2 2 2 2 2 2 2
left_child=1 3 5 8 6 -3 7 -2 -1 10 11 21 13 19 -15 16 17 -4 -10 -13 -12 -5 23 -23 -24 -26 27 -27 -29 -9
right_child=4 2 15 9 -6 -7 -8 29 18 -11 20 12 -14 14 -16 -17 -18 -19 -20 -21 -22 22 24 -25 25 26 -28 28 -30 -31
leaf_value=-0.027239832763827548 0.059918936759914297 0.13058428830351149 0.20929464957788166 -0.011870532225117339 0.18464196483592121 0.024861597664450584 0.17789061759594135 0.071008778689559196 0.0954888220494442 -0.028936564345873217 0.016743653724768274 0.066931335727192051 -0.012430916199518124 0.0024589093016277792 0.18447601775433919 0.026250676520003364 0.21058107798704362 0.024199353949755763 -0.02102911961504577 -0.0070812928643429985 0.076453290458342579 0.089383259771447537 -0.01714810118474 -0.013624825368833048 -0.019680519784867182 0.026788669986558253 0.010669119132343276 0.17764546335419573 0.02269436660160723 0.14997379738735819
leaf_weight=558.86531604547054 13.884632758796217 4.0281170466914764 2.5000164639204758 87.903154606930912 32.428041692823172 28.260682039894164 5.8892867211252442 6.91331369429827 1.8615221390500662 19.415426800958812 15.524159353226425 5.1634047254920006 7.3432895606383672 0.83692900836467687 1.6537930937483905 1.64580713585019 6.9400067999958983 5.5371021162718534 2.2306910846382371 6.7182899629697221 5.7331923618912688 0.75623298902064817 3.5468264799565068 22.228358002379537 1.828084647655486 2.6772600719705206 3.3889184556901455 2.0296088298782688 1.2666913345456143 9.9052679203450662
leaf_count=42857 584 209 87 6254 453 1715 182 164 121 1405 1005 334 494 58 105 74 170 185 152 454 327 53 249 1586 127 189 236 140 89 214
internal_value=-0.000237478 -0.0133523 0.0804672 -0.0195618 0.149771 0.0415774 0.114779 0.0974441 -0.0266781 0.0017747 0.00546111 0.000908348 0.032939 0.0554205 0.14154 0.149362 0.160401 0.0985633 0.0403174 0.0277812 0.035559 -0.00484491 0.0114106 -0.00665029 0.0382112 0.0557246 0.0709263 0.0986793 0.137243 0.123322
internal_weight=868.903 799.883 48.9117 750.971 69.0205 32.2888 36.5925 30.7032 562.958 188.014 168.598 147.341 21.7157 14.3724 2.49072 16.6229 14.9771 8.03712 4.09221 11.8817 21.2574 125.625 37.722 22.9846 14.7374 11.1906 9.36248 5.97356 3.2963 16.8186
internal_count=60272 58675 2440 56235 1597 1924 1144 962 43130 13105 11700 10368 1445 951 163 516 442 272 273 788 1332 8923 2669 1639 1030 781 654 418 229 378
is_linear=0
shrinkage=0.03


Tree=5
num_leaves=31
num_cat=0
split_feature=1 33 4 33 11 27 0 30 29 0 33 30 27 34 21 28 21 15 14 27 3 33 3 11 12 28 0 34 11 11
split_gain=1690.94 298.593 183.313 115.718 96.6339 70.9132 39.5176 28.7546 30.3015 22.589 21.3928 23.6592 20.1084 20.2005 18.8964 19.0131 16.6718 16.4319 34.2091 15.7531 15.0001 31.3156 15.0223 22.9189 14.5731 16.2497 14.3183 12.5598 11.8039 11.5969
threshold=15.815159320831301 1.6911399364471438 27.359115600585941 2.8613294363021855 3.3181207180023198 0.89210525155067455 4.5000000000000009 1.5000000000000002 -0.63753294944763172 4.5000000000000009 0.36832667887210851 1.5000000000000002 0.43684209883213049 1.950153172016144 -0.43719244003295893 -0.9128984510898589 -0.084203232079744325 -1.6421105265617368 -1.6544100642204282 0.81315788626670849 1.0444862842559817 3.5814814567565922 0.35448649525642401 17.176493644714359 -0.54280292987823475 -0.16905184835195539 9.5000000000000018 0.77147418260574352 10.782648086547853 10.782648086547853
decision_type=2 2 2 2 2 2 2 2 2 2 2 2 2 2 2 2 2 2 2 2 2 2 2 2 2 2 2 2 2 2
left_child=1 4 3 14 -1 7 -7 8 -3 17 12 26 -11 27 28 -16 -8 18 -6 -5 22 29 -4 -24 -17 -26 -12 -14 -2 -22
right_child=2 5 20 19 9 6 16 -9 -10 10 11 -13 13 -15 15 24 -18 -19 -20 -21 21 -23 23 -25 25 -27 -28 -29 -30 -31
leaf_value=-0.027731757700804674 0.038756285312256958 0.13046088717996385 0.15397846565718276 0.065932373504604375 -0.013262244598475879 0.032212106661509553 0.17720085905608374 0.016291779455444598 0.010016938724612163 -0.017690620276300133 0.10956609401707933 0.012579395270455427 0.013942356684716353 0.045153770406934454 0.11635716914204634 0.10504868723743437 0.067220967932792877 -0.019145556820823386 0.13441533242719972 0.15880670373173417 0.089305070850660515 0.071063248173598353 0.026566573914691461 0.11019543950878799 -0.009203041503433337 0.047883383217689916 -0.01352928054188648 -0.014942141701562927 -0.015564645022314848 0.17538803138692666
leaf_weight=506.64811002090573 4.6341938693076363 3.6599979382008314 5.1387770846486118 4.5931670116260639 4.2674494171515107 5.1718886392191044 5.3344963518902651 31.695217384025455 3.4525849213823667 36.774339930154383 3.5020749019458917 13.657376275397835 31.454059080220759 10.89994664210826 2.4739960376173249 1.4380082944408084 3.8855490069836369 73.501517377793789 1.0041292244568456 9.1087919156998378 4.9497942980378857 5.6462013348937026 5.710438394919036 7.6521001476794481 7.4518309803679612 9.3236648198217171 0.79835404455661763 22.270932414568961 9.0174884479492885 33.27844126522541
leaf_count=39867 287 197 93 207 308 162 151 1941 207 2782 232 984 2211 672 137 89 115 5354 66 275 97 66 122 134 450 514 53 1602 519 440
internal_value=0.00041789 -0.0156035 0.109553 0.0634863 -0.0207964 0.0523049 0.107179 0.0297734 0.0804366 -0.00301148 0.00521091 0.0344621 -0.000255427 0.00978433 0.0322397 0.0496546 0.141965 -0.0153792 0.0318146 0.134276 0.143471 0.15634 0.106502 0.0787949 0.0350097 0.0234339 0.0884729 0.00191445 0.00426175 0.166803
internal_weight=868.395 757.978 110.417 48.0411 704.778 53.1997 14.3919 38.8078 7.11258 198.13 119.357 17.9578 101.399 64.6249 34.3392 20.6875 9.22005 78.7731 5.27158 13.702 62.3758 43.8744 18.5013 13.3625 18.2135 16.7755 4.30043 53.725 13.6517 38.2282
internal_count=60334 56904 3430 2478 54131 2773 428 2345 404 14264 8536 1269 7267 4485 1996 1190 266 5728 374 482 952 603 349 256 1053 964 285 3813 806 537
is_linear=0
shrinkage=0.03


Tree=6
num_leaves=31
num_cat=0
split_feature=12 4 4 33 3 33 25 33 8 29 8 25 14 14 24 12 31 21 3 33 0 12 21 31 24 0 0 31 25 8
split_gain=1347.86 258.796 124.571 134.126 106.51 51.5829 47.5554 38.3298 25.0517 24.5746 24.4545 24.0522 22.9336 21.9849 20.8715 20.6534 20.3663 23.2818 23.496 17.2129 16.4337 14.8811 14.3795 20.1741 24.4129 13.8465 13.7256 13.6574 12.8735 14.2618
threshold=6.9599246978759775 1.4475808739662173 27.359115600585941 2.3847244977951054 -0.60604295134544361 2.6085344552993779 0.18065892904996875 0.84549009799957286 4.8041276931762704 -0.43925659358501429 8.2690963745117205 0.21590171009302142 0.36660362780094152 -0.17188318073749539 1.0779390931129458 0.91234734654426586 138.54584121704104 0.18151463568210605 -0.053624294698238366 3.4503685235977177 4.5000000000000009 -6.0675735473632804 0.70653483271598827 327.78775024414068 0.70407351851463329 4.5000000000000009 3.5000000000000004 290.49351501464849 0.24568787217140201 1.5909509658813479
decision_type=2 2 2 2 2 2 2 2 2 2 2 2 2 2 2 2 2 2 2 2 2 2 2 2 2 2 2 2 2 2
left_child=1 7 3 -2 12 8 -7 28 22 -5 14 21 13 -3 -4 -13 17 18 26 -12 -15 -10 25 24 -24 -6 -9 -14 -1 -30
right_child=2 4 10 9 5 6 -8 16 11 -11 19 15 27 20 -16 -17 -18 -19 -20 -21 -22 -23 23 -25 -26 -27 -28 -29 29 -31
leaf_value=-0.028420837709570799 0.012486437183441614 0.05756390517963713 0.10066724581901568 0.12695092202232056 -0.021492087331550815 0.14920697429287111 0.0078125305135534565 0.0018601332875311954 0.060103493263628134 0.0099099445637940934 0.14587166677198968 0.092850164873925875 0.072405740258363729 0.03222151156352758 0.020395828114618583 0.017372722399428425 -0.0075829855794044996 -0.01637070263575427 -0.017752672576547425 0.078553144605727002 0.18010051309527228 -0.0062550249866419006 0.007714418710087793 -0.0044464419824772044 0.106391281200567 0.0016261470016201826 0.13615274901100174 0.0026127829641114128 -0.019201967502746282 0.021363412643452453
leaf_weight=473.44214170332998 27.566263874992728 7.1417066501453519 17.92413637787104 16.621160623617474 39.253807730972767 3.3372976519167414 4.4591702744364738 0.87056428100913796 2.645359042100611 1.9730632370337833 37.518205381929874 6.0516230920329672 3.9442595383152348 1.3915601074695603 4.1438873317092648 7.142121191136539 27.918012319132686 3.2939648907631636 1.4028166010975818 8.1620876230299455 3.5468924762681127 17.548676984384656 5.2981561627239007 14.013121016323565 3.1656014416366816 55.111958285793662 2.7835321445018053 5.3131332248449326 52.602196104824543 8.2766773747280222
leaf_count=38197 1638 328 281 451 2774 146 202 59 164 97 469 348 175 65 65 452 2079 230 107 104 129 1114 359 984 192 3791 181 273 4040 609
internal_value=-0.000205672 -0.014847 0.0954806 0.0556223 0.0165183 0.00779868 0.0784184 -0.0247183 0.00363944 0.115671 0.121434 0.0261509 0.077856 0.104328 0.0871316 0.0560948 0.00500099 0.0433827 0.0785815 0.135784 0.150874 0.00486346 -0.00296053 0.0181036 0.0519635 -0.00811499 0.111433 0.036509 -0.0267412 -0.0134309
internal_weight=863.863 749.954 113.909 46.1605 179.364 158.027 7.79647 570.59 150.23 18.5942 67.7483 33.3878 21.3376 12.0802 22.068 13.1937 36.2689 8.35088 5.05691 45.6803 4.93845 20.194 116.843 22.4769 8.46376 94.3658 3.6541 9.25739 534.321 60.8789
internal_count=60103 56998 3105 2186 11496 10526 348 45502 10178 548 919 2078 970 522 346 800 2656 577 347 573 194 1278 8100 1535 551 6565 240 448 42846 4649
is_linear=0
shrinkage=0.03


Tree=7
num_leaves=31
num_cat=0
split_feature=4 33 1 3 27 27 28 22 33 8 8 24 3 3 34 34 12 25 28 15 8 23 29 12 25 29 25 12 3 29
split_gain=1321.25 198.921 161.14 125.525 67.7468 67.6844 42.2724 34.8919 27.909 23.3485 21.9152 20.8468 19.3638 19.0559 21.0117 23.9411 19.1852 18.4286 17.1247 14.3721 14.3353 13.7449 13.3921 13.3004 13.2277 12.2971 12.2656 12.0729 11.4823 10.8522
threshold=9.2557530403137225 1.6911399364471438 27.273371696472172 0.069726482033729567 0.46052631735801702 0.89210525155067455 -0.98646417260169972 -0.24768190830945966 2.5367963314056401 4.3220129013061532 7.4091477394104013 0.38633853197097784 0.069726482033729567 1.3698779344558718 1.1826028823852541 1.3959407806396487 16.180838584899906 0.13669590651988986 -0.049434980377554887 0.86458906531333934 7.8182201385498056 -0.44811835885047907 -0.92187902331352223 1.6164083480834963 0.16264250129461291 -0.90800827741622914 0.23269980400800708 -13.736515522003172 0.35448649525642401 -0.90066882967948902
decision_type=2 2 2 2 2 2 2 2 2 2 2 2 2 2 2 2 2 2 2 2 2 2 2 2 2 2 2 2 2 2
left_child=1 4 3 17 20 9 7 -5 -8 28 29 -11 -13 14 -4 25 -17 -2 -18 21 27 -7 -10 24 -12 -16 -22 -1 -3 -6
right_child=2 5 13 6 10 19 8 -9 22 11 23 12 -14 -15 15 16 18 -19 -20 -21 26 -23 -24 -25 -26 -27 -28 -29 -30 -31
leaf_value=0.03969187999563964 0.016146526574796888 0.017207790092681828 0.12163272440255618 0.15999047684470358 0.006051565682386263 0.1598289297774399 0.0021729526751134475 0.010788573340947457 0.0062311784452761818 -0.0033336337818402526 -0.0058952656465240854 0.14593780408112875 0.0070778019933881702 0.12399334428569725 0.05374573434185808 0.036196970212576819 0.063166983711557115 0.11563056048054812 0.1396251203103184 0.018223733823545789 -0.010973544280566936 0.06743566879257458 0.075678297606254316 -0.01897787096274766 0.094812644822030973 -0.0093407298211396414 0.092904082354086454 -0.027675365156014865 -0.026277013297993861 -0.011875146617180117
leaf_weight=1.5722401607781638 2.2169112162664559 21.635410094633702 13.437193945050238 2.4656556090340018 42.578410002402961 3.8618437591940156 43.083968946710229 2.6409444799646726 3.8755287770181894 2.3206849331036201 1.4593855366110791 2.2309410152956848 1.402659799903631 38.662986038252711 5.6394839156419039 6.4984035901725319 8.3833767063915694 18.984327912330627 7.3547274824231872 2.0649924781173459 2.1064268993213768 5.9948400948196641 7.1791648641228658 1.6551376488059757 3.3120777579024434 4.3434458803385478 0.70594223309308279 499.90111499466002 6.2468236163258544 100.90121522732079
leaf_count=108 115 1301 236 135 3014 86 2806 154 156 121 94 106 70 405 97 134 113 528 98 73 155 168 313 116 195 87 48 41452 406 7370
internal_value=0.000526548 -0.0174868 0.0766938 0.0454489 -0.0217319 0.0423702 0.0222243 0.0972313 0.0135143 0.0194202 -0.00399203 0.0686558 0.10543 0.105621 0.0877396 0.0703685 0.0873913 0.106424 0.105104 0.100964 -0.026987 0.115023 0.0538683 0.0463135 0.068326 0.0279463 0.0326308 -0.0273856 0.00689284 -0.00655023
internal_weight=864.716 699.95 164.766 80.4465 654.192 45.7582 59.2453 5.1066 54.1387 33.8365 149.906 5.95429 3.6336 84.3196 45.6566 32.2194 22.2365 21.2012 15.7381 11.9217 504.286 9.85668 11.0547 6.4266 4.77146 9.98293 2.81237 501.473 27.8822 143.48
internal_count=60260 54883 5377 4207 52552 2331 3564 289 3275 2004 10789 297 176 1170 765 529 345 643 211 327 41763 254 469 405 289 184 203 41560 1707 10384
is_linear=0
shrinkage=0.03


Tree=8
num_leaves=31
num_cat=0
split_feature=1 27 4 27 3 30 8 30 32 8 23 12 21 12 28 21 32 34 34 4 31 34 28 28 21 14 22 22 12 4
split_gain=1105.19 202.192 113.049 78.2099 75.1684 26.1452 25.5908 23.9476 32.5124 47.706 20.0962 19.8256 22.2626 19.2698 18.5299 39.582 17.4778 17.0561 16.981 16.2465 44.8269 46.4475 29.1766 16.4432 27.208 14.7841 14.3258 17.0608 12.9136 14.2164
threshold=14.696550846099855 0.47631579637527471 22.462359428405765 0.89210525155067455 0.090608980506658568 2.5000000000000004 3.2524871826171879 1.5000000000000002 1.0000000180025095e-35 2.0344619750976567 -0.63381648063659657 -0.54280292987823475 -0.4497509747743606 -3.4320005178451534 -0.60639065504074086 -0.4040327370166778 1.0000000180025095e-35 0.44289624691009527 2.3678934574127202 43.433244705200202 352.47375488281256 1.3448750972747805 -0.032247759401798241 -0.10088855028152464 0.10778046399354936 0.41280430555343633 -0.65384450554847706 0.17965210229158404 -12.113187313079832 -0.82628488540649403
decision_type=2 2 2 2 2 2 2 2 2 2 2 2 2 2 2 2 2 2 2 2 2 2 2 2 2 2 2 2 2 2
left_child=1 6 4 7 10 14 28 8 17 -10 -2 12 -6 -8 15 -5 -13 -3 -7 20 23 -22 -23 -4 -25 -12 -19 -28 29 -1
right_child=2 3 19 5 11 18 13 -9 9 -11 25 16 -14 -15 -16 -17 -18 26 -20 -21 21 22 -24 24 -26 -27 27 -29 -30 -31
leaf_value=-0.020617741990460976 0.022291432653542182 -0.014453900074720317 0.13137379695255205 0.1991624771896971 -0.018184631944364777 -0.02117332607287831 0.05930774085163884 -0.0078630240474668999 0.012414575555065071 0.11900161747538167 0.14498696534567035 -0.0064732017821946229 0.1096954481431309 -0.0082427319852338265 0.050899552331893944 0.026934316047964653 0.044209999698925397 -0.016619084959843666 0.056819212311064286 0.11706915754423369 -0.0031107630356019648 0.043640476008342859 0.10760707980421606 0.028102235672566016 0.12864973296211138 0.038096243928250562 0.051937469911716799 0.0035817615702045868 -0.028016384902082709 0.082132874808525255
leaf_weight=2.1035787584260111 2.9178796997293821 25.336405132897198 18.012739293277267 1.9921867111697791 1.4694386571645734 5.5319846477359551 3.682200648821893 101.23054892383516 10.897894091904162 5.0166806876659384 6.1349625010043365 25.271033382043242 2.6394381783902636 19.313748343847692 14.678372285328804 2.6189419971779015 7.0042961612343779 7.7120000049471846 3.1218577707186341 27.993508696556091 8.4117997130379063 15.536040585488081 13.735476817935705 6.9551407061517221 3.4835905656218529 2.4691489273682237 12.478837081231179 13.115999582223592 485.17567519657314 1.1347287939861406
leaf_count=156 69 1884 284 46 87 406 242 6971 716 246 144 1682 146 1469 440 85 276 543 151 226 193 278 211 114 61 68 874 906 41265 66
internal_value=-0.000890767 -0.0160959 0.0752441 0.0091454 0.0366438 0.0548425 -0.0261496 0.00161226 0.0144111 0.0510626 0.100142 0.0143947 0.0693546 0.00459452 0.0735073 0.123577 0.00552398 0.00377524 0.00993354 0.0942979 0.083059 0.0588885 0.0762196 0.111986 0.0699702 0.121473 0.0176592 0.0282242 -0.0276035 0.0262705
internal_weight=857.176 715.142 142.034 203.732 47.9062 27.9433 511.41 175.788 74.5578 15.9146 11.522 36.3842 4.10888 22.9959 19.2895 4.61113 32.2753 58.6432 8.65384 94.1283 66.1348 37.6833 29.2715 28.4515 10.4387 8.60411 33.3068 25.5948 488.414 3.23831
internal_count=60305 56466 3839 13268 2472 1128 43198 12140 5169 962 281 2191 233 1711 571 131 1958 4207 557 1367 1141 682 489 459 175 212 2323 1780 41487 222
is_linear=0
shrinkage=0.03


Tree=9
num_leaves=31
num_cat=0
split_feature=1 27 12 32 27 8 25 11 0 25 28 13 11 30 29 12 11 28 34 25 28 0 25 0 21 22 22 25 32 8
split_gain=1043.21 174.623 141.851 66.219 59.1177 51.644 36.1103 32.6401 26.3086 24.7033 24.1281 22.3466 22.068 33.5488 24.0136 20.0343 19.1069 18.3222 18.0961 17.8415 17.3505 16.8363 25.1113 16.4275 16.6511 16.3897 16.2452 15.903 15.6914 19.4871
threshold=11.250617504119875 0.47631579637527471 16.180838584899906 1.0000000180025095e-35 0.89210525155067455 10.991354465484621 0.17024041712284091 13.781019210815431 3.5000000000000004 0.14436765760183337 -0.44407938420772547 -0.52868056297302235 2.4417004585266118 1.5000000000000002 0.60210752487182628 6.4612514972686776 19.250579833984379 -0.25132837891578669 0.39101642370224005 0.18065892904996875 -0.15207348018884656 2.5000000000000004 0.26052926480770117 2.5000000000000004 -1.0713482499122617 -0.12861526012420652 1.0454362630844118 0.12928258627653125 1.0000000180025095e-35 0.38186970353126531
decision_type=2 2 2 2 2 2 2 2 2 2 2 2 2 2 2 2 2 2 2 2 2 2 2 2 2 2 2 2 2 2
left_child=1 7 3 5 8 16 10 -1 -3 -6 27 -4 -10 28 -15 -8 -2 -9 -11 -18 -21 -20 -23 -7 -25 -26 -17 -5 -14 -30
right_child=2 4 11 6 9 23 15 17 12 18 -12 -13 13 14 -16 26 19 -19 21 20 -22 22 -24 24 25 -27 -28 -29 29 -31
leaf_value=-0.027283876312160955 0.0014852552309749919 -0.01767207075228908 0.068022114995151706 0.049958177204699902 -0.0078465516129122195 0.0074027866668774618 0.015448816155025533 0.087648393808289704 -0.014555349257244039 -0.018306972774743562 0.0421553823353236 0.10697279313576195 0.026637891611664761 -0.0035333770971172226 0.092976229388320855 0.082636413948246334 0.0098816436117486854 -0.013368703042772396 0.009230930290613509 0.12487642317259336 0.0089556917884823211 0.11584743501545776 0.009516169667208774 -0.005315916096590434 0.13732083883424617 0.041903762784671929 0.0051958064680919175 0.18847160008636268 -0.017554395051438316 0.095447929936881504
leaf_weight=487.74468959309161 47.675904635339975 43.674610015936196 29.54374776314944 1.9759940253570674 4.3066881224513081 2.8648621067404738 9.9715721914544719 2.5580203225836158 25.516452956944704 1.5010071806609655 3.4904118571430427 48.748607010580599 27.90773840714246 49.138775702565908 1.4330782275646914 14.462647611275317 6.9427607571706158 2.5396699504926792 2.7493444979190818 2.4583079013973475 1.999657606706023 9.3832965176552516 2.7105710478499523 1.3265675213187922 5.0174398897215706 3.8978146063163877 3.0603774040937415 3.9165983553975821 1.3555917292833317 6.1408100193366408
leaf_count=42471 2956 3144 347 70 279 107 373 155 1935 96 99 590 1920 3338 85 327 226 180 113 79 69 272 94 47 143 133 60 112 85 304
internal_value=0.000220092 -0.0173238 0.0625935 0.0398896 0.00830939 0.022646 0.072153 -0.0264666 0.00181777 0.0547494 0.121796 0.0933179 0.0095417 0.0167785 0.000951279 0.0515316 0.0101455 0.0433827 0.0707448 0.0433211 0.0840469 0.0803372 0.0945625 0.0742768 0.0906605 0.104037 0.0701222 0.15601 0.0387392 0.0753524
internal_weight=856.014 668.66 187.353 109.061 175.818 72.1833 36.8776 492.842 155.167 20.6509 9.383 78.2924 111.492 85.976 50.5719 27.4946 59.0766 5.09769 16.3442 11.4007 4.45797 14.8432 12.0939 13.1067 10.2418 8.91525 17.523 5.89259 35.4041 7.4964
internal_count=60209 54471 5738 4801 11665 3760 1041 42806 10811 854 281 937 7667 5732 3423 760 3330 335 575 374 148 479 366 430 323 276 387 182 2309 389
is_linear=0
shrinkage=0.03


Tree=10
num_leaves=31
num_cat=0
split_feature=1 33 12 11 32 3 8 0 15 28 8 29 12 21 14 22 8 23 23 29 13 22 0 24 22 22 24 8 29 28
split_gain=921.743 142.417 116.919 56.7215 53.3538 50.3422 29.2861 24.9468 19.5041 17.4589 16.951 16.5849 16.1283 15.5062 24.5333 15.2422 14.2789 14.1445 14.0738 13.3097 16.8556 17.9097 16.5315 23.8615 13.1263 12.7616 11.9406 12.033 11.8811 11.1185
threshold=11.250617504119875 1.2298153638839724 16.180838584899906 3.8335590362548833 1.0000000180025095e-35 -0.39922654628753657 12.060492038726808 4.5000000000000009 -0.36339960992336268 -0.98646417260169972 7.0380437374114999 -0.92187902331352223 28.961774826049808 0.35568895936012274 -0.64648512005805958 0.54560229182243358 4.6369247436523446 -1.2088409066200254 1.32709676027298 -0.94063457846641529 0.16140804439783099 -0.63123562932014454 6.5000000000000009 0.62241289019584667 -1.2154038548469541 -0.05358354561030864 1.0779390931129458 7.8182201385498056 -0.90800827741622914 -0.93273440003395069
decision_type=2 2 2 2 2 2 2 2 2 2 2 2 2 2 2 2 2 2 2 2 2 2 2 2 2 2 2 2 2 2
left_child=1 3 4 -1 6 7 9 28 -4 25 19 13 26 -11 -15 17 -7 -6 -17 20 -5 -22 -23 -24 -9 -2 27 -10 -3 -26
right_child=2 5 8 10 15 16 -8 24 12 11 -12 -13 -14 14 -16 18 -18 -19 -20 -21 21 22 23 -25 29 -27 -28 -29 -30 -31
leaf_value=-0.027621019221571383 0.10140031721336 0.050318020739154236 0.060129668026741384 -0.013226908945114704 -0.00090041257952644014 -0.010186168819330486 0.063753713174448473 -0.002515507647499447 0.053311045469431939 0.0084377278630307761 0.034897182830894193 -0.0057418020503509689 0.1199465491495877 0.11877429765795097 0.0070538912441347659 -0.0041757676740821516 0.043155249349916686 0.080992038384354481 0.060780428610193594 -0.013027610097847761 -0.023175193139598101 0.014234606049005852 0.13224288650850421 -0.0061605891686070929 0.011069954796620268 0.0011972939094483494 0.027214563452704957 0.10251552727500057 -0.010187662911322129 0.081869389366697951
leaf_weight=450.7209608098492 2.1826338386163116 3.4376510288566351 30.429658314213157 12.965475708246233 2.0174432331696144 30.068187397904694 10.565770943649111 2.182227352634075 11.537619365379216 14.222402391023936 7.7196608148515216 36.255517706274986 19.761732168495655 2.6053205821663141 3.7392830355092874 5.6260629883036 4.2877816036343566 26.141429477371279 5.1550124865025282 106.05730537511408 3.1890175156295291 5.724197634495793 2.6897484567016363 1.4873065333813427 2.6199888950213817 1.8234368488192547 4.9743836745619765 16.811682829633355 7.8077083937823755 17.564256658777595
leaf_count=40260 110 133 342 928 75 2049 323 94 175 689 471 2207 140 97 167 177 200 675 110 8198 231 409 176 101 167 101 69 208 440 711
internal_value=-0.000779207 -0.0177154 0.0565499 -0.0224508 0.0357625 0.0231587 0.0198861 0.0486965 0.0832646 0.0113585 -0.00570801 0.00650574 0.095169 0.0273609 0.0628556 0.0636445 -0.00249662 0.0752952 0.0294061 -0.008325 0.0105905 0.0334454 0.0521349 0.0912912 0.0664162 0.065141 0.0774089 0.084989 0.0109073 0.0736357
internal_weight=852.371 658.521 193.849 590.554 110.334 67.9678 71.3944 33.6118 83.5151 60.8286 139.833 56.8225 53.0854 20.567 6.3446 38.9399 34.356 28.1589 10.7811 132.113 26.0557 13.0903 9.90125 4.17705 22.3665 4.00607 33.3237 28.3493 11.2454 20.1842
internal_count=60233 54568 5665 50774 4731 3794 3694 1545 934 3371 10514 3160 592 953 264 1037 2249 750 287 10043 1845 917 686 277 972 211 452 383 573 878
is_linear=0
shrinkage=0.03


Tree=11
num_leaves=31
num_cat=0
split_feature=1 27 1 32 33 11 24 13 13 24 0 14 0 23 23 24 25 12 29 29 8 1 8 11 22 21 12 21 22 22
split_gain=860.434 140.148 90.9267 65.9252 47.2511 27.5541 22.5463 30.7747 23.4544 21.801 21.4445 19.1066 16.9806 20.7829 14.6802 28.0112 12.7326 20.4467 16.1009 17.9134 12.0529 11.9819 11.702 12.6238 10.9127 10.8755 12.2641 10.1235 16.9683 11.0341
threshold=11.250617504119875 0.47631579637527471 27.273371696472172 1.0000000180025095e-35 1.790149509906769 4.6934001445770273 0.85861787199974071 -0.77872845530509938 -0.67193531990051258 0.15279440581798556 4.5000000000000009 0.22561958432197574 7.5000000000000009 0.73184239864349376 -0.43570013344287867 0.94640740752220165 0.1568093225359917 -0.12334806472063063 0.044065307825803764 0.16375125199556353 1.5909509658813479 38.073665618896491 1.1715432405471804 14.066519260406496 -1.2437768578529356 -1.5135403275489805 -1.2690907120704649 0.09733955562114717 -0.17783926427364347 0.17965210229158404
decision_type=2 2 2 2 2 2 2 2 2 2 2 2 2 2 2 2 2 2 2 2 2 2 2 2 2 2 2 2 2 2
left_child=1 5 3 16 10 -1 8 -8 -5 -10 -3 -11 13 -6 -14 -16 -2 -18 -19 -20 25 24 -7 -24 -4 26 -12 -22 -29 -30
right_child=2 4 21 6 12 22 7 -9 9 11 20 -13 14 -15 15 -17 17 18 19 -21 27 -23 23 -25 -26 -27 -28 28 29 -31
leaf_value=-0.02881667479254657 -0.009086604573433443 -0.018233971332916973 0.010512914683783519 -0.0071625641262187539 0.004326340261026909 -0.017995100582756288 0.14599680777346058 0.049671240587670085 0.12106588668396789 0.069284940665432684 0.092372109495777011 0.0031504746214665188 0.099185777384342852 0.06821369741519169 -0.014961614990861745 0.10040893676790041 0.067004549990784659 0.0017255924280347931 0.099031664504687603 -0.009972109022934746 0.0053091255569522062 0.081569190869690361 0.00075818898757361059 0.061694343685306172 0.061981300257004726 -0.0058198094926720147 -0.016417791081424007 -0.00075861713650321081 0.11573221438414164 0.034690150364243631
leaf_weight=415.17656948883086 18.605275428853929 50.765686426311731 4.5907133519649497 6.4969661142677095 19.451868840493265 30.541704254224896 5.0788373723626128 9.2993074562400562 3.1395866405218866 7.3122737510129792 1.2013668613508346 7.6497634500265121 4.9634201033040881 5.0584067376330486 4.6618779823183996 1.9646823555231092 6.0728732058778396 29.664755823090672 2.4748777337372294 1.9513403251767156 19.956697000190616 62.742535442113876 21.161189648322765 2.5820455141365519 38.858295077458024 53.854852819815278 1.172965203411876 6.079527596011757 1.875455872155724 6.3713793531060219
leaf_count=38482 1167 3860 71 196 904 2554 116 214 91 187 77 207 167 203 200 64 327 1788 133 139 1297 465 1680 146 605 3913 88 402 122 420
internal_value=-0.000675946 -0.017624 0.0529027 0.0315262 0.00507418 -0.0261926 0.0612782 0.0909778 0.0410426 0.0578134 -0.002819 0.0377875 0.0352074 0.0196685 0.0638965 0.0279247 0.011099 0.0204432 0.0104758 0.0579947 0.00593159 0.0721015 -0.00596549 0.00961048 0.0569021 -0.00264856 0.0496897 0.0196805 0.0380473 0.0636431
internal_weight=850.777 646.84 203.937 97.7459 177.378 469.462 38.9767 14.3781 24.5986 18.1016 141.278 14.962 36.1003 24.5103 11.59 6.62656 58.7691 40.1638 34.091 4.42622 90.5122 106.192 54.2849 23.7432 43.449 56.2292 2.37433 34.2831 14.3264 8.24684
internal_count=60285 54579 5706 4565 11717 42862 1011 330 681 485 10179 394 1538 1107 431 264 3554 2387 2060 272 6319 1141 4380 1826 676 4078 165 2241 944 542
is_linear=0
shrinkage=0.03


Tree=12
num_leaves=31
num_cat=0
split_feature=1 1 32 27 27 22 33 25 25 25 25 31 28 31 11 11 24 23 24 11 15 15 27 30 23 11 25 27 23 23
split_gain=777.141 162.479 103.637 68.6226 34.1368 29.7362 28.2692 24.6637 26.4037 19.0709 16.8309 15.4319 23.6293 24.487 15.6152 15.0161 13.8679 14.5061 14.3344 13.636 13.2069 15.2229 32.7672 16.1877 13.1699 12.3843 12.1792 11.6713 11.1933 11.115
threshold=5.8073773384094247 27.273371696472172 1.0000000180025095e-35 0.46052631735801702 0.89210525155067455 -1.0879923105239866 0.96512389183044445 0.17024041712284091 0.23269980400800708 0.26713037490844732 0.22533079236745837 836.96853637695324 0.41886392235755926 1457.0352172851565 17.176493644714359 4.6934001445770273 0.62241289019584667 0.50372937321662914 0.22964225709438327 7.8977267742156991 0.49950365722179418 0.19104450941085818 0.67105263471603405 1.5000000000000002 -0.39576986432075495 8.6851391792297381 0.17204944044351581 0.8552631437778474 -0.76121568679809559 -0.43570013344287867
decision_type=2 2 2 2 2 2 2 2 2 2 2 2 2 2 2 2 2 2 2 2 2 2 2 2 2 2 2 2 2 2
left_child=3 2 11 15 5 25 -5 -6 10 -10 19 27 13 26 -15 -1 18 -18 -7 -9 21 23 -23 24 -8 -4 -13 -2 -17 -24
right_child=1 -3 4 6 7 16 20 8 9 -11 -12 12 -14 14 -16 28 17 -19 -20 -21 -22 22 29 -25 -26 -27 -28 -29 -30 -31
leaf_value=-0.028793088030479023 0.0010092300455476985 0.066984229473732906 0.019941056445158617 -0.009809155138096784 0.122811812792641 0.027777955734157884 0.1165825581370258 0.064596265677266951 0.11051059773681593 0.015612569418025047 -0.02527808439326891 0.022901915045425041 -0.017413549485352453 -0.0034854732106353314 0.073114108517980655 0.019938609505395249 0.015488408605775331 0.073843899326275803 -0.022949487342248803 0.0045979279531422543 -0.0050771835729332684 -0.019043810215620922 0.025761345431960833 0.0027973727396817471 0.0088253146954591095 0.1105992988425246 0.097062425731195306 -0.028407892498404322 -0.017459977661506969 0.16795067239271777
leaf_weight=391.94487383775413 63.796383495442569 111.52038078941405 2.5613774666562668 84.947032644413412 6.1668168883770695 7.7314285021275309 1.4489909727126362 8.5876177158206755 8.2124335281550866 2.8663711659610263 3.4321040250360957 4.0575804663822073 10.524569907225667 13.42382062692195 1.894727149978279 8.5461766961961967 12.640000958926978 5.0232049813494077 10.777925431728361 5.543518964201211 9.6345823826268298 1.6644984548911441 1.135942277498543 12.520005973055957 2.057077908888469 4.0851429058238864 5.3403787584975362 13.972579156979917 29.23563936073333 1.5700209271162751
leaf_count=37461 4388 1133 111 6527 105 390 71 137 115 77 52 228 763 810 81 706 588 203 567 90 620 112 54 808 110 121 228 1005 2460 70
internal_value=-0.000160091 0.0383521 0.0213406 -0.0215547 0.0477908 0.0287937 -0.000955632 0.0697029 0.0545108 0.0892833 0.0289484 0.00291188 0.0190924 0.0347097 0.00988884 -0.0270512 0.0169018 0.0351515 -0.00142271 0.0429188 0.0235968 0.0367456 0.0811698 0.0205749 0.0693485 0.0828391 0.0703254 -0.00456963 -0.00870449 0.131318
internal_weight=846.863 302.158 190.638 544.705 77.6279 42.8191 114.978 34.8089 28.642 11.0788 17.5632 113.01 35.2411 24.7165 15.3185 429.727 36.1726 17.6632 18.5094 14.1311 30.0311 20.3965 4.37046 16.0261 3.50607 6.64652 9.39796 77.769 37.7818 2.70596
internal_count=60191 11192 10059 48999 2556 1980 8372 576 471 192 279 7503 2110 1347 891 40627 1748 791 957 227 1845 1225 236 989 181 232 456 5393 3166 124
is_linear=0
shrinkage=0.03


Tree=13
num_leaves=31
num_cat=0
split_feature=1 1 32 11 30 33 31 3 8 12 25 30 23 12 31 34 23 0 11 24 3 3 8 8 0 31 21 33 0 24
split_gain=774.894 156.104 88.6274 63.1648 27.2566 22.523 21.6683 19.1038 15.5328 16.2751 15.2013 25.1005 23.6192 14.0483 33.8688 29.7221 13.982 40.5323 25.0057 20.1905 16.3276 13.6398 12.6035 12.2283 10.5756 12.7334 10.5181 14.6788 12.1738 10.2626
threshold=5.8073773384094247 25.236403465271 1.0000000180025095e-35 2.4417004585266118 2.5000000000000004 1.1946952939033511 836.96853637695324 0.090608980506658568 7.8182201385498056 -3.3102382421493526 0.20034407824277881 1.5000000000000002 0.38642852008342748 28.961774826049808 352.47375488281256 1.3448750972747805 0.63941854238510143 7.5000000000000009 5.1076581478118905 0.83991718292236339 0.37145408987998968 0.059725817292928703 2.6161701679229741 1.0735916495323183 5.5000000000000009 563.36389160156261 -0.4497509747743606 1.2815670967102053 3.5000000000000004 0.15576000511646274
decision_type=2 2 2 2 2 2 2 2 2 2 2 2 2 2 2 2 2 2 2 2 2 2 2 2 2 2 2 2 2 2
left_child=3 2 6 -1 16 10 8 29 -2 -10 -5 12 22 14 -3 -16 17 -4 -18 -20 23 26 -12 -19 -17 -26 28 -28 -7 -8
right_child=1 13 4 5 -6 21 7 -9 9 -11 11 -13 -14 -15 15 24 18 20 19 -21 -22 -23 -24 -25 25 -27 27 -29 -30 -31
leaf_value=-0.027856978183771416 -0.012379390606974808 0.076233539654386479 0.024518089205882703 -0.021102818329278624 0.006055036398273944 -0.008626111784246767 -0.017637597460999362 0.0043218388450193277 0.082449439731850468 0.0043187658466144769 0.024957148302678565 -0.01613155489142264 -0.016606040443357787 0.080469326560437898 -0.0077532195923824682 0.034484331808918009 0.016343579323740847 0.018733856943417497 0.027142978201502771 0.12746783573448014 0.0012964238872618463 -0.01766493112998585 0.087079871327048239 0.1108265674875248 0.0200868591195737 0.084596046840696076 0.079059794251628443 -0.0014894979696117646 0.075357640031282591 0.058639303748899634
leaf_weight=376.7791484054178 62.184148453176022 40.535578310489655 33.777955682948232 60.607794487848878 13.702077891677616 1.7665912099182666 1.36272817198187 21.411320228129625 2.1877183215692648 10.207249949686226 16.342398452572532 39.035433110781014 9.8842328963801247 37.333697333931923 9.9703655932098609 24.670365292578936 4.6571298791095606 2.0004266276955596 3.1218700064346177 7.4564780090004206 1.8337465971708287 6.1035924442112437 3.0868212757632127 9.6859333049505931 4.51648817770183 11.439181074500082 1.4693511677905906 11.407274938188491 5.7961537512019277 11.428270256146787
leaf_count=36493 4569 467 1091 5268 661 117 80 1429 105 627 1240 3230 747 234 192 296 144 57 85 137 89 494 207 225 45 150 103 701 314 560
internal_value=0.00079516 0.0381437 0.020327 -0.0212313 0.0449035 -0.00510187 0.00285127 0.0222704 -0.00623127 0.0232346 -0.0102956 -0.00054624 0.0200555 0.0634483 0.0556776 0.0380508 0.0531865 0.0434149 0.0789793 0.102762 0.0856859 0.019589 0.0386063 0.0977818 0.0492081 0.0685974 0.0310188 0.0127369 0.0570234 0.0498232
internal_weight=845.762 313.483 185.017 532.279 76.2356 155.5 108.781 34.2023 74.5791 12.395 128.957 68.3489 29.3135 128.466 91.132 50.5964 62.5335 47.2981 15.2355 10.5783 13.5201 26.543 19.4292 11.6864 40.626 15.9557 20.4394 12.8766 7.56274 12.791
internal_count=60157 11243 9859 48914 2489 12421 7370 2069 5301 732 10692 5424 2194 1384 1150 683 1828 1462 366 222 371 1729 1447 282 491 195 1235 804 431 640
is_linear=0
shrinkage=0.03


Tree=14
num_leaves=31
num_cat=0
split_feature=1 1 3 33 11 25 22 15 24 3 26 25 1 12 3 28 28 33 24 34 11 11 28 23 24 28 11 12 23 31
split_gain=687.523 143.801 76.8333 38.5234 36.9813 23.0903 17.1826 16.5485 16.9364 16.5258 16.3682 14.895 14.1956 17.2692 17.952 13.8544 11.9013 12.1878 11.8911 11.7968 15.0776 11.1797 12.7885 11.9229 10.9093 12.1502 10.6501 10.6421 10.5683 9.93916
threshold=4.4697165489196786 27.273371696472172 -0.33458317816257471 2.5367963314056401 2.9267053604125981 0.13411159068346026 -1.4696024656295774 0.75302502512931835 0.11874241754412652 1.0864619016647341 31.818555831909183 0.15123456716537478 1.6185690164566042 -9.4246339797973615 -0.83649501204490651 0.43442112207412725 0.83196112513542186 3.5814814567565922 0.5898788869380952 1.7789585590362551 5.2949202060699472 7.0093994140625009 -0.60639065504074086 -0.67659014463424672 0.56054601073265087 -0.61997824907302845 3.3181207180023198 2.294630885124207 0.22220987081527713 498.61573791503912
decision_type=2 2 2 2 2 2 2 2 2 2 2 2 2 2 2 2 2 2 2 2 2 2 2 2 2 2 2 2 2 2
left_child=4 2 5 11 -1 -2 -5 8 -7 10 -3 -4 -6 28 24 19 17 -11 -8 29 -21 -10 -23 -24 26 -26 -15 -9 -14 -13
right_child=1 9 3 6 12 7 18 27 21 16 -12 15 13 14 -16 -17 -18 -19 -20 20 -22 22 23 -25 25 -27 -28 -29 -30 -31
leaf_value=-0.027790105893385937 -0.01119284150903299 0.047320995183852459 -0.015124284433683513 0.10368943010921407 -0.019981487924944481 -0.0077536798744343577 0.0030750980815587546 -0.023671634710372209 0.07959868467686429 0.074811136168863562 -0.011135013641638887 0.0099749181637410044 0.075952820198801882 0.064095938506935762 -0.013230108213622107 -0.016398569236691425 0.023524609035744465 0.031578647479392763 0.046529112385741735 -0.022924495236230323 0.044015651156055297 -0.0094887806558087325 -0.00032868695830056327 0.067385153851865651 0.09333492862342492 0.010032318008995648 -0.015001985348142313 0.03722135597522222 -0.0029117135840152132 -0.023703542872460986
leaf_weight=380.08074793312699 5.1978679252788416 35.581279201433063 36.159479313530028 2.558394622057679 48.149571822956204 2.8361455760896197 9.5003026286140102 3.3979393923655135 23.639510106295347 63.987115677446127 4.5024351961910716 64.171046334318817 3.2306762458756557 0.9080035760998707 42.737994299270213 18.245498650707304 6.6713743843138209 8.7315875738859159 13.621671548113225 3.0505027687177089 15.46744622197002 3.1564911874011186 2.8904342176392683 11.083152391947802 2.3959128763526678 3.4521414022892714 6.7761907419189811 5.5511592086404562 2.2831345582380891 8.0123964874073845
leaf_count=37810 306 434 2570 56 4151 111 306 195 620 499 62 4077 203 61 3511 1362 70 59 371 223 773 137 98 315 160 226 451 155 156 623
internal_value=-0.000482526 0.0317098 0.0176344 0.00740687 -0.0233638 0.0472387 0.0405388 0.0531189 0.0606432 0.0582644 0.0406437 0.00130597 -0.00794807 0.00159871 -0.00369125 0.00684713 0.0665447 0.0701188 0.0295425 0.0116511 0.0323789 0.065473 0.0426643 0.054292 0.025272 0.0528066 0.000649108 0.0140452 0.0478633 0.00596378
internal_weight=838.028 348.013 228.539 170.787 490.014 57.7527 25.6804 52.5548 43.6057 119.474 40.0837 145.106 109.934 61.7841 56.2702 108.947 79.3901 72.7187 23.122 90.7014 18.5179 40.7696 17.1301 13.9736 13.5322 5.84805 7.68419 8.9491 5.51381 72.1834
internal_count=60151 13422 12298 10361 46729 1937 733 1631 1281 1124 496 9628 8919 4768 4409 7058 628 558 677 5696 996 1170 550 413 898 386 512 350 359 4700
is_linear=0
shrinkage=0.03


Tree=15
num_leaves=31
num_cat=0
split_feature=1 1 33 27 3 33 3 28 30 21 28 30 31 22 13 3 8 34 29 21 0 15 15 12 8 29 24 13 33 12
split_gain=651.496 103.581 64.2638 60.5098 29.3659 23.0587 17.8904 17.3845 15.3891 14.3025 23.3944 16.3822 14.2728 13.4424 13.1248 13.0926 12.6643 12.3517 17.89 12.9391 12.619 12.0469 26.6977 12.0027 12.3106 11.389 11.3488 10.4028 9.55955 9.42769
threshold=5.8073773384094247 25.236403465271 2.0482372045516972 0.46052631735801702 -0.36867071688175196 0.96512389183044445 0.97052857279777538 -0.88267928361892689 2.5000000000000004 -0.4040327370166778 -0.57868120074272145 1.5000000000000002 334.49572753906256 0.53341403603553783 0.4939988404512406 -0.45317648351192469 6.1643531322479257 1.950153172016144 -0.90066882967948902 -0.60052832961082447 4.5000000000000009 0.45412945747375494 0.23660612851381305 -2.9744175672531123 1.196966886520386 -0.34436371922492975 0.85861787199974071 -0.67193531990051258 3.5814814567565922 28.961774826049808
decision_type=2 2 2 2 2 2 2 2 2 2 2 2 2 2 2 2 2 2 2 2 2 2 2 2 2 2 2 2 2 2
left_child=3 2 4 23 13 -5 12 -4 9 10 -9 -12 27 16 -11 21 -2 -6 19 -19 -21 22 -7 24 -1 -26 -14 -3 29 -8
right_child=1 6 7 5 17 15 28 8 -10 14 11 -13 26 -15 -16 -17 -18 18 -20 20 -22 -23 -24 -25 25 -27 -28 -29 -30 -31
leaf_value=-0.019512710592612784 0.0039863296071998532 0.016347190029982556 0.0095329867158124859 -0.010261059582229115 -0.0071130642497836127 0.024218751827086583 0.052863483883838498 0.11842055977688971 0.0095249878709151858 0.047986824403501285 0.080099523812051307 0.014804868793289008 -0.0015849018655153897 0.093119882935825973 -0.0015489784803587516 -0.017724798901314676 0.084260126610741712 -0.01100964077022989 0.00082499725807045059 -0.0058911100913129613 0.089437354163851707 0.0014376094597141722 0.12481826205866893 -0.028468394608888149 0.046050263354262613 -0.017570563017801705 0.045828286298975632 0.066136627879654381 0.02868949348745917 0.076983682557697233
leaf_weight=29.513518324121833 7.5879453737288696 6.2800340130925205 13.888043625280259 82.45505010522902 74.846006961539388 13.777020412497228 52.472979735583067 6.5389731498435166 8.6974292779341322 23.215227745473392 5.9476711051538524 8.0239090388640761 13.30139538086951 3.1188289038836947 5.9318356188014141 6.0891820862889281 1.3511921195313332 2.0705696158111095 22.955220488831401 1.446350258775057 4.7427381351590157 9.3276347387582046 2.0898789716884485 360.15799604170024 4.8901121942326427 3.7142191119492036 5.8511416744440785 13.09157672151923 10.522571273148058 34.61210810393095
leaf_count=2705 349 76 615 6560 5310 791 568 137 396 462 117 218 219 137 130 409 58 90 1534 71 193 569 100 37220 383 311 92 141 71 195
internal_value=-0.000167944 0.0328897 0.0184467 -0.0212707 0.00471423 -0.00194869 0.0528045 0.0405286 0.0476205 0.0539731 0.0735859 0.0460942 0.0339612 0.0471659 0.0381886 0.0195996 0.0233769 -0.000507532 0.0150601 0.0502608 0.0694391 0.0289527 0.0440836 -0.0267699 -0.0104042 0.0196172 0.0144552 0.0515903 0.0598219 0.0632152
internal_weight=838.508 326.494 190.362 512.015 118.119 113.739 136.132 72.2431 58.355 49.6576 20.5106 13.9716 38.5241 12.058 29.1471 31.2837 8.93914 106.061 31.2149 8.25966 6.18909 25.1945 15.8669 398.276 38.1178 8.60433 19.1525 19.3716 97.6077 87.0851
internal_count=60227 11179 9817 49048 7742 8429 1362 2075 1460 1064 472 335 528 544 592 1869 407 7198 1888 354 264 1460 891 40619 3399 694 311 217 834 763
is_linear=0
shrinkage=0.03


Tree=16
num_leaves=31
num_cat=0
split_feature=4 4 3 11 25 25 25 12 31 31 25 0 32 22 27 23 27 24 13 14 28 28 21 4 15 28 0 28 8 21
split_gain=627.076 94.4132 61.8633 54.2713 17.9265 19.573 18.6493 17.8348 23.6691 28.801 22.9828 16.4182 19.2623 16.3507 15.4062 16.0821 14.8353 13.5836 13.064 18.7793 14.2182 23.7975 13.7318 12.8881 12.5654 12.4897 12.2499 11.1615 9.80009 11.5434
threshold=3.3973294496536259 22.462359428405765 -0.2714445143938064 3.2660146951675419 0.23526197671890262 0.27899609506130224 0.22394264489412311 28.961774826049808 352.47375488281256 413.13926696777349 0.17497342079877856 4.5000000000000009 1.0000000180025095e-35 -2.2722710371017452 0.90000000596046459 0.36268353462219244 0.89210525155067455 0.70407351851463329 0.45878563821315771 0.11683968827128412 -0.39727132022380823 -0.93879690766334523 -0.61307072639465321 2.0138889551162724 -0.50425606966018666 0.43442112207412725 5.5000000000000009 -0.63338240981101979 4.8041276931762704 0.70653483271598827
decision_type=2 2 2 2 2 2 2 2 2 2 2 2 2 2 2 2 2 2 2 2 2 2 2 2 2 2 2 2 2 2
left_child=3 2 4 16 6 -6 14 8 10 -10 -3 -5 -13 -4 15 -2 -1 -17 19 20 21 -14 -23 -22 -9 28 -11 -12 29 -15
right_child=1 7 13 11 5 -7 -8 24 9 26 27 12 18 25 -16 17 -18 -19 -20 -21 23 22 -24 -25 -26 -27 -28 -29 -30 -31
leaf_value=-0.02791169188637662 -0.015496353570081575 0.091092806346636482 0.085322587316956064 -0.018409570821774253 0.098067964075494451 0.015742883978739828 -0.0102644578414393 0.03847727953179958 -0.0021609733450568707 0.025774563781878226 0.074707395520792308 -0.0073808325578976087 -0.022242164280043164 -0.0035843504560308169 0.055154951009930599 -0.0059072537139268268 0.027578007170416738 0.10908720787096143 -0.0064613981149534193 0.086547638575769317 -0.026522047299681432 0.13894185806910103 0.032459721000096656 0.058981891928985813 0.078089903314291054 -0.017675458945822915 0.06266644145960254 0.029985545302119693 0.020366162637826625 0.025322533507308752
leaf_weight=376.6302583636716 6.9773514308035356 13.308877389878033 1.3306070109829296 46.61042155418545 8.8249870017170888 4.1298174867406479 6.9643618464469901 13.860639199614523 18.820111277513206 20.293146312236786 6.6619016677141181 49.862441427074373 2.7034364091232419 61.28107690718025 23.207368298433721 1.4519952125847342 3.6340356944128862 1.1491891322657464 9.0026034237816912 4.1234803954139343 6.7675081891939071 1.3039213120937345 3.7669960781931904 1.0130216777324674 29.235599100589752 17.834282174706459 15.957071132957934 24.043821612372998 40.641648008488119 14.542901559732853
leaf_count=39340 395 141 61 3868 158 129 125 82 272 244 69 4063 187 3883 452 82 182 49 619 242 525 78 227 51 158 1345 181 251 2047 839
internal_value=-0.000685468 0.0313912 0.0173153 -0.0216825 0.0445773 0.0748326 0.0331225 0.0497853 0.0419186 0.0279761 0.0583542 -0.00450168 0.00387943 0.00647277 0.0423698 0.00910756 -0.0273105 0.0610812 0.0230447 0.0362031 0.0184354 0.0447297 0.0782166 -0.00993999 0.0665112 0.0050667 0.0432604 0.0417386 0.00867002 0.00221739
internal_weight=835.935 330.517 188.336 505.418 52.7051 12.9548 39.7503 142.181 99.0849 55.0703 44.0146 125.154 78.5434 135.631 32.7859 9.57854 380.264 2.60118 28.681 19.6784 15.5549 7.77435 5.07092 7.78053 43.0962 134.3 36.2502 30.7057 116.466 75.824
internal_count=60345 10963 9565 49382 1390 287 1103 1398 1158 697 461 9860 5992 8175 978 526 39522 131 1929 1310 1068 492 305 576 240 8114 425 320 6769 4722
is_linear=0
shrinkage=0.03


Tree=17
num_leaves=31
num_cat=0
split_feature=1 4 27 33 25 28 25 23 11 33 11 24 15 22 15 15 23 21 25 24 8 12 22 8 14 13 21 25 29 34
split_gain=576.355 88.5942 61.7816 55.7207 23.8361 16.5751 15.3401 19.4069 15.038 14.6249 14.1421 14.5247 13.9786 12.4209 11.277 15.6224 22.3058 11.0655 16.8017 10.943 9.94604 11.2941 13.388 11.0453 9.63179 9.32395 9.24579 9.1513 9.03424 8.78968
threshold=5.944005250930787 27.359115600585941 0.46052631735801702 2.3348962068557744 0.20434609800577166 0.43442112207412725 0.15178834646940234 -0.63381648063659657 4.9946930408477792 0.9284619688987733 6.6093630790710458 0.88310492038726818 -1.7880393266677854 0.53341403603553783 0.48954504728317266 0.23660612851381305 0.11926699429750444 -1.6513487696647642 0.2864020317792893 0.15279440581798556 0.90066713094711315 -8.8313674926757795 0.3300220668315888 1.0071955919265749 -1.6544100642204282 -0.493634283542633 0.52033314108848583 0.2008461803197861 -0.99080145359039296 2.3678934574127202
decision_type=2 2 2 2 2 2 2 2 2 2 2 2 2 2 2 2 2 2 2 2 2 2 2 2 2 2 2 2 2 2
left_child=2 3 8 4 12 24 7 -5 -1 17 27 19 13 -2 15 -11 -17 18 -4 -12 -19 22 -22 -23 -6 -13 -14 -8 29 -28
right_child=1 -3 9 6 5 -7 10 -9 -10 14 11 25 26 -15 -16 16 -18 20 -20 -21 21 23 -24 -25 -26 -27 28 -29 -30 -31
leaf_value=-0.028461569463339782 -0.0027577590581169889 0.050094916151224592 -0.017736218286398101 -0.0028721562749050981 -0.014088269027942579 -0.014238724776945016 0.023854038643394273 0.095369907140271687 -0.007361462128766566 0.012773654599952798 0.046578160349271869 0.073105605632213896 -0.013119482256943824 0.094246396604478963 -0.010032098981153216 0.0094970756092117668 0.13722031438929627 -0.020073306696489622 0.11288219625469513 -0.0032378302176917042 -0.0091546596932527806 0.045618136816800041 0.093886080879410305 -0.010228072118995317 0.029482155428513575 0.018603240949394809 0.0077568845952385992 0.07238632562856788 -0.00095166408823928314 0.08983803449682394
leaf_weight=345.52316886559129 2.2377765038982029 124.70626326277852 1.3983966233208769 2.2102233013138175 4.3811116991564623 10.055700949393211 6.9826380638405707 7.736331473104654 34.234376925043762 19.039308235980574 3.9919148376211551 5.5209428369998932 53.710449245758355 1.4064030637964604 10.74207456409931 2.7403446724638334 1.503135318867862 42.747907351702452 0.67747523915022601 18.829124346375465 1.837400111369788 2.5578620824962846 1.4159869523718951 30.240797285921872 56.624390323646367 6.6348100677132589 2.9142605420202043 10.650365864858029 15.193737473338841 1.2415136527270076
leaf_count=37722 120 933 107 69 203 702 135 193 3005 1091 103 90 3321 79 703 131 65 3629 47 471 127 213 97 2359 2971 126 164 201 933 40
internal_value=-0.000202749 0.0301287 -0.0207653 0.0181091 0.00794593 0.0203391 0.041613 0.0752714 -0.0265838 -0.00147146 0.0339641 0.0218769 -0.00364951 0.0469116 0.0147661 0.0261493 0.0722809 -0.0083996 0.0477324 0.00706564 -0.0104579 0.00117732 0.0472217 -0.00465196 0.0261764 0.0470326 -0.00677084 0.0554793 0.0106305 0.0449468
internal_weight=829.686 335.028 494.658 210.322 147.765 71.0612 62.5564 9.94655 379.758 114.901 52.6098 34.9768 76.7041 3.64418 34.0249 23.2828 4.24348 80.8758 2.07587 22.821 78.8 36.052 3.25339 32.7987 61.0055 12.1558 73.06 17.633 19.3495 4.15577
internal_count=60150 10854 49296 9921 8533 3876 1388 262 40727 8569 1126 790 4657 199 1990 1287 196 6579 154 574 6425 2796 224 2572 3174 216 4458 336 1137 204
is_linear=0
shrinkage=0.03


Tree=18
num_leaves=31
num_cat=0
split_feature=2 4 33 32 11 21 13 0 27 22 25 25 4 31 8 34 29 22 23 23 8 28 14 21 11 34 27 34 31 13
split_gain=563.669 89.2478 56.4005 55.4844 20.3201 18.6142 19.7982 18.3822 17.5768 22.1443 16.8733 18.4333 14.1648 26.3802 13.8599 13.6843 13.313 13.4057 12.8709 17.6143 11.5269 11.4538 11.4315 31.4096 16.2914 17.184 14.6321 11.3755 14.4134 11.1135
threshold=1.9180068969726565 22.462359428405765 0.43871960043907171 1.0000000180025095e-35 3.7320290803909306 0.09733955562114717 -0.84896028041839589 4.5000000000000009 0.89210525155067455 -1.4696024656295774 0.17024041712284091 0.19836523383855822 43.433244705200202 352.47375488281256 2.6161701679229741 1.2968407273292544 -0.90066882967948902 -1.1209778189659116 0.50372937321662914 0.83335483074188244 3.6771432161331181 0.042991213500499732 -1.272960841655731 -0.61307072639465321 8.6851391792297381 0.39101642370224005 0.67105263471603405 0.91324159502983104 215.22194671630862 -1.7718670964241026
decision_type=2 2 2 2 2 2 2 2 2 2 2 2 2 2 2 2 2 2 2 2 2 2 2 2 2 2 2 2 2 2
left_child=2 3 4 5 -1 -2 29 -4 9 -5 -10 -12 13 -3 22 -15 27 -18 -11 -20 -6 -17 23 -9 25 -24 -27 28 -8 -7
right_child=1 12 7 8 20 6 16 14 10 18 11 -13 -14 15 -16 21 17 -19 19 -21 -22 -23 24 -25 -26 26 -28 -29 -30 -31
leaf_value=-0.028046819971240047 -0.0086094725626104426 0.056686683175211007 -0.01663420074525454 0.076547991958083025 -0.014535022240902605 -0.003914932145667154 -0.014455790258967089 0.15087189052791761 0.085257813045993669 0.0030326809905801325 0.0020446773663830614 0.050249419906820969 0.061052756031358707 -0.017478869620048344 0.056346728483343406 0.016612377988197525 0.048139369839617488 -0.015641075108221866 0.10033679445661391 0.013291106958771398 0.022783925563656156 0.045386412920958262 -0.021929689113017271 0.00010070836320452113 0.04594897761616893 -0.022628735288223976 0.052610577783669385 0.0092309548057078177 0.10986976616492934 0.06753358158532434
leaf_weight=335.44026419706643 64.810042396187782 46.000905156135559 23.000217990018427 4.5702216252684584 67.246429570019245 2.4038567552343011 0.9014496011659453 0.82184927817434061 8.1302598509937507 32.720707452856004 10.172960849478839 23.653055056929588 46.869828730821609 5.3723929151892653 5.5511709107086054 28.824904361739755 2.4381579561159006 21.299631503410644 2.2043552454560977 7.1463119750842452 7.4612762890756121 23.776317549869418 20.304542550817136 3.9219716554507604 5.2819863921031347 2.9168966542929393 5.480712128803134 7.2744600893929601 1.7814889894798396 7.5645887954160553
leaf_count=37231 4425 458 1938 131 5800 162 58 51 108 1473 143 302 241 135 303 333 155 1504 80 264 533 223 1759 306 338 244 255 378 111 460
internal_value=0.000420518 0.029416 -0.0207267 0.0159953 -0.0248944 0.00155013 0.0164852 0.00467261 0.0334664 0.0201177 0.0474918 0.0362271 0.0467288 0.0397517 0.0158631 0.0255807 0.00493487 -0.00740889 0.0123528 0.0415228 -0.0105562 0.0302226 0.00878802 0.0479405 0.00210863 -0.00723457 0.0268493 0.0323522 0.0755143 0.0515179
internal_weight=825.343 347.916 477.427 197.072 410.148 108.474 43.6636 67.2793 88.5979 46.6416 41.9563 33.826 150.844 103.975 44.2791 57.9736 33.6952 23.7378 42.0714 9.35067 74.7077 52.6012 38.728 4.74382 33.9841 28.7022 8.39761 9.9574 2.68294 9.96845
internal_count=59902 11144 48758 9754 43564 7253 2828 5194 2501 1948 553 445 1390 1149 3256 691 2206 1659 1817 344 6333 556 2953 357 2596 2258 499 547 169 622
is_linear=0
shrinkage=0.03


Tree=19
num_leaves=31
num_cat=0
split_feature=4 4 11 3 33 33 27 22 25 3 8 23 12 3 21 27 0 25 11 11 21 3 11 34 31 8 25 0 25 25
split_gain=514.731 79.2296 64.3517 60.4524 21.864 21.6634 21.4249 20.6478 13.7421 13.0511 11.6467 16.0315 13.5528 11.5518 12.4859 15.6869 11.0033 11.247 10.6286 10.6069 9.74452 9.62282 14.8452 9.80774 9.90364 14.8744 14.2694 9.3882 13.1477 9.68806
threshold=3.5548369884490971 22.462359428405765 3.7320290803909306 -0.31874516606330866 2.4461097717285161 0.98039329051971447 0.77105262875556957 -1.0355322957038877 0.1568093225359917 1.5471088290214541 1.6628054380416872 -1.7997444868087766 -9.4246339797973615 0.059725817292928703 -0.084203232079744325 0.71052631735801708 3.5000000000000004 0.28244432806968695 17.176493644714359 9.9267029762268084 0.078227821737527861 0.37145408987998968 19.250579833984379 0.27065467834472662 257.13560485839849 4.8041276931762704 0.20944089442491534 4.5000000000000009 0.17677506059408191 0.28244432806968695
decision_type=2 2 2 2 2 2 2 2 2 2 2 2 2 2 2 2 2 2 2 2 2 2 2 2 2 2 2 2 2 2
left_child=2 3 6 27 8 10 -1 -6 -5 -3 11 -4 18 14 15 16 -7 -18 -12 20 -9 23 -23 -10 26 -26 -25 28 -2 -29
right_child=1 9 5 4 7 13 -8 19 21 -11 12 -13 -14 -15 -16 -17 17 -19 -20 -21 -22 22 -24 24 25 -27 -28 29 -30 -31
leaf_value=-0.027478274567697004 0.045658443822542125 0.037431557963599218 0.078012790334191354 -0.017557925401521377 0.074167179217473095 0.0035140705113442311 0.013738477625186337 0.054445660602291127 -0.017644115483916933 0.057722847051096399 0.087841550137690017 -0.017082152830987286 3.7147007114142305e-05 -0.015677520122132027 0.0074750199638522951 0.00097742839559600888 0.11691670740833564 0.019763884889317965 -0.014747284492178872 -0.0067110702207144862 -0.002362781957468532 -0.010115684881376619 0.049873388421144416 -0.01771388061380378 0.00031955228176440799 0.046385299833878242 0.081401534870938749 0.056659491104885377 -0.0040985838223933776 -0.00038228863140917543
leaf_weight=353.21723790559918 9.425294200889768 104.67120760213584 0.66347486898302932 31.571982748806477 5.795655075460675 1.6618065657094172 11.156233616173266 6.3634306211024541 5.9790477165952316 47.451824817806482 2.0460126856341989 60.037522288039327 22.660170388408005 5.1373023688793173 10.82589923031628 3.7365409936755896 3.8816939638927579 1.9811858497560022 0.93383559770882119 11.319992818869649 4.1799703631550074 38.819414032623172 3.1014403635635963 1.3682023361325253 21.359162000939254 7.9610636131837955 3.8243482252582908 30.908293373882771 8.5455178767442685 2.9108512653037897
leaf_count=39895 274 1103 50 2249 114 117 711 200 344 283 134 5285 1771 409 626 169 208 96 58 376 116 2697 142 82 1315 415 204 600 168 82
internal_value=9.99446e-05 0.0279486 -0.0200514 0.0150878 0.00483922 -0.000323985 -0.0261822 0.0282634 -0.00104116 0.0440967 -0.0077049 -0.0147952 0.00900625 0.0225279 0.0317083 0.0524951 0.0749617 0.0917503 0.0600645 0.0133833 0.0336701 0.00542098 -0.00461892 0.015676 0.0217827 0.0139447 0.0566421 0.0424947 0.023029 0.0518799
internal_weight=823.496 345.557 477.939 193.434 141.644 113.565 364.373 27.659 113.985 152.123 86.341 60.701 25.64 27.2244 22.0871 11.2612 7.52469 5.86288 2.97985 21.8634 10.5434 82.4127 41.9209 40.4918 34.5128 29.3202 5.19255 51.79 17.9708 33.8191
internal_count=60293 10764 49529 9378 8254 8923 40606 806 7448 1386 7298 5335 1963 1625 1216 590 421 304 192 692 316 5199 2839 2360 2016 1730 286 1124 442 682
is_linear=0
shrinkage=0.03


Tree=20
num_leaves=31
num_cat=0
split_feature=4 8 27 33 26 33 8 12 12 13 26 13 34 24 21 0 11 0 29 24 21 24 31 21 27 34 24 21 27 27
split_gain=497.024 70.7481 48.0786 43.2256 21.3483 20.6768 17.9276 15.3365 13.9981 12.1797 12.0282 12.564 11.654 11.1897 12.2764 10.7954 10.2172 10.0138 9.89708 12.5608 12.2796 10.9545 9.63999 12.6367 17.81 11.0777 9.25896 9.1984 9.32574 8.9384
threshold=2.517426729202271 6.7658143043518075 0.25526314973831182 2.6085344552993779 25.185359001159672 1.2298153638839724 8.8211011886596697 -5.5052936077117911 12.705722808837892 -0.20995024591684339 33.733177185058601 -1.4841399788856504 1.4514405727386477 0.51264822483062755 -1.2160457968711851 3.5000000000000004 24.083731651306156 4.5000000000000009 -0.82534202933311451 0.91162395477294933 0.79573526978492748 0.46044525504112249 445.94090270996099 -1.5135403275489805 0.52368423342704784 0.41614015400409704 1.4597659111022951 -0.26614847779273981 0.73421052098274242 0.65263158082962047
decision_type=2 2 2 2 2 2 2 2 2 2 2 2 2 2 2 2 2 2 2 2 2 2 2 2 2 2 2 2 2 2
left_child=2 3 -1 4 15 6 17 -3 13 16 11 -6 -12 -9 -15 -2 -10 -4 19 21 -20 -5 23 24 -19 -25 -7 28 -16 -27
right_child=1 7 5 18 10 26 -8 8 9 -11 12 -13 -14 14 27 -17 -18 22 20 -21 -22 -23 -24 25 -26 29 -28 -29 -30 -31
leaf_value=-0.02862521299939089 -0.010055093950859649 0.092012490530212265 -0.025097386489208055 0.033324350250896029 -0.022745623080757178 0.010790403416113604 0.068963362647514084 0.0043856324485301466 0.025369888488867856 0.055165179525146324 -0.024498123478572147 0.040513916356930656 0.047289564107525502 -0.016688920544053396 0.088931741302423178 0.0077550856015859626 0.057945610280329685 -0.0175299400386759 0.078145326991809733 0.056287552687081695 0.0060310723688022146 -0.010639308496430655 -0.021114283179118259 -0.0094387061176592086 0.1107439440089108 -0.0084681331672190278 0.07103376741631276 0.025551415229603518 0.022385395850774346 0.053887678602959656
leaf_weight=292.69535785820335 44.381162572652102 4.5945306858047834 44.983543699607253 10.67327574267984 2.4853486064821508 21.489239643327895 1.4172789994627226 17.326932445168495 42.010246313177049 52.771624764427543 6.3739098152145726 28.947834141552448 1.8199698626995084 3.1300119254738119 5.2035524463281053 93.346031696535647 11.511620238423346 1.3655968774110072 9.8194908257573825 9.6083693578839284 2.864518277347087 8.3878533318638784 28.338391714729369 42.025304636918008 1.1274273935705421 3.1298429490998378 1.6624902468174685 16.060256916098297 3.9918756941333413 3.9857690120115876
leaf_count=34467 2621 153 4407 155 82 1349 92 672 383 462 253 819 9 133 186 5300 60 125 200 104 45 132 2758 3785 75 292 100 500 132 289
internal_value=-4.30235e-05 0.0253122 -0.0215703 0.0141876 0.00763697 -0.00766186 -0.0124445 0.04066 0.0385166 0.0445738 0.0267491 0.034965 -0.00514384 0.0237795 0.0350656 0.00198483 0.0333106 -0.013908 0.041438 0.0298705 0.0634902 0.0144122 -0.00738193 0.000412798 0.0555767 -0.00343838 0.0178784 0.041871 0.0650721 0.0287963
internal_weight=817.529 375.308 442.22 218.708 177.354 149.525 126.373 156.601 152.006 106.293 39.6271 31.4332 8.19388 45.7126 28.3857 137.727 53.5219 124.956 41.3535 28.6695 12.684 19.0611 79.9723 51.6339 2.49302 49.1409 23.1517 25.2557 9.19543 7.11561
internal_count=60140 12401 47739 9720 9084 13272 11823 2681 2528 905 1163 901 262 1623 951 7921 443 11731 636 391 245 287 7324 4566 200 4366 1449 818 318 581
is_linear=0
shrinkage=0.03


Tree=21
num_leaves=31
num_cat=0
split_feature=1 27 12 8 0 11 3 15 12 31 31 12 25 0 27 25 25 29 12 3 24 0 31 31 11 30 34 34 23 23
split_gain=479.027 63.2367 59.3978 18.8492 18.0393 17.2959 15.6344 14.1252 12.9789 34.018 18.7935 15.7039 14.9899 18.5086 17.3677 13.46 23.8665 13.0612 11.8885 12.0487 13.7315 15.1651 11.716 11.6638 11.5316 16.281 22.4515 16.2625 11.4941 11.4356
threshold=5.944005250930787 0.47631579637527471 6.4612514972686776 4.3220129013061532 4.5000000000000009 4.6934001445770273 -0.76951470971107472 1.5359454751014712 28.961774826049808 341.26315307617193 413.13926696777349 18.866653442382816 0.17497342079877856 3.5000000000000004 0.95000001788139354 0.26713037490844732 0.2430297136306763 -0.99080145359039296 -5.5052936077117911 -0.21210815757513043 0.22964225709438327 4.5000000000000009 341.26315307617193 352.47375488281256 2.4417004585266118 1.5000000000000002 0.19251431524753573 0.43299917876720434 -0.76121568679809559 -0.57109087705612172
decision_type=2 2 2 2 2 2 2 2 2 2 2 2 2 2 2 2 2 2 2 2 2 2 2 2 2 2 2 2 2 2
left_child=1 5 3 6 -3 -1 29 28 9 12 -11 -12 14 -14 -4 16 17 -15 -5 20 -20 -22 24 -10 -6 26 -26 -27 -7 -2
right_child=2 4 8 18 22 7 -8 -9 23 10 11 -13 13 15 -16 -17 -18 -19 19 -21 21 -23 -24 -25 25 27 -28 -29 -30 -31
leaf_value=-0.02842723718063242 0.06570020756550779 -0.016921930028376834 0.042155269791624095 0.060541781495026141 -0.0051116471545114223 0.01706892577482846 -0.001205043669432524 0.068661219561587133 0.025973319785870797 -0.0035882755538319869 0.013013655715568917 0.04606876300158097 0.0037250422776163327 0.0049853431514732148 0.096754140640702882 0.010242098599563338 0.092673370466339708 0.048611727943803744 -0.020420893211676762 0.01111950990517715 0.0025315866157785312 0.09130452658087955 -0.00714110718049273 0.061163356459334621 0.098147612347077778 -0.0081713004700955764 0.014040052444288053 0.045363360722017833 -0.020179382574355351 0.0091983211712013679
leaf_weight=311.54612452350557 4.736737396568059 34.660225518979132 17.31191939953715 6.8571752486750475 13.220018819905816 9.1240696506574732 84.561676359735429 1.1239465922117222 14.583968400955198 25.766455414704978 31.503114727325737 22.405517542734742 13.218556409701703 8.8076683226972765 9.2426129244267923 9.3589709233492595 9.1043404815718514 21.816679823212333 1.6347683956846575 36.61472615133971 2.5443042870610952 4.8438825597986579 24.815978397615254 31.334266878664494 4.8239990798756498 13.808280732482674 6.3849866027012467 6.8882710002362719 28.543722515925765 8.2613606080412847
leaf_count=37860 62 2919 304 265 1074 786 5143 98 74 631 1012 169 197 93 76 165 119 307 45 1786 85 122 2014 153 246 944 353 350 2635 129
internal_value=0.000530304 -0.0199823 0.0261165 0.0115301 0.000489107 -0.0260785 0.00364234 -0.00697467 0.0362217 0.0319795 0.017418 0.0273408 0.0446967 0.0355971 0.0639807 0.043934 0.0514246 0.036619 0.0258471 0.0194478 0.0487622 0.0646797 0.00923423 0.0507785 0.0181991 0.0277197 0.0553115 0.0109158 -0.0109488 0.0330112
internal_weight=819.448 454.94 364.509 150.055 104.602 350.338 97.5598 38.7917 214.454 168.536 79.6751 53.9086 88.8607 62.3062 26.5545 49.0877 39.7287 30.6243 52.4949 45.6377 9.02296 7.38819 69.9415 45.9182 45.1256 31.9055 11.209 20.6966 37.6678 12.9981
internal_count=60216 49279 10937 7637 7900 41379 5334 3519 3300 3073 1812 1181 1261 881 380 684 519 400 2303 2038 252 207 4981 227 2967 1893 599 1294 3421 191
is_linear=0
shrinkage=0.03


Tree=22
num_leaves=31
num_cat=0
split_feature=1 8 33 27 27 1 23 33 14 8 11 15 24 31 21 3 15 23 22 11 8 15 24 21 28 24 23 23 3 8
split_gain=438.461 72.0264 41.5868 40.2013 19.927 16.3887 14.9805 14.7732 14.6243 13.1675 12.8812 12.0645 24.8521 11.7155 15.2575 10.855 14.2526 10.4177 10.3968 9.66838 9.18763 12.6023 9.05501 8.99516 8.92915 8.00393 9.63866 11.4677 11.7913 9.50003
threshold=3.8133352994918828 4.9946625232696542 1.5753607153892519 0.46052631735801702 0.89210525155067455 25.236403465271 -0.94572889804840077 0.84549009799957286 0.35919116437435156 2.8244675397872929 3.6502732038497929 0.19104450941085818 0.94640740752220165 138.54584121704104 0.23429387807846072 -0.32720775902271265 -1.2723298668861387 0.69787979125976574 0.26490743458271032 9.5841207504272479 16.133066177368168 -1.9282644391059873 0.039725370705127723 1.5089049339294436 0.41886392235755926 0.19310408830642703 -0.29206052422523493 -1.111725330352783 0.44990828633308416 0.75356119871139537
decision_type=2 2 2 2 2 2 2 2 2 2 2 2 2 2 2 2 2 2 2 2 2 2 2 2 2 2 2 2 2 2
left_child=3 2 5 9 17 15 -7 -5 11 -1 -3 12 -6 14 18 16 -2 25 19 -9 21 -12 -23 -15 -11 26 27 -4 -29 -27
right_child=1 10 4 7 8 6 -8 13 -10 24 20 -13 -14 23 -16 -17 -18 -19 -20 -21 -22 22 -24 -25 -26 29 -28 28 -30 -31
leaf_value=-0.027831446175449869 0.076946267804255106 -0.011194482582691661 -0.009208426011903444 -0.010509305295541668 0.010572934095043941 0.068338912674298258 0.0067742340903740846 -0.019122123990194001 0.013208752581517874 0.039051627902247317 -0.00053241366644561628 0.086217096103687593 0.077138754548411848 -0.006549124743601825 -0.011915961120490355 -0.011509339697166207 0.0023545957344670429 0.03637343072251549 0.12236222394167176 0.069477527058227559 0.047672078315773359 0.0055500675304951362 0.035640375694725057 0.062420402301022797 -0.018443430815852417 0.031387829625688424 -0.010268111507330657 0.10426470213606435 -0.0031282966263248705 -0.010915884092317833
leaf_weight=309.29482955671847 1.793492995202542 5.0725844707339993 1.8288095165044067 56.456680568866432 13.094924222677951 3.912634730339053 13.866654916666446 1.6570750111714034 13.888702699914573 3.759349192492663 10.319492495618759 6.6801028307527295 7.6259489823132744 12.799092317000028 2.248860607855022 84.594738594256341 13.593223960138854 10.551717177964745 1.5505367442965505 1.0999395474791525 45.855654826387763 10.046048105694352 140.34329659398645 0.94247092213481742 4.0933444667607546 4.8143729576841023 3.4410717468708736 2.3386078346520667 1.191722525283694 26.007280581630766
leaf_count=38172 102 318 100 5041 160 48 165 90 217 368 157 67 85 888 138 6504 880 421 70 43 416 271 3017 63 462 272 187 119 64 1258
internal_value=0.000565506 0.0218314 0.00928202 -0.0221536 0.0243415 -0.00252099 0.0232402 -0.00262989 0.0395661 -0.0268556 0.0341358 0.0519903 0.0374948 0.0187503 0.048762 -0.00728677 0.0152142 0.0112843 0.0767169 0.0253099 0.0352975 0.0314937 0.0336803 0.00209461 0.0103835 0.00387192 0.0275088 0.0495655 0.075324 -0.00352929
internal_weight=814.763 420.861 209.224 393.902 91.4633 117.761 17.7793 76.7547 41.2897 317.148 211.637 27.401 20.7209 20.298 6.55641 99.9815 15.3867 50.1736 4.30755 2.75701 206.564 160.709 150.389 13.7416 7.85269 39.6219 8.80021 5.35914 3.53033 30.8217
internal_count=60163 14828 10649 45335 2950 7699 213 6333 529 39002 4179 312 245 1292 341 7486 982 2421 203 133 3861 3445 3288 951 830 2000 470 283 183 1530
is_linear=0
shrinkage=0.03


Tree=23
num_leaves=31
num_cat=0
split_feature=4 12 11 3 8 0 3 8 21 28 21 4 3 25 25 21 26 1 8 25 25 0 24 21 21 8 34 33 34 25
split_gain=402.561 65.7529 37.0559 22.8609 19.5566 18.0557 20.802 18.928 12.7966 12.4647 12.0002 11.0733 18.604 20.6395 18.9245 19.5045 15.1208 12.964 12.3551 9.74156 10.4106 23.7792 13.613 12.64 12.3301 8.67409 12.9987 8.48742 8.01997 8.45666
threshold=1.4475808739662173 6.9599246978759775 2.4417004585266118 -0.36273780465126032 2.9046206474304204 5.5000000000000009 -0.5410059094429015 2.7534946203231816 -0.1613289266824722 0.46514528989791876 -1.32422399520874 43.433244705200202 0.12511552870273593 0.17497342079877856 0.2430297136306763 0.6163892149925233 29.457221031188968 38.073665618896491 6.7658143043518075 0.13669590651988986 0.17024041712284091 4.5000000000000009 0.43734702467918402 -0.78053492307662953 0.14359691739082339 0.26163130998611456 0.12155462056398393 2.8059800863265996 0.87340503931045543 0.32061108946800237
decision_type=2 2 2 2 2 2 2 2 2 2 2 2 2 2 2 2 2 2 2 2 2 2 2 2 2 2 2 2 2 2
left_child=2 3 -1 19 27 -4 7 8 25 10 -6 12 13 -3 15 -15 18 -18 28 -2 22 -22 -21 -23 -24 -7 -27 -5 -14 -30
right_child=1 11 5 4 9 6 -8 -9 -10 -11 -12 -13 16 14 -16 -17 17 -19 -20 20 21 23 24 -25 -26 26 -28 -29 29 -31
leaf_value=-0.027518822426008966 -0.0096794460120096029 0.07987734160138403 -0.019623403532536957 -0.010269654817419838 -0.019102909271983454 -0.0048364766930134601 -0.017205153258351601 0.080953234946441827 -0.0051318658882226337 -0.020607581674086155 0.020729866906079288 0.045101369277768324 0.036394775646563814 -0.0042477968684195488 0.068426276223950103 0.05919897259289731 -0.0242037894585269 0.025570624334103564 0.033729406982599873 0.0023538531583403959 -0.017380946667071066 0.065968000502896459 0.025926641080649158 0.022172650582386259 0.12648306833804568 0.093830916060335834 0.018511111164283629 0.049301413409356218 -0.0020107492165667143 0.045723139470767532
leaf_weight=285.31252329796553 6.1310945181176058 11.011217459104953 49.428919480647892 73.100640419870615 6.8145888503640881 3.7076596179977086 21.906187408603728 3.0365428607910863 18.008123971521854 8.2130720252171141 64.394298443570733 48.227401733398438 8.1448084581643325 15.015222664922481 7.4145155604928723 5.0783858727663747 10.327705558389427 7.0758155211806288 69.147500251419842 2.6238443339243522 9.8057752093300206 7.7877175305038646 2.660089148208499 24.430676924996082 2.2256150180473924 2.6211687419563514 6.3569304584525526 1.2389244474470604 26.173848760314289 2.8172983648255459
leaf_count=36154 332 123 4837 5341 376 316 2242 172 1506 661 3108 227 249 168 82 48 286 44 937 132 384 198 107 747 80 177 475 31 799 78
internal_value=-2.2105e-05 0.0203448 -0.0219232 0.00838304 0.00236408 -0.0066117 0.00509059 0.019649 0.0112213 0.0126393 0.0167062 0.0321534 0.0280509 0.0462306 0.0304327 0.0138338 0.0220639 -0.003677 0.0262739 0.0246739 0.0290335 0.0222145 0.0600983 0.0344259 0.0854408 0.0331143 0.0477007 -0.00863565 0.0118713 0.00399782
internal_weight=810.238 419.86 390.378 209.426 153.762 105.066 55.6366 33.7304 30.6939 79.422 71.2089 210.434 162.206 38.5193 27.5081 20.0936 123.687 17.4035 106.283 55.6648 49.5337 42.0242 7.50955 32.2184 4.8857 12.6858 8.9781 74.3396 37.136 28.9911
internal_count=60417 14538 45879 11497 9517 9725 4888 2646 2474 4145 3484 3041 2814 421 298 216 2393 330 2063 1980 1648 1329 319 945 187 968 652 5372 1126 877
is_linear=0
shrinkage=0.03


Tree=24
num_leaves=31
num_cat=0
split_feature=4 1 3 8 11 12 31 34 11 11 28 3 23 25 11 21 28 34 27 27 21 25 25 22 30 24 31 12 27 25
split_gain=393.909 63.7359 44.9852 22.3364 19.7349 17.044 18.1187 27.8776 14.7884 12.9319 13.8023 23.2942 12.6076 13.779 14.3003 15.6498 15.5309 14.6969 15.1282 12.5636 14.4617 12.3337 15.5089 11.9006 11.5209 11.2223 11.6318 14.5325 11.1327 10.5005
threshold=-0.067292798310518251 16.543148994445804 -0.39922654628753657 2.7534946203231816 4.7942762374877939 28.961774826049808 352.47375488281256 1.7789585590362551 4.8888726234436044 24.083731651306156 -0.10088855028152464 0.63953110575675975 2.4651725292205815 0.15071770548820498 13.781019210815431 -0.78053492307662953 -0.57868120074272145 0.43299917876720434 0.77105262875556957 0.47105263173580175 -1.6513487696647642 0.15232736617326739 0.19316705316305163 0.53341403603553783 2.5000000000000004 0.93930307030677807 334.49572753906256 1.7080947160720827 0.40789473056793218 0.2430297136306763
decision_type=2 2 2 2 2 2 2 2 2 2 2 2 2 2 2 2 2 2 2 2 2 2 2 2 2 2 2 2 2 2
left_child=3 2 25 19 -4 6 9 -8 -5 10 11 21 13 -6 -15 -16 17 -17 -19 -1 -21 -3 -23 -12 -10 26 29 -28 -13 -2
right_child=1 5 4 8 12 -7 7 -9 24 -11 23 28 -14 14 15 16 -18 18 -20 20 -22 22 -24 -25 -26 -27 27 -29 -30 -31
leaf_value=-0.028089548462585961 0.016369608986583142 0.10575215788322086 -0.017102885627902954 -0.0085806334802050431 -0.015134623217586745 0.045151589017695941 -0.0060946314454480678 0.028919443106131568 0.091971967892524903 0.065332234177227638 -0.0039731539225123557 0.063671684430823189 0.064608902736531124 0.0034333419086958329 -0.017700005533830016 0.0029760936877889364 0.015648718915724034 0.14271235682690808 0.016810720356715343 0.064440733064727099 -0.014345602172809719 0.009467669931801953 0.066881429355944988 0.039349170939359294 -0.014700755707251569 0.045843050751028409 -0.014674561541521648 0.0567098859571986 0.01198005335153657 0.046809073550199892
leaf_weight=278.77928119525313 34.145144382491708 4.1557913022115853 48.683207878377289 5.9227143269963545 26.127810739912093 50.940968826413155 34.047548024915159 49.203515633940697 2.1849044766277079 10.473007930442689 16.926852230913941 3.5336627801880267 2.1499124858528367 75.67832225933671 3.6723906164988902 1.6823510462418205 7.4001987241208527 2.4594990182667975 1.5390243809670208 1.2160334866493929 45.854715523310006 7.1967107802629497 10.782394175417719 7.4902887586504212 0.9330747378990053 18.610205598641187 14.139179597608747 2.0926909688860169 26.566716295666993 14.872915579937397
leaf_count=36431 1198 54 4557 660 1773 240 742 976 137 85 258 53 116 4830 195 73 365 102 80 84 4158 84 128 93 67 712 980 108 491 493
internal_value=0.00050919 0.0180747 0.00774873 -0.0243625 -0.00117605 0.0298027 0.0249769 0.0146972 0.0204272 0.0345212 0.0295244 0.0381285 0.00533513 0.00372888 0.00916597 0.0334093 0.0479957 0.0814832 0.107311 -0.0256638 -0.011012 0.0609842 0.0456095 0.0103418 0.0642316 0.0255777 0.019193 -0.00271443 0.0199006 0.0263567
internal_weight=809.461 474.57 253.253 334.891 169.393 221.317 170.376 83.2511 9.04069 87.1254 76.6524 52.2353 120.71 118.56 92.4318 16.7535 13.0811 5.68087 3.99852 325.85 47.0707 22.1349 17.9791 24.4171 3.11798 83.8601 65.2499 16.2319 30.1004 49.0181
internal_count=60323 18786 15582 41537 12091 3204 2964 1718 864 1246 1161 810 7534 7418 5645 815 620 255 182 40673 4242 266 212 351 204 3491 2779 1088 544 1691
is_linear=0
shrinkage=0.03


Tree=25
num_leaves=31
num_cat=0
split_feature=11 8 27 27 29 11 29 29 2 3 0 22 25 11 15 13 22 28 15 15 15 13 15 2 22 0 11 25 11 8
split_gain=358.827 71.0031 32.4768 26.4093 22.2945 15.4415 17.625 15.1619 13.0107 20.0228 12.8578 13.7874 13.5704 12.5524 12.3899 12.3468 12.1016 14.2824 13.0328 10.8589 13.2823 9.88037 11.5474 9.27625 11.5351 8.76189 14.4438 12.0835 8.69889 8.54059
threshold=3.2660146951675419 6.7658143043518075 0.59736841917037975 0.77105262875556957 0.60210752487182628 8.6851391792297381 0.078402601182460799 0.12972188368439677 2.9499157667160039 -0.35635043680667872 8.5000000000000018 0.35176993906497961 0.1977006867527962 5.2038097381591806 0.072101768106222167 0.24990287423133853 0.29616416990756994 -0.10088855028152464 0.48954504728317266 0.27677105367183691 -0.54137390851974476 -1.8818712234497068 -1.6277588009834287 2.5055763721466069 -0.83903506398200978 5.5000000000000009 18.157570838928226 0.14791186898946765 17.176493644714359 5.4001824855804452
decision_type=2 2 2 2 2 2 2 2 2 2 2 2 2 2 2 2 2 2 2 2 2 2 2 2 2 2 2 2 2 2
left_child=3 2 5 -1 8 21 -7 -8 9 10 11 -4 13 -13 -12 -15 17 28 -18 20 -5 22 -2 24 -16 26 -3 -27 -10 -11
right_child=1 25 4 19 -6 6 7 -9 16 29 14 12 -14 15 23 -17 18 -19 -20 -21 -22 -23 -24 -25 -26 27 -28 -29 -30 -31
leaf_value=-0.02667704215082272 -0.009857988296391838 0.015531741884912215 -0.0010003213925003271 -0.0027667839148003471 0.10032462073978371 0.0014914560194419506 0.10331695570521493 0.0066935990994845349 0.015238196111161997 -0.0075421866043591862 0.0088267242098956367 -0.0099606271771300881 0.006403937429123401 0.099744187305296966 0.0017733801060490332 0.015448253246559664 0.052089389137278383 -0.0068986717744590319 0.0046371196626180076 -0.013067271085254562 0.064935568304293409 -0.01506634096176252 0.093733336081411406 0.0037989595767712642 0.090684460630025623 -0.00082325934945121776 0.038805510685431623 0.04331602941982339 0.06104005573700455 0.026972611328935154
leaf_weight=302.02693540789187 1.8763624140992763 60.168265514075756 31.411929400637746 5.0595861366018653 1.7427243869751681 31.605141889303923 2.1369419004768124 3.0166693357750773 12.540097130462529 57.444678463041782 7.0875143809244063 1.8373039122670904 10.645447322167454 4.2429099418222904 1.6497430233284838 2.8336820574477315 19.561496891081337 16.877945609390736 7.2562863659113637 8.7693419801071268 4.2161599127575773 73.280747270211577 0.69230648269876738 2.1873690690845251 6.3181177778169486 6.0404764218255869 41.780872596427798 67.050786442123353 5.0131996665149918 6.2680789129808536
leaf_count=39442 146 1241 1492 170 52 2220 113 199 314 3513 291 92 410 171 61 126 303 274 117 452 162 6684 41 24 245 140 368 1035 101 299
internal_value=1.35777e-05 0.0163379 0.00761168 -0.0245726 0.0149943 -0.00518672 0.0105834 0.0570373 0.0137118 0.00829884 0.0194744 0.0114692 0.0305695 0.0558723 0.0412127 0.0720816 0.0250503 0.0127017 0.0398781 0.0102016 0.0313309 -0.0128676 0.0365039 0.060998 0.074526 0.0315387 0.0253541 0.0397064 0.0309041 -0.00378228
internal_weight=802.639 482.567 307.527 320.072 194.919 112.608 36.7588 5.15361 193.176 131.927 68.214 50.9713 19.5593 8.9139 17.2427 7.07659 61.249 34.4312 26.8178 18.0451 9.27575 75.8494 2.56867 10.1552 7.96786 175.04 101.949 73.0913 17.5533 63.7128
internal_count=60298 20072 17288 40226 7885 9403 2532 312 7833 6724 2912 2291 799 389 621 297 1109 689 420 784 332 6871 187 330 306 2784 1609 1175 415 3812
is_linear=0
shrinkage=0.03


Tree=26
num_leaves=31
num_cat=0
split_feature=4 4 28 27 3 12 11 21 1 30 24 13 28 15 11 21 11 21 30 12 12 24 3 8 11 21 15 12 31 25
split_gain=352.794 62.1162 34.7237 20.0551 20.0203 15.0606 17.028 14.4452 13.4246 11.2925 10.5634 10.3315 12.4435 11.1598 12.5121 14.6012 14.2102 9.75648 9.42907 9.92198 9.24971 9.62282 9.11032 8.94363 8.46286 8.44845 8.37645 8.3044 16.6669 14.48
threshold=-0.067292798310518251 22.462359428405765 0.43442112207412725 0.47631579637527471 0.37145408987998968 -0.16022325307130811 4.2678558826446542 -1.2547152042388914 11.250617504119875 1.5000000000000002 0.9612601399421693 1.0810298919677737 -0.13505011796951291 0.73804995417594921 6.7293417453765878 -0.31010733544826502 12.075926780700685 -1.6108173131942747 1.5000000000000002 -1.6882688999176023 0.74502748250961315 0.070404283702373519 0.51964449882507335 8.8211011886596697 11.649909973144533 0.66908079385757457 0.48954504728317266 22.830729484558109 352.47375488281256 0.17458207905292514
decision_type=2 2 2 2 2 2 2 2 2 2 2 2 2 2 2 2 2 2 2 2 2 2 2 2 2 2 2 2 2 2
left_child=3 2 4 23 5 9 -7 -8 -6 -2 11 13 -13 14 15 -9 -16 -5 19 25 22 -22 -10 -1 26 -19 -12 28 29 -3
right_child=1 27 -4 17 8 6 7 10 20 -11 24 12 -14 -15 16 -17 -18 18 -20 -21 21 -23 -24 -25 -26 -27 -28 -29 -30 -31
leaf_value=-0.027699159562504655 0.020577292604504353 0.061513151398833454 -0.019043332728288991 0.051026522893520124 -0.018997642601693239 0.0079328707779981519 -0.01295164150760961 0.076412879013045748 -0.013158024619260713 -0.0019575288354096187 0.069639802631751832 0.018057413788600835 0.11016608759424534 -0.016789538721817761 -0.00048824314662293333 0.020178881889002711 0.052220221704130633 0.038175292116306485 -0.022580764464483365 -0.015446564360890667 0.040864182269527524 -0.005591946027697906 0.048783482468076796 0.048374627511634578 -0.0019715356046425625 -0.01201435902677531 0.0053879246192963751 0.037972779964272271 0.01118795088630377 0.023853340052452779
leaf_weight=272.24154729908332 31.65354526322335 14.178341159597037 36.059452974237502 1.577670951373874 25.296049066353589 41.950041645672172 5.4976807329803696 7.184844494797292 2.4353098496794683 51.303502310067415 14.386854450218385 3.2504689088091254 1.969550042413174 5.1880166530609122 18.842061676084999 10.529328976757823 5.0840173177421084 8.1786912120878714 22.242306499741971 11.128534864634274 3.6117019997909656 29.911342062987387 6.9046946372836828 0.52839636756107111 2.0359699577093116 3.9153184900060287 2.2720118202269068 81.147873625159264 46.664541558362544 29.558650486171246
leaf_count=37276 1805 115 3368 99 2183 2116 256 199 115 3226 325 143 54 208 627 416 148 600 2093 1125 179 1504 276 50 56 325 98 444 559 270
internal_value=7.19747e-05 0.0164074 0.00824534 -0.0242632 0.0119562 0.0166976 0.0235408 0.0319148 -0.00207561 0.00678366 0.0355335 0.0276371 0.0649349 0.0222087 0.0273473 0.0458517 0.0123574 -0.00602172 -0.00905692 0.00429355 0.00811652 0.000451839 0.0329223 -0.0273756 0.0549982 0.0222502 0.0616782 0.0308042 0.0240243 0.0371637
internal_weight=796.728 476.916 305.366 319.812 269.307 201.148 118.191 76.2408 68.1591 82.957 70.7431 52.0483 5.22002 46.8283 41.6403 17.7142 23.9261 47.0425 45.4649 23.2225 42.863 33.523 9.34 272.77 18.6948 12.094 16.6589 171.549 90.4015 43.737
internal_count=60258 18690 17302 41568 13934 9677 4646 2530 4257 5031 2274 1795 197 1598 1390 615 775 4242 4143 2050 2074 1683 391 37326 479 925 423 1388 944 385
is_linear=0
shrinkage=0.03


Tree=27
num_leaves=31
num_cat=0
split_feature=4 12 11 33 0 11 23 25 31 29 28 15 15 24 15 29 15 0 15 23 29 24 15 25 33 21 33 23 28 22
split_gain=325.87 42.1755 37.5042 28.2852 19.7759 16.052 14.2827 14.1573 13.2862 11.7467 10.8046 10.5583 9.52994 11.9437 11.7054 14.5723 13.5265 12.8589 10.9532 9.22009 8.65341 13.613 11.0068 13.9274 9.88515 8.76396 8.45742 8.27391 8.00246 7.668
threshold=1.6680696010589602 16.180838584899906 2.280268788337708 1.852273762226105 5.5000000000000009 18.157570838928226 -0.87785953283309925 0.15423238277435306 327.78775024414068 -0.34436371922492975 -0.7878933548927306 -0.51454755663871754 0.87564593553543102 0.15279440581798556 0.19104450941085818 -0.98556962609291066 -0.08653614297509192 4.5000000000000009 0.58235248923301708 0.54255941510200512 -0.76278147101402272 0.20930828899145129 0.49950365722179418 0.27329581975936895 0.12343671917915346 -1.6108173131942747 2.6817771196365361 1.0706688761711123 0.38738232851028448 -0.38873395323753351
decision_type=2 2 2 2 2 2 2 2 2 2 2 2 2 2 2 2 2 2 2 2 2 2 2 2 2 2 2 2 2 2
left_child=2 3 -1 5 -4 7 29 -2 9 20 19 27 14 -14 16 18 -12 26 -16 -5 25 -22 23 24 -23 -6 -17 -3 -9 -7
right_child=1 11 4 10 8 6 -8 28 -10 -11 12 -13 13 -15 15 17 -18 -19 -20 -21 21 22 -24 -25 -26 -27 -28 -29 -30 -31
leaf_value=-0.027975256272313929 -0.017167711822903161 0.0094950567406299601 -0.020498124028566437 -0.0061749559119881536 0.073438945767277664 0.012588290981469664 0.010473150414735425 0.0077278134017405836 -0.011238996715217532 -0.0091476348144143398 0.029400642512151513 0.036157529237848596 0.044281788195294151 -0.026906083703085601 -0.016865372061676463 -0.015368364686330236 -0.0051381288335292843 0.079247192339726033 0.041742705504005037 0.030832095027742715 -0.0040623004765444415 0.017436737456418522 -0.002259059744207217 -8.1900917830637974e-05 0.15619902393208199 0.0063614702952428737 0.050177073046080066 0.040591318679622776 -0.01350025324394024 0.079161347363505372
leaf_weight=252.9298657248728 37.215868836268783 32.248490602709353 50.898044604342431 19.363231758587066 1.0207126247696603 2.8886870881542563 28.502570842392743 90.243213699199259 25.698618206661195 10.327604877762495 42.136719497852027 94.823025014251471 2.133453829213976 5.5992856211960316 4.6503924680873769 2.7815153384581235 13.016054886393247 11.553920234553514 5.0769400149583817 7.662081876769661 2.434921849519017 0.89072413323447186 1.1472884635441003 0.98823406174778927 1.7319569732062516 15.280266511719672 2.6073319669812918 9.5453036949038488 18.429313771426678 4.0534785939380518
leaf_count=35569 2752 232 5240 826 58 78 643 5313 2480 1080 768 643 40 165 84 88 286 155 108 216 235 87 106 72 104 1141 31 60 1468 72
internal_value=-0.000689095 0.0168256 -0.0216237 0.0104364 -0.006954 0.00298743 0.020798 -0.00145191 0.0047754 0.0169169 0.0218988 0.0305811 0.0268735 -0.00444374 0.0298511 0.0461193 0.0213031 0.0622954 0.0147634 0.00504287 0.0282801 0.0537926 0.0789627 0.0996623 0.126894 0.0145637 0.019235 0.0173797 0.00403756 0.0565327
internal_weight=797.879 434.531 363.348 297.914 110.418 181.333 35.4447 145.888 59.5203 33.8217 116.581 136.617 89.5556 7.73274 81.8229 26.6701 55.1528 16.9428 9.72733 27.0253 23.4941 7.19313 4.7582 3.61092 2.62268 16.301 5.38885 41.7938 108.673 6.94217
internal_count=60200 14028 46172 13093 10603 10326 793 9533 5363 2883 2767 935 1725 205 1520 466 1054 274 192 1042 1803 604 369 263 191 1199 119 292 6781 150
is_linear=0
shrinkage=0.03


Tree=28
num_leaves=31
num_cat=0
split_feature=4 8 27 11 0 27 12 0 33 15 11 4 12 1 25 15 29 12 26 33 34 11 0 21 25 33 21 12 33 25
split_gain=336.263 61.3979 31.5085 19.2552 16.4649 13.4823 18.9942 11.2487 27.6792 14.0648 10.6833 10.1664 13.4903 11.2702 10.4897 23.0547 9.81216 9.59337 14.3955 9.4071 9.2206 9.03362 11.5106 13.0228 11.868 11.9373 16.4342 9.23585 8.87189 15.1062
threshold=-0.067292798310518251 6.7658143043518075 0.89210525155067455 3.3181207180023198 3.5000000000000004 0.68684211373329174 -9.4246339797973615 6.5000000000000009 0.36832667887210851 0.64645510911941539 16.564672470092777 0.59543368220329296 -0.18498122692108152 2.85096287727356 0.20719622820615771 -0.40526033937931055 -0.34436371922492975 28.961774826049808 30.975158691406254 2.1430081129074101 0.18143308162689212 24.083731651306156 5.5000000000000009 -1.1048080325126646 0.17497342079877856 1.2625691294670107 -0.17272834479808805 9.6116218566894549 1.852273762226105 0.1620518043637276
decision_type=2 2 2 2 2 2 2 2 2 2 2 2 2 2 2 2 2 2 2 2 2 2 2 2 2 2 2 2 2 2
left_child=3 2 4 -1 -2 6 10 -5 -9 16 -6 13 -13 -7 -14 -16 20 18 21 -8 -10 22 24 -24 25 -3 -27 -25 -4 -30
right_child=1 17 28 7 5 11 19 8 9 -11 -12 12 14 -15 15 -17 -18 -19 -20 -21 -22 -23 23 27 -26 26 -28 -29 29 -31
leaf_value=-0.027483918561819032 -0.011605828203413103 0.013909746100667629 0.0095299719660514211 -0.019412815521017018 0.1070541352786917 0.0083171336060909595 -0.0076547787380800087 -0.01312518676767244 0.11148768976536817 -0.018075214875895782 0.0080403763371294928 -0.004995212984093814 0.0070472021044685638 0.11074893904359297 -0.0097980961117394919 0.054369548720298568 -0.0022215619237326424 0.042204674179155584 -0.0030881947324572162 0.025709157001737173 0.0019101580913088599 0.046858883594593323 -0.0044488593263453651 0.021344779228875992 0.0015347609810318736 0.0084239843216508698 0.083937477854558254 0.052717101339278732 0.066493895455915789 0.022674096156631282
leaf_weight=251.88091570371762 60.415020476095378 20.993908259551976 31.066872081719339 29.25876359641552 1.1830791877582663 2.1000966886058445 75.944112000521272 16.451983408536766 3.2208799216896287 1.4554531006142495 2.1046202722936869 23.618073455989361 21.349373668432236 1.1264095995575187 6.6833956120535758 16.578180028125644 1.1428155205212531 43.43870747089386 14.119555396959184 7.4612400587648144 0.86866698600351799 20.82214068248868 6.1275451323017469 15.470654894132165 28.889014089014381 4.6934583513066173 5.5688788294792158 25.584991925396025 7.8900362756103268 48.506959335878491
leaf_count=36386 4332 513 1008 2973 66 130 6112 1614 187 110 94 1365 966 68 212 610 99 192 272 284 70 171 152 549 619 65 69 273 90 495
internal_value=0.000692809 0.0160203 0.00771898 -0.0240489 0.00159718 0.00668216 -0.00128618 -0.00733102 0.00811696 0.0552826 0.0603284 0.016234 0.0132165 0.0618197 0.0227563 0.0362893 0.0753142 0.0295855 0.0254648 -0.00440089 0.0931607 0.0286103 0.0246701 0.0357248 0.0155554 0.0280648 0.053216 0.041684 0.0228258 0.0298562
internal_weight=796.016 491.736 306.027 304.279 218.564 158.149 86.6931 52.3986 23.1398 6.68782 3.2877 71.4555 68.229 3.22651 44.6109 23.2616 5.23236 185.709 142.27 83.4054 4.08955 128.151 107.328 47.1832 60.1453 31.2562 10.2623 41.0556 87.4639 56.397
internal_count=60146 18707 15832 41439 14239 9907 6556 5053 2080 466 160 3351 3153 198 1788 822 356 2875 2683 6396 257 2411 2240 974 1266 647 134 822 1593 585
is_linear=0
shrinkage=0.03


Tree=29
num_leaves=31
num_cat=0
split_feature=1 8 8 33 27 1 3 12 34 0 8 23 12 1 3 11 33 14 14 31 28 0 21 22 8 27 27 8 23 27
split_gain=297.972 43.5185 38.0862 32.7121 18.9629 18.3952 18.0942 14.5861 12.6145 11.9849 13.5965 12.9956 11.3503 11.0786 12.9363 10.6131 10.3423 9.70033 17.0659 17.8001 11.1105 9.33647 8.67011 7.69992 8.26888 7.46481 8.91493 7.43897 7.29248 7.17092
threshold=3.8133352994918828 7.0380437374114999 2.7534946203231816 2.0945423841476445 0.46052631735801702 46.102083206176765 -0.593308925628662 -2.8812820911407466 0.15677477419376376 6.5000000000000009 4.6369247436523446 0.28183904290199285 -2.8812820911407466 30.17441558837891 -0.21210815757513043 19.250579833984379 3.5814814567565922 -0.50944572687149037 0.24437204748392108 274.61106872558599 -0.15207348018884656 5.5000000000000009 -0.4497509747743606 1.0454362630844118 1.0735916495323183 0.81842103600502025 0.87368422746658336 0.75356119871139537 0.23459146916866305 0.95000001788139354
decision_type=2 2 2 2 2 2 2 2 2 2 2 2 2 2 2 2 2 2 2 2 2 2 2 2 2 2 2 2 2 2
left_child=2 3 4 5 -1 6 17 21 -5 11 23 -10 22 14 -14 -8 25 -2 19 -19 -21 -4 -3 24 -11 -15 -27 -20 29 -26
right_child=1 12 7 8 -6 -7 15 -9 9 10 -12 -13 13 16 -16 -17 -18 18 27 20 -22 -23 -24 -25 28 26 -28 -29 -30 -31
leaf_value=-0.027204249323878511 -0.011524178902456626 0.009348595689816025 0.012110587212208297 -0.017570998754658639 -0.0088380263385726739 0.045267134599605366 -0.0073081793079032226 -0.001563157449534757 0.0056201193791390299 -0.0060571930172924129 0.076545012032147239 0.03666536545424931 0.04389899656556337 0.04151163782721936 0.0064997538410649586 0.019368622363469753 0.0087882928227656816 -0.0035261672848734987 0.048192269554065657 0.12948883309376977 0.026319477428950265 0.084563725549928206 0.075605577704565469 -0.0090918516741365415 0.0044624218184259471 -0.00088603883180849981 0.031455319997787889 -0.0060005020853225281 0.077961351643553667 0.045992233394846871
leaf_weight=258.59824659256265 5.0100274076685336 2.7333996128290892 3.2336982646957031 5.8361495612189165 64.398472251370549 7.0550280809402457 140.06928937090561 9.4338456983678025 35.610962612554431 3.5126040885225001 6.5464558098465195 17.775148896500468 9.3813325781375152 57.137682385742664 44.575508364941925 13.872467765584586 17.59146574139595 2.2133997054770616 2.0380873354151836 2.5382370529696345 2.1409823605790734 3.1664091469720006 6.5446742512285692 3.834308215416967 6.4578678896650699 10.166048645973204 29.593782976269722 8.4467472415417415 3.5493565723299971 8.7414621859788877
leaf_count=38138 183 93 228 257 5751 32 9167 1010 731 74 90 236 165 315 1510 401 90 58 82 91 77 172 175 64 186 60 175 351 53 69
internal_value=-9.87656e-05 0.015804 -0.0213426 0.00828267 -0.023581 0.000931176 -0.001088 0.0230065 0.02279 0.0256986 0.0399007 0.0164409 0.0273411 0.0252658 0.0136827 -0.00479471 0.0305589 0.0235154 0.0336949 0.067088 0.0952298 0.0545397 0.0588944 0.0282223 0.0347639 0.0343812 0.0233672 0.00781266 0.0423312 0.0297118
internal_weight=791.803 452.972 338.831 275.249 322.997 183.384 176.329 15.834 91.8643 86.0282 32.6421 53.3861 177.724 168.446 53.9568 153.942 114.489 22.3875 17.3775 6.89262 4.67922 6.40011 9.27807 26.0956 22.2613 96.8975 39.7598 10.4848 18.7487 15.1993
internal_count=60084 14785 45299 12202 43889 10442 10410 1410 1760 1503 536 967 2583 2315 1675 9568 640 842 659 226 168 400 268 446 382 550 235 433 308 255
is_linear=0
shrinkage=0.03


Tree=30
num_leaves=31
num_cat=0
split_feature=4 4 33 25 28 8 34 21 25 11 27 34 0 13 21 28 1 8 27 15 14 15 25 25 22 0 8 29 29 4
split_gain=291.209 51.0237 30.0397 26.3329 19.9075 18.4865 17.9118 16.0172 16.5477 12.3864 13.6205 11.7684 15.457 10.2643 10.2267 8.93383 7.64328 10.3193 9.64359 13.2016 9.72065 30.9424 10.939 9.13486 8.19905 7.52603 8.60466 7.50798 7.13571 6.93254
threshold=-0.067292798310518251 22.462359428405765 2.1183646917343144 0.24158988147974017 0.43442112207412725 2.8244675397872929 1.950153172016144 -1.6108173131942747 0.30522328615188604 5.7333786487579355 0.73947367072105419 0.75496655702590953 4.5000000000000009 0.38662451505661016 -0.028542924672365185 -0.80860772728919972 12.774801254272463 3.3454796075820927 0.65263158082962047 1.5010006427764895 0.24437204748392108 0.11227403581142427 0.1735852733254433 0.15423238277435306 1.0269711017608645 8.5000000000000018 6.1643531322479257 -0.94063457846641529 -0.36046156287193293 -0.86804670095443714
decision_type=2 2 2 2 2 2 2 2 2 2 2 2 2 2 2 2 2 2 2 2 2 2 2 2 2 2 2 2 2 2
left_child=3 2 4 -1 6 7 11 8 -5 -8 -11 12 -2 25 27 -4 17 18 19 -14 21 22 -20 -19 -22 -3 -27 -12 -25 -7
right_child=1 13 15 5 -6 29 9 -9 -10 10 14 -13 16 -15 -16 -17 -18 23 20 -21 24 -23 -24 28 -26 26 -28 -29 -30 -31
leaf_value=-0.026994662775386247 -0.01101098448526934 0.01898630238403767 0.002797783150484096 -0.016139607325206924 -0.020417916791373062 0.0012473928984099874 -0.0093857681024714923 -0.011400686109577798 0.11834724192315636 0.066311273072757221 0.026507718977849832 -0.01090035957118086 -0.010827669975689612 0.039327638941222286 0.037608937407350586 0.026380846821346365 -0.019961749964234835 -0.019076770116209577 0.071080326959642129 0.066741944176927109 -0.010142660230850146 0.1088399506221378 0.0001949525210283043 0.030674316651930513 0.04844164608519904 0.009497223834020652 0.049354308413599744 -0.022266479414425361 0.088020209621284984 0.10239886447279978
leaf_weight=250.54071081569418 31.327268483582884 116.6931035798043 18.461141075007617 1.1253793938085426 32.316301422659308 0.90686716232448805 7.5744133079424492 37.080933283083141 0.81447458686307062 7.0452817352488664 3.6862501967698353 54.165208892896771 21.930262112524364 45.248943224549294 10.815138066187497 70.192435240373015 4.7028178246691814 1.6631950787268568 1.3662808723747755 1.1642466587945808 10.443217358551918 3.0420651752501717 11.424800823442636 10.628493706695734 1.6478015538305033 7.5313601642847088 16.52084450237453 6.239979059435429 2.2902017799206069 1.0323537285439659
leaf_count=37121 2342 874 659 99 3269 77 655 4143 53 378 99 3915 1793 353 423 1201 269 114 77 93 508 96 512 447 66 74 111 334 125 68
internal_value=0.000406884 0.0143355 0.00688539 -0.0233623 0.000995376 -0.00103013 0.00470285 -0.00633954 0.0613756 0.0236622 0.0326839 0.000276166 0.00628099 0.0267344 0.018737 0.0215559 0.0140327 0.0167328 0.00997566 -0.0043095 0.0215306 0.0362711 0.0123716 0.0382171 0.000931876 0.0224368 0.0377513 -0.00338516 0.046434 0.071614
internal_weight=789.622 498.121 312.127 291.501 223.473 40.96 191.157 39.0208 1.93985 35.3611 27.7866 155.796 101.631 185.994 20.7414 88.6536 70.3034 65.6006 51.0187 23.0945 27.9242 15.8331 12.7911 14.5819 12.091 140.745 24.0522 9.92623 12.9187 1.93922
internal_count=60348 18787 17375 41561 15515 4440 12246 4295 152 1889 1234 10357 6442 1412 856 1860 4100 3831 3145 1886 1259 685 589 686 574 1059 185 433 572 145
is_linear=0
shrinkage=0.03


Tree=31
num_leaves=31
num_cat=0
split_feature=11 8 33 33 2 28 34 31 23 26 22 3 31 13 22 14 21 25 0 2 21 29 22 22 0 8 14 34 24 14
split_gain=279.66 49.7133 24.9237 24.725 13.7416 15.175 13.9227 13.1801 11.3511 10.5696 9.81952 14.0653 11.2949 13.3801 9.64079 9.2447 11.5538 11.9076 12.4986 15.3192 21.7074 10.22 13.7717 18.1867 9.77898 9.16074 8.8785 9.80233 13.0124 9.09243
threshold=3.2660146951675419 7.0380437374114999 1.3867642283439638 0.60881331562995922 3.8523172140121464 0.43442112207412725 2.3678934574127202 498.61573791503912 -1.3026922941207884 25.185359001159672 -0.86668306589126576 0.11330614611506463 274.61106872558599 -0.55562394857406605 -1.2971768379211424 -0.66395038366317738 -0.84788474440574635 0.27899609506130224 5.5000000000000009 2.1241030693054204 0.53382080793380748 -0.98556962609291066 -0.45511524379253382 -0.23001482337713239 8.5000000000000018 3.0684909820556645 -1.3015145659446714 3.490164160728455 0.37119653820991522 0.97213670611381542
decision_type=2 2 2 2 2 2 2 2 2 2 2 2 2 2 2 2 2 2 2 2 2 2 2 2 2 2 2 2 2 2
left_child=3 2 4 -1 5 6 7 14 -4 26 12 -12 13 -10 -2 16 -16 18 -18 20 -20 22 -17 -24 -25 -5 -8 28 -28 -29
right_child=1 -3 8 25 -6 -7 9 -9 10 -11 11 -13 -14 -15 15 21 17 -19 19 -21 -22 -23 23 24 -26 -27 27 29 -30 -31
leaf_value=-0.026780065183721505 -0.027188568567475962 0.026300156079730554 -0.019198631305929512 -0.0060549962676375736 0.038578818069438761 -0.019424341389528827 0.054320309472652296 -0.022573249856429278 0.0045802964088491093 0.047283325077824408 0.022770023381985336 -0.0041877486174312422 0.0099553779554899732 0.079015067896393273 -0.015745332122686039 -0.021379212832152328 0.016578241967645044 -0.015715516433274009 0.15702853328895627 0.011462707750133133 0.0072966576107188425 -0.0063290904616957432 0.092754473224437473 2.6611530934023268e-05 0.053101997669831841 0.035196645305268233 -0.021289274838082732 -0.016658765659632452 0.057751442312960165 0.036210664864946389
leaf_weight=244.42585477931425 8.1267050611786527 184.18742752028629 6.2103161839768282 28.55534434132278 7.2407521307468405 32.411524328403175 2.4975215429440167 21.862637758255005 3.118924164213241 8.0490056145936233 67.212024196516722 23.019228441175073 7.4276164378970853 7.2997983423993 5.007053964771333 5.5871103955432799 7.8008745140396076 3.095341053325682 1.8825858309865 2.5175916226580739 1.3948999610729513 59.033383125439286 2.403026018291718 11.559000771027053 3.2820416688919059 4.7953468407504252 2.220040283631536 16.310349939856682 4.4152222750708461 2.5554298087954512
leaf_count=37549 633 2629 254 2281 32 3006 91 1888 94 222 1582 769 171 180 335 397 596 245 148 130 110 4521 136 723 167 190 113 710 175 140
internal_value=0.000664715 0.013898 0.00677834 -0.0234866 0.000604483 -0.00093997 0.00268565 -0.00181522 0.0179789 0.0189598 0.0202716 0.0159222 0.0402505 0.059085 0.00241231 0.00497294 0.0219137 0.033462 0.0449678 0.0751197 0.109906 0.000272506 0.0168912 0.0297831 0.0143753 0.000728348 0.00946759 0.00319082 0.0319812 -0.00803515
internal_weight=785.504 507.727 323.54 277.777 209.252 202.011 169.6 133.552 114.288 36.0476 108.078 90.2313 17.8463 10.4187 111.69 103.563 21.6983 16.6913 13.596 5.79508 3.27749 81.8646 22.8312 17.2441 14.841 33.3507 27.9986 25.501 6.63526 18.8658
internal_count=60217 20197 17568 40020 14518 14486 11480 10029 3050 1451 2796 2351 445 274 8141 7508 1564 1229 984 388 258 5944 1423 1026 890 2471 1229 1138 288 850
is_linear=0
shrinkage=0.03


Tree=32
num_leaves=31
num_cat=0
split_feature=4 4 33 27 23 0 15 15 29 25 34 15 0 12 27 3 23 34 25 12 27 28 34 34 24 22 27 31 29 25
split_gain=277.181 41.9147 35.4178 26.8302 16.8638 16.7489 17.2383 25.3554 16.9342 16.1911 13.2976 13.688 12.655 14.4987 17.2977 17.844 18.1438 14.1588 11.6071 11.0089 9.39128 9.37719 11.5061 9.75745 13.1228 11.474 12.0495 18.5129 12.8226 9.6429
threshold=-0.067292798310518251 27.359115600585941 1.2298153638839724 0.47631579637527471 1.3728253245353701 4.5000000000000009 0.19104450941085818 0.47536846995353704 -0.91507902741432179 0.15279255062341693 0.30934993922710424 -1.8695125579833982 6.5000000000000009 -1.4431033730506895 0.68157896399497997 -1.0578155517578123 0.23459146916866305 0.046531338244676597 0.17497342079877856 0.21609534323215487 0.84999999403953563 0.38738232851028448 7.1405768394470224 1.7789585590362551 0.15576000511646274 -0.05358354561030864 0.51842105388641369 352.47375488281256 -0.99080145359039296 0.16264250129461291
decision_type=2 2 2 2 2 2 2 2 2 2 2 2 2 2 2 2 2 2 2 2 2 2 2 2 2 2 2 2 2 2
left_child=3 2 9 -1 5 18 -7 8 -8 -2 -6 -12 -5 14 15 16 17 -14 20 -10 -4 23 -23 25 -25 26 27 28 -11 -27
right_child=1 -3 4 12 10 6 7 -9 19 21 11 -13 13 -15 -16 -17 -18 -19 -20 -21 -22 22 -24 24 -26 29 -28 -29 -30 -31
leaf_value=-0.027508946643403104 -0.015778026737225274 0.026718964784215399 -0.0029360593526857712 -0.017221429145923593 -0.014726953235319111 0.010464861287049236 0.011669280670324236 0.015108851221066364 0.01957443700548939 -0.0071886576248977327 -0.0080987649647430594 0.0622214746361456 0.01358868870748953 -0.01272038338306062 -0.017024641556683345 -0.0058862695497363506 0.013296434471470279 0.15597896912362955 -0.013597350261337607 0.099188007941777026 0.03331740936012649 -0.018161456406918977 0.047732661030845468 -0.01681580307936557 0.03207642680284236 0.045196535079294636 0.0026380850723082428 -0.0040036787420379 0.083985623780202967 -0.013040451438236475
leaf_weight=233.62828970933333 47.827466721646488 155.9744844250381 12.880372515413912 21.928577727638185 2.6882264739833799 50.223525284789503 4.3074647765606633 21.177647763863206 2.5556856975890687 1.5732250921428201 2.6837317785248205 15.445253262296315 1.0505511797964566 9.2644196804612857 3.4962852597236624 2.6667248997837332 2.4363851891830564 2.057314264588058 25.238273301627487 8.5614293362013978 11.554651224985717 23.216601606458429 1.6850242153741408 5.5030977409333017 23.698878932744265 1.774304590653627 32.340208400972188 5.8342136405408382 5.5393204367719573 36.582108607050031
leaf_count=37220 3857 918 676 2288 110 1510 77 768 84 93 48 286 75 1031 250 186 192 137 920 158 198 1981 140 343 998 121 2009 527 352 2495
internal_value=0.000521703 0.0138688 0.00796287 -0.0235201 0.0183866 0.0143405 0.0222149 0.0376306 0.0657499 -0.000924805 0.0430439 0.0519324 -0.00166579 0.0146431 0.035594 0.0574151 0.0841094 0.122872 0.000409759 0.0840117 0.0148431 0.00430897 -0.0120319 0.00798892 0.022611 0.00267717 0.0127747 0.0360907 0.0654185 -0.00926656
internal_weight=775.394 498.865 342.891 276.529 157.316 136.499 86.8258 36.6022 15.4246 185.574 20.8172 18.129 42.9003 20.9717 11.7073 8.21098 5.54425 3.10787 49.6733 11.1171 24.435 137.747 24.9016 112.845 29.202 83.6434 45.287 12.9468 7.11255 38.3564
internal_count=60048 18669 17751 41379 4835 4391 2597 1087 319 12916 444 334 4159 1871 840 590 404 212 1794 242 874 9059 2121 6938 1341 5597 2981 972 445 2616
is_linear=0
shrinkage=0.03


Tree=33
num_leaves=31
num_cat=0
split_feature=4 8 33 25 27 11 25 0 30 21 27 15 21 21 30 11 15 14 29 11 27 15 15 21 3 29 27 11 8 25
split_gain=273.122 48.7463 25.238 13.255 11.8699 15.6563 11.0326 22.5117 14.228 10.4286 10.3586 10.27 10.0631 10.1201 9.93055 9.66263 18.3098 23.6544 18.0072 9.39514 20.4551 13.3449 20.9054 18.2031 32.7331 12.5976 8.70306 16.1579 8.32824 10.0166
threshold=-0.86804670095443714 7.0380437374114999 2.0482372045516972 0.14053546637296679 0.76315790414810192 3.3181207180023198 0.17497342079877856 6.5000000000000009 1.5000000000000002 -0.59267383813858021 0.47631579637527471 -1.4380948543548582 -0.064145062118768678 0.83508661389350902 2.5000000000000004 3.9870074987411503 0.27677105367183691 -0.50944572687149037 -0.79512035846710194 13.510397911071779 0.47105263173580175 0.57320404052734386 0.5635356903076173 -0.047190481796860688 -0.57983407378196705 -0.49060462415218348 0.26578947901725775 6.2458596229553232 4.6369247436523446 0.28244432806968695
decision_type=2 2 2 2 2 2 2 2 2 2 2 2 2 2 2 2 2 2 2 2 2 2 2 2 2 2 2 2 2 2
left_child=10 2 3 11 5 -5 8 -8 -4 -10 -1 -2 -11 -14 28 16 17 -6 -19 21 25 22 23 24 -7 -21 27 -26 29 -9
right_child=1 -3 6 4 15 19 7 14 9 12 -12 -13 13 -15 -16 -17 -18 18 -20 20 -22 -23 -24 -25 26 -27 -28 -29 -30 -31
leaf_value=-0.028073220961081672 0.034311835535498283 0.024677090352045839 0.06549285284902949 -0.019885030933094287 -0.0050371839412312594 0.074971075364601167 -0.0054322808387349888 0.034716904746040965 -0.013879685464415288 0.06167832441384908 -0.0087621108945465272 -0.018463260585726005 -0.016995995413075983 0.038115953930102094 -0.0098678776436129257 0.0085984427741870161 -0.0055661234423442264 0.026566664088672056 0.16127609007904081 0.0049248201160683883 0.0023229691454630928 -0.019172667755089502 0.10246233712497306 -0.012734495681469725 -0.019230330819939214 0.1128967145419837 -0.0020821878332886261 0.088674244888782602 0.065562844378588975 -0.011523409560679456
leaf_weight=212.03987942449749 2.7020642790012053 191.33910083957016 8.2067974871024507 30.719833876006305 2.4454232165589929 6.3569794637151018 33.998125273734331 18.757521819323308 5.6593098547309681 5.2462445357814476 29.617714244872332 39.339700082316995 5.0346032353117973 5.127495831809938 4.7450376544147721 64.122396249324083 4.8845649771392345 2.066230059601367 1.6554640429094414 1.5490677030757072 10.314558064565061 22.24226164072752 1.0106466263532627 30.487276307307184 1.7375471722334688 2.1286547090858212 26.950200445018709 1.7753368597477672 5.790756180882453 4.8286095680668941
leaf_count=35053 216 2764 117 3639 98 304 720 242 161 96 3064 3598 140 69 197 2475 231 59 68 94 452 1685 45 2243 188 89 1900 165 61 105
internal_value=0.0007025 0.0125404 0.00585181 0.000825811 0.00391168 -0.00141227 0.0187405 0.0118224 0.0339164 0.0192055 -0.0257523 -0.014353 0.0314626 0.0117354 0.0286796 0.0133847 0.0381368 0.0686981 0.107953 0.0041524 0.0261503 0.000505076 0.00709572 0.0041847 0.0181602 0.0781937 0.00429899 0.0428677 0.0350258 0.0251668
internal_weight=782.879 541.222 349.883 252.488 210.446 135.272 97.3945 68.1201 29.2745 21.0677 241.658 42.0418 15.4083 10.1621 34.1219 75.1741 11.0517 6.16712 3.72169 104.553 13.9923 90.5602 68.318 67.3073 36.8201 3.67772 30.4631 3.51288 29.3769 23.5861
internal_count=60338 22221 19457 17549 13735 10804 1908 1325 583 466 38117 3814 305 209 605 2931 456 225 127 7165 635 6530 4845 4800 2557 183 2253 353 408 347
is_linear=0
shrinkage=0.03


Tree=34
num_leaves=31
num_cat=0
split_feature=1 27 0 8 11 25 33 3 30 24 30 34 25 25 11 1 34 15 27 24 11 0 21 1 12 3 4 27 29 25
split_gain=243.73 44.5266 20.0563 18.7181 16.4963 12.3861 17.1259 11.7737 13.9225 13.09 12.115 16.4729 13.3375 20.0913 15.3053 11.6761 17.2456 12.9467 16.3931 25.1346 11.3595 10.2669 10.836 10.5771 9.88893 13.806 9.85884 12.3543 8.92623 8.67591
threshold=5.8073773384094247 0.11315789446234704 5.5000000000000009 8.2690963745117205 11.649909973144533 0.14053546637296679 2.8613294363021855 0.40353851020336157 2.5000000000000004 0.95554268360137951 2.5000000000000004 2.3678934574127202 0.17497342079877856 0.19836523383855822 5.5129802227020273 0.51628676056861889 0.19848024845123294 0.087127141654491438 0.53684210777282726 0.10671400651335718 10.335773944854738 4.5000000000000009 -0.33837169408798212 7.3653910160064706 -5.5052936077117911 1.3698779344558718 -0.19265002012252805 0.62894734740257274 -0.79512035846710194 0.23109014332294467
decision_type=2 2 2 2 2 2 2 2 2 2 2 2 2 2 2 2 2 2 2 2 2 2 2 2 2 2 2 2 2 2
left_child=1 -1 4 5 -3 6 -2 10 -9 20 12 -12 14 -14 -7 -4 17 18 19 -17 -10 -15 23 -23 -5 -26 -6 -28 -24 -13
right_child=3 2 15 24 26 7 -8 8 9 -11 11 29 13 21 -16 16 -18 -19 -20 -21 -22 22 28 -25 25 -27 27 -29 -30 -31
leaf_value=-0.02910750272625862 -0.012709166939052574 -0.02292056276896055 -0.017610062383538926 0.062689375767253419 -0.021800043375257913 0.00045490675491336862 0.048058004291216094 -0.0069697738286022999 -0.004825605629561869 -0.014426685444585469 -0.013671893617673332 0.042282180444858188 -0.0084215765555019084 0.00067265018312308994 0.058575947457685691 -0.017619397981336129 -0.0014857003231051986 0.0041229011197557921 0.0074856970216625376 0.11640477781488179 0.033138502423037175 0.0090948863613037403 0.031347718194173133 0.058789194387900749 0.013887953473225158 0.032142839093821644 0.078555578312342778 -0.0054394595900407938 -0.0035306897873271007 -0.0051742637116564483
leaf_weight=167.11683118995279 32.727082700002939 76.217704944312572 22.806818303652108 5.0007950179278842 2.5504961721599102 5.3638655152171877 3.7733002416789523 44.481641651596874 9.0482318555004877 9.3076630737632495 20.296063623391092 9.5967673575505597 19.086926934309304 11.393842060118912 16.216641703620553 1.3756129858084039 63.079272145405412 9.3893942725844663 4.5253354394808412 3.9003153592348099 28.343298424966633 5.4448839332908419 16.645279038697481 16.809937422163785 85.448062043637037 69.256729226559401 2.5782041363418093 2.6000428926199675 10.256869803182783 4.8564678225666276
leaf_count=28639 1747 9343 3372 105 243 176 46 2010 486 275 1228 328 434 355 358 158 5636 797 306 344 584 190 298 325 1318 441 165 158 329 217
internal_value=0.000396223 -0.0178667 -0.00782774 0.0157655 -0.0186679 0.0107884 -0.00531322 0.0133877 0.00497069 0.0162518 0.0189547 0.00354116 0.02416 0.0180835 0.0447898 0.000926843 0.0062154 0.0303486 0.0527646 0.0842207 0.0240653 0.0264396 0.0322795 0.0475449 0.0238637 0.0222141 0.0210918 0.0423268 0.0183998 0.0270333
internal_weight=779.494 356.14 189.023 423.354 83.9464 263.649 36.5004 227.148 91.1808 46.6992 135.968 34.7493 101.218 79.6377 21.5805 105.077 82.2699 19.1907 9.80126 5.27593 37.3915 60.5508 49.157 22.2548 159.706 154.705 7.72874 5.17825 26.9021 14.4532
internal_count=60411 49161 20522 11250 9909 9386 1793 7593 3355 1345 4238 1773 2465 1931 534 10613 7241 1605 808 502 1070 1497 1142 515 1864 1759 566 323 627 545
is_linear=0
shrinkage=0.03


Tree=35
num_leaves=31
num_cat=0
split_feature=4 8 3 2 14 13 21 4 31 31 29 23 3 30 13 23 11 24 27 29 0 21 23 27 28 11 22 33 8 34
split_gain=240.551 44.8346 21.3248 21.2091 15.2414 21.5738 17.9061 12.5725 13.361 12.0339 11.6805 14.5843 14.0342 11.3098 22.1545 15.5483 13.206 12.0765 10.723 10.4319 9.97344 9.82403 9.81045 9.63449 9.16982 14.83 13.468 9.19258 9.07473 14.0976
threshold=-0.86804670095443714 4.9946625232696542 -0.593308925628662 2.6228410005569462 0.21640072017908099 0.13488987833261493 -0.62468436360359181 43.433244705200202 352.47375488281256 413.13926696777349 0.044065307825803764 0.53056529164314281 0.13771194964647296 1.5000000000000002 -0.7473003864288329 -1.2088409066200254 5.6292018890380868 1.2932930588722231 0.47631579637527471 -0.84427365660667408 5.5000000000000009 -1.1254910230636594 2.0064597129821782 0.68157896399497997 -0.60639065504074086 6.48699975013733 0.14833237230777743 1.9118178486824038 0.23760554194450381 0.16592936217784884
decision_type=2 2 2 2 2 2 2 2 2 2 2 2 2 2 2 2 2 2 2 2 2 2 2 2 2 2 2 2 2 2
left_child=18 2 4 13 5 6 19 8 21 -10 12 -12 -5 14 15 -4 -16 -17 -1 -2 -20 -3 -8 28 -18 26 -26 -27 -22 -30
right_child=1 7 3 10 -6 -7 22 -9 9 -11 11 -13 -14 -15 16 17 24 -19 20 -21 23 -23 -24 -25 25 27 -28 -29 29 -31
leaf_value=-0.027214053955114406 -0.0012294981859656195 0.00076412098979320646 0.10404179915313953 0.028817602530258887 0.0030126466339783545 0.087897653835621425 0.00058099088403673767 0.034533087279867612 -0.0055865320371734526 0.016745030319129963 0.0030833993186597046 0.10496105744761652 -0.00059852074786899661 -0.014560835078772583 -0.023435918946522572 0.00066209957819669027 -0.014361293706187965 0.081128248092028205 -0.027866401686353487 0.076046496025299323 -0.010093942931823733 0.028227488454069437 0.047568721922179681 -0.025275775646613652 0.12337987023240676 -0.0051380112993738231 -0.012532893145014792 0.05665190944795883 0.068533204701651584 -0.0086366997561878253
leaf_weight=201.54912049183622 2.0071055628359318 13.457170926965771 1.6780456057749678 20.110501185059547 36.198940890841186 4.1537250415422013 23.617003437131647 49.759049490094185 32.229949472472072 63.111447105649859 2.5491904160007826 1.6384666068479417 47.180278416723013 87.429884990677238 20.859190467279404 7.6820478052832168 8.2887247153557855 1.1540259509347377 11.602777523919942 5.7670765412040046 4.9466436449438351 93.012119387742132 3.820623977109789 4.9980185870081177 1.147764422930776 9.6728675225749594 0.70124031463637937 1.7440716037526716 4.4590814388357103 3.1634056763723493
leaf_count=35106 90 312 132 323 1602 130 1084 211 750 1562 113 47 1571 7399 2486 699 594 91 1365 197 516 1610 88 495 88 691 58 53 378 314
internal_value=0.000812028 0.0117833 0.00366542 -0.00123328 0.0172351 0.0299148 0.0208365 0.0210063 0.0175172 0.00921627 0.0119677 0.0554932 0.00848602 -0.00799307 0.00292483 0.0398753 -0.00694247 0.0183509 -0.0247577 0.0582294 -0.00744627 0.0247957 0.00856658 0.0068153 0.00935021 0.0241336 0.0855279 0.00810341 0.0204984 0.0392196
internal_weight=769.69 538.971 287.401 211.836 75.5645 39.3655 35.2118 251.57 201.811 95.3414 71.4784 4.18766 67.2908 140.358 52.928 10.5141 42.4139 8.83607 230.719 7.77418 29.1699 106.469 27.4376 17.5671 21.5547 13.2659 1.849 11.4169 12.5691 7.62249
internal_count=60155 21981 17536 14345 3191 1589 1459 4445 4234 2312 2054 160 1894 12291 4892 922 3970 790 38174 287 3068 1922 1172 1703 1484 890 146 744 1208 692
is_linear=0
shrinkage=0.03


Tree=36
num_leaves=31
num_cat=0
split_feature=4 8 33 12 25 25 25 14 34 3 11 27 25 11 3 29 8 29 21 3 25 1 34 25 21 14 11 3 8 34
split_gain=225.438 37.515 18.1255 13.4677 12.99 12.0446 11.7055 11.0283 10.7892 10.935 10.1609 9.84925 9.26431 13.3968 12.1049 10.6057 9.07955 8.96691 8.96207 8.12817 8.11158 8.08886 7.90157 9.25078 7.75374 7.66212 8.65906 7.63933 10.8186 9.50989
threshold=-0.82628488540649403 5.4001824855804452 0.98039329051971447 -12.113187313079832 0.15423238277435306 0.20159932225942614 0.20767617970705035 -0.46128439903259272 6.094222068786622 -1.1701498627662656 12.075926780700685 0.96052631735801708 0.17138490080833438 8.0585041046142596 -0.62843984365463246 0.58828523755073558 1.5909509658813479 -0.8770603835582732 0.18151463568210605 -0.050784254446625703 0.12791658937931064 46.102083206176765 0.9500161111354829 0.18246795237064364 0.078227821737527861 -1.842291474342346 4.2678558826446542 -0.11021365597844122 7.0380437374114999 1.4514405727386477
decision_type=2 2 2 2 2 2 2 2 2 2 2 2 2 2 2 2 2 2 2 2 2 2 2 2 2 2 2 2 2 2
left_child=6 2 3 7 -5 10 -1 -2 9 -6 11 -3 13 14 18 19 -17 -15 -4 24 -19 -11 23 -12 -14 -7 -27 28 -28 -29
right_child=1 5 12 4 8 25 -8 -9 -10 21 22 -13 15 17 -16 16 -18 20 -20 -21 -22 -23 -24 -25 -26 26 27 29 -30 -31
leaf_value=-0.027900976927960053 0.091005281154624348 -0.0056681185429449431 0.0045222776904219599 -0.018689517853013468 0.056995876939927456 -0.00051442705525788608 -0.010404404372851159 -0.0068834920060136234 0.028188188680876237 -0.0051969980610646997 0.042228438080923747 0.033675767312635649 0.017592594159753939 0.0093546522675250956 -0.009380937258915643 -0.0025530681270691368 0.071891344572212454 0.010950790681838247 0.071240854400907327 -0.0088794161688804524 0.077696482667825084 0.036656389887416464 0.012691807250572947 -0.0025899511309827009 -0.0022472475609884301 -0.012916489658252152 0.014577456721418924 0.018798079583931988 0.073068719735448526 0.039361905590913245
leaf_weight=183.86271378491074 1.4661207608878615 34.671122191473842 3.7864269427955142 40.48989467183128 1.7496433067135502 8.6230761623010022 44.287146416027099 1.5608645174652327 10.674944261554627 105.27902466990054 19.242569684050981 5.8220452377572647 45.659939924255013 4.5242235744372001 12.320919935591521 2.2098743082024148 3.0635713385418057 2.5383654264733178 2.7524272813461721 27.073304110672325 6.8127889763563871 3.3329569399356833 59.484021678566933 5.0721892109140745 28.260958634782583 3.7939435951411715 5.1426834249868971 57.186280318535864 7.6498360307887197 34.180533282458782
leaf_count=32767 67 1137 138 3888 139 132 5800 103 442 8149 278 50 1310 95 763 142 112 94 82 1203 188 14 634 65 975 203 96 911 131 423
internal_value=0.000405193 0.0108952 0.00385784 -0.00287708 -0.00420309 0.0197114 -0.0245649 0.0513541 0.000756433 -0.00212625 0.0130438 0.000663952 0.0117943 0.025536 0.00825835 0.00736269 0.0452607 0.0468863 0.038331 0.00495948 0.0623867 -0.00358995 0.0189476 0.0331461 0.0100788 0.0266488 0.0288034 0.0304313 0.0523166 0.0268339
internal_weight=772.574 544.425 303.556 164.553 161.526 240.868 228.15 3.02699 121.037 110.362 124.292 40.4932 139.003 32.7352 18.8598 106.268 5.27345 13.8754 6.53885 100.994 9.35115 108.612 83.7988 24.3148 73.9209 116.576 107.953 104.159 12.7925 91.3668
internal_count=60531 21964 17904 12802 12632 4060 38567 170 8744 8302 2164 1187 5102 1360 983 3742 254 377 220 3488 282 8163 977 343 2285 1896 1764 1561 227 1334
is_linear=0
shrinkage=0.03


Tree=37
num_leaves=31
num_cat=0
split_feature=4 1 3 30 27 4 0 23 22 34 14 24 24 4 29 29 3 25 0 21 25 34 0 34 30 15 25 33 0 26
split_gain=217.125 25.618 26.1023 18.8589 14.0831 13.6618 13.4398 17.7075 13.3606 11.8841 11.8386 11.3396 11.2972 10.9376 24.4922 10.4921 13.6802 9.5535 9.19026 10.5356 10.8578 8.72291 8.12259 9.00011 7.53441 11.6095 8.25328 16.4292 11.2487 12.4469
threshold=-0.86804670095443714 27.273371696472172 0.37145408987998968 1.5000000000000002 0.47631579637527471 6.6964123249053964 8.5000000000000018 0.9098314940929414 -0.98276716470718373 0.73957195878028881 -0.83687418699264515 0.9612601399421693 0.094929013401269927 8.8868021965026873 -0.071970202028751359 -0.78457182645797718 0.013963268604129555 0.25894175469875341 5.5000000000000009 -1.2160457968711851 0.28244432806968695 0.78822445869445812 5.5000000000000009 3.490164160728455 1.0000000180025095e-35 -1.6421105265617368 0.17535737901926043 1.2625691294670107 4.5000000000000009 33.733177185058601
decision_type=2 2 2 2 2 2 2 2 2 2 2 2 2 2 2 2 2 2 2 2 2 2 2 2 2 2 2 2 2 2
left_child=4 2 3 6 -1 9 12 15 13 -5 11 -7 -2 -4 -15 16 -8 -17 -6 20 -20 -12 23 -3 25 -14 27 -26 -28 -30
right_child=1 22 8 5 18 10 7 -9 -10 -11 21 -13 24 14 -16 17 -18 -19 19 -21 -22 -23 -24 -25 26 -27 28 -29 29 -31
leaf_value=-0.02767024664342679 -0.015526716843905693 0.018219676348402932 -0.014096404093154935 0.00328793721880415 -0.025220715387934425 0.016087781127559438 0.044561827155850185 -0.013674230894600282 -0.011035059241349928 -0.021428727667091207 -0.016274601519243929 0.066739442380744335 0.06516543533028743 0.002514347298279367 0.08923613451549707 0.045028897836435523 0.14177599455887874 -0.014453828386065992 -0.013172532243412624 -0.00033520963919116245 0.10837980240435957 0.013446492859850593 0.027082710317318476 -0.004115546826045785 0.007945061906694811 -0.0086659861211065854 -0.010264089298947265 0.068220883946245883 0.033779392189634674 -0.025910074794081302
leaf_weight=191.23113567614928 8.8577222572639567 83.589832153171301 6.3793099871836629 71.572762536816299 10.961877115070822 11.906609934754671 5.9704900276847228 3.9150184122845522 91.300235635600984 22.094941723626107 10.410406369715927 5.7660331306979051 1.1940268711186934 8.7053488772362453 3.4656142536550751 8.1061990926973504 1.6104220761917529 2.7656095037236819 0.75855681207031256 16.000799505971372 0.72870381781831384 40.384453263133764 77.268944540992379 19.690512895584106 7.6024241298437145 14.174143429379908 10.112988513894377 8.5612398935481888 22.247067809570584 2.8863292718306175
leaf_count=35113 751 523 654 4646 1350 353 192 169 6440 1863 341 85 66 343 101 320 92 206 58 1587 45 1201 483 137 612 1176 373 140 746 44
internal_value=0.000397044 0.0104589 0.00591042 0.011076 -0.0247519 0.00474266 0.0213999 0.0414725 -0.00631178 -0.00270716 0.0148267 0.035303 0.0150002 0.0163105 0.0321083 0.0532742 0.0793287 0.0299545 -0.00486229 0.00857273 0.0660132 0.00715855 0.0196959 0.0139628 0.0192187 0.000701105 0.0246353 0.0419854 0.0157398 0.0261955
internal_weight=770.22 550.539 369.989 260.139 219.681 162.135 98.0037 22.3677 109.851 93.6677 68.4675 17.6726 75.6359 18.5503 12.171 18.4527 7.58091 10.8718 28.4499 17.4881 1.48726 50.7949 180.549 103.28 66.7782 15.3682 51.41 16.1637 35.2464 25.1334
internal_count=60210 22057 20914 13376 38153 8489 4887 979 7538 6509 1980 438 3908 1098 444 810 284 526 3040 1690 103 1542 1143 660 3157 1242 1915 752 1163 790
is_linear=0
shrinkage=0.03


Tree=38
num_leaves=31
num_cat=0
split_feature=4 8 1 27 3 14 24 1 3 23 14 22 23 0 14 0 23 22 0 29 33 3 31 31 34 22 13 3 23 13
split_gain=228.7 24.6938 13.7429 12.2416 10.4949 12.5249 13.2446 11.9587 10.0146 9.95983 10.8436 9.78464 13.5265 10.8589 10.5938 9.66162 12.1218 12.0771 9.538 11.6806 9.07222 8.81545 8.03796 12.8252 10.1095 8.85004 16.3621 8.86578 8.02692 7.86001
threshold=-0.067292798310518251 4.3220129013061532 0.51628676056861889 0.76315790414810192 0.069726482033729567 -1.9368578791618345 0.18267083168029788 27.273371696472172 -0.51162078976631153 0.22220987081527713 -0.70756307244300831 0.26490743458271032 -0.9056759476661681 7.5000000000000009 0.35919116437435156 6.5000000000000009 0.071540538221597685 0.40890213847160345 7.5000000000000009 -0.61065626144409169 3.4503685235977177 0.55614629387855541 2392.6311035156255 327.78775024414068 0.47056287527084356 -0.21535590291023252 -0.86116310954093922 0.031459573656320579 -0.73939886689186085 0.28733231127262121
decision_type=2 2 2 2 2 2 2 2 2 2 2 2 2 2 2 2 2 2 2 2 2 2 2 2 2 2 2 2 2 2
left_child=2 3 -1 21 5 -3 -7 -6 9 10 -4 12 13 -5 28 16 -8 -17 -12 29 -9 22 23 24 -2 -26 27 -27 -13 -20
right_child=1 4 8 11 7 6 15 20 -10 -11 18 14 -14 -15 -16 17 -18 -19 19 -21 -22 -23 -24 -25 25 26 -28 -29 -30 -31
leaf_value=-0.028504878097053436 0.00025489238719455279 -0.024425028373319412 0.045476108702245263 0.0054487836188585543 0.0043597959054098084 -0.0046393637300195687 0.0076917275912870252 0.022507161915223346 -0.024571098565821889 -0.020535933495396053 -0.016269850687510475 -0.014607465307091871 -0.0032444628560860554 0.055063304609454751 0.0027873503051848965 0.075168515567029678 0.044156932684468006 0.013777201367351328 0.075350338216338741 -0.017135465020034588 0.0025924082950906364 -0.014420410034150939 0.034017682336786537 -0.014850143263959288 0.051532423493562941 -0.0018108551090602269 -0.015721958998586579 0.10222984738765184 0.036458631375536753 0.0042445892024404056
leaf_weight=161.70772280078381 34.953180449549109 3.0170293119736007 4.5396449984982636 9.1935063544660789 70.550321891903877 7.3221199158579102 15.715097783133386 129.08939294330776 36.417221026029438 17.415040121879429 13.960906949359925 2.5274966778233674 52.875125840771943 6.3369071884080759 17.545500755310059 10.201118020340799 17.409135615918785 4.5901172142475835 2.6710234014317393 3.5793147115036827 24.791776835918427 35.360673310700804 5.9866496711038044 29.895246795844287 6.9972170558758107 1.1023186426609766 7.1167245516553495 1.0346339624375103 28.459746909327805 2.4648626018315554
leaf_count=30362 2411 81 470 388 2981 216 402 789 6225 1960 1636 92 1760 204 586 213 338 96 187 420 128 3157 560 2737 369 58 452 50 700 209
internal_value=0.000558458 0.0117419 -0.0234421 0.00462327 0.0177325 0.0290901 0.0323954 0.0146685 -0.0131166 -0.00343648 0.00784529 0.0115227 0.00410256 0.0277995 0.0216872 0.0380339 0.0275892 0.0581961 -0.00129078 0.0219091 0.0193362 -0.00200574 0.00314163 0.000475812 0.00953685 0.0283289 0.00746879 0.0650929 0.0319669 0.047478
internal_weight=764.827 522.071 242.756 239.385 282.686 58.2546 55.2376 224.431 81.048 44.6308 27.2158 116.938 68.4055 15.5304 48.5327 47.9155 33.1242 14.7912 22.6761 8.7152 153.881 122.447 87.086 81.0993 51.2041 16.2509 9.25368 2.13695 30.9872 5.13589
internal_count=60237 18768 41469 13524 5244 1346 1265 3898 11107 4882 2922 3730 2352 592 1378 1049 740 309 2452 816 917 9794 6637 6077 3340 929 560 108 792 396
is_linear=0
shrinkage=0.03


Tree=39
num_leaves=31
num_cat=0
split_feature=11 12 33 31 0 21 3 21 24 24 24 21 28 13 14 31 14 24 8 11 12 26 23 21 3 25 8 28 25 23
split_gain=199.993 37.448 23.176 18.9066 11.8512 16.5907 15.5952 20.9962 15.1861 13.2593 12.8117 12.2001 15.0805 11.7404 11.6608 11.4876 10.4759 10.3948 9.83515 9.60627 9.52348 9.33513 8.93326 8.79897 8.66598 13.6959 9.38573 8.37842 7.28363 7.04981
threshold=3.1825959682464604 6.9599246978759775 1.2453978657722475 327.78775024414068 2.5000000000000004 0.83508661389350902 0.069726482033729567 -0.1613289266824722 0.85861787199974071 1.2932930588722231 0.70407351851463329 -0.22778493165969846 -0.049434980377554887 -0.76692479848861683 -0.01631827279925346 836.96853637695324 -1.272960841655731 0.15576000511646274 3.1606984138488774 4.7942762374877939 28.961774826049808 26.599737167358402 0.570125311613083 1.6639703512191775 0.25278626382350927 0.17535737901926043 3.3454796075820927 0.43442112207412725 0.16264250129461291 -0.057938249781727784
decision_type=2 2 2 2 2 2 2 2 2 2 2 2 2 2 2 2 2 2 2 2 2 2 2 2 2 2 2 2 2 2
left_child=2 3 -1 4 5 -2 7 10 -7 -9 11 12 13 -6 18 -5 -3 -17 -11 -12 24 23 27 -4 25 -18 -26 28 -19 -28
right_child=1 16 21 15 6 8 -8 9 -10 14 19 -13 -14 -15 -16 17 20 22 -20 -21 -22 -23 -24 -25 26 -27 29 -29 -30 -31
leaf_value=-0.026039078177844194 -0.02107057902970454 0.0040276665126982554 -0.0181319397995576 -0.011743828545757777 -0.019332505588815847 -0.015344270164305606 -0.0013699673037821253 -8.039795652352202e-05 0.070267778469687847 -0.021772950439673734 0.049006131067350564 0.11511248957707895 -0.012259630228024905 0.05405340630570963 0.10273729300162487 -0.023051222552561857 0.053718477773254406 0.0014884819808423213 0.063884699422195559 -0.0027459361961636227 0.03342623404347092 0.025864456271469449 -0.011112704708756537 0.052902451384763342 -0.012391603932302668 0.017083880653642896 0.0085533281812354821 -0.016325320796500401 0.041803498423786029 0.024015632412347759
leaf_weight=209.40993883926421 20.389490447007123 36.721883110702038 12.985662385821342 86.689108998514712 1.6582584497518897 2.9030179055407634 42.368357482366264 39.778887305874377 3.0588761446997523 2.4499610890634362 3.4573880201205602 1.4725917484611297 3.9737521796487263 21.362973225768656 1.2341309869661916 7.0487442864105097 13.351689985021947 5.5376960355788567 0.88377459906041611 11.358283390291033 47.319588616490364 9.953636793419717 8.0541325653903169 0.79495815094560462 10.72950447257608 30.008048135787249 56.363652188330889 3.2929818686097851 14.633572821971027 52.262191236019135
leaf_count=38636 1380 378 862 6786 87 201 2410 2289 91 164 164 86 394 782 53 543 133 304 20 486 201 230 396 49 338 282 801 300 628 679
internal_value=0.000219635 0.0104308 -0.0228671 0.00293512 0.00986499 -0.00823979 0.0135698 0.020727 0.0323646 0.00598673 0.0353533 0.0468669 0.0391651 0.0481825 0.0493469 -0.00572463 0.0189387 0.00775987 0.0104364 0.0116659 0.0215143 0.0050408 0.0151474 -0.0107323 0.0178671 0.0293214 0.0134969 0.024247 0.0313287 0.0161438
internal_weight=761.507 528.363 233.144 281.606 156.35 26.3514 129.998 87.63 5.96189 44.3468 43.2832 28.4676 26.995 23.0212 4.56787 125.256 246.757 38.5671 3.33374 14.8157 210.035 23.7343 31.5184 13.7806 162.715 43.3597 119.355 23.4643 20.1713 108.626
internal_count=60153 20376 39777 17564 8607 1672 6935 4525 292 2526 1999 1349 1263 869 237 8957 2812 2171 184 650 2434 1141 1628 911 2233 415 1818 1232 932 1480
is_linear=0
shrinkage=0.03


Tree=40
num_leaves=31
num_cat=0
split_feature=4 11 27 28 33 11 25 33 25 23 0 8 25 27 23 34 24 11 12 29 21 15 33 25 15 34 8 24 4 23
split_gain=212.592 32.0751 16.8077 15.7974 16.0952 13.1486 9.7122 10.0881 9.16226 9.00112 11.7224 16.7778 11.3692 11.0655 12.4521 11.7427 9.667 9.07488 9.04107 8.96591 8.64367 8.6572 8.53202 7.58688 8.99888 7.4604 7.36243 7.15273 7.0982 7.00133
threshold=-0.86804670095443714 5.1076581478118905 0.65263158082962047 -0.9128984510898589 1.8322598338127138 24.083731651306156 0.20520260930061343 2.0482372045516972 0.17204944044351581 2.0064597129821782 5.5000000000000009 4.8041276931762704 0.17497342079877856 0.92105263471603405 0.65479564666748058 1.0707147121429446 0.93087637424469005 9.4228820800781268 3.2690410614013676 0.044065307825803764 -0.42493227124214167 0.49950365722179418 1.615543067455292 0.14831797033548358 0.89960899949073803 1.3448750972747805 10.991354465484621 0.2180900648236275 1.7884212732315066 -0.57109087705612172
decision_type=2 2 2 2 2 2 2 2 2 2 2 2 2 2 2 2 2 2 2 2 2 2 2 2 2 2 2 2 2 2
left_child=8 2 6 4 19 9 -2 26 -1 10 12 27 13 14 -3 16 18 -11 -16 28 21 -5 -14 -13 -25 -26 -8 29 -4 -12
right_child=1 5 3 20 -6 -7 7 -9 -10 17 11 23 22 -15 15 -17 -18 -19 -20 -21 -22 -23 -24 24 25 -27 -28 -29 -30 -31
leaf_value=-0.029097239718850927 -0.026306444325243962 -8.6167270684777249e-05 0.029525549346147355 0.031537066114466723 -0.01446004202104815 0.029497408559010233 -0.011000828337249614 0.050962578753363491 -0.015005741419672295 0.056574728219321413 0.041247512488469758 -0.0030529415321546671 0.0058407172246602206 0.032778210249344977 -0.0118130504132332 0.0012154626557349742 0.07713318581040926 0.013142501130531094 0.05036874659109708 -0.0034549741693105647 -0.009464973532540142 -0.0094462249861197046 -0.012229029593547849 0.031415002383379513 -0.021099280256949092 0.032035547864193555 0.05190032456592171 0.0031830166360387003 0.11441240978662545 0.0072696391648274265
leaf_weight=141.29326248914003 29.328850087709725 50.374303642194718 2.5013797734864038 11.474485375452788 2.683881551027298 46.456703450530767 26.821385039947934 1.9368743645027269 63.980868319049478 7.3774628592655089 9.091879768297078 7.3380582276731721 64.16545871598646 20.573823114857078 3.7123361513949948 9.0251414673402888 4.409970139618963 10.667013164609669 3.089871427975595 1.232305124402046 27.225018803030252 6.7885232535190871 35.80062794033438 78.094187390990555 5.3905560141429287 2.789506247267127 0.79729782324284215 72.494933099951595 2.3090148428454995 13.056976844090967
leaf_count=28438 4036 2111 153 318 95 436 2869 72 9856 157 441 180 2648 365 220 209 116 200 38 74 1092 265 696 1147 108 43 28 3167 105 635
internal_value=0.001226 0.0108443 -0.00339418 0.00857886 0.0432825 0.0144715 -0.0143769 -0.00206533 -0.0247992 0.0126455 0.0115964 0.016899 0.0063133 0.0139125 0.00803475 0.0273014 0.0464801 0.032938 0.0192682 0.0673406 0.00113336 0.0166037 -0.000687587 0.0258513 0.0283166 -0.00146374 -0.00743493 0.00786658 0.08295 0.0223965
internal_weight=762.282 557.008 113.099 54.2146 8.72658 443.909 58.8844 29.5556 205.274 397.452 379.408 188.256 191.152 91.1854 70.6116 20.2373 11.2122 18.0445 6.80221 6.0427 45.488 18.263 99.9661 93.6123 86.2742 8.18006 27.6187 94.6438 4.81039 22.1489
internal_count=60318 22024 9107 2102 427 12917 7005 2969 38294 12481 12124 5721 6403 3059 2694 583 374 357 258 332 1675 583 3344 1478 1298 151 2897 4243 258 1076
is_linear=0
shrinkage=0.03


Tree=41
num_leaves=31
num_cat=0
split_feature=4 8 3 27 11 22 22 11 4 15 24 11 34 21 22 24 21 4 3 24 27 21 27 4 29 1 14 23 8 3
split_gain=195.137 33.3655 19.9772 11.716 10.6359 10.3991 10.59 10.2861 9.66035 9.2885 14.132 11.0058 8.89301 8.54892 8.43158 12.8032 17.2004 10.1259 15.232 11.6458 8.35368 9.02003 8.15921 9.92881 8.62269 7.59435 7.43822 9.13507 7.35999 7.30225
threshold=-0.86804670095443714 2.9046206474304204 -0.65641793608665455 0.47631579637527471 4.4574272632598886 -0.34257090091705317 0.52300933003425609 17.176493644714359 0.13284546136856082 1.435664236545563 0.60841628909111034 9.9267029762268084 0.53777197003364574 -0.90035799145698536 -0.93870487809181202 0.57637718319892894 -0.37900288403034205 43.433244705200202 0.26817294955253607 1.1278287172317507 0.48157894611358648 -1.2160457968711851 0.66052630543708812 2.0138889551162724 -0.76278147101402272 8.207193851470949 -1.065569221973419 -0.84056231379508961 8.8211011886596697 -0.16653296351432798
decision_type=2 2 2 2 2 2 2 2 2 2 2 2 2 2 2 2 2 2 2 2 2 2 2 2 2 2 2 2 2 2
left_child=3 2 5 -1 26 -2 -7 8 12 13 11 -11 -3 -6 15 -10 -17 18 19 22 -5 -22 23 -16 -24 -21 27 -4 -20 -25
right_child=1 7 4 20 9 6 -8 -9 14 10 -12 -13 -14 -15 17 16 -18 -19 28 25 21 -23 24 29 -26 -27 -28 -29 -30 -31
leaf_value=-0.027213614122659303 -0.0027227234456562071 0.07411879816050547 0.059758819679151712 0.037839630500621717 -0.018870574240219262 0.035741640045090249 0.0042781491122610765 0.023518721022088452 0.0075971715993190785 0.0052901736244593536 -0.020170717859167322 0.11295508169919272 -0.01484113457935372 0.0021217109812775342 -0.012358815925756579 0.0035497862878028108 0.059257594832005649 0.031084752662570367 -0.0084223576119537152 0.0041678473307742801 0.037440710949156866 -0.017499805535307444 0.010547469921870858 0.096916024037303539 -0.023118818909716909 0.05296824599516349 -0.023634801636314727 -0.010523367445144233 0.0077835843668046323 0.024491611563031986
leaf_weight=172.59464258281514 19.867059362586588 3.0142601397819813 1.3322726339101789 2.5241387188434627 21.293123207986355 24.153573836665601 16.089010027237236 106.74216025043279 24.471586467232555 1.5312459538690739 1.9530003168620167 1.2820535944774745 0.96131829172372807 79.812544541899115 2.3361013643443567 7.8996857027523246 13.188106852583585 15.561236143112181 56.465208555106074 4.1235476913861921 2.0919828768819633 22.457570282742378 50.945596512407057 1.5819655237719414 6.930578798055655 10.039564227685331 34.463020976167172 5.0480734147131434 43.971104383934289 4.4381874771788716
leaf_count=35086 850 230 144 264 1404 908 659 1080 635 117 144 53 124 4631 185 212 262 64 2404 186 183 2607 1200 61 344 142 4381 576 690 234
internal_value=0.00104145 0.0101289 0.000554617 -0.0243463 -0.00541623 0.0149784 0.0235713 0.0157263 0.0122626 -0.000352076 0.0366953 0.0711091 0.0539483 -0.00244084 0.0113584 0.0228924 0.0394944 0.00858028 0.00648339 0.0161292 -0.00574861 -0.0115359 0.0105119 0.0365738 0.00619179 0.039972 -0.0182211 0.0102607 -0.00132059 0.0546176
internal_weight=759.164 559.495 206.825 199.668 146.715 60.1096 40.2426 352.67 245.928 105.872 4.7663 2.8133 3.97558 101.106 241.952 45.5594 21.0878 196.393 180.832 80.3955 27.0737 24.5496 66.2324 8.35625 57.8762 14.1631 40.8434 6.38035 100.436 6.02015
internal_count=60060 21920 13867 38140 11450 2417 1567 8053 6973 6349 314 170 354 6035 6619 1109 474 5510 5446 2352 3054 2790 2024 480 1544 328 5101 720 3094 295
is_linear=0
shrinkage=0.03


Tree=42
num_leaves=31
num_cat=0
split_feature=4 12 27 0 15 21 14 33 25 25 25 34 28 34 13 0 3 25 24 21 4 34 14 3 28 21 12 30 27 21
split_gain=180.003 22.4071 22.3155 21.6042 15.6779 13.7815 13.2209 13.0834 14.4502 12.7157 10.4273 10.1415 10.6782 14.4565 10.8654 9.34485 8.77635 15.2483 15.4532 13.519 12.602 12.3881 9.86658 8.79302 8.63378 8.32218 8.06371 8.01325 7.98724 7.9538
threshold=-0.067292798310518251 16.180838584899906 0.47631579637527471 4.5000000000000009 -1.6421105265617368 -1.6108173131942747 -1.7297239303588865 2.2328740358352666 0.15780612826347354 0.28592208027839666 0.12943027168512347 1.4514405727386477 -0.13505011796951291 1.1826028823852541 -0.17878124117851255 1.5000000000000002 -0.36273780465126032 0.17910832911729815 0.40655890107154852 -0.42493227124214167 8.4959220886230487 0.83630394935607921 0.20818600058555606 -0.71726909279823292 -0.049434980377554887 0.77788150310516369 2.4292162656784062 1.5000000000000002 0.53684210777282726 0.57889285683631908
decision_type=2 2 2 2 2 2 2 2 2 2 2 2 2 2 2 2 2 2 2 2 2 2 2 2 2 2 2 2 2 2
left_child=2 3 -1 4 6 9 15 29 -9 -4 -5 12 13 -3 -14 -2 17 18 -12 22 -18 -20 23 -19 -13 -22 -25 -8 -7 -6
right_child=1 11 5 10 7 28 27 8 -10 -11 16 24 14 -15 -16 -17 20 19 21 -21 25 -23 -24 26 -26 -27 -28 -29 -30 -31
leaf_value=-0.026388909191178651 0.046383368815874453 0.035506825964628529 -0.014945657984844284 -0.012195101820346003 -0.018196601139994988 0.01552731533790514 0.097743391128327153 0.029139795910908938 -0.0077527574224199652 0.10521751579446621 0.00073083100545416081 0.014906968565534688 -0.010489712645459533 -0.0046044808283480917 0.01676972718462743 -0.0093784311414379824 -0.0010634533501429743 0.023198556565227051 0.10138924582744528 0.0050137392771914483 0.021002285960453171 0.014886025180901563 0.0099262909160837739 0.095070748914073369 0.037462383508117363 -0.0040244421008353362 0.014116399689323607 0.010723382045734916 -0.014335005292190258 0.0028737503005549117
leaf_weight=182.25260813208297 2.7590162283740929 27.946379689499736 0.9585744529031206 14.77410293323919 66.026974019128829 10.109806254506109 1.9317428655922406 15.491088474169372 21.970769948326051 0.9786426555365324 3.5450907293707115 28.00880060903728 24.67583816871047 10.928896764293311 26.06793821696192 8.8096190793439728 64.974314997904003 7.7620002469047904 4.5841526077128947 42.308785823173821 66.648666712455451 2.567875113338232 10.731056075077502 3.9794640191830712 39.127862515859306 14.173959723673759 1.9347194405272601 1.8198036933317778 28.982338926289231 20.90480294264853
leaf_count=37284 84 160 70 1068 4804 1018 56 259 412 31 144 146 173 76 188 268 4771 120 150 1250 2025 64 296 167 222 398 27 67 3090 1349
internal_value=0.000652838 0.0101027 -0.0219109 0.00611666 -0.00323423 -0.00186479 0.0244577 -0.00681258 0.0078639 0.0609133 0.0115969 0.0196074 0.0127728 0.0243978 0.00356738 0.00655258 0.013219 0.0213521 0.0532273 0.0155307 0.00878458 0.0759669 0.0328466 0.0489293 0.0284094 0.0166178 0.0744598 0.0666723 -0.0064175 -0.0131547
internal_weight=757.736 534.454 223.282 377.698 139.714 41.0294 15.3202 124.394 37.4619 1.93722 237.984 156.756 89.6191 38.8753 50.7438 11.5686 223.21 77.4131 10.6971 66.716 145.797 7.15203 24.4072 13.6762 67.1367 80.8226 5.91418 3.75155 39.0921 86.9318
internal_count=60237 18744 41493 17779 7299 4209 475 6824 671 101 10480 965 597 236 361 352 9412 2218 358 1860 7194 214 610 314 368 2423 194 123 4108 6153
is_linear=0
shrinkage=0.03


Tree=43
num_leaves=31
num_cat=0
split_feature=4 12 31 34 30 8 8 23 27 12 27 13 24 23 4 31 34 0 21 12 27 3 1 23 14 23 29 22 27 14
split_gain=176.332 27.3334 20.3809 15.4647 19.5079 11.8047 11.2456 13.4174 9.22208 9.08098 9.04042 9.01242 8.94187 10.8619 8.67746 8.49418 8.02072 7.69704 7.42018 7.75698 6.8386 10.6597 10.6688 6.88056 12.1688 12.0243 7.50019 6.92573 6.60588 6.54443
threshold=-0.82628488540649403 22.830729484558109 352.47375488281256 1.950153172016144 1.5000000000000002 16.133066177368168 3.4441859722137456 2.0963544845581059 0.2868421077728272 -9.4246339797973615 0.23421052843332293 -1.6998299360275266 0.67603793740272533 0.21012048423290255 0.34697802364826208 51.750146865844734 1.4514405727386477 6.5000000000000009 -0.88654157519340504 5.6519317626953134 0.42894735932350164 0.8981749713420869 25.236403465271 0.26622267067432409 -0.051512254402041428 1.207749128341675 -0.39233249425888056 1.0269711017608645 0.64210528135299694 1.2071043252944949
decision_type=2 2 2 2 2 2 2 2 2 2 2 2 2 2 2 2 2 2 2 2 2 2 2 2 2 2 2 2 2 2
left_child=10 2 6 4 -4 8 7 9 -5 12 -1 -3 13 28 -8 17 -13 -12 19 -16 21 -20 -23 26 25 -25 -22 -26 -2 -10
right_child=1 11 3 5 -6 -7 14 -9 29 -11 15 16 -14 -15 18 -17 -18 -19 20 -21 23 22 -24 24 27 -27 -28 -29 -30 -31
leaf_value=-0.0282285412009604 0.11467101041442759 -0.0035313797116382842 0.0047623338154950297 -0.021989091527169297 -0.022425444536070465 0.048541672775688549 0.064783099262747515 0.048017049797522131 0.0047968567773060923 0.0012086034187170208 -0.017500261700694377 0.017479965546465821 -0.0066401911693253872 -0.0061147594478978802 -0.016722872547883006 -0.016327884592362878 0.036305566871253254 0.060749529950948684 0.088272163582750876 0.015429454662865102 0.013859553130070612 -0.0071751838034828236 0.052944863841254429 -0.017907536940074957 0.062958520349714234 0.028341935683781405 -0.017747637387369567 0.0087076884168489771 0.012562098543046187 0.034238654681752356
leaf_weight=140.41145278140903 1.4703772389329963 9.8791665546596032 42.518070741090924 9.6305331089533848 51.984906345140189 4.8098196331411591 2.458898000419139 5.26391716627404 65.436265853233635 131.37807962205261 1.3665032442659133 48.012114573270082 2.7605091892182827 1.4776779077947138 11.21625571511686 48.591463642194867 39.931204430758953 1.6317462227307258 2.2664914410561314 14.106870153453199 57.85300575196743 5.2706132633611542 3.9642254263162613 7.016184967011216 8.7572230258956534 13.216816878877578 6.7677102647721759 3.1619273042306295 1.0976239312440155 6.6583869340829542
leaf_count=30844 63 50 2593 1147 4298 54 146 166 2204 7237 176 249 143 96 465 7150 176 141 90 212 1096 246 23 178 158 149 184 65 58 263
internal_value=0.00046118 0.00899165 0.00590471 -0.00193257 -0.0102715 0.00718753 0.0109698 0.00505564 0.00419633 0.00308586 -0.0242646 0.023318 0.0345252 0.058363 0.0171229 -0.0131444 0.0263399 0.0296287 0.0157709 0.00109409 0.0191621 0.0404899 0.0212839 0.0162391 0.0274469 0.012216 0.0103293 0.0503548 0.08678 0.0079472
internal_weight=750.366 558.365 460.542 181.038 94.503 86.535 279.504 143.448 81.7252 138.184 192.001 97.8225 6.80619 4.04568 136.056 51.5897 87.9433 2.99825 133.597 25.3231 108.274 11.5013 9.23484 96.7729 32.1522 20.233 64.6207 11.9192 2.568 72.0947
internal_count=60120 21809 21334 10559 6891 3668 10775 7763 3614 7597 38311 475 360 217 3012 7467 425 317 2866 677 2189 359 269 1830 550 327 1280 223 121 2467
is_linear=0
shrinkage=0.03


Tree=44
num_leaves=31
num_cat=0
split_feature=1 8 3 1 3 26 22 31 21 15 24 0 23 0 24 0 15 21 14 1 15 24 22 21 32 4 3 22 14 14
split_gain=150.007 24.9649 16.387 10.6411 14.2611 15.5509 11.8594 9.75836 10.9607 12.8586 14.7411 14.7571 10.0046 9.90396 12.6315 8.59 9.33386 8.40921 8.35678 7.97469 7.7458 7.34919 8.89788 8.32324 11.379 7.2217 7.41434 9.46994 9.86183 10.564
threshold=0.99179899692535411 2.9046206474304204 0.12511552870273593 38.073665618896491 0.069726482033729567 26.599737167358402 -0.93870487809181202 445.94090270996099 -0.13805117458105085 -0.64506384730339039 0.21413602679967883 3.5000000000000004 -1.2255626916885374 6.5000000000000009 0.35224725306034094 3.5000000000000004 1.5010006427764895 -1.573020815849304 -1.9368578791618345 6.7721362113952646 0.53038325905799877 0.56807470321655285 0.61683303117752086 0.47035984694957739 1.0000000180025095e-35 22.462359428405765 0.84010228514671337 0.08241660520434381 0.4394084513187409 0.11683968827128412
decision_type=2 2 2 2 2 2 2 2 2 2 2 2 2 2 2 2 2 2 2 2 2 2 2 2 2 2 2 2 2 2
left_child=-1 2 7 4 18 6 17 8 9 13 11 -11 -13 14 -2 -8 25 -6 -3 -4 -14 -10 23 -23 -25 26 27 -17 29 -29
right_child=1 3 19 -5 5 -7 15 -9 21 10 -12 12 20 -15 -16 16 -18 -19 -20 -21 -22 22 -24 24 -26 -27 -28 28 -30 -31
leaf_value=-0.025750750746864802 -0.0036095295573103344 -0.020340401371307489 -0.023770922796449642 0.02017558975487703 -0.023172154980741988 -0.021698250685620573 -0.0094212775116216656 -0.009664229647914092 -0.012725943482419561 -0.022604743569722401 0.00061347022954467197 -0.018094989373089881 0.073276928943993125 0.014787633809090988 0.1032371622500154 -0.011971679713830652 0.053509063790196369 0.028231612266897518 0.019523214107934079 -0.0037997266455301712 0.018136574267622111 -0.0019270459162096432 -0.010267260723503183 0.083071373376964394 0.016446628535713839 0.015091172872834954 -0.020497044201883249 0.016207742375124418 -0.017578832684429179 0.083413505456119849
leaf_weight=162.46820637676865 1.2396328174509088 4.2006642911583176 31.530437608715147 96.27083583176136 2.4448998109437552 19.072030391544104 38.090153148397803 33.607335736043751 25.704624324571341 2.755213283468037 38.524510725867003 1.4139463948085893 7.2997469217516464 5.1286164564080536 2.987065127119422 13.285049861762674 2.8302455036900929 26.605051628313959 92.177267248742282 41.310194558463991 4.3222368624992669 8.8163428353145736 13.528837459161876 2.4400104116648409 9.2408155263401568 35.485117007046938 13.611859563272445 8.510246074292807 3.5681271320208898 2.1488862070254973
leaf_count=34441 101 133 4837 424 118 520 1313 3386 2148 242 1956 83 299 237 157 670 77 674 2627 2166 210 522 582 231 347 305 810 393 177 95
internal_value=-0.000324695 0.00673068 -0.000986313 0.0116701 0.00848032 0.00310371 0.00645595 0.00447035 0.00836653 0.0169248 0.0108539 0.0343122 0.0470953 0.0477201 0.0772054 0.00213666 0.00772676 0.0232782 0.0175947 -0.0126495 0.0558317 -0.000884828 0.00816837 0.0202481 0.0358173 0.00536771 -0.00318152 0.00580384 0.0220983 0.0357487
internal_weight=750.618 588.15 229.85 358.3 262.03 165.652 146.58 157.009 123.402 63.671 54.3157 15.7911 13.0359 9.35531 4.2267 117.53 79.4395 29.05 96.3779 72.8406 11.622 59.7306 34.026 20.4972 11.6808 76.6093 41.1242 27.5123 14.2273 10.6591
internal_count=60281 25840 17504 8336 7912 5152 4632 10501 7115 3285 2790 834 592 495 258 3840 2527 792 2760 7003 509 3830 1682 1100 578 2450 2145 1335 665 488
is_linear=0
shrinkage=0.03


Tree=45
num_leaves=31
num_cat=0
split_feature=4 12 28 3 8 34 26 25 12 29 25 31 14 25 25 21 13 29 24 23 28 25 33 28 3 3 13 34 12 3
split_gain=155.759 33.5101 25.1929 14.2304 16.1731 12.4384 11.6504 10.6472 10.4571 9.15509 8.98022 11.2087 8.47515 9.48146 8.4296 9.77034 8.16466 8.57865 7.91667 13.2347 7.78771 7.77132 7.59137 7.53958 7.50114 12.7776 8.12351 7.25652 7.95593 9.55485
threshold=-0.86804670095443714 16.180838584899906 0.43442112207412725 -0.83649501204490651 2.9046206474304204 1.4514405727386477 34.916603088378913 0.20767617970705035 -9.4246339797973615 -0.98833176493644703 0.18412192165851596 334.49572753906256 -0.18123165518045423 0.18412192165851596 0.15780612826347354 -1.0126976966857908 -0.67193531990051258 -0.40809616446495051 1.3540456891059878 0.78167352080345165 -0.032247759401798241 0.26091323792934423 2.9150234460830693 -0.032247759401798241 0.37145408987998968 0.33900302648544317 -0.84896028041839589 1.6588007211685183 1.3419465422630312 -0.18593058735132215
decision_type=2 2 2 2 2 2 2 2 2 2 2 2 2 2 2 2 2 2 2 2 2 2 2 2 2 2 2 2 2 2
left_child=7 2 3 18 8 6 12 -1 9 -5 11 14 13 -3 15 -6 -17 -18 -2 -20 -15 -11 24 -7 25 26 -10 -12 29 -29
right_child=1 5 -4 4 10 23 -8 -9 22 21 27 -13 -14 20 -16 16 17 -19 19 -21 -22 -23 -24 -25 -26 -27 -28 28 -30 -31
leaf_value=-0.027644923564202693 0.015963432738614176 0.021772080842449835 -0.019031086592965731 -0.019631520570709406 -0.018356265890024051 0.017395579044864086 -0.020223124917116246 -0.0094545023633329523 0.011900855694766318 0.071077966993920591 0.010731068268038515 -0.0099286057178187438 0.025739002230191006 0.0087831895005883644 -0.0023164936494297931 0.0083767892504745273 0.059432002379729371 -0.0035338393773988994 0.09399313182204852 -0.0081625498527278326 -0.023649551967581249 -0.0059458843900408349 0.021327335965873252 0.038511310134273877 -0.022585156714666686 0.055249541562008141 -0.010435129054863681 0.0043367202710302621 0.016219566358354458 0.078939736677240288
leaf_weight=143.43528497451916 52.032371708657593 19.201817812398076 39.664301634766161 1.80416207248345 3.5139906732365516 30.274921761825681 8.1950314398854953 37.951282504945993 17.159062297549099 3.1274746716953805 78.232937297783792 38.2372663943097 38.470635869540274 14.259626111015677 19.91008960083127 8.6702676559798455 9.0726146921515483 2.2801437526941237 2.0933496835641558 1.5740702375769613 10.920420797541738 1.4474666612222788 7.3801270108669987 36.861308628693223 25.032622174825519 2.142258172389119 77.090544389560819 2.3783313944004476 14.628755249548702 4.1655540759675231
leaf_count=32338 1715 114 4439 121 126 156 72 5745 1076 161 2326 1593 243 83 447 160 171 127 71 61 72 71 76 210 2311 155 5334 69 379 114
internal_value=0.000223419 0.00793457 0.0034053 0.00584235 0.00334954 0.0196255 0.0121886 -0.0239117 -0.00448382 0.0303248 0.00918966 0.00178003 0.0155975 0.00643321 0.0120762 0.0238493 0.0317771 0.0475233 0.0196883 0.0577927 -0.00564875 0.0500131 -0.00642807 0.0293843 -0.00827546 -0.00436554 -0.00628639 0.0152 0.030484 0.0559948
internal_weight=751.208 569.822 411.638 371.973 316.274 158.184 91.0475 181.387 135.184 6.3791 181.09 81.6844 82.8525 44.3819 43.4471 23.537 20.023 11.3528 55.6998 3.66742 25.18 4.57494 128.805 67.1362 121.424 96.3919 94.2496 99.4056 21.1726 6.54389
internal_count=60136 22053 21103 16664 14817 950 584 38083 9305 353 5512 2624 512 269 1031 584 458 298 1847 132 155 232 8952 366 8876 6565 6410 2888 562 183
is_linear=0
shrinkage=0.03


Tree=46
num_leaves=31
num_cat=0
split_feature=11 12 28 30 29 33 23 25 27 33 29 12 25 3 25 28 13 21 3 22 22 15 0 12 3 13 25 11 12 21
split_gain=146.192 20.1496 20.4249 14.9227 18.4487 14.565 12.9238 18.1477 14.7954 12.0206 15.8102 11.868 12.7103 11.5648 11.4762 13.1425 10.9651 15.1267 13.4868 13.2384 18.0212 25.1661 16.3835 18.1037 15.8913 11.5424 10.3187 10.316 10.2636 8.89178
threshold=2.1197873353958134 16.180838584899906 0.43442112207412725 1.5000000000000002 -0.32816398143768305 0.19294372946023944 -1.0403461456298826 0.17497342079877856 0.81315788626670849 0.5651838779449464 0.88014048337936412 2.9160423278808598 0.22896361351013186 1.8345186710357668 0.26713037490844732 -0.15207348018884656 -0.86116310954093922 -0.42493227124214167 -0.4066168069839477 0.17965210229158404 -0.17783926427364347 0.36423800885677343 3.5000000000000004 1.9161555767059328 -0.60604295134544361 -1.8455765247344968 0.16541142016649249 7.7539141178131112 -3.4320005178451534 0.84978225827217113
decision_type=2 2 2 2 2 2 2 2 2 2 2 2 2 2 2 2 2 2 2 2 2 2 2 2 2 2 2 2 2 2
left_child=9 2 3 4 5 16 -7 -8 29 -1 -11 -5 -13 -3 15 -14 17 -2 -19 20 -18 24 -23 -24 28 -20 -12 -16 -22 -9
right_child=1 13 -4 11 -6 6 7 8 -10 10 26 12 14 -15 27 -17 19 18 25 -21 21 22 23 -25 -26 -27 -28 -29 -30 -31
leaf_value=-0.026753724981385771 -0.0040500152230062243 0.013100970143497892 -0.015376238539997773 -0.004636380981889919 -0.021134968050696621 0.069798022341920216 0.052593448446355766 0.045160704614117836 -0.002910567985711291 -0.010270385620750611 -0.011826706404359354 0.001438682332274238 0.051305918140868288 0.035101856412510228 -0.027139437724267322 0.0031769443020498314 0.00064204408885388891 -0.0018006601830355428 0.00088436568993680281 -0.014875014988990572 -0.013041999047140177 -0.013533488248920481 0.15240351526500437 0.00079374073185145902 -0.019110476947600055 0.087981130842717387 0.11387641743042627 0.024400394188086715 0.10208114280146843 -0.0062050226915501255
leaf_weight=149.69918625894934 7.5080072414129999 132.49838239047676 41.780754681210965 124.40105564240366 11.808538050856439 5.2656414313241831 12.761153624858705 12.207499977201222 23.931825946085155 14.891155103687199 0.64437305368482956 67.693684776779264 14.923395752906798 25.46390226110816 5.6991007300093752 7.7210529977455762 31.934449917171147 3.1994621348567316 1.7486947975121445 23.607666252646595 0.75078825838863839 0.80531110335141409 2.2784807076677684 0.91781120188534249 5.5915053212083894 5.6736204056069219 0.66664375877007842 6.3081876710057259 1.0397773110307751 3.6492565581575027
leaf_count=34060 388 829 5048 8560 1263 112 256 371 236 1430 121 1439 304 123 169 116 2019 268 73 1778 67 80 140 42 314 210 96 141 83 118
internal_value=0.000639388 0.00773476 0.00430226 0.00649237 0.013645 0.0166466 0.028158 0.02276 0.0121369 -0.0241138 0.000414809 0.00157458 0.00909583 0.0168461 0.0235945 0.0357238 0.00858555 0.0286236 0.0500803 0.00281587 0.0125752 0.0432961 0.0953179 0.119433 0.0070892 0.0700025 0.0737095 -0.000268093 0.0664342 0.0336726
internal_weight=747.07 581.169 423.207 381.426 154.679 142.871 57.8154 52.5497 39.7886 165.901 16.2022 226.746 102.345 157.962 34.6517 22.6444 85.0556 18.1298 10.6218 66.9258 43.3181 11.3837 4.0016 3.19629 7.38207 7.42232 1.31102 12.0073 1.79057 15.8568
internal_count=60254 24547 23595 18547 7818 6555 1093 981 725 35707 1647 10729 2169 952 730 420 5462 939 551 4523 2745 726 262 182 464 283 217 310 150 489
is_linear=0
shrinkage=0.03


Tree=47
num_leaves=31
num_cat=0
split_feature=11 12 33 28 31 34 31 0 21 21 3 34 27 29 15 15 29 4 3 28 21 15 28 12 12 11 8 3 21 3
split_gain=148.575 24.0623 17.0564 11.0861 10.2735 13.5932 9.54595 8.96758 15.2705 13.9292 15.3177 11.3948 9.73412 11.8559 10.0712 12.3724 9.32716 8.61798 8.63031 10.4735 11.7906 8.4003 15.6045 13.4277 11.3945 10.1654 7.87184 7.63678 10.7088 11.1847
threshold=2.4417004585266118 6.4612514972686776 0.5651838779449464 0.84138089418411266 327.78775024414068 1.950153172016144 498.61573791503912 3.5000000000000004 0.89935857057571422 -0.1613289266824722 0.069726482033729567 0.21557421982288363 0.68157896399497997 -0.79512035846710194 0.11227403581142427 0.47536846995353704 -0.93465867638587941 43.433244705200202 0.43362963199615484 -0.083760455250740037 1.5334095358848574 0.5635356903076173 -0.93879690766334523 0.5990424156188966 -7.7997155189514151 8.1947579383850115 8.8211011886596697 0.16128801554441455 0.35568895936012274 -0.18593058735132215
decision_type=2 2 2 2 2 2 2 2 2 2 2 2 2 2 2 2 2 2 2 2 2 2 2 2 2 2 2 2 2 2
left_child=2 3 -1 4 7 6 -6 8 -2 10 12 -10 13 16 -14 -16 -9 18 19 20 -3 22 -15 24 -24 -23 -20 28 -7 -30
right_child=1 17 -4 -5 5 27 -8 9 11 -11 -12 -13 14 21 15 -17 -18 -19 26 -21 -22 25 23 -25 -26 -27 -28 -29 29 -31
leaf_value=-0.027001479315564153 -0.013051736514700298 0.033603753077064612 0.0020458408447411743 -0.025394219581088485 -0.0032408464735950659 0.005971279373638263 -0.025325156716376539 0.038930375315501781 -0.021242412678846818 0.0018828123649951556 -0.00050111495024890754 0.048906979875633159 -0.0092649385513186768 0.0069287949365109628 0.055776018841835015 0.0024445519583042412 -0.017134321486199425 0.025342306412061647 -0.0004135076730807543 0.0034258573182415139 -0.012529147690324167 -0.020719770821386558 0.0038412771260656849 -0.00042274828550576738 0.13280493956539852 0.069737329457350408 0.01374061633900033 -0.0063973139919187832 0.011144736773066958 0.078709560848943066
leaf_weight=152.02082733716816 32.388454877771437 41.860416159965098 20.495203832164407 11.467739194165913 67.540575043298304 15.203904487192633 23.01192268775776 6.2160159884952009 2.2594369533471745 57.778600648511201 18.766286676749587 6.2642893441952765 8.0510609513148683 2.2092072190716854 7.4746584556996805 7.4546248968690634 3.5103395618498343 54.368394166231155 62.667886328883469 22.458549144677818 5.1231532050296655 2.1291130748577412 0.76307994406670232 0.99758927943184961 4.4880458973348141 0.7963023530319332 79.9950095936656 12.318733126856385 4.6965710506774485 3.92476046271622
leaf_count=35113 2228 462 1939 1807 4936 728 2502 250 226 3274 1165 193 228 160 120 232 293 224 1418 286 50 185 79 43 272 47 707 615 246 170
internal_value=0.000734459 0.00816505 -0.0235587 0.00231923 0.00350579 -0.00287846 -0.00906841 0.00849966 -0.00357274 0.0125896 0.0222479 0.0300341 0.031727 0.0461824 0.0170762 0.0309713 0.0189851 0.0147068 0.0118745 0.0204979 0.0284171 0.0660111 0.0800391 0.101365 0.117677 0.0153958 0.0075635 0.012456 0.0220691 0.0468867
internal_weight=738.701 566.185 172.516 299.711 288.244 126.696 90.5525 161.547 40.9122 120.635 62.8563 8.52373 44.09 21.1097 22.9803 14.9293 9.72636 266.473 212.105 69.4421 46.9836 11.3833 8.45792 6.24872 5.25113 2.92542 142.663 36.144 23.8252 8.62133
internal_count=60198 23146 37052 19999 18192 9197 7438 8995 2647 6348 3074 419 1909 1329 580 352 543 3147 2923 798 512 786 554 394 351 232 2125 1759 1144 416
is_linear=0
shrinkage=0.03


Tree=48
num_leaves=31
num_cat=0
split_feature=11 4 33 30 15 29 29 3 0 11 24 13 21 15 13 21 22 25 24 11 21 29 21 23 21 25 22 12 4 8
split_gain=138.917 22.2602 17.0711 14.896 15.9693 18.8238 13.7048 12.5877 18.9412 19.4201 16.2166 14.4947 13.7944 14.8155 18.0895 16.569 14.2414 15.5673 10.7922 10.352 10.0284 9.47378 10.5666 10.032 9.75618 9.43379 9.32008 9.14922 8.84009 8.7473
threshold=2.4417004585266118 22.462359428405765 0.5651838779449464 2.5000000000000004 1.5359454751014712 0.078402601182460799 0.88014048337936412 0.40353851020336157 6.5000000000000009 13.510397911071779 1.1278287172317507 -0.6133805215358733 0.75468674302101146 0.80972999334335338 0.54953855276107799 -0.61307072639465321 0.038313344120979316 0.30667789280414587 0.066542465239763274 7.2695021629333505 -0.57799279689788807 -0.90066882967948902 0.11777763441205026 -0.21992381662130353 0.30549140274524694 0.16541142016649249 -2.0991096496582027 1.1005998253822329 1.6680696010589602 9.3966078758239764
decision_type=2 2 2 2 2 2 2 2 2 2 2 2 2 2 2 2 2 2 2 2 2 2 2 2 2 2 2 2 2 2
left_child=2 3 -1 7 21 -6 -4 8 9 10 28 -12 13 14 16 -16 17 18 -10 -3 -18 22 -5 -24 -25 -8 -9 -26 29 -2
right_child=1 19 6 4 5 -7 25 26 12 -11 11 -13 -14 -15 15 -17 20 -19 -20 -21 -22 -23 23 24 27 -27 -28 -29 -30 -31
leaf_value=-0.026714979966881425 -0.023769209118721525 0.048722327827225104 -0.005746466390449902 -0.010444617292565555 9.868700793719906e-05 0.1070618903225118 -0.011792228974460627 0.057719938574058459 -0.0077659663998024264 0.041570390949520017 0.056020720616548211 0.00055277765617700928 -0.002920126866139914 -0.0067205953719705839 0.0039787963691140576 0.097623773990845472 0.029281848040261887 -0.010302206027565328 0.053878436257713061 0.014045018562650927 -0.0097096175547897508 -0.01417358294766779 -0.0044125344170438743 0.10316399522062868 -0.0014102211063228237 0.10720279479499317 -0.008013599209343707 0.062982834545644531 -0.0001471450142984647 0.05484270361111495
leaf_weight=148.14798693126068 26.430732413660738 7.2693078108131877 18.809731070417914 17.996003875974566 3.8870530747808507 1.3937888424843548 0.64012132864445337 1.0235939770936955 2.605640242341912 9.3954382590018195 6.6302654733881381 9.588185310829429 17.077325921040028 9.7782087083905918 2.4209643891081214 5.5060292049311093 9.1675281901843864 4.6304906615987411 22.511626856401563 202.18385213892907 13.429836084600536 75.556938594207168 6.8474285546690217 1.0188078144565205 5.1515078521333635 0.74730517156422138 51.591055915225297 2.1889130752533674 59.278293723706156 0.40935273235663672
leaf_count=35142 3278 63 1700 846 279 59 114 50 171 321 262 537 861 575 113 291 323 230 777 1346 700 5897 288 46 292 95 3624 62 2074 19
internal_value=0.000677796 0.0076998 -0.0232091 0.00321465 -0.00574505 0.0408808 0.00255409 0.00728442 0.0107264 0.0025003 -0.00145425 0.0251652 0.0211274 0.0269485 0.0324313 0.0726733 0.025089 0.0384016 0.047431 0.0154743 0.00667938 -0.00836081 0.00489456 0.0225718 0.0427856 0.0703583 -0.00568206 0.023041 -0.00669874 -0.0206434
internal_weight=743.313 574.968 168.345 365.515 114.04 5.28084 20.1972 251.475 198.86 111.732 102.337 16.2185 87.1277 70.0503 60.2721 7.92699 52.3451 29.7478 25.1173 209.453 22.5974 108.76 33.2027 15.2067 8.35923 1.38743 52.6146 7.34042 86.1184 26.8401
internal_count=60435 23384 37051 21975 7769 338 1909 14206 10532 6491 6170 799 4041 3180 2605 404 2201 1178 948 1409 1023 7431 1534 688 400 209 3674 354 5371 3297
is_linear=0
shrinkage=0.03


Tree=49
num_leaves=31
num_cat=0
split_feature=11 4 31 28 0 22 27 21 21 11 31 22 24 11 22 25 3 26 24 24 25 28 3 12 30 31 11 25 33 30
split_gain=126.712 24.8108 16.2815 18.9091 16.0883 13.6622 12.715 14.0596 12.6419 11.4027 11.0104 10.6292 13.2991 9.87178 9.78634 9.26165 9.24622 8.99566 9.86424 11.0905 9.51331 8.91503 9.48717 7.52198 7.29306 7.24813 8.39156 7.18112 9.1195 8.42941
threshold=2.4417004585266118 43.433244705200202 341.26315307617193 0.16269055008888247 7.5000000000000009 0.60161083936691295 0.29736842215061193 1.5935114622116091 1.1682956814765932 24.083731651306156 836.96853637695324 1.8195720911026003 0.83991718292236339 13.156633377075197 -0.91026693582534779 0.28525754809379583 0.97052857279777538 25.185359001159672 0.59537160396575939 0.73637875914573681 0.32061108946800237 -0.15207348018884656 -1.5836307406425474 9.6116218566894549 1.5000000000000002 413.13926696777349 17.176493644714359 0.17402829974889758 2.2787746191024785 1.5000000000000002
decision_type=2 2 2 2 2 2 2 2 2 2 2 2 2 2 2 2 2 2 2 2 2 2 2 2 2 2 2 2 2 2
left_child=6 2 3 4 9 8 -1 -8 13 11 16 27 -13 14 15 -6 24 18 -12 -20 -19 22 -9 -15 -4 26 -18 28 -2 -30
right_child=1 -3 10 -5 5 -7 7 21 -10 -11 17 12 -14 23 -16 -17 25 20 19 -21 -22 -23 -24 -25 -26 -27 -28 -29 29 -31
leaf_value=-0.027312152267278237 -0.0013011365235983427 0.025829846612186839 -0.0037915307553942658 -0.010267851428528338 0.029379356698926176 0.00015115562277217469 -0.01286432298980294 -0.011551402815509662 -0.019515162269023202 0.038849736276093637 -0.0088450348160384711 -0.017846562211264572 0.049542212458966596 -0.012356210853460727 0.046338886786054606 -0.025554762166901408 -0.016923358616530979 0.011577046508744146 0.049533744372435906 0.0050695315180233355 0.062994703223104992 -0.015359523530205194 0.10605058645047857 0.031399833750498651 -0.022259668477478865 0.018789321915030494 0.020470286528892219 -0.001003884657004746 0.044788717276376899 0.011091088829031231
leaf_weight=127.15353154833429 25.056947894860059 55.834879502654076 36.897739981301129 38.206980476621538 7.6398329632356745 18.228259423747659 34.091788592515513 0.60954636940732587 3.7977612288668743 8.7243492431007308 37.682407692540437 3.0389073649421325 8.6117178411222977 6.7924149306491 36.74786278558895 3.1639828742481768 17.814317957963798 13.272594748064877 5.2193841761909416 28.425922559574246 3.5848330501466981 1.0136882935184974 1.1894477608148011 5.5851117763668299 40.375216347631067 16.378644736018032 6.631254566833376 111.84698820440099 9.6549414228647965 20.556070902384818
leaf_count=32222 1798 230 2667 3488 226 633 4473 83 138 138 1639 186 148 229 1198 103 396 355 168 952 71 154 93 33 3735 381 58 3863 90 277
internal_value=0.000316742 0.00701099 0.00492029 0.0092817 0.0120815 0.0231014 -0.0228339 -0.0070905 0.0295622 0.00716752 -0.00159778 0.00541382 0.0319435 0.0329416 0.0390639 0.0124894 -0.00755974 0.0063817 0.00159134 0.0131979 0.0254267 0.0479113 0.076313 0.00825913 -0.0136023 0.00392943 -0.0063739 0.00338526 0.0121276 0.0229503
internal_weight=733.827 569.769 513.934 307.652 269.445 81.9552 164.058 36.9045 63.727 187.49 206.282 178.766 11.6506 59.9292 47.5517 10.8038 118.097 88.1851 71.3277 33.6453 16.8574 2.81268 1.79899 12.3775 77.273 40.8242 24.4456 167.115 55.268 30.211
internal_count=60225 23200 22970 12548 9060 2560 37025 4803 1927 6500 10422 6362 334 1789 1527 329 7237 3185 2759 1120 426 330 176 262 6402 835 454 6028 2165 367
is_linear=0
shrinkage=0.03


Tree=50
num_leaves=31
num_cat=0
split_feature=11 8 33 29 3 23 30 0 25 23 27 11 15 12 12 14 28 14 24 15 13 28 28 3 3 27 12 8 1 13
split_gain=130.904 22.499 15.2367 13.2074 13.0763 12.7112 13.7646 11.0695 8.53621 8.22225 8.09667 12.8723 9.99619 8.10497 8.7629 11.9343 10.2238 10.165 7.87665 7.44384 11.4479 9.2907 6.9371 7.83224 9.03277 14.5587 13.7237 7.78164 6.93001 6.7655
threshold=2.280268788337708 3.0684909820556645 0.5651838779449464 0.88014048337936412 -1.0578155517578123 -0.45945054292678827 2.5000000000000004 6.5000000000000009 0.16541142016649249 2.0963544845581059 0.65263158082962047 7.2695021629333505 1.5010006427764895 -3.1935096979141231 -1.9724326133728025 0.20818600058555606 -0.56456753611564625 -0.90680119395256031 0.62938061356544506 0.11227403581142427 0.0071114881429821261 -0.16905184835195539 0.84138089418411266 1.5471088290214541 0.069726482033729567 0.69736841320991527 2.294630885124207 8.2690963745117205 7.5778372287750253 -1.8455765247344968
decision_type=2 2 2 2 2 2 2 2 2 2 2 2 2 2 2 2 2 2 2 2 2 2 2 2 2 2 2 2 2 2
left_child=2 4 -1 -4 5 6 7 -2 -5 -7 11 -6 19 -12 15 16 -15 18 -16 20 -13 -22 23 24 25 27 -27 28 -3 -25
right_child=1 22 3 8 10 9 -8 -9 -10 -11 13 12 -14 14 17 -17 -18 -19 -20 -21 21 -23 -24 29 -26 26 -28 -29 -30 -31
leaf_value=-0.026876201034383228 0.0062823196377879255 0.015707508647372165 -0.0068536416372387294 -0.011631961546306323 -0.018551284087564481 -0.0056038500246780127 -0.021831218201308181 0.064811667431851169 0.10099920720564277 0.051849744818673153 -0.016520541729728382 -0.0013330308373033838 0.062185919452606014 0.0083685035288611313 -0.0029377536695821918 -0.0089100976442065983 0.099871407607780849 -0.0024376181922679506 0.039444513783549767 -0.017907183488517078 -0.005888262372975241 0.081842482973995059 -0.007348782454313924 -0.0030077018740515106 0.0070577922471524819 -0.0049443524044531098 0.02208760423922421 0.078688618515506514 0.06752245045754833 0.026638921635158404
leaf_weight=137.47500342712738 4.4454328652936956 11.225703453179451 16.23422466637567 0.62665136624127515 55.012614453444257 19.925157287158076 2.5624629962258032 8.9088849676772934 0.82941401889547706 1.5109231900423754 16.074060040991753 13.394492037128666 1.5868003340437997 2.0544720133766532 6.0722805401310316 2.9730423679575324 1.9878175342455495 63.248306178953499 9.6207565055228752 10.905506117269395 1.4532823320478203 2.2014308818615964 15.129718585405497 7.7424726868048301 189.10216495161876 25.913403298240155 45.977700178511441 3.5839229454286388 2.3155118348076931 52.336331294849515
leaf_count=34561 284 605 1536 118 7234 1614 284 265 95 66 1031 1173 101 109 261 196 123 2327 241 945 106 151 549 54 3956 992 540 94 55 480
internal_value=0.000847328 0.0074281 -0.023526 0.00255379 -1.53531e-05 0.0159461 0.0353878 0.0471232 0.067526 0.000576272 -0.00327868 -0.0100879 0.00576421 0.00240731 0.00609614 0.0360008 0.0642484 0.00302148 0.0238515 0.000524443 0.0126531 0.0531864 0.0121325 0.0130231 0.0108301 0.0186762 0.0124097 0.0428471 0.0286019 0.0228316
internal_weight=732.43 577.265 155.165 17.6903 223.938 37.3529 15.9168 13.3543 1.45607 21.4361 186.585 84.5541 29.5415 102.031 85.9567 7.01533 4.04229 78.9413 15.693 27.9547 17.0492 3.65471 353.327 338.197 278.118 89.0162 71.8911 17.1251 13.5412 60.0788
internal_count=60146 23836 36310 1749 16511 2513 833 549 213 1680 13998 9710 2476 4288 3257 428 232 2829 502 2375 1430 257 7325 6776 6242 2286 1532 754 660 534
is_linear=0
shrinkage=0.03


Tree=51
num_leaves=31
num_cat=0
split_feature=1 1 3 21 27 27 23 22 34 12 33 8 27 3 1 28 8 34 25 33 27 12 12 13 13 21 33 23 21 8
split_gain=120.277 24.6498 14.3935 12.1691 10.419 9.61994 12.4656 8.63348 14.4549 13.403 11.1632 10.9214 11.1032 12.8921 9.88962 8.18693 7.60292 12.7957 6.91894 7.15781 8.95548 7.37754 6.5457 6.50048 10.2652 7.25336 6.309 6.27014 11.4125 6.44084
threshold=1.2451942563056948 16.543148994445804 -0.39922654628753657 -0.567488133907318 0.47631579637527471 0.53684210777282726 0.19296855479478839 -0.23898442089557645 5.4375202655792245 1.9161555767059328 0.80968436598777782 3.0684909820556645 0.67105263471603405 0.38772825896739965 8.207193851470949 -0.60639065504074086 0.31480114161968237 0.16592936217784884 0.17910832911729815 0.62147754430770885 0.68684211373329174 -0.46573877334594721 -6.9764270782470694 -1.3594869971275327 -1.6655813455581663 0.22205431014299395 2.0714288949966435 1.0170690417289736 -1.1048080325126646 6.1643531322479257
decision_type=2 2 2 2 2 2 2 2 2 2 2 2 2 2 2 2 2 2 2 2 2 2 2 2 2 2 2 2 2 2
left_child=4 2 3 5 -1 6 15 10 11 -10 -4 23 13 14 -13 -2 -6 18 -18 20 21 -20 26 24 -9 -26 -12 28 -3 -30
right_child=1 27 7 -5 16 -7 -8 8 9 -11 22 12 -14 -15 -16 -17 17 -19 19 -21 -22 -23 -24 -25 25 -27 -28 -29 29 -31
leaf_value=-0.027087960907732772 0.11147841264043816 -0.012760025161063854 -0.0061225868412424838 0.0016118151083365419 -0.021384787314498548 0.015120170251584493 -0.016506987835853255 -0.023153568053103361 0.063113785921812729 -0.015135085814517873 0.084687042603284815 0.013800954506128997 -0.01666279879715938 -0.0072565683913573056 0.081094828606849592 0.015177924604076708 -0.015957116207444604 -0.024004174156976706 0.10084104652780071 -0.013684869979417379 -0.01277444023269469 -0.0094182795634086946 0.010979311679022642 -0.025270165807763895 -0.013406172568425802 0.078966548133889466 0.0041010706014202149 0.021730506107472784 0.0041616459246698878 0.01587855335598426
leaf_weight=127.68285403074697 1.9415619543287901 16.854460766538978 50.692463912768289 86.58003103476949 9.1753713795915264 37.148976193740964 1.1911432910710571 3.1476670973934233 3.4627534388564518 2.9610288958065212 1.3417861624620884 5.7384489658288675 19.831472974270582 10.577268502209334 2.4818552951328456 1.5843431008979671 1.1208863966166953 3.8262698850594461 2.6562042641453449 0.81260132417082775 0.73149844026193012 0.45322554837912354 26.372485411353409 51.232126864371821 0.78754578880034287 1.194713194388896 1.5664019202813504 55.952565971761942 61.215876337140799 141.80230833310634
leaf_count=33461 105 282 4739 4437 1272 1262 136 307 173 321 64 367 883 799 100 102 183 500 258 70 100 70 1291 5615 90 104 47 544 1081 1329
internal_value=0.000180626 0.00626835 0.000454213 0.00810344 -0.0240403 0.0211775 0.0578929 -0.00497715 -0.010747 0.0298649 0.00238207 -0.0137759 -0.00140716 0.0147163 0.0407099 0.0811209 -0.0029939 0.0149415 0.0404819 0.0544942 0.0687657 0.0863888 0.0168218 -0.0220809 0.00869692 0.0500777 0.0534375 0.0127741 0.0104069 0.0123833
internal_weight=732.118 585.659 309.834 128.446 146.459 41.866 4.71705 181.388 101.415 6.42378 79.9731 94.9911 38.629 18.7976 8.2203 3.52591 18.7761 9.60069 5.77442 4.65353 3.84093 3.10943 29.2807 56.3621 5.12993 1.98226 2.90819 275.825 219.873 203.018
internal_count=60092 24178 20942 6042 35914 1605 343 14900 8759 494 6141 8265 2149 1266 467 207 2453 1181 681 498 428 328 1402 6116 501 194 111 3236 2692 2410
is_linear=0
shrinkage=0.03


Tree=52
num_leaves=31
num_cat=0
split_feature=1 11 3 3 0 25 15 15 15 27 22 13 0 22 15 11 26 11 22 11 22 33 21 25 3 4 22 3 26 11
split_gain=119.833 28.6387 19.8307 11.1567 9.30292 9.17483 8.80436 8.44978 12.8679 14.9873 18.7638 16.8011 14.1425 11.2058 10.3849 9.96988 9.295 9.28469 9.96398 8.15869 7.85042 7.20601 8.99239 11.0742 9.78639 8.87621 7.03196 10.1318 8.70033 7.15921
threshold=0.51628676056861889 4.6934001445770273 -0.593308925628662 1.5471088290214541 4.5000000000000009 0.26126764714717871 1.5359454751014712 0.66322624683380138 0.18167464435100558 0.25000000000000006 -0.39703056216239924 -0.079631339758634553 4.5000000000000009 0.70096755027771007 0.044596036896109588 5.8300993442535409 30.975158691406254 17.176493644714359 -2.5547221899032588 9.2158808708190936 -0.62061712145805348 2.9713094234466557 0.55395168066024791 0.30522328615188604 0.13771194964647296 2.517426729202271 -0.063255924731492982 0.63953110575675975 30.975158691406254 14.066519260406496
decision_type=2 2 2 2 2 2 2 2 2 2 2 2 2 2 2 2 2 2 2 2 2 2 2 2 2 2 2 2 2 2
left_child=-1 2 4 6 -2 20 7 8 9 10 11 -3 -10 17 15 -15 -17 18 -11 -8 -6 22 23 -9 25 -24 29 28 -28 -14
right_child=1 3 -4 -5 5 -7 19 21 12 13 -12 -13 26 14 -16 16 -18 -19 -20 -21 -22 -23 24 -25 -26 -27 27 -29 -30 -31
leaf_value=-0.027775361963906238 -0.014990488541345033 0.021993159352385976 -0.017713785636865539 0.01988048686426961 0.04505411336337399 -0.0079897254448555027 -0.0079391571371446382 -0.017227764369277383 0.0020543102792578982 0.057152612538226705 0.00084493539711977738 0.16798951277594823 0.005270926538803994 -0.021547069308502035 -0.017545286732748945 0.026153192928776089 -0.010543241023683671 0.011520850111692366 -0.004899365601221819 0.047814807347107975 0.011323972480032987 0.024195024134715581 -0.010302184125561635 0.029399433850417073 -0.0085392930792216725 0.059444118382852122 0.057294848321229865 0.0049661277021468223 -0.0056982238588486733 0.040196150068683878
leaf_weight=114.19389028078876 13.808478114195166 1.8684699013829233 69.777161690872163 70.064445917494595 8.0361070788931084 13.35262780333869 2.9106907937675697 44.1936354637146 28.935097278561443 1.3721553254872549 3.8146434309892348 0.66522806556895364 17.714990465901796 4.4411293901503077 7.4859423339366904 49.1689692013897 6.5426626894623032 45.663772349245846 139.94715244648978 7.5541587839834392 23.334652259247381 6.6974503733217707 2.0007216511294228 4.1917204493656746 7.7955206106416881 4.3013409543782473 16.326738995499916 6.0331052085384718 2.0335986623540512 6.7637446019798508
leaf_count=30453 1417 182 10607 634 435 1089 186 1979 1049 33 437 64 655 215 262 1330 105 710 5274 205 1325 56 182 208 217 189 593 110 42 127
internal_value=0.000316177 0.0055536 -0.00701972 0.00886377 0.00581233 0.0124226 0.00697604 0.00623032 0.00817753 0.00494694 0.0472073 0.0970167 0.0188128 0.00371273 0.0140799 0.0182382 0.0217337 -9.24042e-05 -0.00389952 0.0329675 0.0210894 -0.00328581 -0.00656617 -0.0126748 0.0138507 0.0389232 0.0284947 0.0397888 0.0503838 0.01612
internal_weight=730.99 616.796 128.309 488.487 58.5319 44.7234 418.423 407.958 338.777 260.97 6.34834 2.5337 77.8073 254.622 67.6387 60.1528 55.7116 186.983 141.319 10.4648 31.3708 69.1804 62.4829 48.3854 14.0976 6.30206 48.8722 24.3934 18.3603 24.4787
internal_count=60370 29917 14873 15044 4266 2849 14410 14019 11188 8612 683 246 2576 7929 1912 1650 1435 6017 5307 391 1760 2831 2775 2187 588 371 1527 745 635 782
is_linear=0
shrinkage=0.03


Tree=53
num_leaves=31
num_cat=0
split_feature=1 4 28 0 30 21 3 31 29 15 8 25 14 22 21 15 15 25 14 28 8 29 15 14 23 8 23 24 34 34
split_gain=121.34 18.1206 20.3866 10.8416 7.79352 10.3101 10.0163 8.72163 11.3855 8.61183 8.30988 7.44501 9.57384 8.25126 7.05548 9.32619 12.3839 8.62053 7.74733 9.45051 7.43814 6.68793 9.95311 11.6858 8.95879 8.47888 6.53477 6.4418 6.30959 6.33976
threshold=0.7033660113811494 8.4959220886230487 0.43442112207412725 3.5000000000000004 1.5000000000000002 -0.13805117458105085 -0.47491914033889765 352.47375488281256 0.91069144010543834 -0.08653614297509192 2.9046206474304204 0.25960630178451544 0.21640072017908099 0.068461153656244292 1.5089049339294436 0.19104450941085818 0.48954504728317266 0.28525754809379583 0.94145143032073986 -0.63338240981101979 4.8041276931762704 -0.98556962609291066 0.5635356903076173 0.70047861337661754 0.081293594092130675 1.6255767941474917 0.15663885325193408 0.63808298110961925 1.950153172016144 2.5673648118972783
decision_type=2 2 2 2 2 2 2 2 2 2 2 2 2 2 2 2 2 2 2 2 2 2 2 2 2 2 2 2 2 2
left_child=-1 2 3 -2 5 6 11 8 14 -10 -9 12 13 -5 15 20 17 26 -18 -20 -6 22 -7 -24 -23 -26 -17 -13 -12 -30
right_child=1 -3 -4 4 7 21 -8 10 9 -11 28 27 -14 -15 -16 16 18 -19 19 -21 -22 24 23 -25 25 -27 -28 -29 29 -31
leaf_value=-0.026891453594433248 -0.0092061518031609675 0.010392398188607011 -0.021034626259588095 0.094734366320822591 -0.015130988538694981 -0.00010590634090259123 0.00789329339145667 -0.024091229451554275 0.1050072765613599 -0.011213835951291723 -0.012441947146641817 0.02889915372385762 0.02026799385375783 0.019343348323141836 0.036090364562630387 0.024760564101433485 -0.019724200462950137 -0.011033348484541313 0.043883715770631819 -0.010958808910049094 0.021204711939423637 -0.023867038680017827 0.098036948458932086 -0.0056684372974474479 -0.012968519462071636 0.029723552987315591 0.085780590265235393 -0.02255228654802717 0.064251122934082874 -0.0071659250761551899
leaf_weight=119.72933072503656 47.716703075682744 355.15656310878694 34.943755215965211 4.433296459726991 28.989097008248791 6.6873658932745439 19.991183703066781 18.293336298549551 0.77541587920859456 0.58876330568455049 4.0157122355885795 5.3987491028383365 6.7432323615066707 2.5389334782958031 4.7294030443299553 5.1007604384794849 9.0981369144283253 2.0579654183238745 4.6291289890650678 5.0460144644603098 5.1919141751714042 12.136845534434544 1.5667707943357529 1.4125492940656839 7.1998798733111453 7.7581550078466535 2.5604185359552503 2.4462817995809019 1.8350140508264305 1.5479555367492137
leaf_count=32224 4186 5867 6034 165 1835 380 1667 2346 93 93 320 239 262 120 202 210 543 116 305 308 142 1145 86 81 571 359 62 114 59 67
internal_value=0.000594422 0.00601923 -7.80786e-05 0.00332315 0.00681659 0.0137505 0.0238064 0.000984082 0.00655396 0.0713209 -0.0136112 0.0375573 0.050295 0.0731508 0.00421964 0.0012856 0.0137095 0.0394372 -0.000930938 0.0169337 -0.00916594 0.00205485 0.0222327 0.0597999 -0.00567913 0.00964926 0.0527033 0.0121194 0.0120839 0.0373935
internal_weight=730.319 610.589 255.433 220.489 172.772 78.3132 41.5517 94.459 68.767 1.36418 25.692 21.5605 13.7155 6.97223 67.4028 62.6734 28.4924 9.71914 18.7733 9.67514 34.181 36.7616 9.66669 2.97932 27.0949 14.958 7.66118 7.84503 7.39868 3.38297
internal_count=60201 27977 22110 16076 11890 5189 2567 6701 3909 186 2792 900 547 285 3723 3521 1544 388 1156 613 1977 2622 547 167 2075 930 272 353 446 126
is_linear=0
shrinkage=0.03


Tree=54
num_leaves=31
num_cat=0
split_feature=1 8 0 1 27 25 8 1 3 25 23 14 25 14 25 13 28 25 21 1 11 11 8 28 23 24 3 1 21 24
split_gain=110.186 13.9672 12.4518 13.1701 8.86751 8.00783 7.45205 11.7426 10.1149 9.32477 8.90632 7.99035 9.48523 10.2214 9.07687 13.3904 12.5232 8.84505 7.86626 11.4727 13.2121 7.2249 6.81034 7.1825 6.74243 11.6107 18.6874 8.01991 7.87993 6.32934
threshold=1.2451942563056948 20.139841079711918 4.5000000000000009 4.6960279941558847 0.47631579637527471 0.11001092940568925 2.8244675397872929 3.0944755077362065 0.12511552870273593 0.33286815881729132 0.8164527714252473 0.38953042030334478 0.28244432806968695 0.2943719625473023 0.25211176276206976 -0.28223763406276697 -0.93273440003395069 0.17910832911729815 -0.24861735850572583 7.3653910160064706 5.2038097381591806 15.094107151031496 0.26163130998611456 -0.64659911394119252 0.26622267067432409 0.85861787199974071 0.61913278698921215 46.102083206176765 -0.24861735850572583 0.17363531887531283
decision_type=2 2 2 2 2 2 2 2 2 2 2 2 2 2 2 2 2 2 2 2 2 2 2 2 2 2 2 2 2 2
left_child=4 2 3 -2 -1 -4 8 10 11 -10 29 12 14 -14 17 16 -16 18 -7 20 -20 22 23 -13 27 -26 28 -5 -27 -8
right_child=1 -3 5 24 -6 6 7 -9 9 -11 -12 21 13 -15 15 -17 -18 -19 19 -21 -22 -23 -24 -25 25 26 -28 -29 -30 -31
leaf_value=-0.02686473334125352 -0.018507782173355705 0.02442326275325259 -0.019542717665061857 -0.0049229270199428691 -0.0043734760861760648 0.003876118594829045 0.0060771719095684797 0.011131020251057246 -0.013990325886802907 0.037829708138282382 -0.015855282951900633 0.068925223962753676 -0.012835921539025135 0.058947904368933851 -0.016002608783055716 0.0077684582630287045 0.081652207265920679 0.0035503298829906876 0.0058999813213017139 -0.0026200028133154061 0.11966704664008039 0.043312974933400569 -0.01092537372139912 -0.0089998146839585375 -0.003815273781030748 -0.0069395998121328717 -0.0037285760468965079 0.023285346867989991 0.045802319504388345 0.083964005668466388
leaf_weight=119.16436592815444 32.022261509438977 33.237650704104453 8.2714996011927706 101.93069050088525 18.659473266918212 4.4457992857787758 1.4016034938395012 194.12324773939326 34.89476171368733 2.4641164566855869 1.0706518799997864 1.1134275689255448 15.496849219314756 1.0084528750739981 1.0696786628104744 6.6076626405119878 5.9945494288112968 28.764596614753827 1.4836272292304769 1.9532890478149054 1.9873987999744711 1.8177343364804972 31.594859174918383 1.7413039337843645 31.571460638660938 2.6665651425719288 15.845512146595864 8.9567956328392011 17.90751653816551 3.4291953132487833
leaf_count=33718 4385 235 741 3598 2467 238 124 4055 3105 158 80 81 1050 68 78 302 263 1349 138 86 96 71 1893 115 1040 141 272 37 302 172
internal_value=0.000197075 0.00580452 0.00466121 -0.00109748 -0.0238732 0.00811726 0.00884029 0.0125635 0.00356064 -0.00967528 0.0512439 0.00831326 0.0142516 -0.00533314 0.0204157 0.0406969 0.0667144 0.012393 0.0354658 0.0567234 0.0832352 -0.00303401 -0.00663234 0.0313893 0.00210482 0.00947202 0.0207847 -0.00245669 0.0389617 0.0662839
internal_weight=732.697 594.873 561.635 210.901 137.824 350.734 342.463 200.025 142.438 37.3589 5.90145 105.079 68.8119 16.5053 52.3066 13.6719 7.06423 38.6347 9.87011 5.42432 3.47103 36.2673 34.4496 2.85473 178.879 67.9911 36.4196 110.887 20.5741 4.8308
internal_count=60458 24273 24038 9775 36185 14263 13522 4431 9091 3263 376 5828 3668 1118 2550 643 341 1907 558 320 234 2160 2089 196 5390 1755 715 3635 443 296
is_linear=0
shrinkage=0.03


Tree=55
num_leaves=31
num_cat=0
split_feature=4 11 34 27 24 0 25 8 11 25 11 25 13 4 13 25 27 27 33 23 30 34 26 8 29 25 3 25 27 11
split_gain=106.7 18.1167 15.0302 13.3611 12.6003 11.9249 9.61794 9.24896 8.99654 8.34937 7.5276 7.88465 6.5511 6.27913 6.09377 5.70065 6.68235 11.9838 7.87687 5.63523 7.51639 9.57839 8.38762 7.73318 7.40204 8.66163 6.81054 9.04131 16.2617 10.6639
threshold=-1.5834224224090574 4.6934001445770273 0.16592936217784884 0.96052631735801708 0.33236502110958105 4.5000000000000009 0.24568787217140201 0.61164140701293956 11.649909973144533 0.22896361351013186 24.083731651306156 0.21870753914117816 -0.16844771802425382 15.350988388061525 0.33215752243995672 0.23221985995769504 0.77105262875556957 0.81842103600502025 1.6911399364471438 1.3505398035049441 1.5000000000000002 1.4514405727386477 25.185359001159672 10.153988361358644 0.36647099256515508 0.2197043523192406 0.21215014904737475 0.17024041712284091 0.8394736945629121 5.3890998363494882
decision_type=2 2 2 2 2 2 2 2 2 2 2 2 2 2 2 2 2 2 2 2 2 2 2 2 2 2 2 2 2 2
left_child=6 2 4 9 -2 -6 -1 -8 -9 13 19 -12 -7 -4 -5 -11 18 -18 -17 20 26 -22 23 -23 25 -21 27 28 -3 -29
right_child=1 10 3 14 5 12 7 8 -10 15 11 -13 -14 -15 -16 16 17 -19 -20 24 21 22 -24 -25 -26 -27 -28 29 -30 -31
leaf_value=-0.027656068049122354 -0.0092231937485197524 0.0085836063627249479 -0.020922443107064568 0.03278962930541162 -0.015212523150356068 0.11651622300336419 -0.01415153312073047 0.0041761189201118135 0.10196084957513085 0.043035714359869096 0.011419693352197122 0.038516058603874671 0.019145948492703433 0.040389761285386294 -0.0059840098342806829 -0.018349506161803218 0.06653892842971354 -0.0041850571822448657 0.018840725034046789 0.022220276023286599 -0.0017113637668447277 -0.0018703319997318479 0.025882729080018985 0.022582259603109202 0.058770321415767858 -0.0044310571650985758 0.0048106846520774172 0.046906352888811731 0.072773812859558792 0.0072522587780396389
leaf_weight=109.07213709247299 3.2746559453662476 7.9683944932185096 52.936028902651742 8.759817233309148 1.0143312402069566 1.6490968207363039 10.210344078717752 2.4938369074370708 0.35794314090162505 1.4552048624027509 33.694135707803071 13.421416165307162 1.4232852170243859 0.65119146276265283 5.395476456731557 23.959632388548929 2.0875605060718936 6.7973326155915856 5.5831805812194935 31.004737160168588 156.40727207250893 43.119951116852462 22.985794884618372 14.877872089855371 2.5779051943682125 16.261332693509758 73.44172435766086 6.0363418613560489 5.89015590865165 50.913254014682025
leaf_count=31592 495 477 7096 70 182 123 1798 419 16 151 308 113 156 18 71 2911 101 165 239 703 6115 1519 335 169 96 461 2107 272 113 1711
internal_value=0.000651348 0.00591435 -0.00474653 -0.0076918 0.0340841 0.0637771 -0.0247677 -0.000397937 0.0397343 -0.0118268 0.00848025 0.0197785 0.087187 -0.0194511 0.0185909 -0.00135736 -0.00408734 0.0174823 -0.0109343 0.00720367 0.00593385 0.00263213 0.0109395 0.0046788 0.0166183 0.0131494 0.0113119 0.0178941 0.0389274 0.0121923
internal_weight=715.721 593.587 114.987 107.625 7.36137 4.08671 122.134 13.0621 2.85178 93.4701 478.6 47.1156 3.07238 53.5872 14.1553 39.8829 38.4277 8.88489 29.5428 431.485 381.641 237.391 80.9836 57.9978 49.844 47.2661 144.25 70.8081 13.8586 56.9496
internal_count=60102 26277 11778 10822 956 461 33825 2233 435 10681 14499 421 279 7114 141 3567 3416 266 3150 14078 12818 8138 2023 1688 1260 1164 4680 2573 590 1983
is_linear=0
shrinkage=0.03


Tree=56
num_leaves=31
num_cat=0
split_feature=11 8 33 23 27 29 15 27 30 21 29 23 0 13 13 21 14 21 21 28 30 28 27 13 24 27 3 3 15 0
split_gain=102.612 15.8031 15.2877 11.6891 11.0259 11.1294 9.21829 8.83307 7.93109 9.64787 8.77254 8.42375 6.90972 9.25495 16.2687 14.4887 8.42218 7.76638 8.74511 11.3647 7.35828 10.1829 6.84302 10.2102 10.5579 7.09972 7.08724 10.3696 6.61792 7.20586
threshold=2.4417004585266118 8.2690963745117205 0.84549009799957286 -1.3026922941207884 0.25526314973831182 0.92435878515243541 -1.9282644391059873 0.13157894462347033 1.5000000000000002 -0.91522273421287526 0.60210752487182628 -1.0000000180025095e-35 4.5000000000000009 0.67846739292144786 0.45878563821315771 0.52033314108848583 -0.79945978522300709 -0.25737431645393366 -0.75709268450736988 -0.13505011796951291 1.5000000000000002 -0.55028682947158802 0.28157895803451544 0.043950477614998824 0.19310408830642703 0.62368419766426098 -0.62843984365463246 -0.71726909279823292 0.21901734918355945 6.5000000000000009
decision_type=2 2 2 2 2 2 2 2 2 2 2 2 2 2 2 2 2 2 2 2 2 2 2 2 2 2 2 2 2 2
left_child=4 2 7 -4 -1 -6 -3 -2 9 -5 -10 -12 16 14 22 17 20 18 -16 -20 21 -9 23 -14 -25 -24 27 -27 -11 -30
right_child=1 6 3 8 5 -7 -8 12 10 28 11 -13 13 -15 15 -17 -18 -19 19 -21 -22 -23 25 24 -26 26 -28 -29 29 -31
leaf_value=-0.027766818507898871 -0.025871676485674969 -0.0085951575338915238 -0.02283832928725537 0.048277095816648845 -0.011619386557963391 0.073334315717306378 0.015225794359708106 0.057483925643067812 0.0039924219886355835 0.0055418706045151133 -0.017075833596272523 0.059445566324922414 0.0039303873292885257 -0.011728212496939689 -0.0067194322914159834 0.081508783129226173 -0.014416260533318938 -0.0094000595236206214 0.08770811752651618 -0.015084745849980966 -0.0083770259447292928 -0.0045080733480036507 -0.013038544651073103 -0.011455029928768356 0.11638644294440588 0.0085438959801065438 0.0008865503138227106 0.07815260485786775 0.0093478638829355108 0.048040629016554044
leaf_weight=101.83178807911463 12.853182641556485 15.392845983151345 8.7979300748556835 8.3318421286530775 39.509886026848108 0.44860122306272288 165.63935374561697 3.9507047515362501 102.07839311752468 30.801645987201482 1.2540812608785925 3.8783615450374773 4.8457979813683769 30.059454227332026 2.387453088304027 3.4256088137626639 54.539182523731142 5.5328531537670633 2.4973099525086577 0.97926568845287043 10.057055948534979 4.3416621584910917 26.164952073944733 0.60954341432079651 0.84281866042874753 7.417907724622637 53.124738856218762 1.7554405955597667 9.6130001666024345 7.9165165186859658
leaf_count=31056 2354 152 378 132 5902 50 1839 193 3251 429 83 112 557 1909 176 169 4591 327 114 80 709 288 2354 90 116 461 1900 80 174 108
internal_value=0.000232977 0.00584042 0.00248497 0.00917587 -0.022549 -0.00889847 0.0131643 -0.00265895 0.0110227 0.0200184 0.00612729 0.0410125 -0.00114054 0.00276762 0.00681401 0.0349781 -0.00856407 0.0155454 0.0370226 0.0618521 0.00867623 0.0280343 0.00208934 0.03001 0.07994 -0.000211714 0.00529638 0.0282372 0.0142669 0.0284715
internal_weight=720.879 579.089 398.057 172.672 141.79 39.9585 181.032 225.385 163.874 56.663 107.211 5.13244 212.532 139.643 109.584 14.8225 72.8886 11.3969 5.86403 3.47658 18.3494 8.29237 94.7612 6.29816 1.45236 88.463 62.2981 9.17335 48.3312 17.5295
internal_count=60134 23126 21135 4667 37008 5952 1991 16468 4289 843 3446 195 14114 8333 6424 866 5781 697 370 194 1190 481 5558 763 206 4795 2441 541 711 282
is_linear=0
shrinkage=0.03


Tree=57
num_leaves=31
num_cat=0
split_feature=1 8 28 0 4 23 8 3 25 3 22 22 12 8 12 21 12 23 22 29 22 15 25 26 8 15 23 12 21 8
split_gain=104.766 16.7703 14.9504 11.5717 14.4554 10.2659 8.51874 12.0212 7.92614 7.74875 13.4123 12.1736 9.25101 9.03359 15.0691 8.33479 7.69871 8.80879 7.65019 9.99479 7.32895 7.0357 11.2124 8.82663 7.96483 7.3653 11.7265 6.96687 13.5926 8.42059
threshold=0.51628676056861889 6.7658143043518075 0.84138089418411266 4.5000000000000009 5.7130863666534433 0.74932578206062328 3.6771432161331181 1.0000000180025095e-35 0.17497342079877856 -0.65641793608665455 -0.17783926427364347 -0.086282692849636064 -3.1935096979141231 2.8244675397872929 -8.8313674926757795 -1.1432989835739134 -9.4246339797973615 0.28919689357280737 -0.59190434217452992 0.61575165390968334 0.26490743458271032 -0.48503501713275904 0.28414998948574072 27.221043586730961 0.45658788084983831 0.11227403581142427 0.36268353462219244 -4.6628468036651602 0.036520641297101981 20.139841079711918
decision_type=2 2 2 2 2 2 2 2 2 2 2 2 2 2 2 2 2 2 2 2 2 2 2 2 2 2 2 2 2 2
left_child=-1 2 3 4 16 -6 8 -8 -7 10 -5 12 -12 14 -11 -13 17 20 19 -15 -2 22 23 24 -17 -23 -27 28 -3 -29
right_child=1 27 -4 9 5 6 7 -9 -10 13 11 15 -14 18 -16 21 -18 -19 -20 -21 -22 25 -24 -25 -26 26 -28 29 -30 -31
leaf_value=-0.027143067910614476 0.00096376786809181678 -0.0029185372849605262 -0.023278714834731536 -0.00011001371853216352 -0.0023414248069530256 0.05932823038404645 0.039620197336679978 -0.020437305995739972 0.0018697766521330796 0.045215608102995006 -0.012270482907210391 0.056929674235167489 0.093761905525342665 0.017234061916845057 -0.0058519176605777556 -0.0040139297008692631 -0.019521606725563006 -0.021692776838097897 0.0046876287223828333 0.08068064719178257 0.083134814736195647 -0.01670558984541165 -0.0214248709221527 0.0032577668235848054 0.075716211931088642 0.00015714772307345387 0.050700974400399515 0.0082820252838235794 0.058981389413672335 0.024790376294512854
leaf_weight=100.26335985353217 1.8681126339361065 5.2818821761757118 19.046081038424745 32.290225585689768 53.306019844952971 6.1558218970894831 3.9181636497378332 6.706426817458123 3.1909982622601092 4.5252818646840742 0.66632738243788514 3.9291924964636555 2.5858559198677531 21.319219160359356 88.394492448773235 1.2439740903209875 48.364801996620372 2.452675468288362 56.737716196337715 1.6688251642044623 1.1038329056464133 8.3276422824710625 2.2319949057418844 3.3478188961744308 5.5668989522382617 13.342140206135811 4.9881445679347953 187.71564672118984 6.7377482121810317 32.202125542797148
leaf_count=30425 131 135 3455 1704 1821 140 42 157 111 273 40 146 149 621 8002 112 6168 188 1848 125 52 428 175 56 223 615 225 2571 120 208
internal_value=0.00118242 0.0057319 0.00197913 0.00330903 -0.00404732 0.00461224 0.022399 0.00321388 0.0417885 0.00703196 0.0147873 0.0249747 0.0742607 0.00343992 -0.00290993 0.0196414 -0.0157131 0.0159959 0.010785 0.0250113 0.0447302 0.0145615 0.0323458 0.0450212 0.0625044 0.00542466 0.0158228 0.0121238 0.0336453 0.0108006
internal_weight=729.479 629.216 397.279 378.233 127.067 73.2774 19.9714 10.6246 9.34682 251.166 78.5202 46.23 3.25218 172.646 92.9198 42.9778 53.7894 5.42462 79.7258 22.988 2.97195 39.0486 12.3907 10.1587 6.81087 26.6579 18.3303 231.937 12.0196 219.918
internal_count=60466 30041 27007 23552 8810 2271 450 199 251 14742 3873 2169 189 10869 8275 1980 6539 371 2594 746 183 1834 566 391 335 1268 840 3034 255 2779
is_linear=0
shrinkage=0.03


Tree=58
num_leaves=31
num_cat=0
split_feature=1 27 12 31 34 30 29 11 31 29 25 11 25 25 24 24 24 24 8 15 34 34 11 24 25 21 25 25 27 12
split_gain=96.8623 16.4982 13.1443 15.1918 20.6109 11.8728 10.5994 11.4178 9.67064 9.57576 8.70089 8.79326 7.92502 9.46785 7.75685 7.39245 7.22744 7.03807 6.98296 7.31839 7.33368 6.85055 6.67187 7.88953 6.59378 11.7708 7.19669 9.93557 9.90655 6.38438
threshold=0.51628676056861889 0.097368422895669951 28.961774826049808 341.26315307617193 1.7789585590362551 1.5000000000000002 0.58828523755073558 24.083731651306156 341.26315307617193 -0.99486052989959706 0.17204944044351581 5.8300993442535409 0.26126764714717871 0.23018193244934085 0.59537160396575939 0.95554268360137951 0.34147563576698309 0.094929013401269927 13.654752254486086 0.84283182024955761 7.1405768394470224 3.226566076278687 8.4733428955078143 0.013681367039680483 0.17497342079877856 -0.96743518114089955 0.16541142016649249 0.15123456716537478 0.95000001788139354 -0.91655144095420826
decision_type=2 2 2 2 2 2 2 2 2 2 2 2 2 2 2 2 2 2 2 2 2 2 2 2 2 2 2 2 2 2
left_child=-1 -2 3 6 5 -5 7 17 -4 -9 16 -12 13 14 -8 -16 -6 22 19 20 21 -13 -3 -24 25 -19 27 28 -27 -23
right_child=1 2 8 4 10 -7 12 9 -10 -11 11 18 -14 -15 15 -17 -18 24 -20 -21 -22 29 23 -25 -26 26 -28 -29 -30 -31
leaf_value=-0.027365769439451817 -0.019815051988101663 -0.01786074985080922 0.00040597209600104934 -0.00078844814779903741 -0.028904334634457466 -0.020203636260401416 -0.021533335491291515 0.055016400782821447 0.027593713591857184 0.010630984814708727 -0.008950460515431722 0.022122101998686885 -0.010843920795193763 0.076813351114063608 0.091080601708173226 -0.012565623355738135 0.0026403956203338661 -0.012038203610254821 0.041200897246138179 0.039078804335551262 0.038678491452540369 0.025809966897325468 0.042865599146190786 -0.0078329056621939744 0.0044888546401369422 0.015714676837841099 0.038149211606656339 -0.0070660558169283252 0.065638948335813657 -0.010474683423792701
leaf_weight=97.640037830220535 22.948319700779393 19.460958623094488 16.864292800426483 54.921980689279735 7.6393052870407692 57.77249532006681 2.2889026759657995 6.9945101896300939 38.248519740998745 11.036446170881389 12.85225638351403 11.384959214832632 2.0202305400744081 4.1035095031838864 0.47514946083538212 0.70418889774009585 26.293895395705476 11.27910334873013 8.8859744351357204 7.3348488677293053 5.1603842191398135 4.2791225151158825 3.3459130343981069 6.9189276266843081 195.99765197606757 26.790177236543972 14.844445759663357 13.594496396835892 3.3846847917884579 24.67296567931772
leaf_count=30428 4823 1729 72 3339 550 4879 279 66 160 135 1600 332 90 112 28 94 711 485 65 221 99 210 128 235 6978 1189 464 418 16 437
internal_value=0.000258149 0.00462795 0.00559497 0.00416142 -0.00189254 -0.0108317 0.00829731 0.00727457 0.0194299 0.029835 0.00740605 0.0130823 0.0378955 0.0506478 0.00942703 0.0518246 -0.00508533 0.00580257 0.01774 0.013102 0.00816375 0.0034187 -0.00784963 0.011031 0.00735254 0.0152064 0.0205631 0.0138799 0.0232405 -0.00442915
internal_weight=720.139 622.499 599.55 544.437 221.198 112.694 323.239 313.647 55.1128 18.031 108.504 74.5705 9.59198 7.57175 3.46824 1.17934 33.9332 295.616 61.7183 52.8323 45.4974 40.337 29.7258 10.2648 265.891 69.8929 58.6138 43.7694 30.1749 28.9521
internal_count=60372 29944 25121 24889 12443 8218 12446 11843 232 201 4225 2964 603 513 401 122 1261 11642 1364 1299 1078 979 2092 363 9550 2572 2087 1623 1205 647
is_linear=0
shrinkage=0.03


Tree=59
num_leaves=31
num_cat=0
split_feature=1 8 27 29 34 33 0 23 33 13 34 1 34 29 3 22 22 3 22 22 21 8 8 12 12 22 22 22 3 11
split_gain=95.7229 18.3453 16.7392 10.2315 10.8374 10.175 8.76036 13.0636 8.24651 8.22821 13.5652 9.02527 6.80303 6.72213 6.57067 7.95183 9.18566 6.51767 8.14767 11.4337 8.88338 7.11951 7.17667 8.59709 6.35817 6.12221 6.09466 6.55974 5.94168 9.04354
threshold=0.51628676056861889 10.991354465484621 0.11315789446234704 0.91069144010543834 2.5673648118972783 2.9713094234466557 4.5000000000000009 2.0064597129821782 2.6817771196365361 -0.63840126991271962 5.140587806701661 27.273371696472172 1.0197887420654299 -0.90800827741622914 1.6719139814376833 -1.2154038548469541 -1.1209778189659116 -0.78328287601470936 -0.15446034073829648 -0.11377333104610442 -1.5135403275489805 2.8244675397872929 0.34267161786556249 -2.0396454334259029 22.830729484558109 0.11045892536640169 -0.92187488079071034 1.0094825625419619 -0.6932307481765746 3.2660146951675419
decision_type=2 2 2 2 2 2 2 2 2 2 2 2 2 2 2 2 2 2 2 2 2 2 2 2 2 2 2 2 2 2
left_child=-1 2 -2 6 -5 -3 7 8 9 10 12 -12 -4 28 15 -8 -17 18 -18 -20 -21 22 23 -19 -24 -23 -10 -28 29 -11
right_child=1 5 3 4 -6 -7 14 -9 26 13 11 -13 -14 -15 -16 16 17 21 19 20 -22 25 24 -25 -26 -27 27 -29 -30 -31
leaf_value=-0.027598609826541602 -0.021947497146878398 0.019050934062257847 0.0063163064744242358 0.097100666851773307 -0.0075817838609842838 -0.0043474584519572548 -0.010386405547004375 0.028821240776302746 0.03068673723836687 -0.021385393330753358 0.074576623128997599 -0.0003419612451465618 -0.024281519602378451 -0.017919517839660816 0.0315140830981799 0.035954704402831023 -0.00047797034302388727 0.052478920699186693 0.085193770923169168 0.076356303882417348 0.013552341845023018 0.0010476376322228135 -0.0080386642307420982 -0.0049597233022678558 0.035256299407670409 0.01491870619107824 -0.0054067809695072366 0.027950972498949553 -0.0079783488440410884 0.046639800844043809
leaf_weight=94.962904121493921 23.836161768529564 98.8970404304564 18.097204968798909 1.1196519674267613 1.3035072153434155 19.694161333143711 25.810613212175667 10.253688219701869 7.0703373923897734 1.9924957312177891 2.6852019326761356 2.3680179454386234 8.9906921600922924 65.825829902896658 7.8771704165264955 8.4107067075092328 21.145224519073963 3.329911608947441 1.5384512324817468 1.2380692255683232 34.35799509123899 57.736934683751315 74.843688789522275 4.7777234695386124 2.2040109857916823 56.138602367835119 25.304504221305255 5.6486818846315137 19.301287529757246 3.9774575787596405
leaf_count=30413 5260 1020 1227 147 164 117 1220 221 58 131 131 19 493 5675 83 292 1139 281 64 58 1595 1568 5568 570 12 1410 259 42 867 202
internal_value=0.000274294 0.00461054 0.00206852 0.0033216 0.0550237 0.0151614 0.00293954 -0.00245764 -0.00461185 -0.00836774 0.00457778 0.045212 -0.00434228 -0.0129353 0.00602918 0.00523521 0.00678585 0.00569691 0.0144358 0.0227179 0.0177635 0.00307863 -0.00346058 0.0218029 -0.00636432 0.00795617 0.00746388 0.00136495 0.000235283 0.0241253
internal_weight=710.738 615.775 497.184 473.348 2.42316 118.591 470.925 171.515 161.262 123.238 32.1411 5.05322 27.0879 91.0971 299.409 291.532 265.721 257.311 58.2797 37.1345 35.5961 199.031 85.1553 8.10764 77.0477 113.876 38.0235 30.9532 25.2712 5.96995
internal_count=60306 29893 28756 23496 311 1137 23185 9325 9104 8745 1870 150 1720 6875 13860 13777 12557 12265 2856 1717 1653 9409 6431 851 5580 2978 359 301 1200 333
is_linear=0
shrinkage=0.03


Tree=60
num_leaves=31
num_cat=0
split_feature=2 27 11 0 11 25 22 27 34 13 14 21 8 21 24 13 14 34 25 22 34 8 21 8 27 22 8 25 3 29
split_gain=91.2263 18.3963 11.5065 11.4046 15.8019 14.7905 10.9788 17.4888 24.7941 18.0858 11.6436 10.8556 10.7383 10.3119 11.5489 8.29124 10.5056 8.28971 8.27152 8.23921 7.9285 7.86523 11.0686 7.80466 7.67299 8.08175 8.21803 7.57423 7.49174 7.27395
threshold=0.41626441478729254 0.097368422895669951 24.083731651306156 5.5000000000000009 5.8300993442535409 0.17497342079877856 -0.034226451069116585 0.28157895803451544 0.19848024845123294 0.27701121568679815 -0.29873950779438013 -0.60052832961082447 1.2246164679527285 0.91690787672996532 0.93087637424469005 -0.84896028041839589 -1.0329511165618894 7.1405768394470224 0.14053546637296679 0.79213011264801036 0.43299917876720434 5.4001824855804452 0.050331352278590209 7.0380437374114999 0.95526316761970531 -0.78299060463905323 10.991354465484621 0.21870753914117816 -0.75647050142288197 0.26575607806444174
decision_type=2 2 2 2 2 2 2 2 2 2 2 2 2 2 2 2 2 2 2 2 2 2 2 2 2 2 2 2 2 2
left_child=-1 -2 3 4 23 13 7 8 9 12 24 -10 -5 -6 -15 16 29 -7 -12 -18 -13 28 -23 -3 25 26 -9 -4 -17 -8
right_child=1 2 27 6 5 17 15 10 11 -11 18 20 -14 14 -16 21 19 -19 -20 -21 -22 22 -24 -25 -26 -27 -28 -29 -30 -31
leaf_value=-0.026883211697852308 -0.021171513535096199 -0.018355546547279587 0.011832334754359627 0.20019164259006125 0.007242255078178033 -0.0052517983116899536 0.0027069922794190522 -0.0010022604876513759 -0.024064240135743174 0.001362872166950963 -0.024879106240067773 -0.016517400117914367 0.022295939619020849 0.0065746358082874913 0.05253265794660638 0.0075420577475001837 0.0014822584573868087 0.039244430632639618 0.019041540608235933 0.08192666106669895 0.058347250207134098 0.023274221548917024 -0.0076543338520018 0.015121311785673303 0.024523710427258556 -0.018122557360611993 0.051041279898259122 0.038409482949120687 -0.012893840414567165 0.058187390531179946
leaf_weight=92.33235969254747 22.476378766121343 47.642761144554242 34.233978690579534 0.82205520267598264 78.999390084762126 105.94373571220785 22.235969386529185 14.072077980032192 2.7649629982188335 0.90152959432452906 3.1951499204151323 1.2031246027909208 0.70453430828638375 9.5936324652284402 9.8631078703328949 22.507134397514164 1.7532315489370365 2.913258363492786 91.377426391700283 2.525130886817351 4.081284916959703 22.387322834227234 18.081585034262389 6.427700037136673 7.6990798106417051 22.072914406191558 2.377337963320314 13.359491578303276 51.638775574509054 1.3662933388259251
leaf_count=30389 4838 5591 323 95 2509 3461 917 645 312 124 191 206 37 308 140 1065 133 64 3348 118 331 326 279 253 63 855 27 119 3088 125
internal_value=0.00078724 0.00491001 0.00591605 0.00468099 0.000118422 0.00389615 0.00872643 0.0143294 0.0500845 0.118244 0.0113341 0.0187293 0.15941 0.0122636 0.031301 0.00272003 0.0170866 -0.00371459 0.0173129 0.0554875 0.0413864 -0.000892264 0.00960394 -0.0141736 -0.00100651 -0.00660039 0.00901334 0.0199294 -0.00667267 0.00815323
internal_weight=717.553 625.22 602.744 555.151 261.384 207.313 293.767 151.271 10.4775 2.42812 140.794 8.04937 1.52659 98.4561 19.4567 142.495 27.8806 108.857 94.5726 4.27836 5.28441 114.615 40.4689 54.0705 46.2214 38.5223 16.4494 47.5935 74.1459 23.6023
internal_count=60280 29891 25053 24611 12326 6482 12285 6234 1105 256 5129 849 132 2957 448 6051 1293 3525 3539 251 537 4758 605 5844 1590 1527 672 442 4153 1042
is_linear=0
shrinkage=0.03


Tree=61
num_leaves=31
num_cat=0
split_feature=1 27 11 0 8 15 23 25 24 21 11 1 13 34 13 8 1 1 24 14 1 12 11 24 11 27 24 23 15 21
split_gain=83.9589 16.3032 11.2934 9.0351 9.60721 7.93405 7.77359 7.73595 7.58465 19.4409 7.35515 9.768 7.05132 15.5003 15.3009 9.6722 10.0616 9.01571 8.67158 7.52108 6.40109 6.16993 6.08674 6.05664 13.9477 6.37575 5.81408 5.81252 8.54537 6.12193
threshold=0.51628676056861889 0.097368422895669951 24.083731651306156 5.5000000000000009 0.88173741102218639 -1.8695125579833982 2.0064597129821782 0.21870753914117816 1.2120638489723208 -0.17272834479808805 5.2038097381591806 9.7061781883239764 -0.84896028041839589 0.1100740432739258 -0.62653589248657215 2.6161701679229741 3.0944755077362065 0.62974673509597789 0.83170261979103099 -1.3586609959602354 38.073665618896491 3.0879447460174565 14.066519260406496 0.25155918300151831 4.5844440460205087 0.89210525155067455 1.1967864632606509 -0.61867579817771901 -1.7880393266677854 0.10778046399354936
decision_type=2 2 2 2 2 2 2 2 2 2 2 2 2 2 2 2 2 2 2 2 2 2 2 2 2 2 2 2 2 2
left_child=-1 22 3 4 21 -5 8 -4 -6 20 -11 -12 13 -7 -14 17 -17 -16 27 -20 -10 -3 -2 24 25 -19 -18 29 -29 -15
right_child=1 2 7 5 6 12 -8 -9 9 10 11 -13 14 18 15 16 26 23 19 -21 -22 -23 -24 -25 -26 -27 -28 28 -30 -31
leaf_value=-0.026790635394932597 -0.025880957269246819 -0.022849855953187226 0.010641520569767405 -0.015693245976496767 -0.0020357700407475821 0.094005879317200669 0.020868403836706212 0.037317576374990953 -0.023814089742564735 -0.011647217994319883 0.081166697303867469 0.022970484787470376 -0.021832566550257809 -0.011256368169780361 0.05350057854056476 0.053050393017684681 0.014088689824133435 -0.024584681042378886 0.0063846608089197588 0.04410751312046348 0.02210914066590236 0.015162941599861134 0.022006514034695699 -0.0058381236285800133 0.027258473537966683 0.022686777487402155 -0.0060275728339337581 0.049838164187194299 -0.015337796982630483 0.040726977047618386
leaf_weight=89.802953431382775 19.820887479698289 22.823898070957515 33.440214242786169 11.932017662795259 186.56624647416174 1.4072921585757274 16.590739805484191 13.654936269856988 9.4212153332773614 1.9394198548980046 3.7949281060136846 8.3851675605401379 15.258270778227596 2.6542086384724835 1.8563163734506805 4.669623701600357 109.74681669520214 9.4838296244852263 8.4623290335293877 11.138959778007118 2.8266551941633216 3.8592385640367857 1.9323543030768622 62.856377327349037 17.092822978738695 2.53765456797555 14.077318174298851 1.0660613668151189 14.676661499543115 4.5749162542633712
leaf_count=30364 4757 3297 304 451 7620 91 263 121 494 173 175 148 685 114 269 272 2272 1352 311 324 13 153 51 3891 904 50 265 30 789 206
internal_value=0.000150077 0.00409836 0.00504096 0.00381347 -0.000305111 0.00739768 0.00170141 0.0189912 0.000117442 0.0148705 0.037735 0.0458851 0.00842831 0.0193545 0.00633302 0.00835518 0.01367 0.00100934 0.014786 0.0289221 -0.0123467 -0.0170029 -0.0208469 -0.000614197 0.0104834 -0.0136301 0.0117717 0.00202069 -0.00821113 0.0225925
internal_weight=708.35 618.547 596.794 549.699 256.208 293.491 229.524 47.0952 212.934 26.3674 14.1195 12.1801 281.559 43.9804 237.579 222.321 128.494 93.827 42.5731 19.6013 12.2479 26.6831 21.7532 91.9707 29.1143 12.0215 123.824 22.9718 15.7427 7.22912
internal_count=60209 29845 25037 24612 12336 12276 8886 425 8623 1003 496 323 11825 1865 9960 9275 2809 6466 1774 635 507 3450 4808 6197 2306 1402 2537 1139 819 320
is_linear=0
shrinkage=0.03


Tree=62
num_leaves=31
num_cat=0
split_feature=1 28 8 0 22 15 12 25 25 21 15 15 34 28 28 23 11 31 21 30 23 0 23 21 21 11 8 24 15 11
split_gain=84.0233 15.2656 13.7757 8.48276 13.7541 12.3748 10.1567 7.99377 15.0285 10.0702 7.8721 15.0872 10.1441 12.4187 14.3246 9.95141 10.3579 9.22002 8.59155 10.2555 7.57979 7.20635 10.8896 14.9756 10.1042 13.2554 8.24215 7.81345 7.90998 8.9972
threshold=0.51628676056861889 0.84138089418411266 20.139841079711918 4.5000000000000009 0.96435844898223888 -1.6421105265617368 16.180838584899906 0.16541142016649249 0.17402829974889758 1.5665878653526308 0.18167464435100558 0.57320404052734386 1.2968407273292544 -0.11798679083585738 0.41886392235755926 -0.18466953188180921 2.9267053604125981 364.99380493164068 0.98061001300811779 2.5000000000000004 0.16803596168756488 8.5000000000000018 0.48544634878635412 0.34689146280288702 -0.567488133907318 13.781019210815431 1.4556655287742617 0.18796797841787341 -0.6288856267929076 8.848757743835451
decision_type=2 2 2 2 2 2 2 2 2 2 2 2 2 2 2 2 2 2 2 2 2 2 2 2 2 2 2 2 2 2
left_child=-1 2 3 4 -2 -6 -7 9 -9 -5 21 15 20 -14 -15 17 -17 -12 19 -18 -13 -10 23 24 25 26 -23 -25 -29 -30
right_child=1 -3 -4 7 5 6 -8 8 10 -11 11 12 13 14 -16 16 18 -19 -20 -21 -22 22 -24 27 -26 -27 -28 28 29 -31
leaf_value=-0.026356152524447354 -0.0039973986296041823 -0.016258848859536053 0.024822396420282788 -0.0066742440121139801 0.046662622617499455 -0.0058328640710414974 0.027680662156947283 0.04409250074077304 -0.00060321301305585003 0.040858315719318437 0.023006822217921965 -0.011882227667740901 -0.0085131456437718949 0.056788559269402933 0.001933464959508869 -0.019655751796220523 0.065177748332619995 -0.013610906791603464 -0.0064595424014977972 0.012501350420116734 0.013675322876066843 0.0073276396400759987 -0.0080022587669181106 0.0028646341871960365 -0.0063785950273679967 -0.017477759104928752 0.065769739936819255 0.01499651914881372 0.12860073726577473 0.037502418630764062
leaf_weight=87.333024580962956 162.29662711895071 28.269220931455493 31.953425061888993 50.259475923376158 7.9182515535503617 21.392938620178029 11.878537360578774 9.9573379817884398 110.26801366265863 3.3566269183065733 23.167655722470958 31.582114107441157 8.9734968396369386 9.3574855546467024 7.4310686881653956 1.8296944010071481 13.869457578752195 7.5710601056925944 2.2687886725179842 4.9981083786115041 14.416560053825377 3.651718430221079 16.090774901211262 2.6284488108940414 16.698934983694929 3.6017688969150177 5.5966075856704265 2.8313820010516784 1.6347156984265883 3.5958125335164368
leaf_count=30325 8391 3690 218 3723 202 1283 62 442 4237 178 627 1746 294 154 203 255 408 468 87 105 757 238 782 149 684 68 161 122 114 78
internal_value=0.00102032 0.0049169 0.00595541 0.00483479 -5.25279e-05 0.0152175 0.00659066 0.00762349 0.00951398 -0.00300486 0.00818866 0.013838 0.00471766 0.0194149 0.0339818 0.0257157 0.0403658 0.0138431 0.0462148 0.0525551 -0.00375163 0.00387695 0.0125045 0.0206999 0.00898949 0.0279792 0.0456605 0.0495307 0.0627503 0.0820445
internal_weight=706.679 619.346 591.077 559.123 203.486 41.1897 33.2715 355.637 302.021 53.6161 292.064 125.465 71.7607 25.7621 16.7886 53.7048 22.966 30.7387 21.1364 18.8676 45.9987 166.598 56.3302 40.2394 29.549 12.8501 9.24833 10.6904 8.06191 5.23053
internal_count=60251 29926 26236 26018 9938 1547 1345 16080 12179 3901 11737 5104 3154 651 357 1950 855 1095 600 513 2503 6633 2396 1614 1151 467 399 463 314 192
is_linear=0
shrinkage=0.03


Tree=63
num_leaves=31
num_cat=0
split_feature=4 11 3 14 12 3 21 12 21 29 4 15 26 26 29 8 21 22 21 11 22 8 34 13 28 14 23 29 33 21
split_gain=84.5955 12.3386 13.4931 7.50274 7.13311 10.1625 11.494 12.9783 8.04614 9.8612 12.3639 7.86322 7.43781 8.13989 6.97219 10.0651 8.71372 6.5551 6.28461 6.21897 5.95617 9.53685 6.50194 7.30241 10.5254 10.3311 12.2873 7.37924 7.57995 6.46002
threshold=-1.6665293574333189 3.6502732038497929 -0.8817969262599944 0.23511043936014178 16.180838584899906 -0.45317648351192469 -1.1254910230636594 -4.6628468036651602 -1.0713482499122617 0.044065307825803764 7.5332558155059823 -0.89649480581283558 28.684413909912113 25.185359001159672 -0.61065626144409169 0.31480114161968237 -0.1613289266824722 -0.15446034073829648 -0.41403879225254053 7.2695021629333505 -0.14768971502780912 16.133066177368168 0.23869726061820987 0.26625779271125799 -0.9891349971294402 0.2656815797090531 -0.29206052422523493 -0.82534202933311451 2.0482372045516972 -0.15068069100379941
decision_type=2 2 2 2 2 2 2 2 2 2 2 2 2 2 2 2 2 2 2 2 2 2 2 2 2 2 2 2 2 2
left_child=14 2 3 -2 5 6 7 -3 9 -7 -11 -6 13 20 15 -1 18 -9 -17 -13 21 22 -10 -24 -25 -26 -27 29 -29 -28
right_child=1 4 -4 -5 11 8 -8 17 12 10 -12 19 -14 -15 -16 16 -18 -19 -20 -21 -22 -23 23 24 25 26 27 28 -30 -31
leaf_value=-0.022675641341406486 0.024252950646054962 -0.0087349899788829559 -0.01542953842012406 -0.0061402314052987836 -0.0013961040854897815 -0.01656988559318865 0.0089006505845491326 0.01923852061831641 0.023267919675522827 -0.017363174850856755 0.053919088980071819 0.038339391140203988 -0.017830357469194771 0.025379654345123247 -0.028278746224657383 0.011832007921133257 -0.009146413537544959 0.085246160211939689 0.10119821809528153 0.0131407175043558 -0.0016143692899508112 0.036531911135297558 -0.0060489281704768014 0.056358473355515325 0.068157149014934082 -0.025246199660929943 -0.00068043103759094013 -0.020734449569026776 0.042457154009675334 0.065306889459843948
leaf_weight=11.061750411987306 14.868168280459942 2.9461531150154769 48.992412697989494 12.946471845265476 32.069211687892675 36.662141718203202 91.532645640196279 2.9211540822871029 14.019948654342441 3.5594810622278592 3.4874745709821582 8.8972302963957173 12.711462929612024 15.292109197471289 81.865121693117544 1.8339794964995237 3.2831616792827836 3.7689904985018057 0.5989103172905742 124.01211640611291 104.46480756392702 9.0083069149404746 42.995307388948277 3.3981441394425955 1.1253286963328744 9.370658696163451 1.9846052033826707 4.954263809137041 1.3995442651212213 2.9561704406514764
leaf_count=2938 750 139 8366 896 194 1827 3493 95 610 302 110 97 580 329 29329 323 662 110 92 651 5004 105 1974 114 60 606 104 364 23 94
internal_value=0.000938691 0.00511516 -0.00606815 0.0103841 0.00673343 0.00439236 0.0124412 0.0420734 0.00131201 -0.010317 0.0202304 0.0119054 0.00362022 0.00499069 -0.0246948 -0.00660064 0.0232522 0.0626744 0.0569021 0.0151013 0.00327636 0.00883444 0.00539664 0.00143875 0.0139626 0.00516838 -0.00124928 0.0190941 -0.00293461 0.0431483
internal_weight=708.987 610.344 76.8071 27.8146 533.537 368.559 101.169 9.6363 267.39 43.7091 7.04696 164.979 223.681 210.969 98.6429 16.7778 5.71605 6.69014 2.43289 132.909 195.677 91.2123 82.204 68.184 25.1887 21.7906 20.6652 11.2946 6.35381 4.94078
internal_count=60341 26997 10012 1646 16985 16043 3837 344 12206 2239 412 942 9967 9387 33344 4015 1077 205 415 748 9058 4054 3949 3339 1365 1251 1191 585 387 198
is_linear=0
shrinkage=0.03


Tree=64
num_leaves=31
num_cat=0
split_feature=1 27 8 29 22 3 28 26 1 25 24 22 29 3 21 21 24 24 11 24 26 26 14 14 28 8 27 22 8 13
split_gain=79.7915 14.0361 9.64696 9.2181 12.0402 7.90659 7.44637 6.66162 6.01702 5.57417 8.09542 5.44281 5.29532 5.1363 6.42089 5.08582 10.1344 19.4164 8.79453 7.37452 8.67421 7.29007 8.64714 10.4793 6.84114 6.35796 10.9729 9.41821 6.19492 8.97466
threshold=0.75766974687576305 0.11315789446234704 7.0380437374114999 0.58828523755073558 -0.53979352116584767 -0.65641793608665455 0.84138089418411266 26.145477294921879 33.519430160522468 0.26126764714717871 0.40121249854564672 -1.6348232030868528 0.14675828069448474 1.6719139814376833 -0.36775043606758112 0.47035984694957739 0.21413602679967883 0.20930828899145129 10.149929046630861 0.56054601073265087 30.394747734069828 25.185359001159672 0.20818600058555606 0.19079895317554477 0.80223616957664501 1.0289961695671084 0.72894737124443065 0.28662808239459997 0.37214149534702307 1.4475545287132265
decision_type=2 2 2 2 2 2 2 2 2 2 2 2 2 2 2 2 2 2 2 2 2 2 2 2 2 2 2 2 2 2
left_child=-1 8 3 6 9 7 11 -4 -2 10 -5 -3 15 -7 -15 16 17 18 -13 -17 -21 22 23 24 -18 -20 -27 -28 29 -24
right_child=1 2 5 4 -6 13 -8 -9 -10 -11 -12 12 -14 14 -16 19 21 -19 25 20 -22 -23 28 -25 -26 26 27 -29 -30 -31
leaf_value=-0.025293990393752533 -0.023239217120030565 -0.016627072121048636 0.058524479363939667 0.0061646099517056558 0.00029981910624368697 0.0067416001422109057 -0.021406051504120619 0.0012177633064628971 0.030234407745527249 -0.001720072950321679 0.097707649316459005 -0.00039341392881961959 -0.017202614129903142 0.0022095437691036809 0.02698048133677285 -0.0016795068596653197 -0.0027381829157698979 0.086807784640508368 -0.014077716062702646 0.018896088004468101 -0.019872917017641097 0.007950974078719213 -0.0089718068876536907 0.05919434901723658 0.050704591580480587 0.066057712676801827 -0.015805859737735493 0.043279601852613647 -0.017736672270175884 0.073765133421604859
leaf_weight=92.637310832273215 20.088529783301059 12.159518463537095 4.480324048548936 1.3564461390487852 6.730746921617536 166.19094619667158 11.319849262945352 2.8024487174116075 1.226627156138419 1.0506026633083818 2.4214886976405978 33.980346000287682 10.275456702336667 14.520409895107148 26.841752802953124 34.204895198112354 79.325458899140358 2.032742387847974 2.3755807536654165 57.201030989410356 4.8950357865542165 48.083272154908627 3.184277027379721 1.6596335354261089 1.2158075822517265 4.8000168767757705 4.7800322482362372 3.2690944988280535 49.463393306592479 0.72281375993043173
leaf_count=32553 4321 609 108 120 665 2265 1636 27 5 63 121 2703 898 92 147 2332 4181 74 140 2209 113 880 314 70 105 200 130 47 2975 53
internal_value=0.000501908 0.00443725 0.00531063 0.00240457 0.0276786 0.0103689 0.0015306 0.039282 -0.018945 0.0592439 0.073009 0.0023231 0.00304449 0.00917086 0.0185419 0.00372256 0.00132737 0.0129892 0.00827128 0.0094911 0.0155734 -0.00197888 -0.00553314 0.000599045 -0.00131951 0.0264425 0.0344095 0.0103221 -0.0148152 0.0182477
internal_weight=705.296 612.659 591.343 376.508 11.5593 214.836 364.948 7.28277 21.3152 4.82854 3.77793 353.628 341.469 207.553 41.3622 331.193 234.892 51.2378 49.2051 96.301 62.0961 183.655 135.571 82.2009 80.5413 15.2247 12.8491 8.04913 53.3705 3.90709
internal_count=60156 27603 23277 20638 969 2639 19669 135 4326 304 241 18033 17424 2504 239 16526 11872 3294 3220 4654 2322 8578 7698 4356 4286 517 377 177 3342 367
is_linear=0
shrinkage=0.03


Tree=65
num_leaves=31
num_cat=0
split_feature=1 28 12 31 34 34 11 28 0 25 23 11 21 14 22 11 26 24 22 22 25 28 8 14 22 31 12 24 25 14
split_gain=69.1288 20.1853 11.2802 13.2141 25.4913 9.01901 8.73259 12.8784 9.26384 12.6589 11.0186 9.6902 11.2435 9.26973 9.24109 9.52921 7.91067 8.78029 7.12573 6.88081 6.83064 6.74723 6.64393 6.54358 6.51634 6.51598 11.6597 6.74952 6.36993 7.54918
threshold=0.51628676056861889 0.84138089418411266 28.961774826049808 341.26315307617193 1.7789585590362551 1.4514405727386477 24.083731651306156 -0.10088855028152464 5.5000000000000009 0.28244432806968695 -1.0745704174041746 1.5698079466819765 0.26344057917594915 -1.3304599523544309 -1.0719360113143919 17.176493644714359 25.185359001159672 0.27813738584518438 -0.58082264661788929 -1.1377602219581602 0.25685213506221777 -0.3332370519638061 2.5453400611877446 0.94145143032073986 0.96435844898223888 290.49351501464849 0.64772281050682079 1.3540456891059878 0.11093389987945558 0.20818600058555606
decision_type=2 2 2 2 2 2 2 2 2 2 2 2 2 2 2 2 2 2 2 2 2 2 2 2 2 2 2 2 2 2
left_child=-1 2 3 6 -5 -4 7 8 14 11 -11 12 -10 -14 19 -16 17 -6 -9 22 -13 25 -2 28 -18 27 -27 -22 -19 -30
right_child=1 -3 5 4 16 -7 -8 18 9 10 -12 20 13 -15 15 -17 24 23 -20 -21 21 -23 -24 -25 -26 26 -28 -29 29 -31
leaf_value=-0.026074968899044499 -0.023673278233461919 -0.021223502510509851 0.0037781248481228982 -0.012833472957419744 -0.013789469675487396 0.028749598437523921 0.026940505899878123 -0.019315874659481945 0.0089682309776332961 0.033551903900415229 -0.0090550425009142971 0.011862334498103576 0.0026350305421147654 0.1277029164394092 -0.006789572076927361 0.026283069178494503 0.01457123685611093 0.038433131318470037 0.00065347588249485393 0.05920593805067717 -0.016535823770996137 0.046971709519494795 0.021268570981014586 0.031364331422361079 0.057990612678711188 0.074364587221494582 0.00234971464781248 0.040910679965245361 0.0088202304239920239 -0.016213214464103096
leaf_weight=81.273166977800429 2.9862902183085707 28.108711796114221 24.085573755204678 108.88381903734989 18.51923849596642 28.237355589866638 17.361683172173798 20.83891037479043 2.6410318810958406 5.6401378442533305 29.84856897033751 75.271912618074566 0.75251916795969043 1.2773684046696869 66.154606241500005 7.8874804321676484 14.426269489340486 3.7159396351780734 60.776582215446979 2.4924791594967237 6.7770038603339362 10.965501695871351 11.405466441297902 9.1314628573600185 3.4262287528254083 2.643703847192227 4.7031367351301014 1.4164033671841023 38.5079032080248 13.953953270567579
leaf_count=30436 260 3699 103 8955 1394 118 198 1125 267 180 1213 2371 45 144 3286 107 324 86 3217 32 276 171 214 265 71 84 67 23 1114 491
internal_value=-0.000227633 0.00318154 0.00436869 0.00306808 -0.00280226 0.017541 0.00679025 0.00559594 0.00918 0.013943 -0.00154968 0.0190744 0.0578563 0.0975101 0.00167409 -0.00296315 0.00795991 0.00395943 -0.00461739 0.0210383 0.016749 0.0296906 0.011011 0.0091244 0.0255382 0.015394 0.0340684 -0.00323519 0.00502407 0.00198304
internal_weight=704.11 622.837 594.729 542.406 210.565 52.3229 331.841 314.479 232.864 141.937 35.4887 106.449 4.67092 2.02989 90.9263 74.0421 101.681 83.8285 81.6155 16.8842 101.778 26.5057 14.3918 65.3093 17.8525 15.5402 7.34684 8.19341 56.1778 52.4619
internal_count=60336 29900 26201 25980 12700 221 13280 13082 8740 4841 1393 3448 456 189 3899 3393 3745 3350 4342 506 2992 621 474 1956 395 450 151 299 1691 1605
is_linear=0
shrinkage=0.03


Tree=66
num_leaves=31
num_cat=0
split_feature=27 1 11 12 26 15 15 22 1 0 23 23 22 27 24 31 12 27 22 13 24 25 15 27 27 25 3 25 25 14
split_gain=74.1669 13.5533 12.2606 9.42575 9.71924 8.31899 12.6735 15.813 14.69 11.7252 11.0776 10.8245 10.8037 10.0601 10.023 9.43438 8.60393 14.8491 11.9259 8.55319 9.38835 8.64358 7.92456 9.21964 7.52559 7.29569 7.2284 7.43536 7.70314 6.81535
threshold=0.11315789446234704 0.51628676056861889 14.066519260406496 28.961774826049808 34.916603088378913 0.48954504728317266 0.18167464435100558 -1.0564133524894712 12.774801254272463 8.5000000000000018 -0.2086801007390022 1.2426822781562807 -0.98276716470718373 0.69736841320991527 0.14351424574851993 327.78775024414068 -2.8812820911407466 0.16052631288766864 1.0094825625419619 0.54953855276107799 0.52603876590728771 0.17458207905292514 0.2242495343089104 0.75526317954063427 0.93684211373329174 0.2430297136306763 0.44990828633308416 0.23221985995769504 0.2578341811895371 -0.87531995773315419
decision_type=2 2 2 2 2 2 2 2 2 2 2 2 2 2 2 2 2 2 2 2 2 2 2 2 2 2 2 2 2 2
left_child=2 -2 -1 4 5 6 9 13 19 11 12 14 -11 -8 -3 26 17 -16 25 -9 -21 -22 -10 -24 -15 -19 27 -14 -29 -30
right_child=1 3 -4 -5 -6 -7 7 8 22 10 -12 -13 15 24 16 -17 -18 18 -20 20 21 -23 23 -25 -26 -27 -28 28 29 -31
leaf_value=-0.028607635009702193 -0.019203610936279029 -0.018802226651598229 0.029992702278542494 0.016317454857713787 -0.025425567601673853 -0.0024151205997069288 0.070094505785236211 -0.011532540035748636 0.046987267543729686 -0.023046651183809316 0.0029301790624675201 0.01316083646471301 0.09825400373802165 -0.016625178235921613 0.095153707235928614 0.014868108136320977 -0.0027473169979905063 0.010382293655266772 0.048944408530643649 -0.0053351784180113776 -0.014314800479346084 0.078070857538917501 0.038288430344429206 -0.00067345501200134674 0.041060671109594334 -0.021330215316855649 0.0085703551570256043 -0.011835934500912982 0.094738323697501861 0.021758190445773561
leaf_weight=78.374853796092793 21.009361093165353 27.284737704787403 2.5673625855706623 56.717365905642509 9.2398887991439533 132.52344078035094 6.5031882626935822 25.838287725811824 9.3649797718971985 2.7108658256474909 33.520437210332602 50.438659034669399 3.0542903246823716 2.9763028691522777 0.91232753288932045 14.324991005705668 151.76906384574249 21.13463050918654 4.5784219661727539 4.7836047091986975 0.8825451475568119 2.3058699062094092 7.7969950819388059 14.34692060947418 3.4539400339126587 8.2627730180975032 3.2677527889609328 1.83164582028985 1.3717833822593082 3.9296704186126599
leaf_count=28948 6547 2039 53 240 400 7089 183 1862 105 128 1539 1560 100 137 82 566 5393 1241 211 290 84 123 170 177 20 461 88 62 42 155
internal_value=0.000436543 0.00394307 -0.0264056 0.00477706 0.003556 0.00409882 0.0062224 0.0169962 0.0106196 0.00361131 0.0150259 0.000801429 0.027808 0.046127 -0.00216008 0.0333989 0.000359826 0.0135763 0.00872785 -0.00313776 0.0223235 0.0551865 0.0250242 0.0141068 0.0157162 0.00106033 0.0507342 0.0622839 0.036695 0.0526798
internal_weight=707.077 626.135 80.9422 605.125 548.408 539.168 406.645 78.2526 65.3192 328.392 64.0114 264.381 30.491 12.9334 213.942 27.7801 186.657 34.8882 33.9758 33.8103 7.97202 3.18842 31.5089 22.1439 6.43024 29.3974 13.4551 10.1874 7.1331 5.30145
internal_count=60095 31094 29001 24547 24307 23907 16818 3151 2811 13667 2680 10987 1141 340 9427 1013 7388 1995 1913 2359 497 207 452 347 157 1702 447 359 259 197
is_linear=0
shrinkage=0.03


Tree=67
num_leaves=31
num_cat=0
split_feature=27 8 33 0 21 12 12 0 23 24 29 27 34 21 29 29 24 27 1 8 8 3 24 21 22 8 13 0 27 24
split_gain=71.4673 17.3506 9.83677 10.8652 10.5926 8.10731 9.78033 10.8755 10.9812 9.64225 9.38365 8.74376 14.2958 15.4818 8.45679 8.11504 7.36149 7.36131 13.802 7.34292 6.97176 10.4886 11.7823 8.34919 6.60766 6.56217 6.07976 11.5345 6.63768 5.78463
threshold=0.11315789446234704 0.86356097459793102 1.2298153638839724 6.5000000000000009 -1.6108173131942747 -6.0675735473632804 16.180838584899906 5.5000000000000009 -0.58810344338417042 0.97251138091087352 0.61575165390968334 0.40789473056793218 0.68322405219078075 -0.71455532312393177 -0.9994429051876067 -0.90066882967948902 0.088619977235794081 0.68157896399497997 12.774801254272463 12.060492038726808 1.196966886520386 0.069726482033729567 0.39185526967048651 0.35568895936012274 -0.56110224127769459 1.196966886520386 1.5167964696884157 7.5000000000000009 0.96052631735801708 0.29633869230747228
decision_type=2 2 2 2 2 2 2 2 2 2 2 2 2 2 2 2 2 2 2 2 2 2 2 2 2 2 2 2 2 2
left_child=19 2 3 -2 24 17 7 9 11 15 26 12 13 -9 -11 -7 -12 20 -19 -1 -3 22 -22 -24 -5 -16 28 -28 -10 -13
right_child=1 5 -4 4 -6 6 -8 8 10 14 16 29 -14 -15 25 -17 -18 18 -20 -21 21 -23 23 -25 -26 -27 27 -29 -30 -31
leaf_value=-0.027070158419905569 -0.025034895098328288 -0.012104971440866948 0.0092846656637532079 -0.013231358016993039 -0.0062502806626197702 0.0040231713821639514 0.011826239005145867 -0.0048968939275812647 -0.0035918483731081142 0.046437644745871601 -0.016829152777118123 0.027455189434200569 -0.010748092153837173 0.11186073746928066 0.046083342773915258 -0.012999013435056751 0.054472795431763074 -0.0096918174627889566 0.051934685556037391 0.02236783042781363 0.10108811973107158 0.01288190381406174 -0.0041455143054691477 0.064285305383423766 0.07325357365730141 0.00047506783143557428 0.072672814824980711 -0.013120836956769988 0.020195287417126773 0.0066351287768602702
leaf_weight=76.706109234364703 32.991549744270742 2.2800479447469142 23.611232162453234 0.76341241481713984 34.661115504801273 36.73796546831727 159.99550444167107 1.3280948933679613 97.492432240163907 3.9159846692346028 1.2238310803659249 17.630910763982683 2.0782912080176175 2.5080629854928693 2.1012905780225983 76.674321934347972 4.1002932318951935 12.87541352864355 3.2908656485378733 2.0843656866345546 3.0614947653375584 8.2826989525929076 3.477813315577805 1.8117272425442932 1.5835837374906976 33.864235507557169 1.876773023046552 2.2647175721358508 10.827872488647698 36.4518616234418
leaf_count=28902 6966 202 956 91 5439 1237 922 115 4202 91 138 569 279 158 180 4987 197 623 91 37 136 283 189 76 132 1425 83 107 148 1148
internal_value=0.00123019 0.00466379 -0.00718137 -0.012788 -0.00149883 0.00678085 0.00575839 0.00279927 0.00782886 -0.00304676 0.0024559 0.0181638 0.050319 0.0787845 0.00948515 -0.007498 0.0380135 0.0205376 0.0051477 -0.0254984 0.0327729 0.0392621 0.0612508 0.0257872 0.0495741 0.00431431 0.000452353 0.0323306 -0.00105106 0.0137977
internal_weight=698.554 619.763 93.6109 69.9997 37.0081 526.153 491.072 331.077 177.783 153.294 117.786 59.9972 5.91445 3.83616 39.8815 113.412 5.32412 35.0801 16.1663 78.7905 18.9138 16.6337 8.35104 5.28954 2.347 35.9655 112.462 4.14149 108.32 54.0828
internal_count=60109 31170 13584 12628 5662 17586 15986 15064 7144 7920 4875 2269 552 273 1696 6224 335 1600 714 28939 886 684 401 265 223 1605 4540 190 4350 1717
is_linear=0
shrinkage=0.03


Tree=68
num_leaves=31
num_cat=0
split_feature=1 28 27 23 25 32 25 24 22 4 15 15 28 22 21 28 27 30 12 25 22 28 21 13 28 4 22 1 25 4
split_gain=69.7048 10.3862 7.253 7.03468 8.26923 9.10776 8.2384 6.72712 5.85733 5.86886 7.04612 11.4254 12.5209 11.7572 8.98292 8.59665 10.8051 8.2001 7.69119 7.34969 7.25692 8.02882 7.13245 6.96312 6.95054 6.87514 7.90232 6.42166 6.05802 5.44509
threshold=1.2451942563056948 0.84138089418411266 0.47631579637527471 2.0064597129821782 0.33788911998271948 1.0000000180025095e-35 0.26713037490844732 1.4864441156387331 -1.7806546092033384 43.433244705200202 0.47536846995353704 0.18167464435100558 -0.52124115824699391 0.30902011692523962 0.50799834728240978 -0.9891349971294402 0.95000001788139354 1.5000000000000002 -4.8801660537719718 0.12454959005117418 -0.79303807020187367 -0.61997824907302845 1.1478492617607119 0.23288563638925555 -0.10088855028152464 2.517426729202271 -0.15446034073829648 11.619700431823732 0.287177324295044 -1.6406219601631162
decision_type=2 2 2 2 2 2 2 2 2 2 2 2 2 2 2 2 2 2 2 2 2 2 2 2 2 2 2 2 2 2
left_child=2 3 -1 4 8 -6 7 -5 -2 10 11 -10 19 -14 15 18 28 -18 -12 -13 -21 -22 25 -15 -25 -16 -27 -23 -17 -4
right_child=1 -3 29 6 5 -7 -8 -9 9 -11 14 12 13 23 22 16 17 -19 -20 20 21 27 -24 24 -26 26 -28 -29 -30 -31
leaf_value=-0.025918542391899585 -0.013537880877413325 -0.014708251412110804 0.0089714862720741331 0.030317155361333836 0.038047567325974155 -0.01047882609065367 -0.0195144592791037 -0.011680077823704846 0.0025914451242722691 0.014067814725817133 0.063990501515416173 -0.01729954932530756 -0.01601901475750718 -0.019760916500329625 -0.010898148405200038 -0.01974130158680213 0.032231021210790543 -0.0067549170406463509 0.0033615959996203745 0.05079201394829809 0.0073057113891245628 0.005718396008821275 -0.0069818700047854006 -0.0021181106324192019 0.059169316742640511 0.058930608716968813 0.011770297820311682 0.051009374051157332 0.0078707954365916325 -0.025625857718368155
leaf_weight=85.389993418939412 16.320983531419188 23.841382232261822 10.478340683272107 23.343785953940831 11.548976225778459 4.3113657082431009 3.6379083446227005 3.4551247560884795 274.29106088727713 48.337833225727081 1.5178456730209289 2.7363349129445842 15.891599921276795 1.686722417594863 3.6314598878379973 56.92729389318265 7.1395801808685091 11.363676104228942 7.9653903460130078 9.6572387262713146 18.784983948338773 4.3210434806533184 10.816894661169497 2.3805329469032586 4.0680438417475671 5.1146569713018826 8.0740849736612272 8.926146852783857 7.6143618505448094 5.3888567043468347
leaf_count=33715 497 2513 1807 453 511 169 109 51 11205 202 51 166 609 140 427 3590 82 188 420 203 862 170 432 46 154 129 233 83 394 626
internal_value=0.000400815 0.00430996 -0.0224908 0.00512429 0.00431697 0.0250174 0.0189425 0.0246772 0.0036485 0.00422252 0.00316634 0.00535398 0.0162268 -0.00123733 -0.00306609 -0.00754501 -0.010672 0.00916931 0.018244 0.0254913 0.0286394 0.0206253 0.011669 0.0262301 0.0392978 0.0233819 0.0329236 0.0376744 -0.0164134 -0.0036012
internal_weight=698.964 597.706 101.257 573.865 543.428 15.8603 30.4368 26.7989 527.568 511.247 462.909 342.744 68.4526 24.0269 120.165 92.5281 83.0449 18.5033 9.48324 44.4257 41.6894 32.0322 27.6371 8.1353 6.44858 16.8202 13.1887 13.2472 64.5417 15.8672
internal_count=60237 24089 36148 21576 20963 680 613 504 20283 19786 19584 13638 2433 949 5946 4725 4254 270 471 1484 1318 1115 1221 340 200 789 362 253 3984 2433
is_linear=0
shrinkage=0.03


Tree=69
num_leaves=31
num_cat=0
split_feature=11 30 12 13 11 4 12 26 23 15 21 11 22 14 14 28 15 15 34 8 11 15 28 34 22 33 34 28 28 22
split_gain=72.6762 9.65342 11.9139 10.0491 9.6072 9.08278 8.86653 9.77376 8.26673 9.38768 12.5775 9.46521 8.79076 7.59399 37.9746 15.1352 12.8669 7.46685 11.161 9.09412 7.54684 7.29487 7.22054 7.82356 7.33075 17.8934 6.17353 6.97509 6.17296 7.9487
threshold=2.4417004585266118 1.5000000000000002 2.4292162656784062 -0.2024017125368118 24.083731651306156 -1.9347289800643919 28.961774826049808 33.083120346069343 -0.9056759476661681 -0.60941094160079945 -0.25737431645393366 4.2678558826446542 0.37309262156486517 0.20818600058555606 0.19079895317554477 -0.92639589309692372 1.5359454751014712 0.20003893226385119 0.17643880844116214 0.46862562000751501 4.7942762374877939 -0.095352828502655015 -0.55028682947158802 3.490164160728455 -0.10249028727412222 2.1905030012130742 0.78822445869445812 -0.60639065504074086 -0.64659911394119252 -0.09460172057151793
decision_type=2 2 2 2 2 2 2 2 2 2 2 2 2 2 2 2 2 2 2 2 2 2 2 2 2 2 2 2 2 2
left_child=5 8 13 4 -4 -1 7 22 9 11 12 -2 -11 14 -3 16 -15 28 19 -19 -20 -16 23 24 25 -5 -26 -28 -10 -30
right_child=1 2 3 6 -6 -7 -8 -9 17 10 -12 -13 -14 15 21 -17 -18 18 20 -21 -22 -23 -24 -25 26 -27 27 -29 29 -31
leaf_value=-0.027819683536993305 0.091918462040093546 -0.0032225123996084109 -0.0035517985086230119 0.075007686989177105 0.023565013417317083 -0.010085293470168531 0.03011893820937589 -0.021779769623126673 0.014212200374981637 0.030361230537708856 -0.012859786479190794 0.026878550652206918 -0.022542482691257516 -0.00096314879185896006 0.019220816366567691 -0.022012184073899151 0.071358604993618721 -0.0024159548233860548 -0.01511805944263505 0.067604595025147624 0.014861042820940137 0.12543366902938588 0.005088131798497356 -0.0079685470119695793 -0.014727078982912941 0.009566043078224588 0.0036567713075695862 0.055113522636694896 0.008203467874892444 -0.010483960750709575
leaf_weight=65.641236697789282 1.9185098356101651 80.293250419199467 91.583733102306724 6.826629916206004 12.469508983194826 45.373780981171876 20.523720875382423 7.7666528359986833 28.709104152396321 21.838274435373027 11.392357479082419 12.206306974170728 2.4924329568166277 9.0394604180473817 1.3145805145613851 39.762479861732572 1.9211194824893016 2.2244279698934397 8.0524534636642766 4.9678334698546678 49.55188873433508 1.488284152233972 60.80001232912764 5.9390877801924935 4.5963088567368677 7.8883206332102418 5.9685488408431402 3.1112437257543197 37.462595178978518 42.86869593989104
leaf_count=28396 100 6187 1517 223 58 8684 87 184 1340 672 580 288 178 682 34 3696 97 340 691 242 1546 74 949 122 119 109 167 33 1156 1715
internal_value=0.00141715 0.00564761 0.00260268 0.00677011 -0.000108798 -0.0207261 0.0125238 0.00875821 0.0105323 0.0212111 0.0123984 0.0412059 0.0242658 -0.00447903 0.00112531 -0.0135045 0.0166194 0.0073663 0.0153513 0.0482972 0.0104838 0.0937721 0.011452 0.0222597 0.0286391 0.0427671 0.0115596 0.0250072 0.0025249 -0.00177534
internal_weight=695.993 584.978 361.293 227.474 104.053 111.015 123.421 102.897 223.685 49.8479 35.7231 14.1248 24.3307 133.819 83.0961 50.7231 10.9606 173.837 64.7966 7.19226 57.6043 2.80286 95.1302 34.3301 28.3911 14.715 13.6761 9.07979 109.04 80.3313
internal_count=60266 23186 14338 3568 1575 37080 1993 1906 8848 1818 1430 388 850 10770 6295 4475 779 7030 2819 582 2237 108 1722 773 651 332 319 200 4211 2871
is_linear=0
shrinkage=0.03


Tree=70
num_leaves=31
num_cat=0
split_feature=1 25 12 8 4 28 31 23 33 24 12 33 33 12 29 24 13 25 27 12 27 22 28 27 0 25 31 29 31 28
split_gain=62.9811 10.9295 14.2748 8.90977 11.409 8.90464 10.159 8.52963 14.0058 11.618 7.78706 7.39175 7.18831 6.90216 6.36884 6.18272 6.52235 5.84197 5.57007 5.08038 4.93323 8.06001 5.7634 5.56401 5.29294 6.50279 6.72809 6.71533 5.54257 6.33229
threshold=0.75766974687576305 0.14131076633930209 28.961774826049808 2.8244675397872929 0.13284546136856082 -0.11798679083585738 341.26315307617193 -1.2088409066200254 0.91100198030471813 0.83170261979103099 11.527682304382326 3.5814814567565922 2.8613294363021855 -9.4246339797973615 0.51107347011566173 1.5038049221038821 -0.20995024591684339 0.17138490080833438 0.81315788626670849 2.7255342006683354 0.45000000298023229 -0.92187488079071034 0.16269055008888247 0.57105264067649852 5.5000000000000009 0.15780612826347354 364.99380493164068 -0.8349313735961913 324.24549865722662 -0.01505099539645016
decision_type=2 2 2 2 2 2 2 2 2 2 2 2 2 2 2 2 2 2 2 2 2 2 2 2 2 2 2 2 2 2
left_child=-1 2 12 5 17 6 7 8 9 -3 -7 20 -2 -9 15 -15 -17 -5 -10 -16 21 -6 -23 -22 25 26 27 -25 29 -27
right_child=1 3 -4 4 11 10 -8 13 18 -11 -12 -13 -14 14 19 16 -18 -19 -20 -21 23 22 -24 24 -26 28 -28 -29 -30 -31
leaf_value=-0.024952754926360465 -0.013303561605946543 0.020783646895629945 0.030544289827184386 -0.014163342899488075 0.042543200312090024 -0.014300364556483503 -0.009335204771823374 0.041877895415288392 -0.01787187420627899 0.12778706879487386 0.016901568156392304 -0.0093345921509651025 0.016363596277139365 -0.00099022442814567738 0.0076759866761879868 -0.0067504576146527051 0.068525216178720622 0.056483809470636102 0.030826911102690369 0.057011086829804769 -0.0058453466042502743 0.022027962787566701 -0.0070421091340223344 0.043746789865430173 0.012488775301355184 -0.012792314681165083 -0.004214154933794601 0.0041282581751334712 0.0058127553840910517 0.028145287800384902
leaf_weight=80.774323679506779 73.163868970470503 2.4977381187491106 7.4723037481307975 0.85175625514238973 8.5324238326866197 50.910035687265918 37.155805597547442 3.5113668283447614 3.6716984382364899 1.0831472694408146 7.4963277643546453 22.710444197058678 7.3102125804871312 73.561523087089881 5.0502955340780309 1.5312698846682908 1.410118753556161 5.1084171256516129 2.8895551934838295 2.3965542372316122 27.586350138299167 12.704562026308851 10.434693116461856 9.0190543271601182 124.83447377383709 33.951827568002045 8.4369316590018553 6.6234869481995728 56.364822892006487 2.8248345702886573
leaf_count=32665 6170 164 31 103 218 5944 3707 142 215 53 85 101 69 3591 368 88 75 352 41 86 802 440 514 78 2031 662 208 107 1068 62
internal_value=-0.0002251 0.00307881 -0.00665432 0.00472462 0.0077127 -0.000393343 0.00384768 0.00890995 0.0336835 0.0739802 -0.0100786 0.00687328 -0.0104408 0.00568887 0.00370004 0.000957823 0.0375671 0.0458034 0.00481547 0.0284228 0.00812173 0.0191878 0.00917009 0.00675583 0.00821009 0.00358641 0.0171457 0.0282273 -6.39041e-05 -0.00898607
internal_weight=691.87 611.096 87.9464 523.15 329.984 193.165 134.759 97.6033 10.1421 3.58089 58.4064 324.024 80.4741 87.4611 83.9498 76.5029 2.94139 5.96017 6.56125 7.44685 301.313 31.6717 23.1393 269.642 242.055 117.221 24.0795 15.6425 93.1415 36.7767
internal_count=60240 27575 6270 21305 6746 14559 8530 4823 473 217 6029 6291 6239 4350 4208 3754 163 455 256 454 6190 1172 954 5018 4216 2185 393 185 1792 724
is_linear=0
shrinkage=0.03


Tree=71
num_leaves=31
num_cat=0
split_feature=1 4 3 8 12 0 29 28 31 3 3 27 22 0 1 8 33 34 13 11 13 14 8 28 11 14 14 28 27 11
split_gain=58.5761 10.0185 14.2978 12.0454 11.4575 10.9949 6.59212 7.82357 5.1627 5.00206 7.49126 8.15701 10.2474 8.49203 11.643 6.83655 6.48213 6.40134 5.8836 13.4308 7.6771 7.27696 7.3916 6.56402 7.4675 4.9408 4.63784 4.65865 5.45102 8.00019
threshold=0.51628676056861889 3.5548369884490971 -0.60604295134544361 8.2690963745117205 -9.4246339797973615 4.5000000000000009 0.90345245599746715 1.0000000180025095e-35 445.94090270996099 1.5471088290214541 0.37145408987998968 0.61052632331848156 -0.63123562932014454 4.5000000000000009 6.7721362113952646 20.139841079711918 2.9713094234466557 0.14364308118820193 -0.25323821604251856 24.083731651306156 -1.8455765247344968 -0.14066536724567411 8.8211011886596697 0.80223616957664501 6.38114356994629 -1.9368578791618345 1.4113908410072329 -0.94458159804344166 0.51842105388641369 4.3731052875518808
decision_type=2 2 2 2 2 2 2 2 2 2 2 2 2 2 2 2 2 2 2 2 2 2 2 2 2 2 2 2 2 2
left_child=-1 2 3 5 -4 -2 -6 -8 26 10 11 12 -3 -14 -15 18 -11 -13 19 20 25 22 -20 -22 -25 -12 27 -7 29 -29
right_child=1 9 4 -5 6 8 7 -9 -10 16 15 17 13 14 -16 -17 -18 -19 21 -21 23 -23 -24 24 -26 -27 -28 28 -30 -31
leaf_value=-0.025420292600671066 -0.017067729787035617 -0.010526516206778518 0.023473917687260867 0.063286691243674129 -0.017415948105217075 -0.015884271358219283 0.05128613463135364 -0.019704656697420948 -0.0099719379118754798 0.016746427186171402 -0.0019368812681873784 -0.021924991861934917 0.0018808939557774095 -0.0061383840726679491 0.085684466462554981 0.0189072015647705 -0.008960637588682983 0.0077434455069222046 0.0055120691330736472 0.023751320484108576 -0.017919958423962181 0.00081798567894138989 0.061018812467164285 0.05796732068242702 -0.014352701976196319 0.041202178699550611 -0.02151137374428921 0.070084424767751757 0.013048700284898381 0.0071896131305117187
leaf_weight=69.892182754119858 16.964802643749863 3.402095370925962 6.6598796674516043 2.176049390807747 70.82064106175676 3.1447008862160137 1.9466616683639579 1.8915238149929789 9.3100330198649299 58.579675817396492 7.117477772757411 5.8422565376386038 2.7143927752040309 1.4501712163910268 4.3870846414938569 15.053487000986932 9.7132706195116025 182.36104805907235 5.5457363743334991 10.01862373575568 60.631268137134612 91.923171716043726 2.7880747597664595 1.3611053235363209 2.1502440087497234 2.5348731568083149 2.3585598571225992 3.1576308861840507 36.977249911986291 3.6936813723295927
leaf_count=30326 2177 157 357 76 11486 315 454 572 1141 821 173 290 192 73 156 120 51 4413 211 91 1378 2401 33 120 79 46 192 367 1701 253
internal_value=0.00042948 0.00334837 -0.00313986 0.00601876 -0.0118669 0.00356591 -0.0152881 0.019459 0.00972121 0.00555811 0.00425361 0.0083369 0.0314347 0.0474825 0.0653112 0.000127981 0.0130136 0.00671146 -0.00150167 -0.00732369 -0.0118037 0.00338973 0.0286297 -0.0155471 0.020316 0.0121965 0.013562 0.0157348 0.0183072 0.041411
internal_weight=696.568 626.675 159.101 77.7827 81.3187 75.6067 74.6588 3.83819 58.6419 467.574 399.281 200.157 11.9537 8.55165 5.83726 199.124 68.2929 188.203 184.071 83.8136 73.795 100.257 8.33381 64.1426 3.51135 9.65235 49.3318 46.9733 43.8286 6.85131
internal_count=60222 29896 19091 6222 12869 6146 12512 1026 3969 10805 9933 5281 578 421 229 4652 872 4703 4532 1887 1796 2645 244 1577 199 219 2828 2636 2321 620
is_linear=0
shrinkage=0.03


Tree=72
num_leaves=31
num_cat=0
split_feature=27 8 8 11 29 22 3 29 12 29 4 0 23 11 0 33 13 8 23 13 8 12 0 11 22 28 3 23 33 0
split_gain=61.6678 13.6093 11.7029 9.1412 10.1426 8.96448 8.55888 10.4598 10.2265 8.94822 8.24269 8.04002 6.21572 6.65407 7.69118 8.47673 6.14276 6.16418 5.84317 5.74274 9.08672 6.87402 8.16871 7.73328 6.58547 10.8772 6.07854 5.6361 5.47248 5.42983
threshold=0.11315789446234704 2.9046206474304204 13.654752254486086 3.1825959682464604 0.93693214654922496 -1.180756092071533 -0.83649501204490651 -0.99297791719436634 -9.4246339797973615 0.078402601182460799 -0.4192460030317306 4.5000000000000009 0.22220987081527713 6.38114356994629 8.5000000000000018 0.42249205708503729 -0.097025990486145006 0.86356097459793102 -0.10267109423875807 -0.26317021250724787 20.139841079711918 12.705722808837892 4.5000000000000009 1.922840476036072 0.44362986087799078 -0.13505011796951291 0.37145408987998968 2.1637978553771977 2.6817771196365361 5.5000000000000009
decision_type=2 2 2 2 2 2 2 2 2 2 2 2 2 2 2 2 2 2 2 2 2 2 2 2 2 2 2 2 2 2
left_child=2 3 -1 4 29 -5 7 10 9 16 -7 -9 13 14 -13 -16 17 -8 -6 20 -3 22 28 -24 25 -25 -27 -14 -21 -2
right_child=1 19 -4 5 18 6 8 11 -10 -11 -12 12 27 -15 15 -17 -18 -19 -20 21 -22 -23 23 24 -26 26 -28 -29 -30 -31
leaf_value=-0.027614798282796768 -0.026095042646335012 0.00070617726139900422 0.035699917171760277 -0.01914971508985968 0.083565944986672552 0.0030790970792820465 -0.015300351641542264 -0.021828411100138008 -0.0025691742962854506 0.086410545145409412 0.070458030297379265 0.009243075975085828 -0.011126451435267489 -0.00036247999496952427 0.097576116236150492 0.023786099985805022 -0.012143492872495484 0.057465028875885442 -0.011252273850795533 -0.011494382861663627 0.021038115681613144 0.016758177352628148 0.059460906550232139 0.02369095253391338 -0.0057919374298947748 0.0092367200856430798 -0.024648931106609002 0.043416427598860122 0.014261078083515018 -0.0068478980202657603
leaf_weight=68.759963987627998 20.387532316381112 150.20225491817109 1.9025170186068852 15.874756694771348 0.58158260071650147 2.5886868522502482 1.0088835002388807 5.7093584937974802 116.58876938512549 1.0297098373994229 3.920707795303314 5.748039607657125 10.141245302744208 6.324390767607837 2.0415030212607235 4.3230844442732632 3.8909703865647298 2.3959291607607156 0.59649938228540011 29.711407804163173 21.797583524137735 94.688698348589242 1.9424445421900589 36.934185283258557 18.582452842500061 11.054185097804295 6.9226892148144534 1.0170621930155892 8.865979000926016 37.200718250824139
leaf_count=28929 5253 3084 29 1062 138 264 110 757 7494 24 97 292 580 371 143 70 280 117 216 1651 142 651 186 970 511 316 274 45 96 6059
internal_value=0.000920858 0.00395078 -0.0254357 -0.00161872 -0.0118043 0.00170571 0.00379376 0.0153693 -0.000172345 0.0300687 0.0476408 0.00827077 0.014601 0.0248552 0.0370457 0.0574905 0.0126591 0.0373252 0.0524325 0.0074769 0.00338956 0.0108132 0.0057731 0.0114644 0.00941467 0.0145723 -0.00442353 -0.00299292 -0.00536441 -0.0139909
internal_weight=692.734 622.071 70.6625 241.369 58.7663 182.603 166.728 41.8141 124.914 8.32549 6.50939 35.3047 29.5953 18.437 12.1126 6.36459 7.29578 3.40481 1.17808 380.702 172 208.702 114.013 75.436 73.4935 54.9111 17.9769 11.1583 38.5774 57.5883
internal_count=60211 31253 28958 23372 11666 11706 10644 2619 8025 531 361 2258 1501 876 505 213 507 227 354 7881 3226 4655 4004 2257 2071 1560 590 625 1747 11312
is_linear=0
shrinkage=0.03


Tree=73
num_leaves=31
num_cat=0
split_feature=4 12 28 34 29 24 26 11 27 30 27 21 34 27 8 8 11 26 8 8 12 0 27 24 26 27 1 8 21 14
split_gain=61.0456 10.9028 9.22387 7.80371 9.44827 6.52326 7.57867 7.46388 10.4407 10.1411 7.40764 6.77549 6.32546 6.22644 7.77265 8.21067 6.29693 5.93177 6.4843 9.98308 6.80986 7.61472 5.87783 12.4819 10.3745 8.78361 5.81938 6.50671 4.79989 4.87052
threshold=-1.5834224224090574 28.961774826049808 0.83196112513542186 1.4514405727386477 -0.82534202933311451 0.11402578279376031 33.083120346069343 9.4228820800781268 0.69736841320991527 1.0000000180025095e-35 0.58684208989143383 1.9203585982322695 6.094222068786622 0.47631579637527471 0.55764976143836986 0.65534514188766491 11.649909973144533 25.185359001159672 0.27930630743503576 0.88173741102218639 -4.4948332309722892 6.5000000000000009 0.95526316761970531 0.19310408830642703 26.145477294921879 0.9131579101085664 2.6428723335266118 20.139841079711918 0.50799834728240978 0.20818600058555606
decision_type=2 2 2 2 2 2 2 2 2 2 2 2 2 2 2 2 2 2 2 2 2 2 2 2 2 2 2 2 2 2
left_child=13 2 5 4 -3 7 17 11 9 -9 -11 -2 -4 -1 -15 -16 -17 18 20 -20 -7 -22 23 -19 25 -25 28 -28 29 -21
right_child=1 3 12 -5 -6 6 -8 8 -10 10 -12 -13 -14 14 15 16 -18 22 19 26 21 -23 -24 24 -26 -27 27 -29 -30 -31
leaf_value=-0.027120022469584552 -0.015613895572012431 -0.011940305052662236 -0.023643629989697022 0.026775255989282664 0.022913476589218069 -0.013567800144965347 -0.012930410483006581 -0.018145480597444155 -0.017392489743237975 0.009032041471210648 0.056913908359959575 0.04007774039781159 0.016037626865758856 -0.019408742278041468 0.085075997991145041 -0.021674360904023277 0.053056600139781203 0.057665265693705808 -0.012223450731633494 0.044494138934574171 -0.0011537826516879531 0.057089790542965257 0.021893248638815619 0.040490693399800097 -0.0099502491549154221 -0.006034242164104261 0.00255704692910681 0.022370732351497644 -0.004056106520534679 0.0053821424874947784
leaf_weight=70.155064054531977 40.380110047524795 14.312033876776697 17.862917625578124 28.896330803632736 11.941900938749312 2.502835757797583 20.643736798781902 3.6412389231845763 8.7545061022974533 5.9649695148691517 5.6535334289073944 1.124724460300057 3.7254708607215425 7.3549858038313669 0.56267977389507029 2.5046761177945887 0.42835623817518342 2.7534543136134735 34.361102380324155 7.3330052767414617 2.9523569331504387 5.1419089909177274 34.184529696591198 7.6337795171421003 27.745569170685485 5.9325113892555237 289.77873598900624 14.759623043239115 4.675941963447257 4.8357940360438079
leaf_count=31976 4413 62 2944 123 50 200 577 129 246 215 91 102 168 1413 81 382 24 76 3409 672 336 446 282 176 651 79 9615 121 495 570
internal_value=0.00040873 0.00368277 0.00239769 0.0162812 0.00417237 0.00319122 0.00444021 -0.00561097 0.00750428 0.0219788 0.0349952 -0.0131973 -0.0163891 -0.02389 -0.00248012 0.0295323 -4.52295e-05 0.00527399 0.0036521 0.00292369 0.0257439 0.0380548 0.0127253 0.00528508 0.00051356 0.0211279 0.00457606 0.0035874 0.0212475 0.0305403
internal_weight=688.498 607.493 552.342 55.1503 26.2539 530.754 465.235 65.5191 24.0142 15.2597 11.6185 41.5048 21.5884 81.0058 10.8507 3.49571 2.93303 444.591 366.341 355.744 10.5971 8.09427 78.2498 44.0653 41.3119 13.5663 321.383 304.538 16.8447 12.1688
internal_count=60124 26248 26013 235 112 22901 17705 5196 681 435 306 4515 3112 33876 1900 487 406 17128 15864 14882 982 782 1264 982 906 255 11473 9736 1737 1242
is_linear=0
shrinkage=0.03


Tree=74
num_leaves=31
num_cat=0
split_feature=1 28 23 11 14 24 22 30 34 31 13 12 26 13 3 11 29 3 11 29 28 23 3 14 23 13 27 14 29 24
split_gain=53.3227 9.1766 5.79343 7.49547 5.67166 6.24845 5.44541 7.18101 6.0363 13.4588 6.79088 9.01367 7.22185 5.92136 6.21756 7.57028 9.30066 6.9855 6.68721 7.68315 15.0963 10.0417 7.80906 7.38146 6.55252 6.27766 6.18856 6.55059 6.00395 7.23588
threshold=0.51628676056861889 0.84138089418411266 2.0064597129821782 5.8300993442535409 -1.8044977784156797 0.52603876590728771 -1.7806546092033384 1.0000000180025095e-35 1.4514405727386477 498.61573791503912 -0.47021463513374323 -7.3309559822082511 25.185359001159672 1.5811551213264468 -0.593308925628662 4.4574272632598886 0.90345245599746715 0.53662675619125377 6.6093630790710458 -0.77379113435745228 -0.94458159804344166 -0.86504378914833058 -1.0945075154304502 0.23511043936014178 0.20302617549896243 0.093861274421215071 0.17631579190492633 -1.1283165216445921 -0.77379113435745228 0.49228583276271826
decision_type=2 2 2 2 2 2 2 2 2 2 2 2 2 2 2 2 2 2 2 2 2 2 2 2 2 2 2 2 2 2
left_child=-1 2 6 -4 -5 -6 7 -2 9 13 11 -10 -12 14 18 16 -16 -18 19 23 -21 -22 -23 24 -8 -26 27 -17 29 -20
right_child=1 -3 3 4 5 -7 8 -9 10 -11 12 -13 -14 -15 15 26 17 -19 28 20 21 22 -24 -25 25 -27 -28 -29 -30 -31
leaf_value=-0.024592429078526292 0.019121612316003081 -0.01366606731281866 -0.0088246294795230728 -0.0022496998550383049 -0.002607687524048872 0.040606663848492916 0.027166819538974329 -0.022798000495547862 0.051521526195498463 -0.024551034037607548 0.0091260246634260311 -0.0033887993746682331 0.028038058881741892 -0.020419793698257027 -0.017283390370263947 0.059464758392123014 0.061442029833800031 -0.01629794023199907 0.021670097652049906 -0.019101047238016297 0.077096386607951026 -0.002160410171308805 0.039710788300048018 -0.0053421971814870172 -0.019776237708638348 0.034421879428033021 0.0025777311616978077 0.0080749453607873063 -0.023971403592591371 -0.0077629191593763785
leaf_weight=64.719715810380876 4.1197663801722255 25.009042438818142 7.2101021937560317 5.2597994017414775 3.5789608336053815 14.765357408206908 19.047934022499252 13.14923866977915 1.8697529181372363 14.867004032479597 69.459664122667164 42.079004720551893 24.527705774642527 8.0426815338432771 28.352743670810018 2.5472098318859935 1.6116505046375089 1.1657215764280406 12.784358261153104 4.3251830448862192 4.0979835912585321 5.908056036103523 10.852248362265518 20.627149783307686 5.857847365550696 1.6881332609336821 247.1832717882935 7.088988575851543 6.7320538936182848 15.712737113237379
leaf_count=30287 135 3696 320 87 105 193 567 459 51 2623 2660 1374 343 717 4053 97 308 246 422 527 214 479 647 825 340 38 7072 486 374 502
internal_value=0.0011253 0.00380409 0.00454822 0.0170271 0.0249615 0.0324766 0.0038495 -0.0122982 0.00437181 0.00256582 0.00979322 4.15572e-05 0.0143047 0.00362284 0.00416191 0.00184757 -0.0118937 0.0331363 0.0102794 0.0154359 0.0285316 0.0388308 0.0256605 0.00800501 0.018176 -0.00504235 0.00355288 0.0259728 -0.000452106 0.00572832
internal_weight=694.241 629.521 604.512 30.8142 23.6041 18.3443 573.698 17.269 556.429 418.493 137.936 43.9488 93.9874 403.626 395.583 287.95 31.1301 2.77737 107.634 72.4045 25.1835 20.8583 16.7603 47.2211 26.5939 7.54598 256.819 9.6362 35.2291 28.4971
internal_count=60247 29960 26264 705 385 298 25559 594 24965 20537 4428 1425 3003 17914 17197 12262 4607 554 4935 3637 1867 1340 1126 1770 945 378 7655 583 1298 924
is_linear=0
shrinkage=0.03


Tree=75
num_leaves=31
num_cat=0
split_feature=11 33 29 25 12 27 3 33 15 15 27 22 11 22 34 23 22 21 23 22 12 29 27 15 29 8 21 33 15 12
split_gain=52.1076 9.07791 13.1967 6.57123 10.2284 7.02084 6.687 7.08438 6.93325 13.7633 8.18173 11.3418 10.3289 7.52427 10.0129 7.5034 7.47251 6.67449 6.58311 6.48049 6.17527 5.9426 5.91389 5.70096 9.92386 8.07539 6.76074 5.55096 5.51201 5.486
threshold=2.4417004585266118 0.5651838779449464 0.91069144010543834 0.130382776260376 18.866653442382816 0.89210525155067455 1.8345186710357668 3.5814814567565922 0.57320404052734386 0.34910276532173162 0.75526317954063427 0.60161083936691295 4.2678558826446542 -0.063255924731492982 0.30934993922710424 -0.24342693388462064 -1.0173133611679075 -0.064145062118768678 0.28183904290199285 0.38118179142475134 -7.7997155189514151 -0.99774217605590809 0.77105262875556957 0.73804995417594921 -0.90066882967948902 1.4556655287742617 -1.042466878890991 2.0482372045516972 -0.08653614297509192 -0.3561789989471435
decision_type=2 2 2 2 2 2 2 2 2 2 2 2 2 2 2 2 2 2 2 2 2 2 2 2 2 2 2 2 2 2
left_child=1 -1 -3 4 21 6 7 8 9 -5 11 12 -11 16 -15 -10 -14 18 -8 -12 22 -2 -17 -22 25 -25 -27 -26 -4 -7
right_child=3 2 28 5 -6 29 17 -9 15 10 19 -13 13 14 -16 20 -18 -19 -20 -21 23 -23 -24 24 27 26 -28 -29 -30 -31
leaf_value=-0.02349185473816159 0.014055868186631354 -0.0092676642955139381 0.085549267766079282 0.0021090011344138643 0.015958844122580682 0.030567596877166196 -0.019730822068398594 -0.019728985306441463 -0.016128471356083526 -0.0053948265217299033 -0.013517621337523678 -0.0072775895862643618 0.058573037880215589 -0.0002399428005782468 0.10730226033177871 0.048608566441657577 0.01406270410797518 0.029417514086444666 0.019855436024071232 0.026192517082865213 -0.019508182582233715 -0.015095396442432015 -0.016579622690629944 -0.019937567710127214 -0.014711370191096607 -0.0029831964879870648 0.055613499250714862 0.026948182728408706 -0.0098947513256209783 0.0091192625588342475
leaf_weight=80.861003452329896 6.5055053981486699 17.385379015700895 1.0655475549865512 220.40862082131207 15.564445476979015 10.98552100593224 6.3224553507752734 12.03324995934963 31.386575391050428 3.6340733498800608 8.7063721353188139 5.5052704554982475 5.6821449091658041 0.98345871525816209 2.6714783895295113 3.486114462837576 8.680879021063447 15.655005978886036 6.8184103793464601 4.9804721586406222 10.170188455842434 44.236115031642839 1.16499737650156 1.8803889972623427 15.297742239665245 2.267065755557268 5.7755992098245761 2.5435380912385872 0.48304836265742679 131.69557279767469
leaf_count=35083 220 1777 85 11171 78 236 72 54 2126 347 291 299 102 72 119 175 421 129 66 125 463 3842 62 208 1097 56 158 91 79 1155
internal_value=0.000763939 -0.0191619 -0.000419276 0.00418974 -0.00465057 0.00532651 0.00316113 0.00198476 0.00282056 0.00511362 0.0208896 0.0301404 0.0395556 0.0484287 0.08453 -0.00523817 0.0343378 0.0168046 0.000760907 0.00173193 0.00297412 -0.0111585 0.0322359 -0.00134944 0.00574914 0.0283474 0.040593 -0.00765713 0.0635768 0.0109719
internal_weight=684.836 99.795 18.934 585.041 66.3061 518.735 376.054 347.258 335.225 261.253 40.8441 27.1573 21.652 18.018 3.65494 73.9722 14.363 28.7959 13.1409 13.6868 42.5856 50.7416 4.65111 37.9345 27.7643 9.92305 8.04266 17.8413 1.5486 142.681
internal_count=60259 37024 1941 23235 4140 19095 17704 17437 17383 12947 1776 1360 1061 714 191 4436 523 267 138 416 2310 4062 237 2073 1610 422 214 1188 164 1391
is_linear=0
shrinkage=0.03


Tree=76
num_leaves=31
num_cat=0
split_feature=1 24 11 24 22 11 21 29 3 21 15 21 34 3 34 4 24 21 21 21 8 31 1 15 22 24 14 24 21 8
split_gain=57.4692 9.54621 12.7445 6.47529 6.17204 5.96681 7.66185 9.1956 8.15221 7.52675 10.4432 9.49648 6.80968 5.57079 5.23702 8.57571 5.19177 11.5142 10.1044 10.0931 9.18278 7.64089 6.53858 6.34025 6.23902 7.39562 13.0219 9.19049 7.7965 7.09799
threshold=0.51628676056861889 0.11402578279376031 4.8888726234436044 2.1157549619674687 -0.10249028727412222 24.083731651306156 -0.72389933466911305 0.75578561425209057 -0.45317648351192469 -0.65972468256950367 0.35561212897300726 -0.61307072639465321 0.15677477419376376 -1.6970830559730528 0.61152717471122753 9.62939500808716 0.21413602679967883 0.37766827642917639 -0.1963345184922218 -0.38993266224861139 5.4001824855804452 290.49351501464849 33.519430160522468 0.58235248923301708 -0.11377333104610442 0.56807470321655285 1.0551457405090334 0.60129645466804515 0.18943736702203753 0.40328902006149298
decision_type=2 2 2 2 2 2 2 2 2 2 2 2 2 2 2 2 2 2 2 2 2 2 2 2 2 2 2 2 2 2
left_child=13 2 -2 5 14 6 7 8 -3 10 12 -11 -8 -1 -4 -16 17 18 19 21 23 -13 -19 -20 25 26 -18 28 -27 -26
right_child=1 3 4 -5 -6 -7 9 -9 -10 11 -12 16 -14 -15 15 -17 24 22 20 -21 -22 -23 -24 -25 29 27 -28 -29 -30 -31
leaf_value=0.007176933564972704 -0.021309076328516773 0.010749763948504605 0.024758619091356349 -0.026079284658625128 -0.0082323047242228841 0.015725148248313725 0.091643055146972144 0.054243631130154679 -0.0070138327736480434 -0.025283394877435927 -0.015916853597303611 -0.0063631279780318496 0.025817868638390092 -0.028538912249663831 -0.027005918150667253 0.013265240223707273 -0.0039463159357286436 -0.022735083101653952 0.087855538053403529 -0.021329441640566396 -0.0020304822791832266 0.051567390164037538 0.029661391500332188 0.0011098976695227715 -0.022373247759229744 0.0046438094472889676 0.045762708187631382 0.012307075652984148 0.066723110433441479 0.0033915375956756265
leaf_weight=3.8267447254620484 28.789954042294994 29.566809234442189 13.459223255515097 4.8840823217760763 25.729091686895117 47.253134173806757 1.423863111063836 1.5962586847599585 96.59195343288593 7.5454517221078268 2.7852719065267584 2.83849446079694 6.8450157851912081 58.086741447681561 5.8232042889576432 14.740163990762083 45.484152733581141 6.6871709313709271 4.2966069660615203 4.1865322226658455 1.7138645250815896 4.8806006072554737 2.0213555097579956 0.91515860613435496 9.2075155277270806 2.955768148880451 4.2825022893957785 80.711380338063464 4.5151115814223886 168.88742655189708
leaf_count=982 5917 1246 578 519 1096 408 37 153 4034 411 187 86 236 29393 401 252 1831 610 275 258 38 152 10 118 1018 107 227 3200 115 6430
internal_value=0.00109261 0.00381464 -0.00527484 0.00530627 0.00267447 0.00563955 0.00463678 -0.00167044 -0.00279892 0.00686003 0.0302321 0.00604048 0.045817 -0.0262524 0.0109221 0.00113758 0.00679976 0.019096 0.0317755 0.0130328 0.0582858 0.0319784 -0.00877073 0.0752543 0.00567142 0.0104375 0.0011484 0.0156083 0.0456098 0.00194201
internal_weight=692.531 630.617 88.5416 542.075 59.7517 537.191 489.938 127.755 126.159 362.183 11.0542 351.129 8.26888 61.9135 34.0226 20.5634 343.584 27.5398 18.8313 11.9056 6.92563 7.7191 8.70853 5.21177 316.044 137.949 49.7667 88.1823 7.47088 178.095
internal_count=60325 29950 8244 21706 2327 21187 20779 5433 5280 15346 460 14886 273 30375 1231 653 14475 1547 927 496 431 238 620 393 12928 5480 2058 3422 222 7448
is_linear=0
shrinkage=0.03


Tree=77
num_leaves=31
num_cat=0
split_feature=27 0 1 29 3 29 11 25 11 26 24 33 34 27 23 25 3 23 22 25 11 23 26 28 11 11 30 3 11 8
split_gain=46.1714 10.1128 12.1709 9.89031 8.51722 10.4294 6.98805 6.4835 6.98855 6.3503 6.10682 5.91861 5.88726 11.2364 6.78478 6.45377 8.01887 6.4472 5.81964 5.72427 5.67944 5.61968 5.83891 6.60528 5.27684 5.21999 4.88735 7.20117 7.42539 5.5966
threshold=0.097368422895669951 3.5000000000000004 11.250617504119875 -0.90066882967948902 1.3698779344558718 0.91069144010543834 0.88869810104370128 0.2197043523192406 22.028964996337894 33.083120346069343 0.97251138091087352 2.0714288949966435 0.9500161111354829 0.93684211373329174 0.09010965004563333 0.15232736617326739 0.66129004955291759 -0.58810344338417042 -0.70840558409690846 0.16541142016649249 5.2949202060699472 0.0092429784126579779 30.394747734069828 -0.39727132022380823 13.781019210815431 0.13384256511926654 1.5000000000000002 0.37145408987998968 19.250579833984379 4.3220129013061532
decision_type=2 2 2 2 2 2 2 2 2 2 2 2 2 2 2 2 2 2 2 2 2 2 2 2 2 2 2 2 2 2
left_child=3 2 10 -1 5 6 -3 12 -9 26 -2 -11 15 17 -15 16 -4 -14 -7 -20 -12 22 23 -6 -17 -21 27 -8 -29 -28
right_child=1 4 7 -5 21 18 9 8 -10 11 20 -13 13 14 -16 24 -18 -19 19 25 -22 -23 -24 -25 -26 -27 29 28 -30 -31
leaf_value=0.058643849271804112 -0.020029738764589817 -0.020014985363860524 0.042694042641392607 -0.026319034141863887 0.01446085529405575 -0.012487652324421389 0.013309808092995642 -0.025554735539986002 0.014412210562222751 -0.023899712528170889 -0.024114051180770087 0.0066975845324679702 0.0095750223749669766 -0.0037955362891092339 0.030324015654609477 -0.010516052532525945 0.0023377862889753516 -0.016828629252487955 -0.0098098037958137194 -0.0074649768739863155 0.015401829307257401 0.023899685890811245 0.02759118010246828 -0.015754952690794407 0.021475028739751208 0.099733245463329845 -0.0024816810095690525 -0.0092316253048324217 0.024788844445617287 0.007117310183815082
leaf_weight=0.34667156310751934 44.432608302216977 10.886929520056581 10.357686676550658 59.654172747512348 11.314621578902011 0.70028186775743995 93.228610098361969 12.60491324728355 4.7872394509613505 13.268612248823048 3.8123486009426406 8.8701453469693643 10.671651419252155 8.3665669234469551 12.208177876658736 11.406332248356195 7.4659737125039092 29.709198036696762 0.48221832455601488 0.3303219632944091 9.2896186299622041 31.077981842216104 7.2515614172443739 12.828686716500668 6.4188384031876913 1.5301900511840356 126.33615282771643 28.431272051064298 6.1922894967719904 94.877966469153762
leaf_count=89 6476 3893 164 27841 79 177 5203 270 37 545 807 67 249 102 90 198 75 561 146 158 615 252 44 161 89 184 8752 1308 76 1592
internal_value=2.905e-05 0.00247871 -0.00369988 -0.0248748 0.00484942 0.00316199 0.0026477 0.00199332 -0.0143682 0.00336436 -0.0148215 -0.0118809 0.005056 -0.000646649 0.0169167 0.0145585 0.0268119 -0.00978804 0.0511105 0.0681697 0.00300906 0.0150385 0.00579968 -0.00158254 0.00153274 0.0847447 0.00436243 0.00900842 -0.00262214 0.00164879
internal_weight=679.14 619.139 171.531 60.0008 447.608 385.135 382.092 113.997 17.3922 371.205 57.5346 22.1388 96.6044 60.9556 20.5747 35.6488 17.8237 40.3808 3.04301 2.34273 13.102 62.4729 31.3949 24.1433 17.8252 1.86051 349.066 127.852 34.6236 221.214
internal_count=60300 32370 9733 27930 22637 22101 21436 1835 307 17543 7898 612 1528 1002 192 526 239 810 665 488 1422 536 284 240 287 342 16931 6587 1384 10344
is_linear=0
shrinkage=0.03


Tree=78
num_leaves=31
num_cat=0
split_feature=27 8 31 21 22 22 4 23 11 24 21 25 22 22 24 28 11 11 30 24 22 28 21 31 31 30 25 33 11 26
split_gain=49.6477 9.43908 11.9918 11.1827 7.77262 8.30887 7.76286 7.5081 7.20268 6.84418 6.25428 6.35137 6.19403 9.79803 9.3001 18.5152 15.9724 10.6633 8.27033 9.53273 7.2209 7.13578 6.47317 8.34379 7.01752 6.36405 6.11069 6.01932 5.65567 5.64999
threshold=0.11315789446234704 2.8244675397872929 341.26315307617193 -1.6513487696647642 -0.59190434217452992 0.47825509309768682 0.13284546136856082 2.0963544845581059 14.066519260406496 0.5898788869380952 0.50799834728240978 0.17845856398344043 -1.2971768379211424 0.038313344120979316 0.9612601399421693 -0.89832046627998341 5.3890998363494882 3.2660146951675419 1.0000000180025095e-35 0.45053619146347051 0.26490743458271032 -0.98646417260169972 -0.047190481796860688 327.78775024414068 138.54584121704104 2.5000000000000004 0.20264782756567004 2.5367963314056401 3.8335590362548833 28.684413909912113
decision_type=2 2 2 2 2 2 2 2 2 2 2 2 2 2 2 2 2 2 2 2 2 2 2 2 2 2 2 2 2 2
left_child=8 2 3 4 -2 9 10 12 -1 -6 11 -3 -5 14 17 16 21 -14 26 22 -15 -16 23 24 -20 -24 -19 -17 -21 -26
right_child=1 6 -4 7 5 -7 -8 -9 -10 -11 -12 -13 13 20 15 27 -18 18 19 28 -22 -23 25 -25 29 -27 -28 -29 -30 -31
leaf_value=-0.02714375313774638 -0.016859894133096697 -0.0055436045025255044 -0.011423936264355774 -0.021262320710869632 0.017044742283923064 0.0017597350200058612 0.0050920570428021989 0.033731810808182341 0.020082447704038501 0.11682789339912844 -0.0096981723626301947 0.062535527950161762 -0.015785206418432614 -0.028348074345114702 0.0083474264070716904 -0.0057551476491102607 -0.013777547398766228 -0.013375014991303712 -0.00085070708412602312 0.036224360125184832 -0.0020867628325255821 0.14417382308250615 -0.02487248122948894 -0.01500008158149907 0.062527209678641116 0.030350631730599285 0.06413750110765476 0.044635271872677677 -0.015216692642631756 0.0072210384255579517
leaf_weight=59.627706806641072 1.1714258668944237 1.4033210794441391 77.690225796191953 10.500172184896654 1.412302088690921 1.717595607275143 382.29380264435895 5.1450353000545865 2.3600140444468698 1.232849149382673 1.9007542224135248 4.3545170007273555 16.260020039509982 10.415725179598665 0.55819257767871033 7.1530302522005496 0.81731081195175637 0.78821175615303163 3.0099918439518651 1.2225593938492263 55.114295943058096 1.400647740229032 4.1778313408140102 2.5568665219470867 7.3263263190165144 1.9680494242347775 3.1167981058824807 1.9355660937726495 15.330751581117509 2.4335061963647604
leaf_count=28918 119 177 10554 931 98 169 7391 187 53 79 191 253 2301 1037 79 656 53 91 181 56 4645 95 297 110 272 214 207 22 730 18
internal_value=0.000331722 0.00288805 -0.0018642 0.00291583 0.0413439 0.0572017 0.00574276 0.00124724 -0.0250555 0.0828432 0.0338845 0.047578 -0.000118401 0.00166273 0.0093985 0.0325065 0.0884709 0.00421735 0.012161 0.0072249 -0.00662424 0.121371 0.0200221 0.0299296 0.0393617 -0.00541617 0.0489548 0.00833693 -0.00957023 0.05069
internal_weight=686.395 624.408 234.455 156.765 5.53417 4.36275 389.952 151.231 61.9877 2.64515 7.65859 5.75784 146.086 135.586 70.0557 11.8647 2.77615 58.1909 41.9309 38.0259 65.53 1.95884 21.4726 15.3267 12.7698 6.14588 3.90501 9.0886 16.5533 9.75983
internal_count=60184 31213 23201 12647 465 346 8012 12182 28971 177 621 430 11995 11064 5382 905 227 4477 2176 1878 5682 174 1092 581 471 511 298 678 786 290
is_linear=0
shrinkage=0.03


Tree=79
num_leaves=31
num_cat=0
split_feature=4 28 8 31 21 14 22 11 24 34 21 27 23 21 24 24 34 31 28 31 21 13 1 31 1 12 22 27 8 1
split_gain=45.8011 13.5041 7.02143 8.86408 6.36754 7.95899 8.33737 9.45643 8.28654 10.149 9.70932 7.61277 7.76194 12.9086 7.17065 7.71566 7.14356 6.82607 6.44123 6.3235 8.53156 6.29004 5.86416 7.58413 8.86848 5.8417 5.74223 4.82346 5.12558 5.73697
threshold=-2.1807830333709712 0.84138089418411266 4.3220129013061532 327.78775024414068 -1.5405887365341184 -0.92485693097114552 -0.11377333104610442 2.280268788337708 0.76938405632972728 0.36122187972068792 0.41566342115402227 0.51842105388641369 0.22220987081527713 0.64618584513664257 0.81454625725746166 0.5898788869380952 0.63311669230461132 242.60193634033206 -0.91978326439857472 138.54584121704104 -0.15068069100379941 -1.3893312215805051 2.57839047908783 306.53132629394537 6.4213438034057626 28.961774826049808 0.74823740124702465 0.86578947305679332 2.8244675397872929 3.0944755077362065
decision_type=2 2 2 2 2 2 2 2 2 2 2 2 2 2 2 2 2 2 2 2 2 2 2 2 2 2 2 2 2 2
left_child=-1 2 3 4 14 8 7 -7 21 10 -10 12 13 17 15 -2 -11 19 -12 -9 -21 -6 -13 -24 -25 -5 -23 28 -8 -30
right_child=1 -3 -4 25 5 6 27 11 9 16 18 22 -14 -15 -16 -17 -18 -19 -20 20 -22 26 23 24 -26 -27 -28 -29 29 -31
leaf_value=-0.027200273705927147 0.0091331217810040541 -0.019751948984104629 0.0060911821815791854 -0.0073407647093866315 -0.021988341824435414 -0.023248816137679922 -0.017918834234684232 -0.0019076603875963292 0.090162837596848053 -0.015356017449522773 0.053342040698777224 -0.02479052096541199 -0.0052230145576799064 0.11256989529697767 -0.013213578303520823 0.071251881262219027 0.031838198441886255 -0.013591066476947548 -0.019934303659035386 0.084598533843238427 -0.0037861986463915719 -0.0048895445922781302 0.0040466762154663513 0.079470836020430494 -0.0070301628270931123 0.021778900051739897 0.04997542631662065 0.0046095026145275154 0.0502448844872272 -0.0055025764128218968
leaf_weight=51.456389301340096 3.9389276024885458 23.697917307727039 302.24180683586746 130.51111900235992 5.8812370208324865 6.9388558042701325 36.607045933487825 2.1283436549128947 2.9351856822613618 4.552189155481754 0.79104214091785197 4.2500860565342 3.6747079747728995 1.0954515745397646 2.4341903300955892 2.9454002445563674 5.2102851970121264 2.5200947294943035 1.8290113728726289 2.3808124610222858 1.2693496628198793 3.6790378890000301 31.535554170608521 1.724243137519806 1.506909344345331 5.5535000115633002 1.9794023199938235 18.448770281858742 1.2028922548051912 6.1236196169629693
leaf_count=27693 318 4203 4950 12663 496 1262 3778 182 151 166 66 333 356 87 185 85 72 291 152 180 141 337 945 93 69 25 160 228 74 329
internal_value=-0.000282863 0.00199284 0.00288925 -0.000415878 0.0044149 0.00280898 -0.000505262 0.00751181 0.0172711 0.0310347 0.0600971 0.0119705 0.0309252 0.0442075 0.0272178 0.0413764 0.0104497 0.0240477 0.010813 0.040046 0.059658 -0.00201668 0.00500746 0.00924141 0.0470023 -0.00600202 0.0189261 -0.00808963 -0.0134062 0.00858532
internal_weight=671.043 619.587 595.889 293.647 157.583 148.264 121.407 59.0244 26.8574 15.3177 5.55524 52.0856 13.0688 9.39405 9.31852 6.88433 9.76247 8.2986 2.62005 5.77851 3.65016 11.5397 39.0168 34.7667 3.23115 136.065 5.65844 62.3823 43.9336 7.32651
internal_count=60070 32377 28174 23224 10536 9948 8348 3939 1600 607 369 2677 1237 881 588 403 238 794 218 503 321 993 1440 1107 162 12688 497 4409 4181 403
is_linear=0
shrinkage=0.03


Tree=80
num_leaves=31
num_cat=0
split_feature=1 27 29 3 24 24 1 28 22 3 21 15 15 3 28 0 29 14 31 23 27 15 28 33 21 30 23 8 24 0
split_gain=47.4644 7.67134 7.09821 6.48804 7.05922 5.84192 5.20461 12.8436 8.82366 8.62042 8.31791 7.14417 8.64187 6.5534 6.50278 6.08496 6.04336 7.50814 5.90632 5.74264 11.3241 7.54569 12.7159 6.88078 6.22281 5.20622 6.31552 7.00544 9.25296 10.0864
threshold=0.51628676056861889 0.097368422895669951 0.88014048337936412 0.44990828633308416 0.018666818737983707 2.1157549619674687 27.273371696472172 0.43442112207412725 -2.2722710371017452 -0.593308925628662 -1.2160457968711851 -0.51454755663871754 -0.7992766499519347 0.86852413415908825 -0.94458159804344166 7.5000000000000009 -0.94063457846641529 -0.030746472068130967 274.61106872558599 -0.87785953283309925 0.45000000298023229 1.4684072732925417 -0.9891349971294402 2.3348962068557744 -0.6884455382823943 1.5000000000000002 -0.44811835885047907 0.45658788084983831 0.90041530132293712 6.5000000000000009
decision_type=2 2 2 2 2 2 2 2 2 2 2 2 2 2 2 2 2 2 2 2 2 2 2 2 2 2 2 2 2 2
left_child=-1 -2 5 4 -4 6 7 8 -3 14 -11 12 15 19 -10 18 17 -13 -8 20 24 23 -23 25 -12 26 -21 -28 -29 -30
right_child=1 2 3 -5 -6 -7 11 -9 9 10 13 16 -14 -15 -16 -17 -18 -19 -20 21 -22 22 -24 -25 -26 -27 27 28 29 -31
leaf_value=-0.02536270562805034 -0.016508128884605452 0.042539767494775435 -0.011081340656998812 0.0034499976268385184 0.088926945748255076 -0.029987679199885563 0.015835067140892944 -0.016516006790650146 -0.018317790444928005 -0.016375757481159478 -0.012665841074846839 0.018095514734018704 -0.024811647040158907 -0.01518572603659479 0.010728171505090528 0.025633629080277463 0.015790007632822758 -0.0076104948187146384 -0.0079906218351024905 -0.017131894539016191 0.0066807488838473211 0.083671952662951646 0.0022140288172221119 0.0082762395652884041 0.068056338028186461 -0.010465076734765912 0.054391549271782295 -0.0065003898290673552 0.046391786667587177 -0.011610384683717773
leaf_weight=56.44332137319725 16.433500098413788 4.0737376222386947 0.58084739651530926 3.0200876311864704 1.5064140481408683 3.7033749237889415 12.548584103584288 31.206448092823848 6.4762381552718571 25.768171817064285 0.71611458994448174 15.286385823041199 10.152862876653669 18.713368186727166 117.90211432729848 8.7669282555580121 91.403493668884039 26.52321171015501 29.32733709923923 9.8813568078912777 32.452375080669299 1.5873119670432059 5.3441124972887328 49.219697632826865 3.5108820411842308 64.806961769470945 1.83236385276541 21.281011785846207 6.7228069149423373 3.6305204923264682
leaf_count=30349 4797 132 145 146 161 145 60 4684 834 1622 101 84 58 685 5174 56 511 164 174 730 1416 67 327 703 283 4376 215 1479 330 187
internal_value=0.000736313 0.00313243 0.00368957 0.0358976 0.0665217 0.0033577 0.00361344 0.00167043 0.00322823 0.00268169 -0.000584919 0.00764143 -0.000876284 0.00133297 0.00908174 0.0043098 0.0115063 0.00199127 -0.000648185 0.00293857 0.013502 0.000513004 0.0290656 -0.000920152 0.054574 -0.00514277 0.00287083 0.00910253 0.00489293 0.0268214
internal_weight=680.822 624.379 607.945 5.10735 2.08726 602.838 599.134 405.126 373.919 369.845 245.467 194.009 60.7957 219.699 124.378 50.6428 133.213 41.8096 41.8759 200.986 36.6794 164.306 6.93142 157.375 4.227 108.155 43.3481 33.4667 31.6343 10.3533
internal_count=60195 29846 25049 452 306 24597 24452 23345 18661 18529 12521 1107 348 10899 6008 290 759 248 234 10214 1800 8414 394 8020 384 7317 2941 2211 1996 517
is_linear=0
shrinkage=0.03


Tree=81
num_leaves=31
num_cat=0
split_feature=27 29 0 1 25 27 34 14 31 23 3 23 34 30 25 1 27 22 22 3 1 24 25 23 25 27 27 14 29 28
split_gain=46.9583 10.1284 8.7158 14.2818 7.51144 16.7703 7.52716 6.8544 6.41734 7.27348 7.5477 6.36835 5.56298 5.36486 5.6431 5.27418 6.19088 12.8158 5.55368 5.37211 7.22285 6.17284 7.7499 12.2611 6.94986 6.35858 8.54663 5.76571 6.99181 13.5159
threshold=0.097368422895669951 -0.90066882967948902 4.5000000000000009 2.0808781385421757 0.17677506059408191 0.93684211373329174 1.7789585590362551 0.20818600058555606 327.78775024414068 0.65479564666748058 1.3022454380989077 2.0064597129821782 0.089555285871028914 1.5000000000000002 0.15559837967157367 0.13494345545768741 0.14473684132099154 -0.37130802869796747 -0.69638696312904347 -0.42316132783889765 4.0223710536956796 0.088619977235794081 0.28244432806968695 -1.5819939374923704 0.29843020439147955 0.26578947901725775 0.23421052843332293 0.03942136466503144 -0.61065626144409169 -0.94458159804344166
decision_type=2 2 2 2 2 2 2 2 2 2 2 2 2 2 2 2 2 2 2 2 2 2 2 2 2 2 2 2 2 2
left_child=1 -1 3 -2 5 8 11 -8 9 -5 -11 12 -6 -7 -15 -4 17 18 -17 21 -21 24 25 -24 -18 26 -23 28 -27 -30
right_child=2 -3 15 4 6 13 7 -9 -10 10 -12 -13 -14 14 -16 16 19 -19 -20 20 -22 22 23 -25 -26 27 -28 -29 29 -31
leaf_value=0.058982553969518368 -0.026859087521115151 -0.027427674963194391 -0.020866744789313663 -0.001463998023699495 0.034858641276305613 0.046750019585344069 0.023316226938116594 -0.014945919863960629 -0.0076612296573991363 0.032307355639947972 -0.011945220619536236 0.017672838234498747 -0.013307646063967067 0.02914620575057026 -0.003865481499230509 0.017540877851592026 -0.019458431574432222 -0.01224655898991653 0.092841588022088237 -0.016652840488972909 0.0046088530522303221 -0.012571131217479879 0.06782478083988068 -0.007347373282290336 0.023663354514518779 0.015671243644683593 0.092053166391441996 0.0075643226212993835 -0.019999497987008806 0.058919652566055573
leaf_weight=0.34086712531279673 17.146528537967242 52.955729559995234 5.5233823432354248 29.94901417917572 1.2899168331641693 7.641722775995734 12.523411491187291 5.3113118098117402 48.76059823599644 13.774779071100058 3.9547219695523372 6.2775036110542706 70.737516468623653 10.844231752678754 7.336214415729045 2.1665727542713289 10.511179728317073 3.0095179501222438 1.7214418406365437 14.313501629512755 241.74264221871272 0.71724259795155276 1.1213433973025555 23.636115753557533 3.8049491057172409 32.405722718453035 1.1995660504326222 41.595576800289564 1.9234470159281034 8.5512122863437963
leaf_count=96 5329 27669 2513 1176 87 42 416 276 2165 322 29 83 2751 211 68 215 1281 584 120 2234 6600 283 50 1644 295 921 182 1760 246 513
internal_value=0.000973089 -0.0257989 0.00327709 -0.00128528 0.000835778 0.00574879 -0.00540699 0.0117329 -8.60832e-05 0.00765922 0.0223257 -0.0094095 -0.0119795 0.0267313 0.0163182 0.00600138 0.00643606 0.0328083 0.0630537 0.00587475 0.00336017 0.0109395 0.0133193 -0.00144157 -0.00720079 0.0175174 0.0620162 0.0157939 0.0234227 0.0439479
internal_weight=682.787 53.2966 629.491 235.547 218.401 122.261 96.1397 17.8347 96.4391 47.6785 17.7295 78.3049 72.0274 25.8222 18.1804 393.943 388.42 6.89753 3.88801 381.522 256.056 125.466 111.15 24.7575 14.3161 86.3928 1.91681 84.476 42.8804 10.4747
internal_count=60161 27765 32396 12955 7626 4013 3613 692 3692 1527 351 2921 2838 321 279 19441 16928 919 335 16009 8834 7175 5599 1694 1576 3905 465 3440 1680 759
is_linear=0
shrinkage=0.03


Tree=82
num_leaves=31
num_cat=0
split_feature=11 28 0 11 27 28 27 23 3 23 2 28 15 23 28 34 13 31 34 27 27 2 27 24 2 27 27 34 29 3
split_gain=41.5128 9.41942 6.97544 7.60963 8.34139 9.95518 7.45086 6.99183 9.00121 6.90608 6.96815 6.89201 7.01542 12.929 8.53427 6.85833 6.82308 6.60305 6.03304 5.64032 5.52704 5.26458 4.94764 4.71038 4.50982 4.33649 6.11699 7.47747 7.20536 6.3409
threshold=1.3331446051597597 0.84138089418411266 8.5000000000000018 4.7942762374877939 0.17631579190492633 0.62837758660316478 0.46578946709632879 -0.76121568679809559 0.35448649525642401 2.0064597129821782 0.99736860394477855 -0.93879690766334523 0.20003893226385119 -0.97684684395790089 -0.63338240981101979 0.68322405219078075 -2.0606414079666133 324.24549865722662 0.34536397457122808 0.48157894611358648 0.96052631735801708 3.4395977258682255 0.9736841917037965 0.62241289019584667 3.2009850740432744 0.2868421077728272 0.6921052634716035 0.51865988969802868 -0.9964487850666045 -0.83649501204490651
decision_type=2 2 2 2 2 2 2 2 2 2 2 2 2 2 2 2 2 2 2 2 2 2 2 2 2 2 2 2 2 2
left_child=22 2 3 6 5 18 16 8 11 10 -6 -4 13 17 -14 23 -2 -13 -5 -8 -17 -9 -1 -11 -10 -12 29 28 -28 -27
right_child=1 -3 7 4 9 -7 19 21 24 15 25 12 14 -15 -16 20 -18 -19 -20 -21 -22 -23 -24 -25 -26 26 27 -29 -30 -31
leaf_value=-0.024738124705970591 0.035102406076994115 -0.016677779140386394 -0.01157581921556824 -0.021903138486632581 -0.022393217847425966 0.089696346577699371 0.033649916203686757 0.00070198312770580664 -0.019884963816760283 0.0024647136232643363 -0.020237622318833977 0.04080978076647606 0.047758410241969251 0.091532781683709596 -0.012155959948289628 -0.00023904171490579369 -0.028542580356585624 -0.020138428985863512 0.025263664420789773 -0.0046596042113723202 0.035125164405889038 0.017215000236068537 0.037362814501070742 0.067088576038499437 0.014473324612943258 0.043005750924119221 0.0097290906210301172 0.001262541716302657 -0.023694945827400681 0.0062439280171086133
leaf_weight=60.557972300681286 0.81463591300416993 22.478044516872615 2.1734004679601666 2.4241789539810243 10.309373877244068 0.94231295632198531 2.7133520991774267 70.221563838189468 4.5889960366766882 1.5262597105465854 7.0585100916214278 3.0605173789663258 2.825377855100669 4.0456671545980498 4.1539945120457551 15.772370002698155 17.322013456956483 1.8562961089191956 8.5530811040662211 50.106324025662616 4.3127557188272467 22.130018927156925 0.32726140879094501 2.5831485455855727 7.9445850932970643 3.4381890022195867 7.2785628931596902 205.30814823275432 20.788456698413938 109.38418426224962
leaf_count=31071 100 3496 156 314 1458 58 295 3902 325 81 420 113 106 113 210 214 4730 137 306 3126 24 113 8 59 61 146 206 4159 722 3929
internal_value=-0.000382185 0.00196741 0.00270027 0.00103012 0.00264121 0.0263603 -0.00795539 0.00903093 0.0212223 0.00184617 0.000791352 0.0341789 0.0407319 0.0572178 0.0150441 0.0170361 -0.0239989 0.0182848 0.0138884 -0.00210297 0.00866023 0.00480099 -0.023806 0.0482668 0.00135374 0.00152927 0.00203008 -0.000747779 -0.0149906 0.00773221
internal_weight=677 616.114 593.636 470.636 399.68 11.9196 70.9563 123 30.6488 387.76 363.565 18.1153 15.9419 8.96248 6.97937 24.1945 18.1366 4.91681 10.9773 52.8197 20.0851 92.3516 60.8852 4.10941 12.5336 353.256 346.198 233.375 28.067 112.822
internal_count=60158 29079 25583 20347 12096 678 8251 5236 1221 11418 11040 835 679 363 316 378 4830 250 620 3421 238 4015 31079 140 386 9582 9162 5087 928 4075
is_linear=0
shrinkage=0.03


Tree=83
num_leaves=31
num_cat=0
split_feature=4 8 22 22 15 3 0 29 34 34 29 22 21 22 3 15 2 21 15 8 34 27 21 0 14 21 11 25 0 21
split_gain=37.9447 8.97984 6.43387 6.19481 8.49187 6.69425 5.80201 6.67284 13.2024 11.5276 9.29478 8.03647 10.0486 5.76194 6.38455 5.59537 6.71707 5.53273 5.543 5.50745 6.60587 7.58815 5.15344 5.16862 5.14415 5.04656 5.98199 5.61204 7.68609 6.48759
threshold=-2.1807830333709712 1.6255767941474917 -1.3478988409042356 -0.014925332274287937 -0.81711009144783009 -0.78328287601470936 3.5000000000000004 -0.76278147101402272 4.1476359367370614 0.77147418260574352 -0.36046156287193293 -0.48718555271625513 -0.17272834479808805 -0.83903506398200978 -0.5410059094429015 0.072101768106222167 1.8489586710929873 0.5659351944923402 0.73804995417594921 0.31480114161968237 0.19251431524753573 0.47631579637527471 -0.567488133907318 7.5000000000000009 -0.56667354702949513 -1.2160457968711851 18.157570838928226 0.11867948621511461 6.5000000000000009 -0.38993266224861139
decision_type=2 2 2 2 2 2 2 2 2 2 2 2 2 2 2 2 2 2 2 2 2 2 2 2 2 2 2 2 2 2
left_child=-1 2 -2 6 19 15 -4 8 13 10 11 24 -13 14 -8 -6 22 18 -12 -5 21 -21 23 -17 -9 26 -3 28 29 -27
right_child=1 25 3 4 5 -7 7 9 -10 -11 17 12 -14 -15 -16 16 -18 -19 -20 20 -22 -23 -24 -25 -26 27 -28 -29 -30 -31
leaf_value=-0.025030935621476215 -0.027490174903309524 -0.011113902884261713 -0.012537326095805486 -0.023032477883285184 -0.022325187257918634 -0.020810325286412225 0.028582097849273808 0.051760950545697175 0.059083611922883535 -0.01971605872817081 0.032846088135044971 0.017755009522909912 0.11664895724829978 -0.015809317089988562 -0.022012266519823433 -0.01660540085316066 0.042637738459256794 -0.02190805396254648 -0.013591941473005766 -0.013528678594011514 0.0062089385021421905 0.077693263755209283 -0.015694222670511643 0.04714658945051993 -0.0074334468090464798 -0.0018466099186077564 0.013187297967506131 0.0048307872577159272 -0.017374196467453577 0.035060134750981631
leaf_weight=46.765578921535052 8.5393780833110196 33.501819624681957 13.561082394677213 2.9619556227698949 5.5103846937418011 37.616531648091041 5.8345073217060417 1.1700950232334433 1.9905786651652295 4.6897716014645985 7.8482508186716604 1.997618309571408 1.8519339131889889 19.551074405899271 2.4719488513656014 1.1907524392008784 3.2974564395844927 2.5818257661303496 2.5015556036960334 0.80130807368550394 12.843362985295242 1.7317997254431245 7.1004022252745909 2.0271506742574275 2.8477113370317966 5.5941347496118459 11.460316915065048 408.13527368346695 3.6923145671607918 16.078234643791802
leaf_count=27750 1275 1519 2253 558 526 5552 299 76 123 831 1191 175 234 1441 238 148 36 513 421 210 1161 91 905 84 395 306 133 10881 212 723
internal_value=0.000752471 0.00270001 -0.00362186 -0.00202639 -0.00793824 -0.0136212 0.00443742 0.00874603 -0.000949334 0.0197068 0.0290926 0.0529608 0.0795739 -0.0071378 0.0127781 0.000849654 0.0111144 0.0118124 0.0214134 0.00944089 0.0167207 0.053175 -0.00183667 0.0252119 0.0166855 0.00471857 -0.00476766 0.00571118 0.0191568 0.0258724
internal_weight=677.746 630.981 152.518 143.979 75.0811 56.7427 68.898 55.3369 29.8481 25.4888 20.799 7.86736 3.84955 27.8575 8.30646 19.1261 13.6158 12.9316 10.3498 18.3384 15.3765 2.53311 10.3183 3.2179 4.01781 478.462 44.9621 433.5 25.3647 21.6724
internal_count=60260 32510 18736 17461 9271 7251 8190 5937 2101 3836 3005 880 409 1978 537 1699 1173 2125 1612 2020 1462 301 1137 232 471 13774 1652 12122 1241 1029
is_linear=0
shrinkage=0.03


Tree=84
num_leaves=31
num_cat=0
split_feature=1 28 22 22 28 28 22 34 11 0 23 3 13 11 3 11 29 28 29 4 29 31 25 25 28 31 23 25 25 31
split_gain=39.7518 9.30797 6.0028 6.3294 6.78474 5.98881 6.34325 9.64088 11.1383 9.37598 6.98965 6.08254 7.74378 5.41098 9.25526 8.1459 9.06697 8.40802 5.90166 5.54149 5.38575 6.36518 6.13604 5.23698 6.85051 12.4032 7.6757 6.22142 5.17968 5.09277
threshold=0.51628676056861889 0.83196112513542186 -1.5393707156181333 -0.8252141773700713 0.80223616957664501 -0.99808582663536061 -0.45511524379253382 0.13229677826166156 4.9946930408477792 9.5000000000000018 0.26622267067432409 1.0864619016647341 1.4787049293518069 5.1076581478118905 -0.65641793608665455 6.48699975013733 -0.96383434534072865 -0.99538850784301747 -0.84427365660667408 15.350988388061525 0.61575165390968334 57.316545486450202 0.28525754809379583 0.20719622820615771 -0.36547046899795527 306.53132629394537 0.16803596168756488 0.2599016427993775 0.31327161192893987 117.56652450561525
decision_type=2 2 2 2 2 2 2 2 2 2 2 2 2 2 2 2 2 2 2 2 2 2 2 2 2 2 2 2 2 2
left_child=-1 2 -2 20 5 -5 7 8 -7 10 -9 12 -12 14 -8 16 19 -17 -18 -15 21 -4 29 -16 -25 26 27 -26 -11 -23
right_child=1 -3 3 4 -6 6 13 9 -10 28 11 -13 -14 15 23 17 18 -19 -20 -21 -22 22 -24 24 25 -27 -28 -29 -30 -31
leaf_value=-0.024891092436709662 -0.0086524803357871244 -0.014754070234586865 0.039251578355118687 -0.021778254036818989 0.028723814806680053 0.089993246294118881 0.006779645568688787 -0.017199524245416233 -0.0011125793758409957 0.0068665440370494031 -0.015186948102080117 0.033615118349494363 0.051976333130137324 0.053343734508064622 -0.024661355208602281 0.04152517298135458 -0.020832699252790198 0.0032759194378891771 0.015264483345887432 0.002319121499812529 0.037815635775989849 -0.025060461256198104 -0.01271891405883918 -0.016392552079940465 0.097932908595588453 -0.017918067310744263 -0.014517499548293471 0.0087904206543883198 0.062244961103448231 0.011941676472176137
leaf_weight=51.255930693587288 35.768352985149249 26.459795416449197 4.8728755302727214 8.3571079508401436 7.7147588098887345 0.99357078911270891 40.85921104089357 49.470146921928972 3.003025549929589 6.1907059048535293 9.963804936036464 3.944166296394541 0.80895058857277113 7.6038557696156186 18.282461785245687 4.2847732105292371 4.1017524956259868 269.24487026012503 20.756986965658147 2.5849910723045468 5.4447139527183017 2.6105905706062904 11.608701803721486 11.397095275926405 1.5554957228014243 3.7635166840627789 0.87245426676236082 1.2705491632223127 1.1602620200719682 64.478935519699007
leaf_count=30331 1266 3922 171 745 536 128 2455 1917 134 293 672 81 57 249 3534 120 267 6891 1021 22 490 166 438 987 99 653 104 101 52 2356
internal_value=0.000253618 0.00233745 0.00311065 0.00386637 0.00248666 0.00199641 0.00247246 -0.00542961 0.0350147 -0.00814066 -0.0118789 0.00596266 -0.00615694 0.0040265 -0.0030034 0.00580745 0.0192274 0.00402416 0.00873306 0.0417626 0.0111681 0.00900539 0.00666359 -0.0136613 -0.00229266 0.018635 0.0517278 0.0706281 0.0220143 0.0101549
internal_weight=680.684 629.428 602.969 567.2 478.185 470.47 462.113 75.5346 3.9966 71.538 64.1871 14.7169 10.7728 386.578 78.0008 308.577 35.0476 273.53 24.8587 10.1888 89.0158 83.5711 78.6982 37.1416 18.8591 7.46202 3.6985 2.82604 7.35097 67.0895
internal_count=60258 29927 26005 24739 21118 20582 19837 3334 262 3072 2727 810 729 16503 7933 8570 1559 7011 1288 271 3621 3131 2960 5478 1944 957 304 200 345 2522
is_linear=0
shrinkage=0.03


Tree=85
num_leaves=31
num_cat=0
split_feature=1 0 4 25 3 33 28 34 3 34 23 14 1 34 15 15 23 15 28 24 21 3 3 21 21 25 12 26 33 14
split_gain=39.5487 8.7328 10.9699 12.3458 10.0257 8.93681 8.38732 9.03087 11.3692 8.15613 7.94608 6.9545 7.61719 6.90631 6.78106 12.5974 12.4543 11.2093 14.11 9.03934 8.10889 6.94918 7.02635 6.78927 8.05179 7.53996 8.05106 6.71411 6.22996 6.2015
threshold=0.51628676056861889 3.5000000000000004 6.4190287590026864 0.17677506059408191 0.57504427433013927 2.4178839921951298 -0.13505011796951291 1.3448750972747805 -1.0945075154304502 7.1405768394470224 -0.57109087705612172 -0.85807329416275013 33.519430160522468 5.140587806701661 0.57320404052734386 1.5010006427764895 -0.23202957212924954 0.18167464435100558 -0.44407938420772547 0.85350084304809581 -1.1623673439025877 0.68266335129737865 -0.6695595085620879 0.94740837812423717 0.36681669950485235 0.28592208027839666 -0.94738474488258351 26.791135787963871 1.0814385414123537 -0.99689647555351246
decision_type=2 2 2 2 2 2 2 2 2 2 2 2 2 2 2 2 2 2 2 2 2 2 2 2 2 2 2 2 2 2
left_child=-1 2 13 4 5 10 14 8 -8 -5 -4 -6 -13 -2 17 -16 -17 18 27 21 -19 22 28 24 25 26 -22 -3 -20 -15
right_child=1 6 3 9 11 -7 7 -9 -10 -11 -12 12 -14 29 15 16 -18 20 19 -21 23 -23 -24 -25 -26 -27 -28 -29 -30 -31
leaf_value=-0.024218758796898811 -0.018072496847451682 0.0053776943656744973 0.031330592156824481 -0.014177046909718443 -0.013471466200254082 0.033501872260888015 0.023707488815775907 0.0083923906275656102 -0.0078468356962752769 0.027452228906484164 -0.017215405937865635 -0.010844501738722276 0.020530608175812429 0.06459648131686542 -0.0067280284834267531 -0.015643565196942023 0.055403957782028355 -0.0080232059388593378 0.042341076591203883 0.00076519432134582914 0.00037225938474361116 -0.00034710950625549956 0.058019207557642158 -0.01232284353261894 0.059913487881924028 -0.0074897435806126475 0.036107248316206847 -0.014492324928474704 -0.018003461469277542 -0.015533834277357132
leaf_weight=50.38846229435876 42.194775971351191 107.56413914158475 3.7420237273909169 42.365425967145711 18.761506751645356 20.085552224889398 10.419909244170411 77.600459535606205 103.98752434749622 3.7675144602544597 7.4275487293489277 10.037971166893842 18.536768674850464 0.86938381288200606 46.839755520224571 2.8604824257781729 5.3375063543207926 6.3861524828243992 1.8155416192021245 8.8442022746894491 7.1534396945498839 3.5747570826206347 10.710081208264457 3.1980141379171974 6.2543472694233051 5.613546426407992 26.835597217897888 16.839715933194384 2.5235252380371094 1.0472264299169172
leaf_count=30534 6277 5020 206 844 250 197 467 2268 6770 45 433 349 86 41 2541 220 246 212 95 216 356 136 438 163 283 239 709 473 33 138
internal_value=0.00108062 0.00316173 -0.00265269 0.00191818 0.00910998 0.0220087 0.0053234 0.000552119 -0.00479243 -0.010267 0.000286513 0.000314132 0.00951489 -0.0153328 0.00880001 -0.000555626 0.0316081 0.0112745 0.00697589 0.0260338 0.0227177 0.0373829 0.0458085 0.0268 0.0297331 0.0236086 0.0288119 0.00259391 0.010447 0.0304992
internal_weight=673.583 623.194 168.836 124.724 78.5914 31.2551 454.359 192.008 114.407 46.1329 11.1696 47.3362 28.5747 44.1114 262.351 55.0377 8.19799 207.313 151.872 27.4681 55.4411 18.6239 15.0491 49.0549 45.8569 39.6026 33.989 124.404 4.33907 1.91661
internal_count=60285 29751 8866 2410 1521 836 20885 9505 7237 889 639 685 435 6456 11380 3007 466 8373 6411 918 1962 702 566 1750 1587 1304 1065 5493 128 179
is_linear=0
shrinkage=0.03


Tree=86
num_leaves=31
num_cat=0
split_feature=27 8 0 29 4 11 3 12 12 8 11 24 15 0 23 3 29 24 24 8 34 8 27 27 25 15 11 27 24 15
split_gain=34.2636 8.28206 10.6851 11.2871 9.60912 8.49617 6.63964 6.43643 8.60702 6.21371 5.79131 5.7022 6.46543 9.66374 5.701 5.77643 11.1159 8.26634 5.6172 6.65554 8.76454 10.2118 9.38089 7.74448 5.05629 6.08235 5.03211 8.18744 4.99897 4.86214
threshold=0.097368422895669951 7.0380437374114999 5.5000000000000009 0.78855493664741527 -0.72935879230499256 1.002714276313782 0.53662675619125377 0.46431541442871099 6.9599246978759775 0.20236707478761676 14.066519260406496 0.22964225709438327 0.21901734918355945 2.5000000000000004 0.69787979125976574 -0.83649501204490651 -0.90066882967948902 0.30656442046165472 0.78081303834915172 3.4441859722137456 1.1228771805763247 0.88173741102218639 0.88684210181236278 0.95000001788139354 0.2430297136306763 0.48954504728317266 13.781019210815431 0.47105263173580175 0.2410782724618912 -0.29521980881690973
decision_type=2 2 2 2 2 2 2 2 2 2 2 2 2 2 2 2 2 2 2 2 2 2 2 2 2 2 2 2 2 2
left_child=10 2 4 5 -2 -4 9 11 -9 -5 -1 -3 13 -13 15 16 17 -6 -16 20 21 -20 -23 -21 25 -14 -17 -28 -29 -15
right_child=1 7 3 6 14 -7 -8 8 -10 -11 -12 12 24 29 18 26 -18 -19 19 23 -22 22 -24 -25 -26 -27 27 28 -30 -31
leaf_value=-0.026343757998293471 -0.026938568636387709 -0.012368011784340742 -0.026702705623581045 -0.010290261621686465 -0.0096506751597118402 0.0034123331033006788 -0.013542879652374331 -0.011882243711386679 0.0067249415378428058 0.085062482528107761 0.018824813057831753 0.048605768884551002 0.049345775631546324 0.011480881833025515 -0.0088697187583402035 -0.014060931793933905 -0.012997373082780624 0.063839659059861012 -0.020686550345022644 -0.019306856442309381 -0.021791579137960541 0.076027247637036957 0.010357972486518926 0.023402545115796178 0.078606877894204383 -0.012394397816698223 0.040456102481900964 0.025765860608751797 -0.011203839870403357 -0.025509132582748596
leaf_weight=47.12087076168973 17.803889350616373 3.7021714583970633 7.769612156553193 0.51965014869347204 1.6802171180024741 221.51505632442422 0.79159464896656562 24.831779507454485 169.12220332445577 2.1013481743866578 2.0126242942642412 4.1822353200987044 1.9468107493594278 9.4532419294118935 14.744768688920884 72.255926943384111 6.8490371976513398 3.3071350939571857 1.5349994397256548 7.7587788910604996 1.8540221680887032 4.8170792215969396 3.4928693249821663 5.7789362035691738 2.2336198892444372 2.1815116982907057 3.0905491090379682 2.9438967574387815 19.715470897965133 3.6080217945855031
leaf_count=27769 6210 112 2865 267 60 11469 69 723 1325 318 51 105 36 191 1021 5427 388 83 94 172 120 234 24 33 35 65 82 85 608 84
internal_value=-0.000296123 0.00162557 -0.000950408 0.00320513 -0.00670384 0.00228032 0.0507428 0.00626956 0.00429395 0.0685366 -0.024155 0.0196541 0.0249748 0.0139421 -0.00413664 -0.00765007 0.0114583 0.0416044 0.00546705 0.0138622 0.0294638 0.0402356 0.0525023 -0.000719517 0.0489225 0.0206656 -0.0100503 0.00130889 -0.00551473 0.000175361
internal_weight=670.72 621.586 400.325 232.697 167.628 229.285 3.41259 221.262 193.954 2.621 49.1335 27.3076 23.6054 17.2435 149.824 109.842 11.8364 4.98735 39.9815 25.2367 11.699 9.84495 8.30995 13.5377 6.36194 4.12832 98.0058 25.7499 22.6594 13.0613
internal_count=60125 32305 29629 14988 14641 14334 654 2676 2048 585 27820 628 516 380 8431 6733 531 143 1698 677 472 352 258 205 136 101 6202 775 693 275
is_linear=0
shrinkage=0.03


Tree=87
num_leaves=31
num_cat=0
split_feature=1 0 11 34 24 0 27 21 15 24 13 24 12 3 15 13 23 8 27 11 11 8 3 8 0 12 23 28 3 11
split_gain=36.2192 5.70004 6.91321 10.1531 13.1626 8.76316 8.74726 7.02853 6.82323 12.4668 8.80752 5.77019 6.39383 8.46956 8.02449 6.21333 6.03313 8.9548 11.2406 13.0472 7.53557 7.06962 5.32775 5.80259 5.01044 4.74585 4.51706 5.73539 18.402 10.8627
threshold=0.51628676056861889 8.5000000000000018 4.6934001445770273 0.17643880844116214 0.59537160396575939 4.5000000000000009 0.77105262875556957 0.84978225827217113 0.26415537297725683 0.73637875914573681 -0.51381298899650563 1.2120638489723208 16.180838584899906 0.37145408987998968 -0.7029338777065276 -1.3317878246307371 0.081293594092130675 0.35197097063064581 0.721052646636963 2.1801843643188481 7.3657994270324716 1.0509804487228396 -1.8337804079055784 0.36206568777561193 7.5000000000000009 -10.141630649566649 0.09010965004563333 -0.9891349971294402 1.3022454380989077 9.5841207504272479
decision_type=2 2 2 2 2 2 2 2 2 2 2 2 2 2 2 2 2 2 2 2 2 2 2 2 2 2 2 2 2 2
left_child=22 2 3 4 -2 -6 -5 -7 9 10 -8 12 13 16 15 -15 17 18 19 -3 -21 -19 23 -1 -25 -18 -4 28 29 -28
right_child=1 11 26 6 5 7 8 -9 -10 -11 -12 -13 -14 14 -16 -17 25 21 -20 20 -22 -23 -24 24 -26 -27 27 -29 -30 -31
leaf_value=-0.018295355505039503 -0.011062389880577419 -0.014346607371017679 -0.00044398171984414927 -0.018864343621436092 -0.014703901073953951 0.088270247917999825 0.00041811862852900205 -0.010650811091758311 -0.013957334546683966 -0.01263850323571911 0.062349819584922105 -0.0099629070215616535 0.023835871304891676 -0.01392786592294569 -0.017403657319697431 0.045818038155173456 0.043165794303662325 -0.0085317605973333314 -0.0094065608266086509 0.11819690283705735 0.0045191355389212675 0.019652762828638301 -0.026838923148956455 -0.010056381143079034 0.085208914167291455 -0.0046940090069510429 0.0035714057064640198 0.0039628438572496105 -0.0078709319819377198 0.070241097254144083
leaf_weight=1.5491079509956756 5.2458506124094111 0.90517330705188159 232.47534989356063 45.696982706198469 0.9513606666587292 2.7415190570754935 3.3012196852359921 0.5409284709021448 11.645036188187076 7.0634344415739179 4.5877716552931833 13.820470009697599 23.0901263281703 2.0302582951262593 19.157247669994831 2.8205885548377436 1.0309279286302651 10.296484622987917 1.7591908811591563 2.2143515094649051 0.72515057330019761 28.818042295984924 45.70382635272108 0.50111532432492811 0.30115753668360412 21.827712946454994 3.3728820811957139 163.00546055077575 9.7343947915360314 5.9883125103078783
leaf_count=496 1263 244 7176 8790 282 249 95 75 473 150 106 729 137 105 1231 190 45 770 78 153 58 933 29776 139 54 1456 223 4553 85 166
internal_value=0.000273097 0.00221841 0.00075443 -0.00716465 0.0206177 0.0544842 -0.0110392 0.0732882 0.00260148 0.0155641 0.0393965 0.00782395 0.0100352 0.00633594 -0.0087157 0.0227056 0.0117324 0.0180248 0.0506424 0.0743888 0.0984192 0.0122058 -0.0245508 0.0146619 0.0531409 -0.000816764 0.00232993 0.00585427 0.0209994 0.0488828
internal_weight=672.901 624.846 496.351 81.7741 9.47966 4.23381 72.2944 3.28245 26.5975 14.9524 7.88899 128.496 114.675 91.5851 24.0081 4.85085 67.577 44.7184 5.60387 3.84468 2.9395 39.1145 48.0552 2.35138 0.802273 22.8586 414.576 182.101 19.0956 9.36119
internal_count=60280 29815 23686 11483 1869 606 9614 324 824 351 201 6129 5400 5263 1526 295 3737 2236 533 455 211 1703 30465 689 193 1501 12203 5027 474 389
is_linear=0
shrinkage=0.03


Tree=88
num_leaves=31
num_cat=0
split_feature=1 8 28 0 31 14 15 12 24 32 23 12 4 14 14 24 1 24 14 15 28 22 3 12 12 28 8 8 24 3
split_gain=30.9173 9.02689 9.6595 8.2064 8.64973 11.8722 15.8165 13.0586 11.6907 9.31575 7.3821 7.27497 7.29695 6.59844 6.55856 6.07925 5.5105 5.29772 4.68237 6.94344 7.64955 6.49689 7.71043 5.92725 10.5359 7.94551 7.10141 5.42975 5.13208 5.1285
threshold=0.13494345545768741 6.7658143043518075 0.84138089418411266 4.5000000000000009 202.75409698486331 -0.78465914726257313 -1.6421105265617368 1.7080947160720827 0.14351424574851993 1.0000000180025095e-35 2.0064597129821782 4.9561624526977548 -1.6406219601631162 -1.8044977784156797 0.066992498934268965 1.2120638489723208 27.273371696472172 0.0096375932916998881 -0.33124779164791102 0.89960899949073803 -0.9891349971294402 -0.13847266882658002 0.43362963199615484 -3.5669338703155513 -2.1726754903793331 -0.92639589309692372 2.1400109529495244 2.6161701679229741 0.60841628909111034 -1.0945075154304502
decision_type=2 2 2 2 2 2 2 2 2 2 2 2 2 2 2 2 2 2 2 2 2 2 2 2 2 2 2 2 2 2
left_child=-1 2 3 10 5 6 -5 8 -8 16 -2 12 14 -4 -11 -12 -7 -16 21 23 -21 -6 29 -20 25 -25 -27 -26 -29 -23
right_child=1 -3 13 4 18 9 7 -9 -10 11 15 -13 -14 -15 17 -17 -18 -19 19 20 -22 22 -24 24 27 26 -28 28 -30 -31
leaf_value=-0.026658139299115452 -0.0080968857122184369 0.0067870591801551406 0.033941275483860091 -0.011394351705238941 -0.016268876468122317 -0.022771272192261782 -0.012677002710411511 0.0055116548874563683 0.10091698468549029 -0.013392771784129689 0.035331449623336314 0.061676077524166976 0.0038131038018442195 -0.028756837861231611 -0.0091007855146857507 -0.016403064823836321 0.029147521950405781 0.087014068020033128 -0.010070317471309322 0.038574474493331491 -0.017205103773104583 0.031312045194950677 -0.02594970410644782 -0.010317925702374837 -0.00066745648900129234 0.068531521245866825 0.00089576403748432181 0.020258675612544328 -0.00097025928939288423 0.002178789857912272
leaf_weight=34.43573650426697 113.36206427635625 235.19324425782543 0.83956992928869922 3.4935523191234097 29.187817774130963 10.64818484650459 0.7162160041043516 2.8173957881517708 4.4266481065424159 0.79315550893079789 5.6342466971836975 1.7964377468451846 24.075739241670821 14.250351698487064 0.42756451643072058 2.2547191162593663 1.2997472062706936 1.5418351797852663 16.088751371135004 1.5270192159805471 19.932631501113065 5.7524564469931638 6.3739483193494371 1.9788662687642498 52.030958760646172 4.9454532952513528 1.8612425466999409 30.685252084280364 15.018640734720973 28.864801159827039
leaf_count=23900 10052 2988 94 176 2100 1136 135 91 240 186 212 19 1049 4830 117 45 9 182 1155 121 2088 341 452 175 4488 363 100 784 400 2026
internal_value=0.000618795 0.0021309 -0.000599071 0.000345694 0.00328968 0.0141369 0.039805 0.0610389 0.085609 0.00610942 -0.00609374 0.0152611 0.0100503 -0.0233758 0.0489476 0.0203635 -0.0153084 0.0701096 0.000601684 0.00369123 -0.0116952 -0.00570352 0.00202782 0.00645706 0.00902379 0.038759 0.0525208 0.00598536 0.0134113 0.00776316
internal_weight=672.254 637.819 402.625 387.535 266.284 52.0365 11.4538 7.96026 5.14286 40.5827 121.251 28.6347 26.8383 15.0899 2.76256 7.88897 11.9479 1.9694 214.248 144.069 21.4597 70.179 40.9912 122.609 106.52 8.78556 6.8067 97.7349 45.7039 34.6173
internal_count=60054 36154 33166 28242 17933 3340 642 466 375 2698 10309 1553 1534 4924 485 257 1145 299 14593 9674 2209 4919 2819 7465 6310 638 463 5672 1184 2367
is_linear=0
shrinkage=0.03


Tree=89
num_leaves=31
num_cat=0
split_feature=1 28 8 25 12 26 15 8 15 28 11 29 15 24 28 8 24 28 12 24 11 15 31 34 22 27 28 28 15 3
split_gain=35.6936 7.16711 8.05337 6.39868 5.33574 7.978 4.62256 4.56485 4.43949 6.10568 8.63339 6.71646 8.12569 7.24733 6.28265 6.84677 6.04094 10.3822 12.7597 9.92307 8.35311 7.35816 7.74013 7.04483 6.41527 6.3663 8.60084 6.97302 6.1818 6.72829
threshold=0.7033660113811494 0.84138089418411266 10.153988361358644 0.25960630178451544 28.961774826049808 34.916603088378913 -0.50425606966018666 0.43442951142787939 0.59844994544982921 -0.9891349971294402 6.38114356994629 -0.90066882967948902 0.71025109291076671 0.2471328675746918 -0.066607572138309465 10.991354465484621 0.11402578279376031 0.48030318319797521 -2.8812820911407466 0.070404283702373519 9.4228820800781268 0.18167464435100558 352.47375488281256 6.094222068786622 -0.063255924731492982 0.7815789282321931 -0.63338240981101979 -0.15207348018884656 0.036359176039695747 -0.60604295134544361
decision_type=2 2 2 2 2 2 2 2 2 2 2 2 2 2 2 2 2 2 2 2 2 2 2 2 2 2 2 2 2 2
left_child=3 4 -3 -1 5 8 -6 -5 16 10 -10 12 13 -11 15 -14 19 21 -19 20 -2 28 -23 -20 -22 26 -24 -28 -18 -30
right_child=1 2 -4 7 6 -7 -8 -9 9 11 -12 -13 14 -15 -16 -17 17 18 23 -21 24 22 25 -25 -26 -27 27 -29 29 -31
leaf_value=-0.026275608011797232 -0.0078365891086572739 -0.026095999597722217 0.010109570776971938 -0.011479756043195535 -0.00023575181055877123 -0.025045685827662804 0.018964741354560364 0.037804158986850619 -0.022150605041283276 0.029168508867052644 0.033584658108342727 -0.011697633348360261 -0.0089136293510158181 -0.024253692712658367 0.024137454942230838 0.033637769263787635 0.0042333674505758137 0.090107007872409217 0.0002902901543064363 -0.026187195446271898 0.032395887896994616 0.018720046218957107 -0.0080877657969820223 0.050547481558345098 -0.01575027500160971 -0.016583090103216944 0.059140552974921178 -0.0016834769992835779 0.012624854194724464 -0.015700438334403707
leaf_weight=46.581710631144233 21.901475478662178 14.478477932745593 7.9246303774416438 3.8251212011091402 16.637369424104691 8.2102348404005152 33.919452682137489 1.6448123026639221 2.6946785607142356 1.895938584813847 7.8206503731198609 53.449061841936782 16.411534000653777 11.851532839005811 16.300787918502465 3.2304515819996587 250.36068547237664 1.7321646807249642 8.3633321491070038 13.590618806774726 9.8411490223370475 56.979055168107152 8.0931832998758164 2.5939971143379816 2.5689801445696494 11.72699666302651 3.4790311679244041 2.6435697994893443 9.2877639513462764 28.650233989581466
leaf_count=30664 3140 3130 116 1160 73 355 148 336 405 52 162 4019 522 346 749 26 8520 160 713 722 212 1517 508 43 123 373 193 190 315 1142
internal_value=0.000904842 0.00290081 -0.0134043 -0.0227259 0.0035265 0.00266151 0.0127642 0.00689245 0.00312362 -0.00213731 0.0186186 -0.0044119 0.00350113 -0.0154079 0.0109548 -0.000624795 0.00451005 0.00576386 0.0314528 -0.00545089 0.00327164 0.00480359 0.0126252 0.0154203 0.021998 -0.000958994 0.0121726 0.0363292 0.00251803 -0.00861986
internal_weight=678.689 626.637 22.4031 52.0516 604.234 553.677 50.5568 5.46993 545.467 113.655 10.5153 103.139 49.6902 13.7475 35.9428 19.642 431.812 383.91 12.6895 47.9022 34.3116 371.221 82.9218 10.9573 12.4101 25.9428 14.2158 6.1226 288.299 37.938
internal_count=60134 27974 3246 32160 24728 24507 221 1496 24152 6281 567 5714 1695 398 1297 548 17871 13674 916 4197 3475 12758 2781 756 335 1264 891 383 9977 1457
is_linear=0
shrinkage=0.03


Tree=90
num_leaves=31
num_cat=0
split_feature=1 27 8 27 3 3 8 27 22 28 12 28 3 14 30 13 21 8 24 4 21 13 13 34 34 34 28 31 3 1
split_gain=31.9874 8.43002 5.72379 7.59991 7.36852 6.47509 6.37106 5.63364 5.3969 5.36361 6.62294 6.89035 6.16938 5.78406 5.26921 5.1761 5.16102 6.55569 5.75682 4.9796 5.2248 4.87742 5.12102 4.87063 6.19651 4.53858 6.9467 4.45191 4.35985 4.65343
threshold=1.2451942563056948 0.17105263471603396 2.9046206474304204 0.69736841320991527 0.59668070077896129 0.12511552870273593 16.133066177368168 0.89210525155067455 -0.95143184065818776 0.61490419507026683 -1.0390581488609312 -0.25132837891578669 -0.63759365677833546 -0.67556059360504139 1.0000000180025095e-35 -1.5450023412704466 -0.25737431645393366 8.2690963745117205 1.2932930588722231 17.070919990539554 -0.11627554520964621 -1.9375184774398801 0.68987995386123668 0.65811455249786388 0.37563873827457434 6.094222068786622 -0.53584328293800343 51.750146865844734 0.19859834760427478 4.0223710536956796
decision_type=2 2 2 2 2 2 2 2 2 2 2 2 2 2 2 2 2 2 2 2 2 2 2 2 2 2 2 2 2 2
left_child=1 -1 5 4 9 -2 8 25 21 10 11 12 -4 -13 -8 -9 23 18 28 -7 -21 -6 -23 24 -12 -5 -27 -3 29 -18
right_child=2 27 3 7 6 19 14 15 -10 -11 16 13 -14 -15 -16 -17 17 -19 -20 20 -22 22 -24 -25 -26 26 -28 -29 -30 -31
leaf_value=-0.027827792892664793 0.0018075703900450203 0.028842194762064947 0.026233785522653322 -0.004576930567009428 -0.01688778758926639 -0.014667328005612058 0.033137460258055751 -0.01475410779023892 -0.0040065619546196104 -0.015152741847303053 0.046369877868715347 -0.010098987357186508 -0.015208637769306988 0.046135259038576217 0.0064716939989068424 0.0080321964698009223 0.03323277643070062 -0.022385140398759655 0.073951121556852295 -0.014443981788901047 0.021473001295344699 0.029941920955585306 -0.014574805763076466 0.069875481301794981 -0.0048799383192909222 -0.011846493009142048 0.030233210562138253 -0.0097837316127757073 0.035460748175522513 -0.023976525845233295
leaf_weight=39.585601384285837 151.91077592293732 2.0184571573045131 3.6022403989918539 119.59802031610161 2.7742690662853446 44.231024342705496 10.501697171013804 8.8465449614450318 54.420371541520581 2.9710441911593071 4.2545573269017058 1.8274557604454456 9.9260660340078175 5.098760535940527 17.393406176939607 110.31693364167586 0.88180161407217195 2.2903088070452204 0.98958825366571534 5.5551028968766332 7.3481930270791036 11.527753186644984 2.2172270319424561 4.5085644859354943 3.2710309554822743 5.2360739018768072 7.6712999949231726 25.431049379869364 3.0185438392218202 3.1342328735627234
leaf_count=28332 9463 274 116 2626 36 6301 73 72 1777 385 119 62 357 151 114 1066 71 68 28 103 130 267 83 189 123 79 86 7376 157 151
internal_value=0.000384192 -0.0191216 0.0025723 0.00468711 0.0101431 -0.00143989 0.00543502 0.00152436 0.000589805 0.0199751 0.0227037 0.00966589 -0.00312744 0.0318959 0.01731 0.00623186 0.0337115 0.0158551 0.0280409 -0.00995693 0.00608338 0.0150963 0.0222594 0.0466255 0.0261344 -0.00272411 0.0135385 -0.00602947 0.0131822 -0.00729402
internal_weight=672.358 67.0351 605.323 396.278 144.609 209.045 98.8347 251.669 70.9396 45.7742 42.8032 20.4545 13.5283 6.92622 27.8951 119.163 22.3486 10.3145 8.02417 57.1343 12.9033 16.5192 13.745 12.0342 7.52559 132.505 12.9074 27.4495 7.03458 4.01603
internal_count=60235 35982 24253 8256 4327 15997 2350 3929 2163 1977 1592 686 473 213 187 1138 906 475 407 6534 233 386 350 431 242 2791 165 7650 379 222
is_linear=0
shrinkage=0.03


Tree=91
num_leaves=31
num_cat=0
split_feature=27 29 12 1 29 24 24 13 23 13 13 27 21 24 25 13 8 13 28 21 25 25 8 12 22 27 12 25 27 27
split_gain=30.6674 9.99085 6.22536 8.92183 7.32922 7.35605 11.6531 7.64952 9.42404 8.66714 7.4824 6.88532 5.57973 5.34714 6.57805 4.80287 4.7077 6.25739 5.42026 4.9419 4.66516 4.54939 4.36651 5.90185 7.55674 4.80743 4.75094 4.33195 4.31959 4.26582
threshold=0.097368422895669951 -0.90066882967948902 -9.4246339797973615 5.944005250930787 0.93693214654922496 0.19310408830642703 0.21413602679967883 0.24092127382755282 -1.2088409066200254 0.22476699948310855 0.19039958715438846 0.64210528135299694 0.36681669950485235 1.0671871900558474 0.28525754809379583 -1.8818712234497068 1.196966886520386 0.13488987833261493 0.35544221103191381 -0.47144028544425959 0.17999438941478732 0.24568787217140201 3.2524871826171879 -0.48518167436122889 0.049174180254340179 0.56578949093818676 -2.9744175672531123 0.287177324295044 0.41315789520740515 0.79736843705177318
decision_type=2 2 2 2 2 2 2 2 2 2 2 2 2 2 2 2 2 2 2 2 2 2 2 2 2 2 2 2 2 2
left_child=1 -1 11 4 5 21 10 8 13 22 -7 15 -6 14 -8 -2 17 -17 -19 -18 -15 -4 27 25 -25 26 -24 -10 -21 -13
right_child=2 -3 3 -5 12 6 7 -9 9 -11 -12 29 -14 20 -16 16 19 18 -20 28 -22 -23 23 24 -26 -27 -28 -29 -30 -31
leaf_value=0.061374064835759384 -0.01749532459856044 -0.025349246909439065 -0.024409338501697183 0.0036526638436277111 -0.011661172351724791 -0.013699229203504968 -0.021242098872460889 -0.014468984488386315 -0.0032520384361378676 0.048807621947023948 0.075700844802789033 -0.020813460356198334 0.078374228547252081 0.088377347375376961 0.044689557663634763 -0.021712534550719389 0.010554427734353628 0.053574048929345405 -0.015212887765644837 0.021776963909111404 0.0087253075356477795 -0.0033352045930129196 0.052681019257695763 0.066789518836863862 -0.015593635247124926 -0.020228271467988831 -0.015353057074854959 -0.027010034391833894 0.082448242915057882 0.01566873312246686
leaf_weight=0.30379295640159298 1.2704360878560699 43.591628287336789 24.336012936662883 459.49777237628587 0.62977836141362675 0.82385157246608232 2.2902233089553188 34.306102050468326 34.724230909952894 1.9591161027783517 1.7887628079624844 4.9469069889746589 0.65299932844936848 1.2472167008090767 1.3559870413737369 2.4838641979731628 3.0917458161711693 2.1281892387196426 0.99759200308471907 2.773105080239473 1.2828411865048108 15.054854924674144 1.1609995858743789 2.0103387840790661 1.0244485951261593 4.4525217716582119 0.99632276559714217 7.7383690003771326 2.9239222896285355 4.6310443610418588
leaf_count=93 54 27698 6433 10220 240 150 318 4851 4603 89 158 216 138 90 68 350 103 101 140 77 115 2141 57 94 81 166 70 872 87 211
internal_value=0.000553199 -0.0233954 0.00227652 0.00164528 -0.00502479 -0.00587532 -0.00138733 -0.00337324 0.00307849 -0.00118736 0.0515212 0.0165797 0.0484267 0.0353831 0.00761842 0.0282388 0.0331482 0.00931322 0.0332545 0.0458559 0.0619031 -0.016637 -0.0039507 0.0133766 0.0420073 -0.00356132 0.0263495 -0.00810352 0.0605772 -0.00336023
internal_weight=666.475 43.8954 622.58 597.333 137.835 136.552 97.1613 94.5487 60.2426 54.0663 2.61261 25.2468 1.28278 6.17627 3.64621 15.6689 14.3984 5.60965 3.12578 8.78877 2.53006 39.3909 52.1072 9.64463 3.03479 6.60984 2.15732 42.4626 5.69703 9.57795
internal_count=60084 27791 32293 30954 20734 20356 11782 11474 6623 6032 308 1339 378 591 386 912 858 591 241 267 205 8574 5943 468 175 293 127 5475 164 427
is_linear=0
shrinkage=0.03


Tree=92
num_leaves=31
num_cat=0
split_feature=27 31 34 29 29 12 34 28 27 28 31 27 23 25 24 8 30 25 27 27 25 23 23 34 13 28 27 14 12 12
split_gain=27.3874 8.24465 10.8495 7.15443 7.13716 6.84754 10.4954 6.11322 6.3428 5.84486 5.06818 6.97909 5.01275 5.70229 4.80537 4.79002 4.75133 9.30756 16.1212 15.8307 8.43598 6.3544 6.28185 6.27221 5.86568 7.01973 9.52987 9.27896 6.86675 9.24616
threshold=0.11315789446234704 341.26315307617193 1.4514405727386477 -0.90800827741622914 0.91069144010543834 28.961774826049808 1.7789585590362551 0.43442112207412725 0.13947368413209918 0.82229515910148632 498.61573791503912 0.84473684430122387 -0.88947081565856922 0.23109014332294467 0.18267083168029788 16.133066177368168 1.5000000000000002 0.17677506059408191 0.65263158082962047 0.66052630543708812 0.19434845447540286 -1.6941341161727903 1.7528878450393679 0.33727301657199865 -1.3317878246307371 -0.15207348018884656 0.86578947305679332 0.2656815797090531 0.053958643227815635 -9.4246339797973615
decision_type=2 2 2 2 2 2 2 2 2 2 2 2 2 2 2 2 2 2 2 2 2 2 2 2 2 2 2 2 2 2
left_child=3 4 10 -1 7 6 -4 16 9 -9 11 -3 13 14 -8 -5 17 18 -2 -19 -21 23 24 -18 -23 26 28 -28 29 -26
right_child=1 2 5 15 -6 -7 12 8 -10 -11 -12 -13 -14 -15 -16 -17 21 19 -20 20 -22 22 -24 -25 25 -27 27 -29 -30 -31
leaf_value=0.042841016036372061 -0.001549169499600917 -0.0016984897499609482 -0.021982178337024656 -0.025075645314417382 0.05218940526599275 0.017555834145892346 -0.011152281798513592 0.073062200597158414 -0.019197876802442348 -0.013795387936352026 -0.024721367478178317 -0.020976973698556296 0.00057001814280625493 -0.0049557564160943868 0.035160475720286181 0.020957697064189908 0.064890550409029329 0.017099159769467777 0.039687790571784558 -0.023897647648090607 0.0013441383970718168 -0.017390591318796906 0.017821255837361341 -0.014383556859207915 0.025811057529903092 -0.0065830443575312439 0.034075052370961464 -0.0017912978184653147 0.0087835291155564255 -0.01629835914290978
leaf_weight=0.63203736639115859 14.242529794573782 69.15525546122808 15.479054199298842 44.638779078377411 1.8727272322867055 23.991268247365952 1.9301963570760587 0.44516901508904883 14.666262859362176 0.8444912590784952 15.398473920417016 21.45574701228179 87.589082410442643 6.7643076577223828 11.036722686374558 1.4046583427116264 1.7465651227394112 53.747116817743517 20.01393454731442 14.851596775930373 47.615315665490925 15.210230157361364 18.349506662576459 0.87792870635166753 4.6926389234140435 58.965044453623705 17.056809491012249 9.986244425410403 40.306405655690469 27.428518103435643
leaf_count=175 1237 5842 748 28766 235 106 171 76 2473 378 3477 674 3370 301 314 15 89 2959 345 232 836 564 349 59 161 1772 153 151 1489 2529
internal_value=0.000426747 0.00211962 -0.00203526 -0.0214808 0.00501144 0.00324144 0.000325627 0.00462326 -0.0130112 0.0350016 -0.00930389 -0.00644258 0.00371637 0.0169821 0.0279617 -0.0232557 0.00547386 0.00946087 0.0229854 0.00531216 -0.00493911 0.00235869 0.00160725 0.0417203 -0.000198345 0.00155088 0.00639011 0.021239 0.000632063 -0.00955296
internal_weight=662.395 615.719 252.8 46.6755 362.919 146.791 122.799 361.046 15.9559 1.28966 106.009 90.611 107.32 19.7312 12.9669 46.0434 345.09 150.47 34.2565 116.214 62.4669 194.62 191.995 2.62449 173.646 158.436 99.4706 27.0431 72.4276 32.1212
internal_count=60046 31090 15003 28956 16087 5010 4904 15852 2927 454 9993 6516 4156 786 485 28781 12925 5609 1582 4027 1068 7316 7168 148 6819 6255 4483 304 4179 2690
is_linear=0
shrinkage=0.03


Tree=93
num_leaves=31
num_cat=0
split_feature=1 11 21 28 34 25 14 14 29 15 31 15 28 24 12 26 14 14 12 25 15 11 27 24 1 21 12 30 14 14
split_gain=27.9261 9.43014 13.7041 10.7701 7.50205 6.85347 7.1186 7.78686 6.17715 6.32906 6.36489 5.57706 5.44501 10.5695 8.30604 7.782 9.15544 12.5079 8.72291 7.35147 7.16067 8.80124 7.53449 6.79065 6.06331 6.02362 6.02096 7.44828 14.7518 8.67027
threshold=0.1004084274172783 3.1102876663208012 1.239262640476227 -0.11798679083585738 0.73957195878028881 0.28244432806968695 -1.3889117240905759 -0.20725508779287335 -0.78457182645797718 0.24359013140201571 334.49572753906256 -1.9282644391059873 -0.90574347972869862 0.91162395477294933 -4.304358482360839 26.145477294921879 0.49630708992481237 0.63784644007682811 -6.6375718116760245 0.33788911998271948 -0.033458177000284188 10.782648086547853 0.77105262875556957 0.070404283702373519 8.207193851470949 0.31599110364913946 28.961774826049808 2.5000000000000004 -0.81260138750076283 -1.6544100642204282
decision_type=2 2 2 2 2 2 2 2 2 2 2 2 2 2 2 2 2 2 2 2 2 2 2 2 2 2 2 2 2 2
left_child=-1 2 8 4 5 6 -4 -8 9 10 -2 -3 13 15 -15 16 20 -18 -19 26 21 22 23 -13 -20 -21 27 -14 29 -29
right_child=1 11 3 -5 -6 -7 7 -9 -10 -11 -12 12 19 14 -16 -17 17 18 24 25 -22 -23 -24 -25 -26 -27 -28 28 -30 -31
leaf_value=-0.028025888197747501 0.024305230224675026 -0.0092097636707842677 -0.00013798579430920435 -0.016205422966187651 -0.01623776893485479 -0.012346367943041224 0.11406890346493978 0.0034355914591178718 -0.020753991898405166 -0.018077319085371555 -0.022078796336544602 0.056081015541353661 0.0034328372544761838 -0.016559709351000908 0.031727092355791874 -0.01960325570597507 0.060398791418136297 0.050079706766776866 -0.025473160494388629 0.0067649389290430602 -0.018656113257409433 -0.011146045683618959 0.061842362456358685 0.00040579575904460828 0.013518362947073653 0.045891330737735284 0.011637683636506127 -0.025644858972874204 -0.010346244734336468 0.018759227218044291
leaf_weight=28.804376200539991 9.4491922896122578 31.174848053837195 0.91944376460742194 3.1328361118212324 0.94437549810390908 0.67101716913748521 2.0828900812193756 0.78131698886863921 39.01893686351832 9.5907732837367785 2.7073700220789751 1.4189243724104041 246.06625955866184 3.055286864051598 23.607977700303309 9.916581091238184 5.0368118990445536 2.5923259935807463 5.0832759180339 9.474781201919539 12.439698101254178 11.374206811655311 2.5187687538564196 10.743521417374721 7.7801157413050532 5.0934187481179825 46.213230162858963 3.7110322340158772 109.7505174363032 27.275957452482544
leaf_count=22728 786 560 100 995 117 88 224 163 13012 1369 693 122 8728 143 822 303 182 81 475 360 728 232 103 735 225 181 202 245 4558 826
internal_value=0.000365145 0.00167724 -0.00869938 0.0250044 0.0477124 0.061761 0.0747373 0.0925887 -0.0137598 -0.000850079 0.0130821 0.00294223 0.00365535 0.0101195 0.0257954 0.00377123 0.00796206 0.0236478 0.00872859 0.00225566 -0.000775433 0.0081354 0.0228318 0.0106683 -0.00261606 0.0225136 0.00152381 0.000288568 -0.00519432 0.0128059
internal_weight=672.43 643.626 69.2982 8.53188 5.39904 4.45467 3.78365 2.86421 60.7663 21.7473 12.1566 574.328 543.153 95.5675 26.6633 68.9042 58.9876 20.4925 15.4557 447.585 38.4951 26.0554 14.6812 12.1624 12.8634 14.5682 433.017 386.804 140.738 30.987
internal_count=60086 37358 17547 1687 692 575 487 387 15860 2848 1479 19811 19251 4151 965 3186 2883 963 781 15100 1920 1192 960 857 700 541 14559 14357 5629 1071
is_linear=0
shrinkage=0.03


Tree=94
num_leaves=31
num_cat=0
split_feature=27 8 2 29 11 3 0 29 11 29 22 3 8 21 15 13 27 25 25 22 21 33 25 2 11 14 24 15 11 22
split_gain=26.6625 8.15981 6.5586 6.96492 7.74608 6.89596 7.90713 8.31791 10.2198 9.05001 10.0681 8.16526 6.73456 8.62791 6.20698 7.79707 7.98429 7.88319 9.60993 6.44004 9.66543 5.94837 5.85113 6.52506 6.28282 5.48257 9.57544 12.5686 7.01599 5.45532
threshold=0.097368422895669951 13.654752254486086 3.6654486656188969 0.88014048337936412 2.1197873353958134 -0.42718817293643946 5.5000000000000009 -0.76278147101402272 6.38114356994629 -0.32816398143768305 0.46622887253761297 -1.1187705397605894 2.6867316961288457 -1.6108173131942747 0.57320404052734386 0.4855694323778153 0.76315790414810192 0.24657392501831057 0.15441697090864184 -0.043728614225983613 0.50799834728240978 3.1853582859039311 0.16541142016649249 1.2366904616355898 0.13384256511926654 1.1194077730178835 0.40121249854564672 1.2699127197265627 1.4822185039520266 0.96435844898223888
decision_type=2 2 2 2 2 2 2 2 2 2 2 2 2 2 2 2 2 2 2 2 2 2 2 2 2 2 2 2 2 2
left_child=1 -1 3 4 25 6 -6 12 9 10 11 -9 13 -8 15 29 17 18 -17 20 -16 -21 -5 24 -24 -2 -27 28 -28 -7
right_child=2 -3 -4 22 5 14 7 8 -10 -11 -12 -13 -14 -15 19 16 -18 -19 -20 21 -22 -23 23 -25 -26 26 27 -29 -30 -31
leaf_value=-0.025843598015988616 -0.019341930210129612 0.036511821510255574 0.0084172840254067363 -0.0098098681584799195 -0.0031267621307764443 -0.0034158201328931357 0.044254917046531915 0.011482388899068319 -0.0070274490149185168 0.0042633618717391152 0.0094394319020049966 0.080058444466893225 0.017893389065982469 -0.0049833703662086658 -0.0091457745088326693 -0.010828062587844953 -0.0039242285407083775 0.002795456581165296 0.062211805031476254 -0.023671730352392537 0.027106575993995703 0.014986983042590054 -0.0082532602156519894 0.0096140367928388756 0.1062491723925012 -0.02158131101280163 0.12923611376210389 -0.015623831416340625 -0.0071938727690719576 0.0083953369083014512
leaf_weight=40.015590129187331 27.639615285675973 1.1303836071165267 98.325568228960037 1.8788391291163851 55.439357480499893 204.48388593317941 2.4546616608276954 2.4292363177519318 6.4778943428536868 6.3113860397133985 4.7183665116317579 6.7280986291589207 24.074687609449029 43.105841859709471 28.221059489063919 1.7299554932396874 10.427893564105032 6.0778677910566321 6.4745575324632227 29.005544331273995 7.5584816876798859 3.3829312771558753 0.37861614709254376 2.4412679551169276 0.97536116314586252 2.5050627993186927 0.5053121366072445 1.0713060019770635 0.30850899952929467 41.488944411859848
leaf_count=27753 8135 19 433 580 3844 7821 68 160 460 587 284 314 323 1870 1506 119 289 225 284 1501 263 22 244 113 204 899 100 345 47 1429
internal_value=-0.000206836 -0.0233049 0.00134457 1.47924e-05 -0.000373393 0.000572239 0.00586595 0.0110219 0.0249656 0.0350791 0.0478669 0.0647882 0.00540469 -0.00143705 -0.0018086 0.000239981 0.0159619 0.029788 0.0473078 -0.00982903 -0.000958633 -0.0193059 0.030468 0.0482951 0.0843264 -0.0144362 0.0143078 0.0529494 0.102065 -0.00139767
internal_weight=667.766 41.146 626.62 528.295 522.62 490.591 151.74 96.3002 26.665 20.1871 13.8757 9.15733 69.6352 45.5605 338.851 270.683 24.7103 14.2824 8.20451 68.168 35.7795 32.3885 5.67408 3.79525 1.35398 32.0298 4.39019 1.88513 0.813821 245.973
internal_count=60241 27772 32469 32036 30895 21369 7910 4066 1805 1345 758 474 2261 1938 13459 10167 917 628 403 3292 1769 1523 1141 561 448 9526 1391 492 147 9250
is_linear=0
shrinkage=0.03


Tree=95
num_leaves=31
num_cat=0
split_feature=2 31 34 30 0 33 3 25 13 23 22 25 25 34 33 0 3 23 21 12 13 8 22 29 25 29 25 34 26 22
split_gain=25.1616 6.24212 13.9646 9.19374 6.10504 8.35683 17.6406 10.7086 15.8557 8.25214 7.58859 7.58185 10.7076 9.7463 8.28068 7.23089 6.82652 6.74281 6.64235 6.75092 8.02972 6.43155 6.17298 7.90612 6.1035 8.21229 7.73271 11.0247 9.96543 9.68261
threshold=0.095681410282850279 341.26315307617193 1.2968407273292544 1.5000000000000002 8.5000000000000018 0.57986679673194896 -0.37942980229854578 0.23221985995769504 0.27701121568679815 -0.58810344338417042 0.48818832635879522 0.17497342079877856 0.19316705316305163 0.43299917876720434 0.65500441193580639 2.5000000000000004 0.68266335129737865 -0.88947081565856922 0.15066407620906833 1.1005998253822329 1.0000000180025095e-35 1.2518740296363833 -0.47641384601593012 -0.9964487850666045 0.16264250129461291 -0.80543360114097584 0.25450411438941961 7.1405768394470224 25.185359001159672 -0.78299060463905323
decision_type=2 2 2 2 2 2 2 2 2 2 2 2 2 2 2 2 2 2 2 2 2 2 2 2 2 2 2 2 2 2
left_child=-1 4 3 -3 11 6 7 8 10 -9 -6 13 -13 14 -2 -14 22 -15 19 -7 -21 -8 -16 -24 25 -4 27 29 -28 -26
right_child=1 2 24 -5 5 18 21 9 -10 -11 -12 12 15 17 16 -17 -18 -19 -20 20 -22 -23 23 -25 26 -27 28 -29 -30 -31
leaf_value=-0.026883137672072184 -0.01943888778824867 -0.0028347583252208383 0.0033703932291393769 -0.02332800291754341 0.1701614842513329 -0.0043359100878522152 -0.023984211398639228 0.06221890866505727 -0.011439178847725173 -0.0027860456864043865 0.01054377029231004 -0.014812004987806904 -0.01330940794655712 -0.0098942010591110338 0.043388924675305245 0.0050513892464818444 -0.017547388304127508 0.01917038731993214 -0.010453241193700143 0.039706015771958529 0.003504398077254747 0.016824239868380702 0.050317283883684519 -0.016149523912679004 0.027680760065907344 -0.02011423757615495 -0.015796606174831855 0.039769270757714907 0.011640532043336841 0.0018147831521268404
leaf_weight=27.534883579355665 15.478094590012917 44.185729148099199 35.479418392642401 35.027169666369446 0.9429581215372338 13.637696832884101 3.5687119582435143 2.5134388608857989 0.60730444977525611 3.353609345969744 0.473126380587928 39.081304574734531 21.434571760706604 7.5503493954893193 5.2406746024498725 138.31455730414018 4.7667614176170892 58.293232816271484 16.677489540539682 10.486334074288608 11.015029875561593 14.150208745617418 1.1749955154955394 5.2117277869256213 15.693838209379463 20.312053886707872 25.412811649148352 10.023857627529649 20.756519700051285 60.008306614938192
leaf_count=22847 4162 5954 771 6568 129 573 908 166 157 437 89 1402 1082 253 327 5438 205 1219 605 141 173 567 44 620 493 1226 1284 211 285 1873
internal_value=0.000683121 0.00190753 -0.00159391 -0.0120745 0.00440406 0.0118517 0.025538 0.060091 0.108409 0.0300672 0.143269 0.00242626 -0.000943516 0.00922312 -0.00430782 0.00252033 0.010274 0.0157394 0.00473199 0.0120289 0.0221401 0.00776294 0.0221661 0.00123511 0.00286997 -0.0053833 0.00637532 0.01166 -0.00347631 0.00746804
internal_weight=668.407 640.872 266.9 79.2129 373.972 77.4259 25.6094 7.89044 2.02339 5.86705 1.41608 296.546 198.83 97.7158 31.8723 159.749 16.3942 65.8436 51.8166 35.1391 21.5014 17.7189 11.6274 6.38672 187.687 55.7915 131.895 85.726 46.1693 75.7021
internal_count=60209 37362 18665 12522 18697 3945 2453 978 375 603 218 14752 7922 6830 5358 6520 1196 1472 1492 887 314 1475 991 664 6143 1997 4146 2577 1569 2366
is_linear=0
shrinkage=0.03


Tree=96
num_leaves=31
num_cat=0
split_feature=27 11 11 4 0 23 34 30 23 22 22 25 1 27 4 31 8 14 22 24 12 22 13 27 25 33 30 24 23 27
split_gain=23.5528 10.1447 8.54133 7.77958 7.32453 7.88352 9.13987 7.01491 7.0071 6.2453 6.46148 7.0229 5.47929 5.29559 5.27902 8.23503 9.72798 8.84741 8.39155 8.1263 4.69636 5.26945 4.6577 4.62661 4.48872 7.91364 6.90328 5.71438 6.15017 5.02107
threshold=0.11315789446234704 14.066519260406496 18.157570838928226 43.433244705200202 5.5000000000000009 2.0064597129821782 0.68322405219078075 1.0000000180025095e-35 0.78167352080345165 -1.7806546092033384 -1.0564133524894712 0.19239175319671634 1.7111383676528933 0.96052631735801708 -1.4843782186508176 324.24549865722662 0.13145871460437777 0.20098054409027102 -0.91026693582534779 0.14351424574851993 -9.4246339797973615 -2.5547221899032588 -1.3040424585342405 0.14473684132099154 0.17497342079877856 2.1682056188583378 1.5000000000000002 1.4597659111022951 0.38642852008342748 0.68157896399497997
decision_type=2 2 2 2 2 2 2 2 2 2 2 2 2 2 2 2 2 2 2 2 2 2 2 2 2 2 2 2 2 2
left_child=1 -1 3 4 5 12 -7 -4 14 -9 11 -11 -2 -8 15 16 -6 18 -18 -20 -14 -22 -21 -10 25 27 -27 29 -29 -23
right_child=2 -3 7 -5 8 6 13 9 23 10 -12 -13 20 -15 -16 -17 17 -19 19 22 21 24 -24 -25 -26 26 -28 28 -30 -31
leaf_value=-0.025107543785827014 -0.024165724839974041 0.026580932819934035 0.037093016767415055 0.016792485010487263 -0.010590330133140754 0.051663207010091854 -0.014225664495727548 -0.023162884007257061 0.035433274193157109 0.0059088252097365939 0.0057043237405645514 0.051804170517216003 0.023925604703492812 0.026505334711007141 0.0034365501920579789 -0.0058554501713789413 -0.010242888940422664 0.0074330066672113676 0.0048314272907373302 0.01042069195353691 0.042443781015875606 0.0015229922607679443 0.14206001186670272 -0.0091981513720312113 -0.01100824859971824 0.027651762938235635 -0.00043797201973819211 -0.012239016604533715 0.051836917619634888 -0.019198252420781221
leaf_weight=40.339030642760918 14.099035676103084 2.9197785784490398 6.477362780366092 22.289258986711502 2.0669743401231226 3.4945018047001204 6.9821187955094484 4.9669300406239918 1.2085065735736851 6.451629542745648 92.404143465915695 5.1327388174831867 3.8673918256536117 3.4884061999619007 206.11019193986431 5.1805541295325384 0.50871027703397009 2.1766011985018849 0.71570859628263894 0.45548087614588473 1.0127852032892395 15.891512618749401 1.4353272841544815 50.788100750185549 93.729570776573382 11.384731845930217 21.536201003007591 2.0063135845120992 1.8041563394945113 29.379270153352991
leaf_count=29028 5410 60 53 96 826 200 138 54 193 82 1122 44 186 16 8190 1825 84 432 150 51 22 1664 187 3051 4794 94 310 144 74 1581
internal_value=4.39409e-05 -0.021097 0.0015578 -0.000141058 -0.000961817 -0.00517243 0.0158781 0.00887796 0.00229177 0.0068785 0.00852035 0.0287445 -0.00675562 0.000472146 0.00464673 0.0228155 0.0412855 0.0600107 0.0860136 0.102431 -0.00527097 -0.00604084 0.124923 -0.0075118 -0.00655884 -0.00140176 0.00980484 -0.00896421 0.0225684 -0.0120487
internal_weight=660.303 43.2588 617.044 501.611 479.322 208.676 13.965 115.433 270.646 108.955 103.989 11.5844 194.711 10.4705 218.65 12.5394 7.3588 5.29183 3.11523 2.60652 180.612 176.745 1.89081 51.9966 175.732 82.0022 32.9209 49.0813 3.81047 45.2708
internal_count=60161 29088 31073 29718 29622 14633 354 1355 14989 1302 1248 126 14279 154 11745 3555 1730 904 472 388 8869 8683 238 3244 8661 3867 404 3463 218 3245
is_linear=0
shrinkage=0.03


Tree=97
num_leaves=31
num_cat=0
split_feature=1 28 24 11 3 21 29 15 23 11 0 0 14 11 21 29 28 31 25 28 13 14 0 31 11 21 23 14 15 23
split_gain=25.8422 10.4314 7.56643 11.2825 7.98276 6.62596 8.09324 5.46773 6.5634 9.30635 7.05938 7.35513 6.16714 5.46805 6.03476 5.52824 7.96827 5.88515 5.19579 10.5278 8.10468 10.3795 7.70129 8.436 7.05991 6.88222 5.87434 5.38038 5.2979 5.27846
threshold=0.13494345545768741 0.84138089418411266 0.14351424574851993 4.4574272632598886 -1.5836307406425474 0.18151463568210605 -0.42373907566070551 0.60782065987586986 -0.057938249781727784 1.8760920166969302 5.5000000000000009 8.5000000000000018 0.61659857630729686 8.848757743835451 0.6163892149925233 0.044065307825803764 -0.11798679083585738 352.47375488281256 0.27899609506130224 0.61490419507026683 0.043950477614998824 0.20098054409027102 8.5000000000000018 257.13560485839849 5.6292018890380868 -0.33837169408798212 1.2277560830116274 -0.67556059360504139 -0.29521980881690973 -0.57109087705612172
decision_type=2 2 2 2 2 2 2 2 2 2 2 2 2 2 2 2 2 2 2 2 2 2 2 2 2 2 2 2 2 2
left_child=-1 2 3 -2 -5 6 -6 12 -9 10 -10 -12 18 14 -11 16 -15 -18 19 22 27 -22 26 24 25 -24 29 -21 -26 -4
right_child=1 -3 7 4 5 -7 -8 8 9 13 11 -13 -14 15 -16 -17 17 -19 -20 20 21 -23 23 -25 28 -27 -28 -29 -30 -31
leaf_value=-0.026899958190063307 -0.020997679256260407 -0.017103337857807134 0.0075964898372169369 0.050497494756771705 -0.0030609601417226199 -0.012370678346237883 0.024510481326588496 -0.0093762143416794719 -0.012467701966039749 -0.0241401800161971 0.10640441655545792 -0.0094640517833400866 0.023883054977435293 -0.013011025957455286 0.015780169282351895 0.035043917027768906 -0.014518941976665652 0.027344822266617747 -0.0033099376124238276 0.033863725283881763 0.11667233758829101 0.0083553808751620599 0.0089963561642445438 0.0087981627111539899 0.035123580766973743 0.085823618070043461 0.012260400897547546 -0.02053976618127952 -0.0081951580807790806 -0.0018859002107257388
leaf_weight=27.69564538623672 26.633218337781727 23.253156059072353 80.702973662759177 1.8994519086554635 25.538972695823759 24.503163002897054 14.156609476776792 50.964237895328552 0.7047383160097519 10.264489050954579 0.97550019214395411 0.45480209589004517 15.50833448092453 13.325988453812899 4.0780595756368703 5.0766495519783339 3.2695397504139683 11.665948010049759 56.064385614474304 2.7442805300233886 1.1296411976218226 1.5388574190437792 1.8075970731442783 43.002493176725693 4.7656886763870716 2.7927261219592765 55.700878273812123 2.0221567989792666 3.985906773246823 148.71921251621097
leaf_count=23906 7282 5111 3004 93 935 1086 637 2903 272 809 219 131 762 392 272 68 137 163 2467 199 89 135 92 1392 96 161 1396 303 98 5504
internal_value=0.000952219 0.00220296 0.00296074 -0.00489749 0.00180608 -0.000386976 0.0071325 0.0043654 -0.00189556 0.00579148 0.0558779 0.0808268 0.00586694 0.00244694 -0.0125008 0.00905445 0.00334785 0.0178444 0.00511989 0.00648001 0.0396451 0.0735133 0.00564426 0.0156842 0.0357036 0.0626327 0.003612 0.0112237 0.0165769 0.00146818
internal_weight=664.945 637.25 613.997 92.7314 66.0982 64.1987 39.6956 521.265 100.78 49.8157 2.13504 1.4303 420.485 47.6807 14.3425 33.3381 28.2615 14.9355 404.977 348.912 7.43494 2.6685 341.477 56.3544 13.3519 4.60032 285.123 4.76644 8.7516 229.422
internal_count=60114 36208 31097 10033 2751 2658 1572 21064 5366 2463 622 350 15698 1841 1081 760 692 300 14936 12469 726 224 11743 1839 447 253 9904 502 194 8508
is_linear=0
shrinkage=0.03


Tree=98
num_leaves=31
num_cat=0
split_feature=1 24 11 3 0 33 25 29 23 29 8 25 25 29 23 25 1 15 11 1 0 8 31 31 13 29 3 15 25 1
split_gain=24.7313 5.1065 5.30903 5.40835 6.73331 8.15998 10.2404 9.02579 7.59494 6.51036 10.2376 7.89294 11.3512 7.49696 7.10753 8.17555 9.14176 5.85923 5.65752 5.58862 5.32201 6.73495 5.1951 5.15228 5.4139 5.85703 5.04321 5.37136 8.29208 6.403
threshold=0.13494345545768741 2.1157549619674687 24.083731651306156 0.069726482033729567 4.5000000000000009 1.1946952939033511 0.17497342079877856 -0.99874031543731678 1.8003737926483157 -0.99486052989959706 9.3966078758239764 0.17999438941478732 0.16356547921895984 -0.90800827741622914 -1.0959863662719724 0.2864020317792893 5.6429364681243905 -1.6421105265617368 5.2038097381591806 20.88952732086182 6.5000000000000009 0.90066713094711315 274.61106872558599 327.78775024414068 -0.017207765020430085 -0.90800827741622914 1.5471088290214541 -0.46843758225440973 0.18102812021970752 4.2449285984039316
decision_type=2 2 2 2 2 2 2 2 2 2 2 2 2 2 2 2 2 2 2 2 2 2 2 2 2 2 2 2 2 2
left_child=-1 2 3 4 5 17 7 -7 -8 -6 11 12 20 -14 15 16 -13 -2 -18 -9 21 -11 -22 -4 -25 -26 27 28 -5 -29
right_child=1 -3 23 26 9 6 8 19 -10 10 -12 14 13 -15 -16 -17 18 -19 -20 -21 22 -23 -24 24 25 -27 -28 29 -30 -31
leaf_value=-0.026839801343516826 0.02175464485143893 -0.026254607175266089 0.023254119405677252 0.0014648154585086915 -0.0093455536727664774 0.049201728632485155 -0.015796574625792655 -0.00096012896314169474 0.029906691008604842 -0.019968708674138663 0.040813311204791598 -0.015586395431866596 0.0030723166494628406 0.057684864777289235 0.0019970815333378712 0.049277497938487444 0.05999104073079195 -0.017576838408188918 0.0021278855509250447 0.033326104701768264 0.027035035143248287 0.036271228009536319 -0.022711780142849861 0.012816378521566044 -0.033057424824121107 0.0076721489944233346 0.0070032944521230276 -0.022176635542216327 -0.018438368717193405 0.0011699485284427532
leaf_weight=27.164727310067974 2.9522785438457495 4.757943575619719 19.117663909681141 32.921984417480417 18.322300806292333 5.2627515224739936 20.786194896092642 16.71690244181082 2.9050100445747367 1.9317605299875165 7.7471916774520642 6.7605419397586974 3.1736133012454948 8.0398362955311296 127.29372049705125 5.4477148150326675 2.335402624681592 31.792930953903124 2.9358844365924597 4.7261800095438948 1.5907309785252417 5.7927158258389682 6.64857606892474 19.674757393077019 5.1757712597027421 5.924424587748943 51.399617109331302 10.294988149660638 42.614843916846439 164.3405073271133
leaf_count=24098 288 737 183 2202 552 66 613 453 30 726 109 648 182 596 7763 258 35 6471 82 21 446 377 1221 157 51 55 811 4059 1574 5475
internal_value=0.000674991 0.00188406 0.002136 0.00132472 0.0042951 -0.00273754 0.00495355 0.0173956 -0.00920819 0.00731748 0.00905878 0.00740038 0.0219485 0.0437456 0.00453753 0.021929 0.00671514 -0.0137198 0.0332419 0.00774496 0.00496142 0.0215299 -0.0112208 0.0114312 0.00358602 -0.0124816 -0.00146931 -0.00323102 -0.00985796 -0.000324792
internal_weight=666.549 639.385 634.627 584.734 283.162 85.1422 50.397 26.7058 23.6912 198.02 179.698 171.95 27.1772 11.2134 144.773 17.4795 12.0318 34.7452 5.27129 21.4431 15.9638 7.72448 8.23931 49.8926 30.775 11.1002 301.572 250.172 75.5368 174.635
internal_count=60339 36241 35504 35058 20937 7942 1183 540 643 12995 12443 12334 3548 778 8786 1023 765 6759 117 474 2770 1103 1667 446 263 106 14121 13310 3776 9534
is_linear=0
shrinkage=0.03


Tree=99
num_leaves=31
num_cat=0
split_feature=27 28 15 15 27 28 13 34 11 28 4 25 15 34 34 8 8 4 28 29 25 34 22 8 15 15 13 3 23 22
split_gain=22.3381 7.90533 6.86625 7.07837 9.18852 7.2475 6.71374 5.8867 9.24846 5.83036 5.64675 5.11209 5.3884 4.88066 4.87601 4.71626 4.72079 5.69949 4.59532 5.7284 7.75008 4.54136 4.41602 4.21484 4.14855 4.09053 8.71136 6.13983 6.0017 8.31086
threshold=0.065789472311735167 0.84138089418411266 -1.9282644391059873 -1.048275291919708 0.43684209883213049 0.38738232851028448 -1.6998299360275266 2.3678934574127202 10.534602642059328 -0.9128984510898589 43.433244705200202 0.27329581975936895 -1.7880393266677854 0.22687922418117526 1.4514405727386477 0.043537782505154617 0.073545780032873168 -2.1807830333709712 -0.9128984510898589 -0.9284062087535857 0.14131076633930209 0.028421463444828991 -0.48718555271625513 0.1369111239910126 0.092735212296247496 0.48954504728317266 0.12306272611021997 -1.1187705397605894 -0.23202957212924954 0.27523274719715124
decision_type=2 2 2 2 2 2 2 2 2 2 2 2 2 2 2 2 2 2 2 2 2 2 2 2 2 2 2 2 2 2
left_child=-1 2 -2 4 5 6 9 11 -9 -4 15 12 -6 -14 -12 -5 17 -17 -8 -20 -21 22 -18 -24 -19 26 27 -23 -27 -30
right_child=1 -3 3 10 7 -7 18 8 -10 -11 14 -13 13 -15 -16 16 21 24 19 20 -22 25 23 -25 -26 28 -28 -29 29 -31
leaf_value=-0.025010170518690724 -0.011261527133516486 -0.016579089330316682 0.03785191068816763 -0.025298074655784396 0.030812234976364282 -0.018605476824769228 0.0021951375952363999 -0.012004011011053549 0.045712782082995874 -0.023389440753891488 0.00042175226001716813 -0.022200094495831602 0.025008638799453524 -0.0044237319051302635 0.021325257913808317 -0.014738149376636608 -0.014476408550046272 -0.0090464609295001011 0.0049834818021722562 0.0042941519924504208 0.090265350039135037 0.015831643682721976 -0.010901001334252597 0.063213372000761214 0.075689658103223811 -0.010569086324393389 0.0091833061028243571 -0.0026295402300429891 0.010769155989133602 -0.010625177448034784
leaf_weight=29.059073131531477 31.880648919148371 20.143744363449514 1.5324758435599508 5.2101250555133438 5.3378655877895573 1.5818428798811499 1.4067575477529297 3.3076970553956908 6.1514364555478096 2.1508869997924185 17.75050462782383 6.0957019415218374 5.1206600449513706 28.576006735442206 22.253773480653763 0.96203485538717393 0.92016256134957108 0.42384139925707032 1.4537140303291352 1.2709351330995584 4.3600824301829562 16.60738985252101 0.56672442657872979 1.8604678547708315 1.2330168550834057 63.278029826469719 107.92430514609441 204.47303828096483 40.01241769164335 26.196378433611244
leaf_count=23636 943 4006 94 3207 143 501 202 117 79 195 75 306 268 789 100 634 436 70 105 186 333 1092 302 625 147 3839 4662 9180 2669 1312
internal_value=0.000257143 0.00146032 0.00208229 0.00283644 0.0118307 0.0328812 0.0404752 0.00602982 0.0263122 0.00473198 0.00160953 0.00130048 0.00543323 0.000640784 0.0122865 0.000675935 0.00102103 0.0351541 0.0538475 0.0625635 0.0744353 0.000751938 0.0312705 0.047777 0.058767 0.000461559 0.00223857 -0.00117771 -0.0040361 0.00227207
internal_weight=659.102 630.043 609.899 578.018 68.3461 13.7567 12.1749 54.5894 9.45913 3.68336 509.672 45.1302 39.0345 33.6967 40.0043 469.668 464.458 2.61889 8.49149 7.08473 5.63102 461.839 3.34735 2.42719 1.65686 458.492 329.005 221.08 129.487 66.2088
internal_count=60253 36617 32611 31668 3318 1616 1115 1702 196 289 28350 1506 1200 1057 175 28175 24968 851 826 624 519 24117 1363 927 217 22754 14934 10272 7820 3981
is_linear=0
shrinkage=0.03


Tree=100
num_leaves=31
num_cat=0
split_feature=11 28 28 24 22 8 3 27 27 28 33 31 21 21 34 34 8 11 2 12 22 22 8 34 31 27 21 2 22 21
split_gain=23.932 6.8752 4.59043 4.35161 3.71296 4.67331 3.43569 4.96038 5.30113 4.54357 3.96224 3.3518 7.88305 7.1489 3.8398 5.21854 3.07861 4.57485 3.02102 4.53065 2.98153 7.86897 5.45078 5.1717 4.66563 5.01787 4.595 3.73466 4.22168 4.38333
threshold=0.97195547819137584 0.84138089418411266 -0.99808582663536061 2.1157549619674687 -0.8252141773700713 7.0380437374114999 1.5471088290214541 0.11315789446234704 0.13947368413209918 -0.77718487381935109 3.0281636714935307 51.750146865844734 0.46133619546890264 -0.71455532312393177 0.073293488472700133 0.079176034778356566 2.0344619750976567 0.40581589937210089 3.4395977258682255 4.6483845710754403 -1.2437768578529356 -1.0564133524894712 3.2524871826171879 5.140587806701661 177.43645477294925 0.92105263471603405 -1.1623673439025877 1.3905403614044192 -1.2154038548469541 0.75468674302101146
decision_type=2 2 2 2 2 2 2 2 2 2 2 2 2 2 2 2 2 2 2 2 2 2 2 2 2 2 2 2 2 2
left_child=16 2 -2 6 5 -3 7 -4 9 -9 18 12 13 -10 -13 -16 -1 -18 19 -8 22 23 -17 26 -24 -26 -22 -28 -29 -30
right_child=1 4 3 -5 -6 -7 10 8 11 -11 -12 14 -14 -15 15 20 17 -19 -20 -21 21 -23 24 -25 25 -27 27 28 29 -31
leaf_value=-0.024917819383223398 -0.015169113661081887 -0.019959365552992651 -0.021963105808448326 -0.025464422114150471 -0.02116821346768261 0.033082094613093457 0.021243088391635641 -0.010647425934182744 -0.0035711416152171076 0.073261642766309712 -0.007508670194753468 -0.017130704667181466 -0.022645379243586873 0.051366450420679513 0.043752766384670343 -0.019687244743972543 0.048086851791087196 -0.018228319207734735 0.016604850916220552 -0.021004552480743538 -0.013605423956913389 0.0021668930727538199 0.023973187708878518 -0.021891112758560913 -0.013088490412731262 0.015953929590903009 -0.0084501128584840851 -0.0023284217061659974 0.050066499243629402 0.010440886200695413
leaf_weight=33.980875641223975 11.792393360286949 1.9329093225533167 6.3875383409904307 3.803850829601287 15.862453941488637 2.1508287130855024 2.9408438690006724 0.53845657361671329 3.1279087613802394 0.72773094952572026 8.9918162226676923 8.0645384890958649 2.4057222254341459 4.9590072218561536 1.7591965508181591 14.168935074936597 0.53607678518164847 1.4979328543413428 41.167991206049919 4.4749054044950753 1.9484374554595039 436.60804500745144 5.9779836712405112 1.6165333779063065 15.791329023661094 6.8992328480817369 1.726118817692625 2.3901101066731014 9.6348656758200288 4.114180913893505
leaf_count=27545 1031 714 3387 356 3454 41 197 113 94 84 46 1763 144 240 137 1083 256 367 183 239 78 17310 81 55 391 72 226 47 221 84
internal_value=0.000654389 0.00204593 0.00262976 0.00301043 -0.0148596 0.00898886 0.00323817 0.00246918 0.00280928 0.0486261 0.0101388 0.00260506 0.0186404 0.0320628 0.00223982 0.00258401 -0.0227831 0.00933813 0.0134905 -0.00371711 0.00235252 0.00306243 -0.00513486 0.0203976 0.00247856 -0.00395724 0.0247338 0.0294148 0.0337212 0.039721
internal_weight=657.979 621.964 602.018 590.225 19.9462 4.08374 586.421 528.846 522.458 1.26619 57.5756 521.192 10.4926 8.08692 510.7 502.635 36.0149 2.03401 48.5837 7.41575 500.876 458.038 42.8375 21.4302 28.6685 22.6906 19.8137 17.8653 16.1392 13.749
internal_count=60039 31871 27662 26631 4209 755 26275 25610 22223 197 665 22026 478 334 21548 19785 28168 623 619 436 19648 18021 1627 711 544 463 656 578 352 305
is_linear=0
shrinkage=0.03


Tree=101
num_leaves=31
num_cat=0
split_feature=8 28 8 24 11 24 21 21 14 22 14 31 11 22 22 21 31 34 27 33 1 3 8 22 12 12 28 8 12 11
split_gain=23.9199 6.31766 5.53454 4.61397 7.02874 6.71237 7.12865 7.96375 9.18987 8.68608 8.29702 7.45995 6.3269 5.9101 7.34357 7.82008 5.50675 6.76536 7.20545 6.48841 5.46676 5.01311 6.86297 9.70462 6.52627 6.29256 6.63924 6.31631 9.4369 6.48658
threshold=0.10575866699218751 0.84138089418411266 8.2690963745117205 0.11874241754412652 10.149929046630861 0.21413602679967883 -0.90035799145698536 0.41566342115402227 0.1318081617355347 0.28662808239459997 -0.11504411324858664 306.53132629394537 2.4812356233596806 -1.5393707156181333 -0.8989194631576537 -1.0883376598358152 306.53132629394537 0.39101642370224005 0.6921052634716035 2.6085344552993779 33.519430160522468 0.069726482033729567 8.2690963745117205 0.13470549136400226 12.705722808837892 -4.304358482360839 -0.94458159804344166 0.3234871774911881 -1.4431033730506895 0.44604654610157018
decision_type=2 2 2 2 2 2 2 2 2 2 2 2 2 2 2 2 2 2 2 2 2 2 2 2 2 2 2 2 2 2
left_child=-1 3 -3 4 16 6 11 8 9 -8 -11 -5 -10 -6 -15 -16 17 -2 19 -19 -9 22 25 -24 -23 -7 -27 28 -28 -30
right_child=1 2 -4 5 13 21 7 20 12 10 -12 -13 -14 14 15 -17 -18 18 -20 -21 -22 24 23 -25 -26 26 27 -29 29 -31
leaf_value=-0.024993782829871639 -0.013714227184193498 -0.023154440325826055 0.0063628770302133096 0.016427183734345138 -0.026098647815136114 -0.0064820652194740131 -0.011242602113175373 -0.015259422261576125 -0.014417166155503298 0.057058168433073327 -0.0094191344484225344 -0.02906339112960056 0.055419823741639319 0.042693017583674532 0.039656998505340713 -0.0044228465726432039 -0.020439148637299318 0.046405615491315638 -0.012348292917100299 -0.013856519491822294 0.031559735234436545 -0.0042851617761121815 0.037817492174608343 -0.0017368294631122006 0.0050902742125653322 -0.015996766861929794 0.065580863314004839 0.0072899469765338306 0.055235618307841988 -0.010747442475604285
leaf_weight=27.978001528244931 14.741283020412085 14.277889887860512 8.5674258194630948 6.0468323565437441 3.0127700008451965 34.93408094975166 6.6686231696512568 6.7540277907391992 0.89368954754900087 3.9079379665199667 2.1953168286127038 5.0506351514486596 10.656301658134906 4.9286626672837945 3.5358757541980657 17.237102069309906 23.106873431999702 5.5551860980922338 4.5277659711427987 1.619388975203037 2.1618050783872604 125.77981137513416 13.111941032810138 9.0965625899843854 140.31950162257999 9.3537905164412205 3.3190560030052438 144.58100690925494 0.75556331319967096 4.7797522023320198
leaf_count=22543 3182 5608 172 188 74 2357 347 656 220 171 61 277 369 89 95 433 5727 311 114 18 10 6623 197 127 929 1341 350 6357 452 701
internal_value=0.001663 0.00288169 -0.0122823 0.00347009 -0.00329725 0.00447306 0.0155241 0.022311 0.0308987 0.0118884 0.0351868 -0.00496735 0.0492979 0.00833279 0.0131951 0.00455699 -0.0100684 -0.000591619 0.0157171 0.0327726 -0.00186936 0.0034352 0.00677569 0.0222394 0.000659242 0.00493562 0.00741044 0.00893174 0.03228 0.00533288
internal_weight=659.454 631.476 22.8453 608.631 78.2649 530.366 44.3352 33.2377 24.3219 12.7719 6.10325 11.0975 11.55 28.7144 25.7016 20.773 49.5505 26.4436 11.7023 7.17458 8.91583 486.031 219.932 22.2085 266.099 197.723 162.789 153.435 8.85437 5.53532
internal_count=60099 37556 5780 31776 10043 21733 2299 1834 1168 579 232 465 589 691 617 528 9352 3625 443 329 666 19434 11882 324 7552 11558 9201 7860 1503 1153
is_linear=0
shrinkage=0.03


Tree=102
num_leaves=31
num_cat=0
split_feature=27 12 15 26 34 29 11 21 34 27 22 26 21 21 27 25 25 26 21 29 25 8 23 15 25 30 34 23 25 27
split_gain=23.4885 5.72077 10.4855 7.23827 5.15516 4.92373 7.57389 6.78135 5.23158 5.14155 9.50082 5.28358 6.02476 8.121 5.8206 7.06843 6.35777 5.4693 5.78139 7.06082 10.0679 4.8919 4.82628 9.8739 4.69257 6.24302 9.04689 8.49846 6.95859 12.4409
threshold=0.097368422895669951 28.961774826049808 -0.50425606966018666 33.083120346069343 1.3959407806396487 0.93693214654922496 0.88869810104370128 0.36681669950485235 0.57793813943862926 0.13947368413209918 -0.47641384601593012 25.185359001159672 -0.047190481796860688 0.10778046399354936 0.9131579101085664 0.32061108946800237 0.26222015917301184 30.394747734069828 0.76310738921165477 -0.84427365660667408 0.22533079236745837 13.654752254486086 -1.6941341161727903 -0.88612833619117726 0.10360918939113618 1.5000000000000002 0.19251431524753573 0.78167352080345165 0.17497342079877856 0.95000001788139354
decision_type=2 2 2 2 2 2 2 2 2 2 2 2 2 2 2 2 2 2 2 2 2 2 2 2 2 2 2 2 2 2
left_child=21 3 -3 5 -4 6 -2 -7 -9 10 -8 22 14 -14 15 -13 -16 18 19 -15 -21 -1 23 -11 -24 26 27 -26 29 -28
right_child=1 2 4 -5 -6 7 9 8 -10 11 -12 12 13 17 16 -17 -18 -19 -20 20 -22 -23 24 -25 25 -27 28 -29 -30 -31
leaf_value=-0.025175503131115738 -0.02250925049873188 -0.0071564001460497758 0.0032399223009095522 -0.014531480594497246 0.027158257334214883 -0.015238636056153269 0.054305603143495175 0.095962997354960805 0.00031369644918586811 0.055104881173312713 -0.012874063058269722 -0.01913948990446385 0.042423205097243698 -0.02830868040193555 0.015542723354427079 0.028844994789312677 -0.015818189179933686 -0.010396407679773076 0.026151930218961672 0.053710641307968418 -0.01253716909362439 0.02976624641550734 0.016862215544660913 -0.0037969334981769222 0.029522728421548239 -0.0040414451560017127 0.0046973468307141639 -0.014355134183670423 -0.0034111936243642984 0.05415279339321357
leaf_weight=34.244579130434431 10.801050540758295 19.138279348611832 12.135038316249846 25.577927049482241 25.408871278166771 1.0053706492763006 3.4658537382492796 0.64251771033741512 0.75906987104099244 3.2973878101911396 2.7422910606837823 16.664095298619944 7.4697350792121133 4.1954146253410727 24.509279049467299 2.3598281570011741 6.6586043247953048 8.8028055836912227 17.101041727466509 2.6296892978716659 4.1104045992251486 0.71223073115106572 12.674377933260983 6.048563211807048 18.057301743538122 246.62828438600991 37.249465595348738 4.3656935633625826 106.39016604586504 4.2619673432782283
leaf_count=27883 5623 84 52 832 115 261 335 60 91 82 648 548 100 58 194 60 70 228 226 55 73 16 864 393 1504 12725 1821 528 4795 19
internal_value=0.000330685 0.00166354 0.0106733 0.000763805 0.0197119 0.00149636 0.00127149 0.0374568 0.0658617 0.00178818 0.0269615 0.00144534 0.00784029 0.0157713 0.000667507 -0.012044 0.00855942 0.00938892 0.0157451 -0.00135666 0.0169097 -0.0232594 5.3956e-05 0.0203021 -0.000432636 -0.000997446 0.0034081 0.0207317 0.000660118 0.0109293
internal_weight=670.107 635.15 56.6822 578.468 37.5439 552.89 550.483 2.40696 1.40159 539.682 6.20814 533.474 94.5009 44.3091 50.1918 19.0239 31.1679 36.8394 28.0366 10.9355 6.74009 34.9568 438.973 9.34595 429.627 416.953 170.325 22.423 147.902 41.5114
internal_count=60343 32444 251 32193 167 31361 30949 412 151 25326 983 24343 1612 740 872 608 264 640 412 186 128 27899 22731 475 22256 21392 8667 2032 6635 1840
is_linear=0
shrinkage=0.03


Tree=103
num_leaves=31
num_cat=0
split_feature=27 29 14 4 14 33 31 25 3 29 25 3 27 0 12 15 30 3 29 25 29 31 26 28 1 28 12 26 3 31
split_gain=24.9709 4.81832 7.12379 5.52118 4.63125 4.50184 3.92898 3.57803 4.38984 3.3355 4.39893 5.62146 5.44537 3.78636 10.345 7.63562 12.2666 5.52712 6.29786 6.28958 7.57019 7.56869 6.45319 6.61463 5.8594 5.75658 6.3559 8.10606 5.68146 5.77023
threshold=0.097368422895669951 0.88014048337936412 0.20818600058555606 -2.3426506519317623 -1.3889117240905759 1.0649926066398623 3489.1560058593755 0.16541142016649249 0.48595161736011511 -0.9994429051876067 0.19434845447540286 0.57504427433013927 0.95526316761970531 4.5000000000000009 16.180838584899906 -1.6421105265617368 1.0000000180025095e-35 -0.42316132783889765 -0.99080145359039296 0.17999438941478732 -0.90800827741622914 370.42276000976568 33.083120346069343 -0.94458159804344166 2.4441958665847783 -0.64659911394119252 -3.1935096979141231 25.496854782104496 -1.3925890326499937 228.08652496337893
decision_type=2 2 2 2 2 2 2 2 2 2 2 2 2 2 2 2 2 2 2 2 2 2 2 2 2 2 2 2 2 2
left_child=5 3 4 -2 -3 -1 7 -6 -9 10 12 -12 -5 14 15 16 -11 19 -19 20 -15 -22 23 -21 -20 26 -25 -28 -27 -30
right_child=1 2 -4 9 6 -7 -8 8 -10 13 11 -13 -14 17 -16 -17 -18 18 24 22 21 -23 -24 25 -26 28 27 -29 29 -31
leaf_value=-0.026149239506173632 -0.025452346634441708 -0.012860762771162491 -0.01727006868498205 0.0082488454590848789 0.011330576804361883 0.019016323212896036 -0.0097827666046861189 0.099661743059409322 0.0036493314985934578 0.056435186384108195 -0.015776612040128507 0.02727140604429705 0.04250472683356489 0.000672174126374529 0.0078552241735554175 -0.0094154159316192938 -0.0022577192280288649 -0.0093725721004536307 -0.025447451362528194 -0.02157527021657709 0.05153426511477719 -0.0049945229493398493 -0.018763816040801892 -0.006284533798746484 0.0038857960625706968 0.021818338692821303 0.039252862460795783 -0.011048652541049793 -0.017241941891694233 0.0057839682152264109
leaf_weight=32.519845613336656 5.5316956897149785 0.71375068777706419 1.8407356541720217 12.693407572805887 1.2751026485930199 1.4181982192676503 0.47826459462521587 1.5014923406997698 0.61179871228523541 3.2395664021605652 8.0306091088568774 2.9222151120193294 5.7448166571557513 7.554456235724504 66.863735441118479 111.605712465127 12.840464053559115 43.227462969953194 5.3229210092686108 5.5757085289806119 8.427281969576141 2.5400824799435204 8.0139201779384148 5.0507923637051162 210.70734984148294 14.219931792700661 14.828933226293886 3.0624737523030481 11.201046152156776 48.746038042241707
leaf_count=27614 3893 113 476 427 220 246 146 175 26 82 321 58 67 321 399 9159 462 1043 1401 777 482 330 162 292 6779 748 1018 81 671 2174
internal_value=0.000912453 0.00229003 0.0263304 0.00199809 0.0438071 -0.0237716 0.0547607 0.0640242 0.0819663 0.00228713 0.0119816 -0.00297069 0.0205596 0.00177874 -0.00163198 -0.00662246 0.0121787 0.00348663 0.000949921 0.00852969 0.0242753 0.0391186 0.00570145 0.00777336 0.00304911 0.0096612 0.0224883 0.0305137 0.00544698 0.00126929
internal_weight=658.31 624.372 6.42114 617.951 4.58041 33.938 3.86666 3.38839 2.11329 612.419 29.391 10.9528 18.4382 583.028 194.549 127.686 16.08 388.478 259.258 129.221 18.5218 10.9674 110.699 102.685 216.03 97.1092 22.9422 17.8914 74.167 59.9471
internal_count=60163 32303 1156 31147 680 27860 567 421 201 27254 873 379 494 26381 10102 9703 544 16279 9223 7056 1133 812 5923 5761 8180 4984 1391 1099 3593 2845
is_linear=0
shrinkage=0.03


Tree=104
num_leaves=31
num_cat=0
split_feature=1 0 23 15 28 8 24 23 24 34 3 11 12 23 3 14 23 27 14 23 22 8 3 22 15 12 8 23 30 1
split_gain=21.1193 5.86097 7.233 9.97487 13.3054 6.01009 6.98571 5.56946 5.285 8.01492 5.2062 11.6213 6.18647 8.61983 5.33351 7.01441 8.92328 8.29461 9.49492 7.20337 6.63588 7.29129 5.02316 4.94295 4.79282 7.79745 8.6844 6.403 4.5949 4.52782
threshold=0.1004084274172783 8.5000000000000018 -0.83009657263755787 -0.59020280838012684 -0.34940545260906214 0.59911003708839428 0.48582705855369573 -1.0293786525726316 0.79022985696792614 0.14777685701847079 1.3022454380989077 9.9267029762268084 -10.141630649566649 -0.027236160822212693 0.12511552870273593 0.82015106081962597 0.55541837215423595 0.41315789520740515 0.066992498934268965 0.0092429784126579779 0.99386408925056469 7.8182201385498056 2.0847595930099492 0.35996134579181677 -1.048275291919708 2.5769958496093754 4.0492088794708261 -1.538611054420471 2.5000000000000004 27.273371696472172
decision_type=2 2 2 2 2 2 2 2 2 2 2 2 2 2 2 2 2 2 2 2 2 2 2 2 2 2 2 2 2 2
left_child=-1 5 3 4 -3 6 -2 24 9 23 12 -12 13 -4 15 16 17 18 -14 -20 21 28 -9 -8 27 -26 -27 -7 -19 -16
right_child=1 2 10 -5 -6 7 8 22 -10 -11 11 -13 14 -15 29 -17 -18 20 19 -21 -22 -23 -24 -25 25 26 -28 -29 -30 -31
leaf_value=-0.027437451456713283 -0.022643057167032469 0.0012447164213605759 -0.017143276295899245 0.0086474784668739684 0.074954749859310221 0.042508439525546601 0.072328040673898683 0.0018314415727162055 -0.010362616479163108 -0.0038104615398642356 -0.022679580354043393 0.034788782842925636 0.0016924692268001809 0.067983115772996705 -0.01937610982690649 -0.021011414904783927 -0.0097240074152591272 0.0065432355568344333 0.11228956222696287 -0.0084305858724839904 0.049414781603272062 0.049430626112770236 0.020474409967800488 -0.010567410344460314 -0.025319117788392478 0.027682561428570691 -0.0096961281396890468 -0.0053742478985519425 -0.025050169248843224 0.0027550429215266749
leaf_weight=22.141173315525521 20.326265667565167 3.6778533002361655 1.2199124433100226 23.092890021624044 4.6310666806530225 2.8006833888357505 1.8813593011582299 385.44611395214451 10.517245086084584 4.5583438785979524 3.5796099234139538 10.51748407515697 1.7952906969003408 1.728933251230045 19.293785980436951 7.2021171668311572 14.824451728607526 19.584781815414328 1.3021629411960018 0.3879699563840403 2.6419552345760158 2.0555696487426749 12.479113594396038 0.53830967820249487 19.556055242952425 6.2304576477035907 23.741557648172602 6.8725895844981988 4.1871691114502019 13.724524166435002
leaf_count=22819 6633 179 61 1213 256 118 267 16388 2138 614 193 78 603 83 1819 760 1148 725 243 140 92 22 130 168 1867 345 369 260 242 86
internal_value=0.000712318 0.0017429 0.00724786 0.019636 0.0459664 0.000224838 -0.0111091 0.00118478 0.0027909 0.0214298 0.0033577 0.0196604 0.000614598 0.0373438 -0.00104055 0.00474851 0.00907124 0.0178212 0.0560791 0.0917455 0.0113934 0.00580711 0.00246595 0.0561888 -0.00732457 -0.0110869 -0.00128308 0.0111729 0.000191814 -0.0103664
internal_weight=652.537 630.396 135.448 31.4018 8.30892 494.948 37.8215 457.127 17.4953 6.97801 104.046 14.0971 89.9486 2.94885 86.9998 53.9815 46.7794 31.9549 3.48542 1.69013 28.4695 25.8275 397.925 2.41967 59.2013 49.5281 29.972 9.67327 23.772 33.0183
internal_count=60059 37240 7943 1648 435 29297 9820 19477 3187 1049 6295 271 6024 144 5880 3975 3215 2067 986 383 1081 989 16518 435 2959 2581 714 378 967 1905
is_linear=0
shrinkage=0.03


Tree=105
num_leaves=31
num_cat=0
split_feature=1 12 25 25 3 25 21 29 13 23 14 34 30 29 12 21 3 31 24 23 13 0 25 33 3 8 12 29 25 0
split_gain=17.823 5.82315 10.0426 7.22943 6.84814 4.80389 4.73581 4.80218 4.68619 15.406 8.00348 8.94164 6.40391 9.54646 6.72014 5.91825 5.25929 6.31294 5.15526 7.33226 8.63593 7.09842 6.47792 12.425 5.6641 5.12064 10.9333 9.18134 5.10618 5.03915
threshold=0.15928614884614947 18.866653442382816 0.11897483840584756 0.14131076633930209 1.8345186710357668 0.27329581975936895 0.18943736702203753 -0.99080145359039296 -0.84896028041839589 -0.69590625166892994 -1.5076586604118345 0.16094053536653521 1.5000000000000002 -0.9964487850666045 4.111351966857911 1.3777799010276797 -0.17887149006128308 202.75409698486331 1.0779390931129458 0.28183904290199285 -0.0082141342572867853 3.5000000000000004 0.15123456716537478 1.790149509906769 0.4681572169065476 2.7534946203231816 1.2574082016944887 -0.80543360114097584 0.20944089442491534 1.5000000000000002
decision_type=2 2 2 2 2 2 2 2 2 2 2 2 2 2 2 2 2 2 2 2 2 2 2 2 2 2 2 2 2 2
left_child=-1 3 -3 -2 5 6 7 -4 9 12 29 16 13 -5 15 -14 17 -12 21 -20 -21 22 23 -10 28 -13 27 -27 -22 -11
right_child=1 2 4 8 -6 -7 -8 -9 18 10 11 25 14 -15 -16 -17 -18 -19 19 20 24 -23 -24 -25 -26 26 -28 -29 -30 -31
leaf_value=-0.025186533242119648 -0.0097774412627316971 0.034387198112995586 -0.004938189984576122 -0.019804212535860927 0.018797516142650027 -0.015611594925542725 -0.0060537187464834224 0.01391505771170321 -0.016075404412505916 0.017019654189687969 0.092281272432419362 -0.0099886849352730633 -0.021912617826449387 0.053048398078894998 0.030182759789653426 0.042362857056492134 -0.002322078861275779 -0.0097336934163843088 -0.019403567940242089 -0.017902080657192104 0.046350491587533946 0.0029588723452383969 -0.014467030972960107 0.040890716472048269 -0.016596913462931719 0.002599365220569169 0.00040837190934739029 0.078724428995026616 0.0064946994276135674 -0.015506640616304841
leaf_weight=23.769173935055733 67.593453514680732 9.5853810943663103 16.785423744469881 1.3776256318669773 21.616280338726938 13.301491220481692 31.559458132833242 39.406157397665083 6.8630761874956061 4.1478959678206584 1.4372036713175478 14.054448532464447 5.6177193887415342 9.5239902850007621 6.7139846826903522 0.63707247108686704 1.1164638529880893 0.47646168712526549 28.881246205302887 9.7432059081620555 4.9836793168215063 228.94844802160515 42.332207464147359 5.2215049932710826 2.815722302068024 2.522976619657129 17.460137277841568 2.5049028154462603 6.3466665825108066 29.276869691559114
leaf_count=24595 9565 47 86 49 103 85 168 212 920 116 115 1162 435 433 134 58 104 171 1945 521 248 13142 3389 101 118 89 310 87 266 1461
internal_value=-0.000221832 0.00075407 0.00632763 -0.000728104 0.00387471 0.000529642 0.0031247 0.00829539 0.000703805 0.00648172 -0.000459631 0.00857391 0.0268738 0.0429516 0.0112514 -0.010429 0.0510213 0.0722584 -0.000975564 -0.00949213 0.00278859 0.000638262 -0.00900248 0.00978248 0.0172805 0.00378887 0.0124582 0.0472934 0.0263627 -0.0110931
internal_weight=656.62 632.851 132.254 500.597 122.669 101.053 87.751 56.1916 433.004 96.8678 72.9974 39.5726 23.8704 10.9016 12.9688 6.25479 3.03013 1.91367 336.136 52.7705 23.8893 283.365 54.4168 12.0846 14.1461 36.5425 22.488 5.02788 11.3303 33.4248
internal_count=60235 35640 701 34939 654 551 466 298 25374 4724 3615 2038 1109 482 627 493 390 286 20650 3098 1153 17552 4410 1021 632 1648 486 176 514 1577
is_linear=0
shrinkage=0.03


Tree=106
num_leaves=31
num_cat=0
split_feature=27 0 8 30 29 11 21 25 27 34 8 22 1 24 11 23 21 13 13 24 3 13 25 34 25 21 8 8 11 12
split_gain=22.9403 4.9333 6.75309 6.51145 13.2978 8.60776 6.37912 6.28426 6.42481 7.0808 7.23955 6.59526 6.96542 8.9966 5.87006 7.04782 6.44822 5.77209 9.61885 8.60457 5.75536 4.74132 4.40749 12.125 9.08807 5.6598 4.91691 4.367 4.40771 5.42535
threshold=0.097368422895669951 8.5000000000000018 0.20847859233617785 1.0000000180025095e-35 -0.98556962609291066 10.534602642059328 1.239262640476227 0.33788911998271948 0.86578947305679332 0.75496655702590953 4.0492088794708261 0.11829419061541559 9.4451050758361834 0.4559179842472077 6.2458596229553232 0.13202978670597079 -0.22778493165969846 0.63156029582023632 -0.079631339758634553 0.18796797841787341 -0.099450845271348939 -0.81548202037811268 0.11760883778333665 2.3678934574127202 0.13411159068346026 -0.26614847779273981 12.060492038726808 10.153988361358644 10.149929046630861 -0.91655144095420826
decision_type=2 2 2 2 2 2 2 2 2 2 2 2 2 2 2 2 2 2 2 2 2 2 2 2 2 2 2 2 2 2
left_child=-1 2 -2 4 5 20 -6 8 9 10 14 12 -10 -14 15 16 -5 18 -18 -20 -3 -8 23 26 -24 -25 -4 28 29 -9
right_child=1 3 22 7 6 -7 21 27 11 -11 -12 -13 13 -15 -16 -17 17 -19 19 -21 -22 -23 24 25 -26 -27 -28 -29 -30 -31
leaf_value=-0.023401730305603365 -0.021044890475752805 0.01579753213015643 -0.0070628681862801466 -0.00042954121260113811 -0.0075380337854948154 -0.0022862937456247919 0.084596774905237065 0.038168818214932475 -0.0065719828735813198 -0.015520914349383913 0.027280992022986252 -0.0013484856047187852 0.0040603495001926117 0.04908742541005693 -0.020164790030493755 -0.014578667151928359 0.0045339433125104519 -0.014712085842621719 -0.010182548230834492 0.10682336976485649 0.096903090620015134 -0.0096780615582938018 -0.013942215696127884 0.00092681812697170739 0.0019883279741572638 0.064939919497486218 0.023041794287488575 -0.011545692132154978 0.050005641485720516 -0.016097356949590996
leaf_weight=31.877370713104028 11.286307469359597 1.5789293288253246 15.443778753571683 6.660993758530819 8.827451367862519 1.6118069724179802 0.30779152666218579 1.9987842113478098 5.2380355123896178 25.254421439487487 8.59702678513713 18.910667471121997 6.7276930622756508 9.5797686884179694 10.084027540171517 7.6637378337327382 2.3336565120844144 0.94147206458728749 0.50416132266401481 1.8250909417401997 2.684433927293866 0.46957779239164743 33.921298747183755 1.7046734208706764 417.49667603493435 3.9019582227338097 5.9532921289792275 1.9588872175663699 4.941076755290851 2.8299731177976346
leaf_count=27753 4720 118 1230 622 1092 46 46 141 110 882 128 252 75 113 638 1004 276 183 104 139 63 89 1764 52 17908 112 56 15 95 206
internal_value=0.00102301 0.00231191 0.000920262 0.0074472 0.0251296 0.056988 0.00210589 0.00489399 0.00244118 -0.00348046 0.00458806 0.0116476 0.0226083 0.0318193 -0.00258221 0.00685287 0.0203334 0.0413394 0.053256 0.0860462 0.0755741 0.0542444 0.00148125 0.013031 0.000763074 0.0485633 0.00196794 0.0248047 0.0324884 0.00905984
internal_weight=653.115 621.237 489.708 131.529 15.48 5.87517 9.60482 116.049 104.321 63.8646 38.6102 40.4562 21.5455 16.3075 30.0131 19.9291 12.2654 5.60438 4.66291 2.32925 4.26336 0.777369 478.422 27.0037 451.418 5.60663 21.3971 11.7287 9.76983 4.82876
internal_count=60032 32279 25842 6437 1454 227 1227 4983 4526 3976 3094 550 298 188 2966 2328 1324 702 519 243 181 135 21122 1450 19672 164 1286 457 442 347
is_linear=0
shrinkage=0.03


Tree=107
num_leaves=31
num_cat=0
split_feature=8 0 28 1 31 1 21 14 3 24 11 31 15 24 3 23 4 8 31 31 8 0 21 13 28 12 12 28 24 23
split_gain=19.5632 9.20763 6.24686 4.62369 4.57947 6.20268 6.29905 5.85152 5.02499 4.60602 4.28008 6.68632 5.62585 5.34269 4.49177 4.22024 5.53405 5.37283 7.46913 5.47296 5.25277 7.74507 6.46792 12.4736 9.66719 10.1953 9.77054 9.48879 8.55784 10.5138
threshold=0.060230005532503135 8.5000000000000018 0.84138089418411266 38.073665618896491 257.13560485839849 0.60618799924850475 -0.17272834479808805 1.0241051912307741 -0.5410059094429015 1.2120638489723208 24.083731651306156 274.61106872558599 -1.9282644391059873 0.97251138091087352 0.75450143218040477 2.5631842613220219 12.471114158630373 3.0684909820556645 479.44419860839849 445.94090270996099 1.9004354476928713 3.5000000000000004 -0.1613289266824722 -0.13239344209432599 -0.92639589309692372 -0.83465558290481556 -3.0769107341766353 -0.82836508750915516 0.62241289019584667 -0.010811050888150929
decision_type=2 2 2 2 2 2 2 2 2 2 2 2 2 2 2 2 2 2 2 2 2 2 2 2 2 2 2 2 2 2
left_child=-1 2 10 -4 5 6 -3 9 -8 -6 12 -12 13 -2 -13 17 -17 19 -19 20 21 -14 23 24 -23 26 -26 28 -24 -30
right_child=1 4 3 -5 7 -7 8 -9 -10 -11 11 14 15 -15 -16 16 -18 18 -20 -21 -22 22 27 -25 25 -27 -28 -29 29 -31
leaf_value=-0.028596941341979168 -0.029825846929476048 -0.010597270844018514 -0.024518548811696267 0.010042392553911622 0.009464680468156926 0.013521604679287074 0.10783293889960548 -0.016845260954075205 -0.0067551414724537802 -0.012159584079137059 0.025944826493536671 -0.021730714972110717 -0.012041372268035345 0.00077844870596534689 0.0065820111782925106 0.045944357993850202 -0.0038336703453440385 -0.00063655406418517172 0.011436849646814486 -0.015249547003106175 -0.010862347843764541 -0.019568391640160096 -0.0080434791142051636 0.00224802500649059 0.01426800569117518 0.012659046393494884 0.096338920776626064 -0.014456395175785338 -0.01713788378727395 0.070660499797676288
leaf_weight=19.381259129149839 10.422085558006076 0.54325210954993952 14.771606132504532 3.8675107955932608 82.142884758359287 32.688896179199219 0.73801880702376355 9.1498586650122871 0.29006245423806731 9.0611162934219447 13.197696100920437 5.356986950151625 23.870188112196047 9.2348418016335909 23.416114455088973 3.0819767105858764 3.6817584596574306 192.49192599143134 59.606364007049706 34.012392414791975 38.952368635393213 1.6919153614435334 4.3873478826135415 22.910512474307325 2.3432093841256574 5.0698989054071708 3.7897751038544802 19.638364119862672 1.2746901921927927 3.1340744550107047
leaf_count=19772 493 348 5333 16 4364 1591 178 782 265 578 118 123 3936 232 141 125 30 3924 1622 6383 2093 167 709 2338 217 642 244 3138 154 216
internal_value=0.00033538 0.00126228 -0.000616311 -0.0172012 0.0081959 0.0175233 0.0631372 0.00487011 0.0881134 0.00720773 5.99261e-05 0.00909739 -0.000821627 -0.0161063 0.000757908 -6.96013e-05 0.0218446 -0.000480218 0.002252 -0.00474393 -0.00183464 0.00223352 0.00764104 0.0159503 0.0383817 0.0480199 0.0713786 -0.00300861 0.0214166 0.0468004
internal_weight=654.199 634.818 500.204 18.6391 134.614 34.2602 1.57133 100.354 1.02808 91.204 481.564 41.9708 439.594 19.6569 28.7731 419.937 6.76374 413.173 252.098 161.075 127.062 88.11 64.2398 35.8053 12.8948 11.2029 6.13298 28.4345 8.79611 4.40876
internal_count=60272 40500 32394 5349 8106 2382 791 5724 443 4942 27045 382 26663 725 264 25938 155 25783 5546 20237 13854 11761 7825 3608 1270 1103 461 4217 1079 370
is_linear=0
shrinkage=0.03


Tree=108
num_leaves=31
num_cat=0
split_feature=2 11 13 14 14 14 12 27 0 29 12 27 21 21 21 22 13 13 25 11 14 25 27 24 12 25 12 21 11 3
split_gain=19.8054 6.84398 4.84252 6.62459 8.9876 7.14828 7.4318 6.27897 5.90834 7.28945 7.47979 6.77733 6.09279 9.71197 7.47124 7.04658 6.63632 7.31057 7.36422 5.88387 5.5043 5.54833 7.2497 9.53499 6.92163 10.9395 6.54017 5.28469 8.90405 7.15228
threshold=0.14057023823261264 24.083731651306156 -0.23460722714662549 0.20818600058555606 0.1318081617355347 -0.14066536724567411 -3.0769107341766353 0.25526314973831182 5.5000000000000009 0.061243016272783286 3.0879447460174565 0.28157895803451544 0.5659351944923402 1.0314557552337649 0.18151463568210605 -0.65384450554847706 1.1195043921470644 0.42991541326045996 0.19836523383855822 9.0666141510009783 -0.074901275336742387 0.26713037490844732 0.72894737124443065 0.23510558903217318 -2.0396454334259029 0.23329050838947299 8.8197827339172381 -0.43719244003295893 10.335773944854738 -1.1930072307586668
decision_type=2 2 2 2 2 2 2 2 2 2 2 2 2 2 2 2 2 2 2 2 2 2 2 2 2 2 2 2 2 2
left_child=-1 2 -2 4 5 6 -4 -5 9 10 -9 -10 14 15 27 -14 17 -17 -19 -11 -7 22 23 -22 25 -25 -26 29 -29 -13
right_child=1 -3 3 7 -6 20 -8 8 11 19 -12 12 13 -15 -16 16 -18 18 -20 -21 21 -23 -24 24 26 -27 -28 28 -30 -31
leaf_value=-0.027433406227599155 -0.0033475943149663058 0.011364936066998172 -0.023027257398879019 -0.020398528359877013 0.022808826620487777 -0.017695070998746051 0.022064761577868651 -0.020189607546199924 0.054245889876813468 -0.010056454835299582 -0.00083328324527060231 0.021827335861983061 -0.012776894717104248 -0.0037026175713883659 -0.021245410847633268 -0.0014732614231120389 -0.0043515381269167899 0.0058037846427281782 0.079093514673504464 0.037179412546001565 -0.014959172892684433 -0.015515375182326445 -0.0045407335875128655 0.077411630769322448 -0.0024525962636881391 -0.016172383703113507 0.04392770075296306 -0.0022624991131955817 0.025974207216016995 -0.0080232624203706998
leaf_weight=22.112935252371244 239.51806731079705 50.112321539781988 2.9757680076872957 12.887225328944622 26.895522419479676 14.427667222451417 23.230992642347701 29.939066071296111 1.4182464526966203 3.3446264641825092 43.070776066510007 7.6577156620332891 2.07362499507144 11.465346218668854 11.85143206338398 1.8120450562564672 2.1108174750115714 1.7317468491382895 5.4646841423818842 5.0180587256327271 4.6814865377382402 10.850946210906839 20.990856384625658 3.8234104001894584 7.1513558336300758 1.0708112886641172 3.3362190849147737 20.594547363463796 18.362479014554992 43.034192060586065
leaf_count=24560 13150 436 267 5235 1227 972 1445 3562 194 427 871 294 104 492 579 122 106 49 182 69 903 545 538 213 770 67 48 1083 279 1506
internal_value=-0.000157389 0.000840528 -8.55235e-05 0.00220702 0.0078718 0.00333309 0.0162864 -0.000864489 0.000431719 -0.00584315 -0.00893626 0.00444834 0.00346633 0.0165274 0.000163028 0.0331305 0.0420395 0.0522583 0.0643169 0.0192313 -0.00195038 0.0026778 0.007741 0.0201961 0.0311557 0.0576663 0.0148411 0.00319634 0.0113639 -0.00317889
internal_weight=653.015 630.902 580.79 341.272 119.435 92.5395 26.2068 221.837 208.949 81.3725 73.0098 127.577 126.159 24.6583 101.5 13.1929 11.1193 9.00848 7.19643 8.36269 66.3328 51.9051 41.0541 20.0633 15.3818 4.89422 10.4876 89.6489 38.957 50.6919
internal_count=60295 35735 35299 22149 6995 5768 1712 15154 9919 4929 4433 4990 4796 1055 3741 563 459 353 231 496 4056 3084 2539 2001 1098 280 818 3162 1362 1800
is_linear=0
shrinkage=0.03


Tree=109
num_leaves=31
num_cat=0
split_feature=1 8 24 0 29 28 0 25 21 31 25 31 25 25 27 30 25 28 3 8 11 1 30 25 27 25 27 14 21 21
split_gain=18.9912 5.98892 4.82063 4.62915 5.92684 6.72204 4.2747 6.21564 7.41043 7.4103 7.17403 6.56514 5.79438 16.6863 7.09428 6.57778 10.103 6.24068 6.35904 5.98965 7.5003 9.87546 5.27239 9.67771 8.62181 8.66516 8.14446 7.65751 7.62626 10.3851
threshold=0.99179899692535411 10.991354465484621 2.1157549619674687 6.5000000000000009 -0.34436371922492975 -0.64659911394119252 8.5000000000000018 0.11867948621511461 -0.38993266224861139 836.96853637695324 0.12384812906384469 1457.0352172851565 0.20767617970705035 0.23109014332294467 0.73421052098274242 1.0000000180025095e-35 0.23526197671890262 -0.70130121707916249 -0.57983407378196705 0.96336299180984508 7.3657994270324716 1.9200302958488467 1.5000000000000002 0.17677506059408191 0.81315788626670849 0.19836523383855822 0.95526316761970531 0.11683968827128412 -0.4497509747743606 -0.27456490695476526
decision_type=2 2 2 2 2 2 2 2 2 2 2 2 2 2 2 2 2 2 2 2 2 2 2 2 2 2 2 2 2 2
left_child=1 3 6 -1 5 -5 7 8 -2 -10 -9 -11 -8 14 -14 19 -17 18 -18 20 21 -15 23 26 28 -26 -12 -24 -25 -30
right_child=2 -3 -4 4 -6 -7 12 10 9 11 22 -13 13 15 -16 16 17 -19 -20 -21 -22 -23 27 24 25 -27 -28 -29 29 -31
leaf_value=-0.028822812434642534 -0.0064628812791332575 0.054409679257339923 -0.02866528869788634 0.04937808944633057 -0.022898412986013573 -0.0050816892450352398 -0.002391758535238481 -0.020260734004834854 0.01250712463383373 0.089151720168972937 0.010700834734811607 0.01504133770050212 0.0003138233310492244 -0.01124618258887379 0.072268443483070599 -0.01763234589015374 0.021515488628307725 0.01586716503566734 -0.019310783130197819 0.011889647805620405 -0.012601631669086668 0.11017262677848912 -0.0066768164776790121 -0.0066428470660149178 -0.034196990854010241 -0.0012079650902385663 0.049062977668961415 0.003715544687624714 0.040756291030665741 0.0053717857334505152
leaf_weight=23.128901049902197 10.697183763026262 0.065958888037129237 3.6924424674361935 1.6349645139998745 11.539137528976424 8.380684266972823 41.237955949036404 14.706047344487159 15.90526497596875 1.6397467391798262 48.422569208778441 2.6670392516534775 1.6111442220862944 0.58176333969458882 4.3816414922475815 14.785598741262218 4.0327524286694816 38.353234274080023 10.083987071295267 8.0266323967371118 0.69130784505978216 1.3419473259709773 150.71564525808208 34.497928297030739 10.873589061666282 18.268189882393926 4.7241553068161002 109.28154009731952 7.9850032515823832 46.781293105217628
leaf_count=20613 1084 14 379 308 10632 2857 1977 900 1247 59 2265 144 129 76 52 460 219 1130 527 360 39 110 5491 1540 155 232 22 4845 300 2064
internal_value=0.000231647 -0.0184078 0.00163616 -0.019704 -0.00907508 0.00748388 0.00186913 0.000569564 0.0133608 0.0236626 -0.000344295 0.0547403 0.00678111 0.0112653 0.0557349 0.0071811 0.00352101 0.00970013 -0.00699611 0.0280235 0.0605575 0.082166 0.000379674 0.00444762 -0.000353896 -0.0142432 0.0149539 -0.00231122 0.00428807 0.0111692
internal_weight=650.735 44.7496 605.986 44.6837 21.5548 10.0156 602.293 477.165 30.9092 20.2121 446.256 4.30679 125.128 83.89 5.99279 77.8972 67.2556 52.47 14.1167 10.6417 2.61502 1.92371 431.55 171.553 118.406 29.1418 53.1467 259.997 89.2642 54.7663
internal_count=60230 34424 25806 34410 13797 3165 25427 20348 2534 1450 17814 203 5079 3102 181 2921 2336 1876 746 585 225 186 16914 6578 4291 387 2287 10336 3904 2364
is_linear=0
shrinkage=0.03


Tree=110
num_leaves=31
num_cat=0
split_feature=1 11 3 25 0 34 14 22 22 33 0 28 22 28 11 3 11 29 21 29 33 15 22 22 33 27 25 14 14 29
split_gain=15.3711 5.62694 7.4723 6.87978 10.3503 12.4726 4.89453 4.81052 13.5251 6.78551 4.49458 5.48217 4.84378 4.46995 4.25913 4.23514 4.5618 6.01976 6.37402 5.46081 6.45355 4.77605 4.67548 4.6314 4.52294 4.46135 4.42985 5.55232 9.00732 5.59296
threshold=0.1004084274172783 4.6934001445770273 -0.4066168069839477 0.28592208027839666 7.5000000000000009 0.089555285871028914 -0.67556059360504139 -0.62061712145805348 -0.95143184065818776 0.59404823184013378 8.5000000000000018 -0.34940545260906214 -0.28061760962009424 -0.93879690766334523 0.44604654610157018 1.8345186710357668 6.6093630790710458 -0.96383434534072865 -0.13805117458105085 -0.84427365660667408 0.74213418364524852 -1.6421105265617368 -0.98276716470718373 -0.98276716470718373 1.9868225455284121 0.95000001788139354 0.15423238277435306 0.11683968827128412 -0.90680119395256031 -0.63753294944763172
decision_type=2 2 2 2 2 2 2 2 2 2 2 2 2 2 2 2 2 2 2 2 2 2 2 2 2 2 2 2 2 2
left_child=-1 2 3 4 -2 13 10 8 -7 -10 14 -12 -13 -6 -4 16 17 22 19 -19 26 -20 -3 -22 -23 -25 -21 28 -28 -29
right_child=1 15 6 -5 5 7 -8 -9 9 -11 11 12 -14 -15 -16 -17 -18 18 21 20 23 24 -24 25 -26 -27 27 29 -30 -31
leaf_value=-0.025528298715154836 -0.0058009255405891162 -0.014042564463002498 0.032688181778001056 -0.019038712866387836 -0.0076095565369303821 -0.0062258249231726516 -0.02088492701616675 0.0030014655034297905 0.10093076368584647 0.0076400072501353229 -0.017328495065018271 -0.012302544663193093 0.063092325028599683 0.088754925422688091 -0.016597738975939417 0.012647861301707069 0.00051484990809736982 -0.015273704807831454 0.030204599759208681 -0.0081692577252096867 0.027764621363668786 -0.018719567839368654 0.027759991128900773 -0.020591590089436319 0.0074520699607296325 0.022194992950686939 0.0052707928651839053 0.045005077773690561 0.081754275484800631 -0.010363384708902284
leaf_weight=19.009455904481001 34.054689469863661 2.157413931097838 0.90462435287190501 11.6035297550261 0.33768201572820578 3.8857071451493539 30.280855687393341 19.137776108749673 1.4988800222636265 1.2210164412390438 1.301531997160055 0.66224738332675825 1.8305860099499101 1.7536024434957678 9.6265549539821205 33.849177796859294 399.78059782134369 4.4247640972025719 1.8985833601327637 1.7218642951920653 3.4416790860705069 17.667311751982201 17.001805228181183 6.7721847782377136 8.0598282916471344 2.1363448053598404 2.2062147215474397 1.7463648817501973 3.5330178554868308 3.3781659427331747
leaf_count=22768 5087 104 604 1342 122 236 9914 1135 137 40 216 148 374 454 1909 361 11275 299 84 291 64 1460 507 242 128 15 102 101 228 301
internal_value=0.000357771 0.00118084 -0.0046939 0.00120978 0.0052485 0.0184994 -0.014234 0.0111881 0.0313933 0.0723629 0.000270021 0.0246657 0.0452751 0.0757668 -0.00989648 0.00254837 0.00180505 0.00848439 0.00343427 0.0129615 0.0183675 -0.00679036 0.0225898 0.00246371 -0.0105484 -0.00912653 0.0326437 0.0392557 0.0574981 0.0127729
internal_weight=646.884 627.875 118.099 73.4929 61.8894 27.8347 44.6064 25.7434 6.6056 2.7199 14.3255 3.79437 2.49283 2.09128 10.5312 509.775 475.926 76.1455 56.9863 29.3606 24.9358 27.6257 19.1592 12.3502 25.7271 8.90853 12.5856 10.8638 5.73923 5.12453
internal_count=60048 37280 21718 8553 7211 2124 13165 1548 413 177 3251 738 522 576 2513 15562 15201 3926 3315 1643 1344 1672 611 321 1588 257 1023 732 330 402
is_linear=0
shrinkage=0.03


Tree=111
num_leaves=31
num_cat=0
split_feature=27 0 1 13 24 11 1 29 24 25 27 1 13 24 24 29 22 22 22 13 24 14 22 24 24 29 29 25 11 8
split_gain=16.3928 5.17077 8.37601 6.0233 6.35028 9.3333 8.83676 7.66705 6.34806 5.92836 10.8661 5.08003 5.82546 4.77618 4.94129 4.531 4.44659 10.0682 7.58687 6.63885 6.59624 9.15119 6.17978 6.10676 6.52795 5.54368 12.4155 7.53171 5.41511 9.73193
threshold=0.065789472311735167 4.5000000000000009 2.0808781385421757 -0.031425105407834046 0.26352481544017797 4.4574272632598886 1.3669008612632754 -0.61065626144409169 0.35967290401458746 0.09568639844655992 0.87368422746658336 2.6428723335266118 0.4086060523986817 0.11402578279376031 0.12485403195023538 -0.90800827741622914 -0.85347056388854969 -0.86668306589126576 -0.67553085088729847 -0.79285553097724903 0.59537160396575939 -1.842291474342346 0.3300220668315888 0.17720548808574679 0.14351424574851993 -0.58305680751800526 -0.91507902741432179 0.2197043523192406 10.534602642059328 5.1980869770050058
decision_type=2 2 2 2 2 2 2 2 2 2 2 2 2 2 2 2 2 2 2 2 2 2 2 2 2 2 2 2 2 2
left_child=-1 2 -2 16 5 -5 7 -7 -6 10 -4 12 15 -13 -15 -11 17 -3 -18 20 22 -22 -20 24 -24 26 -23 -27 29 -21
right_child=1 3 9 4 8 6 -8 -9 -10 11 -12 13 -14 14 -16 -17 18 -19 19 28 21 25 23 -25 -26 27 -28 -29 -30 -31
leaf_value=-0.024120710721591464 -0.024129544846085742 0.0051145453368727457 -0.001589106014059127 -0.0054204148779287828 -0.01419251394579049 0.082532140702643739 0.016418272861639549 -0.01234805028891571 0.0054216624576412615 0.080902990447997591 0.067135145867501994 -0.01784469618771713 -0.017024718708241088 0.032218705135773719 -0.0019014505051100595 0.0096592898330336973 -0.025549993912107844 0.075267843035549606 -0.019487830239443713 -0.0075759552996931424 -0.012984188705422664 0.025886919410331534 0.0068729720968390738 -0.0075254726360823605 0.078669326928116234 0.068518414118922136 -0.017775817366272484 0.01258852833208327 -0.014097899749758893 0.023655930609739854
leaf_weight=22.677381189190783 13.851527285180053 33.505919615912717 5.659029974252916 16.145777742320206 15.821006263373418 2.3885765571612869 49.178420765092596 0.68699827801901747 127.69800044200383 0.87934274994768191 2.225296959746629 15.946400470915249 1.2859251744812352 2.9042104459367684 178.65223322948441 1.9596809333888807 10.99019363633124 0.96340142650296812 13.033994392375464 31.481394373986404 8.7645717387786117 17.259012346854437 3.3556487571331655 7.0980525396298617 0.91764301317743946 3.5097837882931362 7.7946439868537665 5.2708336154464632 40.457264686352573 11.412322560034225
leaf_count=23734 6845 1855 398 3768 816 151 1338 120 5691 52 50 1014 260 52 5684 316 575 27 803 3314 312 280 610 450 50 262 242 297 738 260
internal_value=0.000387308 0.00130473 -0.00235738 0.00331176 0.00680431 0.0142614 0.0203305 0.0635089 0.00317622 -0.000810168 0.0231811 -0.00185808 0.0276521 -0.00261062 -0.00118216 0.0470518 -0.000483402 0.00914207 -0.0025834 -0.000746948 0.00623283 0.0132457 -0.00604746 0.00968806 0.0342852 0.0202181 0.0121418 0.0396646 -0.00636522 0.00108324
internal_weight=653.774 631.097 223.364 407.733 211.919 68.3998 52.254 3.07557 143.519 209.512 7.88433 201.628 4.12495 197.503 181.556 2.83902 195.815 34.4693 161.345 150.355 67.0042 42.5988 24.4053 11.3713 4.27329 33.8343 25.0537 8.78062 83.351 42.8937
internal_count=60364 36630 14671 21959 11884 5377 1609 271 6507 7826 448 7378 628 6750 5736 368 10075 1882 8193 7618 3306 1393 1913 1110 660 1081 522 559 4312 3574
is_linear=0
shrinkage=0.03


Tree=112
num_leaves=31
num_cat=0
split_feature=11 0 1 25 24 21 13 22 3 3 27 23 30 25 25 24 11 22 24 27 24 23 1 28 22 23 28 13 25 28
split_gain=19.8328 4.90694 5.99089 9.2198 5.88528 12.7294 9.01831 8.78792 5.48026 7.10797 7.71438 6.40411 9.63555 6.96201 8.16768 8.37941 5.80229 5.75638 9.3499 6.14079 5.65506 8.46075 7.62804 8.55646 6.96681 5.49792 5.47344 7.5796 8.74679 5.73802
threshold=1.2084420323371889 4.5000000000000009 13.190650939941408 0.09568639844655992 0.97251138091087352 0.27349847555160528 -0.042520185932517045 1.0647631883621218 0.37145408987998968 0.33900302648544317 0.69736841320991527 0.8164527714252473 1.5000000000000002 0.19239175319671634 0.25282798707485205 0.26352481544017797 24.083731651306156 0.049174180254340179 0.37668250501155859 0.82631579041481029 0.9612601399421693 0.3203024566173554 9.9756789207458514 -0.75508120656013478 -0.16972471028566358 0.15663885325193408 0.40318277478218084 0.10420313477516176 0.2430297136306763 0.81238585710525524
decision_type=2 2 2 2 2 2 2 2 2 2 2 2 2 2 2 2 2 2 2 2 2 2 2 2 2 2 2 2 2 2
left_child=-1 2 4 -4 -2 -6 -7 -8 9 11 25 12 13 17 -15 -16 -10 -3 -19 -20 21 26 23 24 -22 -11 -14 -28 29 -29
right_child=1 8 3 -5 5 6 7 -9 16 10 -12 -13 20 14 15 -17 -18 18 19 -21 22 -23 -24 -25 -26 -27 27 28 -30 -31
leaf_value=-0.022305163952756248 -0.014017397257355601 0.014938670260645872 0.036747809084386324 -0.00044934001061966135 -0.017688087357762831 0.0024397819653170375 0.077148405883557022 -0.014832156385287495 -0.0032539113560850581 0.013612203124162793 -0.008594956736288668 -0.0049570829822174851 -0.00063041380225195586 -0.00071396378545347046 0.039099703762755733 0.0091426508174926695 0.015166380009307862 -0.0065070112285911729 0.094652355835041571 0.012012374208718663 0.052887575066775702 -0.026497003539069253 0.040626538819685906 -0.019876375052280574 -0.0042909892391308872 0.097689377859756371 -0.011926075869387985 0.090410684862659865 -0.01488966129101876 -0.0090517470900514669
leaf_weight=33.416360028553754 57.012330604775343 8.1980724976747279 5.2688775239512315 137.87735147145577 10.411204503150659 5.8864301448338665 3.01787308504572 0.84747284639161069 139.64116252219537 1.6311163362115615 1.6785639375448225 44.57604992762208 71.107339201378636 29.767203415220138 12.711472084629348 23.96284385106992 16.287189939059317 1.5164299025782373 2.7889385193702765 1.4429062679409979 2.8816573664662428 9.8534894682816212 6.2239044210873535 6.8328569275909112 3.5181576339527973 1.0834019201574845 2.2649970243219277 1.9343959042453214 0.96484282484743733 0.42855910788057361
leaf_count=30159 8009 773 103 1881 1313 457 217 67 4705 100 63 2671 3306 1166 496 897 110 460 178 40 169 796 92 695 233 63 540 147 144 198
internal_value=-0.000145799 0.00109934 -0.00247463 0.00116524 -0.00915446 0.0046085 0.0278439 0.0580782 0.00311286 0.00599326 0.0401105 0.00517424 0.00761061 0.0153756 0.0110077 0.0202881 -0.00124547 0.0340558 0.0550663 0.0741568 0.00163377 -0.0017003 0.0158236 0.00212295 0.0251228 0.0644341 0.0017853 0.0279359 0.0515537 0.0750441
internal_weight=645.033 611.617 220.322 143.146 77.1753 20.163 9.75178 3.86535 391.296 235.367 4.39308 230.974 186.398 80.3879 66.4415 36.6743 155.928 13.9463 5.74827 4.23184 106.01 86.5536 19.4566 13.2327 6.39982 2.71452 76.7001 5.59279 3.3278 2.36296
internal_count=60248 30089 12047 1984 10063 2054 741 284 18042 13227 226 13001 10330 4010 2559 1393 4815 1451 678 218 6320 5131 1189 1097 402 163 4335 1029 489 345
is_linear=0
shrinkage=0.03


Tree=113
num_leaves=31
num_cat=0
split_feature=8 11 3 1 23 34 14 29 28 1 11 29 11 21 23 27 14 29 3 11 12 23 24 27 33 14 8 24 23 1
split_gain=14.685 6.45202 9.62894 7.84625 6.07077 7.78299 6.18925 5.5822 5.63285 5.88751 5.57873 6.4069 6.3384 7.48568 6.70423 6.27332 7.26241 5.97847 5.79709 7.90828 7.56209 5.48784 5.361 5.15869 6.2206 6.45789 5.21071 5.11122 5.09745 5.05213
threshold=0.043537782505154617 4.6934001445770273 -0.48621074855327601 25.236403465271 0.22220987081527713 1.6588007211685183 0.28483147919178015 0.90345245599746715 -0.3332370519638061 1.4449337124824526 6.6093630790710458 -0.96383434534072865 8.4733428955078143 1.4279006123542788 1.1892786026000979 0.66052630543708812 0.11683968827128412 0.12972188368439677 -0.81992739439010609 6.38114356994629 -3.4320005178451534 0.21012048423290255 1.1178277134895327 0.62368419766426098 1.7495667338371279 -1.842291474342346 5.8608150482177743 1.2256654500961306 -0.31439743936061854 0.60618799924850475
decision_type=2 2 2 2 2 2 2 2 2 2 2 2 2 2 2 2 2 2 2 2 2 2 2 2 2 2 2 2 2 2
left_child=-1 2 4 7 6 -6 28 -4 9 -9 11 18 13 -12 -15 16 23 29 20 -20 -3 -8 -18 24 25 -14 -25 -27 -2 -13
right_child=1 10 3 -5 5 -7 21 8 -10 -11 12 17 15 14 -16 -17 22 -19 19 -21 -22 -23 -24 26 -26 27 -28 -29 -30 -31
leaf_value=-0.028207233796923359 0.025063972419248206 -0.0067139454705218184 -0.020962550197793677 0.056704815995086179 -0.014851664447101412 0.048760241136651672 -0.0080537431143345318 0.065543069521168895 -0.02117840140224184 -0.0031275034284362476 -0.011135060578228417 0.04783310934969922 -0.024859391543351865 -0.020937930638375343 0.038333072284879227 -0.00010918271613062634 0.02120204091963393 0.025377100473832282 -0.00076730909193616483 0.049705658712798965 0.065944273868590836 0.052820077660384303 -0.01463403277828847 -0.0097582926579332201 -0.019805825178814268 0.0015358836411099458 0.033512245708740222 0.027110797566098375 -0.0046344402213136932 -0.001732010780641495
leaf_weight=15.227755985280963 18.94805107096909 1.5111956590553743 42.942412364878692 0.36970903351902862 22.561034093669154 0.89897440478671242 19.90313877660083 1.188673089782242 2.3739225368481121 2.1323499120771885 58.787835396709852 0.9223797227605236 5.0562586929881936 1.7381801401497785 4.5233819199493155 264.78075220133178 38.730176982469857 9.1583986420882848 10.949252114631234 2.7375146723352364 3.9453709232620922 0.42920377640984853 3.4522350091719991 3.1072780913673324 12.290397909004239 25.297839112230577 6.9696832224726677 8.8127133963862416 6.6596239279024294 48.724693659227341
leaf_count=18284 1784 120 14161 5 3638 164 2611 733 1775 230 2830 255 158 91 88 5187 1282 658 370 63 58 8 190 108 211 1144 70 292 994 2565
internal_value=-2.90174e-05 0.000695814 -0.00558576 -0.0156233 0.00162351 -0.0105203 0.00791694 -0.0173044 0.00929083 0.0309315 0.00215801 0.00949332 0.000820358 -0.00774185 0.0212621 0.00234867 0.00856452 0.00440796 0.0241204 0.0120249 0.0478983 -0.00435291 0.0179982 0.0019132 -0.00204665 0.00388047 0.0204932 0.00872732 0.0174566 0.000115104
internal_weight=645.13 629.903 118.407 49.0071 69.4 23.46 45.94 48.6374 5.69495 3.32102 511.496 77.9488 433.547 65.0494 6.26156 368.497 103.717 58.8055 19.1433 13.6868 5.45657 20.3323 42.1824 61.5342 51.4572 39.1668 10.077 34.1106 25.6077 49.6471
internal_count=60127 41843 26103 16904 9199 3802 5397 16899 2738 963 15740 4089 11651 3009 179 8642 3455 3478 611 433 178 2619 1472 1983 1805 1594 178 1436 2778 2820
is_linear=0
shrinkage=0.03


Tree=114
num_leaves=31
num_cat=0
split_feature=27 31 4 31 11 25 25 22 13 25 0 27 25 22 29 15 31 13 14 1 15 13 13 25 1 14 11 22 11 22
split_gain=14.7937 6.27847 11.9271 13.5072 5.92302 5.47143 6.3977 6.59342 6.4068 5.65773 9.71341 8.15828 7.6361 7.41489 6.01214 8.7922 6.78199 5.97167 5.62118 4.84861 4.83608 6.16162 5.10253 5.97499 8.77276 5.55348 6.95244 5.26275 5.06756 4.81698
threshold=0.065789472311735167 341.26315307617193 43.433244705200202 836.96853637695324 24.083731651306156 0.09568639844655992 0.15624077618122104 1.0995075106620791 -0.23460722714662549 0.23269980400800708 5.5000000000000009 0.87368422746658336 0.19316705316305163 -0.4159389585256576 -0.9284062087535857 -0.21971104294061658 1457.0352172851565 -0.7473003864288329 -0.41126210987567896 25.236403465271 -0.33129541575908655 0.84825336933135997 0.54953855276107799 0.23469343036413196 33.519430160522468 -0.12232137843966483 12.902191638946535 -0.37130802869796747 12.075926780700685 0.88328105211257946
decision_type=2 2 2 2 2 2 2 2 2 2 2 2 2 2 2 2 2 2 2 2 2 2 2 2 2 2 2 2 2 2
left_child=-1 4 3 20 -2 -5 7 -7 -9 10 17 14 13 -12 15 -11 -16 -8 -14 -18 -3 22 25 24 -24 26 28 -25 -22 -4
right_child=1 2 29 5 -6 6 9 8 -10 11 12 -13 18 -15 16 -17 19 -19 -20 -21 21 -23 23 27 -26 -27 -28 -29 -30 -31
leaf_value=-0.023195763640083078 0.0031674716472626483 -0.01967431202902083 0.020315848608089503 0.047806218690631744 0.018575696067342249 -0.017658840193394428 0.019806460797168853 -0.020765510951893114 0.042913616558124437 -0.010686204381369665 0.036815086028642405 -0.030407329024572608 0.0067119630218551952 -0.019016242248925282 0.032437968114075087 0.056084050310212449 -0.01867270784488631 -0.015265986803110488 0.050824105614112214 0.0079861576699175821 0.012148565191193793 -0.02425819613927507 -0.02002631702120625 -0.0081259012566425731 0.034897080601466228 -0.013196820205321383 -0.019226228351394377 0.051672007610637213 0.072330809095145721 -0.002804974046649407
leaf_weight=21.288498125039041 347.39202898700023 41.064361474069301 26.324439376592636 1.4358189920894791 23.083749551558867 20.657065149396661 5.9380137267871769 1.5429735118523238 2.6956289520021519 2.5466577085899189 2.4115524864755571 6.2206969792023292 3.8367804458830514 4.7559280637651709 3.472124211140911 3.3244955468107937 13.763795312144795 10.834228501073085 10.091705076978538 9.7517073117196542 7.1171621700632368 13.879367873654699 6.970132102025671 1.522201018000487 2.9003336876630783 36.500060516118538 4.0481063588522375 3.574824991519562 0.71662739221937943 11.217917278409002
leaf_count=23725 18727 3462 119 325 224 1522 242 124 85 78 149 97 182 273 224 127 1549 921 395 60 858 1912 907 105 17 3315 109 221 29 50
internal_value=0.000826302 0.00167406 -0.00190396 -0.00456523 0.00417495 0.00334877 0.00226324 -0.0106833 0.0201937 0.0065353 0.0146415 -0.00148894 0.0277123 0.00197619 0.00472215 0.0297817 -0.00159887 -0.00243321 0.0399364 -0.00774266 -0.0114449 -0.00687361 -0.00274699 0.012049 -0.00216202 -0.00747562 0.0097595 0.0354099 0.0252187 0.0135137
internal_weight=650.879 629.59 259.115 221.572 370.476 103.279 101.843 24.8957 4.2386 76.9477 37.8682 39.0795 21.096 7.16748 32.8588 5.87115 26.9876 16.7722 13.9285 23.5155 118.293 77.2288 63.3494 14.9675 9.87047 48.382 11.8819 5.09703 7.83379 37.5424
internal_count=60133 36408 17457 17288 18951 6353 6028 1731 209 4297 2162 2135 999 422 2038 205 1833 1163 577 1609 10935 7473 5561 1250 924 4311 996 326 887 169
is_linear=0
shrinkage=0.03


Tree=115
num_leaves=31
num_cat=0
split_feature=1 31 8 3 27 1 34 12 8 15 14 1 27 28 28 14 0 22 1 12 22 22 22 15 3 12 27 14 3 21
split_gain=14.8657 5.66559 9.75202 7.56116 7.37791 10.3466 7.61866 7.53024 9.49417 7.39272 6.82159 5.93789 5.83727 6.84235 5.8117 5.7479 5.60739 6.1966 5.57713 7.83182 10.1466 13.9821 6.63041 6.73366 5.38439 5.2045 9.88282 5.95649 6.14179 5.66967
threshold=0.1004084274172783 341.26315307617193 1.7007408142089846 0.069726482033729567 0.6921052634716035 8.4347920417785662 0.14777685701847079 -6.0675735473632804 1.196966886520386 -0.50425606966018666 0.11683968827128412 6.1013894081115732 0.46052631735801702 0.43442112207412725 -0.94458159804344166 -1.842291474342346 3.5000000000000004 -1.2971768379211424 0.62974673509597789 -0.72058531641960133 0.40890213847160345 -0.48718555271625513 -0.85347056388854969 0.46964712440967565 -0.011513185687363146 28.961774826049808 0.77631577849388134 -1.2345804572105405 0.059725817292928703 -0.17272834479808805
decision_type=2 2 2 2 2 2 2 2 2 2 2 2 2 2 2 2 2 2 2 2 2 2 2 2 2 2 2 2 2 2
left_child=-1 3 -3 4 5 7 -6 8 10 -10 -2 -5 13 15 -9 -13 -16 -18 19 20 21 -19 23 -20 -8 26 -4 28 29 -28
right_child=1 2 25 11 6 -7 24 14 9 -11 -12 12 -14 -15 16 -17 17 18 22 -21 -22 -23 -24 -25 -26 -27 27 -29 -30 -31
leaf_value=-0.026721495759142601 -0.023623325860449223 -0.014365220163803205 0.0055845367165264026 -0.021135592722030826 -0.02209201515392361 0.059028752095185669 0.0029310845789926503 -0.016798891633446188 -0.0015595286096442558 0.06339595758024244 0.025122286813143439 -0.022420300611009959 -0.0028082140178273133 -0.019307379097802547 -0.012934952740039977 0.025100025956708173 -0.023421303295408601 -0.011474579076614089 0.053140687043022328 -0.0061054304899638744 -0.012658515155239729 0.13443627336232819 0.0060960036764742377 -0.01631567707035916 0.027768338603906862 0.010401954503896516 -0.001522319248618155 -0.012077704783618994 -0.0035408727260661976 0.063774187329861273
leaf_weight=17.168152866128366 3.4702368288999441 49.846163486246951 82.663453775225207 12.111525434127541 9.414022828335872 3.4356207884848109 117.61009175120853 7.7716302329208693 1.9510318369138984 6.3027385813184065 5.1796692335046828 1.8139553861692608 119.21736507955939 4.0500862756744018 7.4639004525961345 18.586931043304503 2.8147971779690115 0.60973637679126125 4.6690122033469335 1.5069823858793814 0.72494187852134917 1.1815715881530195 28.921873573388442 1.1075428595067931 7.4520049388520411 36.569292306900024 1.9968070806935432 76.116984941065311 11.722234827466307 1.8264033703599114
leaf_count=22784 515 11549 4711 3562 619 55 2206 1135 79 212 419 34 2295 231 1940 493 360 223 177 1165 312 320 2063 96 113 167 70 1966 179 61
internal_value=3.18336e-05 0.000804398 -0.00257183 0.00320118 0.00688134 0.0142182 0.00260037 0.0113661 0.0283745 0.0495324 0.00514467 -0.0018094 -4.53262e-05 0.0130069 0.00589839 0.0200245 0.00976224 0.014049 0.0172939 0.0473141 0.0719449 0.0984525 0.0125852 0.0393813 0.00461958 0.000270234 -0.00190236 -0.00864163 0.00789593 0.0364258
internal_weight=645.277 628.109 260.741 367.367 211.587 77.1113 134.476 73.6757 16.9037 8.25377 8.64991 155.78 143.668 24.451 56.772 20.4009 49.0004 41.5365 38.7217 4.02323 2.51625 1.79131 34.6984 5.77656 125.062 210.895 174.326 91.6624 15.5454 3.82321
internal_count=60111 37327 18703 18624 12009 9071 2938 9016 1225 291 934 6615 3053 758 7791 527 6656 4716 4356 2020 855 543 2336 273 2319 7154 6987 2276 310 131
is_linear=0
shrinkage=0.03


Tree=116
num_leaves=31
num_cat=0
split_feature=27 11 11 29 14 23 23 14 14 24 12 14 26 11 25 24 28 11 11 24 25 8 34 34 28 29 14 34 8 14
split_gain=17.029 6.49167 4.67737 5.19722 4.86588 7.93376 7.52139 6.49725 15.198 8.72405 8.48012 6.87452 8.54262 6.53255 5.70763 6.69524 5.70186 6.94018 6.50559 8.29987 8.72779 8.48986 7.70795 6.84998 6.51326 5.80427 5.63596 5.39563 11.0202 6.78759
threshold=0.097368422895669951 14.066519260406496 24.083731651306156 0.58828523755073558 -0.066603649407625184 -0.28162039816379542 1.0937731266021731 0.20818600058555606 0.19079895317554477 0.21413602679967883 1.7080947160720827 0.49630708992481237 26.791135787963871 4.0347657203674325 0.20944089442491534 0.21413602679967883 -0.10088855028152464 6.6093630790710458 15.858242511749269 0.73073372244834911 0.1620518043637276 4.0492088794708261 0.2777926772832871 0.39101642370224005 -0.63338240981101979 -0.39233249425888056 -0.85807329416275013 0.34536397457122808 5.1980869770050058 -0.74099999666213978
decision_type=2 2 2 2 2 2 2 2 2 2 2 2 2 2 2 2 2 2 2 2 2 2 2 2 2 2 2 2 2 2
left_child=1 -1 3 4 5 16 -7 8 14 13 -10 12 -11 -9 15 -6 18 27 19 23 -21 22 -22 -2 26 -25 -24 -18 29 -29
right_child=2 -3 -4 -5 7 6 -8 9 10 11 -12 -13 -14 -15 -16 -17 17 -19 -20 20 21 -23 24 25 -26 -27 -28 28 -30 -31
leaf_value=-0.026613913333193902 -0.021421861948622202 0.020532953233588388 0.010347565513115586 0.015182104264829542 -0.013339434563673097 -0.012144939073784755 0.0012417888598510614 -0.009472311172796068 0.070447542375345396 -0.020242962172619092 0.001829807908685605 0.00056357941901692492 0.0091998634858673021 0.014304038044479776 -0.0025057614425111094 0.019870711922450841 -0.021172046017914788 -0.013697717907373485 -0.0084356893647595192 -0.01083300884833964 0.045432663158330375 0.0573366788813418 0.04968275739911613 0.01822451631503734 -0.026036215699104585 -0.015959757150798927 -0.012033487672072594 0.069642061764512278 -0.010846471465870894 -0.0045180470578834115
leaf_weight=25.068872781877875 6.9405306850094375 2.1912072431296101 49.317948343930766 20.793186373310164 5.9044564105570307 96.302156551158987 61.463363343034871 12.312735806684939 4.4716393742710343 35.415087257220875 2.3807236118009314 105.09232249570778 11.070256707957013 50.030238212202676 36.685339255083818 29.814927689905744 2.3162812366499557 27.066385670448653 14.915859720204024 4.1831049756729071 3.9520808964152838 7.752113709691911 1.9128518118523099 18.548163992236372 3.9724708760622853 4.9537473345990284 1.874088371871039 3.3214223876129809 4.1675538262352347 1.3387253830442212
leaf_count=27825 566 51 446 2776 676 5445 2631 3078 204 1860 53 5775 173 1860 1675 1191 713 652 244 194 188 145 82 569 141 324 100 318 125 281
internal_value=0.000551282 -0.0222317 0.00157357 0.00080961 0.000247995 -0.002693 -0.00695467 0.00290625 0.0101852 0.00017459 0.0498767 -0.00371164 -0.0131852 0.0095328 0.00580048 0.0141673 0.00358429 -0.00561896 0.0086879 0.0134774 0.0264264 0.0345722 0.0161787 0.00289846 -0.0022069 0.0106618 0.023007 0.0135149 0.0238445 0.0513037
internal_weight=655.53 27.2601 628.27 578.952 558.159 264.981 157.766 293.178 79.2571 213.921 6.85236 151.578 46.4853 62.343 72.4047 35.7194 107.215 38.2104 69.005 54.0892 23.6467 19.4636 11.7115 30.4424 7.75941 23.5019 3.78694 11.144 8.8277 4.66015
internal_count=60361 27876 32485 32039 29263 12718 8076 16545 3799 12746 257 7808 2033 4938 3542 1867 4642 2089 2553 2309 850 656 511 1459 323 893 182 1437 724 599
is_linear=0
shrinkage=0.03


Tree=117
num_leaves=31
num_cat=0
split_feature=1 28 24 14 15 12 3 3 21 12 11 8 28 34 34 8 0 27 24 15 12 1 12 0 30 25 8 12 27 3
split_gain=14.8132 8.35535 4.34032 3.91203 5.04893 8.68928 4.96104 4.772 4.20994 6.21222 8.02606 8.52954 6.04868 4.98917 6.1451 4.64872 4.04512 7.02384 5.28356 4.5623 3.95844 3.71568 6.88791 6.41504 7.27247 5.57017 4.36079 5.39941 4.35533 11.1484
threshold=0.1004084274172783 0.84138089418411266 2.1157549619674687 -1.6544100642204282 -1.6277588009834287 1.1807479262351992 1.6719139814376833 -0.4066168069839477 1.5089049339294436 -5.7651917934417716 2.3875540494918828 2.9766815900802617 -0.15207348018884656 2.9904116392135625 1.0197887420654299 7.0380437374114999 1.5000000000000002 0.62894734740257274 0.98257541656494152 -1.7880393266677854 -0.024180400185286995 4.0223710536956796 -2.2487711906433101 7.5000000000000009 1.0000000180025095e-35 0.23454574495553973 0.76979753375053417 4.9561624526977548 0.69736841320991527 -0.18265889585018155
decision_type=2 2 2 2 2 2 2 2 2 2 2 2 2 2 2 2 2 2 2 2 2 2 2 2 2 2 2 2 2 2
left_child=-1 2 3 16 5 7 8 -5 21 -10 12 -12 20 14 15 -13 17 -2 -18 -20 -11 22 -6 -24 25 -25 27 -23 29 -28
right_child=1 -3 -4 4 6 -7 -8 -9 9 10 11 13 -14 -15 -16 -17 18 -19 19 -21 -22 26 23 24 -26 -27 28 -29 -30 -31
leaf_value=-0.026569760967375341 -0.025513429817410786 -0.016634410763397854 -0.025896990730784893 0.006536883613991293 0.0038133766918946512 0.00026243835764800879 0.01348976244124119 0.064117494097106723 0.047213218907458707 -0.0077861907446111992 -0.017874726861326459 -0.019385214328620361 -0.012979615899844725 -0.010139070492642363 0.043628828069623642 0.02641567926235526 -0.015982648613839769 0.029389365919356661 -0.0073351919264382955 0.02234295693177216 0.08108344133646482 0.022985604107106712 -0.023782976042972206 0.05604835280935113 -0.0097018378213928544 -0.0077890412743620175 0.031874114385651894 -0.01260834242989421 -0.00039686354017987513 0.0029309663603895582
leaf_weight=16.37589703820413 2.1365459666703819 21.080650529300328 3.9335936722345641 2.184582370275165 43.679148214287125 8.5812218366190773 34.532531510572881 3.421598658664152 3.0214165304787448 0.34654692822368827 11.15454371715896 3.335351144429298 0.75592294969829055 4.627572998404502 5.9740788037888706 2.699210743419826 29.950742123648524 5.8511881888844073 11.124020560469946 6.6279739027959286 1.6448674757266417 16.450376903871078 22.083494035119656 2.1251407551462775 15.814141614479013 1.6718333965400232 12.887341569876297 4.2170887563843271 267.57496226602234 89.12255378277041
leaf_count=22825 130 5464 583 134 4206 134 468 123 151 115 561 79 316 75 71 39 1388 72 297 166 136 1037 7455 712 3096 316 538 96 5279 4085
internal_value=0.000762797 0.00150413 0.00214922 0.00237086 0.00312928 0.0202032 0.00264749 0.0460658 0.00188718 0.0119988 0.00712814 0.00151538 0.0483488 0.0147927 0.0244412 0.00194404 -0.00514808 0.0134993 -0.00848362 0.00434618 0.0681853 0.00115004 -0.00448511 -0.0130643 -0.000425989 0.0321761 0.00239113 0.0154761 0.00161962 0.00686141
internal_weight=654.986 638.61 617.53 613.596 557.906 14.1874 543.718 5.60618 509.186 33.5595 30.5381 27.7908 2.74734 16.6362 12.0086 6.03456 55.6905 7.98773 47.7027 17.752 1.99141 475.626 85.3738 41.6946 19.6111 3.79697 390.252 20.6675 369.585 102.01
internal_count=60147 37322 31858 31275 29222 391 28831 257 28363 1543 1392 825 567 264 189 118 2053 202 1851 463 251 26820 15785 11579 4124 1028 11035 1133 9902 4623
is_linear=0
shrinkage=0.03


Tree=118
num_leaves=31
num_cat=0
split_feature=1 28 3 28 29 31 15 15 23 21 3 25 21 15 15 25 3 29 24 24 4 15 29 28 15 28 25 34 28 23
split_gain=14.3713 8.40924 3.65466 4.31784 4.11717 3.69381 3.31534 5.73108 7.35731 6.20355 4.99714 3.15055 5.49024 5.30813 6.94195 3.80085 3.48551 5.62835 4.88239 6.00808 6.60134 4.46192 8.82807 8.23516 5.5508 11.7441 5.62808 4.85103 4.82876 5.71366
threshold=0.38763158023357397 0.84138089418411266 1.5471088290214541 -0.7878933548927306 -0.94063457846641529 306.53132629394537 1.6267340779304507 1.5010006427764895 -0.24342693388462064 -0.99683913588523854 0.37145408987998968 0.09568639844655992 -0.94035875797271717 -0.24531347304582593 0.99437117576599132 0.071511901915073409 -1.0578155517578123 -0.98833176493644703 0.85861787199974071 0.81454625725746166 -0.78081962466239918 0.57320404052734386 -0.90800827741622914 0.35544221103191381 0.5635356903076173 -0.16905184835195539 0.28525754809379583 1.2968407273292544 -0.15207348018884656 -0.72967407107353199
decision_type=2 2 2 2 2 2 2 2 2 2 2 2 2 2 2 2 2 2 2 2 2 2 2 2 2 2 2 2 2 2
left_child=-1 2 6 5 -5 -4 7 11 -9 -10 -11 12 -2 15 -15 -14 17 -13 19 20 -19 24 23 28 26 -26 -18 -25 -23 -30
right_child=1 -3 3 4 -6 -7 -8 8 9 10 -12 16 13 14 -16 -17 21 18 -20 -21 -22 22 -24 27 25 -27 -28 -29 29 -31
leaf_value=-0.021534461579388875 -0.021832451657699668 -0.017455223532040324 0.011272905330001061 -0.0048481449822302012 0.020156965357262534 -0.013129705720721082 -0.019088409904393502 -0.015862773421835532 -0.0027226362345353695 0.073458539361082514 0.013841249521398872 0.023061581673343427 -0.011369211748106236 -0.019030615554108333 0.058933915191004181 0.054081170436937068 0.0026378068451700142 -0.015894479845367702 -0.015007184111517543 0.051250516352568963 0.013651930137267287 -0.02621805693393026 -0.015038974168177028 -0.0081221799136187069 -0.020203839258020214 0.072010005819671305 -0.0084129904324762011 0.045509600898354388 -0.02137821718266204 0.0096768936693492329
leaf_weight=23.67158374103019 1.8267822230700392 18.76496732380474 9.7163218194618839 6.8912071473896495 30.280004844884388 10.66981557686813 5.8468324526329516 2.7570373250055118 2.5839076362317419 2.9022014655056401 2.7154974878067151 15.254446020233443 0.5818633878370737 3.339125339465681 0.34701154887443397 4.0952795771881938 331.32994384213816 9.2130080653005262 10.148084611748343 1.6671184562146653 19.556259015109397 5.1632462645648038 44.250442178046796 1.6836849219398562 1.5733951764996166 1.8854779112152744 46.409804128459655 4.8709984859451652 5.8467693672282648 23.279105206253007
leaf_count=28680 289 3979 93 34 462 125 691 234 145 107 49 582 123 517 90 380 14041 1299 553 49 525 135 3593 166 79 51 2114 68 210 654
internal_value=0.000926279 0.00180938 0.00243298 0.00956046 0.0155157 -0.0015158 0.00166989 0.00192795 0.022471 0.0356807 0.0510868 0.0014637 0.0172177 0.0271681 -0.000681065 0.0453704 0.00112391 0.00813783 0.00210877 0.00811141 0.00397397 0.000268376 -0.00590219 0.0041195 0.00165766 0.0349395 0.00126146 0.0324818 -0.00206902 0.00294015
internal_weight=649.121 625.45 606.685 57.5573 37.1712 20.3861 549.127 543.28 10.9586 8.20161 5.6177 532.322 10.1901 8.36328 3.68614 4.67714 522.132 55.8389 40.5845 30.4364 28.7693 466.293 85.0942 40.8438 381.199 3.45887 377.74 6.55468 34.2891 29.1259
internal_count=60117 31437 27458 714 496 218 26744 26053 535 301 156 25518 1399 1110 607 503 24119 3008 2426 1873 1824 21111 4826 1233 16285 130 16155 234 999 864
is_linear=0
shrinkage=0.03


Tree=119
num_leaves=31
num_cat=0
split_feature=11 8 0 31 25 34 29 24 27 24 11 21 25 27 21 28 12 34 29 11 14 23 27 29 1 8 14 22 27 12
split_gain=17.4065 4.30861 4.13297 5.84812 8.42043 8.80446 8.3314 7.08743 6.37398 5.82813 5.9585 5.51191 5.17276 7.64368 4.84806 5.05348 5.0261 6.44444 6.03363 4.71641 6.71446 8.52144 4.52738 4.34136 5.50137 8.38197 4.58137 5.80107 4.15934 4.13992
threshold=0.86250832676887523 2.0344619750976567 8.5000000000000018 242.60193634033206 0.18169265240430835 0.23869726061820987 -0.98556962609291066 0.85350084304809581 0.065789472311735167 0.094929013401269927 4.0347657203674325 0.29304870963096624 0.33788911998271948 0.87368422746658336 1.5089049339294436 -0.3332370519638061 5.2930467128753671 3.490164160728455 -0.93465867638587941 1.5316549539566042 0.76283642649650585 -0.15684234350919721 0.29736842215061193 -0.40809616446495051 2.5123933553695683 1.7756562232971194 0.54627302289009105 -1.0879923105239866 0.77105262875556957 8.8197827339172381
decision_type=2 2 2 2 2 2 2 2 2 2 2 2 2 2 2 2 2 2 2 2 2 2 2 2 2 2 2 2 2 2
left_child=1 -1 9 4 5 8 7 11 -4 10 -2 -6 13 14 16 -16 17 -5 -19 20 28 -22 -23 24 25 -12 27 -25 -11 -8
right_child=2 -3 3 12 6 -7 29 -9 -10 19 23 -13 -14 -15 15 -17 -18 18 -20 -21 21 22 -24 26 -26 -27 -28 -29 -30 -31
leaf_value=-0.02749245429461844 -0.027781719026734868 0.016120622860274051 -0.010875550852540005 -0.0072043382232483419 0.019442298318398003 -0.017839804875462204 -0.010229664017767924 -0.01372976687069479 0.080002859504746893 -0.015715227808145566 -0.0095149554868646409 0.073197094629412388 0.023062833434664361 0.010685039051214363 -0.011416578783627456 0.045518763435373234 -0.021190701494099684 0.061636636136820383 -0.0035627200338115479 0.0009369539337811953 -0.01204416468032396 -0.0055388309865930553 0.11610917483515333 0.043174313754163446 -0.018701314064800103 0.069452875629574001 -0.015113333058176599 0.0016186493457754582 0.032060613318765453 0.024406102928761053
leaf_weight=22.324077624944042 11.077019116550217 1.5902004537638266 0.56658002262702156 28.426624223007821 5.7230051914230007 0.95450684649404127 14.16660467273323 2.1656778033357105 3.2881753826513886 3.1519036851823321 3.1358901211060615 2.3960412754677236 8.998048259993082 37.27623340068385 1.9491061984444966 2.146160092088393 18.87593456893228 1.5763335926458242 2.3305220390902823 431.28426525252871 0.65349409502232447 0.22586801007855661 0.63832230033585802 3.8561154002090925 18.602270679781213 0.79019836010411371 4.7842663029441601 8.2288561831228435 1.7253332879627121 2.9192407336086026
leaf_count=26596 4926 550 474 2978 112 87 907 65 230 1239 546 68 350 512 126 133 387 55 193 16982 218 170 92 121 674 50 299 721 83 34
internal_value=0.000528107 -0.0240617 0.00151076 0.00616172 0.0171035 0.0501201 0.00974006 0.0297594 0.0671566 0.000226368 -0.00932399 0.0415933 0.00256245 0.000344837 -0.00669061 0.0214985 -0.00931352 -0.00195205 0.029944 0.00134649 0.0251047 0.0649483 0.098399 -0.00357517 -0.0119688 0.0172513 0.00767678 0.0171646 0.00376499 -0.00328964
internal_weight=645.827 23.9143 621.913 133.759 32.1798 4.80926 27.3706 10.2847 3.85476 488.154 50.4746 8.11905 101.579 92.5809 55.3047 4.09527 51.2094 32.3335 3.90686 437.679 6.39492 1.51768 0.86419 39.3976 22.5284 3.92609 16.8692 12.085 4.87724 17.0858
internal_count=59978 27146 32832 6711 1977 791 1186 245 704 26121 7337 180 4734 4384 3872 259 3613 3226 248 18784 1802 480 262 2411 1270 596 1141 842 1322 941
is_linear=0
shrinkage=0.03


Tree=120
num_leaves=31
num_cat=0
split_feature=2 11 15 25 0 4 3 21 22 2 27 12 23 22 22 11 25 27 22 12 8 8 23 23 27 34 14 27 34 33
split_gain=13.4624 5.83217 6.00147 5.55692 4.66087 6.8956 5.60088 5.76578 6.59534 7.24885 6.91866 8.41924 9.09483 7.32048 5.98457 5.93617 5.72674 5.67084 5.98139 5.91187 5.68678 5.34062 5.79902 5.05735 5.42056 6.61683 6.94426 7.79321 4.99447 8.39693
threshold=0.095681410282850279 24.083731651306156 -1.9282644391059873 0.18312511593103412 5.5000000000000009 -0.72935879230499256 -1.0178925991058347 -1.2160457968711851 -0.014925332274287937 1.9602904319763186 0.30263158679008489 -0.41431029140949244 0.53056529164314281 -0.29156684875488276 -1.0879923105239866 15.094107151031496 0.15441697090864184 0.68157896399497997 -0.65384450554847706 1.1005998253822329 0.31480114161968237 2.9766815900802617 1.7213338017463686 1.0706688761711123 0.90789476037025463 0.89189034700393688 -0.94454601407051075 0.6342105269432069 0.16094053536653521 0.62147754430770885
decision_type=2 2 2 2 2 2 2 2 2 2 2 2 2 2 2 2 2 2 2 2 2 2 2 2 2 2 2 2 2 2
left_child=-1 2 -2 -3 5 -4 17 -8 10 -10 11 14 -13 16 -9 -16 -12 18 -6 21 -20 22 -19 -7 25 26 27 -25 29 -22
right_child=1 3 4 -5 6 23 7 8 9 -11 13 12 -14 -15 15 -17 -18 19 20 -21 28 -23 -24 24 -26 -27 -28 -29 -30 -31
leaf_value=-0.026316858209734055 -0.014171144548328055 0.0017342576903275624 -0.021919733084259426 0.021969353803198463 -0.0085901287019341833 -0.0028961396177092581 -0.011569276583089833 -0.01369212360695387 -0.01469303978322428 0.0024039092004196566 -0.025397680847224945 -0.020307913039023615 0.031101118597281086 0.019369111087748882 0.067610886366994846 -0.012367717300124795 0.0031566229514974941 -0.023980911608509993 0.0043517839174651912 0.017477453686664566 0.09222311916933576 0.021281588674682529 0.035318600602704371 -0.0076195664771611608 0.022973080577777933 -0.01205328393881286 -0.0023023082873821154 0.056918667798410538 0.012024310750284817 0.016781931631282304
leaf_weight=15.19694670778699 22.930880404950585 26.170933597255498 13.626073367951902 22.215134610189125 3.0456554393167599 184.42736643215176 24.99539568729233 0.82477465929696325 28.434829685720615 91.498372096102685 5.8689985758392131 4.9976020625908859 5.4762933487654664 24.076531881466508 5.2871222055982807 0.64129386818967749 78.433371650753543 10.89377593959216 4.0482104013208291 15.841861198190598 2.861148937023243 3.3568651629611841 0.80149793322198171 2.1949328260961911 14.046432434115557 16.125389861641452 9.4170947137754428 4.1019186400808394 3.1375459488481283 2.8526056162081659
leaf_count=22790 911 247 7232 192 410 8970 1784 282 4847 2029 257 1553 838 814 964 24 2399 704 678 176 258 70 28 129 121 459 585 68 305 71
internal_value=0.000692279 0.0013816 0.00054384 0.0112814 0.00116911 -0.00194461 0.00356096 0.00188017 0.00329067 -0.00173757 0.00806763 0.0252051 0.00693933 0.00513805 0.0489855 0.058423 0.000894284 0.0130267 0.0270112 0.00518833 0.0354301 -0.0080286 -0.0174551 -0.00067316 0.0081328 0.00108558 0.0144829 0.036461 0.0477594 0.0626686
internal_weight=647.827 632.63 584.244 48.3861 561.313 243.939 317.374 270.535 245.539 119.933 125.606 17.2271 10.4739 108.379 6.75319 5.92842 84.3024 46.8392 15.9452 30.894 12.8995 15.0521 11.6953 230.313 45.8858 31.8393 15.7139 6.29685 8.8513 5.71375
internal_count=60195 37405 36966 439 36055 17564 18491 15791 14007 6876 7131 3661 2391 3470 1270 988 2656 2700 1722 978 1312 802 732 10332 1362 1241 782 197 634 329
is_linear=0
shrinkage=0.03


Tree=121
num_leaves=31
num_cat=0
split_feature=8 31 34 29 24 24 31 31 11 11 24 11 30 11 24 29 25 27 0 27 25 8 8 24 25 3 3 0 34 11
split_gain=12.9449 5.64489 12.4792 7.68301 5.16066 7.13723 4.78331 4.71575 4.22686 5.54935 4.03632 3.73975 3.3989 8.06899 7.54493 5.69521 6.10035 9.13342 11.2 8.49526 5.67006 5.58757 5.48246 7.47668 5.47618 6.46776 5.42971 5.32952 6.10053 5.26461
threshold=0.043537782505154617 341.26315307617193 1.4514405727386477 0.91069144010543834 0.018666818737983707 0.62241289019584667 498.61573791503912 479.44419860839849 8.848757743835451 4.6934001445770273 2.1157549619674687 0.88869810104370128 1.5000000000000002 1.3658522367477419 0.32554848492145544 0.095538988709449782 0.17458207905292514 0.66052630543708812 6.5000000000000009 0.95526316761970531 0.22533079236745837 13.654752254486086 1.4869736433029177 0.64581891894340526 0.27329581975936895 -0.47491914033889765 -0.78328287601470936 3.5000000000000004 0.47056287527084356 20.532815933227543
decision_type=2 2 2 2 2 2 2 2 2 2 2 2 2 2 2 2 2 2 2 2 2 2 2 2 2 2 2 2 2 2
left_child=-1 3 6 10 -5 -6 7 -3 9 -9 11 -2 15 14 -14 16 19 22 -19 27 -20 -15 23 -18 25 -25 -16 -13 -29 -24
right_child=1 2 -4 4 5 -7 -8 8 -10 -11 -12 12 13 21 26 -17 17 18 20 -21 -22 -23 29 24 -26 -27 -28 28 -30 -31
leaf_value=-0.027881964289239131 -0.020004626784800059 -0.0089326080540944562 0.0035585657196626455 -0.0048578697962819248 0.081460284767980409 -0.012230274947243333 -0.024712273271038466 -0.0071163966224926543 -0.0090493650314402551 0.057873338960927001 -0.027991172014022195 0.0024014666509827027 -0.014297084603950698 0.0022298678331977482 0.093171016500923756 -0.022457031349204806 0.0092588909744081311 -0.015917688572744546 0.03113259269458906 0.05632994166042854 0.0023856220732173584 -0.015316353817749354 0.0021356343498013211 0.080136132753572523 0.0063894051979081637 -0.0010890618753196864 -0.0086335506729343491 0.00479564457554333 0.047739466208065982 0.032621542363887319
leaf_weight=12.810826321656348 4.9485867251642039 84.461689222080167 153.84706151217688 1.3767629327485331 1.8754295312101024 0.66749836778035376 15.458183525595812 1.6084714719909237 3.0840194139163941 2.0541388615965843 2.6772960503003551 18.107744484732397 0.90099941019434426 185.81141282891622 1.1654034551465882 4.6334370729746288 9.7530601815669815 29.261126482510008 7.0088871689513317 3.9459345340728751 27.832981733139604 16.901156123261899 30.847203690209426 3.7150536808767356 2.2129396750824526 1.0527307537267905 0.40106849587755267 5.8451395541778748 5.6438910120632499 5.1482150517404071
leaf_count=18392 3936 8276 5463 880 206 230 5766 801 167 171 398 951 394 8734 103 925 880 549 66 17 460 125 941 187 130 109 169 734 99 35
internal_value=0.000852864 0.00147821 -0.00190372 0.00384704 0.0411191 0.0603567 -0.00974196 -0.00696427 0.0156497 0.0339274 0.00333943 0.00364497 0.00402438 0.00147862 0.0468577 0.00736305 0.00842417 0.00509805 -0.00251241 0.0195264 0.00887571 0.000698947 0.0142246 0.0279523 0.049637 0.0651222 0.0738978 0.0129389 0.0280248 0.00725977
internal_weight=645.058 632.248 260.514 371.734 3.91969 2.54293 106.667 91.2083 6.74663 3.66261 367.814 365.137 360.188 205.18 2.46747 155.008 150.375 116.832 64.103 33.5427 34.8419 202.713 52.7292 16.7338 6.98072 4.76778 1.56647 29.5968 11.489 35.9954
internal_count=60294 41902 20644 21258 1316 436 15181 9415 1139 972 19942 19544 15608 9525 666 6083 5158 3357 1075 1801 526 8859 2282 1306 426 296 272 1784 833 976
is_linear=0
shrinkage=0.03


Tree=122
num_leaves=31
num_cat=0
split_feature=34 11 0 1 26 21 23 22 23 14 29 22 25 13 14 30 1 15 12 23 29 13 21 21 13 28 23 28 28 12
split_gain=11.1369 4.92926 8.59733 6.07244 6.47701 5.37969 4.80863 8.70145 7.29641 5.74964 4.77233 6.50539 6.71376 6.4148 5.91184 4.97479 4.91932 4.7668 4.45063 11.4388 5.15157 4.55845 8.4764 6.34005 6.02961 6.17589 4.99074 9.59949 6.46271 9.63564
threshold=0.0083438991568982619 18.157570838928226 3.5000000000000004 46.102083206176765 33.733177185058601 -1.3706140518188474 -0.12408778443932532 -0.20601554214954373 0.0092429784126579779 0.18243467062711718 -0.90066882967948902 0.3300220668315888 0.17677506059408191 -1.0163819789886472 0.16861657798290255 2.5000000000000004 8.8920125961303729 -1.6970550417900083 -9.4246339797973615 -0.23202957212924954 -0.92187902331352223 0.66732132434844982 0.48208674788475042 1.3156443834304812 0.60689058899879467 -0.11798679083585738 -0.58810344338417042 -0.94458159804344166 -0.99538850784301747 1.5204684734344485
decision_type=2 2 2 2 2 2 2 2 2 2 2 2 2 2 2 2 2 2 2 2 2 2 2 2 2 2 2 2 2 2
left_child=-1 2 10 4 17 -3 7 -7 -8 -9 11 12 15 -13 -12 16 -2 -4 19 -19 -21 24 -23 -24 25 26 27 -20 29 -28
right_child=1 5 3 -5 -6 6 8 9 -10 -11 14 13 -14 -15 -16 -17 -18 18 21 20 -22 22 23 -25 -26 -27 28 -29 -30 -31
leaf_value=-0.027649909254105376 -0.010843521232207042 0.0271047287326063 -0.011200809639823377 0.020065783268628217 -0.02056484504086396 -0.0012434025307504403 -0.030951197202914699 0.034106204128859924 0.0021639568183000899 0.0034910540051195458 -0.0057069722631774384 -0.018372641575050516 -0.023452552240923259 0.030503241026901714 -0.022529443243342665 -0.022709851587916729 0.039962763359198072 -0.012476667710150014 -0.021861598288514038 0.0021072616642646884 0.064120030453596363 -0.010795442861162066 0.0228153753799454 -0.018288939125483097 0.025652274070431486 -0.0039200134409750282 -0.018797772364966714 0.016621436384036143 0.00052437114825292668 0.060064588210342787
leaf_weight=11.657083552971015 2.0467912914464303 9.248723345808683 23.585207829077262 14.432348594069479 11.288827128824776 25.467630572849885 5.7416011556051663 15.357453317381443 52.758941340493038 8.7091750893741828 60.258932788681705 2.4414412631886071 10.275919100677127 9.0551483298186195 27.034319453930948 1.9917953461408613 4.1190945371054113 4.5681107848649845 5.6424223281792356 1.7249906056094912 3.6262673687888292 52.806458809995092 12.906603187904695 3.6337452962179659 9.7563769591506553 84.467325892066583 1.5752720310119759 55.361506669665673 107.98884177306903 2.8996143916156143
leaf_count=18718 226 115 1209 66 554 322 75 138 607 95 5770 63 471 329 4607 89 69 251 595 90 219 5437 1103 365 613 9201 249 2133 6292 94
internal_value=0.000213553 0.00077144 -0.000499454 0.00161507 0.000867082 0.00629281 0.00427889 0.0110593 -0.00155173 0.0236085 -0.00760062 0.00267147 -0.00827727 0.0194842 -0.011113 0.011312 0.0239378 0.00157361 0.00247168 0.0213297 0.0476093 0.00185521 -0.00495156 0.0132573 0.0036304 0.00270157 0.00592984 0.0127669 0.00214139 0.0339403
internal_weight=642.428 630.771 513.487 396.264 381.832 117.284 108.035 49.5343 58.5005 24.0666 117.223 29.9302 18.4336 11.4966 87.2933 8.15768 6.16589 370.543 346.958 9.91937 5.35126 337.038 69.3468 16.5403 267.691 257.935 173.468 61.0039 112.464 4.47489
internal_count=60165 41447 40095 28471 28405 1352 1237 555 682 233 11624 1247 855 392 10377 384 295 27851 26642 560 309 26082 6905 1468 19177 18564 9363 2728 6635 343
is_linear=0
shrinkage=0.03


Tree=123
num_leaves=31
num_cat=0
split_feature=11 21 25 25 33 12 0 23 11 11 25 27 0 11 21 25 31 12 31 21 21 25 23 31 14 14 29 1 33 29
split_gain=11.7557 8.26567 9.10833 5.44099 4.25225 4.10826 3.89401 6.78637 10.1446 5.84936 4.93933 9.4236 7.42165 6.9961 6.95742 8.60013 9.62908 6.20773 6.07327 5.83523 5.58681 5.52832 5.89752 5.44194 7.00006 7.40986 6.50963 5.86223 5.25326 5.17672
threshold=2.4417004585266118 1.239262640476227 0.23109014332294467 0.26222015917301184 2.5700043439865117 -0.024180400185286995 8.5000000000000018 -0.76121568679809559 5.6292018890380868 27.300650596618656 0.17497342079877856 0.93684211373329174 3.5000000000000004 5.2038097381591806 -0.26614847779273981 0.11867948621511461 324.24549865722662 8.8197827339172381 479.44419860839849 -0.33837169408798212 1.0626358985900881 0.16707278043031695 -0.39576986432075495 836.96853637695324 0.8980785906314851 0.22561958432197574 -0.82534202933311451 15.228461265563967 3.5814814567565922 -0.92187902331352223
decision_type=2 2 2 2 2 2 2 2 2 2 2 2 2 2 2 2 2 2 2 2 2 2 2 2 2 2 2 2 2 2
left_child=1 4 -3 5 -1 -4 10 8 -8 -9 11 13 17 -2 -15 18 28 -13 -16 -14 23 -18 -23 26 25 27 -12 -25 -17 -26
right_child=6 2 3 -5 -6 -7 7 9 -10 -11 20 12 19 14 15 16 21 -19 -20 -21 -22 22 -24 24 29 -27 -28 -29 -30 -31
leaf_value=-0.019136575661529195 -0.018925498754311636 -0.013340033798355036 -0.0078488235749898903 -0.0036184174092247575 0.03770610042510996 0.082561687236125947 0.041587725519376499 0.00038868249930990983 0.0057422285958063177 0.048110307392998222 -0.0080219894854737534 0.0023188631304849432 0.019322754670463928 -0.0062240096649518826 0.013766056677096187 0.020540271766964314 -0.012338140836907199 0.03885924952324539 0.057849189799680213 -0.016924809006085353 -0.012295032247697143 0.052711600281766142 -0.012013516762088941 -0.0077595925735704256 0.057847140208252851 -0.017629281623208901 0.0025088970158870928 0.021218853330896615 -0.018932865847969247 0.0059461268152137094
leaf_weight=46.74564597842982 14.178599352191666 4.2918975362554184 0.35212714440422144 1.2213982149842193 0.31780435517430206 1.5724245037417859 9.6478954142658022 91.891120543354191 22.571236534102354 1.3717967206612218 104.87839520088164 5.9244128298014429 6.7523953691124898 46.827120033151004 9.2308130686869827 24.67563431937015 28.090468926646285 14.423356838990001 3.7332612839527419 7.2528723301365972 43.595063643588219 1.6642117407172921 1.8437993699917559 8.8638368854299205 3.1325642119627446 9.9876611536019464 104.71221967454767 17.522178176324815 2.6511739790439597 3.4152753420639774
leaf_count=32953 2877 3551 144 231 6 131 427 3433 641 12 3683 151 97 1927 456 712 982 84 98 183 1507 42 82 525 51 351 4566 233 11 147
internal_value=-0.000148964 -0.0133485 0.0145937 0.0467283 -0.0179762 0.0689921 0.00109331 0.00575881 0.0174048 0.00159355 -0.00017984 0.00392775 0.0176934 0.000263789 0.00269456 0.0085096 0.00343104 0.0288272 0.0296943 0.000674386 -0.00250531 -0.00775041 0.0235738 -0.000773328 0.0088359 0.00328508 -0.00277379 0.0115563 0.0161775 0.0351506
internal_weight=643.339 54.5013 7.43785 3.14595 47.0635 1.92455 588.837 125.482 32.2191 93.2629 463.355 167.248 34.353 132.895 118.716 71.8894 58.9253 20.3478 12.9641 14.0053 296.107 31.5985 3.50801 252.512 42.9215 36.3737 209.591 26.386 27.3268 6.54784
internal_count=60294 37016 4057 506 32959 275 23278 4513 1068 3445 18765 7702 515 7187 4310 2383 1829 235 554 280 11063 1106 124 9556 1307 1109 8249 758 723 198
is_linear=0
shrinkage=0.03


Tree=124
num_leaves=31
num_cat=0
split_feature=8 24 4 4 25 24 3 24 28 28 24 14 21 28 25 0 3 22 14 14 13 28 31 24 11 34 21 22 3 1
split_gain=12.2183 6.10885 7.31251 13.3044 8.61953 6.10953 5.63736 7.7256 6.34218 6.31105 5.538 8.72983 12.1497 5.2153 4.96713 5.75622 6.12322 5.14321 4.42919 8.94877 8.22248 6.19921 8.68448 6.21968 8.5885 7.61154 5.43048 5.32379 5.41461 5.26384
threshold=0.043537782505154617 0.15576000511646274 9.2557530403137225 11.354918003082277 0.2536402046680451 2.1157549619674687 -1.5305120348930357 0.0096375932916998881 0.35544221103191381 -0.11798679083585738 0.21413602679967883 0.1318081617355347 -0.87203463912010182 -0.60639065504074086 0.28737668693065649 2.5000000000000004 0.33900302648544317 1.0000000180025095e-35 0.20818600058555606 0.12323689833283426 0.29586529731750494 -0.56456753611564625 2392.6311035156255 0.48039732873439794 15.858242511749269 3.793024063110352 -0.036517528817057603 -1.0013384222984312 0.53662675619125377 6.9553592205047616
decision_type=2 2 2 2 2 2 2 2 2 2 2 2 2 2 2 2 2 2 2 2 2 2 2 2 2 2 2 2 2 2
left_child=-1 2 4 -4 -2 10 -6 8 9 -8 11 13 -13 -3 15 -14 17 -17 19 -12 -20 23 29 24 -22 -25 27 -24 -29 -23
right_child=1 5 3 -5 6 -7 7 -9 -10 -11 18 12 14 -15 -16 16 -18 -19 20 -21 21 22 26 25 -26 -27 -28 28 -30 -31
leaf_value=-0.027759685659941687 -0.019583393540744405 -0.023247130536360242 0.046395078281994136 -0.0020461418875923096 0.036710490661160194 -0.02912281264245091 0.0093177426020517994 -0.015860077722836881 -0.0191087326057785 0.079346712362307142 0.0029489597799522895 -0.013036637901702189 -0.0016852390573922694 0.010865340361809001 -0.006469402644366685 0.093012083265239284 0.0072744700335374982 0.029517317878778548 -0.018950874542407979 0.020846023560326509 -0.016945271296771959 -0.021442647056648639 -0.0038790805052222725 0.01766912433102651 0.034947777893432806 -0.027434149322970725 -0.013779239417011932 0.10890107625778007 -0.0020164671525149881 -0.0023860304954480822
leaf_weight=12.006654068361966 40.056591642438434 5.0533817010000375 4.9174610723275682 36.546160213416442 2.8595516553032239 4.3087843415560192 3.1546792152803391 12.806566524028311 1.6836528641870243 1.1763583172578389 297.84573854063638 3.9186276941909481 1.5585137624293519 11.091267617652194 1.3020853508496646 3.7773360905121063 1.9379349747323429 3.2743063326925039 20.316558882885147 26.528680311515927 13.694061720278116 15.301238415588157 0.74341922451276343 40.462461795017589 2.5948730129748574 2.7804507759865364 0.81803621095605095 0.71589974203379825 0.46851016604341567 66.971894643851556
leaf_count=18323 14066 343 186 543 247 970 235 1072 419 100 12184 161 130 433 67 236 92 139 898 916 1261 3354 70 2037 42 112 92 102 21 1375
internal_value=0.0010241 0.00161705 -0.00502375 0.00465613 -0.0114955 0.00292837 0.00365202 -0.0029693 0.0228261 0.0396544 0.00324862 0.0151674 0.0303278 -0.000545244 0.0445662 0.0508808 0.0592506 0.0708571 0.0024418 0.00447222 -0.00155591 0.00100235 -0.0041809 0.00835147 -0.00713532 0.0142145 0.0406016 0.0605019 0.0841885 -0.00614514
internal_weight=640.672 628.665 103.201 41.4636 61.7374 525.464 21.6808 18.8213 6.01469 4.33104 521.155 31.9135 15.7688 16.1446 11.8502 10.5481 8.98958 7.05164 489.242 324.374 164.867 144.551 85.019 59.5318 16.2889 43.2429 2.74587 1.92783 1.18441 82.2731
internal_count=60226 41903 16868 729 16139 25035 2073 1826 754 335 24065 1601 825 776 664 597 467 375 22464 13100 9364 8466 5014 3452 1303 2149 285 193 123 4729
is_linear=0
shrinkage=0.03


Tree=125
num_leaves=31
num_cat=0
split_feature=11 28 15 25 25 24 11 13 13 0 1 8 1 29 21 8 1 25 30 8 25 28 25 25 25 3 21 8 28 3
split_gain=12.6613 4.677 4.49836 4.43077 3.99194 3.74678 3.84701 5.46155 7.5473 4.06002 7.08271 6.82904 4.97982 4.71885 4.25243 5.40199 5.83624 4.43116 6.19583 4.24908 4.092 6.81769 5.02156 9.32115 5.25772 7.61957 7.69596 6.64996 5.08781 4.85825
threshold=0.97195547819137584 0.84138089418411266 -2.3885293006896968 0.19990105181932452 0.21073306351900103 2.1157549619674687 24.083731651306156 -0.42731238901615137 0.39576527476310736 5.5000000000000009 0.62974673509597789 0.3234871774911881 1.7111383676528933 -0.34436371922492975 1.5089049339294436 2.1910914182662968 10.88748073577881 0.11760883778333665 1.5000000000000002 1.7396730184555056 0.27899609506130224 0.80223616957664501 0.15624077618122104 0.17497342079877856 0.25282798707485205 0.37145408987998968 -0.67545729875564564 4.1816124916076669 -0.93879690766334523 -1.4520790576934812
decision_type=2 2 2 2 2 2 2 2 2 2 2 2 2 2 2 2 2 2 2 2 2 2 2 2 2 2 2 2 2 2
left_child=-1 2 -2 -3 -5 6 9 -8 -9 12 11 -11 -4 -13 17 -16 -17 18 -14 -20 21 22 -12 -24 27 26 -26 29 -28 -25
right_child=1 3 5 4 -6 -7 7 8 -10 10 20 13 14 -15 15 16 -18 -19 19 -21 -22 -23 23 24 25 -27 28 -29 -30 -31
leaf_value=-0.020234593245338054 -0.022896209171417204 -0.025788046140793584 -0.021353551707932381 0.033484692645244285 -0.0080340123199721496 -0.024805455846328546 0.020194600480876648 -0.016094628142724835 0.018906575265984219 0.0016927836013853421 -0.0066661712265879353 0.069516926485570701 -0.011773393380058351 -0.010320884054945039 -0.013757942763333716 0.048134406542685491 0.0085064124051024339 -0.0026642573705152944 -0.017019834178130272 0.031698751301109336 -0.0021937196358301088 0.040634736143016513 0.030396492979425649 0.020872204426869441 -0.003542252694471964 -0.0054834390912261079 -0.0074181985231307904 0.0086625685754875142 0.032863949564053772 -0.0071081050021158743
leaf_weight=23.200312056171242 5.2920943688368416 9.5341062227962556 9.2462841825326887 1.7733912458643297 7.4387993344571441 3.4597225700854315 25.120931447017938 11.417520342394711 9.0181312938220781 3.7011838027392505 28.771285084541887 2.8347903225803752 5.4026845966582195 0.52173353848047543 4.6030570655129877 4.008481739088892 11.856770611368118 184.54783447855152 1.2451107567758306 9.8282745261676592 80.598458072869107 3.9248092127963892 12.798727014684117 5.1428388613276175 8.8226352288620529 13.832685683853922 2.8230674059595904 61.972663582419045 23.129907903610732 64.143242639198434
leaf_count=28237 154 3265 3917 247 766 364 199 110 101 1797 2007 362 420 308 241 132 123 7546 176 313 3168 257 454 152 281 336 184 869 688 3079
internal_value=0.0010547 0.00188692 0.00235758 -0.0124877 0.00245479 0.00262122 0.00282398 0.0111059 -0.000487357 0.002111 0.00433132 0.0321227 -0.000906768 0.0575866 3.89299e-05 0.0127331 0.0207791 -0.00131023 0.0131408 0.0252648 0.00358768 0.0056559 0.00485604 0.00660221 0.0047504 0.0130727 0.0204008 0.0015929 0.0283696 -0.00476382
internal_weight=640.012 616.811 598.065 18.7463 9.21219 592.773 589.313 45.5566 20.4357 543.757 313.018 7.05771 230.738 3.35652 221.492 20.4683 15.8653 201.024 16.4761 11.0734 305.96 225.362 221.437 192.666 179.867 48.6083 34.7756 131.259 25.953 69.2861
internal_count=60253 32016 27738 4278 1013 27584 27220 410 211 26810 13942 2467 12868 670 8951 496 255 8455 909 489 11475 8307 8050 6043 5589 1489 1153 4100 872 3231
is_linear=0
shrinkage=0.03


Tree=126
num_leaves=31
num_cat=0
split_feature=8 29 3 11 3 4 21 11 11 23 22 22 15 8 0 22 13 23 15 31 21 13 23 11 12 29 21 23 25 21
split_gain=11.1783 6.16353 6.24104 5.6191 3.7469 6.63158 6.03853 6.99745 6.90688 7.92112 8.33543 7.09165 5.74282 5.49245 7.21195 8.36501 7.1396 5.54129 5.7854 5.46339 5.43436 5.94439 5.11971 5.44224 5.01595 5.81739 4.71254 10.0718 7.34631 6.79161
threshold=0.043537782505154617 0.88014048337936412 -0.34800347685813898 0.86250832676887523 -0.39922654628753657 8.4959220886230487 -0.57799279689788807 2.4417004585266118 1.5698079466819765 -0.38776136934757227 -0.35212002694606775 0.44362986087799078 0.78445988893508922 8.2690963745117205 6.5000000000000009 0.52300933003425609 -0.20995024591684339 0.96455562114715587 -0.068454995751380907 2392.6311035156255 0.33485186100006109 0.24092127382755282 1.4146882295608523 5.8300993442535409 1.1807479262351992 -0.9284062087535857 -0.45944334566593165 1.0170690417289736 0.33995658159255987 -0.4040327370166778
decision_type=2 2 2 2 2 2 2 2 2 2 2 2 2 2 2 2 2 2 2 2 2 2 2 2 2 2 2 2 2 2
left_child=-1 3 -3 -2 6 19 7 -5 9 -8 -11 -12 13 14 15 -10 24 18 -18 -6 21 -17 -22 -24 -16 -26 27 28 -7 -28
right_child=1 2 -4 4 5 26 8 -9 12 10 11 -13 -14 -15 16 20 17 -19 -20 -21 22 -23 23 -25 25 -27 29 -29 -30 -31
leaf_value=-0.027697876925022676 -0.021437024577619389 0.065269289864562194 0.0094892154467934291 -0.020244765380062594 -0.0090792732377870267 -0.010060815339127581 -0.020329582979047668 0.016304811146793691 -0.020375109832218616 -0.0036033589137372795 0.095145699014127574 0.0061989111059887496 -0.020063338373837721 0.027555696307472028 -0.017836741994049551 0.047135535869374724 0.052360965053664978 -0.012746884102472385 0.014173508232194531 0.013784014938324382 -0.026271501414667546 -0.017262107952276527 -0.016245473576655792 0.030282797540943793 0.031175980122959822 -0.013277310510238097 0.030381300569782738 0.013501453223014008 0.033752553234965892 0.002943313751603296
leaf_weight=11.638669458217917 9.4222163560916652 1.4952020493219595 8.2521250724676047 4.3681771507253861 100.95620368130039 83.204765120754018 1.6986016024020498 47.893442929373123 25.117545925138984 2.0650700618862174 1.8598736168351018 1.3301483911927787 11.849810758081729 5.6659971443004897 12.490117129113061 3.5234711984521736 3.6834957121172982 4.3731013928190796 21.51590152492281 9.4757578321150486 4.6928504236275312 1.2042626035981809 3.1649541782680899 4.1853401729604229 4.5379119934514165 4.2682766029611212 7.4696847591549149 23.353788802633062 2.6301809893921009 208.51582353911363
leaf_count=18379 8596 630 3155 734 12416 1673 391 1745 2122 350 317 252 1183 83 959 244 166 149 941 998 471 118 132 121 37 67 115 419 45 3237
internal_value=0.000235291 0.000799537 0.0233226 0.000404971 0.000779891 -0.000694284 0.00455055 0.0129271 0.000738373 0.027741 0.0440448 0.0683884 -0.00119838 0.00125185 -0.000631671 -0.00972702 0.00690112 0.0162195 0.021541 -0.00701137 0.00646964 0.0305821 -0.00461505 0.010702 -0.00618571 0.0104731 0.00146597 -0.00359228 -0.00834504 0.00402788
internal_weight=635.903 624.264 9.74733 614.517 605.095 435.606 169.488 52.2616 117.227 6.95369 5.25509 3.19002 110.273 98.4232 92.7572 41.8884 50.8688 29.5725 25.1994 110.432 16.7709 4.72773 12.0431 7.35029 21.2963 8.80619 325.174 109.189 85.8349 215.986
internal_count=60245 41866 3785 38081 29485 18903 10582 2479 8103 1310 919 569 6793 5610 5527 3208 2319 1256 1107 13414 1086 362 724 253 1063 104 5489 2137 1718 3352
is_linear=0
shrinkage=0.03


Tree=127
num_leaves=31
num_cat=0
split_feature=1 29 8 3 8 3 4 0 14 24 14 31 21 25 25 25 14 15 24 21 24 11 34 29 23 14 34 31 29 8
split_gain=10.6451 5.09024 5.53026 6.18833 5.35838 4.99947 7.76617 5.45913 4.88866 6.69575 4.83553 4.56225 4.50538 9.8126 9.80078 7.447 7.95355 5.84144 4.77579 4.13332 4.04026 6.33938 5.46425 5.32751 5.2561 5.77384 5.15792 4.45065 8.46627 4.37239
threshold=0.1004084274172783 0.88014048337936412 6.7658143043518075 -0.094332668930292116 10.991354465484621 -1.0578155517578123 -0.86804670095443714 3.5000000000000004 -1.2154579758644102 0.22964225709438327 -0.11504411324858664 498.61573791503912 -1.2160457968711851 0.30522328615188604 0.27899609506130224 0.24158988147974017 0.34733960032463079 -1.2093343734741209 0.46823668479919439 -0.25737431645393366 0.38100546598434454 11.344287395477297 0.29036356508731848 -0.76278147101402272 -0.35576346516609186 -1.8044977784156797 1.4514405727386477 2392.6311035156255 -0.93465867638587941 0.73667052388191234
decision_type=2 2 2 2 2 2 2 2 2 2 2 2 2 2 2 2 2 2 2 2 2 2 2 2 2 2 2 2 2 2
left_child=-1 2 5 4 8 7 -7 -2 -4 -10 11 -3 13 -9 15 16 17 -14 -19 -20 21 24 -23 29 25 -8 -24 -26 -29 -22
right_child=1 10 3 -5 -6 6 20 12 9 -11 -12 -13 14 -15 -16 -17 -18 18 19 -21 23 22 26 -25 27 -27 -28 28 -30 -31
leaf_value=-0.025761461029746718 -0.01879732618555334 0.054216537399256894 -0.020295845357954846 0.00197559952597785 0.036098070359115782 -0.02225583789907044 0.053798798163417379 -0.0011889498781650209 -0.015999600161352084 0.023691828054233564 -0.004616962202488444 -0.0013389347866810462 -0.016734200078518731 0.070001614876363985 -0.01600043890176946 0.032682046255762126 -0.017477178616020939 -0.0015183639043888568 -0.00090821826898140759 0.050566979781668693 -0.025028430500300798 0.036987277390754955 -0.0056229087713748887 0.0017483453878442295 -0.013474848963018794 0.0026916795764663536 0.021007979806302386 0.059501032619321187 -0.019559640665618473 -0.006432443040739335
leaf_weight=13.093762438336851 6.1196544480044386 3.4640536578954197 3.6065920472610804 202.57252695231 7.9345757380360729 17.51445625629276 1.1124492184026156 3.6952848032815373 4.2986177339917075 14.488873827271162 3.5908121234388073 1.8278218679479321 2.829663834883827 2.2431455604382791 12.59681473392993 11.472858858411199 8.8155750497244281 3.5750964925391653 1.7453366852132539 5.5124775482108879 11.796701543033121 6.1293623144738403 13.520673398859801 74.079238299629651 33.625472465122584 36.89541394112166 11.124258919619022 1.3083845891524108 1.822972550173289 120.32053514441941
leaf_count=22841 1211 719 73 2426 132 9695 66 174 87 221 1365 535 175 53 1075 648 732 314 71 247 903 188 465 5227 3135 2794 267 50 388 4052
internal_value=2.45428e-05 0.000600779 0.000260281 0.00390502 0.0163177 -0.00193274 -0.00337167 0.00607217 0.00806568 0.0142607 0.021962 0.0378646 0.00926907 0.0319154 0.00576945 0.0140734 0.00358808 0.0174451 0.0270328 0.0395774 -0.00224292 0.00251518 0.0137455 -0.00467867 -0.0022278 0.00552836 0.00674822 -0.0101819 0.0198809 -0.00826842
internal_weight=642.733 629.64 620.757 232.901 30.3287 387.856 329.25 58.6059 22.3941 18.7875 8.88269 5.29188 52.4863 5.93843 46.5478 33.951 22.4781 13.6626 10.8329 7.25781 311.735 105.539 30.7743 206.196 74.7647 38.0079 24.6449 36.7568 3.13136 132.117
internal_count=60329 37488 34869 2939 513 31930 27230 4700 381 308 2619 1254 3489 227 3262 2187 1539 807 632 318 17535 7353 920 10182 6433 2860 732 3573 438 4955
is_linear=0
shrinkage=0.03


Tree=128
num_leaves=31
num_cat=0
split_feature=8 24 29 27 29 23 22 15 22 3 21 11 21 24 29 8 3 21 21 15 12 29 21 11 0 15 15 24 21 12
split_gain=10.2914 4.03953 3.79662 4.39149 4.35672 4.0405 8.37532 5.44137 5.96994 4.32841 4.01177 3.56257 4.75824 3.45148 6.75557 4.14216 3.41984 4.9761 9.14242 9.14259 9.92504 10.1474 8.8274 5.42526 6.8518 6.71745 7.40626 7.08884 6.16428 5.72091
threshold=0.043537782505154617 2.1157549619674687 0.90345245599746715 0.055263157933950431 0.98929220438003551 -1.6941341161727903 -0.4159389585256576 -0.89649480581283558 0.17965210229158404 2.0847595930099492 0.12889861315488818 0.6145015060901643 0.36681669950485235 0.03308732062578202 -0.93465867638587941 3.6771432161331181 0.069726482033729567 0.47035984694957739 0.50799834728240978 0.67526158690452587 1.1807479262351992 -0.9284062087535857 0.98061001300811779 12.902191638946535 7.5000000000000009 1.435664236545563 0.36951528489589697 1.0561731457710268 0.18943736702203753 -13.736515522003172
decision_type=2 2 2 2 2 2 2 2 2 2 2 2 2 2 2 2 2 2 2 2 2 2 2 2 2 2 2 2 2 2
left_child=-1 2 3 -2 11 6 -5 -8 -9 13 -11 12 -4 14 15 -7 17 23 -19 -20 21 22 -21 24 -15 26 27 29 -26 -25
right_child=1 -3 4 5 -6 9 7 8 -10 10 -12 -13 -14 16 -16 -17 -18 18 19 20 -22 -23 -24 25 28 -27 -28 -29 -30 -31
leaf_value=-0.027514081654702722 -0.024980675196890303 -0.025804637238094379 0.0015273284750474941 -0.015634574727651614 -0.013175619805936154 0.030695222107015242 0.064557201430638145 0.035212797231240746 -0.020935125776958146 0.00066019342696676251 0.030299632116367582 0.012206808492358851 0.08862925545006696 -0.0064433838287310001 -0.014960839949185926 -0.01480771061436782 -0.0014580427053780861 0.051807611739066353 0.0025326616074439162 -0.016106070479670075 0.063476274352097836 -0.023959398880410279 0.074482438985097321 -0.012755808602729995 0.0094497184028218602 0.053761889663627362 -0.019293461815556624 -0.018152372209928852 -0.019581010224051575 0.036630157279832903
leaf_weight=10.78067649094737 4.9302171542076385 4.1017792056663884 0.88486911682411828 3.8162272327463143 2.0605071848258376 4.5917113877367219 2.4326418768032454 2.9851740733138268 2.1071338105830364 8.1403556766454113 7.3960449132136992 4.5183563311002217 0.75438265950651839 96.66258481919067 28.894054856617004 1.9337654602713881 291.01541983685456 3.3853725292719892 63.603663636604324 1.0827502014581116 4.0038924238178879 3.7008447628468257 1.5400188021594656 2.0741133897099671 56.409914520685561 2.2899837545119217 5.9062440553680053 3.1440037365537128 6.4925612487131721 10.100723592913711
leaf_count=18344 5682 959 659 199 1152 372 89 93 342 86 51 780 395 7167 5743 35 8684 223 4115 92 125 629 72 111 2706 53 240 96 517 310
internal_value=0.000268336 0.000785817 0.00100063 0.000714687 0.0201132 0.000961412 0.0179548 0.0348251 0.0123567 0.00061224 0.015749 0.0315371 0.0600051 0.000185384 -0.00876024 0.017035 0.000774817 0.00326626 0.00959511 0.00699656 0.0318376 0.00587312 0.0429621 0.000555918 -0.00145413 0.0136983 0.00715136 0.0179048 0.00619374 0.0278871
internal_weight=641.74 630.959 626.858 618.639 8.21812 613.709 11.3412 7.52495 5.09231 602.368 15.5364 6.15761 1.63925 586.832 35.4195 6.52548 551.412 260.397 77.3165 73.9312 10.3275 6.32361 2.62277 183.08 159.565 23.5151 21.2251 15.3188 62.9025 12.1748
internal_count=60121 41777 40818 37832 2986 32150 723 524 435 31427 137 1834 1054 31290 6150 407 25140 16456 5256 5033 918 793 164 11200 10390 810 757 517 3223 421
is_linear=0
shrinkage=0.03


Tree=129
num_leaves=31
num_cat=0
split_feature=2 24 13 14 14 27 3 23 28 14 29 25 12 25 12 0 29 24 28 34 24 24 27 34 0 13 28 2 23 15
split_gain=12.9445 3.90928 3.0079 7.36193 8.16324 7.4431 6.80225 6.50569 5.99792 5.83334 8.39726 4.91511 7.90152 5.97027 12.2591 7.42157 4.91264 5.7492 5.85101 5.49157 5.23105 5.12649 4.7213 11.4004 7.67616 5.6029 5.72468 5.14762 12.8547 4.72974
threshold=0.12658283114433291 2.1157549619674687 0.12306272611021997 0.20818600058555606 0.2943719625473023 0.25526314973831182 0.13771194964647296 0.40077376365661627 -0.9891349971294402 0.34733960032463079 -0.62418696284294117 0.20719622820615771 -0.18498122692108152 0.26126764714717871 -2.2487711906433101 8.5000000000000018 0.88014048337936412 0.22275382280349734 -0.9891349971294402 0.5277906358242036 1.606504023075104 0.28335967659950262 0.81315788626670849 0.49919097125530248 3.5000000000000004 1.5484804511070254 -0.93273440003395069 2.1966708898544316 -0.15684234350919721 0.21181971579790118
decision_type=2 2 2 2 2 2 2 2 2 2 2 2 2 2 2 2 2 2 2 2 2 2 2 2 2 2 2 2 2 2
left_child=-1 2 16 6 -5 -6 7 -4 -7 10 -10 12 -11 22 15 -15 17 -2 20 -18 -19 -20 23 -13 -25 26 -26 28 -28 -24
right_child=1 -3 3 4 5 8 -8 -9 9 11 -12 13 -14 14 -16 -17 19 18 21 -21 -22 -23 29 24 25 -27 27 -29 -30 -31
leaf_value=-0.027940304990672585 -0.0096202797787801018 -0.025468169320470878 0.037477982890975745 -0.015990049400369039 -0.020722328293744922 0.022994129423403765 -1.4796424811480083e-05 0.001275399856320073 0.031938147033949267 -0.022014839283666762 -0.021997343857918364 -0.0017883680036941841 0.0010902023291399629 -0.00016554235288242017 -0.013101387875900011 0.048512224345850362 0.0461192432989673 -0.019212113652016905 0.020183565629134575 -0.00437184177192415 0.022852965212603542 0.00078859278771540328 -0.026244457321646538 -0.019088348409032185 -0.0064280715285891287 -0.0086602997431600819 -0.0019315125197304295 0.035298975786075694 0.1153968616435011 0.0078686533016693316
leaf_weight=13.427332457678856 60.467116031679325 4.0568682096782132 14.126717531762553 20.85605342395138 10.02349906117888 13.82717689918354 14.19826193078188 6.4423842668766147 11.230860491225028 16.326829870056827 2.5351676599821067 12.962304108543323 57.253975026134867 5.7321706017246452 28.334712705458514 4.5335440814960748 3.1908105587935998 19.517319651669826 11.893952915503176 3.3136532889911905 2.2006688067340283 254.01487521885429 3.4278886662796166 1.6023273176397221 1.478505178005437 1.576238442910834 1.1140088066458713 10.359910272061823 2.0591042684391123 20.151048465864733
leaf_count=23849 6523 723 766 1237 4615 706 709 331 244 1878 215 1041 1842 364 1379 197 970 1058 476 455 91 9237 45 181 95 79 126 206 136 313
internal_value=0.000151458 0.000805108 0.00101957 0.00346311 0.00144981 0.00329732 0.0161093 0.0267239 0.00463479 0.00311093 0.0211883 0.0015027 -0.00426301 0.00604528 -0.0029544 0.0237295 -0.000777844 -0.00129197 0.000486138 0.023242 -0.0141314 0.00172849 0.0123316 0.019813 0.0344972 0.0404644 0.0458413 0.0516012 0.0836133 0.00204332
internal_weight=632.235 618.808 614.751 260.153 225.385 204.529 34.7674 20.5691 194.506 180.679 13.766 166.913 73.5808 93.3318 38.6004 10.2657 354.598 348.094 287.627 6.50446 21.718 265.909 54.7313 31.1524 18.1901 16.5878 15.0115 13.533 3.17311 23.5789
internal_count=60087 36238 35515 16705 14899 13662 1806 1097 9047 8341 459 7882 3720 4162 1940 561 18810 17385 10862 1425 1149 9713 2222 1864 823 642 563 468 262 358
is_linear=0
shrinkage=0.03


Tree=130
num_leaves=31
num_cat=0
split_feature=8 31 12 34 14 22 14 28 15 29 30 8 12 23 29 14 22 12 15 31 12 12 29 11 23 25 14 29 22 11
split_gain=10.1077 3.5096 11.0426 10.0597 5.84908 6.24203 5.91645 5.18109 4.91278 4.84813 4.66791 4.80297 4.99382 4.58575 4.4524 4.27713 4.26347 4.64214 4.42934 4.19414 7.81673 5.90485 4.15879 5.04604 4.88584 3.95715 3.82402 3.81749 4.25635 3.39714
threshold=0.046229995787143714 341.26315307617193 28.961774826049808 1.7789585590362551 -0.78465914726257313 0.097490116953849806 1.1354203224182131 0.81238585710525524 -0.46843758225440973 -0.84427365660667408 1.5000000000000002 7.8182201385498056 4.6483845710754403 0.50372937321662914 0.91069144010543834 -0.18123165518045423 0.14833237230777743 22.830729484558109 0.46964712440967565 479.44419860839849 -3.686980009078979 -1.0079343318939207 -0.99297791719436634 10.534602642059328 -1.3919134736061094 0.1735852733254433 0.14999059587717059 -0.99297791719436634 -0.19710467755794522 4.6934001445770273
decision_type=2 2 2 2 2 2 2 2 2 2 2 2 2 2 2 2 2 2 2 2 2 2 2 2 2 2 2 2 2 2
left_child=-1 7 3 10 5 9 16 14 -4 -5 19 -12 15 22 -2 -13 17 25 -18 -3 -21 29 -7 24 -24 -6 -14 -8 -29 -22
right_child=1 2 8 4 6 13 27 -9 -10 -11 11 12 26 -15 -16 -17 18 -19 -20 20 21 -23 23 -25 -26 -27 -28 28 -30 -31
leaf_value=-0.02745763445959332 0.002758802915574616 -0.0081918300149005658 -0.0027869454220671086 0.011095015798552745 -0.017940053632283792 -0.0049365731948219707 0.043788041380079558 -0.022554611575568095 0.020412631703353834 -0.024565604962441111 -0.024037310721284046 0.049769106458855517 -0.025527240115050701 -0.0025697284670978312 0.030741770391721546 -0.0083143112523506261 -0.0050641970740700855 0.028185674458072438 -0.027983698161357005 -0.01747779024875893 0.0047517430137075335 0.005430972678230144 0.047562401491381509 0.055519431250429942 -0.007057161782853095 0.0042347098390382526 0.0032170832730401559 0.022032982572309588 -0.016396408016966409 0.087961739285765519
leaf_weight=10.575636561639838 365.44847229938023 49.96942320119706 11.682106308639048 7.7766218789620325 9.3844083868898434 2.0417774138040867 2.4914624949451527 6.2003962619928634 25.036969214677811 4.6523721856065112 32.951436906791059 1.5232696131570267 7.7457295525819045 4.2387607730925074 4.2029508381092446 1.6367641936522002 22.73566362040583 4.1109717190265647 10.851310260768512 3.5458185733878054 0.71912641881499428 3.1044443702849076 1.2584443796658904 6.1797495926730335 3.6463506374857353 23.078264061536174 7.5734719387255609 4.9677095757797352 3.6517725479789069 1.018715444835834
leaf_count=18550 16147 5419 52 157 527 45 40 3745 118 261 7908 64 105 88 1311 90 869 18 400 278 189 1662 77 79 307 1120 98 268 213 40
internal_value=0.000324028 0.000830418 -0.00186279 -0.00440743 0.00195657 0.0130963 -0.00223678 0.00267613 0.0131535 -0.00308863 -0.010805 -0.0173203 -0.00472374 0.0242179 0.00315905 0.0249176 -0.00551038 0.00158951 -0.013064 -0.00486803 0.0136959 0.0356076 0.0324378 0.039161 0.0126384 -0.00252019 -0.0119903 0.0171827 0.00573982 0.0678412
internal_weight=644 633.425 257.573 220.854 111.066 29.7941 81.2716 375.852 36.7191 12.429 109.788 51.4307 18.4792 17.3651 369.651 3.16003 70.1606 36.5736 33.587 58.3575 8.3881 4.84229 13.1263 11.0845 4.9048 32.4627 15.3192 11.1109 8.61948 1.73784
internal_count=60245 41695 20492 20322 4469 1014 3455 21203 170 418 15853 8265 357 596 17458 154 2934 1665 1269 7588 2169 1891 508 463 384 1647 203 521 481 229
is_linear=0
shrinkage=0.03


Tree=131
num_leaves=31
num_cat=0
split_feature=4 25 21 3 25 24 26 25 29 15 15 15 13 21 3 25 33 29 25 14 21 11 25 26 11 23 22 11 34 29
split_gain=9.85212 3.99589 7.15977 4.26941 3.95956 5.65828 5.11274 10.384 6.08763 6.80265 5.91919 5.12836 13.5112 6.31158 5.87969 4.91779 4.68564 4.93325 4.67938 8.03965 6.91015 7.60467 4.65223 9.69021 5.31335 4.69929 4.98551 4.5804 6.79281 4.50137
threshold=-2.0560904741287227 0.28244432806968695 -1.6108173131942747 -1.0046361684799192 0.23526197671890262 0.03308732062578202 26.791135787963871 0.2599016427993775 -0.78457182645797718 0.47536846995353704 1.5359454751014712 -0.11612211167812346 -0.26317021250724787 0.43675306439399725 -1.0945075154304502 0.25960630178451544 2.2787746191024785 -0.70068952441215504 0.26052926480770117 0.49630708992481237 0.11777763441205026 11.838107109069826 0.2197043523192406 26.791135787963871 20.532815933227543 1.3505398035049441 0.76148599386215221 3.9870074987411503 0.43299917876720434 -0.79512035846710194
decision_type=2 2 2 2 2 2 2 2 2 2 2 2 2 2 2 2 2 2 2 2 2 2 2 2 2 2 2 2 2 2
left_child=-1 4 3 -3 5 -2 8 29 11 18 -11 12 14 15 -6 -14 17 -9 19 27 21 -20 25 24 -24 -7 -27 28 -10 -8
right_child=1 2 -4 -5 6 22 7 16 9 10 -12 -13 13 -15 -16 -17 -18 -19 20 -21 -22 -23 23 -25 -26 26 -28 -29 -30 -31
leaf_value=-0.020094381453719484 -0.013699721663137078 0.051898423499598376 -0.0074007678554046498 0.0033442402956348977 0.035142131584427819 0.0012317672690699878 0.044698605392460476 -0.03401022999935225 0.046546653418104732 -0.024090585699043748 0.026091426298742247 -0.013904370208665884 0.09108693805376214 -0.0026000516362303951 -0.012867155004788126 0.011688129900336764 0.018824903733119056 0.010159302709189744 0.06024297068770415 0.045429403874809357 -0.0037960975578205285 -0.0057562632938071671 -0.0032195363906490455 -0.026542639567460839 0.02624992736970766 0.022277129312497309 0.002383760275652996 -0.0088833787327701925 -0.018889575684000015 0.0077977111622191458
leaf_weight=20.070963358826702 23.162060378526803 1.9343459103256462 83.715095502848271 4.005120279849506 1.6757327443920136 280.57715772883967 9.9551690570078772 4.4249368612654507 2.7634763917885783 6.7861193472635915 1.9906237056711686 23.601090978016146 1.6324205055716441 1.6010623597539959 16.143848765059374 1.4155913398135451 4.7073232643306255 3.2911696316441503 6.0989924415480328 3.3007298442535093 3.2531032160622999 1.8074893830344079 41.504025935311802 14.80586838768795 5.3264572480693451 20.189866419532336 24.970403069397435 13.65014882176183 1.5971828817855565 4.7581469865399439
leaf_count=29519 5046 21 4121 172 65 13263 57 61 212 595 95 1008 74 55 597 51 32 71 245 99 240 36 2051 216 46 756 631 517 224 103
internal_value=7.7153e-05 0.000767416 -0.00505138 0.0243572 0.00176883 0.000387517 0.00667717 0.0178099 0.00305484 0.0112945 -0.0112044 -0.00440568 0.00573907 0.0462465 -0.006725 0.0662085 -0.00249327 -0.0161664 0.0175289 0.00857647 0.0325141 0.0462027 0.00126293 -0.00623126 0.000611028 0.00269572 0.0115675 -0.000211736 0.0235265 0.0340209
internal_weight=634.716 614.645 89.6546 5.93947 524.99 410.536 114.454 27.1367 87.3176 41.2479 8.77674 46.0697 22.4687 4.64907 17.8196 3.04801 12.4234 7.71611 32.4711 21.3115 11.1596 7.90648 387.374 61.6364 46.8305 325.737 45.1603 18.0108 4.36066 14.7133
internal_count=60279 30760 4314 193 26446 22009 4437 324 4113 2263 690 1850 842 180 662 125 164 132 1573 1052 521 281 16963 2313 2097 14650 1387 953 436 160
is_linear=0
shrinkage=0.03


Tree=132
num_leaves=31
num_cat=0
split_feature=8 24 1 0 22 25 22 22 8 1 3 3 3 31 8 25 31 28 8 8 3 13 12 21 26 21 23 30 13 13
split_gain=9.54064 3.93138 2.3928 7.12023 5.67481 10.7495 7.85251 6.13642 5.87248 5.81642 5.53433 5.40622 5.70148 5.85853 5.57156 5.16929 4.45904 4.03108 4.62756 3.92811 3.89041 5.38668 9.03221 5.49308 6.39454 4.54754 4.45743 4.63476 6.28254 6.40128
threshold=0.043537782505154617 2.1157549619674687 5.8073773384094247 4.5000000000000009 0.068461153656244292 0.18065892904996875 -1.0879923105239866 -0.18748010694980619 9.3966078758239764 3.0944755077362065 -0.21210815757513043 -1.0945075154304502 0.68266335129737865 498.61573791503912 0.14309524744749072 0.21073306351900103 324.24549865722662 0.82229515910148632 2.9046206474304204 0.47969900071620947 0.43362963199615484 1.5811551213264468 1.1807479262351992 0.70653483271598827 30.394747734069828 0.77788150310516369 1.7213338017463686 1.5000000000000002 0.35270711779594427 0.1522825434803963
decision_type=2 2 2 2 2 2 2 2 2 2 2 2 2 2 2 2 2 2 2 2 2 2 2 2 2 2 2 2 2 2
left_child=-1 2 3 -2 5 6 -5 8 19 15 -6 -8 13 14 -13 -9 -17 18 -16 -7 21 23 -23 26 25 -25 27 -4 29 -29
right_child=1 -3 20 4 10 7 11 9 -10 -11 -12 12 -14 -15 17 16 -18 -19 -20 -21 -22 22 -24 24 -26 -27 -28 28 -30 -31
leaf_value=-0.027300829816469446 -0.013828604482981371 -0.025313035601400347 0.0070549117227608248 -0.013827371737381931 -0.00082203844413801963 0.0070355356916576035 -0.0079551620537188714 -0.014993604924073957 0.0407126068810785 -0.0051708228926951429 -0.024863504379538538 -0.01107300226466143 -0.013906981270948892 -0.0037328050999075519 0.083643987529130104 0.0082206379813593248 0.066826464476680628 -0.0082191731476889771 0.0095326653976876164 -0.013612894840007037 -0.00028295347691836354 -0.01942724120316194 0.052391566272342392 0.04301329809126387 -0.016050982768131779 0.012393905369559215 0.02706098678836686 -0.0030416352071605743 -0.014780919464313961 0.019832672422215536
leaf_weight=9.9188573877327126 34.626323271222645 4.0778898367425418 58.31587381940335 2.5471827978035426 41.01657412541681 11.07190764771075 1.56766865227837 0.96313659613952562 1.4195128907449532 4.6460036601638421 9.9347021400753857 0.58332612927187799 0.85521658026846203 1.2681201336381489 5.6667139479250181 2.1046640502172522 2.9625179715803824 0.37671825708821405 1.1706007098546249 26.861516598903108 257.247536462266 1.6680194786749769 4.0443722517229617 4.1233186554163685 5.6152519548777482 46.319214163580909 4.8802845128811887 53.800532710039988 29.830704654566944 12.786562966648487
leaf_count=18342 11400 970 1460 1065 4849 1827 196 210 30 237 3574 765 365 652 1123 223 328 466 73 2446 5165 107 97 86 136 966 102 1639 1044 266
internal_value=0.000504529 0.000983091 0.00119372 -0.00210756 0.00150991 0.00740168 0.0296453 0.000702646 -0.00485315 0.0198431 -0.00589811 0.0396194 0.0471772 0.0537489 0.062459 0.0371091 0.0478514 0.069029 0.0737909 -0.00756018 0.0022281 0.00513409 0.0316505 0.00428893 0.0122798 0.0156843 0.00142347 0.000446296 -0.00358215 0.00157931
internal_weight=642.271 632.352 628.274 149.642 115.016 64.0648 14.0355 50.0293 39.3529 10.6763 50.9513 11.4884 9.9207 9.06548 7.79736 6.03032 5.06718 7.21403 6.83731 37.9334 478.632 221.384 5.71239 215.672 56.0578 50.4425 159.614 154.734 96.4178 66.5871
internal_count=60209 41867 40897 29829 18429 10006 4705 5301 4303 998 8423 3640 3444 3079 2427 761 551 1662 1196 4273 11068 5903 204 5699 1188 1052 4511 4409 2949 1905
is_linear=0
shrinkage=0.03


Tree=133
num_leaves=31
num_cat=0
split_feature=8 24 28 15 0 15 29 14 29 14 3 1 0 24 30 13 13 33 25 33 14 28 28 11 11 11 30 0 0 21
split_gain=9.13242 4.02111 3.77728 3.76465 7.13741 6.75805 7.71617 5.37921 6.51905 5.36774 5.35017 4.88395 8.33986 5.88127 6.41734 5.12965 6.08827 5.33042 6.68351 4.73514 4.62798 6.27371 4.78472 5.94564 5.06244 4.72227 7.78015 4.51634 4.88947 7.67274
threshold=0.043537782505154617 2.1157549619674687 0.86548283696174633 0.18167464435100558 3.5000000000000004 0.41471156477928167 -0.91507902741432179 -0.16014906764030454 -0.78457182645797718 0.41280430555343633 -0.6932307481765746 1.6651086211204531 6.5000000000000009 0.0096375932916998881 2.5000000000000004 1.5811551213264468 0.58688166737556469 0.62147754430770885 0.33892285823822027 1.2298153638839724 0.94145143032073986 -0.98646417260169972 0.3393120169639588 22.028964996337894 7.3657994270324716 6.38114356994629 1.0000000180025095e-35 8.5000000000000018 2.5000000000000004 -2.0269165039062496
decision_type=2 2 2 2 2 2 2 2 2 2 2 2 2 2 2 2 2 2 2 2 2 2 2 2 2 2 2 2 2 2
left_child=-1 2 3 27 -5 6 19 -8 -9 10 -10 12 -7 -14 15 16 -15 18 -18 -6 22 -22 23 24 25 -13 -27 28 -2 -30
right_child=1 -3 -4 4 5 11 7 8 9 -11 -12 20 13 14 -16 -17 17 -19 -20 -21 21 -23 -24 -25 -26 26 -28 -29 29 -31
leaf_value=-0.027273371679333365 0.0045544756104734111 -0.02672028346509845 -0.013851713766809357 -0.0057640162277950236 -0.027908636708692369 -0.015637629670887072 0.051776350793343667 0.031359970370930988 0.020355418424098905 0.020069308094172848 -0.019015870142075276 -0.0058805593146487815 -0.015676356856034804 0.0071612824093317557 -0.01419913264972862 -0.010884103934063336 0.11310117084229537 0.0041591909831453031 -0.007639910212743929 0.010686720545014515 0.037635046344716608 0.0044033058040021077 0.010937069819046345 0.02750694272168374 -0.017318908624067222 0.061023253283611432 -0.0085286254386403495 0.0057365805211093204 0.032993188881591591 -0.0052426360581265862
leaf_weight=9.757444662624037 69.888737734145252 3.8111563991988069 14.4241938474006 50.203540898422943 4.4140089977299777 3.1430606366775447 3.8242940609052303 15.758822927367868 3.6039874282723714 12.305768403399268 8.8278546401998117 18.427413077908572 1.0771920631523242 1.3719307052379006 0.88347150059416879 0.56338679025066074 2.3323800481448425 0.71267515537329007 0.33287867554463435 5.2424775389954448 4.9339467528043306 39.864340153813828 15.66120725130895 3.1782327378168693 31.847797299036756 1.7781999022699881 2.5818240661174059 77.484943053044844 3.838175283977761 225.3669289018726
leaf_count=18427 3978 958 5435 4495 341 1644 169 350 212 555 702 981 815 259 254 199 563 53 37 61 118 1752 521 33 925 35 99 4062 242 12044
internal_value=0.000134757 0.000603524 0.000812935 0.00118213 0.00417183 0.00691908 0.0157306 0.0209443 0.0168551 0.00675542 -0.00693644 0.00313043 0.021872 0.038011 0.0482251 0.0592098 0.0679707 0.085391 0.100051 -0.00791874 0.00131021 0.00880519 -0.00331643 -0.0072979 -0.00978059 0.00104016 0.0259302 -0.000672804 -0.00234684 -0.00446182
internal_weight=637.442 627.685 623.874 609.449 232.871 182.667 53.9772 44.3207 40.4964 24.7376 12.4318 128.69 10.417 7.27391 6.19672 5.31325 4.74986 3.37793 2.66526 9.65649 118.273 44.7983 73.4747 57.8135 54.6352 22.7874 4.36002 376.579 299.094 229.205
internal_count=60319 41892 40934 35499 15173 10678 2390 1988 1819 1469 914 8288 3824 2180 1365 1111 912 653 600 402 4464 1870 2594 2073 2040 1115 134 20326 16264 12286
is_linear=0
shrinkage=0.03


Tree=134
num_leaves=31
num_cat=0
split_feature=8 3 13 12 29 28 15 15 8 12 15 15 15 30 28 28 12 3 3 11 24 8 25 24 27 12 24 14 11 23
split_gain=8.73964 4.21614 4.52653 4.06908 4.73757 3.21581 3.68424 6.83416 4.55805 4.66193 3.47348 4.40844 6.95027 6.80067 6.46004 6.12393 6.04886 5.80325 5.78116 5.29084 5.16422 5.00125 4.08153 5.35456 3.96037 8.62411 3.7945 3.63965 5.67199 3.55095
threshold=0.043537782505154617 1.8345186710357668 -1.6655813455581663 16.180838584899906 -0.63753294944763172 0.84138089418411266 -0.81711009144783009 -1.048275291919708 12.060492038726808 1.4261017441749575 -1.9282644391059873 -1.0830720663070676 -0.89649480581283558 1.5000000000000002 -0.44407938420772547 -0.11798679083585738 -3.0769107341766353 -0.4066168069839477 0.11330614611506463 5.7333786487579355 1.4864441156387331 5.4001824855804452 0.22716196626424792 0.83991718292236339 0.7815789282321931 -1.7331841588020322 0.57637718319892894 -1.3586609959602354 12.902191638946535 -0.5803297460079192
decision_type=2 2 2 2 2 2 2 2 2 2 2 2 2 2 2 2 2 2 2 2 2 2 2 2 2 2 2 2 2 2
left_child=-1 5 -3 4 -4 10 7 -7 9 -9 29 13 18 15 27 20 -16 -18 19 -13 22 -19 24 -24 25 -12 -21 -15 -29 -2
right_child=1 2 3 -5 -6 6 -8 8 -10 -11 11 12 -14 14 16 -17 17 21 -20 26 -22 -23 23 -25 -26 -27 -28 28 -30 -31
leaf_value=-0.027157383635412001 0.0099186282535547333 -0.0104134352732325 0.023387683293769133 0.022845581562804022 -0.018655642682506874 -0.016778889632882533 -0.021658311818385505 -0.0074239490398371284 -0.012242031395774103 0.098985327619858773 0.0056031306585809315 -0.018070696166301789 0.00086913187105685575 -0.02449602990872031 -0.023744808701049346 -0.020616672857133807 0.041365247290845009 -0.011834662239789399 -0.028078666400187722 -0.012396683603402604 -0.013270821354329533 0.019472723512036074 -0.016517262579692698 0.034546247898145151 0.011869556080453543 0.070534728989683701 0.03007689313085838 -0.022275049437891853 0.031294541699268874 -0.014797918167207817
leaf_weight=9.3388492432422918 5.9341937499411896 6.6567489174194625 3.0278875604271898 19.938578662462533 5.0260859339032331 2.645307652157499 10.964260122826088 0.32782368100015336 0.44102777651278302 0.39155331201618537 2.8163004552479887 6.8175730856310128 457.10776178410742 9.527856831206007 3.1944137448444989 2.0638718462723764 4.9566159487294525 7.0979590883653172 13.086900181893723 2.1613521891995333 2.0660112778423345 9.8222947865724546 3.0361699669738291 2.4871021296130493 3.9370235628448418 5.5548474593670143 4.6865941027645022 2.5577969213190945 2.5926955831237137 22.921147012821166
leaf_count=18289 218 51 21 103 290 956 5280 320 9 59 135 755 28772 476 295 536 196 553 524 122 74 100 180 62 67 410 158 293 53 775
internal_value=0.000199996 0.000652338 0.0106707 0.0158709 -0.00201211 4.60987e-05 -0.0133193 0.0102129 0.0510296 0.0743791 0.000412307 0.000955883 -1.40443e-05 0.00843979 0.000907867 0.0214392 0.010038 0.0157932 -0.0145921 -0.000642609 0.0265793 0.0064119 0.031656 0.00824737 0.0407515 0.0516188 0.0167999 -0.0143324 0.00539496 -0.00955291
internal_weight=633.185 623.846 34.6493 27.9926 8.05397 589.196 14.77 3.80571 1.1604 0.719377 574.426 545.571 483.86 61.711 39.7496 21.9613 25.0713 21.8769 26.7524 13.6655 19.8975 16.9203 17.8314 5.52327 12.3082 8.37115 6.84795 14.6783 5.15049 28.8553
internal_count=60132 41843 465 414 311 41378 6624 1344 388 379 34754 33761 30331 3430 1966 1464 1144 849 1559 1035 928 653 854 242 612 545 280 822 346 993
is_linear=0
shrinkage=0.03


Tree=135
num_leaves=31
num_cat=0
split_feature=8 24 14 4 8 22 1 8 22 22 11 25 28 28 23 33 28 22 27 24 23 8 0 23 8 27 22 15 8 27
split_gain=8.68317 4.09328 3.00674 3.35797 3.25066 2.78799 6.47513 6.11568 5.29329 2.74372 4.49716 6.22621 5.05833 7.65654 4.1888 3.60014 3.43211 3.47448 10.2383 11.4164 6.28978 6.2965 5.89738 5.38522 7.12683 5.14218 4.49694 5.27542 6.3594 8.31556
threshold=0.043537782505154617 2.1157549619674687 -1.9368578791618345 9.2557530403137225 4.9946625232696542 -2.2722710371017452 20.88952732086182 2.6161701679229741 -1.7806546092033384 -0.8252141773700713 14.066519260406496 0.28525754809379583 -0.01505099539645016 -0.89063164591789235 -1.3919134736061094 1.9658873677253725 0.8713187873363496 -0.43781693279743189 0.16052631288766864 0.20930828899145129 -0.38776136934757227 10.991354465484621 9.5000000000000018 -0.16480109840631482 4.8041276931762704 0.11315789446234704 -0.10249028727412222 -0.81711009144783009 1.196966886520386 0.31052631139755255
decision_type=2 2 2 2 2 2 2 2 2 2 2 2 2 2 2 2 2 2 2 2 2 2 2 2 2 2 2 2 2 2
left_child=-1 2 3 -2 -5 6 7 -4 -7 10 11 14 13 -12 -10 -15 17 18 19 -11 22 23 -20 24 -22 -21 -19 28 29 -28
right_child=1 -3 5 4 -6 8 -8 -9 9 16 12 -13 -14 15 -16 -17 -18 26 20 25 21 -23 -24 -25 -26 -27 27 -29 -30 -31
leaf_value=-0.027104919538132159 -0.020178042173426239 -0.02787281188047076 -0.015414130097749364 0.020896486096217217 -0.0065368107763397899 -0.019801100195025199 -0.014774590650442123 0.055852105502519907 -0.024222826211280326 -0.015539517076382634 0.032274122994434606 -0.016717124111877278 0.034559218613377768 -0.019132373547151912 0.0077983245018652322 0.0099145065840413327 -0.016006639113660088 0.008513612170918455 -0.019168243043588874 0.00091380842550297606 -0.008687247363596929 0.026056300406819968 0.016012026305846278 -0.012148788350090508 0.047320581538846204 0.083912288791537754 -0.020314547595195714 -0.0013906013894848602 0.0033830317699720222 0.03818417708885611
leaf_weight=9.1589007366856077 11.320925725915005 3.4339030464179805 0.97288118902360921 4.0453306548297432 15.939578548073767 9.511669773317406 2.5551095269620419 3.1702917326474562 2.9465739374572868 2.1763063326652619 6.1704118475317982 12.075515130301936 8.2408887617057172 7.1805494581349212 61.17556250677444 6.3688880829140544 9.8096138303517346 80.969092245126376 36.551289855851792 0.8988454693462703 3.9947470970801104 6.6774402940645805 4.0792343320790669 20.545205384783912 2.706577418372035 1.9483611549367195 2.0648167471226762 242.06301986856852 47.860701035475358 9.8131151919369568
leaf_count=18338 1034 924 151 87 171 802 16 69 313 1073 66 701 101 172 5139 62 4122 4983 1592 389 244 57 157 1452 39 125 1213 14646 1275 727
internal_value=0.000410031 0.000854287 0.00105677 -0.00785967 -0.000252617 0.00154032 0.0194828 0.0393744 0.00130231 0.0016843 0.00606709 0.00221099 0.0161364 0.00714119 0.00597751 -0.00573592 0.000706681 0.00109507 -0.0045717 0.0331668 -0.00751986 0.00201307 -0.0153364 -0.00459318 0.0171408 0.0647584 0.00228203 0.000587589 0.00849421 0.0272272
internal_weight=636.425 627.266 623.833 31.3058 19.9849 592.527 6.69828 4.14317 585.828 576.317 104.158 76.1977 27.9607 19.7198 64.1221 13.5494 472.158 462.349 79.578 5.02351 74.5545 33.924 40.6305 27.2465 6.70132 2.84721 382.771 301.802 59.7386 11.8779
internal_count=60240 41902 40978 1292 258 39686 236 220 39450 38648 6554 6153 401 300 5452 234 32094 27972 5128 1587 3541 1792 1749 1735 283 514 22844 17861 3215 1940
is_linear=0
shrinkage=0.03


Tree=136
num_leaves=31
num_cat=0
split_feature=4 28 25 34 23 23 14 34 11 21 34 25 33 3 25 12 15 29 3 28 25 13 28 34 29 21 21 12 23 2
split_gain=8.80896 4.20257 3.72404 4.45524 5.37273 4.11243 4.59935 4.56613 5.16862 4.51912 4.24547 3.71478 7.57571 3.56486 3.53719 3.30864 4.37624 8.02262 7.80795 6.37851 4.80914 6.41838 5.44999 7.48151 4.80217 4.60204 5.08951 4.48114 5.65188 4.18418
threshold=-2.1807830333709712 0.84138089418411266 0.27899609506130224 0.079176034778356566 0.66949963569641124 2.0064597129821782 -1.5076586604118345 0.46209894120693212 9.0666141510009783 1.9203585982322695 0.99552246928215038 0.33788911998271948 0.45557795464992529 1.3698779344558718 0.19990105181932452 6.9599246978759775 -1.1900216341018675 0.62921357154846203 0.8125523328781129 -0.38142733275890345 0.22773052752017978 -1.2308541536331175 -0.89063164591789235 2.3678934574127202 0.044065307825803764 -1.3013231754302976 -2.1905642747879024 1.6164083480834963 0.570125311613083 2.9499157667160039
decision_type=2 2 2 2 2 2 2 2 2 2 2 2 2 2 2 2 2 2 2 2 2 2 2 2 2 2 2 2 2 2
left_child=-1 2 3 4 -2 9 -7 8 -8 15 -9 -4 -13 -3 -15 16 17 20 25 -19 22 -22 24 27 -5 26 -18 -24 -29 -27
right_child=1 13 11 5 -6 6 7 10 -10 -11 -12 12 -14 14 -16 -17 18 19 -20 -21 21 -23 23 -25 -26 29 -28 28 -30 -31
leaf_value=-0.02118374743617981 0.030527224442545624 -0.026947316871440651 -0.0073399753235219613 0.038427039742897219 -0.019288168037321491 -0.0055611426710804801 0.0075395099919735838 -0.0015781688382169087 0.082178270731480513 -0.021149741962634284 0.026807990158608852 0.01692221145278465 -0.022530812292709985 -0.018662807156784478 0.014441775034724982 0.0042293514580054132 0.0293141596459945 0.077749209858174462 -0.021771601145679869 -0.012070632661195626 -0.024830538208312092 0.032722009372733458 -0.023992415765188343 0.033657458947585893 -0.016694363360522761 -0.0006758961761934479 -0.023697851656291857 -0.015251634392735892 0.042491548463169486 0.018322156237531851
leaf_weight=15.923649201926308 8.3635214890819025 7.9361684615723815 74.368749364512041 6.94812669593375 1.7271641639526922 8.5193278211518209 1.7607353897183231 9.3009335128008406 1.1000501285307107 7.0825494972523293 8.4568579270271567 15.675935163861142 4.9930252006743094 4.3176631771493685 5.4037378811044618 211.11666491883807 1.0090508261055209 1.4652606656891296 16.377388267836068 0.66499483271036197 7.3777785593410954 1.2860223515890519 7.6119805481866951 3.5095755209913468 1.1365106498706152 172.78068641980644 11.600273073301649 2.6137792849913239 1.7410860869567839 10.100716803222893
leaf_count=27608 988 3920 3475 232 317 165 136 155 29 325 121 715 219 227 86 2217 108 104 1512 250 395 56 591 95 113 14251 1275 87 37 242
internal_value=0.000169807 0.000754909 0.00118996 0.00221865 0.0210303 0.00179231 0.012533 0.0199206 0.0500916 0.00109296 0.0126488 -0.00422791 0.00679156 -0.013269 -0.000630625 0.00148281 -0.000879707 0.00889896 -0.00249971 0.0548117 0.00430549 -0.0137856 0.0112483 0.000395449 0.0296936 -0.000782604 -0.0176133 -0.0112028 0.0114582 0.00046732
internal_weight=632.27 616.346 598.689 503.651 10.0907 493.56 29.1379 20.6186 2.86079 464.422 17.7578 95.0377 20.669 17.6576 9.7214 457.34 246.223 34.3551 211.868 2.13026 32.2249 8.6638 23.5611 15.4764 8.08464 195.491 12.6093 11.9668 4.35487 182.881
internal_count=60051 32443 28210 23801 1305 22496 606 441 165 21890 276 4409 934 4233 313 21565 19348 1960 17388 354 1606 451 1155 810 345 15876 1383 715 124 14493
is_linear=0
shrinkage=0.03


Tree=137
num_leaves=31
num_cat=0
split_feature=1 3 21 23 31 27 8 27 22 22 22 27 22 34 15 11 8 27 34 22 23 13 1 8 27 11 23 11 22 3
split_gain=8.86811 3.21067 6.25266 5.77935 3.2709 3.17225 2.71834 2.54627 4.04021 3.36751 6.15547 4.73041 5.34149 5.39728 8.53129 7.64738 5.42483 8.45894 5.15329 7.44043 5.13572 5.8348 4.82104 15.8273 8.07401 5.56182 5.30146 4.7756 4.42277 5.87474
threshold=0.13494345545768741 1.8345186710357668 -0.064145062118768678 0.28183904290199285 364.99380493164068 0.11315789446234704 2.8244675397872929 0.13947368413209918 -0.46216633915901179 -0.45511524379253382 -0.48718555271625513 0.96052631735801708 -0.24768190830945966 2.3678934574127202 -1.3173515200614927 13.510397911071779 13.654752254486086 0.68684211373329174 2.5673648118972783 0.66055998206138622 1.0170690417289736 0.39576527476310736 4.0223710536956796 1.8582094311714175 0.72894737124443065 8.3303494453430194 -1.4200215339660642 11.344287395477297 -0.37130802869796747 0.55614629387855541
decision_type=2 2 2 2 2 2 2 2 2 2 2 2 2 2 2 2 2 2 2 2 2 2 2 2 2 2 2 2 2 2
left_child=-1 5 3 -3 -4 6 -2 8 -7 10 -9 12 22 16 15 -15 -14 -18 19 -16 21 -13 25 24 -24 -11 -25 -28 -29 -30
right_child=1 2 4 -5 -6 7 -8 9 -10 11 -12 20 13 14 18 -17 17 -19 -20 -21 -22 -23 23 26 -26 -27 27 28 29 -31
leaf_value=-0.025160761954149534 -0.023314025938775015 -0.02470204179360241 0.031710240212188899 0.011658011687925669 0.0060987834951356347 0.046185361882347384 0.011949929944707411 -0.0019260499980037402 -0.014764296310878748 -0.022881164431940385 -0.02732144584282881 0.011872107262138 -0.00145579869385211 -0.0036118061517705102 -0.012108169334447571 0.064769928638062926 0.010960270423462147 -0.027320931635908818 0.00087912477187275084 0.069886803069848055 0.029132316002166148 -0.019082482697237849 0.080025444387590391 0.039421416752776064 0.017653480435520855 0.020057320603577528 -0.013913823607044053 -0.0059423484614945484 -0.010728518135652353 0.035894377432187194
leaf_weight=11.354865888453785 7.9133146193926205 6.3386621573008579 9.7576028953772056 7.5795733402483165 8.7025288203731161 1.597158906166442 1.8493608256103469 179.71308840368874 0.95852591004222532 6.8097718527424131 8.0356059130281192 22.247302551288161 212.68945109413471 2.1607653620885676 1.2846136011648916 3.0281967897899449 6.7001901827752617 16.756589792203158 55.257233299023937 1.364773668348789 9.9114576862193626 6.2092401180416337 3.2735240705078459 2.4669680302031329 4.6544839129783213 3.2460054430412129 11.893837727839129 8.5324528734199721 2.9509051851928216 6.9790746555663645
leaf_count=23857 7789 144 104 111 95 182 546 8285 386 1099 395 186 13054 144 61 24 72 135 1853 47 83 127 207 54 144 139 435 125 94 81
internal_value=7.08437e-06 0.000507096 0.00955831 -0.00544697 0.0205703 -6.27132e-06 -0.0161443 0.000293346 0.0256025 0.000136918 -0.00315196 0.00173067 0.000620006 -0.000916822 0.00681094 0.0403121 -0.0030016 -0.0163852 0.00317555 0.0377061 0.0115906 0.00469927 0.00951455 0.0140464 0.0494861 -0.00846012 0.0042764 0.000254138 0.00962734 0.0223254
internal_weight=632.217 620.862 32.3784 13.9182 18.4601 588.484 9.76268 578.721 2.55568 576.166 187.749 388.417 350.049 299.242 63.0956 5.18896 236.146 23.4568 57.9066 2.64939 38.368 28.4565 50.807 40.7512 7.92801 10.0558 32.8232 30.3563 18.4624 9.92998
internal_count=60058 36201 454 255 199 35747 8335 27412 568 26844 8680 18164 17768 15390 2129 168 13261 207 1961 108 396 313 2378 1140 351 1238 789 735 300 175
is_linear=0
shrinkage=0.03


Tree=138
num_leaves=31
num_cat=0
split_feature=4 31 12 26 25 3 11 28 27 15 11 15 4 30 34 28 12 26 25 31 15 29 15 28 15 22 14 3 4 22
split_gain=8.31658 4.83513 8.73284 10.3986 5.70026 8.53293 8.49798 7.31694 11.3887 7.05282 6.48062 6.16999 5.83017 5.38709 6.30829 6.45491 5.18307 5.08307 6.51511 4.93924 8.00076 4.70375 9.34354 9.42924 8.87663 6.22773 5.69711 5.6357 4.5237 6.16667
threshold=-2.4498041868209834 341.26315307617193 28.961774826049808 30.975158691406254 0.17497342079877856 -0.64517104625701893 8.6851391792297381 -0.10088855028152464 0.39736843109130865 -1.4380948543548582 9.7305088043212908 0.5090271830558778 -0.067292798310518251 1.5000000000000002 0.82116645574569713 -0.59262362122535694 6.014723777770997 25.185359001159672 0.32061108946800237 334.49572753906256 -0.33129541575908655 -0.86538928747177113 0.19104450941085818 -0.56456753611564625 0.49950365722179418 -0.43781693279743189 0.59531742334365856 1.5471088290214541 -1.4843782186508176 0.30902011692523962
decision_type=2 2 2 2 2 2 2 2 2 2 2 2 2 2 2 2 2 2 2 2 2 2 2 2 2 2 2 2 2 2
left_child=-1 4 3 17 5 12 9 8 11 16 -8 -6 -2 14 15 -12 -7 -3 -19 -9 -21 -10 27 24 -24 -26 -27 28 29 -23
right_child=1 2 -4 -5 7 6 10 19 21 -11 13 -13 -14 -15 -16 -17 -18 18 -20 20 -22 22 23 -25 25 26 -28 -29 -30 -31
leaf_value=-0.026939627881154497 -0.0059186481805388619 -0.0039955114316560401 0.011390255314663976 -0.024122787938876823 0.037761263739145901 0.04277637179622272 0.0389928262382108 -0.0094771753840244138 0.0093811464281268776 -0.014309858428979185 -0.020734064525153615 -0.018120882243451333 0.033590100646570878 -0.0016922758465774228 0.036782455813564881 0.020520428185507502 -0.013166271425685083 0.0014178854751677667 0.037916567551994587 0.064994955727476642 -0.017943775487875811 -0.016695328686418535 0.023315739901648192 -0.024969478301905233 -0.02181370867987608 -0.027325939402748668 0.015262504509895145 0.017525816108264501 -0.011659148117945158 0.058843394933520192
leaf_weight=8.7603227357612905 3.834517379174943 176.11769386279047 35.473132014274597 20.826859857799718 11.019669387052998 2.8891223083483082 5.9818631460657334 64.179440340667497 52.18887635495048 25.082209941523615 4.7972327572060749 1.4746189473662514 16.327442020177841 25.316801478737034 8.6149193309247476 7.3502314932411554 1.8082478702999649 16.893053326261001 4.9927304423181331 1.1396766551188195 1.3965566577680864 1.2275684297201217 27.84050349512836 6.1349720531725316 7.7171343461959649 2.4343814273015623 16.31767187139485 6.3297037556767455 70.893859174568206 1.0101507697254417
leaf_count=20346 1124 17693 166 1285 731 361 162 3835 955 6076 93 302 388 608 64 129 19 597 109 80 164 229 623 207 419 141 735 28 2465 146
internal_value=0.000541697 0.000967533 -0.00221763 -0.00446529 0.00313745 0.00914628 0.00469182 0.000853013 0.00366718 -0.00792228 0.0119206 0.0303118 0.0261515 0.00765254 0.0186014 0.00389049 0.0227102 -0.0022868 0.0110372 -0.00770356 0.0271659 0.00178615 -0.00109347 0.00772388 0.0118017 -0.000716792 0.00863016 -0.0078133 -0.0102133 0.0250467
internal_weight=636.371 627.611 254.303 218.83 373.307 102.003 81.8406 271.305 204.589 29.7796 52.061 12.4943 20.162 46.0792 20.7624 12.1475 4.69737 198.003 21.8858 66.7157 2.53623 192.095 139.906 60.4447 54.3097 26.4692 18.7521 79.4613 73.1316 2.23772
internal_count=60280 39934 19850 19684 20084 9024 7512 11060 6981 6456 1056 1033 1512 894 286 222 380 18399 706 4079 244 5948 4993 2125 1918 1295 876 2868 2840 375
is_linear=0
shrinkage=0.03


Tree=139
num_leaves=31
num_cat=0
split_feature=27 8 12 11 12 15 25 25 0 27 12 24 8 27 14 21 12 30 25 25 22 31 27 13 21 8 22 33 14 22
split_gain=9.07947 3.83224 3.13781 6.67888 7.31315 5.9352 4.89399 4.1408 5.99077 5.82425 5.39306 8.38395 7.34249 7.88256 7.22374 6.61184 8.28836 10.4366 6.36641 6.15117 5.22756 7.10931 5.12954 9.55622 5.09045 4.97573 4.89323 4.72774 6.09733 4.45559
threshold=0.039473684504628188 0.043537782505154617 -2.8812820911407466 5.9222543239593515 -3.0769107341766353 -2.3885293006896968 0.12647675722837451 0.28244432806968695 7.5000000000000009 0.95526316761970531 0.29536588490009313 1.0877795815467837 2.8244675397872929 0.41315789520740515 0.49630708992481237 0.55395168066024791 4.3490006923675546 1.5000000000000002 0.19990105181932452 0.26853328943252569 1.1835828423500063 327.78775024414068 0.89210525155067455 -0.0082141342572867853 0.93090307712554943 1.6255767941474917 -0.98276716470718373 2.4178839921951298 -0.66395038366317738 -0.25597092509269709
decision_type=2 2 2 2 2 2 2 2 2 2 2 2 2 2 2 2 2 2 2 2 2 2 2 2 2 2 2 2 2 2
left_child=-1 -2 3 4 6 -4 -3 8 10 -9 11 19 13 -13 20 29 17 -17 -15 22 26 27 -7 -24 -18 -21 -12 28 -22 -16
right_child=1 2 5 -5 -6 7 -8 9 -10 -11 14 12 -14 18 15 16 24 -19 -20 25 21 -23 23 -25 -26 -27 -28 -29 -30 -31
leaf_value=-0.027108194375037798 -0.024329389242612826 0.05861213985251313 -0.033482875591652556 0.003598434102340526 0.06900142464438444 -0.023247053309951127 0.0017868401862265002 -0.0029034158836149602 0.0075311666361689731 -0.031307952505229941 0.0065634798413949941 -0.011373114830074599 -0.015655403667206299 0.079506087735640191 0.013283005139228407 -0.015643124974432883 0.032491058062777252 0.081822285842507766 0.0038092389538969518 -0.016786700151616096 0.063314920449100642 -0.00073103069409437076 0.041628207275043898 -0.025520621366310028 -0.0069234696338242637 0.046711434072851742 -0.005903056714855753 0.0075646443353530202 -0.00017057974162811498 -0.004526833637654
leaf_weight=9.2668733519967628 4.1959703953179988 0.67506292258621936 3.5595761005242812 91.419194537564181 1.9710590779723123 31.326572079269681 7.7174862600513734 60.752498963207472 123.62555998904281 6.3157600359991184 34.608590495539829 1.9786188066937009 3.6738499446073547 2.2003509710775693 25.338463803112973 0.94067614938830901 4.3364863945171219 2.9660335657536052 1.6074483301490543 1.2359913909458549 3.6618415681878105 24.028142239840236 2.5876792827621102 3.1116890768753356 5.9656734215095639 1.6173755278578026 139.54679475628654 6.6833559302613139 1.9156847788253779 23.574578238331014
leaf_count=17853 6815 191 170 5476 227 8128 1033 3421 6395 68 799 1010 177 158 979 119 64 181 166 231 98 486 82 121 92 63 4273 57 94 1059
internal_value=0.000877199 0.00133614 0.0015491 0.00633693 0.0280512 0.000596391 0.0121113 0.000897189 0.00194406 -0.0059989 -0.000211629 -0.00923772 0.015041 0.0339654 0.001444 0.0102605 0.0275703 0.0599489 0.0549898 -0.0152242 -0.00123648 0.00897026 -0.0185947 0.00662985 0.0110741 0.0219876 -0.00340235 0.0266037 0.044799 0.00478049
internal_weight=632.405 623.138 618.942 101.783 10.3636 517.159 8.39255 513.6 446.531 67.0683 322.906 49.3396 9.46027 5.78642 273.566 63.1219 14.2089 3.90671 3.8078 39.8793 210.444 36.289 37.0259 5.69937 10.3022 2.85337 174.155 12.2609 5.57753 48.913
internal_count=60086 42233 35418 6927 1451 28491 1224 28321 24832 3489 18437 10136 1511 1334 8301 2494 456 300 324 8625 5807 735 8331 203 156 294 5072 249 192 2038
is_linear=0
shrinkage=0.03


Tree=140
num_leaves=31
num_cat=0
split_feature=34 34 27 11 14 14 25 3 3 25 8 15 3 27 29 3 25 1 12 14 25 30 29 15 28 12 24 34 11 23
split_gain=8.64585 4.70717 4.17637 9.80237 4.06962 8.73118 7.13281 10.0074 6.1378 5.70291 5.15314 5.19151 5.49743 8.57157 5.46841 5.27462 6.65263 6.28544 5.56574 7.23275 5.79868 5.28517 7.01854 6.68471 5.89313 7.09472 5.54881 4.80155 4.51885 4.36162
threshold=0.016380122862756256 0.021062342450022701 0.12368420884013177 14.066519260406496 -0.17188318073749539 -0.14066536724567411 0.17497342079877856 -1.0000000180025095e-35 1.1305422186851504 0.27899609506130224 0.073545780032873168 -0.08653614297509192 0.33900302648544317 0.61052632331848156 -0.61065626144409169 0.37145408987998968 0.30667789280414587 13.640509128570558 2.4292162656784062 1.4856069684028628 0.26126764714717871 1.5000000000000002 -0.91507902741432179 0.5635356903076173 -0.92639589309692372 -6.6375718116760245 0.54664513468742382 0.099611766636371626 18.157570838928226 0.11926699429750444
decision_type=2 2 2 2 2 2 2 2 2 2 2 2 2 2 2 2 2 2 2 2 2 2 2 2 2 2 2 2 2 2
left_child=-1 -2 3 -3 27 6 7 -6 10 -10 -7 12 14 -14 -12 18 -17 -18 21 20 -20 22 23 -13 25 -23 -25 29 -15 -4
right_child=1 2 4 -5 5 8 -8 -9 9 -11 11 15 13 28 -16 16 17 -19 19 -21 -22 24 -24 26 -26 -27 -28 -29 -30 -31
leaf_value=-0.027118402191808118 0.047288828822991548 -0.02613419699533636 0.032111486831405092 0.027403413378886871 0.00099830523829440385 0.036522024815826989 0.0092623968935065231 0.098123090720302106 0.015945450126773928 -0.0061589933524369058 0.011331724355719299 -0.00054087328022062913 0.058991313275940607 -0.010891000173150346 -0.01912103650999775 -0.013076107791008101 -0.019967040874176601 0.037646992316049198 0.0083707483860237224 0.044907504795022868 -0.019304067630832179 0.042285879708637293 -0.0057160434356925078 0.046109215559730514 -0.015381744314684738 -0.0050959647643906182 0.0010303912854501551 -0.002680039789383133 0.031568905901950627 -0.0085182018473292116
leaf_weight=9.3278013397066371 0.93399639855488104 12.466973186528774 5.8417937776830495 3.1059437445364884 1.5728560484712946 2.4671783984522326 6.9041218476486392 1.5142105848062763 44.570594267686829 13.059252106584607 15.555219326633958 11.031971913645977 3.6301616143900883 4.8673688266426325 6.8168816356628694 52.237275691702962 1.84729781129863 3.8737185730133206 52.764207386062481 3.408411798416636 6.8438590632285914 2.7991617852821937 31.187923631980084 6.9349372985307109 41.261536011326832 10.645915301516643 3.6275469664251432 261.35655143886106 2.7159831104800105 3.1098874651361257
leaf_count=20913 890 10318 614 60 53 618 239 62 438 146 661 545 222 125 845 2135 147 65 1040 96 178 56 2836 418 4514 1144 254 9690 24 672
internal_value=0.000104635 0.000557975 0.000411073 -0.0144472 0.000818455 0.00303877 0.02934 0.0609901 0.00213478 0.0109168 0.000187535 -0.000292093 0.0105443 0.0267366 0.00163153 -0.00192411 -0.0096595 0.0188407 0.000746292 0.00775736 0.0049272 -0.00339763 0.00334955 0.0161161 -0.00985076 0.00701303 0.0320556 -0.00191087 0.00622228 0.0185588
internal_weight=628.281 618.953 618.019 15.5729 602.446 332.138 9.99119 3.08707 322.146 57.6298 264.517 262.049 33.5856 11.2135 22.3721 228.464 57.9583 5.72102 170.505 63.0165 59.6081 107.489 52.7824 21.5945 54.7066 13.4451 10.5625 270.308 7.58335 8.95168
internal_count=60018 39105 38215 10378 27837 16861 354 115 16507 584 15923 15305 1877 371 1506 13428 2347 212 11081 1314 1218 9767 4053 1217 5714 1200 672 10976 149 1286
is_linear=0
shrinkage=0.03


Tree=141
num_leaves=31
num_cat=0
split_feature=4 12 15 31 34 30 15 34 15 25 15 14 25 34 12 27 24 24 11 27 12 15 25 21 15 25 28 33 29 12
split_gain=7.49726 4.02802 5.6289 4.3422 8.91146 8.68713 5.80512 8.1045 5.10723 4.97278 5.39258 7.81555 6.93276 8.40701 7.00885 8.37016 6.1726 7.41739 5.48601 9.79345 5.36676 5.03783 4.9656 6.7735 5.85095 5.37613 7.01585 7.56159 8.95695 7.28145
threshold=-2.4498041868209834 28.961774826049808 -0.14385862648487088 341.26315307617193 1.950153172016144 1.5000000000000002 0.86458906531333934 3.793024063110352 0.68666422367095958 0.12384812906384469 0.38201361894607549 0.32443864643573767 0.17790478467941287 1.5045606493949892 -2.67814028263092 0.49473683536052709 0.28970529139041906 1.0977844595909121 5.2038097381591806 0.77105262875556957 2.0342022180557255 -0.69372084736824025 0.17458207905292514 -1.0126976966857908 -1.6277588009834287 0.23526197671890262 -0.76624640822410572 0.98039329051971447 0.078402601182460799 -4.304358482360839
decision_type=2 2 2 2 2 2 2 2 2 2 2 2 2 2 2 2 2 2 2 2 2 2 2 2 2 2 2 2 2 2
left_child=-1 3 -3 22 5 9 8 -8 -6 -5 11 12 13 14 -11 -16 -13 20 19 -14 -18 -21 23 24 -2 26 27 29 -29 -24
right_child=1 2 -4 4 6 -7 7 -9 -10 10 -12 16 18 -15 15 -17 17 -19 -20 21 -22 -23 25 -25 -26 -27 -28 28 -30 -31
leaf_value=-0.026732791742417088 0.02691583073733031 -0.0013705530381404425 0.018454933312568273 -0.023602976118374724 0.00233709269777668 -0.018512368260053653 0.045725341524028677 0.00051550581633350696 -0.019839209699009069 -0.012773544919551993 -0.014583262480185648 -0.016211779796990719 -0.022490242637412009 -0.021690383186083503 -0.017573484083998638 0.052450631225364232 0.087232108776644307 -0.014695919184384225 -0.019173892482052177 -0.0033744193767338768 0.0098660540106070838 0.067819441680368936 -0.021230292720724436 0.010892356475532191 -0.020053901698559681 0.0043776739083189048 -0.0080088300862948061 -0.020385675676231736 0.022269450713536695 0.031485460869914682
leaf_weight=8.1474836377310549 2.0466257375956038 25.232761770486832 25.07536281645298 7.0612427722953717 86.653284870786592 49.920408545847749 5.3565192701644255 8.1894208310986851 9.4621035280870256 2.373631249414756 12.82945051579736 1.1142798178479996 2.8710501764435348 3.1382503540371536 1.3746149477956331 7.1568098067073151 2.2712854132114448 0.91819844554993313 14.637715108925475 1.1941972249187531 1.4475165248150004 1.7363153611076994 2.1216150060063219 83.415021123131737 11.327159384469267 120.51366758171935 105.08915065860492 11.495371691416951 5.9024064580444238 12.547114635963224
leaf_count=20421 70 113 120 2150 3345 8196 252 396 295 167 1727 238 796 36 760 223 145 70 636 64 34 75 160 7409 1510 4944 4337 476 229 931
internal_value=0.000230725 0.000624696 0.00867827 -9.48176e-05 -0.0033998 -0.00939297 0.00264487 0.0203075 -2.78639e-05 -0.0016423 0.00166258 0.00707096 0.00125472 0.0168345 0.0288118 0.0405081 0.036592 0.0499058 -0.00973566 0.0133955 0.0655905 0.0453303 0.00195753 0.00771329 -0.0114935 -0.000225973 -0.00427344 0.00784028 -0.00549054 0.0229926
internal_weight=632.62 624.473 50.3081 574.164 219.706 110.045 109.661 13.5459 96.1154 60.1246 53.0633 40.2339 34.4826 14.0433 10.9051 8.53142 5.75128 4.637 20.4393 5.80156 3.7188 2.93051 354.458 96.7888 13.3738 257.669 137.156 32.0665 17.3978 14.6687
internal_count=60325 39904 233 39671 19605 15317 4288 648 3640 7121 4971 3244 2757 1186 1150 983 487 249 1571 935 179 139 20066 8989 1580 11077 6133 1796 705 1091
is_linear=0
shrinkage=0.03


Tree=142
num_leaves=31
num_cat=0
split_feature=11 31 12 26 24 28 3 31 31 15 22 15 3 29 11 28 28 11 22 22 15 13 11 29 0 0 24 23 4 27
split_gain=7.38708 4.0078 6.34562 6.63112 5.00891 4.97668 4.86885 4.72605 7.42478 4.98162 7.11871 6.55347 4.38129 4.36285 4.28103 4.08997 4.08903 7.19221 4.82331 3.40169 3.10237 5.60693 6.80488 4.13558 3.13068 3.35407 2.84289 2.86324 2.60978 3.35724
threshold=0.86250832676887523 341.26315307617193 22.830729484558109 31.818555831909183 0.14947414398193362 -0.99151313304901112 0.66129004955291759 836.96853637695324 563.36389160156261 -0.84187775850296009 0.097490116953849806 0.86458906531333934 -1.6388945579528806 -0.99486052989959706 9.9267029762268084 -0.89832046627998341 -0.066607572138309465 10.534602642059328 0.70096755027771007 -0.70840558409690846 0.80972999334335338 0.4939988404512406 12.648229598999025 -0.99080145359039296 6.5000000000000009 7.5000000000000009 1.5571817159652712 -1.4486134052276609 -0.82628488540649403 0.18684210628271106
decision_type=2 2 2 2 2 2 2 2 2 2 2 2 2 2 2 2 2 2 2 2 2 2 2 2 2 2 2 2 2 2
left_child=-1 26 3 4 5 6 -3 8 20 10 19 -11 -7 -13 -15 -12 -4 -18 -19 -9 21 23 24 -6 -23 -26 -2 -28 -25 -30
right_child=1 2 16 -5 7 12 -8 9 -10 11 15 13 -14 14 -16 -17 17 18 -20 -21 -22 22 -24 28 25 -27 27 -29 29 -31
leaf_value=-0.018756217317762523 0.0032065265980715271 -0.017272212673404709 -0.00666491073639729 -0.027711404990656902 -0.020495121448018291 0.034299632375602171 0.047229946892881902 0.014931761733883882 -0.024948861554353725 -0.0049032927914850937 -0.0024271434438961842 0.049531350176347598 -0.023234893639821102 -0.016826174639924342 0.022032557437242365 0.04737656900000347 -0.0096353199882503494 0.025602132083185725 0.0016849057041650435 -0.020967587742025038 -0.025177968881187295 -0.022128576658336053 0.04597181295128059 -0.022684843744151098 0.044816357315805064 -0.0054314939395833971 0.021112799927449827 -0.013580808706341209 0.039408729812646745 0.00056427278766471036
leaf_weight=17.209662661713082 349.22864404154825 1.2613322995312075 15.902973782271145 9.9530064952268713 10.135218011331736 0.39801225403790041 1.2183061565738169 3.9602340762503445 15.097788904706247 50.516534119902644 1.7691077728522939 2.2578445479739448 21.211489103035998 3.2125284825742693 5.7094465531408787 5.9228820079588331 11.047452216967939 21.670545157045126 11.630446299910544 3.5757272788323444 3.7977932827197938 2.6030415541899838 3.8247506003826857 2.9832402711908719 0.98243169969646293 2.5496954254049342 1.5662610482540937 14.815946117101701 1.1339282835833859 33.036557375686243
leaf_count=27337 17157 254 75 785 521 129 35 114 1924 1941 52 44 3774 317 118 224 75 106 56 121 705 367 77 817 63 181 48 1025 225 1765
internal_value=7.43265e-05 0.000632695 -0.00231093 -0.00503376 -0.0036113 -0.0160395 0.0188848 -0.001564 -0.00681913 0.00365861 0.0184487 -0.000227919 -0.020705 0.0195661 0.00775506 0.0369606 0.00608896 0.0107085 0.0175416 -0.00256291 -0.00200553 -6.24554e-05 0.0193101 -0.00445807 -0.00142463 0.0153494 0.00262514 -0.00924005 0.00033921 0.00293716
internal_weight=630.183 612.973 247.362 187.111 177.158 24.0891 2.47964 153.069 76.1444 76.9243 15.228 61.6964 21.6095 11.1798 8.92198 7.69199 60.2514 44.3484 33.301 7.53596 61.0467 57.2489 9.95992 47.2889 6.13517 3.53213 365.611 16.3822 37.1537 34.1705
internal_count=60432 33095 14865 14553 13768 4192 289 9576 6645 2931 511 2420 3903 479 435 276 312 237 162 235 4721 4016 688 3328 611 244 18230 1073 2807 1990
is_linear=0
shrinkage=0.03


Tree=143
num_leaves=31
num_cat=0
split_feature=8 29 3 11 8 15 14 30 12 3 13 11 21 15 11 22 11 21 22 15 15 29 8 23 3 3 34 13 13 12
split_gain=7.75871 4.3647 5.8104 4.6713 4.29156 4.48889 3.95516 3.58783 6.99504 5.72269 6.73906 10.9196 6.56914 5.72874 5.29673 5.01696 4.77958 4.94352 4.58269 4.52691 9.90194 8.34909 6.94746 6.65529 5.83963 7.21639 4.92625 4.92151 4.58534 4.47517
threshold=0.043537782505154617 0.88014048337936412 -0.34800347685813898 0.86250832676887523 0.073545780032873168 0.092735212296247496 1.6091105341911318 1.5000000000000002 2.9160423278808598 0.12511552870273593 -0.14051724970340726 24.083731651306156 -0.87203463912010182 -0.08653614297509192 5.5129802227020273 2.5906260013580327 6.2458596229553232 0.59054464101791393 -0.10249028727412222 0.036359176039695747 0.012060189153999092 -0.39233249425888056 1.7007408142089846 1.8387133479118349 -0.42718817293643946 -0.8971349000930785 0.58884984254837047 -0.59860530495643605 0.83671560883522045 -6.3503091335296622
decision_type=2 2 2 2 2 2 2 2 2 2 2 2 2 2 2 2 2 2 2 2 2 2 2 2 2 2 2 2 2 2
left_child=-1 3 -3 6 5 -5 -2 15 19 12 11 -11 14 -12 -10 -6 -14 -18 -15 20 22 -21 23 -9 25 -23 -27 -25 -26 -24
right_child=1 2 -4 4 7 -7 -8 8 9 10 13 -13 16 18 -16 -17 17 -19 -20 21 -22 24 29 27 28 26 -28 -29 -30 -31
leaf_value=-0.026637557845622276 -0.026505472385839394 0.059717096114405607 0.0072598892034456373 -0.012835153852692302 0.005057751634917884 0.058749374879355158 0.028348835313973815 -0.017964611982291347 0.010918299980537678 -0.01091584790969658 0.024181178453582482 0.018365144910915513 0.004912738751837082 0.010276146517488862 -0.029435228879528916 -0.025832152553720625 0.012170115006629524 0.038512240596839935 -0.0046069560695680472 -0.019342858666991907 0.062026466195170216 -0.015933039953346374 0.022267941306728399 -0.0091381893511887791 -0.023780241601635013 0.043360218303430502 -0.015505562778681981 0.057447592477402748 0.01208456785413867 -0.00010857958644237112
leaf_weight=7.7607437989499877 7.4302074875449753 1.6294735720439337 8.1615779970597924 0.73688665335066561 234.52472866480821 1.3160689926298799 0.54126791356247839 27.000157132250028 4.7446640098933113 68.649394638719968 12.040662199608049 12.782958477735518 25.756212790962309 34.718913092161529 5.2622747905552387 3.8506385010259683 17.931631784886125 10.463028871454297 38.021227313787676 40.83076341584092 1.2097512270556752 3.0922145478252787 9.5143432059558091 1.5156935110571796 7.4933431376120989 6.1544192577130179 1.0249967838171867 1.0219941854884371 4.3707831563951913 34.194389217998832
leaf_count=18317 7981 631 3158 340 11458 321 586 4117 104 1242 204 61 462 600 81 126 185 93 624 3988 92 503 365 142 1110 428 137 74 652 2002
internal_value=0.00140566 0.00179526 0.020715 0.00146156 0.00177574 0.037267 -0.0200361 0.00159436 -0.000265399 0.00292677 -2.71144e-05 -0.00615239 0.0104623 0.00585938 -0.0110484 0.00445294 0.0145657 0.0228568 0.00253978 -0.00559913 -0.000562812 -0.0114525 -0.00241803 -0.0134208 0.0033086 0.0189517 0.0340878 0.0263364 -0.0106552 0.00515137
internal_weight=633.745 625.985 9.79105 616.194 608.222 2.05296 7.97148 606.169 367.794 230.371 166.213 81.4324 64.1578 84.7808 10.0069 238.375 54.1509 28.3947 72.7401 137.423 74.4563 62.9665 73.2466 29.5378 22.1358 10.2716 7.17942 2.53769 11.8641 43.7087
internal_count=60184 41867 3789 38078 29511 661 8567 28850 17266 3656 2731 1303 925 1428 185 11584 740 278 1224 13610 6792 6818 6700 4333 2830 1068 565 216 1762 2367
is_linear=0
shrinkage=0.03


Tree=144
num_leaves=31
num_cat=0
split_feature=8 24 27 22 25 14 15 28 8 24 3 15 22 28 21 8 11 1 15 13 30 32 15 15 14 8 15 28 11 14
split_gain=7.26327 3.35189 2.98779 5.80564 8.45415 6.81146 8.36064 6.65122 6.19933 5.85338 5.73446 7.17108 5.49067 6.45179 5.38271 7.25551 5.21725 6.50742 6.65933 6.69535 8.99849 5.6224 8.90836 7.53047 5.15754 7.51507 6.5859 5.01934 4.25716 8.32131
threshold=0.043537782505154617 2.1157549619674687 0.51052629947662365 -0.14768971502780912 0.16659282892942431 -0.66395038366317738 -1.2093343734741209 0.37146723270416265 7.4091477394104013 0.17363531887531283 -0.45317648351192469 0.2884186208248139 0.25474335253238684 -0.032247759401798241 -0.85934945940971363 0.70493975281715404 11.146170616149904 22.07084941864014 -1.1900216341018675 -1.5710056424140928 1.5000000000000002 1.0000000180025095e-35 0.21901734918355945 0.36951528489589697 -1.2345804572105405 10.153988361358644 -1.2419423460960386 0.82229515910148632 18.157570838928226 -0.72218129038810719
decision_type=2 2 2 2 2 2 2 2 2 2 2 2 2 2 2 2 2 2 2 2 2 2 2 2 2 2 2 2 2 2
left_child=-1 2 3 27 -5 6 -6 -8 10 -9 11 -7 24 14 15 -14 17 18 19 -16 -21 -20 -23 -24 25 -4 -26 -2 -28 -30
right_child=1 -3 12 4 5 8 7 9 -10 -11 -12 -13 13 -15 16 -17 -18 -19 21 20 -22 22 23 -25 26 -27 28 -29 29 -31
leaf_value=-0.026536171625187822 0.014181249007133512 -0.023921823726099276 -0.021322793120420958 -0.019455611185493379 -0.0045589682191861953 -0.0185345185013682 0.018858417291260431 -0.0085912541793686514 0.023590747186420666 0.09657336224307142 -0.021164905597081129 0.031565303164937199 0.057221639240301894 0.013787087556871002 -0.00017110333901001353 0.0075756606063460321 -0.0079354805524480525 0.023057732634378124 -0.017955708905561162 0.070359772470772089 -0.0088931801259386645 -0.010774676252845779 0.040527443460319952 -0.0026953412937817914 0.028140082500663532 0.0056929039564257234 -0.0031440224637476776 -0.015998696084257063 -0.025839802366180543 0.012222785271663487
leaf_weight=7.5224114217271554 59.939130305545405 3.6916205811430691 25.814579763449728 15.494429982878499 5.9496171106002294 3.8881436253432202 5.9931623766024114 0.39912467889371317 5.3359196041710666 1.5086711386102249 13.924548272159884 4.5559122084232513 2.0419064399320659 47.813670285511762 6.7187026053434238 24.594511347124353 57.509177598170936 12.305334525182841 17.742407013487536 2.7742766620358434 1.6501031430088913 18.108185946766756 6.7707921126857382 6.58483251335565 6.0093993893824509 13.622011147439478 204.58941950253211 4.5788421752804416 5.0236223912797859 37.268842426594347
leaf_count=18412 8636 964 854 7783 709 990 488 194 95 211 2543 879 95 1122 249 585 1123 82 1452 119 94 380 66 263 111 126 8060 3090 40 455
internal_value=0.000975224 0.00134988 0.00153909 0.00573434 -0.00124195 0.00584688 0.0222515 0.0406844 -0.0028439 0.0791839 -0.00988942 0.00897651 0.000503345 0.00426132 0.00128763 0.0133143 -0.00125622 0.00406666 -0.000118378 0.0198194 0.0446114 -0.00493825 0.00272926 0.0205137 -0.0021326 -0.0120811 -0.000539719 0.0118279 -0.00134853 0.00720917
internal_weight=629.723 622.201 618.509 121.568 57.0495 41.5551 13.8506 7.90096 27.7045 1.9078 22.3686 8.44406 496.942 204.614 156.8 26.6364 130.164 72.6546 60.3493 11.1431 4.42438 49.2062 31.4638 13.3556 292.328 39.4366 252.891 64.518 246.882 42.2925
internal_count=60270 41858 40894 25618 13892 6109 1602 893 4507 405 4412 1869 15276 5630 4508 680 3828 2705 2623 462 213 2161 709 329 9646 980 8666 11726 8555 495
is_linear=0
shrinkage=0.03


Tree=145
num_leaves=31
num_cat=0
split_feature=4 24 11 25 34 31 13 3 25 0 29 29 3 31 25 3 4 25 33 11 30 8 15 4 11 14 15 11 11 15
split_gain=6.7246 3.43791 3.35959 5.94532 3.24266 8.84953 3.92494 7.63121 5.22624 6.39751 4.47076 3.78779 3.7639 3.81945 3.42686 7.86334 8.22589 7.38132 10.9385 7.16511 6.90776 7.13226 5.32423 4.69252 4.5978 7.48726 5.96799 7.6648 4.25864 4.78335
threshold=-2.1807830333709712 2.1157549619674687 24.083731651306156 0.21870753914117816 1.6588007211685183 498.61573791503912 1.2415301203727724 0.37145408987998968 0.11867948621511461 6.5000000000000009 -0.90066882967948902 0.061243016272783286 0.51964449882507335 1457.0352172851565 0.17497342079877856 -0.64517104625701893 -0.067292798310518251 0.14732854813337329 2.8613294363021855 5.8300993442535409 1.5000000000000002 13.654752254486086 -1.6277588009834287 35.365009307861335 6.6093630790710458 0.2943719625473023 0.40039153397083288 9.0666141510009783 5.8300993442535409 -0.1681699454784393
decision_type=2 2 2 2 2 2 2 2 2 2 2 2 2 2 2 2 2 2 2 2 2 2 2 2 2 2 2 2 2 2
left_child=-1 2 4 -4 5 14 8 10 9 12 -8 -12 13 -6 15 16 -2 18 -17 22 23 -22 -19 -21 28 -26 27 -27 -16 -30
right_child=1 -3 3 -5 6 -7 7 -9 -10 -11 11 -13 -14 -15 24 17 -18 19 -20 20 21 -23 -24 -25 25 26 -28 -29 29 -31
leaf_value=-0.019845345364537116 -0.014150973806405939 -0.026699898091240751 0.0015528272451315989 0.024247865401195206 0.091004862687934437 -0.022739651873136174 0.05941569425001722 -0.0063434238611006803 0.00087512733696870181 -0.019899691070498028 -0.018808087959165689 0.039164778485876128 0.015215243033954776 0.0042016907584137026 0.00013511185810579913 -0.01493516713451342 0.029224987266610554 0.031588056572589618 0.017222488388144948 0.031028677960673781 0.0091748869876404036 -0.030593096173575998 -0.025486170702608439 -0.0070583550423922803 -0.0087697891211435362 -0.012844963848216092 -0.0017785501502882066 0.029670837853988195 0.032544482486891957 0.003765553384153803
leaf_weight=13.686752277950289 4.3706123067531761 3.0970055185898664 35.076860621571541 13.851946705486624 0.93102181516587623 15.100237998092778 3.4936275514774024 4.7928908752510324 91.636293644260149 1.4233308216207659 1.5919947745278462 0.6834711848059668 3.5374193757306784 0.72991802671458572 95.54126411236939 39.648465944919735 17.098288679495454 0.90232906339224239 11.522507753223179 17.531780225806873 22.008755616145212 3.9326873887330285 7.2363360990129877 3.0639227777719489 129.60080809262581 4.6411337964236763 51.242112335050479 12.624489067355169 7.4264281131327179 14.375504794297738
leaf_count=27699 952 610 322 126 32 4413 72 142 3892 51 153 38 117 115 6984 5471 484 53 95 438 610 31 1323 14 3321 167 1549 252 265 535
internal_value=0.000218516 0.000693662 0.000874549 0.00833485 0.000216866 -0.000891758 0.00484713 0.0214001 0.00287014 0.0267415 0.0419811 0.00524576 0.0406622 0.0687731 -9.70897e-05 0.00403853 0.0201578 0.000611005 -0.00750269 0.00820297 0.012759 0.00223435 -0.0163943 0.0252982 -0.0017737 -0.00455263 0.00343666 0.0181647 0.00291673 0.0145659
internal_weight=632.4 618.713 615.616 48.9288 566.688 457.868 108.82 10.562 98.258 6.62169 5.76909 2.27547 5.19836 1.66094 442.767 127.316 21.4689 105.847 51.171 54.6758 46.5371 25.9414 8.13867 20.5957 315.452 198.109 68.5077 17.2656 117.343 21.8019
internal_count=60326 32627 32017 448 31569 26957 4612 405 4207 315 263 191 264 147 22544 9471 1436 8035 5566 2469 1093 641 1376 452 13073 5289 1968 419 7784 800
is_linear=0
shrinkage=0.03


Tree=146
num_leaves=31
num_cat=0
split_feature=34 0 27 25 15 23 21 33 0 21 27 25 34 27 22 29 34 24 22 25 27 27 0 1 27 25 11 34 27 28
split_gain=6.32735 3.53285 6.24465 10.2409 6.30197 5.36403 4.98754 8.25102 5.37437 6.19223 5.70419 4.30362 5.0943 3.9223 3.90086 5.33637 5.10059 6.3568 4.33086 5.65212 3.81653 7.15016 11.7458 4.19615 3.6148 7.98229 3.44187 3.43212 5.60307 4.84977
threshold=0.0083438991568982619 3.5000000000000004 0.59736841917037975 0.15071770548820498 0.17213334143161776 -1.6941341161727903 0.39836682379245764 1.9118178486824038 2.5000000000000004 0.036520641297101981 0.90789476037025463 0.2197043523192406 5.140587806701661 0.92105263471603405 -1.2154038548469541 -0.10623519495129584 0.4246178418397904 0.35967290401458746 -1.4696024656295774 0.20944089442491534 0.96052631735801708 0.79736843705177318 1.5000000000000002 8.207193851470949 0.93684211373329174 0.17677506059408191 13.156633377075197 0.19251431524753573 0.6921052634716035 0.80223616957664501
decision_type=2 2 2 2 2 2 2 2 2 2 2 2 2 2 2 2 2 2 2 2 2 2 2 2 2 2 2 2 2 2
left_child=-1 2 5 4 6 -2 8 -8 9 10 -4 20 -13 -6 15 16 17 -3 19 -17 21 22 23 -5 -23 -26 -19 28 29 -16
right_child=1 14 3 11 13 -7 7 -9 -10 -11 -12 12 -14 -15 27 18 -18 26 -20 -21 -22 24 -24 -25 25 -27 -28 -29 -30 -31
leaf_value=-0.026153171456725716 0.028361510438776334 0.028140123365072853 -0.01539613453225243 -0.0027701020139582911 -0.014135801949107104 -0.015514591785715518 -0.015623205169477952 0.025467579048299036 0.053688302979844962 0.045618343193853918 0.027876875044619488 -0.031645778177285262 0.006687039755127991 0.018015993509737673 0.019098154790505594 -0.0066259502456651439 -0.020754863933063465 -0.027318764466922198 -0.021162018203667837 0.039321358977529454 0.013223163737144841 -0.027187205722494417 -0.0046662549927115726 0.058835166310690384 0.01690540500389754 -0.023500866297669711 0.019405882355270822 0.0022736995727268561 -0.0055360774387180588 -0.02065855625148031
leaf_weight=6.7713332575513041 1.7774586574814737 4.4962484187271929 5.7471715206629614 1.184118964010852 10.576086859509813 37.820594591554254 7.6929920078255218 7.9728368343785405 4.7886027246713629 3.467858364689163 3.6261267056688666 9.6765531537821499 3.9787421775981775 3.887514190748333 35.695985118654789 3.7081288888002728 20.580329124000855 4.2485359496204183 2.0355731934250789 4.7672886406362522 10.308579550357534 12.74049168941565 19.48441670689499 3.2704926528967917 7.0127405440434805 8.8526119738817197 1.1389094445039516 362.80691863660468 13.88677276833914 2.1796689816110293
leaf_count=18647 247 395 253 172 592 8287 275 64 91 98 56 457 82 76 6839 559 735 366 430 186 97 351 781 86 56 83 33 16441 791 2445
internal_value=0.000751162 0.00108696 -0.00267967 0.000652412 0.0114194 -0.012895 0.0184392 0.00556252 0.0289686 0.0165375 0.0024179 -0.00612927 -0.0207826 -0.00488786 0.00244477 -0.00628385 -0.0125574 0.00485028 0.0114102 0.020641 -0.00267013 -0.0059769 0.00599941 0.0449537 -0.0158635 -0.00569726 -0.0159494 0.00332053 0.0104757 0.0163377
internal_weight=626.182 619.41 163.866 124.268 47.7592 39.5981 33.2956 15.6658 17.6298 12.8412 9.3733 76.5087 13.6553 14.4636 455.544 40.975 30.464 9.88369 10.511 8.47542 62.8535 52.5449 23.939 4.45461 28.6058 15.8654 5.38745 414.569 51.7624 37.8757
internal_count=60071 41424 12204 3670 1505 8534 837 339 498 407 309 2165 539 668 29220 2704 1529 794 1175 745 1626 1529 1039 258 490 139 399 26516 10075 9284
is_linear=0
shrinkage=0.03


Tree=147
num_leaves=31
num_cat=0
split_feature=8 21 21 31 21 8 0 3 24 15 23 3 30 23 11 15 3 29 8 23 21 8 15 15 29 15 25 23 15 24
split_gain=6.33843 4.05596 5.7308 3.92596 3.90851 3.11609 3.08982 3.0023 8.78384 6.16074 5.43081 5.61883 4.58945 7.03397 6.34842 4.31357 3.9309 3.78945 6.26771 6.17889 5.37492 6.09749 4.01998 5.93039 4.42356 5.41861 6.47731 4.8531 4.65347 3.90875
threshold=0.043537782505154617 1.8644694685935976 1.5089049339294436 274.61106872558599 1.3777799010276797 1.1456444263458254 9.5000000000000018 -0.83649501204490651 1.3540456891059878 -0.10070726647973059 0.22220987081527713 -1.5836307406425474 1.5000000000000002 -1.5819939374923704 2.4417004585266118 -0.7636728286743163 -0.94069677591323841 -0.98833176493644703 3.9096086025238042 1.15412312746048 -0.96743518114089955 13.654752254486086 -1.5229355096817014 -0.46843758225440973 -0.82534202933311451 -1.6970550417900083 0.1620518043637276 1.7213338017463686 -1.8695125579833982 0.18796797841787341
decision_type=2 2 2 2 2 2 2 2 2 2 2 2 2 2 2 2 2 2 2 2 2 2 2 2 2 2 2 2 2 2
left_child=-1 2 4 -4 7 6 -5 8 10 -10 12 -12 14 -14 16 -16 -2 18 19 -9 21 -20 24 -24 28 27 -27 -26 -19 -22
right_child=1 -3 3 5 -6 -7 -8 17 9 -11 11 -13 13 -15 15 -17 -18 22 20 -21 29 -23 23 -25 25 26 -28 -29 -30 -31
leaf_value=-0.026354859143581728 -0.025551425250715083 -0.01143565595034896 -0.00091206947603082115 -0.021322151800265421 -0.018403731114782738 0.029317581382627182 0.032380992184242736 -0.019827008822229427 0.0035088593548058184 0.061641007670167058 0.019159190825730494 -0.018231266137768182 0.043436507385153679 -0.0077628500021378151 -0.014047432861285307 0.023332487766075102 0.031772341118461091 0.046090517620274732 -0.028133448665029308 0.016095451055591157 -0.018793470238006031 0.01708934327218737 -0.0074571528550952124 0.0022122642298952116 -0.011161060428546938 -0.016866159679032131 0.036202734533228594 0.029983431465129978 0.0062420269767635385 0.0056162389893888633
leaf_weight=7.096249636320862 4.2442790553031946 24.168146211886778 9.0132107693934831 2.0429533014830663 8.9440962182707135 12.721896497270789 0.42816407466307271 31.658184457104653 2.9447756879962981 3.1079738256230476 3.733754342421892 15.78143562551122 1.6985994426358981 22.191497729741968 2.4350342048564952 26.160612244857475 0.45357723860070098 4.4720537406683434 9.747271628584711 4.2002981343539423 5.5653014136478296 2.8270950159057966 72.386830665636808 255.9927746655012 16.810932395776039 2.2029862676572538 6.3142877483041957 2.0398219173657699 5.8027853627281711 59.420075608417392
leaf_count=18263 982 1112 456 500 685 423 52 1696 245 211 577 1844 105 1952 112 779 160 109 200 157 83 23 6211 21027 692 249 239 53 226 766
internal_value=1.79078e-05 0.000361983 0.000859286 0.0148584 0.000241036 0.0236927 -0.00536915 0.000569813 0.00581065 0.0378663 0.00282617 -0.0104923 0.00747361 -0.00252367 0.0145117 0.0197823 -0.015412 -0.000344968 -0.00511124 -0.0152967 -0.000267395 -0.0174561 0.00114184 6.46036e-05 0.0102944 0.00363545 0.0221466 -0.0054227 0.0261354 0.00327268
internal_weight=626.607 619.511 595.343 24.2062 571.136 15.193 2.47112 562.192 82.7515 6.05275 76.6988 19.5152 57.1836 23.8901 33.2935 28.5956 4.69786 479.441 113.418 35.8585 77.5597 12.5744 366.022 328.38 37.6429 27.368 8.51727 18.8508 10.2748 64.9854
internal_count=60189 41926 40814 1431 39383 975 552 38698 6967 456 6511 2421 4090 2057 2033 891 1142 31731 2925 1853 1072 223 28806 27238 1568 1233 488 745 335 849
is_linear=0
shrinkage=0.03


Tree=148
num_leaves=31
num_cat=0
split_feature=4 28 24 25 11 0 15 22 3 21 22 23 34 23 23 11 8 14 8 28 11 3 3 11 24 24 8 29 4 8
split_gain=6.93227 3.47048 4.5346 5.60909 3.0399 2.97417 5.88216 4.72332 5.07587 4.7813 4.16001 5.1515 7.77344 4.83386 4.4498 4.0924 3.73138 12.0523 7.13745 4.90655 4.55922 3.96063 6.36207 3.58383 3.87146 3.82897 3.54965 4.69854 4.58047 3.87628
threshold=-2.0560904741287227 0.83196112513542186 1.2256654500961306 0.287177324295044 6.48699975013733 8.5000000000000018 0.75302502512931835 0.14833237230777743 -1.3368598818778989 1.6639703512191775 -1.2437768578529356 -0.9056759476661681 0.61152717471122753 -0.33800038695335383 -1.0403461456298826 10.534602642059328 0.46862562000751501 -0.040938658639788621 3.9096086025238042 -0.34940545260906214 6.7293417453765878 0.17361634224653247 1.0078514218330386 0.44604654610157018 0.14351424574851993 0.60129645466804515 0.59911003708839428 -0.40809616446495051 0.67644205689430248 0.62564516067504894
decision_type=2 2 2 2 2 2 2 2 2 2 2 2 2 2 2 2 2 2 2 2 2 2 2 2 2 2 2 2 2 2
left_child=-1 5 3 -3 -4 23 7 10 -9 -10 -7 12 -12 15 -14 -13 17 -15 19 -18 -21 -20 -23 24 -2 -26 27 -25 -29 -28
right_child=1 2 4 -5 -6 6 -8 8 9 -11 11 13 14 16 -16 -17 18 -19 21 20 -22 22 -24 26 25 -27 29 28 -30 -31
leaf_value=-0.019108417820895465 -0.012412591964856874 -0.026284003023691566 -0.014436336421972017 0.016936627042582815 0.039611968646968608 -0.0077801668218310197 -0.009709783275890253 0.03095183371963681 -0.0059049702479709075 0.028511474264277855 0.047431295002477766 -0.016425275577974775 -0.014453762850281776 -0.017528717965116101 0.030215743467978531 0.015138609998356157 -0.023349440444511729 0.082566296725589253 0.046200480243377806 0.035156956081543372 -0.012460431671220776 -0.015276424550422543 0.030116920368957786 -0.019031563508417206 0.076555301537236095 -0.0086844903940372208 0.034325811918394213 -0.011183161727231323 0.02877251761882121 0.00013370311480952041
leaf_weight=15.4261006914312 0.70333902892889355 12.536784973082833 0.85927931958576609 2.6407296942197709 1.4312159499386323 7.1444687847979358 19.693871982453857 3.41300438879989 38.96016148023773 3.0042606752249403 8.5592549245338869 8.6738171484903379 4.0085444155847654 1.3431609467952514 2.368723672349005 5.0356318084523073 5.7266774467425403 1.6306734560639657 4.4874719097279003 2.7851883413968643 2.7249851375818253 3.8677906474331376 5.8528987199533731 18.134447376418397 0.663780071045039 0.40516337531153113 2.0050016678287639 4.9447025251865835 3.6534747601253912 429.4710863524233
leaf_count=29408 595 3240 464 272 53 357 1191 135 1700 120 230 422 123 183 42 88 369 163 52 208 76 101 79 2622 124 187 221 1277 247 15591
internal_value=0.000122739 0.000642329 -0.0121656 -0.018182 0.0211105 0.00104197 0.00504338 0.00775851 0.000319 -0.00283482 0.0129306 0.0156129 0.0302954 0.00982544 0.0039847 -0.00459052 0.0166995 0.044323 0.011917 -0.00575339 0.0133116 0.0253515 0.012315 -9.11473e-05 0.0339162 0.0556652 -0.000296254 -0.0107003 0.00702338 0.000371592
internal_weight=622.156 606.73 17.468 15.1775 2.2905 589.262 129.281 109.587 45.3774 41.9644 64.2093 57.0648 14.9365 42.1283 6.37727 13.7094 28.4188 2.97383 25.445 11.2369 5.51017 14.2082 9.72069 459.981 1.77228 1.06894 458.209 26.7326 8.59818 431.476
internal_count=59940 30532 4029 3512 517 26503 5639 4448 1955 1820 2493 2136 395 1741 165 510 1231 346 885 653 284 232 180 20864 906 311 19958 4146 1524 15812
is_linear=0
shrinkage=0.03


Tree=149
num_leaves=31
num_cat=0
split_feature=34 28 21 15 21 13 22 15 28 22 0 15 28 22 29 0 15 14 28 25 12 24 34 15 24 0 21 21 21 14
split_gain=6.03037 5.25799 4.08237 3.46648 5.36276 5.41495 4.74153 6.91325 4.93697 4.74168 4.55307 4.41284 7.47269 6.27528 5.4091 5.34064 5.16085 5.74178 9.06641 8.74091 7.51668 7.26961 7.16882 5.12998 4.99537 5.95246 13.2829 4.85305 4.72783 4.86011
threshold=0.0083438991568982619 -0.99808582663536061 2.3024954795837407 0.42875745892524725 0.55395168066024791 0.8015744984149934 0.059142483398318298 0.99437117576599132 0.7918490767478944 -1.3773214817047117 8.5000000000000018 0.18167464435100558 -0.55028682947158802 0.29616416990756994 -0.99080145359039296 3.5000000000000004 0.036359176039695747 -0.18800587952136991 -0.61997824907302845 0.25960630178451544 1.5204684734344485 0.57637718319892894 0.83630394935607921 -0.95828166604042042 0.80365529656410228 8.5000000000000018 0.14359691739082339 0.5659351944923402 -0.67545729875564564 -1.0000000180025095e-35
decision_type=2 2 2 2 2 2 2 2 2 2 2 2 2 2 2 2 2 2 2 2 2 2 2 2 2 2 2 2 2 2
left_child=-1 -2 3 11 5 -5 7 8 9 -6 -11 16 15 -14 -15 -13 17 21 20 24 -19 23 -22 -3 25 26 -20 -25 -27 -30
right_child=1 2 -4 4 6 -7 -8 -9 -10 10 -12 12 13 14 -16 -17 -18 18 19 -21 22 -23 -24 27 -26 28 -28 -29 29 -31
leaf_value=-0.025905504893828452 -0.017996326726485039 0.0036061003984044428 -0.016359733639915677 -0.010823487336286826 -0.015588186856667187 0.0016177434792320809 -0.0017775376216782749 -0.012089232540979138 -0.014880801413980968 0.054671418985462066 0.011165068555988686 -0.012191277675058019 -0.012416951965972612 0.036455642946202668 -0.001959946336296558 0.021465343549329972 -0.0064789703522096257 -0.021172906853053969 0.043820392578450024 -0.0066546187852841235 -0.0167126012155892 0.005714013272556699 0.029449533132494456 -0.0054790189071520553 0.011773634951214001 -0.00039353886494349099 -0.009049494172936488 -0.025879951399197826 0.013184431531828739 0.095317717977925723
leaf_weight=6.3048003703588611 11.195099443721118 38.606275615311453 9.8348365597194043 60.848473338177428 0.96481147795566258 63.67558934353292 19.639406955247978 4.187714175117434 1.4435537236568041 6.8666827105334978 3.8418613379762974 4.0977431019418864 17.700881305121587 4.7555594142759219 7.5041588781168667 39.325082018302055 51.407597269164398 11.010128983441975 9.957518774288479 9.5401351167820376 4.0672472363803518 146.22106399029144 6.9501460669562221 45.529363578883938 17.159188060410088 0.87170912043075066 6.5342730468837535 12.97673108128947 1.2619861642888284 2.2860329975374034
leaf_count=18664 1137 3525 318 4163 76 6406 1177 585 189 448 146 290 1662 143 873 1197 3091 1098 1011 470 130 5703 227 4191 602 87 778 1533 139 157
internal_value=0.00119882 0.00151559 0.00190314 0.00222964 -0.00152053 -0.00449944 0.00837417 0.0193633 0.0295498 0.0357849 0.0413495 0.00361319 0.0102764 -0.00126138 0.014567 0.0180863 0.00224683 0.00369616 0.0112276 0.0184721 -0.00455317 0.00150366 0.0124354 -0.00482944 0.0247778 0.0344241 0.0235528 -0.0103628 0.0631588 0.0754263
internal_weight=626.566 620.261 609.066 599.231 161.468 124.524 36.944 17.3046 13.1169 11.6734 10.7085 437.763 73.3834 29.9606 12.2597 43.4228 364.379 312.972 69.6384 47.6108 22.0275 243.333 11.0174 97.1124 38.0707 20.9115 16.4918 58.5061 4.41973 3.54802
internal_count=60216 41552 40415 40097 13190 10569 2621 1444 859 670 594 26907 4165 2678 1016 1487 22742 19651 4699 3244 1455 14952 357 9249 2774 2172 1789 5724 383 296
is_linear=0
shrinkage=0.03


Tree=150
num_leaves=31
num_cat=0
split_feature=8 29 11 31 21 3 31 34 13 27 11 34 21 34 24 11 28 25 25 21 26 34 8 25 27 32 25 30 13 11
split_gain=6.59344 3.56369 5.59592 6.78321 7.34321 5.57187 5.33115 4.03983 3.36495 3.0889 4.30511 5.69865 4.21765 4.04839 3.67275 3.46419 7.07761 5.19653 4.93969 7.97587 4.33562 5.28535 5.7359 5.22384 5.99538 4.57481 10.3187 5.47933 4.32204 4.29642
threshold=0.046229995787143714 0.88014048337936412 2.1197873353958134 215.22194671630862 1.290196478366852 -0.34800347685813898 2392.6311035156255 0.31639049947261816 -0.95668876171112049 0.68157896399497997 4.8888726234436044 0.19251431524753573 0.65856066346168529 0.14364308118820193 0.039725370705127723 9.5841207504272479 0.48030318319797521 0.30522328615188604 0.11760883778333665 -0.34747771918773646 25.681188583374027 0.31639049947261816 5.6234500408172616 0.30667789280414587 0.9131579101085664 1.0000000180025095e-35 0.17535737901926043 1.5000000000000002 0.50244882702827465 8.848757743835451
decision_type=2 2 2 2 2 2 2 2 2 2 2 2 2 2 2 2 2 2 2 2 2 2 2 2 2 2 2 2 2 2
left_child=-1 2 3 4 -2 7 -5 -3 -6 10 11 12 -4 -11 -15 17 18 29 19 -17 21 22 -20 24 28 -23 27 -27 -22 -16
right_child=1 5 9 6 8 -7 -8 -9 -10 13 -12 -13 -14 14 15 16 -18 -19 20 -21 23 25 -24 -25 -26 26 -28 -29 -30 -31
leaf_value=-0.026247226847319519 -0.0044311694530989477 0.071984162882661615 0.022690091750836104 -0.02396423633740637 0.086069329490901847 0.0053040658557056515 0.015203815425018344 -0.0094049222125996128 -0.0066532185984322211 -0.016609328549034495 0.0066568206870339713 -0.011052166654710083 -0.019776636115707465 -0.021261592740088656 0.0039669159434664739 -0.016623370849846719 0.024209069780149983 -0.025508409077341292 0.028205027227540824 0.024297048437023606 -0.03200583675982125 -0.0044614401548881888 -0.0039487570009714259 0.032000595900153243 0.0074430116596938918 0.02213187663016912 -0.029709431165623853 -0.010905681092218126 0.01002065998317727 0.021018113910022118
leaf_weight=6.8673662864021017 3.666701677109816 1.3069664299837302 8.4876577713002899 19.997842873650374 0.54575543929240666 8.2494072373956424 2.9732028175494625 0.44547023461200286 0.2825506355438846 11.638399941322858 171.56008802511496 28.886487246811157 1.8710112670087244 5.7539614763809359 116.32877952978015 5.3436875566840198 8.4580525970086438 3.9235680191777638 6.9795936294831362 13.055678989971055 6.1292116916738433 96.697802984621376 12.795487944968043 4.5320609221234909 28.608790550846606 5.9082954190671471 22.175525762140751 12.060593661852179 2.6208151723258197 14.154476544354109
leaf_count=18659 2366 465 1377 10493 109 3048 1672 156 114 711 8216 4699 519 173 3060 172 56 164 251 296 160 2015 144 28 233 32 305 163 62 366
internal_value=0.00105004 0.00139118 0.00108683 -0.0119075 0.0188954 0.0183178 -0.0184718 0.0553947 0.0681008 0.00171302 0.0046122 -0.00426917 0.0139538 8.47017e-05 0.000660107 0.00106867 -0.00120519 0.00486209 -0.00230274 0.0121683 -0.0036983 -0.00598511 0.00821126 0.00479156 0.000742597 -0.00808131 -0.0164803 0.00055137 -0.0196813 0.00596237
internal_weight=632.305 625.438 615.436 27.4661 4.49501 10.0018 22.971 1.75244 0.828306 587.97 210.805 39.2452 10.3587 377.165 365.526 359.772 225.366 134.407 216.908 18.3994 198.508 156.617 19.7751 41.8909 37.3588 136.842 40.1444 17.9689 8.75003 130.483
internal_count=60284 41625 37956 14754 2589 3669 12165 621 223 23202 14811 6595 1896 8391 7680 7507 3917 3590 3861 468 3393 2910 395 483 455 2515 500 195 222 3426
is_linear=0
shrinkage=0.03


Tree=151
num_leaves=31
num_cat=0
split_feature=8 8 13 21 4 14 15 28 8 26 31 34 29 23 23 29 24 8 15 21 0 13 15 24 28 21 4 28 1 33
split_gain=5.88874 3.54032 4.05806 3.92929 3.95976 5.13863 5.3838 3.98039 3.89447 4.0982 3.42374 6.13186 5.16975 5.22588 4.32579 4.29738 4.49165 3.41391 3.34624 4.65852 4.04292 3.9431 6.13356 7.25284 5.67421 8.3982 5.56315 5.80467 7.94407 5.43303
threshold=0.043537782505154617 1.5909509658813479 -1.4841399788856504 1.5089049339294436 3.5548369884490971 -0.25835970044136042 -0.81711009144783009 -0.049434980377554887 6.4600613117218026 25.185359001159672 370.42276000976568 3.490164160728455 -0.82534202933311451 -0.17662729322910306 -1.5819939374923704 0.88014048337936412 0.018666818737983707 20.139841079711918 -1.1719908714294431 0.10778046399354936 3.5000000000000004 -0.23460722714662549 -0.20450967550277707 0.60129645466804515 -0.99538850784301747 -0.85934945940971363 1.0000000180025095e-35 -0.066607572138309465 38.073665618896491 3.3378014564514165
decision_type=2 2 2 2 2 2 2 2 2 2 2 2 2 2 2 2 2 2 2 2 2 2 2 2 2 2 2 2 2 2
left_child=-1 10 17 18 5 6 -5 8 9 -6 15 -12 13 14 -13 -2 -17 -3 19 20 -4 29 23 -23 25 -24 -26 -28 -29 -20
right_child=1 2 3 4 7 -7 -8 -9 -10 -11 11 12 -14 -15 -16 16 -18 -19 21 -21 -22 22 24 -25 26 -27 27 28 -30 -31
leaf_value=-0.026085027996771711 -0.001971422961690103 -0.0087751433175002821 0.024292563207695336 0.010608974298955595 -0.02768732706696022 -0.0068439221029979484 0.090914734959596538 0.024588204190523502 0.014282144229772909 0.011724285799956448 -0.018485180724624451 0.031379683164660652 -0.016855011988725192 0.053079524563105537 -0.023051974731855659 -0.014488718767151668 0.049654889538255774 0.011207683072537163 -0.00065483206295293209 0.026126525680276982 -0.014531061086964685 0.036920734394790634 0.065504752989748893 0.0030677383955349225 0.023614627406426628 0.0040373558646471068 -0.0033843549190743557 0.00011218114057627956 0.021756422528343908 -0.019823664178547588
leaf_weight=6.5526389704900785 103.59100877030869 47.940964814304607 2.5659556957543845 1.7059034598642027 5.4838611450977641 1.3860368422465423 0.97496361608500626 7.4632529887603569 7.2408204730600128 3.0345058059319854 26.80973245043424 1.2592277831863614 3.4370228248881158 2.1746067682979628 2.1410026354715228 0.92952680838061441 1.9094024454534517 8.2426804882707057 107.68509617555537 10.835958140087312 6.5018058543209918 9.3539834438706766 2.0854597541037947 13.106429381994529 8.4133695889322535 6.1032452944782545 143.35532027255977 46.826879852975253 21.648037768900394 14.196302995085714
leaf_count=18430 14681 1258 92 77 163 146 69 104 79 38 10337 29 519 153 124 1034 612 56 3386 290 184 360 81 358 1181 360 3801 2133 107 83
internal_value=0.000245543 0.000566206 0.00180709 0.00282238 0.0136272 0.0378792 0.0565791 0.0079915 -0.00086654 -0.0138909 -0.00357094 -0.0114569 0.00920989 0.025399 -0.000343723 -0.000834809 0.0303495 -0.00569874 0.00203878 0.0137224 -0.00222323 0.00137991 0.00352607 0.0181391 0.00201645 0.0251168 0.00104794 4.48992e-05 0.00716957 -0.0030307
internal_weight=624.955 618.402 476.151 419.967 27.2893 4.0669 2.68087 23.2224 15.7592 8.51837 142.252 35.8216 9.01186 5.57484 3.40023 106.43 2.83893 56.1836 392.678 19.9037 9.06776 372.774 250.893 22.4604 228.432 8.18871 220.244 211.83 68.4749 121.881
internal_count=60325 41895 14406 13092 676 292 146 384 280 201 27489 11162 825 306 153 16327 1646 1314 12416 566 276 11850 8381 718 7663 441 7222 6041 2240 3469
is_linear=0
shrinkage=0.03


Tree=152
num_leaves=31
num_cat=0
split_feature=8 24 34 0 15 13 23 33 34 24 8 34 3 28 15 15 13 24 28 34 3 23 24 3 3 24 24 28 29 8
split_gain=7.50269 3.5162 3.39687 4.97087 4.74073 6.45744 5.58777 4.51951 5.19425 3.88595 3.63668 3.17424 4.69024 3.33792 3.00483 3.72774 2.98767 3.20428 2.87246 3.28707 7.52571 6.04695 5.1637 2.85959 5.61993 8.20016 5.39247 7.31539 5.24959 4.51966
threshold=0.06351917609572412 2.1157549619674687 0.41614015400409704 8.5000000000000018 0.87564593553543102 0.78678309917449962 -0.32737591862678522 0.4853374063968659 0.32258427143096929 0.73637875914573681 1.0964093804359438 0.43299917876720434 0.080275919288396849 -0.42860198020935053 -1.1900216341018675 -1.7527098655700681 -1.2754132151603697 0.026852769777178768 0.41886392235755926 0.086348760873079314 -0.95953029394149769 0.17975696921348575 1.162249803543091 0.16128801554441455 1.0000000180025095e-35 0.088619977235794081 0.63808298110961925 -0.90574347972869862 -0.82534202933311451 5.8608150482177743
decision_type=2 2 2 2 2 2 2 2 2 2 2 2 2 2 2 2 2 2 2 2 2 2 2 2 2 2 2 2 2 2
left_child=-1 2 3 18 5 6 7 8 16 10 -9 12 -4 -14 15 -8 -5 -18 19 20 -2 22 -22 24 25 -13 27 -26 -28 -25
right_child=1 -3 11 4 -6 -7 14 9 -10 -11 -12 23 13 -15 -16 -17 17 -19 -20 -21 21 -23 -24 29 26 -27 28 -29 -30 -31
leaf_value=-0.026710479119851534 -0.013679066945188932 -0.026543958216481686 -0.0035800438535037488 -0.010385573914022336 -0.023706248734292636 0.043035569569038777 -0.016802606217269363 -0.018760036747438598 -0.016399193718679747 -0.023639421726501398 0.026342402675911706 -0.025017721935691538 0.0076386678609860056 0.066899538499533964 -0.014183306869237338 0.038113834816382725 -0.0096499156624643111 0.055213926365289566 -0.021805812222695068 -0.006711965655824232 0.054203643722218614 -0.017526433594661082 -0.013857425055374935 -0.0055580747036678988 -0.014602016595558385 0.0041181078209511536 -0.012675627220489316 0.034134505682197301 0.023259455225336862 0.0028136148564424242
leaf_weight=7.8830072959826785 6.074776821420528 3.1281040415633461 3.3532560890016603 0.51190927333664049 3.2886934666603329 3.6085079784970722 1.1805098391487265 1.4364254070678706 1.0724934401223434 2.6508580539375544 4.6189342461293563 8.1764056640677136 1.80098759761313 1.364821996365208 12.483492298080821 1.5877775994595111 0.46954240684863346 4.9542278802255169 8.6847862248250731 83.23746132091037 4.3212455866450892 1.3486030412896068 0.80291295718052413 85.648545409087092 2.7451812809449647 167.28196516164462 8.3578519645379838 15.457640064327281 5.0118270609236779 174.78274765535025
leaf_count=19958 1252 919 265 101 714 226 112 124 103 102 92 1404 43 115 1736 202 397 388 6895 6667 1109 910 134 6118 214 6273 241 744 341 2236
internal_value=0.000667037 0.00105793 0.0012408 -0.00281004 0.00638913 0.00983767 0.00474383 0.0168053 0.033077 0.0016489 0.0145009 0.00246059 0.0218134 0.0431132 -0.00795289 0.0164509 0.0430921 0.0489705 -0.0061731 -0.00454503 0.00926428 0.029746 0.0430177 0.00214471 0.00476723 0.00262629 0.0162192 0.0264069 0.00147639 4.96722e-05
internal_weight=627.325 619.442 616.314 142.333 37.8634 34.5747 30.9662 15.7144 7.00817 8.70622 6.05536 473.981 6.51907 3.16581 15.2518 2.76829 5.93568 5.42377 104.47 95.785 12.5475 6.47276 5.12416 467.462 207.031 175.458 31.5725 18.2028 13.3697 260.431
internal_count=60135 40177 39258 21264 4297 3583 3357 1307 989 318 216 17994 423 158 2050 314 886 785 16967 10072 3405 2153 1243 17571 9217 7677 1540 958 582 8354
is_linear=0
shrinkage=0.03


Tree=153
num_leaves=31
num_cat=0
split_feature=8 15 28 12 15 23 24 24 3 34 0 13 15 21 12 25 29 15 24 15 4 22 21 12 3 8 24 22 25 28
split_gain=6.08774 3.51732 4.99727 4.68589 5.45267 7.2871 4.36461 4.31898 4.26378 7.98842 6.00106 8.90233 5.09438 5.82904 4.91237 9.47861 5.62006 4.81884 5.72912 4.74329 4.73989 4.61427 4.47371 4.45006 4.4423 4.46833 4.31015 4.09932 4.06755 6.17225
threshold=0.043537782505154617 -1.9282644391059873 -0.01505099539645016 28.961774826049808 -1.0154094099998472 -1.4200215339660642 1.4363035559654238 1.606504023075104 0.37145408987998968 0.19251431524753573 4.5000000000000009 -0.99205389618873585 -0.50425606966018666 -0.94985896348953236 1.8059201240539553 0.17497342079877856 -0.9994429051876067 0.43763996660709387 1.1278287172317507 0.85282677412033092 11.354918003082277 -1.2154038548469541 -0.87203463912010182 0.097242325544357314 -1.5836307406425474 2.9046206474304204 1.2404090166091921 -0.086282692849636064 0.1298363730311394 0.40318277478218084
decision_type=2 2 2 2 2 2 2 2 2 2 2 2 2 2 2 2 2 2 2 2 2 2 2 2 2 2 2 2 2 2
left_child=-1 2 7 4 5 -3 -7 -2 10 17 11 22 13 -11 26 16 -16 18 -10 -17 -18 24 -6 -24 -12 -26 -13 -22 29 -23
right_child=1 3 -4 -5 8 6 -8 -9 9 12 21 14 -14 -15 15 19 20 -19 -20 -21 27 28 23 -25 25 -27 -28 -29 -30 -31
leaf_value=-0.025890862350845575 -0.016460147737610731 0.042482956160527378 0.02539767035598332 0.011368979679879607 -0.016324577523143115 0.0092902373372559764 -0.013775080328120456 0.014704796190661779 0.039389450035003201 0.0096555336290785887 0.036911228664897704 -0.017314201305257817 -0.0025414141776462121 -0.023410086995047152 0.044242077259501307 -0.021727893496674588 -0.014403657045093773 -0.014103009549923559 -0.018024733097065683 0.01743381747186892 0.037438843483549152 -0.026694421114238198 -0.0047509960816234549 0.054886728120247287 -0.02800867186245665 0.0030005061486185294 0.01071423955544182 0.00018349702200649946 0.0075382483111241629 0.030060741231289465
leaf_weight=6.2053626278648144 24.415394926443703 4.5438188721600445 2.7160317606758317 46.914853125810623 1.0226794265909118 57.275433238974074 7.5555148370622183 3.9457312021695534 7.4603197450924181 5.4961532166926217 0.74743616348132746 36.788283883419354 141.60473224858288 21.501734152785502 3.6887544954661307 13.88600835343823 5.5486399178626007 2.2551912333001374 1.3025170711625831 2.6318707865430033 4.1401336537674069 6.064642891928087 1.31690060920664 3.3559740769269411 8.1171929541742411 7.4022301876684642 4.995372149773174 5.5254098298028094 185.60903454452637 1.3760242068383375
leaf_count=18390 644 331 317 222 88 4025 409 102 433 304 62 8415 5974 905 47 353 350 283 92 110 51 1719 241 139 1344 175 1035 74 12202 1520
internal_value=0.00153403 0.00185017 -0.00783226 0.00237423 0.00157499 0.00936497 0.00643375 -0.0117712 0.000412234 -0.00321461 0.00264495 -0.00415197 -0.00487293 -0.0165742 -0.00694856 0.0012803 0.0154125 0.0204557 0.0298832 -0.0148491 0.00612511 0.00534382 0.0291325 0.0402049 -0.00959349 -0.0139321 -0.0137912 0.0181555 0.00664543 -0.0138806
internal_weight=625.409 619.204 31.0772 588.127 541.212 69.3748 64.8309 28.3611 471.837 179.621 292.217 82.9 168.603 26.9979 77.2045 35.4208 18.9029 11.018 8.76284 16.5179 15.2142 209.317 5.69555 4.67287 16.2669 15.5194 41.7837 9.66554 193.05 7.44067
internal_count=60356 41966 1063 40903 40681 4765 4434 746 35916 7991 27925 10903 7183 1209 10435 985 522 808 525 463 475 17022 468 380 1581 1519 9450 125 15441 3239
is_linear=0
shrinkage=0.03


Tree=154
num_leaves=31
num_cat=0
split_feature=8 27 12 27 34 28 24 23 15 11 21 24 24 21 11 0 33 21 0 0 22 24 12 34 29 22 14 23 11 22
split_gain=7.03395 4.90488 4.84204 4.70825 4.50693 3.85797 3.81062 5.09658 3.70761 4.14632 4.37273 4.35519 6.35139 6.03421 4.76678 5.59177 6.08942 4.05165 4.71991 5.20632 4.54274 4.38853 3.70127 3.67433 5.40571 3.33882 3.62075 3.31407 3.18308 3.17
threshold=0.90066713094711315 0.81842103600502025 0.50602352619171154 0.86052629351615917 0.12862648069858554 -0.066607572138309465 1.606504023075104 -0.53262028098106373 -2.3885293006896968 20.532815933227543 -0.017835294827818867 1.5259404182434084 1.2932930588722231 1.0000000180025095e-35 13.781019210815431 6.5000000000000009 2.0272283554077153 1.0950789451599123 1.5000000000000002 8.5000000000000018 0.79213011264801036 0.49228583276271826 18.866653442382816 0.37563873827457434 -0.77379113435745228 -0.86668306589126576 1.0000000180025095e-35 -0.79479724168777455 27.300650596618656 -0.46216633915901179
decision_type=2 2 2 2 2 2 2 2 2 2 2 2 2 2 2 2 2 2 2 2 2 2 2 2 2 2 2 2 2 2
left_child=2 8 5 6 -4 -1 7 -3 -2 11 25 12 17 -14 15 16 -15 -10 21 -20 -21 -19 -5 24 -13 -11 -27 -6 29 -12
right_child=1 3 4 22 27 -7 -8 -9 9 10 28 23 13 14 -16 -17 -18 18 19 20 -22 -23 -24 -25 -26 26 -28 -29 -30 -31
leaf_value=-0.0066626560374025215 -0.020357485756393883 0.00153240063580275 0.049568568027033737 -0.0025069761441711947 0.020543852048828293 -0.022724846594616085 0.023903058657281089 -0.023999960563658551 0.0042096065431126151 0.021203377490269865 0.01039860811362105 0.035520710347875392 0.0011697262207348666 0.085954265795845364 -0.00068602034696460242 0.005214511195591129 0.0094498080972723868 0.054747635665952345 -0.01892415192182955 -0.0096555535763500587 0.035366064798542263 -0.0089979532992610547 0.0070480959042306616 -0.021887867095806049 -0.016674610364903912 -0.017072606926638319 0.012817515333268305 -0.005716626538009981 0.0052900276944898615 0.041015830644989544
leaf_weight=47.484907070116606 4.5422642516205078 10.702308498439384 0.83741294519859621 136.11913429340348 4.6903483424976029 18.603723643202102 1.5586652141064394 18.919476246694103 213.49769459359231 4.9128924310207394 5.7829796196892866 2.2285802101832815 7.4989501837408197 2.7885886021540482 2.2781528690829873 2.1643099923967384 1.6061146091669796 1.0276431806269131 19.90740859153448 3.8824626361310939 2.5829674904816784 1.4084280268871223 48.714358719997108 10.046707997797055 3.0836349031305863 8.2918822746723873 5.0937642008066168 17.03637174249161 7.4368310715071848 8.4518478224053979
leaf_count=14634 94 394 70 2385 616 22610 20 709 12723 57 53 98 342 140 37 88 16 70 1169 179 99 70 261 659 400 94 72 1886 72 107
internal_value=0.000375426 0.00167683 -0.00740253 -0.00180789 0.00445051 -0.0114554 -0.012398 -0.0150264 0.00403841 0.00445486 0.0133679 0.00311079 0.00404661 0.0216003 0.0370558 0.0485213 0.064929 0.00277924 -0.00760661 -0.0115473 0.0106588 0.026 3.57157e-05 -0.0119324 0.00738068 0.00232368 -0.00559792 0.000606972 0.0221792 0.0300764
internal_weight=623.181 534.528 88.6528 216.014 22.5641 66.0886 31.1804 29.6218 318.514 313.972 39.9702 274.002 258.643 16.3361 8.83717 6.55901 4.3947 242.307 28.8089 26.3728 6.46543 2.43607 184.833 15.3589 5.31222 18.2985 13.3856 21.7267 21.6717 14.2348
internal_count=60224 20408 39816 3769 2572 37244 1123 1103 16639 16545 455 16090 14933 623 281 244 156 14310 1587 1447 278 140 2646 1157 498 223 166 2502 232 160
is_linear=0
shrinkage=0.03


Tree=155
num_leaves=31
num_cat=0
split_feature=27 29 11 24 3 3 11 34 22 15 15 15 34 25 26 11 15 15 25 24 15 21 15 14 29 34 14 34 15 14
split_gain=5.21402 5.70532 5.67324 4.50633 2.92149 5.43973 3.79877 5.31356 6.40155 4.74239 6.06976 8.19237 5.90002 4.3067 7.10024 6.71302 6.09055 8.21358 5.08727 4.77987 4.4042 4.04367 3.99903 5.65646 6.11369 6.10335 6.07269 5.71167 6.82804 4.00923
threshold=0.039473684504628188 0.91069144010543834 0.86250832676887523 0.018666818737983707 0.069726482033729567 0.050850072875618942 24.083731651306156 1.3959407806396487 -1.6043298244476316 -0.89649480581283558 -0.7992766499519347 -0.50425606966018666 6.5186092853546151 0.12872880697250369 25.185359001159672 10.782648086547853 0.57320404052734386 -0.29521980881690973 0.28920048475265508 0.16735965758562091 1.5459934473037722 1.5665878653526308 0.57320404052734386 -0.26868185400962824 -0.99774217605590809 0.89189034700393688 -0.60867518186569203 0.68322405219078075 -1.4066523909568784 -1.7611994743347166
decision_type=2 2 2 2 2 2 2 2 2 2 2 2 2 2 2 2 2 2 2 2 2 2 2 2 2 2 2 2 2 2
left_child=-1 2 -2 -3 5 -4 7 21 -9 12 -11 -12 -10 -13 15 16 17 -15 -19 -17 -18 22 23 25 -25 26 27 28 -6 -29
right_child=1 3 4 -5 6 -7 -8 8 9 10 11 13 -14 14 -16 19 20 18 -20 -21 -22 -23 -24 24 -26 -27 -28 29 -30 -31
leaf_value=-0.022826434942215496 -0.023219776329870809 -0.0067835453762589374 0.0026677651504085592 0.040853471736550698 -0.024502163819056042 0.030106171808123229 0.0072409155216980924 -0.028211994993221995 -0.022137485076845299 0.041805188789473556 -0.026346220921479497 0.026631284554759573 0.014169617839488674 -0.022525699513654008 0.019552702508903154 0.015703325426294518 -0.021991108707594326 0.051996010725703132 -0.009261219112068746 -0.014705066010948968 0.032498829536036229 -0.027142768053367652 -0.013732489262823853 0.03132416878334917 0.0011908140695531704 -0.01774046842216586 -0.018159954880053696 0.051907111582741819 0.010347170657216504 0.010120720379278331
leaf_weight=7.3283017391513559 7.7667259712470686 2.2460501445166292 272.98941594240023 4.6403162513597636 6.8677957819309112 5.6763322839688035 43.899976789020002 4.5464293434633865 10.446987917181103 3.5014726461959063 5.6100311498157671 9.3306555927847494 5.3770200696308157 1.5706189461052327 20.826217987865675 4.8161139148287502 4.363924625562503 5.9653825546265651 1.1489504408091304 24.762698062928393 0.82386229478288431 6.3779162669088683 32.021844853676157 5.765798879787325 58.968775634537451 30.605496667791158 11.035236909781814 2.4702442078269087 13.207828517013697 6.7760810728068446
leaf_count=17967 10746 1393 18118 707 270 256 338 110 373 74 185 243 89 131 237 84 351 367 75 432 33 268 1867 181 2784 824 638 47 718 230
internal_value=0.000754383 0.00107228 0.000741929 0.0264262 0.00109036 0.00333233 -0.000859699 -0.00216406 0.00321415 0.00493288 0.00781279 0.0058079 -0.00969136 0.00857879 0.00559044 -0.00139095 0.0151741 0.0293616 0.0421809 -0.00940226 -0.00948405 -0.00534891 -0.00436418 -0.00206916 0.00431044 -0.00786787 -0.000132907 0.00702668 -0.00217157 0.0252608
internal_weight=621.735 614.406 607.52 6.88637 599.753 278.666 321.087 277.187 103.09 98.5439 82.7199 79.2185 15.824 73.6084 64.2778 43.4516 13.8727 8.68495 7.11433 29.5788 5.18779 174.097 167.719 135.697 64.7346 70.9627 40.3572 29.3219 20.0756 9.24633
internal_count=60136 42169 40069 2100 29323 18374 10949 10611 2784 2674 2212 2138 462 1953 1710 1473 957 573 442 516 384 7827 7559 5692 2965 2727 1903 1265 988 277
is_linear=0
shrinkage=0.03


Tree=156
num_leaves=31
num_cat=0
split_feature=27 34 34 27 14 4 22 22 0 28 8 0 15 13 28 2 23 23 14 21 27 23 14 14 13 22 24 24 24 28
split_gain=5.60685 3.22475 4.26235 5.31403 3.40401 3.75306 7.92934 3.36405 2.96123 7.07439 9.83637 9.89056 5.65361 9.45559 5.63964 5.30944 4.84282 4.82757 4.95244 6.71309 5.30363 4.82083 6.37279 5.30603 4.89058 4.26888 4.0695 5.18329 3.91111 4.47768
threshold=0.065789472311735167 0.89189034700393688 0.87340503931045543 0.81842103600502025 -1.9368578791618345 43.433244705200202 0.89670702815055858 -2.5547221899032588 4.5000000000000009 0.40318277478218084 3.1606984138488774 6.5000000000000009 0.044596036896109588 0.043950477614998824 -0.13505011796951291 1.6783840060234072 2.5631842613220219 -0.60695371031761158 -0.25143833458423609 -0.6884455382823943 0.90789476037025463 0.63941854238510143 -0.074901275336742387 -0.009105129633098839 -2.1343561410903926 0.63624739646911632 1.0485931634902956 0.099038597196340575 0.20930828899145129 -0.84714201092720021
decision_type=2 2 2 2 2 2 2 2 2 2 2 2 2 2 2 2 2 2 2 2 2 2 2 2 2 2 2 2 2 2
left_child=-1 2 7 -4 -3 -6 -7 -2 15 14 12 -12 13 16 -10 -9 -11 18 19 -16 -20 26 24 -24 -23 -19 27 -17 -29 -30
right_child=1 4 3 -5 5 6 -8 8 9 10 11 -13 -14 -15 17 21 -18 25 20 -21 -22 22 23 -25 -26 -27 -28 28 29 -31
leaf_value=-0.020146873246216557 0.034334985311202458 -0.017441361854794814 0.049258091599468819 -0.00013931321717228359 -0.0026843017906130464 0.01479910791330845 -0.013676600248003448 -0.016176279840181579 0.0047498943306710549 -0.022888134276339362 0.083630909865234401 -0.0054083764382835053 -0.023054014532855976 0.064092869723458235 -0.014691605847686601 -0.029342528450117176 0.046962917380239798 -0.021492606150779355 -0.020079525568740927 0.041881324297592969 0.025063558843026898 0.024776383648174735 0.061678984301203839 0.012613903951339496 -0.012092652270023253 0.0031353144433528741 -0.020141151016734461 0.023194697706146256 0.016589402659533951 -0.0079008800636226634
leaf_weight=11.121132117012165 1.8636376466602076 11.110572584031614 2.88808046770282 3.9411503791343421 230.69835666561266 30.60670131444931 11.310302972793577 19.845558529748814 165.00719589751679 3.1273939242382753 2.6739333299046839 1.450860882468987 3.2346847876760876 1.7065966026275416 2.2407232909754384 3.7414888491621232 0.16346320687443938 20.334705148969082 7.3445515305502322 4.5267612787138232 2.3111212644726038 3.6216314644552758 2.3650200390256941 6.6098590928595495 9.8257568206172454 8.6805504210642521 10.21067700604908 6.5896792938001445 8.4596350700594467 22.205416642478671
leaf_count=23819 92 354 144 72 8605 148 52 7973 9030 1860 103 116 1875 211 108 254 12 1641 577 188 23 32 31 201 276 604 419 178 472 777
internal_value=5.70859e-05 0.000458659 0.00249541 0.0243742 -0.00187473 -0.00117888 0.00697597 0.00195085 0.00165242 0.00352828 0.0247076 0.057368 0.00390141 0.0222836 0.0021737 -0.00280883 -0.00928223 -0.00708242 0.00569877 0.02367 -0.00793626 0.000962624 0.0122591 0.0304305 -0.00113549 -0.0142656 -0.00412391 0.000250011 0.00391133 -0.000834154
internal_weight=619.817 608.696 324.97 6.82923 283.726 272.615 41.917 318.141 316.277 222.803 12.3569 4.12479 8.23214 4.99745 210.446 93.4747 3.29086 45.4384 16.4232 6.76748 9.65567 73.6292 22.4223 8.97488 13.4474 29.0153 51.2069 40.9962 37.2547 30.6651
internal_count=60247 36428 27269 216 9159 8805 200 27053 26961 16348 4177 219 3958 2083 12171 10613 1872 3141 896 296 600 2640 540 232 308 2245 2100 1681 1427 1249
is_linear=0
shrinkage=0.03


Tree=157
num_leaves=31
num_cat=0
split_feature=8 8 3 3 21 21 15 14 25 25 22 22 12 12 33 22 8 24 15 8 8 21 25 21 3 29 24 0 25 25
split_gain=5.18247 2.62994 4.88647 9.17219 4.84566 6.953 5.1431 5.41031 4.72217 8.40046 10.0435 9.32034 7.01056 5.38599 8.30801 4.77014 7.4873 6.7881 4.65403 4.03885 6.40514 3.98196 11.0699 6.28451 6.79058 5.0848 6.20428 4.82222 4.71024 4.70116
threshold=0.066891916096210494 1.5909509658813479 0.069726482033729567 0.050850072875618942 -0.85934945940971363 -1.052807569503784 0.47536846995353704 -0.87531995773315419 0.24657392501831057 0.28244432806968695 0.40890213847160345 -0.98276716470718373 1.5204684734344485 -3.4320005178451534 0.17342583090066913 0.26490743458271032 7.0380437374114999 0.22964225709438327 0.15245916694402697 2.6161701679229741 3.3454796075820927 -0.49226363003253931 0.30667789280414587 -0.27456490695476526 1.6719139814376833 0.095538988709449782 1.3334841132164004 8.5000000000000018 0.18412192165851596 0.15423238277435306
decision_type=2 2 2 2 2 2 2 2 2 2 2 2 2 2 2 2 2 2 2 2 2 2 2 2 2 2 2 2 2 2
left_child=-1 -2 3 8 5 6 7 -4 15 10 11 -10 19 -13 -15 16 -3 -18 -7 -11 -21 22 -6 25 -25 26 27 28 -23 -26
right_child=1 2 4 -5 21 18 -8 -9 9 12 -12 13 -14 14 -16 -17 17 -19 -20 20 -22 23 -24 24 29 -27 -28 -29 -30 -31
leaf_value=-0.023043427733785687 -0.0030358225096576452 -0.0095158350996523543 -0.0082699522158625124 0.043790861937413383 -0.018178191184296019 0.0083347443364000431 -0.019297184961579904 0.013704600331827277 -0.0054828254594083111 -0.011399872965449283 -0.0060125495828239018 0.00188455880903531 -0.025901008778625202 0.088854186951708283 0.031598150628899542 0.007854295720224851 -0.021231400129543616 0.022745041968439354 0.038324163634419532 0.051204077760595129 0.0025928106305753737 0.0058546050274091562 0.032462370246561179 -0.0060231435211212424 -0.0082939174531136174 -0.02118435781599699 -0.018347922970010463 -0.0082734470640534481 0.037628109265916976 0.017302341496133633
leaf_weight=7.4991089891409493 141.40532425488345 52.534115910879336 16.187126848381013 4.4940844778320743 30.238922200805973 12.253667815180963 8.9068496988329553 23.672779401676962 4.0530985797522634 4.8706721050548394 7.4552761832601382 2.4082944872789129 6.4255259132478377 3.2295949924737171 9.6755095925182086 52.854846461705165 3.2262955655460273 12.975062303186858 7.3427731445408417 2.8117286781780404 7.0972095498582348 6.736423694295822 3.5096145411953321 142.20410324251861 8.5462197397137079 2.9255296251503742 3.3513712631538501 3.6607143576256922 12.372991232434286 20.355420838110149
leaf_count=20209 25664 2433 397 129 1044 309 395 776 110 283 203 89 157 159 106 1674 83 228 216 99 198 179 89 4102 162 215 65 69 223 185
internal_value=0.000224068 0.000543291 0.00160983 0.00559778 -0.0006982 0.00627156 9.68428e-05 0.00479673 0.00433511 0.0121962 0.0230404 0.0339706 -0.00194022 0.0441089 0.0512865 0.00115591 -0.00403365 0.0132625 0.0208869 0.00945813 0.0198159 -0.0027533 -0.0121293 -0.00111995 -0.00332479 0.0115464 0.0158581 0.0214527 0.0272755 0.00970927
internal_weight=625.28 617.781 476.376 174.111 302.265 68.3632 48.7668 39.8599 169.617 48.0269 26.8218 19.3665 21.2051 15.3134 12.9051 121.59 68.7355 16.2014 19.5964 14.7796 9.90894 233.901 33.7485 200.153 171.106 29.047 26.1215 22.7701 19.1094 28.9016
internal_count=60250 40041 14377 5951 8426 2093 1568 1173 5822 1404 667 464 737 354 265 4418 2744 311 525 580 297 6333 1133 5200 4449 751 536 471 402 347
is_linear=0
shrinkage=0.03


Tree=158
num_leaves=31
num_cat=0
split_feature=11 21 25 12 30 28 30 3 1 25 25 15 11 4 25 25 4 3 30 12 23 3 12 23 33 23 15 29 23 0
split_gain=4.75228 10.6197 8.12503 4.03995 3.42523 6.2272 8.66596 11.7964 9.42339 6.78072 9.33087 6.65782 5.72344 4.97442 4.80665 4.51881 6.09887 7.3819 8.98029 5.3148 4.26375 4.88583 4.68757 5.52648 6.31197 7.18241 6.88617 9.46622 5.86835 5.36513
threshold=2.1197873353958134 1.239262640476227 0.23358585685491565 -0.024180400185286995 1.5000000000000002 0.48030318319797521 2.5000000000000004 1.0444862842559817 25.236403465271 0.26126764714717871 0.26091323792934423 0.061721950769424445 12.075926780700685 -0.52055042982101429 0.12384812906384469 0.17677506059408191 0.065407939255237593 1.1850013732910158 1.0000000180025095e-35 -3.9630949497222896 0.78167352080345165 1.3698779344558718 2.0342022180557255 -0.40598547458648676 1.400695323944092 -0.35576346516609186 0.21901734918355945 -0.79512035846710194 0.21012048423290255 4.5000000000000009
decision_type=2 2 2 2 2 2 2 2 2 2 2 2 2 2 2 2 2 2 2 2 2 2 2 2 2 2 2 2 2 2
left_child=1 -1 -3 -4 14 9 7 11 -8 10 13 -7 -10 -6 -2 16 -16 18 19 -18 22 -22 23 -17 25 -25 28 -28 -27 -24
right_child=4 2 3 -5 5 6 8 -9 12 -11 -12 -13 -14 -15 15 20 17 -19 -20 -21 21 -23 29 24 -26 26 27 -29 -30 -31
leaf_value=-0.017262341164558791 -0.013249357868352983 -0.0078132660811979591 -0.0091161348923929734 0.071864407887029622 -0.026093989023205168 0.088980842343008903 -0.017746178836267508 -0.019182053992410828 0.0021534248925403504 -0.012524634679789504 0.041191641885351002 -0.010339751740046936 0.032003876509506202 -0.00088175446830952311 -0.023745204862445381 0.0012142712216267355 0.028188250202396129 -0.0021637322479182144 0.028005900909378087 -0.025163979370757743 -0.014199964655125916 0.014388004551577608 -0.015749581456851239 0.074933152957217461 -0.0050692979580679118 0.018262280867277943 0.052986223163001611 0.0027964144194264099 -0.024602840508940124 0.0035088147244455208
leaf_weight=31.357670948898885 13.940677071848766 2.9725675076042526 0.43252298334846306 1.8488187071925493 6.2422953506611512 2.3600970306433733 10.867298143901278 1.3187715898966414 13.694178428500893 52.562584102037363 3.6737060354207633 0.50647663028212253 9.2065842393785697 260.22695864416892 3.2350006136985021 34.664183354267152 1.454983666539192 17.089044110616669 30.506306486669928 4.6700551444082512 24.125957864511296 5.9774610674940041 16.764006135985255 1.5305803265655402 7.5622191522270432 5.6904275238630415 7.3954803957603872 5.8598074491892458 4.0396384308987763 47.843228810699657
leaf_count=31609 1623 3517 222 197 1630 217 2563 119 117 2605 71 220 52 7560 810 1494 46 327 735 432 1102 51 355 66 114 376 333 359 350 865
internal_value=-0.000239104 -0.0105802 0.0256849 0.058412 0.00041608 -0.00141302 0.00992526 0.0460777 0.00424798 -0.00277305 -0.000836462 0.0732969 0.0149909 -0.00156773 0.00324914 0.00435781 0.0115465 0.0140668 0.0214949 -0.0103129 0.0017664 -0.00824334 0.00410544 0.00962096 0.018394 0.0255466 0.019271 0.0325513 -0.000168401 -0.00165216
internal_weight=629.62 36.6116 5.25391 2.28134 593.008 360.659 37.9534 4.18535 33.7681 322.706 270.143 2.86657 22.9008 266.469 232.349 218.408 56.9554 53.7204 36.6313 6.12504 161.453 30.1034 131.35 66.7423 32.0782 24.5159 22.9854 13.2553 9.73007 64.6072
internal_count=60137 35545 3936 419 24592 15154 3288 556 2732 11866 9261 437 169 9190 9438 7815 2350 1540 1213 478 5465 1153 4312 3092 1598 1484 1418 692 726 1220
is_linear=0
shrinkage=0.03


Tree=159
num_leaves=31
num_cat=0
split_feature=4 24 29 11 23 22 24 22 15 2 11 25 24 29 23 22 12 31 14 8 33 2 8 11 12 8 21 24 25 2
split_gain=5.17793 2.77607 2.71222 3.47947 5.85529 5.74578 6.76004 7.2422 5.56347 5.31085 4.59589 4.2519 4.24883 3.39927 3.4009 5.673 5.42101 2.98791 3.24737 2.95664 2.77635 2.73133 4.28493 2.64518 2.4197 6.03948 4.25674 3.93293 3.5222 5.24804
threshold=-2.4498041868209834 2.1157549619674687 0.88014048337936412 2.4417004585266118 0.54255941510200512 0.45605331659317022 0.40121249854564672 -1.0013384222984312 -1.2093343734741209 1.9822542667388918 2.4812356233596806 0.28244432806968695 0.6417941451072694 0.98929220438003551 0.8164527714252473 -0.68719443678855885 4.6483845710754403 257.13560485839849 -0.11504411324858664 3.0684909820556645 1.0117598176002505 0.19905905425548556 0.43442951142787939 2.654177308082581 -5.5052936077117911 7.0380437374114999 0.036520641297101981 1.0129155516624453 0.1735852733254433 1.3905403614044192
decision_type=2 2 2 2 2 2 2 2 2 2 2 2 2 2 2 2 2 2 2 2 2 2 2 2 2 2 2 2 2 2
left_child=-1 2 3 4 19 6 -6 -8 -9 11 12 -10 -5 14 15 16 -4 18 -17 -2 -21 22 -12 -23 25 27 -27 28 29 -25
right_child=1 -3 13 10 5 -7 7 8 9 -11 21 -13 -14 -15 -16 17 -18 -19 -20 20 -22 23 -24 24 -26 26 -28 -29 -30 -31
leaf_value=-0.025554762083742265 -0.020911674129849889 -0.023145810435586698 0.10258641457300012 -0.0072603993405991893 -0.011344851083475924 -0.017753242901582443 -0.014324002674592096 -0.0098831363012679505 0.10767656340781862 -0.0081097913238669141 -0.012631195158658707 -0.005616257421050791 0.060515515343659093 -0.016946696683960129 -0.0093429515881637958 0.04632890748727829 -0.0089759142805791968 -0.0087182098328774278 -0.01245131946756781 -0.017562738177241844 0.026805884255825956 -0.018944764631791098 0.061977004995198107 -0.013827514252510694 0.00053975930289948816 0.0035019572781012599 0.038489312505550273 -0.014840043774879408 0.00055887175394523573 0.033602087956730177
leaf_weight=5.7347629225114352 19.467310724736315 3.2947472252417347 0.57849603953945816 1.0227800095453852 2.2025414466188504 3.2306445559952408 0.89895437033555969 0.47516801615711379 1.6026415481755973 0.34323941194452334 0.7238404715899367 0.22882458975072939 1.2249755523516794 1.5114067096728829 1.6774831380607791 1.9182816118409394 0.32326803915202618 2.4258566610951675 0.694441600702702 1.3912350756872904 1.8279926184331996 4.9235507880803189 0.6156670790805947 2.2526618783012946 504.23527801819728 5.4804833894595486 7.0429999567568302 9.2197054805583303 27.040389651665464 6.6885566930286586
leaf_count=20472 9676 847 230 153 1812 1231 399 78 370 16 489 68 61 891 381 144 8 1021 219 450 72 573 141 395 16985 106 86 578 1734 386
internal_value=0.000609516 0.000894784 0.00106195 0.000801618 -0.00872297 0.0109426 0.0273036 0.0485111 0.0679118 0.0826687 0.00134469 0.0965373 0.0369361 0.0164587 0.0242839 0.0337577 0.0789029 0.0139495 0.0315836 -0.0166422 0.00801336 0.00113926 0.0334942 0.00100396 0.00121208 0.00697575 0.0245694 0.00167496 0.00619352 0.0214637
internal_weight=620.298 614.563 611.269 602.139 31.6686 8.98201 5.75137 3.54883 2.64987 2.17471 570.471 1.83147 2.24776 9.12923 7.61783 5.94034 0.901764 5.03858 2.61272 22.6865 3.21923 568.223 1.33951 566.884 561.96 57.7248 12.5235 45.2013 35.9816 8.94122
internal_count=60072 39600 38753 35859 14172 3974 2743 931 532 454 21687 438 214 2894 2003 1622 238 1384 363 10198 522 21473 630 20843 20270 3285 192 3093 2515 781
is_linear=0
shrinkage=0.03


Tree=160
num_leaves=31
num_cat=0
split_feature=27 0 34 14 22 31 24 8 1 28 1 34 21 28 24 28 33 8 28 3 13 30 15 8 14 14 24 21 28 27
split_gain=5.87582 2.77509 5.86537 4.70351 4.61013 4.53347 4.25777 5.46297 6.00593 5.53798 4.31675 4.03672 4.73212 4.01702 3.92932 3.92911 3.48683 7.32578 7.61995 4.92658 9.48682 5.5574 5.4391 5.15144 4.97862 4.01186 3.89201 3.42044 7.32212 5.90695
threshold=0.039473684504628188 8.5000000000000018 0.45197032392024999 0.91651389002799999 0.88328105211257946 274.61106872558599 0.094929013401269927 1.6255767941474917 2.5123933553695683 -0.13505011796951291 11.971019744873049 7.1405768394470224 0.050331352278590209 0.41886392235755926 1.2120638489723208 -0.99151313304901112 0.63979545235633861 3.2524871826171879 -0.15207348018884656 -0.42316132783889765 0.054240826517343528 1.0000000180025095e-35 0.78445988893508922 0.13145871460437777 -0.72218129038810719 0.21640072017908099 0.20407748967409137 0.59054464101791393 -0.16905184835195539 0.72894737124443065
decision_type=2 2 2 2 2 2 2 2 2 2 2 2 2 2 2 2 2 2 2 2 2 2 2 2 2 2 2 2 2 2
left_child=-1 6 4 14 16 -5 7 -2 9 -9 -10 -8 -13 -11 27 -12 19 18 -18 20 21 24 23 -22 -3 -20 -21 -4 -29 -30
right_child=1 2 3 5 -6 -7 11 8 10 13 15 12 -14 -15 -16 -17 17 -19 25 26 22 -23 -24 -25 -26 -27 -28 28 29 -31
leaf_value=-0.026120200544905364 -0.024339050964554444 0.063083368468366527 0.00068829975260845707 0.020807367449784418 -0.010237047649878161 -0.025110985079600866 -0.00038011017448383918 -0.014505844948196848 -0.021123545392729658 0.077118698789604659 0.02779572779610532 0.029919058147342942 -0.0039801385428943773 -0.0086271858192380323 -0.016343665559161776 -0.0043770959962665173 -0.021808871797320304 0.031196846127175683 0.046697433044728301 -0.021904892372165211 0.0011152346404716222 -0.021911829601879037 0.0061778547305565172 0.088666465711241385 -0.013585222562598106 -0.01474620048527326 0.018773158308031116 -0.0093377089437730754 0.055932257981165585 0.012287337994593302
leaf_weight=6.6758741952362461 13.922045991246703 0.89212985087942798 53.418365956604248 1.5690516117028881 5.7266173669631817 9.6411269498057646 419.96995121856162 0.9103201376856308 10.39862305816496 1.0856781962793309 3.2416307460516718 7.6348846007604134 6.1255727655952796 0.40226265718229104 7.9693339464138253 16.650530827697366 8.2405950499232858 5.9279386637499547 1.9252519952133309 1.9877805272553812 0.72981825518945687 2.5127340195613215 1.4533752567658664 3.4468370005197357 0.78528587805340044 0.84743207407882426 6.71269551430305 6.732419882318939 3.5965988728567018 9.1864663511514646
leaf_count=17994 9906 116 1826 32 922 493 21612 205 1060 77 36 120 127 300 317 333 430 79 146 800 318 750 501 311 188 85 496 314 192 122
internal_value=-3.49075e-05 0.000290911 0.00410363 -0.000137789 0.0133675 -0.0175062 -0.000773501 -0.00928965 -0.002348 0.0356172 -0.00639607 0.000160955 0.0155813 0.0597873 0.00245319 0.00194528 0.0173555 0.00690934 -0.00767216 0.0260674 0.0396952 0.00349469 0.0620466 0.0765387 0.0355225 0.0289871 0.00817946 0.00470036 0.0151134 0.0277342
internal_weight=620.319 613.643 133.302 92.1134 41.1885 11.2102 480.342 46.6111 32.689 2.39826 30.2908 433.73 13.7605 1.48794 80.9032 19.8922 35.4619 16.9412 11.0133 18.5207 9.82018 4.19015 5.63003 4.17666 1.67742 2.77268 8.70048 72.9339 19.5155 12.7831
internal_count=60208 42214 8438 3296 5142 525 33776 11917 2011 582 1429 21859 247 377 2771 369 4220 740 661 3480 2184 1054 1130 629 304 231 1296 2454 628 314
is_linear=0
shrinkage=0.03


end of trees

feature_importances:
hist_bust_rate=339
fc_region_mean=307
fc_neighbor_std=292
clim_wet_frac=278
wind_u_z=276
fc_clim_ratio=261
era5_tp_rel=258
mslp_region_z=250
wind_v_z=247
month_sin=244
fc_region_dev=223
wind_speed_z=216
month_cos=209
elev_x_fc=203
lead_day=183
surface_pressure_z=181
forecast_rain=163
mslp_z=139
elevation_proxy_m=138
coastal_x_fc=123
fc_minus_rain_threshold=119
region_id=82
bust_threshold_mm=54
fc_log1p=26
coastal=19

parameters:
[boosting: gbdt]
[objective: binary]
[metric: binary_logloss]
[tree_learner: serial]
[device_type: cpu]
[data_sample_strategy: bagging]
[data: ]
[valid: ]
[num_iterations: 3000]
[learning_rate: 0.03]
[num_leaves: 31]
[num_threads: 0]
[seed: 0]
[deterministic: 0]
[force_col_wise: 0]
[force_row_wise: 0]
[histogram_pool_size: -1]
[max_depth: -1]
[min_data_in_leaf: 50]
[min_sum_hessian_in_leaf: 0.001]
[bagging_fraction: 0.8]
[pos_bagging_fraction: 1]
[neg_bagging_fraction: 1]
[bagging_freq: 1]
[bagging_seed: 7719]
[bagging_by_query: 0]
[feature_fraction: 0.8]
[feature_fraction_bynode: 1]
[feature_fraction_seed: 2437]
[extra_trees: 0]
[extra_seed: 11797]
[early_stopping_round: 0]
[early_stopping_min_delta: 0]
[first_metric_only: 0]
[max_delta_step: 0]
[lambda_l1: 0]
[lambda_l2: 1]
[linear_lambda: 0]
[min_gain_to_split: 0]
[drop_rate: 0.1]
[max_drop: 50]
[skip_drop: 0.5]
[xgboost_dart_mode: 0]
[uniform_drop: 0]
[drop_seed: 21238]
[top_rate: 0.2]
[other_rate: 0.1]
[min_data_per_group: 100]
[max_cat_threshold: 32]
[cat_l2: 10]
[cat_smooth: 10]
[max_cat_to_onehot: 4]
[top_k: 20]
[monotone_constraints: ]
[monotone_constraints_method: basic]
[monotone_penalty: 0]
[feature_contri: ]
[forcedsplits_filename: ]
[refit_decay_rate: 0.9]
[cegb_tradeoff: 1]
[cegb_penalty_split: 0]
[cegb_penalty_feature_lazy: ]
[cegb_penalty_feature_coupled: ]
[path_smooth: 0]
[interaction_constraints: ]
[verbosity: -1]
[saved_feature_importance_type: 0]
[use_quantized_grad: 0]
[num_grad_quant_bins: 4]
[quant_train_renew_leaf: 0]
[stochastic_rounding: 1]
[linear_tree: 0]
[max_bin: 255]
[max_bin_by_feature: ]
[min_data_in_bin: 3]
[bin_construct_sample_cnt: 200000]
[data_random_seed: 38]
[is_enable_sparse: 1]
[enable_bundle: 1]
[use_missing: 1]
[zero_as_missing: 0]
[feature_pre_filter: 1]
[pre_partition: 0]
[two_round: 0]
[header: 0]
[label_column: ]
[weight_column: ]
[group_column: ]
[ignore_column: ]
[categorical_feature: ]
[forcedbins_filename: ]
[precise_float_parser: 0]
[parser_config_file: ]
[objective_seed: 8855]
[num_class: 1]
[is_unbalance: 0]
[scale_pos_weight: 1]
[sigmoid: 1]
[boost_from_average: 1]
[reg_sqrt: 0]
[alpha: 0.9]
[fair_c: 1]
[poisson_max_delta_step: 0.7]
[tweedie_variance_power: 1.5]
[lambdarank_truncation_level: 30]
[lambdarank_norm: 1]
[label_gain: ]
[lambdarank_position_bias_regularization: 0]
[eval_at: ]
[multi_error_top_k: 1]
[auc_mu_weights: ]
[num_machines: 1]
[local_listen_port: 12400]
[time_out: 120]
[machine_list_filename: ]
[machines: ]
[gpu_platform_id: -1]
[gpu_device_id: -1]
[gpu_device_id_list: ]
[gpu_use_dp: 0]
[num_gpu: 1]

end of parameters

pandas_categorical:[]
