latitude,longitude,subdivision_code,weight,frac,grid
8.055555,77.083336,KL,0.00234,0.005104,rain_pressure
8.055555,77.083336,TN/PY,0.067212,0.146623,rain_pressure
8.055555,77.916664,TN/PY,0.064954,0.141699,rain_pressure
8.611111,76.25,KL,0.003959,0.008648,rain_pressure
8.611111,77.083336,KL,0.22206,0.485117,rain_pressure
8.611111,77.083336,TN/PY,0.151822,0.331674,rain_pressure
8.611111,77.916664,TN/PY,0.344959,0.753605,rain_pressure
9.166667,76.25,KL,0.120257,0.263115,rain_pressure
9.166667,77.083336,KL,0.322653,0.705944,rain_pressure
9.166667,77.083336,TN/PY,0.134399,0.294056,rain_pressure
9.166667,77.916664,TN/PY,0.441215,0.965351,rain_pressure
9.166667,78.75,TN/PY,0.177028,0.387325,rain_pressure
9.166667,79.583336,TN/PY,0.007213,0.015782,rain_pressure
9.722222,76.25,KL,0.208215,0.456296,rain_pressure
9.722222,77.083336,KL,0.32685,0.716281,rain_pressure
9.722222,77.083336,TN/PY,0.129465,0.283719,rain_pressure
9.722222,77.916664,TN/PY,0.456315,1.0,rain_pressure
9.722222,78.75,TN/PY,0.377194,0.826608,rain_pressure
9.722222,79.583336,TN/PY,0.001686,0.003694,rain_pressure
10.277778,76.25,KL,0.294384,0.646238,rain_pressure
10.277778,77.083336,KL,0.210909,0.462991,rain_pressure
10.277778,77.083336,TN/PY,0.244574,0.536893,rain_pressure
10.277778,77.916664,TN/PY,0.455536,1.0,rain_pressure
10.277778,78.75,TN/PY,0.455536,1.0,rain_pressure
10.277778,79.583336,TN/PY,0.20054,0.440229,rain_pressure
10.833333,75.416664,KL,3.2e-05,7e-05,rain_pressure
10.833333,76.25,KL,0.413603,0.90959,rain_pressure
10.833333,76.25,TN/PY,6e-05,0.000132,rain_pressure
10.833333,77.083336,KL,0.074422,0.163669,rain_pressure
10.833333,77.083336,TN/PY,0.380291,0.836331,rain_pressure
10.833333,77.916664,TN/PY,0.454713,1.0,rain_pressure
10.833333,78.75,TN/PY,0.454713,1.0,rain_pressure
10.833333,79.583336,TN/PY,0.37515,0.825026,rain_pressure
11.388889,75.416664,KL,0.075286,0.165884,rain_pressure
11.388889,76.25,KL,0.33447,0.736965,rain_pressure
11.388889,76.25,TN/PY,0.113954,0.251084,rain_pressure
11.388889,76.25,SI.KA,0.005161,0.011371,rain_pressure
11.388889,77.083336,KL,0.006648,0.014648,rain_pressure
11.388889,77.083336,TN/PY,0.437454,0.963878,rain_pressure
11.388889,77.083336,SI.KA,0.009746,0.021474,rain_pressure
11.388889,77.916664,TN/PY,0.453848,1.0,rain_pressure
11.388889,78.75,TN/PY,0.453848,1.0,rain_pressure
11.388889,79.583336,TN/PY,0.351751,0.775041,rain_pressure
11.944445,75.416664,KL,0.252209,0.556825,rain_pressure
11.944445,75.416664,SI.KA,0.032628,0.072037,rain_pressure
11.944445,76.25,KL,0.118884,0.262472,rain_pressure
11.944445,76.25,TN/PY,0.001798,0.003969,rain_pressure
11.944445,76.25,SI.KA,0.332503,0.7341,rain_pressure
11.944445,77.083336,TN/PY,0.075389,0.166443,rain_pressure
11.944445,77.083336,SI.KA,0.377552,0.833557,rain_pressure
11.944445,77.916664,TN/PY,0.395852,0.873959,rain_pressure
11.944445,77.916664,SI.KA,0.057089,0.126041,rain_pressure
11.944445,78.75,TN/PY,0.45294,1.0,rain_pressure
11.944445,79.583336,TN/PY,0.373554,0.82473,rain_pressure
12.5,74.583336,KL,0.022019,0.048715,rain_pressure
12.5,74.583336,CST.KA,0.001291,0.002857,rain_pressure
12.5,75.416664,KL,0.144332,0.319326,rain_pressure
12.5,75.416664,SI.KA,0.158893,0.351541,rain_pressure
12.5,75.416664,CST.KA,0.134021,0.296514,rain_pressure
12.5,76.25,SI.KA,0.45199,1.0,rain_pressure
12.5,77.083336,TN/PY,0.001255,0.002777,rain_pressure
12.5,77.083336,SI.KA,0.450735,0.997223,rain_pressure
12.5,77.916664,TN/PY,0.375698,0.831208,rain_pressure
12.5,77.916664,SI.KA,0.06635,0.146796,rain_pressure
12.5,77.916664,RYL,0.010007,0.02214,rain_pressure
12.5,78.75,TN/PY,0.424615,0.939435,rain_pressure
12.5,78.75,RYL,0.027375,0.060565,rain_pressure
12.5,79.583336,TN/PY,0.451775,0.999523,rain_pressure
12.5,80.416664,TN/PY,0.078222,0.173062,rain_pressure
13.055555,74.583336,KL,0.000178,0.000395,rain_pressure
13.055555,74.583336,CST.KA,0.121156,0.26864,rain_pressure
13.055555,75.416664,KL,2e-06,3e-06,rain_pressure
13.055555,75.416664,SI.KA,0.227413,0.504245,rain_pressure
13.055555,75.416664,CST.KA,0.223164,0.494824,rain_pressure
13.055555,76.25,SI.KA,0.450997,1.0,rain_pressure
13.055555,77.083336,SI.KA,0.450997,1.0,rain_pressure
13.055555,77.916664,TN/PY,0.021073,0.046725,rain_pressure
13.055555,77.916664,SI.KA,0.422323,0.936421,rain_pressure
13.055555,77.916664,RYL,0.007435,0.016486,rain_pressure
13.055555,78.75,TN/PY,0.147119,0.326208,rain_pressure
13.055555,78.75,SI.KA,0.071115,0.157683,rain_pressure
13.055555,78.75,RYL,0.232858,0.516317,rain_pressure
13.055555,79.583336,TN/PY,0.382668,0.848492,rain_pressure
13.055555,79.583336,RYL,0.067857,0.150459,rain_pressure
13.055555,80.416664,TN/PY,0.158559,0.351575,rain_pressure
13.611111,74.583336,SI.KA,0.012004,0.026677,rain_pressure
13.611111,74.583336,CST.KA,0.167474,0.372197,rain_pressure
13.611111,75.416664,SI.KA,0.422312,0.938549,rain_pressure
13.611111,75.416664,CST.KA,0.02765,0.061451,rain_pressure
13.611111,76.25,SI.KA,0.449962,1.0,rain_pressure
13.611111,77.083336,SI.KA,0.410816,0.913001,rain_pressure
13.611111,77.083336,RYL,0.039425,0.087618,rain_pressure
13.611111,77.916664,SI.KA,0.347883,0.773138,rain_pressure
13.611111,77.916664,RYL,0.102389,0.22755,rain_pressure
13.611111,78.75,SI.KA,0.012173,0.027053,rain_pressure
13.611111,78.75,RYL,0.437789,0.972947,rain_pressure
13.611111,79.583336,TN/PY,0.006215,0.013813,rain_pressure
13.611111,79.583336,RYL,0.41386,0.919766,rain_pressure
13.611111,79.583336,CST.AP,0.029563,0.0657,rain_pressure
13.611111,80.416664,TN/PY,0.053686,0.119313,rain_pressure
13.611111,80.416664,RYL,0.003677,0.008171,rain_pressure
13.611111,80.416664,CST.AP,0.087794,0.195113,rain_pressure
14.166667,74.583336,SI.KA,0.118562,0.264125,rain_pressure
14.166667,74.583336,CST.KA,0.162661,0.362367,rain_pressure
14.166667,75.416664,SI.KA,0.417053,0.929089,rain_pressure
14.166667,75.416664,NI.KA,0.031831,0.070911,rain_pressure
14.166667,76.25,SI.KA,0.448884,1.0,rain_pressure
14.166667,77.083336,SI.KA,0.265591,0.59167,rain_pressure
14.166667,77.083336,RYL,0.183045,0.407777,rain_pressure
14.166667,77.916664,SI.KA,0.008288,0.018464,rain_pressure
14.166667,77.916664,RYL,0.440556,0.981447,rain_pressure
14.166667,78.75,RYL,0.448884,1.0,rain_pressure
14.166667,79.583336,RYL,0.142535,0.317531,rain_pressure
14.166667,79.583336,CST.AP,0.30635,0.682469,rain_pressure
14.166667,80.416664,CST.AP,0.085666,0.190842,rain_pressure
14.722222,73.75,CST.KA,0.007267,0.01623,rain_pressure
14.722222,73.75,KNK/GA,0.010546,0.023553,rain_pressure
14.722222,74.583336,SI.KA,0.007907,0.017658,rain_pressure
14.722222,74.583336,CST.KA,0.389767,0.870472,rain_pressure
14.722222,74.583336,KNK/GA,0.004944,0.011042,rain_pressure
14.722222,75.416664,SI.KA,0.09441,0.210847,rain_pressure
14.722222,75.416664,CST.KA,0.027384,0.061157,rain_pressure
14.722222,75.416664,NI.KA,0.326026,0.728118,rain_pressure
14.722222,76.25,SI.KA,0.447765,1.0,rain_pressure
14.722222,77.083336,SI.KA,0.085059,0.189965,rain_pressure
14.722222,77.083336,RYL,0.362705,0.810035,rain_pressure
14.722222,77.916664,RYL,0.447765,1.0,rain_pressure
14.722222,78.75,RYL,0.43469,0.970801,rain_pressure
14.722222,78.75,CST.AP,0.013074,0.029199,rain_pressure
14.722222,79.583336,RYL,0.017603,0.039313,rain_pressure
14.722222,79.583336,CST.AP,0.430162,0.960687,rain_pressure
14.722222,80.416664,CST.AP,0.067524,0.150801,rain_pressure
15.277778,73.75,KNK/GA,0.147603,0.330501,rain_pressure
15.277778,74.583336,CST.KA,0.242325,0.542597,rain_pressure
15.277778,74.583336,NI.KA,0.139557,0.312487,rain_pressure
15.277778,74.583336,KNK/GA,0.064145,0.143628,rain_pressure
15.277778,75.416664,SI.KA,0.000831,0.00186,rain_pressure
15.277778,75.416664,CST.KA,0.005104,0.011428,rain_pressure
15.277778,75.416664,NI.KA,0.440669,0.986713,rain_pressure
15.277778,76.25,SI.KA,0.199361,0.446395,rain_pressure
15.277778,76.25,NI.KA,0.247242,0.553605,rain_pressure
15.277778,77.083336,SI.KA,0.205623,0.460416,rain_pressure
15.277778,77.083336,NI.KA,0.009674,0.02166,rain_pressure
15.277778,77.083336,RYL,0.231349,0.518019,rain_pressure
15.277778,77.916664,RYL,0.446603,1.0,rain_pressure
15.277778,78.75,RYL,0.286712,0.641984,rain_pressure
15.277778,78.75,CST.AP,0.159891,0.358016,rain_pressure
15.277778,79.583336,CST.AP,0.446603,1.0,rain_pressure
15.277778,80.416664,CST.AP,0.058343,0.130636,rain_pressure
15.833333,73.75,NI.KA,0.003928,0.008819,rain_pressure
15.833333,73.75,KNK/GA,0.257551,0.578248,rain_pressure
15.833333,73.75,MDH.MH,0.034764,0.078052,rain_pressure
15.833333,74.583336,NI.KA,0.35888,0.805749,rain_pressure
15.833333,74.583336,KNK/GA,0.009829,0.022069,rain_pressure
15.833333,74.583336,MDH.MH,0.076564,0.171901,rain_pressure
15.833333,75.416664,NI.KA,0.445399,1.0,rain_pressure
15.833333,76.25,NI.KA,0.445399,1.0,rain_pressure
15.833333,77.083336,SI.KA,0.041113,0.092305,rain_pressure
15.833333,77.083336,NI.KA,0.240139,0.539154,rain_pressure
15.833333,77.083336,RYL,0.164528,0.369394,rain_pressure
15.833333,77.083336,TG,5.3e-05,0.000119,rain_pressure
15.833333,77.916664,NI.KA,0.00156,0.003503,rain_pressure
15.833333,77.916664,RYL,0.279208,0.626872,rain_pressure
15.833333,77.916664,TG,0.164817,0.370043,rain_pressure
15.833333,78.75,RYL,0.244834,0.549695,rain_pressure
15.833333,78.75,CST.AP,0.178327,0.400375,rain_pressure
15.833333,78.75,TG,0.021922,0.049218,rain_pressure
15.833333,79.583336,CST.AP,0.445399,1.0,rain_pressure
15.833333,80.416664,CST.AP,0.299141,0.671624,rain_pressure
15.833333,81.25,CST.AP,0.089034,0.199896,rain_pressure
16.388889,72.916664,KNK/GA,0.000947,0.002133,rain_pressure
16.388889,73.75,KNK/GA,0.261849,0.589547,rain_pressure
16.388889,73.75,MDH.MH,0.156328,0.35197,rain_pressure
16.388889,74.583336,NI.KA,0.310937,0.700067,rain_pressure
16.388889,74.583336,MDH.MH,0.133216,0.299933,rain_pressure
16.388889,75.416664,NI.KA,0.444153,1.0,rain_pressure
16.388889,76.25,NI.KA,0.444153,1.0,rain_pressure
16.388889,77.083336,NI.KA,0.407105,0.916588,rain_pressure
16.388889,77.083336,TG,0.037048,0.083412,rain_pressure
16.388889,77.916664,NI.KA,0.00737,0.016592,rain_pressure
16.388889,77.916664,TG,0.43678,0.983398,rain_pressure
16.388889,78.75,RYL,0.001759,0.00396,rain_pressure
16.388889,78.75,CST.AP,0.0296,0.066643,rain_pressure
16.388889,78.75,TG,0.412809,0.92943,rain_pressure
16.388889,79.583336,CST.AP,0.391534,0.881529,rain_pressure
16.388889,79.583336,TG,0.052619,0.118471,rain_pressure
16.388889,80.416664,CST.AP,0.444153,1.0,rain_pressure
16.388889,81.25,CST.AP,0.34687,0.780969,rain_pressure
16.388889,82.083336,CST.AP,0.148979,0.335422,rain_pressure
16.944445,72.916664,KNK/GA,0.02329,0.05259,rain_pressure
16.944445,73.75,KNK/GA,0.235926,0.532725,rain_pressure
16.944445,73.75,MDH.MH,0.207099,0.467633,rain_pressure
16.944445,74.583336,NI.KA,0.037893,0.085563,rain_pressure
16.944445,74.583336,MDH.MH,0.404973,0.914437,rain_pressure
16.944445,75.416664,NI.KA,0.262398,0.592499,rain_pressure
16.944445,75.416664,MDH.MH,0.180508,0.407591,rain_pressure
16.944445,76.25,NI.KA,0.442866,1.0,rain_pressure
16.944445,77.083336,NI.KA,0.417566,0.942873,rain_pressure
16.944445,77.083336,TG,0.0253,0.057127,rain_pressure
16.944445,77.916664,NI.KA,2e-05,4.5e-05,rain_pressure
16.944445,77.916664,TG,0.442846,0.999955,rain_pressure
16.944445,78.75,TG,0.442866,1.0,rain_pressure
16.944445,79.583336,CST.AP,0.00868,0.0196,rain_pressure
16.944445,79.583336,TG,0.434186,0.9804,rain_pressure
16.944445,80.416664,CST.AP,0.253139,0.571594,rain_pressure
16.944445,80.416664,TG,0.189437,0.427753,rain_pressure
16.944445,81.25,CST.AP,0.430311,0.971651,rain_pressure
16.944445,81.25,TG,0.012208,0.027566,rain_pressure
16.944445,82.083336,CST.AP,0.362458,0.818437,rain_pressure
16.944445,82.916664,CST.AP,0.000209,0.000472,rain_pressure
17.5,72.916664,KNK/GA,0.083633,0.189414,rain_pressure
17.5,73.75,KNK/GA,0.18482,0.418584,rain_pressure
17.5,73.75,MDH.MH,0.256684,0.581342,rain_pressure
17.5,74.583336,MDH.MH,0.441537,1.0,rain_pressure
17.5,75.416664,NI.KA,0.041261,0.09345,rain_pressure
17.5,75.416664,MDH.MH,0.400275,0.90655,rain_pressure
17.5,76.25,NI.KA,0.20235,0.458285,rain_pressure
17.5,76.25,MDH.MH,0.200753,0.454668,rain_pressure
17.5,76.25,MWD,0.038584,0.087387,rain_pressure
17.5,77.083336,NI.KA,0.42355,0.959264,rain_pressure
17.5,77.083336,MWD,0.003822,0.008656,rain_pressure
17.5,77.083336,TG,0.014147,0.032041,rain_pressure
17.5,77.916664,NI.KA,0.020031,0.045366,rain_pressure
17.5,77.916664,TG,0.421621,0.954895,rain_pressure
17.5,78.75,TG,0.441537,1.0,rain_pressure
17.5,79.583336,TG,0.441537,1.0,rain_pressure
17.5,80.416664,TG,0.441537,1.0,rain_pressure
17.5,81.25,CST.AP,0.119669,0.271029,rain_pressure
17.5,81.25,TG,0.321888,0.729016,rain_pressure
17.5,82.083336,CST.AP,0.441515,0.99995,rain_pressure
17.5,82.083336,TG,2.2e-05,5e-05,rain_pressure
17.5,82.916664,CST.AP,0.264939,0.600039,rain_pressure
17.5,83.75,CST.AP,0.001413,0.003201,rain_pressure
18.055555,72.916664,KNK/GA,0.170916,0.388299,rain_pressure
18.055555,73.75,KNK/GA,0.129397,0.293973,rain_pressure
18.055555,73.75,MDH.MH,0.310712,0.705897,rain_pressure
18.055555,74.583336,MDH.MH,0.440166,1.0,rain_pressure
18.055555,75.416664,MDH.MH,0.410309,0.932168,rain_pressure
18.055555,75.416664,MWD,0.030177,0.068557,rain_pressure
18.055555,76.25,MDH.MH,0.053802,0.12223,rain_pressure
18.055555,76.25,MWD,0.386191,0.877376,rain_pressure
18.055555,77.083336,NI.KA,0.277462,0.630357,rain_pressure
18.055555,77.083336,MWD,0.162639,0.369495,rain_pressure
18.055555,77.916664,NI.KA,0.04382,0.099552,rain_pressure
18.055555,77.916664,MWD,0.002244,0.005098,rain_pressure
18.055555,77.916664,TG,0.394225,0.895629,rain_pressure
18.055555,78.75,TG,0.440166,1.0,rain_pressure
18.055555,79.583336,TG,0.440166,1.0,rain_pressure
18.055555,80.416664,TG,0.429636,0.976077,rain_pressure
18.055555,80.416664,CG,0.010508,0.023873,rain_pressure
18.055555,81.25,TG,0.087868,0.199624,rain_pressure
18.055555,81.25,OD,0.079742,0.181164,rain_pressure
18.055555,81.25,CG,0.272529,0.619151,rain_pressure
18.055555,82.083336,CST.AP,0.211987,0.481606,rain_pressure
18.055555,82.083336,TG,0.008968,0.020375,rain_pressure
18.055555,82.083336,OD,0.219202,0.497997,rain_pressure
18.055555,82.083336,CG,2e-06,4e-06,rain_pressure
18.055555,82.916664,CST.AP,0.43318,0.984127,rain_pressure
18.055555,82.916664,OD,0.006987,0.015873,rain_pressure
18.055555,83.75,CST.AP,0.19217,0.436586,rain_pressure
18.611111,72.916664,KNK/GA,0.237551,0.541421,rain_pressure
18.611111,72.916664,MDH.MH,0.000287,0.000653,rain_pressure
18.611111,73.75,KNK/GA,0.026016,0.059296,rain_pressure
18.611111,73.75,MDH.MH,0.412738,0.940704,rain_pressure
18.611111,74.583336,MDH.MH,0.4325,0.985746,rain_pressure
18.611111,74.583336,MWD,0.006254,0.014254,rain_pressure
18.611111,75.416664,MDH.MH,0.170603,0.388834,rain_pressure
18.611111,75.416664,MWD,0.268144,0.611148,rain_pressure
18.611111,76.25,MDH.MH,0.002071,0.00472,rain_pressure
18.611111,76.25,MWD,0.436683,0.99528,rain_pressure
18.611111,77.083336,NI.KA,0.015086,0.034384,rain_pressure
18.611111,77.083336,MWD,0.424087,0.966572,rain_pressure
18.611111,77.916664,MWD,0.112188,0.255696,rain_pressure
18.611111,77.916664,TG,0.326352,0.743816,rain_pressure
18.611111,78.75,TG,0.438754,1.0,rain_pressure
18.611111,79.583336,TG,0.431643,0.983792,rain_pressure
18.611111,79.583336,VID,0.007009,0.015974,rain_pressure
18.611111,80.416664,TG,0.205195,0.467676,rain_pressure
18.611111,80.416664,VID,0.051103,0.116473,rain_pressure
18.611111,80.416664,CG,0.182247,0.415373,rain_pressure
18.611111,81.25,OD,2e-06,5e-06,rain_pressure
18.611111,81.25,CG,0.438752,0.999995,rain_pressure
18.611111,82.083336,CST.AP,0.018592,0.042375,rain_pressure
18.611111,82.083336,OD,0.270175,0.615777,rain_pressure
18.611111,82.083336,CG,0.149987,0.341847,rain_pressure
18.611111,82.916664,CST.AP,0.127392,0.29035,rain_pressure
18.611111,82.916664,OD,0.31095,0.708711,rain_pressure
18.611111,83.75,CST.AP,0.405331,0.923823,rain_pressure
18.611111,83.75,OD,0.031054,0.070779,rain_pressure
18.611111,84.583336,CST.AP,0.09873,0.225022,rain_pressure
18.611111,84.583336,OD,0.017233,0.039277,rain_pressure
19.166666,72.916664,KNK/GA,0.282775,0.646638,rain_pressure
19.166666,73.75,KNK/GA,0.141249,0.323003,rain_pressure
19.166666,73.75,MDH.MH,0.29534,0.675371,rain_pressure
19.166666,74.583336,MDH.MH,0.416333,0.95205,rain_pressure
19.166666,74.583336,MWD,0.020968,0.04795,rain_pressure
19.166666,75.416664,MDH.MH,0.163872,0.374734,rain_pressure
19.166666,75.416664,MWD,0.273429,0.625266,rain_pressure
19.166666,76.25,MWD,0.437301,1.0,rain_pressure
19.166666,77.083336,MWD,0.437301,1.0,rain_pressure
19.166666,77.916664,MWD,0.2297,0.525267,rain_pressure
19.166666,77.916664,TG,0.206965,0.473277,rain_pressure
19.166666,77.916664,VID,0.000587,0.001342,rain_pressure
19.166666,78.75,TG,0.437301,1.0,rain_pressure
19.166666,79.583336,TG,0.404573,0.92516,rain_pressure
19.166666,79.583336,VID,0.032728,0.07484,rain_pressure
19.166666,80.416664,VID,0.233379,0.533681,rain_pressure
19.166666,80.416664,CG,0.203922,0.466319,rain_pressure
19.166666,81.25,VID,0.000324,0.000742,rain_pressure
19.166666,81.25,CG,0.436976,0.999258,rain_pressure
19.166666,82.083336,OD,0.161019,0.368211,rain_pressure
19.166666,82.083336,CG,0.276282,0.631789,rain_pressure
19.166666,82.916664,CST.AP,0.000368,0.000842,rain_pressure
19.166666,82.916664,OD,0.436957,0.999215,rain_pressure
19.166666,83.75,CST.AP,0.063994,0.146339,rain_pressure
19.166666,83.75,OD,0.373645,0.854435,rain_pressure
19.166666,84.583336,CST.AP,0.04523,0.103429,rain_pressure
19.166666,84.583336,OD,0.305334,0.698224,rain_pressure
19.166666,85.416664,OD,0.009819,0.022454,rain_pressure
19.722221,72.916664,KNK/GA,0.329936,0.75707,rain_pressure
19.722221,73.75,KNK/GA,0.101731,0.233431,rain_pressure
19.722221,73.75,MDH.MH,0.334076,0.766569,rain_pressure
19.722221,74.583336,MDH.MH,0.33204,0.761897,rain_pressure
19.722221,74.583336,MWD,0.103767,0.238103,rain_pressure
19.722221,75.416664,MDH.MH,0.0407,0.09339,rain_pressure
19.722221,75.416664,MWD,0.395107,0.90661,rain_pressure
19.722221,76.25,MWD,0.362138,0.830961,rain_pressure
19.722221,76.25,VID,0.073788,0.169314,rain_pressure
19.722221,77.083336,MWD,0.360397,0.826964,rain_pressure
19.722221,77.083336,VID,0.075419,0.173057,rain_pressure
19.722221,77.916664,MWD,0.17418,0.399673,rain_pressure
19.722221,77.916664,TG,0.009895,0.022705,rain_pressure
19.722221,77.916664,VID,0.251279,0.576584,rain_pressure
19.722221,78.75,MWD,0.002891,0.006634,rain_pressure
19.722221,78.75,TG,0.216719,0.497282,rain_pressure
19.722221,78.75,VID,0.215522,0.494537,rain_pressure
19.722221,79.583336,TG,0.07462,0.171224,rain_pressure
19.722221,79.583336,VID,0.361166,0.828731,rain_pressure
19.722221,80.416664,VID,0.331783,0.761307,rain_pressure
19.722221,80.416664,CG,0.104024,0.238693,rain_pressure
19.722221,81.25,VID,0.004864,0.011162,rain_pressure
19.722221,81.25,CG,0.430942,0.988838,rain_pressure
19.722221,82.083336,OD,0.234392,0.537834,rain_pressure
19.722221,82.083336,CG,0.201449,0.462244,rain_pressure
19.722221,82.916664,OD,0.404384,0.927898,rain_pressure
19.722221,82.916664,CG,0.031949,0.073309,rain_pressure
19.722221,83.75,OD,0.435807,1.0,rain_pressure
19.722221,84.583336,OD,0.435807,1.0,rain_pressure
19.722221,85.416664,OD,0.307758,0.70618,rain_pressure
19.722221,86.25,OD,0.067272,0.154363,rain_pressure
20.277779,72.916664,KNK/GA,0.073272,0.168724,rain_pressure
20.277779,72.916664,MDH.MH,0.008617,0.019843,rain_pressure
20.277779,72.916664,GJ,0.21047,0.484651,rain_pressure
20.277779,73.75,KNK/GA,0.002128,0.004901,rain_pressure
20.277779,73.75,MDH.MH,0.399721,0.920442,rain_pressure
20.277779,73.75,GJ,0.032422,0.074657,rain_pressure
20.277779,74.583336,MDH.MH,0.375078,0.863696,rain_pressure
20.277779,74.583336,MWD,0.059193,0.136304,rain_pressure
20.277779,75.416664,MDH.MH,0.037614,0.086615,rain_pressure
20.277779,75.416664,MWD,0.396657,0.913385,rain_pressure
20.277779,76.25,MDH.MH,4.6e-05,0.000107,rain_pressure
20.277779,76.25,MWD,0.109358,0.251821,rain_pressure
20.277779,76.25,VID,0.325044,0.748482,rain_pressure
20.277779,77.083336,MWD,0.000491,0.00113,rain_pressure
20.277779,77.083336,VID,0.433781,0.99887,rain_pressure
20.277779,77.916664,VID,0.434271,1.0,rain_pressure
20.277779,78.75,VID,0.434271,1.0,rain_pressure
20.277779,79.583336,VID,0.434271,1.0,rain_pressure
20.277779,80.416664,VID,0.280859,0.646736,rain_pressure
20.277779,80.416664,CG,0.153412,0.353264,rain_pressure
20.277779,81.25,CG,0.434271,1.0,rain_pressure
20.277779,82.083336,OD,0.059355,0.136677,rain_pressure
20.277779,82.083336,CG,0.375402,0.864442,rain_pressure
20.277779,82.916664,OD,0.433089,0.997279,rain_pressure
20.277779,82.916664,CG,0.001182,0.002721,rain_pressure
20.277779,83.75,OD,0.434271,1.0,rain_pressure
20.277779,84.583336,OD,0.434271,1.0,rain_pressure
20.277779,85.416664,OD,0.434271,1.0,rain_pressure
20.277779,86.25,OD,0.396533,0.913099,rain_pressure
20.277779,87.083336,OD,0.025103,0.057804,rain_pressure
20.833334,70.416664,SAU/KCH,0.16854,0.389512,rain_pressure
20.833334,71.25,SAU/KCH,0.22485,0.519649,rain_pressure
20.833334,72.083336,SAU/KCH,0.013678,0.031612,rain_pressure
20.833334,72.916664,GJ,0.276599,0.639246,rain_pressure
20.833334,73.75,MDH.MH,0.179951,0.415884,rain_pressure
20.833334,73.75,GJ,0.252744,0.584116,rain_pressure
20.833334,74.583336,MDH.MH,0.432695,1.0,rain_pressure
20.833334,75.416664,MDH.MH,0.41345,0.955523,rain_pressure
20.833334,75.416664,MWD,0.019245,0.044477,rain_pressure
20.833334,76.25,MDH.MH,0.136938,0.316478,rain_pressure
20.833334,76.25,MWD,0.009598,0.022183,rain_pressure
20.833334,76.25,VID,0.280159,0.647475,rain_pressure
20.833334,76.25,W.MP,0.006819,0.01576,rain_pressure
20.833334,77.083336,VID,0.432695,1.0,rain_pressure
20.833334,77.916664,VID,0.432695,1.0,rain_pressure
20.833334,78.75,VID,0.432695,1.0,rain_pressure
20.833334,79.583336,VID,0.432695,1.0,rain_pressure
20.833334,80.416664,VID,0.271809,0.628177,rain_pressure
20.833334,80.416664,CG,0.16098,0.37204,rain_pressure
20.833334,81.25,CG,0.432695,1.0,rain_pressure
20.833334,82.083336,OD,0.040752,0.094182,rain_pressure
20.833334,82.083336,CG,0.391943,0.905818,rain_pressure
20.833334,82.916664,OD,0.41447,0.95788,rain_pressure
20.833334,82.916664,CG,0.018225,0.04212,rain_pressure
20.833334,83.75,OD,0.432695,1.0,rain_pressure
20.833334,84.583336,OD,0.432695,1.0,rain_pressure
20.833334,85.416664,OD,0.432695,1.0,rain_pressure
20.833334,86.25,OD,0.432695,1.0,rain_pressure
20.833334,87.083336,OD,0.13719,0.317059,rain_pressure
21.388889,69.583336,SAU/KCH,0.088559,0.205436,rain_pressure
21.388889,70.416664,SAU/KCH,0.426589,0.989587,rain_pressure
21.388889,71.25,SAU/KCH,0.431078,1.0,rain_pressure
21.388889,72.083336,SAU/KCH,0.2617,0.607083,rain_pressure
21.388889,72.916664,GJ,0.358696,0.832091,rain_pressure
21.388889,73.75,MDH.MH,0.133944,0.310718,rain_pressure
21.388889,73.75,GJ,0.297244,0.689537,rain_pressure
21.388889,74.583336,MDH.MH,0.403588,0.936228,rain_pressure
21.388889,74.583336,GJ,0.011117,0.025789,rain_pressure
21.388889,74.583336,W.MP,0.016373,0.037982,rain_pressure
21.388889,75.416664,MDH.MH,0.236207,0.547946,rain_pressure
21.388889,75.416664,W.MP,0.194968,0.45228,rain_pressure
21.388889,76.25,MDH.MH,0.07676,0.178065,rain_pressure
21.388889,76.25,VID,0.018486,0.042882,rain_pressure
21.388889,76.25,W.MP,0.335989,0.779415,rain_pressure
21.388889,77.083336,VID,0.385268,0.893732,rain_pressure
21.388889,77.083336,W.MP,0.045613,0.105812,rain_pressure
21.388889,77.916664,VID,0.260661,0.604673,rain_pressure
21.388889,77.916664,W.MP,0.17066,0.395891,rain_pressure
21.388889,78.75,VID,0.331317,0.768578,rain_pressure
21.388889,78.75,E.MP,0.097173,0.22542,rain_pressure
21.388889,78.75,W.MP,0.002483,0.005759,rain_pressure
21.388889,79.583336,VID,0.38208,0.886337,rain_pressure
21.388889,79.583336,E.MP,0.048998,0.113663,rain_pressure
21.388889,80.416664,VID,0.218849,0.507679,rain_pressure
21.388889,80.416664,CG,0.091272,0.21173,rain_pressure
21.388889,80.416664,E.MP,0.121659,0.282221,rain_pressure
21.388889,81.25,CG,0.431078,1.0,rain_pressure
21.388889,82.083336,CG,0.431078,1.0,rain_pressure
21.388889,82.916664,OD,0.042123,0.097716,rain_pressure
21.388889,82.916664,CG,0.388955,0.902284,rain_pressure
21.388889,83.75,OD,0.415695,0.964314,rain_pressure
21.388889,83.75,CG,0.015383,0.035686,rain_pressure
21.388889,84.583336,OD,0.431078,1.0,rain_pressure
21.388889,85.416664,OD,0.431078,1.0,rain_pressure
21.388889,86.25,OD,0.431078,1.0,rain_pressure
21.388889,87.083336,OD,0.212718,0.493456,rain_pressure
21.388889,87.083336,GWB,0.001302,0.00302,rain_pressure
21.388889,87.916664,GWB,0.019998,0.04639,rain_pressure
21.388889,88.75,GWB,0.024778,0.057479,rain_pressure
21.944445,68.75,SAU/KCH,0.018991,0.044226,rain_pressure
21.944445,69.583336,SAU/KCH,0.368918,0.859106,rain_pressure
21.944445,70.416664,SAU/KCH,0.429421,1.0,rain_pressure
21.944445,71.25,GJ,0.00051,0.001188,rain_pressure
21.944445,71.25,SAU/KCH,0.428934,0.998867,rain_pressure
21.944445,72.083336,GJ,0.08109,0.188836,rain_pressure
21.944445,72.083336,SAU/KCH,0.234522,0.546136,rain_pressure
21.944445,72.916664,GJ,0.399015,0.929193,rain_pressure
21.944445,73.75,MDH.MH,0.066989,0.155999,rain_pressure
21.944445,73.75,GJ,0.352298,0.820402,rain_pressure
21.944445,73.75,W.MP,0.009853,0.022944,rain_pressure
21.944445,74.583336,MDH.MH,0.09747,0.226979,rain_pressure
21.944445,74.583336,GJ,7.3e-05,0.00017,rain_pressure
21.944445,74.583336,W.MP,0.3319,0.772901,rain_pressure
21.944445,75.416664,W.MP,0.429421,1.0,rain_pressure
21.944445,76.25,W.MP,0.429421,1.0,rain_pressure
21.944445,77.083336,VID,0.029381,0.06842,rain_pressure
21.944445,77.083336,W.MP,0.40004,0.93158,rain_pressure
21.944445,77.916664,VID,0.002587,0.006024,rain_pressure
21.944445,77.916664,E.MP,0.006963,0.016215,rain_pressure
21.944445,77.916664,W.MP,0.419871,0.977761,rain_pressure
21.944445,78.75,E.MP,0.383225,0.892423,rain_pressure
21.944445,78.75,W.MP,0.046187,0.107557,rain_pressure
21.944445,79.583336,VID,0.005632,0.013115,rain_pressure
21.944445,79.583336,E.MP,0.423789,0.986885,rain_pressure
21.944445,80.416664,CG,0.008276,0.019273,rain_pressure
21.944445,80.416664,E.MP,0.421097,0.980616,rain_pressure
21.944445,81.25,CG,0.400408,0.932438,rain_pressure
21.944445,81.25,E.MP,0.02917,0.06793,rain_pressure
21.944445,82.083336,CG,0.429421,1.0,rain_pressure
21.944445,82.916664,CG,0.429421,1.0,rain_pressure
21.944445,83.75,OD,0.317356,0.739032,rain_pressure
21.944445,83.75,CG,0.112162,0.261194,rain_pressure
21.944445,84.583336,OD,0.429265,0.999636,rain_pressure
21.944445,84.583336,JH,0.000156,0.000364,rain_pressure
21.944445,85.416664,OD,0.329313,0.766878,rain_pressure
21.944445,85.416664,JH,0.100108,0.233122,rain_pressure
21.944445,86.25,OD,0.395538,0.921096,rain_pressure
21.944445,86.25,JH,0.033883,0.078904,rain_pressure
21.944445,87.083336,OD,0.228491,0.532091,rain_pressure
21.944445,87.083336,GWB,0.200219,0.466253,rain_pressure
21.944445,87.083336,JH,0.00045,0.001047,rain_pressure
21.944445,87.916664,GWB,0.35244,0.820733,rain_pressure
21.944445,88.75,GWB,0.27137,0.631944,rain_pressure
21.944445,92.916664,NE.HL,0.073647,0.171503,rain_pressure
22.5,68.75,SAU/KCH,0.039351,0.092001,rain_pressure
22.5,69.583336,SAU/KCH,0.130542,0.305202,rain_pressure
22.5,70.416664,SAU/KCH,0.379034,0.886166,rain_pressure
22.5,71.25,GJ,0.006954,0.016257,rain_pressure
22.5,71.25,SAU/KCH,0.420867,0.98397,rain_pressure
22.5,72.083336,GJ,0.279867,0.654319,rain_pressure
22.5,72.083336,SAU/KCH,0.143142,0.33466,rain_pressure
22.5,72.916664,GJ,0.416847,0.974571,rain_pressure
22.5,73.75,GJ,0.407403,0.952491,rain_pressure
22.5,73.75,W.MP,0.020283,0.047422,rain_pressure
22.5,74.583336,GJ,0.042386,0.099096,rain_pressure
22.5,74.583336,W.MP,0.385801,0.901988,rain_pressure
22.5,75.416664,W.MP,0.427723,1.0,rain_pressure
22.5,76.25,W.MP,0.427723,1.0,rain_pressure
22.5,77.083336,W.MP,0.427723,1.0,rain_pressure
22.5,77.916664,E.MP,0.011168,0.02611,rain_pressure
22.5,77.916664,W.MP,0.416555,0.97389,rain_pressure
22.5,78.75,E.MP,0.344569,0.805588,rain_pressure
22.5,78.75,W.MP,0.083155,0.194412,rain_pressure
22.5,79.583336,E.MP,0.427723,1.0,rain_pressure
22.5,80.416664,E.MP,0.427723,1.0,rain_pressure
22.5,81.25,CG,0.143658,0.335868,rain_pressure
22.5,81.25,E.MP,0.28316,0.662017,rain_pressure
22.5,82.083336,CG,0.415764,0.97204,rain_pressure
22.5,82.083336,E.MP,0.01208,0.028242,rain_pressure
22.5,82.916664,CG,0.427723,1.0,rain_pressure
22.5,83.75,OD,0.063593,0.148679,rain_pressure
22.5,83.75,CG,0.34496,0.806503,rain_pressure
22.5,83.75,JH,0.019299,0.045121,rain_pressure
22.5,84.583336,OD,0.140259,0.327919,rain_pressure
22.5,84.583336,CG,0.008606,0.02012,rain_pressure
22.5,84.583336,JH,0.278859,0.651961,rain_pressure
22.5,85.416664,OD,0.019517,0.045631,rain_pressure
22.5,85.416664,JH,0.408206,0.954369,rain_pressure
22.5,86.25,OD,0.108011,0.252525,rain_pressure
22.5,86.25,GWB,0.016101,0.037642,rain_pressure
22.5,86.25,JH,0.303613,0.709836,rain_pressure
22.5,87.083336,OD,0.000311,0.000727,rain_pressure
22.5,87.083336,GWB,0.379001,0.88609,rain_pressure
22.5,87.083336,JH,0.048559,0.113528,rain_pressure
22.5,87.916664,GWB,0.421666,0.985839,rain_pressure
22.5,88.75,GWB,0.316751,0.740551,rain_pressure
22.5,92.083336,NE.HL,0.000655,0.001531,rain_pressure
22.5,92.916664,NE.HL,0.30849,0.721238,rain_pressure
23.055555,68.75,SAU/KCH,0.160224,0.376125,rain_pressure
23.055555,69.583336,SAU/KCH,0.393135,0.922885,rain_pressure
23.055555,70.416664,SAU/KCH,0.367996,0.863871,rain_pressure
23.055555,71.25,SAU/KCH,0.425985,1.0,rain_pressure
23.055555,72.083336,GJ,0.275083,0.645758,rain_pressure
23.055555,72.083336,SAU/KCH,0.150902,0.354242,rain_pressure
23.055555,72.916664,GJ,0.425985,1.0,rain_pressure
23.055555,73.75,GJ,0.416355,0.977392,rain_pressure
23.055555,73.75,E.RJ,0.009702,0.022776,rain_pressure
23.055555,74.583336,GJ,0.072937,0.17122,rain_pressure
23.055555,74.583336,W.MP,0.259415,0.608975,rain_pressure
23.055555,74.583336,E.RJ,0.093549,0.219606,rain_pressure
23.055555,75.416664,W.MP,0.425985,1.0,rain_pressure
23.055555,76.25,W.MP,0.425985,1.0,rain_pressure
23.055555,77.083336,W.MP,0.425985,1.0,rain_pressure
23.055555,77.916664,W.MP,0.425985,1.0,rain_pressure
23.055555,78.75,E.MP,0.24762,0.581288,rain_pressure
23.055555,78.75,W.MP,0.178365,0.418712,rain_pressure
23.055555,79.583336,E.MP,0.425985,1.0,rain_pressure
23.055555,80.416664,E.MP,0.425985,1.0,rain_pressure
23.055555,81.25,E.MP,0.425985,1.0,rain_pressure
23.055555,82.083336,CG,0.256108,0.601214,rain_pressure
23.055555,82.083336,E.MP,0.169557,0.398036,rain_pressure
23.055555,82.916664,CG,0.425985,1.0,rain_pressure
23.055555,83.75,CG,0.399555,0.937954,rain_pressure
23.055555,83.75,JH,0.026588,0.062416,rain_pressure
23.055555,84.583336,CG,0.03602,0.084556,rain_pressure
23.055555,84.583336,JH,0.389965,0.915444,rain_pressure
23.055555,85.416664,GWB,4e-06,1e-05,rain_pressure
23.055555,85.416664,JH,0.425981,0.99999,rain_pressure
23.055555,86.25,GWB,0.254952,0.598499,rain_pressure
23.055555,86.25,JH,0.17136,0.402267,rain_pressure
23.055555,87.083336,GWB,0.425985,1.0,rain_pressure
23.055555,87.916664,GWB,0.425985,1.0,rain_pressure
23.055555,88.75,GWB,0.2807,0.658944,rain_pressure
23.055555,91.25,NE.HL,0.074827,0.175657,rain_pressure
23.055555,92.083336,NE.HL,0.091159,0.213996,rain_pressure
23.055555,92.916664,NE.HL,0.379101,0.889938,rain_pressure
23.055555,93.75,NE.HL,0.010517,0.02469,rain_pressure
23.611111,68.75,SAU/KCH,0.342309,0.806938,rain_pressure
23.611111,69.583336,SAU/KCH,0.424207,1.0,rain_pressure
23.611111,70.416664,SAU/KCH,0.424207,1.0,rain_pressure
23.611111,71.25,GJ,0.163365,0.385107,rain_pressure
23.611111,71.25,SAU/KCH,0.260856,0.614926,rain_pressure
23.611111,72.083336,GJ,0.389941,0.919222,rain_pressure
23.611111,72.083336,SAU/KCH,0.034283,0.080817,rain_pressure
23.611111,72.916664,GJ,0.424207,1.0,rain_pressure
23.611111,73.75,GJ,0.130289,0.307136,rain_pressure
23.611111,73.75,E.RJ,0.293669,0.692276,rain_pressure
23.611111,74.583336,W.MP,0.099373,0.234256,rain_pressure
23.611111,74.583336,E.RJ,0.324834,0.765744,rain_pressure
23.611111,75.416664,W.MP,0.408803,0.963688,rain_pressure
23.611111,75.416664,E.RJ,0.015404,0.036312,rain_pressure
23.611111,76.25,W.MP,0.424032,0.999588,rain_pressure
23.611111,76.25,E.RJ,0.000175,0.000412,rain_pressure
23.611111,77.083336,W.MP,0.424207,1.0,rain_pressure
23.611111,77.916664,E.MP,0.011001,0.025932,rain_pressure
23.611111,77.916664,W.MP,0.413207,0.974068,rain_pressure
23.611111,78.75,E.MP,0.336864,0.794103,rain_pressure
23.611111,78.75,W.MP,0.087343,0.205897,rain_pressure
23.611111,79.583336,E.MP,0.424207,1.0,rain_pressure
23.611111,80.416664,E.MP,0.424207,1.0,rain_pressure
23.611111,81.25,CG,0.012821,0.030224,rain_pressure
23.611111,81.25,E.MP,0.411422,0.969862,rain_pressure
23.611111,82.083336,CG,0.311876,0.735198,rain_pressure
23.611111,82.083336,E.MP,0.112698,0.265667,rain_pressure
23.611111,82.916664,CG,0.412499,0.9724,rain_pressure
23.611111,82.916664,E.MP,0.009876,0.023282,rain_pressure
23.611111,82.916664,E.UP,0.001296,0.003055,rain_pressure
23.611111,83.75,CG,0.263633,0.621472,rain_pressure
23.611111,83.75,JH,0.160524,0.37841,rain_pressure
23.611111,84.583336,JH,0.424207,1.0,rain_pressure
23.611111,85.416664,JH,0.424207,1.0,rain_pressure
23.611111,86.25,GWB,0.153024,0.36073,rain_pressure
23.611111,86.25,JH,0.271738,0.640578,rain_pressure
23.611111,87.083336,GWB,0.377492,0.889876,rain_pressure
23.611111,87.083336,JH,0.046392,0.109362,rain_pressure
23.611111,87.916664,GWB,0.424207,1.0,rain_pressure
23.611111,88.75,GWB,0.166058,0.391455,rain_pressure
23.611111,91.25,NE.HL,0.224924,0.530223,rain_pressure
23.611111,92.083336,NE.HL,0.292422,0.689339,rain_pressure
23.611111,92.916664,NE.HL,0.424207,1.0,rain_pressure
23.611111,93.75,NE.HL,0.041247,0.097234,rain_pressure
24.166666,68.75,SAU/KCH,0.165063,0.390783,rain_pressure
24.166666,69.583336,SAU/KCH,0.260176,0.615961,rain_pressure
24.166666,70.416664,SAU/KCH,0.308323,0.729951,rain_pressure
24.166666,71.25,GJ,0.179413,0.424757,rain_pressure
24.166666,71.25,SAU/KCH,0.214947,0.508883,rain_pressure
24.166666,72.083336,GJ,0.420821,0.996287,rain_pressure
24.166666,72.083336,E.RJ,0.001568,0.003713,rain_pressure
24.166666,72.916664,GJ,0.327523,0.775406,rain_pressure
24.166666,72.916664,E.RJ,0.094884,0.224636,rain_pressure
24.166666,73.75,GJ,0.013677,0.032379,rain_pressure
24.166666,73.75,E.RJ,0.408713,0.967621,rain_pressure
24.166666,74.583336,W.MP,0.054216,0.128355,rain_pressure
24.166666,74.583336,E.RJ,0.368173,0.871645,rain_pressure
24.166666,75.416664,W.MP,0.36203,0.857101,rain_pressure
24.166666,75.416664,E.RJ,0.060359,0.142899,rain_pressure
24.166666,76.25,W.MP,0.192813,0.456482,rain_pressure
24.166666,76.25,E.RJ,0.229576,0.543518,rain_pressure
24.166666,77.083336,W.MP,0.367061,0.869011,rain_pressure
24.166666,77.083336,E.RJ,0.055328,0.130989,rain_pressure
24.166666,77.916664,E.MP,0.081653,0.193313,rain_pressure
24.166666,77.916664,W.UP,0.001183,0.0028,rain_pressure
24.166666,77.916664,W.MP,0.339601,0.803999,rain_pressure
24.166666,78.75,E.MP,0.32936,0.779755,rain_pressure
24.166666,78.75,W.UP,0.092775,0.219644,rain_pressure
24.166666,79.583336,E.MP,0.422389,1.0,rain_pressure
24.166666,80.416664,E.MP,0.422389,1.0,rain_pressure
24.166666,81.25,CG,0.000888,0.002102,rain_pressure
24.166666,81.25,E.MP,0.421501,0.997898,rain_pressure
24.166666,82.083336,CG,0.000446,0.001057,rain_pressure
24.166666,82.083336,E.MP,0.421943,0.998943,rain_pressure
24.166666,82.916664,CG,0.02714,0.064254,rain_pressure
24.166666,82.916664,E.MP,0.125449,0.296999,rain_pressure
24.166666,82.916664,JH,2e-06,5e-06,rain_pressure
24.166666,82.916664,E.UP,0.271185,0.642025,rain_pressure
24.166666,83.75,CG,0.032339,0.076561,rain_pressure
24.166666,83.75,JH,0.370784,0.877825,rain_pressure
24.166666,83.75,E.UP,0.020052,0.047472,rain_pressure
24.166666,84.583336,JH,0.39311,0.930682,rain_pressure
24.166666,84.583336,BR,0.029279,0.069318,rain_pressure
24.166666,85.416664,JH,0.417282,0.98791,rain_pressure
24.166666,85.416664,BR,0.005107,0.01209,rain_pressure
24.166666,86.25,JH,0.417119,0.987523,rain_pressure
24.166666,86.25,BR,0.005484,0.012983,rain_pressure
24.166666,87.083336,GWB,0.025261,0.059804,rain_pressure
24.166666,87.083336,JH,0.396961,0.939799,rain_pressure
24.166666,87.916664,GWB,0.354171,0.838494,rain_pressure
24.166666,87.916664,JH,0.066582,0.157631,rain_pressure
24.166666,88.75,GWB,0.164581,0.389643,rain_pressure
24.166666,91.25,NE.HL,0.063924,0.15134,rain_pressure
24.166666,92.083336,NE.HL,0.293875,0.695745,rain_pressure
24.166666,92.083336,ASM,0.051994,0.123096,rain_pressure
24.166666,92.916664,NE.HL,0.379087,0.897482,rain_pressure
24.166666,92.916664,ASM,0.043233,0.102354,rain_pressure
24.166666,93.75,NE.HL,0.365841,0.866122,rain_pressure
24.166666,94.583336,NE.HL,0.056967,0.134869,rain_pressure
24.722221,71.25,GJ,0.070388,0.16738,rain_pressure
24.722221,71.25,SAU/KCH,0.058525,0.139168,rain_pressure
24.722221,71.25,W.RJ,0.206653,0.49141,rain_pressure
24.722221,72.083336,GJ,0.126518,0.300851,rain_pressure
24.722221,72.083336,E.RJ,0.044197,0.105098,rain_pressure
24.722221,72.083336,W.RJ,0.248724,0.591451,rain_pressure
24.722221,72.916664,GJ,0.008079,0.019212,rain_pressure
24.722221,72.916664,E.RJ,0.36165,0.859982,rain_pressure
24.722221,72.916664,W.RJ,0.050823,0.120854,rain_pressure
24.722221,73.75,E.RJ,0.420174,0.999151,rain_pressure
24.722221,73.75,W.RJ,0.000357,0.000849,rain_pressure
24.722221,74.583336,W.MP,0.067703,0.160994,rain_pressure
24.722221,74.583336,E.RJ,0.353211,0.839915,rain_pressure
24.722221,75.416664,W.MP,0.261964,0.622936,rain_pressure
24.722221,75.416664,E.RJ,0.158424,0.376724,rain_pressure
24.722221,76.25,W.MP,0.011017,0.026197,rain_pressure
24.722221,76.25,E.RJ,0.409515,0.973803,rain_pressure
24.722221,77.083336,W.MP,0.278431,0.662094,rain_pressure
24.722221,77.083336,E.RJ,0.1421,0.337906,rain_pressure
24.722221,77.916664,E.MP,3e-05,7.2e-05,rain_pressure
24.722221,77.916664,W.UP,0.044061,0.104776,rain_pressure
24.722221,77.916664,W.MP,0.375663,0.893304,rain_pressure
24.722221,78.75,E.MP,0.188718,0.448761,rain_pressure
24.722221,78.75,W.UP,0.231948,0.551558,rain_pressure
24.722221,78.75,W.MP,5e-06,1.2e-05,rain_pressure
24.722221,79.583336,E.MP,0.420532,1.0,rain_pressure
24.722221,80.416664,E.MP,0.419084,0.996558,rain_pressure
24.722221,80.416664,E.UP,0.001356,0.003225,rain_pressure
24.722221,81.25,E.MP,0.399258,0.949413,rain_pressure
24.722221,81.25,E.UP,0.021273,0.050587,rain_pressure
24.722221,82.083336,E.MP,0.283046,0.673067,rain_pressure
24.722221,82.083336,E.UP,0.137583,0.327163,rain_pressure
24.722221,82.916664,E.MP,0.052788,0.125526,rain_pressure
24.722221,82.916664,E.UP,0.367744,0.874474,rain_pressure
24.722221,83.75,JH,0.062624,0.148916,rain_pressure
24.722221,83.75,BR,0.306043,0.727753,rain_pressure
24.722221,83.75,E.UP,0.051969,0.12358,rain_pressure
24.722221,84.583336,JH,0.021055,0.050068,rain_pressure
24.722221,84.583336,BR,0.399477,0.949932,rain_pressure
24.722221,85.416664,JH,0.091146,0.21674,rain_pressure
24.722221,85.416664,BR,0.329386,0.78326,rain_pressure
24.722221,86.25,JH,0.126988,0.301969,rain_pressure
24.722221,86.25,BR,0.293906,0.698892,rain_pressure
24.722221,87.083336,JH,0.258098,0.613743,rain_pressure
24.722221,87.083336,BR,0.162439,0.38627,rain_pressure
24.722221,87.916664,GWB,0.06277,0.149264,rain_pressure
24.722221,87.916664,JH,0.196398,0.467024,rain_pressure
24.722221,87.916664,SIK/NWB,0.063469,0.150926,rain_pressure
24.722221,88.75,SIK/NWB,0.003985,0.009477,rain_pressure
24.722221,92.083336,NE.HL,0.004273,0.01016,rain_pressure
24.722221,92.083336,ASM,0.105029,0.249752,rain_pressure
24.722221,92.916664,NE.HL,0.102943,0.244792,rain_pressure
24.722221,92.916664,ASM,0.317589,0.755208,rain_pressure
24.722221,93.75,NE.HL,0.420532,1.0,rain_pressure
24.722221,94.583336,NE.HL,0.205549,0.488783,rain_pressure
25.277779,70.416664,W.RJ,0.038205,0.09126,rain_pressure
25.277779,71.25,W.RJ,0.407831,0.974193,rain_pressure
25.277779,72.083336,W.RJ,0.418635,1.0,rain_pressure
25.277779,72.916664,E.RJ,0.070904,0.169369,rain_pressure
25.277779,72.916664,W.RJ,0.347731,0.830631,rain_pressure
25.277779,73.75,E.RJ,0.275271,0.657545,rain_pressure
25.277779,73.75,W.RJ,0.143363,0.342455,rain_pressure
25.277779,74.583336,E.RJ,0.418635,1.0,rain_pressure
25.277779,75.416664,W.MP,0.005912,0.014123,rain_pressure
25.277779,75.416664,E.RJ,0.412722,0.985877,rain_pressure
25.277779,76.25,W.MP,0.017424,0.041622,rain_pressure
25.277779,76.25,E.RJ,0.401165,0.95827,rain_pressure
25.277779,77.083336,W.MP,0.236607,0.565187,rain_pressure
25.277779,77.083336,E.RJ,0.18236,0.435606,rain_pressure
25.277779,77.916664,W.UP,0.001066,0.002547,rain_pressure
25.277779,77.916664,W.MP,0.417409,0.997073,rain_pressure
25.277779,78.75,E.MP,0.173816,0.415198,rain_pressure
25.277779,78.75,W.UP,0.223796,0.534585,rain_pressure
25.277779,78.75,W.MP,0.020704,0.049457,rain_pressure
25.277779,79.583336,E.MP,0.125329,0.299375,rain_pressure
25.277779,79.583336,W.UP,0.293306,0.700625,rain_pressure
25.277779,80.416664,E.MP,0.149525,0.357173,rain_pressure
25.277779,80.416664,E.UP,0.235298,0.56206,rain_pressure
25.277779,80.416664,W.UP,0.033684,0.080462,rain_pressure
25.277779,81.25,E.MP,0.056078,0.133954,rain_pressure
25.277779,81.25,E.UP,0.362817,0.866667,rain_pressure
25.277779,82.083336,E.MP,0.005265,0.012577,rain_pressure
25.277779,82.083336,E.UP,0.413369,0.987423,rain_pressure
25.277779,82.916664,BR,0.000178,0.000424,rain_pressure
25.277779,82.916664,E.UP,0.418457,0.999576,rain_pressure
25.277779,83.75,BR,0.303466,0.724895,rain_pressure
25.277779,83.75,E.UP,0.115182,0.275137,rain_pressure
25.277779,84.583336,BR,0.418635,1.0,rain_pressure
25.277779,85.416664,BR,0.418635,1.0,rain_pressure
25.277779,86.25,BR,0.418635,1.0,rain_pressure
25.277779,87.083336,JH,0.04862,0.116139,rain_pressure
25.277779,87.083336,BR,0.369992,0.883807,rain_pressure
25.277779,87.916664,JH,0.081751,0.195281,rain_pressure
25.277779,87.916664,BR,0.087672,0.209425,rain_pressure
25.277779,87.916664,SIK/NWB,0.248773,0.594249,rain_pressure
25.277779,88.75,SIK/NWB,0.186729,0.446042,rain_pressure
25.277779,89.583336,ASM,0.036964,0.088297,rain_pressure
25.277779,90.416664,ASM,0.275211,0.657401,rain_pressure
25.277779,91.25,ASM,0.287436,0.686604,rain_pressure
25.277779,92.083336,ASM,0.322709,0.77086,rain_pressure
25.277779,92.916664,NE.HL,0.003797,0.009069,rain_pressure
25.277779,92.916664,ASM,0.414837,0.990928,rain_pressure
25.277779,93.75,NE.HL,0.389945,0.931468,rain_pressure
25.277779,93.75,ASM,0.029082,0.06947,rain_pressure
25.277779,94.583336,NE.HL,0.262647,0.62739,rain_pressure
25.833334,70.416664,W.RJ,0.277223,0.665284,rain_pressure
25.833334,71.25,W.RJ,0.416698,1.0,rain_pressure
25.833334,72.083336,W.RJ,0.416698,1.0,rain_pressure
25.833334,72.916664,W.RJ,0.416698,1.0,rain_pressure
25.833334,73.75,E.RJ,0.075716,0.181706,rain_pressure
25.833334,73.75,W.RJ,0.340982,0.818294,rain_pressure
25.833334,74.583336,E.RJ,0.411215,0.986842,rain_pressure
25.833334,74.583336,W.RJ,0.005483,0.013158,rain_pressure
25.833334,75.416664,E.RJ,0.416698,1.0,rain_pressure
25.833334,76.25,W.MP,0.039097,0.093826,rain_pressure
25.833334,76.25,E.RJ,0.37722,0.905259,rain_pressure
25.833334,77.083336,W.MP,0.383845,0.921158,rain_pressure
25.833334,77.083336,E.RJ,0.032584,0.078195,rain_pressure
25.833334,77.916664,W.MP,0.416698,1.0,rain_pressure
25.833334,78.75,W.UP,0.156396,0.375322,rain_pressure
25.833334,78.75,W.MP,0.260291,0.624651,rain_pressure
25.833334,79.583336,E.UP,0.002047,0.004911,rain_pressure
25.833334,79.583336,W.UP,0.414652,0.995089,rain_pressure
25.833334,80.416664,E.UP,0.299591,0.718964,rain_pressure
25.833334,80.416664,W.UP,0.117156,0.281153,rain_pressure
25.833334,81.25,E.UP,0.416698,1.0,rain_pressure
25.833334,82.083336,E.UP,0.416698,1.0,rain_pressure
25.833334,82.916664,E.UP,0.416698,1.0,rain_pressure
25.833334,83.75,BR,0.021653,0.051963,rain_pressure
25.833334,83.75,E.UP,0.395045,0.948037,rain_pressure
25.833334,84.583336,BR,0.326849,0.784378,rain_pressure
25.833334,84.583336,E.UP,0.089849,0.215622,rain_pressure
25.833334,85.416664,BR,0.416698,1.0,rain_pressure
25.833334,86.25,BR,0.416698,1.0,rain_pressure
25.833334,87.083336,BR,0.416698,1.0,rain_pressure
25.833334,87.916664,BR,0.213838,0.513172,rain_pressure
25.833334,87.916664,SIK/NWB,0.142816,0.342733,rain_pressure
25.833334,88.75,SIK/NWB,0.016291,0.039096,rain_pressure
25.833334,89.583336,ASM,0.079224,0.190124,rain_pressure
25.833334,89.583336,SIK/NWB,0.031477,0.075538,rain_pressure
25.833334,90.416664,ASM,0.416698,1.0,rain_pressure
25.833334,91.25,ASM,0.416698,1.0,rain_pressure
25.833334,92.083336,ASM,0.416698,1.0,rain_pressure
25.833334,92.916664,ASM,0.416698,1.0,rain_pressure
25.833334,93.75,NE.HL,0.222743,0.534543,rain_pressure
25.833334,93.75,ASM,0.193978,0.465512,rain_pressure
25.833334,94.583336,NE.HL,0.406845,0.976355,rain_pressure
25.833334,95.416664,NE.HL,0.027688,0.066446,rain_pressure
26.388889,69.583336,W.RJ,0.01693,0.040824,rain_pressure
26.388889,70.416664,W.RJ,0.343344,0.827888,rain_pressure
26.388889,71.25,W.RJ,0.414722,1.0,rain_pressure
26.388889,72.083336,W.RJ,0.414722,1.0,rain_pressure
26.388889,72.916664,W.RJ,0.414722,1.0,rain_pressure
26.388889,73.75,W.RJ,0.414722,1.0,rain_pressure
26.388889,74.583336,E.RJ,0.297494,0.717334,rain_pressure
26.388889,74.583336,W.RJ,0.117228,0.282666,rain_pressure
26.388889,75.416664,E.RJ,0.414722,1.0,rain_pressure
26.388889,76.25,E.RJ,0.414722,1.0,rain_pressure
26.388889,77.083336,W.MP,0.075148,0.1812,rain_pressure
26.388889,77.083336,E.RJ,0.339575,0.8188,rain_pressure
26.388889,77.916664,W.MP,0.357123,0.861114,rain_pressure
26.388889,77.916664,E.RJ,0.057599,0.138886,rain_pressure
26.388889,78.75,W.UP,0.059365,0.143143,rain_pressure
26.388889,78.75,W.MP,0.355358,0.856857,rain_pressure
26.388889,79.583336,E.UP,0.18337,0.442151,rain_pressure
26.388889,79.583336,W.UP,0.231372,0.557896,rain_pressure
26.388889,80.416664,E.UP,0.414722,1.0,rain_pressure
26.388889,81.25,E.UP,0.414722,1.0,rain_pressure
26.388889,82.083336,E.UP,0.414722,1.0,rain_pressure
26.388889,82.916664,E.UP,0.414722,1.0,rain_pressure
26.388889,83.75,BR,0.050081,0.120758,rain_pressure
26.388889,83.75,E.UP,0.364634,0.879224,rain_pressure
26.388889,84.583336,BR,0.401255,0.967526,rain_pressure
26.388889,84.583336,E.UP,0.013468,0.032474,rain_pressure
26.388889,85.416664,BR,0.411394,0.991974,rain_pressure
26.388889,86.25,BR,0.356357,0.859267,rain_pressure
26.388889,87.083336,BR,0.250744,0.604606,rain_pressure
26.388889,87.916664,BR,0.193432,0.466414,rain_pressure
26.388889,87.916664,SIK/NWB,0.071319,0.171969,rain_pressure
26.388889,88.75,SIK/NWB,0.233323,0.562601,rain_pressure
26.388889,89.583336,ASM,0.09468,0.228296,rain_pressure
26.388889,89.583336,SIK/NWB,0.309719,0.746811,rain_pressure
26.388889,90.416664,ASM,0.414722,1.0,rain_pressure
26.388889,91.25,ASM,0.414722,1.0,rain_pressure
26.388889,92.083336,ASM,0.414722,1.0,rain_pressure
26.388889,92.916664,ASM,0.414722,1.0,rain_pressure
26.388889,93.75,NE.HL,0.024062,0.05802,rain_pressure
26.388889,93.75,ASM,0.39066,0.94198,rain_pressure
26.388889,94.583336,NE.HL,0.374969,0.904144,rain_pressure
26.388889,94.583336,ASM,0.039405,0.095016,rain_pressure
26.388889,95.416664,NE.HL,0.06309,0.152125,rain_pressure
26.388889,95.416664,AR,0.000814,0.001962,rain_pressure
26.944445,69.583336,W.RJ,0.228195,0.552921,rain_pressure
26.944445,70.416664,W.RJ,0.412708,1.0,rain_pressure
26.944445,71.25,W.RJ,0.412708,1.0,rain_pressure
26.944445,72.083336,W.RJ,0.412708,1.0,rain_pressure
26.944445,72.916664,W.RJ,0.412708,1.0,rain_pressure
26.944445,73.75,W.RJ,0.412708,1.0,rain_pressure
26.944445,74.583336,E.RJ,0.060989,0.147779,rain_pressure
26.944445,74.583336,W.RJ,0.351718,0.852221,rain_pressure
26.944445,75.416664,E.RJ,0.3582,0.867927,rain_pressure
26.944445,75.416664,W.RJ,0.054508,0.132073,rain_pressure
26.944445,76.25,E.RJ,0.412708,1.0,rain_pressure
26.944445,77.083336,W.UP,0.006564,0.015905,rain_pressure
26.944445,77.083336,E.RJ,0.406324,0.984533,rain_pressure
26.944445,77.916664,W.UP,0.21569,0.522621,rain_pressure
26.944445,77.916664,W.MP,0.034187,0.082836,rain_pressure
26.944445,77.916664,E.RJ,0.163021,0.395004,rain_pressure
26.944445,78.75,W.UP,0.35489,0.859907,rain_pressure
26.944445,78.75,W.MP,0.057994,0.14052,rain_pressure
26.944445,79.583336,E.UP,0.237464,0.57538,rain_pressure
26.944445,79.583336,W.UP,0.175284,0.424716,rain_pressure
26.944445,80.416664,E.UP,0.412708,1.0,rain_pressure
26.944445,81.25,E.UP,0.412708,1.0,rain_pressure
26.944445,82.083336,E.UP,0.412708,1.0,rain_pressure
26.944445,82.916664,E.UP,0.412708,1.0,rain_pressure
26.944445,83.75,BR,0.046061,0.111607,rain_pressure
26.944445,83.75,E.UP,0.366647,0.888393,rain_pressure
26.944445,84.583336,BR,0.326849,0.791963,rain_pressure
26.944445,84.583336,E.UP,0.01929,0.046741,rain_pressure
26.944445,85.416664,BR,0.097618,0.236531,rain_pressure
26.944445,87.916664,SIK/NWB,0.110427,0.267567,rain_pressure
26.944445,88.75,SIK/NWB,0.32438,0.785979,rain_pressure
26.944445,89.583336,ASM,0.007377,0.017874,rain_pressure
26.944445,89.583336,SIK/NWB,0.076307,0.184894,rain_pressure
26.944445,90.416664,ASM,0.104589,0.253422,rain_pressure
26.944445,91.25,ASM,0.098651,0.239033,rain_pressure
26.944445,92.083336,ASM,0.163396,0.395912,rain_pressure
26.944445,92.083336,AR,0.116333,0.281877,rain_pressure
26.944445,92.916664,ASM,0.223444,0.541411,rain_pressure
26.944445,92.916664,AR,0.189263,0.458589,rain_pressure
26.944445,93.75,ASM,0.302357,0.732618,rain_pressure
26.944445,93.75,AR,0.110351,0.267382,rain_pressure
26.944445,94.583336,NE.HL,0.059155,0.143335,rain_pressure
26.944445,94.583336,ASM,0.353746,0.857134,rain_pressure
26.944445,95.416664,NE.HL,0.058521,0.141799,rain_pressure
26.944445,95.416664,ASM,0.07969,0.19309,rain_pressure
26.944445,95.416664,AR,0.204325,0.495084,rain_pressure
26.944445,96.25,AR,0.028803,0.06979,rain_pressure
26.944445,97.083336,AR,0.020004,0.048471,rain_pressure
27.5,69.583336,W.RJ,0.049457,0.120435,rain_pressure
27.5,70.416664,W.RJ,0.391815,0.954123,rain_pressure
27.5,71.25,W.RJ,0.401879,0.978631,rain_pressure
27.5,72.083336,W.RJ,0.410654,1.0,rain_pressure
27.5,72.916664,W.RJ,0.410654,1.0,rain_pressure
27.5,73.75,W.RJ,0.410654,1.0,rain_pressure
27.5,74.583336,E.RJ,0.089956,0.219056,rain_pressure
27.5,74.583336,W.RJ,0.320698,0.780944,rain_pressure
27.5,75.416664,E.RJ,0.394335,0.96026,rain_pressure
27.5,75.416664,W.RJ,0.01632,0.03974,rain_pressure
27.5,76.25,E.RJ,0.410654,1.0,rain_pressure
27.5,77.083336,W.UP,0.04771,0.116181,rain_pressure
27.5,77.083336,E.RJ,0.350616,0.853798,rain_pressure
27.5,77.083336,HR/DL,0.012423,0.030251,rain_pressure
27.5,77.916664,W.UP,0.397136,0.96708,rain_pressure
27.5,77.916664,E.RJ,0.013519,0.03292,rain_pressure
27.5,78.75,E.UP,0.002624,0.006391,rain_pressure
27.5,78.75,W.UP,0.408035,0.993621,rain_pressure
27.5,79.583336,E.UP,0.284987,0.693982,rain_pressure
27.5,79.583336,W.UP,0.125827,0.306406,rain_pressure
27.5,80.416664,E.UP,0.408458,0.994651,rain_pressure
27.5,80.416664,W.UP,0.002197,0.005349,rain_pressure
27.5,81.25,E.UP,0.410654,1.0,rain_pressure
27.5,82.083336,E.UP,0.400288,0.974756,rain_pressure
27.5,82.916664,E.UP,0.224222,0.546012,rain_pressure
27.5,83.75,BR,0.059456,0.144784,rain_pressure
27.5,83.75,E.UP,0.10231,0.249139,rain_pressure
27.5,84.583336,BR,0.069659,0.169629,rain_pressure
27.5,87.916664,SIK/NWB,0.122484,0.298265,rain_pressure
27.5,88.75,SIK/NWB,0.247964,0.603826,rain_pressure
27.5,91.25,AR,0.015983,0.03892,rain_pressure
27.5,92.083336,AR,0.316259,0.770135,rain_pressure
27.5,92.916664,AR,0.410654,1.0,rain_pressure
27.5,93.75,ASM,0.030156,0.073435,rain_pressure
27.5,93.75,AR,0.380498,0.926565,rain_pressure
27.5,94.583336,ASM,0.301666,0.734598,rain_pressure
27.5,94.583336,AR,0.108988,0.265402,rain_pressure
27.5,95.416664,ASM,0.392607,0.956053,rain_pressure
27.5,95.416664,AR,0.018044,0.043939,rain_pressure
27.5,96.25,ASM,0.024345,0.059283,rain_pressure
27.5,96.25,AR,0.352237,0.857746,rain_pressure
27.5,97.083336,AR,0.132139,0.321776,rain_pressure
28.055555,70.416664,W.RJ,0.091698,0.224441,rain_pressure
28.055555,71.25,W.RJ,0.038477,0.094176,rain_pressure
28.055555,72.083336,W.RJ,0.297435,0.728005,rain_pressure
28.055555,72.916664,W.RJ,0.408562,1.0,rain_pressure
28.055555,73.75,W.RJ,0.408562,1.0,rain_pressure
28.055555,74.583336,E.RJ,0.072632,0.177775,rain_pressure
28.055555,74.583336,W.RJ,0.33593,0.822225,rain_pressure
28.055555,75.416664,E.RJ,0.397514,0.972959,rain_pressure
28.055555,75.416664,W.RJ,0.011048,0.027041,rain_pressure
28.055555,76.25,E.RJ,0.211961,0.518798,rain_pressure
28.055555,76.25,HR/DL,0.196492,0.480935,rain_pressure
28.055555,77.083336,W.UP,0.017361,0.042494,rain_pressure
28.055555,77.083336,E.RJ,0.096126,0.23528,rain_pressure
28.055555,77.083336,HR/DL,0.295595,0.723501,rain_pressure
28.055555,77.916664,W.UP,0.403276,0.987062,rain_pressure
28.055555,77.916664,HR/DL,0.0055,0.013461,rain_pressure
28.055555,78.75,W.UP,0.408562,1.0,rain_pressure
28.055555,79.583336,W.UP,0.408562,1.0,rain_pressure
28.055555,80.416664,E.UP,0.313676,0.767755,rain_pressure
28.055555,80.416664,W.UP,0.094886,0.232245,rain_pressure
28.055555,81.25,E.UP,0.327357,0.801242,rain_pressure
28.055555,82.083336,E.UP,0.064596,0.158105,rain_pressure
28.055555,87.916664,SIK/NWB,0.028182,0.068979,rain_pressure
28.055555,88.75,SIK/NWB,0.125762,0.307816,rain_pressure
28.055555,91.25,AR,0.004966,0.012156,rain_pressure
28.055555,92.083336,AR,0.020285,0.04965,rain_pressure
28.055555,92.916664,AR,0.283625,0.694204,rain_pressure
28.055555,93.75,AR,0.408562,1.0,rain_pressure
28.055555,94.583336,AR,0.408562,1.0,rain_pressure
28.055555,95.416664,ASM,0.071749,0.175614,rain_pressure
28.055555,95.416664,AR,0.336813,0.824386,rain_pressure
28.055555,96.25,ASM,0.01207,0.029543,rain_pressure
28.055555,96.25,AR,0.396492,0.970457,rain_pressure
28.055555,97.083336,AR,0.310151,0.759128,rain_pressure
28.611111,72.083336,W.RJ,0.093067,0.228986,rain_pressure
28.611111,72.916664,W.RJ,0.403144,0.991911,rain_pressure
28.611111,73.75,W.RJ,0.406432,1.0,rain_pressure
28.611111,74.583336,W.RJ,0.406432,1.0,rain_pressure
28.611111,75.416664,E.RJ,0.048218,0.118636,rain_pressure
28.611111,75.416664,W.RJ,0.259935,0.639554,rain_pressure
28.611111,75.416664,HR/DL,0.097828,0.2407,rain_pressure
28.611111,76.25,E.RJ,0.005074,0.012485,rain_pressure
28.611111,76.25,HR/DL,0.401357,0.987515,rain_pressure
28.611111,77.083336,W.UP,0.081648,0.200891,rain_pressure
28.611111,77.083336,HR/DL,0.324783,0.799109,rain_pressure
28.611111,77.916664,W.UP,0.406416,0.999962,rain_pressure
28.611111,77.916664,HR/DL,1.6e-05,3.8e-05,rain_pressure
28.611111,78.75,W.UP,0.406432,1.0,rain_pressure
28.611111,79.583336,W.UP,0.377211,0.928105,rain_pressure
28.611111,80.416664,E.UP,0.114905,0.282717,rain_pressure
28.611111,80.416664,W.UP,0.135292,0.332879,rain_pressure
28.611111,81.25,E.UP,0.030857,0.075921,rain_pressure
28.611111,92.916664,AR,0.018692,0.045992,rain_pressure
28.611111,93.75,AR,0.279539,0.687789,rain_pressure
28.611111,94.583336,AR,0.406432,1.0,rain_pressure
28.611111,95.416664,AR,0.406432,1.0,rain_pressure
28.611111,96.25,AR,0.325146,0.800002,rain_pressure
28.611111,97.083336,AR,0.014628,0.035991,rain_pressure
29.166666,72.916664,W.RJ,0.162065,0.40089,rain_pressure
29.166666,73.75,W.RJ,0.404263,1.0,rain_pressure
29.166666,74.583336,W.RJ,0.371699,0.919448,rain_pressure
29.166666,74.583336,HR/DL,0.032564,0.080552,rain_pressure
29.166666,75.416664,W.RJ,0.139533,0.345155,rain_pressure
29.166666,75.416664,HR/DL,0.26473,0.654845,rain_pressure
29.166666,76.25,HR/DL,0.404263,1.0,rain_pressure
29.166666,77.083336,W.UP,0.16262,0.402263,rain_pressure
29.166666,77.083336,HR/DL,0.241643,0.597737,rain_pressure
29.166666,77.916664,W.UP,0.404263,1.0,rain_pressure
29.166666,78.75,W.UP,0.319182,0.789539,rain_pressure
29.166666,79.583336,W.UP,0.018569,0.045933,rain_pressure
29.166666,93.75,AR,0.003158,0.007811,rain_pressure
29.166666,94.583336,AR,0.225494,0.557789,rain_pressure
29.166666,95.416664,AR,0.197699,0.489035,rain_pressure
29.166666,96.25,AR,0.204376,0.505551,rain_pressure
29.722221,72.916664,W.RJ,0.012791,0.031813,rain_pressure
29.722221,73.75,W.RJ,0.379856,0.944784,rain_pressure
29.722221,73.75,PB,0.007733,0.019234,rain_pressure
29.722221,74.583336,W.RJ,0.174917,0.435055,rain_pressure
29.722221,74.583336,HR/DL,0.18863,0.469164,rain_pressure
29.722221,74.583336,PB,0.036595,0.091021,rain_pressure
29.722221,75.416664,HR/DL,0.226785,0.564062,rain_pressure
29.722221,75.416664,PB,0.175272,0.435938,rain_pressure
29.722221,76.25,HR/DL,0.32704,0.813419,rain_pressure
29.722221,76.25,PB,0.075156,0.186929,rain_pressure
29.722221,77.083336,W.UP,0.165681,0.412085,rain_pressure
29.722221,77.083336,HR/DL,0.236375,0.587915,rain_pressure
29.722221,77.916664,W.UP,0.234631,0.583577,rain_pressure
29.722221,78.75,W.UP,0.076823,0.191076,rain_pressure
29.722221,96.25,AR,0.000545,0.001355,rain_pressure
30.277779,73.75,W.RJ,0.022724,0.056836,rain_pressure
30.277779,73.75,PB,0.103115,0.257909,rain_pressure
30.277779,74.583336,PB,0.399812,1.0,rain_pressure
30.277779,75.416664,PB,0.399812,1.0,rain_pressure
30.277779,76.25,HR/DL,0.050848,0.127179,rain_pressure
30.277779,76.25,PB,0.348964,0.872821,rain_pressure
30.277779,77.083336,W.UP,0.020581,0.051477,rain_pressure
30.277779,77.083336,HR/DL,0.313276,0.783558,rain_pressure
30.277779,77.083336,PB,0.036517,0.091334,rain_pressure
30.277779,77.083336,HP,0.029345,0.073397,rain_pressure
30.277779,77.916664,W.UP,0.100368,0.251039,rain_pressure
30.277779,77.916664,HR/DL,0.010819,0.02706,rain_pressure
30.277779,77.916664,HP,0.030146,0.0754,rain_pressure
30.833334,73.75,PB,0.004137,0.010406,rain_pressure
30.833334,74.583336,PB,0.303878,0.764416,rain_pressure
30.833334,75.416664,PB,0.39753,1.0,rain_pressure
30.833334,76.25,PB,0.392882,0.988308,rain_pressure
30.833334,76.25,HP,0.004648,0.011692,rain_pressure
30.833334,77.083336,HR/DL,0.072649,0.182752,rain_pressure
30.833334,77.083336,PB,0.049163,0.123672,rain_pressure
30.833334,77.083336,HP,0.275226,0.692342,rain_pressure
30.833334,77.916664,HP,0.133629,0.33615,rain_pressure
30.833334,78.75,HP,0.000772,0.001942,rain_pressure
31.388889,74.583336,PB,0.203609,0.515191,rain_pressure
31.388889,75.416664,PB,0.39521,1.0,rain_pressure
31.388889,76.25,PB,0.22089,0.558917,rain_pressure
31.388889,76.25,HP,0.174279,0.440978,rain_pressure
31.388889,77.083336,HP,0.39521,1.0,rain_pressure
31.388889,77.916664,HP,0.360925,0.913248,rain_pressure
31.388889,78.75,HP,0.200674,0.507765,rain_pressure
31.944445,74.583336,PB,0.113123,0.287952,rain_pressure
31.944445,75.416664,PB,0.324773,0.826703,rain_pressure
31.944445,75.416664,HP,0.030841,0.078504,rain_pressure
31.944445,76.25,PB,0.031382,0.079881,rain_pressure
31.944445,76.25,HP,0.361472,0.920119,rain_pressure
31.944445,77.083336,HP,0.392854,1.0,rain_pressure
31.944445,77.916664,HP,0.392854,1.0,rain_pressure
31.944445,78.75,HP,0.177605,0.45209,rain_pressure
32.5,74.583336,J&K,0.09022,0.231061,rain_pressure
32.5,75.416664,PB,0.053848,0.13791,rain_pressure
32.5,75.416664,HP,0.009856,0.025243,rain_pressure
32.5,75.416664,J&K,0.270386,0.69248,rain_pressure
32.5,76.25,PB,0.009098,0.023301,rain_pressure
32.5,76.25,HP,0.36481,0.934308,rain_pressure
32.5,76.25,J&K,0.016471,0.042184,rain_pressure
32.5,77.083336,HP,0.39046,1.0,rain_pressure
32.5,77.916664,HP,0.3457,0.885367,rain_pressure
32.5,77.916664,J&K,0.044762,0.114638,rain_pressure
32.5,78.75,HP,0.045254,0.115899,rain_pressure
32.5,78.75,J&K,0.181572,0.465021,rain_pressure
32.5,79.583336,J&K,0.077157,0.197605,rain_pressure
33.055557,73.75,J&K,0.157431,0.405719,rain_pressure
33.055557,74.583336,J&K,0.377768,0.973555,rain_pressure
33.055557,75.416664,HP,0.001064,0.002743,rain_pressure
33.055557,75.416664,J&K,0.386934,0.997175,rain_pressure
33.055557,76.25,HP,0.193648,0.499055,rain_pressure
33.055557,76.25,J&K,0.194242,0.500584,rain_pressure
33.055557,77.083336,HP,0.154827,0.399009,rain_pressure
33.055557,77.083336,J&K,0.233202,0.600991,rain_pressure
33.055557,77.916664,HP,0.043571,0.112288,rain_pressure
33.055557,77.916664,J&K,0.344459,0.887712,rain_pressure
33.055557,78.75,J&K,0.384616,0.991203,rain_pressure
33.055557,79.583336,J&K,0.116188,0.299431,rain_pressure
33.611111,73.75,J&K,0.268005,0.695102,rain_pressure
33.611111,74.583336,J&K,0.385563,1.0,rain_pressure
33.611111,75.416664,J&K,0.385563,1.0,rain_pressure
33.611111,76.25,J&K,0.385563,1.0,rain_pressure
33.611111,77.083336,J&K,0.385563,1.0,rain_pressure
33.611111,77.916664,J&K,0.385563,1.0,rain_pressure
33.611111,78.75,J&K,0.301665,0.7824,rain_pressure
34.166668,73.75,J&K,0.313303,0.817896,rain_pressure
34.166668,74.583336,J&K,0.38306,1.0,rain_pressure
34.166668,75.416664,J&K,0.38306,1.0,rain_pressure
34.166668,76.25,J&K,0.38306,1.0,rain_pressure
34.166668,77.083336,J&K,0.38306,1.0,rain_pressure
34.166668,77.916664,J&K,0.38306,1.0,rain_pressure
34.166668,78.75,J&K,0.354355,0.925065,rain_pressure
34.166668,79.583336,J&K,0.120234,0.313878,rain_pressure
34.722221,73.75,J&K,0.192094,0.504818,rain_pressure
34.722221,74.583336,J&K,0.380521,1.0,rain_pressure
34.722221,75.416664,J&K,0.380521,1.0,rain_pressure
34.722221,76.25,J&K,0.380521,1.0,rain_pressure
34.722221,77.083336,J&K,0.380521,1.0,rain_pressure
34.722221,77.916664,J&K,0.380521,1.0,rain_pressure
34.722221,78.75,J&K,0.380521,1.0,rain_pressure
34.722221,79.583336,J&K,0.330926,0.869664,rain_pressure
34.722221,80.416664,J&K,0.025453,0.066889,rain_pressure
35.277779,73.75,J&K,0.136743,0.361806,rain_pressure
35.277779,74.583336,J&K,0.377946,1.0,rain_pressure
35.277779,75.416664,J&K,0.377946,1.0,rain_pressure
35.277779,76.25,J&K,0.377946,1.0,rain_pressure
35.277779,77.083336,J&K,0.369487,0.977618,rain_pressure
35.277779,77.916664,J&K,0.351752,0.930694,rain_pressure
35.277779,78.75,J&K,0.377946,1.0,rain_pressure
35.277779,79.583336,J&K,0.377946,1.0,rain_pressure
35.277779,80.416664,J&K,0.109066,0.288577,rain_pressure
35.833332,72.916664,J&K,0.188088,0.501119,rain_pressure
35.833332,73.75,J&K,0.370469,0.987034,rain_pressure
35.833332,74.583336,J&K,0.375336,1.0,rain_pressure
35.833332,75.416664,J&K,0.375336,1.0,rain_pressure
35.833332,76.25,J&K,0.375336,1.0,rain_pressure
35.833332,77.083336,J&K,0.156526,0.417029,rain_pressure
35.833332,77.916664,J&K,0.019401,0.05169,rain_pressure
35.833332,78.75,J&K,0.185357,0.493843,rain_pressure
35.833332,79.583336,J&K,0.215596,0.574409,rain_pressure
35.833332,80.416664,J&K,0.033032,0.088006,rain_pressure
36.388889,72.916664,J&K,0.220913,0.592753,rain_pressure
36.388889,73.75,J&K,0.37269,1.0,rain_pressure
36.388889,74.583336,J&K,0.37269,1.0,rain_pressure
36.388889,75.416664,J&K,0.364278,0.977429,rain_pressure
36.388889,76.25,J&K,0.16794,0.450615,rain_pressure
36.388889,77.083336,J&K,0.001088,0.00292,rain_pressure
36.944443,72.916664,J&K,0.00715,0.019325,rain_pressure
36.944443,73.75,J&K,0.072476,0.195876,rain_pressure
36.944443,74.583336,J&K,0.205903,0.556479,rain_pressure
36.944443,75.416664,J&K,0.135668,0.366661,rain_pressure
8.055566,76.666664,KL,0.00056,0.001222,wind_uv
8.055566,77.5,KL,0.001781,0.003885,wind_uv
8.055566,77.5,TN/PY,0.130988,0.285753,wind_uv
8.055566,78.333328,TN/PY,0.001185,0.002585,wind_uv
8.611121,76.666664,KL,0.148971,0.325445,wind_uv
8.611121,77.5,KL,0.077053,0.168332,wind_uv
8.611121,77.5,TN/PY,0.380692,0.831668,wind_uv
8.611121,78.333328,TN/PY,0.116091,0.253615,wind_uv
9.166677,76.666664,KL,0.348783,0.763115,wind_uv
9.166677,77.5,KL,0.09413,0.205951,wind_uv
9.166677,77.5,TN/PY,0.362921,0.794049,wind_uv
9.166677,78.333328,TN/PY,0.339754,0.743359,wind_uv
9.166677,79.166664,TN/PY,0.057186,0.125119,wind_uv
9.722233,75.833328,KL,0.000569,0.001247,wind_uv
9.722233,76.666664,KL,0.435803,0.955047,wind_uv
9.722233,77.5,KL,0.098693,0.216284,wind_uv
9.722233,77.5,TN/PY,0.357622,0.783716,wind_uv
9.722233,78.333328,TN/PY,0.456315,1.0,wind_uv
9.722233,79.166664,TN/PY,0.150727,0.330314,wind_uv
10.277788,75.833328,KL,0.066617,0.146238,wind_uv
10.277788,76.666664,KL,0.381596,0.837687,wind_uv
10.277788,76.666664,TN/PY,0.073939,0.162313,wind_uv
10.277788,77.5,KL,0.057078,0.125299,wind_uv
10.277788,77.5,TN/PY,0.398405,0.874586,wind_uv
10.277788,78.333328,TN/PY,0.455536,1.0,wind_uv
10.277788,79.166664,TN/PY,0.355558,0.780527,wind_uv
10.277788,80.0,TN/PY,0.072759,0.159721,wind_uv
10.833344,75.833328,KL,0.186338,0.409791,wind_uv
10.833344,76.666664,KL,0.30172,0.663539,wind_uv
10.833344,76.666664,TN/PY,0.152993,0.336461,wind_uv
10.833344,77.5,TN/PY,0.454713,1.0,wind_uv
10.833344,78.333328,TN/PY,0.454713,1.0,wind_uv
10.833344,79.166664,TN/PY,0.454713,1.0,wind_uv
10.833344,80.0,TN/PY,0.147796,0.325031,wind_uv
11.388899,75.833328,KL,0.301751,0.664872,wind_uv
11.388899,75.833328,TN/PY,0.00046,0.001013,wind_uv
11.388899,76.666664,KL,0.114653,0.252624,wind_uv
11.388899,76.666664,TN/PY,0.324022,0.713944,wind_uv
11.388899,76.666664,SI.KA,0.01491,0.032852,wind_uv
11.388899,77.5,TN/PY,0.453848,1.0,wind_uv
11.388899,78.333328,TN/PY,0.453848,1.0,wind_uv
11.388899,79.166664,TN/PY,0.453848,1.0,wind_uv
11.388899,80.0,TN/PY,0.124828,0.275044,wind_uv
11.944455,75.0,KL,0.069184,0.152744,wind_uv
11.944455,75.833328,KL,0.28513,0.629509,wind_uv
11.944455,75.833328,SI.KA,0.157138,0.346928,wind_uv
11.944455,76.666664,KL,0.016777,0.03704,wind_uv
11.944455,76.666664,TN/PY,0.02564,0.056607,wind_uv
11.944455,76.666664,SI.KA,0.41063,0.906586,wind_uv
11.944455,77.5,TN/PY,0.220921,0.487748,wind_uv
11.944455,77.5,SI.KA,0.23202,0.512252,wind_uv
11.944455,78.333328,TN/PY,0.45294,1.0,wind_uv
11.944455,79.166664,TN/PY,0.45294,1.0,wind_uv
11.944455,80.0,TN/PY,0.147088,0.32474,wind_uv
12.50001,75.0,KL,0.159332,0.352512,wind_uv
12.50001,75.0,SI.KA,0.002884,0.00638,wind_uv
12.50001,75.0,CST.KA,0.07232,0.160004,wind_uv
12.50001,75.833328,KL,0.007014,0.015519,wind_uv
12.50001,75.833328,SI.KA,0.382002,0.845156,wind_uv
12.50001,75.833328,CST.KA,0.063002,0.139388,wind_uv
12.50001,76.666664,SI.KA,0.45199,1.0,wind_uv
12.50001,77.5,TN/PY,0.161575,0.357474,wind_uv
12.50001,77.5,SI.KA,0.290415,0.642526,wind_uv
12.50001,78.333328,TN/PY,0.413992,0.915933,wind_uv
12.50001,78.333328,SI.KA,0.000677,0.001499,wind_uv
12.50001,78.333328,RYL,0.037385,0.082713,wind_uv
12.50001,79.166664,TN/PY,0.45199,1.0,wind_uv
12.50001,80.0,TN/PY,0.304003,0.672587,wind_uv
13.055566,75.0,KL,0.000179,0.000397,wind_uv
13.055566,75.0,SI.KA,0.046723,0.103599,wind_uv
13.055566,75.0,CST.KA,0.299604,0.664314,wind_uv
13.055566,75.833328,SI.KA,0.406194,0.900658,wind_uv
13.055566,75.833328,CST.KA,0.044711,0.099138,wind_uv
13.055566,76.666664,SI.KA,0.450997,1.0,wind_uv
13.055566,77.5,TN/PY,0.009629,0.021351,wind_uv
13.055566,77.5,SI.KA,0.441307,0.978513,wind_uv
13.055566,78.333328,TN/PY,0.042826,0.094959,wind_uv
13.055566,78.333328,SI.KA,0.277636,0.615605,wind_uv
13.055566,78.333328,RYL,0.13037,0.289071,wind_uv
13.055566,79.166664,TN/PY,0.288866,0.640506,wind_uv
13.055566,79.166664,RYL,0.162135,0.359504,wind_uv
13.055566,80.0,TN/PY,0.368077,0.81614,wind_uv
13.055566,80.0,RYL,0.015655,0.034713,wind_uv
13.611121,75.0,SI.KA,0.209338,0.465234,wind_uv
13.611121,75.0,CST.KA,0.195121,0.433638,wind_uv
13.611121,75.833328,SI.KA,0.449962,1.0,wind_uv
13.611121,76.666664,SI.KA,0.438795,0.975183,wind_uv
13.611121,76.666664,RYL,0.011167,0.024817,wind_uv
13.611121,77.5,SI.KA,0.385398,0.856513,wind_uv
13.611121,77.5,RYL,0.064777,0.143962,wind_uv
13.611121,78.333328,SI.KA,0.17165,0.381476,wind_uv
13.611121,78.333328,RYL,0.278687,0.619356,wind_uv
13.611121,79.166664,TN/PY,2.7e-05,5.9e-05,wind_uv
13.611121,79.166664,RYL,0.449908,0.999879,wind_uv
13.611121,80.0,TN/PY,0.059869,0.133053,wind_uv
13.611121,80.0,RYL,0.192609,0.428056,wind_uv
13.611121,80.0,CST.AP,0.11736,0.260822,wind_uv
14.166677,74.166664,CST.KA,0.057273,0.12759,wind_uv
14.166677,75.0,SI.KA,0.338816,0.754796,wind_uv
14.166677,75.0,CST.KA,0.10539,0.234783,wind_uv
14.166677,75.0,NI.KA,0.004185,0.009324,wind_uv
14.166677,75.833328,SI.KA,0.421235,0.938405,wind_uv
14.166677,75.833328,NI.KA,0.027649,0.061595,wind_uv
14.166677,76.666664,SI.KA,0.391344,0.871815,wind_uv
14.166677,76.666664,RYL,0.057399,0.127871,wind_uv
14.166677,77.5,SI.KA,0.103902,0.231467,wind_uv
14.166677,77.5,RYL,0.344825,0.768183,wind_uv
14.166677,78.333328,SI.KA,0.003075,0.00685,wind_uv
14.166677,78.333328,RYL,0.44582,0.993172,wind_uv
14.166677,79.166664,RYL,0.364582,0.812196,wind_uv
14.166677,79.166664,CST.AP,0.084302,0.187804,wind_uv
14.166677,80.0,RYL,0.002393,0.005332,wind_uv
14.166677,80.0,CST.AP,0.307712,0.685505,wind_uv
14.722233,74.166664,CST.KA,0.181453,0.405242,wind_uv
14.722233,74.166664,KNK/GA,0.015493,0.0346,wind_uv
14.722233,75.0,SI.KA,0.054297,0.121263,wind_uv
14.722233,75.0,CST.KA,0.242964,0.542615,wind_uv
14.722233,75.0,NI.KA,0.150163,0.33536,wind_uv
14.722233,75.833328,SI.KA,0.271893,0.607223,wind_uv
14.722233,75.833328,NI.KA,0.175872,0.392777,wind_uv
14.722233,76.666664,SI.KA,0.308942,0.689965,wind_uv
14.722233,76.666664,RYL,0.138823,0.310035,wind_uv
14.722233,77.5,RYL,0.447765,1.0,wind_uv
14.722233,78.333328,RYL,0.447765,1.0,wind_uv
14.722233,79.166664,RYL,0.22841,0.510113,wind_uv
14.722233,79.166664,CST.AP,0.219354,0.489887,wind_uv
14.722233,80.0,CST.AP,0.291403,0.650794,wind_uv
15.277788,73.333328,KNK/GA,2.6e-05,5.9e-05,wind_uv
15.277788,74.166664,CST.KA,0.127741,0.286028,wind_uv
15.277788,74.166664,NI.KA,0.031311,0.070108,wind_uv
15.277788,74.166664,KNK/GA,0.211724,0.474076,wind_uv
15.277788,75.0,CST.KA,0.11968,0.267978,wind_uv
15.277788,75.0,NI.KA,0.326451,0.730966,wind_uv
15.277788,75.833328,SI.KA,0.06231,0.139521,wind_uv
15.277788,75.833328,NI.KA,0.384292,0.860479,wind_uv
15.277788,76.666664,SI.KA,0.327186,0.732612,wind_uv
15.277788,76.666664,NI.KA,0.095106,0.212955,wind_uv
15.277788,76.666664,RYL,0.024353,0.054529,wind_uv
15.277788,77.5,SI.KA,0.01631,0.036521,wind_uv
15.277788,77.5,RYL,0.430293,0.963479,wind_uv
15.277788,78.333328,RYL,0.446152,0.99899,wind_uv
15.277788,78.333328,CST.AP,0.000451,0.00101,wind_uv
15.277788,79.166664,RYL,0.063861,0.142992,wind_uv
15.277788,79.166664,CST.AP,0.382742,0.857008,wind_uv
15.277788,80.0,CST.AP,0.281644,0.630635,wind_uv
15.833344,73.333328,KNK/GA,0.074157,0.166497,wind_uv
15.833344,74.166664,NI.KA,0.140104,0.314558,wind_uv
15.833344,74.166664,KNK/GA,0.193222,0.433817,wind_uv
15.833344,74.166664,MDH.MH,0.111336,0.249969,wind_uv
15.833344,75.0,NI.KA,0.445399,1.0,wind_uv
15.833344,75.833328,NI.KA,0.445399,1.0,wind_uv
15.833344,76.666664,SI.KA,0.039601,0.088912,wind_uv
15.833344,76.666664,NI.KA,0.396276,0.88971,wind_uv
15.833344,76.666664,RYL,0.009696,0.02177,wind_uv
15.833344,77.5,SI.KA,0.001509,0.003389,wind_uv
15.833344,77.5,NI.KA,0.068131,0.152966,wind_uv
15.833344,77.5,RYL,0.291976,0.655538,wind_uv
15.833344,77.5,TG,0.084231,0.189115,wind_uv
15.833344,78.333328,RYL,0.348085,0.781512,wind_uv
15.833344,78.333328,TG,0.097178,0.218183,wind_uv
15.833344,79.166664,RYL,0.038794,0.087099,wind_uv
15.833344,79.166664,CST.AP,0.401023,0.900367,wind_uv
15.833344,79.166664,TG,0.005398,0.012119,wind_uv
15.833344,80.0,CST.AP,0.416596,0.935333,wind_uv
15.833344,80.833328,CST.AP,0.194289,0.436212,wind_uv
16.388899,73.333328,KNK/GA,0.19714,0.443855,wind_uv
16.388899,74.166664,NI.KA,0.095544,0.215115,wind_uv
16.388899,74.166664,KNK/GA,0.065658,0.147828,wind_uv
16.388899,74.166664,MDH.MH,0.282859,0.636849,wind_uv
16.388899,75.0,NI.KA,0.437466,0.984943,wind_uv
16.388899,75.0,MDH.MH,0.006688,0.015057,wind_uv
16.388899,75.833328,NI.KA,0.444153,1.0,wind_uv
16.388899,76.666664,NI.KA,0.444153,1.0,wind_uv
16.388899,77.5,NI.KA,0.192399,0.433181,wind_uv
16.388899,77.5,TG,0.251751,0.56681,wind_uv
16.388899,78.333328,TG,0.444153,1.0,wind_uv
16.388899,79.166664,RYL,0.001758,0.003958,wind_uv
16.388899,79.166664,CST.AP,0.200448,0.451305,wind_uv
16.388899,79.166664,TG,0.241961,0.54477,wind_uv
16.388899,80.0,CST.AP,0.442753,0.996847,wind_uv
16.388899,80.0,TG,0.0014,0.003153,wind_uv
16.388899,80.833328,CST.AP,0.438886,0.988141,wind_uv
16.388899,81.666664,CST.AP,0.246793,0.555649,wind_uv
16.388899,82.5,CST.AP,0.032259,0.07263,wind_uv
16.944456,73.333328,KNK/GA,0.239863,0.541616,wind_uv
16.944456,73.333328,MDH.MH,0.004811,0.010864,wind_uv
16.944456,74.166664,KNK/GA,0.019352,0.043697,wind_uv
16.944456,74.166664,MDH.MH,0.42372,0.956768,wind_uv
16.944456,75.0,NI.KA,0.137262,0.30994,wind_uv
16.944456,75.0,MDH.MH,0.305604,0.69006,wind_uv
16.944456,75.833328,NI.KA,0.384449,0.868094,wind_uv
16.944456,75.833328,MDH.MH,0.058457,0.131996,wind_uv
16.944456,76.666664,NI.KA,0.442866,1.0,wind_uv
16.944456,77.5,NI.KA,0.196155,0.442921,wind_uv
16.944456,77.5,TG,0.246711,0.557079,wind_uv
16.944456,78.333328,TG,0.442866,1.0,wind_uv
16.944456,79.166664,TG,0.442866,1.0,wind_uv
16.944456,80.0,CST.AP,0.120325,0.271696,wind_uv
16.944456,80.0,TG,0.322541,0.728304,wind_uv
16.944456,80.833328,CST.AP,0.350358,0.791115,wind_uv
16.944456,80.833328,TG,0.091872,0.207449,wind_uv
16.944456,81.666664,CST.AP,0.442866,1.0,wind_uv
16.944456,82.5,CST.AP,0.141238,0.318918,wind_uv
17.500011,73.333328,KNK/GA,0.268454,0.607999,wind_uv
17.500011,73.333328,MDH.MH,0.035915,0.081341,wind_uv
17.500011,74.166664,MDH.MH,0.441537,1.0,wind_uv
17.500011,75.0,MDH.MH,0.441537,1.0,wind_uv
17.500011,75.833328,NI.KA,0.094331,0.213643,wind_uv
17.500011,75.833328,MDH.MH,0.337615,0.764636,wind_uv
17.500011,75.833328,MWD,0.009591,0.021721,wind_uv
17.500011,76.666664,NI.KA,0.366195,0.829365,wind_uv
17.500011,76.666664,MDH.MH,0.042651,0.096596,wind_uv
17.500011,76.666664,MWD,0.032823,0.074338,wind_uv
17.500011,77.5,NI.KA,0.226654,0.513329,wind_uv
17.500011,77.5,TG,0.214998,0.486931,wind_uv
17.500011,78.333328,TG,0.441537,1.0,wind_uv
17.500011,79.166664,TG,0.441537,1.0,wind_uv
17.500011,80.0,TG,0.441537,1.0,wind_uv
17.500011,80.833328,CST.AP,0.007625,0.01727,wind_uv
17.500011,80.833328,TG,0.433911,0.98273,wind_uv
17.500011,81.666664,CST.AP,0.332782,0.75369,wind_uv
17.500011,81.666664,TG,0.108775,0.246355,wind_uv
17.500011,82.5,CST.AP,0.398207,0.901866,wind_uv
17.500011,83.333328,CST.AP,0.088924,0.201396,wind_uv
18.055567,73.333328,KNK/GA,0.300313,0.682272,wind_uv
18.055567,73.333328,MDH.MH,0.090628,0.205896,wind_uv
18.055567,74.166664,MDH.MH,0.440166,1.0,wind_uv
18.055567,75.0,MDH.MH,0.439181,0.997761,wind_uv
18.055567,75.0,MWD,0.000985,0.002239,wind_uv
18.055567,75.833328,MDH.MH,0.24501,0.55663,wind_uv
18.055567,75.833328,MWD,0.195302,0.443702,wind_uv
18.055567,76.666664,NI.KA,0.075398,0.171295,wind_uv
18.055567,76.666664,MWD,0.364703,0.828557,wind_uv
18.055567,77.5,NI.KA,0.245872,0.558589,wind_uv
18.055567,77.5,MWD,0.020273,0.046057,wind_uv
18.055567,77.5,TG,0.174144,0.395633,wind_uv
18.055567,78.333328,TG,0.440166,1.0,wind_uv
18.055567,79.166664,TG,0.440166,1.0,wind_uv
18.055567,80.0,TG,0.440166,1.0,wind_uv
18.055567,80.833328,TG,0.278696,0.63316,wind_uv
18.055567,80.833328,CG,0.161217,0.366263,wind_uv
18.055567,81.666664,CST.AP,0.066172,0.150334,wind_uv
18.055567,81.666664,TG,0.027685,0.062897,wind_uv
18.055567,81.666664,OD,0.224142,0.50922,wind_uv
18.055567,81.666664,CG,0.121832,0.276787,wind_uv
18.055567,82.5,CST.AP,0.3589,0.815374,wind_uv
18.055567,82.5,OD,0.081798,0.185834,wind_uv
18.055567,83.333328,CST.AP,0.368346,0.836834,wind_uv
18.055567,84.166664,CST.AP,0.043917,0.099774,wind_uv
18.611122,72.5,KNK/GA,0.019114,0.043565,wind_uv
18.611122,73.333328,KNK/GA,0.244458,0.557163,wind_uv
18.611122,73.333328,MDH.MH,0.193645,0.441353,wind_uv
18.611122,74.166664,MDH.MH,0.438754,1.0,wind_uv
18.611122,75.0,MDH.MH,0.355942,0.811256,wind_uv
18.611122,75.0,MWD,0.082804,0.188726,wind_uv
18.611122,75.833328,MDH.MH,0.029847,0.068028,wind_uv
18.611122,75.833328,MWD,0.408907,0.931972,wind_uv
18.611122,76.666664,MWD,0.438754,1.0,wind_uv
18.611122,77.5,NI.KA,0.015085,0.03438,wind_uv
18.611122,77.5,MWD,0.316137,0.720533,wind_uv
18.611122,77.5,TG,0.107738,0.245555,wind_uv
18.611122,78.333328,MWD,0.000765,0.001744,wind_uv
18.611122,78.333328,TG,0.437989,0.998256,wind_uv
18.611122,79.166664,TG,0.438754,1.0,wind_uv
18.611122,80.0,TG,0.350841,0.79963,wind_uv
18.611122,80.0,VID,0.058115,0.132454,wind_uv
18.611122,80.0,CG,0.028647,0.065292,wind_uv
18.611122,80.833328,TG,0.066612,0.15182,wind_uv
18.611122,80.833328,CG,0.372981,0.850092,wind_uv
18.611122,81.666664,OD,0.079152,0.180401,wind_uv
18.611122,81.666664,CG,0.359603,0.819599,wind_uv
18.611122,82.5,CST.AP,0.03923,0.089413,wind_uv
18.611122,82.5,OD,0.389757,0.888326,wind_uv
18.611122,82.5,CG,0.009767,0.022261,wind_uv
18.611122,83.333328,CST.AP,0.321852,0.733559,wind_uv
18.611122,83.333328,OD,0.116359,0.265204,wind_uv
18.611122,84.166664,CST.AP,0.288668,0.657927,wind_uv
18.611122,84.166664,OD,0.044157,0.100643,wind_uv
18.611122,85.0,CST.AP,0.000284,0.000646,wind_uv
19.166677,72.5,KNK/GA,0.064128,0.146644,wind_uv
19.166677,73.333328,KNK/GA,0.357763,0.818117,wind_uv
19.166677,73.333328,MDH.MH,0.079069,0.180811,wind_uv
19.166677,74.166664,KNK/GA,0.002141,0.004896,wind_uv
19.166677,74.166664,MDH.MH,0.434917,0.994549,wind_uv
19.166677,75.0,MDH.MH,0.341416,0.780736,wind_uv
19.166677,75.0,MWD,0.095884,0.219264,wind_uv
19.166677,75.833328,MDH.MH,0.020144,0.046064,wind_uv
19.166677,75.833328,MWD,0.417157,0.953936,wind_uv
19.166677,76.666664,MWD,0.437301,1.0,wind_uv
19.166677,77.5,MWD,0.40397,0.923781,wind_uv
19.166677,77.5,TG,0.032743,0.074874,wind_uv
19.166677,77.5,VID,0.000588,0.001344,wind_uv
19.166677,78.333328,MWD,0.044382,0.10149,wind_uv
19.166677,78.333328,TG,0.392869,0.898396,wind_uv
19.166677,79.166664,TG,0.437301,1.0,wind_uv
19.166677,80.0,TG,0.185925,0.425165,wind_uv
19.166677,80.0,VID,0.219677,0.502346,wind_uv
19.166677,80.0,CG,0.031699,0.072489,wind_uv
19.166677,80.833328,VID,0.046758,0.106924,wind_uv
19.166677,80.833328,CG,0.390543,0.893076,wind_uv
19.166677,81.666664,CG,0.437301,1.0,wind_uv
19.166677,82.5,OD,0.379668,0.868208,wind_uv
19.166677,82.5,CG,0.057633,0.131792,wind_uv
19.166677,83.333328,CST.AP,0.057231,0.130872,wind_uv
19.166677,83.333328,OD,0.380248,0.869534,wind_uv
19.166677,84.166664,CST.AP,0.028138,0.064344,wind_uv
19.166677,84.166664,OD,0.409336,0.936052,wind_uv
19.166677,85.0,CST.AP,0.024216,0.055376,wind_uv
19.166677,85.0,OD,0.117536,0.268775,wind_uv
19.722233,72.5,KNK/GA,0.112035,0.257075,wind_uv
19.722233,73.333328,KNK/GA,0.319633,0.733428,wind_uv
19.722233,73.333328,MDH.MH,0.116174,0.266572,wind_uv
19.722233,74.166664,MDH.MH,0.435807,1.0,wind_uv
19.722233,75.0,MDH.MH,0.15483,0.355273,wind_uv
19.722233,75.0,MWD,0.280976,0.644727,wind_uv
19.722233,75.833328,MWD,0.40908,0.938673,wind_uv
19.722233,75.833328,VID,0.026882,0.061684,wind_uv
19.722233,76.666664,MWD,0.367611,0.84352,wind_uv
19.722233,76.666664,VID,0.068169,0.156419,wind_uv
19.722233,77.5,MWD,0.211645,0.48564,wind_uv
19.722233,77.5,VID,0.224026,0.514049,wind_uv
19.722233,78.333328,MWD,0.129151,0.29635,wind_uv
19.722233,78.333328,TG,0.154318,0.354098,wind_uv
19.722233,78.333328,VID,0.151675,0.348034,wind_uv
19.722233,79.166664,TG,0.109654,0.251611,wind_uv
19.722233,79.166664,VID,0.325823,0.747633,wind_uv
19.722233,80.0,TG,0.037244,0.08546,wind_uv
19.722233,80.0,VID,0.398204,0.913717,wind_uv
19.722233,80.0,CG,0.000339,0.000777,wind_uv
19.722233,80.833328,VID,0.11908,0.273241,wind_uv
19.722233,80.833328,CG,0.316726,0.726759,wind_uv
19.722233,81.666664,OD,0.042652,0.09787,wind_uv
19.722233,81.666664,CG,0.393193,0.902218,wind_uv
19.722233,82.5,OD,0.378217,0.867855,wind_uv
19.722233,82.5,CG,0.058111,0.133342,wind_uv
19.722233,83.333328,OD,0.435807,1.0,wind_uv
19.722233,84.166664,OD,0.435807,1.0,wind_uv
19.722233,85.0,OD,0.413128,0.947962,wind_uv
19.722233,85.833328,OD,0.171276,0.393009,wind_uv
19.722233,86.666664,OD,0.008544,0.019605,wind_uv
20.277788,72.5,KNK/GA,0.032498,0.074834,wind_uv
20.277788,72.5,GJ,0.042821,0.098603,wind_uv
20.277788,73.333328,KNK/GA,0.042897,0.09878,wind_uv
20.277788,73.333328,MDH.MH,0.1912,0.440278,wind_uv
20.277788,73.333328,GJ,0.200079,0.460723,wind_uv
20.277788,74.166664,MDH.MH,0.434271,1.0,wind_uv
20.277788,75.0,MDH.MH,0.193603,0.445811,wind_uv
20.277788,75.0,MWD,0.240668,0.554189,wind_uv
20.277788,75.833328,MDH.MH,0.002007,0.004622,wind_uv
20.277788,75.833328,MWD,0.324536,0.747312,wind_uv
20.277788,75.833328,VID,0.107906,0.248476,wind_uv
20.277788,76.666664,MWD,0.00049,0.001128,wind_uv
20.277788,76.666664,VID,0.433781,0.998872,wind_uv
20.277788,77.5,VID,0.434271,1.0,wind_uv
20.277788,78.333328,VID,0.434271,1.0,wind_uv
20.277788,79.166664,VID,0.434271,1.0,wind_uv
20.277788,80.0,VID,0.432941,0.996938,wind_uv
20.277788,80.0,CG,0.00133,0.003062,wind_uv
20.277788,80.833328,VID,0.065055,0.149803,wind_uv
20.277788,80.833328,CG,0.369216,0.850197,wind_uv
20.277788,81.666664,OD,0.012712,0.029273,wind_uv
20.277788,81.666664,CG,0.422045,0.971846,wind_uv
20.277788,82.5,OD,0.262594,0.604678,wind_uv
20.277788,82.5,CG,0.171677,0.395322,wind_uv
20.277788,83.333328,OD,0.434271,1.0,wind_uv
20.277788,84.166664,OD,0.434271,1.0,wind_uv
20.277788,85.0,OD,0.434271,1.0,wind_uv
20.277788,85.833328,OD,0.434271,1.0,wind_uv
20.277788,86.666664,OD,0.204505,0.470916,wind_uv
20.833344,70.0,SAU/KCH,0.037895,0.08758,wind_uv
20.833344,70.833328,SAU/KCH,0.272763,0.630381,wind_uv
20.833344,71.666664,SAU/KCH,0.096428,0.222853,wind_uv
20.833344,72.5,GJ,0.060255,0.139255,wind_uv
20.833344,73.333328,MDH.MH,0.02176,0.05029,wind_uv
20.833344,73.333328,GJ,0.410935,0.94971,wind_uv
20.833344,74.166664,MDH.MH,0.374534,0.865585,wind_uv
20.833344,74.166664,GJ,0.058161,0.134415,wind_uv
20.833344,75.0,MDH.MH,0.429166,0.991845,wind_uv
20.833344,75.0,MWD,0.003529,0.008155,wind_uv
20.833344,75.833328,MDH.MH,0.322205,0.744646,wind_uv
20.833344,75.833328,MWD,0.025309,0.058491,wind_uv
20.833344,75.833328,VID,0.083846,0.193776,wind_uv
20.833344,75.833328,W.MP,0.002023,0.004676,wind_uv
20.833344,76.666664,MDH.MH,0.015374,0.03553,wind_uv
20.833344,76.666664,VID,0.412655,0.953686,wind_uv
20.833344,76.666664,W.MP,0.004799,0.01109,wind_uv
20.833344,77.5,VID,0.432695,1.0,wind_uv
20.833344,78.333328,VID,0.432695,1.0,wind_uv
20.833344,79.166664,VID,0.432695,1.0,wind_uv
20.833344,80.0,VID,0.432695,1.0,wind_uv
20.833344,80.833328,VID,0.055462,0.128178,wind_uv
20.833344,80.833328,CG,0.377327,0.872039,wind_uv
20.833344,81.666664,CG,0.432695,1.0,wind_uv
20.833344,82.5,OD,0.238996,0.552343,wind_uv
20.833344,82.5,CG,0.193699,0.447657,wind_uv
20.833344,83.333328,OD,0.43257,0.999711,wind_uv
20.833344,83.333328,CG,0.000125,0.000289,wind_uv
20.833344,84.166664,OD,0.432695,1.0,wind_uv
20.833344,85.0,OD,0.432695,1.0,wind_uv
20.833344,85.833328,OD,0.432695,1.0,wind_uv
20.833344,86.666664,OD,0.353524,0.817027,wind_uv
20.833344,87.5,OD,1.6e-05,3.8e-05,wind_uv
21.388901,69.166664,SAU/KCH,0.000328,0.000762,wind_uv
21.388901,70.0,SAU/KCH,0.299285,0.694271,wind_uv
21.388901,70.833328,SAU/KCH,0.431078,1.0,wind_uv
21.388901,71.666664,SAU/KCH,0.42629,0.988893,wind_uv
21.388901,72.5,GJ,0.143158,0.332093,wind_uv
21.388901,72.5,SAU/KCH,0.050955,0.118203,wind_uv
21.388901,73.333328,MDH.MH,0.004835,0.011216,wind_uv
21.388901,73.333328,GJ,0.426243,0.988784,wind_uv
21.388901,74.166664,MDH.MH,0.333527,0.773703,wind_uv
21.388901,74.166664,GJ,0.097662,0.226552,wind_uv
21.388901,75.0,MDH.MH,0.329364,0.764047,wind_uv
21.388901,75.0,W.MP,0.101812,0.236179,wind_uv
21.388901,75.833328,MDH.MH,0.182753,0.423944,wind_uv
21.388901,75.833328,W.MP,0.248413,0.576261,wind_uv
21.388901,76.666664,VID,0.195331,0.453123,wind_uv
21.388901,76.666664,W.MP,0.235815,0.547035,wind_uv
21.388901,77.5,VID,0.323761,0.75105,wind_uv
21.388901,77.5,W.MP,0.107318,0.248952,wind_uv
21.388901,78.333328,VID,0.303126,0.703182,wind_uv
21.388901,78.333328,E.MP,0.05513,0.127889,wind_uv
21.388901,78.333328,W.MP,0.072762,0.168791,wind_uv
21.388901,79.166664,VID,0.380987,0.883799,wind_uv
21.388901,79.166664,E.MP,0.050092,0.116201,wind_uv
21.388901,80.0,VID,0.354186,0.821629,wind_uv
21.388901,80.0,E.MP,0.076892,0.178371,wind_uv
21.388901,80.833328,VID,0.039235,0.091015,wind_uv
21.388901,80.833328,CG,0.306807,0.711719,wind_uv
21.388901,80.833328,E.MP,0.08574,0.198896,wind_uv
21.388901,81.666664,CG,0.431078,1.0,wind_uv
21.388901,82.5,OD,0.011355,0.026342,wind_uv
21.388901,82.5,CG,0.419723,0.973658,wind_uv
21.388901,83.333328,OD,0.230914,0.535666,wind_uv
21.388901,83.333328,CG,0.200164,0.464334,wind_uv
21.388901,84.166664,OD,0.431078,1.0,wind_uv
21.388901,85.0,OD,0.431078,1.0,wind_uv
21.388901,85.833328,OD,0.431078,1.0,wind_uv
21.388901,86.666664,OD,0.379022,0.879243,wind_uv
21.388901,87.5,OD,0.049243,0.114233,wind_uv
21.388901,87.5,GWB,0.0097,0.022501,wind_uv
21.388901,88.333328,GWB,0.024238,0.056228,wind_uv
21.388901,89.166664,GWB,0.012149,0.028183,wind_uv
21.944456,69.166664,SAU/KCH,0.173203,0.403341,wind_uv
21.944456,70.0,SAU/KCH,0.429421,1.0,wind_uv
21.944456,70.833328,SAU/KCH,0.429421,1.0,wind_uv
21.944456,71.666664,GJ,0.036219,0.084344,wind_uv
21.944456,71.666664,SAU/KCH,0.393225,0.915711,wind_uv
21.944456,72.5,GJ,0.229695,0.534896,wind_uv
21.944456,72.5,SAU/KCH,0.055516,0.12928,wind_uv
21.944456,73.333328,GJ,0.429421,1.0,wind_uv
21.944456,74.166664,MDH.MH,0.16444,0.382935,wind_uv
21.944456,74.166664,GJ,0.137664,0.32058,wind_uv
21.944456,74.166664,W.MP,0.127056,0.295879,wind_uv
21.944456,75.0,MDH.MH,1.1e-05,2.6e-05,wind_uv
21.944456,75.0,W.MP,0.42941,0.999974,wind_uv
21.944456,75.833328,W.MP,0.429421,1.0,wind_uv
21.944456,76.666664,VID,0.002292,0.005337,wind_uv
21.944456,76.666664,W.MP,0.427129,0.994663,wind_uv
21.944456,77.5,VID,0.02967,0.069092,wind_uv
21.944456,77.5,W.MP,0.399751,0.930908,wind_uv
21.944456,78.333328,E.MP,0.175477,0.408636,wind_uv
21.944456,78.333328,W.MP,0.253935,0.591343,wind_uv
21.944456,79.166664,VID,0.005629,0.013109,wind_uv
21.944456,79.166664,E.MP,0.423792,0.986891,wind_uv
21.944456,80.0,E.MP,0.429421,1.0,wind_uv
21.944456,80.833328,CG,0.193969,0.451698,wind_uv
21.944456,80.833328,E.MP,0.235562,0.548558,wind_uv
21.944456,81.666664,CG,0.429421,1.0,wind_uv
21.944456,82.5,CG,0.429421,1.0,wind_uv
21.944456,83.333328,OD,0.102641,0.239022,wind_uv
21.944456,83.333328,CG,0.326877,0.761204,wind_uv
21.944456,84.166664,OD,0.429421,1.0,wind_uv
21.944456,85.0,OD,0.383235,0.892447,wind_uv
21.944456,85.0,JH,0.046185,0.107553,wind_uv
21.944456,85.833328,OD,0.341449,0.795139,wind_uv
21.944456,85.833328,JH,0.087972,0.204861,wind_uv
21.944456,86.666664,OD,0.377072,0.878095,wind_uv
21.944456,86.666664,GWB,0.051689,0.12037,wind_uv
21.944456,86.666664,JH,0.000451,0.001049,wind_uv
21.944456,87.5,OD,0.066123,0.153982,wind_uv
21.944456,87.5,GWB,0.354555,0.825659,wind_uv
21.944456,88.333328,GWB,0.303086,0.705801,wind_uv
21.944456,89.166664,GWB,0.11471,0.267128,wind_uv
21.944456,92.5,NE.HL,0.048319,0.112522,wind_uv
21.944456,93.333328,NE.HL,0.025335,0.058999,wind_uv
22.500011,69.166664,SAU/KCH,0.079098,0.184928,wind_uv
22.500011,70.0,SAU/KCH,0.255954,0.598411,wind_uv
22.500011,70.833328,SAU/KCH,0.427723,1.0,wind_uv
22.500011,71.666664,GJ,0.08821,0.206231,wind_uv
22.500011,71.666664,SAU/KCH,0.339611,0.793997,wind_uv
22.500011,72.5,GJ,0.401594,0.938911,wind_uv
22.500011,72.5,SAU/KCH,0.010543,0.024648,wind_uv
22.500011,73.333328,GJ,0.427723,1.0,wind_uv
22.500011,74.166664,GJ,0.235932,0.5516,wind_uv
22.500011,74.166664,W.MP,0.192217,0.449397,wind_uv
22.500011,75.0,W.MP,0.427723,1.0,wind_uv
22.500011,75.833328,W.MP,0.427723,1.0,wind_uv
22.500011,76.666664,W.MP,0.427723,1.0,wind_uv
22.500011,77.5,W.MP,0.427723,1.0,wind_uv
22.500011,78.333328,E.MP,0.141869,0.331684,wind_uv
22.500011,78.333328,W.MP,0.285854,0.668316,wind_uv
22.500011,79.166664,E.MP,0.427723,1.0,wind_uv
22.500011,80.0,E.MP,0.427723,1.0,wind_uv
22.500011,80.833328,CG,0.031394,0.073399,wind_uv
22.500011,80.833328,E.MP,0.395394,0.924416,wind_uv
22.500011,81.666664,CG,0.314156,0.734486,wind_uv
22.500011,81.666664,E.MP,0.113718,0.265867,wind_uv
22.500011,82.5,CG,0.427723,1.0,wind_uv
22.500011,83.333328,OD,0.001784,0.00417,wind_uv
22.500011,83.333328,CG,0.425939,0.99583,wind_uv
22.500011,84.166664,OD,0.120812,0.282454,wind_uv
22.500011,84.166664,CG,0.141497,0.330814,wind_uv
22.500011,84.166664,JH,0.165544,0.387036,wind_uv
22.500011,85.0,OD,0.100757,0.235566,wind_uv
22.500011,85.0,JH,0.326966,0.764434,wind_uv
22.500011,85.833328,OD,0.063856,0.149293,wind_uv
22.500011,85.833328,JH,0.363867,0.850707,wind_uv
22.500011,86.666664,OD,0.044458,0.103941,wind_uv
22.500011,86.666664,GWB,0.181242,0.423737,wind_uv
22.500011,86.666664,JH,0.202172,0.47267,wind_uv
22.500011,87.5,GWB,0.42739,0.999222,wind_uv
22.500011,88.333328,GWB,0.420584,0.983309,wind_uv
22.500011,89.166664,GWB,0.104306,0.243864,wind_uv
22.500011,92.5,NE.HL,0.189935,0.44406,wind_uv
22.500011,93.333328,NE.HL,0.119215,0.278719,wind_uv
23.055567,68.333328,SAU/KCH,0.024627,0.057813,wind_uv
23.055567,69.166664,SAU/KCH,0.336713,0.790434,wind_uv
23.055567,70.0,SAU/KCH,0.35123,0.824512,wind_uv
23.055567,70.833328,SAU/KCH,0.421791,0.990155,wind_uv
23.055567,71.666664,GJ,0.062091,0.145758,wind_uv
23.055567,71.666664,SAU/KCH,0.363895,0.854242,wind_uv
23.055567,72.5,GJ,0.425985,1.0,wind_uv
23.055567,73.333328,GJ,0.425985,1.0,wind_uv
23.055567,74.166664,GJ,0.276297,0.648607,wind_uv
23.055567,74.166664,W.MP,0.058421,0.137142,wind_uv
23.055567,74.166664,E.RJ,0.091255,0.21422,wind_uv
23.055567,75.0,W.MP,0.413983,0.971826,wind_uv
23.055567,75.0,E.RJ,0.012002,0.028174,wind_uv
23.055567,75.833328,W.MP,0.425985,1.0,wind_uv
23.055567,76.666664,W.MP,0.425985,1.0,wind_uv
23.055567,77.5,W.MP,0.425985,1.0,wind_uv
23.055567,78.333328,E.MP,0.042986,0.100909,wind_uv
23.055567,78.333328,W.MP,0.382999,0.899091,wind_uv
23.055567,79.166664,E.MP,0.417624,0.980372,wind_uv
23.055567,79.166664,W.MP,0.008361,0.019628,wind_uv
23.055567,80.0,E.MP,0.425985,1.0,wind_uv
23.055567,80.833328,E.MP,0.425985,1.0,wind_uv
23.055567,81.666664,CG,0.059886,0.140581,wind_uv
23.055567,81.666664,E.MP,0.366025,0.859245,wind_uv
23.055567,82.5,CG,0.409209,0.960618,wind_uv
23.055567,82.5,E.MP,0.01653,0.038805,wind_uv
23.055567,83.333328,CG,0.425985,1.0,wind_uv
23.055567,84.166664,CG,0.222581,0.52251,wind_uv
23.055567,84.166664,JH,0.203562,0.477861,wind_uv
23.055567,85.0,JH,0.425985,1.0,wind_uv
23.055567,85.833328,GWB,0.084955,0.199432,wind_uv
23.055567,85.833328,JH,0.341411,0.801462,wind_uv
23.055567,86.666664,GWB,0.382997,0.899086,wind_uv
23.055567,86.666664,JH,0.042934,0.100787,wind_uv
23.055567,87.5,GWB,0.425985,1.0,wind_uv
23.055567,88.333328,GWB,0.42398,0.995292,wind_uv
23.055567,89.166664,GWB,0.069713,0.163651,wind_uv
23.055567,91.666664,NE.HL,0.114245,0.268189,wind_uv
23.055567,92.5,NE.HL,0.264739,0.621474,wind_uv
23.055567,93.333328,NE.HL,0.17663,0.414639,wind_uv
23.611122,68.333328,SAU/KCH,0.155189,0.365834,wind_uv
23.611122,69.166664,SAU/KCH,0.424194,0.999968,wind_uv
23.611122,70.0,SAU/KCH,0.424207,1.0,wind_uv
23.611122,70.833328,GJ,0.03879,0.091441,wind_uv
23.611122,70.833328,SAU/KCH,0.385431,0.908592,wind_uv
23.611122,71.666664,GJ,0.302419,0.712903,wind_uv
23.611122,71.666664,SAU/KCH,0.121805,0.287136,wind_uv
23.611122,72.5,GJ,0.424207,1.0,wind_uv
23.611122,73.333328,GJ,0.32989,0.777663,wind_uv
23.611122,73.333328,E.RJ,0.094317,0.222337,wind_uv
23.611122,74.166664,GJ,0.012498,0.029461,wind_uv
23.611122,74.166664,W.MP,0.001908,0.004498,wind_uv
23.611122,74.166664,E.RJ,0.409552,0.965452,wind_uv
23.611122,75.0,W.MP,0.309563,0.729744,wind_uv
23.611122,75.0,E.RJ,0.114645,0.270256,wind_uv
23.611122,75.833328,W.MP,0.408625,0.963267,wind_uv
23.611122,75.833328,E.RJ,0.015582,0.036733,wind_uv
23.611122,76.666664,W.MP,0.424207,1.0,wind_uv
23.611122,77.5,W.MP,0.424207,1.0,wind_uv
23.611122,78.333328,E.MP,0.135764,0.320042,wind_uv
23.611122,78.333328,W.MP,0.288443,0.679958,wind_uv
23.611122,79.166664,E.MP,0.424207,1.0,wind_uv
23.611122,80.0,E.MP,0.424207,1.0,wind_uv
23.611122,80.833328,E.MP,0.424207,1.0,wind_uv
23.611122,81.666664,CG,0.144134,0.339772,wind_uv
23.611122,81.666664,E.MP,0.280365,0.660915,wind_uv
23.611122,82.5,CG,0.382464,0.901597,wind_uv
23.611122,82.5,E.MP,0.041533,0.097908,wind_uv
23.611122,83.333328,CG,0.411594,0.970266,wind_uv
23.611122,83.333328,JH,0.011102,0.02617,wind_uv
23.611122,83.333328,E.UP,0.001298,0.00306,wind_uv
23.611122,84.166664,CG,0.062628,0.147634,wind_uv
23.611122,84.166664,JH,0.361529,0.852247,wind_uv
23.611122,85.0,JH,0.424207,1.0,wind_uv
23.611122,85.833328,GWB,0.057738,0.136108,wind_uv
23.611122,85.833328,JH,0.367024,0.865199,wind_uv
23.611122,86.666664,GWB,0.270071,0.636649,wind_uv
23.611122,86.666664,JH,0.154136,0.363351,wind_uv
23.611122,87.5,GWB,0.414793,0.977809,wind_uv
23.611122,87.5,JH,0.00909,0.021428,wind_uv
23.611122,88.333328,GWB,0.375084,0.884199,wind_uv
23.611122,89.166664,GWB,0.00308,0.007259,wind_uv
23.611122,90.833328,NE.HL,0.016948,0.039951,wind_uv
23.611122,91.666664,NE.HL,0.369148,0.870207,wind_uv
23.611122,92.5,NE.HL,0.343359,0.809414,wind_uv
23.611122,93.333328,NE.HL,0.250936,0.591541,wind_uv
23.611122,94.166664,NE.HL,0.002418,0.0057,wind_uv
24.166677,68.333328,SAU/KCH,0.026036,0.061639,wind_uv
24.166677,69.166664,SAU/KCH,0.285335,0.675525,wind_uv
24.166677,70.0,SAU/KCH,0.270831,0.641189,wind_uv
24.166677,70.833328,GJ,0.003752,0.008884,wind_uv
24.166677,70.833328,SAU/KCH,0.332708,0.78768,wind_uv
24.166677,71.666664,GJ,0.386851,0.915863,wind_uv
24.166677,71.666664,SAU/KCH,0.035306,0.083586,wind_uv
24.166677,72.5,GJ,0.404258,0.957075,wind_uv
24.166677,72.5,E.RJ,0.018131,0.042925,wind_uv
24.166677,73.333328,GJ,0.146563,0.346985,wind_uv
24.166677,73.333328,E.RJ,0.275844,0.653057,wind_uv
24.166677,74.166664,E.RJ,0.422389,1.0,wind_uv
24.166677,75.0,W.MP,0.265409,0.628352,wind_uv
24.166677,75.0,E.RJ,0.15698,0.371648,wind_uv
24.166677,75.833328,W.MP,0.218246,0.516695,wind_uv
24.166677,75.833328,E.RJ,0.204143,0.483305,wind_uv
24.166677,76.666664,W.MP,0.281262,0.665883,wind_uv
24.166677,76.666664,E.RJ,0.141127,0.334117,wind_uv
24.166677,77.5,W.MP,0.422389,1.0,wind_uv
24.166677,78.333328,E.MP,0.241355,0.571403,wind_uv
24.166677,78.333328,W.UP,0.052794,0.124989,wind_uv
24.166677,78.333328,W.MP,0.128408,0.304003,wind_uv
24.166677,79.166664,E.MP,0.380845,0.901645,wind_uv
24.166677,79.166664,W.UP,0.041171,0.097472,wind_uv
24.166677,80.0,E.MP,0.422389,1.0,wind_uv
24.166677,80.833328,E.MP,0.422389,1.0,wind_uv
24.166677,81.666664,CG,0.001333,0.003157,wind_uv
24.166677,81.666664,E.MP,0.421056,0.996843,wind_uv
24.166677,82.5,CG,0.009506,0.022505,wind_uv
24.166677,82.5,E.MP,0.336643,0.796997,wind_uv
24.166677,82.5,E.UP,0.077533,0.183559,wind_uv
24.166677,83.333328,CG,0.049966,0.118293,wind_uv
24.166677,83.333328,JH,0.159591,0.37783,wind_uv
24.166677,83.333328,E.UP,0.213712,0.505959,wind_uv
24.166677,84.166664,JH,0.402703,0.953394,wind_uv
24.166677,84.166664,BR,0.019686,0.046606,wind_uv
24.166677,85.0,JH,0.407683,0.965183,wind_uv
24.166677,85.0,BR,0.014706,0.034817,wind_uv
24.166677,85.833328,JH,0.422389,1.0,wind_uv
24.166677,86.666664,JH,0.417117,0.987519,wind_uv
24.166677,86.666664,BR,0.005486,0.012988,wind_uv
24.166677,87.5,GWB,0.169869,0.402162,wind_uv
24.166677,87.5,JH,0.252353,0.597442,wind_uv
24.166677,88.333328,GWB,0.373718,0.884772,wind_uv
24.166677,89.166664,GWB,0.000418,0.00099,wind_uv
24.166677,90.833328,NE.HL,0.000283,0.000671,wind_uv
24.166677,91.666664,NE.HL,0.20202,0.478279,wind_uv
24.166677,92.5,NE.HL,0.328455,0.777613,wind_uv
24.166677,92.5,ASM,0.090218,0.213591,wind_uv
24.166677,93.333328,NE.HL,0.375216,0.888317,wind_uv
24.166677,93.333328,ASM,0.005015,0.011874,wind_uv
24.166677,94.166664,NE.HL,0.253714,0.600665,wind_uv
24.722233,70.833328,SAU/KCH,0.048961,0.116427,wind_uv
24.722233,70.833328,W.RJ,0.076008,0.180742,wind_uv
24.722233,71.666664,GJ,0.152094,0.361671,wind_uv
24.722233,71.666664,SAU/KCH,0.00956,0.022734,wind_uv
24.722233,71.666664,W.RJ,0.259208,0.616381,wind_uv
24.722233,72.5,GJ,0.049805,0.118432,wind_uv
24.722233,72.5,E.RJ,0.243279,0.578503,wind_uv
24.722233,72.5,W.RJ,0.126355,0.300466,wind_uv
24.722233,73.333328,GJ,0.003072,0.007304,wind_uv
24.722233,73.333328,E.RJ,0.372474,0.885722,wind_uv
24.722233,73.333328,W.RJ,0.045006,0.107023,wind_uv
24.722233,74.166664,E.RJ,0.420532,1.0,wind_uv
24.722233,75.0,W.MP,0.226754,0.539208,wind_uv
24.722233,75.0,E.RJ,0.194017,0.46136,wind_uv
24.722233,75.833328,W.MP,0.11392,0.270895,wind_uv
24.722233,75.833328,E.RJ,0.306612,0.729105,wind_uv
24.722233,76.666664,W.MP,0.068163,0.162089,wind_uv
24.722233,76.666664,E.RJ,0.352368,0.837911,wind_uv
24.722233,77.5,W.MP,0.420532,1.0,wind_uv
24.722233,78.333328,E.MP,0.010784,0.025643,wind_uv
24.722233,78.333328,W.UP,0.243562,0.579177,wind_uv
24.722233,78.333328,W.MP,0.165405,0.393322,wind_uv
24.722233,79.166664,E.MP,0.388232,0.923194,wind_uv
24.722233,79.166664,W.UP,0.032443,0.077148,wind_uv
24.722233,80.0,E.MP,0.420531,0.999998,wind_uv
24.722233,80.0,E.UP,1e-06,2e-06,wind_uv
24.722233,80.833328,E.MP,0.397807,0.945962,wind_uv
24.722233,80.833328,E.UP,0.022633,0.05382,wind_uv
24.722233,81.666664,E.MP,0.395978,0.941612,wind_uv
24.722233,81.666664,E.UP,0.024554,0.058388,wind_uv
24.722233,82.5,E.MP,0.150113,0.35696,wind_uv
24.722233,82.5,E.UP,0.270515,0.64327,wind_uv
24.722233,83.333328,JH,0.022383,0.053225,wind_uv
24.722233,83.333328,BR,0.136017,0.323441,wind_uv
24.722233,83.333328,E.UP,0.262237,0.623583,wind_uv
24.722233,84.166664,JH,0.053523,0.127276,wind_uv
24.722233,84.166664,BR,0.367008,0.872724,wind_uv
24.722233,85.0,JH,0.022074,0.052492,wind_uv
24.722233,85.0,BR,0.398457,0.947508,wind_uv
24.722233,85.833328,JH,0.178599,0.424698,wind_uv
24.722233,85.833328,BR,0.241933,0.575302,wind_uv
24.722233,86.666664,JH,0.084118,0.200027,wind_uv
24.722233,86.666664,BR,0.336782,0.800849,wind_uv
24.722233,87.5,GWB,0.018184,0.04324,wind_uv
24.722233,87.5,JH,0.390988,0.929746,wind_uv
24.722233,87.5,BR,0.011084,0.026356,wind_uv
24.722233,87.5,SIK/NWB,0.000212,0.000505,wind_uv
24.722233,88.333328,GWB,0.044584,0.106019,wind_uv
24.722233,88.333328,JH,0.004593,0.010922,wind_uv
24.722233,88.333328,SIK/NWB,0.067248,0.159911,wind_uv
24.722233,92.5,NE.HL,0.00624,0.014839,wind_uv
24.722233,92.5,ASM,0.313322,0.745062,wind_uv
24.722233,93.333328,NE.HL,0.311235,0.7401,wind_uv
24.722233,93.333328,ASM,0.109296,0.2599,wind_uv
24.722233,94.166664,NE.HL,0.39539,0.940215,wind_uv
24.722233,95.0,NE.HL,0.020429,0.04858,wind_uv
25.27779,70.833328,W.RJ,0.236719,0.565455,wind_uv
25.27779,71.666664,W.RJ,0.418635,1.0,wind_uv
25.27779,72.5,E.RJ,0.04463,0.106608,wind_uv
25.27779,72.5,W.RJ,0.374005,0.893392,wind_uv
25.27779,73.333328,E.RJ,0.09676,0.231131,wind_uv
25.27779,73.333328,W.RJ,0.321875,0.768869,wind_uv
25.27779,74.166664,E.RJ,0.414093,0.989153,wind_uv
25.27779,74.166664,W.RJ,0.004541,0.010847,wind_uv
25.27779,75.0,W.MP,0.005911,0.014119,wind_uv
25.27779,75.0,E.RJ,0.412724,0.985881,wind_uv
25.27779,75.833328,E.RJ,0.418635,1.0,wind_uv
25.27779,76.666664,W.MP,0.118036,0.281956,wind_uv
25.27779,76.666664,E.RJ,0.300553,0.717936,wind_uv
25.27779,77.5,W.MP,0.345313,0.824857,wind_uv
25.27779,77.5,E.RJ,0.073653,0.175936,wind_uv
25.27779,78.333328,E.MP,0.060693,0.144978,wind_uv
25.27779,78.333328,W.UP,0.128665,0.307344,wind_uv
25.27779,78.333328,W.MP,0.2288,0.546538,wind_uv
25.27779,79.166664,E.MP,0.175423,0.419037,wind_uv
25.27779,79.166664,W.UP,0.243211,0.580963,wind_uv
25.27779,80.0,E.MP,0.182524,0.435998,wind_uv
25.27779,80.0,E.UP,0.055981,0.133722,wind_uv
25.27779,80.0,W.UP,0.179989,0.429944,wind_uv
25.27779,80.833328,E.MP,0.037183,0.088819,wind_uv
25.27779,80.833328,E.UP,0.381465,0.911213,wind_uv
25.27779,81.666664,E.MP,0.05416,0.129373,wind_uv
25.27779,81.666664,E.UP,0.364735,0.871248,wind_uv
25.27779,82.5,E.UP,0.418635,1.0,wind_uv
25.27779,83.333328,BR,0.109165,0.260766,wind_uv
25.27779,83.333328,E.UP,0.309482,0.739266,wind_uv
25.27779,84.166664,BR,0.403788,0.964535,wind_uv
25.27779,84.166664,E.UP,0.014847,0.035465,wind_uv
25.27779,85.0,BR,0.418635,1.0,wind_uv
25.27779,85.833328,BR,0.418635,1.0,wind_uv
25.27779,86.666664,BR,0.418635,1.0,wind_uv
25.27779,87.5,JH,0.130361,0.311396,wind_uv
25.27779,87.5,BR,0.243069,0.580623,wind_uv
25.27779,87.5,SIK/NWB,0.044744,0.106881,wind_uv
25.27779,88.333328,BR,0.005288,0.012632,wind_uv
25.27779,88.333328,SIK/NWB,0.347394,0.829827,wind_uv
25.27779,89.166664,SIK/NWB,0.043366,0.10359,wind_uv
25.27779,90.0,ASM,0.165655,0.395704,wind_uv
25.27779,90.833328,ASM,0.285866,0.682854,wind_uv
25.27779,91.666664,ASM,0.292161,0.697891,wind_uv
25.27779,92.5,ASM,0.38798,0.926775,wind_uv
25.27779,93.333328,NE.HL,0.184421,0.44053,wind_uv
25.27779,93.333328,ASM,0.234605,0.560405,wind_uv
25.27779,94.166664,NE.HL,0.418635,1.0,wind_uv
25.27779,95.0,NE.HL,0.053333,0.127398,wind_uv
25.833345,70.0,W.RJ,0.100426,0.241004,wind_uv
25.833345,70.833328,W.RJ,0.385153,0.924297,wind_uv
25.833345,71.666664,W.RJ,0.416698,1.0,wind_uv
25.833345,72.5,W.RJ,0.416698,1.0,wind_uv
25.833345,73.333328,W.RJ,0.416698,1.0,wind_uv
25.833345,74.166664,E.RJ,0.278576,0.668532,wind_uv
25.833345,74.166664,W.RJ,0.138122,0.331468,wind_uv
25.833345,75.0,E.RJ,0.416698,1.0,wind_uv
25.833345,75.833328,E.RJ,0.416698,1.0,wind_uv
25.833345,76.666664,W.MP,0.214586,0.514969,wind_uv
25.833345,76.666664,E.RJ,0.201461,0.483469,wind_uv
25.833345,77.5,W.MP,0.416698,1.0,wind_uv
25.833345,78.333328,W.UP,0.005171,0.012408,wind_uv
25.833345,78.333328,W.MP,0.411517,0.987565,wind_uv
25.833345,79.166664,W.UP,0.359567,0.862897,wind_uv
25.833345,79.166664,W.MP,0.057131,0.137103,wind_uv
25.833345,80.0,E.UP,0.093294,0.223888,wind_uv
25.833345,80.0,W.UP,0.323453,0.776229,wind_uv
25.833345,80.833328,E.UP,0.416698,1.0,wind_uv
25.833345,81.666664,E.UP,0.416698,1.0,wind_uv
25.833345,82.5,E.UP,0.416698,1.0,wind_uv
25.833345,83.333328,E.UP,0.416698,1.0,wind_uv
25.833345,84.166664,BR,0.14307,0.343341,wind_uv
25.833345,84.166664,E.UP,0.273628,0.656659,wind_uv
25.833345,85.0,BR,0.413778,0.992992,wind_uv
25.833345,85.0,E.UP,0.00292,0.007008,wind_uv
25.833345,85.833328,BR,0.416698,1.0,wind_uv
25.833345,86.666664,BR,0.416698,1.0,wind_uv
25.833345,87.5,BR,0.400777,0.961794,wind_uv
25.833345,87.5,SIK/NWB,0.015827,0.037981,wind_uv
25.833345,88.333328,BR,0.021409,0.051377,wind_uv
25.833345,88.333328,SIK/NWB,0.14328,0.343847,wind_uv
25.833345,89.166664,SIK/NWB,0.02794,0.06705,wind_uv
25.833345,90.0,ASM,0.287572,0.690122,wind_uv
25.833345,90.0,SIK/NWB,0.003541,0.008497,wind_uv
25.833345,90.833328,ASM,0.416698,1.0,wind_uv
25.833345,91.666664,ASM,0.416698,1.0,wind_uv
25.833345,92.5,ASM,0.416698,1.0,wind_uv
25.833345,93.333328,NE.HL,0.061846,0.14842,wind_uv
25.833345,93.333328,ASM,0.354875,0.851635,wind_uv
25.833345,94.166664,NE.HL,0.369237,0.886103,wind_uv
25.833345,94.166664,ASM,0.047461,0.113897,wind_uv
25.833345,95.0,NE.HL,0.226186,0.542805,wind_uv
26.388901,70.0,W.RJ,0.152918,0.368725,wind_uv
26.388901,70.833328,W.RJ,0.414722,1.0,wind_uv
26.388901,71.666664,W.RJ,0.414722,1.0,wind_uv
26.388901,72.5,W.RJ,0.414722,1.0,wind_uv
26.388901,73.333328,W.RJ,0.414722,1.0,wind_uv
26.388901,74.166664,E.RJ,0.097366,0.234775,wind_uv
26.388901,74.166664,W.RJ,0.317356,0.765225,wind_uv
26.388901,75.0,E.RJ,0.407483,0.982544,wind_uv
26.388901,75.0,W.RJ,0.00724,0.017456,wind_uv
26.388901,75.833328,E.RJ,0.414722,1.0,wind_uv
26.388901,76.666664,W.MP,0.004667,0.011254,wind_uv
26.388901,76.666664,E.RJ,0.410055,0.988746,wind_uv
26.388901,77.5,W.MP,0.220555,0.531814,wind_uv
26.388901,77.5,E.RJ,0.194167,0.468186,wind_uv
26.388901,78.333328,W.MP,0.414399,0.99922,wind_uv
26.388901,78.333328,E.RJ,0.000323,0.00078,wind_uv
26.388901,79.166664,E.UP,0.006366,0.015351,wind_uv
26.388901,79.166664,W.UP,0.260423,0.627946,wind_uv
26.388901,79.166664,W.MP,0.147999,0.356862,wind_uv
26.388901,80.0,E.UP,0.384364,0.926799,wind_uv
26.388901,80.0,W.UP,0.030312,0.07309,wind_uv
26.388901,80.833328,E.UP,0.414722,1.0,wind_uv
26.388901,81.666664,E.UP,0.414722,1.0,wind_uv
26.388901,82.5,E.UP,0.414722,1.0,wind_uv
26.388901,83.333328,E.UP,0.414722,1.0,wind_uv
26.388901,84.166664,BR,0.243969,0.588271,wind_uv
26.388901,84.166664,E.UP,0.170746,0.411712,wind_uv
26.388901,85.0,BR,0.414722,1.0,wind_uv
26.388901,85.833328,BR,0.395139,0.95278,wind_uv
26.388901,86.666664,BR,0.304644,0.734574,wind_uv
26.388901,87.5,BR,0.228857,0.551831,wind_uv
26.388901,88.333328,BR,0.075905,0.183026,wind_uv
26.388901,88.333328,SIK/NWB,0.16767,0.404295,wind_uv
26.388901,89.166664,SIK/NWB,0.343111,0.827326,wind_uv
26.388901,90.0,ASM,0.302038,0.728289,wind_uv
26.388901,90.0,SIK/NWB,0.103593,0.249788,wind_uv
26.388901,90.833328,ASM,0.414722,1.0,wind_uv
26.388901,91.666664,ASM,0.414722,1.0,wind_uv
26.388901,92.5,ASM,0.414722,1.0,wind_uv
26.388901,93.333328,ASM,0.414722,1.0,wind_uv
26.388901,94.166664,NE.HL,0.191663,0.462148,wind_uv
26.388901,94.166664,ASM,0.222711,0.537012,wind_uv
26.388901,95.0,NE.HL,0.27045,0.652123,wind_uv
26.388901,95.0,AR,0.000815,0.001964,wind_uv
26.944456,69.166664,W.RJ,0.025608,0.062049,wind_uv
26.944456,70.0,W.RJ,0.408939,0.990869,wind_uv
26.944456,70.833328,W.RJ,0.412708,1.0,wind_uv
26.944456,71.666664,W.RJ,0.412708,1.0,wind_uv
26.944456,72.5,W.RJ,0.412708,1.0,wind_uv
26.944456,73.333328,W.RJ,0.412708,1.0,wind_uv
26.944456,74.166664,W.RJ,0.412708,1.0,wind_uv
26.944456,75.0,E.RJ,0.212832,0.515697,wind_uv
26.944456,75.0,W.RJ,0.199875,0.484303,wind_uv
26.944456,75.833328,E.RJ,0.412708,1.0,wind_uv
26.944456,76.666664,E.RJ,0.412708,1.0,wind_uv
26.944456,77.5,W.UP,0.101203,0.245218,wind_uv
26.944456,77.5,E.RJ,0.311414,0.754563,wind_uv
26.944456,78.333328,W.UP,0.281305,0.681607,wind_uv
26.944456,78.333328,W.MP,0.080466,0.194971,wind_uv
26.944456,78.333328,E.RJ,0.051575,0.124967,wind_uv
26.944456,79.166664,E.UP,0.05587,0.135375,wind_uv
26.944456,79.166664,W.UP,0.345133,0.836265,wind_uv
26.944456,79.166664,W.MP,0.011704,0.02836,wind_uv
26.944456,80.0,E.UP,0.387949,0.94001,wind_uv
26.944456,80.0,W.UP,0.024798,0.060086,wind_uv
26.944456,80.833328,E.UP,0.412708,1.0,wind_uv
26.944456,81.666664,E.UP,0.412708,1.0,wind_uv
26.944456,82.5,E.UP,0.412708,1.0,wind_uv
26.944456,83.333328,E.UP,0.412708,1.0,wind_uv
26.944456,84.166664,BR,0.233127,0.564872,wind_uv
26.944456,84.166664,E.UP,0.179581,0.435128,wind_uv
26.944456,85.0,BR,0.192985,0.467607,wind_uv
26.944456,85.833328,BR,0.04441,0.107606,wind_uv
26.944456,88.333328,SIK/NWB,0.31678,0.767566,wind_uv
26.944456,89.166664,SIK/NWB,0.177306,0.429616,wind_uv
26.944456,90.0,ASM,0.060643,0.14694,wind_uv
26.944456,90.0,SIK/NWB,0.017018,0.041234,wind_uv
26.944456,90.833328,ASM,0.098943,0.239742,wind_uv
26.944456,91.666664,ASM,0.122248,0.296209,wind_uv
26.944456,91.666664,AR,0.006499,0.015748,wind_uv
26.944456,92.5,ASM,0.21674,0.525165,wind_uv
26.944456,92.5,AR,0.191603,0.464258,wind_uv
26.944456,93.333328,ASM,0.207825,0.503566,wind_uv
26.944456,93.333328,AR,0.204882,0.496434,wind_uv
26.944456,94.166664,NE.HL,0.001825,0.004422,wind_uv
26.944456,94.166664,ASM,0.397907,0.964138,wind_uv
26.944456,94.166664,AR,0.012981,0.031452,wind_uv
26.944456,95.0,NE.HL,0.115843,0.280689,wind_uv
26.944456,95.0,ASM,0.224978,0.545126,wind_uv
26.944456,95.0,AR,0.071101,0.172279,wind_uv
26.944456,95.833328,ASM,0.003935,0.009534,wind_uv
26.944456,95.833328,AR,0.162035,0.392615,wind_uv
26.944456,96.666664,AR,0.013989,0.033895,wind_uv
26.944456,97.499992,AR,0.006018,0.014583,wind_uv
27.500011,70.0,W.RJ,0.24055,0.585773,wind_uv
27.500011,70.833328,W.RJ,0.397265,0.967394,wind_uv
27.500011,71.666664,W.RJ,0.410654,1.0,wind_uv
27.500011,72.5,W.RJ,0.410654,1.0,wind_uv
27.500011,73.333328,W.RJ,0.410654,1.0,wind_uv
27.500011,74.166664,W.RJ,0.410654,1.0,wind_uv
27.500011,75.0,E.RJ,0.278966,0.67932,wind_uv
27.500011,75.0,W.RJ,0.131689,0.32068,wind_uv
27.500011,75.833328,E.RJ,0.410654,1.0,wind_uv
27.500011,76.666664,E.RJ,0.398358,0.970056,wind_uv
27.500011,76.666664,HR/DL,0.012327,0.030018,wind_uv
27.500011,77.5,W.UP,0.239521,0.583268,wind_uv
27.500011,77.5,E.RJ,0.1711,0.416652,wind_uv
27.500011,77.5,HR/DL,9.7e-05,0.000237,wind_uv
27.500011,78.333328,W.UP,0.410654,1.0,wind_uv
27.500011,79.166664,E.UP,0.128421,0.312723,wind_uv
27.500011,79.166664,W.UP,0.282397,0.687676,wind_uv
27.500011,80.0,E.UP,0.362311,0.882278,wind_uv
27.500011,80.0,W.UP,0.048343,0.117722,wind_uv
27.500011,80.833328,E.UP,0.410654,1.0,wind_uv
27.500011,81.666664,E.UP,0.410654,1.0,wind_uv
27.500011,82.5,E.UP,0.341234,0.830953,wind_uv
27.500011,83.333328,E.UP,0.159282,0.387874,wind_uv
27.500011,84.166664,BR,0.121392,0.295607,wind_uv
27.500011,84.166664,E.UP,0.02096,0.05104,wind_uv
27.500011,85.0,BR,0.007716,0.018789,wind_uv
27.500011,88.333328,SIK/NWB,0.327807,0.798256,wind_uv
27.500011,89.166664,SIK/NWB,0.042639,0.103833,wind_uv
27.500011,91.666664,AR,0.127933,0.311534,wind_uv
27.500011,92.5,AR,0.409636,0.99752,wind_uv
27.500011,93.333328,AR,0.410654,1.0,wind_uv
27.500011,94.166664,ASM,0.159104,0.38744,wind_uv
27.500011,94.166664,AR,0.25155,0.61256,wind_uv
27.500011,95.0,ASM,0.377666,0.919669,wind_uv
27.500011,95.0,AR,0.032988,0.080331,wind_uv
27.500011,95.833328,ASM,0.211996,0.516239,wind_uv
27.500011,95.833328,AR,0.194817,0.474406,wind_uv
27.500011,96.666664,AR,0.306589,0.746588,wind_uv
27.500011,97.499992,AR,0.000653,0.001589,wind_uv
28.055567,70.0,W.RJ,0.03749,0.091762,wind_uv
28.055567,70.833328,W.RJ,0.059194,0.144883,wind_uv
28.055567,71.666664,W.RJ,0.128524,0.314576,wind_uv
28.055567,72.5,W.RJ,0.406666,0.995359,wind_uv
28.055567,73.333328,W.RJ,0.408562,1.0,wind_uv
28.055567,74.166664,W.RJ,0.408562,1.0,wind_uv
28.055567,75.0,E.RJ,0.26586,0.650722,wind_uv
28.055567,75.0,W.RJ,0.142702,0.349278,wind_uv
28.055567,75.833328,E.RJ,0.310363,0.759647,wind_uv
28.055567,75.833328,HR/DL,0.098064,0.240022,wind_uv
28.055567,76.666664,E.RJ,0.198644,0.486203,wind_uv
28.055567,76.666664,HR/DL,0.209968,0.51392,wind_uv
28.055567,77.5,W.UP,0.216355,0.529552,wind_uv
28.055567,77.5,E.RJ,0.003351,0.008203,wind_uv
28.055567,77.5,HR/DL,0.189566,0.463984,wind_uv
28.055567,78.333328,W.UP,0.408562,1.0,wind_uv
28.055567,79.166664,W.UP,0.408562,1.0,wind_uv
28.055567,80.0,E.UP,0.109394,0.267753,wind_uv
28.055567,80.0,W.UP,0.299169,0.732247,wind_uv
28.055567,80.833328,E.UP,0.407958,0.998522,wind_uv
28.055567,81.666664,E.UP,0.175461,0.42946,wind_uv
28.055567,82.5,E.UP,0.012805,0.031343,wind_uv
28.055567,88.333328,SIK/NWB,0.127501,0.312072,wind_uv
28.055567,89.166664,SIK/NWB,0.026436,0.064706,wind_uv
28.055567,91.666664,AR,0.010511,0.025726,wind_uv
28.055567,92.5,AR,0.106406,0.26044,wind_uv
28.055567,93.333328,AR,0.396229,0.969813,wind_uv
28.055567,94.166664,AR,0.408562,1.0,wind_uv
28.055567,95.0,ASM,0.016493,0.040369,wind_uv
28.055567,95.0,AR,0.392069,0.959631,wind_uv
28.055567,95.833328,ASM,0.067319,0.164771,wind_uv
28.055567,95.833328,AR,0.341243,0.835229,wind_uv
28.055567,96.666664,AR,0.407463,0.99731,wind_uv
28.055567,97.499992,AR,0.106974,0.26183,wind_uv
28.611122,72.5,W.RJ,0.292989,0.720881,wind_uv
28.611122,73.333328,W.RJ,0.406432,1.0,wind_uv
28.611122,74.166664,W.RJ,0.406432,1.0,wind_uv
28.611122,75.0,E.RJ,0.014446,0.035544,wind_uv
28.611122,75.0,W.RJ,0.391985,0.964456,wind_uv
28.611122,75.833328,E.RJ,0.038838,0.095558,wind_uv
28.611122,75.833328,W.RJ,0.071171,0.175111,wind_uv
28.611122,75.833328,HR/DL,0.295972,0.728222,wind_uv
28.611122,76.666664,HR/DL,0.406432,1.0,wind_uv
28.611122,77.5,W.UP,0.284849,0.700854,wind_uv
28.611122,77.5,HR/DL,0.121582,0.299146,wind_uv
28.611122,78.333328,W.UP,0.406432,1.0,wind_uv
28.611122,79.166664,W.UP,0.401799,0.988601,wind_uv
28.611122,80.0,E.UP,0.015201,0.037401,wind_uv
28.611122,80.0,W.UP,0.313491,0.771326,wind_uv
28.611122,80.833328,E.UP,0.130554,0.32122,wind_uv
28.611122,80.833328,W.UP,0.00042,0.001032,wind_uv
28.611122,93.333328,AR,0.139052,0.342129,wind_uv
28.611122,94.166664,AR,0.362385,0.891626,wind_uv
28.611122,95.0,AR,0.406432,1.0,wind_uv
28.611122,95.833328,AR,0.406432,1.0,wind_uv
28.611122,96.666664,AR,0.1357,0.333882,wind_uv
28.611122,97.499992,AR,0.000855,0.002104,wind_uv
29.166677,72.5,W.RJ,0.017783,0.043989,wind_uv
29.166677,73.333328,W.RJ,0.346406,0.856883,wind_uv
29.166677,74.166664,W.RJ,0.403127,0.99719,wind_uv
29.166677,74.166664,HR/DL,0.001136,0.00281,wind_uv
29.166677,75.0,W.RJ,0.299467,0.740772,wind_uv
29.166677,75.0,HR/DL,0.104796,0.259228,wind_uv
29.166677,75.833328,W.RJ,0.010761,0.026619,wind_uv
29.166677,75.833328,HR/DL,0.393502,0.973381,wind_uv
29.166677,76.666664,HR/DL,0.404263,1.0,wind_uv
29.166677,77.5,W.UP,0.36475,0.90226,wind_uv
29.166677,77.5,HR/DL,0.039513,0.09774,wind_uv
29.166677,78.333328,W.UP,0.403899,0.9991,wind_uv
29.166677,79.166664,W.UP,0.13598,0.336365,wind_uv
29.166677,94.166664,AR,0.103045,0.254896,wind_uv
29.166677,95.0,AR,0.20244,0.500762,wind_uv
29.166677,95.833328,AR,0.285371,0.705903,wind_uv
29.166677,96.666664,AR,0.039846,0.098564,wind_uv
29.722235,73.333328,W.RJ,0.199758,0.49684,wind_uv
29.722235,74.166664,W.RJ,0.363602,0.904357,wind_uv
29.722235,74.166664,HR/DL,0.011975,0.029784,wind_uv
29.722235,74.166664,PB,0.024161,0.060095,wind_uv
29.722235,75.0,W.RJ,0.004192,0.010427,wind_uv
29.722235,75.0,HR/DL,0.282317,0.702184,wind_uv
29.722235,75.0,PB,0.115539,0.28737,wind_uv
29.722235,75.833328,HR/DL,0.247117,0.614633,wind_uv
29.722235,75.833328,PB,0.155083,0.385725,wind_uv
29.722235,76.666664,HR/DL,0.402052,0.999989,wind_uv
29.722235,77.5,W.UP,0.32227,0.801555,wind_uv
29.722235,77.5,HR/DL,0.03535,0.087923,wind_uv
29.722235,78.333328,W.UP,0.151473,0.376746,wind_uv
29.722235,79.166664,W.UP,0.003375,0.008396,wind_uv
29.722235,95.833328,AR,0.000544,0.001353,wind_uv
30.27779,73.333328,W.RJ,0.005274,0.013191,wind_uv
30.27779,74.166664,W.RJ,0.017447,0.043637,wind_uv
30.27779,74.166664,PB,0.303017,0.7579,wind_uv
30.27779,75.0,PB,0.399812,1.0,wind_uv
30.27779,75.833328,HR/DL,0.002614,0.006538,wind_uv
30.27779,75.833328,PB,0.397198,0.993462,wind_uv
30.27779,76.666664,HR/DL,0.211607,0.529266,wind_uv
30.27779,76.666664,PB,0.188198,0.470715,wind_uv
30.27779,77.5,W.UP,0.120317,0.300933,wind_uv
30.27779,77.5,HR/DL,0.160712,0.401968,wind_uv
30.27779,77.5,HP,0.059496,0.148811,wind_uv
30.27779,78.333328,W.UP,0.000627,0.001569,wind_uv
30.833345,74.166664,PB,0.114432,0.287857,wind_uv
30.833345,75.0,PB,0.39234,0.986946,wind_uv
30.833345,75.833328,PB,0.39753,1.0,wind_uv
30.833345,76.666664,HR/DL,0.06185,0.155586,wind_uv
30.833345,76.666664,PB,0.243279,0.611977,wind_uv
30.833345,76.666664,HP,0.091861,0.231079,wind_uv
30.833345,77.5,HR/DL,0.010797,0.027161,wind_uv
30.833345,77.5,HP,0.321645,0.809108,wind_uv
30.833345,79.166664,HP,0.000773,0.001945,wind_uv
31.388901,74.166664,PB,0.013282,0.033608,wind_uv
31.388901,75.0,PB,0.387931,0.981581,wind_uv
31.388901,75.833328,PB,0.353324,0.894016,wind_uv
31.388901,75.833328,HP,0.041886,0.105984,wind_uv
31.388901,76.666664,PB,0.065166,0.16489,wind_uv
31.388901,76.666664,HP,0.330002,0.835005,wind_uv
31.388901,77.5,HP,0.394301,0.997698,wind_uv
31.388901,78.333328,HP,0.320666,0.811382,wind_uv
31.388901,79.166664,HP,0.044246,0.111956,wind_uv
31.944456,74.166664,PB,0.005757,0.014654,wind_uv
31.944456,75.0,PB,0.266545,0.678484,wind_uv
31.944456,75.833328,PB,0.196966,0.501372,wind_uv
31.944456,75.833328,HP,0.195888,0.498628,wind_uv
31.944456,76.666664,HP,0.392854,1.0,wind_uv
31.944456,77.5,HP,0.392854,1.0,wind_uv
31.944456,78.333328,HP,0.371771,0.946336,wind_uv
31.944456,79.166664,HP,0.00226,0.005753,wind_uv
32.500011,74.166664,J&K,0.002637,0.006753,wind_uv
32.500011,75.0,PB,0.005816,0.014895,wind_uv
32.500011,75.0,J&K,0.220441,0.564567,wind_uv
32.500011,75.833328,PB,0.057128,0.14631,wind_uv
32.500011,75.833328,HP,0.179432,0.45954,wind_uv
32.500011,75.833328,J&K,0.154015,0.394445,wind_uv
32.500011,76.666664,HP,0.39046,1.0,wind_uv
32.500011,77.5,HP,0.390334,0.999678,wind_uv
32.500011,77.5,J&K,0.000126,0.000322,wind_uv
32.500011,78.333328,HP,0.195845,0.501575,wind_uv
32.500011,78.333328,J&K,0.103301,0.264562,wind_uv
32.500011,79.166664,J&K,0.1981,0.507351,wind_uv
32.500011,80.0,J&K,0.00198,0.005071,wind_uv
33.055569,73.333328,J&K,0.026794,0.069051,wind_uv
33.055569,74.166664,J&K,0.316155,0.814769,wind_uv
33.055569,75.0,J&K,0.386272,0.995471,wind_uv
33.055569,75.833328,HP,0.060292,0.155381,wind_uv
33.055569,75.833328,J&K,0.327566,0.844177,wind_uv
33.055569,76.666664,HP,0.248578,0.640615,wind_uv
33.055569,76.666664,J&K,0.139452,0.359385,wind_uv
33.055569,77.5,HP,0.084221,0.217048,wind_uv
33.055569,77.5,J&K,0.303809,0.782952,wind_uv
33.055569,78.333328,J&K,0.38803,1.0,wind_uv
33.055569,79.166664,J&K,0.306752,0.790538,wind_uv
33.055569,80.0,J&K,3.4e-05,8.7e-05,wind_uv
33.611122,73.333328,J&K,0.075222,0.195097,wind_uv
33.611122,74.166664,J&K,0.385563,1.0,wind_uv
33.611122,75.0,J&K,0.385563,1.0,wind_uv
33.611122,75.833328,J&K,0.385563,1.0,wind_uv
33.611122,76.666664,J&K,0.385563,1.0,wind_uv
33.611122,77.5,J&K,0.385563,1.0,wind_uv
33.611122,78.333328,J&K,0.385563,1.0,wind_uv
33.611122,79.166664,J&K,0.108884,0.282403,wind_uv
34.166679,73.333328,J&K,0.121773,0.317896,wind_uv
34.166679,74.166664,J&K,0.38306,1.0,wind_uv
34.166679,75.0,J&K,0.38306,1.0,wind_uv
34.166679,75.833328,J&K,0.38306,1.0,wind_uv
34.166679,76.666664,J&K,0.38306,1.0,wind_uv
34.166679,77.5,J&K,0.38306,1.0,wind_uv
34.166679,78.333328,J&K,0.38306,1.0,wind_uv
34.166679,79.166664,J&K,0.282843,0.738378,wind_uv
34.166679,80.0,J&K,0.000223,0.000583,wind_uv
34.722233,73.333328,J&K,0.045035,0.118352,wind_uv
34.722233,74.166664,J&K,0.337311,0.886446,wind_uv
34.722233,75.0,J&K,0.380521,1.0,wind_uv
34.722233,75.833328,J&K,0.380521,1.0,wind_uv
34.722233,76.666664,J&K,0.380521,1.0,wind_uv
34.722233,77.5,J&K,0.380521,1.0,wind_uv
34.722233,78.333328,J&K,0.380521,1.0,wind_uv
34.722233,79.166664,J&K,0.378094,0.993621,wind_uv
34.722233,80.0,J&K,0.168551,0.442948,wind_uv
35.27779,73.333328,J&K,0.006317,0.016713,wind_uv
35.27779,74.166664,J&K,0.319402,0.845098,wind_uv
35.27779,75.0,J&K,0.377946,1.0,wind_uv
35.27779,75.833328,J&K,0.377946,1.0,wind_uv
35.27779,76.666664,J&K,0.377946,1.0,wind_uv
35.27779,77.5,J&K,0.34618,0.915951,wind_uv
35.27779,78.333328,J&K,0.375054,0.992347,wind_uv
35.27779,79.166664,J&K,0.377946,1.0,wind_uv
35.27779,80.0,J&K,0.298039,0.788575,wind_uv
35.833347,72.5,J&K,0.071913,0.191596,wind_uv
35.833347,73.333328,J&K,0.29899,0.796594,wind_uv
35.833347,74.166664,J&K,0.375336,1.0,wind_uv
35.833347,75.0,J&K,0.375336,1.0,wind_uv
35.833347,75.833328,J&K,0.375336,1.0,wind_uv
35.833347,76.666664,J&K,0.295063,0.786132,wind_uv
35.833347,77.5,J&K,0.049123,0.130878,wind_uv
35.833347,78.333328,J&K,0.101392,0.270137,wind_uv
35.833347,79.166664,J&K,0.231239,0.616085,wind_uv
35.833347,80.0,J&K,0.120726,0.321648,wind_uv
36.388901,72.5,J&K,0.058123,0.155955,wind_uv
36.388901,73.333328,J&K,0.349131,0.936786,wind_uv
36.388901,74.166664,J&K,0.37269,1.0,wind_uv
36.388901,75.0,J&K,0.37269,1.0,wind_uv
36.388901,75.833328,J&K,0.295357,0.792499,wind_uv
36.388901,76.666664,J&K,0.051597,0.138445,wind_uv
36.944458,73.333328,J&K,0.026049,0.070402,wind_uv
36.944458,74.166664,J&K,0.1459,0.394313,wind_uv
36.944458,75.0,J&K,0.223217,0.603274,wind_uv
36.944458,75.833328,J&K,0.025999,0.070265,wind_uv
