latitude,longitude,subdivision_code,weight,frac
8.04,77.4,TN/PY,0.000233,0.010904
8.04,77.58,TN/PY,0.001048,0.048987
8.16,77.22,TN/PY,0.005374,0.251328
8.16,77.4,TN/PY,0.019689,0.920853
8.16,77.58,TN/PY,0.01662,0.777315
8.16,77.76,TN/PY,0.005503,0.257368
8.28,77.04,KL,0.00256,0.11978
8.28,77.04,TN/PY,0.000788,0.036867
8.28,77.22,KL,0.000679,0.031749
8.28,77.22,TN/PY,0.019373,0.906357
8.28,77.4,TN/PY,0.021375,1.0
8.28,77.58,TN/PY,0.021375,1.0
8.28,77.76,TN/PY,0.019828,0.927636
8.28,77.94,TN/PY,0.006194,0.289771
8.4,76.86,KL,0.000168,0.00784
8.4,77.04,KL,0.017861,0.835845
8.4,77.22,KL,0.006456,0.30214
8.4,77.22,TN/PY,0.014912,0.69786
8.4,77.4,TN/PY,0.021368,1.0
8.4,77.58,TN/PY,0.021368,1.0
8.4,77.76,TN/PY,0.021368,1.0
8.4,77.94,TN/PY,0.021016,0.983507
8.4,78.12,TN/PY,0.004353,0.203716
8.52,76.86,KL,0.007588,0.355226
8.52,77.04,KL,0.021362,1.0
8.52,77.22,KL,0.014391,0.673666
8.52,77.22,TN/PY,0.006971,0.326334
8.52,77.4,TN/PY,0.021362,1.0
8.52,77.58,TN/PY,0.021362,1.0
8.52,77.76,TN/PY,0.021362,1.0
8.52,77.94,TN/PY,0.021362,1.0
8.52,78.12,TN/PY,0.011532,0.539856
8.64,76.68,KL,0.000442,0.020679
8.64,76.86,KL,0.018428,0.862949
8.64,77.04,KL,0.021355,1.0
8.64,77.22,KL,0.012095,0.566401
8.64,77.22,TN/PY,0.009259,0.433599
8.64,77.4,TN/PY,0.021355,1.0
8.64,77.58,TN/PY,0.021355,1.0
8.64,77.76,TN/PY,0.021355,1.0
8.64,77.94,TN/PY,0.021355,1.0
8.64,78.12,TN/PY,0.012453,0.583144
8.76,76.68,KL,0.008836,0.413906
8.76,76.86,KL,0.021348,1.0
8.76,77.04,KL,0.021348,1.0
8.76,77.22,KL,0.009419,0.441215
8.76,77.22,TN/PY,0.011929,0.558785
8.76,77.4,TN/PY,0.021348,1.0
8.76,77.58,TN/PY,0.021348,1.0
8.76,77.76,TN/PY,0.021348,1.0
8.76,77.94,TN/PY,0.021348,1.0
8.76,78.12,TN/PY,0.016528,0.774211
8.88,76.5,KL,0.002387,0.111837
8.88,76.68,KL,0.019668,0.921597
8.88,76.86,KL,0.021341,1.0
8.88,77.04,KL,0.021341,1.0
8.88,77.22,KL,0.013186,0.617876
8.88,77.22,TN/PY,0.008155,0.382124
8.88,77.4,TN/PY,0.021341,1.0
8.88,77.58,TN/PY,0.021341,1.0
8.88,77.76,TN/PY,0.021341,1.0
8.88,77.94,TN/PY,0.021341,1.0
8.88,78.12,TN/PY,0.017624,0.825843
8.88,78.3,TN/PY,5.1e-05,0.002371
9.0,76.5,KL,0.008394,0.393447
9.0,76.68,KL,0.021334,1.0
9.0,76.86,KL,0.021334,1.0
9.0,77.04,KL,0.021334,1.0
9.0,77.22,KL,0.005602,0.26258
9.0,77.22,TN/PY,0.015732,0.73742
9.0,77.4,TN/PY,0.021334,1.0
9.0,77.58,TN/PY,0.021334,1.0
9.0,77.76,TN/PY,0.021334,1.0
9.0,77.94,TN/PY,0.021334,1.0
9.0,78.12,TN/PY,0.021267,0.996845
9.0,78.3,TN/PY,0.006176,0.28947
9.12,76.5,KL,0.014056,0.659091
9.12,76.68,KL,0.021327,1.0
9.12,76.86,KL,0.021327,1.0
9.12,77.04,KL,0.021327,1.0
9.12,77.22,KL,0.012547,0.588339
9.12,77.22,TN/PY,0.008779,0.411661
9.12,77.4,TN/PY,0.021327,1.0
9.12,77.58,TN/PY,0.021327,1.0
9.12,77.76,TN/PY,0.021327,1.0
9.12,77.94,TN/PY,0.021327,1.0
9.12,78.12,TN/PY,0.021327,1.0
9.12,78.3,TN/PY,0.020649,0.968189
9.12,78.48,TN/PY,0.010262,0.481191
9.12,78.66,TN/PY,0.003278,0.153721
9.12,78.84,TN/PY,9.5e-05,0.004469
9.12,79.38,TN/PY,0.000134,0.006291
9.12,79.56,TN/PY,3.9e-05,0.001819
9.24,76.32,KL,0.000454,0.021286
9.24,76.5,KL,0.020057,0.940793
9.24,76.68,KL,0.02132,1.0
9.24,76.86,KL,0.02132,1.0
9.24,77.04,KL,0.02132,1.0
9.24,77.22,KL,0.01753,0.822241
9.24,77.22,TN/PY,0.00379,0.177759
9.24,77.4,TN/PY,0.02132,1.0
9.24,77.58,TN/PY,0.02132,1.0
9.24,77.76,TN/PY,0.02132,1.0
9.24,77.94,TN/PY,0.02132,1.0
9.24,78.12,TN/PY,0.02132,1.0
9.24,78.3,TN/PY,0.02132,1.0
9.24,78.48,TN/PY,0.02132,1.0
9.24,78.66,TN/PY,0.019974,0.936873
9.24,78.84,TN/PY,0.010543,0.494496
9.24,79.02,TN/PY,0.005922,0.277791
9.24,79.2,TN/PY,0.003874,0.181699
9.24,79.38,TN/PY,0.003435,0.161141
9.36,76.32,KL,0.005608,0.263145
9.36,76.5,KL,0.021312,1.0
9.36,76.68,KL,0.021312,1.0
9.36,76.86,KL,0.021312,1.0
9.36,77.04,KL,0.021312,1.0
9.36,77.22,KL,0.020887,0.980018
9.36,77.22,TN/PY,0.000426,0.019982
9.36,77.4,KL,0.002228,0.104519
9.36,77.4,TN/PY,0.019085,0.895481
9.36,77.58,TN/PY,0.021312,1.0
9.36,77.76,TN/PY,0.021312,1.0
9.36,77.94,TN/PY,0.021312,1.0
9.36,78.12,TN/PY,0.021312,1.0
9.36,78.3,TN/PY,0.021312,1.0
9.36,78.48,TN/PY,0.021312,1.0
9.36,78.66,TN/PY,0.021312,1.0
9.36,78.84,TN/PY,0.021308,0.99978
9.36,79.02,TN/PY,0.006977,0.327356
9.36,79.2,TN/PY,3.2e-05,0.001496
9.36,79.38,TN/PY,0.000683,0.032035
9.48,76.32,KL,0.009554,0.448422
9.48,76.5,KL,0.021305,1.0
9.48,76.68,KL,0.021305,1.0
9.48,76.86,KL,0.021305,1.0
9.48,77.04,KL,0.021305,1.0
9.48,77.22,KL,0.021305,1.0
9.48,77.4,KL,0.008677,0.407296
9.48,77.4,TN/PY,0.012628,0.592704
9.48,77.58,TN/PY,0.021305,1.0
9.48,77.76,TN/PY,0.021305,1.0
9.48,77.94,TN/PY,0.021305,1.0
9.48,78.12,TN/PY,0.021305,1.0
9.48,78.3,TN/PY,0.021305,1.0
9.48,78.48,TN/PY,0.021305,1.0
9.48,78.66,TN/PY,0.021305,1.0
9.48,78.84,TN/PY,0.019207,0.901506
9.6,76.32,KL,0.012046,0.565607
9.6,76.5,KL,0.021298,1.0
9.6,76.68,KL,0.021298,1.0
9.6,76.86,KL,0.021298,1.0
9.6,77.04,KL,0.021298,1.0
9.6,77.22,KL,0.012611,0.592132
9.6,77.22,TN/PY,0.008687,0.407868
9.6,77.4,KL,0.002481,0.116502
9.6,77.4,TN/PY,0.018816,0.883498
9.6,77.58,TN/PY,0.021298,1.0
9.6,77.76,TN/PY,0.021298,1.0
9.6,77.94,TN/PY,0.021298,1.0
9.6,78.12,TN/PY,0.021298,1.0
9.6,78.3,TN/PY,0.021298,1.0
9.6,78.48,TN/PY,0.021298,1.0
9.6,78.66,TN/PY,0.021298,1.0
9.6,78.84,TN/PY,0.020939,0.983177
9.6,79.02,TN/PY,0.001054,0.049505
9.72,76.32,KL,0.014537,0.682793
9.72,76.5,KL,0.02129,1.0
9.72,76.68,KL,0.02129,1.0
9.72,76.86,KL,0.02129,1.0
9.72,77.04,KL,0.02129,1.0
9.72,77.22,KL,0.009659,0.453669
9.72,77.22,TN/PY,0.011631,0.546331
9.72,77.4,TN/PY,0.02129,1.0
9.72,77.58,TN/PY,0.02129,1.0
9.72,77.76,TN/PY,0.02129,1.0
9.72,77.94,TN/PY,0.02129,1.0
9.72,78.12,TN/PY,0.02129,1.0
9.72,78.3,TN/PY,0.02129,1.0
9.72,78.48,TN/PY,0.02129,1.0
9.72,78.66,TN/PY,0.02129,1.0
9.72,78.84,TN/PY,0.02129,1.0
9.72,79.02,TN/PY,0.008639,0.405784
9.84,76.32,KL,0.017025,0.799978
9.84,76.5,KL,0.021282,1.0
9.84,76.68,KL,0.021282,1.0
9.84,76.86,KL,0.021282,1.0
9.84,77.04,KL,0.021282,1.0
9.84,77.22,KL,0.011647,0.54728
9.84,77.22,TN/PY,0.009635,0.45272
9.84,77.4,TN/PY,0.021282,1.0
9.84,77.58,TN/PY,0.021282,1.0
9.84,77.76,TN/PY,0.021282,1.0
9.84,77.94,TN/PY,0.021282,1.0
9.84,78.12,TN/PY,0.021282,1.0
9.84,78.3,TN/PY,0.021282,1.0
9.84,78.48,TN/PY,0.021282,1.0
9.84,78.66,TN/PY,0.021282,1.0
9.84,78.84,TN/PY,0.021282,1.0
9.84,79.02,TN/PY,0.01963,0.922388
9.84,79.2,TN/PY,0.000706,0.033186
9.96,76.14,KL,0.000156,0.007333
9.96,76.32,KL,0.019784,0.929926
9.96,76.5,KL,0.021274,1.0
9.96,76.68,KL,0.021274,1.0
9.96,76.86,KL,0.021274,1.0
9.96,77.04,KL,0.021274,1.0
9.96,77.22,KL,0.014571,0.684915
9.96,77.22,TN/PY,0.006703,0.315085
9.96,77.4,TN/PY,0.021274,1.0
9.96,77.58,TN/PY,0.021274,1.0
9.96,77.76,TN/PY,0.021274,1.0
9.96,77.94,TN/PY,0.021274,1.0
9.96,78.12,TN/PY,0.021274,1.0
9.96,78.3,TN/PY,0.021274,1.0
9.96,78.48,TN/PY,0.021274,1.0
9.96,78.66,TN/PY,0.021274,1.0
9.96,78.84,TN/PY,0.021274,1.0
9.96,79.02,TN/PY,0.021274,1.0
9.96,79.2,TN/PY,0.009102,0.427856
10.08,76.14,KL,0.00432,0.203121
10.08,76.32,KL,0.021267,1.0
10.08,76.5,KL,0.021267,1.0
10.08,76.68,KL,0.021267,1.0
10.08,76.86,KL,0.021267,1.0
10.08,77.04,KL,0.021267,1.0
10.08,77.22,KL,0.012573,0.591217
10.08,77.22,TN/PY,0.008641,0.406303
10.08,77.4,TN/PY,0.021267,1.0
10.08,77.58,TN/PY,0.021267,1.0
10.08,77.76,TN/PY,0.021267,1.0
10.08,77.94,TN/PY,0.021267,1.0
10.08,78.12,TN/PY,0.021267,1.0
10.08,78.3,TN/PY,0.021267,1.0
10.08,78.48,TN/PY,0.021267,1.0
10.08,78.66,TN/PY,0.021267,1.0
10.08,78.84,TN/PY,0.021267,1.0
10.08,79.02,TN/PY,0.021267,1.0
10.08,79.2,TN/PY,0.015318,0.720265
10.2,76.14,KL,0.008808,0.414341
10.2,76.32,KL,0.021259,1.0
10.2,76.5,KL,0.021259,1.0
10.2,76.68,KL,0.021259,1.0
10.2,76.86,KL,0.020129,0.946883
10.2,76.86,TN/PY,0.001129,0.053117
10.2,77.04,KL,0.018555,0.872828
10.2,77.04,TN/PY,0.002704,0.127172
10.2,77.22,KL,0.017807,0.837644
10.2,77.22,TN/PY,0.003451,0.162356
10.2,77.4,TN/PY,0.021259,1.0
10.2,77.58,TN/PY,0.021259,1.0
10.2,77.76,TN/PY,0.021259,1.0
10.2,77.94,TN/PY,0.021259,1.0
10.2,78.12,TN/PY,0.021259,1.0
10.2,78.3,TN/PY,0.021259,1.0
10.2,78.48,TN/PY,0.021259,1.0
10.2,78.66,TN/PY,0.021259,1.0
10.2,78.84,TN/PY,0.021259,1.0
10.2,79.02,TN/PY,0.021259,1.0
10.2,79.2,TN/PY,0.017821,0.838317
10.2,79.38,TN/PY,3.4e-05,0.001604
10.32,76.14,KL,0.01321,0.621622
10.32,76.32,KL,0.021251,1.0
10.32,76.5,KL,0.021251,1.0
10.32,76.68,KL,0.021251,1.0
10.32,76.86,KL,0.009673,0.455203
10.32,76.86,TN/PY,0.011577,0.544797
10.32,77.04,KL,0.003756,0.176769
10.32,77.04,TN/PY,0.017494,0.823231
10.32,77.22,KL,0.009646,0.453904
10.32,77.22,TN/PY,0.011605,0.546096
10.32,77.4,TN/PY,0.021251,1.0
10.32,77.58,TN/PY,0.021251,1.0
10.32,77.76,TN/PY,0.021251,1.0
10.32,77.94,TN/PY,0.021251,1.0
10.32,78.12,TN/PY,0.021251,1.0
10.32,78.3,TN/PY,0.021251,1.0
10.32,78.48,TN/PY,0.021251,1.0
10.32,78.66,TN/PY,0.021251,1.0
10.32,78.84,TN/PY,0.021251,1.0
10.32,79.02,TN/PY,0.021251,1.0
10.32,79.2,TN/PY,0.021251,1.0
10.32,79.38,TN/PY,0.013604,0.640187
10.32,79.56,TN/PY,0.0111,0.522358
10.32,79.74,TN/PY,0.014528,0.683675
10.32,79.92,TN/PY,0.004395,0.206817
10.44,75.96,KL,2.5e-05,0.001178
10.44,76.14,KL,0.018716,0.881044
10.44,76.32,KL,0.021242,1.0
10.44,76.5,KL,0.021242,1.0
10.44,76.68,KL,0.021242,1.0
10.44,76.86,KL,0.006747,0.317611
10.44,76.86,TN/PY,0.014496,0.682389
10.44,77.04,TN/PY,0.021242,1.0
10.44,77.22,TN/PY,0.021242,1.0
10.44,77.4,TN/PY,0.021242,1.0
10.44,77.58,TN/PY,0.021242,1.0
10.44,77.76,TN/PY,0.021242,1.0
10.44,77.94,TN/PY,0.021242,1.0
10.44,78.12,TN/PY,0.021242,1.0
10.44,78.3,TN/PY,0.021242,1.0
10.44,78.48,TN/PY,0.021242,1.0
10.44,78.66,TN/PY,0.021242,1.0
10.44,78.84,TN/PY,0.021242,1.0
10.44,79.02,TN/PY,0.021242,1.0
10.44,79.2,TN/PY,0.021242,1.0
10.44,79.38,TN/PY,0.021242,1.0
10.44,79.56,TN/PY,0.021242,1.0
10.44,79.74,TN/PY,0.021242,1.0
10.44,79.92,TN/PY,0.004687,0.220649
10.56,75.96,KL,0.004333,0.204059
10.56,76.14,KL,0.020842,0.981547
10.56,76.32,KL,0.021234,1.0
10.56,76.5,KL,0.021234,1.0
10.56,76.68,KL,0.021234,1.0
10.56,76.86,KL,0.007405,0.348711
10.56,76.86,TN/PY,0.01383,0.651289
10.56,77.04,TN/PY,0.021234,1.0
10.56,77.22,TN/PY,0.021234,1.0
10.56,77.4,TN/PY,0.021234,1.0
10.56,77.58,TN/PY,0.021234,1.0
10.56,77.76,TN/PY,0.021234,1.0
10.56,77.94,TN/PY,0.021234,1.0
10.56,78.12,TN/PY,0.021234,1.0
10.56,78.3,TN/PY,0.021234,1.0
10.56,78.48,TN/PY,0.021234,1.0
10.56,78.66,TN/PY,0.021234,1.0
10.56,78.84,TN/PY,0.021234,1.0
10.56,79.02,TN/PY,0.021234,1.0
10.56,79.2,TN/PY,0.021234,1.0
10.56,79.38,TN/PY,0.021234,1.0
10.56,79.56,TN/PY,0.021234,1.0
10.56,79.74,TN/PY,0.021234,1.0
10.56,79.92,TN/PY,0.003935,0.185295
10.68,75.96,KL,0.011082,0.522114
10.68,76.14,KL,0.021226,1.0
10.68,76.32,KL,0.021226,1.0
10.68,76.5,KL,0.021226,1.0
10.68,76.68,KL,0.021226,1.0
10.68,76.86,KL,0.012279,0.578479
10.68,76.86,TN/PY,0.008947,0.421521
10.68,77.04,TN/PY,0.021226,1.0
10.68,77.22,TN/PY,0.021226,1.0
10.68,77.4,TN/PY,0.021226,1.0
10.68,77.58,TN/PY,0.021226,1.0
10.68,77.76,TN/PY,0.021226,1.0
10.68,77.94,TN/PY,0.021226,1.0
10.68,78.12,TN/PY,0.021226,1.0
10.68,78.3,TN/PY,0.021226,1.0
10.68,78.48,TN/PY,0.021226,1.0
10.68,78.66,TN/PY,0.021226,1.0
10.68,78.84,TN/PY,0.021226,1.0
10.68,79.02,TN/PY,0.021226,1.0
10.68,79.2,TN/PY,0.021226,1.0
10.68,79.38,TN/PY,0.021226,1.0
10.68,79.56,TN/PY,0.021226,1.0
10.68,79.74,TN/PY,0.021226,1.0
10.68,79.92,TN/PY,0.003183,0.149941
10.8,75.96,KL,0.016954,0.799066
10.8,76.14,KL,0.021217,1.0
10.8,76.32,KL,0.021217,1.0
10.8,76.5,KL,0.021217,1.0
10.8,76.68,KL,0.021217,1.0
10.8,76.86,KL,0.013268,0.625328
10.8,76.86,TN/PY,0.00795,0.374672
10.8,77.04,TN/PY,0.021217,1.0
10.8,77.22,TN/PY,0.021217,1.0
10.8,77.4,TN/PY,0.021217,1.0
10.8,77.58,TN/PY,0.021217,1.0
10.8,77.76,TN/PY,0.021217,1.0
10.8,77.94,TN/PY,0.021217,1.0
10.8,78.12,TN/PY,0.021217,1.0
10.8,78.3,TN/PY,0.021217,1.0
10.8,78.48,TN/PY,0.021217,1.0
10.8,78.66,TN/PY,0.021217,1.0
10.8,78.84,TN/PY,0.021217,1.0
10.8,79.02,TN/PY,0.021217,1.0
10.8,79.2,TN/PY,0.021217,1.0
10.8,79.38,TN/PY,0.021217,1.0
10.8,79.56,TN/PY,0.021217,1.0
10.8,79.74,TN/PY,0.021217,1.0
10.8,79.92,TN/PY,0.002374,0.111872
10.92,75.78,KL,2.8e-05,0.00132
10.92,75.96,KL,0.020181,0.951554
10.92,76.14,KL,0.021209,1.0
10.92,76.32,KL,0.021209,1.0
10.92,76.5,KL,0.021209,1.0
10.92,76.68,KL,0.01362,0.64219
10.92,76.68,TN/PY,0.007589,0.35781
10.92,76.86,KL,0.00098,0.046206
10.92,76.86,TN/PY,0.020229,0.953794
10.92,77.04,TN/PY,0.021209,1.0
10.92,77.22,TN/PY,0.021209,1.0
10.92,77.4,TN/PY,0.021209,1.0
10.92,77.58,TN/PY,0.021209,1.0
10.92,77.76,TN/PY,0.021209,1.0
10.92,77.94,TN/PY,0.021209,1.0
10.92,78.12,TN/PY,0.021209,1.0
10.92,78.3,TN/PY,0.021209,1.0
10.92,78.48,TN/PY,0.021209,1.0
10.92,78.66,TN/PY,0.021209,1.0
10.92,78.84,TN/PY,0.021209,1.0
10.92,79.02,TN/PY,0.021209,1.0
10.92,79.2,TN/PY,0.021209,1.0
10.92,79.38,TN/PY,0.021209,1.0
10.92,79.56,TN/PY,0.021209,1.0
10.92,79.74,TN/PY,0.021209,1.0
10.92,79.92,TN/PY,0.002343,0.110491
11.04,75.78,KL,0.002021,0.095335
11.04,75.96,KL,0.0212,1.0
11.04,76.14,KL,0.0212,1.0
11.04,76.32,KL,0.0212,1.0
11.04,76.5,KL,0.0212,1.0
11.04,76.68,KL,0.016488,0.777716
11.04,76.68,TN/PY,0.004712,0.222284
11.04,76.86,KL,8e-05,0.003752
11.04,76.86,TN/PY,0.021121,0.996248
11.04,77.04,TN/PY,0.0212,1.0
11.04,77.22,TN/PY,0.0212,1.0
11.04,77.4,TN/PY,0.0212,1.0
11.04,77.58,TN/PY,0.0212,1.0
11.04,77.76,TN/PY,0.0212,1.0
11.04,77.94,TN/PY,0.0212,1.0
11.04,78.12,TN/PY,0.0212,1.0
11.04,78.3,TN/PY,0.0212,1.0
11.04,78.48,TN/PY,0.0212,1.0
11.04,78.66,TN/PY,0.0212,1.0
11.04,78.84,TN/PY,0.0212,1.0
11.04,79.02,TN/PY,0.0212,1.0
11.04,79.2,TN/PY,0.0212,1.0
11.04,79.38,TN/PY,0.0212,1.0
11.04,79.56,TN/PY,0.0212,1.0
11.04,79.74,TN/PY,0.0212,1.0
11.04,79.92,TN/PY,0.002977,0.1404
11.16,75.78,KL,0.007151,0.337439
11.16,75.96,KL,0.021192,1.0
11.16,76.14,KL,0.021192,1.0
11.16,76.32,KL,0.021192,1.0
11.16,76.5,KL,0.018692,0.882053
11.16,76.5,TN/PY,0.002499,0.117947
11.16,76.68,KL,0.014466,0.68263
11.16,76.68,TN/PY,0.006726,0.31737
11.16,76.86,TN/PY,0.021192,1.0
11.16,77.04,TN/PY,0.021192,1.0
11.16,77.22,TN/PY,0.021192,1.0
11.16,77.4,TN/PY,0.021192,1.0
11.16,77.58,TN/PY,0.021192,1.0
11.16,77.76,TN/PY,0.021192,1.0
11.16,77.94,TN/PY,0.021192,1.0
11.16,78.12,TN/PY,0.021192,1.0
11.16,78.3,TN/PY,0.021192,1.0
11.16,78.48,TN/PY,0.021192,1.0
11.16,78.66,TN/PY,0.021192,1.0
11.16,78.84,TN/PY,0.021192,1.0
11.16,79.02,TN/PY,0.021192,1.0
11.16,79.2,TN/PY,0.021192,1.0
11.16,79.38,TN/PY,0.021192,1.0
11.16,79.56,TN/PY,0.021192,1.0
11.16,79.74,TN/PY,0.021192,1.0
11.16,79.92,TN/PY,0.002885,0.136161
11.28,75.78,KL,0.012333,0.582234
11.28,75.96,KL,0.021183,1.0
11.28,76.14,KL,0.021183,1.0
11.28,76.32,KL,0.021183,1.0
11.28,76.5,KL,0.012147,0.573436
11.28,76.5,TN/PY,0.009036,0.426564
11.28,76.68,KL,0.000516,0.024345
11.28,76.68,TN/PY,0.020667,0.975655
11.28,76.86,TN/PY,0.021183,1.0
11.28,77.04,TN/PY,0.021183,1.0
11.28,77.22,TN/PY,0.021183,1.0
11.28,77.4,TN/PY,0.021183,1.0
11.28,77.58,TN/PY,0.021183,1.0
11.28,77.76,TN/PY,0.021183,1.0
11.28,77.94,TN/PY,0.021183,1.0
11.28,78.12,TN/PY,0.021183,1.0
11.28,78.3,TN/PY,0.021183,1.0
11.28,78.48,TN/PY,0.021183,1.0
11.28,78.66,TN/PY,0.021183,1.0
11.28,78.84,TN/PY,0.021183,1.0
11.28,79.02,TN/PY,0.021183,1.0
11.28,79.2,TN/PY,0.021183,1.0
11.28,79.38,TN/PY,0.021183,1.0
11.28,79.56,TN/PY,0.021183,1.0
11.28,79.74,TN/PY,0.021183,1.0
11.28,79.92,TN/PY,0.001832,0.086477
11.4,75.6,KL,0.000638,0.03014
11.4,75.78,KL,0.018322,0.865302
11.4,75.96,KL,0.021174,1.0
11.4,76.14,KL,0.021174,1.0
11.4,76.32,KL,0.020262,0.956953
11.4,76.32,TN/PY,0.000911,0.043047
11.4,76.5,KL,0.005994,0.283092
11.4,76.5,TN/PY,0.01518,0.716908
11.4,76.68,TN/PY,0.021174,1.0
11.4,76.86,TN/PY,0.021174,1.0
11.4,77.04,TN/PY,0.021174,1.0
11.4,77.22,TN/PY,0.021174,1.0
11.4,77.4,TN/PY,0.021174,1.0
11.4,77.58,TN/PY,0.021174,1.0
11.4,77.76,TN/PY,0.021174,1.0
11.4,77.94,TN/PY,0.021174,1.0
11.4,78.12,TN/PY,0.021174,1.0
11.4,78.3,TN/PY,0.021174,1.0
11.4,78.48,TN/PY,0.021174,1.0
11.4,78.66,TN/PY,0.021174,1.0
11.4,78.84,TN/PY,0.021174,1.0
11.4,79.02,TN/PY,0.021174,1.0
11.4,79.2,TN/PY,0.021174,1.0
11.4,79.38,TN/PY,0.021174,1.0
11.4,79.56,TN/PY,0.021174,1.0
11.4,79.74,TN/PY,0.018826,0.889106
11.4,79.92,TN/PY,0.000115,0.005415
11.52,75.6,KL,0.009976,0.471358
11.52,75.78,KL,0.021165,1.0
11.52,75.96,KL,0.021165,1.0
11.52,76.14,KL,0.021165,1.0
11.52,76.32,KL,0.002845,0.134428
11.52,76.32,TN/PY,0.01832,0.865572
11.52,76.5,TN/PY,0.021165,1.0
11.52,76.68,TN/PY,0.021165,1.0
11.52,76.86,TN/PY,0.021165,1.0
11.52,77.04,TN/PY,0.021165,1.0
11.52,77.22,TN/PY,0.021165,1.0
11.52,77.4,TN/PY,0.021165,1.0
11.52,77.58,TN/PY,0.021165,1.0
11.52,77.76,TN/PY,0.021165,1.0
11.52,77.94,TN/PY,0.021165,1.0
11.52,78.12,TN/PY,0.021165,1.0
11.52,78.3,TN/PY,0.021165,1.0
11.52,78.48,TN/PY,0.021165,1.0
11.52,78.66,TN/PY,0.021165,1.0
11.52,78.84,TN/PY,0.021165,1.0
11.52,79.02,TN/PY,0.021165,1.0
11.52,79.2,TN/PY,0.021165,1.0
11.52,79.38,TN/PY,0.021165,1.0
11.52,79.56,TN/PY,0.021165,1.0
11.52,79.74,TN/PY,0.014871,0.702616
11.64,75.6,KL,0.015722,0.743166
11.64,75.78,KL,0.021156,1.0
11.64,75.96,KL,0.021156,1.0
11.64,76.14,KL,0.021156,1.0
11.64,76.32,KL,0.018578,0.878157
11.64,76.32,TN/PY,0.002588,0.122315
11.64,76.32,SI.KA,1e-05,0.000482
11.64,76.5,KL,0.001005,0.04749
11.64,76.5,TN/PY,0.014553,0.687886
11.64,76.5,SI.KA,0.005415,0.255977
11.64,76.68,TN/PY,0.006663,0.314938
11.64,76.68,SI.KA,0.014493,0.685062
11.64,76.86,TN/PY,0.013476,0.636986
11.64,76.86,SI.KA,0.00768,0.363014
11.64,77.04,TN/PY,0.021156,1.0
11.64,77.22,TN/PY,0.021156,1.0
11.64,77.4,TN/PY,0.021156,1.0
11.64,77.58,TN/PY,0.021156,1.0
11.64,77.76,TN/PY,0.021156,1.0
11.64,77.94,TN/PY,0.021156,1.0
11.64,78.12,TN/PY,0.021156,1.0
11.64,78.3,TN/PY,0.021156,1.0
11.64,78.48,TN/PY,0.021156,1.0
11.64,78.66,TN/PY,0.021156,1.0
11.64,78.84,TN/PY,0.021156,1.0
11.64,79.02,TN/PY,0.021156,1.0
11.64,79.2,TN/PY,0.021156,1.0
11.64,79.38,TN/PY,0.021156,1.0
11.64,79.56,TN/PY,0.021156,1.0
11.64,79.74,TN/PY,0.014052,0.664216
11.76,75.42,KL,0.00446,0.210911
11.76,75.6,KL,0.020826,0.984818
11.76,75.78,KL,0.021147,1.0
11.76,75.96,KL,0.021147,1.0
11.76,76.14,KL,0.021058,0.995792
11.76,76.14,SI.KA,8.9e-05,0.004208
11.76,76.32,KL,0.012929,0.611416
11.76,76.32,SI.KA,0.008223,0.388856
11.76,76.5,KL,0.000482,0.022813
11.76,76.5,TN/PY,3.4e-05,0.0016
11.76,76.5,SI.KA,0.02063,0.975587
11.76,76.68,SI.KA,0.021147,1.0
11.76,76.86,TN/PY,0.005102,0.241246
11.76,76.86,SI.KA,0.016045,0.758754
11.76,77.04,TN/PY,0.013295,0.628723
11.76,77.04,SI.KA,0.007851,0.371277
11.76,77.22,TN/PY,0.016288,0.770245
11.76,77.22,SI.KA,0.004859,0.229755
11.76,77.4,TN/PY,0.01527,0.722088
11.76,77.4,SI.KA,0.005877,0.277912
11.76,77.58,TN/PY,0.021147,1.0
11.76,77.76,TN/PY,0.021147,1.0
11.76,77.94,TN/PY,0.021147,1.0
11.76,78.12,TN/PY,0.021147,1.0
11.76,78.3,TN/PY,0.021147,1.0
11.76,78.48,TN/PY,0.021147,1.0
11.76,78.66,TN/PY,0.021147,1.0
11.76,78.84,TN/PY,0.021147,1.0
11.76,79.02,TN/PY,0.021147,1.0
11.76,79.2,TN/PY,0.021147,1.0
11.76,79.38,TN/PY,0.021147,1.0
11.76,79.56,TN/PY,0.021147,1.0
11.76,79.74,TN/PY,0.016552,0.782715
11.88,75.24,KL,0.000603,0.028513
11.88,75.42,KL,0.018048,0.853848
11.88,75.6,KL,0.021137,1.0
11.88,75.78,KL,0.021137,1.0
11.88,75.96,KL,0.020703,0.979455
11.88,75.96,SI.KA,0.000434,0.020545
11.88,76.14,KL,0.011937,0.564714
11.88,76.14,SI.KA,0.009296,0.439783
11.88,76.32,SI.KA,0.021137,1.0
11.88,76.5,SI.KA,0.021137,1.0
11.88,76.68,SI.KA,0.021137,1.0
11.88,76.86,SI.KA,0.021137,1.0
11.88,77.04,SI.KA,0.021137,1.0
11.88,77.22,SI.KA,0.021137,1.0
11.88,77.4,TN/PY,0.001828,0.086474
11.88,77.4,SI.KA,0.01931,0.913526
11.88,77.58,TN/PY,0.020568,0.973056
11.88,77.58,SI.KA,0.00057,0.026944
11.88,77.76,TN/PY,0.021137,1.0
11.88,77.94,TN/PY,0.021137,1.0
11.88,78.12,TN/PY,0.021137,1.0
11.88,78.3,TN/PY,0.021137,1.0
11.88,78.48,TN/PY,0.021137,1.0
11.88,78.66,TN/PY,0.021137,1.0
11.88,78.84,TN/PY,0.021137,1.0
11.88,79.02,TN/PY,0.021137,1.0
11.88,79.2,TN/PY,0.021137,1.0
11.88,79.38,TN/PY,0.021137,1.0
11.88,79.56,TN/PY,0.021137,1.0
11.88,79.74,TN/PY,0.019798,0.936649
11.88,79.92,TN/PY,0.000136,0.006454
12.0,75.24,KL,0.009006,0.426248
12.0,75.42,KL,0.021016,0.994676
12.0,75.6,KL,0.021128,1.0
12.0,75.78,KL,0.016774,0.793939
12.0,75.78,SI.KA,0.004354,0.206061
12.0,75.96,KL,0.00051,0.02415
12.0,75.96,SI.KA,0.020618,0.97585
12.0,76.14,KL,0.0015,0.070991
12.0,76.14,SI.KA,0.019672,0.931108
12.0,76.32,SI.KA,0.021128,1.0
12.0,76.5,SI.KA,0.021128,1.0
12.0,76.68,SI.KA,0.021128,1.0
12.0,76.86,SI.KA,0.021128,1.0
12.0,77.04,SI.KA,0.021128,1.0
12.0,77.22,SI.KA,0.021128,1.0
12.0,77.4,SI.KA,0.021128,1.0
12.0,77.58,TN/PY,0.00027,0.012778
12.0,77.58,SI.KA,0.020858,0.987222
12.0,77.76,TN/PY,0.018029,0.853311
12.0,77.76,SI.KA,0.003099,0.146689
12.0,77.94,TN/PY,0.021128,1.0
12.0,78.12,TN/PY,0.021128,1.0
12.0,78.3,TN/PY,0.021128,1.0
12.0,78.48,TN/PY,0.021128,1.0
12.0,78.66,TN/PY,0.021128,1.0
12.0,78.84,TN/PY,0.021128,1.0
12.0,79.02,TN/PY,0.021128,1.0
12.0,79.2,TN/PY,0.021128,1.0
12.0,79.38,TN/PY,0.021128,1.0
12.0,79.56,TN/PY,0.021128,1.0
12.0,79.74,TN/PY,0.021128,1.0
12.0,79.92,TN/PY,0.003545,0.167801
12.12,75.06,KL,0.000319,0.015103
12.12,75.24,KL,0.019885,0.9416
12.12,75.42,KL,0.021119,1.0
12.12,75.6,KL,0.015831,0.749609
12.12,75.6,SI.KA,0.005288,0.250391
12.12,75.78,KL,0.00251,0.118852
12.12,75.78,SI.KA,0.018609,0.881148
12.12,75.96,SI.KA,0.021119,1.0
12.12,76.14,SI.KA,0.021119,1.0
12.12,76.32,SI.KA,0.021119,1.0
12.12,76.5,SI.KA,0.021119,1.0
12.12,76.68,SI.KA,0.021119,1.0
12.12,76.86,SI.KA,0.021119,1.0
12.12,77.04,SI.KA,0.021119,1.0
12.12,77.22,SI.KA,0.021119,1.0
12.12,77.4,SI.KA,0.021119,1.0
12.12,77.58,SI.KA,0.021119,1.0
12.12,77.76,TN/PY,0.011154,0.528168
12.12,77.76,SI.KA,0.009964,0.471832
12.12,77.94,TN/PY,0.021119,1.0
12.12,78.12,TN/PY,0.021119,1.0
12.12,78.3,TN/PY,0.021119,1.0
12.12,78.48,TN/PY,0.021119,1.0
12.12,78.66,TN/PY,0.021119,1.0
12.12,78.84,TN/PY,0.021119,1.0
12.12,79.02,TN/PY,0.021119,1.0
12.12,79.2,TN/PY,0.021119,1.0
12.12,79.38,TN/PY,0.021119,1.0
12.12,79.56,TN/PY,0.021119,1.0
12.12,79.74,TN/PY,0.021119,1.0
12.12,79.92,TN/PY,0.011117,0.526414
12.24,75.06,KL,0.004702,0.222768
12.24,75.24,KL,0.021109,1.0
12.24,75.42,KL,0.02,0.947479
12.24,75.42,SI.KA,0.001109,0.052521
12.24,75.6,KL,0.001841,0.08719
12.24,75.6,SI.KA,0.019268,0.91281
12.24,75.78,SI.KA,0.021109,1.0
12.24,75.96,SI.KA,0.021109,1.0
12.24,76.14,SI.KA,0.021109,1.0
12.24,76.32,SI.KA,0.021109,1.0
12.24,76.5,SI.KA,0.021109,1.0
12.24,76.68,SI.KA,0.021109,1.0
12.24,76.86,SI.KA,0.021109,1.0
12.24,77.04,SI.KA,0.021109,1.0
12.24,77.22,SI.KA,0.021109,1.0
12.24,77.4,TN/PY,0.000919,0.043518
12.24,77.4,SI.KA,0.02019,0.956482
12.24,77.58,TN/PY,0.016557,0.784378
12.24,77.58,SI.KA,0.004552,0.215622
12.24,77.76,TN/PY,0.02069,0.980166
12.24,77.76,SI.KA,0.000419,0.019834
12.24,77.94,TN/PY,0.021109,1.0
12.24,78.12,TN/PY,0.021109,1.0
12.24,78.3,TN/PY,0.021109,1.0
12.24,78.48,TN/PY,0.021109,1.0
12.24,78.66,TN/PY,0.021109,1.0
12.24,78.84,TN/PY,0.021109,1.0
12.24,79.02,TN/PY,0.021109,1.0
12.24,79.2,TN/PY,0.021109,1.0
12.24,79.38,TN/PY,0.021109,1.0
12.24,79.56,TN/PY,0.021109,1.0
12.24,79.74,TN/PY,0.021109,1.0
12.24,79.92,TN/PY,0.018962,0.898279
12.24,80.1,TN/PY,0.000361,0.017088
12.36,75.06,KL,0.011083,0.525289
12.36,75.24,KL,0.021099,1.0
12.36,75.42,KL,0.009302,0.440843
12.36,75.42,SI.KA,0.011798,0.559157
12.36,75.6,SI.KA,0.021099,1.0
12.36,75.78,SI.KA,0.021099,1.0
12.36,75.96,SI.KA,0.021099,1.0
12.36,76.14,SI.KA,0.021099,1.0
12.36,76.32,SI.KA,0.021099,1.0
12.36,76.5,SI.KA,0.021099,1.0
12.36,76.68,SI.KA,0.021099,1.0
12.36,76.86,SI.KA,0.021099,1.0
12.36,77.04,SI.KA,0.021099,1.0
12.36,77.22,SI.KA,0.021099,1.0
12.36,77.4,SI.KA,0.021099,1.0
12.36,77.58,TN/PY,0.00801,0.379651
12.36,77.58,SI.KA,0.013089,0.620349
12.36,77.76,TN/PY,0.021099,1.0
12.36,77.94,TN/PY,0.021099,1.0
12.36,78.12,TN/PY,0.021099,1.0
12.36,78.3,TN/PY,0.021099,1.0
12.36,78.48,TN/PY,0.021099,1.0
12.36,78.66,TN/PY,0.021099,1.0
12.36,78.84,TN/PY,0.021099,1.0
12.36,79.02,TN/PY,0.021099,1.0
12.36,79.2,TN/PY,0.021099,1.0
12.36,79.38,TN/PY,0.021099,1.0
12.36,79.56,TN/PY,0.021099,1.0
12.36,79.74,TN/PY,0.021099,1.0
12.36,79.92,TN/PY,0.021099,1.0
12.36,80.1,TN/PY,0.00834,0.395255
12.48,74.88,KL,0.000158,0.007468
12.48,75.06,KL,0.018324,0.868871
12.48,75.24,KL,0.019683,0.933317
12.48,75.24,CST.KA,0.00139,0.065916
12.48,75.42,KL,0.003981,0.188764
12.48,75.42,SI.KA,0.008393,0.397969
12.48,75.42,CST.KA,0.008716,0.413267
12.48,75.6,SI.KA,0.017143,0.812853
12.48,75.6,CST.KA,0.003897,0.184791
12.48,75.78,SI.KA,0.02109,1.0
12.48,75.96,SI.KA,0.02109,1.0
12.48,76.14,SI.KA,0.02109,1.0
12.48,76.32,SI.KA,0.02109,1.0
12.48,76.5,SI.KA,0.02109,1.0
12.48,76.68,SI.KA,0.02109,1.0
12.48,76.86,SI.KA,0.02109,1.0
12.48,77.04,SI.KA,0.02109,1.0
12.48,77.22,SI.KA,0.02109,1.0
12.48,77.4,SI.KA,0.02109,1.0
12.48,77.58,TN/PY,0.00663,0.314353
12.48,77.58,SI.KA,0.01446,0.685647
12.48,77.76,TN/PY,0.02109,1.0
12.48,77.94,TN/PY,0.02109,1.0
12.48,78.12,TN/PY,0.02109,1.0
12.48,78.3,TN/PY,0.02109,1.0
12.48,78.48,TN/PY,0.02109,1.0
12.48,78.66,TN/PY,0.02109,1.0
12.48,78.84,TN/PY,0.02109,1.0
12.48,79.02,TN/PY,0.02109,1.0
12.48,79.2,TN/PY,0.02109,1.0
12.48,79.38,TN/PY,0.02109,1.0
12.48,79.56,TN/PY,0.02109,1.0
12.48,79.74,TN/PY,0.02109,1.0
12.48,79.92,TN/PY,0.02109,1.0
12.48,80.1,TN/PY,0.016902,0.801438
12.6,74.88,KL,0.00445,0.211102
12.6,75.06,KL,0.021027,0.997508
12.6,75.06,CST.KA,5.3e-05,0.002492
12.6,75.24,KL,0.009415,0.446625
12.6,75.24,CST.KA,0.011776,0.558629
12.6,75.42,CST.KA,0.02108,1.0
12.6,75.6,SI.KA,0.004018,0.190608
12.6,75.6,CST.KA,0.01714,0.813091
12.6,75.78,SI.KA,0.02108,1.0
12.6,75.96,SI.KA,0.02108,1.0
12.6,76.14,SI.KA,0.02108,1.0
12.6,76.32,SI.KA,0.02108,1.0
12.6,76.5,SI.KA,0.02108,1.0
12.6,76.68,SI.KA,0.02108,1.0
12.6,76.86,SI.KA,0.02108,1.0
12.6,77.04,SI.KA,0.02108,1.0
12.6,77.22,SI.KA,0.02108,1.0
12.6,77.4,SI.KA,0.02108,1.0
12.6,77.58,TN/PY,0.008924,0.423348
12.6,77.58,SI.KA,0.012156,0.576652
12.6,77.76,TN/PY,0.021063,0.999217
12.6,77.76,SI.KA,1.7e-05,0.000783
12.6,77.94,TN/PY,0.02108,1.0
12.6,78.12,TN/PY,0.02108,1.0
12.6,78.3,TN/PY,0.019386,0.919663
12.6,78.3,RYL,0.001693,0.080337
12.6,78.48,TN/PY,0.018245,0.865522
12.6,78.48,RYL,0.002835,0.134478
12.6,78.66,TN/PY,0.02108,1.0
12.6,78.84,TN/PY,0.02108,1.0
12.6,79.02,TN/PY,0.02108,1.0
12.6,79.2,TN/PY,0.02108,1.0
12.6,79.38,TN/PY,0.02108,1.0
12.6,79.56,TN/PY,0.02108,1.0
12.6,79.74,TN/PY,0.02108,1.0
12.6,79.92,TN/PY,0.02108,1.0
12.6,80.1,TN/PY,0.020644,0.979346
12.6,80.28,TN/PY,0.000868,0.041192
12.72,74.88,KL,0.009201,0.436668
12.72,74.88,CST.KA,0.001362,0.064621
12.72,75.06,KL,0.008127,0.38573
12.72,75.06,CST.KA,0.012943,0.61427
12.72,75.24,KL,0.000159,0.00754
12.72,75.24,CST.KA,0.020911,0.99246
12.72,75.42,CST.KA,0.02107,1.0
12.72,75.6,SI.KA,0.004535,0.215251
12.72,75.6,CST.KA,0.016535,0.784749
12.72,75.78,SI.KA,0.02107,1.0
12.72,75.96,SI.KA,0.02107,1.0
12.72,76.14,SI.KA,0.02107,1.0
12.72,76.32,SI.KA,0.02107,1.0
12.72,76.5,SI.KA,0.02107,1.0
12.72,76.68,SI.KA,0.02107,1.0
12.72,76.86,SI.KA,0.02107,1.0
12.72,77.04,SI.KA,0.02107,1.0
12.72,77.22,SI.KA,0.02107,1.0
12.72,77.4,SI.KA,0.02107,1.0
12.72,77.58,TN/PY,0.001032,0.04898
12.72,77.58,SI.KA,0.020038,0.95102
12.72,77.76,TN/PY,0.01056,0.501193
12.72,77.76,SI.KA,0.01051,0.498807
12.72,77.94,TN/PY,0.02107,1.0
12.72,78.12,TN/PY,0.020496,0.972757
12.72,78.12,SI.KA,0.00053,0.025141
12.72,78.12,RYL,4.8e-05,0.002275
12.72,78.3,TN/PY,0.00414,0.196509
12.72,78.3,SI.KA,0.000359,0.017036
12.72,78.3,RYL,0.016632,0.789377
12.72,78.48,TN/PY,0.004323,0.205197
12.72,78.48,RYL,0.016746,0.794803
12.72,78.66,TN/PY,0.020903,0.992093
12.72,78.66,RYL,0.000167,0.007907
12.72,78.84,TN/PY,0.02107,1.0
12.72,79.02,TN/PY,0.02107,1.0
12.72,79.2,TN/PY,0.02107,1.0
12.72,79.38,TN/PY,0.02107,1.0
12.72,79.56,TN/PY,0.02107,1.0
12.72,79.74,TN/PY,0.02107,1.0
12.72,79.92,TN/PY,0.02107,1.0
12.72,80.1,TN/PY,0.02107,1.0
12.72,80.28,TN/PY,0.00547,0.259615
12.84,74.88,CST.KA,0.016431,0.780189
12.84,75.06,KL,0.00013,0.006186
12.84,75.06,CST.KA,0.02093,0.993814
12.84,75.24,CST.KA,0.02106,1.0
12.84,75.42,CST.KA,0.02106,1.0
12.84,75.6,SI.KA,0.009869,0.468619
12.84,75.6,CST.KA,0.011191,0.531381
12.84,75.78,SI.KA,0.02106,1.0
12.84,75.96,SI.KA,0.02106,1.0
12.84,76.14,SI.KA,0.02106,1.0
12.84,76.32,SI.KA,0.02106,1.0
12.84,76.5,SI.KA,0.02106,1.0
12.84,76.68,SI.KA,0.02106,1.0
12.84,76.86,SI.KA,0.02106,1.0
12.84,77.04,SI.KA,0.02106,1.0
12.84,77.22,SI.KA,0.02106,1.0
12.84,77.4,SI.KA,0.02106,1.0
12.84,77.58,SI.KA,0.02106,1.0
12.84,77.76,TN/PY,0.003532,0.167689
12.84,77.76,SI.KA,0.017629,0.837068
12.84,77.94,TN/PY,0.012267,0.582488
12.84,77.94,SI.KA,0.008605,0.408591
12.84,78.12,TN/PY,0.004544,0.215788
12.84,78.12,SI.KA,0.016515,0.784212
12.84,78.3,SI.KA,0.00713,0.338578
12.84,78.3,RYL,0.01383,0.656718
12.84,78.48,SI.KA,0.000282,0.013397
12.84,78.48,RYL,0.020778,0.986603
12.84,78.66,TN/PY,0.016287,0.773372
12.84,78.66,RYL,0.004773,0.226628
12.84,78.84,TN/PY,0.02106,1.0
12.84,79.02,TN/PY,0.02106,1.0
12.84,79.2,TN/PY,0.02106,1.0
12.84,79.38,TN/PY,0.02106,1.0
12.84,79.56,TN/PY,0.02106,1.0
12.84,79.74,TN/PY,0.02106,1.0
12.84,79.92,TN/PY,0.02106,1.0
12.84,80.1,TN/PY,0.02106,1.0
12.84,80.28,TN/PY,0.007791,0.369962
12.96,74.7,CST.KA,0.00015,0.007121
12.96,74.88,CST.KA,0.020418,0.969989
12.96,75.06,CST.KA,0.02105,1.0
12.96,75.24,CST.KA,0.02105,1.0
12.96,75.42,CST.KA,0.02105,1.0
12.96,75.6,SI.KA,0.017478,0.830316
12.96,75.6,CST.KA,0.003558,0.16901
12.96,75.78,SI.KA,0.02105,1.0
12.96,75.96,SI.KA,0.02105,1.0
12.96,76.14,SI.KA,0.02105,1.0
12.96,76.32,SI.KA,0.02105,1.0
12.96,76.5,SI.KA,0.02105,1.0
12.96,76.68,SI.KA,0.02105,1.0
12.96,76.86,SI.KA,0.02105,1.0
12.96,77.04,SI.KA,0.02105,1.0
12.96,77.22,SI.KA,0.02105,1.0
12.96,77.4,SI.KA,0.02105,1.0
12.96,77.58,SI.KA,0.02105,1.0
12.96,77.76,SI.KA,0.02105,1.0
12.96,77.94,SI.KA,0.02105,1.0
12.96,78.12,SI.KA,0.02105,1.0
12.96,78.3,SI.KA,0.020011,0.95064
12.96,78.3,RYL,0.001039,0.04936
12.96,78.48,SI.KA,0.006092,0.28943
12.96,78.48,RYL,0.014957,0.71057
12.96,78.66,TN/PY,0.01295,0.615192
12.96,78.66,RYL,0.0081,0.384808
12.96,78.84,TN/PY,0.02105,1.0
12.96,79.02,TN/PY,0.02105,1.0
12.96,79.2,TN/PY,0.021048,0.99991
12.96,79.2,RYL,2e-06,9e-05
12.96,79.38,TN/PY,0.02105,1.0
12.96,79.56,TN/PY,0.02105,1.0
12.96,79.74,TN/PY,0.02105,1.0
12.96,79.92,TN/PY,0.02105,1.0
12.96,80.1,TN/PY,0.02105,1.0
12.96,80.28,TN/PY,0.008993,0.427207
13.08,74.7,CST.KA,0.001979,0.094065
13.08,74.88,CST.KA,0.02104,1.0
13.08,75.06,CST.KA,0.02104,1.0
13.08,75.24,SI.KA,0.000672,0.031961
13.08,75.24,CST.KA,0.020391,0.969172
13.08,75.42,SI.KA,0.003987,0.189522
13.08,75.42,CST.KA,0.017066,0.811135
13.08,75.6,SI.KA,0.020407,0.969917
13.08,75.6,CST.KA,0.0005,0.02378
13.08,75.78,SI.KA,0.02104,1.0
13.08,75.96,SI.KA,0.02104,1.0
13.08,76.14,SI.KA,0.02104,1.0
13.08,76.32,SI.KA,0.02104,1.0
13.08,76.5,SI.KA,0.02104,1.0
13.08,76.68,SI.KA,0.02104,1.0
13.08,76.86,SI.KA,0.02104,1.0
13.08,77.04,SI.KA,0.02104,1.0
13.08,77.22,SI.KA,0.02104,1.0
13.08,77.4,SI.KA,0.02104,1.0
13.08,77.58,SI.KA,0.02104,1.0
13.08,77.76,SI.KA,0.02104,1.0
13.08,77.94,SI.KA,0.02104,1.0
13.08,78.12,SI.KA,0.02104,1.0
13.08,78.3,SI.KA,0.02104,1.0
13.08,78.48,SI.KA,0.013606,0.646668
13.08,78.48,RYL,0.007434,0.353332
13.08,78.66,TN/PY,0.001824,0.086703
13.08,78.66,RYL,0.019215,0.913297
13.08,78.84,TN/PY,0.009111,0.433055
13.08,78.84,RYL,0.012053,0.57287
13.08,79.02,TN/PY,0.007852,0.373217
13.08,79.02,RYL,0.013216,0.628141
13.08,79.2,TN/PY,0.011016,0.523593
13.08,79.2,RYL,0.010023,0.476407
13.08,79.38,TN/PY,0.020306,0.965121
13.08,79.38,RYL,0.000734,0.034879
13.08,79.56,TN/PY,0.02104,1.0
13.08,79.74,TN/PY,0.02104,1.0
13.08,79.92,TN/PY,0.02104,1.0
13.08,80.1,TN/PY,0.02104,1.0
13.08,80.28,TN/PY,0.01224,0.581768
13.2,74.7,CST.KA,0.00592,0.281532
13.2,74.88,CST.KA,0.021029,1.0
13.2,75.06,CST.KA,0.021029,1.0
13.2,75.24,SI.KA,0.016913,0.804236
13.2,75.24,CST.KA,0.003791,0.180295
13.2,75.42,SI.KA,0.018474,0.878491
13.2,75.42,CST.KA,0.002572,0.122294
13.2,75.6,SI.KA,0.021029,1.0
13.2,75.78,SI.KA,0.021029,1.0
13.2,75.96,SI.KA,0.021029,1.0
13.2,76.14,SI.KA,0.021029,1.0
13.2,76.32,SI.KA,0.021029,1.0
13.2,76.5,SI.KA,0.021029,1.0
13.2,76.68,SI.KA,0.021029,1.0
13.2,76.86,SI.KA,0.021029,1.0
13.2,77.04,SI.KA,0.021029,1.0
13.2,77.22,SI.KA,0.021029,1.0
13.2,77.4,SI.KA,0.021029,1.0
13.2,77.58,SI.KA,0.021029,1.0
13.2,77.76,SI.KA,0.021029,1.0
13.2,77.94,SI.KA,0.021029,1.0
13.2,78.12,SI.KA,0.021029,1.0
13.2,78.3,SI.KA,0.021029,1.0
13.2,78.48,SI.KA,0.020254,0.963133
13.2,78.48,RYL,0.000775,0.036867
13.2,78.66,SI.KA,0.000295,0.014012
13.2,78.66,RYL,0.020709,0.98479
13.2,78.84,RYL,0.021029,1.0
13.2,79.02,RYL,0.021029,1.0
13.2,79.2,TN/PY,0.00055,0.02613
13.2,79.2,RYL,0.02048,0.97387
13.2,79.38,TN/PY,0.007518,0.357494
13.2,79.38,RYL,0.013511,0.642506
13.2,79.56,TN/PY,0.021024,0.999728
13.2,79.56,RYL,6e-06,0.000272
13.2,79.74,TN/PY,0.017893,0.850845
13.2,79.74,RYL,0.003085,0.14669
13.2,79.92,TN/PY,0.021029,1.0
13.2,80.1,TN/PY,0.021029,1.0
13.2,80.28,TN/PY,0.015623,0.742904
13.32,74.7,CST.KA,0.00916,0.435814
13.32,74.88,CST.KA,0.021019,1.0
13.32,75.06,SI.KA,0.004603,0.219012
13.32,75.06,CST.KA,0.016416,0.780988
13.32,75.24,SI.KA,0.020994,0.998816
13.32,75.24,CST.KA,2.5e-05,0.001184
13.32,75.42,SI.KA,0.021019,1.0
13.32,75.6,SI.KA,0.021019,1.0
13.32,75.78,SI.KA,0.021019,1.0
13.32,75.96,SI.KA,0.021019,1.0
13.32,76.14,SI.KA,0.021019,1.0
13.32,76.32,SI.KA,0.021019,1.0
13.32,76.5,SI.KA,0.021019,1.0
13.32,76.68,SI.KA,0.021019,1.0
13.32,76.86,SI.KA,0.021019,1.0
13.32,77.04,SI.KA,0.021019,1.0
13.32,77.22,SI.KA,0.021019,1.0
13.32,77.4,SI.KA,0.021019,1.0
13.32,77.58,SI.KA,0.021019,1.0
13.32,77.76,SI.KA,0.021019,1.0
13.32,77.94,SI.KA,0.021019,1.0
13.32,78.12,SI.KA,0.021019,1.0
13.32,78.3,SI.KA,0.020463,0.973547
13.32,78.3,RYL,0.000556,0.026453
13.32,78.48,SI.KA,0.007458,0.354836
13.32,78.48,RYL,0.013562,0.645205
13.32,78.66,SI.KA,0.000442,0.021037
13.32,78.66,RYL,0.020562,0.978246
13.32,78.84,RYL,0.021019,1.0
13.32,79.02,RYL,0.021019,1.0
13.32,79.2,RYL,0.021019,1.0
13.32,79.38,TN/PY,0.003472,0.165188
13.32,79.38,RYL,0.017508,0.832957
13.32,79.56,TN/PY,0.006679,0.317756
13.32,79.56,RYL,0.014203,0.675713
13.32,79.74,TN/PY,0.004774,0.227141
13.32,79.74,RYL,0.015972,0.75991
13.32,79.92,TN/PY,0.015692,0.746577
13.32,79.92,RYL,0.005327,0.253423
13.32,80.1,TN/PY,0.021019,1.0
13.32,80.28,TN/PY,0.017694,0.841811
13.44,74.7,CST.KA,0.009994,0.475729
13.44,74.88,CST.KA,0.021008,1.0
13.44,75.06,SI.KA,0.002186,0.104042
13.44,75.06,CST.KA,0.018823,0.895958
13.44,75.24,SI.KA,0.020976,0.998465
13.44,75.24,CST.KA,3.2e-05,0.001535
13.44,75.42,SI.KA,0.021008,1.0
13.44,75.6,SI.KA,0.021008,1.0
13.44,75.78,SI.KA,0.021008,1.0
13.44,75.96,SI.KA,0.021008,1.0
13.44,76.14,SI.KA,0.021008,1.0
13.44,76.32,SI.KA,0.021008,1.0
13.44,76.5,SI.KA,0.021008,1.0
13.44,76.68,SI.KA,0.021008,1.0
13.44,76.86,SI.KA,0.021008,1.0
13.44,77.04,SI.KA,0.021008,1.0
13.44,77.22,SI.KA,0.021008,1.0
13.44,77.4,SI.KA,0.021008,1.0
13.44,77.58,SI.KA,0.021008,1.0
13.44,77.76,SI.KA,0.021008,1.0
13.44,77.94,SI.KA,0.021008,1.0
13.44,78.12,SI.KA,0.021008,1.0
13.44,78.3,SI.KA,0.01949,0.927721
13.44,78.3,RYL,0.001518,0.072279
13.44,78.48,RYL,0.021008,1.0
13.44,78.66,RYL,0.021008,1.0
13.44,78.84,RYL,0.021008,1.0
13.44,79.02,RYL,0.021008,1.0
13.44,79.2,RYL,0.021008,1.0
13.44,79.38,RYL,0.021008,1.0
13.44,79.56,RYL,0.021008,1.0
13.44,79.74,RYL,0.021008,1.0
13.44,79.92,TN/PY,0.004151,0.197589
13.44,79.92,RYL,0.016857,0.802411
13.44,80.1,TN/PY,0.020754,0.987885
13.44,80.1,RYL,4.3e-05,0.002062
13.44,80.1,CST.AP,0.000209,0.009941
13.44,80.28,TN/PY,0.01267,0.60307
13.44,80.28,CST.AP,0.000955,0.04545
13.56,74.7,CST.KA,0.013355,0.636027
13.56,74.88,CST.KA,0.020998,1.0
13.56,75.06,SI.KA,0.011462,0.545854
13.56,75.06,CST.KA,0.009536,0.454146
13.56,75.24,SI.KA,0.020998,1.0
13.56,75.42,SI.KA,0.020998,1.0
13.56,75.6,SI.KA,0.020998,1.0
13.56,75.78,SI.KA,0.020998,1.0
13.56,75.96,SI.KA,0.020998,1.0
13.56,76.14,SI.KA,0.020998,1.0
13.56,76.32,SI.KA,0.020998,1.0
13.56,76.5,SI.KA,0.020998,1.0
13.56,76.68,SI.KA,0.020998,1.0
13.56,76.86,SI.KA,0.020998,1.0
13.56,77.04,SI.KA,0.020998,1.0
13.56,77.22,SI.KA,0.020998,1.0
13.56,77.4,SI.KA,0.020998,1.0
13.56,77.58,SI.KA,0.020998,1.0
13.56,77.76,SI.KA,0.020998,1.0
13.56,77.94,SI.KA,0.020998,1.0
13.56,78.12,SI.KA,0.020443,0.973563
13.56,78.12,RYL,0.000555,0.026437
13.56,78.3,SI.KA,0.014911,0.710114
13.56,78.3,RYL,0.006087,0.289886
13.56,78.48,SI.KA,0.000249,0.011835
13.56,78.48,RYL,0.020749,0.988165
13.56,78.66,RYL,0.020998,1.0
13.56,78.84,RYL,0.020998,1.0
13.56,79.02,RYL,0.020998,1.0
13.56,79.2,RYL,0.020998,1.0
13.56,79.38,RYL,0.020998,1.0
13.56,79.56,RYL,0.020998,1.0
13.56,79.74,RYL,0.020998,1.0
13.56,79.92,TN/PY,0.000126,0.005989
13.56,79.92,RYL,0.020872,0.993999
13.56,79.92,CST.AP,0.0,4e-06
13.56,80.1,TN/PY,0.002238,0.106565
13.56,80.1,RYL,0.002387,0.1137
13.56,80.1,CST.AP,0.016368,0.779503
13.56,80.28,TN/PY,0.00146,0.069536
13.56,80.28,CST.AP,0.00817,0.389094
13.68,74.7,CST.KA,0.013602,0.648121
13.68,74.88,CST.KA,0.020987,1.0
13.68,75.06,SI.KA,0.015876,0.756453
13.68,75.06,CST.KA,0.005111,0.243547
13.68,75.24,SI.KA,0.020987,1.0
13.68,75.42,SI.KA,0.020987,1.0
13.68,75.6,SI.KA,0.020987,1.0
13.68,75.78,SI.KA,0.020987,1.0
13.68,75.96,SI.KA,0.020987,1.0
13.68,76.14,SI.KA,0.020987,1.0
13.68,76.32,SI.KA,0.020987,1.0
13.68,76.5,SI.KA,0.020987,1.0
13.68,76.68,SI.KA,0.020987,1.0
13.68,76.86,SI.KA,0.020987,1.0
13.68,77.04,SI.KA,0.020987,0.999983
13.68,77.04,RYL,0.0,1.7e-05
13.68,77.22,SI.KA,0.020987,1.0
13.68,77.4,SI.KA,0.019286,0.918928
13.68,77.4,RYL,0.001641,0.078186
13.68,77.58,SI.KA,0.019406,0.924666
13.68,77.58,RYL,0.001589,0.075713
13.68,77.76,SI.KA,0.020987,1.0
13.68,77.94,SI.KA,0.020987,1.0
13.68,78.12,SI.KA,0.009905,0.47195
13.68,78.12,RYL,0.011082,0.52805
13.68,78.3,RYL,0.020987,1.0
13.68,78.48,RYL,0.020987,1.0
13.68,78.66,RYL,0.020987,1.0
13.68,78.84,RYL,0.020987,1.0
13.68,79.02,RYL,0.020987,1.0
13.68,79.2,RYL,0.020987,1.0
13.68,79.38,RYL,0.020987,1.0
13.68,79.56,RYL,0.020987,1.0
13.68,79.74,RYL,0.020987,1.0
13.68,79.92,RYL,0.01392,0.663269
13.68,79.92,CST.AP,0.007036,0.33523
13.68,80.1,CST.AP,0.020987,1.0
13.68,80.28,CST.AP,0.006003,0.286036
13.8,74.52,CST.KA,2.4e-05,0.001156
13.8,74.7,CST.KA,0.019799,0.943887
13.8,74.88,SI.KA,0.004469,0.213066
13.8,74.88,CST.KA,0.016507,0.786934
13.8,75.06,SI.KA,0.020797,0.991432
13.8,75.06,CST.KA,0.00018,0.008568
13.8,75.24,SI.KA,0.020977,1.0
13.8,75.42,SI.KA,0.020977,1.0
13.8,75.6,SI.KA,0.020977,1.0
13.8,75.78,SI.KA,0.020977,1.0
13.8,75.96,SI.KA,0.020977,1.0
13.8,76.14,SI.KA,0.020977,1.0
13.8,76.32,SI.KA,0.020977,1.0
13.8,76.5,SI.KA,0.020977,1.0
13.8,76.68,SI.KA,0.020977,1.0
13.8,76.86,SI.KA,0.020977,1.0
13.8,77.04,SI.KA,0.007225,0.344436
13.8,77.04,RYL,0.013751,0.655564
13.8,77.22,SI.KA,0.01754,0.836161
13.8,77.22,RYL,0.003437,0.163839
13.8,77.4,SI.KA,0.014104,0.672381
13.8,77.4,RYL,0.007169,0.341763
13.8,77.58,SI.KA,0.001933,0.092144
13.8,77.58,RYL,0.019012,0.906335
13.8,77.76,SI.KA,0.01286,0.613078
13.8,77.76,RYL,0.008116,0.386922
13.8,77.94,SI.KA,0.020083,0.957391
13.8,77.94,RYL,0.000894,0.042609
13.8,78.12,SI.KA,0.010282,0.490182
13.8,78.12,RYL,0.010844,0.516966
13.8,78.3,RYL,0.020977,1.0
13.8,78.48,RYL,0.020977,1.0
13.8,78.66,RYL,0.020977,1.0
13.8,78.84,RYL,0.020977,1.0
13.8,79.02,RYL,0.020977,1.0
13.8,79.2,RYL,0.020977,1.0
13.8,79.38,RYL,0.020977,1.0
13.8,79.56,RYL,0.020474,0.976022
13.8,79.56,CST.AP,0.000503,0.023978
13.8,79.74,RYL,0.020252,0.965442
13.8,79.74,CST.AP,0.000725,0.034558
13.8,79.92,RYL,0.004767,0.227276
13.8,79.92,CST.AP,0.016021,0.763776
13.8,80.1,CST.AP,0.020977,1.0
13.8,80.28,CST.AP,0.005843,0.278572
13.92,74.52,CST.KA,0.003724,0.177603
13.92,74.7,SI.KA,0.006772,0.323018
13.92,74.7,CST.KA,0.014119,0.673432
13.92,74.88,SI.KA,0.018355,0.875499
13.92,74.88,CST.KA,0.00261,0.124501
13.92,75.06,SI.KA,0.020966,1.0
13.92,75.24,SI.KA,0.020966,1.0
13.92,75.42,SI.KA,0.020966,1.0
13.92,75.6,SI.KA,0.020966,1.0
13.92,75.78,SI.KA,0.020966,1.0
13.92,75.96,SI.KA,0.020966,1.0
13.92,76.14,SI.KA,0.020966,1.0
13.92,76.32,SI.KA,0.020966,1.0
13.92,76.5,SI.KA,0.020966,1.0
13.92,76.68,SI.KA,0.020966,1.0
13.92,76.86,SI.KA,0.020966,1.0
13.92,77.04,SI.KA,0.008379,0.399648
13.92,77.04,RYL,0.012587,0.600352
13.92,77.22,SI.KA,0.002259,0.10774
13.92,77.22,RYL,0.018707,0.89226
13.92,77.4,SI.KA,0.005389,0.257042
13.92,77.4,RYL,0.015577,0.742961
13.92,77.58,RYL,0.020966,1.0
13.92,77.76,SI.KA,0.002086,0.099487
13.92,77.76,RYL,0.01888,0.900513
13.92,77.94,SI.KA,0.00917,0.437385
13.92,77.94,RYL,0.011796,0.562615
13.92,78.12,SI.KA,0.001056,0.050344
13.92,78.12,RYL,0.020144,0.960816
13.92,78.3,RYL,0.020966,1.0
13.92,78.48,RYL,0.020966,1.0
13.92,78.66,RYL,0.020966,1.0
13.92,78.84,RYL,0.020966,1.0
13.92,79.02,RYL,0.020966,1.0
13.92,79.2,RYL,0.020966,1.0
13.92,79.38,RYL,0.019589,0.934356
13.92,79.38,CST.AP,0.001376,0.065644
13.92,79.56,RYL,0.007094,0.338382
13.92,79.56,CST.AP,0.013871,0.661618
13.92,79.74,RYL,0.005138,0.245081
13.92,79.74,CST.AP,0.015827,0.754919
13.92,79.92,RYL,0.000173,0.008256
13.92,79.92,CST.AP,0.020716,0.988071
13.92,80.1,CST.AP,0.020659,0.985375
13.92,80.28,CST.AP,0.001216,0.057979
14.04,74.34,CST.KA,1.7e-05,0.000807
14.04,74.52,CST.KA,0.01227,0.585541
14.04,74.7,SI.KA,0.015069,0.719128
14.04,74.7,CST.KA,0.005886,0.280872
14.04,74.88,SI.KA,0.020955,1.0
14.04,75.06,SI.KA,0.020955,1.0
14.04,75.24,SI.KA,0.020955,1.0
14.04,75.42,SI.KA,0.020955,1.0
14.04,75.6,SI.KA,0.020955,1.0
14.04,75.78,SI.KA,0.020955,1.0
14.04,75.96,SI.KA,0.020955,1.0
14.04,76.14,SI.KA,0.020955,1.0
14.04,76.32,SI.KA,0.020955,1.0
14.04,76.5,SI.KA,0.020955,1.0
14.04,76.68,SI.KA,0.020955,1.0
14.04,76.86,SI.KA,0.020652,0.985537
14.04,76.86,RYL,0.000303,0.014463
14.04,77.04,SI.KA,0.006432,0.306939
14.04,77.04,RYL,0.014523,0.693061
14.04,77.22,SI.KA,0.014509,0.692409
14.04,77.22,RYL,0.006445,0.307591
14.04,77.4,SI.KA,0.005041,0.240582
14.04,77.4,RYL,0.015913,0.759418
14.04,77.58,RYL,0.020955,1.0
14.04,77.76,RYL,0.020955,1.0
14.04,77.94,RYL,0.020955,1.0
14.04,78.12,RYL,0.020955,1.0
14.04,78.3,RYL,0.020955,1.0
14.04,78.48,RYL,0.020955,1.0
14.04,78.66,RYL,0.020955,1.0
14.04,78.84,RYL,0.020955,1.0
14.04,79.02,RYL,0.020955,1.0
14.04,79.2,RYL,0.020955,1.0
14.04,79.38,RYL,0.01772,0.845617
14.04,79.38,CST.AP,0.003235,0.154383
14.04,79.56,CST.AP,0.020955,1.0
14.04,79.74,CST.AP,0.020955,1.0
14.04,79.92,CST.AP,0.020955,1.0
14.04,80.1,CST.AP,0.016435,0.784302
14.16,74.52,CST.KA,0.015812,0.755
14.16,74.7,SI.KA,0.01314,0.627389
14.16,74.7,CST.KA,0.007804,0.372611
14.16,74.88,SI.KA,0.020898,0.997796
14.16,74.88,CST.KA,4.4e-05,0.002079
14.16,75.06,SI.KA,0.020944,1.0
14.16,75.24,SI.KA,0.020944,1.0
14.16,75.42,SI.KA,0.020944,1.0
14.16,75.6,SI.KA,0.020944,1.0
14.16,75.78,SI.KA,0.020944,1.0
14.16,75.96,SI.KA,0.020944,1.0
14.16,76.14,SI.KA,0.020944,1.0
14.16,76.32,SI.KA,0.020944,1.0
14.16,76.5,SI.KA,0.020944,1.0
14.16,76.68,SI.KA,0.020944,1.0
14.16,76.86,SI.KA,0.018605,0.888333
14.16,76.86,RYL,0.002339,0.111667
14.16,77.04,SI.KA,0.01494,0.713326
14.16,77.04,RYL,0.005979,0.285489
14.16,77.22,SI.KA,0.020944,1.0
14.16,77.4,SI.KA,0.013406,0.640084
14.16,77.4,RYL,0.007919,0.37813
14.16,77.58,SI.KA,0.001224,0.058439
14.16,77.58,RYL,0.019731,0.942105
14.16,77.76,RYL,0.020944,1.0
14.16,77.94,RYL,0.020944,1.0
14.16,78.12,RYL,0.020944,1.0
14.16,78.3,RYL,0.020944,1.0
14.16,78.48,RYL,0.020944,1.0
14.16,78.66,RYL,0.020944,1.0
14.16,78.84,RYL,0.020944,1.0
14.16,79.02,RYL,0.020944,1.0
14.16,79.2,RYL,0.020944,1.0
14.16,79.38,RYL,0.017864,0.852932
14.16,79.38,CST.AP,0.00308,0.147068
14.16,79.56,CST.AP,0.020944,1.0
14.16,79.74,CST.AP,0.020944,1.0
14.16,79.92,CST.AP,0.020944,1.0
14.16,80.1,CST.AP,0.014302,0.682859
14.28,74.34,CST.KA,0.000454,0.021705
14.28,74.52,CST.KA,0.018474,0.882538
14.28,74.7,SI.KA,0.001899,0.09073
14.28,74.7,CST.KA,0.019033,0.90927
14.28,74.88,SI.KA,0.005332,0.254715
14.28,74.88,CST.KA,0.015352,0.733379
14.28,75.06,SI.KA,0.020889,0.9979
14.28,75.06,CST.KA,4.4e-05,0.0021
14.28,75.24,SI.KA,0.020933,1.0
14.28,75.42,SI.KA,0.02017,0.963572
14.28,75.42,NI.KA,0.000763,0.036428
14.28,75.6,SI.KA,0.015219,0.727034
14.28,75.6,NI.KA,0.005714,0.272966
14.28,75.78,SI.KA,0.020933,1.0
14.28,75.96,SI.KA,0.020933,1.0
14.28,76.14,SI.KA,0.020933,1.0
14.28,76.32,SI.KA,0.020933,1.0
14.28,76.5,SI.KA,0.020933,1.0
14.28,76.68,SI.KA,0.020933,1.0
14.28,76.86,SI.KA,0.019159,0.91525
14.28,76.86,RYL,0.001823,0.087082
14.28,77.04,SI.KA,0.003897,0.18618
14.28,77.04,RYL,0.016702,0.797917
14.28,77.22,SI.KA,0.017864,0.853387
14.28,77.22,RYL,0.002748,0.131287
14.28,77.4,SI.KA,0.011064,0.528538
14.28,77.4,RYL,0.009887,0.472328
14.28,77.58,SI.KA,0.000628,0.030004
14.28,77.58,RYL,0.020274,0.968523
14.28,77.76,RYL,0.020933,1.0
14.28,77.94,RYL,0.020933,1.0
14.28,78.12,RYL,0.020933,1.0
14.28,78.3,RYL,0.020933,1.0
14.28,78.48,RYL,0.020933,1.0
14.28,78.66,RYL,0.020933,1.0
14.28,78.84,RYL,0.020933,1.0
14.28,79.02,RYL,0.020933,1.0
14.28,79.2,RYL,0.020933,1.0
14.28,79.38,RYL,0.014197,0.678203
14.28,79.38,CST.AP,0.006736,0.321797
14.28,79.56,CST.AP,0.020933,1.0
14.28,79.74,CST.AP,0.020933,1.0
14.28,79.92,CST.AP,0.020933,1.0
14.28,80.1,CST.AP,0.01649,0.787759
14.4,74.34,CST.KA,0.003262,0.155934
14.4,74.52,CST.KA,0.020917,0.999774
14.4,74.7,CST.KA,0.020921,1.0
14.4,74.88,SI.KA,0.004564,0.218141
14.4,74.88,CST.KA,0.016211,0.774854
14.4,75.06,SI.KA,0.020921,1.0
14.4,75.24,SI.KA,0.020921,1.0
14.4,75.42,SI.KA,0.005005,0.239217
14.4,75.42,NI.KA,0.015917,0.760783
14.4,75.6,SI.KA,0.007041,0.336529
14.4,75.6,NI.KA,0.013881,0.663471
14.4,75.78,SI.KA,0.020921,1.0
14.4,75.96,SI.KA,0.020921,1.0
14.4,76.14,SI.KA,0.020921,1.0
14.4,76.32,SI.KA,0.020921,1.0
14.4,76.5,SI.KA,0.020921,1.0
14.4,76.68,SI.KA,0.020921,1.0
14.4,76.86,SI.KA,0.016554,0.791243
14.4,76.86,RYL,0.004367,0.208757
14.4,77.04,SI.KA,0.000104,0.004985
14.4,77.04,RYL,0.020817,0.995015
14.4,77.22,SI.KA,0.0,1.1e-05
14.4,77.22,RYL,0.020874,0.997746
14.4,77.4,RYL,0.020921,1.0
14.4,77.58,RYL,0.020921,1.0
14.4,77.76,RYL,0.020921,1.0
14.4,77.94,RYL,0.020921,1.0
14.4,78.12,RYL,0.020921,1.0
14.4,78.3,RYL,0.020921,1.0
14.4,78.48,RYL,0.020921,1.0
14.4,78.66,RYL,0.020921,1.0
14.4,78.84,RYL,0.020921,1.0
14.4,79.02,RYL,0.020921,1.0
14.4,79.2,RYL,0.020921,1.0
14.4,79.38,RYL,0.007266,0.347294
14.4,79.38,CST.AP,0.013656,0.652706
14.4,79.56,CST.AP,0.020921,1.0
14.4,79.74,CST.AP,0.020921,1.0
14.4,79.92,CST.AP,0.020921,1.0
14.4,80.1,CST.AP,0.019559,0.934896
14.52,74.34,CST.KA,0.008379,0.40073
14.52,74.52,CST.KA,0.020826,0.995998
14.52,74.7,CST.KA,0.02091,1.0
14.52,74.88,SI.KA,0.004803,0.229708
14.52,74.88,CST.KA,0.015996,0.764992
14.52,75.06,SI.KA,0.015313,0.732332
14.52,75.06,CST.KA,0.005392,0.257886
14.52,75.24,SI.KA,0.017395,0.831884
14.52,75.24,NI.KA,0.003515,0.168116
14.52,75.42,SI.KA,0.00052,0.024845
14.52,75.42,NI.KA,0.020391,0.975155
14.52,75.6,SI.KA,0.000374,0.017893
14.52,75.6,NI.KA,0.020536,0.982107
14.52,75.78,SI.KA,0.011412,0.54576
14.52,75.78,NI.KA,0.009498,0.45424
14.52,75.96,SI.KA,0.02091,1.0
14.52,76.14,SI.KA,0.02091,1.0
14.52,76.32,SI.KA,0.02091,1.0
14.52,76.5,SI.KA,0.02091,1.0
14.52,76.68,SI.KA,0.02091,1.0
14.52,76.86,SI.KA,0.009049,0.432745
14.52,76.86,RYL,0.011861,0.567255
14.52,77.04,SI.KA,0.000604,0.028873
14.52,77.04,RYL,0.020306,0.971127
14.52,77.22,RYL,0.02091,1.0
14.52,77.4,RYL,0.02091,1.0
14.52,77.58,RYL,0.02091,1.0
14.52,77.76,RYL,0.02091,1.0
14.52,77.94,RYL,0.02091,1.0
14.52,78.12,RYL,0.02091,1.0
14.52,78.3,RYL,0.02091,1.0
14.52,78.48,RYL,0.02091,1.0
14.52,78.66,RYL,0.02091,1.0
14.52,78.84,RYL,0.02091,1.0
14.52,79.02,RYL,0.02091,1.0
14.52,79.2,RYL,0.018559,0.887539
14.52,79.2,CST.AP,0.002352,0.112461
14.52,79.38,RYL,0.000479,0.022898
14.52,79.38,CST.AP,0.020431,0.977102
14.52,79.56,CST.AP,0.02091,1.0
14.52,79.74,CST.AP,0.02091,1.0
14.52,79.92,CST.AP,0.02091,1.0
14.52,80.1,CST.AP,0.019436,0.929503
14.52,80.28,CST.AP,0.000103,0.004934
14.64,74.34,CST.KA,0.01622,0.776148
14.64,74.52,CST.KA,0.020899,1.0
14.64,74.7,CST.KA,0.020899,1.0
14.64,74.88,CST.KA,0.020899,1.0
14.64,75.06,SI.KA,0.007173,0.343221
14.64,75.06,CST.KA,0.007533,0.360443
14.64,75.06,NI.KA,0.006197,0.296502
14.64,75.24,SI.KA,0.002217,0.10606
14.64,75.24,NI.KA,0.018682,0.89394
14.64,75.42,NI.KA,0.020899,1.0
14.64,75.6,NI.KA,0.020899,1.0
14.64,75.78,SI.KA,0.008254,0.394957
14.64,75.78,NI.KA,0.012645,0.605043
14.64,75.96,SI.KA,0.020899,1.0
14.64,76.14,SI.KA,0.020899,1.0
14.64,76.32,SI.KA,0.020899,1.0
14.64,76.5,SI.KA,0.020899,1.0
14.64,76.68,SI.KA,0.02081,0.995768
14.64,76.68,RYL,8.8e-05,0.004232
14.64,76.86,SI.KA,0.000541,0.02591
14.64,76.86,RYL,0.020357,0.97409
14.64,77.04,RYL,0.020899,1.0
14.64,77.22,RYL,0.020899,1.0
14.64,77.4,RYL,0.020899,1.0
14.64,77.58,RYL,0.020899,1.0
14.64,77.76,RYL,0.020899,1.0
14.64,77.94,RYL,0.020899,1.0
14.64,78.12,RYL,0.020899,1.0
14.64,78.3,RYL,0.020899,1.0
14.64,78.48,RYL,0.020899,1.0
14.64,78.66,RYL,0.020899,1.0
14.64,78.84,RYL,0.020899,1.0
14.64,79.02,RYL,0.020899,1.0
14.64,79.2,RYL,0.009049,0.432993
14.64,79.2,CST.AP,0.01185,0.567007
14.64,79.38,CST.AP,0.020899,1.0
14.64,79.56,CST.AP,0.020899,1.0
14.64,79.74,CST.AP,0.020899,1.0
14.64,79.92,CST.AP,0.020899,1.0
14.64,80.1,CST.AP,0.017656,0.844856
14.76,73.98,CST.KA,2e-05,0.000976
14.76,74.16,CST.KA,0.009153,0.438229
14.76,74.16,KNK/GA,1e-05,0.000455
14.76,74.34,CST.KA,0.020625,0.987425
14.76,74.52,CST.KA,0.020887,1.0
14.76,74.7,CST.KA,0.020887,1.0
14.76,74.88,CST.KA,0.020887,1.0
14.76,75.06,CST.KA,0.00931,0.445712
14.76,75.06,NI.KA,0.011595,0.55513
14.76,75.24,NI.KA,0.020887,1.0
14.76,75.42,NI.KA,0.020887,1.0
14.76,75.6,SI.KA,0.000529,0.025346
14.76,75.6,NI.KA,0.020358,0.974654
14.76,75.78,SI.KA,0.017801,0.852231
14.76,75.78,NI.KA,0.003086,0.147769
14.76,75.96,SI.KA,0.020887,1.0
14.76,76.14,SI.KA,0.020887,1.0
14.76,76.32,SI.KA,0.020887,1.0
14.76,76.5,SI.KA,0.020887,1.0
14.76,76.68,SI.KA,0.020887,1.0
14.76,76.86,SI.KA,0.004389,0.210139
14.76,76.86,RYL,0.016498,0.789861
14.76,77.04,RYL,0.020887,1.0
14.76,77.22,RYL,0.020887,1.0
14.76,77.4,RYL,0.020887,1.0
14.76,77.58,RYL,0.020887,1.0
14.76,77.76,RYL,0.020887,1.0
14.76,77.94,RYL,0.020887,1.0
14.76,78.12,RYL,0.020887,1.0
14.76,78.3,RYL,0.020887,1.0
14.76,78.48,RYL,0.020887,1.0
14.76,78.66,RYL,0.020887,1.0
14.76,78.84,RYL,0.020887,1.0
14.76,79.02,RYL,0.020887,1.0
14.76,79.2,RYL,0.005964,0.285528
14.76,79.2,CST.AP,0.014923,0.714472
14.76,79.38,CST.AP,0.020887,1.0
14.76,79.56,CST.AP,0.020887,1.0
14.76,79.74,CST.AP,0.020887,1.0
14.76,79.92,CST.AP,0.020887,1.0
14.76,80.1,CST.AP,0.010921,0.522859
14.88,73.98,CST.KA,0.0,0.0
14.88,73.98,KNK/GA,0.000742,0.035552
14.88,74.16,CST.KA,0.012751,0.610787
14.88,74.16,KNK/GA,0.003024,0.144853
14.88,74.34,CST.KA,0.020876,1.0
14.88,74.52,CST.KA,0.020876,1.0
14.88,74.7,CST.KA,0.020876,1.0
14.88,74.88,CST.KA,0.020876,1.0
14.88,75.06,CST.KA,0.012256,0.587108
14.88,75.06,NI.KA,0.008619,0.412892
14.88,75.24,NI.KA,0.020876,1.0
14.88,75.42,NI.KA,0.020876,1.0
14.88,75.6,SI.KA,0.000286,0.01369
14.88,75.6,NI.KA,0.02059,0.98631
14.88,75.78,SI.KA,0.019358,0.927306
14.88,75.78,NI.KA,0.001518,0.072694
14.88,75.96,SI.KA,0.020876,1.0
14.88,76.14,SI.KA,0.020876,1.0
14.88,76.32,SI.KA,0.020876,1.0
14.88,76.5,SI.KA,0.020876,1.0
14.88,76.68,SI.KA,0.020876,1.0
14.88,76.86,SI.KA,0.010033,0.480589
14.88,76.86,RYL,0.010843,0.519411
14.88,77.04,RYL,0.020876,1.0
14.88,77.22,RYL,0.020876,1.0
14.88,77.4,RYL,0.020876,1.0
14.88,77.58,RYL,0.020876,1.0
14.88,77.76,RYL,0.020876,1.0
14.88,77.94,RYL,0.020876,1.0
14.88,78.12,RYL,0.020876,1.0
14.88,78.3,RYL,0.020876,1.0
14.88,78.48,RYL,0.020876,1.0
14.88,78.66,RYL,0.020876,1.0
14.88,78.84,RYL,0.020876,1.0
14.88,79.02,RYL,0.019633,0.940474
14.88,79.02,CST.AP,0.001243,0.059526
14.88,79.2,RYL,0.000992,0.047536
14.88,79.2,CST.AP,0.019883,0.952464
14.88,79.38,CST.AP,0.020876,1.0
14.88,79.56,CST.AP,0.020876,1.0
14.88,79.74,CST.AP,0.020876,1.0
14.88,79.92,CST.AP,0.020876,1.0
14.88,80.1,CST.AP,0.008354,0.40019
15.0,73.98,KNK/GA,0.005942,0.284782
15.0,74.16,CST.KA,0.000455,0.021788
15.0,74.16,KNK/GA,0.02034,0.974883
15.0,74.34,CST.KA,0.018621,0.892504
15.0,74.34,KNK/GA,0.002243,0.107496
15.0,74.52,CST.KA,0.020864,1.0
15.0,74.7,CST.KA,0.020864,1.0
15.0,74.88,CST.KA,0.020236,0.969912
15.0,74.88,NI.KA,0.000624,0.029893
15.0,75.06,CST.KA,0.012947,0.620557
15.0,75.06,NI.KA,0.007917,0.379443
15.0,75.24,NI.KA,0.020864,1.0
15.0,75.42,NI.KA,0.020864,1.0
15.0,75.6,SI.KA,9e-06,0.000422
15.0,75.6,NI.KA,0.020855,0.999578
15.0,75.78,SI.KA,0.008408,0.403013
15.0,75.78,NI.KA,0.012456,0.596987
15.0,75.96,SI.KA,0.020503,0.98272
15.0,75.96,NI.KA,0.000361,0.01728
15.0,76.14,SI.KA,0.020864,1.0
15.0,76.32,SI.KA,0.020864,1.0
15.0,76.5,SI.KA,0.020864,1.0
15.0,76.68,SI.KA,0.02074,0.994074
15.0,76.68,RYL,0.000124,0.005926
15.0,76.86,SI.KA,0.005413,0.259419
15.0,76.86,RYL,0.015552,0.745392
15.0,77.04,SI.KA,0.005894,0.28248
15.0,77.04,RYL,0.01497,0.71752
15.0,77.22,RYL,0.020864,1.0
15.0,77.4,RYL,0.020864,1.0
15.0,77.58,RYL,0.020864,1.0
15.0,77.76,RYL,0.020864,1.0
15.0,77.94,RYL,0.020864,1.0
15.0,78.12,RYL,0.020864,1.0
15.0,78.3,RYL,0.020864,1.0
15.0,78.48,RYL,0.020864,1.0
15.0,78.66,RYL,0.020864,1.0
15.0,78.84,RYL,0.020864,1.0
15.0,79.02,RYL,0.016809,0.805646
15.0,79.02,CST.AP,0.004055,0.194354
15.0,79.2,CST.AP,0.020864,1.0
15.0,79.38,CST.AP,0.020864,1.0
15.0,79.56,CST.AP,0.020864,1.0
15.0,79.74,CST.AP,0.020864,1.0
15.0,79.92,CST.AP,0.020864,1.0
15.0,80.1,CST.AP,0.005418,0.259706
15.12,73.98,KNK/GA,0.015382,0.737647
15.12,74.16,KNK/GA,0.020852,1.0
15.12,74.34,CST.KA,0.016904,0.810636
15.12,74.34,KNK/GA,0.003949,0.189364
15.12,74.52,CST.KA,0.020852,1.0
15.12,74.7,CST.KA,0.020852,1.0
15.12,74.88,CST.KA,0.008174,0.391998
15.12,74.88,NI.KA,0.012677,0.607924
15.12,75.06,CST.KA,0.001068,0.051219
15.12,75.06,NI.KA,0.019784,0.948781
15.12,75.24,NI.KA,0.020852,1.0
15.12,75.42,NI.KA,0.020852,1.0
15.12,75.6,NI.KA,0.020852,1.0
15.12,75.78,NI.KA,0.020852,1.0
15.12,75.96,SI.KA,0.012123,0.581357
15.12,75.96,NI.KA,0.00873,0.418643
15.12,76.14,SI.KA,0.019892,0.953936
15.12,76.14,NI.KA,0.000961,0.046064
15.12,76.32,SI.KA,0.020852,1.0
15.12,76.5,SI.KA,0.020852,1.0
15.12,76.68,SI.KA,0.020852,1.0
15.12,76.86,SI.KA,0.019147,0.918228
15.12,76.86,RYL,0.001648,0.079021
15.12,77.04,SI.KA,0.020728,0.994066
15.12,77.04,RYL,0.000124,0.005934
15.12,77.22,SI.KA,0.001724,0.082669
15.12,77.22,RYL,0.019128,0.917331
15.12,77.4,RYL,0.020852,1.0
15.12,77.58,RYL,0.020852,1.0
15.12,77.76,RYL,0.020852,1.0
15.12,77.94,RYL,0.020852,1.0
15.12,78.12,RYL,0.020852,1.0
15.12,78.3,RYL,0.020852,1.0
15.12,78.48,RYL,0.020852,1.0
15.12,78.66,RYL,0.020852,1.0
15.12,78.84,RYL,0.020852,1.0
15.12,79.02,RYL,0.015154,0.726733
15.12,79.02,CST.AP,0.005698,0.273267
15.12,79.2,CST.AP,0.020852,1.0
15.12,79.38,CST.AP,0.020852,1.0
15.12,79.56,CST.AP,0.020852,1.0
15.12,79.74,CST.AP,0.020852,1.0
15.12,79.92,CST.AP,0.020852,1.0
15.12,80.1,CST.AP,0.005858,0.280918
15.24,73.98,KNK/GA,0.017639,0.846399
15.24,74.16,KNK/GA,0.02084,1.0
15.24,74.34,CST.KA,0.016064,0.770831
15.24,74.34,KNK/GA,0.004776,0.229169
15.24,74.52,CST.KA,0.02084,1.0
15.24,74.7,CST.KA,0.02084,1.0
15.24,74.88,CST.KA,0.011875,0.569806
15.24,74.88,NI.KA,0.009046,0.434066
15.24,75.06,NI.KA,0.02084,1.0
15.24,75.24,NI.KA,0.02084,1.0
15.24,75.42,NI.KA,0.02084,1.0
15.24,75.6,NI.KA,0.02084,1.0
15.24,75.78,NI.KA,0.02084,1.0
15.24,75.96,NI.KA,0.02084,1.0
15.24,76.14,SI.KA,0.003941,0.189126
15.24,76.14,NI.KA,0.016899,0.810874
15.24,76.32,SI.KA,0.013337,0.639982
15.24,76.32,NI.KA,0.007503,0.360018
15.24,76.5,SI.KA,0.02084,1.0
15.24,76.68,SI.KA,0.02084,1.0
15.24,76.86,SI.KA,0.02084,1.0
15.24,77.04,SI.KA,0.020762,0.996255
15.24,77.04,RYL,7.8e-05,0.003745
15.24,77.22,SI.KA,0.001982,0.095111
15.24,77.22,RYL,0.018858,0.904889
15.24,77.4,RYL,0.02084,1.0
15.24,77.58,RYL,0.02084,1.0
15.24,77.76,RYL,0.02084,1.0
15.24,77.94,RYL,0.02084,1.0
15.24,78.12,RYL,0.02084,1.0
15.24,78.3,RYL,0.02084,1.0
15.24,78.48,RYL,0.02084,1.0
15.24,78.66,RYL,0.020489,0.983153
15.24,78.66,CST.AP,0.000351,0.016847
15.24,78.84,RYL,0.003371,0.161752
15.24,78.84,CST.AP,0.017469,0.838248
15.24,79.02,RYL,0.001304,0.062574
15.24,79.02,CST.AP,0.019536,0.937426
15.24,79.2,CST.AP,0.02084,1.0
15.24,79.38,CST.AP,0.02084,1.0
15.24,79.56,CST.AP,0.02084,1.0
15.24,79.74,CST.AP,0.02084,1.0
15.24,79.92,CST.AP,0.02084,1.0
15.24,80.1,CST.AP,0.008,0.383873
15.36,73.8,KNK/GA,0.003443,0.16531
15.36,73.98,KNK/GA,0.020077,0.963942
15.36,74.16,KNK/GA,0.020828,1.0
15.36,74.34,CST.KA,0.014106,0.677251
15.36,74.34,NI.KA,0.000123,0.005926
15.36,74.34,KNK/GA,0.006599,0.316822
15.36,74.52,CST.KA,0.017399,0.835329
15.36,74.52,NI.KA,0.00343,0.164671
15.36,74.7,CST.KA,0.016712,0.802356
15.36,74.7,NI.KA,0.003767,0.180876
15.36,74.88,CST.KA,0.004354,0.209025
15.36,74.88,NI.KA,0.016277,0.78149
15.36,75.06,NI.KA,0.020828,1.0
15.36,75.24,NI.KA,0.020828,1.0
15.36,75.42,NI.KA,0.020828,1.0
15.36,75.6,NI.KA,0.020828,1.0
15.36,75.78,NI.KA,0.020828,1.0
15.36,75.96,NI.KA,0.020828,1.0
15.36,76.14,NI.KA,0.020828,1.0
15.36,76.32,SI.KA,0.001438,0.069048
15.36,76.32,NI.KA,0.01939,0.930952
15.36,76.5,SI.KA,0.010811,0.519069
15.36,76.5,NI.KA,0.010017,0.480931
15.36,76.68,SI.KA,0.020828,1.0
15.36,76.86,SI.KA,0.020828,1.0
15.36,77.04,SI.KA,0.012958,0.622134
15.36,77.04,RYL,0.00787,0.377866
15.36,77.22,RYL,0.020828,1.0
15.36,77.4,RYL,0.020828,1.0
15.36,77.58,RYL,0.020828,1.0
15.36,77.76,RYL,0.020828,1.0
15.36,77.94,RYL,0.020828,1.0
15.36,78.12,RYL,0.020828,1.0
15.36,78.3,RYL,0.020828,1.0
15.36,78.48,RYL,0.020828,1.0
15.36,78.66,RYL,0.020728,0.995166
15.36,78.66,CST.AP,0.000101,0.004834
15.36,78.84,RYL,0.001219,0.058521
15.36,78.84,CST.AP,0.01961,0.941479
15.36,79.02,CST.AP,0.020828,1.0
15.36,79.2,CST.AP,0.020828,1.0
15.36,79.38,CST.AP,0.020828,1.0
15.36,79.56,CST.AP,0.020828,1.0
15.36,79.74,CST.AP,0.020828,1.0
15.36,79.92,CST.AP,0.020828,1.0
15.36,80.1,CST.AP,0.012914,0.620009
15.48,73.8,KNK/GA,0.009296,0.446574
15.48,73.98,KNK/GA,0.020612,0.990157
15.48,74.16,CST.KA,0.0,3e-06
15.48,74.16,KNK/GA,0.020816,0.999997
15.48,74.34,CST.KA,0.012251,0.588527
15.48,74.34,NI.KA,0.006522,0.313297
15.48,74.34,KNK/GA,0.002051,0.098546
15.48,74.52,NI.KA,0.020816,1.0
15.48,74.7,NI.KA,0.020816,1.0
15.48,74.88,NI.KA,0.020816,1.0
15.48,75.06,NI.KA,0.020816,1.0
15.48,75.24,NI.KA,0.020816,1.0
15.48,75.42,NI.KA,0.020816,1.0
15.48,75.6,NI.KA,0.020816,1.0
15.48,75.78,NI.KA,0.020816,1.0
15.48,75.96,NI.KA,0.020816,1.0
15.48,76.14,NI.KA,0.020816,1.0
15.48,76.32,NI.KA,0.020816,1.0
15.48,76.5,SI.KA,8e-06,0.000368
15.48,76.5,NI.KA,0.020809,0.999632
15.48,76.68,SI.KA,0.007778,0.37365
15.48,76.68,NI.KA,0.013038,0.62635
15.48,76.86,SI.KA,0.019212,0.922945
15.48,76.86,NI.KA,0.001604,0.077055
15.48,77.04,SI.KA,0.00724,0.347801
15.48,77.04,RYL,0.013576,0.652199
15.48,77.22,RYL,0.020816,1.0
15.48,77.4,RYL,0.020816,1.0
15.48,77.58,RYL,0.020816,1.0
15.48,77.76,RYL,0.020816,1.0
15.48,77.94,RYL,0.020816,1.0
15.48,78.12,RYL,0.020816,1.0
15.48,78.3,RYL,0.020816,1.0
15.48,78.48,RYL,0.020816,1.0
15.48,78.66,RYL,0.020816,1.0
15.48,78.84,RYL,0.002785,0.133786
15.48,78.84,CST.AP,0.018031,0.866214
15.48,79.02,CST.AP,0.020816,1.0
15.48,79.2,CST.AP,0.020816,1.0
15.48,79.38,CST.AP,0.020816,1.0
15.48,79.56,CST.AP,0.020816,1.0
15.48,79.74,CST.AP,0.020816,1.0
15.48,79.92,CST.AP,0.020816,1.0
15.48,80.1,CST.AP,0.020147,0.967818
15.48,80.28,CST.AP,0.000788,0.037834
15.6,73.62,KNK/GA,0.0,2e-06
15.6,73.8,KNK/GA,0.018103,0.870177
15.6,73.98,KNK/GA,0.020804,1.0
15.6,74.16,NI.KA,0.00055,0.026415
15.6,74.16,KNK/GA,0.020248,0.973249
15.6,74.34,NI.KA,0.020014,0.961995
15.6,74.34,KNK/GA,0.000531,0.025546
15.6,74.52,NI.KA,0.020804,1.0
15.6,74.7,NI.KA,0.020804,1.0
15.6,74.88,NI.KA,0.020804,1.0
15.6,75.06,NI.KA,0.020804,1.0
15.6,75.24,NI.KA,0.020804,1.0
15.6,75.42,NI.KA,0.020804,1.0
15.6,75.6,NI.KA,0.020804,1.0
15.6,75.78,NI.KA,0.020804,1.0
15.6,75.96,NI.KA,0.020804,1.0
15.6,76.14,NI.KA,0.020804,1.0
15.6,76.32,NI.KA,0.020804,1.0
15.6,76.5,NI.KA,0.020804,1.0
15.6,76.68,NI.KA,0.020804,1.0
15.6,76.86,SI.KA,0.012767,0.61365
15.6,76.86,NI.KA,0.008059,0.387386
15.6,77.04,SI.KA,0.01082,0.520075
15.6,77.04,RYL,0.009985,0.479925
15.6,77.22,RYL,0.020804,1.0
15.6,77.4,RYL,0.020804,1.0
15.6,77.58,RYL,0.020804,1.0
15.6,77.76,RYL,0.020804,1.0
15.6,77.94,RYL,0.020804,1.0
15.6,78.12,RYL,0.020804,1.0
15.6,78.3,RYL,0.020804,1.0
15.6,78.48,RYL,0.020804,1.0
15.6,78.66,RYL,0.020804,1.0
15.6,78.84,RYL,0.002854,0.137195
15.6,78.84,CST.AP,0.01795,0.862805
15.6,79.02,CST.AP,0.020804,1.0
15.6,79.2,CST.AP,0.020804,1.0
15.6,79.38,CST.AP,0.020804,1.0
15.6,79.56,CST.AP,0.020804,1.0
15.6,79.74,CST.AP,0.020804,1.0
15.6,79.92,CST.AP,0.020804,1.0
15.6,80.1,CST.AP,0.020609,0.990618
15.6,80.28,CST.AP,0.005946,0.285795
15.72,73.62,KNK/GA,0.002652,0.127534
15.72,73.8,KNK/GA,0.020792,1.0
15.72,73.98,KNK/GA,0.020229,0.97293
15.72,73.98,MDH.MH,0.000528,0.025379
15.72,74.16,NI.KA,0.011257,0.541405
15.72,74.16,KNK/GA,0.008842,0.425237
15.72,74.16,MDH.MH,0.000763,0.036702
15.72,74.34,NI.KA,0.018715,0.900106
15.72,74.34,MDH.MH,0.002077,0.099894
15.72,74.52,NI.KA,0.020792,1.0
15.72,74.7,NI.KA,0.020792,1.0
15.72,74.88,NI.KA,0.020792,1.0
15.72,75.06,NI.KA,0.020792,1.0
15.72,75.24,NI.KA,0.020792,1.0
15.72,75.42,NI.KA,0.020792,1.0
15.72,75.6,NI.KA,0.020792,1.0
15.72,75.78,NI.KA,0.020792,1.0
15.72,75.96,NI.KA,0.020792,1.0
15.72,76.14,NI.KA,0.020792,1.0
15.72,76.32,NI.KA,0.020792,1.0
15.72,76.5,NI.KA,0.020792,1.0
15.72,76.68,NI.KA,0.020792,1.0
15.72,76.86,SI.KA,0.003102,0.149212
15.72,76.86,NI.KA,0.017642,0.848487
15.72,77.04,SI.KA,0.014465,0.695681
15.72,77.04,NI.KA,0.000174,0.008347
15.72,77.04,RYL,0.006154,0.295971
15.72,77.22,RYL,0.020792,1.0
15.72,77.4,RYL,0.020792,1.0
15.72,77.58,RYL,0.020792,1.0
15.72,77.76,RYL,0.020792,1.0
15.72,77.94,RYL,0.020792,1.0
15.72,78.12,RYL,0.020792,1.0
15.72,78.3,RYL,0.020792,1.0
15.72,78.48,RYL,0.020792,1.0
15.72,78.66,RYL,0.020792,1.0
15.72,78.84,RYL,0.003844,0.184868
15.72,78.84,CST.AP,0.016948,0.815132
15.72,79.02,CST.AP,0.020792,1.0
15.72,79.2,CST.AP,0.020792,1.0
15.72,79.38,CST.AP,0.020792,1.0
15.72,79.56,CST.AP,0.020792,1.0
15.72,79.74,CST.AP,0.020792,1.0
15.72,79.92,CST.AP,0.020792,1.0
15.72,80.1,CST.AP,0.020792,1.0
15.72,80.28,CST.AP,0.014662,0.705148
15.72,80.46,CST.AP,0.000114,0.005495
15.72,80.82,CST.AP,0.005844,0.281071
15.72,81.0,CST.AP,0.002621,0.126046
15.84,73.62,KNK/GA,0.009139,0.439801
15.84,73.8,KNK/GA,0.02078,1.0
15.84,73.98,KNK/GA,0.019243,0.926041
15.84,73.98,MDH.MH,0.001521,0.073207
15.84,74.16,NI.KA,3.6e-05,0.001723
15.84,74.16,KNK/GA,0.004795,0.230731
15.84,74.16,MDH.MH,0.015743,0.757634
15.84,74.34,NI.KA,0.008295,0.399198
15.84,74.34,MDH.MH,0.012485,0.600802
15.84,74.52,NI.KA,0.02078,1.0
15.84,74.7,NI.KA,0.02078,1.0
15.84,74.88,NI.KA,0.02078,1.0
15.84,75.06,NI.KA,0.02078,1.0
15.84,75.24,NI.KA,0.02078,1.0
15.84,75.42,NI.KA,0.02078,1.0
15.84,75.6,NI.KA,0.02078,1.0
15.84,75.78,NI.KA,0.02078,1.0
15.84,75.96,NI.KA,0.02078,1.0
15.84,76.14,NI.KA,0.02078,1.0
15.84,76.32,NI.KA,0.02078,1.0
15.84,76.5,NI.KA,0.02078,1.0
15.84,76.68,NI.KA,0.02078,1.0
15.84,76.86,NI.KA,0.02078,1.0
15.84,77.04,SI.KA,0.003195,0.153733
15.84,77.04,NI.KA,0.008884,0.427553
15.84,77.04,RYL,0.008903,0.428431
15.84,77.22,RYL,0.02078,1.0
15.84,77.4,RYL,0.02078,1.0
15.84,77.58,RYL,0.020442,0.983766
15.84,77.58,TG,0.000337,0.016234
15.84,77.76,RYL,0.017727,0.853109
15.84,77.76,TG,0.003052,0.146891
15.84,77.94,RYL,0.018427,0.886778
15.84,77.94,TG,0.002353,0.113222
15.84,78.12,RYL,0.014788,0.711648
15.84,78.12,TG,0.005992,0.288352
15.84,78.3,RYL,0.02078,1.0
15.84,78.48,RYL,0.02078,1.0
15.84,78.66,RYL,0.02078,1.0
15.84,78.84,RYL,0.006673,0.321151
15.84,78.84,CST.AP,0.014106,0.678849
15.84,79.02,CST.AP,0.02078,1.0
15.84,79.2,CST.AP,0.02078,1.0
15.84,79.38,CST.AP,0.02078,1.0
15.84,79.56,CST.AP,0.02078,1.0
15.84,79.74,CST.AP,0.02078,1.0
15.84,79.92,CST.AP,0.02078,1.0
15.84,80.1,CST.AP,0.02078,1.0
15.84,80.28,CST.AP,0.02078,1.0
15.84,80.46,CST.AP,0.014279,0.687181
15.84,80.64,CST.AP,0.004724,0.227338
15.84,80.82,CST.AP,0.014034,0.675371
15.84,81.0,CST.AP,0.011411,0.54913
15.96,73.44,KNK/GA,0.002724,0.13119
15.96,73.62,KNK/GA,0.019545,0.941124
15.96,73.8,KNK/GA,0.020767,1.0
15.96,73.98,KNK/GA,0.020288,0.976893
15.96,73.98,MDH.MH,0.000441,0.021248
15.96,74.16,KNK/GA,0.000722,0.034773
15.96,74.16,MDH.MH,0.019802,0.953492
15.96,74.34,NI.KA,0.001215,0.058499
15.96,74.34,MDH.MH,0.019553,0.941501
15.96,74.52,NI.KA,0.019966,0.961398
15.96,74.52,MDH.MH,0.000802,0.038602
15.96,74.7,NI.KA,0.020767,1.0
15.96,74.88,NI.KA,0.020767,1.0
15.96,75.06,NI.KA,0.020767,1.0
15.96,75.24,NI.KA,0.020767,1.0
15.96,75.42,NI.KA,0.020767,1.0
15.96,75.6,NI.KA,0.020767,1.0
15.96,75.78,NI.KA,0.020767,1.0
15.96,75.96,NI.KA,0.020767,1.0
15.96,76.14,NI.KA,0.020767,1.0
15.96,76.32,NI.KA,0.020767,1.0
15.96,76.5,NI.KA,0.020767,1.0
15.96,76.68,NI.KA,0.020767,1.0
15.96,76.86,NI.KA,0.020767,1.0
15.96,77.04,NI.KA,0.019579,0.942768
15.96,77.04,RYL,0.001147,0.055228
15.96,77.22,NI.KA,0.011503,0.553894
15.96,77.22,RYL,0.009341,0.449813
15.96,77.4,NI.KA,0.013421,0.646249
15.96,77.4,RYL,0.00756,0.364051
15.96,77.58,NI.KA,0.002111,0.10167
15.96,77.58,RYL,0.003077,0.148158
15.96,77.58,TG,0.015777,0.759694
15.96,77.76,TG,0.020767,1.0
15.96,77.94,RYL,2.1e-05,0.000996
15.96,77.94,TG,0.020747,0.999004
15.96,78.12,RYL,0.000364,0.017532
15.96,78.12,TG,0.020403,0.982468
15.96,78.3,RYL,0.017031,0.820093
15.96,78.3,TG,0.003736,0.179907
15.96,78.48,RYL,0.020767,1.0
15.96,78.66,RYL,0.020767,1.0
15.96,78.84,RYL,0.015619,0.75207
15.96,78.84,CST.AP,0.005149,0.24793
15.96,79.02,CST.AP,0.020767,1.0
15.96,79.2,CST.AP,0.020767,1.0
15.96,79.38,CST.AP,0.020767,1.0
15.96,79.56,CST.AP,0.020767,1.0
15.96,79.74,CST.AP,0.020767,1.0
15.96,79.92,CST.AP,0.020767,1.0
15.96,80.1,CST.AP,0.020767,1.0
15.96,80.28,CST.AP,0.020767,1.0
15.96,80.46,CST.AP,0.020767,1.0
15.96,80.64,CST.AP,0.020767,1.0
15.96,80.82,CST.AP,0.020767,1.0
15.96,81.0,CST.AP,0.020213,0.973295
15.96,81.18,CST.AP,0.003147,0.151524
16.08,73.44,KNK/GA,0.006809,0.328064
16.08,73.62,KNK/GA,0.020755,1.0
16.08,73.8,KNK/GA,0.018922,0.911674
16.08,73.8,MDH.MH,0.001756,0.084585
16.08,73.98,KNK/GA,0.009049,0.436004
16.08,73.98,MDH.MH,0.011708,0.564131
16.08,74.16,KNK/GA,0.000103,0.004984
16.08,74.16,MDH.MH,0.02066,0.99542
16.08,74.34,NI.KA,0.002879,0.138718
16.08,74.34,MDH.MH,0.017876,0.861282
16.08,74.52,NI.KA,0.017614,0.848646
16.08,74.52,MDH.MH,0.003141,0.151354
16.08,74.7,NI.KA,0.020755,1.0
16.08,74.88,NI.KA,0.020755,1.0
16.08,75.06,NI.KA,0.020755,1.0
16.08,75.24,NI.KA,0.020755,1.0
16.08,75.42,NI.KA,0.020755,1.0
16.08,75.6,NI.KA,0.020755,1.0
16.08,75.78,NI.KA,0.020755,1.0
16.08,75.96,NI.KA,0.020755,1.0
16.08,76.14,NI.KA,0.020755,1.0
16.08,76.32,NI.KA,0.020755,1.0
16.08,76.5,NI.KA,0.020755,1.0
16.08,76.68,NI.KA,0.020755,1.0
16.08,76.86,NI.KA,0.020755,1.0
16.08,77.04,NI.KA,0.020755,1.0
16.08,77.22,NI.KA,0.020755,1.0
16.08,77.4,NI.KA,0.020755,1.0
16.08,77.4,TG,0.0,0.0
16.08,77.58,NI.KA,0.001231,0.059313
16.08,77.58,TG,0.019524,0.940687
16.08,77.76,TG,0.020755,1.0
16.08,77.94,TG,0.020755,1.0
16.08,78.12,TG,0.020755,1.0
16.08,78.3,RYL,0.003044,0.146686
16.08,78.3,TG,0.017567,0.846398
16.08,78.48,RYL,0.009742,0.469367
16.08,78.48,TG,0.011178,0.538587
16.08,78.66,RYL,0.008189,0.39457
16.08,78.66,TG,0.012408,0.597858
16.08,78.84,RYL,0.011257,0.542376
16.08,78.84,CST.AP,0.000223,0.010762
16.08,78.84,TG,0.0092,0.44325
16.08,79.02,RYL,4.9e-05,0.002343
16.08,79.02,CST.AP,0.020688,0.996788
16.08,79.2,CST.AP,0.020755,1.0
16.08,79.38,CST.AP,0.020755,1.0
16.08,79.56,CST.AP,0.020755,1.0
16.08,79.74,CST.AP,0.020755,1.0
16.08,79.92,CST.AP,0.020755,1.0
16.08,80.1,CST.AP,0.020755,1.0
16.08,80.28,CST.AP,0.020755,1.0
16.08,80.46,CST.AP,0.020755,1.0
16.08,80.64,CST.AP,0.020755,1.0
16.08,80.82,CST.AP,0.020755,1.0
16.08,81.0,CST.AP,0.020755,1.0
16.08,81.18,CST.AP,0.010132,0.488155
16.2,73.44,KNK/GA,0.011306,0.545051
16.2,73.62,KNK/GA,0.020742,1.0
16.2,73.8,KNK/GA,0.020509,0.98876
16.2,73.8,MDH.MH,0.000233,0.01124
16.2,73.98,KNK/GA,0.004359,0.210141
16.2,73.98,MDH.MH,0.016291,0.785418
16.2,74.16,MDH.MH,0.020742,1.0
16.2,74.34,NI.KA,3.8e-05,0.001826
16.2,74.34,MDH.MH,0.020704,0.998174
16.2,74.52,NI.KA,0.014101,0.679833
16.2,74.52,MDH.MH,0.006641,0.320167
16.2,74.7,NI.KA,0.020742,1.0
16.2,74.88,NI.KA,0.020742,1.0
16.2,75.06,NI.KA,0.020742,1.0
16.2,75.24,NI.KA,0.020742,1.0
16.2,75.42,NI.KA,0.020742,1.0
16.2,75.6,NI.KA,0.020742,1.0
16.2,75.78,NI.KA,0.020742,1.0
16.2,75.96,NI.KA,0.020742,1.0
16.2,76.14,NI.KA,0.020742,1.0
16.2,76.32,NI.KA,0.020742,1.0
16.2,76.5,NI.KA,0.020742,1.0
16.2,76.68,NI.KA,0.020742,1.0
16.2,76.86,NI.KA,0.020742,1.0
16.2,77.04,NI.KA,0.020742,1.0
16.2,77.22,NI.KA,0.020742,1.0
16.2,77.4,NI.KA,0.020717,0.998769
16.2,77.4,TG,2.6e-05,0.001231
16.2,77.58,NI.KA,0.000504,0.0243
16.2,77.58,TG,0.020238,0.9757
16.2,77.76,TG,0.020742,1.0
16.2,77.94,TG,0.020742,1.0
16.2,78.12,TG,0.020742,1.0
16.2,78.3,TG,0.020742,1.0
16.2,78.48,TG,0.020742,1.0
16.2,78.66,TG,0.020742,1.0
16.2,78.84,RYL,0.000605,0.029188
16.2,78.84,CST.AP,0.000623,0.030053
16.2,78.84,TG,0.019551,0.942568
16.2,79.02,CST.AP,0.016798,0.809834
16.2,79.02,TG,0.00384,0.185126
16.2,79.2,CST.AP,0.018179,0.876417
16.2,79.2,TG,0.002553,0.123098
16.2,79.38,CST.AP,0.020742,1.0
16.2,79.56,CST.AP,0.020742,1.0
16.2,79.74,CST.AP,0.020742,1.0
16.2,79.92,CST.AP,0.020742,1.0
16.2,80.1,CST.AP,0.020742,1.0
16.2,80.28,CST.AP,0.020742,1.0
16.2,80.46,CST.AP,0.020742,1.0
16.2,80.64,CST.AP,0.020742,1.0
16.2,80.82,CST.AP,0.020742,1.0
16.2,81.0,CST.AP,0.020742,1.0
16.2,81.18,CST.AP,0.014791,0.713098
16.32,73.44,KNK/GA,0.01568,0.756389
16.32,73.62,KNK/GA,0.02073,1.0
16.32,73.8,KNK/GA,0.017687,0.853232
16.32,73.8,MDH.MH,0.003042,0.146768
16.32,73.98,KNK/GA,0.00025,0.012061
16.32,73.98,MDH.MH,0.02048,0.987939
16.32,74.16,MDH.MH,0.02073,1.0
16.32,74.34,NI.KA,0.009549,0.460628
16.32,74.34,MDH.MH,0.011181,0.539372
16.32,74.52,NI.KA,0.02073,1.0
16.32,74.7,NI.KA,0.02073,1.0
16.32,74.88,NI.KA,0.02073,1.0
16.32,75.06,NI.KA,0.02073,1.0
16.32,75.24,NI.KA,0.02073,1.0
16.32,75.42,NI.KA,0.02073,1.0
16.32,75.6,NI.KA,0.02073,1.0
16.32,75.78,NI.KA,0.02073,1.0
16.32,75.96,NI.KA,0.02073,1.0
16.32,76.14,NI.KA,0.02073,1.0
16.32,76.32,NI.KA,0.02073,1.0
16.32,76.5,NI.KA,0.02073,1.0
16.32,76.68,NI.KA,0.02073,1.0
16.32,76.86,NI.KA,0.02073,1.0
16.32,77.04,NI.KA,0.02073,1.0
16.32,77.22,NI.KA,0.02073,1.0
16.32,77.4,NI.KA,0.019887,0.959357
16.32,77.4,TG,0.000843,0.040643
16.32,77.58,NI.KA,0.008409,0.405631
16.32,77.58,TG,0.012317,0.594165
16.32,77.76,TG,0.02073,1.0
16.32,77.94,TG,0.02073,1.0
16.32,78.12,TG,0.02073,1.0
16.32,78.3,TG,0.02073,1.0
16.32,78.48,TG,0.02073,1.0
16.32,78.66,TG,0.02073,1.0
16.32,78.84,TG,0.02073,1.0
16.32,79.02,TG,0.02073,1.0
16.32,79.2,CST.AP,0.006685,0.322463
16.32,79.2,TG,0.014045,0.677537
16.32,79.38,CST.AP,0.02073,1.0
16.32,79.56,CST.AP,0.02073,1.0
16.32,79.74,CST.AP,0.02073,1.0
16.32,79.92,CST.AP,0.02073,1.0
16.32,80.1,CST.AP,0.02073,1.0
16.32,80.28,CST.AP,0.02073,1.0
16.32,80.46,CST.AP,0.02073,1.0
16.32,80.64,CST.AP,0.02073,1.0
16.32,80.82,CST.AP,0.02073,1.0
16.32,81.0,CST.AP,0.02073,1.0
16.32,81.18,CST.AP,0.020024,0.96596
16.32,81.36,CST.AP,0.007195,0.347088
16.32,81.54,CST.AP,0.005157,0.248785
16.32,81.72,CST.AP,0.00882,0.425484
16.32,81.9,CST.AP,0.001037,0.050011
16.44,73.26,KNK/GA,0.00062,0.029937
16.44,73.44,KNK/GA,0.019486,0.940602
16.44,73.62,KNK/GA,0.020717,1.0
16.44,73.8,KNK/GA,0.017653,0.852105
16.44,73.8,MDH.MH,0.003064,0.147895
16.44,73.98,MDH.MH,0.020717,1.0
16.44,74.16,NI.KA,1e-05,0.000467
16.44,74.16,MDH.MH,0.020707,0.999533
16.44,74.34,NI.KA,0.012903,0.62282
16.44,74.34,MDH.MH,0.007814,0.37718
16.44,74.52,NI.KA,0.020717,1.0
16.44,74.7,NI.KA,0.020717,1.0
16.44,74.88,NI.KA,0.020717,1.0
16.44,75.06,NI.KA,0.020717,1.0
16.44,75.24,NI.KA,0.020717,1.0
16.44,75.42,NI.KA,0.020717,1.0
16.44,75.6,NI.KA,0.020717,1.0
16.44,75.78,NI.KA,0.020717,1.0
16.44,75.96,NI.KA,0.020717,1.0
16.44,76.14,NI.KA,0.020717,1.0
16.44,76.32,NI.KA,0.020717,1.0
16.44,76.5,NI.KA,0.020717,1.0
16.44,76.68,NI.KA,0.020717,1.0
16.44,76.86,NI.KA,0.020717,1.0
16.44,77.04,NI.KA,0.020717,1.0
16.44,77.22,NI.KA,0.017329,0.836456
16.44,77.22,TG,0.003388,0.163544
16.44,77.4,NI.KA,0.000965,0.046601
16.44,77.4,TG,0.019751,0.953399
16.44,77.58,NI.KA,0.0,4e-06
16.44,77.58,TG,0.020717,0.999996
16.44,77.76,TG,0.020717,1.0
16.44,77.94,TG,0.020717,1.0
16.44,78.12,TG,0.020717,1.0
16.44,78.3,TG,0.020717,1.0
16.44,78.48,TG,0.020717,1.0
16.44,78.66,TG,0.020717,1.0
16.44,78.84,TG,0.020717,1.0
16.44,79.02,TG,0.020717,1.0
16.44,79.2,CST.AP,0.006584,0.317794
16.44,79.2,TG,0.014133,0.682206
16.44,79.38,CST.AP,0.020717,1.0
16.44,79.56,CST.AP,0.020717,1.0
16.44,79.74,CST.AP,0.020717,1.0
16.44,79.92,CST.AP,0.020717,1.0
16.44,80.1,CST.AP,0.020717,1.0
16.44,80.28,CST.AP,0.020717,1.0
16.44,80.46,CST.AP,0.020717,1.0
16.44,80.64,CST.AP,0.020717,1.0
16.44,80.82,CST.AP,0.020717,1.0
16.44,81.0,CST.AP,0.020717,1.0
16.44,81.18,CST.AP,0.020717,1.0
16.44,81.36,CST.AP,0.020715,0.999928
16.44,81.54,CST.AP,0.020673,0.997883
16.44,81.72,CST.AP,0.020717,1.0
16.44,81.9,CST.AP,0.019097,0.921788
16.44,82.08,CST.AP,0.007896,0.381114
16.44,82.26,CST.AP,2e-06,8.3e-05
16.56,73.26,KNK/GA,0.002031,0.098101
16.56,73.44,KNK/GA,0.020276,0.979305
16.56,73.62,KNK/GA,0.020704,1.0
16.56,73.8,KNK/GA,0.015801,0.763168
16.56,73.8,MDH.MH,0.004903,0.236832
16.56,73.98,MDH.MH,0.020704,1.0
16.56,74.16,MDH.MH,0.020704,1.0
16.56,74.34,NI.KA,0.007452,0.359906
16.56,74.34,MDH.MH,0.013253,0.640094
16.56,74.52,NI.KA,0.016848,0.813754
16.56,74.52,MDH.MH,0.003856,0.186246
16.56,74.7,NI.KA,0.019129,0.923943
16.56,74.7,MDH.MH,0.001575,0.076057
16.56,74.88,NI.KA,0.020704,1.0
16.56,75.06,NI.KA,0.020704,1.0
16.56,75.24,NI.KA,0.020704,1.0
16.56,75.42,NI.KA,0.020704,1.0
16.56,75.6,NI.KA,0.020704,1.0
16.56,75.78,NI.KA,0.020704,1.0
16.56,75.96,NI.KA,0.020704,1.0
16.56,76.14,NI.KA,0.020704,1.0
16.56,76.32,NI.KA,0.020704,1.0
16.56,76.5,NI.KA,0.020704,1.0
16.56,76.68,NI.KA,0.020704,1.0
16.56,76.86,NI.KA,0.020704,1.0
16.56,77.04,NI.KA,0.020704,1.0
16.56,77.22,NI.KA,0.020704,1.0
16.56,77.4,NI.KA,0.013225,0.638768
16.56,77.4,TG,0.007479,0.361232
16.56,77.58,TG,0.020704,1.0
16.56,77.76,TG,0.020704,1.0
16.56,77.94,TG,0.020704,1.0
16.56,78.12,TG,0.020704,1.0
16.56,78.3,TG,0.020704,1.0
16.56,78.48,TG,0.020704,1.0
16.56,78.66,TG,0.020704,1.0
16.56,78.84,TG,0.020704,1.0
16.56,79.02,TG,0.020704,1.0
16.56,79.2,CST.AP,0.002675,0.129217
16.56,79.2,TG,0.018029,0.870783
16.56,79.38,CST.AP,0.014515,0.701093
16.56,79.38,TG,0.006189,0.298907
16.56,79.56,CST.AP,0.020675,0.998584
16.56,79.56,TG,2.9e-05,0.001416
16.56,79.74,CST.AP,0.020704,1.0
16.56,79.92,CST.AP,0.020704,1.0
16.56,80.1,CST.AP,0.020704,1.0
16.56,80.28,CST.AP,0.020704,1.0
16.56,80.46,CST.AP,0.020704,1.0
16.56,80.64,CST.AP,0.020704,1.0
16.56,80.82,CST.AP,0.020704,1.0
16.56,81.0,CST.AP,0.020704,1.0
16.56,81.18,CST.AP,0.020704,1.0
16.56,81.36,CST.AP,0.020704,1.0
16.56,81.54,CST.AP,0.020704,1.0
16.56,81.72,CST.AP,0.020704,1.0
16.56,81.9,CST.AP,0.020704,1.0
16.56,82.08,CST.AP,0.019931,0.962643
16.56,82.26,CST.AP,0.010367,0.50074
16.68,73.26,KNK/GA,0.003122,0.15091
16.68,73.44,KNK/GA,0.020314,0.981771
16.68,73.62,KNK/GA,0.020691,1.0
16.68,73.8,KNK/GA,0.015736,0.760496
16.68,73.8,MDH.MH,0.004956,0.239504
16.68,73.98,MDH.MH,0.020691,1.0
16.68,74.16,MDH.MH,0.020691,1.0
16.68,74.34,MDH.MH,0.020691,1.0
16.68,74.52,NI.KA,0.001489,0.071951
16.68,74.52,MDH.MH,0.019202,0.928049
16.68,74.7,NI.KA,0.01114,0.538392
16.68,74.7,MDH.MH,0.009551,0.461608
16.68,74.88,NI.KA,0.020691,1.0
16.68,75.06,NI.KA,0.020691,1.0
16.68,75.24,NI.KA,0.020691,1.0
16.68,75.42,NI.KA,0.020691,1.0
16.68,75.6,NI.KA,0.020691,1.0
16.68,75.78,NI.KA,0.020691,1.0
16.68,75.96,NI.KA,0.020691,1.0
16.68,76.14,NI.KA,0.020691,1.0
16.68,76.32,NI.KA,0.020691,1.0
16.68,76.5,NI.KA,0.020691,1.0
16.68,76.68,NI.KA,0.020691,1.0
16.68,76.86,NI.KA,0.020691,1.0
16.68,77.04,NI.KA,0.020691,1.0
16.68,77.22,NI.KA,0.020691,1.0
16.68,77.4,NI.KA,0.016174,0.781667
16.68,77.4,TG,0.004518,0.218333
16.68,77.58,TG,0.020691,1.0
16.68,77.76,TG,0.020691,1.0
16.68,77.94,TG,0.020691,1.0
16.68,78.12,TG,0.020691,1.0
16.68,78.3,TG,0.020691,1.0
16.68,78.48,TG,0.020691,1.0
16.68,78.66,TG,0.020691,1.0
16.68,78.84,TG,0.020691,1.0
16.68,79.02,TG,0.020691,1.0
16.68,79.2,TG,0.020691,1.0
16.68,79.38,TG,0.020691,1.0
16.68,79.56,CST.AP,0.004867,0.235227
16.68,79.56,TG,0.015824,0.764773
16.68,79.74,CST.AP,0.014542,0.702809
16.68,79.74,TG,0.006149,0.297191
16.68,79.92,CST.AP,0.009075,0.438602
16.68,79.92,TG,0.011616,0.561398
16.68,80.1,CST.AP,0.020007,0.966938
16.68,80.1,TG,0.000684,0.033062
16.68,80.28,CST.AP,0.020691,1.0
16.68,80.46,CST.AP,0.020691,1.0
16.68,80.64,CST.AP,0.020691,1.0
16.68,80.82,CST.AP,0.020691,1.0
16.68,81.0,CST.AP,0.020691,1.0
16.68,81.18,CST.AP,0.020691,1.0
16.68,81.36,CST.AP,0.020691,1.0
16.68,81.54,CST.AP,0.020691,1.0
16.68,81.72,CST.AP,0.020691,1.0
16.68,81.9,CST.AP,0.020691,1.0
16.68,82.08,CST.AP,0.020691,1.0
16.68,82.26,CST.AP,0.01921,0.928413
16.68,82.44,CST.AP,0.000139,0.006722
16.8,73.26,KNK/GA,0.005236,0.253194
16.8,73.44,KNK/GA,0.020678,1.0
16.8,73.62,KNK/GA,0.020678,1.0
16.8,73.8,KNK/GA,0.006821,0.329875
16.8,73.8,MDH.MH,0.013857,0.670125
16.8,73.98,MDH.MH,0.020678,1.0
16.8,74.16,MDH.MH,0.020678,1.0
16.8,74.34,MDH.MH,0.020678,1.0
16.8,74.52,MDH.MH,0.020678,1.0
16.8,74.7,NI.KA,0.00025,0.012081
16.8,74.7,MDH.MH,0.020428,0.987919
16.8,74.88,NI.KA,0.00976,0.472009
16.8,74.88,MDH.MH,0.010918,0.527991
16.8,75.06,NI.KA,0.020678,1.0
16.8,75.24,NI.KA,0.019859,0.960376
16.8,75.24,MDH.MH,0.000819,0.039624
16.8,75.42,NI.KA,0.020678,1.0
16.8,75.6,NI.KA,0.020678,1.0
16.8,75.78,NI.KA,0.020678,1.0
16.8,75.96,NI.KA,0.020678,1.0
16.8,76.14,NI.KA,0.020678,1.0
16.8,76.32,NI.KA,0.020678,1.0
16.8,76.5,NI.KA,0.020678,1.0
16.8,76.68,NI.KA,0.020678,1.0
16.8,76.86,NI.KA,0.020678,1.0
16.8,77.04,NI.KA,0.020678,1.0
16.8,77.22,NI.KA,0.020678,1.0
16.8,77.4,NI.KA,0.016931,0.818812
16.8,77.4,TG,0.003747,0.181188
16.8,77.58,TG,0.020678,1.0
16.8,77.76,TG,0.020678,1.0
16.8,77.94,TG,0.020678,1.0
16.8,78.12,TG,0.020678,1.0
16.8,78.3,TG,0.020678,1.0
16.8,78.48,TG,0.020678,1.0
16.8,78.66,TG,0.020678,1.0
16.8,78.84,TG,0.020678,1.0
16.8,79.02,TG,0.020678,1.0
16.8,79.2,TG,0.020678,1.0
16.8,79.38,TG,0.020678,1.0
16.8,79.56,TG,0.020678,1.0
16.8,79.74,TG,0.020678,1.0
16.8,79.92,TG,0.020678,1.0
16.8,80.1,CST.AP,0.01488,0.719587
16.8,80.1,TG,0.005798,0.280413
16.8,80.28,CST.AP,0.020674,0.999787
16.8,80.28,TG,4e-06,0.000213
16.8,80.46,CST.AP,0.012546,0.606751
16.8,80.46,TG,0.00786,0.380094
16.8,80.64,CST.AP,0.017928,0.866991
16.8,80.64,TG,0.002733,0.132163
16.8,80.82,CST.AP,0.020678,1.0
16.8,81.0,CST.AP,0.020678,1.0
16.8,81.18,CST.AP,0.020678,1.0
16.8,81.36,CST.AP,0.020678,1.0
16.8,81.54,CST.AP,0.020678,1.0
16.8,81.72,CST.AP,0.020678,1.0
16.8,81.9,CST.AP,0.020678,1.0
16.8,82.08,CST.AP,0.020678,1.0
16.8,82.26,CST.AP,0.019915,0.963072
16.8,82.44,CST.AP,0.001164,0.056269
16.92,73.26,KNK/GA,0.006392,0.309332
16.92,73.44,KNK/GA,0.020665,1.0
16.92,73.62,KNK/GA,0.020665,1.0
16.92,73.8,KNK/GA,0.006909,0.334348
16.92,73.8,MDH.MH,0.014069,0.680833
16.92,73.98,MDH.MH,0.020665,1.0
16.92,74.16,MDH.MH,0.020665,1.0
16.92,74.34,MDH.MH,0.020665,1.0
16.92,74.52,MDH.MH,0.020665,1.0
16.92,74.7,MDH.MH,0.020665,1.0
16.92,74.88,NI.KA,0.0018,0.087107
16.92,74.88,MDH.MH,0.018865,0.912893
16.92,75.06,NI.KA,0.011408,0.552062
16.92,75.06,MDH.MH,0.009257,0.447938
16.92,75.24,NI.KA,0.00509,0.246304
16.92,75.24,MDH.MH,0.015575,0.753696
16.92,75.42,NI.KA,0.018315,0.886284
16.92,75.42,MDH.MH,0.00235,0.113716
16.92,75.6,NI.KA,0.018592,0.899696
16.92,75.6,MDH.MH,0.002093,0.101276
16.92,75.78,NI.KA,0.020665,1.0
16.92,75.96,NI.KA,0.020665,1.0
16.92,76.14,NI.KA,0.020665,1.0
16.92,76.32,NI.KA,0.020665,1.0
16.92,76.5,NI.KA,0.020665,1.0
16.92,76.68,NI.KA,0.020665,1.0
16.92,76.86,NI.KA,0.020665,1.0
16.92,77.04,NI.KA,0.020665,1.0
16.92,77.22,NI.KA,0.020665,1.0
16.92,77.4,NI.KA,0.018222,0.881795
16.92,77.4,TG,0.002443,0.118205
16.92,77.58,TG,0.020665,1.0
16.92,77.76,TG,0.020665,1.0
16.92,77.94,TG,0.020665,1.0
16.92,78.12,TG,0.020665,1.0
16.92,78.3,TG,0.020665,1.0
16.92,78.48,TG,0.020665,1.0
16.92,78.66,TG,0.020665,1.0
16.92,78.84,TG,0.020665,1.0
16.92,79.02,TG,0.020665,1.0
16.92,79.2,TG,0.020665,1.0
16.92,79.38,TG,0.020665,1.0
16.92,79.56,TG,0.020665,1.0
16.92,79.74,TG,0.020665,1.0
16.92,79.92,CST.AP,0.00013,0.006279
16.92,79.92,TG,0.020535,0.993721
16.92,80.1,CST.AP,0.018397,0.890237
16.92,80.1,TG,0.002268,0.109763
16.92,80.28,CST.AP,0.015139,0.732586
16.92,80.28,TG,0.005526,0.267414
16.92,80.46,CST.AP,0.004967,0.240377
16.92,80.46,TG,0.015698,0.759623
16.92,80.64,CST.AP,0.017523,0.84798
16.92,80.64,TG,0.003141,0.15202
16.92,80.82,CST.AP,0.020665,1.0
16.92,81.0,CST.AP,0.020665,1.0
16.92,81.18,CST.AP,0.020665,1.0
16.92,81.36,CST.AP,0.020665,1.0
16.92,81.54,CST.AP,0.020665,1.0
16.92,81.72,CST.AP,0.020665,1.0
16.92,81.9,CST.AP,0.020665,1.0
16.92,82.08,CST.AP,0.020665,1.0
16.92,82.26,CST.AP,0.011138,0.538976
16.92,82.44,CST.AP,0.000694,0.033586
17.04,73.26,KNK/GA,0.008116,0.393003
17.04,73.44,KNK/GA,0.020652,1.0
17.04,73.62,KNK/GA,0.020652,1.0
17.04,73.8,KNK/GA,0.012075,0.584719
17.04,73.8,MDH.MH,0.008473,0.410276
17.04,73.98,MDH.MH,0.020652,1.0
17.04,74.16,MDH.MH,0.020652,1.0
17.04,74.34,MDH.MH,0.020652,1.0
17.04,74.52,MDH.MH,0.020652,1.0
17.04,74.7,MDH.MH,0.020652,1.0
17.04,74.88,MDH.MH,0.020652,1.0
17.04,75.06,MDH.MH,0.020652,1.0
17.04,75.24,MDH.MH,0.020652,1.0
17.04,75.42,NI.KA,5.3e-05,0.002571
17.04,75.42,MDH.MH,0.020599,0.997429
17.04,75.6,NI.KA,0.003157,0.152867
17.04,75.6,MDH.MH,0.017531,0.848865
17.04,75.78,NI.KA,0.020652,1.0
17.04,75.96,NI.KA,0.020652,1.0
17.04,76.14,NI.KA,0.020652,1.0
17.04,76.32,NI.KA,0.020652,1.0
17.04,76.5,NI.KA,0.020652,1.0
17.04,76.68,NI.KA,0.020652,1.0
17.04,76.86,NI.KA,0.020652,1.0
17.04,77.04,NI.KA,0.020652,1.0
17.04,77.22,NI.KA,0.020652,1.0
17.04,77.4,NI.KA,0.019985,0.967718
17.04,77.4,TG,0.000667,0.032282
17.04,77.58,NI.KA,0.000297,0.01439
17.04,77.58,TG,0.020355,0.98561
17.04,77.76,TG,0.020652,1.0
17.04,77.94,TG,0.020652,1.0
17.04,78.12,TG,0.020652,1.0
17.04,78.3,TG,0.020652,1.0
17.04,78.48,TG,0.020652,1.0
17.04,78.66,TG,0.020652,1.0
17.04,78.84,TG,0.020652,1.0
17.04,79.02,TG,0.020652,1.0
17.04,79.2,TG,0.020652,1.0
17.04,79.38,TG,0.020652,1.0
17.04,79.56,TG,0.020652,1.0
17.04,79.74,TG,0.020652,1.0
17.04,79.92,TG,0.020652,1.0
17.04,80.1,CST.AP,0.002546,0.123303
17.04,80.1,TG,0.018105,0.876697
17.04,80.28,CST.AP,0.003862,0.187017
17.04,80.28,TG,0.01679,0.812983
17.04,80.46,CST.AP,0.013769,0.666729
17.04,80.46,TG,0.006883,0.333271
17.04,80.64,CST.AP,0.018446,0.893185
17.04,80.64,TG,0.002206,0.106815
17.04,80.82,CST.AP,0.014477,0.701023
17.04,80.82,TG,0.006174,0.298977
17.04,81.0,CST.AP,0.020652,1.0
17.04,81.18,CST.AP,0.020652,1.0
17.04,81.36,CST.AP,0.020652,1.0
17.04,81.54,CST.AP,0.020652,1.0
17.04,81.72,CST.AP,0.020652,1.0
17.04,81.9,CST.AP,0.020652,1.0
17.04,82.08,CST.AP,0.020652,1.0
17.04,82.26,CST.AP,0.01722,0.83385
17.04,82.44,CST.AP,0.000386,0.018705
17.16,73.26,KNK/GA,0.009992,0.484149
17.16,73.44,KNK/GA,0.020638,1.0
17.16,73.62,KNK/GA,0.019986,0.968401
17.16,73.62,MDH.MH,0.000652,0.031599
17.16,73.8,KNK/GA,0.00172,0.083328
17.16,73.8,MDH.MH,0.018919,0.916672
17.16,73.98,MDH.MH,0.020638,1.0
17.16,74.16,MDH.MH,0.020638,1.0
17.16,74.34,MDH.MH,0.020638,1.0
17.16,74.52,MDH.MH,0.020638,1.0
17.16,74.7,MDH.MH,0.020638,1.0
17.16,74.88,MDH.MH,0.020638,1.0
17.16,75.06,MDH.MH,0.020638,1.0
17.16,75.24,MDH.MH,0.020638,1.0
17.16,75.42,MDH.MH,0.020638,1.0
17.16,75.6,NI.KA,0.004941,0.239409
17.16,75.6,MDH.MH,0.015682,0.759828
17.16,75.78,NI.KA,0.020638,1.0
17.16,75.96,NI.KA,0.020638,1.0
17.16,76.14,NI.KA,0.020638,1.0
17.16,76.32,NI.KA,0.020638,1.0
17.16,76.5,NI.KA,0.020638,1.0
17.16,76.68,NI.KA,0.020638,1.0
17.16,76.86,NI.KA,0.020638,1.0
17.16,77.04,NI.KA,0.020638,1.0
17.16,77.22,NI.KA,0.020638,1.0
17.16,77.4,NI.KA,0.010117,0.490206
17.16,77.4,TG,0.010521,0.509794
17.16,77.58,TG,0.020638,1.0
17.16,77.76,TG,0.020638,1.0
17.16,77.94,TG,0.020638,1.0
17.16,78.12,TG,0.020638,1.0
17.16,78.3,TG,0.020638,1.0
17.16,78.48,TG,0.020638,1.0
17.16,78.66,TG,0.020638,1.0
17.16,78.84,TG,0.020638,1.0
17.16,79.02,TG,0.020638,1.0
17.16,79.2,TG,0.020638,1.0
17.16,79.38,TG,0.020638,1.0
17.16,79.56,TG,0.020638,1.0
17.16,79.74,TG,0.020638,1.0
17.16,79.92,TG,0.020638,1.0
17.16,80.1,TG,0.020638,1.0
17.16,80.28,TG,0.020638,1.0
17.16,80.46,CST.AP,0.001163,0.056364
17.16,80.46,TG,0.019475,0.943636
17.16,80.64,CST.AP,0.002673,0.129505
17.16,80.64,TG,0.017966,0.870495
17.16,80.82,CST.AP,0.002134,0.103398
17.16,80.82,TG,0.018504,0.896602
17.16,81.0,CST.AP,0.017115,0.82927
17.16,81.0,TG,0.003177,0.153952
17.16,81.18,CST.AP,0.020631,0.999625
17.16,81.18,TG,8e-06,0.000375
17.16,81.36,CST.AP,0.020638,1.0
17.16,81.54,CST.AP,0.020638,1.0
17.16,81.72,CST.AP,0.020638,1.0
17.16,81.9,CST.AP,0.020638,1.0
17.16,82.08,CST.AP,0.020638,1.0
17.16,82.26,CST.AP,0.020638,1.0
17.16,82.44,CST.AP,0.010939,0.530028
17.28,73.26,KNK/GA,0.013959,0.676807
17.28,73.44,KNK/GA,0.020625,1.0
17.28,73.62,KNK/GA,0.018151,0.880052
17.28,73.62,MDH.MH,0.002474,0.119948
17.28,73.8,KNK/GA,1e-06,3e-05
17.28,73.8,MDH.MH,0.020624,0.99997
17.28,73.98,MDH.MH,0.020625,1.0
17.28,74.16,MDH.MH,0.020625,1.0
17.28,74.34,MDH.MH,0.020625,1.0
17.28,74.52,MDH.MH,0.020625,1.0
17.28,74.7,MDH.MH,0.020625,1.0
17.28,74.88,MDH.MH,0.020625,1.0
17.28,75.06,MDH.MH,0.020625,1.0
17.28,75.24,MDH.MH,0.020625,1.0
17.28,75.42,MDH.MH,0.020625,1.0
17.28,75.6,NI.KA,0.006366,0.30867
17.28,75.6,MDH.MH,0.014259,0.69133
17.28,75.78,NI.KA,0.020625,1.0
17.28,75.96,NI.KA,0.020102,0.974661
17.28,75.96,MDH.MH,0.000523,0.025339
17.28,76.14,NI.KA,0.020146,0.976776
17.28,76.14,MDH.MH,0.000479,0.023224
17.28,76.32,NI.KA,0.019206,0.931189
17.28,76.32,MDH.MH,0.001419,0.068811
17.28,76.5,NI.KA,0.020625,1.0
17.28,76.68,NI.KA,0.020625,1.0
17.28,76.86,NI.KA,0.020625,1.0
17.28,77.04,NI.KA,0.020625,1.0
17.28,77.22,NI.KA,0.020625,1.0
17.28,77.4,NI.KA,0.014781,0.716648
17.28,77.4,TG,0.005844,0.283352
17.28,77.58,TG,0.020625,1.0
17.28,77.76,TG,0.020625,1.0
17.28,77.94,TG,0.020625,1.0
17.28,78.12,TG,0.020625,1.0
17.28,78.3,TG,0.020625,1.0
17.28,78.48,TG,0.020625,1.0
17.28,78.66,TG,0.020625,1.0
17.28,78.84,TG,0.020625,1.0
17.28,79.02,TG,0.020625,1.0
17.28,79.2,TG,0.020625,1.0
17.28,79.38,TG,0.020625,1.0
17.28,79.56,TG,0.020625,1.0
17.28,79.74,TG,0.020625,1.0
17.28,79.92,TG,0.020625,1.0
17.28,80.1,TG,0.020625,1.0
17.28,80.28,TG,0.020625,1.0
17.28,80.46,TG,0.020625,1.0
17.28,80.64,TG,0.020625,1.0
17.28,80.82,TG,0.020625,1.0
17.28,81.0,CST.AP,5e-06,0.000254
17.28,81.0,TG,0.02062,0.999746
17.28,81.18,CST.AP,0.01003,0.486319
17.28,81.18,TG,0.010595,0.513681
17.28,81.36,CST.AP,0.020507,0.994292
17.28,81.36,TG,0.000118,0.005708
17.28,81.54,CST.AP,0.020625,1.0
17.28,81.72,CST.AP,0.020625,1.0
17.28,81.9,CST.AP,0.020625,1.0
17.28,82.08,CST.AP,0.020625,1.0
17.28,82.26,CST.AP,0.020625,1.0
17.28,82.44,CST.AP,0.020599,0.998715
17.28,82.62,CST.AP,0.009066,0.439548
17.28,82.8,CST.AP,1.4e-05,0.000664
17.4,73.08,KNK/GA,2e-06,9.2e-05
17.4,73.26,KNK/GA,0.017342,0.841394
17.4,73.44,KNK/GA,0.020612,1.0
17.4,73.62,KNK/GA,0.017379,0.843152
17.4,73.62,MDH.MH,0.0032,0.155276
17.4,73.8,MDH.MH,0.020612,1.0
17.4,73.98,MDH.MH,0.020612,1.0
17.4,74.16,MDH.MH,0.020612,1.0
17.4,74.34,MDH.MH,0.020612,1.0
17.4,74.52,MDH.MH,0.020612,1.0
17.4,74.7,MDH.MH,0.020612,1.0
17.4,74.88,MDH.MH,0.020612,1.0
17.4,75.06,MDH.MH,0.020612,1.0
17.4,75.24,MDH.MH,0.020612,1.0
17.4,75.42,MDH.MH,0.020612,1.0
17.4,75.6,NI.KA,0.009702,0.470715
17.4,75.6,MDH.MH,0.010909,0.529285
17.4,75.78,NI.KA,0.011066,0.536904
17.4,75.78,MDH.MH,0.009545,0.463096
17.4,75.96,NI.KA,0.001946,0.094431
17.4,75.96,MDH.MH,0.018665,0.905569
17.4,76.14,NI.KA,0.002381,0.115525
17.4,76.14,MDH.MH,0.01823,0.884475
17.4,76.32,NI.KA,0.005583,0.270881
17.4,76.32,MDH.MH,0.015028,0.729119
17.4,76.5,NI.KA,0.020599,0.99941
17.4,76.5,MDH.MH,1.2e-05,0.00059
17.4,76.68,NI.KA,0.020612,1.0
17.4,76.86,NI.KA,0.020612,1.0
17.4,77.04,NI.KA,0.020612,1.0
17.4,77.22,NI.KA,0.020612,1.0
17.4,77.4,NI.KA,0.019759,0.958655
17.4,77.4,TG,0.000852,0.041345
17.4,77.58,NI.KA,0.00477,0.231426
17.4,77.58,TG,0.015842,0.768574
17.4,77.76,TG,0.020612,1.0
17.4,77.94,TG,0.020612,1.0
17.4,78.12,TG,0.020612,1.0
17.4,78.3,TG,0.020612,1.0
17.4,78.48,TG,0.020612,1.0
17.4,78.66,TG,0.020612,1.0
17.4,78.84,TG,0.020612,1.0
17.4,79.02,TG,0.020612,1.0
17.4,79.2,TG,0.020612,1.0
17.4,79.38,TG,0.020612,1.0
17.4,79.56,TG,0.020612,1.0
17.4,79.74,TG,0.020612,1.0
17.4,79.92,TG,0.020612,1.0
17.4,80.1,TG,0.020612,1.0
17.4,80.28,TG,0.020612,1.0
17.4,80.46,TG,0.020612,1.0
17.4,80.64,TG,0.020612,1.0
17.4,80.82,TG,0.020612,1.0
17.4,81.0,TG,0.020612,1.0
17.4,81.18,TG,0.020612,1.0
17.4,81.36,CST.AP,0.005515,0.267561
17.4,81.36,TG,0.014967,0.726167
17.4,81.54,CST.AP,0.01902,0.922765
17.4,81.54,TG,0.001741,0.084485
17.4,81.72,CST.AP,0.020612,1.0
17.4,81.9,CST.AP,0.020612,1.0
17.4,82.08,CST.AP,0.020612,1.0
17.4,82.26,CST.AP,0.020612,1.0
17.4,82.44,CST.AP,0.020612,1.0
17.4,82.62,CST.AP,0.020612,1.0
17.4,82.8,CST.AP,0.013891,0.673935
17.4,82.98,CST.AP,0.001467,0.071176
17.52,73.08,KNK/GA,0.000938,0.045521
17.52,73.26,KNK/GA,0.019796,0.961075
17.52,73.44,KNK/GA,0.020598,1.0
17.52,73.62,KNK/GA,0.020171,0.979264
17.52,73.62,MDH.MH,0.000427,0.020736
17.52,73.8,KNK/GA,0.001674,0.081259
17.52,73.8,MDH.MH,0.018924,0.918741
17.52,73.98,MDH.MH,0.020598,1.0
17.52,74.16,MDH.MH,0.020598,1.0
17.52,74.34,MDH.MH,0.020598,1.0
17.52,74.52,MDH.MH,0.020598,1.0
17.52,74.7,MDH.MH,0.020598,1.0
17.52,74.88,MDH.MH,0.020598,1.0
17.52,75.06,MDH.MH,0.020598,1.0
17.52,75.24,MDH.MH,0.020598,1.0
17.52,75.42,MDH.MH,0.020598,1.0
17.52,75.6,NI.KA,0.000438,0.021241
17.52,75.6,MDH.MH,0.020161,0.978759
17.52,75.78,MDH.MH,0.020598,1.0
17.52,75.96,MDH.MH,0.020598,1.0
17.52,76.14,MDH.MH,0.020598,1.0
17.52,76.32,NI.KA,0.007146,0.346918
17.52,76.32,MDH.MH,0.013452,0.653082
17.52,76.5,NI.KA,0.020598,1.0
17.52,76.68,NI.KA,0.020598,1.0
17.52,76.86,NI.KA,0.020598,1.0
17.52,77.04,NI.KA,0.020598,1.0
17.52,77.22,NI.KA,0.020598,1.0
17.52,77.4,NI.KA,0.020444,0.992541
17.52,77.4,TG,0.000154,0.007459
17.52,77.58,NI.KA,0.013918,0.675676
17.52,77.58,TG,0.006691,0.324826
17.52,77.76,NI.KA,0.000628,0.030487
17.52,77.76,TG,0.020075,0.974588
17.52,77.94,TG,0.020598,1.0
17.52,78.12,TG,0.020598,1.0
17.52,78.3,TG,0.020598,1.0
17.52,78.48,TG,0.020598,1.0
17.52,78.66,TG,0.020598,1.0
17.52,78.84,TG,0.020598,1.0
17.52,79.02,TG,0.020598,1.0
17.52,79.2,TG,0.020598,1.0
17.52,79.38,TG,0.020598,1.0
17.52,79.56,TG,0.020598,1.0
17.52,79.74,TG,0.020598,1.0
17.52,79.92,TG,0.020598,1.0
17.52,80.1,TG,0.020598,1.0
17.52,80.28,TG,0.020598,1.0
17.52,80.46,TG,0.020598,1.0
17.52,80.64,TG,0.020598,1.0
17.52,80.82,TG,0.020598,1.0
17.52,81.0,TG,0.020598,1.0
17.52,81.18,TG,0.020598,1.0
17.52,81.36,TG,0.020598,1.0
17.52,81.54,CST.AP,0.013671,0.663704
17.52,81.54,TG,0.006927,0.336296
17.52,81.72,CST.AP,0.020598,1.0
17.52,81.9,CST.AP,0.020598,1.0
17.52,82.08,CST.AP,0.020598,1.0
17.52,82.26,CST.AP,0.020598,1.0
17.52,82.44,CST.AP,0.020598,1.0
17.52,82.62,CST.AP,0.020598,1.0
17.52,82.8,CST.AP,0.020598,1.0
17.52,82.98,CST.AP,0.016975,0.824128
17.52,83.16,CST.AP,0.003551,0.172411
17.64,73.08,KNK/GA,0.00358,0.1739
17.64,73.26,KNK/GA,0.020584,1.0
17.64,73.44,KNK/GA,0.020584,1.0
17.64,73.62,KNK/GA,0.019151,0.93035
17.64,73.62,MDH.MH,0.001434,0.06965
17.64,73.8,KNK/GA,0.000449,0.021821
17.64,73.8,MDH.MH,0.020135,0.978179
17.64,73.98,MDH.MH,0.020584,1.0
17.64,74.16,MDH.MH,0.020584,1.0
17.64,74.34,MDH.MH,0.020584,1.0
17.64,74.52,MDH.MH,0.020584,1.0
17.64,74.7,MDH.MH,0.020584,1.0
17.64,74.88,MDH.MH,0.020584,1.0
17.64,75.06,MDH.MH,0.020584,1.0
17.64,75.24,MDH.MH,0.020584,1.0
17.64,75.42,MDH.MH,0.020584,1.0
17.64,75.6,MDH.MH,0.020584,1.0
17.64,75.78,MDH.MH,0.020584,1.0
17.64,75.96,MDH.MH,0.020584,1.0
17.64,76.14,MDH.MH,0.019986,0.970926
17.64,76.14,MWD,0.000598,0.029074
17.64,76.32,NI.KA,0.001519,0.07379
17.64,76.32,MDH.MH,0.017299,0.84042
17.64,76.32,MWD,0.001757,0.085356
17.64,76.5,NI.KA,0.016455,0.799402
17.64,76.5,MDH.MH,0.000556,0.027021
17.64,76.5,MWD,0.003732,0.181284
17.64,76.68,NI.KA,0.020152,0.979017
17.64,76.68,MWD,0.00043,0.020912
17.64,76.86,NI.KA,0.020584,1.0
17.64,77.04,NI.KA,0.020584,1.0
17.64,77.22,NI.KA,0.020584,1.0
17.64,77.4,NI.KA,0.015937,0.774245
17.64,77.4,TG,0.004647,0.225755
17.64,77.58,TG,0.020584,1.0
17.64,77.76,TG,0.020584,1.0
17.64,77.94,TG,0.020584,1.0
17.64,78.12,TG,0.020584,1.0
17.64,78.3,TG,0.020584,1.0
17.64,78.48,TG,0.020584,1.0
17.64,78.66,TG,0.020584,1.0
17.64,78.84,TG,0.020584,1.0
17.64,79.02,TG,0.020584,1.0
17.64,79.2,TG,0.020584,1.0
17.64,79.38,TG,0.020584,1.0
17.64,79.56,TG,0.020584,1.0
17.64,79.74,TG,0.020584,1.0
17.64,79.92,TG,0.020584,1.0
17.64,80.1,TG,0.020584,1.0
17.64,80.28,TG,0.020584,1.0
17.64,80.46,TG,0.020584,1.0
17.64,80.64,TG,0.020584,1.0
17.64,80.82,TG,0.020584,1.0
17.64,81.0,TG,0.020584,1.0
17.64,81.18,TG,0.020584,1.0
17.64,81.36,TG,0.020584,1.0
17.64,81.54,CST.AP,0.009933,0.482548
17.64,81.54,TG,0.010651,0.517452
17.64,81.72,CST.AP,0.020584,1.0
17.64,81.9,CST.AP,0.020584,1.0
17.64,82.08,CST.AP,0.020584,1.0
17.64,82.26,CST.AP,0.020584,1.0
17.64,82.44,CST.AP,0.020584,1.0
17.64,82.62,CST.AP,0.020584,1.0
17.64,82.8,CST.AP,0.020584,1.0
17.64,82.98,CST.AP,0.020584,1.0
17.64,83.16,CST.AP,0.018672,0.907085
17.64,83.34,CST.AP,0.002331,0.113238
17.76,73.08,KNK/GA,0.005659,0.275116
17.76,73.26,KNK/GA,0.020571,1.0
17.76,73.44,KNK/GA,0.020571,1.0
17.76,73.62,KNK/GA,0.006544,0.31813
17.76,73.62,MDH.MH,0.014026,0.68187
17.76,73.8,MDH.MH,0.020571,1.0
17.76,73.98,MDH.MH,0.020571,1.0
17.76,74.16,MDH.MH,0.020571,1.0
17.76,74.34,MDH.MH,0.020571,1.0
17.76,74.52,MDH.MH,0.020571,1.0
17.76,74.7,MDH.MH,0.020571,1.0
17.76,74.88,MDH.MH,0.020571,1.0
17.76,75.06,MDH.MH,0.020571,1.0
17.76,75.24,MDH.MH,0.020571,1.0
17.76,75.42,MDH.MH,0.020571,1.0
17.76,75.6,MDH.MH,0.020571,1.0
17.76,75.78,MDH.MH,0.020571,1.0
17.76,75.96,MDH.MH,0.018307,0.889955
17.76,75.96,MWD,0.002264,0.110045
17.76,76.14,MDH.MH,0.006574,0.319581
17.76,76.14,MWD,0.013997,0.680419
17.76,76.32,MDH.MH,0.001194,0.058026
17.76,76.32,MWD,0.019377,0.941974
17.76,76.5,NI.KA,0.003692,0.179503
17.76,76.5,MWD,0.016878,0.820497
17.76,76.68,NI.KA,0.007286,0.3542
17.76,76.68,MWD,0.013269,0.64503
17.76,76.86,NI.KA,0.020411,0.992223
17.76,76.86,MWD,0.00016,0.007777
17.76,77.04,NI.KA,0.020571,1.0
17.76,77.22,NI.KA,0.020571,1.0
17.76,77.4,NI.KA,0.020437,0.993491
17.76,77.4,TG,0.000134,0.006509
17.76,77.58,NI.KA,0.004315,0.209741
17.76,77.58,TG,0.016256,0.790259
17.76,77.76,TG,0.020571,1.0
17.76,77.94,TG,0.020571,1.0
17.76,78.12,TG,0.020571,1.0
17.76,78.3,TG,0.020571,1.0
17.76,78.48,TG,0.020571,1.0
17.76,78.66,TG,0.020571,1.0
17.76,78.84,TG,0.020571,1.0
17.76,79.02,TG,0.020571,1.0
17.76,79.2,TG,0.020571,1.0
17.76,79.38,TG,0.020571,1.0
17.76,79.56,TG,0.020571,1.0
17.76,79.74,TG,0.020571,1.0
17.76,79.92,TG,0.020571,1.0
17.76,80.1,TG,0.020571,1.0
17.76,80.28,TG,0.020571,1.0
17.76,80.46,TG,0.020571,1.0
17.76,80.64,TG,0.020571,1.0
17.76,80.82,TG,0.020571,1.0
17.76,81.0,TG,0.019271,0.93682
17.76,81.0,CG,0.00126,0.061238
17.76,81.18,TG,0.020316,0.987602
17.76,81.18,CG,0.000117,0.005704
17.76,81.36,TG,0.019894,0.967093
17.76,81.36,OD,6.2e-05,0.003012
17.76,81.36,CG,0.00057,0.027685
17.76,81.54,CST.AP,0.00229,0.111311
17.76,81.54,TG,0.018102,0.87998
17.76,81.54,OD,0.000185,0.009016
17.76,81.72,CST.AP,0.01709,0.830794
17.76,81.72,TG,0.003481,0.169206
17.76,81.9,CST.AP,0.020571,1.0
17.76,82.08,CST.AP,0.020571,1.0
17.76,82.26,CST.AP,0.020571,1.0
17.76,82.44,CST.AP,0.020571,1.0
17.76,82.62,CST.AP,0.020571,1.0
17.76,82.8,CST.AP,0.020571,1.0
17.76,82.98,CST.AP,0.020571,1.0
17.76,83.16,CST.AP,0.020571,1.0
17.76,83.34,CST.AP,0.013676,0.664818
17.88,73.08,KNK/GA,0.010943,0.532328
17.88,73.26,KNK/GA,0.020557,1.0
17.88,73.44,KNK/GA,0.020557,1.0
17.88,73.62,KNK/GA,0.004681,0.227708
17.88,73.62,MDH.MH,0.015876,0.772292
17.88,73.8,MDH.MH,0.020557,1.0
17.88,73.98,MDH.MH,0.020557,1.0
17.88,74.16,MDH.MH,0.020557,1.0
17.88,74.34,MDH.MH,0.020557,1.0
17.88,74.52,MDH.MH,0.020557,1.0
17.88,74.7,MDH.MH,0.020557,1.0
17.88,74.88,MDH.MH,0.020557,1.0
17.88,75.06,MDH.MH,0.020557,1.0
17.88,75.24,MDH.MH,0.020557,1.0
17.88,75.42,MDH.MH,0.020557,1.0
17.88,75.6,MDH.MH,0.020557,1.0
17.88,75.78,MDH.MH,0.018927,0.9207
17.88,75.78,MWD,0.001335,0.064952
17.88,75.96,MDH.MH,0.002713,0.131979
17.88,75.96,MWD,0.018036,0.877388
17.88,76.14,MWD,0.020557,1.0
17.88,76.32,MWD,0.020557,1.0
17.88,76.5,MWD,0.020557,1.0
17.88,76.68,NI.KA,0.001409,0.068524
17.88,76.68,MWD,0.019148,0.931476
17.88,76.86,NI.KA,0.013237,0.64394
17.88,76.86,MWD,0.007319,0.35606
17.88,77.04,NI.KA,0.020557,1.0
17.88,77.22,NI.KA,0.020557,1.0
17.88,77.4,NI.KA,0.020557,1.0
17.88,77.58,NI.KA,0.011144,0.542123
17.88,77.58,TG,0.009412,0.457877
17.88,77.76,TG,0.020557,1.0
17.88,77.94,TG,0.020557,1.0
17.88,78.12,TG,0.020557,1.0
17.88,78.3,TG,0.020557,1.0
17.88,78.48,TG,0.020557,1.0
17.88,78.66,TG,0.020557,1.0
17.88,78.84,TG,0.020557,1.0
17.88,79.02,TG,0.020557,1.0
17.88,79.2,TG,0.020557,1.0
17.88,79.38,TG,0.020557,1.0
17.88,79.56,TG,0.020557,1.0
17.88,79.74,TG,0.020557,1.0
17.88,79.92,TG,0.020557,1.0
17.88,80.1,TG,0.020557,1.0
17.88,80.28,TG,0.020557,1.0
17.88,80.46,TG,0.020557,1.0
17.88,80.64,TG,0.020557,1.0
17.88,80.82,TG,0.020557,1.0
17.88,81.0,TG,0.011122,0.541061
17.88,81.0,CG,0.009453,0.459859
17.88,81.18,TG,0.00286,0.139145
17.88,81.18,CG,0.017653,0.858728
17.88,81.36,TG,0.000217,0.010559
17.88,81.36,OD,0.003283,0.159728
17.88,81.36,CG,0.01713,0.833322
17.88,81.54,TG,0.001214,0.059078
17.88,81.54,OD,0.019337,0.940684
17.88,81.54,CG,7.7e-05,0.003748
17.88,81.72,CST.AP,0.003231,0.157197
17.88,81.72,TG,0.00853,0.414933
17.88,81.72,OD,0.008344,0.405899
17.88,81.9,CST.AP,0.020557,1.0
17.88,82.08,CST.AP,0.020557,1.0
17.88,82.26,CST.AP,0.020557,1.0
17.88,82.44,CST.AP,0.020557,1.0
17.88,82.62,CST.AP,0.020557,1.0
17.88,82.8,CST.AP,0.020557,1.0
17.88,82.98,CST.AP,0.020557,1.0
17.88,83.16,CST.AP,0.020557,1.0
17.88,83.34,CST.AP,0.019815,0.96393
17.88,83.52,CST.AP,0.002547,0.123898
18.0,73.08,KNK/GA,0.017693,0.861263
18.0,73.26,KNK/GA,0.020543,1.0
18.0,73.44,KNK/GA,0.020543,1.0
18.0,73.62,KNK/GA,0.011763,0.572594
18.0,73.62,MDH.MH,0.00878,0.427406
18.0,73.8,MDH.MH,0.020543,1.0
18.0,73.98,MDH.MH,0.020543,1.0
18.0,74.16,MDH.MH,0.020543,1.0
18.0,74.34,MDH.MH,0.020543,1.0
18.0,74.52,MDH.MH,0.020543,1.0
18.0,74.7,MDH.MH,0.020543,1.0
18.0,74.88,MDH.MH,0.020543,1.0
18.0,75.06,MDH.MH,0.020543,1.0
18.0,75.24,MDH.MH,0.020543,1.0
18.0,75.42,MDH.MH,0.020543,1.0
18.0,75.6,MDH.MH,0.020543,1.0
18.0,75.78,MDH.MH,0.018979,0.923871
18.0,75.78,MWD,0.001493,0.072677
18.0,75.96,MDH.MH,0.009422,0.458672
18.0,75.96,MWD,0.01112,0.541328
18.0,76.14,MWD,0.020543,1.0
18.0,76.32,MWD,0.020543,1.0
18.0,76.5,MWD,0.020543,1.0
18.0,76.68,MWD,0.020543,1.0
18.0,76.86,NI.KA,0.002838,0.138161
18.0,76.86,MWD,0.017705,0.861839
18.0,77.04,NI.KA,0.020454,0.995682
18.0,77.04,MWD,8.9e-05,0.004318
18.0,77.22,NI.KA,0.020543,1.0
18.0,77.4,NI.KA,0.020543,1.0
18.0,77.58,NI.KA,0.014387,0.700341
18.0,77.58,TG,0.006156,0.299659
18.0,77.76,TG,0.020543,1.0
18.0,77.94,TG,0.020543,1.0
18.0,78.12,TG,0.020543,1.0
18.0,78.3,TG,0.020543,1.0
18.0,78.48,TG,0.020543,1.0
18.0,78.66,TG,0.020543,1.0
18.0,78.84,TG,0.020543,1.0
18.0,79.02,TG,0.020543,1.0
18.0,79.2,TG,0.020543,1.0
18.0,79.38,TG,0.020543,1.0
18.0,79.56,TG,0.020543,1.0
18.0,79.74,TG,0.020543,1.0
18.0,79.92,TG,0.020543,1.0
18.0,80.1,TG,0.020543,1.0
18.0,80.28,TG,0.020543,1.0
18.0,80.46,TG,0.020543,1.0
18.0,80.64,TG,0.020543,1.0
18.0,80.82,TG,0.020543,1.0
18.0,81.0,TG,0.008379,0.407891
18.0,81.0,CG,0.012164,0.592109
18.0,81.18,CG,0.020543,1.0
18.0,81.36,CG,0.020543,1.0
18.0,81.54,OD,0.016977,0.826423
18.0,81.54,CG,0.003566,0.173577
18.0,81.72,CST.AP,1e-05,0.000469
18.0,81.72,OD,0.020531,0.999412
18.0,81.9,CST.AP,0.006687,0.32552
18.0,81.9,OD,0.013856,0.67448
18.0,82.08,CST.AP,0.019522,0.950311
18.0,82.08,OD,0.001125,0.054758
18.0,82.26,CST.AP,0.014866,0.723673
18.0,82.26,OD,0.005518,0.268596
18.0,82.44,CST.AP,0.020543,1.0
18.0,82.62,CST.AP,0.020543,1.0
18.0,82.8,CST.AP,0.020543,1.0
18.0,82.98,CST.AP,0.020543,1.0
18.0,83.16,CST.AP,0.020543,1.0
18.0,83.34,CST.AP,0.020543,1.0
18.0,83.52,CST.AP,0.016332,0.795018
18.0,83.7,CST.AP,0.000549,0.026721
18.12,72.9,KNK/GA,0.000775,0.037766
18.12,73.08,KNK/GA,0.020296,0.98867
18.12,73.26,KNK/GA,0.020529,1.0
18.12,73.44,KNK/GA,0.020529,1.0
18.12,73.62,KNK/GA,0.010403,0.506771
18.12,73.62,MDH.MH,0.010068,0.490431
18.12,73.8,MDH.MH,0.020529,1.0
18.12,73.98,MDH.MH,0.020529,1.0
18.12,74.16,MDH.MH,0.020529,1.0
18.12,74.34,MDH.MH,0.020529,1.0
18.12,74.52,MDH.MH,0.020529,1.0
18.12,74.7,MDH.MH,0.020529,1.0
18.12,74.88,MDH.MH,0.020529,1.0
18.12,75.06,MDH.MH,0.020529,1.0
18.12,75.24,MDH.MH,0.020529,1.0
18.12,75.42,MDH.MH,0.019483,0.949045
18.12,75.42,MWD,0.001124,0.054766
18.12,75.6,MDH.MH,0.019065,0.92869
18.12,75.6,MWD,0.001403,0.068324
18.12,75.78,MDH.MH,0.020529,1.0
18.12,75.96,MDH.MH,0.010613,0.516983
18.12,75.96,MWD,0.009916,0.483017
18.12,76.14,MWD,0.020529,1.0
18.12,76.32,MWD,0.020529,1.0
18.12,76.5,MWD,0.020529,1.0
18.12,76.68,MWD,0.020529,1.0
18.12,76.86,NI.KA,0.00079,0.038466
18.12,76.86,MWD,0.019616,0.955552
18.12,77.04,NI.KA,0.018169,0.885059
18.12,77.04,MWD,0.002391,0.116475
18.12,77.22,NI.KA,0.020529,1.0
18.12,77.4,NI.KA,0.020529,1.0
18.12,77.58,NI.KA,0.011909,0.58011
18.12,77.58,TG,0.00862,0.41989
18.12,77.76,TG,0.020529,1.0
18.12,77.94,TG,0.020529,1.0
18.12,78.12,TG,0.020529,1.0
18.12,78.3,TG,0.020529,1.0
18.12,78.48,TG,0.020529,1.0
18.12,78.66,TG,0.020529,1.0
18.12,78.84,TG,0.020529,1.0
18.12,79.02,TG,0.020529,1.0
18.12,79.2,TG,0.020529,1.0
18.12,79.38,TG,0.020529,1.0
18.12,79.56,TG,0.020529,1.0
18.12,79.74,TG,0.020529,1.0
18.12,79.92,TG,0.020529,1.0
18.12,80.1,TG,0.020529,1.0
18.12,80.28,TG,0.020529,1.0
18.12,80.46,TG,0.020529,1.0
18.12,80.64,TG,0.020529,1.0
18.12,80.82,TG,0.018738,0.912746
18.12,80.82,CG,0.001791,0.087254
18.12,81.0,TG,0.005245,0.255517
18.12,81.0,CG,0.015283,0.744483
18.12,81.18,CG,0.020529,1.0
18.12,81.36,CG,0.020529,1.0
18.12,81.54,OD,0.012736,0.620421
18.12,81.54,CG,0.007792,0.379579
18.12,81.72,OD,0.020529,1.0
18.12,81.9,OD,0.020529,1.0
18.12,82.08,CST.AP,0.000461,0.022466
18.12,82.08,OD,0.019984,0.97347
18.12,82.26,CST.AP,0.000917,0.044679
18.12,82.26,OD,0.02011,0.979581
18.12,82.44,CST.AP,0.020173,0.98269
18.12,82.44,OD,0.000503,0.024511
18.12,82.62,CST.AP,0.020529,1.0
18.12,82.8,CST.AP,0.020529,1.0
18.12,82.98,CST.AP,0.020529,1.0
18.12,83.16,CST.AP,0.020529,1.0
18.12,83.34,CST.AP,0.020529,1.0
18.12,83.52,CST.AP,0.020529,1.0
18.12,83.7,CST.AP,0.014286,0.695895
18.12,83.88,CST.AP,0.002001,0.097484
18.24,72.9,KNK/GA,0.005038,0.245569
18.24,73.08,KNK/GA,0.020515,1.0
18.24,73.26,KNK/GA,0.020515,1.0
18.24,73.44,KNK/GA,0.018756,0.91425
18.24,73.44,MDH.MH,0.001759,0.08575
18.24,73.62,KNK/GA,0.00103,0.050206
18.24,73.62,MDH.MH,0.019485,0.949794
18.24,73.8,MDH.MH,0.020515,1.0
18.24,73.98,MDH.MH,0.020515,1.0
18.24,74.16,MDH.MH,0.020515,1.0
18.24,74.34,MDH.MH,0.020515,1.0
18.24,74.52,MDH.MH,0.020515,1.0
18.24,74.7,MDH.MH,0.020515,1.0
18.24,74.88,MDH.MH,0.020515,1.0
18.24,75.06,MDH.MH,0.020515,1.0
18.24,75.24,MDH.MH,0.020515,1.0
18.24,75.42,MDH.MH,0.010437,0.508759
18.24,75.42,MWD,0.010078,0.491241
18.24,75.6,MDH.MH,0.011164,0.544205
18.24,75.6,MWD,0.009652,0.470512
18.24,75.78,MDH.MH,0.020515,1.0
18.24,75.96,MDH.MH,0.007832,0.381756
18.24,75.96,MWD,0.012683,0.618244
18.24,76.14,MWD,0.020515,1.0
18.24,76.32,MWD,0.020515,1.0
18.24,76.5,MWD,0.020515,1.0
18.24,76.68,MWD,0.020515,1.0
18.24,76.86,MWD,0.020515,1.0
18.24,77.04,NI.KA,0.000903,0.043996
18.24,77.04,MWD,0.019638,0.957282
18.24,77.22,NI.KA,0.017101,0.833577
18.24,77.22,MWD,0.003414,0.166423
18.24,77.4,NI.KA,0.01909,0.930575
18.24,77.4,MWD,0.001424,0.069425
18.24,77.58,NI.KA,0.009929,0.484005
18.24,77.58,MWD,0.000633,0.030878
18.24,77.58,TG,0.010074,0.491064
18.24,77.76,TG,0.020515,1.0
18.24,77.94,TG,0.020515,1.0
18.24,78.12,TG,0.020515,1.0
18.24,78.3,TG,0.020515,1.0
18.24,78.48,TG,0.020515,1.0
18.24,78.66,TG,0.020515,1.0
18.24,78.84,TG,0.020515,1.0
18.24,79.02,TG,0.020515,1.0
18.24,79.2,TG,0.020515,1.0
18.24,79.38,TG,0.020515,1.0
18.24,79.56,TG,0.020515,1.0
18.24,79.74,TG,0.020515,1.0
18.24,79.92,TG,0.020515,1.0
18.24,80.1,TG,0.020515,1.0
18.24,80.28,TG,0.020515,1.0
18.24,80.46,TG,0.020515,1.0
18.24,80.64,TG,0.020515,1.0
18.24,80.82,TG,0.005869,0.2861
18.24,80.82,CG,0.014614,0.712363
18.24,81.0,CG,0.020515,1.0
18.24,81.18,CG,0.020515,1.0
18.24,81.36,CG,0.020515,1.0
18.24,81.54,OD,0.010869,0.529814
18.24,81.54,CG,0.009646,0.470186
18.24,81.72,OD,0.020515,1.0
18.24,81.9,OD,0.020515,1.0
18.24,82.08,OD,0.020515,1.0
18.24,82.26,CST.AP,0.001779,0.08672
18.24,82.26,OD,0.018741,0.913551
18.24,82.44,CST.AP,0.019807,0.965501
18.24,82.44,OD,0.000708,0.034499
18.24,82.62,CST.AP,0.01739,0.847672
18.24,82.62,OD,0.003125,0.152328
18.24,82.8,CST.AP,0.020515,1.0
18.24,82.98,CST.AP,0.020515,1.0
18.24,83.16,CST.AP,0.020515,1.0
18.24,83.34,CST.AP,0.020515,1.0
18.24,83.52,CST.AP,0.020515,1.0
18.24,83.7,CST.AP,0.020515,1.0
18.24,83.88,CST.AP,0.018491,0.90135
18.24,84.06,CST.AP,0.005426,0.264498
18.36,72.9,KNK/GA,0.006763,0.329911
18.36,73.08,KNK/GA,0.0205,1.0
18.36,73.26,KNK/GA,0.0205,1.0
18.36,73.44,KNK/GA,0.009056,0.441756
18.36,73.44,MDH.MH,0.011444,0.558244
18.36,73.62,MDH.MH,0.0205,1.0
18.36,73.8,MDH.MH,0.0205,1.0
18.36,73.98,MDH.MH,0.0205,1.0
18.36,74.16,MDH.MH,0.0205,1.0
18.36,74.34,MDH.MH,0.0205,1.0
18.36,74.52,MDH.MH,0.0205,1.0
18.36,74.7,MDH.MH,0.0205,1.0
18.36,74.88,MDH.MH,0.0205,1.0
18.36,75.06,MDH.MH,0.0205,1.0
18.36,75.24,MDH.MH,0.019699,0.96092
18.36,75.24,MWD,0.000801,0.03908
18.36,75.42,MDH.MH,0.004325,0.210979
18.36,75.42,MWD,0.016175,0.789021
18.36,75.6,MDH.MH,0.001251,0.061008
18.36,75.6,MWD,0.01925,0.938992
18.36,75.78,MDH.MH,0.01454,0.709265
18.36,75.78,MWD,0.00596,0.290735
18.36,75.96,MDH.MH,0.001999,0.097491
18.36,75.96,MWD,0.018502,0.902509
18.36,76.14,MWD,0.0205,1.0
18.36,76.32,MWD,0.0205,1.0
18.36,76.5,MWD,0.0205,1.0
18.36,76.68,MWD,0.0205,1.0
18.36,76.86,MWD,0.0205,1.0
18.36,77.04,MWD,0.0205,1.0
18.36,77.22,NI.KA,0.008936,0.435892
18.36,77.22,MWD,0.01159,0.565348
18.36,77.4,NI.KA,0.009444,0.460671
18.36,77.4,MWD,0.011057,0.539329
18.36,77.58,NI.KA,0.000112,0.005456
18.36,77.58,MWD,0.006256,0.30515
18.36,77.58,TG,0.014092,0.687385
18.36,77.76,TG,0.0205,1.0
18.36,77.94,TG,0.0205,1.0
18.36,78.12,TG,0.0205,1.0
18.36,78.3,TG,0.0205,1.0
18.36,78.48,TG,0.0205,1.0
18.36,78.66,TG,0.0205,1.0
18.36,78.84,TG,0.0205,1.0
18.36,79.02,TG,0.0205,1.0
18.36,79.2,TG,0.0205,1.0
18.36,79.38,TG,0.0205,1.0
18.36,79.56,TG,0.0205,1.0
18.36,79.74,TG,0.0205,1.0
18.36,79.92,TG,0.0205,1.0
18.36,80.1,TG,0.0205,1.0
18.36,80.28,TG,0.0205,1.0
18.36,80.46,TG,0.0205,1.0
18.36,80.64,TG,0.020473,0.998649
18.36,80.64,CG,0.000117,0.005711
18.36,80.82,TG,0.001032,0.050337
18.36,80.82,CG,0.019597,0.955935
18.36,81.0,CG,0.0205,1.0
18.36,81.18,CG,0.0205,1.0
18.36,81.36,CG,0.0205,1.0
18.36,81.54,OD,0.000332,0.016189
18.36,81.54,CG,0.020169,0.983811
18.36,81.72,OD,0.0105,0.512198
18.36,81.72,CG,0.01,0.487802
18.36,81.9,OD,0.0205,1.0
18.36,82.08,OD,0.0205,1.0
18.36,82.26,CST.AP,4.4e-05,0.002163
18.36,82.26,OD,0.020456,0.997837
18.36,82.44,CST.AP,0.01744,0.850735
18.36,82.44,OD,0.00306,0.149265
18.36,82.62,CST.AP,0.006982,0.340569
18.36,82.62,OD,0.013519,0.659431
18.36,82.8,CST.AP,0.013538,0.66039
18.36,82.8,OD,0.006962,0.33961
18.36,82.98,CST.AP,0.012909,0.629679
18.36,82.98,OD,0.007592,0.370321
18.36,83.16,CST.AP,0.020433,0.996726
18.36,83.16,OD,6.7e-05,0.003274
18.36,83.34,CST.AP,0.0205,1.0
18.36,83.52,CST.AP,0.0205,1.0
18.36,83.7,CST.AP,0.0205,1.0
18.36,83.88,CST.AP,0.0205,1.0
18.36,84.06,CST.AP,0.018064,0.881129
18.36,84.24,CST.AP,0.001652,0.080599
18.48,72.9,KNK/GA,0.009804,0.478588
18.48,73.08,KNK/GA,0.020486,1.0
18.48,73.26,KNK/GA,0.020444,0.997924
18.48,73.26,MDH.MH,4.3e-05,0.002076
18.48,73.44,KNK/GA,0.004415,0.215488
18.48,73.44,MDH.MH,0.016072,0.784512
18.48,73.62,MDH.MH,0.020486,1.0
18.48,73.8,MDH.MH,0.020486,1.0
18.48,73.98,MDH.MH,0.020486,1.0
18.48,74.16,MDH.MH,0.020486,1.0
18.48,74.34,MDH.MH,0.020486,1.0
18.48,74.52,MDH.MH,0.020486,1.0
18.48,74.7,MDH.MH,0.020486,1.0
18.48,74.88,MDH.MH,0.020486,1.0
18.48,75.06,MDH.MH,0.020486,1.0
18.48,75.24,MDH.MH,0.018012,0.879211
18.48,75.24,MWD,0.002468,0.120496
18.48,75.42,MDH.MH,0.000194,0.009476
18.48,75.42,MWD,0.02029,0.990446
18.48,75.6,MWD,0.020486,1.0
18.48,75.78,MDH.MH,0.000737,0.035969
18.48,75.78,MWD,0.019749,0.964031
18.48,75.96,MWD,0.020486,1.0
18.48,76.14,MWD,0.020486,1.0
18.48,76.32,MWD,0.020486,1.0
18.48,76.5,MWD,0.020486,1.0
18.48,76.68,MWD,0.020486,1.0
18.48,76.86,MWD,0.020486,1.0
18.48,77.04,MWD,0.020486,1.0
18.48,77.22,NI.KA,0.001037,0.050596
18.48,77.22,MWD,0.019687,0.960969
18.48,77.4,NI.KA,0.001469,0.071724
18.48,77.4,MWD,0.019174,0.935966
18.48,77.58,MWD,0.010072,0.491665
18.48,77.58,TG,0.010412,0.508226
18.48,77.76,MWD,8.9e-05,0.004352
18.48,77.76,TG,0.020397,0.995648
18.48,77.94,TG,0.020486,1.0
18.48,78.12,TG,0.020486,1.0
18.48,78.3,TG,0.020486,1.0
18.48,78.48,TG,0.020486,1.0
18.48,78.66,TG,0.020486,1.0
18.48,78.84,TG,0.020486,1.0
18.48,79.02,TG,0.020486,1.0
18.48,79.2,TG,0.020486,1.0
18.48,79.38,TG,0.020486,1.0
18.48,79.56,TG,0.020486,1.0
18.48,79.74,TG,0.020486,1.0
18.48,79.92,TG,0.020486,1.0
18.48,80.1,TG,0.020486,1.0
18.48,80.28,TG,0.020486,1.0
18.48,80.46,TG,0.020486,1.0
18.48,80.64,TG,0.013277,0.648076
18.48,80.64,CG,0.007219,0.352379
18.48,80.82,CG,0.020486,1.0
18.48,81.0,CG,0.020486,1.0
18.48,81.18,CG,0.020486,1.0
18.48,81.36,CG,0.020486,1.0
18.48,81.54,CG,0.020486,1.0
18.48,81.72,OD,0.000577,0.028155
18.48,81.72,CG,0.019909,0.971845
18.48,81.9,OD,0.016761,0.81816
18.48,81.9,CG,0.003725,0.18184
18.48,82.08,OD,0.020486,1.0
18.48,82.26,OD,0.020486,1.0
18.48,82.44,CST.AP,0.010891,0.531625
18.48,82.44,OD,0.009595,0.468375
18.48,82.62,CST.AP,0.000653,0.031851
18.48,82.62,OD,0.019834,0.968149
18.48,82.8,CST.AP,0.000939,0.04583
18.48,82.8,OD,0.019547,0.95417
18.48,82.98,CST.AP,0.00187,0.091294
18.48,82.98,OD,0.018616,0.908706
18.48,83.16,CST.AP,0.020181,0.985102
18.48,83.16,OD,0.000305,0.014898
18.48,83.34,CST.AP,0.020486,1.0
18.48,83.52,CST.AP,0.020486,1.0
18.48,83.7,CST.AP,0.020486,1.0
18.48,83.88,CST.AP,0.020486,1.0
18.48,84.06,CST.AP,0.020486,1.0
18.48,84.24,CST.AP,0.014038,0.685218
18.48,84.42,CST.AP,4.7e-05,0.002285
18.6,72.9,KNK/GA,0.01143,0.558318
18.6,73.08,KNK/GA,0.020472,1.0
18.6,73.26,KNK/GA,0.019209,0.938322
18.6,73.26,MDH.MH,0.001263,0.061678
18.6,73.44,KNK/GA,0.000869,0.04245
18.6,73.44,MDH.MH,0.019603,0.95755
18.6,73.62,MDH.MH,0.020472,1.0
18.6,73.8,MDH.MH,0.020472,1.0
18.6,73.98,MDH.MH,0.020472,1.0
18.6,74.16,MDH.MH,0.020472,1.0
18.6,74.34,MDH.MH,0.020472,1.0
18.6,74.52,MDH.MH,0.020472,1.0
18.6,74.7,MDH.MH,0.020472,1.0
18.6,74.88,MDH.MH,0.020472,1.0
18.6,75.06,MDH.MH,0.020437,0.998282
18.6,75.06,MWD,3.5e-05,0.001718
18.6,75.24,MDH.MH,0.020424,0.997655
18.6,75.24,MWD,4.8e-05,0.002345
18.6,75.42,MDH.MH,0.015495,0.756875
18.6,75.42,MWD,0.004977,0.243125
18.6,75.6,MDH.MH,0.000875,0.042721
18.6,75.6,MWD,0.019597,0.957279
18.6,75.78,MWD,0.020472,1.0
18.6,75.96,MWD,0.020472,1.0
18.6,76.14,MWD,0.020472,1.0
18.6,76.32,MWD,0.020472,1.0
18.6,76.5,MWD,0.020472,1.0
18.6,76.68,MWD,0.020472,1.0
18.6,76.86,MWD,0.020472,1.0
18.6,77.04,MWD,0.020472,1.0
18.6,77.22,MWD,0.020472,1.0
18.6,77.4,MWD,0.020472,1.0
18.6,77.58,MWD,0.019875,0.970856
18.6,77.58,TG,0.000597,0.029144
18.6,77.76,MWD,0.007903,0.386035
18.6,77.76,TG,0.012434,0.607374
18.6,77.94,TG,0.020472,1.0
18.6,78.12,TG,0.020472,1.0
18.6,78.3,TG,0.020472,1.0
18.6,78.48,TG,0.020472,1.0
18.6,78.66,TG,0.020472,1.0
18.6,78.84,TG,0.020472,1.0
18.6,79.02,TG,0.020472,1.0
18.6,79.2,TG,0.020472,1.0
18.6,79.38,TG,0.020472,1.0
18.6,79.56,TG,0.020472,1.0
18.6,79.74,TG,0.020472,1.0
18.6,79.92,TG,0.020472,1.0
18.6,80.1,TG,0.020472,1.0
18.6,80.28,TG,0.017926,0.87562
18.6,80.28,CG,0.002372,0.115863
18.6,80.46,TG,0.013218,0.645683
18.6,80.46,CG,0.007808,0.381418
18.6,80.64,TG,0.001851,0.090413
18.6,80.64,CG,0.01879,0.917829
18.6,80.82,CG,0.020472,1.0
18.6,81.0,CG,0.020472,1.0
18.6,81.18,CG,0.020472,1.0
18.6,81.36,CG,0.020472,1.0
18.6,81.54,CG,0.020472,1.0
18.6,81.72,CG,0.020472,1.0
18.6,81.9,OD,0.006831,0.333691
18.6,81.9,CG,0.013641,0.666309
18.6,82.08,OD,0.020472,1.0
18.6,82.26,OD,0.020472,1.0
18.6,82.44,CST.AP,1.6e-05,0.000771
18.6,82.44,OD,0.020456,0.999229
18.6,82.62,OD,0.020472,1.0
18.6,82.8,OD,0.020472,1.0
18.6,82.98,CST.AP,0.001285,0.062776
18.6,82.98,OD,0.019034,0.929764
18.6,83.16,CST.AP,0.019524,0.95369
18.6,83.16,OD,0.000985,0.048114
18.6,83.34,CST.AP,0.020472,1.0
18.6,83.52,CST.AP,0.020472,1.0
18.6,83.7,CST.AP,0.020472,1.0
18.6,83.88,CST.AP,0.020472,1.0
18.6,84.06,CST.AP,0.020472,1.0
18.6,84.24,CST.AP,0.020132,0.983388
18.6,84.42,CST.AP,0.006343,0.309829
18.72,72.9,KNK/GA,0.01515,0.740575
18.72,73.08,KNK/GA,0.020457,1.0
18.72,73.26,KNK/GA,0.020309,0.992752
18.72,73.26,MDH.MH,0.000148,0.007248
18.72,73.44,KNK/GA,0.001941,0.094899
18.72,73.44,MDH.MH,0.018516,0.905101
18.72,73.62,MDH.MH,0.020457,1.0
18.72,73.8,MDH.MH,0.020457,1.0
18.72,73.98,MDH.MH,0.020457,1.0
18.72,74.16,MDH.MH,0.020457,1.0
18.72,74.34,MDH.MH,0.020457,1.0
18.72,74.52,MDH.MH,0.020457,1.0
18.72,74.7,MDH.MH,0.020457,1.0
18.72,74.88,MDH.MH,0.020457,1.0
18.72,75.06,MDH.MH,0.011797,0.576677
18.72,75.06,MWD,0.00866,0.423323
18.72,75.24,MDH.MH,0.012866,0.628922
18.72,75.24,MWD,0.007591,0.371078
18.72,75.42,MDH.MH,0.017718,0.866106
18.72,75.42,MWD,0.002739,0.133894
18.72,75.6,MDH.MH,0.003745,0.183047
18.72,75.6,MWD,0.016713,0.816953
18.72,75.78,MWD,0.020457,1.0
18.72,75.96,MWD,0.020457,1.0
18.72,76.14,MWD,0.020457,1.0
18.72,76.32,MWD,0.020457,1.0
18.72,76.5,MWD,0.020457,1.0
18.72,76.68,MWD,0.020457,1.0
18.72,76.86,MWD,0.020457,1.0
18.72,77.04,MWD,0.020457,1.0
18.72,77.22,MWD,0.020457,1.0
18.72,77.4,MWD,0.020457,1.0
18.72,77.58,MWD,0.020457,1.0
18.72,77.76,MWD,0.013618,0.665693
18.72,77.76,TG,0.006804,0.332577
18.72,77.94,TG,0.020457,1.0
18.72,78.12,TG,0.020457,1.0
18.72,78.3,TG,0.020457,1.0
18.72,78.48,TG,0.020457,1.0
18.72,78.66,TG,0.020457,1.0
18.72,78.84,TG,0.020457,1.0
18.72,79.02,TG,0.020457,1.0
18.72,79.2,TG,0.020457,1.0
18.72,79.38,TG,0.020457,1.0
18.72,79.56,TG,0.020457,1.0
18.72,79.74,TG,0.020457,1.0
18.72,79.92,TG,0.020347,0.99459
18.72,79.92,VID,0.000111,0.00541
18.72,80.1,TG,0.008566,0.418721
18.72,80.1,VID,0.011264,0.550588
18.72,80.28,TG,0.004801,0.234669
18.72,80.28,VID,0.005484,0.268076
18.72,80.28,CG,0.009956,0.48668
18.72,80.46,CG,0.020457,1.0
18.72,80.64,CG,0.020457,1.0
18.72,80.82,CG,0.020457,1.0
18.72,81.0,CG,0.020457,1.0
18.72,81.18,CG,0.020457,1.0
18.72,81.36,CG,0.020457,1.0
18.72,81.54,CG,0.020457,1.0
18.72,81.72,CG,0.020457,1.0
18.72,81.9,OD,0.00076,0.037159
18.72,81.9,CG,0.019697,0.962841
18.72,82.08,OD,0.013835,0.6763
18.72,82.08,CG,0.006622,0.3237
18.72,82.26,OD,0.020457,1.0
18.72,82.44,OD,0.020457,1.0
18.72,82.62,OD,0.020457,1.0
18.72,82.8,OD,0.020457,1.0
18.72,82.98,OD,0.020457,1.0
18.72,83.16,CST.AP,0.007144,0.349196
18.72,83.16,OD,0.013018,0.63635
18.72,83.34,CST.AP,0.020129,0.983966
18.72,83.34,OD,0.000328,0.016034
18.72,83.52,CST.AP,0.020457,1.0
18.72,83.7,CST.AP,0.020457,1.0
18.72,83.88,CST.AP,0.020457,1.0
18.72,84.06,CST.AP,0.01895,0.92634
18.72,84.06,OD,0.001269,0.062018
18.72,84.24,CST.AP,0.020439,0.999089
18.72,84.24,OD,7.5e-05,0.003678
18.72,84.42,CST.AP,0.017357,0.848456
18.72,84.6,CST.AP,0.000782,0.038238
18.84,72.72,KNK/GA,1.2e-05,0.000572
18.84,72.9,KNK/GA,0.016934,0.828338
18.84,73.08,KNK/GA,0.020443,1.0
18.84,73.26,KNK/GA,0.020443,1.0
18.84,73.44,KNK/GA,0.005564,0.27219
18.84,73.44,MDH.MH,0.014878,0.72781
18.84,73.62,MDH.MH,0.020443,1.0
18.84,73.8,MDH.MH,0.020443,1.0
18.84,73.98,MDH.MH,0.020443,1.0
18.84,74.16,MDH.MH,0.020443,1.0
18.84,74.34,MDH.MH,0.020443,1.0
18.84,74.52,MDH.MH,0.020443,1.0
18.84,74.7,MDH.MH,0.020443,1.0
18.84,74.88,MDH.MH,0.015728,0.769386
18.84,74.88,MWD,0.004714,0.230614
18.84,75.06,MDH.MH,0.00089,0.04354
18.84,75.06,MWD,0.019553,0.95646
18.84,75.24,MDH.MH,0.000192,0.009396
18.84,75.24,MWD,0.020251,0.990604
18.84,75.42,MDH.MH,0.001817,0.088904
18.84,75.42,MWD,0.018625,0.911096
18.84,75.6,MWD,0.020443,1.0
18.84,75.78,MWD,0.020443,1.0
18.84,75.96,MWD,0.020443,1.0
18.84,76.14,MWD,0.020443,1.0
18.84,76.32,MWD,0.020443,1.0
18.84,76.5,MWD,0.020443,1.0
18.84,76.68,MWD,0.020443,1.0
18.84,76.86,MWD,0.020443,1.0
18.84,77.04,MWD,0.020443,1.0
18.84,77.22,MWD,0.020443,1.0
18.84,77.4,MWD,0.020443,1.0
18.84,77.58,MWD,0.020443,1.0
18.84,77.76,MWD,0.020033,0.97997
18.84,77.76,TG,0.000409,0.02003
18.84,77.94,MWD,0.005056,0.247323
18.84,77.94,TG,0.015387,0.752677
18.84,78.12,TG,0.020443,1.0
18.84,78.3,TG,0.020443,1.0
18.84,78.48,TG,0.020443,1.0
18.84,78.66,TG,0.020443,1.0
18.84,78.84,TG,0.020443,1.0
18.84,79.02,TG,0.020443,1.0
18.84,79.2,TG,0.020443,1.0
18.84,79.38,TG,0.020443,1.0
18.84,79.56,TG,0.020443,1.0
18.84,79.74,TG,0.020443,1.0
18.84,79.92,TG,0.011681,0.571418
18.84,79.92,VID,0.008659,0.423578
18.84,80.1,VID,0.020443,1.0
18.84,80.28,VID,0.015933,0.779389
18.84,80.28,CG,0.004378,0.214162
18.84,80.46,CG,0.020443,1.0
18.84,80.64,CG,0.020443,1.0
18.84,80.82,CG,0.020443,1.0
18.84,81.0,CG,0.020443,1.0
18.84,81.18,CG,0.020443,1.0
18.84,81.36,CG,0.020443,1.0
18.84,81.54,CG,0.020443,1.0
18.84,81.72,CG,0.020443,1.0
18.84,81.9,CG,0.020443,1.0
18.84,82.08,OD,0.000337,0.016473
18.84,82.08,CG,0.020106,0.983527
18.84,82.26,OD,0.020364,0.996145
18.84,82.26,CG,7.9e-05,0.003855
18.84,82.44,OD,0.020443,1.0
18.84,82.62,OD,0.020443,1.0
18.84,82.8,OD,0.020443,1.0
18.84,82.98,OD,0.020443,1.0
18.84,83.16,OD,0.020443,1.0
18.84,83.34,CST.AP,0.007122,0.348375
18.84,83.34,OD,0.013097,0.640668
18.84,83.52,CST.AP,0.020443,1.0
18.84,83.7,CST.AP,0.020443,1.0
18.84,83.88,CST.AP,0.011376,0.55647
18.84,83.88,OD,0.008789,0.429918
18.84,84.06,CST.AP,0.002213,0.108256
18.84,84.06,OD,0.01823,0.891744
18.84,84.24,CST.AP,0.001385,0.067751
18.84,84.24,OD,0.018899,0.924468
18.84,84.42,CST.AP,0.017817,0.871549
18.84,84.42,OD,0.002522,0.123381
18.84,84.6,CST.AP,0.007591,0.371347
18.96,72.72,KNK/GA,0.000552,0.02702
18.96,72.9,KNK/GA,0.020074,0.982684
18.96,73.08,KNK/GA,0.020428,1.0
18.96,73.26,KNK/GA,0.020428,1.0
18.96,73.44,KNK/GA,0.015025,0.735523
18.96,73.44,MDH.MH,0.005403,0.264477
18.96,73.62,KNK/GA,0.000466,0.022819
18.96,73.62,MDH.MH,0.019962,0.977181
18.96,73.8,MDH.MH,0.020428,1.0
18.96,73.98,MDH.MH,0.020428,1.0
18.96,74.16,MDH.MH,0.020428,1.0
18.96,74.34,MDH.MH,0.020428,1.0
18.96,74.52,MDH.MH,0.020428,1.0
18.96,74.7,MDH.MH,0.020428,1.0
18.96,74.88,MDH.MH,0.010583,0.518039
18.96,74.88,MWD,0.009846,0.481961
18.96,75.06,MWD,0.020428,1.0
18.96,75.24,MDH.MH,0.002095,0.102575
18.96,75.24,MWD,0.018333,0.897425
18.96,75.42,MDH.MH,0.000425,0.020827
18.96,75.42,MWD,0.020003,0.979173
18.96,75.6,MWD,0.020428,1.0
18.96,75.78,MWD,0.020428,1.0
18.96,75.96,MWD,0.020428,1.0
18.96,76.14,MWD,0.020428,1.0
18.96,76.32,MWD,0.020428,1.0
18.96,76.5,MWD,0.020428,1.0
18.96,76.68,MWD,0.020428,1.0
18.96,76.86,MWD,0.020428,1.0
18.96,77.04,MWD,0.020428,1.0
18.96,77.22,MWD,0.020428,1.0
18.96,77.4,MWD,0.020428,1.0
18.96,77.58,MWD,0.020428,1.0
18.96,77.76,MWD,0.016565,0.810878
18.96,77.76,TG,0.003863,0.189122
18.96,77.94,MWD,0.000476,0.023318
18.96,77.94,TG,0.019952,0.976682
18.96,78.12,TG,0.020428,1.0
18.96,78.3,TG,0.020428,1.0
18.96,78.48,TG,0.020428,1.0
18.96,78.66,TG,0.020428,1.0
18.96,78.84,TG,0.020428,1.0
18.96,79.02,TG,0.020428,1.0
18.96,79.2,TG,0.020428,1.0
18.96,79.38,TG,0.020428,1.0
18.96,79.56,TG,0.020428,1.0
18.96,79.74,TG,0.020428,1.0
18.96,79.92,TG,0.012847,0.628871
18.96,79.92,VID,0.007581,0.371129
18.96,80.1,VID,0.020428,1.0
18.96,80.28,VID,0.010405,0.509362
18.96,80.28,CG,0.010023,0.490638
18.96,80.46,CG,0.020428,1.0
18.96,80.64,CG,0.020428,1.0
18.96,80.82,CG,0.020428,1.0
18.96,81.0,CG,0.020428,1.0
18.96,81.18,CG,0.020428,1.0
18.96,81.36,CG,0.020428,1.0
18.96,81.54,CG,0.020428,1.0
18.96,81.72,CG,0.020428,1.0
18.96,81.9,CG,0.020428,1.0
18.96,82.08,CG,0.020428,1.0
18.96,82.26,OD,0.012927,0.632828
18.96,82.26,CG,0.007501,0.367172
18.96,82.44,OD,0.020428,1.0
18.96,82.62,OD,0.020428,1.0
18.96,82.8,OD,0.020428,1.0
18.96,82.98,OD,0.020428,1.0
18.96,83.16,OD,0.020428,1.0
18.96,83.34,CST.AP,0.007984,0.390838
18.96,83.34,OD,0.01267,0.620224
18.96,83.52,CST.AP,0.018535,0.907341
18.96,83.52,OD,0.001893,0.092659
18.96,83.7,CST.AP,0.017447,0.854089
18.96,83.7,OD,0.003215,0.157359
18.96,83.88,CST.AP,0.003292,0.161171
18.96,83.88,OD,0.017148,0.839409
18.96,84.06,OD,0.020428,1.0
18.96,84.24,OD,0.020428,1.0
18.96,84.42,CST.AP,0.007929,0.388166
18.96,84.42,OD,0.012499,0.611834
18.96,84.6,CST.AP,0.017935,0.877961
18.96,84.78,CST.AP,0.000824,0.040327
19.08,72.72,KNK/GA,0.000185,0.00906
19.08,72.9,KNK/GA,0.01905,0.933201
19.08,73.08,KNK/GA,0.020413,1.0
19.08,73.26,KNK/GA,0.020413,1.0
19.08,73.44,KNK/GA,0.019795,0.969706
19.08,73.44,MDH.MH,0.000618,0.030294
19.08,73.62,KNK/GA,0.000461,0.022599
19.08,73.62,MDH.MH,0.019952,0.977401
19.08,73.8,MDH.MH,0.020413,1.0
19.08,73.98,MDH.MH,0.020413,1.0
19.08,74.16,MDH.MH,0.020413,1.0
19.08,74.34,MDH.MH,0.020413,1.0
19.08,74.52,MDH.MH,0.020413,1.0
19.08,74.7,MDH.MH,0.020413,1.0
19.08,74.88,MDH.MH,0.016614,0.813867
19.08,74.88,MWD,0.0038,0.186133
19.08,75.06,MDH.MH,0.008465,0.414686
19.08,75.06,MWD,0.011948,0.585314
19.08,75.24,MDH.MH,0.013181,0.645703
19.08,75.24,MWD,0.007232,0.354297
19.08,75.42,MDH.MH,0.005628,0.275696
19.08,75.42,MWD,0.014785,0.724304
19.08,75.6,MWD,0.020413,1.0
19.08,75.78,MWD,0.020413,1.0
19.08,75.96,MWD,0.020413,1.0
19.08,76.14,MWD,0.020413,1.0
19.08,76.32,MWD,0.020413,1.0
19.08,76.5,MWD,0.020413,1.0
19.08,76.68,MWD,0.020413,1.0
19.08,76.86,MWD,0.020413,1.0
19.08,77.04,MWD,0.020413,1.0
19.08,77.22,MWD,0.020413,1.0
19.08,77.4,MWD,0.020413,1.0
19.08,77.58,MWD,0.020413,1.0
19.08,77.76,MWD,0.01524,0.74657
19.08,77.76,TG,0.005173,0.25343
19.08,77.94,MWD,5e-06,0.000234
19.08,77.94,TG,0.020409,0.999766
19.08,78.12,TG,0.020413,1.0
19.08,78.3,TG,0.020413,1.0
19.08,78.48,TG,0.020413,1.0
19.08,78.66,TG,0.020413,1.0
19.08,78.84,TG,0.020413,1.0
19.08,79.02,TG,0.020413,1.0
19.08,79.2,TG,0.020413,1.0
19.08,79.38,TG,0.020413,1.0
19.08,79.56,TG,0.020413,1.0
19.08,79.74,TG,0.020413,1.0
19.08,79.92,TG,0.00629,0.308108
19.08,79.92,VID,0.014124,0.691892
19.08,80.1,VID,0.020413,1.0
19.08,80.28,VID,0.014536,0.712099
19.08,80.28,CG,0.005877,0.287901
19.08,80.46,CG,0.020413,1.0
19.08,80.64,CG,0.020413,1.0
19.08,80.82,CG,0.020413,1.0
19.08,81.0,CG,0.020413,1.0
19.08,81.18,CG,0.020413,1.0
19.08,81.36,CG,0.020413,1.0
19.08,81.54,CG,0.020413,1.0
19.08,81.72,CG,0.020413,1.0
19.08,81.9,CG,0.020413,1.0
19.08,82.08,OD,7e-06,0.000318
19.08,82.08,CG,0.020407,0.999682
19.08,82.26,OD,0.016064,0.78695
19.08,82.26,CG,0.004349,0.21305
19.08,82.44,OD,0.020413,1.0
19.08,82.62,OD,0.020413,1.0
19.08,82.8,OD,0.020413,1.0
19.08,82.98,OD,0.020413,1.0
19.08,83.16,OD,0.020413,1.0
19.08,83.34,OD,0.020413,1.0
19.08,83.52,CST.AP,0.004724,0.231438
19.08,83.52,OD,0.015689,0.768562
19.08,83.7,CST.AP,0.007397,0.362338
19.08,83.7,OD,0.013017,0.637662
19.08,83.88,OD,0.020413,1.0
19.08,84.06,OD,0.020413,1.0
19.08,84.24,OD,0.020413,1.0
19.08,84.42,CST.AP,0.000197,0.009638
19.08,84.42,OD,0.020217,0.990362
19.08,84.6,CST.AP,0.009986,0.489194
19.08,84.6,OD,0.010448,0.511823
19.08,84.78,CST.AP,0.005197,0.254588
19.08,84.78,OD,0.003457,0.169328
19.2,72.72,KNK/GA,0.00276,0.135322
19.2,72.9,KNK/GA,0.020399,1.0
19.2,73.08,KNK/GA,0.020399,1.0
19.2,73.26,KNK/GA,0.020399,1.0
19.2,73.44,KNK/GA,0.020399,1.0
19.2,73.62,KNK/GA,0.008869,0.434773
19.2,73.62,MDH.MH,0.011456,0.561619
19.2,73.8,MDH.MH,0.020399,1.0
19.2,73.98,MDH.MH,0.020399,1.0
19.2,74.16,MDH.MH,0.020399,1.0
19.2,74.34,MDH.MH,0.020399,1.0
19.2,74.52,MDH.MH,0.020399,1.0
19.2,74.7,MDH.MH,0.020399,1.0
19.2,74.88,MDH.MH,0.020399,1.0
19.2,75.06,MDH.MH,0.020399,1.0
19.2,75.24,MDH.MH,0.020399,1.0
19.2,75.42,MDH.MH,0.012375,0.606666
19.2,75.42,MWD,0.008023,0.393334
19.2,75.6,MWD,0.020399,1.0
19.2,75.78,MWD,0.020399,1.0
19.2,75.96,MWD,0.020399,1.0
19.2,76.14,MWD,0.020399,1.0
19.2,76.32,MWD,0.020399,1.0
19.2,76.5,MWD,0.020399,1.0
19.2,76.68,MWD,0.020399,1.0
19.2,76.86,MWD,0.020399,1.0
19.2,77.04,MWD,0.020399,1.0
19.2,77.22,MWD,0.020399,1.0
19.2,77.4,MWD,0.020399,1.0
19.2,77.58,MWD,0.020399,1.0
19.2,77.76,MWD,0.020267,0.993549
19.2,77.76,TG,0.000132,0.006451
19.2,77.94,MWD,0.000914,0.044816
19.2,77.94,TG,0.019484,0.955184
19.2,78.12,MWD,0.002147,0.105272
19.2,78.12,TG,0.018259,0.895113
19.2,78.3,TG,0.020399,1.0
19.2,78.48,TG,0.020399,1.0
19.2,78.66,TG,0.020399,1.0
19.2,78.84,TG,0.020399,1.0
19.2,79.02,TG,0.020399,1.0
19.2,79.2,TG,0.020399,1.0
19.2,79.38,TG,0.020399,1.0
19.2,79.56,TG,0.020399,1.0
19.2,79.74,TG,0.020399,1.0
19.2,79.92,TG,0.011894,0.583095
19.2,79.92,VID,0.008504,0.416905
19.2,80.1,VID,0.020399,1.0
19.2,80.28,VID,0.019683,0.964912
19.2,80.28,CG,0.000716,0.035088
19.2,80.46,VID,0.001925,0.094382
19.2,80.46,CG,0.018473,0.905618
19.2,80.64,CG,0.020399,1.0
19.2,80.82,CG,0.020399,1.0
19.2,81.0,CG,0.020399,1.0
19.2,81.18,CG,0.020399,1.0
19.2,81.36,CG,0.020399,1.0
19.2,81.54,CG,0.020399,1.0
19.2,81.72,CG,0.020399,1.0
19.2,81.9,CG,0.020399,1.0
19.2,82.08,OD,0.00047,0.023022
19.2,82.08,CG,0.019929,0.976978
19.2,82.26,OD,0.019994,0.980182
19.2,82.26,CG,0.000404,0.019818
19.2,82.44,OD,0.020399,1.0
19.2,82.62,OD,0.020399,1.0
19.2,82.8,OD,0.020399,1.0
19.2,82.98,OD,0.020399,1.0
19.2,83.16,OD,0.020399,1.0
19.2,83.34,OD,0.020399,1.0
19.2,83.52,OD,0.020399,1.0
19.2,83.7,CST.AP,0.000305,0.014975
19.2,83.7,OD,0.020093,0.985025
19.2,83.88,OD,0.020399,1.0
19.2,84.06,OD,0.020399,1.0
19.2,84.24,OD,0.020399,1.0
19.2,84.42,OD,0.020399,1.0
19.2,84.6,CST.AP,0.000442,0.021645
19.2,84.6,OD,0.019963,0.978663
19.2,84.78,CST.AP,0.000366,0.017951
19.2,84.78,OD,0.017238,0.845085
19.2,84.96,OD,0.000743,0.036445
19.32,72.72,KNK/GA,0.0029,0.142284
19.32,72.9,KNK/GA,0.020384,1.0
19.32,73.08,KNK/GA,0.020384,1.0
19.32,73.26,KNK/GA,0.020384,1.0
19.32,73.44,KNK/GA,0.020384,1.0
19.32,73.62,KNK/GA,0.018888,0.926648
19.32,73.62,MDH.MH,0.001414,0.069383
19.32,73.8,KNK/GA,0.003568,0.175018
19.32,73.8,MDH.MH,0.016207,0.795104
19.32,73.98,MDH.MH,0.020384,1.0
19.32,74.16,MDH.MH,0.020384,1.0
19.32,74.34,MDH.MH,0.020384,1.0
19.32,74.52,MDH.MH,0.020384,1.0
19.32,74.7,MDH.MH,0.020384,1.0
19.32,74.88,MDH.MH,0.020384,1.0
19.32,75.06,MDH.MH,0.020384,1.0
19.32,75.24,MDH.MH,0.020384,1.0
19.32,75.42,MDH.MH,0.020166,0.989317
19.32,75.42,MWD,0.000218,0.010683
19.32,75.6,MDH.MH,0.001988,0.097542
19.32,75.6,MWD,0.018395,0.902458
19.32,75.78,MWD,0.020384,1.0
19.32,75.96,MWD,0.020384,1.0
19.32,76.14,MWD,0.020384,1.0
19.32,76.32,MWD,0.020384,1.0
19.32,76.5,MWD,0.020384,1.0
19.32,76.68,MWD,0.020384,1.0
19.32,76.86,MWD,0.020384,1.0
19.32,77.04,MWD,0.020384,1.0
19.32,77.22,MWD,0.020384,1.0
19.32,77.4,MWD,0.020384,1.0
19.32,77.58,MWD,0.020384,1.0
19.32,77.76,MWD,0.020384,1.0
19.32,77.94,MWD,0.011858,0.581744
19.32,77.94,TG,0.008526,0.418256
19.32,78.12,MWD,0.018088,0.887363
19.32,78.12,TG,0.002238,0.109811
19.32,78.3,TG,0.020384,1.0
19.32,78.48,TG,0.020384,1.0
19.32,78.66,TG,0.020384,1.0
19.32,78.84,TG,0.020384,1.0
19.32,79.02,TG,0.020384,1.0
19.32,79.2,TG,0.020384,1.0
19.32,79.38,TG,0.020384,1.0
19.32,79.56,TG,0.020384,1.0
19.32,79.74,TG,0.020384,1.0
19.32,79.92,TG,0.015561,0.763389
19.32,79.92,VID,0.004823,0.236611
19.32,80.1,VID,0.020384,1.0
19.32,80.28,VID,0.020384,1.0
19.32,80.46,VID,0.012861,0.630944
19.32,80.46,CG,0.007523,0.369056
19.32,80.64,VID,0.008538,0.418865
19.32,80.64,CG,0.011846,0.581135
19.32,80.82,VID,0.00681,0.334111
19.32,80.82,CG,0.013573,0.665889
19.32,81.0,CG,0.020384,1.0
19.32,81.18,CG,0.020384,1.0
19.32,81.36,CG,0.020384,1.0
19.32,81.54,CG,0.020384,1.0
19.32,81.72,CG,0.020384,1.0
19.32,81.9,CG,0.020384,1.0
19.32,82.08,OD,0.000444,0.021773
19.32,82.08,CG,0.01994,0.978227
19.32,82.26,OD,0.019773,0.970034
19.32,82.26,CG,0.000611,0.029966
19.32,82.44,OD,0.020384,1.0
19.32,82.62,OD,0.020384,1.0
19.32,82.8,OD,0.020384,1.0
19.32,82.98,OD,0.020384,1.0
19.32,83.16,OD,0.020384,1.0
19.32,83.34,OD,0.020384,1.0
19.32,83.52,OD,0.020384,1.0
19.32,83.7,OD,0.020384,1.0
19.32,83.88,OD,0.020384,1.0
19.32,84.06,OD,0.020384,1.0
19.32,84.24,OD,0.020384,1.0
19.32,84.42,OD,0.020384,1.0
19.32,84.6,OD,0.020384,1.0
19.32,84.78,OD,0.020384,1.0
19.32,84.96,OD,0.014154,0.694364
19.32,85.14,OD,0.000581,0.028516
19.44,72.72,KNK/GA,0.006691,0.328512
19.44,72.9,KNK/GA,0.020369,1.0
19.44,73.08,KNK/GA,0.020369,1.0
19.44,73.26,KNK/GA,0.020369,1.0
19.44,73.44,KNK/GA,0.020369,1.0
19.44,73.62,KNK/GA,0.019175,0.941386
19.44,73.62,MDH.MH,0.001194,0.058614
19.44,73.8,KNK/GA,0.002023,0.099319
19.44,73.8,MDH.MH,0.018398,0.903275
19.44,73.98,MDH.MH,0.020369,1.0
19.44,74.16,MDH.MH,0.020369,1.0
19.44,74.34,MDH.MH,0.020369,1.0
19.44,74.52,MDH.MH,0.020369,1.0
19.44,74.7,MDH.MH,0.020369,1.0
19.44,74.88,MDH.MH,0.020369,1.0
19.44,75.06,MDH.MH,0.020369,1.0
19.44,75.24,MDH.MH,0.020261,0.994707
19.44,75.24,MWD,0.000108,0.005293
19.44,75.42,MDH.MH,0.005919,0.290598
19.44,75.42,MWD,0.01445,0.709402
19.44,75.6,MWD,0.020369,1.0
19.44,75.78,MWD,0.020369,1.0
19.44,75.96,MWD,0.020369,1.0
19.44,76.14,MWD,0.020369,1.0
19.44,76.32,MWD,0.020369,1.0
19.44,76.5,MWD,0.020369,1.0
19.44,76.68,MWD,0.020369,1.0
19.44,76.86,MWD,0.020369,1.0
19.44,77.04,MWD,0.020369,1.0
19.44,77.22,MWD,0.020369,1.0
19.44,77.4,MWD,0.020369,1.0
19.44,77.58,MWD,0.020369,1.0
19.44,77.76,MWD,0.013973,0.68599
19.44,77.76,VID,0.006396,0.31401
19.44,77.94,MWD,0.019025,0.934022
19.44,77.94,VID,0.001344,0.065978
19.44,78.12,MWD,0.018051,0.886194
19.44,78.12,TG,0.000834,0.040955
19.44,78.12,VID,0.001484,0.072851
19.44,78.3,MWD,0.005689,0.279282
19.44,78.3,TG,0.01468,0.720718
19.44,78.48,TG,0.020369,1.0
19.44,78.66,TG,0.020369,1.0
19.44,78.84,TG,0.020369,1.0
19.44,79.02,TG,0.020369,1.0
19.44,79.2,TG,0.018573,0.911868
19.44,79.2,VID,0.001795,0.088132
19.44,79.38,TG,0.020369,1.0
19.44,79.56,TG,0.020368,0.999991
19.44,79.56,VID,0.0,9e-06
19.44,79.74,TG,0.020369,1.0
19.44,79.92,TG,0.014143,0.694362
19.44,79.92,VID,0.006225,0.305638
19.44,80.1,VID,0.020369,1.0
19.44,80.28,VID,0.020369,1.0
19.44,80.46,VID,0.020369,1.0
19.44,80.46,CG,0.0,0.0
19.44,80.64,VID,0.019947,0.979325
19.44,80.64,CG,0.000421,0.020675
19.44,80.82,VID,0.013564,0.665942
19.44,80.82,CG,0.006804,0.334058
19.44,81.0,CG,0.020369,1.0
19.44,81.18,CG,0.020369,1.0
19.44,81.36,CG,0.020369,1.0
19.44,81.54,CG,0.020369,1.0
19.44,81.72,CG,0.020369,1.0
19.44,81.9,CG,0.020369,1.0
19.44,82.08,OD,0.003898,0.191395
19.44,82.08,CG,0.01647,0.808605
19.44,82.26,OD,0.019656,0.965009
19.44,82.26,CG,0.000713,0.034991
19.44,82.44,OD,0.020369,1.0
19.44,82.62,OD,0.020369,1.0
19.44,82.8,OD,0.020369,1.0
19.44,82.98,OD,0.020369,1.0
19.44,83.16,OD,0.020369,1.0
19.44,83.34,OD,0.020369,1.0
19.44,83.52,OD,0.020369,1.0
19.44,83.7,OD,0.020369,1.0
19.44,83.88,OD,0.020369,1.0
19.44,84.06,OD,0.020369,1.0
19.44,84.24,OD,0.020369,1.0
19.44,84.42,OD,0.020369,1.0
19.44,84.6,OD,0.020369,1.0
19.44,84.78,OD,0.020369,1.0
19.44,84.96,OD,0.020369,1.0
19.44,85.14,OD,0.011516,0.565375
19.44,85.32,OD,0.0,2.1e-05
19.56,72.72,KNK/GA,0.010201,0.501177
19.56,72.9,KNK/GA,0.020353,1.0
19.56,73.08,KNK/GA,0.020353,1.0
19.56,73.26,KNK/GA,0.020353,1.0
19.56,73.44,KNK/GA,0.020353,1.0
19.56,73.62,KNK/GA,0.011466,0.563346
19.56,73.62,MDH.MH,0.008887,0.436654
19.56,73.8,MDH.MH,0.020353,1.0
19.56,73.98,MDH.MH,0.020353,1.0
19.56,74.16,MDH.MH,0.020353,1.0
19.56,74.34,MDH.MH,0.020353,1.0
19.56,74.52,MDH.MH,0.020353,1.0
19.56,74.7,MDH.MH,0.020353,1.0
19.56,74.88,MDH.MH,0.020353,1.0
19.56,75.06,MDH.MH,0.018406,0.90433
19.56,75.06,MWD,0.001947,0.09567
19.56,75.24,MDH.MH,0.007751,0.380815
19.56,75.24,MWD,0.012603,0.619185
19.56,75.42,MDH.MH,6e-06,0.000296
19.56,75.42,MWD,0.020347,0.999704
19.56,75.6,MWD,0.020353,1.0
19.56,75.78,MWD,0.020353,1.0
19.56,75.96,MWD,0.020353,1.0
19.56,76.14,MWD,0.020353,1.0
19.56,76.32,MWD,0.020353,1.0
19.56,76.5,MWD,0.020353,1.0
19.56,76.68,MWD,0.020353,1.0
19.56,76.86,MWD,0.020353,1.0
19.56,77.04,MWD,0.020353,1.0
19.56,77.22,MWD,0.020353,1.0
19.56,77.4,MWD,0.020353,1.0
19.56,77.58,MWD,0.018547,0.911226
19.56,77.58,VID,0.001807,0.088774
19.56,77.76,MWD,0.00253,0.124297
19.56,77.76,VID,0.017824,0.875703
19.56,77.94,MWD,0.001359,0.066761
19.56,77.94,VID,0.018995,0.933239
19.56,78.12,MWD,0.005722,0.281111
19.56,78.12,VID,0.014632,0.718889
19.56,78.3,MWD,0.010374,0.509686
19.56,78.3,TG,0.00998,0.490314
19.56,78.48,TG,0.020353,1.0
19.56,78.66,TG,0.020353,1.0
19.56,78.84,TG,0.020353,1.0
19.56,79.02,TG,0.010593,0.520461
19.56,79.02,VID,0.00976,0.479539
19.56,79.2,TG,0.00517,0.254003
19.56,79.2,VID,0.015184,0.745997
19.56,79.38,TG,0.009899,0.48635
19.56,79.38,VID,0.010455,0.51365
19.56,79.56,TG,0.005062,0.248724
19.56,79.56,VID,0.015291,0.751276
19.56,79.74,TG,0.014957,0.73487
19.56,79.74,VID,0.005376,0.26415
19.56,79.92,TG,0.001352,0.066422
19.56,79.92,VID,0.019002,0.933578
19.56,80.1,VID,0.020353,1.0
19.56,80.28,VID,0.020353,1.0
19.56,80.46,VID,0.020353,1.0
19.56,80.64,VID,0.019964,0.980885
19.56,80.64,CG,0.000389,0.019115
19.56,80.82,VID,0.009775,0.480255
19.56,80.82,CG,0.010579,0.519745
19.56,81.0,CG,0.020353,1.0
19.56,81.18,CG,0.020353,1.0
19.56,81.36,CG,0.020353,1.0
19.56,81.54,CG,0.020353,1.0
19.56,81.72,CG,0.020353,1.0
19.56,81.9,CG,0.020353,1.0
19.56,82.08,OD,0.013101,0.643695
19.56,82.08,CG,0.007252,0.356305
19.56,82.26,OD,0.020353,1.0
19.56,82.44,OD,0.020353,1.0
19.56,82.62,OD,0.020353,1.0
19.56,82.8,OD,0.020353,1.0
19.56,82.98,OD,0.020353,1.0
19.56,83.16,OD,0.020353,1.0
19.56,83.34,OD,0.020353,1.0
19.56,83.52,OD,0.020353,1.0
19.56,83.7,OD,0.020353,1.0
19.56,83.88,OD,0.020353,1.0
19.56,84.06,OD,0.020353,1.0
19.56,84.24,OD,0.020353,1.0
19.56,84.42,OD,0.020353,1.0
19.56,84.6,OD,0.020353,1.0
19.56,84.78,OD,0.020353,1.0
19.56,84.96,OD,0.020353,1.0
19.56,85.14,OD,0.020353,1.0
19.56,85.32,OD,0.010155,0.498948
19.56,85.5,OD,5.5e-05,0.002684
19.68,72.72,KNK/GA,0.012523,0.615725
19.68,72.9,KNK/GA,0.020338,1.0
19.68,73.08,KNK/GA,0.020338,1.0
19.68,73.26,KNK/GA,0.020338,1.0
19.68,73.44,KNK/GA,0.019313,0.949606
19.68,73.44,MDH.MH,0.001025,0.050394
19.68,73.62,KNK/GA,0.001461,0.071853
19.68,73.62,MDH.MH,0.018877,0.928147
19.68,73.8,MDH.MH,0.020338,1.0
19.68,73.98,MDH.MH,0.020338,1.0
19.68,74.16,MDH.MH,0.020338,1.0
19.68,74.34,MDH.MH,0.020338,1.0
19.68,74.52,MDH.MH,0.020338,1.0
19.68,74.7,MDH.MH,0.017714,0.870945
19.68,74.7,MWD,0.002625,0.129055
19.68,74.88,MDH.MH,0.005706,0.280561
19.68,74.88,MWD,0.014632,0.719439
19.68,75.06,MDH.MH,0.000667,0.0328
19.68,75.06,MWD,0.019671,0.9672
19.68,75.24,MWD,0.020338,1.0
19.68,75.42,MWD,0.020338,1.0
19.68,75.6,MWD,0.020338,1.0
19.68,75.78,MWD,0.020338,1.0
19.68,75.96,MWD,0.020338,1.0
19.68,76.14,MWD,0.020338,1.0
19.68,76.32,MWD,0.020338,1.0
19.68,76.5,MWD,0.020338,1.0
19.68,76.68,MWD,0.020338,1.0
19.68,76.86,MWD,0.020338,1.0
19.68,77.04,MWD,0.020338,1.0
19.68,77.22,MWD,0.020338,1.0
19.68,77.4,MWD,0.017435,0.857235
19.68,77.4,VID,0.002904,0.142765
19.68,77.58,MWD,0.004811,0.236556
19.68,77.58,VID,0.015527,0.763444
19.68,77.76,VID,0.020338,1.0
19.68,77.94,MWD,0.003676,0.18074
19.68,77.94,VID,0.016662,0.81926
19.68,78.12,MWD,0.013495,0.663527
19.68,78.12,VID,0.006843,0.336473
19.68,78.3,MWD,0.011366,0.558871
19.68,78.3,TG,0.008952,0.440136
19.68,78.48,TG,0.020338,1.0
19.68,78.66,TG,0.020338,1.0
19.68,78.84,TG,0.015208,0.747748
19.68,78.84,VID,0.004812,0.236605
19.68,79.02,TG,0.001523,0.074892
19.68,79.02,VID,0.018815,0.925108
19.68,79.2,VID,0.020338,1.0
19.68,79.38,VID,0.020338,1.0
19.68,79.56,VID,0.020338,1.0
19.68,79.74,VID,0.020338,1.0
19.68,79.92,VID,0.020338,1.0
19.68,80.1,VID,0.020338,1.0
19.68,80.28,VID,0.020338,1.0
19.68,80.46,VID,0.020338,1.0
19.68,80.64,VID,0.012164,0.598099
19.68,80.64,CG,0.008174,0.401901
19.68,80.82,CG,0.020338,1.0
19.68,81.0,CG,0.020338,1.0
19.68,81.18,CG,0.020338,1.0
19.68,81.36,CG,0.020338,1.0
19.68,81.54,CG,0.020338,1.0
19.68,81.72,CG,0.020338,1.0
19.68,81.9,CG,0.020338,1.0
19.68,82.08,OD,0.013775,0.6773
19.68,82.08,CG,0.006563,0.3227
19.68,82.26,OD,0.020338,1.0
19.68,82.44,OD,0.020338,1.0
19.68,82.62,OD,0.020338,1.0
19.68,82.8,OD,0.020338,1.0
19.68,82.98,OD,0.020338,1.0
19.68,83.16,OD,0.020338,1.0
19.68,83.34,OD,0.020338,1.0
19.68,83.52,OD,0.020338,1.0
19.68,83.7,OD,0.020338,1.0
19.68,83.88,OD,0.020338,1.0
19.68,84.06,OD,0.020338,1.0
19.68,84.24,OD,0.020338,1.0
19.68,84.42,OD,0.020338,1.0
19.68,84.6,OD,0.020338,1.0
19.68,84.78,OD,0.020338,1.0
19.68,84.96,OD,0.020338,1.0
19.68,85.14,OD,0.020338,1.0
19.68,85.32,OD,0.020338,1.0
19.68,85.5,OD,0.01416,0.696202
19.68,85.68,OD,0.001572,0.077297
19.8,72.72,KNK/GA,0.01596,0.785337
19.8,72.9,KNK/GA,0.020323,1.0
19.8,73.08,KNK/GA,0.020323,1.0
19.8,73.26,KNK/GA,0.020323,1.0
19.8,73.44,KNK/GA,0.011412,0.561551
19.8,73.44,MDH.MH,0.008911,0.438449
19.8,73.62,MDH.MH,0.020323,1.0
19.8,73.8,MDH.MH,0.020323,1.0
19.8,73.98,MDH.MH,0.020323,1.0
19.8,74.16,MDH.MH,0.020323,1.0
19.8,74.34,MDH.MH,0.020323,1.0
19.8,74.52,MDH.MH,0.019562,0.962566
19.8,74.52,MWD,0.000761,0.037434
19.8,74.7,MDH.MH,0.004545,0.223631
19.8,74.7,MWD,0.015778,0.776369
19.8,74.88,MWD,0.020323,1.0
19.8,75.06,MWD,0.020323,1.0
19.8,75.24,MWD,0.020323,1.0
19.8,75.42,MWD,0.020323,1.0
19.8,75.6,MWD,0.020323,1.0
19.8,75.78,MWD,0.020323,1.0
19.8,75.96,MWD,0.020323,1.0
19.8,76.14,MWD,0.019762,0.972383
19.8,76.14,VID,0.000708,0.034819
19.8,76.32,MWD,0.020323,1.0
19.8,76.5,MWD,0.019389,0.954054
19.8,76.5,VID,0.000934,0.045946
19.8,76.68,MWD,0.019461,0.957567
19.8,76.68,VID,0.000835,0.041105
19.8,76.86,MWD,0.020323,1.0
19.8,77.04,MWD,0.020323,1.0
19.8,77.22,MWD,0.020323,1.0
19.8,77.4,MWD,0.007827,0.385129
19.8,77.4,VID,0.012496,0.614871
19.8,77.58,VID,0.020323,1.0
19.8,77.76,MWD,1e-06,7.2e-05
19.8,77.76,VID,0.020322,0.999933
19.8,77.94,MWD,0.018829,0.926485
19.8,77.94,VID,0.001588,0.078122
19.8,78.12,MWD,0.020323,1.0
19.8,78.3,MWD,0.015782,0.776574
19.8,78.3,TG,0.004343,0.213687
19.8,78.48,TG,0.013894,0.683673
19.8,78.48,VID,0.006429,0.316327
19.8,78.66,TG,0.010054,0.494689
19.8,78.66,VID,0.010252,0.504446
19.8,78.84,TG,0.002713,0.13348
19.8,78.84,VID,0.017599,0.865958
19.8,79.02,VID,0.020323,1.0
19.8,79.2,VID,0.020323,1.0
19.8,79.38,VID,0.020323,1.0
19.8,79.56,VID,0.020323,1.0
19.8,79.74,VID,0.020323,1.0
19.8,79.92,VID,0.020323,1.0
19.8,80.1,VID,0.020323,1.0
19.8,80.28,VID,0.020323,1.0
19.8,80.46,VID,0.015814,0.778138
19.8,80.46,CG,0.004509,0.221862
19.8,80.64,VID,0.000911,0.044821
19.8,80.64,CG,0.019412,0.955179
19.8,80.82,CG,0.020323,1.0
19.8,81.0,CG,0.020323,1.0
19.8,81.18,CG,0.020323,1.0
19.8,81.36,CG,0.020323,1.0
19.8,81.54,CG,0.020323,1.0
19.8,81.72,CG,0.020323,1.0
19.8,81.9,OD,0.000686,0.033761
19.8,81.9,CG,0.019637,0.966239
19.8,82.08,OD,0.016689,0.821189
19.8,82.08,CG,0.003634,0.178811
19.8,82.26,OD,0.020032,0.985674
19.8,82.26,CG,0.000291,0.014326
19.8,82.44,OD,0.020107,0.989381
19.8,82.44,CG,0.000216,0.010619
19.8,82.62,OD,0.014761,0.726296
19.8,82.62,CG,0.005698,0.280374
19.8,82.8,OD,0.020219,0.994882
19.8,82.8,CG,0.000109,0.005351
19.8,82.98,OD,0.020323,1.0
19.8,83.16,OD,0.020323,1.0
19.8,83.34,OD,0.020323,1.0
19.8,83.52,OD,0.020323,1.0
19.8,83.7,OD,0.020323,1.0
19.8,83.88,OD,0.020323,1.0
19.8,84.06,OD,0.020323,1.0
19.8,84.24,OD,0.020323,1.0
19.8,84.42,OD,0.020323,1.0
19.8,84.6,OD,0.020323,1.0
19.8,84.78,OD,0.020323,1.0
19.8,84.96,OD,0.020323,1.0
19.8,85.14,OD,0.020323,1.0
19.8,85.32,OD,0.020323,1.0
19.8,85.5,OD,0.020323,1.0
19.8,85.68,OD,0.01859,0.914731
19.8,85.86,OD,0.009538,0.469327
19.8,86.04,OD,0.001991,0.097981
19.92,72.72,KNK/GA,0.012641,0.622484
19.92,72.9,KNK/GA,0.020308,1.0
19.92,73.08,KNK/GA,0.020308,1.0
19.92,73.26,KNK/GA,0.020308,1.0
19.92,73.44,KNK/GA,0.009805,0.48284
19.92,73.44,MDH.MH,0.010502,0.51716
19.92,73.62,MDH.MH,0.020308,1.0
19.92,73.8,MDH.MH,0.020308,1.0
19.92,73.98,MDH.MH,0.020308,1.0
19.92,74.16,MDH.MH,0.020308,1.0
19.92,74.34,MDH.MH,0.020308,1.0
19.92,74.52,MDH.MH,0.020308,1.0
19.92,74.7,MDH.MH,0.006487,0.319413
19.92,74.7,MWD,0.013821,0.680587
19.92,74.88,MWD,0.020308,1.0
19.92,75.06,MWD,0.020308,1.0
19.92,75.24,MWD,0.020308,1.0
19.92,75.42,MWD,0.020308,1.0
19.92,75.6,MWD,0.020308,1.0
19.92,75.78,MWD,0.020308,1.0
19.92,75.96,MWD,0.019192,0.945079
19.92,75.96,VID,0.001013,0.04987
19.92,76.14,MWD,0.002516,0.123902
19.92,76.14,VID,0.017873,0.880102
19.92,76.32,MWD,0.004607,0.226858
19.92,76.32,VID,0.015814,0.778722
19.92,76.5,MWD,0.005097,0.250976
19.92,76.5,VID,0.015206,0.748774
19.92,76.68,MWD,0.001852,0.091189
19.92,76.68,VID,0.01846,0.909039
19.92,76.86,MWD,0.015329,0.754826
19.92,76.86,VID,0.004979,0.245174
19.92,77.04,MWD,0.018595,0.915656
19.92,77.04,VID,0.001713,0.084344
19.92,77.22,MWD,0.013266,0.653229
19.92,77.22,VID,0.007042,0.346771
19.92,77.4,MWD,0.000777,0.038281
19.92,77.4,VID,0.01953,0.961719
19.92,77.58,VID,0.020308,1.0
19.92,77.76,VID,0.020308,1.0
19.92,77.94,MWD,0.005753,0.283281
19.92,77.94,VID,0.014155,0.697025
19.92,78.12,MWD,0.008497,0.418402
19.92,78.12,VID,0.011555,0.568995
19.92,78.3,MWD,0.004205,0.207078
19.92,78.3,TG,0.002428,0.119548
19.92,78.3,VID,0.013676,0.673446
19.92,78.48,TG,3.8e-05,0.001891
19.92,78.48,VID,0.020269,0.998109
19.92,78.66,VID,0.020308,1.0
19.92,78.84,VID,0.020308,1.0
19.92,79.02,VID,0.020308,1.0
19.92,79.2,VID,0.020308,1.0
19.92,79.38,VID,0.020308,1.0
19.92,79.56,VID,0.020308,1.0
19.92,79.74,VID,0.020308,1.0
19.92,79.92,VID,0.020308,1.0
19.92,80.1,VID,0.020308,1.0
19.92,80.28,VID,0.020308,1.0
19.92,80.46,VID,0.013204,0.650202
19.92,80.46,CG,0.007104,0.349798
19.92,80.64,CG,0.020308,1.0
19.92,80.82,CG,0.020308,1.0
19.92,81.0,CG,0.020308,1.0
19.92,81.18,CG,0.020308,1.0
19.92,81.36,CG,0.020308,1.0
19.92,81.54,CG,0.020308,1.0
19.92,81.72,CG,0.020308,1.0
19.92,81.9,OD,0.012725,0.626633
19.92,81.9,CG,0.007594,0.373965
19.92,82.08,OD,0.020308,1.0
19.92,82.26,OD,0.013972,0.688037
19.92,82.26,CG,0.006335,0.311963
19.92,82.44,OD,0.005055,0.248929
19.92,82.44,CG,0.015248,0.750861
19.92,82.62,OD,0.001259,0.061981
19.92,82.62,CG,0.019067,0.93889
19.92,82.8,OD,0.019879,0.978892
19.92,82.8,CG,0.000785,0.038676
19.92,82.98,OD,0.020308,1.0
19.92,83.16,OD,0.020308,1.0
19.92,83.34,OD,0.020308,1.0
19.92,83.52,OD,0.020308,1.0
19.92,83.7,OD,0.020308,1.0
19.92,83.88,OD,0.020308,1.0
19.92,84.06,OD,0.020308,1.0
19.92,84.24,OD,0.020308,1.0
19.92,84.42,OD,0.020308,1.0
19.92,84.6,OD,0.020308,1.0
19.92,84.78,OD,0.020308,1.0
19.92,84.96,OD,0.020308,1.0
19.92,85.14,OD,0.020308,1.0
19.92,85.32,OD,0.020308,1.0
19.92,85.5,OD,0.020308,1.0
19.92,85.68,OD,0.020308,1.0
19.92,85.86,OD,0.020308,1.0
19.92,86.04,OD,0.020114,0.990468
19.92,86.22,OD,0.01387,0.682976
19.92,86.4,OD,0.002468,0.121507
20.04,72.72,KNK/GA,0.01073,0.528787
20.04,72.9,KNK/GA,0.020292,1.0
20.04,73.08,KNK/GA,0.017985,0.886279
20.04,73.08,GJ,0.002453,0.12087
20.04,73.26,KNK/GA,0.015643,0.770891
20.04,73.26,MDH.MH,0.003833,0.188894
20.04,73.26,GJ,0.000804,0.039615
20.04,73.44,KNK/GA,0.002879,0.141884
20.04,73.44,MDH.MH,0.017413,0.858116
20.04,73.62,MDH.MH,0.020292,1.0
20.04,73.8,MDH.MH,0.020292,1.0
20.04,73.98,MDH.MH,0.020292,1.0
20.04,74.16,MDH.MH,0.020292,1.0
20.04,74.34,MDH.MH,0.020292,1.0
20.04,74.52,MDH.MH,0.020292,1.0
20.04,74.7,MDH.MH,0.011531,0.568228
20.04,74.7,MWD,0.008762,0.431772
20.04,74.88,MWD,0.020292,1.0
20.04,75.06,MWD,0.020292,1.0
20.04,75.24,MWD,0.020292,1.0
20.04,75.42,MWD,0.020292,1.0
20.04,75.6,MWD,0.020292,1.0
20.04,75.78,MWD,0.020292,1.0
20.04,75.96,MWD,0.016708,0.823346
20.04,75.96,VID,0.003385,0.166817
20.04,76.14,MWD,0.000471,0.02321
20.04,76.14,VID,0.019821,0.97679
20.04,76.32,VID,0.020292,1.0
20.04,76.5,VID,0.020292,1.0
20.04,76.68,VID,0.020292,1.0
20.04,76.86,MWD,2e-06,9.3e-05
20.04,76.86,VID,0.02029,0.999907
20.04,77.04,MWD,0.002216,0.109195
20.04,77.04,VID,0.018076,0.890805
20.04,77.22,MWD,0.000168,0.008261
20.04,77.22,VID,0.020125,0.991739
20.04,77.4,VID,0.020292,1.0
20.04,77.58,VID,0.020292,1.0
20.04,77.76,VID,0.020292,1.0
20.04,77.94,VID,0.020292,1.0
20.04,78.12,VID,0.020292,1.0
20.04,78.3,VID,0.020292,1.0
20.04,78.48,VID,0.020292,1.0
20.04,78.66,VID,0.020292,1.0
20.04,78.84,VID,0.020292,1.0
20.04,79.02,VID,0.020292,1.0
20.04,79.2,VID,0.020292,1.0
20.04,79.38,VID,0.020292,1.0
20.04,79.56,VID,0.020292,1.0
20.04,79.74,VID,0.020292,1.0
20.04,79.92,VID,0.020292,1.0
20.04,80.1,VID,0.020292,1.0
20.04,80.28,VID,0.020292,1.0
20.04,80.46,VID,0.019987,0.984953
20.04,80.46,CG,0.000305,0.015047
20.04,80.64,VID,6.8e-05,0.003342
20.04,80.64,CG,0.020224,0.996658
20.04,80.82,CG,0.020292,1.0
20.04,81.0,CG,0.020292,1.0
20.04,81.18,CG,0.020292,1.0
20.04,81.36,CG,0.020292,1.0
20.04,81.54,CG,0.020292,1.0
20.04,81.72,CG,0.020292,1.0
20.04,81.9,OD,0.011306,0.557149
20.04,81.9,CG,0.009494,0.467887
20.04,82.08,OD,0.008745,0.430941
20.04,82.08,CG,0.011547,0.569059
20.04,82.26,OD,0.001131,0.055716
20.04,82.26,CG,0.019162,0.944284
20.04,82.44,OD,0.007383,0.363845
20.04,82.44,CG,0.012909,0.636155
20.04,82.62,OD,0.016639,0.819964
20.04,82.62,CG,0.003653,0.180036
20.04,82.8,OD,0.020225,0.996713
20.04,82.8,CG,7.7e-05,0.003818
20.04,82.98,OD,0.020292,1.0
20.04,83.16,OD,0.020292,1.0
20.04,83.34,OD,0.020292,1.0
20.04,83.52,OD,0.020292,1.0
20.04,83.7,OD,0.020292,1.0
20.04,83.88,OD,0.020292,1.0
20.04,84.06,OD,0.020292,1.0
20.04,84.24,OD,0.020292,1.0
20.04,84.42,OD,0.020292,1.0
20.04,84.6,OD,0.020292,1.0
20.04,84.78,OD,0.020292,1.0
20.04,84.96,OD,0.020292,1.0
20.04,85.14,OD,0.020292,1.0
20.04,85.32,OD,0.020292,1.0
20.04,85.5,OD,0.020292,1.0
20.04,85.68,OD,0.020292,1.0
20.04,85.86,OD,0.020292,1.0
20.04,86.04,OD,0.020292,1.0
20.04,86.22,OD,0.020292,1.0
20.04,86.4,OD,0.013486,0.664581
20.16,72.72,KNK/GA,0.002963,0.14615
20.16,72.72,GJ,0.005616,0.276992
20.16,72.9,KNK/GA,0.016338,0.805731
20.16,72.9,GJ,0.003847,0.189715
20.16,73.08,KNK/GA,0.000354,0.017482
20.16,73.08,GJ,0.019927,0.982761
20.16,73.26,KNK/GA,0.001444,0.071231
20.16,73.26,MDH.MH,0.007233,0.356734
20.16,73.26,GJ,0.011472,0.565782
20.16,73.44,MDH.MH,0.019202,0.947021
20.16,73.44,GJ,0.001074,0.052979
20.16,73.62,MDH.MH,0.020277,1.0
20.16,73.8,MDH.MH,0.020277,1.0
20.16,73.98,MDH.MH,0.020277,1.0
20.16,74.16,MDH.MH,0.020277,1.0
20.16,74.34,MDH.MH,0.020277,1.0
20.16,74.52,MDH.MH,0.020277,1.0
20.16,74.7,MDH.MH,0.013874,0.684253
20.16,74.7,MWD,0.006402,0.315747
20.16,74.88,MDH.MH,0.003502,0.172711
20.16,74.88,MWD,0.016775,0.827289
20.16,75.06,MWD,0.020277,1.0
20.16,75.24,MWD,0.020277,1.0
20.16,75.42,MWD,0.020277,1.0
20.16,75.6,MWD,0.020277,1.0
20.16,75.78,MWD,0.020277,1.0
20.16,75.96,MWD,0.020277,1.0
20.16,76.14,MWD,0.007775,0.383468
20.16,76.14,VID,0.012501,0.616532
20.16,76.32,VID,0.020277,1.0
20.16,76.5,VID,0.020277,1.0
20.16,76.68,VID,0.020277,1.0
20.16,76.86,VID,0.020277,1.0
20.16,77.04,VID,0.020277,1.0
20.16,77.22,VID,0.020277,1.0
20.16,77.4,VID,0.020277,1.0
20.16,77.58,VID,0.020277,1.0
20.16,77.76,VID,0.020277,1.0
20.16,77.94,VID,0.020277,1.0
20.16,78.12,VID,0.020277,1.0
20.16,78.3,VID,0.020277,1.0
20.16,78.48,VID,0.020277,1.0
20.16,78.66,VID,0.020277,1.0
20.16,78.84,VID,0.020277,1.0
20.16,79.02,VID,0.020277,1.0
20.16,79.2,VID,0.020277,1.0
20.16,79.38,VID,0.020277,1.0
20.16,79.56,VID,0.020277,1.0
20.16,79.74,VID,0.020277,1.0
20.16,79.92,VID,0.020277,1.0
20.16,80.1,VID,0.020277,1.0
20.16,80.28,VID,0.020277,1.0
20.16,80.46,VID,0.00897,0.442397
20.16,80.46,CG,0.011306,0.557603
20.16,80.64,CG,0.020277,1.0
20.16,80.82,CG,0.020277,1.0
20.16,81.0,CG,0.020277,1.0
20.16,81.18,CG,0.020277,1.0
20.16,81.36,CG,0.020277,1.0
20.16,81.54,CG,0.020277,1.0
20.16,81.72,CG,0.020277,1.0
20.16,81.9,OD,4.4e-05,0.002165
20.16,81.9,CG,0.020237,0.998067
20.16,82.08,CG,0.020277,1.0
20.16,82.26,CG,0.020277,1.0
20.16,82.44,OD,0.014651,0.722573
20.16,82.44,CG,0.005625,0.277427
20.16,82.62,OD,0.020277,1.0
20.16,82.8,OD,0.020277,1.0
20.16,82.98,OD,0.020277,1.0
20.16,83.16,OD,0.020277,1.0
20.16,83.34,OD,0.020277,1.0
20.16,83.52,OD,0.020277,1.0
20.16,83.7,OD,0.020277,1.0
20.16,83.88,OD,0.020277,1.0
20.16,84.06,OD,0.020277,1.0
20.16,84.24,OD,0.020277,1.0
20.16,84.42,OD,0.020277,1.0
20.16,84.6,OD,0.020277,1.0
20.16,84.78,OD,0.020277,1.0
20.16,84.96,OD,0.020277,1.0
20.16,85.14,OD,0.020277,1.0
20.16,85.32,OD,0.020277,1.0
20.16,85.5,OD,0.020277,1.0
20.16,85.68,OD,0.020277,1.0
20.16,85.86,OD,0.020277,1.0
20.16,86.04,OD,0.020277,1.0
20.16,86.22,OD,0.020277,1.0
20.16,86.4,OD,0.020261,0.999238
20.16,86.58,OD,0.004731,0.233343
20.28,72.72,GJ,0.00691,0.341054
20.28,72.9,KNK/GA,0.000139,0.006852
20.28,72.9,GJ,0.01997,0.985643
20.28,73.08,GJ,0.020261,1.0
20.28,73.26,GJ,0.020261,1.0
20.28,73.44,MDH.MH,0.012409,0.612448
20.28,73.44,GJ,0.007852,0.387552
20.28,73.62,MDH.MH,0.020261,1.0
20.28,73.8,MDH.MH,0.020261,1.0
20.28,73.98,MDH.MH,0.020261,1.0
20.28,74.16,MDH.MH,0.020261,1.0
20.28,74.34,MDH.MH,0.020261,1.0
20.28,74.52,MDH.MH,0.020261,1.0
20.28,74.7,MDH.MH,0.020257,0.999784
20.28,74.7,MWD,4e-06,0.000216
20.28,74.88,MDH.MH,0.016725,0.825464
20.28,74.88,MWD,0.003536,0.174536
20.28,75.06,MDH.MH,0.002005,0.098968
20.28,75.06,MWD,0.018256,0.901032
20.28,75.24,MWD,0.020261,1.0
20.28,75.42,MWD,0.020261,1.0
20.28,75.6,MWD,0.020261,1.0
20.28,75.78,MWD,0.020261,1.0
20.28,75.96,MWD,0.01636,0.807457
20.28,75.96,VID,0.004184,0.206498
20.28,76.14,MWD,0.012406,0.612314
20.28,76.14,VID,0.007855,0.387686
20.28,76.32,VID,0.020261,1.0
20.28,76.5,VID,0.020261,1.0
20.28,76.68,VID,0.020261,1.0
20.28,76.86,VID,0.020261,1.0
20.28,77.04,VID,0.020261,1.0
20.28,77.22,VID,0.020261,1.0
20.28,77.4,VID,0.020261,1.0
20.28,77.58,VID,0.020261,1.0
20.28,77.76,VID,0.020261,1.0
20.28,77.94,VID,0.020261,1.0
20.28,78.12,VID,0.020261,1.0
20.28,78.3,VID,0.020261,1.0
20.28,78.48,VID,0.020261,1.0
20.28,78.66,VID,0.020261,1.0
20.28,78.84,VID,0.020261,1.0
20.28,79.02,VID,0.020261,1.0
20.28,79.2,VID,0.020261,1.0
20.28,79.38,VID,0.020261,1.0
20.28,79.56,VID,0.020261,1.0
20.28,79.74,VID,0.020261,1.0
20.28,79.92,VID,0.020261,1.0
20.28,80.1,VID,0.020261,1.0
20.28,80.28,VID,0.020261,1.0
20.28,80.46,VID,0.013031,0.643157
20.28,80.46,CG,0.00723,0.356843
20.28,80.64,VID,0.001217,0.060083
20.28,80.64,CG,0.019044,0.939917
20.28,80.82,CG,0.020261,1.0
20.28,81.0,CG,0.020261,1.0
20.28,81.18,CG,0.020261,1.0
20.28,81.36,CG,0.020261,1.0
20.28,81.54,CG,0.020261,1.0
20.28,81.72,CG,0.020261,1.0
20.28,81.9,CG,0.020261,1.0
20.28,82.08,CG,0.020261,1.0
20.28,82.26,CG,0.020261,1.0
20.28,82.44,OD,0.012533,0.618588
20.28,82.44,CG,0.007728,0.381412
20.28,82.62,OD,0.020261,1.0
20.28,82.8,OD,0.020261,1.0
20.28,82.98,OD,0.020261,1.0
20.28,83.16,OD,0.020261,1.0
20.28,83.34,OD,0.020261,1.0
20.28,83.52,OD,0.020261,1.0
20.28,83.7,OD,0.020261,1.0
20.28,83.88,OD,0.020261,1.0
20.28,84.06,OD,0.020261,1.0
20.28,84.24,OD,0.020261,1.0
20.28,84.42,OD,0.020261,1.0
20.28,84.6,OD,0.020261,1.0
20.28,84.78,OD,0.020261,1.0
20.28,84.96,OD,0.020261,1.0
20.28,85.14,OD,0.020261,1.0
20.28,85.32,OD,0.020261,1.0
20.28,85.5,OD,0.020261,1.0
20.28,85.68,OD,0.020261,1.0
20.28,85.86,OD,0.020261,1.0
20.28,86.04,OD,0.020261,1.0
20.28,86.22,OD,0.020261,1.0
20.28,86.4,OD,0.020261,1.0
20.28,86.58,OD,0.019106,0.942981
20.28,86.76,OD,0.005105,0.251948
20.4,72.72,GJ,0.001203,0.059412
20.4,72.9,GJ,0.019457,0.961039
20.4,73.08,GJ,0.020245,1.0
20.4,73.26,GJ,0.020245,1.0
20.4,73.44,MDH.MH,0.012871,0.635738
20.4,73.44,GJ,0.007375,0.364262
20.4,73.62,MDH.MH,0.020245,1.0
20.4,73.8,MDH.MH,0.020245,1.0
20.4,73.98,MDH.MH,0.020245,1.0
20.4,74.16,MDH.MH,0.020245,1.0
20.4,74.34,MDH.MH,0.020245,1.0
20.4,74.52,MDH.MH,0.020245,1.0
20.4,74.7,MDH.MH,0.020245,1.0
20.4,74.88,MDH.MH,0.020245,1.0
20.4,75.06,MDH.MH,0.017539,0.866322
20.4,75.06,MWD,0.002706,0.133678
20.4,75.24,MDH.MH,0.000293,0.014494
20.4,75.24,MWD,0.019952,0.985506
20.4,75.42,MWD,0.020245,1.0
20.4,75.6,MWD,0.020245,1.0
20.4,75.78,MWD,0.020245,1.0
20.4,75.96,MWD,0.008952,0.442175
20.4,75.96,VID,0.011306,0.558447
20.4,76.14,MWD,0.000611,0.030195
20.4,76.14,VID,0.019634,0.969805
20.4,76.32,VID,0.020245,1.0
20.4,76.5,VID,0.020245,1.0
20.4,76.68,VID,0.020245,1.0
20.4,76.86,VID,0.020245,1.0
20.4,77.04,VID,0.020245,1.0
20.4,77.22,VID,0.020245,1.0
20.4,77.4,VID,0.020245,1.0
20.4,77.58,VID,0.020245,1.0
20.4,77.76,VID,0.020245,1.0
20.4,77.94,VID,0.020245,1.0
20.4,78.12,VID,0.020245,1.0
20.4,78.3,VID,0.020245,1.0
20.4,78.48,VID,0.020245,1.0
20.4,78.66,VID,0.020245,1.0
20.4,78.84,VID,0.020245,1.0
20.4,79.02,VID,0.020245,1.0
20.4,79.2,VID,0.020245,1.0
20.4,79.38,VID,0.020245,1.0
20.4,79.56,VID,0.020245,1.0
20.4,79.74,VID,0.020245,1.0
20.4,79.92,VID,0.020245,1.0
20.4,80.1,VID,0.020245,1.0
20.4,80.28,VID,0.020245,1.0
20.4,80.46,VID,0.020245,1.0
20.4,80.64,VID,0.006208,0.306619
20.4,80.64,CG,0.014038,0.693381
20.4,80.82,CG,0.020245,1.0
20.4,81.0,CG,0.020245,1.0
20.4,81.18,CG,0.020245,1.0
20.4,81.36,CG,0.020245,1.0
20.4,81.54,CG,0.020245,1.0
20.4,81.72,CG,0.020245,1.0
20.4,81.9,CG,0.020245,1.0
20.4,82.08,CG,0.020245,1.0
20.4,82.26,CG,0.020245,1.0
20.4,82.44,OD,0.012163,0.60078
20.4,82.44,CG,0.008082,0.39922
20.4,82.62,OD,0.020245,1.0
20.4,82.8,OD,0.020245,1.0
20.4,82.98,OD,0.020245,1.0
20.4,83.16,OD,0.020245,1.0
20.4,83.34,OD,0.020245,1.0
20.4,83.52,OD,0.020245,1.0
20.4,83.7,OD,0.020245,1.0
20.4,83.88,OD,0.020245,1.0
20.4,84.06,OD,0.020245,1.0
20.4,84.24,OD,0.020245,1.0
20.4,84.42,OD,0.020245,1.0
20.4,84.6,OD,0.020245,1.0
20.4,84.78,OD,0.020245,1.0
20.4,84.96,OD,0.020245,1.0
20.4,85.14,OD,0.020245,1.0
20.4,85.32,OD,0.020245,1.0
20.4,85.5,OD,0.020245,1.0
20.4,85.68,OD,0.020245,1.0
20.4,85.86,OD,0.020245,1.0
20.4,86.04,OD,0.020245,1.0
20.4,86.22,OD,0.020245,1.0
20.4,86.4,OD,0.020245,1.0
20.4,86.58,OD,0.020245,1.0
20.4,86.76,OD,0.009815,0.484806
20.52,72.9,GJ,0.013473,0.665989
20.52,73.08,GJ,0.020229,1.0
20.52,73.26,GJ,0.020229,1.0
20.52,73.44,MDH.MH,0.006869,0.339573
20.52,73.44,GJ,0.01336,0.660427
20.52,73.62,MDH.MH,0.019565,0.96715
20.52,73.62,GJ,0.000665,0.03285
20.52,73.8,MDH.MH,0.019857,0.981568
20.52,73.8,GJ,0.000373,0.018432
20.52,73.98,MDH.MH,0.020229,1.0
20.52,74.16,MDH.MH,0.020229,1.0
20.52,74.34,MDH.MH,0.020229,1.0
20.52,74.52,MDH.MH,0.020229,1.0
20.52,74.7,MDH.MH,0.020229,1.0
20.52,74.88,MDH.MH,0.020229,1.0
20.52,75.06,MDH.MH,0.020229,1.0
20.52,75.24,MDH.MH,0.008562,0.423248
20.52,75.24,MWD,0.011667,0.576752
20.52,75.42,MDH.MH,0.005282,0.261099
20.52,75.42,MWD,0.014948,0.738901
20.52,75.6,MDH.MH,0.000463,0.022888
20.52,75.6,MWD,0.019766,0.977112
20.52,75.78,MDH.MH,0.000582,0.028752
20.52,75.78,MWD,0.019648,0.971248
20.52,75.96,MDH.MH,0.000956,0.047264
20.52,75.96,MWD,0.011679,0.577344
20.52,75.96,VID,0.007594,0.375392
20.52,76.14,VID,0.020229,1.0
20.52,76.32,VID,0.020229,1.0
20.52,76.5,VID,0.020229,1.0
20.52,76.68,VID,0.020229,1.0
20.52,76.86,VID,0.020229,1.0
20.52,77.04,VID,0.020229,1.0
20.52,77.22,VID,0.020229,1.0
20.52,77.4,VID,0.020229,1.0
20.52,77.58,VID,0.020229,1.0
20.52,77.76,VID,0.020229,1.0
20.52,77.94,VID,0.020229,1.0
20.52,78.12,VID,0.020229,1.0
20.52,78.3,VID,0.020229,1.0
20.52,78.48,VID,0.020229,1.0
20.52,78.66,VID,0.020229,1.0
20.52,78.84,VID,0.020229,1.0
20.52,79.02,VID,0.020229,1.0
20.52,79.2,VID,0.020229,1.0
20.52,79.38,VID,0.020229,1.0
20.52,79.56,VID,0.020229,1.0
20.52,79.74,VID,0.020229,1.0
20.52,79.92,VID,0.020229,1.0
20.52,80.1,VID,0.020229,1.0
20.52,80.28,VID,0.020229,1.0
20.52,80.46,VID,0.020229,1.0
20.52,80.64,VID,0.007218,0.356792
20.52,80.64,CG,0.013012,0.643208
20.52,80.82,CG,0.020229,1.0
20.52,81.0,CG,0.020229,1.0
20.52,81.18,CG,0.020229,1.0
20.52,81.36,CG,0.020229,1.0
20.52,81.54,CG,0.020229,1.0
20.52,81.72,CG,0.020229,1.0
20.52,81.9,CG,0.020229,1.0
20.52,82.08,CG,0.020229,1.0
20.52,82.26,OD,0.000366,0.018088
20.52,82.26,CG,0.019864,0.981912
20.52,82.44,OD,0.017414,0.860807
20.52,82.44,CG,0.002816,0.139193
20.52,82.62,OD,0.020229,1.0
20.52,82.8,OD,0.020229,1.0
20.52,82.98,OD,0.020229,1.0
20.52,83.16,OD,0.020229,1.0
20.52,83.34,OD,0.020229,1.0
20.52,83.52,OD,0.020229,1.0
20.52,83.7,OD,0.020229,1.0
20.52,83.88,OD,0.020229,1.0
20.52,84.06,OD,0.020229,1.0
20.52,84.24,OD,0.020229,1.0
20.52,84.42,OD,0.020229,1.0
20.52,84.6,OD,0.020229,1.0
20.52,84.78,OD,0.020229,1.0
20.52,84.96,OD,0.020229,1.0
20.52,85.14,OD,0.020229,1.0
20.52,85.32,OD,0.020229,1.0
20.52,85.5,OD,0.020229,1.0
20.52,85.68,OD,0.020229,1.0
20.52,85.86,OD,0.020229,1.0
20.52,86.04,OD,0.020229,1.0
20.52,86.22,OD,0.020229,1.0
20.52,86.4,OD,0.020229,1.0
20.52,86.58,OD,0.020229,1.0
20.52,86.76,OD,0.013097,0.647446
20.52,86.94,OD,2.2e-05,0.001096
20.64,70.74,SAU/KCH,0.000128,0.006329
20.64,70.92,SAU/KCH,2.8e-05,0.001399
20.64,72.9,GJ,0.013665,0.676041
20.64,73.08,GJ,0.020214,1.0
20.64,73.26,GJ,0.020214,1.0
20.64,73.44,MDH.MH,0.010102,0.499765
20.64,73.44,GJ,0.010112,0.500235
20.64,73.62,MDH.MH,0.005202,0.257349
20.64,73.62,GJ,0.015012,0.742651
20.64,73.8,MDH.MH,0.008122,0.401791
20.64,73.8,GJ,0.012092,0.598209
20.64,73.98,MDH.MH,0.020214,1.0
20.64,74.16,MDH.MH,0.020214,1.0
20.64,74.34,MDH.MH,0.020214,1.0
20.64,74.52,MDH.MH,0.020214,1.0
20.64,74.7,MDH.MH,0.020214,1.0
20.64,74.88,MDH.MH,0.020214,1.0
20.64,75.06,MDH.MH,0.020214,1.0
20.64,75.24,MDH.MH,0.020036,0.991228
20.64,75.24,MWD,0.000177,0.008772
20.64,75.42,MDH.MH,0.019713,0.975219
20.64,75.42,MWD,0.000501,0.024781
20.64,75.6,MDH.MH,0.014004,0.692821
20.64,75.6,MWD,0.006209,0.307179
20.64,75.78,MDH.MH,0.015886,0.785884
20.64,75.78,MWD,0.004328,0.214116
20.64,75.96,MDH.MH,0.012239,0.605497
20.64,75.96,MWD,0.004591,0.227116
20.64,75.96,VID,0.003527,0.174472
20.64,76.14,VID,0.020214,1.0
20.64,76.32,VID,0.020214,1.0
20.64,76.5,VID,0.020214,1.0
20.64,76.68,VID,0.020214,1.0
20.64,76.86,VID,0.020214,1.0
20.64,77.04,VID,0.020214,1.0
20.64,77.22,VID,0.020214,1.0
20.64,77.4,VID,0.020214,1.0
20.64,77.58,VID,0.020214,1.0
20.64,77.76,VID,0.020214,1.0
20.64,77.94,VID,0.020214,1.0
20.64,78.12,VID,0.020214,1.0
20.64,78.3,VID,0.020214,1.0
20.64,78.48,VID,0.020214,1.0
20.64,78.66,VID,0.020214,1.0
20.64,78.84,VID,0.020214,1.0
20.64,79.02,VID,0.020214,1.0
20.64,79.2,VID,0.020214,1.0
20.64,79.38,VID,0.020214,1.0
20.64,79.56,VID,0.020214,1.0
20.64,79.74,VID,0.020214,1.0
20.64,79.92,VID,0.020214,1.0
20.64,80.1,VID,0.020214,1.0
20.64,80.28,VID,0.020214,1.0
20.64,80.46,VID,0.017115,0.846686
20.64,80.46,CG,0.003099,0.153314
20.64,80.64,VID,0.002846,0.140773
20.64,80.64,CG,0.017368,0.859227
20.64,80.82,CG,0.020214,1.0
20.64,81.0,CG,0.020214,1.0
20.64,81.18,CG,0.020214,1.0
20.64,81.36,CG,0.020214,1.0
20.64,81.54,CG,0.020214,1.0
20.64,81.72,CG,0.020214,1.0
20.64,81.9,CG,0.020214,1.0
20.64,82.08,CG,0.020214,1.0
20.64,82.26,OD,1.4e-05,0.000715
20.64,82.26,CG,0.020199,0.999285
20.64,82.44,OD,0.018592,0.919795
20.64,82.44,CG,0.001621,0.080205
20.64,82.62,OD,0.020214,1.0
20.64,82.8,OD,0.020214,1.0
20.64,82.98,OD,0.020214,1.0
20.64,83.16,OD,0.020214,1.0
20.64,83.34,OD,0.020214,1.0
20.64,83.52,OD,0.020214,1.0
20.64,83.7,OD,0.020214,1.0
20.64,83.88,OD,0.020214,1.0
20.64,84.06,OD,0.020214,1.0
20.64,84.24,OD,0.020214,1.0
20.64,84.42,OD,0.020214,1.0
20.64,84.6,OD,0.020214,1.0
20.64,84.78,OD,0.020214,1.0
20.64,84.96,OD,0.020214,1.0
20.64,85.14,OD,0.020214,1.0
20.64,85.32,OD,0.020214,1.0
20.64,85.5,OD,0.020214,1.0
20.64,85.68,OD,0.020214,1.0
20.64,85.86,OD,0.020214,1.0
20.64,86.04,OD,0.020214,1.0
20.64,86.22,OD,0.020214,1.0
20.64,86.4,OD,0.020214,1.0
20.64,86.58,OD,0.020214,1.0
20.64,86.76,OD,0.020214,1.0
20.64,86.94,OD,0.010866,0.537554
20.64,87.12,OD,3e-05,0.001502
20.76,70.56,SAU/KCH,0.003454,0.170999
20.76,70.74,SAU/KCH,0.015557,0.770255
20.76,70.92,SAU/KCH,0.017398,0.861399
20.76,71.1,SAU/KCH,0.010886,0.538999
20.76,71.28,SAU/KCH,0.000873,0.043202
20.76,72.9,GJ,0.017311,0.857058
20.76,73.08,GJ,0.020198,1.0
20.76,73.26,GJ,0.020198,1.0
20.76,73.44,MDH.MH,0.000413,0.020449
20.76,73.44,GJ,0.019785,0.979551
20.76,73.62,GJ,0.020198,1.0
20.76,73.8,MDH.MH,0.000527,0.026086
20.76,73.8,GJ,0.019671,0.973914
20.76,73.98,MDH.MH,0.016231,0.803628
20.76,73.98,GJ,0.003966,0.196372
20.76,74.16,MDH.MH,0.020198,1.0
20.76,74.34,MDH.MH,0.020198,1.0
20.76,74.52,MDH.MH,0.020198,1.0
20.76,74.7,MDH.MH,0.020198,1.0
20.76,74.88,MDH.MH,0.020198,1.0
20.76,75.06,MDH.MH,0.020198,1.0
20.76,75.24,MDH.MH,0.020198,1.0
20.76,75.42,MDH.MH,0.020198,1.0
20.76,75.6,MDH.MH,0.020198,1.0
20.76,75.78,MDH.MH,0.020198,1.0
20.76,75.96,MDH.MH,0.016399,0.811933
20.76,75.96,VID,0.003905,0.193364
20.76,76.14,MDH.MH,2.2e-05,0.00111
20.76,76.14,VID,0.020175,0.99889
20.76,76.32,VID,0.020198,1.0
20.76,76.5,VID,0.020198,1.0
20.76,76.68,VID,0.020198,1.0
20.76,76.86,VID,0.020198,1.0
20.76,77.04,VID,0.020198,1.0
20.76,77.22,VID,0.020198,1.0
20.76,77.4,VID,0.020198,1.0
20.76,77.58,VID,0.020198,1.0
20.76,77.76,VID,0.020198,1.0
20.76,77.94,VID,0.020198,1.0
20.76,78.12,VID,0.020198,1.0
20.76,78.3,VID,0.020198,1.0
20.76,78.48,VID,0.020198,1.0
20.76,78.66,VID,0.020198,1.0
20.76,78.84,VID,0.020198,1.0
20.76,79.02,VID,0.020198,1.0
20.76,79.2,VID,0.020198,1.0
20.76,79.38,VID,0.020198,1.0
20.76,79.56,VID,0.020198,1.0
20.76,79.74,VID,0.020198,1.0
20.76,79.92,VID,0.020198,1.0
20.76,80.1,VID,0.020198,1.0
20.76,80.28,VID,0.020198,1.0
20.76,80.46,VID,0.020198,1.0
20.76,80.64,VID,0.001406,0.069637
20.76,80.64,CG,0.018791,0.930363
20.76,80.82,CG,0.020198,1.0
20.76,81.0,CG,0.020198,1.0
20.76,81.18,CG,0.020198,1.0
20.76,81.36,CG,0.020198,1.0
20.76,81.54,CG,0.020198,1.0
20.76,81.72,CG,0.020198,1.0
20.76,81.9,CG,0.020198,1.0
20.76,82.08,CG,0.020198,1.0
20.76,82.26,OD,0.000367,0.018158
20.76,82.26,CG,0.019831,0.981842
20.76,82.44,OD,0.020082,0.99428
20.76,82.44,CG,0.000116,0.00572
20.76,82.62,OD,0.020198,1.0
20.76,82.8,OD,0.020198,1.0
20.76,82.98,OD,0.020198,1.0
20.76,83.16,OD,0.020198,1.0
20.76,83.34,OD,0.020198,1.0
20.76,83.52,OD,0.020198,1.0
20.76,83.7,OD,0.020198,1.0
20.76,83.88,OD,0.020198,1.0
20.76,84.06,OD,0.020198,1.0
20.76,84.24,OD,0.020198,1.0
20.76,84.42,OD,0.020198,1.0
20.76,84.6,OD,0.020198,1.0
20.76,84.78,OD,0.020198,1.0
20.76,84.96,OD,0.020198,1.0
20.76,85.14,OD,0.020198,1.0
20.76,85.32,OD,0.020198,1.0
20.76,85.5,OD,0.020198,1.0
20.76,85.68,OD,0.020198,1.0
20.76,85.86,OD,0.020198,1.0
20.76,86.04,OD,0.020198,1.0
20.76,86.22,OD,0.020198,1.0
20.76,86.4,OD,0.020198,1.0
20.76,86.58,OD,0.020198,1.0
20.76,86.76,OD,0.019216,0.951401
20.76,86.94,OD,0.012442,0.615999
20.76,87.12,OD,0.000256,0.012699
20.88,70.38,SAU/KCH,0.007205,0.357006
20.88,70.56,SAU/KCH,0.019748,0.97854
20.88,70.74,SAU/KCH,0.020182,1.0
20.88,70.92,SAU/KCH,0.020182,1.0
20.88,71.1,SAU/KCH,0.020182,1.0
20.88,71.28,SAU/KCH,0.018605,0.92188
20.88,71.46,SAU/KCH,0.007785,0.385744
20.88,72.72,GJ,0.002044,0.101277
20.88,72.9,GJ,0.020155,0.998668
20.88,73.08,GJ,0.020182,1.0
20.88,73.26,GJ,0.020182,1.0
20.88,73.44,GJ,0.020182,1.0
20.88,73.62,GJ,0.020182,1.0
20.88,73.8,MDH.MH,2e-06,8e-05
20.88,73.8,GJ,0.02018,0.99992
20.88,73.98,MDH.MH,0.016861,0.835483
20.88,73.98,GJ,0.00332,0.164517
20.88,74.16,MDH.MH,0.020182,1.0
20.88,74.34,MDH.MH,0.020182,1.0
20.88,74.52,MDH.MH,0.020182,1.0
20.88,74.7,MDH.MH,0.020182,1.0
20.88,74.88,MDH.MH,0.020182,1.0
20.88,75.06,MDH.MH,0.020182,1.0
20.88,75.24,MDH.MH,0.020182,1.0
20.88,75.42,MDH.MH,0.020182,1.0
20.88,75.6,MDH.MH,0.020182,1.0
20.88,75.78,MDH.MH,0.020182,1.0
20.88,75.96,MDH.MH,0.020182,1.0
20.88,76.14,MDH.MH,0.004316,0.213847
20.88,76.14,VID,0.015858,0.785754
20.88,76.32,VID,0.020182,1.0
20.88,76.5,VID,0.020182,1.0
20.88,76.68,VID,0.020182,1.0
20.88,76.86,VID,0.020182,1.0
20.88,77.04,VID,0.020182,1.0
20.88,77.22,VID,0.020182,1.0
20.88,77.4,VID,0.020182,1.0
20.88,77.58,VID,0.020182,1.0
20.88,77.76,VID,0.020182,1.0
20.88,77.94,VID,0.020182,1.0
20.88,78.12,VID,0.020182,1.0
20.88,78.3,VID,0.020182,1.0
20.88,78.48,VID,0.020182,1.0
20.88,78.66,VID,0.020182,1.0
20.88,78.84,VID,0.020182,1.0
20.88,79.02,VID,0.020182,1.0
20.88,79.2,VID,0.020182,1.0
20.88,79.38,VID,0.020182,1.0
20.88,79.56,VID,0.020182,1.0
20.88,79.74,VID,0.020182,1.0
20.88,79.92,VID,0.020182,1.0
20.88,80.1,VID,0.020182,1.0
20.88,80.28,VID,0.020182,1.0
20.88,80.46,VID,0.019682,0.975272
20.88,80.46,CG,0.000647,0.032074
20.88,80.64,VID,0.000628,0.031127
20.88,80.64,CG,0.019553,0.968873
20.88,80.82,CG,0.020182,1.0
20.88,81.0,CG,0.020182,1.0
20.88,81.18,CG,0.020182,1.0
20.88,81.36,CG,0.020182,1.0
20.88,81.54,CG,0.020182,1.0
20.88,81.72,CG,0.020182,1.0
20.88,81.9,CG,0.020182,1.0
20.88,82.08,CG,0.020182,1.0
20.88,82.26,OD,2.3e-05,0.001158
20.88,82.26,CG,0.020158,0.998842
20.88,82.44,OD,0.007514,0.372297
20.88,82.44,CG,0.012668,0.627703
20.88,82.62,OD,0.020055,0.99374
20.88,82.62,CG,0.000126,0.00626
20.88,82.8,OD,0.020182,1.0
20.88,82.98,OD,0.020182,1.0
20.88,83.16,OD,0.020182,1.0
20.88,83.34,OD,0.020182,1.0
20.88,83.52,OD,0.020182,1.0
20.88,83.7,OD,0.020182,1.0
20.88,83.88,OD,0.020182,1.0
20.88,84.06,OD,0.020182,1.0
20.88,84.24,OD,0.020182,1.0
20.88,84.42,OD,0.020182,1.0
20.88,84.6,OD,0.020182,1.0
20.88,84.78,OD,0.020182,1.0
20.88,84.96,OD,0.020182,1.0
20.88,85.14,OD,0.020182,1.0
20.88,85.32,OD,0.020182,1.0
20.88,85.5,OD,0.020182,1.0
20.88,85.68,OD,0.020182,1.0
20.88,85.86,OD,0.020182,1.0
20.88,86.04,OD,0.020182,1.0
20.88,86.22,OD,0.020182,1.0
20.88,86.4,OD,0.020182,1.0
20.88,86.58,OD,0.020182,1.0
20.88,86.76,OD,0.020182,1.0
20.88,86.94,OD,0.012957,0.642023
21.0,70.2,SAU/KCH,0.006966,0.345427
21.0,70.38,SAU/KCH,0.020099,0.996716
21.0,70.56,SAU/KCH,0.020165,1.0
21.0,70.74,SAU/KCH,0.020165,1.0
21.0,70.92,SAU/KCH,0.020165,1.0
21.0,71.1,SAU/KCH,0.020165,1.0
21.0,71.28,SAU/KCH,0.020165,1.0
21.0,71.46,SAU/KCH,0.019882,0.985948
21.0,71.64,SAU/KCH,0.012613,0.625478
21.0,71.82,SAU/KCH,0.002066,0.102468
21.0,72.72,GJ,0.008086,0.400985
21.0,72.9,GJ,0.019925,0.98806
21.0,73.08,GJ,0.020165,1.0
21.0,73.26,GJ,0.020165,1.0
21.0,73.44,GJ,0.020165,1.0
21.0,73.62,GJ,0.020165,1.0
21.0,73.8,MDH.MH,0.004511,0.2237
21.0,73.8,GJ,0.015654,0.7763
21.0,73.98,MDH.MH,0.019691,0.976479
21.0,73.98,GJ,0.000474,0.023521
21.0,74.16,MDH.MH,0.020165,1.0
21.0,74.34,MDH.MH,0.020165,1.0
21.0,74.52,MDH.MH,0.020165,1.0
21.0,74.7,MDH.MH,0.020165,1.0
21.0,74.88,MDH.MH,0.020165,1.0
21.0,75.06,MDH.MH,0.020165,1.0
21.0,75.24,MDH.MH,0.020165,1.0
21.0,75.42,MDH.MH,0.020165,1.0
21.0,75.6,MDH.MH,0.020165,1.0
21.0,75.78,MDH.MH,0.020165,1.0
21.0,75.96,MDH.MH,0.020165,1.0
21.0,76.14,MDH.MH,0.012845,0.636962
21.0,76.14,VID,0.007569,0.375359
21.0,76.32,MDH.MH,0.01421,0.70469
21.0,76.32,VID,0.00604,0.299546
21.0,76.5,VID,0.020165,1.0
21.0,76.68,VID,0.020165,1.0
21.0,76.86,VID,0.020165,1.0
21.0,77.04,VID,0.020165,1.0
21.0,77.22,VID,0.020165,1.0
21.0,77.4,VID,0.020165,1.0
21.0,77.58,VID,0.020165,1.0
21.0,77.76,VID,0.020165,1.0
21.0,77.94,VID,0.020165,1.0
21.0,78.12,VID,0.020165,1.0
21.0,78.3,VID,0.020165,1.0
21.0,78.48,VID,0.020165,1.0
21.0,78.66,VID,0.020165,1.0
21.0,78.84,VID,0.020165,1.0
21.0,79.02,VID,0.020165,1.0
21.0,79.2,VID,0.020165,1.0
21.0,79.38,VID,0.020165,1.0
21.0,79.56,VID,0.020165,1.0
21.0,79.74,VID,0.020165,1.0
21.0,79.92,VID,0.020165,1.0
21.0,80.1,VID,0.020165,1.0
21.0,80.28,VID,0.020165,1.0
21.0,80.46,VID,0.008473,0.420201
21.0,80.46,CG,0.011637,0.577095
21.0,80.64,CG,0.020165,1.0
21.0,80.82,CG,0.020165,1.0
21.0,81.0,CG,0.020165,1.0
21.0,81.18,CG,0.020165,1.0
21.0,81.36,CG,0.020165,1.0
21.0,81.54,CG,0.020165,1.0
21.0,81.72,CG,0.020165,1.0
21.0,81.9,CG,0.020165,1.0
21.0,82.08,CG,0.020165,1.0
21.0,82.26,CG,0.020165,1.0
21.0,82.44,CG,0.020165,1.0
21.0,82.62,OD,0.012473,0.618546
21.0,82.62,CG,0.007692,0.381454
21.0,82.8,OD,0.020165,1.0
21.0,82.98,OD,0.020165,1.0
21.0,83.16,OD,0.020165,1.0
21.0,83.34,OD,0.020165,1.0
21.0,83.52,OD,0.020165,1.0
21.0,83.7,OD,0.020165,1.0
21.0,83.88,OD,0.020165,1.0
21.0,84.06,OD,0.020165,1.0
21.0,84.24,OD,0.020165,1.0
21.0,84.42,OD,0.020165,1.0
21.0,84.6,OD,0.020165,1.0
21.0,84.78,OD,0.020165,1.0
21.0,84.96,OD,0.020165,1.0
21.0,85.14,OD,0.020165,1.0
21.0,85.32,OD,0.020165,1.0
21.0,85.5,OD,0.020165,1.0
21.0,85.68,OD,0.020165,1.0
21.0,85.86,OD,0.020165,1.0
21.0,86.04,OD,0.020165,1.0
21.0,86.22,OD,0.020165,1.0
21.0,86.4,OD,0.020165,1.0
21.0,86.58,OD,0.020165,1.0
21.0,86.76,OD,0.020165,1.0
21.0,86.94,OD,0.006163,0.305635
21.12,70.02,SAU/KCH,0.003172,0.157411
21.12,70.2,SAU/KCH,0.019141,0.949967
21.12,70.38,SAU/KCH,0.020149,1.0
21.12,70.56,SAU/KCH,0.020149,1.0
21.12,70.74,SAU/KCH,0.020149,1.0
21.12,70.92,SAU/KCH,0.020149,1.0
21.12,71.1,SAU/KCH,0.020149,1.0
21.12,71.28,SAU/KCH,0.020149,1.0
21.12,71.46,SAU/KCH,0.020149,1.0
21.12,71.64,SAU/KCH,0.020149,1.0
21.12,71.82,SAU/KCH,0.017281,0.857681
21.12,72.0,SAU/KCH,0.006357,0.315483
21.12,72.54,GJ,0.000622,0.030859
21.12,72.72,GJ,0.01651,0.819409
21.12,72.9,GJ,0.020149,1.0
21.12,73.08,GJ,0.020149,1.0
21.12,73.26,GJ,0.020149,1.0
21.12,73.44,GJ,0.020149,1.0
21.12,73.62,MDH.MH,0.003642,0.180757
21.12,73.62,GJ,0.016507,0.819243
21.12,73.8,MDH.MH,0.016298,0.808874
21.12,73.8,GJ,0.003851,0.191126
21.12,73.98,MDH.MH,0.020149,1.0
21.12,74.16,MDH.MH,0.020149,1.0
21.12,74.34,MDH.MH,0.020149,1.0
21.12,74.52,MDH.MH,0.020149,1.0
21.12,74.7,MDH.MH,0.020149,1.0
21.12,74.88,MDH.MH,0.020149,1.0
21.12,75.06,MDH.MH,0.020149,1.0
21.12,75.24,MDH.MH,0.020149,1.0
21.12,75.42,MDH.MH,0.020149,1.0
21.12,75.6,MDH.MH,0.020149,1.0
21.12,75.78,MDH.MH,0.020149,1.0
21.12,75.96,MDH.MH,0.020149,1.0
21.12,76.14,MDH.MH,0.012723,0.631458
21.12,76.14,W.MP,0.007703,0.382309
21.12,76.32,MDH.MH,0.00287,0.142442
21.12,76.32,VID,0.000694,0.034432
21.12,76.32,W.MP,0.01664,0.82586
21.12,76.5,VID,0.016324,0.810167
21.12,76.5,W.MP,0.003901,0.193629
21.12,76.68,VID,0.020149,1.0
21.12,76.86,VID,0.020149,1.0
21.12,77.04,VID,0.020149,1.0
21.12,77.22,VID,0.020149,1.0
21.12,77.4,VID,0.020149,1.0
21.12,77.58,VID,0.020149,1.0
21.12,77.76,VID,0.020149,1.0
21.12,77.94,VID,0.020149,1.0
21.12,78.12,VID,0.020149,1.0
21.12,78.3,VID,0.020149,1.0
21.12,78.48,VID,0.020149,1.0
21.12,78.66,VID,0.020149,1.0
21.12,78.84,VID,0.020149,1.0
21.12,79.02,VID,0.020149,1.0
21.12,79.2,VID,0.020149,1.0
21.12,79.38,VID,0.020149,1.0
21.12,79.56,VID,0.020149,1.0
21.12,79.74,VID,0.020149,1.0
21.12,79.92,VID,0.020149,1.0
21.12,80.1,VID,0.020149,1.0
21.12,80.28,VID,0.020149,1.0
21.12,80.46,VID,0.009157,0.45444
21.12,80.46,CG,0.011043,0.548066
21.12,80.64,CG,0.020149,1.0
21.12,80.82,CG,0.020149,1.0
21.12,81.0,CG,0.020149,1.0
21.12,81.18,CG,0.020149,1.0
21.12,81.36,CG,0.020149,1.0
21.12,81.54,CG,0.020149,1.0
21.12,81.72,CG,0.020149,1.0
21.12,81.9,CG,0.020149,1.0
21.12,82.08,CG,0.020149,1.0
21.12,82.26,CG,0.020149,1.0
21.12,82.44,CG,0.020149,1.0
21.12,82.62,OD,0.006306,0.312945
21.12,82.62,CG,0.013844,0.687055
21.12,82.8,OD,0.016187,0.803344
21.12,82.8,CG,0.003962,0.196656
21.12,82.98,OD,0.015529,0.770723
21.12,82.98,CG,0.00462,0.229277
21.12,83.16,OD,0.01252,0.621349
21.12,83.16,CG,0.007629,0.378651
21.12,83.34,OD,0.020149,1.0
21.12,83.52,OD,0.020149,1.0
21.12,83.7,OD,0.020149,1.0
21.12,83.88,OD,0.020149,1.0
21.12,84.06,OD,0.020149,1.0
21.12,84.24,OD,0.020149,1.0
21.12,84.42,OD,0.020149,1.0
21.12,84.6,OD,0.020149,1.0
21.12,84.78,OD,0.020149,1.0
21.12,84.96,OD,0.020149,1.0
21.12,85.14,OD,0.020149,1.0
21.12,85.32,OD,0.020149,1.0
21.12,85.5,OD,0.020149,1.0
21.12,85.68,OD,0.020149,1.0
21.12,85.86,OD,0.020149,1.0
21.12,86.04,OD,0.020149,1.0
21.12,86.22,OD,0.020149,1.0
21.12,86.4,OD,0.020149,1.0
21.12,86.58,OD,0.020149,1.0
21.12,86.76,OD,0.019979,0.991536
21.12,86.94,OD,0.000511,0.025342
21.24,69.84,SAU/KCH,3.4e-05,0.001696
21.24,70.02,SAU/KCH,0.014908,0.740466
21.24,70.2,SAU/KCH,0.020133,1.0
21.24,70.38,SAU/KCH,0.020133,1.0
21.24,70.56,SAU/KCH,0.020133,1.0
21.24,70.74,SAU/KCH,0.020133,1.0
21.24,70.92,SAU/KCH,0.020133,1.0
21.24,71.1,SAU/KCH,0.020133,1.0
21.24,71.28,SAU/KCH,0.020133,1.0
21.24,71.46,SAU/KCH,0.020133,1.0
21.24,71.64,SAU/KCH,0.020133,1.0
21.24,71.82,SAU/KCH,0.020133,1.0
21.24,72.0,SAU/KCH,0.019981,0.99247
21.24,72.18,SAU/KCH,0.001171,0.058146
21.24,72.54,GJ,0.002465,0.122458
21.24,72.72,GJ,0.019947,0.990799
21.24,72.9,GJ,0.020133,1.0
21.24,73.08,GJ,0.020133,1.0
21.24,73.26,GJ,0.020133,1.0
21.24,73.44,GJ,0.020133,1.0
21.24,73.62,GJ,0.020133,1.0
21.24,73.8,MDH.MH,0.005443,0.270379
21.24,73.8,GJ,0.014689,0.729621
21.24,73.98,MDH.MH,0.019152,0.951284
21.24,73.98,GJ,0.000981,0.048716
21.24,74.16,MDH.MH,0.020133,1.0
21.24,74.34,MDH.MH,0.020133,1.0
21.24,74.52,MDH.MH,0.020133,1.0
21.24,74.7,MDH.MH,0.020133,1.0
21.24,74.88,MDH.MH,0.020133,1.0
21.24,75.06,MDH.MH,0.020133,1.0
21.24,75.24,MDH.MH,0.020133,1.0
21.24,75.42,MDH.MH,0.020133,1.0
21.24,75.6,MDH.MH,0.020133,1.0
21.24,75.78,MDH.MH,0.020133,1.0
21.24,75.96,MDH.MH,0.020133,1.0
21.24,76.14,MDH.MH,0.011992,0.595624
21.24,76.14,W.MP,0.008141,0.404376
21.24,76.32,W.MP,0.020133,1.0
21.24,76.5,VID,0.001448,0.071902
21.24,76.5,W.MP,0.018676,0.927658
21.24,76.68,VID,0.014437,0.717116
21.24,76.68,W.MP,0.005695,0.282884
21.24,76.86,VID,0.020133,1.0
21.24,77.04,VID,0.020133,1.0
21.24,77.22,VID,0.020133,1.0
21.24,77.4,VID,0.020133,1.0
21.24,77.58,VID,0.020133,1.0
21.24,77.76,VID,0.020133,1.0
21.24,77.94,VID,0.020133,1.0
21.24,78.12,VID,0.020133,1.0
21.24,78.3,VID,0.020133,1.0
21.24,78.48,VID,0.020133,1.0
21.24,78.66,VID,0.020133,1.0
21.24,78.84,VID,0.020133,1.0
21.24,79.02,VID,0.020133,1.0
21.24,79.2,VID,0.020133,1.0
21.24,79.38,VID,0.020133,1.0
21.24,79.56,VID,0.020133,1.0
21.24,79.74,VID,0.020133,1.0
21.24,79.92,VID,0.020133,1.0
21.24,80.1,VID,0.020133,1.0
21.24,80.28,VID,0.020133,1.0
21.24,80.46,VID,0.019433,0.965254
21.24,80.46,CG,0.000817,0.040588
21.24,80.64,VID,0.007404,0.36778
21.24,80.64,CG,0.013098,0.650599
21.24,80.82,CG,0.020133,1.0
21.24,81.0,CG,0.020133,1.0
21.24,81.18,CG,0.020133,1.0
21.24,81.36,CG,0.020133,1.0
21.24,81.54,CG,0.020133,1.0
21.24,81.72,CG,0.020133,1.0
21.24,81.9,CG,0.020133,1.0
21.24,82.08,CG,0.020133,1.0
21.24,82.26,CG,0.020133,1.0
21.24,82.44,CG,0.020133,1.0
21.24,82.62,CG,0.020133,1.0
21.24,82.8,CG,0.020133,1.0
21.24,82.98,CG,0.020133,1.0
21.24,83.16,OD,0.002778,0.137984
21.24,83.16,CG,0.017355,0.862016
21.24,83.34,OD,0.019472,0.967163
21.24,83.34,CG,0.000661,0.032837
21.24,83.52,OD,0.020133,1.0
21.24,83.7,OD,0.020133,1.0
21.24,83.88,OD,0.020133,1.0
21.24,84.06,OD,0.020133,1.0
21.24,84.24,OD,0.020133,1.0
21.24,84.42,OD,0.020133,1.0
21.24,84.6,OD,0.020133,1.0
21.24,84.78,OD,0.020133,1.0
21.24,84.96,OD,0.020133,1.0
21.24,85.14,OD,0.020133,1.0
21.24,85.32,OD,0.020133,1.0
21.24,85.5,OD,0.020133,1.0
21.24,85.68,OD,0.020133,1.0
21.24,85.86,OD,0.020133,1.0
21.24,86.04,OD,0.020133,1.0
21.24,86.22,OD,0.020133,1.0
21.24,86.4,OD,0.020133,1.0
21.24,86.58,OD,0.020133,1.0
21.24,86.76,OD,0.020133,1.0
21.24,86.94,OD,0.003252,0.161507
21.36,69.84,SAU/KCH,0.007012,0.348549
21.36,70.02,SAU/KCH,0.020116,1.0
21.36,70.2,SAU/KCH,0.020116,1.0
21.36,70.38,SAU/KCH,0.020116,1.0
21.36,70.56,SAU/KCH,0.020116,1.0
21.36,70.74,SAU/KCH,0.020116,1.0
21.36,70.92,SAU/KCH,0.020116,1.0
21.36,71.1,SAU/KCH,0.020116,1.0
21.36,71.28,SAU/KCH,0.020116,1.0
21.36,71.46,SAU/KCH,0.020116,1.0
21.36,71.64,SAU/KCH,0.020116,1.0
21.36,71.82,SAU/KCH,0.020116,1.0
21.36,72.0,SAU/KCH,0.020116,1.0
21.36,72.18,SAU/KCH,0.007045,0.350189
21.36,72.54,GJ,0.001269,0.063077
21.36,72.72,GJ,0.019609,0.974788
21.36,72.9,GJ,0.020116,1.0
21.36,73.08,GJ,0.020116,1.0
21.36,73.26,GJ,0.020116,1.0
21.36,73.44,GJ,0.020116,1.0
21.36,73.62,GJ,0.020116,1.0
21.36,73.8,GJ,0.020116,1.0
21.36,73.98,MDH.MH,0.012406,0.616698
21.36,73.98,GJ,0.007711,0.383302
21.36,74.16,MDH.MH,0.020116,1.0
21.36,74.34,MDH.MH,0.020116,1.0
21.36,74.52,MDH.MH,0.020116,1.0
21.36,74.7,MDH.MH,0.020116,1.0
21.36,74.88,MDH.MH,0.020116,1.0
21.36,75.06,MDH.MH,0.020116,1.0
21.36,75.24,MDH.MH,0.018599,0.924569
21.36,75.24,W.MP,0.001645,0.081783
21.36,75.42,MDH.MH,0.014939,0.742615
21.36,75.42,W.MP,0.005178,0.257385
21.36,75.6,MDH.MH,0.013657,0.678894
21.36,75.6,W.MP,0.006459,0.321106
21.36,75.78,MDH.MH,0.014451,0.718374
21.36,75.78,W.MP,0.005665,0.281626
21.36,75.96,MDH.MH,0.014121,0.701979
21.36,75.96,W.MP,0.005995,0.298021
21.36,76.14,MDH.MH,0.004031,0.200377
21.36,76.14,W.MP,0.016085,0.799623
21.36,76.32,W.MP,0.020116,1.0
21.36,76.5,W.MP,0.020116,1.0
21.36,76.68,VID,0.010641,0.528973
21.36,76.68,W.MP,0.009475,0.471027
21.36,76.86,VID,0.020116,1.0
21.36,77.04,VID,0.020116,1.0
21.36,77.22,VID,0.020116,1.0
21.36,77.4,VID,0.019927,0.990584
21.36,77.4,W.MP,0.000189,0.009416
21.36,77.58,VID,0.014387,0.715215
21.36,77.58,W.MP,0.005729,0.284785
21.36,77.76,VID,0.014038,0.697821
21.36,77.76,W.MP,0.006276,0.311995
21.36,77.94,VID,0.015626,0.776769
21.36,77.94,W.MP,0.004491,0.223231
21.36,78.12,VID,0.020116,1.0
21.36,78.3,VID,0.020116,1.0
21.36,78.48,VID,0.020116,1.0
21.36,78.66,VID,0.020116,1.0
21.36,78.84,VID,0.020116,1.0
21.36,79.02,VID,0.020116,1.0
21.36,79.2,VID,0.020116,1.0
21.36,79.38,VID,0.020116,1.0
21.36,79.56,VID,0.020116,1.0
21.36,79.74,VID,0.020116,1.0
21.36,79.92,VID,0.020116,1.0
21.36,80.1,VID,0.020116,1.0
21.36,80.28,VID,0.020116,1.0
21.36,80.46,VID,0.015591,0.775051
21.36,80.46,E.MP,0.004525,0.224949
21.36,80.64,VID,0.004109,0.204249
21.36,80.64,CG,0.005298,0.263352
21.36,80.64,E.MP,0.010478,0.52085
21.36,80.82,CG,0.020116,1.0
21.36,81.0,CG,0.020116,1.0
21.36,81.18,CG,0.020116,1.0
21.36,81.36,CG,0.020116,1.0
21.36,81.54,CG,0.020116,1.0
21.36,81.72,CG,0.020116,1.0
21.36,81.9,CG,0.020116,1.0
21.36,82.08,CG,0.020116,1.0
21.36,82.26,CG,0.020116,1.0
21.36,82.44,CG,0.020116,1.0
21.36,82.62,CG,0.020116,1.0
21.36,82.8,CG,0.020116,1.0
21.36,82.98,CG,0.020116,1.0
21.36,83.16,CG,0.020116,1.0
21.36,83.34,OD,0.010482,0.521067
21.36,83.34,CG,0.009634,0.478933
21.36,83.52,OD,0.020116,1.0
21.36,83.7,OD,0.020116,1.0
21.36,83.88,OD,0.020116,1.0
21.36,84.06,OD,0.020116,1.0
21.36,84.24,OD,0.020116,1.0
21.36,84.42,OD,0.020116,1.0
21.36,84.6,OD,0.020116,1.0
21.36,84.78,OD,0.020116,1.0
21.36,84.96,OD,0.020116,1.0
21.36,85.14,OD,0.020116,1.0
21.36,85.32,OD,0.020116,1.0
21.36,85.5,OD,0.020116,1.0
21.36,85.68,OD,0.020116,1.0
21.36,85.86,OD,0.020116,1.0
21.36,86.04,OD,0.020116,1.0
21.36,86.22,OD,0.020116,1.0
21.36,86.4,OD,0.020116,1.0
21.36,86.58,OD,0.020116,1.0
21.36,86.76,OD,0.020116,1.0
21.36,86.94,OD,0.012899,0.641221
21.36,87.12,OD,3.4e-05,0.001699
21.48,69.66,SAU/KCH,0.001305,0.064939
21.48,69.84,SAU/KCH,0.018077,0.899345
21.48,70.02,SAU/KCH,0.0201,1.0
21.48,70.2,SAU/KCH,0.0201,1.0
21.48,70.38,SAU/KCH,0.0201,1.0
21.48,70.56,SAU/KCH,0.0201,1.0
21.48,70.74,SAU/KCH,0.0201,1.0
21.48,70.92,SAU/KCH,0.0201,1.0
21.48,71.1,SAU/KCH,0.0201,1.0
21.48,71.28,SAU/KCH,0.0201,1.0
21.48,71.46,SAU/KCH,0.0201,1.0
21.48,71.64,SAU/KCH,0.0201,1.0
21.48,71.82,SAU/KCH,0.0201,1.0
21.48,72.0,SAU/KCH,0.0201,1.0
21.48,72.18,SAU/KCH,0.016606,0.826193
21.48,72.72,GJ,0.015701,0.781143
21.48,72.9,GJ,0.0201,1.0
21.48,73.08,GJ,0.0201,1.0
21.48,73.26,GJ,0.0201,1.0
21.48,73.44,GJ,0.0201,1.0
21.48,73.62,GJ,0.0201,1.0
21.48,73.8,MDH.MH,0.001542,0.076708
21.48,73.8,GJ,0.018558,0.923292
21.48,73.98,MDH.MH,0.002535,0.126106
21.48,73.98,GJ,0.017565,0.873894
21.48,74.16,MDH.MH,0.0068,0.338297
21.48,74.16,GJ,0.0133,0.661703
21.48,74.34,MDH.MH,0.015718,0.781991
21.48,74.34,GJ,0.004382,0.218009
21.48,74.52,MDH.MH,0.0201,1.0
21.48,74.7,MDH.MH,0.0201,1.0
21.48,74.88,MDH.MH,0.0201,1.0
21.48,75.06,MDH.MH,0.015239,0.758157
21.48,75.06,W.MP,0.004855,0.241521
21.48,75.24,MDH.MH,0.00039,0.019428
21.48,75.24,W.MP,0.019685,0.979383
21.48,75.42,W.MP,0.0201,1.0
21.48,75.6,W.MP,0.0201,1.0
21.48,75.78,W.MP,0.0201,1.0
21.48,75.96,W.MP,0.0201,1.0
21.48,76.14,W.MP,0.0201,1.0
21.48,76.32,W.MP,0.0201,1.0
21.48,76.5,W.MP,0.0201,1.0
21.48,76.68,VID,0.000727,0.036153
21.48,76.68,W.MP,0.019373,0.963847
21.48,76.86,VID,0.019122,0.951348
21.48,76.86,W.MP,0.000978,0.048652
21.48,77.04,VID,0.0201,1.0
21.48,77.22,VID,0.0201,1.0
21.48,77.4,VID,0.015282,0.760325
21.48,77.4,W.MP,0.004652,0.231429
21.48,77.58,VID,0.000512,0.025488
21.48,77.58,W.MP,0.019587,0.974512
21.48,77.76,W.MP,0.0201,1.0
21.48,77.94,VID,5e-05,0.002511
21.48,77.94,W.MP,0.020049,0.997489
21.48,78.12,VID,0.009491,0.472208
21.48,78.12,W.MP,0.010609,0.527792
21.48,78.3,VID,0.0201,1.0
21.48,78.48,VID,0.01652,0.821906
21.48,78.48,E.MP,0.00358,0.178094
21.48,78.66,VID,0.010343,0.514594
21.48,78.66,E.MP,0.009757,0.485406
21.48,78.84,VID,0.011107,0.552585
21.48,78.84,E.MP,0.008993,0.447415
21.48,79.02,VID,0.019686,0.979421
21.48,79.02,E.MP,0.000414,0.020579
21.48,79.2,VID,0.0201,1.0
21.48,79.38,VID,0.0201,1.0
21.48,79.56,VID,0.0201,1.0
21.48,79.74,VID,0.0201,1.0
21.48,79.92,VID,0.019232,0.956842
21.48,79.92,E.MP,0.000867,0.043158
21.48,80.1,VID,0.0201,1.0
21.48,80.28,VID,0.019934,0.991756
21.48,80.28,E.MP,0.000166,0.008244
21.48,80.46,VID,0.002853,0.141936
21.48,80.46,E.MP,0.017247,0.858064
21.48,80.64,CG,0.000368,0.01829
21.48,80.64,E.MP,0.019684,0.979332
21.48,80.82,CG,0.019846,0.98738
21.48,80.82,E.MP,0.000506,0.02515
21.48,81.0,CG,0.0201,1.0
21.48,81.18,CG,0.0201,1.0
21.48,81.36,CG,0.0201,1.0
21.48,81.54,CG,0.0201,1.0
21.48,81.72,CG,0.0201,1.0
21.48,81.9,CG,0.0201,1.0
21.48,82.08,CG,0.0201,1.0
21.48,82.26,CG,0.0201,1.0
21.48,82.44,CG,0.0201,1.0
21.48,82.62,CG,0.0201,1.0
21.48,82.8,CG,0.0201,1.0
21.48,82.98,CG,0.0201,1.0
21.48,83.16,CG,0.0201,1.0
21.48,83.34,OD,0.008426,0.419226
21.48,83.34,CG,0.011673,0.580774
21.48,83.52,OD,0.0201,1.0
21.48,83.7,OD,0.0201,1.0
21.48,83.88,OD,0.0201,1.0
21.48,84.06,OD,0.0201,1.0
21.48,84.24,OD,0.0201,1.0
21.48,84.42,OD,0.0201,1.0
21.48,84.6,OD,0.0201,1.0
21.48,84.78,OD,0.0201,1.0
21.48,84.96,OD,0.0201,1.0
21.48,85.14,OD,0.0201,1.0
21.48,85.32,OD,0.0201,1.0
21.48,85.5,OD,0.0201,1.0
21.48,85.68,OD,0.0201,1.0
21.48,85.86,OD,0.0201,1.0
21.48,86.04,OD,0.0201,1.0
21.48,86.22,OD,0.0201,1.0
21.48,86.4,OD,0.0201,1.0
21.48,86.58,OD,0.0201,1.0
21.48,86.76,OD,0.0201,1.0
21.48,86.94,OD,0.0201,1.0
21.48,87.12,OD,0.009787,0.486917
21.48,87.3,OD,0.001057,0.052572
21.48,87.48,OD,2.6e-05,0.001284
21.6,69.48,SAU/KCH,2.3e-05,0.001129
21.6,69.66,SAU/KCH,0.012668,0.630784
21.6,69.84,SAU/KCH,0.020083,1.0
21.6,70.02,SAU/KCH,0.020083,1.0
21.6,70.2,SAU/KCH,0.020083,1.0
21.6,70.38,SAU/KCH,0.020083,1.0
21.6,70.56,SAU/KCH,0.020083,1.0
21.6,70.74,SAU/KCH,0.020083,1.0
21.6,70.92,SAU/KCH,0.020083,1.0
21.6,71.1,SAU/KCH,0.020083,1.0
21.6,71.28,SAU/KCH,0.020083,1.0
21.6,71.46,SAU/KCH,0.020083,1.0
21.6,71.64,SAU/KCH,0.020083,1.0
21.6,71.82,SAU/KCH,0.020083,1.0
21.6,72.0,SAU/KCH,0.020083,1.0
21.6,72.18,SAU/KCH,0.019899,0.990828
21.6,72.36,SAU/KCH,0.002053,0.102242
21.6,72.54,GJ,0.000853,0.042477
21.6,72.72,GJ,0.017039,0.848427
21.6,72.9,GJ,0.020039,0.99778
21.6,73.08,GJ,0.020083,1.0
21.6,73.26,GJ,0.020083,1.0
21.6,73.44,GJ,0.020083,1.0
21.6,73.62,GJ,0.020083,1.0
21.6,73.8,MDH.MH,0.006699,0.333583
21.6,73.8,GJ,0.013456,0.670022
21.6,73.98,MDH.MH,0.019262,0.959133
21.6,73.98,GJ,0.000821,0.040867
21.6,74.16,MDH.MH,0.018104,0.901468
21.6,74.16,GJ,0.001979,0.098532
21.6,74.34,MDH.MH,0.01961,0.97642
21.6,74.34,GJ,0.000474,0.02358
21.6,74.52,MDH.MH,0.020056,0.99864
21.6,74.52,W.MP,2.7e-05,0.00136
21.6,74.7,MDH.MH,0.015387,0.766179
21.6,74.7,W.MP,0.004696,0.233821
21.6,74.88,MDH.MH,0.012895,0.6421
21.6,74.88,W.MP,0.007188,0.3579
21.6,75.06,MDH.MH,0.003374,0.167984
21.6,75.06,W.MP,0.01671,0.832016
21.6,75.24,W.MP,0.020083,1.0
21.6,75.42,W.MP,0.020083,1.0
21.6,75.6,W.MP,0.020083,1.0
21.6,75.78,W.MP,0.020083,1.0
21.6,75.96,W.MP,0.020083,1.0
21.6,76.14,W.MP,0.020083,1.0
21.6,76.32,W.MP,0.020083,1.0
21.6,76.5,W.MP,0.020083,1.0
21.6,76.68,W.MP,0.020083,1.0
21.6,76.86,VID,0.009642,0.480097
21.6,76.86,W.MP,0.010441,0.519903
21.6,77.04,VID,0.019551,0.973509
21.6,77.04,W.MP,0.000532,0.026491
21.6,77.22,VID,0.020083,1.0
21.6,77.4,VID,0.019557,0.973811
21.6,77.4,W.MP,0.000495,0.024654
21.6,77.58,VID,0.009482,0.472143
21.6,77.58,W.MP,0.010601,0.527857
21.6,77.76,W.MP,0.020083,1.0
21.6,77.94,W.MP,0.020083,1.0
21.6,78.12,VID,0.000448,0.022314
21.6,78.12,W.MP,0.019635,0.977686
21.6,78.3,VID,0.006457,0.321495
21.6,78.3,E.MP,0.001427,0.071036
21.6,78.3,W.MP,0.012103,0.602667
21.6,78.48,VID,0.002072,0.103169
21.6,78.48,E.MP,0.017985,0.895504
21.6,78.48,W.MP,6.4e-05,0.003175
21.6,78.66,E.MP,0.020083,1.0
21.6,78.84,VID,0.000533,0.026551
21.6,78.84,E.MP,0.01955,0.973449
21.6,79.02,VID,0.010583,0.526952
21.6,79.02,E.MP,0.0095,0.473048
21.6,79.2,VID,0.018771,0.934642
21.6,79.2,E.MP,0.001313,0.065358
21.6,79.38,VID,0.020083,1.0
21.6,79.56,VID,0.006622,0.329736
21.6,79.56,E.MP,0.013461,0.670264
21.6,79.74,VID,0.007404,0.36867
21.6,79.74,E.MP,0.012679,0.63133
21.6,79.92,VID,0.000861,0.042884
21.6,79.92,E.MP,0.019222,0.957116
21.6,80.1,VID,0.007275,0.362227
21.6,80.1,E.MP,0.012809,0.637773
21.6,80.28,VID,0.009056,0.450907
21.6,80.28,E.MP,0.011028,0.549093
21.6,80.46,E.MP,0.020083,1.0
21.6,80.64,CG,0.000834,0.041528
21.6,80.64,E.MP,0.01939,0.96549
21.6,80.82,CG,0.020083,1.0
21.6,80.82,E.MP,5.4e-05,0.00267
21.6,81.0,CG,0.020083,1.0
21.6,81.18,CG,0.020083,1.0
21.6,81.36,CG,0.020083,1.0
21.6,81.54,CG,0.020083,1.0
21.6,81.72,CG,0.020083,1.0
21.6,81.9,CG,0.020083,1.0
21.6,82.08,CG,0.020083,1.0
21.6,82.26,CG,0.020083,1.0
21.6,82.44,CG,0.020083,1.0
21.6,82.62,CG,0.020083,1.0
21.6,82.8,CG,0.020083,1.0
21.6,82.98,CG,0.020083,1.0
21.6,83.16,CG,0.020083,1.0
21.6,83.34,OD,0.00451,0.224551
21.6,83.34,CG,0.015573,0.775449
21.6,83.52,OD,0.018593,0.925782
21.6,83.52,CG,0.001491,0.074218
21.6,83.7,OD,0.020083,1.0
21.6,83.88,OD,0.020083,1.0
21.6,84.06,OD,0.020083,1.0
21.6,84.24,OD,0.020083,1.0
21.6,84.42,OD,0.020083,1.0
21.6,84.6,OD,0.020083,1.0
21.6,84.78,OD,0.020083,1.0
21.6,84.96,OD,0.020083,1.0
21.6,85.14,OD,0.020083,1.0
21.6,85.32,OD,0.020083,1.0
21.6,85.5,OD,0.020083,1.0
21.6,85.68,OD,0.020083,1.0
21.6,85.86,OD,0.020083,1.0
21.6,86.04,OD,0.020083,1.0
21.6,86.22,OD,0.020083,1.0
21.6,86.4,OD,0.020083,1.0
21.6,86.58,OD,0.020083,1.0
21.6,86.76,OD,0.020083,1.0
21.6,86.94,OD,0.020083,1.0
21.6,87.12,OD,0.020083,1.0
21.6,87.3,OD,0.019586,0.975257
21.6,87.48,OD,0.007205,0.358743
21.6,87.48,GWB,0.004254,0.211832
21.6,87.66,GWB,0.003785,0.188458
21.6,88.02,GWB,0.001464,0.072889
21.6,88.2,GWB,0.007178,0.357405
21.6,88.38,GWB,0.004315,0.214851
21.6,88.56,GWB,0.006292,0.313294
21.6,88.74,GWB,0.00455,0.226554
21.6,88.92,GWB,0.00586,0.291807
21.6,89.1,GWB,0.002702,0.134536
21.72,69.48,SAU/KCH,0.008592,0.428195
21.72,69.66,SAU/KCH,0.020066,1.0
21.72,69.84,SAU/KCH,0.020066,1.0
21.72,70.02,SAU/KCH,0.020066,1.0
21.72,70.2,SAU/KCH,0.020066,1.0
21.72,70.38,SAU/KCH,0.020066,1.0
21.72,70.56,SAU/KCH,0.020066,1.0
21.72,70.74,SAU/KCH,0.020066,1.0
21.72,70.92,SAU/KCH,0.020066,1.0
21.72,71.1,SAU/KCH,0.020066,1.0
21.72,71.28,SAU/KCH,0.020066,1.0
21.72,71.46,SAU/KCH,0.020066,1.0
21.72,71.64,SAU/KCH,0.020066,1.0
21.72,71.82,SAU/KCH,0.020066,1.0
21.72,72.0,SAU/KCH,0.020066,1.0
21.72,72.18,SAU/KCH,0.01952,0.972763
21.72,72.36,SAU/KCH,0.000883,0.044015
21.72,72.54,GJ,0.009624,0.479601
21.72,72.72,GJ,0.016727,0.833555
21.72,72.9,GJ,0.019957,0.994563
21.72,73.08,GJ,0.020066,1.0
21.72,73.26,GJ,0.020066,1.0
21.72,73.44,GJ,0.020066,1.0
21.72,73.62,GJ,0.020066,1.0
21.72,73.8,MDH.MH,0.002971,0.14808
21.72,73.8,GJ,0.017197,0.857005
21.72,73.98,MDH.MH,0.020064,0.999878
21.72,73.98,GJ,5.8e-05,0.002903
21.72,74.16,MDH.MH,0.020066,1.0
21.72,74.34,MDH.MH,0.020066,1.0
21.72,74.52,MDH.MH,0.011998,0.597905
21.72,74.52,W.MP,0.008069,0.402095
21.72,74.7,W.MP,0.020066,1.0
21.72,74.88,W.MP,0.020066,1.0
21.72,75.06,W.MP,0.020066,1.0
21.72,75.24,W.MP,0.020066,1.0
21.72,75.42,W.MP,0.020066,1.0
21.72,75.6,W.MP,0.020066,1.0
21.72,75.78,W.MP,0.020066,1.0
21.72,75.96,W.MP,0.020066,1.0
21.72,76.14,W.MP,0.020066,1.0
21.72,76.32,W.MP,0.020066,1.0
21.72,76.5,W.MP,0.020066,1.0
21.72,76.68,W.MP,0.020066,1.0
21.72,76.86,W.MP,0.020066,1.0
21.72,77.04,VID,0.005312,0.264732
21.72,77.04,W.MP,0.014754,0.735268
21.72,77.22,VID,0.009955,0.4961
21.72,77.22,W.MP,0.010111,0.5039
21.72,77.4,VID,0.016424,0.818492
21.72,77.4,W.MP,0.003642,0.181508
21.72,77.58,VID,0.003825,0.19061
21.72,77.58,W.MP,0.016242,0.80939
21.72,77.76,W.MP,0.020066,1.0
21.72,77.94,W.MP,0.020066,1.0
21.72,78.12,W.MP,0.020066,1.0
21.72,78.3,W.MP,0.020066,1.0
21.72,78.48,E.MP,0.014452,0.720198
21.72,78.48,W.MP,0.005614,0.279762
21.72,78.66,E.MP,0.020066,1.0
21.72,78.84,E.MP,0.020066,1.0
21.72,79.02,E.MP,0.020066,1.0
21.72,79.2,VID,0.002917,0.145387
21.72,79.2,E.MP,0.017149,0.854613
21.72,79.38,VID,0.004002,0.199418
21.72,79.38,E.MP,0.016065,0.800582
21.72,79.56,VID,0.00041,0.020426
21.72,79.56,E.MP,0.019657,0.979574
21.72,79.74,E.MP,0.020066,1.0
21.72,79.92,E.MP,0.020066,1.0
21.72,80.1,E.MP,0.020066,1.0
21.72,80.28,E.MP,0.020066,1.0
21.72,80.46,E.MP,0.020066,1.0
21.72,80.64,CG,0.000461,0.022994
21.72,80.64,E.MP,0.019544,0.973981
21.72,80.82,CG,0.016989,0.84663
21.72,80.82,E.MP,0.00304,0.151477
21.72,81.0,CG,0.020066,1.0
21.72,81.18,CG,0.020066,1.0
21.72,81.36,CG,0.020066,1.0
21.72,81.54,CG,0.020066,1.0
21.72,81.72,CG,0.020066,1.0
21.72,81.9,CG,0.020066,1.0
21.72,82.08,CG,0.020066,1.0
21.72,82.26,CG,0.020066,1.0
21.72,82.44,CG,0.020066,1.0
21.72,82.62,CG,0.020066,1.0
21.72,82.8,CG,0.020066,1.0
21.72,82.98,CG,0.020066,1.0
21.72,83.16,CG,0.020066,1.0
21.72,83.34,OD,1.2e-05,0.000587
21.72,83.34,CG,0.020055,0.999413
21.72,83.52,OD,0.015926,0.793637
21.72,83.52,CG,0.004141,0.206363
21.72,83.7,OD,0.020066,1.0
21.72,83.88,OD,0.020066,1.0
21.72,84.06,OD,0.020066,1.0
21.72,84.24,OD,0.020066,1.0
21.72,84.42,OD,0.020066,1.0
21.72,84.6,OD,0.020066,1.0
21.72,84.78,OD,0.020066,1.0
21.72,84.96,OD,0.020066,1.0
21.72,85.14,OD,0.020066,1.0
21.72,85.32,OD,0.020066,1.0
21.72,85.5,OD,0.020066,1.0
21.72,85.68,OD,0.020066,1.0
21.72,85.86,OD,0.020066,1.0
21.72,86.04,OD,0.020066,1.0
21.72,86.22,OD,0.020066,1.0
21.72,86.4,OD,0.020066,1.0
21.72,86.58,OD,0.020066,1.0
21.72,86.76,OD,0.020066,1.0
21.72,86.94,OD,0.020066,1.0
21.72,87.12,OD,0.020066,1.0
21.72,87.3,OD,0.019864,0.98992
21.72,87.3,GWB,0.000202,0.01008
21.72,87.48,OD,0.007465,0.372005
21.72,87.48,GWB,0.012602,0.627995
21.72,87.66,GWB,0.019864,0.989899
21.72,87.84,GWB,0.008957,0.44635
21.72,88.02,GWB,0.006557,0.326757
21.72,88.2,GWB,0.01414,0.704673
21.72,88.38,GWB,0.014172,0.706232
21.72,88.56,GWB,0.008533,0.425248
21.72,88.74,GWB,0.011308,0.563525
21.72,88.92,GWB,0.012688,0.632317
21.72,89.1,GWB,0.004178,0.208219
21.84,69.3,SAU/KCH,0.004476,0.223267
21.84,69.48,SAU/KCH,0.019604,0.977765
21.84,69.66,SAU/KCH,0.02005,1.0
21.84,69.84,SAU/KCH,0.02005,1.0
21.84,70.02,SAU/KCH,0.02005,1.0
21.84,70.2,SAU/KCH,0.02005,1.0
21.84,70.38,SAU/KCH,0.02005,1.0
21.84,70.56,SAU/KCH,0.02005,1.0
21.84,70.74,SAU/KCH,0.02005,1.0
21.84,70.92,SAU/KCH,0.02005,1.0
21.84,71.1,SAU/KCH,0.02005,1.0
21.84,71.28,SAU/KCH,0.02005,1.0
21.84,71.46,SAU/KCH,0.02005,1.0
21.84,71.64,SAU/KCH,0.02005,1.0
21.84,71.82,SAU/KCH,0.02005,1.0
21.84,72.0,SAU/KCH,0.02005,1.0
21.84,72.18,SAU/KCH,0.01833,0.914233
21.84,72.54,GJ,0.005725,0.285531
21.84,72.72,GJ,0.02005,1.0
21.84,72.9,GJ,0.02005,1.0
21.84,73.08,GJ,0.02005,1.0
21.84,73.26,GJ,0.02005,1.0
21.84,73.44,GJ,0.02005,1.0
21.84,73.62,GJ,0.02005,1.0
21.84,73.8,MDH.MH,0.003282,0.163692
21.84,73.8,GJ,0.016767,0.836253
21.84,73.98,MDH.MH,0.016779,0.836876
21.84,73.98,GJ,0.003184,0.158819
21.84,74.16,MDH.MH,0.02005,1.0
21.84,74.34,MDH.MH,0.02005,1.0
21.84,74.52,MDH.MH,0.008907,0.44425
21.84,74.52,W.MP,0.011143,0.55575
21.84,74.7,W.MP,0.02005,1.0
21.84,74.88,W.MP,0.02005,1.0
21.84,75.06,W.MP,0.02005,1.0
21.84,75.24,W.MP,0.02005,1.0
21.84,75.42,W.MP,0.02005,1.0
21.84,75.6,W.MP,0.02005,1.0
21.84,75.78,W.MP,0.02005,1.0
21.84,75.96,W.MP,0.02005,1.0
21.84,76.14,W.MP,0.02005,1.0
21.84,76.32,W.MP,0.02005,1.0
21.84,76.5,W.MP,0.02005,1.0
21.84,76.68,W.MP,0.02005,1.0
21.84,76.86,W.MP,0.02005,1.0
21.84,77.04,W.MP,0.02005,1.0
21.84,77.22,W.MP,0.02005,1.0
21.84,77.4,W.MP,0.02005,1.0
21.84,77.58,W.MP,0.02005,1.0
21.84,77.76,W.MP,0.02005,1.0
21.84,77.94,W.MP,0.02005,1.0
21.84,78.12,W.MP,0.02005,1.0
21.84,78.3,W.MP,0.02005,1.0
21.84,78.48,E.MP,0.006348,0.316621
21.84,78.48,W.MP,0.013702,0.683399
21.84,78.66,E.MP,0.02005,1.0
21.84,78.84,E.MP,0.02005,1.0
21.84,79.02,E.MP,0.02005,1.0
21.84,79.2,E.MP,0.02005,1.0
21.84,79.38,E.MP,0.02005,1.0
21.84,79.56,E.MP,0.02005,1.0
21.84,79.74,E.MP,0.02005,1.0
21.84,79.92,E.MP,0.02005,1.0
21.84,80.1,E.MP,0.02005,1.0
21.84,80.28,E.MP,0.02005,1.0
21.84,80.46,E.MP,0.02005,1.0
21.84,80.64,E.MP,0.02005,1.0
21.84,80.82,CG,0.008051,0.401568
21.84,80.82,E.MP,0.012246,0.610766
21.84,81.0,CG,0.02005,1.0
21.84,81.18,CG,0.02005,1.0
21.84,81.36,CG,0.02005,1.0
21.84,81.54,CG,0.02005,1.0
21.84,81.72,CG,0.02005,1.0
21.84,81.9,CG,0.02005,1.0
21.84,82.08,CG,0.02005,1.0
21.84,82.26,CG,0.02005,1.0
21.84,82.44,CG,0.02005,1.0
21.84,82.62,CG,0.02005,1.0
21.84,82.8,CG,0.02005,1.0
21.84,82.98,CG,0.02005,1.0
21.84,83.16,CG,0.02005,1.0
21.84,83.34,CG,0.02005,1.0
21.84,83.52,OD,0.006437,0.321041
21.84,83.52,CG,0.013613,0.678959
21.84,83.7,OD,0.02005,1.0
21.84,83.88,OD,0.02005,1.0
21.84,84.06,OD,0.02005,1.0
21.84,84.24,OD,0.02005,1.0
21.84,84.42,OD,0.02005,1.0
21.84,84.6,OD,0.02005,1.0
21.84,84.78,OD,0.02005,1.0
21.84,84.96,OD,0.02005,1.0
21.84,85.14,OD,0.02005,1.0
21.84,85.32,OD,0.02005,1.0
21.84,85.5,OD,0.02005,1.0
21.84,85.68,OD,0.02005,1.0
21.84,85.86,OD,0.02005,1.0
21.84,86.04,OD,0.02005,1.0
21.84,86.22,OD,0.02005,1.0
21.84,86.4,OD,0.02005,1.0
21.84,86.58,OD,0.02005,1.0
21.84,86.76,OD,0.02005,1.0
21.84,86.94,OD,0.019853,0.990189
21.84,86.94,GWB,0.000197,0.009811
21.84,87.12,OD,0.017999,0.897723
21.84,87.12,GWB,0.002051,0.102277
21.84,87.3,OD,0.007279,0.363042
21.84,87.3,GWB,0.012771,0.636958
21.84,87.48,GWB,0.02005,1.0
21.84,87.66,GWB,0.02005,1.0
21.84,87.84,GWB,0.019852,0.990136
21.84,88.02,GWB,0.004779,0.238337
21.84,88.2,GWB,0.015138,0.755028
21.84,88.38,GWB,0.016868,0.841317
21.84,88.56,GWB,0.010618,0.529565
21.84,88.74,GWB,0.011239,0.560581
21.84,88.92,GWB,0.015591,0.777626
21.84,89.1,GWB,0.000652,0.032499
21.96,69.12,SAU/KCH,0.001278,0.063789
21.96,69.3,SAU/KCH,0.017822,0.889658
21.96,69.48,SAU/KCH,0.020033,1.0
21.96,69.66,SAU/KCH,0.020033,1.0
21.96,69.84,SAU/KCH,0.020033,1.0
21.96,70.02,SAU/KCH,0.020033,1.0
21.96,70.2,SAU/KCH,0.020033,1.0
21.96,70.38,SAU/KCH,0.020033,1.0
21.96,70.56,SAU/KCH,0.020033,1.0
21.96,70.74,SAU/KCH,0.020033,1.0
21.96,70.92,SAU/KCH,0.020033,1.0
21.96,71.1,SAU/KCH,0.020033,1.0
21.96,71.28,SAU/KCH,0.020033,1.0
21.96,71.46,SAU/KCH,0.020033,1.0
21.96,71.64,SAU/KCH,0.020033,1.0
21.96,71.82,SAU/KCH,0.020033,1.0
21.96,72.0,SAU/KCH,0.020033,1.0
21.96,72.18,GJ,0.00184,0.091844
21.96,72.18,SAU/KCH,0.013377,0.667778
21.96,72.36,GJ,0.000263,0.013119
21.96,72.36,SAU/KCH,0.000535,0.026691
21.96,72.54,GJ,0.012378,0.617876
21.96,72.72,GJ,0.02003,0.999876
21.96,72.9,GJ,0.020033,1.0
21.96,73.08,GJ,0.020033,1.0
21.96,73.26,GJ,0.020033,1.0
21.96,73.44,GJ,0.020033,1.0
21.96,73.62,GJ,0.020033,1.0
21.96,73.8,GJ,0.020033,1.0
21.96,73.98,MDH.MH,0.000586,0.029265
21.96,73.98,GJ,0.019365,0.966653
21.96,74.16,MDH.MH,0.00577,0.28803
21.96,74.16,GJ,0.004207,0.210024
21.96,74.16,W.MP,0.009792,0.488808
21.96,74.34,MDH.MH,0.013236,0.660727
21.96,74.34,W.MP,0.006814,0.340136
21.96,74.52,MDH.MH,0.004961,0.247647
21.96,74.52,W.MP,0.015003,0.748942
21.96,74.7,W.MP,0.020033,1.0
21.96,74.88,W.MP,0.020033,1.0
21.96,75.06,W.MP,0.020033,1.0
21.96,75.24,W.MP,0.020033,1.0
21.96,75.42,W.MP,0.020033,1.0
21.96,75.6,W.MP,0.020033,1.0
21.96,75.78,W.MP,0.020033,1.0
21.96,75.96,W.MP,0.020033,1.0
21.96,76.14,W.MP,0.020033,1.0
21.96,76.32,W.MP,0.020033,1.0
21.96,76.5,W.MP,0.020033,1.0
21.96,76.68,W.MP,0.020033,1.0
21.96,76.86,W.MP,0.020033,1.0
21.96,77.04,W.MP,0.020033,1.0
21.96,77.22,W.MP,0.020033,1.0
21.96,77.4,W.MP,0.020033,1.0
21.96,77.58,W.MP,0.020033,1.0
21.96,77.76,W.MP,0.020033,1.0
21.96,77.94,W.MP,0.020033,1.0
21.96,78.12,W.MP,0.020033,1.0
21.96,78.3,E.MP,8e-06,0.000383
21.96,78.3,W.MP,0.020025,0.999617
21.96,78.48,E.MP,0.013405,0.669166
21.96,78.48,W.MP,0.006619,0.330418
21.96,78.66,E.MP,0.020033,1.0
21.96,78.84,E.MP,0.020033,1.0
21.96,79.02,E.MP,0.020033,1.0
21.96,79.2,E.MP,0.020033,1.0
21.96,79.38,E.MP,0.020033,1.0
21.96,79.56,E.MP,0.020033,1.0
21.96,79.74,E.MP,0.020033,1.0
21.96,79.92,E.MP,0.020033,1.0
21.96,80.1,E.MP,0.020033,1.0
21.96,80.28,E.MP,0.020033,1.0
21.96,80.46,E.MP,0.020033,1.0
21.96,80.64,E.MP,0.020033,1.0
21.96,80.82,CG,0.00657,0.327967
21.96,80.82,E.MP,0.013423,0.67004
21.96,81.0,CG,0.020033,1.0
21.96,81.18,CG,0.020033,1.0
21.96,81.36,CG,0.020033,1.0
21.96,81.54,CG,0.020033,1.0
21.96,81.72,CG,0.020033,1.0
21.96,81.9,CG,0.020033,1.0
21.96,82.08,CG,0.020033,1.0
21.96,82.26,CG,0.020033,1.0
21.96,82.44,CG,0.020033,1.0
21.96,82.62,CG,0.020033,1.0
21.96,82.8,CG,0.020033,1.0
21.96,82.98,CG,0.020033,1.0
21.96,83.16,CG,0.020033,1.0
21.96,83.34,CG,0.020033,1.0
21.96,83.52,OD,0.005324,0.265753
21.96,83.52,CG,0.01469,0.733299
21.96,83.7,OD,0.020033,1.0
21.96,83.88,OD,0.020033,1.0
21.96,84.06,OD,0.020033,1.0
21.96,84.24,OD,0.020033,1.0
21.96,84.42,OD,0.020033,1.0
21.96,84.6,OD,0.020033,1.0
21.96,84.78,OD,0.020033,1.0
21.96,84.96,OD,0.020033,1.0
21.96,85.14,OD,0.019962,0.996466
21.96,85.14,JH,7.1e-05,0.003534
21.96,85.32,OD,0.019865,0.991604
21.96,85.32,JH,0.000168,0.008396
21.96,85.5,OD,0.020033,1.0
21.96,85.68,OD,0.020014,0.999068
21.96,85.68,JH,1.9e-05,0.000932
21.96,85.86,OD,0.014536,0.725612
21.96,85.86,JH,0.005497,0.274388
21.96,86.04,OD,0.020033,1.0
21.96,86.22,OD,0.020033,1.0
21.96,86.4,OD,0.020033,1.0
21.96,86.58,OD,0.020033,1.0
21.96,86.76,OD,0.020033,1.0
21.96,86.94,OD,0.019004,0.948659
21.96,86.94,GWB,0.001029,0.051341
21.96,87.12,OD,0.004394,0.219353
21.96,87.12,GWB,0.015622,0.779829
21.96,87.3,OD,0.002074,0.103524
21.96,87.3,GWB,0.017959,0.896476
21.96,87.48,GWB,0.020033,1.0
21.96,87.66,GWB,0.020033,1.0
21.96,87.84,GWB,0.020033,1.0
21.96,88.02,GWB,0.013797,0.688717
21.96,88.2,GWB,0.013753,0.686541
21.96,88.38,GWB,0.018867,0.941829
21.96,88.56,GWB,0.015046,0.751066
21.96,88.74,GWB,0.011925,0.595285
21.96,88.92,GWB,0.014847,0.74114
21.96,89.1,GWB,0.004687,0.23395
21.96,92.52,NE.HL,8e-05,0.003993
21.96,92.7,NE.HL,0.001494,0.074579
21.96,92.88,NE.HL,0.001863,0.092984
21.96,93.06,NE.HL,0.00073,0.036442
22.08,69.12,SAU/KCH,0.011818,0.590431
22.08,69.3,SAU/KCH,0.020016,1.0
22.08,69.48,SAU/KCH,0.020016,1.0
22.08,69.66,SAU/KCH,0.020016,1.0
22.08,69.84,SAU/KCH,0.020016,1.0
22.08,70.02,SAU/KCH,0.020016,1.0
22.08,70.2,SAU/KCH,0.020016,1.0
22.08,70.38,SAU/KCH,0.020016,1.0
22.08,70.56,SAU/KCH,0.020016,1.0
22.08,70.74,SAU/KCH,0.020016,1.0
22.08,70.92,SAU/KCH,0.020016,1.0
22.08,71.1,SAU/KCH,0.020016,1.0
22.08,71.28,SAU/KCH,0.020016,1.0
22.08,71.46,SAU/KCH,0.020016,1.0
22.08,71.64,SAU/KCH,0.020016,1.0
22.08,71.82,GJ,0.002896,0.144693
22.08,71.82,SAU/KCH,0.01712,0.855307
22.08,72.0,GJ,0.005473,0.273421
22.08,72.0,SAU/KCH,0.014543,0.726579
22.08,72.18,GJ,0.017484,0.873524
22.08,72.18,SAU/KCH,0.001723,0.086105
22.08,72.36,GJ,0.003451,0.17239
22.08,72.36,SAU/KCH,6e-06,0.000276
22.08,72.54,GJ,0.011144,0.55676
22.08,72.72,GJ,0.020016,1.0
22.08,72.9,GJ,0.020016,1.0
22.08,73.08,GJ,0.020016,1.0
22.08,73.26,GJ,0.020016,1.0
22.08,73.44,GJ,0.020016,1.0
22.08,73.62,GJ,0.020016,1.0
22.08,73.8,GJ,0.020016,1.0
22.08,73.98,GJ,0.020016,1.0
22.08,74.16,GJ,0.007499,0.374665
22.08,74.16,W.MP,0.012517,0.625335
22.08,74.34,MDH.MH,0.000148,0.007414
22.08,74.34,W.MP,0.019973,0.997867
22.08,74.52,MDH.MH,4.6e-05,0.002278
22.08,74.52,W.MP,0.019967,0.997581
22.08,74.7,W.MP,0.020016,1.0
22.08,74.88,W.MP,0.020016,1.0
22.08,75.06,W.MP,0.020016,1.0
22.08,75.24,W.MP,0.020016,1.0
22.08,75.42,W.MP,0.020016,1.0
22.08,75.6,W.MP,0.020016,1.0
22.08,75.78,W.MP,0.020016,1.0
22.08,75.96,W.MP,0.020016,1.0
22.08,76.14,W.MP,0.020016,1.0
22.08,76.32,W.MP,0.020016,1.0
22.08,76.5,W.MP,0.020016,1.0
22.08,76.68,W.MP,0.020016,1.0
22.08,76.86,W.MP,0.020016,1.0
22.08,77.04,W.MP,0.020016,1.0
22.08,77.22,W.MP,0.020016,1.0
22.08,77.4,W.MP,0.020016,1.0
22.08,77.58,W.MP,0.020016,1.0
22.08,77.76,W.MP,0.020016,1.0
22.08,77.94,W.MP,0.020016,1.0
22.08,78.12,W.MP,0.020016,1.0
22.08,78.3,E.MP,0.006777,0.338599
22.08,78.3,W.MP,0.013238,0.661401
22.08,78.48,E.MP,0.020016,1.0
22.08,78.66,E.MP,0.020016,1.0
22.08,78.84,E.MP,0.020016,1.0
22.08,79.02,E.MP,0.020016,1.0
22.08,79.2,E.MP,0.020016,1.0
22.08,79.38,E.MP,0.020016,1.0
22.08,79.56,E.MP,0.020016,1.0
22.08,79.74,E.MP,0.020016,1.0
22.08,79.92,E.MP,0.020016,1.0
22.08,80.1,E.MP,0.020016,1.0
22.08,80.28,E.MP,0.020016,1.0
22.08,80.46,E.MP,0.020016,1.0
22.08,80.64,E.MP,0.020016,1.0
22.08,80.82,CG,0.001212,0.060532
22.08,80.82,E.MP,0.018804,0.939468
22.08,81.0,CG,0.015494,0.774088
22.08,81.0,E.MP,0.004522,0.225912
22.08,81.18,CG,0.020016,1.0
22.08,81.36,CG,0.020016,1.0
22.08,81.54,CG,0.020016,1.0
22.08,81.72,CG,0.020016,1.0
22.08,81.9,CG,0.020016,1.0
22.08,82.08,CG,0.020016,1.0
22.08,82.26,CG,0.020016,1.0
22.08,82.44,CG,0.020016,1.0
22.08,82.62,CG,0.020016,1.0
22.08,82.8,CG,0.020016,1.0
22.08,82.98,CG,0.020016,1.0
22.08,83.16,CG,0.020016,1.0
22.08,83.34,CG,0.020016,1.0
22.08,83.52,OD,0.004596,0.229607
22.08,83.52,CG,0.01556,0.777395
22.08,83.7,OD,0.020016,1.0
22.08,83.88,OD,0.020016,1.0
22.08,84.06,OD,0.020016,1.0
22.08,84.24,OD,0.020016,1.0
22.08,84.42,OD,0.020016,1.0
22.08,84.6,OD,0.020016,1.0
22.08,84.78,OD,0.020016,1.0
22.08,84.96,OD,0.018857,0.942108
22.08,84.96,JH,0.001159,0.057892
22.08,85.14,OD,0.00957,0.478142
22.08,85.14,JH,0.010445,0.521858
22.08,85.32,OD,0.01309,0.653979
22.08,85.32,JH,0.006926,0.346021
22.08,85.5,OD,0.015633,0.78102
22.08,85.5,JH,0.004383,0.21898
22.08,85.68,OD,0.00909,0.454118
22.08,85.68,JH,0.010926,0.545882
22.08,85.86,OD,0.001968,0.098317
22.08,85.86,JH,0.018048,0.901683
22.08,86.04,OD,0.016419,0.820298
22.08,86.04,JH,0.003597,0.179702
22.08,86.22,OD,0.020016,1.0
22.08,86.4,OD,0.020016,1.0
22.08,86.58,OD,0.020016,1.0
22.08,86.76,OD,0.018692,0.933877
22.08,86.76,GWB,0.001321,0.065986
22.08,86.94,OD,0.009937,0.496453
22.08,86.94,GWB,0.009736,0.486436
22.08,87.12,OD,2.7e-05,0.001351
22.08,87.12,GWB,0.020015,0.999972
22.08,87.3,GWB,0.020016,1.0
22.08,87.48,GWB,0.020016,1.0
22.08,87.66,GWB,0.020016,1.0
22.08,87.84,GWB,0.020016,1.0
22.08,88.02,GWB,0.018336,0.916054
22.08,88.2,GWB,0.013642,0.681579
22.08,88.38,GWB,0.020016,1.0
22.08,88.56,GWB,0.017613,0.879975
22.08,88.74,GWB,0.01449,0.723938
22.08,88.92,GWB,0.015496,0.774166
22.08,89.1,GWB,0.00339,0.169362
22.08,92.52,NE.HL,0.002197,0.109759
22.08,92.7,NE.HL,0.00975,0.487116
22.08,92.88,NE.HL,0.015368,0.767805
22.08,93.06,NE.HL,0.005424,0.270967
22.2,68.94,SAU/KCH,0.004203,0.210169
22.2,69.12,SAU/KCH,0.019837,0.9919
22.2,69.3,SAU/KCH,0.019987,0.999388
22.2,69.48,SAU/KCH,0.019999,1.0
22.2,69.66,SAU/KCH,0.019999,1.0
22.2,69.84,SAU/KCH,0.019999,1.0
22.2,70.02,SAU/KCH,0.019999,1.0
22.2,70.2,SAU/KCH,0.019999,1.0
22.2,70.38,SAU/KCH,0.019999,1.0
22.2,70.56,SAU/KCH,0.019999,1.0
22.2,70.74,SAU/KCH,0.019999,1.0
22.2,70.92,SAU/KCH,0.019999,1.0
22.2,71.1,SAU/KCH,0.019999,1.0
22.2,71.28,SAU/KCH,0.019999,1.0
22.2,71.46,SAU/KCH,0.019999,1.0
22.2,71.64,GJ,0.005227,0.261352
22.2,71.64,SAU/KCH,0.014893,0.744696
22.2,71.82,GJ,0.019436,0.971858
22.2,71.82,SAU/KCH,0.000563,0.028142
22.2,72.0,GJ,0.019999,1.0
22.2,72.18,GJ,0.019999,1.0
22.2,72.36,GJ,0.011869,0.593487
22.2,72.54,GJ,0.006472,0.323623
22.2,72.72,GJ,0.012202,0.61014
22.2,72.9,GJ,0.018112,0.905642
22.2,73.08,GJ,0.019999,1.0
22.2,73.26,GJ,0.019999,1.0
22.2,73.44,GJ,0.019999,1.0
22.2,73.62,GJ,0.019999,1.0
22.2,73.8,GJ,0.019999,1.0
22.2,73.98,GJ,0.019999,1.0
22.2,74.16,GJ,0.003934,0.196721
22.2,74.16,W.MP,0.016065,0.803279
22.2,74.34,W.MP,0.019999,1.0
22.2,74.52,W.MP,0.019999,1.0
22.2,74.7,W.MP,0.019999,1.0
22.2,74.88,W.MP,0.019999,1.0
22.2,75.06,W.MP,0.019999,1.0
22.2,75.24,W.MP,0.019999,1.0
22.2,75.42,W.MP,0.019999,1.0
22.2,75.6,W.MP,0.019999,1.0
22.2,75.78,W.MP,0.019999,1.0
22.2,75.96,W.MP,0.019999,1.0
22.2,76.14,W.MP,0.019999,1.0
22.2,76.32,W.MP,0.019999,1.0
22.2,76.5,W.MP,0.019999,1.0
22.2,76.68,W.MP,0.019999,1.0
22.2,76.86,W.MP,0.019999,1.0
22.2,77.04,W.MP,0.019999,1.0
22.2,77.22,W.MP,0.019999,1.0
22.2,77.4,W.MP,0.019999,1.0
22.2,77.58,W.MP,0.019999,1.0
22.2,77.76,W.MP,0.019999,1.0
22.2,77.94,W.MP,0.019999,1.0
22.2,78.12,W.MP,0.019999,1.0
22.2,78.3,E.MP,0.012848,0.642459
22.2,78.3,W.MP,0.00715,0.357541
22.2,78.48,E.MP,0.019999,1.0
22.2,78.66,E.MP,0.019999,1.0
22.2,78.84,E.MP,0.019999,1.0
22.2,79.02,E.MP,0.019999,1.0
22.2,79.2,E.MP,0.019999,1.0
22.2,79.38,E.MP,0.019999,1.0
22.2,79.56,E.MP,0.019999,1.0
22.2,79.74,E.MP,0.019999,1.0
22.2,79.92,E.MP,0.019999,1.0
22.2,80.1,E.MP,0.019999,1.0
22.2,80.28,E.MP,0.019999,1.0
22.2,80.46,E.MP,0.019999,1.0
22.2,80.64,E.MP,0.019999,1.0
22.2,80.82,E.MP,0.019999,1.0
22.2,81.0,CG,0.00586,0.292999
22.2,81.0,E.MP,0.014139,0.707001
22.2,81.18,CG,0.019923,0.996231
22.2,81.18,E.MP,7.5e-05,0.003769
22.2,81.36,CG,0.019999,1.0
22.2,81.54,CG,0.019999,1.0
22.2,81.72,CG,0.019999,1.0
22.2,81.9,CG,0.019999,1.0
22.2,82.08,CG,0.019999,1.0
22.2,82.26,CG,0.019999,1.0
22.2,82.44,CG,0.019999,1.0
22.2,82.62,CG,0.019999,1.0
22.2,82.8,CG,0.019999,1.0
22.2,82.98,CG,0.019999,1.0
22.2,83.16,CG,0.019999,1.0
22.2,83.34,CG,0.019999,1.0
22.2,83.52,OD,0.00023,0.011495
22.2,83.52,CG,0.019756,0.987874
22.2,83.7,OD,0.015622,0.78115
22.2,83.7,CG,0.004365,0.21827
22.2,83.88,OD,0.019999,1.0
22.2,84.06,OD,0.019999,1.0
22.2,84.24,OD,0.019999,1.0
22.2,84.42,OD,0.019999,1.0
22.2,84.6,OD,0.019999,1.0
22.2,84.78,OD,0.019999,1.0
22.2,84.96,OD,0.019436,0.971851
22.2,84.96,JH,0.000563,0.028149
22.2,85.14,OD,0.001172,0.058618
22.2,85.14,JH,0.018827,0.941382
22.2,85.32,OD,0.000715,0.035747
22.2,85.32,JH,0.019284,0.964253
22.2,85.5,OD,0.000451,0.02255
22.2,85.5,JH,0.019548,0.97745
22.2,85.68,JH,0.019999,1.0
22.2,85.86,JH,0.019999,1.0
22.2,86.04,OD,0.013657,0.682902
22.2,86.04,JH,0.006342,0.317098
22.2,86.22,OD,0.019999,1.0
22.2,86.4,OD,0.019999,1.0
22.2,86.58,OD,0.019642,0.98215
22.2,86.58,JH,0.000359,0.017965
22.2,86.76,OD,0.005241,0.262049
22.2,86.76,GWB,0.009975,0.4988
22.2,86.76,JH,0.004907,0.245384
22.2,86.94,GWB,0.019952,0.997642
22.2,86.94,JH,4.8e-05,0.002396
22.2,87.12,GWB,0.019999,1.0
22.2,87.3,GWB,0.019999,1.0
22.2,87.48,GWB,0.019999,1.0
22.2,87.66,GWB,0.019999,1.0
22.2,87.84,GWB,0.019999,1.0
22.2,88.02,GWB,0.015369,0.76848
22.2,88.2,GWB,0.01702,0.851064
22.2,88.38,GWB,0.019999,1.0
22.2,88.56,GWB,0.019409,0.97051
22.2,88.74,GWB,0.017354,0.867733
22.2,88.92,GWB,0.015199,0.76001
22.2,89.1,GWB,0.004307,0.215386
22.2,92.52,NE.HL,0.001404,0.070215
22.2,92.7,NE.HL,0.019793,0.989706
22.2,92.88,NE.HL,0.019999,1.0
22.2,93.06,NE.HL,0.014668,0.73343
22.2,93.24,NE.HL,0.000984,0.049213
22.32,68.94,SAU/KCH,0.008993,0.450048
22.32,69.12,SAU/KCH,0.016155,0.808488
22.32,69.3,SAU/KCH,0.005322,0.266357
22.32,69.48,SAU/KCH,0.014108,0.706037
22.32,69.66,SAU/KCH,0.018077,0.904682
22.32,69.84,SAU/KCH,0.019982,1.0
22.32,70.02,SAU/KCH,0.019982,1.0
22.32,70.2,SAU/KCH,0.019982,1.0
22.32,70.38,SAU/KCH,0.019982,1.0
22.32,70.56,SAU/KCH,0.019982,1.0
22.32,70.74,SAU/KCH,0.019982,1.0
22.32,70.92,SAU/KCH,0.019982,1.0
22.32,71.1,SAU/KCH,0.019982,1.0
22.32,71.28,SAU/KCH,0.019982,1.0
22.32,71.46,SAU/KCH,0.019982,1.0
22.32,71.64,GJ,0.012407,0.620909
22.32,71.64,SAU/KCH,0.007575,0.379091
22.32,71.82,GJ,0.018742,0.937955
22.32,71.82,SAU/KCH,0.00124,0.062045
22.32,72.0,GJ,0.019947,0.998259
22.32,72.0,SAU/KCH,3.5e-05,0.001741
22.32,72.18,GJ,0.019982,1.0
22.32,72.36,GJ,0.017569,0.879274
22.32,72.54,GJ,0.019196,0.960666
22.32,72.72,GJ,0.019536,0.977721
22.32,72.9,GJ,0.019356,0.968702
22.32,73.08,GJ,0.019982,1.0
22.32,73.26,GJ,0.019982,1.0
22.32,73.44,GJ,0.019982,1.0
22.32,73.62,GJ,0.019982,1.0
22.32,73.8,GJ,0.019982,1.0
22.32,73.98,GJ,0.019255,0.963654
22.32,73.98,W.MP,0.000726,0.036346
22.32,74.16,GJ,0.005005,0.250477
22.32,74.16,W.MP,0.014977,0.749523
22.32,74.34,W.MP,0.019982,1.0
22.32,74.52,W.MP,0.019982,1.0
22.32,74.7,W.MP,0.019982,1.0
22.32,74.88,W.MP,0.019982,1.0
22.32,75.06,W.MP,0.019982,1.0
22.32,75.24,W.MP,0.019982,1.0
22.32,75.42,W.MP,0.019982,1.0
22.32,75.6,W.MP,0.019982,1.0
22.32,75.78,W.MP,0.019982,1.0
22.32,75.96,W.MP,0.019982,1.0
22.32,76.14,W.MP,0.019982,1.0
22.32,76.32,W.MP,0.019982,1.0
22.32,76.5,W.MP,0.019982,1.0
22.32,76.68,W.MP,0.019982,1.0
22.32,76.86,W.MP,0.019982,1.0
22.32,77.04,W.MP,0.019982,1.0
22.32,77.22,W.MP,0.019982,1.0
22.32,77.4,W.MP,0.019982,1.0
22.32,77.58,W.MP,0.019982,1.0
22.32,77.76,W.MP,0.019982,1.0
22.32,77.94,W.MP,0.019982,1.0
22.32,78.12,W.MP,0.019982,1.0
22.32,78.3,E.MP,0.013771,0.689191
22.32,78.3,W.MP,0.00621,0.310809
22.32,78.48,E.MP,0.019982,0.999999
22.32,78.48,W.MP,0.0,1e-06
22.32,78.66,E.MP,0.019982,1.0
22.32,78.84,E.MP,0.019982,1.0
22.32,79.02,E.MP,0.019982,1.0
22.32,79.2,E.MP,0.019982,1.0
22.32,79.38,E.MP,0.019982,1.0
22.32,79.56,E.MP,0.019982,1.0
22.32,79.74,E.MP,0.019982,1.0
22.32,79.92,E.MP,0.019982,1.0
22.32,80.1,E.MP,0.019982,1.0
22.32,80.28,E.MP,0.019982,1.0
22.32,80.46,E.MP,0.019982,1.0
22.32,80.64,E.MP,0.019982,1.0
22.32,80.82,E.MP,0.019982,1.0
22.32,81.0,E.MP,0.019982,1.0
22.32,81.18,CG,0.01709,0.855302
22.32,81.18,E.MP,0.002616,0.130903
22.32,81.36,CG,0.019982,1.0
22.32,81.54,CG,0.019982,1.0
22.32,81.72,CG,0.019982,1.0
22.32,81.9,CG,0.019982,1.0
22.32,82.08,CG,0.019982,1.0
22.32,82.26,CG,0.019982,1.0
22.32,82.44,CG,0.019982,1.0
22.32,82.62,CG,0.019982,1.0
22.32,82.8,CG,0.019982,1.0
22.32,82.98,CG,0.019982,1.0
22.32,83.16,CG,0.019982,1.0
22.32,83.34,CG,0.019982,1.0
22.32,83.52,CG,0.019982,1.0
22.32,83.7,OD,8.6e-05,0.004307
22.32,83.7,CG,0.019896,0.995693
22.32,83.88,OD,0.012488,0.624949
22.32,83.88,CG,0.007494,0.375051
22.32,84.06,OD,0.019447,0.97323
22.32,84.06,CG,0.000535,0.02677
22.32,84.24,OD,0.017642,0.882898
22.32,84.24,JH,0.00234,0.117102
22.32,84.42,OD,0.016575,0.829508
22.32,84.42,JH,0.003407,0.170492
22.32,84.6,OD,0.019982,1.0
22.32,84.78,OD,0.019982,1.0
22.32,84.96,OD,0.019982,1.0
22.32,85.14,OD,0.005106,0.255538
22.32,85.14,JH,0.014876,0.744462
22.32,85.32,JH,0.019982,1.0
22.32,85.5,JH,0.019982,1.0
22.32,85.68,JH,0.019982,1.0
22.32,85.86,JH,0.019982,1.0
22.32,86.04,OD,0.012995,0.650342
22.32,86.04,JH,0.006987,0.349658
22.32,86.22,OD,0.019982,1.0
22.32,86.4,OD,0.013457,0.673456
22.32,86.4,JH,0.006525,0.326544
22.32,86.58,OD,0.005809,0.290704
22.32,86.58,JH,0.014173,0.709296
22.32,86.76,GWB,0.000675,0.033768
22.32,86.76,JH,0.019311,0.966438
22.32,86.94,GWB,0.018135,0.907562
22.32,86.94,JH,0.001939,0.097019
22.32,87.12,GWB,0.019982,1.0
22.32,87.3,GWB,0.019982,1.0
22.32,87.48,GWB,0.019982,1.0
22.32,87.66,GWB,0.019982,1.0
22.32,87.84,GWB,0.019982,1.0
22.32,88.02,GWB,0.017323,0.866933
22.32,88.2,GWB,0.019982,1.0
22.32,88.38,GWB,0.019982,1.0
22.32,88.56,GWB,0.019982,1.0
22.32,88.74,GWB,0.019294,0.965561
22.32,88.92,GWB,0.015582,0.77982
22.32,89.1,GWB,0.000162,0.008099
22.32,92.52,NE.HL,0.003982,0.199283
22.32,92.7,NE.HL,0.019982,1.0
22.32,92.88,NE.HL,0.019982,1.0
22.32,93.06,NE.HL,0.019982,1.0
22.32,93.24,NE.HL,0.005459,0.273208
22.44,68.94,SAU/KCH,0.002445,0.122459
22.44,69.12,SAU/KCH,0.0067,0.335619
22.44,69.3,SAU/KCH,0.000404,0.020211
22.44,69.48,SAU/KCH,0.001341,0.067156
22.44,69.66,SAU/KCH,0.005829,0.291969
22.44,69.84,SAU/KCH,0.010766,0.539283
22.44,70.02,SAU/KCH,0.019958,0.999659
22.44,70.2,SAU/KCH,0.019964,1.0
22.44,70.38,SAU/KCH,0.019964,1.0
22.44,70.56,SAU/KCH,0.019964,1.0
22.44,70.74,SAU/KCH,0.019964,1.0
22.44,70.92,SAU/KCH,0.019964,1.0
22.44,71.1,SAU/KCH,0.019964,1.0
22.44,71.28,SAU/KCH,0.019964,1.0
22.44,71.46,SAU/KCH,0.019964,1.0
22.44,71.64,GJ,0.000854,0.042768
22.44,71.64,SAU/KCH,0.019111,0.957232
22.44,71.82,GJ,0.001532,0.076752
22.44,71.82,SAU/KCH,0.018432,0.923248
22.44,72.0,GJ,0.014943,0.748463
22.44,72.0,SAU/KCH,0.005022,0.251537
22.44,72.18,GJ,0.017428,0.872955
22.44,72.18,SAU/KCH,0.002536,0.127045
22.44,72.36,GJ,0.019934,0.998487
22.44,72.54,GJ,0.019964,1.0
22.44,72.72,GJ,0.019964,1.0
22.44,72.9,GJ,0.019964,1.0
22.44,73.08,GJ,0.019964,1.0
22.44,73.26,GJ,0.019964,1.0
22.44,73.44,GJ,0.019964,1.0
22.44,73.62,GJ,0.019964,1.0
22.44,73.8,GJ,0.019964,1.0
22.44,73.98,GJ,0.019917,0.997605
22.44,73.98,W.MP,7e-05,0.003507
22.44,74.16,GJ,0.010236,0.512723
22.44,74.16,W.MP,0.009728,0.487277
22.44,74.34,GJ,0.000638,0.031949
22.44,74.34,W.MP,0.019327,0.968051
22.44,74.52,W.MP,0.019964,1.0
22.44,74.7,W.MP,0.019964,1.0
22.44,74.88,W.MP,0.019964,1.0
22.44,75.06,W.MP,0.019964,1.0
22.44,75.24,W.MP,0.019964,1.0
22.44,75.42,W.MP,0.019964,1.0
22.44,75.6,W.MP,0.019964,1.0
22.44,75.78,W.MP,0.019964,1.0
22.44,75.96,W.MP,0.019964,1.0
22.44,76.14,W.MP,0.019964,1.0
22.44,76.32,W.MP,0.019964,1.0
22.44,76.5,W.MP,0.019964,1.0
22.44,76.68,W.MP,0.019964,1.0
22.44,76.86,W.MP,0.019964,1.0
22.44,77.04,W.MP,0.019964,1.0
22.44,77.22,W.MP,0.019964,1.0
22.44,77.4,W.MP,0.019964,1.0
22.44,77.58,W.MP,0.019964,1.0
22.44,77.76,W.MP,0.019964,1.0
22.44,77.94,W.MP,0.019964,1.0
22.44,78.12,W.MP,0.019964,1.0
22.44,78.3,E.MP,0.003908,0.195729
22.44,78.3,W.MP,0.016057,0.804271
22.44,78.48,E.MP,0.00508,0.25446
22.44,78.48,W.MP,0.014884,0.74554
22.44,78.66,E.MP,0.019964,1.0
22.44,78.84,E.MP,0.019964,1.0
22.44,79.02,E.MP,0.019964,1.0
22.44,79.2,E.MP,0.019964,1.0
22.44,79.38,E.MP,0.019964,1.0
22.44,79.56,E.MP,0.019964,1.0
22.44,79.74,E.MP,0.019964,1.0
22.44,79.92,E.MP,0.019964,1.0
22.44,80.1,E.MP,0.019964,1.0
22.44,80.28,E.MP,0.019964,1.0
22.44,80.46,E.MP,0.019964,1.0
22.44,80.64,E.MP,0.019964,1.0
22.44,80.82,E.MP,0.019964,1.0
22.44,81.0,E.MP,0.019964,1.0
22.44,81.18,CG,0.011964,0.599285
22.44,81.18,E.MP,0.007305,0.3659
22.44,81.36,CG,0.017458,0.874442
22.44,81.36,E.MP,0.002521,0.12628
22.44,81.54,CG,0.019687,0.986085
22.44,81.54,E.MP,0.000278,0.013915
22.44,81.72,CG,0.019964,1.0
22.44,81.9,CG,0.019964,1.0
22.44,82.08,CG,0.019964,1.0
22.44,82.26,CG,0.019964,1.0
22.44,82.44,CG,0.019964,1.0
22.44,82.62,CG,0.019964,1.0
22.44,82.8,CG,0.019964,1.0
22.44,82.98,CG,0.019964,1.0
22.44,83.16,CG,0.019964,1.0
22.44,83.34,CG,0.019964,1.0
22.44,83.52,CG,0.019964,1.0
22.44,83.7,CG,0.019964,1.0
22.44,83.88,CG,0.019964,1.0
22.44,84.06,OD,0.011874,0.594753
22.44,84.06,CG,0.006473,0.324237
22.44,84.06,JH,0.001472,0.073749
22.44,84.24,OD,0.000609,0.030497
22.44,84.24,JH,0.019356,0.969503
22.44,84.42,OD,0.000887,0.044422
22.44,84.42,JH,0.019078,0.955578
22.44,84.6,OD,0.007358,0.368538
22.44,84.6,JH,0.012607,0.631462
22.44,84.78,OD,0.008842,0.44291
22.44,84.78,JH,0.011122,0.55709
22.44,84.96,OD,0.011165,0.55923
22.44,84.96,JH,0.0088,0.44077
22.44,85.14,OD,0.00232,0.116226
22.44,85.14,JH,0.017644,0.883774
22.44,85.32,JH,0.019964,1.0
22.44,85.5,JH,0.019964,1.0
22.44,85.68,JH,0.019964,1.0
22.44,85.86,JH,0.019964,1.0
22.44,86.04,OD,0.014877,0.74516
22.44,86.04,JH,0.005088,0.25484
22.44,86.22,OD,0.013646,0.68351
22.44,86.22,JH,0.006319,0.31649
22.44,86.4,OD,0.000419,0.02097
22.44,86.4,JH,0.019546,0.97903
22.44,86.58,JH,0.019964,1.0
22.44,86.76,GWB,0.006377,0.319393
22.44,86.76,JH,0.013588,0.680607
22.44,86.94,GWB,0.019964,1.0
22.44,87.12,GWB,0.019964,1.0
22.44,87.3,GWB,0.019964,1.0
22.44,87.48,GWB,0.019964,1.0
22.44,87.66,GWB,0.019964,1.0
22.44,87.84,GWB,0.019332,0.96832
22.44,88.02,GWB,0.019465,0.974992
22.44,88.2,GWB,0.019964,1.0
22.44,88.38,GWB,0.019964,1.0
22.44,88.56,GWB,0.019964,1.0
22.44,88.74,GWB,0.019361,0.969754
22.44,88.92,GWB,0.014242,0.713383
22.44,92.52,NE.HL,0.005853,0.293194
22.44,92.7,NE.HL,0.019964,1.0
22.44,92.88,NE.HL,0.019964,1.0
22.44,93.06,NE.HL,0.019452,0.974318
22.44,93.24,NE.HL,0.002416,0.12103
22.56,69.3,SAU/KCH,0.000481,0.024132
22.56,69.48,SAU/KCH,8e-06,0.000388
22.56,69.84,SAU/KCH,0.001197,0.060008
22.56,70.02,SAU/KCH,0.008921,0.447234
22.56,70.2,SAU/KCH,0.014903,0.747115
22.56,70.38,SAU/KCH,0.019947,1.0
22.56,70.56,SAU/KCH,0.019947,1.0
22.56,70.74,SAU/KCH,0.019947,1.0
22.56,70.92,SAU/KCH,0.019947,1.0
22.56,71.1,SAU/KCH,0.019947,1.0
22.56,71.28,SAU/KCH,0.019947,1.0
22.56,71.46,SAU/KCH,0.019947,1.0
22.56,71.64,SAU/KCH,0.019947,1.0
22.56,71.82,GJ,2e-06,8.9e-05
22.56,71.82,SAU/KCH,0.019945,0.999911
22.56,72.0,GJ,0.002655,0.133098
22.56,72.0,SAU/KCH,0.017292,0.866902
22.56,72.18,GJ,0.014037,0.703686
22.56,72.18,SAU/KCH,0.00629,0.315352
22.56,72.36,GJ,0.019947,1.0
22.56,72.54,GJ,0.019947,1.0
22.56,72.72,GJ,0.019947,1.0
22.56,72.9,GJ,0.019947,1.0
22.56,73.08,GJ,0.019947,1.0
22.56,73.26,GJ,0.019947,1.0
22.56,73.44,GJ,0.019947,1.0
22.56,73.62,GJ,0.019947,1.0
22.56,73.8,GJ,0.019947,1.0
22.56,73.98,GJ,0.018785,0.941745
22.56,73.98,W.MP,0.001295,0.064913
22.56,74.16,GJ,0.011557,0.579396
22.56,74.16,W.MP,0.008198,0.410968
22.56,74.34,W.MP,0.019947,1.0
22.56,74.52,W.MP,0.019947,1.0
22.56,74.7,W.MP,0.019947,1.0
22.56,74.88,W.MP,0.019947,1.0
22.56,75.06,W.MP,0.019947,1.0
22.56,75.24,W.MP,0.019947,1.0
22.56,75.42,W.MP,0.019947,1.0
22.56,75.6,W.MP,0.019947,1.0
22.56,75.78,W.MP,0.019947,1.0
22.56,75.96,W.MP,0.019947,1.0
22.56,76.14,W.MP,0.019947,1.0
22.56,76.32,W.MP,0.019947,1.0
22.56,76.5,W.MP,0.019947,1.0
22.56,76.68,W.MP,0.019947,1.0
22.56,76.86,W.MP,0.019947,1.0
22.56,77.04,W.MP,0.019947,1.0
22.56,77.22,W.MP,0.019947,1.0
22.56,77.4,W.MP,0.019947,1.0
22.56,77.58,W.MP,0.019947,1.0
22.56,77.76,W.MP,0.019947,1.0
22.56,77.94,W.MP,0.019947,1.0
22.56,78.12,W.MP,0.019947,1.0
22.56,78.3,W.MP,0.019947,1.0
22.56,78.48,E.MP,0.005229,0.262126
22.56,78.48,W.MP,0.014718,0.737874
22.56,78.66,E.MP,0.019947,1.0
22.56,78.84,E.MP,0.019947,1.0
22.56,79.02,E.MP,0.019947,1.0
22.56,79.2,E.MP,0.019947,1.0
22.56,79.38,E.MP,0.019947,1.0
22.56,79.56,E.MP,0.019947,1.0
22.56,79.74,E.MP,0.019947,1.0
22.56,79.92,E.MP,0.019947,1.0
22.56,80.1,E.MP,0.019947,1.0
22.56,80.28,E.MP,0.019947,1.0
22.56,80.46,E.MP,0.019947,1.0
22.56,80.64,E.MP,0.019947,1.0
22.56,80.82,E.MP,0.019947,1.0
22.56,81.0,E.MP,0.019947,1.0
22.56,81.18,E.MP,0.019947,1.0
22.56,81.36,CG,0.000912,0.045711
22.56,81.36,E.MP,0.019086,0.95684
22.56,81.54,CG,0.004593,0.230262
22.56,81.54,E.MP,0.015354,0.769738
22.56,81.72,CG,0.018824,0.943704
22.56,81.72,E.MP,0.001123,0.056296
22.56,81.9,CG,0.019947,1.0
22.56,82.08,CG,0.019947,1.0
22.56,82.26,CG,0.019947,1.0
22.56,82.44,CG,0.019947,1.0
22.56,82.62,CG,0.019947,1.0
22.56,82.8,CG,0.019947,1.0
22.56,82.98,CG,0.019947,1.0
22.56,83.16,CG,0.019947,1.0
22.56,83.34,CG,0.019947,1.0
22.56,83.52,CG,0.019947,1.0
22.56,83.7,CG,0.019947,1.0
22.56,83.88,CG,0.019947,1.0
22.56,84.06,OD,0.001425,0.071415
22.56,84.06,CG,0.005686,0.285076
22.56,84.06,JH,0.013111,0.657266
22.56,84.24,JH,0.019947,1.0
22.56,84.42,JH,0.019947,1.0
22.56,84.6,JH,0.019947,1.0
22.56,84.78,JH,0.019947,1.0
22.56,84.96,JH,0.019947,1.0
22.56,85.14,JH,0.019947,1.0
22.56,85.32,JH,0.019947,1.0
22.56,85.5,JH,0.019947,1.0
22.56,85.68,JH,0.019947,1.0
22.56,85.86,JH,0.019947,1.0
22.56,86.04,OD,0.003403,0.170601
22.56,86.04,JH,0.016544,0.829399
22.56,86.22,JH,0.019947,1.0
22.56,86.4,JH,0.019947,1.0
22.56,86.58,GWB,0.000968,0.048534
22.56,86.58,JH,0.018979,0.951466
22.56,86.76,GWB,0.011755,0.589286
22.56,86.76,JH,0.008193,0.410714
22.56,86.94,GWB,0.019947,1.0
22.56,87.12,GWB,0.019947,1.0
22.56,87.3,GWB,0.019947,1.0
22.56,87.48,GWB,0.019947,1.0
22.56,87.66,GWB,0.019947,1.0
22.56,87.84,GWB,0.019947,1.0
22.56,88.02,GWB,0.019947,1.0
22.56,88.2,GWB,0.019947,1.0
22.56,88.38,GWB,0.019947,1.0
22.56,88.56,GWB,0.019947,1.0
22.56,88.74,GWB,0.019236,0.964327
22.56,88.92,GWB,0.012487,0.626002
22.56,92.52,NE.HL,0.007712,0.386598
22.56,92.7,NE.HL,0.019947,1.0
22.56,92.88,NE.HL,0.019947,1.0
22.56,93.06,NE.HL,0.017659,0.885295
22.68,69.66,SAU/KCH,3e-05,0.001516
22.68,70.2,SAU/KCH,0.005348,0.268322
22.68,70.38,SAU/KCH,0.01993,1.0
22.68,70.56,SAU/KCH,0.01993,1.0
22.68,70.74,SAU/KCH,0.01993,1.0
22.68,70.92,SAU/KCH,0.01993,1.0
22.68,71.1,SAU/KCH,0.01993,1.0
22.68,71.28,SAU/KCH,0.01993,1.0
22.68,71.46,SAU/KCH,0.01993,1.0
22.68,71.64,SAU/KCH,0.01993,1.0
22.68,71.82,SAU/KCH,0.01993,1.0
22.68,72.0,GJ,0.002266,0.113707
22.68,72.0,SAU/KCH,0.017664,0.886293
22.68,72.18,GJ,0.019528,0.97982
22.68,72.18,SAU/KCH,0.000402,0.02018
22.68,72.36,GJ,0.01993,1.0
22.68,72.54,GJ,0.01993,1.0
22.68,72.72,GJ,0.01993,1.0
22.68,72.9,GJ,0.01993,1.0
22.68,73.08,GJ,0.01993,1.0
22.68,73.26,GJ,0.01993,1.0
22.68,73.44,GJ,0.01993,1.0
22.68,73.62,GJ,0.01993,1.0
22.68,73.8,GJ,0.01993,1.0
22.68,73.98,GJ,0.01993,1.0
22.68,74.16,GJ,0.019923,0.999678
22.68,74.16,W.MP,6e-06,0.000322
22.68,74.34,GJ,0.013636,0.684214
22.68,74.34,W.MP,0.00677,0.339704
22.68,74.52,W.MP,0.01993,1.0
22.68,74.7,W.MP,0.01993,1.0
22.68,74.88,W.MP,0.01993,1.0
22.68,75.06,W.MP,0.01993,1.0
22.68,75.24,W.MP,0.01993,1.0
22.68,75.42,W.MP,0.01993,1.0
22.68,75.6,W.MP,0.01993,1.0
22.68,75.78,W.MP,0.01993,1.0
22.68,75.96,W.MP,0.01993,1.0
22.68,76.14,W.MP,0.01993,1.0
22.68,76.32,W.MP,0.01993,1.0
22.68,76.5,W.MP,0.01993,1.0
22.68,76.68,W.MP,0.01993,1.0
22.68,76.86,W.MP,0.01993,1.0
22.68,77.04,W.MP,0.01993,1.0
22.68,77.22,W.MP,0.01993,1.0
22.68,77.4,W.MP,0.01993,1.0
22.68,77.58,W.MP,0.01993,1.0
22.68,77.76,W.MP,0.01993,1.0
22.68,77.94,W.MP,0.01993,1.0
22.68,78.12,W.MP,0.01993,1.0
22.68,78.3,W.MP,0.01993,1.0
22.68,78.48,E.MP,0.002421,0.121492
22.68,78.48,W.MP,0.017508,0.878508
22.68,78.66,E.MP,0.012983,0.651451
22.68,78.66,W.MP,0.006946,0.348549
22.68,78.84,E.MP,0.01993,1.0
22.68,79.02,E.MP,0.01993,1.0
22.68,79.2,E.MP,0.01993,1.0
22.68,79.38,E.MP,0.01993,1.0
22.68,79.56,E.MP,0.01993,1.0
22.68,79.74,E.MP,0.01993,1.0
22.68,79.92,E.MP,0.01993,1.0
22.68,80.1,E.MP,0.01993,1.0
22.68,80.28,E.MP,0.01993,1.0
22.68,80.46,E.MP,0.01993,1.0
22.68,80.64,E.MP,0.01993,1.0
22.68,80.82,E.MP,0.01993,1.0
22.68,81.0,E.MP,0.01993,1.0
22.68,81.18,E.MP,0.01993,1.0
22.68,81.36,E.MP,0.01993,1.0
22.68,81.54,E.MP,0.01993,1.0
22.68,81.72,CG,0.008035,0.403148
22.68,81.72,E.MP,0.012016,0.602906
22.68,81.9,CG,0.01993,1.0
22.68,82.08,CG,0.01993,1.0
22.68,82.26,CG,0.01993,1.0
22.68,82.44,CG,0.01993,1.0
22.68,82.62,CG,0.01993,1.0
22.68,82.8,CG,0.01993,1.0
22.68,82.98,CG,0.01993,1.0
22.68,83.16,CG,0.01993,1.0
22.68,83.34,CG,0.01993,1.0
22.68,83.52,CG,0.01993,1.0
22.68,83.7,CG,0.01993,1.0
22.68,83.88,CG,0.01993,1.0
22.68,84.06,CG,0.0188,0.943309
22.68,84.06,JH,0.00113,0.056691
22.68,84.24,CG,0.006767,0.339541
22.68,84.24,JH,0.013163,0.660459
22.68,84.42,JH,0.01993,1.0
22.68,84.6,JH,0.01993,1.0
22.68,84.78,JH,0.01993,1.0
22.68,84.96,JH,0.01993,1.0
22.68,85.14,JH,0.01993,1.0
22.68,85.32,JH,0.01993,1.0
22.68,85.5,JH,0.01993,1.0
22.68,85.68,JH,0.01993,1.0
22.68,85.86,JH,0.01993,1.0
22.68,86.04,JH,0.01993,1.0
22.68,86.22,JH,0.01993,1.0
22.68,86.4,GWB,5e-05,0.002508
22.68,86.4,JH,0.01988,0.997492
22.68,86.58,GWB,0.008319,0.417402
22.68,86.58,JH,0.011611,0.582598
22.68,86.76,GWB,0.01993,1.0
22.68,86.94,GWB,0.01993,1.0
22.68,87.12,GWB,0.01993,1.0
22.68,87.3,GWB,0.01993,1.0
22.68,87.48,GWB,0.01993,1.0
22.68,87.66,GWB,0.01993,1.0
22.68,87.84,GWB,0.01993,1.0
22.68,88.02,GWB,0.01993,1.0
22.68,88.2,GWB,0.01993,1.0
22.68,88.38,GWB,0.01993,1.0
22.68,88.56,GWB,0.01993,1.0
22.68,88.74,GWB,0.01993,1.0
22.68,88.92,GWB,0.012597,0.632062
22.68,92.52,NE.HL,0.009695,0.486472
22.68,92.7,NE.HL,0.01993,1.0
22.68,92.88,NE.HL,0.01993,1.0
22.68,93.06,NE.HL,0.015303,0.767845
22.8,69.12,SAU/KCH,0.000599,0.030077
22.8,69.3,SAU/KCH,0.005627,0.282587
22.8,69.48,SAU/KCH,0.01253,0.629242
22.8,69.66,SAU/KCH,0.016326,0.819904
22.8,69.84,SAU/KCH,0.001344,0.067492
22.8,70.2,SAU/KCH,1.1e-05,0.000562
22.8,70.38,SAU/KCH,0.017047,0.856119
22.8,70.56,SAU/KCH,0.019912,1.0
22.8,70.74,SAU/KCH,0.019912,1.0
22.8,70.92,SAU/KCH,0.019912,1.0
22.8,71.1,SAU/KCH,0.019912,1.0
22.8,71.28,SAU/KCH,0.019912,1.0
22.8,71.46,SAU/KCH,0.019912,1.0
22.8,71.64,SAU/KCH,0.019912,1.0
22.8,71.82,SAU/KCH,0.019912,1.0
22.8,72.0,GJ,0.006743,0.33866
22.8,72.0,SAU/KCH,0.013169,0.66134
22.8,72.18,GJ,0.019912,1.0
22.8,72.36,GJ,0.019912,1.0
22.8,72.54,GJ,0.019912,1.0
22.8,72.72,GJ,0.019912,1.0
22.8,72.9,GJ,0.019912,1.0
22.8,73.08,GJ,0.019912,1.0
22.8,73.26,GJ,0.019912,1.0
22.8,73.44,GJ,0.019912,1.0
22.8,73.62,GJ,0.019912,1.0
22.8,73.8,GJ,0.019912,1.0
22.8,73.98,GJ,0.019912,1.0
22.8,74.16,GJ,0.019912,1.0
22.8,74.34,GJ,0.019556,0.982102
22.8,74.34,W.MP,0.000335,0.016812
22.8,74.52,GJ,0.001784,0.089599
22.8,74.52,W.MP,0.017885,0.898203
22.8,74.7,W.MP,0.019912,1.0
22.8,74.88,W.MP,0.019912,1.0
22.8,75.06,W.MP,0.019912,1.0
22.8,75.24,W.MP,0.019912,1.0
22.8,75.42,W.MP,0.019912,1.0
22.8,75.6,W.MP,0.019912,1.0
22.8,75.78,W.MP,0.019912,1.0
22.8,75.96,W.MP,0.019912,1.0
22.8,76.14,W.MP,0.019912,1.0
22.8,76.32,W.MP,0.019912,1.0
22.8,76.5,W.MP,0.019912,1.0
22.8,76.68,W.MP,0.019912,1.0
22.8,76.86,W.MP,0.019912,1.0
22.8,77.04,W.MP,0.019912,1.0
22.8,77.22,W.MP,0.019912,1.0
22.8,77.4,W.MP,0.019912,1.0
22.8,77.58,W.MP,0.019912,1.0
22.8,77.76,W.MP,0.019912,1.0
22.8,77.94,W.MP,0.019912,1.0
22.8,78.12,W.MP,0.019912,1.0
22.8,78.3,W.MP,0.019912,1.0
22.8,78.48,W.MP,0.019912,1.0
22.8,78.66,E.MP,0.01292,0.64887
22.8,78.66,W.MP,0.006992,0.35113
22.8,78.84,E.MP,0.019912,1.0
22.8,79.02,E.MP,0.019912,1.0
22.8,79.2,E.MP,0.019912,1.0
22.8,79.38,E.MP,0.019912,1.0
22.8,79.56,E.MP,0.019912,1.0
22.8,79.74,E.MP,0.019912,1.0
22.8,79.92,E.MP,0.019912,1.0
22.8,80.1,E.MP,0.019912,1.0
22.8,80.28,E.MP,0.019912,1.0
22.8,80.46,E.MP,0.019912,1.0
22.8,80.64,E.MP,0.019912,1.0
22.8,80.82,E.MP,0.019912,1.0
22.8,81.0,E.MP,0.019912,1.0
22.8,81.18,E.MP,0.019912,1.0
22.8,81.36,E.MP,0.019912,1.0
22.8,81.54,E.MP,0.019912,1.0
22.8,81.72,CG,0.00355,0.178284
22.8,81.72,E.MP,0.016362,0.821716
22.8,81.9,CG,0.019912,1.0
22.8,82.08,CG,0.019912,1.0
22.8,82.26,CG,0.019912,1.0
22.8,82.44,CG,0.019912,1.0
22.8,82.62,CG,0.019912,1.0
22.8,82.8,CG,0.019912,1.0
22.8,82.98,CG,0.019912,1.0
22.8,83.16,CG,0.019912,1.0
22.8,83.34,CG,0.019912,1.0
22.8,83.52,CG,0.019912,1.0
22.8,83.7,CG,0.019912,1.0
22.8,83.88,CG,0.019912,1.0
22.8,84.06,CG,0.019912,1.0
22.8,84.24,CG,0.016595,0.83341
22.8,84.24,JH,0.003317,0.16659
22.8,84.42,CG,3.4e-05,0.001704
22.8,84.42,JH,0.019878,0.998296
22.8,84.6,JH,0.019912,1.0
22.8,84.78,JH,0.019912,1.0
22.8,84.96,JH,0.019912,1.0
22.8,85.14,JH,0.019912,1.0
22.8,85.32,JH,0.019912,1.0
22.8,85.5,JH,0.019912,1.0
22.8,85.68,JH,0.019912,1.0
22.8,85.86,JH,0.019912,1.0
22.8,86.04,JH,0.019912,1.0
22.8,86.22,JH,0.019912,1.0
22.8,86.4,GWB,0.005664,0.284431
22.8,86.4,JH,0.014249,0.715569
22.8,86.58,GWB,0.019912,1.0
22.8,86.76,GWB,0.019912,1.0
22.8,86.94,GWB,0.019912,1.0
22.8,87.12,GWB,0.019912,1.0
22.8,87.3,GWB,0.019912,1.0
22.8,87.48,GWB,0.019912,1.0
22.8,87.66,GWB,0.019912,1.0
22.8,87.84,GWB,0.019912,1.0
22.8,88.02,GWB,0.019912,1.0
22.8,88.2,GWB,0.019912,1.0
22.8,88.38,GWB,0.019912,1.0
22.8,88.56,GWB,0.019912,1.0
22.8,88.74,GWB,0.019912,1.0
22.8,88.92,GWB,0.013331,0.669509
22.8,92.52,NE.HL,0.015458,0.776304
22.8,92.7,NE.HL,0.019912,1.0
22.8,92.88,NE.HL,0.019912,1.0
22.8,93.06,NE.HL,0.015476,0.777209
22.92,68.94,SAU/KCH,0.001323,0.066513
22.92,69.12,SAU/KCH,0.015143,0.761156
22.92,69.3,SAU/KCH,0.019895,1.0
22.92,69.48,SAU/KCH,0.019895,1.0
22.92,69.66,SAU/KCH,0.019895,1.0
22.92,69.84,SAU/KCH,0.019034,0.956752
22.92,70.02,SAU/KCH,0.013285,0.667747
22.92,70.2,SAU/KCH,0.004341,0.218197
22.92,70.38,SAU/KCH,0.010994,0.552634
22.92,70.56,SAU/KCH,0.019895,1.0
22.92,70.74,SAU/KCH,0.019895,1.0
22.92,70.92,SAU/KCH,0.019895,1.0
22.92,71.1,SAU/KCH,0.019895,1.0
22.92,71.28,SAU/KCH,0.019895,1.0
22.92,71.46,SAU/KCH,0.019895,1.0
22.92,71.64,SAU/KCH,0.019895,1.0
22.92,71.82,SAU/KCH,0.019895,1.0
22.92,72.0,GJ,0.010392,0.522327
22.92,72.0,SAU/KCH,0.009503,0.477673
22.92,72.18,GJ,0.019895,1.0
22.92,72.36,GJ,0.019895,1.0
22.92,72.54,GJ,0.019895,1.0
22.92,72.72,GJ,0.019895,1.0
22.92,72.9,GJ,0.019895,1.0
22.92,73.08,GJ,0.019895,1.0
22.92,73.26,GJ,0.019895,1.0
22.92,73.44,GJ,0.019895,1.0
22.92,73.62,GJ,0.019895,1.0
22.92,73.8,GJ,0.019895,1.0
22.92,73.98,GJ,0.019895,1.0
22.92,74.16,GJ,0.019895,1.0
22.92,74.34,GJ,0.015129,0.760458
22.92,74.34,W.MP,0.00492,0.247281
22.92,74.52,GJ,0.001701,0.085482
22.92,74.52,W.MP,0.01815,0.912328
22.92,74.7,W.MP,0.019895,1.0
22.92,74.88,W.MP,0.019895,1.0
22.92,75.06,W.MP,0.019895,1.0
22.92,75.24,W.MP,0.019895,1.0
22.92,75.42,W.MP,0.019895,1.0
22.92,75.6,W.MP,0.019895,1.0
22.92,75.78,W.MP,0.019895,1.0
22.92,75.96,W.MP,0.019895,1.0
22.92,76.14,W.MP,0.019895,1.0
22.92,76.32,W.MP,0.019895,1.0
22.92,76.5,W.MP,0.019895,1.0
22.92,76.68,W.MP,0.019895,1.0
22.92,76.86,W.MP,0.019895,1.0
22.92,77.04,W.MP,0.019895,1.0
22.92,77.22,W.MP,0.019895,1.0
22.92,77.4,W.MP,0.019895,1.0
22.92,77.58,W.MP,0.019895,1.0
22.92,77.76,W.MP,0.019895,1.0
22.92,77.94,W.MP,0.019895,1.0
22.92,78.12,W.MP,0.019895,1.0
22.92,78.3,W.MP,0.019895,1.0
22.92,78.48,E.MP,0.002109,0.106012
22.92,78.48,W.MP,0.017786,0.893988
22.92,78.66,E.MP,0.018829,0.94644
22.92,78.66,W.MP,0.001066,0.05356
22.92,78.84,E.MP,0.019895,1.0
22.92,79.02,E.MP,0.019895,1.0
22.92,79.2,E.MP,0.019895,1.0
22.92,79.38,E.MP,0.019895,1.0
22.92,79.56,E.MP,0.019895,1.0
22.92,79.74,E.MP,0.019895,1.0
22.92,79.92,E.MP,0.019895,1.0
22.92,80.1,E.MP,0.019895,1.0
22.92,80.28,E.MP,0.019895,1.0
22.92,80.46,E.MP,0.019895,1.0
22.92,80.64,E.MP,0.019895,1.0
22.92,80.82,E.MP,0.019895,1.0
22.92,81.0,E.MP,0.019895,1.0
22.92,81.18,E.MP,0.019895,1.0
22.92,81.36,E.MP,0.019895,1.0
22.92,81.54,E.MP,0.019895,1.0
22.92,81.72,CG,0.000514,0.025853
22.92,81.72,E.MP,0.01938,0.974147
22.92,81.9,CG,0.011653,0.585729
22.92,81.9,E.MP,0.008242,0.414271
22.92,82.08,CG,0.019895,1.0
22.92,82.26,CG,0.019895,1.0
22.92,82.44,CG,0.019895,1.0
22.92,82.62,CG,0.019895,1.0
22.92,82.8,CG,0.019895,1.0
22.92,82.98,CG,0.019895,1.0
22.92,83.16,CG,0.019895,1.0
22.92,83.34,CG,0.019895,1.0
22.92,83.52,CG,0.019895,1.0
22.92,83.7,CG,0.019895,1.0
22.92,83.88,CG,0.019895,1.0
22.92,84.06,CG,0.019895,1.0
22.92,84.24,CG,0.019096,0.959877
22.92,84.24,JH,0.000798,0.040123
22.92,84.42,CG,0.005966,0.299884
22.92,84.42,JH,0.013929,0.700116
22.92,84.6,JH,0.019895,1.0
22.92,84.78,JH,0.019895,1.0
22.92,84.96,JH,0.019895,1.0
22.92,85.14,JH,0.019895,1.0
22.92,85.32,JH,0.019895,1.0
22.92,85.5,JH,0.019895,1.0
22.92,85.68,JH,0.019895,1.0
22.92,85.86,JH,0.019895,1.0
22.92,86.04,JH,0.019895,1.0
22.92,86.22,JH,0.019895,1.0
22.92,86.4,GWB,0.002723,0.136851
22.92,86.4,JH,0.017172,0.863149
22.92,86.58,GWB,0.01857,0.933417
22.92,86.58,JH,0.001325,0.066583
22.92,86.76,GWB,0.019895,1.0
22.92,86.94,GWB,0.019895,1.0
22.92,87.12,GWB,0.019895,1.0
22.92,87.3,GWB,0.019895,1.0
22.92,87.48,GWB,0.019895,1.0
22.92,87.66,GWB,0.019895,1.0
22.92,87.84,GWB,0.019895,1.0
22.92,88.02,GWB,0.019895,1.0
22.92,88.2,GWB,0.019895,1.0
22.92,88.38,GWB,0.019895,1.0
22.92,88.56,GWB,0.019895,1.0
22.92,88.74,GWB,0.019895,1.0
22.92,88.92,GWB,0.008615,0.433054
22.92,91.62,NE.HL,0.001258,0.063225
22.92,92.34,NE.HL,0.002922,0.146862
22.92,92.52,NE.HL,0.019134,0.96175
22.92,92.7,NE.HL,0.019895,1.0
22.92,92.88,NE.HL,0.019895,1.0
22.92,93.06,NE.HL,0.01878,0.943953
22.92,93.24,NE.HL,0.000271,0.013621
23.04,68.76,SAU/KCH,0.002958,0.148829
23.04,68.94,SAU/KCH,0.016506,0.830432
23.04,69.12,SAU/KCH,0.019877,1.0
23.04,69.3,SAU/KCH,0.019877,1.0
23.04,69.48,SAU/KCH,0.019877,1.0
23.04,69.66,SAU/KCH,0.019877,1.0
23.04,69.84,SAU/KCH,0.019877,1.0
23.04,70.02,SAU/KCH,0.019877,1.0
23.04,70.2,SAU/KCH,0.01969,0.990602
23.04,70.38,SAU/KCH,0.016072,0.808574
23.04,70.56,SAU/KCH,0.019254,0.968674
23.04,70.74,SAU/KCH,0.019877,1.0
23.04,70.92,SAU/KCH,0.019877,1.0
23.04,71.1,SAU/KCH,0.019877,1.0
23.04,71.28,SAU/KCH,0.019877,1.0
23.04,71.46,SAU/KCH,0.019877,1.0
23.04,71.64,SAU/KCH,0.019877,1.0
23.04,71.82,GJ,1.3e-05,0.000678
23.04,71.82,SAU/KCH,0.019864,0.999322
23.04,72.0,GJ,0.011896,0.598464
23.04,72.0,SAU/KCH,0.007981,0.401536
23.04,72.18,GJ,0.019877,1.0
23.04,72.36,GJ,0.019877,1.0
23.04,72.54,GJ,0.019877,1.0
23.04,72.72,GJ,0.019877,1.0
23.04,72.9,GJ,0.019877,1.0
23.04,73.08,GJ,0.019877,1.0
23.04,73.26,GJ,0.019877,1.0
23.04,73.44,GJ,0.019877,1.0
23.04,73.62,GJ,0.019877,1.0
23.04,73.8,GJ,0.019877,1.0
23.04,73.98,GJ,0.019877,1.0
23.04,74.16,GJ,0.019877,1.0
23.04,74.34,GJ,0.008691,0.43726
23.04,74.34,W.MP,0.009348,0.470293
23.04,74.34,E.RJ,0.001893,0.095249
23.04,74.52,W.MP,0.018739,0.942752
23.04,74.52,E.RJ,0.001138,0.057248
23.04,74.7,W.MP,0.019877,1.0
23.04,74.88,W.MP,0.019877,1.0
23.04,75.06,W.MP,0.019877,1.0
23.04,75.24,W.MP,0.019877,1.0
23.04,75.42,W.MP,0.019877,1.0
23.04,75.6,W.MP,0.019877,1.0
23.04,75.78,W.MP,0.019877,1.0
23.04,75.96,W.MP,0.019877,1.0
23.04,76.14,W.MP,0.019877,1.0
23.04,76.32,W.MP,0.019877,1.0
23.04,76.5,W.MP,0.019877,1.0
23.04,76.68,W.MP,0.019877,1.0
23.04,76.86,W.MP,0.019877,1.0
23.04,77.04,W.MP,0.019877,1.0
23.04,77.22,W.MP,0.019877,1.0
23.04,77.4,W.MP,0.019877,1.0
23.04,77.58,W.MP,0.019877,1.0
23.04,77.76,W.MP,0.019877,1.0
23.04,77.94,W.MP,0.019877,1.0
23.04,78.12,W.MP,0.019877,1.0
23.04,78.3,W.MP,0.019877,1.0
23.04,78.48,E.MP,0.002869,0.144315
23.04,78.48,W.MP,0.017008,0.855685
23.04,78.66,E.MP,0.008532,0.429263
23.04,78.66,W.MP,0.011345,0.570737
23.04,78.84,E.MP,0.019291,0.97053
23.04,78.84,W.MP,0.000586,0.02947
23.04,79.02,E.MP,0.019877,1.0
23.04,79.2,E.MP,0.019877,1.0
23.04,79.38,E.MP,0.019877,1.0
23.04,79.56,E.MP,0.019877,1.0
23.04,79.74,E.MP,0.019877,1.0
23.04,79.92,E.MP,0.019877,1.0
23.04,80.1,E.MP,0.019877,1.0
23.04,80.28,E.MP,0.019877,1.0
23.04,80.46,E.MP,0.019877,1.0
23.04,80.64,E.MP,0.019877,1.0
23.04,80.82,E.MP,0.019877,1.0
23.04,81.0,E.MP,0.019877,1.0
23.04,81.18,E.MP,0.019877,1.0
23.04,81.36,E.MP,0.019877,1.0
23.04,81.54,E.MP,0.019877,1.0
23.04,81.72,E.MP,0.019877,1.0
23.04,81.9,CG,0.004627,0.232805
23.04,81.9,E.MP,0.01525,0.767195
23.04,82.08,CG,0.018844,0.948033
23.04,82.08,E.MP,0.001007,0.050685
23.04,82.26,CG,0.019877,1.0
23.04,82.44,CG,0.019877,1.0
23.04,82.62,CG,0.019877,1.0
23.04,82.8,CG,0.019877,1.0
23.04,82.98,CG,0.019877,1.0
23.04,83.16,CG,0.019877,1.0
23.04,83.34,CG,0.019877,1.0
23.04,83.52,CG,0.019877,1.0
23.04,83.7,CG,0.019877,1.0
23.04,83.88,CG,0.019877,1.0
23.04,84.06,CG,0.018149,0.913088
23.04,84.06,JH,0.001728,0.086912
23.04,84.24,CG,0.001283,0.064544
23.04,84.24,JH,0.018594,0.935456
23.04,84.42,CG,5e-06,0.000244
23.04,84.42,JH,0.019872,0.999756
23.04,84.6,JH,0.019877,1.0
23.04,84.78,JH,0.019877,1.0
23.04,84.96,JH,0.019877,1.0
23.04,85.14,JH,0.019877,1.0
23.04,85.32,JH,0.019877,1.0
23.04,85.5,JH,0.019877,1.0
23.04,85.68,JH,0.019877,1.0
23.04,85.86,JH,0.019877,1.0
23.04,86.04,GWB,0.000186,0.009362
23.04,86.04,JH,0.019691,0.990638
23.04,86.22,GWB,0.013039,0.655997
23.04,86.22,JH,0.006742,0.339181
23.04,86.4,GWB,0.017497,0.880268
23.04,86.4,JH,0.00238,0.119732
23.04,86.58,GWB,0.019637,0.987907
23.04,86.58,JH,0.00024,0.012093
23.04,86.76,GWB,0.019877,1.0
23.04,86.94,GWB,0.019877,1.0
23.04,87.12,GWB,0.019877,1.0
23.04,87.3,GWB,0.019877,1.0
23.04,87.48,GWB,0.019877,1.0
23.04,87.66,GWB,0.019877,1.0
23.04,87.84,GWB,0.019877,1.0
23.04,88.02,GWB,0.019877,1.0
23.04,88.2,GWB,0.019877,1.0
23.04,88.38,GWB,0.019877,1.0
23.04,88.56,GWB,0.019877,1.0
23.04,88.74,GWB,0.019877,1.0
23.04,88.92,GWB,0.004681,0.23552
23.04,91.44,NE.HL,0.001289,0.064872
23.04,91.62,NE.HL,0.018137,0.912442
23.04,91.8,NE.HL,0.006813,0.342755
23.04,92.34,NE.HL,0.004688,0.235864
23.04,92.52,NE.HL,0.019877,1.0
23.04,92.7,NE.HL,0.019877,1.0
23.04,92.88,NE.HL,0.019877,1.0
23.04,93.06,NE.HL,0.018678,0.939655
23.04,93.24,NE.HL,0.012241,0.615845
23.04,93.42,NE.HL,0.000864,0.043478
23.16,68.58,SAU/KCH,0.002554,0.128622
23.16,68.76,SAU/KCH,0.018325,0.922723
23.16,68.94,SAU/KCH,0.019859,1.0
23.16,69.12,SAU/KCH,0.019859,1.0
23.16,69.3,SAU/KCH,0.019859,1.0
23.16,69.48,SAU/KCH,0.019859,1.0
23.16,69.66,SAU/KCH,0.019859,1.0
23.16,69.84,SAU/KCH,0.019859,1.0
23.16,70.02,SAU/KCH,0.019859,1.0
23.16,70.2,SAU/KCH,0.019859,1.0
23.16,70.38,SAU/KCH,0.019859,1.0
23.16,70.56,SAU/KCH,0.019859,1.0
23.16,70.74,SAU/KCH,0.019859,1.0
23.16,70.92,SAU/KCH,0.019859,1.0
23.16,71.1,SAU/KCH,0.019859,1.0
23.16,71.28,SAU/KCH,0.019859,1.0
23.16,71.46,SAU/KCH,0.019859,1.0
23.16,71.64,SAU/KCH,0.019859,1.0
23.16,71.82,GJ,0.000362,0.018217
23.16,71.82,SAU/KCH,0.019497,0.981783
23.16,72.0,GJ,0.018253,0.919113
23.16,72.0,SAU/KCH,0.001606,0.080887
23.16,72.18,GJ,0.019859,1.0
23.16,72.36,GJ,0.019859,1.0
23.16,72.54,GJ,0.019859,1.0
23.16,72.72,GJ,0.019859,1.0
23.16,72.9,GJ,0.019859,1.0
23.16,73.08,GJ,0.019859,1.0
23.16,73.26,GJ,0.019859,1.0
23.16,73.44,GJ,0.019859,1.0
23.16,73.62,GJ,0.019859,1.0
23.16,73.8,GJ,0.019859,1.0
23.16,73.98,GJ,0.019859,1.0
23.16,74.16,GJ,0.014536,0.731969
23.16,74.16,E.RJ,0.00535,0.269374
23.16,74.34,GJ,0.001478,0.074435
23.16,74.34,W.MP,0.000183,0.009196
23.16,74.34,E.RJ,0.018198,0.916368
23.16,74.52,W.MP,0.002271,0.114332
23.16,74.52,E.RJ,0.017589,0.885668
23.16,74.7,W.MP,0.015729,0.792009
23.16,74.7,E.RJ,0.004131,0.207991
23.16,74.88,W.MP,0.019859,1.0
23.16,75.06,W.MP,0.019859,1.0
23.16,75.24,W.MP,0.019859,1.0
23.16,75.42,W.MP,0.019859,1.0
23.16,75.6,W.MP,0.019859,1.0
23.16,75.78,W.MP,0.019859,1.0
23.16,75.96,W.MP,0.019859,1.0
23.16,76.14,W.MP,0.019859,1.0
23.16,76.32,W.MP,0.019859,1.0
23.16,76.5,W.MP,0.019859,1.0
23.16,76.68,W.MP,0.019859,1.0
23.16,76.86,W.MP,0.019859,1.0
23.16,77.04,W.MP,0.019859,1.0
23.16,77.22,W.MP,0.019859,1.0
23.16,77.4,W.MP,0.019859,1.0
23.16,77.58,W.MP,0.019859,1.0
23.16,77.76,W.MP,0.019859,1.0
23.16,77.94,W.MP,0.019859,1.0
23.16,78.12,W.MP,0.019859,1.0
23.16,78.3,W.MP,0.019859,1.0
23.16,78.48,W.MP,0.019859,1.0
23.16,78.66,W.MP,0.019859,1.0
23.16,78.84,E.MP,0.014201,0.715104
23.16,78.84,W.MP,0.005658,0.284896
23.16,79.02,E.MP,0.019859,1.0
23.16,79.2,E.MP,0.019859,1.0
23.16,79.38,E.MP,0.019859,1.0
23.16,79.56,E.MP,0.019859,1.0
23.16,79.74,E.MP,0.019859,1.0
23.16,79.92,E.MP,0.019859,1.0
23.16,80.1,E.MP,0.019859,1.0
23.16,80.28,E.MP,0.019859,1.0
23.16,80.46,E.MP,0.019859,1.0
23.16,80.64,E.MP,0.019859,1.0
23.16,80.82,E.MP,0.019859,1.0
23.16,81.0,E.MP,0.019859,1.0
23.16,81.18,E.MP,0.019859,1.0
23.16,81.36,E.MP,0.019859,1.0
23.16,81.54,E.MP,0.019859,1.0
23.16,81.72,E.MP,0.019859,1.0
23.16,81.9,E.MP,0.019859,1.0
23.16,82.08,CG,0.003157,0.158946
23.16,82.08,E.MP,0.016409,0.826282
23.16,82.26,CG,0.019859,1.0
23.16,82.44,CG,0.019859,1.0
23.16,82.62,CG,0.019859,1.0
23.16,82.8,CG,0.019859,1.0
23.16,82.98,CG,0.019859,1.0
23.16,83.16,CG,0.019859,1.0
23.16,83.34,CG,0.019859,1.0
23.16,83.52,CG,0.019859,1.0
23.16,83.7,CG,0.019859,1.0
23.16,83.88,CG,0.019859,1.0
23.16,84.06,CG,0.009484,0.477555
23.16,84.06,JH,0.010533,0.530388
23.16,84.24,JH,0.019859,1.0
23.16,84.42,JH,0.019859,1.0
23.16,84.6,JH,0.019859,1.0
23.16,84.78,JH,0.019859,1.0
23.16,84.96,JH,0.019859,1.0
23.16,85.14,JH,0.019859,1.0
23.16,85.32,JH,0.019859,1.0
23.16,85.5,JH,0.019859,1.0
23.16,85.68,JH,0.019859,1.0
23.16,85.86,GWB,0.005831,0.293607
23.16,85.86,JH,0.014073,0.708656
23.16,86.04,GWB,0.015903,0.800766
23.16,86.04,JH,0.004333,0.218209
23.16,86.22,GWB,0.019859,1.0
23.16,86.4,GWB,0.019859,1.0
23.16,86.58,GWB,0.019859,1.0
23.16,86.76,GWB,0.019859,1.0
23.16,86.94,GWB,0.019859,1.0
23.16,87.12,GWB,0.019859,1.0
23.16,87.3,GWB,0.019859,1.0
23.16,87.48,GWB,0.019859,1.0
23.16,87.66,GWB,0.019859,1.0
23.16,87.84,GWB,0.019859,1.0
23.16,88.02,GWB,0.019859,1.0
23.16,88.2,GWB,0.019859,1.0
23.16,88.38,GWB,0.019859,1.0
23.16,88.56,GWB,0.019859,1.0
23.16,88.74,GWB,0.019833,0.998688
23.16,88.92,GWB,0.012263,0.617483
23.16,91.26,NE.HL,0.00158,0.079535
23.16,91.44,NE.HL,0.008038,0.40474
23.16,91.62,NE.HL,0.019859,1.0
23.16,91.8,NE.HL,0.010541,0.530787
23.16,92.34,NE.HL,0.007418,0.373504
23.16,92.52,NE.HL,0.019859,1.0
23.16,92.7,NE.HL,0.019859,1.0
23.16,92.88,NE.HL,0.019859,1.0
23.16,93.06,NE.HL,0.019859,1.0
23.16,93.24,NE.HL,0.019859,1.0
23.16,93.42,NE.HL,0.005359,0.269867
23.28,68.58,SAU/KCH,0.006933,0.349437
23.28,68.76,SAU/KCH,0.019712,0.993492
23.28,68.94,SAU/KCH,0.019841,1.0
23.28,69.12,SAU/KCH,0.019841,1.0
23.28,69.3,SAU/KCH,0.019841,1.0
23.28,69.48,SAU/KCH,0.019841,1.0
23.28,69.66,SAU/KCH,0.019841,1.0
23.28,69.84,SAU/KCH,0.019841,1.0
23.28,70.02,SAU/KCH,0.019841,1.0
23.28,70.2,SAU/KCH,0.019841,1.0
23.28,70.38,SAU/KCH,0.019841,1.0
23.28,70.56,SAU/KCH,0.019841,1.0
23.28,70.74,SAU/KCH,0.019841,1.0
23.28,70.92,SAU/KCH,0.019841,1.0
23.28,71.1,SAU/KCH,0.019841,1.0
23.28,71.28,SAU/KCH,0.019841,1.0
23.28,71.46,SAU/KCH,0.019841,1.0
23.28,71.64,SAU/KCH,0.019841,1.0
23.28,71.82,GJ,0.002921,0.147207
23.28,71.82,SAU/KCH,0.016921,0.852793
23.28,72.0,GJ,0.0173,0.871899
23.28,72.0,SAU/KCH,0.002542,0.128101
23.28,72.18,GJ,0.019841,1.0
23.28,72.36,GJ,0.019841,1.0
23.28,72.54,GJ,0.019841,1.0
23.28,72.72,GJ,0.019841,1.0
23.28,72.9,GJ,0.019841,1.0
23.28,73.08,GJ,0.019841,1.0
23.28,73.26,GJ,0.019841,1.0
23.28,73.44,GJ,0.019841,1.0
23.28,73.62,GJ,0.019841,1.0
23.28,73.8,GJ,0.019839,0.999898
23.28,73.8,E.RJ,2e-06,0.000102
23.28,73.98,GJ,0.017958,0.905064
23.28,73.98,E.RJ,0.001873,0.094394
23.28,74.16,GJ,0.003729,0.187917
23.28,74.16,E.RJ,0.016167,0.814829
23.28,74.34,E.RJ,0.019841,1.0
23.28,74.52,W.MP,0.003773,0.19014
23.28,74.52,E.RJ,0.016069,0.80986
23.28,74.7,W.MP,0.015498,0.781117
23.28,74.7,E.RJ,0.004343,0.218883
23.28,74.88,W.MP,0.019841,1.0
23.28,75.06,W.MP,0.019841,1.0
23.28,75.24,W.MP,0.019841,1.0
23.28,75.42,W.MP,0.019841,1.0
23.28,75.6,W.MP,0.019841,1.0
23.28,75.78,W.MP,0.019841,1.0
23.28,75.96,W.MP,0.019841,1.0
23.28,76.14,W.MP,0.019841,1.0
23.28,76.32,W.MP,0.019841,1.0
23.28,76.5,W.MP,0.019841,1.0
23.28,76.68,W.MP,0.019841,1.0
23.28,76.86,W.MP,0.019841,1.0
23.28,77.04,W.MP,0.019841,1.0
23.28,77.22,W.MP,0.019841,1.0
23.28,77.4,W.MP,0.019841,1.0
23.28,77.58,W.MP,0.019841,1.0
23.28,77.76,W.MP,0.019841,1.0
23.28,77.94,W.MP,0.019841,1.0
23.28,78.12,W.MP,0.019841,1.0
23.28,78.3,W.MP,0.019841,1.0
23.28,78.48,W.MP,0.019841,1.0
23.28,78.66,E.MP,0.00022,0.011064
23.28,78.66,W.MP,0.019622,0.988936
23.28,78.84,E.MP,0.017733,0.893721
23.28,78.84,W.MP,0.002109,0.106279
23.28,79.02,E.MP,0.019841,1.0
23.28,79.2,E.MP,0.019841,1.0
23.28,79.38,E.MP,0.019841,1.0
23.28,79.56,E.MP,0.019841,1.0
23.28,79.74,E.MP,0.019841,1.0
23.28,79.92,E.MP,0.019841,1.0
23.28,80.1,E.MP,0.019841,1.0
23.28,80.28,E.MP,0.019841,1.0
23.28,80.46,E.MP,0.019841,1.0
23.28,80.64,E.MP,0.019841,1.0
23.28,80.82,E.MP,0.019841,1.0
23.28,81.0,E.MP,0.019841,1.0
23.28,81.18,E.MP,0.019841,1.0
23.28,81.36,E.MP,0.019841,1.0
23.28,81.54,E.MP,0.019841,1.0
23.28,81.72,E.MP,0.019841,1.0
23.28,81.9,E.MP,0.019841,1.0
23.28,82.08,CG,0.00039,0.019649
23.28,82.08,E.MP,0.019438,0.979674
23.28,82.26,CG,0.018433,0.929036
23.28,82.26,E.MP,0.001421,0.071606
23.28,82.44,CG,0.019841,1.0
23.28,82.62,CG,0.019841,1.0
23.28,82.8,CG,0.019841,1.0
23.28,82.98,CG,0.019841,1.0
23.28,83.16,CG,0.019841,1.0
23.28,83.34,CG,0.019841,1.0
23.28,83.52,CG,0.019841,1.0
23.28,83.7,CG,0.019841,1.0
23.28,83.88,CG,0.019841,1.0
23.28,84.06,CG,0.010657,0.53711
23.28,84.06,JH,0.009184,0.46289
23.28,84.24,JH,0.019841,1.0
23.28,84.42,JH,0.019841,1.0
23.28,84.6,JH,0.019841,1.0
23.28,84.78,JH,0.019841,1.0
23.28,84.96,JH,0.019841,1.0
23.28,85.14,JH,0.019841,1.0
23.28,85.32,JH,0.019841,1.0
23.28,85.5,JH,0.019841,1.0
23.28,85.68,JH,0.019841,1.0
23.28,85.86,GWB,0.01079,0.543815
23.28,85.86,JH,0.009051,0.456185
23.28,86.04,GWB,0.019841,1.0
23.28,86.22,GWB,0.019841,1.0
23.28,86.4,GWB,0.019841,1.0
23.28,86.58,GWB,0.019841,1.0
23.28,86.76,GWB,0.019841,1.0
23.28,86.94,GWB,0.019841,1.0
23.28,87.12,GWB,0.019841,1.0
23.28,87.3,GWB,0.019841,1.0
23.28,87.48,GWB,0.019841,1.0
23.28,87.66,GWB,0.019841,1.0
23.28,87.84,GWB,0.019841,1.0
23.28,88.02,GWB,0.019841,1.0
23.28,88.2,GWB,0.019841,1.0
23.28,88.38,GWB,0.019841,1.0
23.28,88.56,GWB,0.019841,1.0
23.28,88.74,GWB,0.00974,0.490878
23.28,88.92,GWB,0.000859,0.043317
23.28,91.26,NE.HL,0.003834,0.193228
23.28,91.44,NE.HL,0.017228,0.868292
23.28,91.62,NE.HL,0.019841,1.0
23.28,91.8,NE.HL,0.008818,0.444402
23.28,92.34,NE.HL,0.004679,0.235818
23.28,92.52,NE.HL,0.019841,1.0
23.28,92.7,NE.HL,0.019841,1.0
23.28,92.88,NE.HL,0.019841,1.0
23.28,93.06,NE.HL,0.019841,1.0
23.28,93.24,NE.HL,0.019841,1.0
23.28,93.42,NE.HL,0.005418,0.273067
23.4,68.4,SAU/KCH,0.00178,0.089796
23.4,68.58,SAU/KCH,0.01233,0.621969
23.4,68.76,SAU/KCH,0.019823,1.0
23.4,68.94,SAU/KCH,0.019823,1.0
23.4,69.12,SAU/KCH,0.019823,1.0
23.4,69.3,SAU/KCH,0.019823,1.0
23.4,69.48,SAU/KCH,0.019823,1.0
23.4,69.66,SAU/KCH,0.019823,1.0
23.4,69.84,SAU/KCH,0.019823,1.0
23.4,70.02,SAU/KCH,0.019823,1.0
23.4,70.2,SAU/KCH,0.019823,1.0
23.4,70.38,SAU/KCH,0.019823,1.0
23.4,70.56,SAU/KCH,0.019823,1.0
23.4,70.74,SAU/KCH,0.019823,1.0
23.4,70.92,SAU/KCH,0.019823,1.0
23.4,71.1,SAU/KCH,0.019823,1.0
23.4,71.28,SAU/KCH,0.019823,1.0
23.4,71.46,SAU/KCH,0.019823,1.0
23.4,71.64,SAU/KCH,0.019823,1.0
23.4,71.82,GJ,0.00453,0.228535
23.4,71.82,SAU/KCH,0.015319,0.772745
23.4,72.0,GJ,0.016431,0.828867
23.4,72.0,SAU/KCH,0.003422,0.17264
23.4,72.18,GJ,0.019823,1.0
23.4,72.36,GJ,0.019823,1.0
23.4,72.54,GJ,0.019823,1.0
23.4,72.72,GJ,0.019823,1.0
23.4,72.9,GJ,0.019823,1.0
23.4,73.08,GJ,0.019823,1.0
23.4,73.26,GJ,0.019823,1.0
23.4,73.44,GJ,0.019823,1.0
23.4,73.62,GJ,0.018812,0.948974
23.4,73.62,E.RJ,0.001012,0.051026
23.4,73.8,GJ,0.013429,0.677431
23.4,73.8,E.RJ,0.006394,0.322569
23.4,73.98,GJ,0.000892,0.044982
23.4,73.98,E.RJ,0.018683,0.942469
23.4,74.16,E.RJ,0.019823,1.0
23.4,74.34,E.RJ,0.019823,1.0
23.4,74.52,W.MP,0.003911,0.197288
23.4,74.52,E.RJ,0.015913,0.802712
23.4,74.7,W.MP,0.019805,0.99909
23.4,74.7,E.RJ,1.8e-05,0.00091
23.4,74.88,W.MP,0.019823,1.0
23.4,75.06,W.MP,0.019823,1.0
23.4,75.24,W.MP,0.019823,1.0
23.4,75.42,W.MP,0.019823,1.0
23.4,75.6,W.MP,0.019823,1.0
23.4,75.78,W.MP,0.019823,1.0
23.4,75.96,W.MP,0.019823,1.0
23.4,76.14,W.MP,0.019823,1.0
23.4,76.32,W.MP,0.019823,1.0
23.4,76.5,W.MP,0.019823,1.0
23.4,76.68,W.MP,0.019823,1.0
23.4,76.86,W.MP,0.019823,1.0
23.4,77.04,W.MP,0.019823,1.0
23.4,77.22,W.MP,0.019823,1.0
23.4,77.4,W.MP,0.019823,1.0
23.4,77.58,W.MP,0.019823,1.0
23.4,77.76,W.MP,0.019823,1.0
23.4,77.94,W.MP,0.019823,1.0
23.4,78.12,W.MP,0.019823,1.0
23.4,78.3,W.MP,0.019823,1.0
23.4,78.48,W.MP,0.019823,1.0
23.4,78.66,E.MP,0.01311,0.661358
23.4,78.66,W.MP,0.006713,0.338642
23.4,78.84,E.MP,0.019823,1.0
23.4,79.02,E.MP,0.019823,1.0
23.4,79.2,E.MP,0.019823,1.0
23.4,79.38,E.MP,0.019823,1.0
23.4,79.56,E.MP,0.019823,1.0
23.4,79.74,E.MP,0.019823,1.0
23.4,79.92,E.MP,0.019823,1.0
23.4,80.1,E.MP,0.019823,1.0
23.4,80.28,E.MP,0.019823,1.0
23.4,80.46,E.MP,0.019823,1.0
23.4,80.64,E.MP,0.019823,1.0
23.4,80.82,E.MP,0.019823,1.0
23.4,81.0,E.MP,0.019823,1.0
23.4,81.18,E.MP,0.019823,1.0
23.4,81.36,E.MP,0.019823,1.0
23.4,81.54,E.MP,0.019823,1.0
23.4,81.72,E.MP,0.019823,1.0
23.4,81.9,CG,0.000616,0.031094
23.4,81.9,E.MP,0.019207,0.968906
23.4,82.08,CG,0.012768,0.644064
23.4,82.08,E.MP,0.007056,0.355936
23.4,82.26,CG,0.019823,1.0
23.4,82.44,CG,0.019823,1.0
23.4,82.62,CG,0.019823,1.0
23.4,82.8,CG,0.019823,1.0
23.4,82.98,CG,0.019823,1.0
23.4,83.16,CG,0.019823,1.0
23.4,83.34,CG,0.019823,1.0
23.4,83.52,CG,0.019823,1.0
23.4,83.7,CG,0.019823,1.0
23.4,83.88,CG,0.019823,1.0
23.4,84.06,CG,0.003257,0.164287
23.4,84.06,JH,0.016517,0.833178
23.4,84.24,JH,0.019823,1.0
23.4,84.42,JH,0.019823,1.0
23.4,84.6,JH,0.019823,1.0
23.4,84.78,JH,0.019823,1.0
23.4,84.96,JH,0.019823,1.0
23.4,85.14,JH,0.019823,1.0
23.4,85.32,JH,0.019823,1.0
23.4,85.5,JH,0.019823,1.0
23.4,85.68,JH,0.019823,1.0
23.4,85.86,GWB,0.007732,0.390022
23.4,85.86,JH,0.012092,0.609978
23.4,86.04,GWB,0.019809,0.999263
23.4,86.04,JH,1.5e-05,0.000737
23.4,86.22,GWB,0.01804,0.910027
23.4,86.22,JH,0.001784,0.089973
23.4,86.4,GWB,0.019535,0.985435
23.4,86.4,JH,0.000289,0.014565
23.4,86.58,GWB,0.019823,1.0
23.4,86.76,GWB,0.019823,1.0
23.4,86.94,GWB,0.019823,1.0
23.4,87.12,GWB,0.019823,1.0
23.4,87.3,GWB,0.019823,1.0
23.4,87.48,GWB,0.019823,1.0
23.4,87.66,GWB,0.019823,1.0
23.4,87.84,GWB,0.019823,1.0
23.4,88.02,GWB,0.019823,1.0
23.4,88.2,GWB,0.019823,1.0
23.4,88.38,GWB,0.019823,1.0
23.4,88.56,GWB,0.019823,1.0
23.4,88.74,GWB,0.01259,0.635097
23.4,91.26,NE.HL,0.007377,0.372134
23.4,91.44,NE.HL,0.019823,1.0
23.4,91.62,NE.HL,0.019823,1.0
23.4,91.8,NE.HL,0.01579,0.796507
23.4,91.98,NE.HL,0.00126,0.063572
23.4,92.34,NE.HL,0.008015,0.404314
23.4,92.52,NE.HL,0.019823,1.0
23.4,92.7,NE.HL,0.019823,1.0
23.4,92.88,NE.HL,0.019823,1.0
23.4,93.06,NE.HL,0.019823,1.0
23.4,93.24,NE.HL,0.019823,1.0
23.4,93.42,NE.HL,0.007342,0.370378
23.52,68.4,SAU/KCH,0.002474,0.124903
23.52,68.58,SAU/KCH,0.019075,0.963122
23.52,68.76,SAU/KCH,0.019805,1.0
23.52,68.94,SAU/KCH,0.019805,1.0
23.52,69.12,SAU/KCH,0.019805,1.0
23.52,69.3,SAU/KCH,0.019805,1.0
23.52,69.48,SAU/KCH,0.019805,1.0
23.52,69.66,SAU/KCH,0.019805,1.0
23.52,69.84,SAU/KCH,0.019805,1.0
23.52,70.02,SAU/KCH,0.019805,1.0
23.52,70.2,SAU/KCH,0.019805,1.0
23.52,70.38,SAU/KCH,0.019805,1.0
23.52,70.56,SAU/KCH,0.019805,1.0
23.52,70.74,SAU/KCH,0.019805,1.0
23.52,70.92,SAU/KCH,0.019805,1.0
23.52,71.1,SAU/KCH,0.019805,1.0
23.52,71.28,SAU/KCH,0.019805,1.0
23.52,71.46,GJ,0.00824,0.416022
23.52,71.46,SAU/KCH,0.011566,0.583978
23.52,71.64,GJ,0.013401,0.676632
23.52,71.64,SAU/KCH,0.006404,0.323368
23.52,71.82,GJ,0.018343,0.926171
23.52,71.82,SAU/KCH,0.00137,0.069161
23.52,72.0,GJ,0.016139,0.814863
23.52,72.0,SAU/KCH,0.003721,0.187856
23.52,72.18,GJ,0.019805,1.0
23.52,72.36,GJ,0.019805,1.0
23.52,72.54,GJ,0.019805,1.0
23.52,72.72,GJ,0.019805,1.0
23.52,72.9,GJ,0.019805,1.0
23.52,73.08,GJ,0.019805,1.0
23.52,73.26,GJ,0.019805,1.0
23.52,73.44,GJ,0.019805,1.0
23.52,73.62,GJ,0.01239,0.625566
23.52,73.62,E.RJ,0.007416,0.374434
23.52,73.8,E.RJ,0.019805,1.0
23.52,73.98,E.RJ,0.019805,1.0
23.52,74.16,E.RJ,0.019805,1.0
23.52,74.34,E.RJ,0.019805,1.0
23.52,74.52,E.RJ,0.019805,1.0
23.52,74.7,W.MP,0.005442,0.274787
23.52,74.7,E.RJ,0.014363,0.725213
23.52,74.88,W.MP,0.017456,0.881375
23.52,74.88,E.RJ,0.002349,0.118625
23.52,75.06,W.MP,0.019805,1.0
23.52,75.24,W.MP,0.019805,1.0
23.52,75.42,W.MP,0.019805,1.0
23.52,75.6,W.MP,0.019805,1.0
23.52,75.78,W.MP,0.019805,1.0
23.52,75.96,W.MP,0.019805,1.0
23.52,76.14,W.MP,0.019805,1.0
23.52,76.32,W.MP,0.019805,1.0
23.52,76.5,W.MP,0.019805,1.0
23.52,76.68,W.MP,0.019805,1.0
23.52,76.86,W.MP,0.019805,1.0
23.52,77.04,W.MP,0.019805,1.0
23.52,77.22,W.MP,0.019805,1.0
23.52,77.4,W.MP,0.019805,1.0
23.52,77.58,W.MP,0.019805,1.0
23.52,77.76,W.MP,0.019805,1.0
23.52,77.94,W.MP,0.019805,1.0
23.52,78.12,W.MP,0.019805,1.0
23.52,78.3,W.MP,0.019805,1.0
23.52,78.48,E.MP,0.001564,0.078946
23.52,78.48,W.MP,0.018242,0.921054
23.52,78.66,E.MP,0.007563,0.381885
23.52,78.66,W.MP,0.012242,0.618115
23.52,78.84,E.MP,0.019805,1.0
23.52,79.02,E.MP,0.019805,1.0
23.52,79.2,E.MP,0.019805,1.0
23.52,79.38,E.MP,0.019805,1.0
23.52,79.56,E.MP,0.019805,1.0
23.52,79.74,E.MP,0.019805,1.0
23.52,79.92,E.MP,0.019805,1.0
23.52,80.1,E.MP,0.019805,1.0
23.52,80.28,E.MP,0.019805,1.0
23.52,80.46,E.MP,0.019805,1.0
23.52,80.64,E.MP,0.019805,1.0
23.52,80.82,E.MP,0.019805,1.0
23.52,81.0,E.MP,0.019805,1.0
23.52,81.18,E.MP,0.019805,1.0
23.52,81.36,E.MP,0.019805,1.0
23.52,81.54,CG,0.002033,0.102639
23.52,81.54,E.MP,0.017943,0.905956
23.52,81.72,CG,0.007001,0.353506
23.52,81.72,E.MP,0.01267,0.639739
23.52,81.9,CG,0.011532,0.582283
23.52,81.9,E.MP,0.008349,0.421549
23.52,82.08,CG,0.019805,1.0
23.52,82.26,CG,0.019805,1.0
23.52,82.44,CG,0.019805,1.0
23.52,82.62,CG,0.019805,1.0
23.52,82.8,CG,0.019805,1.0
23.52,82.98,CG,0.019805,1.0
23.52,83.16,CG,0.019805,1.0
23.52,83.34,CG,0.019805,1.0
23.52,83.52,CG,0.019805,1.0
23.52,83.7,CG,0.019805,1.0
23.52,83.88,CG,0.018954,0.956993
23.52,83.88,JH,0.000852,0.043007
23.52,84.06,CG,0.005042,0.254552
23.52,84.06,JH,0.014764,0.745448
23.52,84.24,JH,0.019805,1.0
23.52,84.42,JH,0.019805,1.0
23.52,84.6,JH,0.019805,1.0
23.52,84.78,JH,0.019805,1.0
23.52,84.96,JH,0.019805,1.0
23.52,85.14,JH,0.019805,1.0
23.52,85.32,JH,0.019805,1.0
23.52,85.5,JH,0.019805,1.0
23.52,85.68,JH,0.019805,1.0
23.52,85.86,GWB,0.00071,0.035864
23.52,85.86,JH,0.019095,0.964136
23.52,86.04,GWB,0.011387,0.574965
23.52,86.04,JH,0.008889,0.448805
23.52,86.22,GWB,0.003069,0.154977
23.52,86.22,JH,0.016764,0.846421
23.52,86.4,GWB,0.013363,0.674715
23.52,86.4,JH,0.006442,0.325285
23.52,86.58,GWB,0.019805,1.0
23.52,86.76,GWB,0.019805,1.0
23.52,86.94,GWB,0.019805,1.0
23.52,87.12,GWB,0.019805,1.0
23.52,87.3,GWB,0.019805,1.0
23.52,87.48,GWB,0.019805,1.0
23.52,87.66,GWB,0.019805,1.0
23.52,87.84,GWB,0.019805,1.0
23.52,88.02,GWB,0.019805,1.0
23.52,88.2,GWB,0.019805,1.0
23.52,88.38,GWB,0.019805,1.0
23.52,88.56,GWB,0.019805,1.0
23.52,88.74,GWB,0.007836,0.395658
23.52,91.26,NE.HL,0.014049,0.709334
23.52,91.44,NE.HL,0.019805,1.0
23.52,91.62,NE.HL,0.019805,1.0
23.52,91.8,NE.HL,0.019805,1.0
23.52,91.98,NE.HL,0.008351,0.421639
23.52,92.34,NE.HL,0.012117,0.611812
23.52,92.52,NE.HL,0.019805,1.0
23.52,92.7,NE.HL,0.019805,1.0
23.52,92.88,NE.HL,0.019805,1.0
23.52,93.06,NE.HL,0.019805,1.0
23.52,93.24,NE.HL,0.019805,1.0
23.52,93.42,NE.HL,0.0093,0.469552
23.64,68.22,SAU/KCH,0.006119,0.309213
23.64,68.4,SAU/KCH,0.007433,0.37566
23.64,68.58,SAU/KCH,0.018139,0.916676
23.64,68.76,SAU/KCH,0.019787,1.0
23.64,68.94,SAU/KCH,0.019787,1.0
23.64,69.12,SAU/KCH,0.019787,1.0
23.64,69.3,SAU/KCH,0.019787,1.0
23.64,69.48,SAU/KCH,0.019787,1.0
23.64,69.66,SAU/KCH,0.019787,1.0
23.64,69.84,SAU/KCH,0.019787,1.0
23.64,70.02,SAU/KCH,0.019787,1.0
23.64,70.2,SAU/KCH,0.019787,1.0
23.64,70.38,SAU/KCH,0.019787,1.0
23.64,70.56,SAU/KCH,0.019787,1.0
23.64,70.74,SAU/KCH,0.019787,1.0
23.64,70.92,SAU/KCH,0.019787,1.0
23.64,71.1,GJ,0.007177,0.3627
23.64,71.1,SAU/KCH,0.01261,0.6373
23.64,71.28,GJ,0.006215,0.314087
23.64,71.28,SAU/KCH,0.013572,0.685913
23.64,71.46,GJ,0.017685,0.893727
23.64,71.46,SAU/KCH,0.002103,0.106273
23.64,71.64,GJ,0.019787,1.0
23.64,71.82,GJ,0.019787,1.0
23.64,72.0,GJ,0.019787,1.0
23.64,72.18,GJ,0.019787,1.0
23.64,72.36,GJ,0.019787,1.0
23.64,72.54,GJ,0.019787,1.0
23.64,72.72,GJ,0.019787,1.0
23.64,72.9,GJ,0.019787,1.0
23.64,73.08,GJ,0.019787,1.0
23.64,73.26,GJ,0.019787,1.0
23.64,73.44,GJ,0.017543,0.886576
23.64,73.44,E.RJ,0.002244,0.113424
23.64,73.62,GJ,0.006812,0.344255
23.64,73.62,E.RJ,0.012975,0.655745
23.64,73.8,E.RJ,0.019787,1.0
23.64,73.98,E.RJ,0.019787,1.0
23.64,74.16,E.RJ,0.019787,1.0
23.64,74.34,E.RJ,0.019787,1.0
23.64,74.52,E.RJ,0.019787,1.0
23.64,74.7,E.RJ,0.019787,1.0
23.64,74.88,W.MP,0.006593,0.333193
23.64,74.88,E.RJ,0.013194,0.666807
23.64,75.06,W.MP,0.019787,1.0
23.64,75.24,W.MP,0.019787,1.0
23.64,75.42,W.MP,0.019787,1.0
23.64,75.6,W.MP,0.019787,1.0
23.64,75.78,W.MP,0.019787,1.0
23.64,75.96,W.MP,0.019787,1.0
23.64,76.14,W.MP,0.019787,1.0
23.64,76.32,W.MP,0.019787,1.0
23.64,76.5,W.MP,0.019787,1.0
23.64,76.68,W.MP,0.019787,1.0
23.64,76.86,W.MP,0.019787,1.0
23.64,77.04,W.MP,0.019787,1.0
23.64,77.22,W.MP,0.019787,1.0
23.64,77.4,W.MP,0.019787,1.0
23.64,77.58,W.MP,0.019787,1.0
23.64,77.76,W.MP,0.019787,1.0
23.64,77.94,W.MP,0.019787,1.0
23.64,78.12,W.MP,0.019787,1.0
23.64,78.3,E.MP,0.002301,0.116292
23.64,78.3,W.MP,0.017486,0.883708
23.64,78.48,E.MP,0.010426,0.526905
23.64,78.48,W.MP,0.009361,0.473095
23.64,78.66,E.MP,0.019786,0.999939
23.64,78.66,W.MP,1e-06,6.1e-05
23.64,78.84,E.MP,0.019787,1.0
23.64,79.02,E.MP,0.019787,1.0
23.64,79.2,E.MP,0.019787,1.0
23.64,79.38,E.MP,0.019787,1.0
23.64,79.56,E.MP,0.019787,1.0
23.64,79.74,E.MP,0.019787,1.0
23.64,79.92,E.MP,0.019787,1.0
23.64,80.1,E.MP,0.019787,1.0
23.64,80.28,E.MP,0.019787,1.0
23.64,80.46,E.MP,0.019787,1.0
23.64,80.64,E.MP,0.019787,1.0
23.64,80.82,E.MP,0.019787,1.0
23.64,81.0,E.MP,0.019787,1.0
23.64,81.18,E.MP,0.019787,1.0
23.64,81.36,E.MP,0.019787,1.0
23.64,81.54,CG,0.001512,0.076436
23.64,81.54,E.MP,0.018275,0.923564
23.64,81.72,CG,0.018436,0.931704
23.64,81.72,E.MP,0.001351,0.068296
23.64,81.9,CG,0.019787,1.0
23.64,82.08,CG,0.019787,1.0
23.64,82.26,CG,0.019787,1.0
23.64,82.44,CG,0.019787,1.0
23.64,82.62,CG,0.019787,1.0
23.64,82.8,CG,0.019787,1.0
23.64,82.98,CG,0.019787,1.0
23.64,83.16,CG,0.019787,1.0
23.64,83.34,CG,0.019787,1.0
23.64,83.52,CG,0.019787,1.0
23.64,83.7,CG,0.016112,0.814256
23.64,83.7,JH,0.003675,0.185744
23.64,83.88,CG,0.001234,0.06236
23.64,83.88,JH,0.018553,0.93764
23.64,84.06,CG,0.002236,0.113024
23.64,84.06,JH,0.017551,0.886976
23.64,84.24,JH,0.019787,1.0
23.64,84.42,JH,0.019787,1.0
23.64,84.6,JH,0.019787,1.0
23.64,84.78,JH,0.019787,1.0
23.64,84.96,JH,0.019787,1.0
23.64,85.14,JH,0.019787,1.0
23.64,85.32,JH,0.019787,1.0
23.64,85.5,JH,0.019787,1.0
23.64,85.68,JH,0.019787,1.0
23.64,85.86,JH,0.019787,1.0
23.64,86.04,GWB,9.7e-05,0.00492
23.64,86.04,JH,0.019747,0.997938
23.64,86.22,JH,0.019787,1.0
23.64,86.4,GWB,0.003108,0.157086
23.64,86.4,JH,0.016679,0.842914
23.64,86.58,GWB,0.012977,0.655817
23.64,86.58,JH,0.00681,0.344183
23.64,86.76,GWB,0.018604,0.940195
23.64,86.76,JH,0.001183,0.059805
23.64,86.94,GWB,0.019787,1.0
23.64,87.12,GWB,0.019787,1.0
23.64,87.3,GWB,0.019787,1.0
23.64,87.48,GWB,0.019787,1.0
23.64,87.66,GWB,0.019787,1.0
23.64,87.84,GWB,0.019787,1.0
23.64,88.02,GWB,0.019787,1.0
23.64,88.2,GWB,0.019787,1.0
23.64,88.38,GWB,0.019787,1.0
23.64,88.56,GWB,0.013581,0.686342
23.64,88.74,GWB,7.2e-05,0.003618
23.64,91.08,NE.HL,0.000574,0.029025
23.64,91.26,NE.HL,0.01863,0.941508
23.64,91.44,NE.HL,0.019787,1.0
23.64,91.62,NE.HL,0.019787,1.0
23.64,91.8,NE.HL,0.019787,1.0
23.64,91.98,NE.HL,0.009166,0.463207
23.64,92.16,NE.HL,0.002461,0.124364
23.64,92.34,NE.HL,0.015134,0.764819
23.64,92.52,NE.HL,0.019787,1.0
23.64,92.7,NE.HL,0.019787,1.0
23.64,92.88,NE.HL,0.019787,1.0
23.64,93.06,NE.HL,0.019787,1.0
23.64,93.24,NE.HL,0.019787,1.0
23.64,93.42,NE.HL,0.010907,0.551196
23.76,68.22,SAU/KCH,0.009393,0.475138
23.76,68.4,SAU/KCH,0.011935,0.60371
23.76,68.58,SAU/KCH,0.008715,0.44083
23.76,68.76,SAU/KCH,0.019708,0.996926
23.76,68.94,SAU/KCH,0.019769,1.0
23.76,69.12,SAU/KCH,0.019769,1.0
23.76,69.3,SAU/KCH,0.019769,1.0
23.76,69.48,SAU/KCH,0.019769,1.0
23.76,69.66,SAU/KCH,0.019769,1.0
23.76,69.84,SAU/KCH,0.019769,1.0
23.76,70.02,SAU/KCH,0.019769,1.0
23.76,70.2,SAU/KCH,0.019769,1.0
23.76,70.38,SAU/KCH,0.019769,1.0
23.76,70.56,SAU/KCH,0.019769,1.0
23.76,70.74,SAU/KCH,0.019769,1.0
23.76,70.92,SAU/KCH,0.019769,1.0
23.76,71.1,GJ,0.013506,0.683198
23.76,71.1,SAU/KCH,0.006263,0.316802
23.76,71.28,GJ,0.019073,0.964804
23.76,71.28,SAU/KCH,0.000696,0.035196
23.76,71.46,GJ,0.019769,1.0
23.76,71.64,GJ,0.019769,1.0
23.76,71.82,GJ,0.019769,1.0
23.76,72.0,GJ,0.019769,1.0
23.76,72.18,GJ,0.019769,1.0
23.76,72.36,GJ,0.019769,1.0
23.76,72.54,GJ,0.019769,1.0
23.76,72.72,GJ,0.019769,1.0
23.76,72.9,GJ,0.019769,1.0
23.76,73.08,GJ,0.019769,1.0
23.76,73.26,GJ,0.019769,1.0
23.76,73.44,GJ,0.007646,0.386764
23.76,73.44,E.RJ,0.012123,0.613236
23.76,73.62,E.RJ,0.019769,1.0
23.76,73.8,E.RJ,0.019769,1.0
23.76,73.98,E.RJ,0.019769,1.0
23.76,74.16,E.RJ,0.019769,1.0
23.76,74.34,E.RJ,0.019769,1.0
23.76,74.52,E.RJ,0.019769,1.0
23.76,74.7,E.RJ,0.019769,1.0
23.76,74.88,W.MP,0.004574,0.231385
23.76,74.88,E.RJ,0.015195,0.768615
23.76,75.06,W.MP,0.019769,1.0
23.76,75.24,W.MP,0.019769,1.0
23.76,75.42,W.MP,0.019769,1.0
23.76,75.6,W.MP,0.016784,0.848994
23.76,75.6,E.RJ,0.002985,0.151006
23.76,75.78,W.MP,0.019416,0.982127
23.76,75.78,E.RJ,0.000353,0.017873
23.76,75.96,W.MP,0.019769,1.0
23.76,76.14,W.MP,0.019769,1.0
23.76,76.32,W.MP,0.019769,1.0
23.76,76.5,W.MP,0.019769,1.0
23.76,76.68,W.MP,0.019769,1.0
23.76,76.86,W.MP,0.019769,1.0
23.76,77.04,W.MP,0.019769,1.0
23.76,77.22,W.MP,0.019769,1.0
23.76,77.4,W.MP,0.019769,1.0
23.76,77.58,W.MP,0.019769,1.0
23.76,77.76,W.MP,0.019769,1.0
23.76,77.94,W.MP,0.019769,1.0
23.76,78.12,W.MP,0.019769,1.0
23.76,78.3,E.MP,0.01291,0.653042
23.76,78.3,W.MP,0.006859,0.346958
23.76,78.48,E.MP,0.018641,0.942908
23.76,78.48,W.MP,0.001129,0.057092
23.76,78.66,E.MP,0.019769,1.0
23.76,78.84,E.MP,0.019769,1.0
23.76,79.02,E.MP,0.019769,1.0
23.76,79.2,E.MP,0.019769,1.0
23.76,79.38,E.MP,0.019769,1.0
23.76,79.56,E.MP,0.019769,1.0
23.76,79.74,E.MP,0.019769,1.0
23.76,79.92,E.MP,0.019769,1.0
23.76,80.1,E.MP,0.019769,1.0
23.76,80.28,E.MP,0.019769,1.0
23.76,80.46,E.MP,0.019769,1.0
23.76,80.64,E.MP,0.019769,1.0
23.76,80.82,E.MP,0.019769,1.0
23.76,81.0,E.MP,0.019769,1.0
23.76,81.18,E.MP,0.019769,1.0
23.76,81.36,E.MP,0.019769,1.0
23.76,81.54,E.MP,0.019769,1.0
23.76,81.72,CG,0.015374,0.777667
23.76,81.72,E.MP,0.004262,0.215565
23.76,81.9,CG,0.019663,0.994605
23.76,81.9,E.MP,0.000256,0.012956
23.76,82.08,CG,0.019637,0.993309
23.76,82.08,E.MP,0.000132,0.006691
23.76,82.26,CG,0.018685,0.945157
23.76,82.26,E.MP,0.001084,0.054843
23.76,82.44,CG,0.016938,0.856798
23.76,82.44,E.MP,0.002989,0.151216
23.76,82.62,CG,0.019332,0.977906
23.76,82.62,E.MP,0.0004,0.020254
23.76,82.8,CG,0.019769,1.0
23.76,82.98,CG,0.019769,1.0
23.76,83.16,CG,0.019769,1.0
23.76,83.34,CG,0.019769,1.0
23.76,83.52,CG,0.019769,1.0
23.76,83.7,CG,0.013037,0.659454
23.76,83.7,JH,0.006732,0.340546
23.76,83.88,JH,0.019769,1.0
23.76,84.06,JH,0.019769,1.0
23.76,84.24,JH,0.019769,1.0
23.76,84.42,JH,0.019769,1.0
23.76,84.6,JH,0.019769,1.0
23.76,84.78,JH,0.019769,1.0
23.76,84.96,JH,0.019769,1.0
23.76,85.14,JH,0.019769,1.0
23.76,85.32,JH,0.019769,1.0
23.76,85.5,JH,0.019769,1.0
23.76,85.68,JH,0.019769,1.0
23.76,85.86,JH,0.019769,1.0
23.76,86.04,JH,0.019769,1.0
23.76,86.22,JH,0.019769,1.0
23.76,86.4,JH,0.019769,1.0
23.76,86.58,JH,0.019769,1.0
23.76,86.76,GWB,0.003901,0.197305
23.76,86.76,JH,0.015869,0.802695
23.76,86.94,GWB,0.019768,0.999928
23.76,86.94,JH,1e-06,7.2e-05
23.76,87.12,GWB,0.018518,0.936712
23.76,87.12,JH,0.001251,0.063288
23.76,87.3,GWB,0.019769,1.0
23.76,87.48,GWB,0.019769,1.0
23.76,87.66,GWB,0.019769,1.0
23.76,87.84,GWB,0.019769,1.0
23.76,88.02,GWB,0.019769,1.0
23.76,88.2,GWB,0.019769,1.0
23.76,88.38,GWB,0.019769,1.0
23.76,88.56,GWB,0.011994,0.606684
23.76,91.08,NE.HL,0.000536,0.027098
23.76,91.26,NE.HL,0.015628,0.790519
23.76,91.44,NE.HL,0.019769,1.0
23.76,91.62,NE.HL,0.019769,1.0
23.76,91.8,NE.HL,0.019769,1.0
23.76,91.98,NE.HL,0.018911,0.956608
23.76,92.16,NE.HL,0.018449,0.933206
23.76,92.34,NE.HL,0.019297,0.976099
23.76,92.52,NE.HL,0.019769,1.0
23.76,92.7,NE.HL,0.019769,1.0
23.76,92.88,NE.HL,0.019769,1.0
23.76,93.06,NE.HL,0.019769,1.0
23.76,93.24,NE.HL,0.019769,1.0
23.76,93.42,NE.HL,0.008363,0.423033
23.88,68.22,SAU/KCH,0.005404,0.273627
23.88,68.4,SAU/KCH,0.014066,0.712147
23.88,68.58,SAU/KCH,0.012341,0.624836
23.88,68.76,SAU/KCH,0.017709,0.896596
23.88,68.94,SAU/KCH,0.019751,1.0
23.88,69.12,SAU/KCH,0.019751,1.0
23.88,69.3,SAU/KCH,0.019751,1.0
23.88,69.48,SAU/KCH,0.019751,1.0
23.88,69.66,SAU/KCH,0.019751,1.0
23.88,69.84,SAU/KCH,0.019751,1.0
23.88,70.02,SAU/KCH,0.019751,1.0
23.88,70.2,SAU/KCH,0.019751,1.0
23.88,70.38,SAU/KCH,0.019751,1.0
23.88,70.56,SAU/KCH,0.019751,1.0
23.88,70.74,SAU/KCH,0.019751,1.0
23.88,70.92,SAU/KCH,0.019751,1.0
23.88,71.1,GJ,0.009099,0.460681
23.88,71.1,SAU/KCH,0.010448,0.528984
23.88,71.28,GJ,0.018505,0.936915
23.88,71.28,SAU/KCH,0.001237,0.062652
23.88,71.46,GJ,0.019751,1.0
23.88,71.64,GJ,0.019751,1.0
23.88,71.82,GJ,0.019751,1.0
23.88,72.0,GJ,0.019751,1.0
23.88,72.18,GJ,0.019751,1.0
23.88,72.36,GJ,0.019751,1.0
23.88,72.54,GJ,0.019751,1.0
23.88,72.72,GJ,0.019751,1.0
23.88,72.9,GJ,0.019751,1.0
23.88,73.08,GJ,0.019751,1.0
23.88,73.26,GJ,0.019751,1.0
23.88,73.44,GJ,0.003148,0.159361
23.88,73.44,E.RJ,0.016603,0.840639
23.88,73.62,E.RJ,0.019751,1.0
23.88,73.8,E.RJ,0.019751,1.0
23.88,73.98,E.RJ,0.019751,1.0
23.88,74.16,E.RJ,0.019751,1.0
23.88,74.34,E.RJ,0.019751,1.0
23.88,74.52,E.RJ,0.019751,1.0
23.88,74.7,E.RJ,0.019751,1.0
23.88,74.88,W.MP,0.006401,0.324079
23.88,74.88,E.RJ,0.01335,0.675921
23.88,75.06,W.MP,0.019751,1.0
23.88,75.24,W.MP,0.019751,1.0
23.88,75.42,W.MP,0.017965,0.90956
23.88,75.42,E.RJ,0.001786,0.09044
23.88,75.6,W.MP,0.002655,0.134438
23.88,75.6,E.RJ,0.017096,0.865562
23.88,75.78,W.MP,0.008151,0.412704
23.88,75.78,E.RJ,0.0116,0.587296
23.88,75.96,W.MP,0.016061,0.813189
23.88,75.96,E.RJ,0.00369,0.186811
23.88,76.14,W.MP,0.019751,1.0
23.88,76.32,W.MP,0.019751,1.0
23.88,76.5,W.MP,0.019751,1.0
23.88,76.68,W.MP,0.019751,1.0
23.88,76.86,W.MP,0.019751,1.0
23.88,77.04,W.MP,0.019751,1.0
23.88,77.22,W.MP,0.019751,1.0
23.88,77.4,W.MP,0.019751,1.0
23.88,77.58,W.MP,0.019751,1.0
23.88,77.76,W.MP,0.019751,1.0
23.88,77.94,W.MP,0.019751,1.0
23.88,78.12,W.MP,0.019751,1.0
23.88,78.3,E.MP,0.011686,0.591678
23.88,78.3,W.MP,0.008065,0.408322
23.88,78.48,E.MP,0.019751,1.0
23.88,78.66,E.MP,0.019751,1.0
23.88,78.84,E.MP,0.019751,1.0
23.88,79.02,E.MP,0.019751,1.0
23.88,79.2,E.MP,0.019751,1.0
23.88,79.38,E.MP,0.019751,1.0
23.88,79.56,E.MP,0.019751,1.0
23.88,79.74,E.MP,0.019751,1.0
23.88,79.92,E.MP,0.019751,1.0
23.88,80.1,E.MP,0.019751,1.0
23.88,80.28,E.MP,0.019751,1.0
23.88,80.46,E.MP,0.019751,1.0
23.88,80.64,E.MP,0.019751,1.0
23.88,80.82,E.MP,0.019751,1.0
23.88,81.0,E.MP,0.019751,1.0
23.88,81.18,E.MP,0.019751,1.0
23.88,81.36,E.MP,0.019751,1.0
23.88,81.54,CG,0.001039,0.052599
23.88,81.54,E.MP,0.018712,0.947401
23.88,81.72,CG,0.006929,0.350826
23.88,81.72,E.MP,0.0127,0.642988
23.88,81.9,CG,0.003866,0.195723
23.88,81.9,E.MP,0.01617,0.81871
23.88,82.08,CG,0.001497,0.075776
23.88,82.08,E.MP,0.018254,0.924224
23.88,82.26,CG,0.000537,0.027175
23.88,82.26,E.MP,0.019214,0.972825
23.88,82.44,E.MP,0.019751,1.0
23.88,82.62,CG,0.005277,0.267157
23.88,82.62,E.MP,0.014077,0.71271
23.88,82.8,CG,0.018351,0.929136
23.88,82.8,E.MP,0.001176,0.059558
23.88,82.8,E.UP,0.000529,0.026764
23.88,82.98,CG,0.010617,0.537557
23.88,82.98,E.UP,0.009202,0.465897
23.88,83.16,CG,0.014482,0.733236
23.88,83.16,E.UP,0.005229,0.264737
23.88,83.34,CG,0.019751,1.0
23.88,83.52,CG,0.016021,0.811164
23.88,83.52,JH,0.00373,0.188836
23.88,83.7,CG,0.001649,0.08351
23.88,83.7,JH,0.018102,0.91649
23.88,83.88,JH,0.019751,1.0
23.88,84.06,JH,0.019751,1.0
23.88,84.24,JH,0.019751,1.0
23.88,84.42,JH,0.019751,1.0
23.88,84.6,JH,0.019751,1.0
23.88,84.78,JH,0.019751,1.0
23.88,84.96,JH,0.019751,1.0
23.88,85.14,JH,0.019751,1.0
23.88,85.32,JH,0.019751,1.0
23.88,85.5,JH,0.019751,1.0
23.88,85.68,JH,0.019751,1.0
23.88,85.86,JH,0.019751,1.0
23.88,86.04,JH,0.019751,1.0
23.88,86.22,JH,0.019751,1.0
23.88,86.4,JH,0.019751,1.0
23.88,86.58,JH,0.019751,1.0
23.88,86.76,GWB,0.000131,0.006622
23.88,86.76,JH,0.01962,0.993378
23.88,86.94,GWB,0.005862,0.296812
23.88,86.94,JH,0.013889,0.703188
23.88,87.12,GWB,0.002611,0.132217
23.88,87.12,JH,0.01714,0.867783
23.88,87.3,GWB,0.013433,0.68014
23.88,87.3,JH,0.00597,0.302273
23.88,87.48,GWB,0.019751,1.0
23.88,87.66,GWB,0.019751,1.0
23.88,87.84,GWB,0.019751,1.0
23.88,88.02,GWB,0.019751,1.0
23.88,88.2,GWB,0.019751,1.0
23.88,88.38,GWB,0.019751,1.0
23.88,88.56,GWB,0.017103,0.865935
23.88,88.74,GWB,0.003718,0.188264
23.88,91.26,NE.HL,0.011292,0.571727
23.88,91.44,NE.HL,0.019751,1.0
23.88,91.62,NE.HL,0.019751,1.0
23.88,91.8,NE.HL,0.019751,1.0
23.88,91.98,NE.HL,0.019751,1.0
23.88,92.16,NE.HL,0.019751,1.0
23.88,92.34,NE.HL,0.019751,1.0
23.88,92.52,NE.HL,0.019751,1.0
23.88,92.7,NE.HL,0.019751,1.0
23.88,92.88,NE.HL,0.019751,1.0
23.88,93.06,NE.HL,0.019751,1.0
23.88,93.24,NE.HL,0.019751,1.0
23.88,93.42,NE.HL,0.00732,0.370617
23.88,93.78,NE.HL,0.000434,0.021993
23.88,93.96,NE.HL,0.001462,0.073998
23.88,94.14,NE.HL,0.008008,0.40545
24.0,68.4,SAU/KCH,0.003533,0.179056
24.0,68.58,SAU/KCH,0.003664,0.185668
24.0,68.76,SAU/KCH,0.012635,0.640332
24.0,68.94,SAU/KCH,0.019733,1.0
24.0,69.12,SAU/KCH,0.019733,1.0
24.0,69.3,SAU/KCH,0.019733,1.0
24.0,69.48,SAU/KCH,0.019733,1.0
24.0,69.66,SAU/KCH,0.019733,1.0
24.0,69.84,SAU/KCH,0.019733,1.0
24.0,70.02,SAU/KCH,0.019733,1.0
24.0,70.2,SAU/KCH,0.019733,1.0
24.0,70.38,SAU/KCH,0.019733,1.0
24.0,70.56,SAU/KCH,0.019733,1.0
24.0,70.74,SAU/KCH,0.019733,1.0
24.0,70.92,SAU/KCH,0.019733,1.0
24.0,71.1,SAU/KCH,0.019733,1.0
24.0,71.28,GJ,0.007053,0.357409
24.0,71.28,SAU/KCH,0.01268,0.642591
24.0,71.46,GJ,0.019733,1.0
24.0,71.64,GJ,0.019733,1.0
24.0,71.82,GJ,0.019733,1.0
24.0,72.0,GJ,0.019733,1.0
24.0,72.18,GJ,0.019733,1.0
24.0,72.36,GJ,0.019733,1.0
24.0,72.54,GJ,0.019733,1.0
24.0,72.72,GJ,0.019733,1.0
24.0,72.9,GJ,0.019733,1.0
24.0,73.08,GJ,0.019733,1.0
24.0,73.26,GJ,0.016314,0.826755
24.0,73.26,E.RJ,0.003419,0.173245
24.0,73.44,GJ,0.006597,0.334316
24.0,73.44,E.RJ,0.013136,0.665684
24.0,73.62,E.RJ,0.019733,1.0
24.0,73.8,E.RJ,0.019733,1.0
24.0,73.98,E.RJ,0.019733,1.0
24.0,74.16,E.RJ,0.019733,1.0
24.0,74.34,E.RJ,0.019733,1.0
24.0,74.52,E.RJ,0.019733,1.0
24.0,74.7,E.RJ,0.019733,1.0
24.0,74.88,W.MP,0.000694,0.035146
24.0,74.88,E.RJ,0.019039,0.964854
24.0,75.06,W.MP,0.018717,0.948527
24.0,75.06,E.RJ,0.001016,0.051473
24.0,75.24,W.MP,0.019733,1.0
24.0,75.42,W.MP,0.016961,0.859538
24.0,75.42,E.RJ,0.002772,0.140462
24.0,75.6,W.MP,0.007836,0.397126
24.0,75.6,E.RJ,0.011896,0.602874
24.0,75.78,W.MP,0.006006,0.304371
24.0,75.78,E.RJ,0.013727,0.695629
24.0,75.96,W.MP,0.007146,0.362137
24.0,75.96,E.RJ,0.012587,0.637863
24.0,76.14,W.MP,0.019733,1.0
24.0,76.32,W.MP,0.019733,1.0
24.0,76.5,W.MP,0.019733,1.0
24.0,76.68,W.MP,0.019733,1.0
24.0,76.86,W.MP,0.019733,1.0
24.0,77.04,W.MP,0.019733,1.0
24.0,77.22,W.MP,0.019733,1.0
24.0,77.4,W.MP,0.019733,1.0
24.0,77.58,W.MP,0.019733,1.0
24.0,77.76,W.MP,0.019733,1.0
24.0,77.94,W.MP,0.019733,1.0
24.0,78.12,E.MP,0.003274,0.16594
24.0,78.12,W.MP,0.016458,0.83406
24.0,78.3,E.MP,0.012789,0.648104
24.0,78.3,W.MP,0.006944,0.351896
24.0,78.48,E.MP,0.019733,1.0
24.0,78.66,E.MP,0.019733,1.0
24.0,78.84,E.MP,0.019733,1.0
24.0,79.02,E.MP,0.019733,1.0
24.0,79.2,E.MP,0.019733,1.0
24.0,79.38,E.MP,0.019733,1.0
24.0,79.56,E.MP,0.019733,1.0
24.0,79.74,E.MP,0.019733,1.0
24.0,79.92,E.MP,0.019733,1.0
24.0,80.1,E.MP,0.019733,1.0
24.0,80.28,E.MP,0.019733,1.0
24.0,80.46,E.MP,0.019733,1.0
24.0,80.64,E.MP,0.019733,1.0
24.0,80.82,E.MP,0.019733,1.0
24.0,81.0,E.MP,0.019733,1.0
24.0,81.18,E.MP,0.019733,1.0
24.0,81.36,E.MP,0.019733,1.0
24.0,81.54,E.MP,0.019733,1.0
24.0,81.72,E.MP,0.019733,1.0
24.0,81.9,E.MP,0.019733,1.0
24.0,82.08,E.MP,0.019733,1.0
24.0,82.26,E.MP,0.019733,1.0
24.0,82.44,E.MP,0.019733,1.0
24.0,82.62,E.MP,0.019733,1.0
24.0,82.8,CG,0.001078,0.054614
24.0,82.8,E.MP,0.008402,0.42581
24.0,82.8,E.UP,0.011121,0.563574
24.0,82.98,E.UP,0.019733,1.0
24.0,83.16,CG,0.001765,0.089469
24.0,83.16,E.UP,0.017967,0.910531
24.0,83.34,CG,0.018105,0.917522
24.0,83.34,E.UP,0.001666,0.084453
24.0,83.52,CG,0.008339,0.422605
24.0,83.52,JH,0.0114,0.577708
24.0,83.7,JH,0.019733,1.0
24.0,83.88,JH,0.019733,1.0
24.0,84.06,JH,0.019733,1.0
24.0,84.24,JH,0.019733,1.0
24.0,84.42,JH,0.019733,1.0
24.0,84.6,JH,0.019733,1.0
24.0,84.78,JH,0.019733,1.0
24.0,84.96,JH,0.019733,1.0
24.0,85.14,JH,0.019733,1.0
24.0,85.32,JH,0.019733,1.0
24.0,85.5,JH,0.019733,1.0
24.0,85.68,JH,0.019733,1.0
24.0,85.86,JH,0.019733,1.0
24.0,86.04,JH,0.019733,1.0
24.0,86.22,JH,0.019733,1.0
24.0,86.4,JH,0.019733,1.0
24.0,86.58,JH,0.019733,1.0
24.0,86.76,JH,0.019733,1.0
24.0,86.94,JH,0.019733,1.0
24.0,87.12,JH,0.019733,1.0
24.0,87.3,GWB,0.009112,0.461778
24.0,87.3,JH,0.010621,0.538222
24.0,87.48,GWB,0.013975,0.708198
24.0,87.48,JH,0.005615,0.284547
24.0,87.66,GWB,0.019733,1.0
24.0,87.84,GWB,0.019733,1.0
24.0,88.02,GWB,0.019733,1.0
24.0,88.2,GWB,0.019733,1.0
24.0,88.38,GWB,0.019733,1.0
24.0,88.56,GWB,0.019733,1.0
24.0,88.74,GWB,0.010185,0.516166
24.0,91.26,NE.HL,0.00289,0.146474
24.0,91.44,NE.HL,0.016763,0.849511
24.0,91.62,NE.HL,0.019733,1.0
24.0,91.8,NE.HL,0.019733,1.0
24.0,91.98,NE.HL,0.019733,1.0
24.0,92.16,NE.HL,0.019733,1.0
24.0,92.34,NE.HL,0.019733,1.0
24.0,92.52,NE.HL,0.019733,1.0
24.0,92.7,NE.HL,0.019733,1.0
24.0,92.88,NE.HL,0.019733,1.0
24.0,93.06,NE.HL,0.019733,1.0
24.0,93.24,NE.HL,0.019733,1.0
24.0,93.42,NE.HL,0.006702,0.339653
24.0,93.6,NE.HL,0.012686,0.642886
24.0,93.78,NE.HL,0.014893,0.754755
24.0,93.96,NE.HL,0.019157,0.970819
24.0,94.14,NE.HL,0.01804,0.914248
24.0,94.32,NE.HL,0.000269,0.013654
24.12,68.76,SAU/KCH,0.010203,0.517544
24.12,68.94,SAU/KCH,0.019714,1.0
24.12,69.12,SAU/KCH,0.019714,1.0
24.12,69.3,SAU/KCH,0.019714,1.0
24.12,69.48,SAU/KCH,0.019714,1.0
24.12,69.66,SAU/KCH,0.019528,0.990582
24.12,69.84,SAU/KCH,0.018252,0.925832
24.12,70.02,SAU/KCH,0.01886,0.956672
24.12,70.2,SAU/KCH,0.019714,1.0
24.12,70.38,SAU/KCH,0.019714,1.0
24.12,70.56,SAU/KCH,0.019714,1.0
24.12,70.74,SAU/KCH,0.019714,1.0
24.12,70.92,SAU/KCH,0.019714,1.0
24.12,71.1,SAU/KCH,0.019714,1.0
24.12,71.28,GJ,0.005022,0.254741
24.12,71.28,SAU/KCH,0.01451,0.736012
24.12,71.46,GJ,0.019713,0.999931
24.12,71.64,GJ,0.019714,1.0
24.12,71.82,GJ,0.019714,1.0
24.12,72.0,GJ,0.019714,1.0
24.12,72.18,GJ,0.019714,1.0
24.12,72.36,GJ,0.019714,1.0
24.12,72.54,GJ,0.019714,1.0
24.12,72.72,GJ,0.019714,1.0
24.12,72.9,GJ,0.019714,1.0
24.12,73.08,GJ,0.016288,0.826195
24.12,73.08,E.RJ,0.003426,0.173805
24.12,73.26,GJ,0.002908,0.147521
24.12,73.26,E.RJ,0.016806,0.852479
24.12,73.44,GJ,0.001402,0.071114
24.12,73.44,E.RJ,0.018312,0.928886
24.12,73.62,E.RJ,0.019714,1.0
24.12,73.8,E.RJ,0.019714,1.0
24.12,73.98,E.RJ,0.019714,1.0
24.12,74.16,E.RJ,0.019714,1.0
24.12,74.34,E.RJ,0.019714,1.0
24.12,74.52,E.RJ,0.019714,1.0
24.12,74.7,E.RJ,0.019714,1.0
24.12,74.88,W.MP,0.002982,0.15124
24.12,74.88,E.RJ,0.016733,0.84876
24.12,75.06,W.MP,0.019616,0.995011
24.12,75.06,E.RJ,9.8e-05,0.004989
24.12,75.24,W.MP,0.019714,1.0
24.12,75.42,W.MP,0.019714,1.0
24.12,75.6,W.MP,0.019714,1.0
24.12,75.78,W.MP,0.011051,0.560579
24.12,75.78,E.RJ,0.008663,0.439421
24.12,75.96,W.MP,7.3e-05,0.003698
24.12,75.96,E.RJ,0.019641,0.996302
24.12,76.14,W.MP,0.012318,0.624836
24.12,76.14,E.RJ,0.007396,0.375164
24.12,76.32,W.MP,0.019714,1.0
24.12,76.5,W.MP,0.018997,0.963607
24.12,76.5,E.RJ,0.000717,0.036393
24.12,76.68,W.MP,0.018811,0.954198
24.12,76.68,E.RJ,0.000903,0.045802
24.12,76.86,W.MP,0.013198,0.669451
24.12,76.86,E.RJ,0.006516,0.330549
24.12,77.04,W.MP,0.019714,1.0
24.12,77.22,W.MP,0.019714,1.0
24.12,77.4,W.MP,0.019714,1.0
24.12,77.58,W.MP,0.019714,1.0
24.12,77.76,W.MP,0.019714,1.0
24.12,77.94,W.MP,0.019714,1.0
24.12,78.12,E.MP,0.009523,0.48306
24.12,78.12,W.MP,0.010191,0.51694
24.12,78.3,E.MP,0.019654,0.996974
24.12,78.3,W.MP,6e-05,0.003026
24.12,78.48,E.MP,0.019714,1.0
24.12,78.66,E.MP,0.019714,1.0
24.12,78.84,E.MP,0.0197,0.999275
24.12,78.84,W.UP,1.4e-05,0.000725
24.12,79.02,E.MP,0.019714,1.0
24.12,79.2,E.MP,0.019714,1.0
24.12,79.38,E.MP,0.019714,1.0
24.12,79.56,E.MP,0.019714,1.0
24.12,79.74,E.MP,0.019714,1.0
24.12,79.92,E.MP,0.019714,1.0
24.12,80.1,E.MP,0.019714,1.0
24.12,80.28,E.MP,0.019714,1.0
24.12,80.46,E.MP,0.019714,1.0
24.12,80.64,E.MP,0.019714,1.0
24.12,80.82,E.MP,0.019714,1.0
24.12,81.0,E.MP,0.019714,1.0
24.12,81.18,E.MP,0.019714,1.0
24.12,81.36,E.MP,0.019714,1.0
24.12,81.54,E.MP,0.019714,1.0
24.12,81.72,E.MP,0.019714,1.0
24.12,81.9,E.MP,0.019714,1.0
24.12,82.08,E.MP,0.019714,1.0
24.12,82.26,E.MP,0.019714,1.0
24.12,82.44,E.MP,0.019714,1.0
24.12,82.62,E.MP,0.018103,0.918264
24.12,82.62,E.UP,0.001611,0.081736
24.12,82.8,E.MP,0.002059,0.104451
24.12,82.8,E.UP,0.017672,0.896397
24.12,82.98,E.UP,0.019714,1.0
24.12,83.16,E.UP,0.019714,1.0
24.12,83.34,CG,0.004215,0.21379
24.12,83.34,JH,0.006018,0.305244
24.12,83.34,E.UP,0.009933,0.503827
24.12,83.52,CG,0.000195,0.009868
24.12,83.52,JH,0.019518,0.990066
24.12,83.7,JH,0.019714,1.0
24.12,83.88,JH,0.019714,1.0
24.12,84.06,JH,0.019714,1.0
24.12,84.24,JH,0.019714,1.0
24.12,84.42,JH,0.019714,1.0
24.12,84.6,JH,0.019714,1.0
24.12,84.78,JH,0.019714,1.0
24.12,84.96,JH,0.019714,1.0
24.12,85.14,JH,0.019714,1.0
24.12,85.32,JH,0.019714,1.0
24.12,85.5,JH,0.019714,1.0
24.12,85.68,JH,0.019714,1.0
24.12,85.86,JH,0.019714,1.0
24.12,86.04,JH,0.019714,1.0
24.12,86.22,JH,0.019714,1.0
24.12,86.4,JH,0.019714,1.0
24.12,86.58,JH,0.019714,1.0
24.12,86.76,JH,0.019714,1.0
24.12,86.94,JH,0.019714,1.0
24.12,87.12,JH,0.019714,1.0
24.12,87.3,JH,0.019714,1.0
24.12,87.48,GWB,0.002512,0.12742
24.12,87.48,JH,0.017202,0.87258
24.12,87.66,GWB,0.016197,0.8216
24.12,87.66,JH,0.003517,0.1784
24.12,87.84,GWB,0.019714,1.0
24.12,88.02,GWB,0.019714,1.0
24.12,88.2,GWB,0.019714,1.0
24.12,88.38,GWB,0.019714,1.0
24.12,88.56,GWB,0.019714,1.0
24.12,88.74,GWB,0.008484,0.430371
24.12,91.44,NE.HL,0.004619,0.234294
24.12,91.62,NE.HL,0.009481,0.480935
24.12,91.8,NE.HL,0.017718,0.898765
24.12,91.98,NE.HL,0.018692,0.948144
24.12,92.16,NE.HL,0.019714,1.0
24.12,92.34,NE.HL,0.019672,0.997862
24.12,92.34,ASM,4.2e-05,0.002138
24.12,92.52,NE.HL,0.017395,0.882338
24.12,92.52,ASM,0.00232,0.117662
24.12,92.7,NE.HL,0.019714,1.0
24.12,92.88,NE.HL,0.019714,1.0
24.12,93.06,NE.HL,0.019714,1.0
24.12,93.24,NE.HL,0.019714,1.0
24.12,93.42,NE.HL,0.017411,0.883183
24.12,93.6,NE.HL,0.019714,1.0
24.12,93.78,NE.HL,0.019714,1.0
24.12,93.96,NE.HL,0.019714,1.0
24.12,94.14,NE.HL,0.019714,1.0
24.12,94.32,NE.HL,0.003246,0.164654
24.24,68.76,SAU/KCH,0.00914,0.464049
24.24,68.94,SAU/KCH,0.011869,0.602613
24.24,69.12,SAU/KCH,0.012091,0.613913
24.24,69.3,SAU/KCH,0.01467,0.744821
24.24,69.48,SAU/KCH,0.015468,0.785338
24.24,69.66,SAU/KCH,0.008506,0.431895
24.24,70.02,SAU/KCH,0.002977,0.151168
24.24,70.2,SAU/KCH,0.019639,0.997146
24.24,70.38,SAU/KCH,0.019696,1.0
24.24,70.56,SAU/KCH,0.015456,0.784742
24.24,70.74,SAU/KCH,0.007286,0.369926
24.24,70.92,SAU/KCH,0.016677,0.846728
24.24,71.1,SAU/KCH,0.019696,1.0
24.24,71.28,GJ,0.00602,0.305657
24.24,71.28,SAU/KCH,0.013628,0.691941
24.24,71.46,GJ,0.019693,0.999873
24.24,71.46,SAU/KCH,1e-06,4.3e-05
24.24,71.64,GJ,0.019696,1.0
24.24,71.82,GJ,0.019696,1.0
24.24,72.0,GJ,0.019696,1.0
24.24,72.18,GJ,0.019696,1.0
24.24,72.36,GJ,0.019696,1.0
24.24,72.54,GJ,0.019696,1.0
24.24,72.72,GJ,0.019696,1.0
24.24,72.9,GJ,0.019696,1.0
24.24,73.08,GJ,0.012781,0.648915
24.24,73.08,E.RJ,0.006915,0.351085
24.24,73.26,E.RJ,0.019696,1.0
24.24,73.44,E.RJ,0.019696,1.0
24.24,73.62,E.RJ,0.019696,1.0
24.24,73.8,E.RJ,0.019696,1.0
24.24,73.98,E.RJ,0.019696,1.0
24.24,74.16,E.RJ,0.019696,1.0
24.24,74.34,E.RJ,0.019696,1.0
24.24,74.52,E.RJ,0.019696,1.0
24.24,74.7,W.MP,0.000594,0.030148
24.24,74.7,E.RJ,0.019102,0.969852
24.24,74.88,W.MP,0.011084,0.562749
24.24,74.88,E.RJ,0.008612,0.437251
24.24,75.06,W.MP,0.019696,1.0
24.24,75.24,W.MP,0.019696,1.0
24.24,75.42,W.MP,0.019696,1.0
24.24,75.6,W.MP,0.019696,1.0
24.24,75.78,W.MP,0.011875,0.602921
24.24,75.78,E.RJ,0.007821,0.397079
24.24,75.96,E.RJ,0.019696,1.0
24.24,76.14,W.MP,0.007268,0.369041
24.24,76.14,E.RJ,0.012427,0.630959
24.24,76.32,W.MP,0.007821,0.397088
24.24,76.32,E.RJ,0.011875,0.602912
24.24,76.5,W.MP,0.003395,0.172355
24.24,76.5,E.RJ,0.016301,0.827645
24.24,76.68,W.MP,0.007251,0.368132
24.24,76.68,E.RJ,0.012445,0.631868
24.24,76.86,W.MP,0.004797,0.243571
24.24,76.86,E.RJ,0.014898,0.756429
24.24,77.04,W.MP,0.019696,1.0
24.24,77.22,W.MP,0.019696,1.0
24.24,77.4,W.MP,0.019696,1.0
24.24,77.58,W.MP,0.019696,1.0
24.24,77.76,W.MP,0.019696,1.0
24.24,77.94,W.MP,0.019696,1.0
24.24,78.12,E.MP,0.011677,0.592883
24.24,78.12,W.MP,0.008018,0.407117
24.24,78.3,E.MP,0.019223,0.976011
24.24,78.3,W.UP,0.000582,0.029569
24.24,78.48,E.MP,0.018843,0.956688
24.24,78.48,W.UP,0.000896,0.045484
24.24,78.66,E.MP,0.014204,0.721162
24.24,78.66,W.UP,0.005492,0.278838
24.24,78.84,E.MP,0.007286,0.369948
24.24,78.84,W.UP,0.012409,0.630052
24.24,79.02,E.MP,0.019696,1.0
24.24,79.2,E.MP,0.019696,1.0
24.24,79.38,E.MP,0.019696,1.0
24.24,79.56,E.MP,0.019696,1.0
24.24,79.74,E.MP,0.019696,1.0
24.24,79.92,E.MP,0.019696,1.0
24.24,80.1,E.MP,0.019696,1.0
24.24,80.28,E.MP,0.019696,1.0
24.24,80.46,E.MP,0.019696,1.0
24.24,80.64,E.MP,0.019696,1.0
24.24,80.82,E.MP,0.019696,1.0
24.24,81.0,E.MP,0.019696,1.0
24.24,81.18,E.MP,0.019696,1.0
24.24,81.36,E.MP,0.019696,1.0
24.24,81.54,E.MP,0.019696,1.0
24.24,81.72,E.MP,0.019696,1.0
24.24,81.9,E.MP,0.019696,1.0
24.24,82.08,E.MP,0.019696,1.0
24.24,82.26,E.MP,0.019696,1.0
24.24,82.44,E.MP,0.019696,1.0
24.24,82.62,E.MP,0.019696,1.0
24.24,82.8,E.MP,0.004838,0.245639
24.24,82.8,E.UP,0.014858,0.754361
24.24,82.98,E.UP,0.019696,1.0
24.24,83.16,E.UP,0.019696,1.0
24.24,83.34,JH,0.004442,0.225547
24.24,83.34,E.UP,0.015568,0.790424
24.24,83.52,JH,0.019696,1.0
24.24,83.7,JH,0.019696,1.0
24.24,83.88,JH,0.019696,1.0
24.24,84.06,JH,0.019696,1.0
24.24,84.24,JH,0.019696,1.0
24.24,84.42,JH,0.019521,0.991119
24.24,84.42,BR,0.000175,0.008881
24.24,84.6,JH,0.019695,0.999973
24.24,84.6,BR,1e-06,2.7e-05
24.24,84.78,JH,0.019696,1.0
24.24,84.96,JH,0.019696,1.0
24.24,85.14,JH,0.019696,1.0
24.24,85.32,JH,0.019696,1.0
24.24,85.5,JH,0.019696,1.0
24.24,85.68,JH,0.019696,1.0
24.24,85.86,JH,0.019696,1.0
24.24,86.04,JH,0.019696,1.0
24.24,86.22,JH,0.019696,1.0
24.24,86.4,JH,0.019696,1.0
24.24,86.58,JH,0.019696,1.0
24.24,86.76,JH,0.019696,1.0
24.24,86.94,JH,0.019696,1.0
24.24,87.12,JH,0.019696,1.0
24.24,87.3,JH,0.019696,1.0
24.24,87.48,JH,0.019696,1.0
24.24,87.66,GWB,0.007483,0.379928
24.24,87.66,JH,0.012213,0.620072
24.24,87.84,GWB,0.019696,1.0
24.24,88.02,GWB,0.019696,1.0
24.24,88.2,GWB,0.019696,1.0
24.24,88.38,GWB,0.019696,1.0
24.24,88.56,GWB,0.019693,0.99989
24.24,88.74,GWB,0.009366,0.475541
24.24,91.62,NE.HL,0.00097,0.049225
24.24,91.8,NE.HL,0.00432,0.219332
24.24,91.98,NE.HL,0.014671,0.744905
24.24,92.16,NE.HL,0.018473,0.937919
24.24,92.16,ASM,0.001223,0.062081
24.24,92.34,NE.HL,0.010828,0.549779
24.24,92.34,ASM,0.008867,0.450221
24.24,92.52,NE.HL,0.004214,0.213939
24.24,92.52,ASM,0.015482,0.786061
24.24,92.7,NE.HL,0.019472,0.988623
24.24,92.7,ASM,0.000224,0.011377
24.24,92.88,NE.HL,0.019696,1.0
24.24,93.06,NE.HL,0.019696,1.0
24.24,93.24,NE.HL,0.019696,1.0
24.24,93.42,NE.HL,0.019696,1.0
24.24,93.6,NE.HL,0.019696,1.0
24.24,93.78,NE.HL,0.019696,1.0
24.24,93.96,NE.HL,0.019696,1.0
24.24,94.14,NE.HL,0.019696,1.0
24.24,94.32,NE.HL,0.007797,0.395855
24.36,68.76,SAU/KCH,0.000485,0.024632
24.36,68.94,SAU/KCH,4e-06,0.000212
24.36,70.2,SAU/KCH,0.002508,0.127481
24.36,70.38,SAU/KCH,0.009574,0.486581
24.36,70.56,SAU/KCH,0.00986,0.501097
24.36,70.92,SAU/KCH,0.005098,0.259097
24.36,71.1,SAU/KCH,0.015099,0.767349
24.36,71.28,GJ,0.002303,0.117058
24.36,71.28,SAU/KCH,0.017374,0.882942
24.36,71.46,GJ,0.018815,0.956177
24.36,71.46,SAU/KCH,0.000862,0.043823
24.36,71.64,GJ,0.019677,1.0
24.36,71.82,GJ,0.019677,1.0
24.36,72.0,GJ,0.019677,1.0
24.36,72.18,GJ,0.019677,1.0
24.36,72.36,GJ,0.019677,1.0
24.36,72.54,GJ,0.019253,0.978435
24.36,72.54,E.RJ,0.000424,0.021565
24.36,72.72,GJ,0.014387,0.73116
24.36,72.72,E.RJ,0.00529,0.26884
24.36,72.9,GJ,0.009382,0.476781
24.36,72.9,E.RJ,0.010322,0.524587
24.36,73.08,GJ,0.015828,0.804391
24.36,73.08,E.RJ,0.003849,0.195609
24.36,73.26,GJ,0.001666,0.084681
24.36,73.26,E.RJ,0.018011,0.915319
24.36,73.44,E.RJ,0.019677,1.0
24.36,73.62,E.RJ,0.019677,1.0
24.36,73.8,E.RJ,0.019677,1.0
24.36,73.98,E.RJ,0.019677,1.0
24.36,74.16,E.RJ,0.019677,1.0
24.36,74.34,E.RJ,0.019677,1.0
24.36,74.52,E.RJ,0.019677,1.0
24.36,74.7,W.MP,0.000372,0.0189
24.36,74.7,E.RJ,0.019305,0.9811
24.36,74.88,W.MP,0.018893,0.960175
24.36,74.88,E.RJ,0.000784,0.039825
24.36,75.06,W.MP,0.019677,1.0
24.36,75.24,W.MP,0.019677,1.0
24.36,75.42,W.MP,0.019677,1.0
24.36,75.6,W.MP,0.019677,1.0
24.36,75.78,W.MP,0.006219,0.316065
24.36,75.78,E.RJ,0.013458,0.683935
24.36,75.96,E.RJ,0.019677,1.0
24.36,76.14,W.MP,0.000468,0.023765
24.36,76.14,E.RJ,0.019209,0.976235
24.36,76.32,E.RJ,0.019677,1.0
24.36,76.5,E.RJ,0.019677,1.0
24.36,76.68,E.RJ,0.019677,1.0
24.36,76.86,W.MP,0.011109,0.564588
24.36,76.86,E.RJ,0.008568,0.435412
24.36,77.04,W.MP,0.019677,1.0
24.36,77.22,W.MP,0.019677,1.0
24.36,77.4,W.MP,0.019677,1.0
24.36,77.58,W.MP,0.019677,1.0
24.36,77.76,W.MP,0.019677,1.0
24.36,77.94,W.MP,0.019677,1.0
24.36,78.12,E.MP,0.007128,0.362241
24.36,78.12,W.MP,0.012424,0.631372
24.36,78.3,E.MP,0.01465,0.744521
24.36,78.3,W.UP,0.005113,0.259851
24.36,78.3,W.MP,5.3e-05,0.002717
24.36,78.48,E.MP,0.006849,0.348056
24.36,78.48,W.UP,0.012627,0.641736
24.36,78.66,E.MP,0.001932,0.098189
24.36,78.66,W.UP,0.017745,0.901811
24.36,78.84,E.MP,6e-05,0.003056
24.36,78.84,W.UP,0.019617,0.996944
24.36,79.02,E.MP,0.015468,0.786101
24.36,79.02,W.UP,0.003937,0.20006
24.36,79.2,E.MP,0.019677,1.0
24.36,79.38,E.MP,0.019677,1.0
24.36,79.56,E.MP,0.019677,1.0
24.36,79.74,E.MP,0.019677,1.0
24.36,79.92,E.MP,0.019677,1.0
24.36,80.1,E.MP,0.019677,1.0
24.36,80.28,E.MP,0.019677,1.0
24.36,80.46,E.MP,0.019677,1.0
24.36,80.64,E.MP,0.019677,1.0
24.36,80.82,E.MP,0.019677,1.0
24.36,81.0,E.MP,0.019677,1.0
24.36,81.18,E.MP,0.019677,1.0
24.36,81.36,E.MP,0.019677,1.0
24.36,81.54,E.MP,0.019677,1.0
24.36,81.72,E.MP,0.019677,1.0
24.36,81.9,E.MP,0.019677,1.0
24.36,82.08,E.MP,0.019677,1.0
24.36,82.26,E.MP,0.019677,1.0
24.36,82.44,E.MP,0.019677,1.0
24.36,82.62,E.MP,0.019677,1.0
24.36,82.8,E.MP,0.004481,0.227738
24.36,82.8,E.UP,0.015196,0.772262
24.36,82.98,E.UP,0.019677,1.0
24.36,83.16,E.UP,0.019677,1.0
24.36,83.34,JH,0.001458,0.07409
24.36,83.34,E.UP,0.018219,0.92591
24.36,83.52,JH,0.018759,0.953333
24.36,83.52,E.UP,0.000918,0.046667
24.36,83.7,JH,0.019677,1.0
24.36,83.88,JH,0.019677,1.0
24.36,84.06,JH,0.019677,1.0
24.36,84.24,JH,0.019661,0.999204
24.36,84.24,BR,1.6e-05,0.000796
24.36,84.42,JH,0.009558,0.485765
24.36,84.42,BR,0.010119,0.514235
24.36,84.6,JH,0.014638,0.743893
24.36,84.6,BR,0.005039,0.256107
24.36,84.78,JH,0.019677,1.0
24.36,84.96,JH,0.01593,0.809577
24.36,84.96,BR,0.003747,0.190423
24.36,85.14,JH,0.018204,0.925155
24.36,85.14,BR,0.001473,0.074845
24.36,85.32,JH,0.019677,1.0
24.36,85.5,JH,0.019677,1.0
24.36,85.68,JH,0.019677,1.0
24.36,85.86,JH,0.019677,1.0
24.36,86.04,JH,0.019677,1.0
24.36,86.22,JH,0.019677,1.0
24.36,86.4,JH,0.017151,0.871644
24.36,86.4,BR,0.002738,0.139161
24.36,86.58,JH,0.019677,1.0
24.36,86.76,JH,0.019677,1.0
24.36,86.94,JH,0.019677,1.0
24.36,87.12,JH,0.019677,1.0
24.36,87.3,JH,0.019677,1.0
24.36,87.48,JH,0.019677,1.0
24.36,87.66,GWB,9e-06,0.000444
24.36,87.66,JH,0.019668,0.999556
24.36,87.84,GWB,0.016118,0.819116
24.36,87.84,JH,0.003559,0.180884
24.36,88.02,GWB,0.019677,1.0
24.36,88.2,GWB,0.019677,1.0
24.36,88.38,GWB,0.013681,0.695258
24.36,88.56,GWB,0.004409,0.224062
24.36,88.74,GWB,0.000678,0.034445
24.36,91.98,NE.HL,0.008923,0.453491
24.36,92.16,NE.HL,0.017203,0.874278
24.36,92.16,ASM,0.00022,0.01117
24.36,92.34,NE.HL,0.000969,0.049235
24.36,92.34,ASM,0.01868,0.949354
24.36,92.52,ASM,0.019677,1.0
24.36,92.7,NE.HL,0.012168,0.618388
24.36,92.7,ASM,0.007509,0.381612
24.36,92.88,NE.HL,0.016014,0.813863
24.36,92.88,ASM,0.003663,0.186137
24.36,93.06,NE.HL,0.018599,0.945227
24.36,93.06,ASM,0.001078,0.054773
24.36,93.24,NE.HL,0.019677,1.0
24.36,93.42,NE.HL,0.019677,1.0
24.36,93.6,NE.HL,0.019677,1.0
24.36,93.78,NE.HL,0.019677,1.0
24.36,93.96,NE.HL,0.019677,1.0
24.36,94.14,NE.HL,0.019677,1.0
24.36,94.32,NE.HL,0.014112,0.717199
24.48,70.56,SAU/KCH,6e-06,0.000325
24.48,70.92,SAU/KCH,0.000745,0.037888
24.48,71.1,SAU/KCH,0.017627,0.896668
24.48,71.28,GJ,0.005045,0.256651
24.48,71.28,SAU/KCH,0.014613,0.743349
24.48,71.46,GJ,0.019658,1.0
24.48,71.64,GJ,0.019658,1.0
24.48,71.82,GJ,0.019658,1.0
24.48,72.0,GJ,0.019658,1.0
24.48,72.18,GJ,0.019658,1.0
24.48,72.36,GJ,0.016108,0.819405
24.48,72.36,E.RJ,0.00355,0.180595
24.48,72.54,GJ,0.006956,0.353841
24.48,72.54,E.RJ,0.012702,0.646159
24.48,72.72,GJ,0.002348,0.119432
24.48,72.72,E.RJ,0.01731,0.880568
24.48,72.9,GJ,0.000305,0.015497
24.48,72.9,E.RJ,0.019356,0.9846
24.48,73.08,GJ,0.005437,0.276571
24.48,73.08,E.RJ,0.014231,0.723905
24.48,73.26,E.RJ,0.019658,1.0
24.48,73.44,E.RJ,0.019658,1.0
24.48,73.62,E.RJ,0.019658,1.0
24.48,73.8,E.RJ,0.019658,1.0
24.48,73.98,E.RJ,0.019658,1.0
24.48,74.16,E.RJ,0.019658,1.0
24.48,74.34,E.RJ,0.019658,1.0
24.48,74.52,E.RJ,0.019658,1.0
24.48,74.7,W.MP,0.002879,0.146435
24.48,74.7,E.RJ,0.01678,0.853565
24.48,74.88,W.MP,0.017112,0.870474
24.48,74.88,E.RJ,0.002546,0.129526
24.48,75.06,W.MP,0.019658,1.0
24.48,75.24,W.MP,0.019658,1.0
24.48,75.42,W.MP,0.019658,1.0
24.48,75.6,W.MP,0.019658,1.0
24.48,75.78,W.MP,0.017754,0.903156
24.48,75.78,E.RJ,0.001904,0.096844
24.48,75.96,W.MP,0.003839,0.1953
24.48,75.96,E.RJ,0.015819,0.8047
24.48,76.14,E.RJ,0.019658,1.0
24.48,76.32,E.RJ,0.019658,1.0
24.48,76.5,E.RJ,0.019658,1.0
24.48,76.68,E.RJ,0.019658,1.0
24.48,76.86,W.MP,0.009544,0.485489
24.48,76.86,E.RJ,0.010114,0.514511
24.48,77.04,W.MP,0.014278,0.726295
24.48,77.04,E.RJ,0.005381,0.273705
24.48,77.22,W.MP,0.019658,1.0
24.48,77.4,W.MP,0.019658,1.0
24.48,77.58,W.MP,0.019658,1.0
24.48,77.76,W.MP,0.019658,1.0
24.48,77.94,W.MP,0.019658,1.0
24.48,78.12,W.MP,0.019658,1.0
24.48,78.3,E.MP,0.001096,0.055766
24.48,78.3,W.UP,0.014271,0.725935
24.48,78.3,W.MP,0.004371,0.222358
24.48,78.48,W.UP,0.019658,1.0
24.48,78.66,W.UP,0.019658,1.0
24.48,78.84,E.MP,0.000569,0.02895
24.48,78.84,W.UP,0.019225,0.977979
24.48,79.02,E.MP,0.01708,0.868836
24.48,79.02,W.UP,0.002486,0.12645
24.48,79.2,E.MP,0.019658,1.0
24.48,79.38,E.MP,0.019658,1.0
24.48,79.56,E.MP,0.019658,1.0
24.48,79.74,E.MP,0.019658,1.0
24.48,79.92,E.MP,0.019658,1.0
24.48,80.1,E.MP,0.019658,1.0
24.48,80.28,E.MP,0.019658,1.0
24.48,80.46,E.MP,0.019658,1.0
24.48,80.64,E.MP,0.019658,1.0
24.48,80.82,E.MP,0.019658,1.0
24.48,81.0,E.MP,0.019658,1.0
24.48,81.18,E.MP,0.019658,1.0
24.48,81.36,E.MP,0.019658,1.0
24.48,81.54,E.MP,0.019658,1.0
24.48,81.72,E.MP,0.019658,1.0
24.48,81.9,E.MP,0.019658,1.0
24.48,82.08,E.MP,0.019658,1.0
24.48,82.26,E.MP,0.019658,1.0
24.48,82.44,E.MP,0.019658,1.0
24.48,82.62,E.MP,0.019658,1.0
24.48,82.8,E.MP,0.002544,0.129404
24.48,82.8,E.UP,0.017114,0.870596
24.48,82.98,E.UP,0.019658,1.0
24.48,83.16,E.UP,0.019658,1.0
24.48,83.34,JH,0.002378,0.120957
24.48,83.34,E.UP,0.017281,0.879091
24.48,83.52,JH,0.016278,0.828057
24.48,83.52,BR,0.001856,0.09443
24.48,83.52,E.UP,0.001597,0.081262
24.48,83.7,JH,0.014801,0.752895
24.48,83.7,BR,0.004904,0.249485
24.48,83.88,JH,0.018507,0.941426
24.48,83.88,BR,0.001151,0.058574
24.48,84.06,JH,0.017521,0.891289
24.48,84.06,BR,0.002137,0.108711
24.48,84.24,JH,0.01755,0.892742
24.48,84.24,BR,0.002109,0.107258
24.48,84.42,JH,4.8e-05,0.002426
24.48,84.42,BR,0.019611,0.997574
24.48,84.6,JH,0.000322,0.016375
24.48,84.6,BR,0.019336,0.983625
24.48,84.78,JH,0.011385,0.579137
24.48,84.78,BR,0.008273,0.420863
24.48,84.96,JH,0.000928,0.047215
24.48,84.96,BR,0.01873,0.952785
24.48,85.14,JH,0.002895,0.147272
24.48,85.14,BR,0.016763,0.852728
24.48,85.32,JH,0.01635,0.831706
24.48,85.32,BR,0.003308,0.168294
24.48,85.5,JH,0.019376,0.985664
24.48,85.5,BR,0.000282,0.014336
24.48,85.68,JH,0.019658,1.0
24.48,85.86,JH,0.019658,1.0
24.48,86.04,JH,0.019658,1.0
24.48,86.22,JH,0.019131,0.973152
24.48,86.22,BR,0.000528,0.026848
24.48,86.4,JH,0.00158,0.080349
24.48,86.4,BR,0.01808,0.919698
24.48,86.58,JH,0.018055,0.918435
24.48,86.58,BR,0.001604,0.081589
24.48,86.76,JH,0.019658,1.0
24.48,86.94,JH,0.019658,0.999998
24.48,86.94,BR,0.0,2e-06
24.48,87.12,JH,0.019658,1.0
24.48,87.3,JH,0.019658,1.0
24.48,87.48,JH,0.019658,1.0
24.48,87.66,JH,0.019658,1.0
24.48,87.84,GWB,0.012967,0.659627
24.48,87.84,JH,0.006691,0.340373
24.48,88.02,GWB,0.019658,0.999991
24.48,88.2,GWB,0.008742,0.444674
24.48,88.38,GWB,1.9e-05,0.000969
24.48,92.16,NE.HL,0.006013,0.305871
24.48,92.16,ASM,0.001314,0.06686
24.48,92.34,NE.HL,1.1e-05,0.000547
24.48,92.34,ASM,0.019632,0.998653
24.48,92.52,ASM,0.019658,1.0
24.48,92.7,NE.HL,0.003394,0.17265
24.48,92.7,ASM,0.016264,0.82735
24.48,92.88,NE.HL,0.000104,0.005291
24.48,92.88,ASM,0.019554,0.994709
24.48,93.06,NE.HL,0.011454,0.582675
24.48,93.06,ASM,0.008204,0.417325
24.48,93.24,NE.HL,0.019658,1.0
24.48,93.42,NE.HL,0.019658,1.0
24.48,93.6,NE.HL,0.019658,1.0
24.48,93.78,NE.HL,0.019658,1.0
24.48,93.96,NE.HL,0.019658,1.0
24.48,94.14,NE.HL,0.019658,1.0
24.48,94.32,NE.HL,0.019158,0.974551
24.48,94.5,NE.HL,0.00142,0.072246
24.6,70.92,SAU/KCH,0.001473,0.075023
24.6,71.1,SAU/KCH,0.019107,0.9729
24.6,71.1,W.RJ,0.000225,0.011478
24.6,71.28,GJ,0.006814,0.346953
24.6,71.28,SAU/KCH,0.009059,0.461244
24.6,71.28,W.RJ,0.004288,0.218316
24.6,71.46,GJ,0.018475,0.940718
24.6,71.46,W.RJ,0.001167,0.059398
24.6,71.64,GJ,0.018479,0.940902
24.6,71.64,W.RJ,0.001161,0.059098
24.6,71.82,GJ,0.017504,0.89125
24.6,71.82,W.RJ,0.002136,0.10875
24.6,72.0,GJ,0.018318,0.932726
24.6,72.0,W.RJ,0.001321,0.067274
24.6,72.18,GJ,0.013766,0.700921
24.6,72.18,E.RJ,0.000592,0.030131
24.6,72.18,W.RJ,0.005246,0.26712
24.6,72.36,GJ,0.001995,0.101557
24.6,72.36,E.RJ,0.015419,0.785114
24.6,72.36,W.RJ,0.001538,0.078305
24.6,72.54,E.RJ,0.019639,1.0
24.6,72.72,E.RJ,0.019639,1.0
24.6,72.9,E.RJ,0.019639,1.0
24.6,73.08,E.RJ,0.019639,1.0
24.6,73.26,E.RJ,0.019639,1.0
24.6,73.44,E.RJ,0.019639,1.0
24.6,73.62,E.RJ,0.019639,1.0
24.6,73.8,E.RJ,0.019639,1.0
24.6,73.98,E.RJ,0.019639,1.0
24.6,74.16,E.RJ,0.019639,1.0
24.6,74.34,E.RJ,0.019639,1.0
24.6,74.52,E.RJ,0.019639,1.0
24.6,74.7,W.MP,0.002155,0.109706
24.6,74.7,E.RJ,0.017485,0.890294
24.6,74.88,W.MP,0.019178,0.976501
24.6,74.88,E.RJ,0.000462,0.023499
24.6,75.06,W.MP,0.019639,1.0
24.6,75.24,W.MP,0.019639,1.0
24.6,75.42,W.MP,0.019639,1.0
24.6,75.6,W.MP,0.019639,1.0
24.6,75.78,W.MP,0.018054,0.919287
24.6,75.78,E.RJ,0.001585,0.080713
24.6,75.96,W.MP,0.001621,0.082524
24.6,75.96,E.RJ,0.018019,0.917476
24.6,76.14,E.RJ,0.019639,1.0
24.6,76.32,E.RJ,0.019639,1.0
24.6,76.5,E.RJ,0.019639,1.0
24.6,76.68,E.RJ,0.019639,1.0
24.6,76.86,W.MP,4.1e-05,0.00208
24.6,76.86,E.RJ,0.019599,0.99792
24.6,77.04,W.MP,0.007089,0.360952
24.6,77.04,E.RJ,0.012551,0.639048
24.6,77.22,W.MP,0.019639,1.0
24.6,77.4,W.MP,0.019639,1.0
24.6,77.58,W.MP,0.019639,1.0
24.6,77.76,W.MP,0.019639,1.0
24.6,77.94,W.MP,0.019639,1.0
24.6,78.12,W.MP,0.019639,1.0
24.6,78.3,W.UP,0.013301,0.67724
24.6,78.3,W.MP,0.0063,0.320776
24.6,78.48,W.UP,0.019639,1.0
24.6,78.66,E.MP,3.4e-05,0.001748
24.6,78.66,W.UP,0.019605,0.998252
24.6,78.84,E.MP,0.008644,0.440126
24.6,78.84,W.UP,0.010996,0.559874
24.6,79.02,E.MP,0.019146,0.97487
24.6,79.02,W.UP,0.000494,0.02513
24.6,79.2,E.MP,0.019639,1.0
24.6,79.38,E.MP,0.019639,1.0
24.6,79.56,E.MP,0.019639,1.0
24.6,79.74,E.MP,0.019639,1.0
24.6,79.92,E.MP,0.019639,1.0
24.6,80.1,E.MP,0.019639,1.0
24.6,80.28,E.MP,0.019639,1.0
24.6,80.46,E.MP,0.019639,1.0
24.6,80.64,E.MP,0.019639,1.0
24.6,80.82,E.MP,0.019639,1.0
24.6,81.0,E.MP,0.019639,1.0
24.6,81.18,E.MP,0.019639,1.0
24.6,81.36,E.MP,0.019639,1.0
24.6,81.54,E.MP,0.019639,1.0
24.6,81.72,E.MP,0.019639,1.0
24.6,81.9,E.MP,0.019639,1.0
24.6,82.08,E.MP,0.019639,1.0
24.6,82.26,E.MP,0.017798,0.906259
24.6,82.26,E.UP,0.001841,0.093741
24.6,82.44,E.MP,0.016144,0.821999
24.6,82.44,E.UP,0.003496,0.178001
24.6,82.62,E.MP,0.019391,0.98736
24.6,82.62,E.UP,0.000248,0.01264
24.6,82.8,E.MP,0.006917,0.352212
24.6,82.8,E.UP,0.012722,0.647788
24.6,82.98,E.UP,0.019639,1.0
24.6,83.16,E.UP,0.019639,1.0
24.6,83.34,E.UP,0.019639,1.0
24.6,83.52,BR,0.009185,0.467666
24.6,83.52,E.UP,0.010444,0.531774
24.6,83.7,BR,0.019639,1.0
24.6,83.88,JH,0.00106,0.053995
24.6,83.88,BR,0.018579,0.946005
24.6,84.06,JH,0.007366,0.375082
24.6,84.06,BR,0.012273,0.624918
24.6,84.24,JH,0.001002,0.051031
24.6,84.24,BR,0.018637,0.948969
24.6,84.42,BR,0.019639,1.0
24.6,84.6,BR,0.019639,1.0
24.6,84.78,BR,0.019639,1.0
24.6,84.96,BR,0.019639,1.0
24.6,85.14,BR,0.019639,1.0
24.6,85.32,JH,5e-06,0.000251
24.6,85.32,BR,0.019635,0.999749
24.6,85.5,JH,0.002151,0.109536
24.6,85.5,BR,0.017488,0.890464
24.6,85.68,JH,0.014017,0.713717
24.6,85.68,BR,0.005622,0.286283
24.6,85.86,JH,0.019639,1.0
24.6,86.04,JH,0.019583,0.997098
24.6,86.04,BR,5.7e-05,0.002902
24.6,86.22,JH,0.00851,0.433322
24.6,86.22,BR,0.011129,0.566678
24.6,86.4,JH,0.000243,0.012383
24.6,86.4,BR,0.019396,0.987617
24.6,86.58,JH,0.004088,0.208148
24.6,86.58,BR,0.015918,0.810495
24.6,86.76,JH,0.007324,0.372935
24.6,86.76,BR,0.012317,0.627162
24.6,86.94,JH,0.009737,0.495811
24.6,86.94,BR,0.009902,0.504189
24.6,87.12,JH,0.018478,0.94087
24.6,87.12,BR,0.001161,0.05913
24.6,87.3,JH,0.019639,1.0
24.6,87.48,JH,0.019639,1.0
24.6,87.66,JH,0.019639,1.0
24.6,87.84,GWB,0.004521,0.230202
24.6,87.84,JH,0.015118,0.769798
24.6,88.02,GWB,0.014697,0.748348
24.6,88.02,SIK/NWB,8e-06,0.000395
24.6,92.16,ASM,0.002256,0.114884
24.6,92.34,ASM,0.019639,1.0
24.6,92.52,ASM,0.019639,1.0
24.6,92.7,ASM,0.019639,1.0
24.6,92.88,ASM,0.019639,1.0
24.6,93.06,NE.HL,0.007443,0.379003
24.6,93.06,ASM,0.012196,0.620997
24.6,93.24,NE.HL,0.019639,1.0
24.6,93.42,NE.HL,0.019639,1.0
24.6,93.6,NE.HL,0.019639,1.0
24.6,93.78,NE.HL,0.019639,1.0
24.6,93.96,NE.HL,0.019639,1.0
24.6,94.14,NE.HL,0.019639,1.0
24.6,94.32,NE.HL,0.019639,1.0
24.6,94.5,NE.HL,0.009509,0.484194
24.72,71.1,SAU/KCH,0.001404,0.071538
24.72,71.1,W.RJ,0.012761,0.650372
24.72,71.28,W.RJ,0.019621,1.0
24.72,71.46,GJ,0.001657,0.084461
24.72,71.46,W.RJ,0.017963,0.915539
24.72,71.64,GJ,0.001077,0.054889
24.72,71.64,W.RJ,0.018544,0.945111
24.72,71.82,GJ,0.001002,0.051077
24.72,71.82,W.RJ,0.018618,0.948923
24.72,72.0,GJ,0.003158,0.160974
24.72,72.0,W.RJ,0.016462,0.839026
24.72,72.18,W.RJ,0.019621,1.0
24.72,72.36,E.RJ,0.009997,0.509527
24.72,72.36,W.RJ,0.009253,0.471614
24.72,72.54,E.RJ,0.018672,0.951647
24.72,72.54,W.RJ,0.000949,0.048353
24.72,72.72,E.RJ,0.019621,1.0
24.72,72.9,E.RJ,0.019621,1.0
24.72,73.08,E.RJ,0.019336,0.985511
24.72,73.08,W.RJ,0.000284,0.014489
24.72,73.26,E.RJ,0.019465,0.99209
24.72,73.26,W.RJ,0.000155,0.00791
24.72,73.44,E.RJ,0.019621,1.0
24.72,73.62,E.RJ,0.019621,1.0
24.72,73.8,E.RJ,0.019621,1.0
24.72,73.98,E.RJ,0.019621,1.0
24.72,74.16,E.RJ,0.019621,1.0
24.72,74.34,E.RJ,0.019621,1.0
24.72,74.52,E.RJ,0.019621,1.0
24.72,74.7,W.MP,0.000319,0.016277
24.72,74.7,E.RJ,0.019301,0.983723
24.72,74.88,W.MP,0.005129,0.26139
24.72,74.88,E.RJ,0.014492,0.73861
24.72,75.06,W.MP,0.016975,0.865154
24.72,75.06,E.RJ,0.002526,0.12872
24.72,75.24,W.MP,0.0131,0.667684
24.72,75.24,E.RJ,0.00652,0.332316
24.72,75.42,W.MP,0.006623,0.337544
24.72,75.42,E.RJ,0.012998,0.662456
24.72,75.6,W.MP,0.007533,0.38392
24.72,75.6,E.RJ,0.012088,0.61608
24.72,75.78,W.MP,0.011461,0.584141
24.72,75.78,E.RJ,0.008159,0.415859
24.72,75.96,E.RJ,0.019621,1.0
24.72,76.14,E.RJ,0.019621,1.0
24.72,76.32,E.RJ,0.019621,1.0
24.72,76.5,E.RJ,0.019621,1.0
24.72,76.68,E.RJ,0.019621,1.0
24.72,76.86,W.MP,0.003122,0.159132
24.72,76.86,E.RJ,0.016498,0.840868
24.72,77.04,W.MP,0.014219,0.724682
24.72,77.04,E.RJ,0.005402,0.275318
24.72,77.22,W.MP,0.019621,1.0
24.72,77.4,W.MP,0.019621,1.0
24.72,77.58,W.MP,0.019621,1.0
24.72,77.76,W.MP,0.019621,1.0
24.72,77.94,W.MP,0.019621,1.0
24.72,78.12,W.MP,0.019621,1.0
24.72,78.3,W.UP,0.015851,0.807886
24.72,78.3,W.MP,0.003805,0.193949
24.72,78.48,W.UP,0.019621,1.0
24.72,78.66,W.UP,0.019621,1.0
24.72,78.84,E.MP,0.017214,0.877363
24.72,78.84,W.UP,0.002406,0.122637
24.72,79.02,E.MP,0.019621,1.0
24.72,79.2,E.MP,0.019621,1.0
24.72,79.38,E.MP,0.019621,1.0
24.72,79.56,E.MP,0.019621,1.0
24.72,79.74,E.MP,0.019621,1.0
24.72,79.92,E.MP,0.019621,1.0
24.72,80.1,E.MP,0.019621,1.0
24.72,80.28,E.MP,0.019621,1.0
24.72,80.46,E.MP,0.019621,1.0
24.72,80.64,E.MP,0.019621,1.0
24.72,80.82,E.MP,0.019621,1.0
24.72,81.0,E.MP,0.019621,1.0
24.72,81.18,E.MP,0.019621,1.0
24.72,81.36,E.MP,0.019621,1.0
24.72,81.54,E.MP,0.019621,1.0
24.72,81.72,E.MP,0.019621,1.0
24.72,81.9,E.MP,0.019621,1.0
24.72,82.08,E.MP,0.019621,1.0
24.72,82.26,E.MP,0.007199,0.366903
24.72,82.26,E.UP,0.012518,0.638025
24.72,82.44,E.MP,0.002387,0.121665
24.72,82.44,E.UP,0.017233,0.878335
24.72,82.62,E.MP,0.002677,0.136458
24.72,82.62,E.UP,0.016943,0.863542
24.72,82.8,E.UP,0.019621,1.0
24.72,82.98,E.UP,0.019621,1.0
24.72,83.16,E.UP,0.019621,1.0
24.72,83.34,BR,0.000349,0.017809
24.72,83.34,E.UP,0.019271,0.982191
24.72,83.52,BR,0.014542,0.741184
24.72,83.52,E.UP,0.005072,0.258529
24.72,83.7,BR,0.019621,1.0
24.72,83.88,BR,0.019621,1.0
24.72,84.06,BR,0.019621,1.0
24.72,84.24,BR,0.019621,1.0
24.72,84.42,BR,0.019621,1.0
24.72,84.6,BR,0.019621,1.0
24.72,84.78,BR,0.019621,1.0
24.72,84.96,BR,0.019621,1.0
24.72,85.14,BR,0.019621,1.0
24.72,85.32,BR,0.019621,1.0
24.72,85.5,BR,0.019621,1.0
24.72,85.68,JH,0.008538,0.435171
24.72,85.68,BR,0.011082,0.564829
24.72,85.86,JH,0.018371,0.93629
24.72,85.86,BR,0.00125,0.06371
24.72,86.04,JH,0.01404,0.715592
24.72,86.04,BR,0.00558,0.284408
24.72,86.22,JH,0.000248,0.012648
24.72,86.22,BR,0.019372,0.987352
24.72,86.4,BR,0.019621,1.0
24.72,86.58,BR,0.019621,1.0
24.72,86.76,BR,0.019621,1.0
24.72,86.94,BR,0.019621,1.0
24.72,87.12,JH,0.014571,0.742629
24.72,87.12,BR,0.00505,0.257371
24.72,87.3,JH,0.019621,1.0
24.72,87.48,JH,0.019621,1.0
24.72,87.66,JH,0.019621,1.0
24.72,87.84,GWB,0.005749,0.293026
24.72,87.84,JH,0.013966,0.711783
24.72,88.02,GWB,0.00423,0.215601
24.72,88.02,SIK/NWB,0.00932,0.475018
24.72,92.16,ASM,0.000572,0.02917
24.72,92.34,ASM,0.018526,0.944229
24.72,92.52,ASM,0.019621,1.0
24.72,92.7,ASM,0.019621,1.0
24.72,92.88,ASM,0.019621,1.0
24.72,93.06,NE.HL,0.005741,0.292589
24.72,93.06,ASM,0.01388,0.707411
24.72,93.24,NE.HL,0.019621,1.0
24.72,93.42,NE.HL,0.019621,1.0
24.72,93.6,NE.HL,0.019621,1.0
24.72,93.78,NE.HL,0.019621,1.0
24.72,93.96,NE.HL,0.019621,1.0
24.72,94.14,NE.HL,0.019621,1.0
24.72,94.32,NE.HL,0.019621,1.0
24.72,94.5,NE.HL,0.017512,0.892554
24.72,94.68,NE.HL,0.001836,0.0936
24.84,70.92,W.RJ,0.001361,0.069445
24.84,71.1,W.RJ,0.018941,0.966302
24.84,71.28,W.RJ,0.019602,1.0
24.84,71.46,W.RJ,0.019602,1.0
24.84,71.64,W.RJ,0.019602,1.0
24.84,71.82,W.RJ,0.019602,1.0
24.84,72.0,W.RJ,0.019602,1.0
24.84,72.18,W.RJ,0.019602,1.0
24.84,72.36,W.RJ,0.019602,1.0
24.84,72.54,E.RJ,0.014537,0.741622
24.84,72.54,W.RJ,0.005065,0.258378
24.84,72.72,E.RJ,0.019602,1.0
24.84,72.9,E.RJ,0.019602,1.0
24.84,73.08,E.RJ,0.013245,0.675695
24.84,73.08,W.RJ,0.006357,0.324305
24.84,73.26,E.RJ,0.010074,0.513943
24.84,73.26,W.RJ,0.009528,0.486057
24.84,73.44,E.RJ,0.019602,1.0
24.84,73.62,E.RJ,0.019602,1.0
24.84,73.8,E.RJ,0.019602,1.0
24.84,73.98,E.RJ,0.019602,1.0
24.84,74.16,E.RJ,0.019602,1.0
24.84,74.34,E.RJ,0.019602,1.0
24.84,74.52,E.RJ,0.019602,1.0
24.84,74.7,E.RJ,0.019602,1.0
24.84,74.88,W.MP,0.011164,0.569547
24.84,74.88,E.RJ,0.008618,0.439674
24.84,75.06,W.MP,0.015246,0.777788
24.84,75.06,E.RJ,0.004333,0.22105
24.84,75.24,W.MP,0.011555,0.589486
24.84,75.24,E.RJ,0.008047,0.410514
24.84,75.42,W.MP,0.003311,0.168895
24.84,75.42,E.RJ,0.016291,0.831105
24.84,75.6,E.RJ,0.019602,1.0
24.84,75.78,E.RJ,0.019602,1.0
24.84,75.96,E.RJ,0.019602,1.0
24.84,76.14,E.RJ,0.019602,1.0
24.84,76.32,E.RJ,0.019602,1.0
24.84,76.5,E.RJ,0.019602,1.0
24.84,76.68,E.RJ,0.019602,1.0
24.84,76.86,W.MP,0.007829,0.399384
24.84,76.86,E.RJ,0.011773,0.600616
24.84,77.04,W.MP,0.019592,0.999513
24.84,77.04,E.RJ,1e-05,0.000487
24.84,77.22,W.MP,0.019602,1.0
24.84,77.4,W.MP,0.019602,1.0
24.84,77.58,W.MP,0.019602,1.0
24.84,77.76,W.MP,0.019602,1.0
24.84,77.94,W.MP,0.019602,1.0
24.84,78.12,W.UP,0.001928,0.098355
24.84,78.12,W.MP,0.017429,0.889138
24.84,78.3,W.UP,0.019286,0.983888
24.84,78.3,W.MP,0.000313,0.015943
24.84,78.48,W.UP,0.019602,1.0
24.84,78.66,E.MP,0.001363,0.069541
24.84,78.66,W.UP,0.018239,0.930459
24.84,78.84,E.MP,0.017588,0.897246
24.84,78.84,W.UP,0.002014,0.102754
24.84,79.02,E.MP,0.019602,1.0
24.84,79.2,E.MP,0.019602,1.0
24.84,79.38,E.MP,0.019602,1.0
24.84,79.56,E.MP,0.019602,1.0
24.84,79.74,E.MP,0.019602,1.0
24.84,79.92,E.MP,0.019602,1.0
24.84,80.1,E.MP,0.019602,1.0
24.84,80.28,E.MP,0.019602,1.0
24.84,80.46,E.MP,0.019602,1.0
24.84,80.64,E.MP,0.019602,1.0
24.84,80.82,E.MP,0.019602,1.0
24.84,81.0,E.MP,0.019602,1.0
24.84,81.18,E.MP,0.019521,0.995866
24.84,81.18,E.UP,8.1e-05,0.004134
24.84,81.36,E.MP,0.019602,1.0
24.84,81.54,E.MP,0.019602,1.0
24.84,81.72,E.MP,0.019602,1.0
24.84,81.9,E.MP,0.015895,0.810895
24.84,81.9,E.UP,0.003707,0.189105
24.84,82.08,E.MP,0.006441,0.328614
24.84,82.08,E.UP,0.01316,0.671386
24.84,82.26,E.MP,0.000848,0.04327
24.84,82.26,E.UP,0.018753,0.95673
24.84,82.44,E.UP,0.019602,1.0
24.84,82.62,E.UP,0.019602,1.0
24.84,82.8,E.UP,0.019602,1.0
24.84,82.98,E.UP,0.019602,1.0
24.84,83.16,E.UP,0.019602,1.0
24.84,83.34,BR,0.005036,0.256905
24.84,83.34,E.UP,0.014566,0.743095
24.84,83.52,BR,0.019602,1.0
24.84,83.7,BR,0.019602,1.0
24.84,83.88,BR,0.019602,1.0
24.84,84.06,BR,0.019602,1.0
24.84,84.24,BR,0.019602,1.0
24.84,84.42,BR,0.019602,1.0
24.84,84.6,BR,0.019602,1.0
24.84,84.78,BR,0.019602,1.0
24.84,84.96,BR,0.019602,1.0
24.84,85.14,BR,0.019602,1.0
24.84,85.32,BR,0.019602,1.0
24.84,85.5,BR,0.019602,1.0
24.84,85.68,JH,0.00133,0.067872
24.84,85.68,BR,0.018271,0.932128
24.84,85.86,JH,0.002435,0.124247
24.84,85.86,BR,0.017166,0.875753
24.84,86.04,BR,0.019602,1.0
24.84,86.22,BR,0.019602,1.0
24.84,86.4,BR,0.019602,1.0
24.84,86.58,BR,0.019602,1.0
24.84,86.76,BR,0.019602,1.0
24.84,86.94,BR,0.019602,1.0
24.84,87.12,JH,0.009788,0.499371
24.84,87.12,BR,0.009813,0.500629
24.84,87.3,JH,0.019602,1.0
24.84,87.48,JH,0.019602,1.0
24.84,87.66,JH,0.019602,1.0
24.84,87.84,GWB,0.002417,0.1233
24.84,87.84,JH,0.016395,0.83641
24.84,87.84,SIK/NWB,0.000601,0.030663
24.84,88.02,GWB,0.000496,0.025317
24.84,88.02,JH,0.001026,0.05236
24.84,88.02,SIK/NWB,0.018107,0.923748
24.84,88.2,SIK/NWB,0.004054,0.206832
24.84,88.38,SIK/NWB,0.001003,0.051193
24.84,92.16,ASM,0.000315,0.016092
24.84,92.34,ASM,0.015714,0.801687
24.84,92.52,ASM,0.017623,0.899046
24.84,92.7,ASM,0.019602,1.0
24.84,92.88,ASM,0.019602,1.0
24.84,93.06,NE.HL,0.000951,0.048514
24.84,93.06,ASM,0.018651,0.951486
24.84,93.24,NE.HL,0.014083,0.71846
24.84,93.24,ASM,0.005519,0.28154
24.84,93.42,NE.HL,0.019602,1.0
24.84,93.6,NE.HL,0.019602,1.0
24.84,93.78,NE.HL,0.019602,1.0
24.84,93.96,NE.HL,0.019602,1.0
24.84,94.14,NE.HL,0.019602,1.0
24.84,94.32,NE.HL,0.019602,1.0
24.84,94.5,NE.HL,0.019602,1.0
24.84,94.68,NE.HL,0.006125,0.312454
24.96,70.92,W.RJ,0.008167,0.417036
24.96,71.1,W.RJ,0.019583,1.0
24.96,71.28,W.RJ,0.019583,1.0
24.96,71.46,W.RJ,0.019583,1.0
24.96,71.64,W.RJ,0.019583,1.0
24.96,71.82,W.RJ,0.019583,1.0
24.96,72.0,W.RJ,0.019583,1.0
24.96,72.18,W.RJ,0.019583,1.0
24.96,72.36,W.RJ,0.019583,1.0
24.96,72.54,E.RJ,0.005724,0.292278
24.96,72.54,W.RJ,0.013859,0.707722
24.96,72.72,E.RJ,0.019502,0.995869
24.96,72.72,W.RJ,8.1e-05,0.004131
24.96,72.9,E.RJ,0.019583,1.0
24.96,73.08,E.RJ,0.003958,0.202095
24.96,73.08,W.RJ,0.015625,0.797905
24.96,73.26,E.RJ,0.001357,0.069285
24.96,73.26,W.RJ,0.018226,0.930715
24.96,73.44,E.RJ,0.019579,0.999829
24.96,73.44,W.RJ,3e-06,0.000171
24.96,73.62,E.RJ,0.019583,1.0
24.96,73.8,E.RJ,0.019583,1.0
24.96,73.98,E.RJ,0.019583,1.0
24.96,74.16,E.RJ,0.019583,1.0
24.96,74.34,E.RJ,0.019583,1.0
24.96,74.52,E.RJ,0.019583,1.0
24.96,74.7,E.RJ,0.019583,1.0
24.96,74.88,W.MP,0.003614,0.184576
24.96,74.88,E.RJ,0.016169,0.825673
24.96,75.06,W.MP,0.002169,0.11074
24.96,75.06,E.RJ,0.017414,0.88926
24.96,75.24,W.MP,0.0176,0.898773
24.96,75.24,E.RJ,0.001982,0.101227
24.96,75.42,W.MP,0.00034,0.017365
24.96,75.42,E.RJ,0.019243,0.982635
24.96,75.6,E.RJ,0.019583,1.0
24.96,75.78,E.RJ,0.019583,1.0
24.96,75.96,E.RJ,0.019583,1.0
24.96,76.14,E.RJ,0.019583,1.0
24.96,76.32,E.RJ,0.019583,1.0
24.96,76.5,E.RJ,0.019583,1.0
24.96,76.68,E.RJ,0.019583,1.0
24.96,76.86,W.MP,0.007258,0.370636
24.96,76.86,E.RJ,0.012325,0.629364
24.96,77.04,W.MP,0.019583,1.0
24.96,77.22,W.MP,0.019583,1.0
24.96,77.4,W.MP,0.019583,1.0
24.96,77.58,W.MP,0.019583,1.0
24.96,77.76,W.MP,0.019583,1.0
24.96,77.94,W.MP,0.019583,1.0
24.96,78.12,W.MP,0.019569,0.999322
24.96,78.3,W.UP,0.011158,0.569788
24.96,78.3,W.MP,0.007939,0.40542
24.96,78.48,W.UP,0.019583,1.0
24.96,78.66,E.MP,0.011345,0.579319
24.96,78.66,W.UP,0.008238,0.420681
24.96,78.84,E.MP,0.019583,1.0
24.96,79.02,E.MP,0.019583,1.0
24.96,79.2,E.MP,0.019583,1.0
24.96,79.38,E.MP,0.019583,1.0
24.96,79.56,E.MP,0.019583,1.0
24.96,79.74,E.MP,0.019583,1.0
24.96,79.92,E.MP,0.019583,1.0
24.96,80.1,E.MP,0.019583,1.0
24.96,80.28,E.MP,0.018858,0.962993
24.96,80.28,E.UP,0.000725,0.037009
24.96,80.46,E.MP,0.017264,0.881616
24.96,80.46,E.UP,0.002214,0.113077
24.96,80.64,E.MP,0.019582,0.999966
24.96,80.64,E.UP,2e-06,0.000103
24.96,80.82,E.MP,0.013707,0.699969
24.96,80.82,E.UP,0.005875,0.300031
24.96,81.0,E.MP,0.007449,0.380383
24.96,81.0,E.UP,0.012134,0.619617
24.96,81.18,E.MP,0.008829,0.450877
24.96,81.18,E.UP,0.010753,0.549123
24.96,81.36,E.MP,0.019583,1.0
24.96,81.54,E.MP,0.019583,1.0
24.96,81.72,E.MP,0.01934,0.98761
24.96,81.72,E.UP,0.000243,0.01239
24.96,81.9,E.MP,0.009922,0.506661
24.96,81.9,E.UP,0.009661,0.493339
24.96,82.08,E.UP,0.019583,1.0
24.96,82.26,E.UP,0.019583,1.0
24.96,82.44,E.UP,0.019583,1.0
24.96,82.62,E.UP,0.019583,1.0
24.96,82.8,E.UP,0.019583,1.0
24.96,82.98,E.UP,0.019583,1.0
24.96,83.16,E.UP,0.019583,1.0
24.96,83.34,BR,0.008164,0.416899
24.96,83.34,E.UP,0.011419,0.583101
24.96,83.52,BR,0.019583,1.0
24.96,83.7,BR,0.019583,1.0
24.96,83.88,BR,0.019583,1.0
24.96,84.06,BR,0.019583,1.0
24.96,84.24,BR,0.019583,1.0
24.96,84.42,BR,0.019583,1.0
24.96,84.6,BR,0.019583,1.0
24.96,84.78,BR,0.019583,1.0
24.96,84.96,BR,0.019583,1.0
24.96,85.14,BR,0.019583,1.0
24.96,85.32,BR,0.019583,1.0
24.96,85.5,BR,0.019583,1.0
24.96,85.68,BR,0.019583,1.0
24.96,85.86,BR,0.019583,1.0
24.96,86.04,BR,0.019583,1.0
24.96,86.22,BR,0.019583,1.0
24.96,86.4,BR,0.019583,1.0
24.96,86.58,BR,0.019583,1.0
24.96,86.76,BR,0.019583,1.0
24.96,86.94,BR,0.019583,1.0
24.96,87.12,JH,0.005646,0.288312
24.96,87.12,BR,0.013937,0.711688
24.96,87.3,JH,0.019583,1.0
24.96,87.48,JH,0.019583,1.0
24.96,87.66,JH,0.019583,1.0
24.96,87.84,JH,0.0188,0.960044
24.96,87.84,SIK/NWB,0.00086,0.043933
24.96,88.02,JH,0.00211,0.107736
24.96,88.02,SIK/NWB,0.01758,0.897758
24.96,88.2,SIK/NWB,0.015258,0.779161
24.96,88.38,SIK/NWB,0.010224,0.522078
24.96,92.16,ASM,2.3e-05,0.001184
24.96,92.34,ASM,0.001036,0.052923
24.96,92.52,ASM,0.016427,0.838865
24.96,92.7,ASM,0.019583,1.0
24.96,92.88,ASM,0.019583,1.0
24.96,93.06,ASM,0.019583,1.0
24.96,93.24,NE.HL,0.008641,0.441246
24.96,93.24,ASM,0.010942,0.558754
24.96,93.42,NE.HL,0.019583,1.0
24.96,93.6,NE.HL,0.019583,1.0
24.96,93.78,NE.HL,0.019583,1.0
24.96,93.96,NE.HL,0.019583,1.0
24.96,94.14,NE.HL,0.019583,1.0
24.96,94.32,NE.HL,0.019583,1.0
24.96,94.5,NE.HL,0.019583,1.0
24.96,94.68,NE.HL,0.013268,0.677544
25.08,70.92,W.RJ,0.011657,0.595879
25.08,71.1,W.RJ,0.019563,1.0
25.08,71.28,W.RJ,0.019563,1.0
25.08,71.46,W.RJ,0.019563,1.0
25.08,71.64,W.RJ,0.019563,1.0
25.08,71.82,W.RJ,0.019563,1.0
25.08,72.0,W.RJ,0.019563,1.0
25.08,72.18,W.RJ,0.019563,1.0
25.08,72.36,W.RJ,0.019563,1.0
25.08,72.54,W.RJ,0.019563,1.0
25.08,72.72,E.RJ,0.012444,0.636089
25.08,72.72,W.RJ,0.007119,0.363911
25.08,72.9,E.RJ,0.019563,1.0
25.08,73.08,E.RJ,0.011706,0.598384
25.08,73.08,W.RJ,0.007857,0.401616
25.08,73.26,W.RJ,0.019563,1.0
25.08,73.44,E.RJ,0.010832,0.553707
25.08,73.44,W.RJ,0.008731,0.446293
25.08,73.62,E.RJ,0.019563,1.0
25.08,73.8,E.RJ,0.019563,1.0
25.08,73.98,E.RJ,0.019563,1.0
25.08,74.16,E.RJ,0.019563,1.0
25.08,74.34,E.RJ,0.019563,1.0
25.08,74.52,E.RJ,0.019563,1.0
25.08,74.7,E.RJ,0.019563,1.0
25.08,74.88,E.RJ,0.019563,1.0
25.08,75.06,E.RJ,0.019563,1.0
25.08,75.24,W.MP,0.002484,0.126949
25.08,75.24,E.RJ,0.01708,0.873051
25.08,75.42,W.MP,0.000356,0.018195
25.08,75.42,E.RJ,0.019208,0.981805
25.08,75.6,E.RJ,0.019563,1.0
25.08,75.78,E.RJ,0.019563,1.0
25.08,75.96,E.RJ,0.019563,1.0
25.08,76.14,E.RJ,0.019563,1.0
25.08,76.32,E.RJ,0.019563,1.0
25.08,76.5,E.RJ,0.019563,1.0
25.08,76.68,E.RJ,0.019563,1.0
25.08,76.86,W.MP,0.000993,0.050756
25.08,76.86,E.RJ,0.018571,0.949244
25.08,77.04,W.MP,0.006681,0.341501
25.08,77.04,E.RJ,0.012883,0.658499
25.08,77.22,W.MP,0.013368,0.683335
25.08,77.22,E.RJ,0.006195,0.316665
25.08,77.4,W.MP,0.016255,0.830906
25.08,77.4,E.RJ,0.003361,0.171781
25.08,77.58,W.MP,0.019563,1.0
25.08,77.76,W.MP,0.019563,1.0
25.08,77.94,W.MP,0.019563,1.0
25.08,78.12,W.MP,0.019563,1.0
25.08,78.3,W.UP,0.003764,0.192405
25.08,78.3,W.MP,0.015626,0.798753
25.08,78.48,W.UP,0.01882,0.961973
25.08,78.48,W.MP,0.000742,0.037949
25.08,78.66,E.MP,0.013822,0.70652
25.08,78.66,W.UP,0.005741,0.29348
25.08,78.84,E.MP,0.019563,1.0
25.08,79.02,E.MP,0.019467,0.995081
25.08,79.02,W.UP,9.6e-05,0.004919
25.08,79.2,E.MP,0.016322,0.834321
25.08,79.2,W.UP,0.003241,0.165679
25.08,79.38,E.MP,0.015538,0.79421
25.08,79.38,W.UP,0.004026,0.20579
25.08,79.56,E.MP,0.016609,0.849001
25.08,79.56,W.UP,0.002954,0.150999
25.08,79.74,E.MP,0.017368,0.887756
25.08,79.74,W.UP,0.002196,0.112244
25.08,79.92,E.MP,0.018499,0.945607
25.08,79.92,W.UP,0.001064,0.054393
25.08,80.1,E.MP,0.019563,1.0
25.08,80.28,E.MP,0.016171,0.826569
25.08,80.28,E.UP,0.003394,0.173479
25.08,80.46,E.MP,0.005428,0.277436
25.08,80.46,E.UP,0.014083,0.719886
25.08,80.64,E.MP,0.010067,0.514563
25.08,80.64,E.UP,0.009497,0.485437
25.08,80.82,E.MP,0.013112,0.670219
25.08,80.82,E.UP,0.006452,0.329781
25.08,81.0,E.UP,0.019563,1.0
25.08,81.18,E.MP,0.001216,0.062164
25.08,81.18,E.UP,0.018347,0.937836
25.08,81.36,E.MP,0.018105,0.925451
25.08,81.36,E.UP,0.001458,0.074549
25.08,81.54,E.MP,0.015387,0.78654
25.08,81.54,E.UP,0.004176,0.21346
25.08,81.72,E.MP,0.004066,0.207857
25.08,81.72,E.UP,0.015497,0.792143
25.08,81.9,E.UP,0.019563,1.0
25.08,82.08,E.UP,0.019563,1.0
25.08,82.26,E.UP,0.019563,1.0
25.08,82.44,E.UP,0.019563,1.0
25.08,82.62,E.UP,0.019563,1.0
25.08,82.8,E.UP,0.019563,1.0
25.08,82.98,E.UP,0.019563,1.0
25.08,83.16,E.UP,0.019563,1.0
25.08,83.34,BR,0.009317,0.476227
25.08,83.34,E.UP,0.010274,0.525183
25.08,83.52,BR,0.019563,1.0
25.08,83.7,BR,0.019563,1.0
25.08,83.88,BR,0.019563,1.0
25.08,84.06,BR,0.019563,1.0
25.08,84.24,BR,0.019563,1.0
25.08,84.42,BR,0.019563,1.0
25.08,84.6,BR,0.019563,1.0
25.08,84.78,BR,0.019563,1.0
25.08,84.96,BR,0.019563,1.0
25.08,85.14,BR,0.019563,1.0
25.08,85.32,BR,0.019563,1.0
25.08,85.5,BR,0.019563,1.0
25.08,85.68,BR,0.019563,1.0
25.08,85.86,BR,0.019563,1.0
25.08,86.04,BR,0.019563,1.0
25.08,86.22,BR,0.019563,1.0
25.08,86.4,BR,0.019563,1.0
25.08,86.58,BR,0.019563,1.0
25.08,86.76,BR,0.019563,1.0
25.08,86.94,BR,0.019563,1.0
25.08,87.12,JH,0.001747,0.089308
25.08,87.12,BR,0.017816,0.910692
25.08,87.3,JH,0.015676,0.80128
25.08,87.3,BR,0.003888,0.19872
25.08,87.48,JH,0.019563,1.0
25.08,87.66,JH,0.019563,1.0
25.08,87.84,JH,0.007235,0.369841
25.08,87.84,SIK/NWB,0.012066,0.616767
25.08,88.02,SIK/NWB,0.019563,1.0
25.08,88.2,SIK/NWB,0.019563,1.0
25.08,88.38,SIK/NWB,0.017204,0.879399
25.08,91.44,ASM,6.7e-05,0.003443
25.08,91.62,ASM,0.000449,0.022952
25.08,92.16,ASM,0.001852,0.094656
25.08,92.34,ASM,0.012908,0.659816
25.08,92.52,ASM,0.019552,0.999433
25.08,92.7,ASM,0.019563,1.0
25.08,92.88,ASM,0.019563,1.0
25.08,93.06,ASM,0.019563,1.0
25.08,93.24,NE.HL,0.002061,0.10535
25.08,93.24,ASM,0.017502,0.89465
25.08,93.42,NE.HL,0.019105,0.97657
25.08,93.42,ASM,0.000458,0.02343
25.08,93.6,NE.HL,0.019563,1.0
25.08,93.78,NE.HL,0.019563,1.0
25.08,93.96,NE.HL,0.019563,1.0
25.08,94.14,NE.HL,0.019563,1.0
25.08,94.32,NE.HL,0.019563,1.0
25.08,94.5,NE.HL,0.019563,1.0
25.08,94.68,NE.HL,0.016759,0.856634
25.2,70.74,W.RJ,0.001499,0.076683
25.2,70.92,W.RJ,0.017645,0.90281
25.2,71.1,W.RJ,0.019544,1.0
25.2,71.28,W.RJ,0.019544,1.0
25.2,71.46,W.RJ,0.019544,1.0
25.2,71.64,W.RJ,0.019544,1.0
25.2,71.82,W.RJ,0.019544,1.0
25.2,72.0,W.RJ,0.019544,1.0
25.2,72.18,W.RJ,0.019544,1.0
25.2,72.36,W.RJ,0.019544,1.0
25.2,72.54,W.RJ,0.019544,1.0
25.2,72.72,E.RJ,0.003727,0.190689
25.2,72.72,W.RJ,0.015817,0.809311
25.2,72.9,E.RJ,0.01484,0.759327
25.2,72.9,W.RJ,0.004704,0.240673
25.2,73.08,E.RJ,0.000361,0.018447
25.2,73.08,W.RJ,0.019184,0.981553
25.2,73.26,W.RJ,0.019544,1.0
25.2,73.44,E.RJ,4e-06,0.000226
25.2,73.44,W.RJ,0.01954,0.999774
25.2,73.62,E.RJ,0.013322,0.681623
25.2,73.62,W.RJ,0.006222,0.318377
25.2,73.8,E.RJ,0.019544,1.0
25.2,73.98,E.RJ,0.019544,1.0
25.2,74.16,E.RJ,0.019544,1.0
25.2,74.34,E.RJ,0.019544,1.0
25.2,74.52,E.RJ,0.019544,1.0
25.2,74.7,E.RJ,0.019544,1.0
25.2,74.88,E.RJ,0.019544,1.0
25.2,75.06,E.RJ,0.019544,1.0
25.2,75.24,E.RJ,0.019544,1.0
25.2,75.42,E.RJ,0.019544,1.0
25.2,75.6,E.RJ,0.019544,1.0
25.2,75.78,E.RJ,0.019544,1.0
25.2,75.96,E.RJ,0.019544,1.0
25.2,76.14,E.RJ,0.019544,1.0
25.2,76.32,E.RJ,0.019544,1.0
25.2,76.5,E.RJ,0.019544,1.0
25.2,76.68,E.RJ,0.019544,1.0
25.2,76.86,E.RJ,0.019544,1.0
25.2,77.04,E.RJ,0.019544,1.0
25.2,77.22,E.RJ,0.019544,1.0
25.2,77.4,W.MP,0.009692,0.495922
25.2,77.4,E.RJ,0.009886,0.505838
25.2,77.58,W.MP,0.019544,1.0
25.2,77.76,W.MP,0.019544,1.0
25.2,77.94,W.MP,0.019544,1.0
25.2,78.12,W.MP,0.019544,1.0
25.2,78.3,W.UP,0.00067,0.034295
25.2,78.3,W.MP,0.018874,0.965705
25.2,78.48,E.MP,1.5e-05,0.00078
25.2,78.48,W.UP,0.017529,0.89689
25.2,78.48,W.MP,0.002167,0.110855
25.2,78.66,E.MP,0.018258,0.934182
25.2,78.66,W.UP,0.001286,0.065818
25.2,78.84,E.MP,0.015477,0.791893
25.2,78.84,W.UP,0.004067,0.208107
25.2,79.02,E.MP,0.010042,0.513823
25.2,79.02,W.UP,0.009502,0.486177
25.2,79.2,E.MP,0.001074,0.054968
25.2,79.2,W.UP,0.01847,0.945032
25.2,79.38,E.MP,0.011451,0.585921
25.2,79.38,W.UP,0.008093,0.414079
25.2,79.56,E.MP,0.000844,0.043174
25.2,79.56,W.UP,0.0187,0.956826
25.2,79.74,W.UP,0.019544,1.0
25.2,79.92,E.MP,0.01438,0.735768
25.2,79.92,W.UP,0.005164,0.264232
25.2,80.1,E.MP,0.019544,1.0
25.2,80.28,E.MP,0.019485,0.996983
25.2,80.28,E.UP,5.8e-05,0.002963
25.2,80.46,E.MP,0.003779,0.193358
25.2,80.46,E.UP,0.015774,0.807102
25.2,80.64,E.MP,5.5e-05,0.002791
25.2,80.64,E.UP,0.01949,0.997209
25.2,80.82,E.MP,0.002724,0.139375
25.2,80.82,E.UP,0.01682,0.860625
25.2,81.0,E.MP,1e-05,0.00053
25.2,81.0,E.UP,0.019534,0.99947
25.2,81.18,E.UP,0.019544,1.0
25.2,81.36,E.MP,0.001598,0.08178
25.2,81.36,E.UP,0.017946,0.91822
25.2,81.54,E.MP,0.003533,0.180791
25.2,81.54,E.UP,0.016271,0.832525
25.2,81.72,E.UP,0.019544,1.0
25.2,81.9,E.UP,0.019544,1.0
25.2,82.08,E.UP,0.019544,1.0
25.2,82.26,E.UP,0.019544,1.0
25.2,82.44,E.UP,0.019544,1.0
25.2,82.62,E.UP,0.019544,1.0
25.2,82.8,E.UP,0.019544,1.0
25.2,82.98,E.UP,0.019544,1.0
25.2,83.16,E.UP,0.019544,1.0
25.2,83.34,BR,0.005088,0.260353
25.2,83.34,E.UP,0.014489,0.741349
25.2,83.52,BR,0.019128,0.978698
25.2,83.52,E.UP,0.000416,0.021302
25.2,83.7,BR,0.019544,1.0
25.2,83.88,BR,0.019544,1.0
25.2,84.06,BR,0.019544,1.0
25.2,84.24,BR,0.019544,1.0
25.2,84.42,BR,0.019544,1.0
25.2,84.6,BR,0.019544,1.0
25.2,84.78,BR,0.019544,1.0
25.2,84.96,BR,0.019544,1.0
25.2,85.14,BR,0.019544,1.0
25.2,85.32,BR,0.019544,1.0
25.2,85.5,BR,0.019544,1.0
25.2,85.68,BR,0.019544,1.0
25.2,85.86,BR,0.019544,1.0
25.2,86.04,BR,0.019544,1.0
25.2,86.22,BR,0.019544,1.0
25.2,86.4,BR,0.019544,1.0
25.2,86.58,BR,0.019544,1.0
25.2,86.76,BR,0.019544,1.0
25.2,86.94,BR,0.019544,1.0
25.2,87.12,BR,0.019544,1.0
25.2,87.3,JH,0.00482,0.246635
25.2,87.3,BR,0.014724,0.753365
25.2,87.48,JH,0.015586,0.797452
25.2,87.48,BR,0.003959,0.202548
25.2,87.66,JH,0.01936,0.990586
25.2,87.66,BR,0.000184,0.009414
25.2,87.84,JH,0.003631,0.185779
25.2,87.84,BR,0.002513,0.128574
25.2,87.84,SIK/NWB,0.01333,0.682026
25.2,88.02,SIK/NWB,0.019544,1.0
25.2,88.2,SIK/NWB,0.019544,1.0
25.2,88.38,SIK/NWB,0.018681,0.955828
25.2,88.56,SIK/NWB,0.00992,0.50758
25.2,88.74,SIK/NWB,0.010999,0.562749
25.2,88.92,SIK/NWB,0.008676,0.443905
25.2,90.0,ASM,0.000418,0.02139
25.2,90.18,ASM,0.007365,0.376849
25.2,90.36,ASM,0.013489,0.690187
25.2,90.54,ASM,0.015447,0.790378
25.2,90.72,ASM,0.014563,0.745118
25.2,90.9,ASM,0.014713,0.752781
25.2,91.08,ASM,0.010784,0.55179
25.2,91.26,ASM,0.010586,0.541623
25.2,91.44,ASM,0.016661,0.852452
25.2,91.62,ASM,0.017814,0.911453
25.2,91.8,ASM,0.014636,0.748866
25.2,91.98,ASM,0.012681,0.648842
25.2,92.16,ASM,0.017403,0.890434
25.2,92.34,ASM,0.019544,1.0
25.2,92.52,ASM,0.019544,1.0
25.2,92.7,ASM,0.019544,1.0
25.2,92.88,ASM,0.019544,1.0
25.2,93.06,ASM,0.019544,1.0
25.2,93.24,ASM,0.019544,1.0
25.2,93.42,NE.HL,0.015412,0.788554
25.2,93.42,ASM,0.004133,0.211446
25.2,93.6,NE.HL,0.019544,1.0
25.2,93.78,NE.HL,0.019544,1.0
25.2,93.96,NE.HL,0.019544,1.0
25.2,94.14,NE.HL,0.019544,1.0
25.2,94.32,NE.HL,0.019544,1.0
25.2,94.5,NE.HL,0.019465,0.995922
25.2,94.68,NE.HL,0.003177,0.162557
25.32,70.74,W.RJ,0.010569,0.541332
25.32,70.92,W.RJ,0.019525,1.0
25.32,71.1,W.RJ,0.019525,1.0
25.32,71.28,W.RJ,0.019525,1.0
25.32,71.46,W.RJ,0.019525,1.0
25.32,71.64,W.RJ,0.019525,1.0
25.32,71.82,W.RJ,0.019525,1.0
25.32,72.0,W.RJ,0.019525,1.0
25.32,72.18,W.RJ,0.019525,1.0
25.32,72.36,W.RJ,0.019525,1.0
25.32,72.54,W.RJ,0.019525,1.0
25.32,72.72,E.RJ,4e-06,0.000218
25.32,72.72,W.RJ,0.019521,0.999782
25.32,72.9,E.RJ,0.000681,0.034881
25.32,72.9,W.RJ,0.018844,0.965119
25.32,73.08,W.RJ,0.019525,1.0
25.32,73.26,W.RJ,0.019525,1.0
25.32,73.44,W.RJ,0.019525,1.0
25.32,73.62,E.RJ,0.006121,0.313492
25.32,73.62,W.RJ,0.013404,0.686508
25.32,73.8,E.RJ,0.019525,1.0
25.32,73.98,E.RJ,0.019525,1.0
25.32,74.16,E.RJ,0.019525,1.0
25.32,74.34,E.RJ,0.019525,1.0
25.32,74.52,E.RJ,0.019525,1.0
25.32,74.7,E.RJ,0.019525,1.0
25.32,74.88,E.RJ,0.019525,1.0
25.32,75.06,E.RJ,0.019525,1.0
25.32,75.24,E.RJ,0.019525,1.0
25.32,75.42,E.RJ,0.019525,1.0
25.32,75.6,E.RJ,0.019525,1.0
25.32,75.78,E.RJ,0.019525,1.0
25.32,75.96,E.RJ,0.019525,1.0
25.32,76.14,E.RJ,0.019525,1.0
25.32,76.32,E.RJ,0.019525,1.0
25.32,76.5,E.RJ,0.019525,1.0
25.32,76.68,W.MP,0.004882,0.250059
25.32,76.68,E.RJ,0.014643,0.749941
25.32,76.86,W.MP,0.011257,0.576527
25.32,76.86,E.RJ,0.008268,0.423473
25.32,77.04,W.MP,0.011277,0.577544
25.32,77.04,E.RJ,0.008248,0.422456
25.32,77.22,W.MP,0.005467,0.280007
25.32,77.22,E.RJ,0.014064,0.720308
25.32,77.4,W.MP,0.013953,0.714614
25.32,77.4,E.RJ,0.005675,0.290629
25.32,77.58,W.MP,0.019525,1.0
25.32,77.76,W.MP,0.019525,1.0
25.32,77.94,W.MP,0.019525,1.0
25.32,78.12,W.MP,0.019525,1.0
25.32,78.3,W.UP,0.006242,0.319709
25.32,78.3,W.MP,0.013187,0.675391
25.32,78.48,E.MP,0.004122,0.211096
25.32,78.48,W.UP,0.015217,0.779343
25.32,78.66,E.MP,0.018326,0.938597
25.32,78.66,W.UP,0.001199,0.061403
25.32,78.84,E.MP,0.01297,0.664303
25.32,78.84,W.UP,0.006554,0.335697
25.32,79.02,E.MP,0.003349,0.171528
25.32,79.02,W.UP,0.016176,0.828472
25.32,79.2,E.MP,0.000955,0.048902
25.32,79.2,W.UP,0.01857,0.951098
25.32,79.38,E.MP,0.004335,0.222027
25.32,79.38,W.UP,0.01519,0.777973
25.32,79.56,E.MP,0.000157,0.008036
25.32,79.56,W.UP,0.019368,0.991964
25.32,79.74,W.UP,0.019525,1.0
25.32,79.92,E.MP,0.000355,0.018185
25.32,79.92,W.UP,0.01917,0.981815
25.32,80.1,E.MP,0.014031,0.718594
25.32,80.1,E.UP,0.001426,0.07305
25.32,80.1,W.UP,0.004238,0.217055
25.32,80.28,E.MP,0.014261,0.730385
25.32,80.28,E.UP,0.005264,0.269615
25.32,80.46,E.UP,0.019525,1.0
25.32,80.64,E.UP,0.019525,1.0
25.32,80.82,E.UP,0.019525,1.0
25.32,81.0,E.UP,0.019525,1.0
25.32,81.18,E.UP,0.019525,1.0
25.32,81.36,E.UP,0.019525,1.0
25.32,81.54,E.UP,0.019525,1.0
25.32,81.72,E.UP,0.019525,1.0
25.32,81.9,E.UP,0.019525,1.0
25.32,82.08,E.UP,0.019525,1.0
25.32,82.26,E.UP,0.019525,1.0
25.32,82.44,E.UP,0.019525,1.0
25.32,82.62,E.UP,0.019525,1.0
25.32,82.8,E.UP,0.019525,1.0
25.32,82.98,E.UP,0.019525,1.0
25.32,83.16,E.UP,0.019525,1.0
25.32,83.34,E.UP,0.019525,1.0
25.32,83.52,BR,0.004824,0.247063
25.32,83.52,E.UP,0.01478,0.756969
25.32,83.7,BR,0.017159,0.878805
25.32,83.7,E.UP,0.00224,0.114729
25.32,83.88,BR,0.019525,1.0
25.32,84.06,BR,0.019525,1.0
25.32,84.24,BR,0.019525,1.0
25.32,84.42,BR,0.019525,1.0
25.32,84.6,BR,0.019525,1.0
25.32,84.78,BR,0.019525,1.0
25.32,84.96,BR,0.019525,1.0
25.32,85.14,BR,0.019525,1.0
25.32,85.32,BR,0.019525,1.0
25.32,85.5,BR,0.019525,1.0
25.32,85.68,BR,0.019525,1.0
25.32,85.86,BR,0.019525,1.0
25.32,86.04,BR,0.019525,1.0
25.32,86.22,BR,0.019525,1.0
25.32,86.4,BR,0.019525,1.0
25.32,86.58,BR,0.019525,1.0
25.32,86.76,BR,0.019525,1.0
25.32,86.94,BR,0.019525,1.0
25.32,87.12,BR,0.019525,1.0
25.32,87.3,BR,0.019525,1.0
25.32,87.48,JH,0.003053,0.156346
25.32,87.48,BR,0.016407,0.840306
25.32,87.66,JH,0.006781,0.347306
25.32,87.66,BR,0.012744,0.652694
25.32,87.84,BR,0.007575,0.387981
25.32,87.84,SIK/NWB,0.011853,0.607044
25.32,88.02,SIK/NWB,0.019525,1.0
25.32,88.2,SIK/NWB,0.019525,1.0
25.32,88.38,SIK/NWB,0.019525,1.0
25.32,88.56,SIK/NWB,0.019525,1.0
25.32,88.74,SIK/NWB,0.019525,1.0
25.32,88.92,SIK/NWB,0.010442,0.534801
25.32,89.1,SIK/NWB,1.2e-05,0.000622
25.32,89.82,ASM,0.006313,0.323313
25.32,90.0,ASM,0.015589,0.798417
25.32,90.18,ASM,0.019525,1.0
25.32,90.36,ASM,0.019525,1.0
25.32,90.54,ASM,0.019525,1.0
25.32,90.72,ASM,0.019525,1.0
25.32,90.9,ASM,0.019525,1.0
25.32,91.08,ASM,0.019525,1.0
25.32,91.26,ASM,0.019525,1.0
25.32,91.44,ASM,0.019525,1.0
25.32,91.62,ASM,0.019525,1.0
25.32,91.8,ASM,0.019525,1.0
25.32,91.98,ASM,0.019525,1.0
25.32,92.16,ASM,0.019525,1.0
25.32,92.34,ASM,0.019525,1.0
25.32,92.52,ASM,0.019525,1.0
25.32,92.7,ASM,0.019525,1.0
25.32,92.88,ASM,0.019525,1.0
25.32,93.06,ASM,0.019525,1.0
25.32,93.24,ASM,0.019525,1.0
25.32,93.42,NE.HL,0.005823,0.298215
25.32,93.42,ASM,0.013702,0.701785
25.32,93.6,NE.HL,0.019525,1.0
25.32,93.78,NE.HL,0.019525,1.0
25.32,93.96,NE.HL,0.019525,1.0
25.32,94.14,NE.HL,0.019525,1.0
25.32,94.32,NE.HL,0.019525,1.0
25.32,94.5,NE.HL,0.019525,1.0
25.32,94.68,NE.HL,0.003056,0.156508
25.44,70.74,W.RJ,0.017179,0.880734
25.44,70.92,W.RJ,0.019506,1.0
25.44,71.1,W.RJ,0.019506,1.0
25.44,71.28,W.RJ,0.019506,1.0
25.44,71.46,W.RJ,0.019506,1.0
25.44,71.64,W.RJ,0.019506,1.0
25.44,71.82,W.RJ,0.019506,1.0
25.44,72.0,W.RJ,0.019506,1.0
25.44,72.18,W.RJ,0.019506,1.0
25.44,72.36,W.RJ,0.019506,1.0
25.44,72.54,W.RJ,0.019506,1.0
25.44,72.72,W.RJ,0.019506,1.0
25.44,72.9,W.RJ,0.019506,1.0
25.44,73.08,W.RJ,0.019506,1.0
25.44,73.26,W.RJ,0.019506,1.0
25.44,73.44,W.RJ,0.019506,1.0
25.44,73.62,E.RJ,4e-06,0.000214
25.44,73.62,W.RJ,0.019501,0.999786
25.44,73.8,E.RJ,0.013832,0.709147
25.44,73.8,W.RJ,0.005673,0.290853
25.44,73.98,E.RJ,0.019506,1.0
25.44,74.16,E.RJ,0.019506,1.0
25.44,74.34,E.RJ,0.019506,1.0
25.44,74.52,E.RJ,0.019506,1.0
25.44,74.7,E.RJ,0.019506,1.0
25.44,74.88,E.RJ,0.019506,1.0
25.44,75.06,E.RJ,0.019506,1.0
25.44,75.24,E.RJ,0.019506,1.0
25.44,75.42,E.RJ,0.019506,1.0
25.44,75.6,E.RJ,0.019506,1.0
25.44,75.78,E.RJ,0.019506,1.0
25.44,75.96,E.RJ,0.019506,1.0
25.44,76.14,E.RJ,0.019506,1.0
25.44,76.32,E.RJ,0.019506,1.0
25.44,76.5,W.MP,0.001942,0.099543
25.44,76.5,E.RJ,0.017364,0.890219
25.44,76.68,W.MP,0.019187,0.983671
25.44,76.68,E.RJ,0.000496,0.025428
25.44,76.86,W.MP,0.019506,1.0
25.44,77.04,W.MP,0.019506,1.0
25.44,77.22,W.MP,0.017955,0.920527
25.44,77.22,E.RJ,0.001686,0.086445
25.44,77.4,W.MP,0.017548,0.899656
25.44,77.4,E.RJ,0.001957,0.100349
25.44,77.58,W.MP,0.019506,1.0
25.44,77.76,W.MP,0.019506,1.0
25.44,77.94,W.MP,0.019506,1.0
25.44,78.12,W.MP,0.019506,1.0
25.44,78.3,W.UP,0.002899,0.148639
25.44,78.3,W.MP,0.016522,0.847023
25.44,78.48,E.MP,4e-06,0.000191
25.44,78.48,W.UP,0.018198,0.932946
25.44,78.48,W.MP,0.001304,0.066863
25.44,78.66,E.MP,0.004166,0.213601
25.44,78.66,W.UP,0.015339,0.786399
25.44,78.84,E.MP,0.014515,0.744132
25.44,78.84,W.UP,0.004991,0.255868
25.44,79.02,E.MP,0.002027,0.103909
25.44,79.02,W.UP,0.017479,0.896091
25.44,79.2,W.UP,0.019506,1.0
25.44,79.38,W.UP,0.019506,1.0
25.44,79.56,W.UP,0.019506,1.0
25.44,79.74,W.UP,0.019506,1.0
25.44,79.92,W.UP,0.019506,1.0
25.44,80.1,E.UP,0.00362,0.185591
25.44,80.1,W.UP,0.015886,0.814409
25.44,80.28,E.MP,0.002765,0.141739
25.44,80.28,E.UP,0.01578,0.809022
25.44,80.28,W.UP,0.000718,0.036801
25.44,80.46,E.UP,0.019506,1.0
25.44,80.64,E.UP,0.019506,1.0
25.44,80.82,E.UP,0.019506,1.0
25.44,81.0,E.UP,0.019506,1.0
25.44,81.18,E.UP,0.019506,1.0
25.44,81.36,E.UP,0.019506,1.0
25.44,81.54,E.UP,0.019506,1.0
25.44,81.72,E.UP,0.019506,1.0
25.44,81.9,E.UP,0.019506,1.0
25.44,82.08,E.UP,0.019506,1.0
25.44,82.26,E.UP,0.019506,1.0
25.44,82.44,E.UP,0.019506,1.0
25.44,82.62,E.UP,0.019506,1.0
25.44,82.8,E.UP,0.019506,1.0
25.44,82.98,E.UP,0.019506,1.0
25.44,83.16,E.UP,0.019506,1.0
25.44,83.34,E.UP,0.019506,1.0
25.44,83.52,E.UP,0.019506,1.0
25.44,83.7,BR,0.001276,0.065414
25.44,83.7,E.UP,0.01823,0.934586
25.44,83.88,BR,0.015784,0.809222
25.44,83.88,E.UP,0.003721,0.190778
25.44,84.06,BR,0.019506,1.0
25.44,84.24,BR,0.019506,1.0
25.44,84.42,BR,0.019506,1.0
25.44,84.6,BR,0.019506,1.0
25.44,84.78,BR,0.019506,1.0
25.44,84.96,BR,0.019506,1.0
25.44,85.14,BR,0.019506,1.0
25.44,85.32,BR,0.019506,1.0
25.44,85.5,BR,0.019506,1.0
25.44,85.68,BR,0.019506,1.0
25.44,85.86,BR,0.019506,1.0
25.44,86.04,BR,0.019506,1.0
25.44,86.22,BR,0.019506,1.0
25.44,86.4,BR,0.019506,1.0
25.44,86.58,BR,0.019506,1.0
25.44,86.76,BR,0.019506,1.0
25.44,86.94,BR,0.019506,1.0
25.44,87.12,BR,0.019506,1.0
25.44,87.3,BR,0.019506,1.0
25.44,87.48,BR,0.019506,1.0
25.44,87.66,BR,0.019506,1.0
25.44,87.84,BR,0.006911,0.354321
25.44,87.84,SIK/NWB,0.012594,0.645679
25.44,88.02,BR,0.00073,0.037406
25.44,88.02,SIK/NWB,0.018776,0.962594
25.44,88.2,SIK/NWB,0.019506,1.0
25.44,88.38,SIK/NWB,0.019506,1.0
25.44,88.56,SIK/NWB,0.019317,0.990324
25.44,88.74,SIK/NWB,0.017968,0.921193
25.44,88.92,SIK/NWB,0.000613,0.03145
25.44,89.82,ASM,0.007378,0.378227
25.44,90.0,ASM,0.019506,1.0
25.44,90.18,ASM,0.019506,1.0
25.44,90.36,ASM,0.019506,1.0
25.44,90.54,ASM,0.019506,1.0
25.44,90.72,ASM,0.019506,1.0
25.44,90.9,ASM,0.019506,1.0
25.44,91.08,ASM,0.019506,1.0
25.44,91.26,ASM,0.019506,1.0
25.44,91.44,ASM,0.019506,1.0
25.44,91.62,ASM,0.019506,1.0
25.44,91.8,ASM,0.019506,1.0
25.44,91.98,ASM,0.019506,1.0
25.44,92.16,ASM,0.019506,1.0
25.44,92.34,ASM,0.019506,1.0
25.44,92.52,ASM,0.019506,1.0
25.44,92.7,ASM,0.019506,1.0
25.44,92.88,ASM,0.019506,1.0
25.44,93.06,ASM,0.019506,1.0
25.44,93.24,ASM,0.019506,1.0
25.44,93.42,NE.HL,0.008643,0.44308
25.44,93.42,ASM,0.010964,0.562086
25.44,93.6,NE.HL,0.019506,1.0
25.44,93.78,NE.HL,0.019506,1.0
25.44,93.96,NE.HL,0.019506,1.0
25.44,94.14,NE.HL,0.019506,1.0
25.44,94.32,NE.HL,0.019506,1.0
25.44,94.5,NE.HL,0.019506,1.0
25.44,94.68,NE.HL,0.011584,0.593858
25.44,94.86,NE.HL,0.000639,0.032748
25.56,70.74,W.RJ,0.017154,0.880334
25.56,70.92,W.RJ,0.019486,1.0
25.56,71.1,W.RJ,0.019486,1.0
25.56,71.28,W.RJ,0.019486,1.0
25.56,71.46,W.RJ,0.019486,1.0
25.56,71.64,W.RJ,0.019486,1.0
25.56,71.82,W.RJ,0.019486,1.0
25.56,72.0,W.RJ,0.019486,1.0
25.56,72.18,W.RJ,0.019486,1.0
25.56,72.36,W.RJ,0.019486,1.0
25.56,72.54,W.RJ,0.019486,1.0
25.56,72.72,W.RJ,0.019486,1.0
25.56,72.9,W.RJ,0.019486,1.0
25.56,73.08,W.RJ,0.019486,1.0
25.56,73.26,W.RJ,0.019486,1.0
25.56,73.44,W.RJ,0.019486,1.0
25.56,73.62,W.RJ,0.019486,1.0
25.56,73.8,E.RJ,0.007436,0.381584
25.56,73.8,W.RJ,0.012051,0.618416
25.56,73.98,E.RJ,0.019486,1.0
25.56,74.16,E.RJ,0.019486,1.0
25.56,74.34,E.RJ,0.019486,1.0
25.56,74.52,E.RJ,0.019486,1.0
25.56,74.7,E.RJ,0.019486,1.0
25.56,74.88,E.RJ,0.019486,1.0
25.56,75.06,E.RJ,0.019486,1.0
25.56,75.24,E.RJ,0.019486,1.0
25.56,75.42,E.RJ,0.019486,1.0
25.56,75.6,E.RJ,0.019486,1.0
25.56,75.78,E.RJ,0.019486,1.0
25.56,75.96,E.RJ,0.019486,1.0
25.56,76.14,E.RJ,0.019486,1.0
25.56,76.32,E.RJ,0.019486,1.0
25.56,76.5,W.MP,0.007051,0.361858
25.56,76.5,E.RJ,0.012412,0.63696
25.56,76.68,W.MP,0.019486,1.0
25.56,76.86,W.MP,0.019486,1.0
25.56,77.04,W.MP,0.019486,1.0
25.56,77.22,W.MP,0.019486,1.0
25.56,77.4,W.MP,0.019486,1.0
25.56,77.58,W.MP,0.019486,1.0
25.56,77.76,W.MP,0.019486,1.0
25.56,77.94,W.MP,0.019486,1.0
25.56,78.12,W.MP,0.019486,1.0
25.56,78.3,W.MP,0.019486,1.0
25.56,78.48,W.UP,0.008482,0.435283
25.56,78.48,W.MP,0.010981,0.563535
25.56,78.66,W.UP,0.013016,0.667973
25.56,78.66,W.MP,0.00647,0.332027
25.56,78.84,E.MP,0.0026,0.133433
25.56,78.84,W.UP,0.016425,0.842889
25.56,78.84,W.MP,0.000461,0.023678
25.56,79.02,E.MP,0.000388,0.01992
25.56,79.02,W.UP,0.019098,0.98008
25.56,79.2,W.UP,0.019486,1.0
25.56,79.38,W.UP,0.019486,1.0
25.56,79.56,W.UP,0.019486,1.0
25.56,79.74,W.UP,0.019486,1.0
25.56,79.92,W.UP,0.019486,1.0
25.56,80.1,W.UP,0.019486,1.0
25.56,80.28,E.UP,0.014193,0.728383
25.56,80.28,W.UP,0.005324,0.273236
25.56,80.46,E.UP,0.019486,1.0
25.56,80.64,E.UP,0.019486,1.0
25.56,80.82,E.UP,0.019486,1.0
25.56,81.0,E.UP,0.019486,1.0
25.56,81.18,E.UP,0.019486,1.0
25.56,81.36,E.UP,0.019486,1.0
25.56,81.54,E.UP,0.019486,1.0
25.56,81.72,E.UP,0.019486,1.0
25.56,81.9,E.UP,0.019486,1.0
25.56,82.08,E.UP,0.019486,1.0
25.56,82.26,E.UP,0.019486,1.0
25.56,82.44,E.UP,0.019486,1.0
25.56,82.62,E.UP,0.019486,1.0
25.56,82.8,E.UP,0.019486,1.0
25.56,82.98,E.UP,0.019486,1.0
25.56,83.16,E.UP,0.019486,1.0
25.56,83.34,E.UP,0.019486,1.0
25.56,83.52,E.UP,0.019486,1.0
25.56,83.7,E.UP,0.019486,1.0
25.56,83.88,BR,0.00428,0.219626
25.56,83.88,E.UP,0.015206,0.780374
25.56,84.06,BR,0.01793,0.920157
25.56,84.06,E.UP,0.001556,0.079843
25.56,84.24,BR,0.019486,1.0
25.56,84.42,BR,0.019486,1.0
25.56,84.6,BR,0.019486,1.0
25.56,84.78,BR,0.019486,1.0
25.56,84.96,BR,0.019486,1.0
25.56,85.14,BR,0.019486,1.0
25.56,85.32,BR,0.019486,1.0
25.56,85.5,BR,0.019486,1.0
25.56,85.68,BR,0.019486,1.0
25.56,85.86,BR,0.019486,1.0
25.56,86.04,BR,0.019486,1.0
25.56,86.22,BR,0.019486,1.0
25.56,86.4,BR,0.019486,1.0
25.56,86.58,BR,0.019486,1.0
25.56,86.76,BR,0.019486,1.0
25.56,86.94,BR,0.019486,1.0
25.56,87.12,BR,0.019486,1.0
25.56,87.3,BR,0.019486,1.0
25.56,87.48,BR,0.019486,1.0
25.56,87.66,BR,0.019486,1.0
25.56,87.84,BR,0.018818,0.965727
25.56,87.84,SIK/NWB,0.000668,0.034273
25.56,88.02,BR,0.010453,0.536439
25.56,88.02,SIK/NWB,0.009033,0.463561
25.56,88.2,SIK/NWB,0.019486,1.0
25.56,88.38,SIK/NWB,0.019096,0.979968
25.56,88.56,SIK/NWB,0.004858,0.249285
25.56,88.74,SIK/NWB,0.000909,0.046636
25.56,89.82,ASM,0.004366,0.224083
25.56,90.0,ASM,0.019486,1.0
25.56,90.18,ASM,0.019486,1.0
25.56,90.36,ASM,0.019486,1.0
25.56,90.54,ASM,0.019486,1.0
25.56,90.72,ASM,0.019486,1.0
25.56,90.9,ASM,0.019486,1.0
25.56,91.08,ASM,0.019486,1.0
25.56,91.26,ASM,0.019486,1.0
25.56,91.44,ASM,0.019486,1.0
25.56,91.62,ASM,0.019486,1.0
25.56,91.8,ASM,0.019486,1.0
25.56,91.98,ASM,0.019486,1.0
25.56,92.16,ASM,0.019486,1.0
25.56,92.34,ASM,0.019486,1.0
25.56,92.52,ASM,0.019486,1.0
25.56,92.7,ASM,0.019486,1.0
25.56,92.88,ASM,0.019486,1.0
25.56,93.06,ASM,0.019486,1.0
25.56,93.24,ASM,0.019486,1.0
25.56,93.42,NE.HL,0.014863,0.76273
25.56,93.42,ASM,0.004936,0.253321
25.56,93.6,NE.HL,0.019486,1.0
25.56,93.78,NE.HL,0.019486,1.0
25.56,93.96,NE.HL,0.019486,1.0
25.56,94.14,NE.HL,0.019486,1.0
25.56,94.32,NE.HL,0.019486,1.0
25.56,94.5,NE.HL,0.019486,1.0
25.56,94.68,NE.HL,0.019486,1.0
25.56,94.86,NE.HL,0.010893,0.559008
25.68,70.2,W.RJ,0.000746,0.038335
25.68,70.38,W.RJ,0.0091,0.467489
25.68,70.56,W.RJ,0.006891,0.353973
25.68,70.74,W.RJ,0.017965,0.922887
25.68,70.92,W.RJ,0.019467,1.0
25.68,71.1,W.RJ,0.019467,1.0
25.68,71.28,W.RJ,0.019467,1.0
25.68,71.46,W.RJ,0.019467,1.0
25.68,71.64,W.RJ,0.019467,1.0
25.68,71.82,W.RJ,0.019467,1.0
25.68,72.0,W.RJ,0.019467,1.0
25.68,72.18,W.RJ,0.019467,1.0
25.68,72.36,W.RJ,0.019467,1.0
25.68,72.54,W.RJ,0.019467,1.0
25.68,72.72,W.RJ,0.019467,1.0
25.68,72.9,W.RJ,0.019467,1.0
25.68,73.08,W.RJ,0.019467,1.0
25.68,73.26,W.RJ,0.019467,1.0
25.68,73.44,W.RJ,0.019467,1.0
25.68,73.62,W.RJ,0.019467,1.0
25.68,73.8,E.RJ,0.001188,0.061051
25.68,73.8,W.RJ,0.018278,0.938949
25.68,73.98,E.RJ,0.018463,0.94847
25.68,73.98,W.RJ,0.001003,0.05153
25.68,74.16,E.RJ,0.019467,1.0
25.68,74.34,E.RJ,0.019467,1.0
25.68,74.52,E.RJ,0.019467,1.0
25.68,74.7,E.RJ,0.019467,1.0
25.68,74.88,E.RJ,0.019467,1.0
25.68,75.06,E.RJ,0.019467,1.0
25.68,75.24,E.RJ,0.019467,1.0
25.68,75.42,E.RJ,0.019467,1.0
25.68,75.6,E.RJ,0.019467,1.0
25.68,75.78,E.RJ,0.019467,1.0
25.68,75.96,E.RJ,0.019467,1.0
25.68,76.14,E.RJ,0.019467,1.0
25.68,76.32,E.RJ,0.019467,1.0
25.68,76.5,W.MP,0.00861,0.442282
25.68,76.5,E.RJ,0.010483,0.538497
25.68,76.68,W.MP,0.019467,1.0
25.68,76.86,W.MP,0.019467,1.0
25.68,77.04,W.MP,0.019467,1.0
25.68,77.22,W.MP,0.019467,1.0
25.68,77.4,W.MP,0.019467,1.0
25.68,77.58,W.MP,0.019467,1.0
25.68,77.76,W.MP,0.019467,1.0
25.68,77.94,W.MP,0.019467,1.0
25.68,78.12,W.MP,0.019467,1.0
25.68,78.3,W.MP,0.019467,1.0
25.68,78.48,W.MP,0.019467,1.0
25.68,78.66,W.MP,0.019467,1.0
25.68,78.84,W.UP,0.0141,0.724345
25.68,78.84,W.MP,0.005366,0.275655
25.68,79.02,W.UP,0.019467,1.0
25.68,79.2,W.UP,0.019467,1.0
25.68,79.38,W.UP,0.019467,1.0
25.68,79.56,W.UP,0.019467,1.0
25.68,79.74,W.UP,0.019467,1.0
25.68,79.92,W.UP,0.019467,1.0
25.68,80.1,W.UP,0.019467,1.0
25.68,80.28,E.UP,0.00596,0.306176
25.68,80.28,W.UP,0.013505,0.693766
25.68,80.46,E.UP,0.019467,1.0
25.68,80.64,E.UP,0.019467,1.0
25.68,80.82,E.UP,0.019467,1.0
25.68,81.0,E.UP,0.019467,1.0
25.68,81.18,E.UP,0.019467,1.0
25.68,81.36,E.UP,0.019467,1.0
25.68,81.54,E.UP,0.019467,1.0
25.68,81.72,E.UP,0.019467,1.0
25.68,81.9,E.UP,0.019467,1.0
25.68,82.08,E.UP,0.019467,1.0
25.68,82.26,E.UP,0.019467,1.0
25.68,82.44,E.UP,0.019467,1.0
25.68,82.62,E.UP,0.019467,1.0
25.68,82.8,E.UP,0.019467,1.0
25.68,82.98,E.UP,0.019467,1.0
25.68,83.16,E.UP,0.019467,1.0
25.68,83.34,E.UP,0.019467,1.0
25.68,83.52,E.UP,0.019467,1.0
25.68,83.7,E.UP,0.019467,1.0
25.68,83.88,E.UP,0.019467,1.0
25.68,84.06,BR,0.006257,0.321412
25.68,84.06,E.UP,0.01321,0.678588
25.68,84.24,BR,0.010095,0.518598
25.68,84.24,E.UP,0.009371,0.481402
25.68,84.42,BR,0.014831,0.761848
25.68,84.42,E.UP,0.004636,0.238152
25.68,84.6,BR,0.016362,0.840526
25.68,84.6,E.UP,0.003104,0.159474
25.68,84.78,BR,0.019467,1.0
25.68,84.96,BR,0.019467,1.0
25.68,85.14,BR,0.019467,1.0
25.68,85.32,BR,0.019467,1.0
25.68,85.5,BR,0.019467,1.0
25.68,85.68,BR,0.019467,1.0
25.68,85.86,BR,0.019467,1.0
25.68,86.04,BR,0.019467,1.0
25.68,86.22,BR,0.019467,1.0
25.68,86.4,BR,0.019467,1.0
25.68,86.58,BR,0.019467,1.0
25.68,86.76,BR,0.019467,1.0
25.68,86.94,BR,0.019467,1.0
25.68,87.12,BR,0.019467,1.0
25.68,87.3,BR,0.019467,1.0
25.68,87.48,BR,0.019467,1.0
25.68,87.66,BR,0.019467,1.0
25.68,87.84,BR,0.019467,1.0
25.68,88.02,BR,0.010739,0.551685
25.68,88.02,SIK/NWB,0.008727,0.448315
25.68,88.2,SIK/NWB,0.019467,1.0
25.68,88.38,SIK/NWB,0.012568,0.645598
25.68,89.82,ASM,0.005692,0.292424
25.68,90.0,ASM,0.019467,1.0
25.68,90.18,ASM,0.019467,1.0
25.68,90.36,ASM,0.019467,1.0
25.68,90.54,ASM,0.019467,1.0
25.68,90.72,ASM,0.019467,1.0
25.68,90.9,ASM,0.019467,1.0
25.68,91.08,ASM,0.019467,1.0
25.68,91.26,ASM,0.019467,1.0
25.68,91.44,ASM,0.019467,1.0
25.68,91.62,ASM,0.019467,1.0
25.68,91.8,ASM,0.019467,1.0
25.68,91.98,ASM,0.019467,1.0
25.68,92.16,ASM,0.019467,1.0
25.68,92.34,ASM,0.019467,1.0
25.68,92.52,ASM,0.019467,1.0
25.68,92.7,ASM,0.019467,1.0
25.68,92.88,ASM,0.019467,1.0
25.68,93.06,ASM,0.019467,1.0
25.68,93.24,ASM,0.019467,1.0
25.68,93.42,NE.HL,0.001699,0.087274
25.68,93.42,ASM,0.017768,0.912726
25.68,93.6,NE.HL,0.017776,0.913149
25.68,93.6,ASM,0.001691,0.086851
25.68,93.78,NE.HL,0.019467,1.0
25.68,93.96,NE.HL,0.019467,1.0
25.68,94.14,NE.HL,0.019467,1.0
25.68,94.32,NE.HL,0.019467,1.0
25.68,94.5,NE.HL,0.019467,1.0
25.68,94.68,NE.HL,0.019467,1.0
25.68,94.86,NE.HL,0.018617,0.95637
25.68,95.04,NE.HL,0.002459,0.126322
25.8,70.2,W.RJ,0.009168,0.471435
25.8,70.38,W.RJ,0.019447,1.0
25.8,70.56,W.RJ,0.019447,1.0
25.8,70.74,W.RJ,0.019447,1.0
25.8,70.92,W.RJ,0.019447,1.0
25.8,71.1,W.RJ,0.019447,1.0
25.8,71.28,W.RJ,0.019447,1.0
25.8,71.46,W.RJ,0.019447,1.0
25.8,71.64,W.RJ,0.019447,1.0
25.8,71.82,W.RJ,0.019447,1.0
25.8,72.0,W.RJ,0.019447,1.0
25.8,72.18,W.RJ,0.019447,1.0
25.8,72.36,W.RJ,0.019447,1.0
25.8,72.54,W.RJ,0.019447,1.0
25.8,72.72,W.RJ,0.019447,1.0
25.8,72.9,W.RJ,0.019447,1.0
25.8,73.08,W.RJ,0.019447,1.0
25.8,73.26,W.RJ,0.019447,1.0
25.8,73.44,W.RJ,0.019447,1.0
25.8,73.62,W.RJ,0.019447,1.0
25.8,73.8,W.RJ,0.019447,1.0
25.8,73.98,E.RJ,0.012708,0.65346
25.8,73.98,W.RJ,0.006739,0.34654
25.8,74.16,E.RJ,0.018884,0.971058
25.8,74.16,W.RJ,0.000563,0.028942
25.8,74.34,E.RJ,0.019447,1.0
25.8,74.52,E.RJ,0.019447,1.0
25.8,74.7,E.RJ,0.019447,1.0
25.8,74.88,E.RJ,0.019447,1.0
25.8,75.06,E.RJ,0.019447,1.0
25.8,75.24,E.RJ,0.019447,1.0
25.8,75.42,E.RJ,0.019447,1.0
25.8,75.6,E.RJ,0.019447,1.0
25.8,75.78,E.RJ,0.019447,1.0
25.8,75.96,E.RJ,0.019447,1.0
25.8,76.14,E.RJ,0.019447,1.0
25.8,76.32,E.RJ,0.019447,1.0
25.8,76.5,W.MP,0.004269,0.219515
25.8,76.5,E.RJ,0.015178,0.780485
25.8,76.68,W.MP,0.019447,0.99999
25.8,76.68,E.RJ,0.0,1e-05
25.8,76.86,W.MP,0.019447,1.0
25.8,77.04,W.MP,0.019447,1.0
25.8,77.22,W.MP,0.019447,1.0
25.8,77.4,W.MP,0.019447,1.0
25.8,77.58,W.MP,0.019447,1.0
25.8,77.76,W.MP,0.019447,1.0
25.8,77.94,W.MP,0.019447,1.0
25.8,78.12,W.MP,0.019447,1.0
25.8,78.3,W.MP,0.019447,1.0
25.8,78.48,W.MP,0.019447,1.0
25.8,78.66,W.MP,0.019447,1.0
25.8,78.84,W.UP,0.011487,0.590686
25.8,78.84,W.MP,0.00796,0.409314
25.8,79.02,W.UP,0.019447,1.0
25.8,79.2,W.UP,0.019447,1.0
25.8,79.38,W.UP,0.019447,1.0
25.8,79.56,W.UP,0.019447,1.0
25.8,79.74,W.UP,0.019447,1.0
25.8,79.92,W.UP,0.019447,1.0
25.8,80.1,W.UP,0.019447,1.0
25.8,80.28,E.UP,0.00854,0.439166
25.8,80.28,W.UP,0.010925,0.561781
25.8,80.46,E.UP,0.019447,1.0
25.8,80.64,E.UP,0.019447,1.0
25.8,80.82,E.UP,0.019447,1.0
25.8,81.0,E.UP,0.019447,1.0
25.8,81.18,E.UP,0.019447,1.0
25.8,81.36,E.UP,0.019447,1.0
25.8,81.54,E.UP,0.019447,1.0
25.8,81.72,E.UP,0.019447,1.0
25.8,81.9,E.UP,0.019447,1.0
25.8,82.08,E.UP,0.019447,1.0
25.8,82.26,E.UP,0.019447,1.0
25.8,82.44,E.UP,0.019447,1.0
25.8,82.62,E.UP,0.019447,1.0
25.8,82.8,E.UP,0.019447,1.0
25.8,82.98,E.UP,0.019447,1.0
25.8,83.16,E.UP,0.019447,1.0
25.8,83.34,E.UP,0.019447,1.0
25.8,83.52,E.UP,0.019447,1.0
25.8,83.7,E.UP,0.019447,1.0
25.8,83.88,E.UP,0.019447,1.0
25.8,84.06,E.UP,0.019447,1.0
25.8,84.24,E.UP,0.019447,1.0
25.8,84.42,BR,4.4e-05,0.002265
25.8,84.42,E.UP,0.019403,0.997735
25.8,84.6,BR,0.010315,0.530434
25.8,84.6,E.UP,0.009132,0.469566
25.8,84.78,BR,0.019447,1.0
25.8,84.96,BR,0.019447,1.0
25.8,85.14,BR,0.019447,1.0
25.8,85.32,BR,0.019447,1.0
25.8,85.5,BR,0.019447,1.0
25.8,85.68,BR,0.019447,1.0
25.8,85.86,BR,0.019447,1.0
25.8,86.04,BR,0.019447,1.0
25.8,86.22,BR,0.019447,1.0
25.8,86.4,BR,0.019447,1.0
25.8,86.58,BR,0.019447,1.0
25.8,86.76,BR,0.019447,1.0
25.8,86.94,BR,0.019447,1.0
25.8,87.12,BR,0.019447,1.0
25.8,87.3,BR,0.019447,1.0
25.8,87.48,BR,0.019447,1.0
25.8,87.66,BR,0.019447,1.0
25.8,87.84,BR,0.017299,0.88955
25.8,87.84,SIK/NWB,0.002148,0.11045
25.8,88.02,BR,0.000512,0.026339
25.8,88.02,SIK/NWB,0.018856,0.969601
25.8,88.2,SIK/NWB,0.008083,0.415635
25.8,88.38,SIK/NWB,0.000274,0.014091
25.8,89.82,ASM,0.008554,0.43986
25.8,90.0,ASM,0.019447,1.0
25.8,90.18,ASM,0.019447,1.0
25.8,90.36,ASM,0.019447,1.0
25.8,90.54,ASM,0.019447,1.0
25.8,90.72,ASM,0.019447,1.0
25.8,90.9,ASM,0.019447,1.0
25.8,91.08,ASM,0.019447,1.0
25.8,91.26,ASM,0.019447,1.0
25.8,91.44,ASM,0.019447,1.0
25.8,91.62,ASM,0.019447,1.0
25.8,91.8,ASM,0.019447,1.0
25.8,91.98,ASM,0.019447,1.0
25.8,92.16,ASM,0.019447,1.0
25.8,92.34,ASM,0.019447,1.0
25.8,92.52,ASM,0.019447,1.0
25.8,92.7,ASM,0.019447,1.0
25.8,92.88,ASM,0.019447,1.0
25.8,93.06,ASM,0.019447,1.0
25.8,93.24,ASM,0.019447,1.0
25.8,93.42,ASM,0.019447,1.0
25.8,93.6,NE.HL,0.006004,0.308751
25.8,93.6,ASM,0.013443,0.691249
25.8,93.78,NE.HL,0.017498,0.899786
25.8,93.78,ASM,0.001949,0.100214
25.8,93.96,NE.HL,0.019144,0.984449
25.8,93.96,ASM,0.000302,0.015551
25.8,94.14,NE.HL,0.019447,1.0
25.8,94.32,NE.HL,0.019447,1.0
25.8,94.5,NE.HL,0.019447,1.0
25.8,94.68,NE.HL,0.019447,1.0
25.8,94.86,NE.HL,0.019447,1.0
25.8,95.04,NE.HL,0.009787,0.503284
25.92,70.02,W.RJ,0.000571,0.029405
25.92,70.2,W.RJ,0.018088,0.931051
25.92,70.38,W.RJ,0.019427,1.0
25.92,70.56,W.RJ,0.019427,1.0
25.92,70.74,W.RJ,0.019427,1.0
25.92,70.92,W.RJ,0.019427,1.0
25.92,71.1,W.RJ,0.019427,1.0
25.92,71.28,W.RJ,0.019427,1.0
25.92,71.46,W.RJ,0.019427,1.0
25.92,71.64,W.RJ,0.019427,1.0
25.92,71.82,W.RJ,0.019427,1.0
25.92,72.0,W.RJ,0.019427,1.0
25.92,72.18,W.RJ,0.019427,1.0
25.92,72.36,W.RJ,0.019427,1.0
25.92,72.54,W.RJ,0.019427,1.0
25.92,72.72,W.RJ,0.019427,1.0
25.92,72.9,W.RJ,0.019427,1.0
25.92,73.08,W.RJ,0.019427,1.0
25.92,73.26,W.RJ,0.019427,1.0
25.92,73.44,W.RJ,0.019427,1.0
25.92,73.62,W.RJ,0.019427,1.0
25.92,73.8,W.RJ,0.019427,1.0
25.92,73.98,E.RJ,2.4e-05,0.00124
25.92,73.98,W.RJ,0.019403,0.99876
25.92,74.16,E.RJ,0.012198,0.627893
25.92,74.16,W.RJ,0.007229,0.372107
25.92,74.34,E.RJ,0.019427,1.0
25.92,74.52,E.RJ,0.019427,1.0
25.92,74.7,E.RJ,0.019427,1.0
25.92,74.88,E.RJ,0.019427,1.0
25.92,75.06,E.RJ,0.019427,1.0
25.92,75.24,E.RJ,0.019427,1.0
25.92,75.42,E.RJ,0.019427,1.0
25.92,75.6,E.RJ,0.019427,1.0
25.92,75.78,E.RJ,0.019427,1.0
25.92,75.96,E.RJ,0.019427,1.0
25.92,76.14,E.RJ,0.019427,1.0
25.92,76.32,E.RJ,0.019427,1.0
25.92,76.5,E.RJ,0.019427,1.0
25.92,76.68,W.MP,0.005314,0.273556
25.92,76.68,E.RJ,0.013836,0.712183
25.92,76.86,W.MP,0.017757,0.914009
25.92,76.86,E.RJ,0.001671,0.085991
25.92,77.04,W.MP,0.019427,1.0
25.92,77.22,W.MP,0.019427,1.0
25.92,77.4,W.MP,0.019427,1.0
25.92,77.58,W.MP,0.019427,1.0
25.92,77.76,W.MP,0.019427,1.0
25.92,77.94,W.MP,0.019427,1.0
25.92,78.12,W.MP,0.019427,1.0
25.92,78.3,W.MP,0.019427,1.0
25.92,78.48,W.MP,0.019427,1.0
25.92,78.66,W.MP,0.019427,1.0
25.92,78.84,W.UP,0.002547,0.131095
25.92,78.84,W.MP,0.01688,0.868905
25.92,79.02,W.UP,0.019257,0.99123
25.92,79.02,W.MP,0.00017,0.00877
25.92,79.2,W.UP,0.019427,1.0
25.92,79.38,W.UP,0.019427,1.0
25.92,79.56,W.UP,0.019427,1.0
25.92,79.74,W.UP,0.019427,1.0
25.92,79.92,W.UP,0.019427,1.0
25.92,80.1,E.UP,0.000857,0.044123
25.92,80.1,W.UP,0.01857,0.955877
25.92,80.28,E.UP,0.011521,0.593038
25.92,80.28,W.UP,0.007906,0.406962
25.92,80.46,E.UP,0.019427,1.0
25.92,80.64,E.UP,0.019427,1.0
25.92,80.82,E.UP,0.019427,1.0
25.92,81.0,E.UP,0.019427,1.0
25.92,81.18,E.UP,0.019427,1.0
25.92,81.36,E.UP,0.019427,1.0
25.92,81.54,E.UP,0.019427,1.0
25.92,81.72,E.UP,0.019427,1.0
25.92,81.9,E.UP,0.019427,1.0
25.92,82.08,E.UP,0.019427,1.0
25.92,82.26,E.UP,0.019427,1.0
25.92,82.44,E.UP,0.019427,1.0
25.92,82.62,E.UP,0.019427,1.0
25.92,82.8,E.UP,0.019427,1.0
25.92,82.98,E.UP,0.019427,1.0
25.92,83.16,E.UP,0.019427,1.0
25.92,83.34,E.UP,0.019427,1.0
25.92,83.52,E.UP,0.019427,1.0
25.92,83.7,E.UP,0.019427,1.0
25.92,83.88,E.UP,0.019427,1.0
25.92,84.06,E.UP,0.019427,1.0
25.92,84.24,BR,0.001699,0.087429
25.92,84.24,E.UP,0.017729,0.912571
25.92,84.42,BR,0.010183,0.524155
25.92,84.42,E.UP,0.009244,0.475845
25.92,84.6,BR,0.018905,0.973143
25.92,84.6,E.UP,0.000522,0.026857
25.92,84.78,BR,0.019427,1.0
25.92,84.96,BR,0.019427,1.0
25.92,85.14,BR,0.019427,1.0
25.92,85.32,BR,0.019427,1.0
25.92,85.5,BR,0.019427,1.0
25.92,85.68,BR,0.019427,1.0
25.92,85.86,BR,0.019427,1.0
25.92,86.04,BR,0.019427,1.0
25.92,86.22,BR,0.019427,1.0
25.92,86.4,BR,0.019427,1.0
25.92,86.58,BR,0.019427,1.0
25.92,86.76,BR,0.019427,1.0
25.92,86.94,BR,0.019427,1.0
25.92,87.12,BR,0.019427,1.0
25.92,87.3,BR,0.019427,1.0
25.92,87.48,BR,0.019427,1.0
25.92,87.66,BR,0.019427,1.0
25.92,87.84,BR,0.008688,0.447219
25.92,87.84,SIK/NWB,0.010645,0.547952
25.92,88.02,SIK/NWB,0.018791,0.967244
25.92,88.2,SIK/NWB,0.000798,0.041088
25.92,89.64,SIK/NWB,0.000748,0.038503
25.92,89.82,ASM,0.005879,0.302643
25.92,90.0,ASM,0.019427,1.0
25.92,90.18,ASM,0.019427,1.0
25.92,90.36,ASM,0.019427,1.0
25.92,90.54,ASM,0.019427,1.0
25.92,90.72,ASM,0.019427,1.0
25.92,90.9,ASM,0.019427,1.0
25.92,91.08,ASM,0.019427,1.0
25.92,91.26,ASM,0.019427,1.0
25.92,91.44,ASM,0.019427,1.0
25.92,91.62,ASM,0.019427,1.0
25.92,91.8,ASM,0.019427,1.0
25.92,91.98,ASM,0.019427,1.0
25.92,92.16,ASM,0.019427,1.0
25.92,92.34,ASM,0.019427,1.0
25.92,92.52,ASM,0.019427,1.0
25.92,92.7,ASM,0.019427,1.0
25.92,92.88,ASM,0.019427,1.0
25.92,93.06,ASM,0.019427,1.0
25.92,93.24,ASM,0.019427,1.0
25.92,93.42,ASM,0.019427,1.0
25.92,93.6,NE.HL,8e-06,0.000416
25.92,93.6,ASM,0.019419,0.999584
25.92,93.78,NE.HL,0.006174,0.317787
25.92,93.78,ASM,0.013253,0.682213
25.92,93.96,NE.HL,0.010591,0.545175
25.92,93.96,ASM,0.008836,0.454825
25.92,94.14,NE.HL,0.019427,1.0
25.92,94.32,NE.HL,0.019427,1.0
25.92,94.5,NE.HL,0.019427,1.0
25.92,94.68,NE.HL,0.019427,1.0
25.92,94.86,NE.HL,0.019427,1.0
25.92,95.04,NE.HL,0.010676,0.549519
26.04,70.02,W.RJ,0.002053,0.105785
26.04,70.2,W.RJ,0.019407,1.0
26.04,70.38,W.RJ,0.019407,1.0
26.04,70.56,W.RJ,0.019407,1.0
26.04,70.74,W.RJ,0.019407,1.0
26.04,70.92,W.RJ,0.019407,1.0
26.04,71.1,W.RJ,0.019407,1.0
26.04,71.28,W.RJ,0.019407,1.0
26.04,71.46,W.RJ,0.019407,1.0
26.04,71.64,W.RJ,0.019407,1.0
26.04,71.82,W.RJ,0.019407,1.0
26.04,72.0,W.RJ,0.019407,1.0
26.04,72.18,W.RJ,0.019407,1.0
26.04,72.36,W.RJ,0.019407,1.0
26.04,72.54,W.RJ,0.019407,1.0
26.04,72.72,W.RJ,0.019407,1.0
26.04,72.9,W.RJ,0.019407,1.0
26.04,73.08,W.RJ,0.019407,1.0
26.04,73.26,W.RJ,0.019407,1.0
26.04,73.44,W.RJ,0.019407,1.0
26.04,73.62,W.RJ,0.019407,1.0
26.04,73.8,W.RJ,0.019407,1.0
26.04,73.98,W.RJ,0.019407,1.0
26.04,74.16,E.RJ,0.005202,0.26804
26.04,74.16,W.RJ,0.014205,0.73196
26.04,74.34,E.RJ,0.019298,0.994343
26.04,74.34,W.RJ,0.00011,0.005657
26.04,74.52,E.RJ,0.019407,1.0
26.04,74.7,E.RJ,0.019407,1.0
26.04,74.88,E.RJ,0.019407,1.0
26.04,75.06,E.RJ,0.019407,1.0
26.04,75.24,E.RJ,0.019407,1.0
26.04,75.42,E.RJ,0.019407,1.0
26.04,75.6,E.RJ,0.019407,1.0
26.04,75.78,E.RJ,0.019407,1.0
26.04,75.96,E.RJ,0.019407,1.0
26.04,76.14,E.RJ,0.019407,1.0
26.04,76.32,E.RJ,0.019407,1.0
26.04,76.5,E.RJ,0.019407,1.0
26.04,76.68,E.RJ,0.019407,1.0
26.04,76.86,W.MP,0.009239,0.476072
26.04,76.86,E.RJ,0.010168,0.523928
26.04,77.04,W.MP,0.019407,1.0
26.04,77.22,W.MP,0.019407,1.0
26.04,77.4,W.MP,0.019407,1.0
26.04,77.58,W.MP,0.019407,1.0
26.04,77.76,W.MP,0.019407,1.0
26.04,77.94,W.MP,0.019407,1.0
26.04,78.12,W.MP,0.019407,1.0
26.04,78.3,W.MP,0.019407,1.0
26.04,78.48,W.MP,0.019407,1.0
26.04,78.66,W.MP,0.019407,1.0
26.04,78.84,W.MP,0.019407,1.0
26.04,79.02,W.UP,0.014875,0.766473
26.04,79.02,W.MP,0.004532,0.233527
26.04,79.2,W.UP,0.019407,1.0
26.04,79.38,W.UP,0.019407,1.0
26.04,79.56,W.UP,0.019407,1.0
26.04,79.74,W.UP,0.019407,1.0
26.04,79.92,E.UP,0.001101,0.056738
26.04,79.92,W.UP,0.018306,0.943262
26.04,80.1,E.UP,0.011325,0.583564
26.04,80.1,W.UP,0.008082,0.416436
26.04,80.28,E.UP,0.019407,1.0
26.04,80.46,E.UP,0.019407,1.0
26.04,80.64,E.UP,0.019407,1.0
26.04,80.82,E.UP,0.019407,1.0
26.04,81.0,E.UP,0.019407,1.0
26.04,81.18,E.UP,0.019407,1.0
26.04,81.36,E.UP,0.019407,1.0
26.04,81.54,E.UP,0.019407,1.0
26.04,81.72,E.UP,0.019407,1.0
26.04,81.9,E.UP,0.019407,1.0
26.04,82.08,E.UP,0.019407,1.0
26.04,82.26,E.UP,0.019407,1.0
26.04,82.44,E.UP,0.019407,1.0
26.04,82.62,E.UP,0.019407,1.0
26.04,82.8,E.UP,0.019407,1.0
26.04,82.98,E.UP,0.019407,1.0
26.04,83.16,E.UP,0.019407,1.0
26.04,83.34,E.UP,0.019407,1.0
26.04,83.52,E.UP,0.019407,1.0
26.04,83.7,E.UP,0.019407,1.0
26.04,83.88,E.UP,0.019407,1.0
26.04,84.06,BR,0.001469,0.075678
26.04,84.06,E.UP,0.017939,0.924322
26.04,84.24,BR,0.017423,0.89773
26.04,84.24,E.UP,0.001985,0.10227
26.04,84.42,BR,0.019407,1.0
26.04,84.6,BR,0.019407,1.0
26.04,84.78,BR,0.019407,1.0
26.04,84.96,BR,0.019407,1.0
26.04,85.14,BR,0.019407,1.0
26.04,85.32,BR,0.019407,1.0
26.04,85.5,BR,0.019407,1.0
26.04,85.68,BR,0.019407,1.0
26.04,85.86,BR,0.019407,1.0
26.04,86.04,BR,0.019407,1.0
26.04,86.22,BR,0.019407,1.0
26.04,86.4,BR,0.019407,1.0
26.04,86.58,BR,0.019407,1.0
26.04,86.76,BR,0.019407,1.0
26.04,86.94,BR,0.019407,1.0
26.04,87.12,BR,0.019407,1.0
26.04,87.3,BR,0.019407,1.0
26.04,87.48,BR,0.019407,1.0
26.04,87.66,BR,0.019407,1.0
26.04,87.84,BR,0.012615,0.650027
26.04,87.84,SIK/NWB,0.006792,0.349973
26.04,88.02,BR,0.00069,0.035564
26.04,88.02,SIK/NWB,0.018723,0.964748
26.04,88.2,SIK/NWB,0.005738,0.295684
26.04,89.28,SIK/NWB,0.006171,0.317983
26.04,89.46,SIK/NWB,0.014511,0.747684
26.04,89.64,SIK/NWB,0.006426,0.331094
26.04,89.82,ASM,0.010906,0.56197
26.04,90.0,ASM,0.019407,1.0
26.04,90.18,ASM,0.019407,1.0
26.04,90.36,ASM,0.019407,1.0
26.04,90.54,ASM,0.019407,1.0
26.04,90.72,ASM,0.019407,1.0
26.04,90.9,ASM,0.019407,1.0
26.04,91.08,ASM,0.019407,1.0
26.04,91.26,ASM,0.019407,1.0
26.04,91.44,ASM,0.019407,1.0
26.04,91.62,ASM,0.019407,1.0
26.04,91.8,ASM,0.019407,1.0
26.04,91.98,ASM,0.019407,1.0
26.04,92.16,ASM,0.019407,1.0
26.04,92.34,ASM,0.019407,1.0
26.04,92.52,ASM,0.019407,1.0
26.04,92.7,ASM,0.019407,1.0
26.04,92.88,ASM,0.019407,1.0
26.04,93.06,ASM,0.019407,1.0
26.04,93.24,ASM,0.019407,1.0
26.04,93.42,ASM,0.019407,1.0
26.04,93.6,ASM,0.019407,1.0
26.04,93.78,ASM,0.019407,1.0
26.04,93.96,NE.HL,0.008025,0.413524
26.04,93.96,ASM,0.011382,0.586476
26.04,94.14,NE.HL,0.019407,1.0
26.04,94.32,NE.HL,0.019407,1.0
26.04,94.5,NE.HL,0.019407,1.0
26.04,94.68,NE.HL,0.019407,1.0
26.04,94.86,NE.HL,0.019407,1.0
26.04,95.04,NE.HL,0.01932,0.995488
26.04,95.22,NE.HL,0.002488,0.128192
26.16,70.02,W.RJ,0.000129,0.006669
26.16,70.2,W.RJ,0.016457,0.84887
26.16,70.38,W.RJ,0.019387,1.0
26.16,70.56,W.RJ,0.019387,1.0
26.16,70.74,W.RJ,0.019387,1.0
26.16,70.92,W.RJ,0.019387,1.0
26.16,71.1,W.RJ,0.019387,1.0
26.16,71.28,W.RJ,0.019387,1.0
26.16,71.46,W.RJ,0.019387,1.0
26.16,71.64,W.RJ,0.019387,1.0
26.16,71.82,W.RJ,0.019387,1.0
26.16,72.0,W.RJ,0.019387,1.0
26.16,72.18,W.RJ,0.019387,1.0
26.16,72.36,W.RJ,0.019387,1.0
26.16,72.54,W.RJ,0.019387,1.0
26.16,72.72,W.RJ,0.019387,1.0
26.16,72.9,W.RJ,0.019387,1.0
26.16,73.08,W.RJ,0.019387,1.0
26.16,73.26,W.RJ,0.019387,1.0
26.16,73.44,W.RJ,0.019387,1.0
26.16,73.62,W.RJ,0.019387,1.0
26.16,73.8,W.RJ,0.019387,1.0
26.16,73.98,W.RJ,0.019387,1.0
26.16,74.16,W.RJ,0.019387,1.0
26.16,74.34,E.RJ,0.013232,0.682494
26.16,74.34,W.RJ,0.006156,0.317506
26.16,74.52,E.RJ,0.019387,1.0
26.16,74.7,E.RJ,0.019387,1.0
26.16,74.88,E.RJ,0.019387,1.0
26.16,75.06,E.RJ,0.019387,1.0
26.16,75.24,E.RJ,0.019387,1.0
26.16,75.42,E.RJ,0.019387,1.0
26.16,75.6,E.RJ,0.019387,1.0
26.16,75.78,E.RJ,0.019387,1.0
26.16,75.96,E.RJ,0.019387,1.0
26.16,76.14,E.RJ,0.019387,1.0
26.16,76.32,E.RJ,0.019387,1.0
26.16,76.5,E.RJ,0.019387,1.0
26.16,76.68,E.RJ,0.019387,1.0
26.16,76.86,W.MP,0.00012,0.006211
26.16,76.86,E.RJ,0.019267,0.993789
26.16,77.04,W.MP,0.010191,0.525626
26.16,77.04,E.RJ,0.009197,0.474374
26.16,77.22,W.MP,0.019387,1.0
26.16,77.4,W.MP,0.019387,1.0
26.16,77.58,W.MP,0.019387,1.0
26.16,77.76,W.MP,0.019387,1.0
26.16,77.94,W.MP,0.019387,1.0
26.16,78.12,W.MP,0.019387,1.0
26.16,78.3,W.MP,0.019387,1.0
26.16,78.48,W.MP,0.019387,1.0
26.16,78.66,W.MP,0.019387,1.0
26.16,78.84,W.MP,0.019387,1.0
26.16,79.02,W.UP,0.01284,0.662306
26.16,79.02,W.MP,0.006547,0.337694
26.16,79.2,W.UP,0.019387,1.0
26.16,79.38,W.UP,0.019387,1.0
26.16,79.56,W.UP,0.019387,1.0
26.16,79.74,E.UP,0.009407,0.485193
26.16,79.74,W.UP,0.009981,0.514807
26.16,79.92,E.UP,0.017136,0.883851
26.16,79.92,W.UP,0.002252,0.116149
26.16,80.1,E.UP,0.019387,1.0
26.16,80.28,E.UP,0.019387,1.0
26.16,80.46,E.UP,0.019387,1.0
26.16,80.64,E.UP,0.019387,1.0
26.16,80.82,E.UP,0.019387,1.0
26.16,81.0,E.UP,0.019387,1.0
26.16,81.18,E.UP,0.019387,1.0
26.16,81.36,E.UP,0.019387,1.0
26.16,81.54,E.UP,0.019387,1.0
26.16,81.72,E.UP,0.019387,1.0
26.16,81.9,E.UP,0.019387,1.0
26.16,82.08,E.UP,0.019387,1.0
26.16,82.26,E.UP,0.019387,1.0
26.16,82.44,E.UP,0.019387,1.0
26.16,82.62,E.UP,0.019387,1.0
26.16,82.8,E.UP,0.019387,1.0
26.16,82.98,E.UP,0.019387,1.0
26.16,83.16,E.UP,0.019387,1.0
26.16,83.34,E.UP,0.019387,1.0
26.16,83.52,E.UP,0.019387,1.0
26.16,83.7,E.UP,0.019387,1.0
26.16,83.88,E.UP,0.019387,1.0
26.16,84.06,BR,0.012386,0.638873
26.16,84.06,E.UP,0.006994,0.360756
26.16,84.24,BR,0.019387,1.0
26.16,84.42,BR,0.019387,1.0
26.16,84.6,BR,0.019387,1.0
26.16,84.78,BR,0.019387,1.0
26.16,84.96,BR,0.019387,1.0
26.16,85.14,BR,0.019387,1.0
26.16,85.32,BR,0.019387,1.0
26.16,85.5,BR,0.019387,1.0
26.16,85.68,BR,0.019387,1.0
26.16,85.86,BR,0.019387,1.0
26.16,86.04,BR,0.019387,1.0
26.16,86.22,BR,0.019387,1.0
26.16,86.4,BR,0.019387,1.0
26.16,86.58,BR,0.019387,1.0
26.16,86.76,BR,0.019387,1.0
26.16,86.94,BR,0.019387,1.0
26.16,87.12,BR,0.019387,1.0
26.16,87.3,BR,0.019387,1.0
26.16,87.48,BR,0.019387,1.0
26.16,87.66,BR,0.019387,1.0
26.16,87.84,BR,0.019387,1.0
26.16,88.02,BR,0.010719,0.552863
26.16,88.02,SIK/NWB,0.00867,0.4472
26.16,88.2,BR,5e-06,0.00027
26.16,88.2,SIK/NWB,0.011247,0.580122
26.16,88.38,SIK/NWB,0.00044,0.022699
26.16,88.74,SIK/NWB,0.002487,0.128264
26.16,89.1,SIK/NWB,0.003091,0.159444
26.16,89.28,SIK/NWB,0.018061,0.931577
26.16,89.46,SIK/NWB,0.019387,1.0
26.16,89.64,ASM,0.000731,0.037701
26.16,89.64,SIK/NWB,0.009523,0.491215
26.16,89.82,ASM,0.017561,0.905794
26.16,89.82,SIK/NWB,5e-05,0.002571
26.16,90.0,ASM,0.019387,1.0
26.16,90.18,ASM,0.019387,1.0
26.16,90.36,ASM,0.019387,1.0
26.16,90.54,ASM,0.019387,1.0
26.16,90.72,ASM,0.019387,1.0
26.16,90.9,ASM,0.019387,1.0
26.16,91.08,ASM,0.019387,1.0
26.16,91.26,ASM,0.019387,1.0
26.16,91.44,ASM,0.019387,1.0
26.16,91.62,ASM,0.019387,1.0
26.16,91.8,ASM,0.019387,1.0
26.16,91.98,ASM,0.019387,1.0
26.16,92.16,ASM,0.019387,1.0
26.16,92.34,ASM,0.019387,1.0
26.16,92.52,ASM,0.019387,1.0
26.16,92.7,ASM,0.019387,1.0
26.16,92.88,ASM,0.019387,1.0
26.16,93.06,ASM,0.019387,1.0
26.16,93.24,ASM,0.019387,1.0
26.16,93.42,ASM,0.019387,1.0
26.16,93.6,ASM,0.019387,1.0
26.16,93.78,ASM,0.019387,1.0
26.16,93.96,NE.HL,0.004347,0.224236
26.16,93.96,ASM,0.01504,0.775764
26.16,94.14,NE.HL,0.019387,1.0
26.16,94.32,NE.HL,0.019387,1.0
26.16,94.5,NE.HL,0.019387,1.0
26.16,94.68,NE.HL,0.019387,1.0
26.16,94.86,NE.HL,0.019387,1.0
26.16,95.04,NE.HL,0.018601,0.959454
26.16,95.22,NE.HL,0.000179,0.009215
26.28,70.2,W.RJ,0.012901,0.666119
26.28,70.38,W.RJ,0.019367,1.0
26.28,70.56,W.RJ,0.019367,1.0
26.28,70.74,W.RJ,0.019367,1.0
26.28,70.92,W.RJ,0.019367,1.0
26.28,71.1,W.RJ,0.019367,1.0
26.28,71.28,W.RJ,0.019367,1.0
26.28,71.46,W.RJ,0.019367,1.0
26.28,71.64,W.RJ,0.019367,1.0
26.28,71.82,W.RJ,0.019367,1.0
26.28,72.0,W.RJ,0.019367,1.0
26.28,72.18,W.RJ,0.019367,1.0
26.28,72.36,W.RJ,0.019367,1.0
26.28,72.54,W.RJ,0.019367,1.0
26.28,72.72,W.RJ,0.019367,1.0
26.28,72.9,W.RJ,0.019367,1.0
26.28,73.08,W.RJ,0.019367,1.0
26.28,73.26,W.RJ,0.019367,1.0
26.28,73.44,W.RJ,0.019367,1.0
26.28,73.62,W.RJ,0.019367,1.0
26.28,73.8,W.RJ,0.019367,1.0
26.28,73.98,W.RJ,0.019367,1.0
26.28,74.16,W.RJ,0.019367,1.0
26.28,74.34,E.RJ,0.011688,0.603469
26.28,74.34,W.RJ,0.00768,0.396531
26.28,74.52,E.RJ,0.019367,1.0
26.28,74.7,E.RJ,0.019367,1.0
26.28,74.88,E.RJ,0.019367,1.0
26.28,75.06,E.RJ,0.019367,1.0
26.28,75.24,E.RJ,0.019367,1.0
26.28,75.42,E.RJ,0.019367,1.0
26.28,75.6,E.RJ,0.019367,1.0
26.28,75.78,E.RJ,0.019367,1.0
26.28,75.96,E.RJ,0.019367,1.0
26.28,76.14,E.RJ,0.019367,1.0
26.28,76.32,E.RJ,0.019367,1.0
26.28,76.5,E.RJ,0.019367,1.0
26.28,76.68,E.RJ,0.019367,1.0
26.28,76.86,E.RJ,0.019367,1.0
26.28,77.04,W.MP,4.2e-05,0.002165
26.28,77.04,E.RJ,0.019326,0.997835
26.28,77.22,W.MP,0.005022,0.259324
26.28,77.22,E.RJ,0.014345,0.740676
26.28,77.4,W.MP,0.019039,0.983041
26.28,77.4,E.RJ,0.000328,0.016959
26.28,77.58,W.MP,0.019367,1.0
26.28,77.76,W.MP,0.019367,1.0
26.28,77.94,W.MP,0.019367,1.0
26.28,78.12,W.MP,0.019367,1.0
26.28,78.3,W.MP,0.019367,1.0
26.28,78.48,W.MP,0.019367,1.0
26.28,78.66,W.MP,0.019367,1.0
26.28,78.84,W.MP,0.019367,1.0
26.28,79.02,W.UP,0.003585,0.185105
26.28,79.02,W.MP,0.015782,0.814895
26.28,79.2,W.UP,0.018775,0.969433
26.28,79.2,W.MP,0.000592,0.030567
26.28,79.38,W.UP,0.019367,1.0
26.28,79.56,E.UP,0.008189,0.422799
26.28,79.56,W.UP,0.011245,0.58059
26.28,79.74,E.UP,0.019335,0.998325
26.28,79.74,W.UP,3.2e-05,0.001675
26.28,79.92,E.UP,0.019367,1.0
26.28,80.1,E.UP,0.019367,1.0
26.28,80.28,E.UP,0.019367,1.0
26.28,80.46,E.UP,0.019367,1.0
26.28,80.64,E.UP,0.019367,1.0
26.28,80.82,E.UP,0.019367,1.0
26.28,81.0,E.UP,0.019367,1.0
26.28,81.18,E.UP,0.019367,1.0
26.28,81.36,E.UP,0.019367,1.0
26.28,81.54,E.UP,0.019367,1.0
26.28,81.72,E.UP,0.019367,1.0
26.28,81.9,E.UP,0.019367,1.0
26.28,82.08,E.UP,0.019367,1.0
26.28,82.26,E.UP,0.019367,1.0
26.28,82.44,E.UP,0.019367,1.0
26.28,82.62,E.UP,0.019367,1.0
26.28,82.8,E.UP,0.019367,1.0
26.28,82.98,E.UP,0.019367,1.0
26.28,83.16,E.UP,0.019367,1.0
26.28,83.34,E.UP,0.019367,1.0
26.28,83.52,E.UP,0.019367,1.0
26.28,83.7,E.UP,0.019367,1.0
26.28,83.88,E.UP,0.019367,1.0
26.28,84.06,BR,0.001791,0.092486
26.28,84.06,E.UP,0.017576,0.907514
26.28,84.24,BR,0.016913,0.873277
26.28,84.24,E.UP,0.002454,0.126723
26.28,84.42,BR,0.019367,1.0
26.28,84.6,BR,0.019367,1.0
26.28,84.78,BR,0.019367,1.0
26.28,84.96,BR,0.019367,1.0
26.28,85.14,BR,0.019367,1.0
26.28,85.32,BR,0.019367,1.0
26.28,85.5,BR,0.019367,1.0
26.28,85.68,BR,0.019367,1.0
26.28,85.86,BR,0.019367,1.0
26.28,86.04,BR,0.019367,1.0
26.28,86.22,BR,0.019367,1.0
26.28,86.4,BR,0.019367,1.0
26.28,86.58,BR,0.019367,1.0
26.28,86.76,BR,0.019367,1.0
26.28,86.94,BR,0.019367,1.0
26.28,87.12,BR,0.019367,1.0
26.28,87.3,BR,0.019367,1.0
26.28,87.48,BR,0.019367,1.0
26.28,87.66,BR,0.019367,1.0
26.28,87.84,BR,0.019367,1.0
26.28,88.02,BR,0.019367,1.0
26.28,88.2,BR,0.009955,0.513984
26.28,88.2,SIK/NWB,0.009105,0.470138
26.28,88.38,SIK/NWB,0.009455,0.488193
26.28,88.56,SIK/NWB,0.000147,0.007577
26.28,88.74,SIK/NWB,0.005915,0.305425
26.28,88.92,SIK/NWB,0.012871,0.664567
26.28,89.1,SIK/NWB,0.009552,0.493199
26.28,89.28,SIK/NWB,0.019367,1.0
26.28,89.46,SIK/NWB,0.019367,1.0
26.28,89.64,ASM,0.000414,0.021399
26.28,89.64,SIK/NWB,0.018791,0.970251
26.28,89.82,ASM,0.017585,0.90798
26.28,89.82,SIK/NWB,0.00186,0.096033
26.28,90.0,ASM,0.019367,1.0
26.28,90.18,ASM,0.019367,1.0
26.28,90.36,ASM,0.019367,1.0
26.28,90.54,ASM,0.019367,1.0
26.28,90.72,ASM,0.019367,1.0
26.28,90.9,ASM,0.019367,1.0
26.28,91.08,ASM,0.019367,1.0
26.28,91.26,ASM,0.019367,1.0
26.28,91.44,ASM,0.019367,1.0
26.28,91.62,ASM,0.019367,1.0
26.28,91.8,ASM,0.019367,1.0
26.28,91.98,ASM,0.019367,1.0
26.28,92.16,ASM,0.019367,1.0
26.28,92.34,ASM,0.019367,1.0
26.28,92.52,ASM,0.019367,1.0
26.28,92.7,ASM,0.019367,1.0
26.28,92.88,ASM,0.019367,1.0
26.28,93.06,ASM,0.019367,1.0
26.28,93.24,ASM,0.019367,1.0
26.28,93.42,ASM,0.019367,1.0
26.28,93.6,ASM,0.019367,1.0
26.28,93.78,ASM,0.019367,1.0
26.28,93.96,NE.HL,7.3e-05,0.003767
26.28,93.96,ASM,0.019294,0.996233
26.28,94.14,NE.HL,0.015606,0.80576
26.28,94.14,ASM,0.003762,0.19424
26.28,94.32,NE.HL,0.019367,1.0
26.28,94.5,NE.HL,0.019367,1.0
26.28,94.68,NE.HL,0.019367,1.0
26.28,94.86,NE.HL,0.019367,1.0
26.28,95.04,NE.HL,0.018889,0.975314
26.28,95.22,NE.HL,4e-06,0.000218
26.4,70.2,W.RJ,0.011711,0.6053
26.4,70.38,W.RJ,0.019347,1.0
26.4,70.56,W.RJ,0.019347,1.0
26.4,70.74,W.RJ,0.019347,1.0
26.4,70.92,W.RJ,0.019347,1.0
26.4,71.1,W.RJ,0.019347,1.0
26.4,71.28,W.RJ,0.019347,1.0
26.4,71.46,W.RJ,0.019347,1.0
26.4,71.64,W.RJ,0.019347,1.0
26.4,71.82,W.RJ,0.019347,1.0
26.4,72.0,W.RJ,0.019347,1.0
26.4,72.18,W.RJ,0.019347,1.0
26.4,72.36,W.RJ,0.019347,1.0
26.4,72.54,W.RJ,0.019347,1.0
26.4,72.72,W.RJ,0.019347,1.0
26.4,72.9,W.RJ,0.019347,1.0
26.4,73.08,W.RJ,0.019347,1.0
26.4,73.26,W.RJ,0.019347,1.0
26.4,73.44,W.RJ,0.019347,1.0
26.4,73.62,W.RJ,0.019347,1.0
26.4,73.8,W.RJ,0.019347,1.0
26.4,73.98,W.RJ,0.019347,1.0
26.4,74.16,W.RJ,0.019347,1.0
26.4,74.34,E.RJ,0.013848,0.715762
26.4,74.34,W.RJ,0.005499,0.284238
26.4,74.52,E.RJ,0.019347,1.0
26.4,74.7,E.RJ,0.019347,1.0
26.4,74.88,E.RJ,0.019347,1.0
26.4,75.06,E.RJ,0.019347,1.0
26.4,75.24,E.RJ,0.019347,1.0
26.4,75.42,E.RJ,0.019347,1.0
26.4,75.6,E.RJ,0.019347,1.0
26.4,75.78,E.RJ,0.019347,1.0
26.4,75.96,E.RJ,0.019347,1.0
26.4,76.14,E.RJ,0.019347,1.0
26.4,76.32,E.RJ,0.019347,1.0
26.4,76.5,E.RJ,0.019347,1.0
26.4,76.68,E.RJ,0.019347,1.0
26.4,76.86,E.RJ,0.019347,1.0
26.4,77.04,E.RJ,0.019347,1.0
26.4,77.22,E.RJ,0.019347,1.0
26.4,77.4,W.MP,0.004925,0.254581
26.4,77.4,E.RJ,0.014422,0.745419
26.4,77.58,W.MP,0.015682,0.810532
26.4,77.58,E.RJ,0.003666,0.189468
26.4,77.76,W.MP,0.019347,1.0
26.4,77.94,W.MP,0.019347,1.0
26.4,78.12,W.MP,0.019347,1.0
26.4,78.3,W.MP,0.019347,1.0
26.4,78.48,W.MP,0.019347,1.0
26.4,78.66,W.MP,0.019347,1.0
26.4,78.84,W.MP,0.019347,1.0
26.4,79.02,W.UP,0.00138,0.071315
26.4,79.02,W.MP,0.017968,0.928685
26.4,79.2,W.UP,0.018644,0.96367
26.4,79.2,W.MP,0.000703,0.03633
26.4,79.38,W.UP,0.019347,1.0
26.4,79.56,E.UP,0.010751,0.555675
26.4,79.56,W.UP,0.008597,0.444325
26.4,79.74,E.UP,0.019347,1.0
26.4,79.92,E.UP,0.019347,1.0
26.4,80.1,E.UP,0.019347,1.0
26.4,80.28,E.UP,0.019347,1.0
26.4,80.46,E.UP,0.019347,1.0
26.4,80.64,E.UP,0.019347,1.0
26.4,80.82,E.UP,0.019347,1.0
26.4,81.0,E.UP,0.019347,1.0
26.4,81.18,E.UP,0.019347,1.0
26.4,81.36,E.UP,0.019347,1.0
26.4,81.54,E.UP,0.019347,1.0
26.4,81.72,E.UP,0.019347,1.0
26.4,81.9,E.UP,0.019347,1.0
26.4,82.08,E.UP,0.019347,1.0
26.4,82.26,E.UP,0.019347,1.0
26.4,82.44,E.UP,0.019347,1.0
26.4,82.62,E.UP,0.019347,1.0
26.4,82.8,E.UP,0.019347,1.0
26.4,82.98,E.UP,0.019347,1.0
26.4,83.16,E.UP,0.019347,1.0
26.4,83.34,E.UP,0.019347,1.0
26.4,83.52,E.UP,0.019347,1.0
26.4,83.7,E.UP,0.019347,1.0
26.4,83.88,BR,0.000952,0.049227
26.4,83.88,E.UP,0.018395,0.950773
26.4,84.06,BR,0.009003,0.465319
26.4,84.06,E.UP,0.010345,0.534681
26.4,84.24,BR,0.018497,0.956042
26.4,84.24,E.UP,0.00085,0.043958
26.4,84.42,BR,0.019347,1.0
26.4,84.6,BR,0.019347,1.0
26.4,84.78,BR,0.019347,1.0
26.4,84.96,BR,0.019347,1.0
26.4,85.14,BR,0.019347,1.0
26.4,85.32,BR,0.019347,1.0
26.4,85.5,BR,0.019347,1.0
26.4,85.68,BR,0.019347,1.0
26.4,85.86,BR,0.019347,1.0
26.4,86.04,BR,0.019347,1.0
26.4,86.22,BR,0.019347,1.0
26.4,86.4,BR,0.019347,1.0
26.4,86.58,BR,0.019311,0.998112
26.4,86.76,BR,0.016701,0.863229
26.4,86.94,BR,0.019016,0.982872
26.4,87.12,BR,0.015037,0.777234
26.4,87.3,BR,0.007564,0.390971
26.4,87.48,BR,0.013925,0.71974
26.4,87.66,BR,0.01056,0.545811
26.4,87.84,BR,0.017017,0.879525
26.4,88.02,BR,0.009237,0.47742
26.4,88.2,BR,0.016209,0.837783
26.4,88.2,SIK/NWB,0.003148,0.162715
26.4,88.38,BR,8.6e-05,0.004444
26.4,88.38,SIK/NWB,0.018742,0.968691
26.4,88.56,SIK/NWB,0.004133,0.213629
26.4,88.74,SIK/NWB,0.01618,0.836293
26.4,88.92,SIK/NWB,0.012767,0.659868
26.4,89.1,SIK/NWB,0.014972,0.773845
26.4,89.28,SIK/NWB,0.019347,1.0
26.4,89.46,SIK/NWB,0.019347,1.0
26.4,89.64,SIK/NWB,0.019347,1.0
26.4,89.82,ASM,0.007388,0.381843
26.4,89.82,SIK/NWB,0.011972,0.618776
26.4,90.0,ASM,0.019347,1.0
26.4,90.18,ASM,0.019347,1.0
26.4,90.36,ASM,0.019347,1.0
26.4,90.54,ASM,0.019347,1.0
26.4,90.72,ASM,0.019347,1.0
26.4,90.9,ASM,0.019347,1.0
26.4,91.08,ASM,0.019347,1.0
26.4,91.26,ASM,0.019347,1.0
26.4,91.44,ASM,0.019347,1.0
26.4,91.62,ASM,0.019347,1.0
26.4,91.8,ASM,0.019347,1.0
26.4,91.98,ASM,0.019347,1.0
26.4,92.16,ASM,0.019347,1.0
26.4,92.34,ASM,0.019347,1.0
26.4,92.52,ASM,0.019347,1.0
26.4,92.7,ASM,0.019347,1.0
26.4,92.88,ASM,0.019347,1.0
26.4,93.06,ASM,0.019347,1.0
26.4,93.24,ASM,0.019347,1.0
26.4,93.42,ASM,0.019347,1.0
26.4,93.6,ASM,0.019347,1.0
26.4,93.78,ASM,0.019347,1.0
26.4,93.96,ASM,0.019347,1.0
26.4,94.14,NE.HL,0.00585,0.302391
26.4,94.14,ASM,0.013497,0.697604
26.4,94.32,NE.HL,0.019344,0.999849
26.4,94.32,ASM,3e-06,0.000151
26.4,94.5,NE.HL,0.019347,1.0
26.4,94.68,NE.HL,0.019347,1.0
26.4,94.86,NE.HL,0.019347,1.0
26.4,95.04,NE.HL,0.016977,0.877501
26.4,95.22,NE.HL,0.000115,0.00593
26.52,70.2,W.RJ,0.012856,0.665165
26.52,70.38,W.RJ,0.019327,1.0
26.52,70.56,W.RJ,0.019327,1.0
26.52,70.74,W.RJ,0.019327,1.0
26.52,70.92,W.RJ,0.019327,1.0
26.52,71.1,W.RJ,0.019327,1.0
26.52,71.28,W.RJ,0.019327,1.0
26.52,71.46,W.RJ,0.019327,1.0
26.52,71.64,W.RJ,0.019327,1.0
26.52,71.82,W.RJ,0.019327,1.0
26.52,72.0,W.RJ,0.019327,1.0
26.52,72.18,W.RJ,0.019327,1.0
26.52,72.36,W.RJ,0.019327,1.0
26.52,72.54,W.RJ,0.019327,1.0
26.52,72.72,W.RJ,0.019327,1.0
26.52,72.9,W.RJ,0.019327,1.0
26.52,73.08,W.RJ,0.019327,1.0
26.52,73.26,W.RJ,0.019327,1.0
26.52,73.44,W.RJ,0.019327,1.0
26.52,73.62,W.RJ,0.019327,1.0
26.52,73.8,W.RJ,0.019327,1.0
26.52,73.98,W.RJ,0.019327,1.0
26.52,74.16,W.RJ,0.019327,1.0
26.52,74.34,E.RJ,0.001643,0.085021
26.52,74.34,W.RJ,0.017684,0.914979
26.52,74.52,E.RJ,0.012971,0.671136
26.52,74.52,W.RJ,0.006356,0.328864
26.52,74.7,E.RJ,0.019073,0.98683
26.52,74.7,W.RJ,0.000255,0.01317
26.52,74.88,E.RJ,0.019327,1.0
26.52,75.06,E.RJ,0.019327,1.0
26.52,75.24,E.RJ,0.019327,1.0
26.52,75.42,E.RJ,0.019327,1.0
26.52,75.6,E.RJ,0.019327,1.0
26.52,75.78,E.RJ,0.019327,1.0
26.52,75.96,E.RJ,0.019327,1.0
26.52,76.14,E.RJ,0.019327,1.0
26.52,76.32,E.RJ,0.019327,1.0
26.52,76.5,E.RJ,0.019327,1.0
26.52,76.68,E.RJ,0.019327,1.0
26.52,76.86,E.RJ,0.019327,1.0
26.52,77.04,E.RJ,0.019327,1.0
26.52,77.22,E.RJ,0.019327,1.0
26.52,77.4,E.RJ,0.019327,1.0
26.52,77.58,W.MP,0.001077,0.05571
26.52,77.58,E.RJ,0.01825,0.94429
26.52,77.76,W.MP,0.011751,0.608018
26.52,77.76,E.RJ,0.007576,0.391982
26.52,77.94,W.MP,0.019327,1.0
26.52,78.12,W.MP,0.019327,1.0
26.52,78.3,W.MP,0.019327,1.0
26.52,78.48,W.MP,0.019327,1.0
26.52,78.66,W.MP,0.019327,1.0
26.52,78.84,W.MP,0.019327,1.0
26.52,79.02,W.UP,0.007363,0.380945
26.52,79.02,W.MP,0.011965,0.619055
26.52,79.2,W.UP,0.019327,1.0
26.52,79.38,W.UP,0.019327,1.0
26.52,79.56,E.UP,0.002447,0.126596
26.52,79.56,W.UP,0.01688,0.873404
26.52,79.74,E.UP,0.019327,1.0
26.52,79.92,E.UP,0.019327,1.0
26.52,80.1,E.UP,0.019327,1.0
26.52,80.28,E.UP,0.019327,1.0
26.52,80.46,E.UP,0.019327,1.0
26.52,80.64,E.UP,0.019327,1.0
26.52,80.82,E.UP,0.019327,1.0
26.52,81.0,E.UP,0.019327,1.0
26.52,81.18,E.UP,0.019327,1.0
26.52,81.36,E.UP,0.019327,1.0
26.52,81.54,E.UP,0.019327,1.0
26.52,81.72,E.UP,0.019327,1.0
26.52,81.9,E.UP,0.019327,1.0
26.52,82.08,E.UP,0.019327,1.0
26.52,82.26,E.UP,0.019327,1.0
26.52,82.44,E.UP,0.019327,1.0
26.52,82.62,E.UP,0.019327,1.0
26.52,82.8,E.UP,0.019327,1.0
26.52,82.98,E.UP,0.019327,1.0
26.52,83.16,E.UP,0.019327,1.0
26.52,83.34,E.UP,0.019327,1.0
26.52,83.52,E.UP,0.019327,1.0
26.52,83.7,E.UP,0.019327,1.0
26.52,83.88,BR,0.002968,0.153562
26.52,83.88,E.UP,0.016359,0.846438
26.52,84.06,BR,0.01481,0.766265
26.52,84.06,E.UP,0.004517,0.233735
26.52,84.24,BR,0.019327,1.0
26.52,84.42,BR,0.019327,1.0
26.52,84.6,BR,0.019327,1.0
26.52,84.78,BR,0.019327,1.0
26.52,84.96,BR,0.019327,1.0
26.52,85.14,BR,0.019327,1.0
26.52,85.32,BR,0.019327,1.0
26.52,85.5,BR,0.019327,1.0
26.52,85.68,BR,0.019327,1.0
26.52,85.86,BR,0.019209,0.993873
26.52,86.04,BR,0.019327,1.0
26.52,86.22,BR,0.019327,1.0
26.52,86.4,BR,0.018094,0.936175
26.52,86.58,BR,0.006827,0.353219
26.52,86.94,BR,0.006667,0.344962
26.52,87.12,BR,0.005507,0.28491
26.52,87.84,BR,0.000531,0.027466
26.52,88.02,BR,0.00047,0.024316
26.52,88.02,SIK/NWB,2.3e-05,0.001203
26.52,88.2,BR,0.006409,0.331581
26.52,88.2,SIK/NWB,0.012515,0.647543
26.52,88.38,SIK/NWB,0.009887,0.511538
26.52,88.56,SIK/NWB,0.014939,0.772967
26.52,88.74,SIK/NWB,0.019327,1.0
26.52,88.92,SIK/NWB,0.019327,1.0
26.52,89.1,SIK/NWB,0.019327,1.0
26.52,89.28,SIK/NWB,0.019327,1.0
26.52,89.46,SIK/NWB,0.019327,1.0
26.52,89.64,SIK/NWB,0.019327,1.0
26.52,89.82,ASM,0.005055,0.261573
26.52,89.82,SIK/NWB,0.01459,0.754901
26.52,90.0,ASM,0.019327,1.0
26.52,90.18,ASM,0.019327,1.0
26.52,90.36,ASM,0.019327,1.0
26.52,90.54,ASM,0.019327,1.0
26.52,90.72,ASM,0.019327,1.0
26.52,90.9,ASM,0.019327,1.0
26.52,91.08,ASM,0.019327,1.0
26.52,91.26,ASM,0.019327,1.0
26.52,91.44,ASM,0.019327,1.0
26.52,91.62,ASM,0.019327,1.0
26.52,91.8,ASM,0.019327,1.0
26.52,91.98,ASM,0.019327,1.0
26.52,92.16,ASM,0.019327,1.0
26.52,92.34,ASM,0.019327,1.0
26.52,92.52,ASM,0.019327,1.0
26.52,92.7,ASM,0.019327,1.0
26.52,92.88,ASM,0.019327,1.0
26.52,93.06,ASM,0.019327,1.0
26.52,93.24,ASM,0.019327,1.0
26.52,93.42,ASM,0.019327,1.0
26.52,93.6,ASM,0.019327,1.0
26.52,93.78,ASM,0.019327,1.0
26.52,93.96,ASM,0.019327,1.0
26.52,94.14,NE.HL,0.000743,0.038464
26.52,94.14,ASM,0.018572,0.960941
26.52,94.32,NE.HL,0.007906,0.409085
26.52,94.32,ASM,0.011111,0.574894
26.52,94.5,NE.HL,0.01928,0.997558
26.52,94.5,ASM,4.7e-05,0.002442
26.52,94.68,NE.HL,0.019327,1.0
26.52,94.86,NE.HL,0.019327,1.0
26.52,95.04,NE.HL,0.017138,0.886714
26.52,95.22,NE.HL,0.000335,0.017328
26.64,69.66,W.RJ,0.003281,0.169957
26.64,69.84,W.RJ,0.016781,0.869179
26.64,70.02,W.RJ,0.017121,0.886791
26.64,70.2,W.RJ,0.019195,0.994205
26.64,70.38,W.RJ,0.019307,1.0
26.64,70.56,W.RJ,0.019307,1.0
26.64,70.74,W.RJ,0.019307,1.0
26.64,70.92,W.RJ,0.019307,1.0
26.64,71.1,W.RJ,0.019307,1.0
26.64,71.28,W.RJ,0.019307,1.0
26.64,71.46,W.RJ,0.019307,1.0
26.64,71.64,W.RJ,0.019307,1.0
26.64,71.82,W.RJ,0.019307,1.0
26.64,72.0,W.RJ,0.019307,1.0
26.64,72.18,W.RJ,0.019307,1.0
26.64,72.36,W.RJ,0.019307,1.0
26.64,72.54,W.RJ,0.019307,1.0
26.64,72.72,W.RJ,0.019307,1.0
26.64,72.9,W.RJ,0.019307,1.0
26.64,73.08,W.RJ,0.019307,1.0
26.64,73.26,W.RJ,0.019307,1.0
26.64,73.44,W.RJ,0.019307,1.0
26.64,73.62,W.RJ,0.019307,1.0
26.64,73.8,W.RJ,0.019307,1.0
26.64,73.98,W.RJ,0.019307,1.0
26.64,74.16,W.RJ,0.019307,1.0
26.64,74.34,W.RJ,0.019307,1.0
26.64,74.52,E.RJ,0.001471,0.076213
26.64,74.52,W.RJ,0.017836,0.923787
26.64,74.7,E.RJ,0.010369,0.537051
26.64,74.7,W.RJ,0.008938,0.462949
26.64,74.88,E.RJ,0.019307,1.0
26.64,75.06,E.RJ,0.019307,1.0
26.64,75.24,E.RJ,0.019307,1.0
26.64,75.42,E.RJ,0.019307,1.0
26.64,75.6,E.RJ,0.019307,1.0
26.64,75.78,E.RJ,0.019307,1.0
26.64,75.96,E.RJ,0.019307,1.0
26.64,76.14,E.RJ,0.019307,1.0
26.64,76.32,E.RJ,0.019307,1.0
26.64,76.5,E.RJ,0.019307,1.0
26.64,76.68,E.RJ,0.019307,1.0
26.64,76.86,E.RJ,0.019307,1.0
26.64,77.04,E.RJ,0.019307,1.0
26.64,77.22,E.RJ,0.019307,1.0
26.64,77.4,E.RJ,0.019307,1.0
26.64,77.58,E.RJ,0.019307,1.0
26.64,77.76,W.MP,0.000365,0.018887
26.64,77.76,E.RJ,0.018942,0.981113
26.64,77.94,W.MP,0.01233,0.638635
26.64,77.94,E.RJ,0.006977,0.361365
26.64,78.12,W.MP,0.018379,0.951921
26.64,78.12,E.RJ,0.000928,0.048079
26.64,78.3,W.MP,0.019307,1.0
26.64,78.48,W.MP,0.019307,1.0
26.64,78.66,W.MP,0.019307,1.0
26.64,78.84,W.UP,3e-06,0.000152
26.64,78.84,W.MP,0.019304,0.999848
26.64,79.02,W.UP,0.013162,0.681725
26.64,79.02,W.MP,0.006145,0.318275
26.64,79.2,W.UP,0.019307,1.0
26.64,79.38,W.UP,0.019307,1.0
26.64,79.56,E.UP,0.000169,0.00877
26.64,79.56,W.UP,0.019138,0.99123
26.64,79.74,E.UP,0.014795,0.76629
26.64,79.74,W.UP,0.004505,0.233358
26.64,79.92,E.UP,0.019307,1.0
26.64,80.1,E.UP,0.019307,1.0
26.64,80.28,E.UP,0.019307,1.0
26.64,80.46,E.UP,0.019307,1.0
26.64,80.64,E.UP,0.019307,1.0
26.64,80.82,E.UP,0.019307,1.0
26.64,81.0,E.UP,0.019307,1.0
26.64,81.18,E.UP,0.019307,1.0
26.64,81.36,E.UP,0.019307,1.0
26.64,81.54,E.UP,0.019307,1.0
26.64,81.72,E.UP,0.019307,1.0
26.64,81.9,E.UP,0.019307,1.0
26.64,82.08,E.UP,0.019307,1.0
26.64,82.26,E.UP,0.019307,1.0
26.64,82.44,E.UP,0.019307,1.0
26.64,82.62,E.UP,0.019307,1.0
26.64,82.8,E.UP,0.019307,1.0
26.64,82.98,E.UP,0.019307,1.0
26.64,83.16,E.UP,0.019307,1.0
26.64,83.34,E.UP,0.019307,1.0
26.64,83.52,E.UP,0.019307,1.0
26.64,83.7,E.UP,0.019307,1.0
26.64,83.88,E.UP,0.019307,1.0
26.64,84.06,BR,0.003128,0.162026
26.64,84.06,E.UP,0.016179,0.837974
26.64,84.24,BR,0.005125,0.265457
26.64,84.24,E.UP,0.014182,0.734543
26.64,84.42,BR,0.014992,0.776523
26.64,84.42,E.UP,0.004315,0.223477
26.64,84.6,BR,0.019307,1.0
26.64,84.78,BR,0.019307,1.0
26.64,84.96,BR,0.019307,1.0
26.64,85.14,BR,0.019307,1.0
26.64,85.32,BR,0.019307,1.0
26.64,85.5,BR,0.019307,1.0
26.64,85.68,BR,0.017296,0.895847
26.64,85.86,BR,0.004065,0.210539
26.64,86.04,BR,0.011669,0.604369
26.64,86.22,BR,0.004568,0.236588
26.64,86.4,BR,0.001817,0.094095
26.64,87.12,BR,0.000179,0.009253
26.64,88.2,SIK/NWB,0.01433,0.742217
26.64,88.38,SIK/NWB,0.017925,0.928415
26.64,88.56,SIK/NWB,0.019307,1.0
26.64,88.74,SIK/NWB,0.019307,1.0
26.64,88.92,SIK/NWB,0.019307,1.0
26.64,89.1,SIK/NWB,0.019307,1.0
26.64,89.28,SIK/NWB,0.019307,1.0
26.64,89.46,SIK/NWB,0.019307,1.0
26.64,89.64,SIK/NWB,0.019307,1.0
26.64,89.82,ASM,0.003749,0.194162
26.64,89.82,SIK/NWB,0.015459,0.800703
26.64,90.0,ASM,0.019307,1.0
26.64,90.18,ASM,0.019307,1.0
26.64,90.36,ASM,0.019307,1.0
26.64,90.54,ASM,0.019307,1.0
26.64,90.72,ASM,0.019307,1.0
26.64,90.9,ASM,0.019307,1.0
26.64,91.08,ASM,0.019307,1.0
26.64,91.26,ASM,0.019307,1.0
26.64,91.44,ASM,0.019307,1.0
26.64,91.62,ASM,0.019307,1.0
26.64,91.8,ASM,0.019307,1.0
26.64,91.98,ASM,0.019307,1.0
26.64,92.16,ASM,0.019307,1.0
26.64,92.34,ASM,0.019307,1.0
26.64,92.52,ASM,0.019307,1.0
26.64,92.7,ASM,0.019307,1.0
26.64,92.88,ASM,0.019307,1.0
26.64,93.06,ASM,0.019307,1.0
26.64,93.24,ASM,0.019307,1.0
26.64,93.42,ASM,0.019307,1.0
26.64,93.6,ASM,0.019307,1.0
26.64,93.78,ASM,0.019307,1.0
26.64,93.96,ASM,0.019307,1.0
26.64,94.14,ASM,0.019307,1.0
26.64,94.32,NE.HL,6e-06,0.000322
26.64,94.32,ASM,0.019301,0.999678
26.64,94.5,NE.HL,0.01357,0.70284
26.64,94.5,ASM,0.005716,0.296036
26.64,94.68,NE.HL,0.019307,0.999976
26.64,94.68,ASM,0.0,2.4e-05
26.64,94.86,NE.HL,0.019307,1.0
26.64,95.04,NE.HL,0.019307,1.0
26.64,95.22,NE.HL,0.006498,0.336562
26.64,95.22,AR,0.002461,0.127479
26.64,95.4,AR,0.002981,0.154377
26.76,69.48,W.RJ,0.005482,0.284248
26.76,69.66,W.RJ,0.018729,0.97109
26.76,69.84,W.RJ,0.019287,1.0
26.76,70.02,W.RJ,0.019287,1.0
26.76,70.2,W.RJ,0.019287,1.0
26.76,70.38,W.RJ,0.019287,1.0
26.76,70.56,W.RJ,0.019287,1.0
26.76,70.74,W.RJ,0.019287,1.0
26.76,70.92,W.RJ,0.019287,1.0
26.76,71.1,W.RJ,0.019287,1.0
26.76,71.28,W.RJ,0.019287,1.0
26.76,71.46,W.RJ,0.019287,1.0
26.76,71.64,W.RJ,0.019287,1.0
26.76,71.82,W.RJ,0.019287,1.0
26.76,72.0,W.RJ,0.019287,1.0
26.76,72.18,W.RJ,0.019287,1.0
26.76,72.36,W.RJ,0.019287,1.0
26.76,72.54,W.RJ,0.019287,1.0
26.76,72.72,W.RJ,0.019287,1.0
26.76,72.9,W.RJ,0.019287,1.0
26.76,73.08,W.RJ,0.019287,1.0
26.76,73.26,W.RJ,0.019287,1.0
26.76,73.44,W.RJ,0.019287,1.0
26.76,73.62,W.RJ,0.019287,1.0
26.76,73.8,W.RJ,0.019287,1.0
26.76,73.98,W.RJ,0.019287,1.0
26.76,74.16,W.RJ,0.019287,1.0
26.76,74.34,W.RJ,0.019287,1.0
26.76,74.52,W.RJ,0.019287,1.0
26.76,74.7,E.RJ,0.007607,0.394436
26.76,74.7,W.RJ,0.011679,0.605564
26.76,74.88,E.RJ,0.019287,1.0
26.76,75.06,E.RJ,0.019287,1.0
26.76,75.24,E.RJ,0.019287,1.0
26.76,75.42,E.RJ,0.019287,1.0
26.76,75.6,E.RJ,0.019287,1.0
26.76,75.78,E.RJ,0.019287,1.0
26.76,75.96,E.RJ,0.019287,1.0
26.76,76.14,E.RJ,0.019287,1.0
26.76,76.32,E.RJ,0.019287,1.0
26.76,76.5,E.RJ,0.019287,1.0
26.76,76.68,E.RJ,0.019287,1.0
26.76,76.86,E.RJ,0.019287,1.0
26.76,77.04,E.RJ,0.019287,1.0
26.76,77.22,E.RJ,0.019287,1.0
26.76,77.4,W.UP,0.002645,0.137131
26.76,77.4,E.RJ,0.016762,0.869073
26.76,77.58,W.UP,0.00036,0.018685
26.76,77.58,E.RJ,0.019005,0.985377
26.76,77.76,E.RJ,0.019287,1.0
26.76,77.94,E.RJ,0.019287,1.0
26.76,78.12,W.MP,0.009138,0.473797
26.76,78.12,E.RJ,0.010028,0.519921
26.76,78.3,W.UP,4.1e-05,0.002111
26.76,78.3,W.MP,0.019259,0.998571
26.76,78.48,W.UP,0.004916,0.254883
26.76,78.48,W.MP,0.014441,0.748731
26.76,78.66,W.UP,0.007969,0.413184
26.76,78.66,W.MP,0.0113,0.585883
26.76,78.84,W.UP,0.013698,0.710222
26.76,78.84,W.MP,0.005589,0.289778
26.76,79.02,W.UP,0.019285,0.999927
26.76,79.02,W.MP,1e-06,7.3e-05
26.76,79.2,W.UP,0.019287,1.0
26.76,79.38,W.UP,0.019287,1.0
26.76,79.56,W.UP,0.019287,1.0
26.76,79.74,E.UP,0.011633,0.603147
26.76,79.74,W.UP,0.007655,0.396889
26.76,79.92,E.UP,0.019287,1.0
26.76,80.1,E.UP,0.019287,1.0
26.76,80.28,E.UP,0.019287,1.0
26.76,80.46,E.UP,0.019287,1.0
26.76,80.64,E.UP,0.019287,1.0
26.76,80.82,E.UP,0.019287,1.0
26.76,81.0,E.UP,0.019287,1.0
26.76,81.18,E.UP,0.019287,1.0
26.76,81.36,E.UP,0.019287,1.0
26.76,81.54,E.UP,0.019287,1.0
26.76,81.72,E.UP,0.019287,1.0
26.76,81.9,E.UP,0.019287,1.0
26.76,82.08,E.UP,0.019287,1.0
26.76,82.26,E.UP,0.019287,1.0
26.76,82.44,E.UP,0.019287,1.0
26.76,82.62,E.UP,0.019287,1.0
26.76,82.8,E.UP,0.019287,1.0
26.76,82.98,E.UP,0.019287,1.0
26.76,83.16,E.UP,0.019287,1.0
26.76,83.34,E.UP,0.019287,1.0
26.76,83.52,E.UP,0.019287,1.0
26.76,83.7,E.UP,0.019287,1.0
26.76,83.88,E.UP,0.019287,1.0
26.76,84.06,E.UP,0.019287,1.0
26.76,84.24,BR,0.006351,0.329291
26.76,84.24,E.UP,0.012936,0.670709
26.76,84.42,BR,0.019287,1.0
26.76,84.6,BR,0.019287,1.0
26.76,84.78,BR,0.019287,1.0
26.76,84.96,BR,0.019287,1.0
26.76,85.14,BR,0.017295,0.896748
26.76,85.32,BR,0.008986,0.465928
26.76,85.5,BR,0.016637,0.862627
26.76,85.68,BR,0.015098,0.782812
26.76,88.2,SIK/NWB,0.011445,0.593422
26.76,88.38,SIK/NWB,0.019287,1.0
26.76,88.56,SIK/NWB,0.019287,1.0
26.76,88.74,SIK/NWB,0.019287,1.0
26.76,88.92,SIK/NWB,0.019287,1.0
26.76,89.1,SIK/NWB,0.018994,0.984827
26.76,89.28,SIK/NWB,0.018795,0.97452
26.76,89.46,SIK/NWB,0.018508,0.959624
26.76,89.64,SIK/NWB,0.010124,0.524908
26.76,89.82,ASM,0.00137,0.071055
26.76,89.82,SIK/NWB,0.001738,0.090101
26.76,90.0,ASM,0.005094,0.264133
26.76,90.18,ASM,0.013333,0.691289
26.76,90.36,ASM,0.019287,1.0
26.76,90.54,ASM,0.017481,0.906373
26.76,90.72,ASM,0.011799,0.61177
26.76,90.9,ASM,0.013011,0.674588
26.76,91.08,ASM,0.016058,0.832573
26.76,91.26,ASM,0.016112,0.835385
26.76,91.44,ASM,0.016685,0.86511
26.76,91.62,ASM,0.017578,0.911412
26.76,91.8,ASM,0.019046,0.987503
26.76,91.98,ASM,0.019287,1.0
26.76,92.16,ASM,0.019287,1.0
26.76,92.34,ASM,0.019287,1.0
26.76,92.52,ASM,0.019287,1.0
26.76,92.7,ASM,0.019287,1.0
26.76,92.88,ASM,0.019287,1.0
26.76,93.06,ASM,0.019287,1.0
26.76,93.24,ASM,0.019287,1.0
26.76,93.42,ASM,0.019287,1.0
26.76,93.6,ASM,0.019287,1.0
26.76,93.78,ASM,0.019287,1.0
26.76,93.96,ASM,0.019287,1.0
26.76,94.14,ASM,0.019287,1.0
26.76,94.32,ASM,0.019287,1.0
26.76,94.5,NE.HL,4.4e-05,0.002288
26.76,94.5,ASM,0.019243,0.997712
26.76,94.68,NE.HL,0.006047,0.313528
26.76,94.68,ASM,0.013266,0.68783
26.76,94.86,NE.HL,0.018427,0.955427
26.76,94.86,ASM,0.000976,0.050617
26.76,95.04,NE.HL,0.019287,1.0
26.76,95.22,NE.HL,0.010023,0.519698
26.76,95.22,AR,0.009263,0.480302
26.76,95.4,AR,0.017864,0.92622
26.76,95.58,AR,0.001174,0.060881
26.88,69.48,W.RJ,0.008026,0.416608
26.88,69.66,W.RJ,0.019266,1.0
26.88,69.84,W.RJ,0.019266,1.0
26.88,70.02,W.RJ,0.019266,1.0
26.88,70.2,W.RJ,0.019266,1.0
26.88,70.38,W.RJ,0.019266,1.0
26.88,70.56,W.RJ,0.019266,1.0
26.88,70.74,W.RJ,0.019266,1.0
26.88,70.92,W.RJ,0.019266,1.0
26.88,71.1,W.RJ,0.019266,1.0
26.88,71.28,W.RJ,0.019266,1.0
26.88,71.46,W.RJ,0.019266,1.0
26.88,71.64,W.RJ,0.019266,1.0
26.88,71.82,W.RJ,0.019266,1.0
26.88,72.0,W.RJ,0.019266,1.0
26.88,72.18,W.RJ,0.019266,1.0
26.88,72.36,W.RJ,0.019266,1.0
26.88,72.54,W.RJ,0.019266,1.0
26.88,72.72,W.RJ,0.019266,1.0
26.88,72.9,W.RJ,0.019266,1.0
26.88,73.08,W.RJ,0.019266,1.0
26.88,73.26,W.RJ,0.019266,1.0
26.88,73.44,W.RJ,0.019266,1.0
26.88,73.62,W.RJ,0.019266,1.0
26.88,73.8,W.RJ,0.019266,1.0
26.88,73.98,W.RJ,0.019266,1.0
26.88,74.16,W.RJ,0.019266,1.0
26.88,74.34,W.RJ,0.019266,1.0
26.88,74.52,W.RJ,0.019266,1.0
26.88,74.7,E.RJ,0.000429,0.022255
26.88,74.7,W.RJ,0.018837,0.977745
26.88,74.88,E.RJ,0.016699,0.866764
26.88,74.88,W.RJ,0.002567,0.133236
26.88,75.06,E.RJ,0.017535,0.910122
26.88,75.06,W.RJ,0.001732,0.089878
26.88,75.24,E.RJ,0.019179,0.995481
26.88,75.24,W.RJ,8.7e-05,0.004519
26.88,75.42,E.RJ,0.019266,1.0
26.88,75.6,E.RJ,0.019266,1.0
26.88,75.78,E.RJ,0.019266,1.0
26.88,75.96,E.RJ,0.019266,1.0
26.88,76.14,E.RJ,0.019266,1.0
26.88,76.32,E.RJ,0.019266,1.0
26.88,76.5,E.RJ,0.019266,1.0
26.88,76.68,E.RJ,0.019266,1.0
26.88,76.86,E.RJ,0.019266,1.0
26.88,77.04,E.RJ,0.019266,1.0
26.88,77.22,E.RJ,0.019266,1.0
26.88,77.4,W.UP,0.002971,0.15419
26.88,77.4,E.RJ,0.016296,0.84581
26.88,77.58,W.UP,0.01478,0.767156
26.88,77.58,E.RJ,0.004486,0.232844
26.88,77.76,W.UP,0.005257,0.272864
26.88,77.76,E.RJ,0.014009,0.727136
26.88,77.94,W.UP,0.00645,0.334763
26.88,77.94,E.RJ,0.012817,0.665237
26.88,78.12,W.UP,0.003731,0.193668
26.88,78.12,W.MP,0.000232,0.012062
26.88,78.12,E.RJ,0.015448,0.801816
26.88,78.3,W.UP,0.01281,0.664877
26.88,78.3,W.MP,0.004376,0.227137
26.88,78.3,E.RJ,0.002567,0.133242
26.88,78.48,W.UP,0.019129,0.992855
26.88,78.48,W.MP,0.00015,0.007793
26.88,78.66,W.UP,0.019266,1.0
26.88,78.84,W.UP,0.019266,1.0
26.88,79.02,W.UP,0.019266,1.0
26.88,79.2,W.UP,0.019266,1.0
26.88,79.38,E.UP,0.001191,0.061813
26.88,79.38,W.UP,0.018075,0.938187
26.88,79.56,E.UP,0.009647,0.500708
26.88,79.56,W.UP,0.009619,0.499292
26.88,79.74,E.UP,0.017253,0.895513
26.88,79.74,W.UP,0.002013,0.104487
26.88,79.92,E.UP,0.019266,1.0
26.88,80.1,E.UP,0.019266,1.0
26.88,80.28,E.UP,0.019266,1.0
26.88,80.46,E.UP,0.019266,1.0
26.88,80.64,E.UP,0.019266,1.0
26.88,80.82,E.UP,0.019266,1.0
26.88,81.0,E.UP,0.019266,1.0
26.88,81.18,E.UP,0.019266,1.0
26.88,81.36,E.UP,0.019266,1.0
26.88,81.54,E.UP,0.019266,1.0
26.88,81.72,E.UP,0.019266,1.0
26.88,81.9,E.UP,0.019266,1.0
26.88,82.08,E.UP,0.019266,1.0
26.88,82.26,E.UP,0.019266,1.0
26.88,82.44,E.UP,0.019266,1.0
26.88,82.62,E.UP,0.019266,1.0
26.88,82.8,E.UP,0.019266,1.0
26.88,82.98,E.UP,0.019266,1.0
26.88,83.16,E.UP,0.019266,1.0
26.88,83.34,E.UP,0.019266,1.0
26.88,83.52,E.UP,0.019266,1.0
26.88,83.7,E.UP,0.019266,1.0
26.88,83.88,E.UP,0.019266,1.0
26.88,84.06,BR,0.004587,0.238106
26.88,84.06,E.UP,0.014679,0.761894
26.88,84.24,BR,0.016288,0.845422
26.88,84.24,E.UP,0.002978,0.154578
26.88,84.42,BR,0.019266,1.0
26.88,84.6,BR,0.019266,1.0
26.88,84.78,BR,0.019266,1.0
26.88,84.96,BR,0.016476,0.855157
26.88,85.14,BR,0.005575,0.28936
26.88,85.5,BR,0.001005,0.052144
26.88,85.68,BR,0.003057,0.158675
26.88,88.2,SIK/NWB,0.014033,0.72837
26.88,88.38,SIK/NWB,0.019266,1.0
26.88,88.56,SIK/NWB,0.019266,1.0
26.88,88.74,SIK/NWB,0.019266,1.0
26.88,88.92,SIK/NWB,0.018734,0.972352
26.88,89.1,SIK/NWB,0.007858,0.407858
26.88,89.28,SIK/NWB,0.002029,0.105328
26.88,89.46,SIK/NWB,0.001845,0.095744
26.88,90.18,ASM,0.001808,0.093859
26.88,90.36,ASM,0.009287,0.48206
26.88,90.54,ASM,0.002414,0.125309
26.88,91.44,ASM,0.000247,0.012816
26.88,91.62,ASM,1e-06,3.5e-05
26.88,91.8,ASM,0.006272,0.325538
26.88,91.98,ASM,0.008397,0.435862
26.88,92.16,ASM,0.010817,0.561447
26.88,92.16,AR,0.005543,0.287714
26.88,92.34,ASM,0.016256,0.843743
26.88,92.34,AR,0.002665,0.138335
26.88,92.52,ASM,0.019266,1.0
26.88,92.7,ASM,0.019266,1.0
26.88,92.88,ASM,0.019265,0.999945
26.88,92.88,AR,1e-06,5.5e-05
26.88,93.06,ASM,0.015898,0.825178
26.88,93.06,AR,0.003368,0.174822
26.88,93.24,ASM,0.018617,0.966278
26.88,93.24,AR,0.00065,0.033722
26.88,93.42,ASM,0.019176,0.995292
26.88,93.42,AR,9.1e-05,0.004708
26.88,93.6,ASM,0.019263,0.999852
26.88,93.6,AR,3e-06,0.000148
26.88,93.78,ASM,0.019266,1.0
26.88,93.96,ASM,0.019266,1.0
26.88,94.14,ASM,0.019266,1.0
26.88,94.32,ASM,0.019266,1.0
26.88,94.5,ASM,0.019266,1.0
26.88,94.68,ASM,0.019266,1.0
26.88,94.86,NE.HL,0.010623,0.551401
26.88,94.86,ASM,0.008692,0.451147
26.88,95.04,NE.HL,0.017588,0.912895
26.88,95.04,ASM,0.001678,0.087105
26.88,95.22,NE.HL,0.009072,0.470866
26.88,95.22,AR,0.010194,0.529134
26.88,95.4,AR,0.019266,1.0
26.88,95.58,AR,0.016358,0.849055
26.88,95.76,AR,0.004013,0.208276
27.0,69.48,W.RJ,0.005795,0.301094
27.0,69.66,W.RJ,0.019246,1.0
27.0,69.84,W.RJ,0.019246,1.0
27.0,70.02,W.RJ,0.019246,1.0
27.0,70.2,W.RJ,0.019246,1.0
27.0,70.38,W.RJ,0.019246,1.0
27.0,70.56,W.RJ,0.019246,1.0
27.0,70.74,W.RJ,0.019246,1.0
27.0,70.92,W.RJ,0.019246,1.0
27.0,71.1,W.RJ,0.019246,1.0
27.0,71.28,W.RJ,0.019246,1.0
27.0,71.46,W.RJ,0.019246,1.0
27.0,71.64,W.RJ,0.019246,1.0
27.0,71.82,W.RJ,0.019246,1.0
27.0,72.0,W.RJ,0.019246,1.0
27.0,72.18,W.RJ,0.019246,1.0
27.0,72.36,W.RJ,0.019246,1.0
27.0,72.54,W.RJ,0.019246,1.0
27.0,72.72,W.RJ,0.019246,1.0
27.0,72.9,W.RJ,0.019246,1.0
27.0,73.08,W.RJ,0.019246,1.0
27.0,73.26,W.RJ,0.019246,1.0
27.0,73.44,W.RJ,0.019246,1.0
27.0,73.62,W.RJ,0.019246,1.0
27.0,73.8,W.RJ,0.019246,1.0
27.0,73.98,W.RJ,0.019246,1.0
27.0,74.16,W.RJ,0.019246,1.0
27.0,74.34,W.RJ,0.019246,1.0
27.0,74.52,W.RJ,0.019246,1.0
27.0,74.7,W.RJ,0.019246,1.0
27.0,74.88,E.RJ,0.003001,0.15591
27.0,74.88,W.RJ,0.016245,0.84409
27.0,75.06,E.RJ,0.000232,0.012074
27.0,75.06,W.RJ,0.019013,0.987926
27.0,75.24,E.RJ,0.013198,0.685774
27.0,75.24,W.RJ,0.006048,0.314226
27.0,75.42,E.RJ,0.019246,1.0
27.0,75.6,E.RJ,0.019246,1.0
27.0,75.78,E.RJ,0.019246,1.0
27.0,75.96,E.RJ,0.019246,1.0
27.0,76.14,E.RJ,0.019246,1.0
27.0,76.32,E.RJ,0.019246,1.0
27.0,76.5,E.RJ,0.019246,1.0
27.0,76.68,E.RJ,0.019246,1.0
27.0,76.86,E.RJ,0.019246,1.0
27.0,77.04,E.RJ,0.019246,1.0
27.0,77.22,E.RJ,0.019246,1.0
27.0,77.4,E.RJ,0.019246,1.0
27.0,77.58,W.UP,0.004551,0.236452
27.0,77.58,E.RJ,0.0147,0.763795
27.0,77.76,W.UP,0.015941,0.828307
27.0,77.76,E.RJ,0.002975,0.154575
27.0,77.94,W.UP,0.019246,1.0
27.0,78.12,W.UP,0.019087,0.991752
27.0,78.12,E.RJ,0.000209,0.010835
27.0,78.3,W.UP,0.01918,0.996603
27.0,78.3,E.RJ,6.5e-05,0.003397
27.0,78.48,W.UP,0.019246,1.0
27.0,78.66,W.UP,0.019246,1.0
27.0,78.84,W.UP,0.019246,1.0
27.0,79.02,W.UP,0.019246,1.0
27.0,79.2,W.UP,0.019246,1.0
27.0,79.38,E.UP,0.009837,0.511109
27.0,79.38,W.UP,0.009409,0.488891
27.0,79.56,E.UP,0.019246,1.0
27.0,79.74,E.UP,0.019246,1.0
27.0,79.92,E.UP,0.019246,1.0
27.0,80.1,E.UP,0.019246,1.0
27.0,80.28,E.UP,0.019246,1.0
27.0,80.46,E.UP,0.019246,1.0
27.0,80.64,E.UP,0.019246,1.0
27.0,80.82,E.UP,0.019246,1.0
27.0,81.0,E.UP,0.019246,1.0
27.0,81.18,E.UP,0.019246,1.0
27.0,81.36,E.UP,0.019246,1.0
27.0,81.54,E.UP,0.019246,1.0
27.0,81.72,E.UP,0.019246,1.0
27.0,81.9,E.UP,0.019246,1.0
27.0,82.08,E.UP,0.019246,1.0
27.0,82.26,E.UP,0.019246,1.0
27.0,82.44,E.UP,0.019246,1.0
27.0,82.62,E.UP,0.019246,1.0
27.0,82.8,E.UP,0.019246,1.0
27.0,82.98,E.UP,0.019246,1.0
27.0,83.16,E.UP,0.019246,1.0
27.0,83.34,E.UP,0.019246,1.0
27.0,83.52,E.UP,0.019246,1.0
27.0,83.7,E.UP,0.019246,1.0
27.0,83.88,E.UP,0.019246,1.0
27.0,84.06,BR,0.011172,0.58047
27.0,84.06,E.UP,0.008074,0.41953
27.0,84.24,BR,0.019246,1.0
27.0,84.42,BR,0.019246,1.0
27.0,84.6,BR,0.018431,0.957645
27.0,84.78,BR,0.01134,0.589212
27.0,84.96,BR,0.002923,0.1519
27.0,88.02,SIK/NWB,0.002053,0.106699
27.0,88.2,SIK/NWB,0.018337,0.952797
27.0,88.38,SIK/NWB,0.019246,1.0
27.0,88.56,SIK/NWB,0.019246,1.0
27.0,88.74,SIK/NWB,0.019246,1.0
27.0,88.92,SIK/NWB,0.007792,0.404884
27.0,89.1,SIK/NWB,0.0,2e-06
27.0,91.98,AR,0.000165,0.008597
27.0,92.16,AR,0.015977,0.830178
27.0,92.34,ASM,2e-06,9e-05
27.0,92.34,AR,0.019244,0.99991
27.0,92.52,ASM,0.003169,0.164647
27.0,92.52,AR,0.016077,0.835353
27.0,92.7,ASM,0.013124,0.681908
27.0,92.7,AR,0.006122,0.318092
27.0,92.88,ASM,0.008421,0.437536
27.0,92.88,AR,0.010825,0.562464
27.0,93.06,AR,0.019246,1.0
27.0,93.24,ASM,0.000689,0.035777
27.0,93.24,AR,0.018557,0.964223
27.0,93.42,ASM,0.001413,0.073407
27.0,93.42,AR,0.017833,0.926593
27.0,93.6,ASM,0.002401,0.124739
27.0,93.6,AR,0.016845,0.875261
27.0,93.78,ASM,0.015984,0.830544
27.0,93.78,AR,0.003261,0.169456
27.0,93.96,ASM,0.019246,1.0
27.0,94.14,ASM,0.019246,1.0
27.0,94.32,ASM,0.019246,1.0
27.0,94.5,ASM,0.019246,1.0
27.0,94.68,ASM,0.019246,1.0
27.0,94.86,NE.HL,7.8e-05,0.004035
27.0,94.86,ASM,0.019165,0.995812
27.0,95.04,NE.HL,0.000952,0.049441
27.0,95.04,ASM,0.018296,0.950674
27.0,95.22,NE.HL,0.004625,0.240313
27.0,95.22,ASM,0.005119,0.265993
27.0,95.22,AR,0.009518,0.494575
27.0,95.4,AR,0.019246,1.0
27.0,95.58,AR,0.019246,1.0
27.0,95.76,AR,0.014589,0.758016
27.0,95.94,AR,0.002803,0.145659
27.12,69.48,W.RJ,0.001172,0.060941
27.12,69.66,W.RJ,0.018879,0.981997
27.12,69.84,W.RJ,0.019225,1.0
27.12,70.02,W.RJ,0.019225,1.0
27.12,70.2,W.RJ,0.019225,1.0
27.12,70.38,W.RJ,0.019225,1.0
27.12,70.56,W.RJ,0.019225,1.0
27.12,70.74,W.RJ,0.019225,1.0
27.12,70.92,W.RJ,0.019225,1.0
27.12,71.1,W.RJ,0.019225,1.0
27.12,71.28,W.RJ,0.019225,1.0
27.12,71.46,W.RJ,0.019225,1.0
27.12,71.64,W.RJ,0.019225,1.0
27.12,71.82,W.RJ,0.019225,1.0
27.12,72.0,W.RJ,0.019225,1.0
27.12,72.18,W.RJ,0.019225,1.0
27.12,72.36,W.RJ,0.019225,1.0
27.12,72.54,W.RJ,0.019225,1.0
27.12,72.72,W.RJ,0.019225,1.0
27.12,72.9,W.RJ,0.019225,1.0
27.12,73.08,W.RJ,0.019225,1.0
27.12,73.26,W.RJ,0.019225,1.0
27.12,73.44,W.RJ,0.019225,1.0
27.12,73.62,W.RJ,0.019225,1.0
27.12,73.8,W.RJ,0.019225,1.0
27.12,73.98,W.RJ,0.019225,1.0
27.12,74.16,W.RJ,0.019225,1.0
27.12,74.34,W.RJ,0.019225,1.0
27.12,74.52,W.RJ,0.019225,1.0
27.12,74.7,W.RJ,0.019225,1.0
27.12,74.88,W.RJ,0.019225,1.0
27.12,75.06,E.RJ,8e-05,0.004158
27.12,75.06,W.RJ,0.019145,0.995842
27.12,75.24,E.RJ,0.009082,0.472407
27.12,75.24,W.RJ,0.010143,0.527593
27.12,75.42,E.RJ,0.017952,0.933776
27.12,75.42,W.RJ,0.001273,0.066224
27.12,75.6,E.RJ,0.019225,1.0
27.12,75.78,E.RJ,0.019225,1.0
27.12,75.96,E.RJ,0.019225,1.0
27.12,76.14,E.RJ,0.019225,1.0
27.12,76.32,E.RJ,0.019225,1.0
27.12,76.5,E.RJ,0.019225,1.0
27.12,76.68,E.RJ,0.019225,1.0
27.12,76.86,E.RJ,0.019225,1.0
27.12,77.04,E.RJ,0.019225,1.0
27.12,77.22,E.RJ,0.019225,1.0
27.12,77.4,E.RJ,0.019225,1.0
27.12,77.58,W.UP,0.009293,0.483362
27.12,77.58,E.RJ,0.009969,0.518555
27.12,77.76,W.UP,0.019225,0.999992
27.12,77.76,E.RJ,0.0,8e-06
27.12,77.94,W.UP,0.019225,1.0
27.12,78.12,W.UP,0.019225,1.0
27.12,78.3,W.UP,0.019225,1.0
27.12,78.48,W.UP,0.019225,1.0
27.12,78.66,W.UP,0.019225,1.0
27.12,78.84,W.UP,0.019225,1.0
27.12,79.02,W.UP,0.019225,1.0
27.12,79.2,W.UP,0.019225,1.0
27.12,79.38,E.UP,0.006558,0.341137
27.12,79.38,W.UP,0.012667,0.658863
27.12,79.56,E.UP,0.019225,1.0
27.12,79.74,E.UP,0.019225,1.0
27.12,79.92,E.UP,0.019225,1.0
27.12,80.1,E.UP,0.019225,1.0
27.12,80.28,E.UP,0.019225,1.0
27.12,80.46,E.UP,0.019225,1.0
27.12,80.64,E.UP,0.019225,1.0
27.12,80.82,E.UP,0.019225,1.0
27.12,81.0,E.UP,0.019225,1.0
27.12,81.18,E.UP,0.019225,1.0
27.12,81.36,E.UP,0.019225,1.0
27.12,81.54,E.UP,0.019225,1.0
27.12,81.72,E.UP,0.019225,1.0
27.12,81.9,E.UP,0.019225,1.0
27.12,82.08,E.UP,0.019225,1.0
27.12,82.26,E.UP,0.019225,1.0
27.12,82.44,E.UP,0.019225,1.0
27.12,82.62,E.UP,0.019225,1.0
27.12,82.8,E.UP,0.019225,1.0
27.12,82.98,E.UP,0.019225,1.0
27.12,83.16,E.UP,0.019225,1.0
27.12,83.34,E.UP,0.019225,1.0
27.12,83.52,E.UP,0.019225,1.0
27.12,83.7,E.UP,0.019225,1.0
27.12,83.88,BR,0.000677,0.035199
27.12,83.88,E.UP,0.018548,0.964801
27.12,84.06,BR,0.017643,0.917728
27.12,84.06,E.UP,0.001582,0.082272
27.12,84.24,BR,0.019225,1.0
27.12,84.42,BR,0.019225,1.0
27.12,84.6,BR,0.017804,0.926055
27.12,88.02,SIK/NWB,0.010392,0.540539
27.12,88.2,SIK/NWB,0.019225,1.0
27.12,88.38,SIK/NWB,0.019225,1.0
27.12,88.56,SIK/NWB,0.019225,1.0
27.12,88.74,SIK/NWB,0.016389,0.852453
27.12,88.92,SIK/NWB,0.002333,0.121342
27.12,91.98,AR,0.003875,0.201571
27.12,92.16,AR,0.019225,1.0
27.12,92.34,AR,0.019225,1.0
27.12,92.52,AR,0.019225,1.0
27.12,92.7,AR,0.019225,1.0
27.12,92.88,AR,0.019225,1.0
27.12,93.06,AR,0.019225,1.0
27.12,93.24,AR,0.019225,1.0
27.12,93.42,AR,0.019225,1.0
27.12,93.6,AR,0.019225,1.0
27.12,93.78,ASM,0.004805,0.249944
27.12,93.78,AR,0.01442,0.750056
27.12,93.96,ASM,0.019225,1.0
27.12,94.14,ASM,0.019225,1.0
27.12,94.32,ASM,0.019225,1.0
27.12,94.5,ASM,0.019225,1.0
27.12,94.68,ASM,0.019225,1.0
27.12,94.86,ASM,0.019225,1.0
27.12,95.04,ASM,0.019225,1.0
27.12,95.22,ASM,0.019166,0.996944
27.12,95.22,AR,5.9e-05,0.003056
27.12,95.4,ASM,0.010264,0.533896
27.12,95.4,AR,0.008961,0.466104
27.12,95.58,AR,0.019225,1.0
27.12,95.76,AR,0.019225,1.0
27.12,95.94,AR,0.014752,0.767327
27.12,96.12,AR,0.0,1e-06
27.12,96.84,AR,0.000184,0.00958
27.12,97.02,AR,0.007522,0.391273
27.12,97.2,AR,0.003343,0.173892
27.24,69.66,W.RJ,0.009513,0.495369
27.24,69.84,W.RJ,0.019204,1.0
27.24,70.02,W.RJ,0.019204,1.0
27.24,70.2,W.RJ,0.019204,1.0
27.24,70.38,W.RJ,0.019204,1.0
27.24,70.56,W.RJ,0.019204,1.0
27.24,70.74,W.RJ,0.019204,1.0
27.24,70.92,W.RJ,0.019204,1.0
27.24,71.1,W.RJ,0.019204,1.0
27.24,71.28,W.RJ,0.019204,1.0
27.24,71.46,W.RJ,0.019204,1.0
27.24,71.64,W.RJ,0.019204,1.0
27.24,71.82,W.RJ,0.019204,1.0
27.24,72.0,W.RJ,0.019204,1.0
27.24,72.18,W.RJ,0.019204,1.0
27.24,72.36,W.RJ,0.019204,1.0
27.24,72.54,W.RJ,0.019204,1.0
27.24,72.72,W.RJ,0.019204,1.0
27.24,72.9,W.RJ,0.019204,1.0
27.24,73.08,W.RJ,0.019204,1.0
27.24,73.26,W.RJ,0.019204,1.0
27.24,73.44,W.RJ,0.019204,1.0
27.24,73.62,W.RJ,0.019204,1.0
27.24,73.8,W.RJ,0.019204,1.0
27.24,73.98,W.RJ,0.019204,1.0
27.24,74.16,W.RJ,0.019204,1.0
27.24,74.34,W.RJ,0.019204,1.0
27.24,74.52,W.RJ,0.019204,1.0
27.24,74.7,W.RJ,0.019204,1.0
27.24,74.88,W.RJ,0.019204,1.0
27.24,75.06,E.RJ,0.003748,0.195146
27.24,75.06,W.RJ,0.015457,0.804854
27.24,75.24,E.RJ,0.019008,0.989794
27.24,75.24,W.RJ,0.000196,0.010206
27.24,75.42,E.RJ,0.019204,1.0
27.24,75.6,E.RJ,0.019204,1.0
27.24,75.78,E.RJ,0.019204,1.0
27.24,75.96,E.RJ,0.019204,1.0
27.24,76.14,E.RJ,0.019204,1.0
27.24,76.32,E.RJ,0.019204,1.0
27.24,76.5,E.RJ,0.019204,1.0
27.24,76.68,E.RJ,0.019204,1.0
27.24,76.86,E.RJ,0.019204,1.0
27.24,77.04,E.RJ,0.019204,1.0
27.24,77.22,E.RJ,0.019204,1.0
27.24,77.4,E.RJ,0.019204,1.0
27.24,77.58,W.UP,0.003188,0.165988
27.24,77.58,E.RJ,0.016017,0.834012
27.24,77.76,W.UP,0.019098,0.994477
27.24,77.76,E.RJ,0.000106,0.005523
27.24,77.94,W.UP,0.019204,1.0
27.24,78.12,W.UP,0.019204,1.0
27.24,78.3,W.UP,0.019204,1.0
27.24,78.48,W.UP,0.019204,1.0
27.24,78.66,W.UP,0.019204,1.0
27.24,78.84,W.UP,0.019204,1.0
27.24,79.02,W.UP,0.019204,1.0
27.24,79.2,E.UP,6e-06,0.000298
27.24,79.2,W.UP,0.019199,0.999702
27.24,79.38,E.UP,0.01405,0.731589
27.24,79.38,W.UP,0.005155,0.268411
27.24,79.56,E.UP,0.019204,1.0
27.24,79.74,E.UP,0.019204,1.0
27.24,79.92,E.UP,0.019204,1.0
27.24,80.1,E.UP,0.019204,1.0
27.24,80.28,E.UP,0.019204,1.0
27.24,80.46,E.UP,0.019204,1.0
27.24,80.64,E.UP,0.019204,1.0
27.24,80.82,E.UP,0.019204,1.0
27.24,81.0,E.UP,0.019204,1.0
27.24,81.18,E.UP,0.019204,1.0
27.24,81.36,E.UP,0.019204,1.0
27.24,81.54,E.UP,0.019204,1.0
27.24,81.72,E.UP,0.019204,1.0
27.24,81.9,E.UP,0.019204,1.0
27.24,82.08,E.UP,0.019204,1.0
27.24,82.26,E.UP,0.019204,1.0
27.24,82.44,E.UP,0.019204,1.0
27.24,82.62,E.UP,0.019204,1.0
27.24,82.8,E.UP,0.019204,1.0
27.24,82.98,E.UP,0.019204,1.0
27.24,83.16,E.UP,0.019204,1.0
27.24,83.34,E.UP,0.019204,1.0
27.24,83.52,E.UP,0.019204,1.0
27.24,83.7,E.UP,0.019204,1.0
27.24,83.88,BR,0.002784,0.144951
27.24,83.88,E.UP,0.016312,0.849389
27.24,84.06,BR,0.018749,0.976277
27.24,84.06,E.UP,0.000456,0.023723
27.24,84.24,BR,0.019204,1.0
27.24,84.42,BR,0.019204,1.0
27.24,84.6,BR,0.017684,0.920827
27.24,84.78,BR,1e-05,0.000522
27.24,88.02,SIK/NWB,0.008573,0.446383
27.24,88.2,SIK/NWB,0.019204,1.0
27.24,88.38,SIK/NWB,0.019204,1.0
27.24,88.56,SIK/NWB,0.019204,1.0
27.24,88.74,SIK/NWB,0.017383,0.905138
27.24,88.92,SIK/NWB,0.002562,0.133397
27.24,91.98,AR,0.000696,0.036231
27.24,92.16,AR,0.01789,0.931568
27.24,92.34,AR,0.019204,1.0
27.24,92.52,AR,0.019204,1.0
27.24,92.7,AR,0.019204,1.0
27.24,92.88,AR,0.019204,1.0
27.24,93.06,AR,0.019204,1.0
27.24,93.24,AR,0.019204,1.0
27.24,93.42,AR,0.019204,1.0
27.24,93.6,AR,0.019204,1.0
27.24,93.78,ASM,0.000312,0.016247
27.24,93.78,AR,0.018892,0.983753
27.24,93.96,ASM,0.015125,0.787597
27.24,93.96,AR,0.004079,0.212403
27.24,94.14,ASM,0.019204,1.0
27.24,94.32,ASM,0.019204,1.0
27.24,94.5,ASM,0.019204,1.0
27.24,94.68,ASM,0.019204,1.0
27.24,94.86,ASM,0.019204,1.0
27.24,95.04,ASM,0.019204,1.0
27.24,95.22,ASM,0.019204,1.0
27.24,95.4,ASM,0.01806,0.940395
27.24,95.4,AR,0.001123,0.058474
27.24,95.58,ASM,0.009153,0.476608
27.24,95.58,AR,0.010065,0.524082
27.24,95.76,ASM,0.004989,0.25976
27.24,95.76,AR,0.014216,0.74024
27.24,95.94,ASM,0.001774,0.092382
27.24,95.94,AR,0.01743,0.907618
27.24,96.12,AR,0.011856,0.617339
27.24,96.3,AR,0.003095,0.16114
27.24,96.48,AR,0.000712,0.037099
27.24,96.84,AR,0.006361,0.331248
27.24,97.02,AR,0.015865,0.826129
27.24,97.2,AR,0.000185,0.009637
27.36,69.66,W.RJ,7.4e-05,0.003859
27.36,69.84,W.RJ,0.012702,0.662142
27.36,70.02,W.RJ,0.019184,1.0
27.36,70.2,W.RJ,0.019184,1.0
27.36,70.38,W.RJ,0.019184,1.0
27.36,70.56,W.RJ,0.019184,1.0
27.36,70.74,W.RJ,0.019184,1.0
27.36,70.92,W.RJ,0.019184,1.0
27.36,71.1,W.RJ,0.019184,1.0
27.36,71.28,W.RJ,0.019184,1.0
27.36,71.46,W.RJ,0.019184,1.0
27.36,71.64,W.RJ,0.019184,1.0
27.36,71.82,W.RJ,0.019184,1.0
27.36,72.0,W.RJ,0.019184,1.0
27.36,72.18,W.RJ,0.019184,1.0
27.36,72.36,W.RJ,0.019184,1.0
27.36,72.54,W.RJ,0.019184,1.0
27.36,72.72,W.RJ,0.019184,1.0
27.36,72.9,W.RJ,0.019184,1.0
27.36,73.08,W.RJ,0.019184,1.0
27.36,73.26,W.RJ,0.019184,1.0
27.36,73.44,W.RJ,0.019184,1.0
27.36,73.62,W.RJ,0.019184,1.0
27.36,73.8,W.RJ,0.019184,1.0
27.36,73.98,W.RJ,0.019184,1.0
27.36,74.16,W.RJ,0.019184,1.0
27.36,74.34,W.RJ,0.019184,1.0
27.36,74.52,W.RJ,0.019184,1.0
27.36,74.7,W.RJ,0.019184,1.0
27.36,74.88,E.RJ,0.008023,0.418231
27.36,74.88,W.RJ,0.011161,0.581769
27.36,75.06,E.RJ,0.009987,0.5206
27.36,75.06,W.RJ,0.009197,0.4794
27.36,75.24,E.RJ,0.0189,0.98521
27.36,75.24,W.RJ,0.000284,0.01479
27.36,75.42,E.RJ,0.019184,1.0
27.36,75.6,E.RJ,0.019184,1.0
27.36,75.78,E.RJ,0.019184,1.0
27.36,75.96,E.RJ,0.019184,1.0
27.36,76.14,E.RJ,0.019184,1.0
27.36,76.32,E.RJ,0.019184,1.0
27.36,76.5,E.RJ,0.019184,1.0
27.36,76.68,E.RJ,0.019184,1.0
27.36,76.86,E.RJ,0.019184,1.0
27.36,77.04,E.RJ,0.019184,1.0
27.36,77.22,E.RJ,0.019184,1.0
27.36,77.4,W.UP,0.001667,0.086906
27.36,77.4,E.RJ,0.017517,0.913094
27.36,77.58,W.UP,0.013818,0.720299
27.36,77.58,E.RJ,0.005366,0.279701
27.36,77.76,W.UP,0.019184,1.0
27.36,77.94,W.UP,0.019184,1.0
27.36,78.12,W.UP,0.019184,1.0
27.36,78.3,W.UP,0.019184,1.0
27.36,78.48,W.UP,0.019184,1.0
27.36,78.66,W.UP,0.019184,1.0
27.36,78.84,W.UP,0.019184,1.0
27.36,79.02,W.UP,0.019184,1.0
27.36,79.2,E.UP,0.003888,0.202646
27.36,79.2,W.UP,0.015296,0.797354
27.36,79.38,E.UP,0.019184,1.0
27.36,79.56,E.UP,0.019184,1.0
27.36,79.74,E.UP,0.019184,1.0
27.36,79.92,E.UP,0.019184,1.0
27.36,80.1,E.UP,0.019184,1.0
27.36,80.28,E.UP,0.019184,1.0
27.36,80.46,E.UP,0.019184,1.0
27.36,80.64,E.UP,0.019184,1.0
27.36,80.82,E.UP,0.019184,1.0
27.36,81.0,E.UP,0.019184,1.0
27.36,81.18,E.UP,0.019184,1.0
27.36,81.36,E.UP,0.019184,1.0
27.36,81.54,E.UP,0.019184,1.0
27.36,81.72,E.UP,0.019184,1.0
27.36,81.9,E.UP,0.019184,1.0
27.36,82.08,E.UP,0.019184,1.0
27.36,82.26,E.UP,0.019184,1.0
27.36,82.44,E.UP,0.019184,1.0
27.36,82.62,E.UP,0.019184,1.0
27.36,82.8,E.UP,0.019184,1.0
27.36,82.98,E.UP,0.019184,1.0
27.36,83.16,E.UP,0.018944,0.987484
27.36,83.34,E.UP,0.010287,0.536217
27.36,83.52,E.UP,0.019184,1.0
27.36,83.7,E.UP,0.018213,0.949412
27.36,83.88,BR,0.010478,0.546176
27.36,83.88,E.UP,0.005212,0.271709
27.36,84.06,BR,0.019184,1.0
27.36,84.24,BR,0.017644,0.919723
27.36,84.42,BR,0.010722,0.558898
27.36,84.6,BR,0.005051,0.263299
27.36,88.02,SIK/NWB,0.005955,0.310415
27.36,88.2,SIK/NWB,0.019184,1.0
27.36,88.38,SIK/NWB,0.019184,1.0
27.36,88.56,SIK/NWB,0.019184,1.0
27.36,88.74,SIK/NWB,0.018884,0.984365
27.36,88.92,SIK/NWB,0.005114,0.26658
27.36,91.98,AR,0.000955,0.049792
27.36,92.16,AR,0.018858,0.983028
27.36,92.34,AR,0.019184,1.0
27.36,92.52,AR,0.019184,1.0
27.36,92.7,AR,0.019184,1.0
27.36,92.88,AR,0.019184,1.0
27.36,93.06,AR,0.019184,1.0
27.36,93.24,AR,0.019184,1.0
27.36,93.42,AR,0.019184,1.0
27.36,93.6,AR,0.019184,1.0
27.36,93.78,AR,0.019184,1.0
27.36,93.96,ASM,0.001808,0.094252
27.36,93.96,AR,0.017376,0.905748
27.36,94.14,ASM,0.017112,0.891983
27.36,94.14,AR,0.002072,0.108017
27.36,94.32,ASM,0.019184,1.0
27.36,94.5,ASM,0.019184,1.0
27.36,94.68,ASM,0.019184,1.0
27.36,94.86,ASM,0.019184,1.0
27.36,95.04,ASM,0.019184,1.0
27.36,95.22,ASM,0.019184,1.0
27.36,95.4,ASM,0.019184,1.0
27.36,95.58,ASM,0.019184,1.0
27.36,95.76,ASM,0.019184,1.0
27.36,95.94,ASM,0.014584,0.760233
27.36,95.94,AR,0.004492,0.234151
27.36,96.12,AR,0.019184,1.0
27.36,96.3,AR,0.019184,1.0
27.36,96.48,AR,0.01894,0.987271
27.36,96.66,AR,0.010466,0.545576
27.36,96.84,AR,0.015874,0.827451
27.36,97.02,AR,0.005903,0.307714
27.48,69.84,W.RJ,0.001516,0.079128
27.48,70.02,W.RJ,0.017845,0.931207
27.48,70.2,W.RJ,0.019163,1.0
27.48,70.38,W.RJ,0.019163,1.0
27.48,70.56,W.RJ,0.019163,1.0
27.48,70.74,W.RJ,0.019163,1.0
27.48,70.92,W.RJ,0.019163,1.0
27.48,71.1,W.RJ,0.019163,1.0
27.48,71.28,W.RJ,0.019163,1.0
27.48,71.46,W.RJ,0.019163,1.0
27.48,71.64,W.RJ,0.019163,1.0
27.48,71.82,W.RJ,0.019163,1.0
27.48,72.0,W.RJ,0.019163,1.0
27.48,72.18,W.RJ,0.019163,1.0
27.48,72.36,W.RJ,0.019163,1.0
27.48,72.54,W.RJ,0.019163,1.0
27.48,72.72,W.RJ,0.019163,1.0
27.48,72.9,W.RJ,0.019163,1.0
27.48,73.08,W.RJ,0.019163,1.0
27.48,73.26,W.RJ,0.019163,1.0
27.48,73.44,W.RJ,0.019163,1.0
27.48,73.62,W.RJ,0.019163,1.0
27.48,73.8,W.RJ,0.019163,1.0
27.48,73.98,W.RJ,0.019163,1.0
27.48,74.16,W.RJ,0.019163,1.0
27.48,74.34,W.RJ,0.019163,1.0
27.48,74.52,W.RJ,0.019163,1.0
27.48,74.7,E.RJ,0.00286,0.149253
27.48,74.7,W.RJ,0.016303,0.850747
27.48,74.88,E.RJ,0.016922,0.883039
27.48,74.88,W.RJ,0.002241,0.116961
27.48,75.06,E.RJ,0.019163,1.0
27.48,75.24,E.RJ,0.019163,1.0
27.48,75.42,E.RJ,0.019163,1.0
27.48,75.6,E.RJ,0.019163,1.0
27.48,75.78,E.RJ,0.019163,1.0
27.48,75.96,E.RJ,0.019163,1.0
27.48,76.14,E.RJ,0.019163,1.0
27.48,76.32,E.RJ,0.019163,1.0
27.48,76.5,E.RJ,0.019163,1.0
27.48,76.68,E.RJ,0.019163,1.0
27.48,76.86,E.RJ,0.019163,1.0
27.48,77.04,E.RJ,0.019163,1.0
27.48,77.22,E.RJ,0.019163,1.0
27.48,77.4,W.UP,0.009538,0.497741
27.48,77.4,E.RJ,0.009625,0.502259
27.48,77.58,W.UP,0.019163,1.0
27.48,77.76,W.UP,0.019163,1.0
27.48,77.94,W.UP,0.019163,1.0
27.48,78.12,W.UP,0.019163,1.0
27.48,78.3,W.UP,0.019163,1.0
27.48,78.48,W.UP,0.019163,1.0
27.48,78.66,W.UP,0.019163,1.0
27.48,78.84,W.UP,0.019163,1.0
27.48,79.02,W.UP,0.019163,1.0
27.48,79.2,E.UP,0.003734,0.194838
27.48,79.2,W.UP,0.015429,0.805162
27.48,79.38,E.UP,0.019163,1.0
27.48,79.56,E.UP,0.019163,1.0
27.48,79.74,E.UP,0.015812,0.825131
27.48,79.74,W.UP,0.003351,0.174869
27.48,79.92,E.UP,0.019163,1.0
27.48,80.1,E.UP,0.019163,1.0
27.48,80.28,E.UP,0.019163,1.0
27.48,80.46,E.UP,0.019163,1.0
27.48,80.64,E.UP,0.019163,1.0
27.48,80.82,E.UP,0.019163,1.0
27.48,81.0,E.UP,0.019163,1.0
27.48,81.18,E.UP,0.019163,1.0
27.48,81.36,E.UP,0.019163,1.0
27.48,81.54,E.UP,0.019163,1.0
27.48,81.72,E.UP,0.019163,1.0
27.48,81.9,E.UP,0.019163,1.0
27.48,82.08,E.UP,0.019163,1.0
27.48,82.26,E.UP,0.019163,1.0
27.48,82.44,E.UP,0.019163,1.0
27.48,82.62,E.UP,0.019163,1.0
27.48,82.8,E.UP,0.014095,0.735554
27.48,82.98,E.UP,0.008091,0.422212
27.48,83.16,E.UP,0.003904,0.203721
27.48,83.34,E.UP,0.001531,0.079873
27.48,83.52,E.UP,0.008339,0.435164
27.48,83.7,E.UP,0.002442,0.12746
27.48,83.88,BR,0.00257,0.134133
27.48,84.06,BR,0.008046,0.419891
27.48,84.24,BR,0.004524,0.236064
27.48,88.02,SIK/NWB,0.005398,0.281677
27.48,88.2,SIK/NWB,0.019163,1.0
27.48,88.38,SIK/NWB,0.019163,1.0
27.48,88.56,SIK/NWB,0.019163,1.0
27.48,88.74,SIK/NWB,0.015474,0.807513
27.48,91.62,AR,0.00362,0.188907
27.48,91.8,AR,0.010863,0.566873
27.48,91.98,AR,0.013169,0.687204
27.48,92.16,AR,0.019163,1.0
27.48,92.34,AR,0.019163,1.0
27.48,92.52,AR,0.019163,1.0
27.48,92.7,AR,0.019163,1.0
27.48,92.88,AR,0.019163,1.0
27.48,93.06,AR,0.019163,1.0
27.48,93.24,AR,0.019163,1.0
27.48,93.42,AR,0.019163,1.0
27.48,93.6,AR,0.019163,1.0
27.48,93.78,AR,0.019163,1.0
27.48,93.96,AR,0.019163,1.0
27.48,94.14,ASM,0.005532,0.288698
27.48,94.14,AR,0.013631,0.711302
27.48,94.32,ASM,0.018417,0.961051
27.48,94.32,AR,0.000746,0.038949
27.48,94.5,ASM,0.019163,1.0
27.48,94.68,ASM,0.019163,1.0
27.48,94.86,ASM,0.019163,1.0
27.48,95.04,ASM,0.019163,1.0
27.48,95.22,ASM,0.019163,1.0
27.48,95.4,ASM,0.019163,1.0
27.48,95.58,ASM,0.019163,1.0
27.48,95.76,ASM,0.019163,0.999997
27.48,95.76,AR,0.0,3e-06
27.48,95.94,ASM,0.003547,0.185117
27.48,95.94,AR,0.015613,0.814761
27.48,96.12,AR,0.019163,1.0
27.48,96.3,AR,0.019163,1.0
27.48,96.48,AR,0.019163,1.0
27.48,96.66,AR,0.019163,1.0
27.48,96.84,AR,0.018618,0.971544
27.48,97.02,AR,0.000252,0.013155
27.6,70.02,W.RJ,0.007431,0.388219
27.6,70.2,W.RJ,0.019142,1.0
27.6,70.38,W.RJ,0.019142,1.0
27.6,70.56,W.RJ,0.019142,1.0
27.6,70.74,W.RJ,0.019142,1.0
27.6,70.92,W.RJ,0.019142,1.0
27.6,71.1,W.RJ,0.019142,1.0
27.6,71.28,W.RJ,0.019142,1.0
27.6,71.46,W.RJ,0.019142,1.0
27.6,71.64,W.RJ,0.019142,1.0
27.6,71.82,W.RJ,0.019142,1.0
27.6,72.0,W.RJ,0.019142,1.0
27.6,72.18,W.RJ,0.019142,1.0
27.6,72.36,W.RJ,0.019142,1.0
27.6,72.54,W.RJ,0.019142,1.0
27.6,72.72,W.RJ,0.019142,1.0
27.6,72.9,W.RJ,0.019142,1.0
27.6,73.08,W.RJ,0.019142,1.0
27.6,73.26,W.RJ,0.019142,1.0
27.6,73.44,W.RJ,0.019142,1.0
27.6,73.62,W.RJ,0.019142,1.0
27.6,73.8,W.RJ,0.019142,1.0
27.6,73.98,W.RJ,0.019142,1.0
27.6,74.16,W.RJ,0.019142,1.0
27.6,74.34,W.RJ,0.019142,1.0
27.6,74.52,W.RJ,0.019142,1.0
27.6,74.7,E.RJ,0.006963,0.363743
27.6,74.7,W.RJ,0.012179,0.636257
27.6,74.88,E.RJ,0.019142,1.0
27.6,75.06,E.RJ,0.019142,1.0
27.6,75.24,E.RJ,0.019142,1.0
27.6,75.42,E.RJ,0.019142,1.0
27.6,75.6,E.RJ,0.019142,1.0
27.6,75.78,E.RJ,0.019142,1.0
27.6,75.96,E.RJ,0.019142,1.0
27.6,76.14,E.RJ,0.019142,1.0
27.6,76.32,E.RJ,0.019142,1.0
27.6,76.5,E.RJ,0.019142,1.0
27.6,76.68,E.RJ,0.019142,1.0
27.6,76.86,E.RJ,0.019092,0.997379
27.6,76.86,HR/DL,8.1e-05,0.004209
27.6,77.04,E.RJ,0.019073,0.996398
27.6,77.04,HR/DL,6.9e-05,0.003602
27.6,77.22,E.RJ,0.019142,1.0
27.6,77.4,W.UP,0.015835,0.827246
27.6,77.4,E.RJ,0.003265,0.170558
27.6,77.58,W.UP,0.019142,1.0
27.6,77.76,W.UP,0.019142,1.0
27.6,77.94,W.UP,0.019142,1.0
27.6,78.12,W.UP,0.019142,1.0
27.6,78.3,W.UP,0.019142,1.0
27.6,78.48,W.UP,0.019142,1.0
27.6,78.66,W.UP,0.019142,1.0
27.6,78.84,W.UP,0.019142,1.0
27.6,79.02,W.UP,0.019142,1.0
27.6,79.2,E.UP,0.01173,0.612786
27.6,79.2,W.UP,0.007392,0.386178
27.6,79.38,E.UP,0.016336,0.853396
27.6,79.38,W.UP,0.002848,0.148806
27.6,79.56,E.UP,0.009912,0.517789
27.6,79.56,W.UP,0.009371,0.489569
27.6,79.74,E.UP,0.01356,0.708409
27.6,79.74,W.UP,0.005582,0.291591
27.6,79.92,E.UP,0.018901,0.987415
27.6,79.92,W.UP,0.000241,0.012585
27.6,80.1,E.UP,0.019142,1.0
27.6,80.28,E.UP,0.019142,1.0
27.6,80.46,E.UP,0.019142,1.0
27.6,80.64,E.UP,0.019142,1.0
27.6,80.82,E.UP,0.019142,1.0
27.6,81.0,E.UP,0.019142,1.0
27.6,81.18,E.UP,0.019142,1.0
27.6,81.36,E.UP,0.019142,1.0
27.6,81.54,E.UP,0.019142,1.0
27.6,81.72,E.UP,0.019142,1.0
27.6,81.9,E.UP,0.019142,1.0
27.6,82.08,E.UP,0.019142,1.0
27.6,82.26,E.UP,0.019142,1.0
27.6,82.44,E.UP,0.019142,1.0
27.6,82.62,E.UP,0.019142,1.0
27.6,82.8,E.UP,0.003589,0.187498
27.6,88.02,SIK/NWB,0.001849,0.096572
27.6,88.2,SIK/NWB,0.018524,0.967696
27.6,88.38,SIK/NWB,0.019142,1.0
27.6,88.56,SIK/NWB,0.019142,1.0
27.6,88.74,SIK/NWB,0.016307,0.851871
27.6,88.92,SIK/NWB,5.1e-05,0.002679
27.6,91.62,AR,0.014079,0.735483
27.6,91.8,AR,0.019142,1.0
27.6,91.98,AR,0.019142,1.0
27.6,92.16,AR,0.019142,1.0
27.6,92.34,AR,0.019142,1.0
27.6,92.52,AR,0.019142,1.0
27.6,92.7,AR,0.019142,1.0
27.6,92.88,AR,0.019142,1.0
27.6,93.06,AR,0.019142,1.0
27.6,93.24,AR,0.019142,1.0
27.6,93.42,AR,0.019142,1.0
27.6,93.6,AR,0.019142,1.0
27.6,93.78,AR,0.019142,1.0
27.6,93.96,AR,0.019142,1.0
27.6,94.14,ASM,0.000362,0.018911
27.6,94.14,AR,0.01878,0.981089
27.6,94.32,ASM,0.008295,0.433326
27.6,94.32,AR,0.010847,0.566674
27.6,94.5,ASM,0.006665,0.348207
27.6,94.5,AR,0.012477,0.651793
27.6,94.68,ASM,0.016284,0.85071
27.6,94.68,AR,0.002858,0.14929
27.6,94.86,ASM,0.019142,1.0
27.6,95.04,ASM,0.019142,1.0
27.6,95.22,ASM,0.019142,1.0
27.6,95.4,ASM,0.019142,1.0
27.6,95.58,ASM,0.019142,1.0
27.6,95.76,ASM,0.01545,0.807112
27.6,95.76,AR,0.003692,0.192888
27.6,95.94,ASM,0.000346,0.018055
27.6,95.94,AR,0.018796,0.981945
27.6,96.12,AR,0.019142,1.0
27.6,96.3,AR,0.019142,1.0
27.6,96.48,AR,0.019142,1.0
27.6,96.66,AR,0.019142,1.0
27.6,96.84,AR,0.017596,0.919257
27.6,97.02,AR,0.000112,0.005829
27.72,70.02,W.RJ,0.001674,0.08755
27.72,70.2,W.RJ,0.018964,0.991812
27.72,70.38,W.RJ,0.019121,1.0
27.72,70.56,W.RJ,0.019121,1.0
27.72,70.74,W.RJ,0.014488,0.757677
27.72,70.92,W.RJ,0.010479,0.548025
27.72,71.1,W.RJ,0.018337,0.958987
27.72,71.28,W.RJ,0.019121,1.0
27.72,71.46,W.RJ,0.019121,1.0
27.72,71.64,W.RJ,0.019121,1.0
27.72,71.82,W.RJ,0.019121,1.0
27.72,72.0,W.RJ,0.019121,1.0
27.72,72.18,W.RJ,0.019121,1.0
27.72,72.36,W.RJ,0.019121,1.0
27.72,72.54,W.RJ,0.019121,1.0
27.72,72.72,W.RJ,0.019121,1.0
27.72,72.9,W.RJ,0.019121,1.0
27.72,73.08,W.RJ,0.019121,1.0
27.72,73.26,W.RJ,0.019121,1.0
27.72,73.44,W.RJ,0.019121,1.0
27.72,73.62,W.RJ,0.019121,1.0
27.72,73.8,W.RJ,0.019121,1.0
27.72,73.98,W.RJ,0.019121,1.0
27.72,74.16,W.RJ,0.019121,1.0
27.72,74.34,W.RJ,0.019121,1.0
27.72,74.52,W.RJ,0.019121,1.0
27.72,74.7,E.RJ,0.005841,0.305475
27.72,74.7,W.RJ,0.01328,0.694525
27.72,74.88,E.RJ,0.019121,1.0
27.72,75.06,E.RJ,0.019121,1.0
27.72,75.24,E.RJ,0.019121,1.0
27.72,75.42,E.RJ,0.019121,1.0
27.72,75.6,E.RJ,0.019121,1.0
27.72,75.78,E.RJ,0.019121,1.0
27.72,75.96,E.RJ,0.019121,1.0
27.72,76.14,E.RJ,0.019121,1.0
27.72,76.32,E.RJ,0.019121,1.0
27.72,76.5,E.RJ,0.019121,1.0
27.72,76.68,E.RJ,0.019121,1.0
27.72,76.86,E.RJ,0.013993,0.731813
27.72,76.86,HR/DL,0.005128,0.268203
27.72,77.04,E.RJ,0.011784,0.616303
27.72,77.04,HR/DL,0.007337,0.383697
27.72,77.22,W.UP,1.2e-05,0.000602
27.72,77.22,E.RJ,0.019017,0.994562
27.72,77.22,HR/DL,9.4e-05,0.004918
27.72,77.4,W.UP,0.017418,0.910947
27.72,77.4,E.RJ,0.0018,0.094146
27.72,77.58,W.UP,0.019121,1.0
27.72,77.76,W.UP,0.019121,1.0
27.72,77.94,W.UP,0.019121,1.0
27.72,78.12,W.UP,0.019121,1.0
27.72,78.3,W.UP,0.019121,1.0
27.72,78.48,W.UP,0.019121,1.0
27.72,78.66,W.UP,0.019121,1.0
27.72,78.84,W.UP,0.019121,1.0
27.72,79.02,W.UP,0.019121,1.0
27.72,79.2,E.UP,0.00599,0.313262
27.72,79.2,W.UP,0.013132,0.686779
27.72,79.38,E.UP,0.000281,0.01469
27.72,79.38,W.UP,0.01884,0.98531
27.72,79.56,W.UP,0.019121,1.0
27.72,79.74,E.UP,0.002824,0.147691
27.72,79.74,W.UP,0.016297,0.852309
27.72,79.92,E.UP,0.007005,0.366328
27.72,79.92,W.UP,0.012116,0.633672
27.72,80.1,E.UP,0.0172,0.899521
27.72,80.1,W.UP,0.001921,0.100479
27.72,80.28,E.UP,0.019121,1.0
27.72,80.46,E.UP,0.019121,1.0
27.72,80.64,E.UP,0.019121,1.0
27.72,80.82,E.UP,0.019121,1.0
27.72,81.0,E.UP,0.019121,1.0
27.72,81.18,E.UP,0.019121,1.0
27.72,81.36,E.UP,0.019121,1.0
27.72,81.54,E.UP,0.019121,1.0
27.72,81.72,E.UP,0.019121,1.0
27.72,81.9,E.UP,0.019121,1.0
27.72,82.08,E.UP,0.019121,1.0
27.72,82.26,E.UP,0.018506,0.96785
27.72,82.44,E.UP,0.006558,0.342978
27.72,82.62,E.UP,0.007834,0.409707
27.72,82.8,E.UP,0.000301,0.015729
27.72,88.2,SIK/NWB,0.013524,0.707268
27.72,88.38,SIK/NWB,0.019121,1.0
27.72,88.56,SIK/NWB,0.019121,1.0
27.72,88.74,SIK/NWB,0.019121,1.0
27.72,88.92,SIK/NWB,0.002994,0.156582
27.72,91.62,AR,0.009243,0.483408
27.72,91.8,AR,0.017666,0.923931
27.72,91.98,AR,0.013992,0.731742
27.72,92.16,AR,0.019008,0.994083
27.72,92.34,AR,0.019107,0.999256
27.72,92.52,AR,0.019121,1.0
27.72,92.7,AR,0.019121,1.0
27.72,92.88,AR,0.019121,1.0
27.72,93.06,AR,0.019121,1.0
27.72,93.24,AR,0.019121,1.0
27.72,93.42,AR,0.019121,1.0
27.72,93.6,AR,0.019121,1.0
27.72,93.78,AR,0.019121,1.0
27.72,93.96,AR,0.019121,1.0
27.72,94.14,AR,0.019121,1.0
27.72,94.32,AR,0.019121,1.0
27.72,94.5,AR,0.019121,1.0
27.72,94.68,ASM,0.00018,0.009432
27.72,94.68,AR,0.018941,0.990568
27.72,94.86,ASM,0.009442,0.49382
27.72,94.86,AR,0.009679,0.50618
27.72,95.04,ASM,0.017774,0.929557
27.72,95.04,AR,0.001347,0.070443
27.72,95.22,ASM,0.019121,1.0
27.72,95.4,ASM,0.019121,1.0
27.72,95.58,ASM,0.019121,1.0
27.72,95.76,ASM,0.011799,0.617061
27.72,95.76,AR,0.007322,0.382939
27.72,95.94,AR,0.019121,1.0
27.72,96.12,AR,0.019121,1.0
27.72,96.3,AR,0.019121,1.0
27.72,96.48,AR,0.019121,1.0
27.72,96.66,AR,0.019121,1.0
27.72,96.84,AR,0.019121,1.0
27.72,97.02,AR,0.011148,0.58302
27.84,70.2,W.RJ,0.012851,0.672812
27.84,70.38,W.RJ,0.0191,1.0
27.84,70.56,W.RJ,0.0191,1.0
27.84,70.74,W.RJ,0.004413,0.231053
27.84,71.1,W.RJ,0.001955,0.102336
27.84,71.28,W.RJ,0.010783,0.564576
27.84,71.46,W.RJ,0.014832,0.776522
27.84,71.64,W.RJ,0.015982,0.836743
27.84,71.82,W.RJ,0.0191,1.0
27.84,72.0,W.RJ,0.0191,1.0
27.84,72.18,W.RJ,0.0191,1.0
27.84,72.36,W.RJ,0.0191,1.0
27.84,72.54,W.RJ,0.0191,1.0
27.84,72.72,W.RJ,0.0191,1.0
27.84,72.9,W.RJ,0.0191,1.0
27.84,73.08,W.RJ,0.0191,1.0
27.84,73.26,W.RJ,0.0191,1.0
27.84,73.44,W.RJ,0.0191,1.0
27.84,73.62,W.RJ,0.0191,1.0
27.84,73.8,W.RJ,0.0191,1.0
27.84,73.98,W.RJ,0.0191,1.0
27.84,74.16,W.RJ,0.0191,1.0
27.84,74.34,W.RJ,0.0191,1.0
27.84,74.52,W.RJ,0.0191,1.0
27.84,74.7,E.RJ,0.00226,0.118338
27.84,74.7,W.RJ,0.01684,0.881662
27.84,74.88,E.RJ,0.018392,0.962926
27.84,74.88,W.RJ,0.000708,0.037074
27.84,75.06,E.RJ,0.0191,1.0
27.84,75.24,E.RJ,0.0191,1.0
27.84,75.42,E.RJ,0.0191,1.0
27.84,75.6,E.RJ,0.0191,1.0
27.84,75.78,E.RJ,0.0191,1.0
27.84,75.96,E.RJ,0.015999,0.837624
27.84,75.96,HR/DL,0.003101,0.162376
27.84,76.14,E.RJ,0.00966,0.505744
27.84,76.14,HR/DL,0.00944,0.494256
27.84,76.32,E.RJ,0.019099,0.99996
27.84,76.32,HR/DL,1e-06,4e-05
27.84,76.5,E.RJ,0.0191,1.0
27.84,76.68,E.RJ,0.0191,1.0
27.84,76.86,E.RJ,0.016686,0.873609
27.84,76.86,HR/DL,0.002414,0.126391
27.84,77.04,E.RJ,0.001296,0.067868
27.84,77.04,HR/DL,0.017804,0.932132
27.84,77.22,W.UP,0.000424,0.022174
27.84,77.22,E.RJ,0.002724,0.142637
27.84,77.22,HR/DL,0.015896,0.832274
27.84,77.4,W.UP,0.013285,0.695563
27.84,77.4,HR/DL,0.006025,0.315463
27.84,77.58,W.UP,0.0191,1.0
27.84,77.76,W.UP,0.0191,1.0
27.84,77.94,W.UP,0.0191,1.0
27.84,78.12,W.UP,0.0191,1.0
27.84,78.3,W.UP,0.0191,1.0
27.84,78.48,W.UP,0.0191,1.0
27.84,78.66,W.UP,0.0191,1.0
27.84,78.84,W.UP,0.0191,1.0
27.84,79.02,W.UP,0.0191,1.0
27.84,79.2,W.UP,0.0191,1.0
27.84,79.38,W.UP,0.0191,1.0
27.84,79.56,W.UP,0.0191,1.0
27.84,79.74,W.UP,0.0191,1.0
27.84,79.92,W.UP,0.0191,1.0
27.84,80.1,E.UP,0.015333,0.802767
27.84,80.1,W.UP,0.003767,0.197233
27.84,80.28,E.UP,0.0191,1.0
27.84,80.46,E.UP,0.0191,1.0
27.84,80.64,E.UP,0.0191,1.0
27.84,80.82,E.UP,0.0191,1.0
27.84,81.0,E.UP,0.0191,1.0
27.84,81.18,E.UP,0.0191,1.0
27.84,81.36,E.UP,0.0191,1.0
27.84,81.54,E.UP,0.0191,1.0
27.84,81.72,E.UP,0.0191,1.0
27.84,81.9,E.UP,0.016036,0.839588
27.84,82.08,E.UP,0.017088,0.894646
27.84,82.26,E.UP,0.005141,0.269165
27.84,88.2,SIK/NWB,0.012497,0.654293
27.84,88.38,SIK/NWB,0.0191,1.0
27.84,88.56,SIK/NWB,0.0191,1.0
27.84,88.74,SIK/NWB,0.0191,1.0
27.84,88.92,SIK/NWB,0.005188,0.271628
27.84,91.62,AR,0.007151,0.374399
27.84,91.8,AR,0.002981,0.156099
27.84,92.16,AR,0.007436,0.389297
27.84,92.34,AR,0.004403,0.230501
27.84,92.52,AR,0.00779,0.407858
27.84,92.7,AR,0.018419,0.964334
27.84,92.88,AR,0.0191,1.0
27.84,93.06,AR,0.0191,1.0
27.84,93.24,AR,0.0191,1.0
27.84,93.42,AR,0.0191,1.0
27.84,93.6,AR,0.0191,1.0
27.84,93.78,AR,0.0191,1.0
27.84,93.96,AR,0.0191,1.0
27.84,94.14,AR,0.0191,1.0
27.84,94.32,AR,0.0191,1.0
27.84,94.5,AR,0.0191,1.0
27.84,94.68,AR,0.0191,1.0
27.84,94.86,AR,0.0191,1.0
27.84,95.04,ASM,0.000705,0.0369
27.84,95.04,AR,0.018395,0.9631
27.84,95.22,ASM,0.008508,0.445443
27.84,95.22,AR,0.010592,0.554557
27.84,95.4,ASM,0.011639,0.609379
27.84,95.4,AR,0.007461,0.390621
27.84,95.58,ASM,0.018217,0.953767
27.84,95.58,AR,0.000883,0.046233
27.84,95.76,ASM,0.018138,0.949616
27.84,95.76,AR,0.000962,0.050384
27.84,95.94,ASM,0.003311,0.173356
27.84,95.94,AR,0.015789,0.826644
27.84,96.12,AR,0.0191,1.0
27.84,96.3,AR,0.0191,1.0
27.84,96.48,AR,0.0191,1.0
27.84,96.66,AR,0.0191,1.0
27.84,96.84,AR,0.0191,1.0
27.84,97.02,AR,0.019056,0.99768
27.84,97.2,AR,0.008059,0.421942
27.84,97.38,AR,0.001029,0.053873
27.96,70.2,W.RJ,0.001017,0.053282
27.96,70.38,W.RJ,0.015322,0.803074
27.96,70.56,W.RJ,0.016902,0.885903
27.96,70.74,W.RJ,0.000926,0.048516
27.96,71.64,W.RJ,3e-06,0.000156
27.96,71.82,W.RJ,0.005723,0.299993
27.96,72.0,W.RJ,0.019077,0.999923
27.96,72.18,W.RJ,0.019079,1.0
27.96,72.36,W.RJ,0.019079,1.0
27.96,72.54,W.RJ,0.019079,1.0
27.96,72.72,W.RJ,0.019079,1.0
27.96,72.9,W.RJ,0.019079,1.0
27.96,73.08,W.RJ,0.019079,1.0
27.96,73.26,W.RJ,0.019079,1.0
27.96,73.44,W.RJ,0.019079,1.0
27.96,73.62,W.RJ,0.019079,1.0
27.96,73.8,W.RJ,0.019079,1.0
27.96,73.98,W.RJ,0.019079,1.0
27.96,74.16,W.RJ,0.019079,1.0
27.96,74.34,W.RJ,0.019079,1.0
27.96,74.52,W.RJ,0.019079,1.0
27.96,74.7,E.RJ,0.000922,0.048324
27.96,74.7,W.RJ,0.018157,0.951676
27.96,74.88,E.RJ,0.017876,0.936965
27.96,74.88,W.RJ,0.001203,0.063035
27.96,75.06,E.RJ,0.019079,1.0
27.96,75.24,E.RJ,0.019079,1.0
27.96,75.42,E.RJ,0.019079,1.0
27.96,75.6,E.RJ,0.019079,1.0
27.96,75.78,E.RJ,0.019079,1.0
27.96,75.96,E.RJ,0.010584,0.554769
27.96,75.96,HR/DL,0.008457,0.443273
27.96,76.14,E.RJ,0.005452,0.285754
27.96,76.14,HR/DL,0.013627,0.714246
27.96,76.32,E.RJ,0.019079,1.0
27.96,76.32,HR/DL,3.3e-05,0.001711
27.96,76.5,E.RJ,0.017536,0.919125
27.96,76.5,HR/DL,0.001543,0.080875
27.96,76.68,E.RJ,0.018187,0.953266
27.96,76.68,HR/DL,0.000892,0.046734
27.96,76.86,E.RJ,0.017081,0.895307
27.96,76.86,HR/DL,0.001997,0.104693
27.96,77.04,HR/DL,0.019079,1.0
27.96,77.22,HR/DL,0.019079,1.0
27.96,77.4,W.UP,0.000281,0.014726
27.96,77.4,HR/DL,0.018892,0.990216
27.96,77.58,W.UP,0.015862,0.83138
27.96,77.58,HR/DL,0.003459,0.181304
27.96,77.76,W.UP,0.019079,1.0
27.96,77.94,W.UP,0.019079,1.0
27.96,78.12,W.UP,0.019079,1.0
27.96,78.3,W.UP,0.019079,1.0
27.96,78.48,W.UP,0.019079,1.0
27.96,78.66,W.UP,0.019079,1.0
27.96,78.84,W.UP,0.019079,1.0
27.96,79.02,W.UP,0.019079,1.0
27.96,79.2,W.UP,0.019079,1.0
27.96,79.38,W.UP,0.019079,1.0
27.96,79.56,W.UP,0.019079,1.0
27.96,79.74,W.UP,0.019079,1.0
27.96,79.92,W.UP,0.019079,1.0
27.96,80.1,E.UP,0.009502,0.498055
27.96,80.1,W.UP,0.009576,0.501945
27.96,80.28,E.UP,0.019079,1.0
27.96,80.46,E.UP,0.019079,1.0
27.96,80.64,E.UP,0.019079,1.0
27.96,80.82,E.UP,0.019079,1.0
27.96,81.0,E.UP,0.019079,1.0
27.96,81.18,E.UP,0.019079,1.0
27.96,81.36,E.UP,0.019079,1.0
27.96,81.54,E.UP,0.018867,0.988907
27.96,81.72,E.UP,0.010244,0.536936
27.96,81.9,E.UP,0.000797,0.041799
27.96,82.08,E.UP,0.002166,0.113537
27.96,88.2,SIK/NWB,0.008062,0.422543
27.96,88.38,SIK/NWB,0.014037,0.735753
27.96,88.56,SIK/NWB,0.019079,1.0
27.96,88.74,SIK/NWB,0.019079,1.0
27.96,88.92,SIK/NWB,0.00198,0.103775
27.96,92.7,AR,0.007905,0.414354
27.96,92.88,AR,0.019079,1.0
27.96,93.06,AR,0.019079,1.0
27.96,93.24,AR,0.019079,1.0
27.96,93.42,AR,0.019079,1.0
27.96,93.6,AR,0.019079,1.0
27.96,93.78,AR,0.019079,1.0
27.96,93.96,AR,0.019079,1.0
27.96,94.14,AR,0.019079,1.0
27.96,94.32,AR,0.019079,1.0
27.96,94.5,AR,0.019079,1.0
27.96,94.68,AR,0.019079,1.0
27.96,94.86,AR,0.019079,1.0
27.96,95.04,AR,0.019079,1.0
27.96,95.22,AR,0.019079,1.0
27.96,95.4,AR,0.019079,1.0
27.96,95.58,ASM,0.004999,0.262031
27.96,95.58,AR,0.01408,0.737969
27.96,95.76,ASM,0.010478,0.549223
27.96,95.76,AR,0.0086,0.450777
27.96,95.94,ASM,0.006502,0.340786
27.96,95.94,AR,0.012577,0.659214
27.96,96.12,AR,0.019079,1.0
27.96,96.3,AR,0.019079,1.0
27.96,96.48,AR,0.019079,1.0
27.96,96.66,AR,0.019079,1.0
27.96,96.84,AR,0.019079,1.0
27.96,97.02,AR,0.019079,1.0
27.96,97.2,AR,0.018871,0.989114
27.96,97.38,AR,0.010073,0.527965
28.08,70.38,W.RJ,0.000277,0.014537
28.08,70.56,W.RJ,0.000759,0.039821
28.08,72.0,W.RJ,0.017591,0.92303
28.08,72.18,W.RJ,0.019057,1.0
28.08,72.36,W.RJ,0.019057,1.0
28.08,72.54,W.RJ,0.019057,1.0
28.08,72.72,W.RJ,0.019057,1.0
28.08,72.9,W.RJ,0.019057,1.0
28.08,73.08,W.RJ,0.019057,1.0
28.08,73.26,W.RJ,0.019057,1.0
28.08,73.44,W.RJ,0.019057,1.0
28.08,73.62,W.RJ,0.019057,1.0
28.08,73.8,W.RJ,0.019057,1.0
28.08,73.98,W.RJ,0.019057,1.0
28.08,74.16,W.RJ,0.019057,1.0
28.08,74.34,W.RJ,0.019057,1.0
28.08,74.52,W.RJ,0.019057,1.0
28.08,74.7,E.RJ,2.2e-05,0.001128
28.08,74.7,W.RJ,0.019036,0.998872
28.08,74.88,E.RJ,0.017354,0.910625
28.08,74.88,W.RJ,0.001703,0.089375
28.08,75.06,E.RJ,0.019057,1.0
28.08,75.24,E.RJ,0.019057,1.0
28.08,75.42,E.RJ,0.019057,1.0
28.08,75.6,E.RJ,0.019057,1.0
28.08,75.78,E.RJ,0.019057,1.0
28.08,75.96,E.RJ,0.012742,0.668597
28.08,75.96,HR/DL,0.006395,0.33554
28.08,76.14,E.RJ,0.000707,0.037114
28.08,76.14,HR/DL,0.018182,0.954076
28.08,76.32,E.RJ,0.009089,0.476938
28.08,76.32,HR/DL,0.009883,0.518583
28.08,76.5,E.RJ,0.008565,0.449415
28.08,76.5,HR/DL,0.010493,0.550585
28.08,76.68,E.RJ,0.008789,0.461187
28.08,76.68,HR/DL,0.010268,0.538813
28.08,76.86,E.RJ,0.018735,0.983089
28.08,76.86,HR/DL,0.000322,0.016911
28.08,77.04,E.RJ,0.000667,0.034984
28.08,77.04,HR/DL,0.018391,0.965016
28.08,77.22,HR/DL,0.019057,1.0
28.08,77.4,W.UP,0.00038,0.019962
28.08,77.4,HR/DL,0.018677,0.980038
28.08,77.58,W.UP,0.018398,0.965374
28.08,77.58,HR/DL,0.00066,0.034626
28.08,77.76,W.UP,0.019057,1.0
28.08,77.94,W.UP,0.019057,1.0
28.08,78.12,W.UP,0.019057,1.0
28.08,78.3,W.UP,0.019057,1.0
28.08,78.48,W.UP,0.019057,1.0
28.08,78.66,W.UP,0.019057,1.0
28.08,78.84,W.UP,0.019057,1.0
28.08,79.02,W.UP,0.019057,1.0
28.08,79.2,W.UP,0.019057,1.0
28.08,79.38,W.UP,0.019057,1.0
28.08,79.56,W.UP,0.019057,1.0
28.08,79.74,W.UP,0.019057,1.0
28.08,79.92,W.UP,0.019057,1.0
28.08,80.1,E.UP,0.0,2e-05
28.08,80.1,W.UP,0.019057,0.99998
28.08,80.28,E.UP,0.013332,0.699576
28.08,80.28,W.UP,0.005725,0.300424
28.08,80.46,E.UP,0.019057,1.0
28.08,80.64,E.UP,0.019057,1.0
28.08,80.82,E.UP,0.019057,1.0
28.08,81.0,E.UP,0.019057,1.0
28.08,81.18,E.UP,0.019057,1.0
28.08,81.36,E.UP,0.019005,0.997226
28.08,81.54,E.UP,0.006351,0.333239
28.08,88.38,SIK/NWB,3.5e-05,0.001833
28.08,88.56,SIK/NWB,0.008381,0.43977
28.08,88.74,SIK/NWB,0.007187,0.377127
28.08,88.92,SIK/NWB,0.0,5e-06
28.08,92.7,AR,0.01055,0.553586
28.08,92.88,AR,0.019057,1.0
28.08,93.06,AR,0.019057,1.0
28.08,93.24,AR,0.019057,1.0
28.08,93.42,AR,0.019057,1.0
28.08,93.6,AR,0.019057,1.0
28.08,93.78,AR,0.019057,1.0
28.08,93.96,AR,0.019057,1.0
28.08,94.14,AR,0.019057,1.0
28.08,94.32,AR,0.019057,1.0
28.08,94.5,AR,0.019057,1.0
28.08,94.68,AR,0.019057,1.0
28.08,94.86,AR,0.019057,1.0
28.08,95.04,AR,0.019057,1.0
28.08,95.22,AR,0.019057,1.0
28.08,95.4,AR,0.019057,1.0
28.08,95.58,AR,0.019057,1.0
28.08,95.76,AR,0.019057,1.0
28.08,95.94,AR,0.019057,1.0
28.08,96.12,AR,0.019057,1.0
28.08,96.3,AR,0.019057,1.0
28.08,96.48,AR,0.019057,1.0
28.08,96.66,AR,0.019057,1.0
28.08,96.84,AR,0.019057,1.0
28.08,97.02,AR,0.019057,1.0
28.08,97.2,AR,0.019057,1.0
28.08,97.38,AR,0.006032,0.316521
28.2,72.0,W.RJ,0.010249,0.538377
28.2,72.18,W.RJ,0.019036,1.0
28.2,72.36,W.RJ,0.019036,1.0
28.2,72.54,W.RJ,0.019036,1.0
28.2,72.72,W.RJ,0.019036,1.0
28.2,72.9,W.RJ,0.019036,1.0
28.2,73.08,W.RJ,0.019036,1.0
28.2,73.26,W.RJ,0.019036,1.0
28.2,73.44,W.RJ,0.019036,1.0
28.2,73.62,W.RJ,0.019036,1.0
28.2,73.8,W.RJ,0.019036,1.0
28.2,73.98,W.RJ,0.019036,1.0
28.2,74.16,W.RJ,0.019036,1.0
28.2,74.34,W.RJ,0.019036,1.0
28.2,74.52,W.RJ,0.019036,1.0
28.2,74.7,W.RJ,0.019036,1.0
28.2,74.88,E.RJ,0.00439,0.230625
28.2,74.88,W.RJ,0.014646,0.769375
28.2,75.06,E.RJ,0.015038,0.78995
28.2,75.06,W.RJ,0.003999,0.21005
28.2,75.24,E.RJ,0.019036,1.0
28.2,75.42,E.RJ,0.019036,1.0
28.2,75.6,E.RJ,0.019036,1.0
28.2,75.78,E.RJ,0.019036,1.0
28.2,75.96,E.RJ,0.017545,0.921651
28.2,75.96,HR/DL,0.001588,0.083442
28.2,76.14,E.RJ,0.001479,0.077714
28.2,76.14,HR/DL,0.017557,0.922286
28.2,76.32,E.RJ,0.001734,0.091065
28.2,76.32,HR/DL,0.017276,0.907527
28.2,76.5,E.RJ,0.000269,0.01414
28.2,76.5,HR/DL,0.018767,0.98586
28.2,76.68,HR/DL,0.019036,1.0
28.2,76.86,E.RJ,0.007445,0.391081
28.2,76.86,HR/DL,0.011615,0.610176
28.2,77.04,E.RJ,9.5e-05,0.004967
28.2,77.04,HR/DL,0.018942,0.995033
28.2,77.22,HR/DL,0.019036,1.0
28.2,77.4,HR/DL,0.019036,1.0
28.2,77.58,W.UP,0.015375,0.807661
28.2,77.58,HR/DL,0.00358,0.188068
28.2,77.76,W.UP,0.019036,1.0
28.2,77.94,W.UP,0.019036,1.0
28.2,78.12,W.UP,0.019036,1.0
28.2,78.3,W.UP,0.019036,1.0
28.2,78.48,W.UP,0.019036,1.0
28.2,78.66,W.UP,0.019036,1.0
28.2,78.84,W.UP,0.019036,1.0
28.2,79.02,W.UP,0.019036,1.0
28.2,79.2,W.UP,0.019036,1.0
28.2,79.38,W.UP,0.019036,1.0
28.2,79.56,W.UP,0.019036,1.0
28.2,79.74,W.UP,0.019036,1.0
28.2,79.92,W.UP,0.019036,1.0
28.2,80.1,W.UP,0.019036,1.0
28.2,80.28,E.UP,0.00745,0.391367
28.2,80.28,W.UP,0.011586,0.608633
28.2,80.46,E.UP,0.019036,1.0
28.2,80.64,E.UP,0.019036,1.0
28.2,80.82,E.UP,0.019036,1.0
28.2,81.0,E.UP,0.019036,1.0
28.2,81.18,E.UP,0.019005,0.998384
28.2,81.36,E.UP,0.005816,0.3055
28.2,81.54,E.UP,3.8e-05,0.001983
28.2,92.7,AR,0.001723,0.090519
28.2,92.88,AR,0.011274,0.592229
28.2,93.06,AR,0.018166,0.954284
28.2,93.24,AR,0.019036,1.0
28.2,93.42,AR,0.019036,1.0
28.2,93.6,AR,0.019036,1.0
28.2,93.78,AR,0.019036,1.0
28.2,93.96,AR,0.019036,1.0
28.2,94.14,AR,0.019036,1.0
28.2,94.32,AR,0.019036,1.0
28.2,94.5,AR,0.019036,1.0
28.2,94.68,AR,0.019036,1.0
28.2,94.86,AR,0.019036,1.0
28.2,95.04,AR,0.019036,1.0
28.2,95.22,AR,0.019036,1.0
28.2,95.4,AR,0.019036,1.0
28.2,95.58,AR,0.019036,1.0
28.2,95.76,AR,0.019036,1.0
28.2,95.94,AR,0.019036,1.0
28.2,96.12,AR,0.019036,1.0
28.2,96.3,AR,0.019036,1.0
28.2,96.48,AR,0.019036,1.0
28.2,96.66,AR,0.019036,1.0
28.2,96.84,AR,0.019036,1.0
28.2,97.02,AR,0.019036,1.0
28.2,97.2,AR,0.019036,1.0
28.2,97.38,AR,0.006076,0.319201
28.32,72.0,W.RJ,0.000254,0.013345
28.32,72.18,W.RJ,0.014014,0.736982
28.32,72.36,W.RJ,0.019015,1.0
28.32,72.54,W.RJ,0.019015,1.0
28.32,72.72,W.RJ,0.019015,1.0
28.32,72.9,W.RJ,0.019015,1.0
28.32,73.08,W.RJ,0.019015,1.0
28.32,73.26,W.RJ,0.019015,1.0
28.32,73.44,W.RJ,0.019015,1.0
28.32,73.62,W.RJ,0.019015,1.0
28.32,73.8,W.RJ,0.019015,1.0
28.32,73.98,W.RJ,0.019015,1.0
28.32,74.16,W.RJ,0.019015,1.0
28.32,74.34,W.RJ,0.019015,1.0
28.32,74.52,W.RJ,0.019015,1.0
28.32,74.7,W.RJ,0.019015,1.0
28.32,74.88,W.RJ,0.019015,1.0
28.32,75.06,E.RJ,0.001186,0.062348
28.32,75.06,W.RJ,0.017829,0.937652
28.32,75.24,E.RJ,0.018527,0.974347
28.32,75.24,W.RJ,0.000488,0.025653
28.32,75.42,E.RJ,0.013899,0.730955
28.32,75.42,W.RJ,0.005116,0.269045
28.32,75.6,E.RJ,0.018627,0.979596
28.32,75.6,W.RJ,0.000388,0.020404
28.32,75.78,E.RJ,0.019015,1.0
28.32,75.96,E.RJ,0.010917,0.574153
28.32,75.96,HR/DL,0.008097,0.425847
28.32,76.14,HR/DL,0.019015,1.0
28.32,76.32,HR/DL,0.019015,1.0
28.32,76.5,HR/DL,0.019015,1.0
28.32,76.68,HR/DL,0.019015,1.0
28.32,76.86,HR/DL,0.019015,1.0
28.32,77.04,HR/DL,0.019015,1.0
28.32,77.22,HR/DL,0.019015,1.0
28.32,77.4,W.UP,0.000352,0.018529
28.32,77.4,HR/DL,0.01876,0.986626
28.32,77.58,W.UP,0.018575,0.976884
28.32,77.58,HR/DL,0.000649,0.034138
28.32,77.76,W.UP,0.019015,1.0
28.32,77.94,W.UP,0.019015,1.0
28.32,78.12,W.UP,0.019015,1.0
28.32,78.3,W.UP,0.019015,1.0
28.32,78.48,W.UP,0.019015,1.0
28.32,78.66,W.UP,0.019015,1.0
28.32,78.84,W.UP,0.019015,1.0
28.32,79.02,W.UP,0.019015,1.0
28.32,79.2,W.UP,0.019015,1.0
28.32,79.38,W.UP,0.019015,1.0
28.32,79.56,W.UP,0.019015,1.0
28.32,79.74,W.UP,0.019015,1.0
28.32,79.92,W.UP,0.019015,1.0
28.32,80.1,W.UP,0.019015,1.0
28.32,80.28,E.UP,0.002389,0.125633
28.32,80.28,W.UP,0.016626,0.874367
28.32,80.46,E.UP,0.019012,0.999868
28.32,80.46,W.UP,3e-06,0.000132
28.32,80.64,E.UP,0.019015,1.0
28.32,80.82,E.UP,0.019015,1.0
28.32,81.0,E.UP,0.019015,1.0
28.32,81.18,E.UP,0.013906,0.731346
28.32,92.88,AR,1e-06,5.2e-05
28.32,93.06,AR,0.005148,0.270719
28.32,93.24,AR,0.015044,0.791168
28.32,93.42,AR,0.019015,1.0
28.32,93.6,AR,0.019015,1.0
28.32,93.78,AR,0.019015,1.0
28.32,93.96,AR,0.019015,1.0
28.32,94.14,AR,0.019015,1.0
28.32,94.32,AR,0.019015,1.0
28.32,94.5,AR,0.019015,1.0
28.32,94.68,AR,0.019015,1.0
28.32,94.86,AR,0.019015,1.0
28.32,95.04,AR,0.019015,1.0
28.32,95.22,AR,0.019015,1.0
28.32,95.4,AR,0.019015,1.0
28.32,95.58,AR,0.019015,1.0
28.32,95.76,AR,0.019015,1.0
28.32,95.94,AR,0.019015,1.0
28.32,96.12,AR,0.019015,1.0
28.32,96.3,AR,0.018902,0.994077
28.32,96.48,AR,0.017801,0.936161
28.32,96.66,AR,0.019015,1.0
28.32,96.84,AR,0.01693,0.890358
28.32,97.02,AR,0.011556,0.607719
28.32,97.2,AR,0.005974,0.314157
28.32,97.38,AR,9e-06,0.000486
28.44,72.18,W.RJ,0.005072,0.267028
28.44,72.36,W.RJ,0.018993,1.0
28.44,72.54,W.RJ,0.018993,1.0
28.44,72.72,W.RJ,0.018993,1.0
28.44,72.9,W.RJ,0.018993,1.0
28.44,73.08,W.RJ,0.018993,1.0
28.44,73.26,W.RJ,0.018993,1.0
28.44,73.44,W.RJ,0.018993,1.0
28.44,73.62,W.RJ,0.018993,1.0
28.44,73.8,W.RJ,0.018993,1.0
28.44,73.98,W.RJ,0.018993,1.0
28.44,74.16,W.RJ,0.018993,1.0
28.44,74.34,W.RJ,0.018993,1.0
28.44,74.52,W.RJ,0.018993,1.0
28.44,74.7,W.RJ,0.018993,1.0
28.44,74.88,W.RJ,0.018993,1.0
28.44,75.06,E.RJ,0.000264,0.013903
28.44,75.06,W.RJ,0.018729,0.986097
28.44,75.24,E.RJ,0.005886,0.309913
28.44,75.24,W.RJ,0.013107,0.690087
28.44,75.42,E.RJ,2.3e-05,0.001229
28.44,75.42,W.RJ,0.01897,0.998771
28.44,75.6,E.RJ,0.009635,0.50731
28.44,75.6,W.RJ,0.009358,0.49269
28.44,75.78,E.RJ,0.010158,0.534847
28.44,75.78,HR/DL,0.008757,0.461042
28.44,75.96,E.RJ,0.000366,0.019278
28.44,75.96,HR/DL,0.018627,0.980722
28.44,76.14,HR/DL,0.018993,1.0
28.44,76.32,HR/DL,0.018993,1.0
28.44,76.5,HR/DL,0.018993,1.0
28.44,76.68,HR/DL,0.018993,1.0
28.44,76.86,HR/DL,0.018993,1.0
28.44,77.04,HR/DL,0.018993,1.0
28.44,77.22,HR/DL,0.018993,1.0
28.44,77.4,W.UP,0.006331,0.333341
28.44,77.4,HR/DL,0.012662,0.666659
28.44,77.58,W.UP,0.018993,1.0
28.44,77.76,W.UP,0.018993,1.0
28.44,77.94,W.UP,0.018993,1.0
28.44,78.12,W.UP,0.018993,1.0
28.44,78.3,W.UP,0.018993,1.0
28.44,78.48,W.UP,0.018993,1.0
28.44,78.66,W.UP,0.018993,1.0
28.44,78.84,W.UP,0.018993,1.0
28.44,79.02,W.UP,0.018993,1.0
28.44,79.2,W.UP,0.018993,1.0
28.44,79.38,W.UP,0.018993,1.0
28.44,79.56,W.UP,0.018993,1.0
28.44,79.74,W.UP,0.018993,1.0
28.44,79.92,W.UP,0.018993,1.0
28.44,80.1,W.UP,0.018993,1.0
28.44,80.28,E.UP,0.00327,0.172179
28.44,80.28,W.UP,0.015723,0.827821
28.44,80.46,E.UP,0.017828,0.938673
28.44,80.46,W.UP,0.001184,0.062323
28.44,80.64,E.UP,0.018993,1.0
28.44,80.82,E.UP,0.018738,0.98658
28.44,81.0,E.UP,0.008318,0.437964
28.44,81.18,E.UP,2.3e-05,0.001196
28.44,93.24,AR,0.010997,0.579005
28.44,93.42,AR,0.018993,1.0
28.44,93.6,AR,0.018993,1.0
28.44,93.78,AR,0.018993,1.0
28.44,93.96,AR,0.018993,1.0
28.44,94.14,AR,0.018993,1.0
28.44,94.32,AR,0.018993,1.0
28.44,94.5,AR,0.018993,1.0
28.44,94.68,AR,0.018993,1.0
28.44,94.86,AR,0.018993,1.0
28.44,95.04,AR,0.018993,1.0
28.44,95.22,AR,0.018993,1.0
28.44,95.4,AR,0.018993,1.0
28.44,95.58,AR,0.018993,1.0
28.44,95.76,AR,0.018993,1.0
28.44,95.94,AR,0.018993,1.0
28.44,96.12,AR,0.018993,1.0
28.44,96.3,AR,0.012266,0.645784
28.44,96.48,AR,0.004578,0.241029
28.44,96.66,AR,0.010901,0.573956
28.44,96.84,AR,0.000356,0.018732
28.56,72.18,W.RJ,0.000953,0.050239
28.56,72.36,W.RJ,0.018727,0.987079
28.56,72.54,W.RJ,0.018972,1.0
28.56,72.72,W.RJ,0.018972,1.0
28.56,72.9,W.RJ,0.018972,1.0
28.56,73.08,W.RJ,0.018972,1.0
28.56,73.26,W.RJ,0.018972,1.0
28.56,73.44,W.RJ,0.018972,1.0
28.56,73.62,W.RJ,0.018972,1.0
28.56,73.8,W.RJ,0.018972,1.0
28.56,73.98,W.RJ,0.018972,1.0
28.56,74.16,W.RJ,0.018972,1.0
28.56,74.34,W.RJ,0.018972,1.0
28.56,74.52,W.RJ,0.018972,1.0
28.56,74.7,W.RJ,0.018972,1.0
28.56,74.88,W.RJ,0.018972,1.0
28.56,75.06,W.RJ,0.018972,1.0
28.56,75.24,W.RJ,0.018972,1.0
28.56,75.42,W.RJ,0.018972,1.0
28.56,75.6,E.RJ,0.000683,0.036006
28.56,75.6,W.RJ,0.012901,0.68002
28.56,75.6,HR/DL,0.00562,0.296223
28.56,75.78,E.RJ,3.6e-05,0.001885
28.56,75.78,HR/DL,0.018881,0.995197
28.56,75.96,HR/DL,0.018972,1.0
28.56,76.14,HR/DL,0.018972,1.0
28.56,76.32,HR/DL,0.018972,1.0
28.56,76.5,HR/DL,0.018972,1.0
28.56,76.68,HR/DL,0.018972,1.0
28.56,76.86,HR/DL,0.018972,1.0
28.56,77.04,HR/DL,0.018972,1.0
28.56,77.22,W.UP,4.2e-05,0.002217
28.56,77.22,HR/DL,0.01893,0.997783
28.56,77.4,W.UP,0.017204,0.906853
28.56,77.4,HR/DL,0.001767,0.093147
28.56,77.58,W.UP,0.018972,1.0
28.56,77.76,W.UP,0.018972,1.0
28.56,77.94,W.UP,0.018972,1.0
28.56,78.12,W.UP,0.018972,1.0
28.56,78.3,W.UP,0.018972,1.0
28.56,78.48,W.UP,0.018972,1.0
28.56,78.66,W.UP,0.018972,1.0
28.56,78.84,W.UP,0.018972,1.0
28.56,79.02,W.UP,0.018972,1.0
28.56,79.2,W.UP,0.018972,1.0
28.56,79.38,W.UP,0.018972,1.0
28.56,79.56,W.UP,0.018972,1.0
28.56,79.74,W.UP,0.018972,1.0
28.56,79.92,W.UP,0.018972,1.0
28.56,80.1,W.UP,0.018972,1.0
28.56,80.28,E.UP,0.000813,0.042844
28.56,80.28,W.UP,0.018161,0.957262
28.56,80.46,E.UP,0.013991,0.737483
28.56,80.46,W.UP,0.0028,0.147587
28.56,80.64,E.UP,0.017392,0.916758
28.56,80.82,E.UP,0.00373,0.196616
28.56,93.24,AR,0.002754,0.14515
28.56,93.42,AR,0.018917,0.997116
28.56,93.6,AR,0.018972,1.0
28.56,93.78,AR,0.018972,1.0
28.56,93.96,AR,0.018972,1.0
28.56,94.14,AR,0.018972,1.0
28.56,94.32,AR,0.018972,1.0
28.56,94.5,AR,0.018972,1.0
28.56,94.68,AR,0.018972,1.0
28.56,94.86,AR,0.018972,1.0
28.56,95.04,AR,0.018972,1.0
28.56,95.22,AR,0.018972,1.0
28.56,95.4,AR,0.018972,1.0
28.56,95.58,AR,0.018972,1.0
28.56,95.76,AR,0.018972,1.0
28.56,95.94,AR,0.018972,1.0
28.56,96.12,AR,0.018972,1.0
28.56,96.3,AR,0.016625,0.876319
28.56,96.48,AR,0.002439,0.128555
28.68,72.36,W.RJ,0.014229,0.750897
28.68,72.54,W.RJ,0.01895,1.0
28.68,72.72,W.RJ,0.01895,1.0
28.68,72.9,W.RJ,0.01895,1.0
28.68,73.08,W.RJ,0.01895,1.0
28.68,73.26,W.RJ,0.01895,1.0
28.68,73.44,W.RJ,0.01895,1.0
28.68,73.62,W.RJ,0.01895,1.0
28.68,73.8,W.RJ,0.01895,1.0
28.68,73.98,W.RJ,0.01895,1.0
28.68,74.16,W.RJ,0.01895,1.0
28.68,74.34,W.RJ,0.01895,1.0
28.68,74.52,W.RJ,0.01895,1.0
28.68,74.7,W.RJ,0.01895,1.0
28.68,74.88,W.RJ,0.01895,1.0
28.68,75.06,W.RJ,0.01895,1.0
28.68,75.24,W.RJ,0.01895,1.0
28.68,75.42,W.RJ,0.01895,1.0
28.68,75.6,W.RJ,0.003725,0.196588
28.68,75.6,HR/DL,0.014677,0.774526
28.68,75.78,HR/DL,0.01895,1.0
28.68,75.96,HR/DL,0.01895,1.0
28.68,76.14,HR/DL,0.01895,1.0
28.68,76.32,HR/DL,0.01895,1.0
28.68,76.5,HR/DL,0.01895,1.0
28.68,76.68,HR/DL,0.01895,1.0
28.68,76.86,HR/DL,0.01895,1.0
28.68,77.04,HR/DL,0.01895,1.0
28.68,77.22,W.UP,0.000804,0.04242
28.68,77.22,HR/DL,0.018146,0.95758
28.68,77.4,W.UP,0.017575,0.927436
28.68,77.4,HR/DL,0.001375,0.072564
28.68,77.58,W.UP,0.01895,1.0
28.68,77.76,W.UP,0.01895,1.0
28.68,77.94,W.UP,0.01895,1.0
28.68,78.12,W.UP,0.01895,1.0
28.68,78.3,W.UP,0.01895,1.0
28.68,78.48,W.UP,0.01895,1.0
28.68,78.66,W.UP,0.01895,1.0
28.68,78.84,W.UP,0.01895,1.0
28.68,79.02,W.UP,0.01895,1.0
28.68,79.2,W.UP,0.01895,1.0
28.68,79.38,W.UP,0.01895,1.0
28.68,79.56,W.UP,0.01895,1.0
28.68,79.74,W.UP,0.01895,1.0
28.68,79.92,W.UP,0.017346,0.915369
28.68,80.1,W.UP,0.018727,0.988245
28.68,80.28,E.UP,0.002059,0.108669
28.68,80.28,W.UP,0.012155,0.641434
28.68,80.46,E.UP,0.002866,0.151256
28.68,80.64,E.UP,0.004053,0.213891
28.68,93.42,AR,0.005572,0.294024
28.68,93.6,AR,0.006648,0.350826
28.68,93.78,AR,0.010299,0.543475
28.68,93.96,AR,0.014373,0.758484
28.68,94.14,AR,0.01895,1.0
28.68,94.32,AR,0.01895,1.0
28.68,94.5,AR,0.01895,1.0
28.68,94.68,AR,0.01895,1.0
28.68,94.86,AR,0.01895,1.0
28.68,95.04,AR,0.01895,1.0
28.68,95.22,AR,0.01895,1.0
28.68,95.4,AR,0.01895,1.0
28.68,95.58,AR,0.01895,1.0
28.68,95.76,AR,0.01895,1.0
28.68,95.94,AR,0.01895,1.0
28.68,96.12,AR,0.01895,1.0
28.68,96.3,AR,0.01895,1.0
28.68,96.48,AR,0.013154,0.694145
28.68,96.66,AR,0.000554,0.029239
28.8,72.36,W.RJ,0.002724,0.143911
28.8,72.54,W.RJ,0.015947,0.842484
28.8,72.72,W.RJ,0.018928,1.0
28.8,72.9,W.RJ,0.018928,1.0
28.8,73.08,W.RJ,0.018928,1.0
28.8,73.26,W.RJ,0.018928,1.0
28.8,73.44,W.RJ,0.018928,1.0
28.8,73.62,W.RJ,0.018928,1.0
28.8,73.8,W.RJ,0.018928,1.0
28.8,73.98,W.RJ,0.018928,1.0
28.8,74.16,W.RJ,0.018928,1.0
28.8,74.34,W.RJ,0.018928,1.0
28.8,74.52,W.RJ,0.018928,1.0
28.8,74.7,W.RJ,0.018928,1.0
28.8,74.88,W.RJ,0.018928,1.0
28.8,75.06,W.RJ,0.018928,1.0
28.8,75.24,W.RJ,0.018928,1.0
28.8,75.42,W.RJ,0.0188,0.993203
28.8,75.42,HR/DL,0.000129,0.006797
28.8,75.6,W.RJ,0.000844,0.044565
28.8,75.6,HR/DL,0.018083,0.955332
28.8,75.78,HR/DL,0.018928,1.0
28.8,75.96,HR/DL,0.018928,1.0
28.8,76.14,HR/DL,0.018928,1.0
28.8,76.32,HR/DL,0.018928,1.0
28.8,76.5,HR/DL,0.018928,1.0
28.8,76.68,HR/DL,0.018928,1.0
28.8,76.86,HR/DL,0.018928,1.0
28.8,77.04,HR/DL,0.018928,1.0
28.8,77.22,W.UP,0.008506,0.449359
28.8,77.22,HR/DL,0.010423,0.550641
28.8,77.4,W.UP,0.018928,1.0
28.8,77.58,W.UP,0.018928,1.0
28.8,77.76,W.UP,0.018928,1.0
28.8,77.94,W.UP,0.018928,1.0
28.8,78.12,W.UP,0.018928,1.0
28.8,78.3,W.UP,0.018928,1.0
28.8,78.48,W.UP,0.018928,1.0
28.8,78.66,W.UP,0.018928,1.0
28.8,78.84,W.UP,0.018928,1.0
28.8,79.02,W.UP,0.018928,1.0
28.8,79.2,W.UP,0.018928,1.0
28.8,79.38,W.UP,0.018557,0.98037
28.8,79.56,W.UP,0.018194,0.961223
28.8,79.74,W.UP,0.0174,0.919262
28.8,79.92,W.UP,0.005472,0.28909
28.8,80.1,W.UP,0.0094,0.496611
28.8,80.28,W.UP,0.001289,0.068106
28.8,93.96,AR,0.005477,0.289368
28.8,94.14,AR,0.018928,1.0
28.8,94.32,AR,0.018928,1.0
28.8,94.5,AR,0.018928,1.0
28.8,94.68,AR,0.018928,1.0
28.8,94.86,AR,0.018928,1.0
28.8,95.04,AR,0.018928,1.0
28.8,95.22,AR,0.018928,1.0
28.8,95.4,AR,0.018928,1.0
28.8,95.58,AR,0.018928,1.0
28.8,95.76,AR,0.018928,1.0
28.8,95.94,AR,0.018928,1.0
28.8,96.12,AR,0.018928,1.0
28.8,96.3,AR,0.018928,1.0
28.8,96.48,AR,0.018795,0.992988
28.8,96.66,AR,0.002587,0.136688
28.92,72.54,W.RJ,0.000976,0.051636
28.92,72.72,W.RJ,0.012254,0.648161
28.92,72.9,W.RJ,0.018889,0.999056
28.92,73.08,W.RJ,0.018906,1.0
28.92,73.26,W.RJ,0.018906,1.0
28.92,73.44,W.RJ,0.018906,1.0
28.92,73.62,W.RJ,0.018906,1.0
28.92,73.8,W.RJ,0.018906,1.0
28.92,73.98,W.RJ,0.018906,1.0
28.92,74.16,W.RJ,0.018906,1.0
28.92,74.34,W.RJ,0.018906,1.0
28.92,74.52,W.RJ,0.018906,1.0
28.92,74.7,W.RJ,0.018906,1.0
28.92,74.88,W.RJ,0.018906,1.0
28.92,75.06,W.RJ,0.018906,1.0
28.92,75.24,W.RJ,0.018906,1.0
28.92,75.42,W.RJ,0.017671,0.934637
28.92,75.42,HR/DL,0.001236,0.065363
28.92,75.6,W.RJ,0.000288,0.015232
28.92,75.6,HR/DL,0.018618,0.984768
28.92,75.78,HR/DL,0.018906,1.0
28.92,75.96,HR/DL,0.018906,1.0
28.92,76.14,HR/DL,0.018906,1.0
28.92,76.32,HR/DL,0.018906,1.0
28.92,76.5,HR/DL,0.018906,1.0
28.92,76.68,HR/DL,0.018906,1.0
28.92,76.86,HR/DL,0.018906,1.0
28.92,77.04,HR/DL,0.018906,1.0
28.92,77.22,W.UP,0.010675,0.564646
28.92,77.22,HR/DL,0.008231,0.435354
28.92,77.4,W.UP,0.018906,1.0
28.92,77.58,W.UP,0.018906,1.0
28.92,77.76,W.UP,0.018906,1.0
28.92,77.94,W.UP,0.018906,1.0
28.92,78.12,W.UP,0.018906,1.0
28.92,78.3,W.UP,0.018906,1.0
28.92,78.48,W.UP,0.018906,1.0
28.92,78.66,W.UP,0.018906,1.0
28.92,78.84,W.UP,0.018906,1.0
28.92,79.02,W.UP,0.018906,1.0
28.92,79.2,W.UP,0.018759,0.992227
28.92,79.38,W.UP,0.009058,0.479118
28.92,79.56,W.UP,0.000614,0.032453
28.92,79.74,W.UP,0.001574,0.083237
28.92,93.96,AR,3.4e-05,0.001817
28.92,94.14,AR,0.012594,0.666099
28.92,94.32,AR,0.018906,1.0
28.92,94.5,AR,0.018906,1.0
28.92,94.68,AR,0.018906,1.0
28.92,94.86,AR,0.018906,1.0
28.92,95.04,AR,0.018906,1.0
28.92,95.22,AR,0.018906,1.0
28.92,95.4,AR,0.018906,1.0
28.92,95.58,AR,0.018906,1.0
28.92,95.76,AR,0.018906,1.0
28.92,95.94,AR,0.018906,1.0
28.92,96.12,AR,0.016082,0.850609
28.92,96.3,AR,0.016469,0.871062
28.92,96.48,AR,0.014533,0.768698
29.04,72.9,W.RJ,0.006303,0.333768
29.04,73.08,W.RJ,0.018884,1.0
29.04,73.26,W.RJ,0.018884,1.0
29.04,73.44,W.RJ,0.018884,1.0
29.04,73.62,W.RJ,0.018884,1.0
29.04,73.8,W.RJ,0.018884,1.0
29.04,73.98,W.RJ,0.018884,1.0
29.04,74.16,W.RJ,0.018884,1.0
29.04,74.34,W.RJ,0.018884,1.0
29.04,74.52,W.RJ,0.018884,1.0
29.04,74.7,W.RJ,0.018884,1.0
29.04,74.88,W.RJ,0.018884,1.0
29.04,75.06,W.RJ,0.018884,1.0
29.04,75.24,W.RJ,0.018884,1.0
29.04,75.42,W.RJ,0.011945,0.632509
29.04,75.42,HR/DL,0.00694,0.367491
29.04,75.6,W.RJ,0.000298,0.015778
29.04,75.6,HR/DL,0.018587,0.984222
29.04,75.78,HR/DL,0.018884,1.0
29.04,75.96,HR/DL,0.018884,1.0
29.04,76.14,HR/DL,0.018884,1.0
29.04,76.32,HR/DL,0.018884,1.0
29.04,76.5,HR/DL,0.018884,1.0
29.04,76.68,HR/DL,0.018884,1.0
29.04,76.86,HR/DL,0.018884,1.0
29.04,77.04,HR/DL,0.018884,1.0
29.04,77.22,W.UP,0.013003,0.688551
29.04,77.22,HR/DL,0.005882,0.311449
29.04,77.4,W.UP,0.018884,1.0
29.04,77.58,W.UP,0.018884,1.0
29.04,77.76,W.UP,0.018884,1.0
29.04,77.94,W.UP,0.018884,1.0
29.04,78.12,W.UP,0.018884,1.0
29.04,78.3,W.UP,0.018884,1.0
29.04,78.48,W.UP,0.018884,1.0
29.04,78.66,W.UP,0.018884,1.0
29.04,78.84,W.UP,0.018884,1.0
29.04,79.02,W.UP,0.018884,1.0
29.04,79.2,W.UP,0.008318,0.440486
29.04,94.14,AR,0.003058,0.16195
29.04,94.32,AR,0.018851,0.998242
29.04,94.5,AR,0.018884,1.0
29.04,94.68,AR,0.018884,1.0
29.04,94.86,AR,0.018884,1.0
29.04,95.04,AR,0.018884,1.0
29.04,95.22,AR,0.016753,0.887152
29.04,95.4,AR,0.010792,0.571453
29.04,95.58,AR,0.018825,0.99685
29.04,95.76,AR,0.018884,1.0
29.04,95.94,AR,0.018884,1.0
29.04,96.12,AR,0.01405,0.744003
29.04,96.3,AR,0.00328,0.173683
29.04,96.48,AR,0.005897,0.312265
29.16,72.9,W.RJ,0.00011,0.005828
29.16,73.08,W.RJ,0.015883,0.842022
29.16,73.26,W.RJ,0.018862,1.0
29.16,73.44,W.RJ,0.018862,1.0
29.16,73.62,W.RJ,0.018862,1.0
29.16,73.8,W.RJ,0.018862,1.0
29.16,73.98,W.RJ,0.018862,1.0
29.16,74.16,W.RJ,0.018862,1.0
29.16,74.34,W.RJ,0.018862,1.0
29.16,74.52,W.RJ,0.018862,1.0
29.16,74.7,W.RJ,0.018862,1.0
29.16,74.88,W.RJ,0.018862,1.0
29.16,75.06,W.RJ,0.018862,1.0
29.16,75.24,W.RJ,0.018862,1.0
29.16,75.42,W.RJ,0.006425,0.340639
29.16,75.42,HR/DL,0.012437,0.659361
29.16,75.6,HR/DL,0.018862,1.0
29.16,75.78,HR/DL,0.018862,1.0
29.16,75.96,HR/DL,0.018862,1.0
29.16,76.14,HR/DL,0.018862,1.0
29.16,76.32,HR/DL,0.018862,1.0
29.16,76.5,HR/DL,0.018862,1.0
29.16,76.68,HR/DL,0.018862,1.0
29.16,76.86,HR/DL,0.018862,1.0
29.16,77.04,HR/DL,0.018862,1.0
29.16,77.22,W.UP,0.017573,0.931661
29.16,77.22,HR/DL,0.001289,0.068339
29.16,77.4,W.UP,0.018862,1.0
29.16,77.58,W.UP,0.018862,1.0
29.16,77.76,W.UP,0.018862,1.0
29.16,77.94,W.UP,0.018862,1.0
29.16,78.12,W.UP,0.018862,1.0
29.16,78.3,W.UP,0.018862,1.0
29.16,78.48,W.UP,0.018862,1.0
29.16,78.66,W.UP,0.018862,1.0
29.16,78.84,W.UP,0.017453,0.925255
29.16,79.02,W.UP,0.00681,0.361053
29.16,79.2,W.UP,0.000997,0.052848
29.16,94.32,AR,0.007857,0.416537
29.16,94.5,AR,0.018708,0.991811
29.16,94.68,AR,0.018862,1.0
29.16,94.86,AR,0.012663,0.671334
29.16,95.04,AR,0.007667,0.406469
29.16,95.22,AR,0.001246,0.066044
29.16,95.58,AR,0.014095,0.747277
29.16,95.76,AR,0.018862,1.0
29.16,95.94,AR,0.018862,1.0
29.16,96.12,AR,0.018744,0.993743
29.16,96.3,AR,0.008682,0.460266
29.28,73.08,W.RJ,0.00617,0.327502
29.28,73.26,W.RJ,0.01884,1.0
29.28,73.44,W.RJ,0.01884,1.0
29.28,73.62,W.RJ,0.01884,1.0
29.28,73.8,W.RJ,0.01884,1.0
29.28,73.98,W.RJ,0.01884,1.0
29.28,74.16,W.RJ,0.01884,1.0
29.28,74.34,W.RJ,0.01884,1.0
29.28,74.52,W.RJ,0.01878,0.996801
29.28,74.52,HR/DL,6e-05,0.003199
29.28,74.7,W.RJ,0.018435,0.978468
29.28,74.7,HR/DL,0.000406,0.021532
29.28,74.88,W.RJ,0.018049,0.957983
29.28,74.88,HR/DL,0.000792,0.042017
29.28,75.06,W.RJ,0.005975,0.317128
29.28,75.06,HR/DL,0.012866,0.682872
29.28,75.24,W.RJ,0.005816,0.308709
29.28,75.24,HR/DL,0.013024,0.691291
29.28,75.42,W.RJ,0.001366,0.072478
29.28,75.42,HR/DL,0.017475,0.927522
29.28,75.6,HR/DL,0.01884,1.0
29.28,75.78,HR/DL,0.01884,1.0
29.28,75.96,HR/DL,0.01884,1.0
29.28,76.14,HR/DL,0.01884,1.0
29.28,76.32,HR/DL,0.01884,1.0
29.28,76.5,HR/DL,0.01884,1.0
29.28,76.68,HR/DL,0.01884,1.0
29.28,76.86,HR/DL,0.01884,1.0
29.28,77.04,HR/DL,0.01884,1.0
29.28,77.22,W.UP,0.016668,0.884714
29.28,77.22,HR/DL,0.002172,0.115286
29.28,77.4,W.UP,0.01884,1.0
29.28,77.58,W.UP,0.01884,1.0
29.28,77.76,W.UP,0.01884,1.0
29.28,77.94,W.UP,0.01884,1.0
29.28,78.12,W.UP,0.01884,1.0
29.28,78.3,W.UP,0.01884,1.0
29.28,78.48,W.UP,0.01884,1.0
29.28,78.66,W.UP,0.018477,0.980697
29.28,78.84,W.UP,0.005008,0.265832
29.28,94.5,AR,0.00123,0.065277
29.28,94.68,AR,0.01357,0.720253
29.28,94.86,AR,0.00042,0.022306
29.28,95.58,AR,0.002282,0.121142
29.28,95.76,AR,0.01548,0.821656
29.28,95.94,AR,0.01884,1.0
29.28,96.12,AR,0.017855,0.947718
29.28,96.3,AR,0.004941,0.262275
29.28,96.48,AR,6.1e-05,0.003257
29.4,73.08,W.RJ,0.000355,0.018859
29.4,73.26,W.RJ,0.017034,0.905161
29.4,73.44,W.RJ,0.018818,1.0
29.4,73.62,W.RJ,0.018818,1.0
29.4,73.8,W.RJ,0.018818,1.0
29.4,73.98,W.RJ,0.018818,1.0
29.4,74.16,W.RJ,0.018818,1.0
29.4,74.34,W.RJ,0.018818,1.0
29.4,74.52,W.RJ,0.015044,0.799459
29.4,74.52,HR/DL,0.003774,0.200541
29.4,74.7,W.RJ,0.002727,0.144911
29.4,74.7,HR/DL,0.016091,0.855089
29.4,74.88,W.RJ,0.006112,0.324772
29.4,74.88,HR/DL,0.012707,0.675228
29.4,75.06,HR/DL,0.018818,1.0
29.4,75.24,HR/DL,0.018818,1.0
29.4,75.42,HR/DL,0.018818,1.0
29.4,75.6,HR/DL,0.018818,1.0
29.4,75.78,HR/DL,0.018818,1.0
29.4,75.96,HR/DL,0.018818,1.0
29.4,76.14,HR/DL,0.018818,1.0
29.4,76.32,HR/DL,0.018818,1.0
29.4,76.5,HR/DL,0.018818,1.0
29.4,76.68,HR/DL,0.018818,1.0
29.4,76.86,HR/DL,0.018818,1.0
29.4,77.04,W.UP,4.8e-05,0.002569
29.4,77.04,HR/DL,0.01877,0.997431
29.4,77.22,W.UP,0.017733,0.942338
29.4,77.22,HR/DL,0.001085,0.057662
29.4,77.4,W.UP,0.018818,1.0
29.4,77.58,W.UP,0.018818,1.0
29.4,77.76,W.UP,0.018818,1.0
29.4,77.94,W.UP,0.018818,1.0
29.4,78.12,W.UP,0.018818,1.0
29.4,78.3,W.UP,0.018818,1.0
29.4,78.48,W.UP,0.018818,1.0
29.4,78.66,W.UP,0.018818,1.0
29.4,78.84,W.UP,0.013035,0.692704
29.4,79.02,W.UP,7e-06,0.000368
29.4,94.68,AR,6.1e-05,0.003262
29.4,95.76,AR,0.000628,0.033394
29.4,95.94,AR,0.008131,0.432081
29.4,96.12,AR,0.011494,0.610798
29.52,73.26,W.RJ,0.009961,0.529951
29.52,73.44,W.RJ,0.018796,1.0
29.52,73.62,W.RJ,0.018796,1.0
29.52,73.8,W.RJ,0.018796,1.0
29.52,73.98,W.RJ,0.018796,1.0
29.52,74.16,W.RJ,0.018796,1.0
29.52,74.34,W.RJ,0.018796,1.0
29.52,74.52,W.RJ,0.017462,0.929005
29.52,74.52,HR/DL,0.001334,0.070995
29.52,74.7,W.RJ,0.000208,0.011092
29.52,74.7,HR/DL,0.018587,0.988908
29.52,74.88,HR/DL,0.018796,1.0
29.52,75.06,HR/DL,0.018796,1.0
29.52,75.24,HR/DL,0.016972,0.902955
29.52,75.24,PB,0.001824,0.097045
29.52,75.42,HR/DL,0.018796,1.0
29.52,75.6,HR/DL,0.018796,1.0
29.52,75.78,HR/DL,0.018796,1.0
29.52,75.96,HR/DL,0.018796,1.0
29.52,76.14,HR/DL,0.018796,1.0
29.52,76.32,HR/DL,0.018796,1.0
29.52,76.5,HR/DL,0.018796,1.0
29.52,76.68,HR/DL,0.018796,1.0
29.52,76.86,HR/DL,0.018796,1.0
29.52,77.04,W.UP,0.001388,0.073858
29.52,77.04,HR/DL,0.017408,0.926142
29.52,77.22,W.UP,0.018791,0.999758
29.52,77.22,HR/DL,5e-06,0.000242
29.52,77.4,W.UP,0.018796,1.0
29.52,77.58,W.UP,0.018796,1.0
29.52,77.76,W.UP,0.018796,1.0
29.52,77.94,W.UP,0.017744,0.944045
29.52,78.12,W.UP,0.018148,0.965529
29.52,78.3,W.UP,0.018796,1.0
29.52,78.48,W.UP,0.018796,1.0
29.52,78.66,W.UP,0.012077,0.64253
29.52,78.84,W.UP,0.001199,0.063809
29.64,73.26,W.RJ,0.004645,0.247434
29.64,73.44,W.RJ,0.018774,1.0
29.64,73.62,W.RJ,0.018774,1.0
29.64,73.8,W.RJ,0.018774,1.0
29.64,73.98,W.RJ,0.018774,1.0
29.64,74.16,W.RJ,0.018774,1.0
29.64,74.34,W.RJ,0.018774,1.0
29.64,74.52,W.RJ,0.016849,0.8975
29.64,74.52,HR/DL,0.001924,0.1025
29.64,74.7,HR/DL,0.018774,1.0
29.64,74.88,HR/DL,0.018774,1.0
29.64,75.06,HR/DL,0.018774,1.0
29.64,75.24,HR/DL,0.006339,0.33763
29.64,75.24,PB,0.012435,0.66237
29.64,75.42,HR/DL,0.018032,0.960481
29.64,75.42,PB,0.000742,0.039519
29.64,75.6,HR/DL,0.018774,1.0
29.64,75.78,HR/DL,0.018774,1.0
29.64,75.96,HR/DL,0.018774,1.0
29.64,76.14,HR/DL,0.018774,1.0
29.64,76.32,HR/DL,0.018774,1.0
29.64,76.5,HR/DL,0.018774,1.0
29.64,76.68,HR/DL,0.018774,1.0
29.64,76.86,HR/DL,0.018774,1.0
29.64,77.04,W.UP,0.001039,0.055331
29.64,77.04,HR/DL,0.017735,0.944669
29.64,77.22,W.UP,0.018297,0.974628
29.64,77.22,HR/DL,0.000476,0.025372
29.64,77.4,W.UP,0.018774,1.0
29.64,77.58,W.UP,0.018774,1.0
29.64,77.76,W.UP,0.017577,0.936275
29.64,77.94,W.UP,0.012456,0.66347
29.64,78.12,W.UP,0.00824,0.438899
29.64,78.3,W.UP,0.018772,0.999892
29.64,78.48,W.UP,0.015478,0.824447
29.64,78.66,W.UP,0.000109,0.00583
29.76,73.26,W.RJ,0.000782,0.041718
29.76,73.44,W.RJ,0.018438,0.9833
29.76,73.62,W.RJ,0.018751,1.0
29.76,73.8,W.RJ,0.018751,1.0
29.76,73.98,W.RJ,0.018751,1.0
29.76,74.16,W.RJ,0.018751,1.0
29.76,74.34,W.RJ,0.018751,1.0
29.76,74.52,W.RJ,0.01086,0.579187
29.76,74.52,HR/DL,0.007756,0.413631
29.76,74.7,W.RJ,5.6e-05,0.003012
29.76,74.7,HR/DL,0.018695,0.996988
29.76,74.88,HR/DL,0.018751,1.0
29.76,75.06,HR/DL,0.017937,0.956593
29.76,75.06,PB,0.000814,0.043407
29.76,75.24,HR/DL,0.00643,0.342885
29.76,75.24,PB,0.012322,0.657115
29.76,75.42,HR/DL,0.00767,0.409033
29.76,75.42,PB,0.011081,0.590967
29.76,75.6,HR/DL,0.00924,0.492759
29.76,75.6,PB,0.009511,0.507241
29.76,75.78,HR/DL,0.015481,0.825589
29.76,75.78,PB,0.003145,0.167736
29.76,75.96,HR/DL,0.006439,0.343408
29.76,75.96,PB,0.012395,0.661016
29.76,76.14,HR/DL,0.015525,0.827969
29.76,76.14,PB,0.003056,0.162984
29.76,76.32,HR/DL,0.018751,1.0
29.76,76.5,HR/DL,0.018751,1.0
29.76,76.68,HR/DL,0.018751,1.0
29.76,76.86,HR/DL,0.018751,1.0
29.76,77.04,W.UP,8.1e-05,0.004332
29.76,77.04,HR/DL,0.01867,0.995668
29.76,77.22,W.UP,0.017046,0.909081
29.76,77.22,HR/DL,0.001705,0.090919
29.76,77.4,W.UP,0.018751,1.0
29.76,77.58,W.UP,0.018751,1.0
29.76,77.76,W.UP,0.010622,0.566473
29.76,77.94,W.UP,0.000135,0.007191
29.76,78.12,W.UP,2.5e-05,0.001347
29.76,78.3,W.UP,0.007389,0.39408
29.76,78.48,W.UP,0.005518,0.294276
29.88,73.44,W.RJ,0.015032,0.802601
29.88,73.62,W.RJ,0.018729,1.0
29.88,73.8,W.RJ,0.018729,1.0
29.88,73.98,W.RJ,0.018729,1.0
29.88,74.16,W.RJ,0.018729,1.0
29.88,74.34,W.RJ,0.018729,1.0
29.88,74.52,W.RJ,0.011154,0.59556
29.88,74.52,HR/DL,0.006889,0.367829
29.88,74.52,PB,0.00082,0.043777
29.88,74.7,HR/DL,0.017437,0.931017
29.88,74.7,PB,0.001281,0.068393
29.88,74.88,HR/DL,0.017944,0.958103
29.88,74.88,PB,0.000785,0.041897
29.88,75.06,HR/DL,0.006836,0.365024
29.88,75.06,PB,0.011892,0.634976
29.88,75.24,HR/DL,0.000371,0.01982
29.88,75.24,PB,0.018358,0.98018
29.88,75.42,PB,0.018729,1.0
29.88,75.6,PB,0.018729,1.0
29.88,75.78,HR/DL,1.3e-05,0.000674
29.88,75.78,PB,0.018716,0.999326
29.88,75.96,PB,0.018729,1.0
29.88,76.14,HR/DL,0.002825,0.150822
29.88,76.14,PB,0.016227,0.866404
29.88,76.32,HR/DL,0.018513,0.988507
29.88,76.32,PB,0.000244,0.013017
29.88,76.5,HR/DL,0.018729,1.0
29.88,76.68,HR/DL,0.018729,1.0
29.88,76.86,HR/DL,0.018729,1.0
29.88,77.04,HR/DL,0.018729,1.0
29.88,77.22,W.UP,0.011954,0.638255
29.88,77.22,HR/DL,0.006775,0.361745
29.88,77.4,W.UP,0.018729,1.0
29.88,77.58,W.UP,0.018729,1.0
29.88,77.76,W.UP,0.006866,0.366629
30.0,73.44,W.RJ,0.003058,0.163489
30.0,73.62,W.RJ,0.012764,0.682325
30.0,73.8,W.RJ,0.018402,0.98376
30.0,73.98,W.RJ,0.004961,0.265206
30.0,73.98,PB,0.013561,0.724958
30.0,74.16,W.RJ,0.003065,0.163827
30.0,74.16,PB,0.015102,0.807305
30.0,74.34,W.RJ,0.001796,0.096011
30.0,74.34,PB,0.015996,0.85512
30.0,74.52,W.RJ,0.000445,0.023782
30.0,74.52,HR/DL,0.00012,0.006396
30.0,74.52,PB,0.017455,0.933113
30.0,74.7,HR/DL,0.002657,0.142028
30.0,74.7,PB,0.016049,0.857972
30.0,74.88,HR/DL,0.003237,0.173047
30.0,74.88,PB,0.015469,0.826953
30.0,75.06,PB,0.018706,1.0
30.0,75.24,PB,0.018706,1.0
30.0,75.42,PB,0.018706,1.0
30.0,75.6,PB,0.018706,1.0
30.0,75.78,PB,0.018706,1.0
30.0,75.96,PB,0.018706,1.0
30.0,76.14,HR/DL,0.001828,0.097736
30.0,76.14,PB,0.016878,0.902264
30.0,76.32,HR/DL,0.018705,0.999919
30.0,76.32,PB,2e-06,8.1e-05
30.0,76.5,HR/DL,0.018706,1.0
30.0,76.68,HR/DL,0.018706,1.0
30.0,76.86,HR/DL,0.018706,1.0
30.0,77.04,HR/DL,0.018706,1.0
30.0,77.22,W.UP,0.004318,0.230831
30.0,77.22,HR/DL,0.014388,0.769169
30.0,77.4,W.UP,0.018675,0.998342
30.0,77.4,HR/DL,3.1e-05,0.001658
30.0,77.58,W.UP,0.018706,1.0
30.0,77.76,W.UP,0.009634,0.515019
30.12,73.8,W.RJ,0.003487,0.186625
30.12,73.98,W.RJ,0.006069,0.324816
30.12,73.98,PB,0.01155,0.618209
30.12,74.16,PB,0.018683,1.0
30.12,74.34,PB,0.018683,1.0
30.12,74.52,PB,0.018683,1.0
30.12,74.7,PB,0.018683,1.0
30.12,74.88,PB,0.018683,1.0
30.12,75.06,PB,0.018683,1.0
30.12,75.24,PB,0.018683,1.0
30.12,75.42,PB,0.018683,1.0
30.12,75.6,PB,0.018683,1.0
30.12,75.78,PB,0.018683,1.0
30.12,75.96,PB,0.018683,1.0
30.12,76.14,HR/DL,0.000297,0.015901
30.12,76.14,PB,0.018386,0.984099
30.12,76.32,HR/DL,0.008838,0.473056
30.12,76.32,PB,0.009845,0.526944
30.12,76.5,HR/DL,0.007537,0.403411
30.12,76.5,PB,0.011146,0.596589
30.12,76.68,HR/DL,0.016426,0.879153
30.12,76.68,PB,0.002258,0.120847
30.12,76.86,HR/DL,0.018683,1.0
30.12,77.04,HR/DL,0.018683,1.0
30.12,77.22,HR/DL,0.018683,1.0
30.12,77.4,W.UP,0.008253,0.441713
30.12,77.4,HR/DL,0.010562,0.565321
30.12,77.58,W.UP,0.018683,1.0
30.12,77.76,W.UP,0.016977,0.908664
30.12,77.94,W.UP,0.001681,0.08999
30.24,73.98,W.RJ,0.000164,0.008765
30.24,73.98,PB,0.010923,0.585346
30.24,74.16,PB,0.018661,1.0
30.24,74.34,PB,0.018661,1.0
30.24,74.52,PB,0.018661,1.0
30.24,74.7,PB,0.018661,1.0
30.24,74.88,PB,0.018661,1.0
30.24,75.06,PB,0.018661,1.0
30.24,75.24,PB,0.018661,1.0
30.24,75.42,PB,0.018661,1.0
30.24,75.6,PB,0.018661,1.0
30.24,75.78,PB,0.018661,1.0
30.24,75.96,PB,0.018661,1.0
30.24,76.14,PB,0.018661,1.0
30.24,76.32,HR/DL,7.5e-05,0.00404
30.24,76.32,PB,0.018585,0.99596
30.24,76.5,HR/DL,0.000977,0.052372
30.24,76.5,PB,0.017683,0.947628
30.24,76.68,HR/DL,0.014759,0.790894
30.24,76.68,PB,0.003902,0.209106
30.24,76.86,HR/DL,0.018661,1.0
30.24,77.04,HR/DL,0.018661,1.0
30.24,77.22,HR/DL,0.018661,1.0
30.24,77.4,W.UP,3.9e-05,0.0021
30.24,77.4,HR/DL,0.018625,0.998104
30.24,77.58,W.UP,0.015495,0.830358
30.24,77.58,HR/DL,0.003166,0.169642
30.24,77.76,W.UP,0.018293,0.980273
30.24,77.94,W.UP,0.005516,0.29559
30.36,73.8,PB,1.9e-05,0.000995
30.36,73.98,PB,0.015962,0.85643
30.36,74.16,PB,0.018638,1.0
30.36,74.34,PB,0.018638,1.0
30.36,74.52,PB,0.018638,1.0
30.36,74.7,PB,0.018638,1.0
30.36,74.88,PB,0.018638,1.0
30.36,75.06,PB,0.018638,1.0
30.36,75.24,PB,0.018638,1.0
30.36,75.42,PB,0.018638,1.0
30.36,75.6,PB,0.018638,1.0
30.36,75.78,PB,0.018638,1.0
30.36,75.96,PB,0.018638,1.0
30.36,76.14,PB,0.018638,1.0
30.36,76.32,PB,0.018638,1.0
30.36,76.5,PB,0.018638,1.0
30.36,76.68,HR/DL,0.004979,0.267134
30.36,76.68,PB,0.013607,0.73006
30.36,76.86,HR/DL,0.016167,0.867433
30.36,76.86,PB,0.002648,0.142088
30.36,77.04,HR/DL,0.018638,1.0
30.36,77.22,HR/DL,0.018638,1.0
30.36,77.4,HR/DL,0.017781,0.954001
30.36,77.4,HP,0.000663,0.035568
30.36,77.58,W.UP,0.006809,0.36531
30.36,77.58,HR/DL,0.009121,0.489359
30.36,77.58,HP,0.001085,0.05821
30.36,77.76,W.UP,0.003914,0.209998
30.48,73.98,PB,0.00986,0.529697
30.48,74.16,PB,0.018474,0.992401
30.48,74.34,PB,0.018615,1.0
30.48,74.52,PB,0.018615,1.0
30.48,74.7,PB,0.018615,1.0
30.48,74.88,PB,0.018615,1.0
30.48,75.06,PB,0.018615,1.0
30.48,75.24,PB,0.018615,1.0
30.48,75.42,PB,0.018615,1.0
30.48,75.6,PB,0.018615,1.0
30.48,75.78,PB,0.018615,1.0
30.48,75.96,PB,0.018615,1.0
30.48,76.14,PB,0.018615,1.0
30.48,76.32,PB,0.018615,1.0
30.48,76.5,PB,0.018615,1.0
30.48,76.68,HR/DL,0.000138,0.007393
30.48,76.68,PB,0.0185,0.993806
30.48,76.86,HR/DL,0.004216,0.226485
30.48,76.86,PB,0.014244,0.765201
30.48,77.04,HR/DL,0.018615,1.0
30.48,77.22,HR/DL,0.01179,0.633384
30.48,77.22,HP,0.006825,0.366616
30.48,77.4,HR/DL,0.002817,0.151303
30.48,77.4,HP,0.015777,0.847535
30.48,77.58,HR/DL,0.000317,0.017041
30.48,77.58,HP,0.017389,0.934113
30.48,77.76,HP,0.008485,0.455805
30.6,73.98,PB,2e-06,9.1e-05
30.6,74.16,PB,0.013657,0.734577
30.6,74.34,PB,0.018592,1.0
30.6,74.52,PB,0.018592,1.0
30.6,74.7,PB,0.018592,1.0
30.6,74.88,PB,0.018592,1.0
30.6,75.06,PB,0.018592,1.0
30.6,75.24,PB,0.018592,1.0
30.6,75.42,PB,0.018592,1.0
30.6,75.6,PB,0.018592,1.0
30.6,75.78,PB,0.018592,1.0
30.6,75.96,PB,0.018592,1.0
30.6,76.14,PB,0.018592,1.0
30.6,76.32,PB,0.018592,1.0
30.6,76.5,PB,0.018592,1.0
30.6,76.68,PB,0.018592,1.0
30.6,76.86,HR/DL,0.005146,0.276781
30.6,76.86,PB,0.013446,0.723219
30.6,77.04,HR/DL,0.018567,0.998648
30.6,77.04,HP,2.5e-05,0.001352
30.6,77.22,HR/DL,0.002774,0.149217
30.6,77.22,HP,0.015852,0.852598
30.6,77.4,HP,0.018592,1.0
30.6,77.58,HP,0.018592,1.0
30.6,77.76,HP,0.011383,0.612244
30.72,74.16,PB,0.002033,0.109493
30.72,74.34,PB,0.017438,0.939102
30.72,74.52,PB,0.018569,1.0
30.72,74.7,PB,0.018569,1.0
30.72,74.88,PB,0.018569,1.0
30.72,75.06,PB,0.018569,1.0
30.72,75.24,PB,0.018569,1.0
30.72,75.42,PB,0.018569,1.0
30.72,75.6,PB,0.018569,1.0
30.72,75.78,PB,0.018569,1.0
30.72,75.96,PB,0.018569,1.0
30.72,76.14,PB,0.018569,1.0
30.72,76.32,PB,0.018569,1.0
30.72,76.5,PB,0.018569,1.0
30.72,76.68,HR/DL,0.003859,0.207846
30.72,76.68,PB,0.014709,0.792154
30.72,76.86,HR/DL,0.017045,0.917948
30.72,76.86,PB,0.001524,0.082052
30.72,77.04,HR/DL,0.01433,0.771721
30.72,77.04,HP,0.004234,0.228037
30.72,77.22,HR/DL,0.001215,0.065426
30.72,77.22,HP,0.017374,0.935633
30.72,77.4,HP,0.018569,1.0
30.72,77.58,HP,0.018569,1.0
30.72,77.76,HP,0.007155,0.385338
30.84,74.34,PB,0.009858,0.53153
30.84,74.52,PB,0.018546,1.0
30.84,74.7,PB,0.018546,1.0
30.84,74.88,PB,0.018546,1.0
30.84,75.06,PB,0.018546,1.0
30.84,75.24,PB,0.018546,1.0
30.84,75.42,PB,0.018546,1.0
30.84,75.6,PB,0.018546,1.0
30.84,75.78,PB,0.018546,1.0
30.84,75.96,PB,0.018546,1.0
30.84,76.14,PB,0.018546,1.0
30.84,76.32,PB,0.018546,1.0
30.84,76.5,PB,0.018546,1.0
30.84,76.68,HR/DL,0.000176,0.009496
30.84,76.68,PB,0.01837,0.990504
30.84,76.86,HR/DL,0.010746,0.579446
30.84,76.86,PB,0.005062,0.272931
30.84,76.86,HP,0.002531,0.136482
30.84,77.04,HR/DL,0.00134,0.072254
30.84,77.04,HP,0.017206,0.927746
30.84,77.22,HP,0.018546,1.0
30.84,77.4,HP,0.018546,1.0
30.84,77.58,HP,0.018546,1.0
30.84,77.76,HP,0.009498,0.512157
30.96,74.34,PB,0.000404,0.02183
30.96,74.52,PB,0.013219,0.713662
30.96,74.7,PB,0.018523,1.0
30.96,74.88,PB,0.018523,1.0
30.96,75.06,PB,0.018523,1.0
30.96,75.24,PB,0.018523,1.0
30.96,75.42,PB,0.018523,1.0
30.96,75.6,PB,0.018523,1.0
30.96,75.78,PB,0.018523,1.0
30.96,75.96,PB,0.018523,1.0
30.96,76.14,PB,0.018523,1.0
30.96,76.32,PB,0.018523,1.0
30.96,76.5,PB,0.018523,1.0
30.96,76.68,PB,0.011159,0.602456
30.96,76.68,HP,0.007134,0.385149
30.96,76.86,HR/DL,0.000559,0.030197
30.96,76.86,PB,5e-06,0.000275
30.96,76.86,HP,0.017855,0.963967
30.96,77.04,HP,0.018523,1.0
30.96,77.22,HP,0.018523,1.0
30.96,77.4,HP,0.018523,1.0
30.96,77.58,HP,0.018523,1.0
30.96,77.76,HP,0.012961,0.699724
31.08,74.52,PB,0.003935,0.212689
31.08,74.7,PB,0.012901,0.697375
31.08,74.88,PB,0.018499,1.0
31.08,75.06,PB,0.018499,1.0
31.08,75.24,PB,0.018499,1.0
31.08,75.42,PB,0.018499,1.0
31.08,75.6,PB,0.018499,1.0
31.08,75.78,PB,0.018499,1.0
31.08,75.96,PB,0.018499,1.0
31.08,76.14,PB,0.018499,1.0
31.08,76.32,PB,0.018499,1.0
31.08,76.5,PB,0.018499,1.0
31.08,76.68,PB,0.003073,0.166096
31.08,76.68,HP,0.015427,0.833904
31.08,76.86,HP,0.018499,1.0
31.08,77.04,HP,0.018499,1.0
31.08,77.22,HP,0.018499,1.0
31.08,77.4,HP,0.018499,1.0
31.08,77.58,HP,0.018499,1.0
31.08,77.76,HP,0.017415,0.941392
31.08,77.94,HP,0.001458,0.078817
31.08,78.84,HP,0.002219,0.119965
31.08,79.02,HP,0.002236,0.120864
31.2,74.52,PB,0.009077,0.49129
31.2,74.7,PB,0.018476,1.0
31.2,74.88,PB,0.018476,1.0
31.2,75.06,PB,0.018476,1.0
31.2,75.24,PB,0.018476,1.0
31.2,75.42,PB,0.018476,1.0
31.2,75.6,PB,0.018476,1.0
31.2,75.78,PB,0.018476,1.0
31.2,75.96,PB,0.018476,1.0
31.2,76.14,PB,0.018476,1.0
31.2,76.32,PB,0.018476,1.0
31.2,76.5,PB,0.018442,0.998161
31.2,76.5,HP,3.4e-05,0.001839
31.2,76.68,PB,0.002477,0.134079
31.2,76.68,HP,0.015957,0.863677
31.2,76.86,HP,0.018476,1.0
31.2,77.04,HP,0.018476,1.0
31.2,77.22,HP,0.018476,1.0
31.2,77.4,HP,0.018476,1.0
31.2,77.58,HP,0.018476,1.0
31.2,77.76,HP,0.018476,1.0
31.2,77.94,HP,0.016037,0.868018
31.2,78.12,HP,0.009282,0.502394
31.2,78.3,HP,0.00151,0.081748
31.2,78.48,HP,0.005664,0.306554
31.2,78.66,HP,0.008364,0.452685
31.2,78.84,HP,0.014672,0.79414
31.2,79.02,HP,0.003181,0.172169
31.32,74.52,PB,0.006864,0.371986
31.32,74.7,PB,0.018452,1.0
31.32,74.88,PB,0.018452,1.0
31.32,75.06,PB,0.018452,1.0
31.32,75.24,PB,0.018452,1.0
31.32,75.42,PB,0.018452,1.0
31.32,75.6,PB,0.018452,1.0
31.32,75.78,PB,0.018452,1.0
31.32,75.96,PB,0.018452,1.0
31.32,76.14,PB,0.014657,0.794289
31.32,76.14,HP,0.003796,0.205711
31.32,76.32,PB,0.012745,0.690689
31.32,76.32,HP,0.005708,0.309311
31.32,76.5,PB,0.005248,0.284398
31.32,76.5,HP,0.013205,0.715602
31.32,76.68,PB,6.5e-05,0.003545
31.32,76.68,HP,0.018387,0.996455
31.32,76.86,HP,0.018452,1.0
31.32,77.04,HP,0.018452,1.0
31.32,77.22,HP,0.018452,1.0
31.32,77.4,HP,0.018452,1.0
31.32,77.58,HP,0.018452,1.0
31.32,77.76,HP,0.018452,1.0
31.32,77.94,HP,0.018452,1.0
31.32,78.12,HP,0.018452,1.0
31.32,78.3,HP,0.016801,0.910504
31.32,78.48,HP,0.018384,0.996274
31.32,78.66,HP,0.018452,1.0
31.32,78.84,HP,0.011689,0.633443
31.44,74.52,PB,0.000853,0.046307
31.44,74.7,PB,0.016379,0.88878
31.44,74.88,PB,0.018429,1.0
31.44,75.06,PB,0.018429,1.0
31.44,75.24,PB,0.018429,1.0
31.44,75.42,PB,0.018429,1.0
31.44,75.6,PB,0.018429,1.0
31.44,75.78,PB,0.018429,1.0
31.44,75.96,PB,0.018429,1.0
31.44,76.14,PB,0.009967,0.540828
31.44,76.14,HP,0.008462,0.459172
31.44,76.32,PB,0.001835,0.099587
31.44,76.32,HP,0.016594,0.900413
31.44,76.5,HP,0.018429,1.0
31.44,76.68,HP,0.018429,1.0
31.44,76.86,HP,0.018429,1.0
31.44,77.04,HP,0.018429,1.0
31.44,77.22,HP,0.018429,1.0
31.44,77.4,HP,0.018429,1.0
31.44,77.58,HP,0.018429,1.0
31.44,77.76,HP,0.018429,1.0
31.44,77.94,HP,0.018429,1.0
31.44,78.12,HP,0.018429,1.0
31.44,78.3,HP,0.018429,1.0
31.44,78.48,HP,0.018429,1.0
31.44,78.66,HP,0.0181,0.98218
31.44,78.84,HP,0.00429,0.232793
31.56,74.52,PB,0.001571,0.085335
31.56,74.7,PB,0.018128,0.984951
31.56,74.88,PB,0.018405,1.0
31.56,75.06,PB,0.018405,1.0
31.56,75.24,PB,0.018405,1.0
31.56,75.42,PB,0.018405,1.0
31.56,75.6,PB,0.018405,1.0
31.56,75.78,PB,0.018405,1.0
31.56,75.96,PB,0.018366,0.99785
31.56,75.96,HP,4e-05,0.00215
31.56,76.14,PB,0.003269,0.177589
31.56,76.14,HP,0.015137,0.822411
31.56,76.32,HP,0.018405,1.0
31.56,76.5,HP,0.018405,1.0
31.56,76.68,HP,0.018405,1.0
31.56,76.86,HP,0.018405,1.0
31.56,77.04,HP,0.018405,1.0
31.56,77.22,HP,0.018405,1.0
31.56,77.4,HP,0.018405,1.0
31.56,77.58,HP,0.018405,1.0
31.56,77.76,HP,0.018405,1.0
31.56,77.94,HP,0.018405,1.0
31.56,78.12,HP,0.018405,1.0
31.56,78.3,HP,0.018405,1.0
31.56,78.48,HP,0.018405,1.0
31.56,78.66,HP,0.017688,0.961018
31.56,78.84,HP,0.00421,0.228714
31.68,74.52,PB,0.008367,0.455184
31.68,74.7,PB,0.018381,1.0
31.68,74.88,PB,0.018381,1.0
31.68,75.06,PB,0.018381,1.0
31.68,75.24,PB,0.018381,1.0
31.68,75.42,PB,0.018381,1.0
31.68,75.6,PB,0.018381,1.0
31.68,75.78,PB,0.018381,1.0
31.68,75.96,PB,0.013456,0.732053
31.68,75.96,HP,0.004925,0.267947
31.68,76.14,HP,0.018381,1.0
31.68,76.32,HP,0.018381,1.0
31.68,76.5,HP,0.018381,1.0
31.68,76.68,HP,0.018381,1.0
31.68,76.86,HP,0.018381,1.0
31.68,77.04,HP,0.018381,1.0
31.68,77.22,HP,0.018381,1.0
31.68,77.4,HP,0.018381,1.0
31.68,77.58,HP,0.018381,1.0
31.68,77.76,HP,0.018381,1.0
31.68,77.94,HP,0.018381,1.0
31.68,78.12,HP,0.018381,1.0
31.68,78.3,HP,0.018381,1.0
31.68,78.48,HP,0.018381,1.0
31.68,78.66,HP,0.017858,0.971521
31.68,78.84,HP,0.00335,0.182226
31.8,74.52,PB,0.004051,0.220679
31.8,74.7,PB,0.018358,1.0
31.8,74.88,PB,0.018358,1.0
31.8,75.06,PB,0.018358,1.0
31.8,75.24,PB,0.018358,1.0
31.8,75.42,PB,0.018358,1.0
31.8,75.6,PB,0.018358,1.0
31.8,75.78,PB,0.018358,1.0
31.8,75.96,PB,0.009324,0.507926
31.8,75.96,HP,0.009033,0.492074
31.8,76.14,HP,0.018358,1.0
31.8,76.32,HP,0.018358,1.0
31.8,76.5,HP,0.018358,1.0
31.8,76.68,HP,0.018358,1.0
31.8,76.86,HP,0.018358,1.0
31.8,77.04,HP,0.018358,1.0
31.8,77.22,HP,0.018358,1.0
31.8,77.4,HP,0.018358,1.0
31.8,77.58,HP,0.018358,1.0
31.8,77.76,HP,0.018358,1.0
31.8,77.94,HP,0.018358,1.0
31.8,78.12,HP,0.018358,1.0
31.8,78.3,HP,0.018358,1.0
31.8,78.48,HP,0.018358,1.0
31.8,78.66,HP,0.015972,0.870034
31.92,74.52,PB,8.2e-05,0.004477
31.92,74.7,PB,0.009488,0.517528
31.92,74.88,PB,0.017598,0.95989
31.92,75.06,PB,0.018334,1.0
31.92,75.24,PB,0.018334,1.0
31.92,75.42,PB,0.018334,1.0
31.92,75.6,PB,0.018334,1.0
31.92,75.78,PB,0.018091,0.986747
31.92,75.78,HP,0.000243,0.013253
31.92,75.96,PB,0.005128,0.279697
31.92,75.96,HP,0.013206,0.720303
31.92,76.14,HP,0.018334,1.0
31.92,76.32,HP,0.018334,1.0
31.92,76.5,HP,0.018334,1.0
31.92,76.68,HP,0.018334,1.0
31.92,76.86,HP,0.018334,1.0
31.92,77.04,HP,0.018334,1.0
31.92,77.22,HP,0.018334,1.0
31.92,77.4,HP,0.018334,1.0
31.92,77.58,HP,0.018334,1.0
31.92,77.76,HP,0.018334,1.0
31.92,77.94,HP,0.018334,1.0
31.92,78.12,HP,0.018334,1.0
31.92,78.3,HP,0.018334,1.0
31.92,78.48,HP,0.018334,1.0
31.92,78.66,HP,0.01809,0.98669
31.92,78.84,HP,0.000903,0.049267
32.04,74.88,PB,0.00732,0.39979
32.04,75.06,PB,0.011671,0.637437
32.04,75.24,PB,0.017249,0.942039
32.04,75.42,PB,0.01831,1.0
32.04,75.6,PB,0.016214,0.885545
32.04,75.6,HP,0.002096,0.114455
32.04,75.78,PB,0.005024,0.274377
32.04,75.78,HP,0.013286,0.725623
32.04,75.96,HP,0.01831,1.0
32.04,76.14,HP,0.01831,1.0
32.04,76.32,HP,0.01831,1.0
32.04,76.5,HP,0.01831,1.0
32.04,76.68,HP,0.01831,1.0
32.04,76.86,HP,0.01831,1.0
32.04,77.04,HP,0.01831,1.0
32.04,77.22,HP,0.01831,1.0
32.04,77.4,HP,0.01831,1.0
32.04,77.58,HP,0.01831,1.0
32.04,77.76,HP,0.01831,1.0
32.04,77.94,HP,0.01831,1.0
32.04,78.12,HP,0.01831,1.0
32.04,78.3,HP,0.01831,1.0
32.04,78.48,HP,0.01831,1.0
32.04,78.66,HP,0.014833,0.81011
32.04,78.84,HP,0.000566,0.030936
32.16,75.24,PB,0.003353,0.18335
32.16,75.42,PB,0.018261,0.998644
32.16,75.6,PB,0.014084,0.770232
32.16,75.6,HP,0.004201,0.229768
32.16,75.78,HP,0.018286,1.0
32.16,75.96,HP,0.018286,1.0
32.16,76.14,HP,0.018286,1.0
32.16,76.32,HP,0.018286,1.0
32.16,76.5,HP,0.018286,1.0
32.16,76.68,HP,0.018286,1.0
32.16,76.86,HP,0.018286,1.0
32.16,77.04,HP,0.018286,1.0
32.16,77.22,HP,0.018286,1.0
32.16,77.4,HP,0.018286,1.0
32.16,77.58,HP,0.018286,1.0
32.16,77.76,HP,0.018286,1.0
32.16,77.94,HP,0.018286,1.0
32.16,78.12,HP,0.018286,1.0
32.16,78.3,HP,0.018286,1.0
32.16,78.48,HP,0.018286,1.0
32.16,78.66,HP,0.004151,0.227004
32.28,75.24,PB,1.2e-05,0.000644
32.28,75.24,J&K,7.5e-05,0.004092
32.28,75.42,PB,0.01429,0.782531
32.28,75.42,J&K,0.001798,0.098445
32.28,75.6,PB,0.016026,0.877587
32.28,75.6,HP,0.001279,0.070022
32.28,75.6,J&K,0.001187,0.064995
32.28,75.78,PB,0.005647,0.309227
32.28,75.78,HP,0.012615,0.690773
32.28,75.96,HP,0.018262,1.0
32.28,76.14,HP,0.018262,1.0
32.28,76.32,HP,0.018262,1.0
32.28,76.5,HP,0.018262,1.0
32.28,76.68,HP,0.018262,1.0
32.28,76.86,HP,0.018262,1.0
32.28,77.04,HP,0.018262,1.0
32.28,77.22,HP,0.018262,1.0
32.28,77.4,HP,0.018262,1.0
32.28,77.58,HP,0.018262,1.0
32.28,77.76,HP,0.018262,1.0
32.28,77.94,HP,0.018262,1.0
32.28,78.12,HP,0.018262,1.0
32.28,78.3,HP,0.018262,1.0
32.28,78.48,HP,0.010776,0.59009
32.28,78.66,HP,0.000233,0.012736
32.28,79.02,J&K,4e-06,0.000246
32.4,74.88,J&K,0.00039,0.021408
32.4,75.06,J&K,0.001294,0.070953
32.4,75.24,J&K,0.012053,0.660876
32.4,75.42,PB,2.7e-05,0.001489
32.4,75.42,J&K,0.018237,0.999986
32.4,75.6,PB,0.004506,0.247063
32.4,75.6,J&K,0.013842,0.758967
32.4,75.78,PB,0.015245,0.835934
32.4,75.78,HP,0.001019,0.055893
32.4,75.78,J&K,0.001747,0.095803
32.4,75.96,PB,0.003247,0.178054
32.4,75.96,HP,0.014987,0.821745
32.4,76.14,HP,0.018237,1.0
32.4,76.32,HP,0.018237,1.0
32.4,76.5,HP,0.018237,1.0
32.4,76.68,HP,0.018237,1.0
32.4,76.86,HP,0.018237,1.0
32.4,77.04,HP,0.018237,1.0
32.4,77.22,HP,0.018237,1.0
32.4,77.4,HP,0.018237,1.0
32.4,77.58,HP,0.018237,1.0
32.4,77.76,HP,0.018237,1.0
32.4,77.94,HP,0.018237,1.0
32.4,78.12,HP,0.018237,1.0
32.4,78.3,HP,0.018237,1.0
32.4,78.48,HP,0.0107,0.586723
32.4,78.84,J&K,0.003571,0.195797
32.4,79.02,J&K,0.013515,0.741048
32.4,79.2,J&K,0.001646,0.090257
32.52,74.7,J&K,0.01028,0.564406
32.52,74.88,J&K,0.016264,0.892969
32.52,75.06,J&K,0.016833,0.924243
32.52,75.24,J&K,0.018213,1.0
32.52,75.42,J&K,0.018213,1.0
32.52,75.6,J&K,0.018213,1.0
32.52,75.78,PB,0.003605,0.197945
32.52,75.78,HP,1.7e-05,0.000914
32.52,75.78,J&K,0.014759,0.810334
32.52,75.96,PB,0.001,0.054932
32.52,75.96,HP,0.016846,0.924909
32.52,75.96,J&K,0.000249,0.013653
32.52,76.14,HP,0.018213,1.0
32.52,76.32,HP,0.018213,1.0
32.52,76.5,HP,0.018213,1.0
32.52,76.68,HP,0.018213,1.0
32.52,76.86,HP,0.018213,1.0
32.52,77.04,HP,0.018213,1.0
32.52,77.22,HP,0.018213,1.0
32.52,77.4,HP,0.018213,1.0
32.52,77.58,HP,0.018213,1.0
32.52,77.76,HP,0.018213,1.0
32.52,77.94,HP,0.018213,1.0
32.52,78.12,HP,0.018213,1.0
32.52,78.3,HP,0.012419,0.681863
32.52,78.3,J&K,0.006038,0.331538
32.52,78.48,HP,0.003265,0.179242
32.52,78.48,J&K,0.002552,0.140128
32.52,78.84,J&K,0.013712,0.75284
32.52,79.02,J&K,0.018213,1.0
32.52,79.2,J&K,0.012678,0.696111
32.52,79.38,J&K,0.002922,0.160407
32.52,79.56,J&K,8e-06,0.000424
32.64,74.7,J&K,0.012958,0.712418
32.64,74.88,J&K,0.018189,1.0
32.64,75.06,J&K,0.018189,1.0
32.64,75.24,J&K,0.018189,1.0
32.64,75.42,J&K,0.018189,1.0
32.64,75.6,J&K,0.018189,1.0
32.64,75.78,J&K,0.018189,1.0
32.64,75.96,HP,0.013152,0.723092
32.64,75.96,J&K,0.004984,0.274008
32.64,76.14,HP,0.018189,1.0
32.64,76.32,HP,0.018189,1.0
32.64,76.5,HP,0.018189,1.0
32.64,76.68,HP,0.018189,1.0
32.64,76.86,HP,0.018189,1.0
32.64,77.04,HP,0.018189,1.0
32.64,77.22,HP,0.018189,1.0
32.64,77.4,HP,0.018189,1.0
32.64,77.58,HP,0.018189,1.0
32.64,77.76,HP,0.018189,1.0
32.64,77.94,HP,0.011062,0.608195
32.64,77.94,J&K,0.007126,0.391805
32.64,78.12,HP,0.009507,0.522671
32.64,78.12,J&K,0.008682,0.477329
32.64,78.3,HP,0.016074,0.883707
32.64,78.3,J&K,0.002115,0.116293
32.64,78.48,HP,0.000279,0.015321
32.64,78.48,J&K,0.016764,0.921686
32.64,78.66,J&K,0.009321,0.512432
32.64,78.84,J&K,0.015664,0.861169
32.64,79.02,J&K,0.018189,1.0
32.64,79.2,J&K,0.018189,1.0
32.64,79.38,J&K,0.017901,0.984194
32.64,79.56,J&K,0.00716,0.393674
32.76,74.34,J&K,0.00457,0.251564
32.76,74.52,J&K,0.008946,0.492486
32.76,74.7,J&K,0.013567,0.746927
32.76,74.88,J&K,0.018164,1.0
32.76,75.06,J&K,0.018164,1.0
32.76,75.24,J&K,0.018164,1.0
32.76,75.42,J&K,0.018164,1.0
32.76,75.6,J&K,0.018164,1.0
32.76,75.78,J&K,0.018164,1.0
32.76,75.96,HP,0.013689,0.753617
32.76,75.96,J&K,0.004469,0.246029
32.76,76.14,HP,0.018164,1.0
32.76,76.32,HP,0.018164,1.0
32.76,76.5,HP,0.018164,1.0
32.76,76.68,HP,0.018164,1.0
32.76,76.86,HP,0.018164,1.0
32.76,77.04,HP,0.018164,1.0
32.76,77.22,HP,0.018164,1.0
32.76,77.4,HP,0.01815,0.999215
32.76,77.4,J&K,1.4e-05,0.000785
32.76,77.58,HP,0.018164,1.0
32.76,77.76,HP,0.018164,1.0
32.76,77.94,HP,0.005992,0.329897
32.76,77.94,J&K,0.012172,0.670103
32.76,78.12,J&K,0.018164,1.0
32.76,78.3,HP,0.003277,0.180406
32.76,78.3,J&K,0.014887,0.819594
32.76,78.48,HP,0.000136,0.007509
32.76,78.48,J&K,0.018028,0.992491
32.76,78.66,J&K,0.018164,1.0
32.76,78.84,J&K,0.018164,1.0
32.76,79.02,J&K,0.018164,1.0
32.76,79.2,J&K,0.018164,1.0
32.76,79.38,J&K,0.018164,1.0
32.76,79.56,J&K,0.012549,0.690852
32.88,73.98,J&K,0.00075,0.041357
32.88,74.16,J&K,0.009293,0.512276
32.88,74.34,J&K,0.017702,0.975873
32.88,74.52,J&K,0.01814,1.0
32.88,74.7,J&K,0.017886,0.98602
32.88,74.88,J&K,0.01814,1.0
32.88,75.06,J&K,0.01814,1.0
32.88,75.24,J&K,0.01814,1.0
32.88,75.42,J&K,0.01814,1.0
32.88,75.6,J&K,0.01814,1.0
32.88,75.78,HP,0.003872,0.21343
32.88,75.78,J&K,0.014118,0.778304
32.88,75.96,HP,0.013822,0.761984
32.88,75.96,J&K,0.004302,0.237154
32.88,76.14,HP,0.018139,0.999939
32.88,76.14,J&K,1e-06,6.1e-05
32.88,76.32,HP,0.01814,1.0
32.88,76.5,HP,0.01814,1.0
32.88,76.68,HP,0.01814,1.0
32.88,76.86,HP,0.01814,1.0
32.88,77.04,HP,0.01814,1.0
32.88,77.22,HP,0.01251,0.689619
32.88,77.22,J&K,0.00563,0.310381
32.88,77.4,HP,0.005827,0.321224
32.88,77.4,J&K,0.012313,0.678776
32.88,77.58,HP,0.014425,0.795188
32.88,77.58,J&K,0.003715,0.204812
32.88,77.76,HP,0.01334,0.735417
32.88,77.76,J&K,0.0048,0.264583
32.88,77.94,HP,0.000123,0.006781
32.88,77.94,J&K,0.018017,0.993219
32.88,78.12,J&K,0.01814,1.0
32.88,78.3,J&K,0.01814,1.0
32.88,78.48,J&K,0.01814,1.0
32.88,78.66,J&K,0.01814,1.0
32.88,78.84,J&K,0.01814,1.0
32.88,79.02,J&K,0.01814,1.0
32.88,79.2,J&K,0.01814,1.0
32.88,79.38,J&K,0.017695,0.975459
32.88,79.56,J&K,0.002491,0.137298
33.0,73.8,J&K,0.00729,0.402443
33.0,73.98,J&K,0.01408,0.777222
33.0,74.16,J&K,0.018115,1.0
33.0,74.34,J&K,0.018115,1.0
33.0,74.52,J&K,0.018115,1.0
33.0,74.7,J&K,0.018115,1.0
33.0,74.88,J&K,0.018115,1.0
33.0,75.06,J&K,0.018115,1.0
33.0,75.24,J&K,0.018115,1.0
33.0,75.42,J&K,0.018115,1.0
33.0,75.6,J&K,0.018115,1.0
33.0,75.78,J&K,0.018115,1.0
33.0,75.96,J&K,0.018115,1.0
33.0,76.14,HP,0.00865,0.477514
33.0,76.14,J&K,0.009465,0.522486
33.0,76.32,HP,0.017329,0.956596
33.0,76.32,J&K,0.000786,0.043404
33.0,76.5,HP,0.018115,1.0
33.0,76.68,HP,0.018115,1.0
33.0,76.86,HP,0.017562,0.969458
33.0,76.86,J&K,0.000553,0.030542
33.0,77.04,HP,0.008053,0.444529
33.0,77.04,J&K,0.010063,0.555471
33.0,77.22,HP,0.000924,0.051012
33.0,77.22,J&K,0.017191,0.948988
33.0,77.4,J&K,0.018115,1.0
33.0,77.58,HP,0.000516,0.028499
33.0,77.58,J&K,0.017599,0.971501
33.0,77.76,HP,0.002187,0.120716
33.0,77.76,J&K,0.015928,0.879284
33.0,77.94,J&K,0.018115,1.0
33.0,78.12,J&K,0.018115,1.0
33.0,78.3,J&K,0.018115,1.0
33.0,78.48,J&K,0.018115,1.0
33.0,78.66,J&K,0.018115,1.0
33.0,78.84,J&K,0.018115,1.0
33.0,79.02,J&K,0.018115,1.0
33.0,79.2,J&K,0.018115,1.0
33.0,79.38,J&K,0.009623,0.531204
33.12,73.62,J&K,0.0058,0.320634
33.12,73.8,J&K,0.01782,0.985016
33.12,73.98,J&K,0.018091,1.0
33.12,74.16,J&K,0.018091,1.0
33.12,74.34,J&K,0.018091,1.0
33.12,74.52,J&K,0.018091,1.0
33.12,74.7,J&K,0.018091,1.0
33.12,74.88,J&K,0.018091,1.0
33.12,75.06,J&K,0.018091,1.0
33.12,75.24,J&K,0.018091,1.0
33.12,75.42,J&K,0.018091,1.0
33.12,75.6,J&K,0.018091,1.0
33.12,75.78,J&K,0.018091,1.0
33.12,75.96,J&K,0.018091,1.0
33.12,76.14,J&K,0.018091,1.0
33.12,76.32,HP,0.008803,0.486601
33.12,76.32,J&K,0.009288,0.513399
33.12,76.5,HP,0.018089,0.999922
33.12,76.5,J&K,1e-06,7.8e-05
33.12,76.68,HP,0.016945,0.936653
33.12,76.68,J&K,0.001146,0.063347
33.12,76.86,HP,0.009676,0.534864
33.12,76.86,J&K,0.008415,0.465136
33.12,77.04,J&K,0.018091,1.0
33.12,77.22,J&K,0.018091,1.0
33.12,77.4,J&K,0.018091,1.0
33.12,77.58,J&K,0.018091,1.0
33.12,77.76,J&K,0.018091,1.0
33.12,77.94,J&K,0.018091,1.0
33.12,78.12,J&K,0.018091,1.0
33.12,78.3,J&K,0.018091,1.0
33.12,78.48,J&K,0.018091,1.0
33.12,78.66,J&K,0.018091,1.0
33.12,78.84,J&K,0.018091,1.0
33.12,79.02,J&K,0.018091,1.0
33.12,79.2,J&K,0.018091,1.0
33.12,79.38,J&K,0.011044,0.610455
33.24,73.62,J&K,0.008543,0.472891
33.24,73.8,J&K,0.018066,1.0
33.24,73.98,J&K,0.018066,1.0
33.24,74.16,J&K,0.018066,1.0
33.24,74.34,J&K,0.018066,1.0
33.24,74.52,J&K,0.018066,1.0
33.24,74.7,J&K,0.018066,1.0
33.24,74.88,J&K,0.018066,1.0
33.24,75.06,J&K,0.018066,1.0
33.24,75.24,J&K,0.018066,1.0
33.24,75.42,J&K,0.018066,1.0
33.24,75.6,J&K,0.018066,1.0
33.24,75.78,J&K,0.018066,1.0
33.24,75.96,J&K,0.018066,1.0
33.24,76.14,J&K,0.018066,1.0
33.24,76.32,HP,2.8e-05,0.001545
33.24,76.32,J&K,0.018038,0.998455
33.24,76.5,HP,0.001707,0.094498
33.24,76.5,J&K,0.016359,0.905502
33.24,76.68,HP,0.000656,0.036338
33.24,76.68,J&K,0.017409,0.963662
33.24,76.86,HP,0.003229,0.178717
33.24,76.86,J&K,0.014837,0.821283
33.24,77.04,J&K,0.018066,1.0
33.24,77.22,J&K,0.018066,1.0
33.24,77.4,J&K,0.018066,1.0
33.24,77.58,J&K,0.018066,1.0
33.24,77.76,J&K,0.018066,1.0
33.24,77.94,J&K,0.018066,1.0
33.24,78.12,J&K,0.018066,1.0
33.24,78.3,J&K,0.018066,1.0
33.24,78.48,J&K,0.018066,1.0
33.24,78.66,J&K,0.018066,1.0
33.24,78.84,J&K,0.018066,1.0
33.24,79.02,J&K,0.018013,0.99707
33.24,79.2,J&K,0.01708,0.945408
33.24,79.38,J&K,0.012456,0.6895
33.36,73.62,J&K,0.013359,0.740491
33.36,73.8,J&K,0.018041,1.0
33.36,73.98,J&K,0.018041,1.0
33.36,74.16,J&K,0.018041,1.0
33.36,74.34,J&K,0.018041,1.0
33.36,74.52,J&K,0.018041,1.0
33.36,74.7,J&K,0.018041,1.0
33.36,74.88,J&K,0.018041,1.0
33.36,75.06,J&K,0.018041,1.0
33.36,75.24,J&K,0.018041,1.0
33.36,75.42,J&K,0.018041,1.0
33.36,75.6,J&K,0.018041,1.0
33.36,75.78,J&K,0.018041,1.0
33.36,75.96,J&K,0.018041,1.0
33.36,76.14,J&K,0.018041,1.0
33.36,76.32,J&K,0.018041,1.0
33.36,76.5,J&K,0.018041,1.0
33.36,76.68,J&K,0.018041,1.0
33.36,76.86,J&K,0.018041,1.0
33.36,77.04,J&K,0.018041,1.0
33.36,77.22,J&K,0.018041,1.0
33.36,77.4,J&K,0.018041,1.0
33.36,77.58,J&K,0.018041,1.0
33.36,77.76,J&K,0.018041,1.0
33.36,77.94,J&K,0.018041,1.0
33.36,78.12,J&K,0.018041,1.0
33.36,78.3,J&K,0.018041,1.0
33.36,78.48,J&K,0.018041,1.0
33.36,78.66,J&K,0.018041,1.0
33.36,78.84,J&K,0.018041,1.0
33.36,79.02,J&K,0.006123,0.339375
33.48,73.62,J&K,0.01017,0.56452
33.48,73.8,J&K,0.018016,1.0
33.48,73.98,J&K,0.018016,1.0
33.48,74.16,J&K,0.018016,1.0
33.48,74.34,J&K,0.018016,1.0
33.48,74.52,J&K,0.018016,1.0
33.48,74.7,J&K,0.018016,1.0
33.48,74.88,J&K,0.018016,1.0
33.48,75.06,J&K,0.018016,1.0
33.48,75.24,J&K,0.018016,1.0
33.48,75.42,J&K,0.018016,1.0
33.48,75.6,J&K,0.018016,1.0
33.48,75.78,J&K,0.018016,1.0
33.48,75.96,J&K,0.018016,1.0
33.48,76.14,J&K,0.018016,1.0
33.48,76.32,J&K,0.018016,1.0
33.48,76.5,J&K,0.018016,1.0
33.48,76.68,J&K,0.018016,1.0
33.48,76.86,J&K,0.018016,1.0
33.48,77.04,J&K,0.018016,1.0
33.48,77.22,J&K,0.018016,1.0
33.48,77.4,J&K,0.018016,1.0
33.48,77.58,J&K,0.018016,1.0
33.48,77.76,J&K,0.018016,1.0
33.48,77.94,J&K,0.018016,1.0
33.48,78.12,J&K,0.018016,1.0
33.48,78.3,J&K,0.018016,1.0
33.48,78.48,J&K,0.018016,1.0
33.48,78.66,J&K,0.018016,1.0
33.48,78.84,J&K,0.018016,0.999997
33.48,79.02,J&K,0.00075,0.041611
33.6,73.62,J&K,0.011449,0.636344
33.6,73.8,J&K,0.017991,1.0
33.6,73.98,J&K,0.017991,1.0
33.6,74.16,J&K,0.017991,1.0
33.6,74.34,J&K,0.017991,1.0
33.6,74.52,J&K,0.017991,1.0
33.6,74.7,J&K,0.017991,1.0
33.6,74.88,J&K,0.017991,1.0
33.6,75.06,J&K,0.017991,1.0
33.6,75.24,J&K,0.017991,1.0
33.6,75.42,J&K,0.017991,1.0
33.6,75.6,J&K,0.017991,1.0
33.6,75.78,J&K,0.017991,1.0
33.6,75.96,J&K,0.017991,1.0
33.6,76.14,J&K,0.017991,1.0
33.6,76.32,J&K,0.017991,1.0
33.6,76.5,J&K,0.017991,1.0
33.6,76.68,J&K,0.017991,1.0
33.6,76.86,J&K,0.017991,1.0
33.6,77.04,J&K,0.017991,1.0
33.6,77.22,J&K,0.017991,1.0
33.6,77.4,J&K,0.017991,1.0
33.6,77.58,J&K,0.017991,1.0
33.6,77.76,J&K,0.017991,1.0
33.6,77.94,J&K,0.017991,1.0
33.6,78.12,J&K,0.017991,1.0
33.6,78.3,J&K,0.017991,1.0
33.6,78.48,J&K,0.017991,1.0
33.6,78.66,J&K,0.017991,1.0
33.6,78.84,J&K,0.017121,0.951618
33.6,79.02,J&K,0.005746,0.319362
33.72,73.62,J&K,0.0128,0.712454
33.72,73.8,J&K,0.017966,1.0
33.72,73.98,J&K,0.017966,1.0
33.72,74.16,J&K,0.017966,1.0
33.72,74.34,J&K,0.017966,1.0
33.72,74.52,J&K,0.017966,1.0
33.72,74.7,J&K,0.017966,1.0
33.72,74.88,J&K,0.017966,1.0
33.72,75.06,J&K,0.017966,1.0
33.72,75.24,J&K,0.017966,1.0
33.72,75.42,J&K,0.017966,1.0
33.72,75.6,J&K,0.017966,1.0
33.72,75.78,J&K,0.017966,1.0
33.72,75.96,J&K,0.017966,1.0
33.72,76.14,J&K,0.017966,1.0
33.72,76.32,J&K,0.017966,1.0
33.72,76.5,J&K,0.017966,1.0
33.72,76.68,J&K,0.017966,1.0
33.72,76.86,J&K,0.017966,1.0
33.72,77.04,J&K,0.017966,1.0
33.72,77.22,J&K,0.017966,1.0
33.72,77.4,J&K,0.017966,1.0
33.72,77.58,J&K,0.017966,1.0
33.72,77.76,J&K,0.017966,1.0
33.72,77.94,J&K,0.017966,1.0
33.72,78.12,J&K,0.017966,1.0
33.72,78.3,J&K,0.017966,1.0
33.72,78.48,J&K,0.017966,1.0
33.72,78.66,J&K,0.017966,1.0
33.72,78.84,J&K,0.017966,1.0
33.72,79.02,J&K,0.012023,0.66923
33.84,73.62,J&K,0.013442,0.749212
33.84,73.8,J&K,0.017941,1.0
33.84,73.98,J&K,0.017941,1.0
33.84,74.16,J&K,0.017941,1.0
33.84,74.34,J&K,0.017941,1.0
33.84,74.52,J&K,0.017941,1.0
33.84,74.7,J&K,0.017941,1.0
33.84,74.88,J&K,0.017941,1.0
33.84,75.06,J&K,0.017941,1.0
33.84,75.24,J&K,0.017941,1.0
33.84,75.42,J&K,0.017941,1.0
33.84,75.6,J&K,0.017941,1.0
33.84,75.78,J&K,0.017941,1.0
33.84,75.96,J&K,0.017941,1.0
33.84,76.14,J&K,0.017941,1.0
33.84,76.32,J&K,0.017941,1.0
33.84,76.5,J&K,0.017941,1.0
33.84,76.68,J&K,0.017941,1.0
33.84,76.86,J&K,0.017941,1.0
33.84,77.04,J&K,0.017941,1.0
33.84,77.22,J&K,0.017941,1.0
33.84,77.4,J&K,0.017941,1.0
33.84,77.58,J&K,0.017941,1.0
33.84,77.76,J&K,0.017941,1.0
33.84,77.94,J&K,0.017941,1.0
33.84,78.12,J&K,0.017941,1.0
33.84,78.3,J&K,0.017941,1.0
33.84,78.48,J&K,0.017941,1.0
33.84,78.66,J&K,0.017941,1.0
33.84,78.84,J&K,0.017941,1.0
33.84,79.02,J&K,0.005651,0.314968
33.96,73.44,J&K,0.000368,0.020541
33.96,73.62,J&K,0.016274,0.908374
33.96,73.8,J&K,0.017916,1.0
33.96,73.98,J&K,0.017916,1.0
33.96,74.16,J&K,0.017916,1.0
33.96,74.34,J&K,0.017916,1.0
33.96,74.52,J&K,0.017916,1.0
33.96,74.7,J&K,0.017916,1.0
33.96,74.88,J&K,0.017916,1.0
33.96,75.06,J&K,0.017916,1.0
33.96,75.24,J&K,0.017916,1.0
33.96,75.42,J&K,0.017916,1.0
33.96,75.6,J&K,0.017916,1.0
33.96,75.78,J&K,0.017916,1.0
33.96,75.96,J&K,0.017916,1.0
33.96,76.14,J&K,0.017916,1.0
33.96,76.32,J&K,0.017916,1.0
33.96,76.5,J&K,0.017916,1.0
33.96,76.68,J&K,0.017916,1.0
33.96,76.86,J&K,0.017916,1.0
33.96,77.04,J&K,0.017916,1.0
33.96,77.22,J&K,0.017916,1.0
33.96,77.4,J&K,0.017916,1.0
33.96,77.58,J&K,0.017916,1.0
33.96,77.76,J&K,0.017916,1.0
33.96,77.94,J&K,0.017916,1.0
33.96,78.12,J&K,0.017916,1.0
33.96,78.3,J&K,0.017916,1.0
33.96,78.48,J&K,0.017916,1.0
33.96,78.66,J&K,0.017916,1.0
33.96,78.84,J&K,0.017318,0.966625
33.96,79.02,J&K,0.00067,0.037424
33.96,79.2,J&K,0.0,1.1e-05
33.96,79.38,J&K,2.1e-05,0.001186
34.08,73.44,J&K,0.002848,0.159165
34.08,73.62,J&K,0.01789,1.0
34.08,73.8,J&K,0.01789,1.0
34.08,73.98,J&K,0.01789,1.0
34.08,74.16,J&K,0.01789,1.0
34.08,74.34,J&K,0.01789,1.0
34.08,74.52,J&K,0.01789,1.0
34.08,74.7,J&K,0.01789,1.0
34.08,74.88,J&K,0.01789,1.0
34.08,75.06,J&K,0.01789,1.0
34.08,75.24,J&K,0.01789,1.0
34.08,75.42,J&K,0.01789,1.0
34.08,75.6,J&K,0.01789,1.0
34.08,75.78,J&K,0.01789,1.0
34.08,75.96,J&K,0.01789,1.0
34.08,76.14,J&K,0.01789,1.0
34.08,76.32,J&K,0.01789,1.0
34.08,76.5,J&K,0.01789,1.0
34.08,76.68,J&K,0.01789,1.0
34.08,76.86,J&K,0.01789,1.0
34.08,77.04,J&K,0.01789,1.0
34.08,77.22,J&K,0.01789,1.0
34.08,77.4,J&K,0.01789,1.0
34.08,77.58,J&K,0.01789,1.0
34.08,77.76,J&K,0.01789,1.0
34.08,77.94,J&K,0.01789,1.0
34.08,78.12,J&K,0.01789,1.0
34.08,78.3,J&K,0.01789,1.0
34.08,78.48,J&K,0.01789,1.0
34.08,78.66,J&K,0.01789,1.0
34.08,78.84,J&K,0.01789,1.0
34.08,79.02,J&K,0.015559,0.869709
34.08,79.2,J&K,0.013845,0.773874
34.08,79.38,J&K,0.014001,0.782601
34.08,79.56,J&K,0.000282,0.01579
34.2,73.44,J&K,0.004257,0.238296
34.2,73.62,J&K,0.017865,1.0
34.2,73.8,J&K,0.017865,1.0
34.2,73.98,J&K,0.017865,1.0
34.2,74.16,J&K,0.017865,1.0
34.2,74.34,J&K,0.017865,1.0
34.2,74.52,J&K,0.017865,1.0
34.2,74.7,J&K,0.017865,1.0
34.2,74.88,J&K,0.017865,1.0
34.2,75.06,J&K,0.017865,1.0
34.2,75.24,J&K,0.017865,1.0
34.2,75.42,J&K,0.017865,1.0
34.2,75.6,J&K,0.017865,1.0
34.2,75.78,J&K,0.017865,1.0
34.2,75.96,J&K,0.017865,1.0
34.2,76.14,J&K,0.017865,1.0
34.2,76.32,J&K,0.017865,1.0
34.2,76.5,J&K,0.017865,1.0
34.2,76.68,J&K,0.017865,1.0
34.2,76.86,J&K,0.017865,1.0
34.2,77.04,J&K,0.017865,1.0
34.2,77.22,J&K,0.017865,1.0
34.2,77.4,J&K,0.017865,1.0
34.2,77.58,J&K,0.017865,1.0
34.2,77.76,J&K,0.017865,1.0
34.2,77.94,J&K,0.017865,1.0
34.2,78.12,J&K,0.017865,1.0
34.2,78.3,J&K,0.017865,1.0
34.2,78.48,J&K,0.017865,1.0
34.2,78.66,J&K,0.017865,1.0
34.2,78.84,J&K,0.017865,1.0
34.2,79.02,J&K,0.017865,1.0
34.2,79.2,J&K,0.017865,1.0
34.2,79.38,J&K,0.017865,1.0
34.2,79.56,J&K,0.006203,0.347214
34.32,73.44,J&K,0.009065,0.508145
34.32,73.62,J&K,0.017839,1.0
34.32,73.8,J&K,0.017839,1.0
34.32,73.98,J&K,0.017839,1.0
34.32,74.16,J&K,0.017839,1.0
34.32,74.34,J&K,0.017839,1.0
34.32,74.52,J&K,0.017839,1.0
34.32,74.7,J&K,0.017839,1.0
34.32,74.88,J&K,0.017839,1.0
34.32,75.06,J&K,0.017839,1.0
34.32,75.24,J&K,0.017839,1.0
34.32,75.42,J&K,0.017839,1.0
34.32,75.6,J&K,0.017839,1.0
34.32,75.78,J&K,0.017839,1.0
34.32,75.96,J&K,0.017839,1.0
34.32,76.14,J&K,0.017839,1.0
34.32,76.32,J&K,0.017839,1.0
34.32,76.5,J&K,0.017839,1.0
34.32,76.68,J&K,0.017839,1.0
34.32,76.86,J&K,0.017839,1.0
34.32,77.04,J&K,0.017839,1.0
34.32,77.22,J&K,0.017839,1.0
34.32,77.4,J&K,0.017839,1.0
34.32,77.58,J&K,0.017839,1.0
34.32,77.76,J&K,0.017839,1.0
34.32,77.94,J&K,0.017839,1.0
34.32,78.12,J&K,0.017839,1.0
34.32,78.3,J&K,0.017839,1.0
34.32,78.48,J&K,0.017839,1.0
34.32,78.66,J&K,0.017839,1.0
34.32,78.84,J&K,0.017839,1.0
34.32,79.02,J&K,0.017839,1.0
34.32,79.2,J&K,0.017839,1.0
34.32,79.38,J&K,0.017839,1.0
34.32,79.56,J&K,0.010134,0.568059
34.44,73.44,J&K,0.010795,0.605976
34.44,73.62,J&K,0.017814,1.0
34.44,73.8,J&K,0.017814,1.0
34.44,73.98,J&K,0.017814,1.0
34.44,74.16,J&K,0.017814,1.0
34.44,74.34,J&K,0.017814,1.0
34.44,74.52,J&K,0.017814,1.0
34.44,74.7,J&K,0.017814,1.0
34.44,74.88,J&K,0.017814,1.0
34.44,75.06,J&K,0.017814,1.0
34.44,75.24,J&K,0.017814,1.0
34.44,75.42,J&K,0.017814,1.0
34.44,75.6,J&K,0.017814,1.0
34.44,75.78,J&K,0.017814,1.0
34.44,75.96,J&K,0.017814,1.0
34.44,76.14,J&K,0.017814,1.0
34.44,76.32,J&K,0.017814,1.0
34.44,76.5,J&K,0.017814,1.0
34.44,76.68,J&K,0.017814,1.0
34.44,76.86,J&K,0.017814,1.0
34.44,77.04,J&K,0.017814,1.0
34.44,77.22,J&K,0.017814,1.0
34.44,77.4,J&K,0.017814,1.0
34.44,77.58,J&K,0.017814,1.0
34.44,77.76,J&K,0.017814,1.0
34.44,77.94,J&K,0.017814,1.0
34.44,78.12,J&K,0.017814,1.0
34.44,78.3,J&K,0.017814,1.0
34.44,78.48,J&K,0.017814,1.0
34.44,78.66,J&K,0.017814,1.0
34.44,78.84,J&K,0.017814,1.0
34.44,79.02,J&K,0.017814,1.0
34.44,79.2,J&K,0.017814,1.0
34.44,79.38,J&K,0.017814,1.0
34.44,79.56,J&K,0.007043,0.395355
34.44,79.74,J&K,0.002229,0.125131
34.56,73.44,J&K,0.005456,0.306737
34.56,73.62,J&K,0.013741,0.772489
34.56,73.8,J&K,0.017788,1.0
34.56,73.98,J&K,0.017788,1.0
34.56,74.16,J&K,0.017788,1.0
34.56,74.34,J&K,0.017788,1.0
34.56,74.52,J&K,0.017788,1.0
34.56,74.7,J&K,0.017788,1.0
34.56,74.88,J&K,0.017788,1.0
34.56,75.06,J&K,0.017788,1.0
34.56,75.24,J&K,0.017788,1.0
34.56,75.42,J&K,0.017788,1.0
34.56,75.6,J&K,0.017788,1.0
34.56,75.78,J&K,0.017788,1.0
34.56,75.96,J&K,0.017788,1.0
34.56,76.14,J&K,0.017788,1.0
34.56,76.32,J&K,0.017788,1.0
34.56,76.5,J&K,0.017788,1.0
34.56,76.68,J&K,0.017788,1.0
34.56,76.86,J&K,0.017788,1.0
34.56,77.04,J&K,0.017788,1.0
34.56,77.22,J&K,0.017788,1.0
34.56,77.4,J&K,0.017788,1.0
34.56,77.58,J&K,0.017788,1.0
34.56,77.76,J&K,0.017788,1.0
34.56,77.94,J&K,0.017788,1.0
34.56,78.12,J&K,0.017788,1.0
34.56,78.3,J&K,0.017788,1.0
34.56,78.48,J&K,0.017788,1.0
34.56,78.66,J&K,0.017788,1.0
34.56,78.84,J&K,0.017788,1.0
34.56,79.02,J&K,0.017788,1.0
34.56,79.2,J&K,0.017788,1.0
34.56,79.38,J&K,0.017788,1.0
34.56,79.56,J&K,0.017787,0.999899
34.56,79.74,J&K,0.01359,0.764008
34.68,73.62,J&K,0.002637,0.148443
34.68,73.8,J&K,0.01776,0.999877
34.68,73.98,J&K,0.017763,1.0
34.68,74.16,J&K,0.017763,1.0
34.68,74.34,J&K,0.017763,1.0
34.68,74.52,J&K,0.017763,1.0
34.68,74.7,J&K,0.017763,1.0
34.68,74.88,J&K,0.017763,1.0
34.68,75.06,J&K,0.017763,1.0
34.68,75.24,J&K,0.017763,1.0
34.68,75.42,J&K,0.017763,1.0
34.68,75.6,J&K,0.017763,1.0
34.68,75.78,J&K,0.017763,1.0
34.68,75.96,J&K,0.017763,1.0
34.68,76.14,J&K,0.017763,1.0
34.68,76.32,J&K,0.017763,1.0
34.68,76.5,J&K,0.017763,1.0
34.68,76.68,J&K,0.017763,1.0
34.68,76.86,J&K,0.017763,1.0
34.68,77.04,J&K,0.017763,1.0
34.68,77.22,J&K,0.017763,1.0
34.68,77.4,J&K,0.017763,1.0
34.68,77.58,J&K,0.017763,1.0
34.68,77.76,J&K,0.017763,1.0
34.68,77.94,J&K,0.017763,1.0
34.68,78.12,J&K,0.017763,1.0
34.68,78.3,J&K,0.017763,1.0
34.68,78.48,J&K,0.017763,1.0
34.68,78.66,J&K,0.017763,1.0
34.68,78.84,J&K,0.017763,1.0
34.68,79.02,J&K,0.017763,1.0
34.68,79.2,J&K,0.017763,1.0
34.68,79.38,J&K,0.017763,1.0
34.68,79.56,J&K,0.017763,1.0
34.68,79.74,J&K,0.016919,0.952507
34.68,79.92,J&K,0.008185,0.460795
34.68,80.1,J&K,0.001622,0.091329
34.8,73.8,J&K,0.007852,0.442679
34.8,73.98,J&K,0.015431,0.869979
34.8,74.16,J&K,0.017737,1.0
34.8,74.34,J&K,0.017737,1.0
34.8,74.52,J&K,0.017737,1.0
34.8,74.7,J&K,0.017737,1.0
34.8,74.88,J&K,0.017737,1.0
34.8,75.06,J&K,0.017737,1.0
34.8,75.24,J&K,0.017737,1.0
34.8,75.42,J&K,0.017737,1.0
34.8,75.6,J&K,0.017737,1.0
34.8,75.78,J&K,0.017737,1.0
34.8,75.96,J&K,0.017737,1.0
34.8,76.14,J&K,0.017737,1.0
34.8,76.32,J&K,0.017737,1.0
34.8,76.5,J&K,0.017737,1.0
34.8,76.68,J&K,0.017737,1.0
34.8,76.86,J&K,0.017737,1.0
34.8,77.04,J&K,0.017737,1.0
34.8,77.22,J&K,0.017737,1.0
34.8,77.4,J&K,0.017737,1.0
34.8,77.58,J&K,0.017737,1.0
34.8,77.76,J&K,0.017737,1.0
34.8,77.94,J&K,0.017737,1.0
34.8,78.12,J&K,0.017737,1.0
34.8,78.3,J&K,0.017737,1.0
34.8,78.48,J&K,0.017737,1.0
34.8,78.66,J&K,0.017737,1.0
34.8,78.84,J&K,0.017737,1.0
34.8,79.02,J&K,0.017737,1.0
34.8,79.2,J&K,0.017737,1.0
34.8,79.38,J&K,0.017737,1.0
34.8,79.56,J&K,0.017737,1.0
34.8,79.74,J&K,0.017737,1.0
34.8,79.92,J&K,0.017737,1.0
34.8,80.1,J&K,0.006425,0.362217
34.92,73.98,J&K,0.002525,0.14259
34.92,74.16,J&K,0.017681,0.998286
34.92,74.34,J&K,0.017711,1.0
34.92,74.52,J&K,0.017711,1.0
34.92,74.7,J&K,0.017711,1.0
34.92,74.88,J&K,0.017711,1.0
34.92,75.06,J&K,0.017711,1.0
34.92,75.24,J&K,0.017711,1.0
34.92,75.42,J&K,0.017711,1.0
34.92,75.6,J&K,0.017711,1.0
34.92,75.78,J&K,0.017711,1.0
34.92,75.96,J&K,0.017711,1.0
34.92,76.14,J&K,0.017711,1.0
34.92,76.32,J&K,0.017711,1.0
34.92,76.5,J&K,0.017711,1.0
34.92,76.68,J&K,0.017711,1.0
34.92,76.86,J&K,0.017711,1.0
34.92,77.04,J&K,0.017711,1.0
34.92,77.22,J&K,0.017711,1.0
34.92,77.4,J&K,0.017711,1.0
34.92,77.58,J&K,0.017711,1.0
34.92,77.76,J&K,0.017711,1.0
34.92,77.94,J&K,0.017711,1.0
34.92,78.12,J&K,0.017711,1.0
34.92,78.3,J&K,0.017711,1.0
34.92,78.48,J&K,0.017711,1.0
34.92,78.66,J&K,0.017711,1.0
34.92,78.84,J&K,0.017711,1.0
34.92,79.02,J&K,0.017711,1.0
34.92,79.2,J&K,0.017711,1.0
34.92,79.38,J&K,0.017711,1.0
34.92,79.56,J&K,0.017711,1.0
34.92,79.74,J&K,0.017711,1.0
34.92,79.92,J&K,0.017711,1.0
34.92,80.1,J&K,0.01227,0.692793
35.04,73.98,J&K,0.00012,0.006787
35.04,74.16,J&K,0.016469,0.931266
35.04,74.34,J&K,0.017685,1.0
35.04,74.52,J&K,0.017685,1.0
35.04,74.7,J&K,0.017685,1.0
35.04,74.88,J&K,0.017685,1.0
35.04,75.06,J&K,0.017685,1.0
35.04,75.24,J&K,0.017685,1.0
35.04,75.42,J&K,0.017685,1.0
35.04,75.6,J&K,0.017685,1.0
35.04,75.78,J&K,0.017685,1.0
35.04,75.96,J&K,0.017685,1.0
35.04,76.14,J&K,0.017685,1.0
35.04,76.32,J&K,0.017685,1.0
35.04,76.5,J&K,0.017685,1.0
35.04,76.68,J&K,0.017685,1.0
35.04,76.86,J&K,0.017685,1.0
35.04,77.04,J&K,0.017685,1.0
35.04,77.22,J&K,0.017685,1.0
35.04,77.4,J&K,0.017685,1.0
35.04,77.58,J&K,0.017685,1.0
35.04,77.76,J&K,0.017685,1.0
35.04,77.94,J&K,0.017685,1.0
35.04,78.12,J&K,0.017685,1.0
35.04,78.3,J&K,0.017685,1.0
35.04,78.48,J&K,0.017685,1.0
35.04,78.66,J&K,0.017685,1.0
35.04,78.84,J&K,0.017685,1.0
35.04,79.02,J&K,0.017685,1.0
35.04,79.2,J&K,0.017685,1.0
35.04,79.38,J&K,0.017685,1.0
35.04,79.56,J&K,0.017685,1.0
35.04,79.74,J&K,0.017685,1.0
35.04,79.92,J&K,0.017685,1.0
35.04,80.1,J&K,0.0163,0.921692
35.16,73.8,J&K,0.000249,0.014083
35.16,73.98,J&K,0.00599,0.339232
35.16,74.16,J&K,0.015679,0.887874
35.16,74.34,J&K,0.017659,1.0
35.16,74.52,J&K,0.017659,1.0
35.16,74.7,J&K,0.017659,1.0
35.16,74.88,J&K,0.017659,1.0
35.16,75.06,J&K,0.017659,1.0
35.16,75.24,J&K,0.017659,1.0
35.16,75.42,J&K,0.017659,1.0
35.16,75.6,J&K,0.017659,1.0
35.16,75.78,J&K,0.017659,1.0
35.16,75.96,J&K,0.017659,1.0
35.16,76.14,J&K,0.017659,1.0
35.16,76.32,J&K,0.017659,1.0
35.16,76.5,J&K,0.017659,1.0
35.16,76.68,J&K,0.017659,1.0
35.16,76.86,J&K,0.017659,1.0
35.16,77.04,J&K,0.017659,1.0
35.16,77.22,J&K,0.017659,1.0
35.16,77.4,J&K,0.017659,1.0
35.16,77.58,J&K,0.017659,1.0
35.16,77.76,J&K,0.017659,1.0
35.16,77.94,J&K,0.017659,1.0
35.16,78.12,J&K,0.017659,1.0
35.16,78.3,J&K,0.017659,1.0
35.16,78.48,J&K,0.017659,1.0
35.16,78.66,J&K,0.017659,1.0
35.16,78.84,J&K,0.017659,1.0
35.16,79.02,J&K,0.017659,1.0
35.16,79.2,J&K,0.017659,1.0
35.16,79.38,J&K,0.017659,1.0
35.16,79.56,J&K,0.017659,1.0
35.16,79.74,J&K,0.017659,1.0
35.16,79.92,J&K,0.017659,1.0
35.16,80.1,J&K,0.017188,0.973315
35.16,80.28,J&K,0.000664,0.037618
35.28,73.62,J&K,0.000206,0.011685
35.28,73.8,J&K,0.015485,0.878201
35.28,73.98,J&K,0.017633,1.0
35.28,74.16,J&K,0.017633,1.0
35.28,74.34,J&K,0.017633,1.0
35.28,74.52,J&K,0.017633,1.0
35.28,74.7,J&K,0.017633,1.0
35.28,74.88,J&K,0.017633,1.0
35.28,75.06,J&K,0.017633,1.0
35.28,75.24,J&K,0.017633,1.0
35.28,75.42,J&K,0.017633,1.0
35.28,75.6,J&K,0.017633,1.0
35.28,75.78,J&K,0.017633,1.0
35.28,75.96,J&K,0.017633,1.0
35.28,76.14,J&K,0.017633,1.0
35.28,76.32,J&K,0.017633,1.0
35.28,76.5,J&K,0.017633,1.0
35.28,76.68,J&K,0.017633,1.0
35.28,76.86,J&K,0.017633,1.0
35.28,77.04,J&K,0.017633,1.0
35.28,77.22,J&K,0.017633,1.0
35.28,77.4,J&K,0.017633,1.0
35.28,77.58,J&K,0.017633,1.0
35.28,77.76,J&K,0.017633,1.0
35.28,77.94,J&K,0.017633,1.0
35.28,78.12,J&K,0.017633,1.0
35.28,78.3,J&K,0.017633,1.0
35.28,78.48,J&K,0.017633,1.0
35.28,78.66,J&K,0.017633,1.0
35.28,78.84,J&K,0.017633,1.0
35.28,79.02,J&K,0.017633,1.0
35.28,79.2,J&K,0.017633,1.0
35.28,79.38,J&K,0.017633,1.0
35.28,79.56,J&K,0.017633,1.0
35.28,79.74,J&K,0.017633,1.0
35.28,79.92,J&K,0.017633,1.0
35.28,80.1,J&K,0.017633,1.0
35.28,80.28,J&K,0.005105,0.289522
35.4,73.62,J&K,0.000213,0.012074
35.4,73.8,J&K,0.015504,0.880565
35.4,73.98,J&K,0.017607,1.0
35.4,74.16,J&K,0.017607,1.0
35.4,74.34,J&K,0.017607,1.0
35.4,74.52,J&K,0.017607,1.0
35.4,74.7,J&K,0.017607,1.0
35.4,74.88,J&K,0.017607,1.0
35.4,75.06,J&K,0.017607,1.0
35.4,75.24,J&K,0.017607,1.0
35.4,75.42,J&K,0.017607,1.0
35.4,75.6,J&K,0.017607,1.0
35.4,75.78,J&K,0.017607,1.0
35.4,75.96,J&K,0.017607,1.0
35.4,76.14,J&K,0.017607,1.0
35.4,76.32,J&K,0.017607,1.0
35.4,76.5,J&K,0.017607,1.0
35.4,76.68,J&K,0.017607,1.0
35.4,76.86,J&K,0.017607,1.0
35.4,77.04,J&K,0.017607,1.0
35.4,77.22,J&K,0.017607,1.0
35.4,77.4,J&K,0.017607,1.0
35.4,77.58,J&K,0.017607,1.0
35.4,77.76,J&K,0.017607,1.0
35.4,77.94,J&K,0.017599,0.999553
35.4,78.12,J&K,0.017607,1.0
35.4,78.3,J&K,0.017607,1.0
35.4,78.48,J&K,0.017607,1.0
35.4,78.66,J&K,0.017607,1.0
35.4,78.84,J&K,0.017607,1.0
35.4,79.02,J&K,0.017607,1.0
35.4,79.2,J&K,0.017607,1.0
35.4,79.38,J&K,0.017607,1.0
35.4,79.56,J&K,0.017607,1.0
35.4,79.74,J&K,0.017607,1.0
35.4,79.92,J&K,0.017607,1.0
35.4,80.1,J&K,0.017607,1.0
35.4,80.28,J&K,0.008713,0.494894
35.52,73.44,J&K,0.001014,0.057674
35.52,73.62,J&K,0.002736,0.155632
35.52,73.8,J&K,0.012597,0.716556
35.52,73.98,J&K,0.017581,1.0
35.52,74.16,J&K,0.017581,1.0
35.52,74.34,J&K,0.017581,1.0
35.52,74.52,J&K,0.017581,1.0
35.52,74.7,J&K,0.017581,1.0
35.52,74.88,J&K,0.017581,1.0
35.52,75.06,J&K,0.017581,1.0
35.52,75.24,J&K,0.017581,1.0
35.52,75.42,J&K,0.017581,1.0
35.52,75.6,J&K,0.017581,1.0
35.52,75.78,J&K,0.017581,1.0
35.52,75.96,J&K,0.017581,1.0
35.52,76.14,J&K,0.017581,1.0
35.52,76.32,J&K,0.017581,1.0
35.52,76.5,J&K,0.017581,1.0
35.52,76.68,J&K,0.017581,1.0
35.52,76.86,J&K,0.017581,1.0
35.52,77.04,J&K,0.017581,1.0
35.52,77.22,J&K,0.017581,1.0
35.52,77.4,J&K,0.009132,0.519429
35.52,77.58,J&K,0.00293,0.166637
35.52,77.76,J&K,0.00528,0.300306
35.52,77.94,J&K,0.009151,0.520537
35.52,78.12,J&K,0.014906,0.847849
35.52,78.3,J&K,0.017581,1.0
35.52,78.48,J&K,0.017581,1.0
35.52,78.66,J&K,0.017581,1.0
35.52,78.84,J&K,0.017581,1.0
35.52,79.02,J&K,0.017581,1.0
35.52,79.2,J&K,0.017581,1.0
35.52,79.38,J&K,0.017581,1.0
35.52,79.56,J&K,0.017581,1.0
35.52,79.74,J&K,0.017581,1.0
35.52,79.92,J&K,0.017581,1.0
35.52,80.1,J&K,0.017581,1.0
35.52,80.28,J&K,0.012105,0.68853
35.64,73.08,J&K,5e-06,0.000303
35.64,73.26,J&K,0.008087,0.460692
35.64,73.44,J&K,0.016911,0.96334
35.64,73.62,J&K,0.017554,1.0
35.64,73.8,J&K,0.017554,1.0
35.64,73.98,J&K,0.017554,1.0
35.64,74.16,J&K,0.017554,1.0
35.64,74.34,J&K,0.017554,1.0
35.64,74.52,J&K,0.017554,1.0
35.64,74.7,J&K,0.017554,1.0
35.64,74.88,J&K,0.017554,1.0
35.64,75.06,J&K,0.017554,1.0
35.64,75.24,J&K,0.017554,1.0
35.64,75.42,J&K,0.017554,1.0
35.64,75.6,J&K,0.017554,1.0
35.64,75.78,J&K,0.017554,1.0
35.64,75.96,J&K,0.017554,1.0
35.64,76.14,J&K,0.017554,1.0
35.64,76.32,J&K,0.017554,1.0
35.64,76.5,J&K,0.017554,1.0
35.64,76.68,J&K,0.017554,1.0
35.64,76.86,J&K,0.017554,1.0
35.64,77.04,J&K,0.017554,1.0
35.64,77.22,J&K,0.017554,1.0
35.64,77.4,J&K,0.010739,0.611737
35.64,77.94,J&K,0.000457,0.026062
35.64,78.12,J&K,0.002529,0.144081
35.64,78.3,J&K,0.015313,0.872345
35.64,78.48,J&K,0.017554,1.0
35.64,78.66,J&K,0.017554,1.0
35.64,78.84,J&K,0.017554,1.0
35.64,79.02,J&K,0.017554,1.0
35.64,79.2,J&K,0.017554,1.0
35.64,79.38,J&K,0.017554,1.0
35.64,79.56,J&K,0.017554,1.0
35.64,79.74,J&K,0.017554,1.0
35.64,79.92,J&K,0.017554,1.0
35.64,80.1,J&K,0.015375,0.875884
35.64,80.28,J&K,0.004705,0.268032
35.76,73.08,J&K,0.002978,0.169878
35.76,73.26,J&K,0.017528,1.0
35.76,73.44,J&K,0.017528,1.0
35.76,73.62,J&K,0.017528,1.0
35.76,73.8,J&K,0.017528,1.0
35.76,73.98,J&K,0.017528,1.0
35.76,74.16,J&K,0.017528,1.0
35.76,74.34,J&K,0.017528,1.0
35.76,74.52,J&K,0.017528,1.0
35.76,74.7,J&K,0.017528,1.0
35.76,74.88,J&K,0.017528,1.0
35.76,75.06,J&K,0.017528,1.0
35.76,75.24,J&K,0.017528,1.0
35.76,75.42,J&K,0.017528,1.0
35.76,75.6,J&K,0.017528,1.0
35.76,75.78,J&K,0.017528,1.0
35.76,75.96,J&K,0.017528,1.0
35.76,76.14,J&K,0.017528,1.0
35.76,76.32,J&K,0.017528,1.0
35.76,76.5,J&K,0.017528,1.0
35.76,76.68,J&K,0.017528,1.0
35.76,76.86,J&K,0.016022,0.914091
35.76,77.04,J&K,0.012234,0.697956
35.76,77.22,J&K,0.004726,0.269607
35.76,77.4,J&K,0.000655,0.037375
35.76,78.3,J&K,0.002754,0.157132
35.76,78.48,J&K,0.01078,0.615002
35.76,78.66,J&K,0.017155,0.978709
35.76,78.84,J&K,0.017528,1.0
35.76,79.02,J&K,0.017528,1.0
35.76,79.2,J&K,0.017528,1.0
35.76,79.38,J&K,0.017528,1.0
35.76,79.56,J&K,0.017528,1.0
35.76,79.74,J&K,0.015332,0.874711
35.76,79.92,J&K,0.015657,0.893263
35.76,80.1,J&K,0.004953,0.282574
35.88,72.54,J&K,0.003792,0.216671
35.88,72.72,J&K,0.013075,0.747102
35.88,72.9,J&K,0.010456,0.597438
35.88,73.08,J&K,0.011519,0.658168
35.88,73.26,J&K,0.017501,1.0
35.88,73.44,J&K,0.017501,1.0
35.88,73.62,J&K,0.017501,1.0
35.88,73.8,J&K,0.017501,1.0
35.88,73.98,J&K,0.017501,1.0
35.88,74.16,J&K,0.017501,1.0
35.88,74.34,J&K,0.017501,1.0
35.88,74.52,J&K,0.017501,1.0
35.88,74.7,J&K,0.017501,1.0
35.88,74.88,J&K,0.017501,1.0
35.88,75.06,J&K,0.017501,1.0
35.88,75.24,J&K,0.017501,1.0
35.88,75.42,J&K,0.017501,1.0
35.88,75.6,J&K,0.017501,1.0
35.88,75.78,J&K,0.017501,1.0
35.88,75.96,J&K,0.017501,1.0
35.88,76.14,J&K,0.017501,1.0
35.88,76.32,J&K,0.017501,1.0
35.88,76.5,J&K,0.017501,1.0
35.88,76.68,J&K,0.016853,0.962939
35.88,76.86,J&K,0.00221,0.126263
35.88,78.66,J&K,0.003792,0.216675
35.88,78.84,J&K,0.006957,0.397516
35.88,79.02,J&K,0.005904,0.337322
35.88,79.2,J&K,0.011801,0.674283
35.88,79.38,J&K,0.015346,0.876856
35.88,79.56,J&K,0.006781,0.387455
35.88,79.74,J&K,0.000231,0.013201
35.88,79.92,J&K,0.000846,0.048322
35.88,80.1,J&K,2.2e-05,0.001243
36.0,72.54,J&K,0.006176,0.353411
36.0,72.72,J&K,0.017475,1.0
36.0,72.9,J&K,0.017475,1.0
36.0,73.08,J&K,0.017475,1.0
36.0,73.26,J&K,0.017475,1.0
36.0,73.44,J&K,0.017475,1.0
36.0,73.62,J&K,0.017475,1.0
36.0,73.8,J&K,0.017475,1.0
36.0,73.98,J&K,0.017475,1.0
36.0,74.16,J&K,0.017475,1.0
36.0,74.34,J&K,0.017475,1.0
36.0,74.52,J&K,0.017475,1.0
36.0,74.7,J&K,0.017475,1.0
36.0,74.88,J&K,0.017475,1.0
36.0,75.06,J&K,0.017475,1.0
36.0,75.24,J&K,0.017475,1.0
36.0,75.42,J&K,0.017475,1.0
36.0,75.6,J&K,0.017475,1.0
36.0,75.78,J&K,0.017475,1.0
36.0,75.96,J&K,0.017475,1.0
36.0,76.14,J&K,0.017475,1.0
36.0,76.32,J&K,0.017475,1.0
36.0,76.5,J&K,0.017475,1.0
36.0,76.68,J&K,0.015945,0.912437
36.0,76.86,J&K,0.001136,0.065017
36.0,79.2,J&K,0.003042,0.174097
36.0,79.38,J&K,0.004172,0.238723
36.12,72.54,J&K,0.007841,0.449406
36.12,72.72,J&K,0.017448,1.0
36.12,72.9,J&K,0.017448,1.0
36.12,73.08,J&K,0.017448,1.0
36.12,73.26,J&K,0.017448,1.0
36.12,73.44,J&K,0.017448,1.0
36.12,73.62,J&K,0.017448,1.0
36.12,73.8,J&K,0.017448,1.0
36.12,73.98,J&K,0.017448,1.0
36.12,74.16,J&K,0.017448,1.0
36.12,74.34,J&K,0.017448,1.0
36.12,74.52,J&K,0.017448,1.0
36.12,74.7,J&K,0.017448,1.0
36.12,74.88,J&K,0.017448,1.0
36.12,75.06,J&K,0.017448,1.0
36.12,75.24,J&K,0.017448,1.0
36.12,75.42,J&K,0.017448,1.0
36.12,75.6,J&K,0.017448,1.0
36.12,75.78,J&K,0.017448,1.0
36.12,75.96,J&K,0.017448,1.0
36.12,76.14,J&K,0.017448,1.0
36.12,76.32,J&K,0.017448,1.0
36.12,76.5,J&K,0.017206,0.986146
36.12,76.68,J&K,0.010667,0.611328
36.12,76.86,J&K,2e-06,0.00013
36.24,72.54,J&K,0.003952,0.226859
36.24,72.72,J&K,0.015038,0.863195
36.24,72.9,J&K,0.017421,1.0
36.24,73.08,J&K,0.017421,1.0
36.24,73.26,J&K,0.017421,1.0
36.24,73.44,J&K,0.017421,1.0
36.24,73.62,J&K,0.017421,1.0
36.24,73.8,J&K,0.017421,1.0
36.24,73.98,J&K,0.017421,1.0
36.24,74.16,J&K,0.017421,1.0
36.24,74.34,J&K,0.017421,1.0
36.24,74.52,J&K,0.017421,1.0
36.24,74.7,J&K,0.017421,1.0
36.24,74.88,J&K,0.017421,1.0
36.24,75.06,J&K,0.017421,1.0
36.24,75.24,J&K,0.017421,1.0
36.24,75.42,J&K,0.017421,1.0
36.24,75.6,J&K,0.017421,1.0
36.24,75.78,J&K,0.017421,1.0
36.24,75.96,J&K,0.017421,1.0
36.24,76.14,J&K,0.017421,1.0
36.24,76.32,J&K,0.017421,1.0
36.24,76.5,J&K,0.006004,0.344659
36.24,76.68,J&K,2.2e-05,0.001284
36.36,72.72,J&K,0.000748,0.043009
36.36,72.9,J&K,0.014358,0.825431
36.36,73.08,J&K,0.017395,1.0
36.36,73.26,J&K,0.017395,1.0
36.36,73.44,J&K,0.017395,1.0
36.36,73.62,J&K,0.017395,1.0
36.36,73.8,J&K,0.017395,1.0
36.36,73.98,J&K,0.017395,1.0
36.36,74.16,J&K,0.017395,1.0
36.36,74.34,J&K,0.017395,1.0
36.36,74.52,J&K,0.017395,1.0
36.36,74.7,J&K,0.017395,1.0
36.36,74.88,J&K,0.017395,1.0
36.36,75.06,J&K,0.017395,1.0
36.36,75.24,J&K,0.017395,1.0
36.36,75.42,J&K,0.017395,1.0
36.36,75.6,J&K,0.017395,1.0
36.36,75.78,J&K,0.017395,1.0
36.36,75.96,J&K,0.017395,1.0
36.36,76.14,J&K,0.014951,0.859532
36.36,76.32,J&K,0.007224,0.415304
36.36,76.5,J&K,0.000284,0.016313
36.48,72.9,J&K,0.003337,0.192137
36.48,73.08,J&K,0.016297,0.93836
36.48,73.26,J&K,0.017368,1.0
36.48,73.44,J&K,0.017368,1.0
36.48,73.62,J&K,0.017368,1.0
36.48,73.8,J&K,0.017368,1.0
36.48,73.98,J&K,0.017368,1.0
36.48,74.16,J&K,0.017368,1.0
36.48,74.34,J&K,0.017368,1.0
36.48,74.52,J&K,0.017368,1.0
36.48,74.7,J&K,0.017368,1.0
36.48,74.88,J&K,0.017368,1.0
36.48,75.06,J&K,0.017368,1.0
36.48,75.24,J&K,0.017368,1.0
36.48,75.42,J&K,0.017368,1.0
36.48,75.6,J&K,0.017368,1.0
36.48,75.78,J&K,0.01722,0.991514
36.48,75.96,J&K,0.01128,0.649456
36.48,76.14,J&K,0.002597,0.149551
36.6,73.08,J&K,0.007575,0.436804
36.6,73.26,J&K,0.017341,1.0
36.6,73.44,J&K,0.017341,1.0
36.6,73.62,J&K,0.017341,1.0
36.6,73.8,J&K,0.017341,1.0
36.6,73.98,J&K,0.017341,1.0
36.6,74.16,J&K,0.017341,1.0
36.6,74.34,J&K,0.017341,1.0
36.6,74.52,J&K,0.017341,1.0
36.6,74.7,J&K,0.017341,1.0
36.6,74.88,J&K,0.017341,1.0
36.6,75.06,J&K,0.017341,1.0
36.6,75.24,J&K,0.017341,1.0
36.6,75.42,J&K,0.017341,1.0
36.6,75.6,J&K,0.017341,1.0
36.6,75.78,J&K,0.006166,0.355586
36.72,73.08,J&K,0.002381,0.137533
36.72,73.26,J&K,0.006786,0.391913
36.72,73.44,J&K,0.010456,0.603893
36.72,73.62,J&K,0.005755,0.332389
36.72,73.8,J&K,0.006914,0.399343
36.72,73.98,J&K,0.016876,0.974688
36.72,74.16,J&K,0.017314,1.0
36.72,74.34,J&K,0.017314,1.0
36.72,74.52,J&K,0.017314,1.0
36.72,74.7,J&K,0.017314,1.0
36.72,74.88,J&K,0.017314,1.0
36.72,75.06,J&K,0.017314,1.0
36.72,75.24,J&K,0.017314,1.0
36.72,75.42,J&K,0.017314,1.0
36.72,75.6,J&K,0.013169,0.760602
36.72,75.78,J&K,4e-05,0.002301
36.84,73.62,J&K,0.000548,0.031717
36.84,73.8,J&K,0.011959,0.691823
36.84,73.98,J&K,0.009343,0.540448
36.84,74.16,J&K,0.012653,0.731939
36.84,74.34,J&K,0.017056,0.986639
36.84,74.52,J&K,0.017287,1.0
36.84,74.7,J&K,0.017287,1.0
36.84,74.88,J&K,0.017287,1.0
36.84,75.06,J&K,0.017287,1.0
36.84,75.24,J&K,0.017287,1.0
36.84,75.42,J&K,0.013077,0.756494
36.84,75.6,J&K,0.000392,0.022652
36.96,73.62,J&K,0.000178,0.010332
36.96,73.8,J&K,0.000125,0.007235
36.96,74.16,J&K,1.6e-05,0.000927
36.96,74.34,J&K,0.005282,0.306015
36.96,74.52,J&K,0.012396,0.718191
36.96,74.7,J&K,0.017174,0.995052
36.96,74.88,J&K,0.009512,0.551125
36.96,75.06,J&K,0.008502,0.492603
36.96,75.24,J&K,0.016285,0.943543
36.96,75.42,J&K,0.005751,0.33321
37.08,74.52,J&K,0.000631,0.036616
37.08,74.7,J&K,0.004393,0.25495
37.08,74.88,J&K,0.000215,0.012449
37.08,75.24,J&K,0.002587,0.15015
37.08,75.42,J&K,0.000453,0.02628
